# Displacement: 1,  E_pot (hartree): -29718.696024409
      0.0188973       0.0000000       0.0000001      -3.84353232E-03 -4.43163080E-08  4.25382738E-04
      0.0000000       0.0000000      -0.0000001      -1.33982612E-04  8.47703553E-08  4.21573454E-04
      0.0000000       0.0000000       0.0000000      -1.33735121E-04 -2.99451547E-08  4.20351215E-04
      0.0000000       0.0000001       0.0000001      -1.45942813E-04  4.30015700E-07  4.17524834E-04
      0.0000000       0.0000001      -0.0000001      -4.40293222E-05  3.03603232E-08  4.20913455E-04
      0.0000000       0.0000001       0.0000000      -4.37663716E-05 -4.61494828E-07  4.20526726E-04
      0.0000000      -0.0000001       0.0000001      -1.45957321E-04 -5.70343063E-07  4.17514138E-04
      0.0000000      -0.0000001      -0.0000001      -4.40361872E-05  5.07803542E-08  4.20951884E-04
      0.0000000      -0.0000001       0.0000000      -4.37822600E-05  2.41226846E-07  4.20727847E-04
      0.0000001       0.0000000       0.0000001       5.39006436E-04 -4.74411941E-08  4.32389050E-04
      0.0000001       0.0000000      -0.0000001       5.56272858E-05  7.90969429E-08  4.62111824E-04
      0.0000001       0.0000000       0.0000000       5.50437976E-05 -4.14428756E-08  3.60378160E-04
      0.0000001       0.0000001       0.0000001       5.72070172E-05  4.64222256E-05  4.28646063E-04
      0.0000001       0.0000001      -0.0000001       2.17427053E-05  1.24112916E-05  4.31324107E-04
      0.0000001       0.0000001       0.0000000       2.13292322E-05  1.22018272E-05  4.01067400E-04
      0.0000001      -0.0000001       0.0000001       5.71921071E-05 -4.65902911E-05  4.28652757E-04
      0.0000001      -0.0000001      -0.0000001       2.17297964E-05 -1.23325472E-05  4.31353678E-04
      0.0000001      -0.0000001       0.0000000       2.13298121E-05 -1.24335203E-05  4.01265974E-04
     -0.0000001       0.0000000       0.0000001       5.30955026E-04 -5.14940419E-08  4.03079693E-04
     -0.0000001       0.0000000      -0.0000001       5.57039919E-05  7.08110417E-08  3.79850028E-04
     -0.0000001       0.0000000       0.0000000       5.57740095E-05 -5.64301378E-08  4.80479650E-04
     -0.0000001       0.0000001       0.0000001       5.87522117E-05 -4.79298375E-05  4.06777433E-04
     -0.0000001       0.0000001      -0.0000001       2.18919903E-05 -1.23642784E-05  4.10625901E-04
     -0.0000001       0.0000001       0.0000000       2.17646015E-05 -1.25822222E-05  4.40069286E-04
     -0.0000001      -0.0000001       0.0000001       5.87494236E-05  4.77442028E-05  4.06790102E-04
     -0.0000001      -0.0000001      -0.0000001       2.18897277E-05  1.24294507E-05  4.10648140E-04
     -0.0000001      -0.0000001       0.0000000       2.17518331E-05  1.23386144E-05  4.40270273E-04
     -0.0000001      -0.0000001       0.0000001       1.93366911E-05 -3.54820645E-05 -3.82540273E-04
     -0.0000001      -0.0000001      -0.0000001       2.05215152E-05 -2.28981270E-05 -1.94425951E-04
     -0.0000001      -0.0000001       0.0000000       1.62937733E-04 -1.89227912E-05 -9.21363260E-05
     -0.0000001      -0.0000000       0.0000001       9.35429765E-06 -1.81778760E-09 -2.93564206E-04
     -0.0000001      -0.0000000      -0.0000001       9.20477760E-06 -3.79750501E-08 -2.54476917E-04
     -0.0000001      -0.0000000       0.0000000       2.08123851E-05 -1.51602727E-09 -2.93074634E-04
     -0.0000001       0.0000001       0.0000001       1.93486217E-05  3.54451085E-05 -3.82535021E-04
     -0.0000001       0.0000001      -0.0000001       2.05244748E-05  2.29216253E-05 -1.94415451E-04
     -0.0000001       0.0000001       0.0000000       1.62931659E-04  1.89637859E-05 -9.21346780E-05
     -0.0000000      -0.0000001       0.0000001      -3.50937665E-05  2.63310672E-08 -2.74691922E-04
     -0.0000000      -0.0000001      -0.0000001      -3.66205288E-05 -1.78968480E-08 -2.74767295E-04
     -0.0000000      -0.0000001       0.0000000      -8.46462460E-05  8.82639375E-07 -2.73719320E-04
     -0.0000000      -0.0000000       0.0000001      -1.85227155E-05  1.91310761E-09 -2.74566747E-04
     -0.0000000      -0.0000000      -0.0000001      -1.85896904E-05 -2.95000194E-08 -2.74889464E-04
     -0.0000000      -0.0000000       0.0000000      -4.09618836E-05  9.23079980E-09 -2.73984125E-04
     -0.0000000       0.0000001       0.0000001      -3.50831570E-05 -5.23901524E-08 -2.74685824E-04
     -0.0000000       0.0000001      -0.0000001      -3.66166173E-05  5.35960539E-08 -2.74760009E-04
     -0.0000000       0.0000001       0.0000000      -8.46423313E-05 -8.36387776E-07 -2.73721434E-04
      0.0000001      -0.0000001       0.0000001       1.89795014E-05  3.55167831E-05 -1.66614269E-04
      0.0000001      -0.0000001      -0.0000001       2.02710229E-05  2.29815349E-05 -3.55460070E-04
      0.0000001      -0.0000001       0.0000000       1.53033565E-04  2.79908011E-05 -4.60932875E-04
      0.0000001      -0.0000000       0.0000001       9.07892650E-06  8.80452600E-09 -2.55544159E-04
      0.0000001      -0.0000000      -0.0000001       9.09000319E-06 -3.41567574E-08 -2.95293424E-04
      0.0000001      -0.0000000       0.0000000       1.94384585E-05  6.88635171E-09 -2.54644448E-04
      0.0000001       0.0000001       0.0000001       1.89932296E-05 -3.55209180E-05 -1.66622931E-04
      0.0000001       0.0000001      -0.0000001       2.02739663E-05 -2.29518797E-05 -3.55450542E-04
      0.0000001       0.0000001       0.0000000       1.53028640E-04 -2.79596735E-05 -4.60932633E-04
     -0.0000001       0.0000000      -0.0000001       1.88914312E-04 -1.68034920E-07 -7.46359037E-05
     -0.0000001       0.0000000       0.0000000       1.93110338E-05 -2.98967201E-07 -6.79996912E-05
     -0.0000001       0.0000000       0.0000001       2.90911574E-05  1.90714566E-07  1.15507220E-04
     -0.0000001       0.0000001      -0.0000001       2.15284709E-05 -8.55369155E-05 -8.02939579E-05
     -0.0000001       0.0000001       0.0000000       9.35295035E-06 -1.63680092E-05 -6.47477221E-05
     -0.0000001       0.0000001       0.0000001       2.36434251E-05 -1.41678483E-04 -1.99218759E-05
     -0.0000001      -0.0000001      -0.0000001       2.15380108E-05  8.52063941E-05 -8.02853004E-05
     -0.0000001      -0.0000001       0.0000000       9.35213413E-06  1.58156794E-05 -6.47556205E-05
     -0.0000001      -0.0000001       0.0000001       2.36809726E-05  1.42097380E-04 -1.99435769E-05
     -0.0000000       0.0000000      -0.0000001      -9.00355327E-05 -1.68199006E-07 -6.14947802E-05
     -0.0000000       0.0000000       0.0000000      -3.89662241E-05 -2.99384776E-07 -6.28295272E-05
     -0.0000000       0.0000000       0.0000001      -9.05708398E-05  1.88484578E-07 -6.21461004E-05
     -0.0000000       0.0000001      -0.0000001      -3.87247985E-05 -3.21590013E-07 -6.11836170E-05
     -0.0000000       0.0000001       0.0000000      -1.88448722E-05 -2.84330124E-07 -6.28138249E-05
     -0.0000000       0.0000001       0.0000001      -4.27482916E-05  1.02760757E-07 -6.23636578E-05
     -0.0000000      -0.0000001      -0.0000001      -3.87141596E-05 -1.87104220E-08 -6.11731758E-05
     -0.0000000      -0.0000001       0.0000000      -1.88458583E-05 -2.74198526E-07 -6.28199190E-05
     -0.0000000      -0.0000001       0.0000001      -4.27060521E-05  3.13190420E-07 -6.23899907E-05
      0.0000001       0.0000000      -0.0000001       1.80892782E-04 -1.48589825E-07 -3.79736038E-05
      0.0000001       0.0000000       0.0000000       1.94064898E-05 -2.98632208E-07 -5.79695908E-05
      0.0000001       0.0000000       0.0000001       2.17911929E-05  1.89035112E-07 -2.46189898E-04
      0.0000001       0.0000001      -0.0000001       2.15726705E-05  8.49289974E-05 -4.23257708E-05
      0.0000001       0.0000001       0.0000000       9.52122208E-06  1.57698391E-05 -6.10651963E-05
      0.0000001       0.0000001       0.0000001       2.24693613E-05  1.42493257E-04 -1.03413845E-04
      0.0000001      -0.0000001      -0.0000001       2.15738878E-05 -8.52636905E-05 -4.23243062E-05
      0.0000001      -0.0000001       0.0000000       9.49881853E-06 -1.63251726E-05 -6.10719538E-05
      0.0000001      -0.0000001       0.0000001       2.25083704E-05 -1.42074096E-04 -1.03441392E-04
      0.0000000      -0.0000001      -0.0000001       4.10452561E-04 -6.31790110E-08 -6.19882848E-05
      0.0000000      -0.0000001       0.0000000       6.44748790E-05 -2.66266738E-08 -6.29388560E-05
      0.0000000      -0.0000001       0.0000001       5.30781903E-04  1.68330467E-06 -6.32153848E-05
      0.0000000      -0.0000000      -0.0000001       6.66980466E-05 -3.81566664E-08 -6.10315023E-05
      0.0000000      -0.0000000       0.0000000       3.57797757E-05 -1.30956119E-08 -6.28617639E-05
      0.0000000      -0.0000000       0.0000001       9.39975674E-05  9.56139725E-08 -6.23580527E-05
      0.0000000       0.0000001      -0.0000001       4.10451922E-04  2.64862826E-08 -6.19905964E-05
      0.0000000       0.0000001       0.0000000       6.44748670E-05  1.64031859E-07 -6.29328924E-05
      0.0000000       0.0000001       0.0000001       5.30782202E-04 -1.69968310E-06 -6.32164681E-05
      0.0000001      -0.0000001      -0.0000001      -1.23621520E-04 -4.47577555E-05 -1.04540508E-04
      0.0000001      -0.0000001       0.0000000      -3.24104283E-05 -6.52167593E-06 -6.60216270E-05
      0.0000001      -0.0000001       0.0000001      -1.90027603E-04 -3.94119815E-05 -2.14977257E-05
      0.0000001      -0.0000000      -0.0000001      -3.28373140E-05 -2.60396755E-08 -7.23450372E-05
      0.0000001      -0.0000000       0.0000000      -1.81347025E-05 -1.33952394E-08 -6.37760773E-05
      0.0000001      -0.0000000       0.0000001      -4.62979068E-05  1.38038952E-07 -5.76284223E-05
      0.0000001       0.0000001      -0.0000001      -1.23626031E-04  4.47309898E-05 -1.04542290E-04
      0.0000001       0.0000001       0.0000000      -3.24130945E-05  6.63568194E-06 -6.60220840E-05
      0.0000001       0.0000001       0.0000001      -1.90028303E-04  3.94790517E-05 -2.14977693E-05
     -0.0000001      -0.0000001      -0.0000001      -1.23709535E-04  4.41545114E-05 -1.83414766E-05
     -0.0000001      -0.0000001       0.0000000      -3.25321098E-05  6.40108560E-06 -5.97622925E-05
     -0.0000001      -0.0000001       0.0000001      -1.91113168E-04  4.02087457E-05 -1.01575601E-04
     -0.0000001      -0.0000000      -0.0000001      -3.28941972E-05 -1.45138638E-08 -5.00681636E-05
     -0.0000001      -0.0000000       0.0000000      -1.82803159E-05 -1.42971459E-08 -6.18790692E-05
     -0.0000001      -0.0000000       0.0000001      -4.66252758E-05  1.80357164E-07 -6.71106959E-05
     -0.0000001       0.0000001      -0.0000001      -1.23708641E-04 -4.41721490E-05 -1.83420197E-05
     -0.0000001       0.0000001       0.0000000      -3.25322096E-05 -6.31008610E-06 -5.97619154E-05
     -0.0000001       0.0000001       0.0000001      -1.91112509E-04 -4.00577274E-05 -1.01573221E-04
     -0.0000001      -0.0000001      -0.0000001       5.27152729E-05  5.72954017E-04  4.60393762E-04
     -0.0000001      -0.0000001       0.0000000      -3.19693540E-05  1.25033361E-05 -2.42607486E-05
     -0.0000001      -0.0000001       0.0000001       1.01677226E-04  6.38031674E-04 -7.58166669E-04
     -0.0000001      -0.0000000      -0.0000001      -3.32030542E-05  2.17489212E-07 -9.38441362E-07
     -0.0000001      -0.0000000       0.0000000      -1.94177850E-05  2.62928287E-07 -2.68970473E-05
     -0.0000001      -0.0000000       0.0000001      -3.94205587E-05 -9.78937277E-08 -2.10243888E-05
     -0.0000001       0.0000001      -0.0000001       5.27055735E-05 -5.72513155E-04  4.60399186E-04
     -0.0000001       0.0000001       0.0000000      -3.19960864E-05 -1.20403788E-05 -2.42498211E-05
     -0.0000001       0.0000001       0.0000001       1.01665389E-04 -6.38344672E-04 -7.58161688E-04
     -0.0000000      -0.0000001      -0.0000001       1.93446934E-04  7.72905559E-07 -2.10652564E-05
     -0.0000000      -0.0000001       0.0000000       6.48211563E-05  2.77908545E-07 -2.12585542E-05
     -0.0000000      -0.0000001       0.0000001       2.55281440E-04  7.18563039E-07 -2.18196585E-05
     -0.0000000      -0.0000000      -0.0000001       6.59843397E-05  1.83318167E-07 -2.13570780E-05
     -0.0000000      -0.0000000       0.0000000       3.96120305E-05  2.11101057E-07 -2.12006949E-05
     -0.0000000      -0.0000000       0.0000001       7.87886094E-05 -1.20253711E-07 -2.05294576E-05
     -0.0000000       0.0000001      -0.0000001       1.93429792E-04 -3.84427601E-07 -2.10589389E-05
     -0.0000000       0.0000001       0.0000000       6.47952436E-05  8.87175898E-08 -2.12477851E-05
     -0.0000000       0.0000001       0.0000001       2.55275038E-04 -1.08724931E-06 -2.18155501E-05
      0.0000001      -0.0000001      -0.0000001       5.40495808E-05 -5.69184564E-04 -4.98794077E-04
      0.0000001      -0.0000001       0.0000000      -3.18660771E-05 -1.19090635E-05 -1.79305486E-05
      0.0000001      -0.0000001       0.0000001       1.04074904E-04 -6.34632140E-04  7.13332047E-04
      0.0000001      -0.0000000      -0.0000001      -3.34476034E-05  1.91885927E-07 -4.14809076E-05
      0.0000001      -0.0000000       0.0000000      -1.94256649E-05  2.37300651E-07 -1.54196152E-05
      0.0000001      -0.0000000       0.0000001      -4.03179555E-05 -1.05114304E-07 -2.18795717E-05
      0.0000001       0.0000001      -0.0000001       5.40349960E-05  5.69564066E-04 -4.98759349E-04
      0.0000001       0.0000001       0.0000000      -3.18872327E-05  1.23247840E-05 -1.79217294E-05
      0.0000001       0.0000001       0.0000001       1.04055159E-04  6.34291649E-04  7.13338119E-04
# Displacement: 2,  E_pot (hartree): -29718.696027992
      0.0000000       0.0000000       0.0188973       1.58593724E-08  1.67407296E-08 -3.05388280E-03
      0.0000000       0.0000000      -0.0000001       7.28442468E-08  7.56120886E-08  8.94612551E-04
      0.0000000       0.0000000       0.0000000      -2.79650584E-08 -2.75974182E-08  8.87560865E-04
      0.0000000       0.0000001       0.0000001      -4.45398192E-08 -1.63017505E-05  2.42080282E-04
      0.0000000       0.0000001      -0.0000001       7.90242239E-08  6.01096919E-05  4.92132014E-04
      0.0000000       0.0000001       0.0000000      -4.11761435E-08 -4.07724654E-05  4.91269796E-04
      0.0000000      -0.0000001       0.0000001      -5.07061221E-08  1.61402672E-05  2.42070228E-04
      0.0000000      -0.0000001      -0.0000001       7.19915824E-08 -6.00301439E-05  4.92171583E-04
      0.0000000      -0.0000001       0.0000000      -5.63811578E-08  4.05522557E-05  4.91475184E-04
      0.0000001       0.0000000       0.0000001      -1.63007739E-05 -4.42775883E-08  2.42078975E-04
      0.0000001       0.0000000      -0.0000001       6.01075201E-05  8.00768258E-08  4.92130517E-04
      0.0000001       0.0000000       0.0000000      -4.07726588E-05 -4.10059571E-08  4.91270333E-04
      0.0000001       0.0000001       0.0000001      -1.15734638E-05 -1.15730575E-05  3.49411348E-04
      0.0000001       0.0000001      -0.0000001       1.92847273E-05  1.92884343E-05  4.54151168E-04
      0.0000001       0.0000001       0.0000000      -1.00145291E-05 -1.00141468E-05  4.53369761E-04
      0.0000001      -0.0000001       0.0000001      -1.15885503E-05  1.14044890E-05  3.49416945E-04
      0.0000001      -0.0000001      -0.0000001       1.92732130E-05 -1.92107737E-05  4.54181923E-04
      0.0000001      -0.0000001       0.0000000      -1.00135685E-05  9.78199530E-06  4.53568197E-04
     -0.0000001       0.0000000       0.0000001       1.61404776E-05 -5.02729349E-08  2.42070317E-04
     -0.0000001       0.0000000      -0.0000001      -6.00276930E-05  7.16249040E-08  4.92165374E-04
     -0.0000001       0.0000000       0.0000000       4.05526010E-05 -5.62238719E-08  4.91476248E-04
     -0.0000001       0.0000001       0.0000001       1.14055367E-05 -1.15887118E-05  3.49417591E-04
     -0.0000001       0.0000001      -0.0000001      -1.92093602E-05  1.92764269E-05  4.54178589E-04
     -0.0000001       0.0000001       0.0000000       9.78230906E-06 -1.00133323E-05  4.53568756E-04
     -0.0000001      -0.0000001       0.0000001       1.14023904E-05  1.14022005E-05  3.49429243E-04
     -0.0000001      -0.0000001      -0.0000001      -1.92126393E-05 -1.92121151E-05  4.54201903E-04
     -0.0000001      -0.0000001       0.0000000       9.76969341E-06  9.76960526E-06  4.53769825E-04
     -0.0000001      -0.0000001       0.0000001      -4.73130450E-05 -4.73140860E-05 -4.24631717E-04
     -0.0000001      -0.0000001      -0.0000001       3.08943854E-05  3.08951192E-05 -4.19173408E-04
     -0.0000001      -0.0000001       0.0000000       2.44324663E-05  2.44311563E-05  1.22951157E-04
     -0.0000001      -0.0000000       0.0000001      -8.27978141E-06 -1.30652767E-09 -3.06664820E-04
     -0.0000001      -0.0000000      -0.0000001       6.80198995E-06 -3.79736017E-08 -3.28958352E-04
     -0.0000001      -0.0000000       0.0000000       1.63433956E-06  4.15798521E-09 -1.90914204E-04
     -0.0000001       0.0000001       0.0000001      -4.73033456E-05  4.72775036E-05 -4.24629453E-04
     -0.0000001       0.0000001      -0.0000001       3.08974403E-05 -3.08732778E-05 -4.19160682E-04
     -0.0000001       0.0000001       0.0000000       2.44383176E-05 -2.43999651E-05  1.22956940E-04
     -0.0000000      -0.0000001       0.0000001      -2.01882812E-09 -8.27984434E-06 -3.06664841E-04
     -0.0000000      -0.0000001      -0.0000001      -3.90718786E-08  6.80279986E-06 -3.28958346E-04
     -0.0000000      -0.0000001       0.0000000       3.94810483E-09  1.63379018E-06 -1.90914174E-04
     -0.0000000      -0.0000000       0.0000001       2.06911677E-09  2.38804282E-09 -2.88470189E-04
     -0.0000000      -0.0000000      -0.0000001      -3.02757133E-08 -2.93016581E-08 -3.08570058E-04
     -0.0000000      -0.0000000       0.0000000       9.48174191E-09  9.34770262E-09 -2.30218814E-04
     -0.0000000       0.0000001       0.0000001       8.62184917E-09  8.25336947E-06 -3.06659338E-04
     -0.0000000       0.0000001      -0.0000001      -3.51774048E-08 -6.76723059E-06 -3.28951314E-04
     -0.0000000       0.0000001       0.0000000       7.24339688E-09 -1.58788433E-06 -1.90915895E-04
      0.0000001      -0.0000001       0.0000001       4.72779006E-05 -4.73043452E-05 -4.24625010E-04
      0.0000001      -0.0000001      -0.0000001      -3.08731992E-05  3.08983133E-05 -4.19160404E-04
      0.0000001      -0.0000001       0.0000000      -2.44005552E-05  2.44373431E-05  1.22955131E-04
      0.0000001      -0.0000000       0.0000001       8.25435530E-06  9.15262932E-09 -3.06659541E-04
      0.0000001      -0.0000000      -0.0000001      -6.76716973E-06 -3.40153751E-08 -3.28951406E-04
      0.0000001      -0.0000000       0.0000000      -1.58794232E-06  7.93207965E-09 -1.90915623E-04
      0.0000001       0.0000001       0.0000001       4.72920141E-05  4.72993579E-05 -4.24638607E-04
      0.0000001       0.0000001      -0.0000001      -3.08701905E-05 -3.08703754E-05 -4.19151372E-04
      0.0000001       0.0000001       0.0000000      -2.43983575E-05 -2.43981301E-05  1.22955940E-04
     -0.0000001       0.0000000      -0.0000001      -1.89888909E-05  7.18444896E-08  1.12742115E-04
     -0.0000001       0.0000000       0.0000000      -7.17506110E-06 -2.99030414E-07 -1.54576999E-04
     -0.0000001       0.0000000       0.0000001       1.65170631E-04  1.89433585E-07 -5.65998942E-05
     -0.0000001       0.0000001      -0.0000001      -3.60475588E-05 -1.34037531E-04 -1.35623712E-05
     -0.0000001       0.0000001       0.0000000      -1.66730159E-06 -2.81931964E-07 -1.06117287E-04
     -0.0000001       0.0000001       0.0000001       3.46019288E-05  1.30447223E-04 -6.56030569E-05
     -0.0000001      -0.0000001      -0.0000001      -3.60412910E-05  1.33712691E-04 -1.35579578E-05
     -0.0000001      -0.0000001       0.0000000      -1.66832800E-06 -2.69149546E-07 -1.06125612E-04
     -0.0000001      -0.0000001       0.0000001       3.46378148E-05 -1.30025908E-04 -6.56288892E-05
     -0.0000000       0.0000000      -0.0000001      -2.78940490E-08 -1.69462613E-07 -2.62575092E-05
     -0.0000000       0.0000000       0.0000000      -1.35409987E-08 -2.99828532E-07 -1.11534616E-04
     -0.0000000       0.0000000       0.0000001       9.58344686E-08  1.88122645E-07 -4.90816853E-05
     -0.0000000       0.0000001      -0.0000001      -1.84829102E-08 -2.79555441E-05 -3.84168404E-05
     -0.0000000       0.0000001       0.0000000      -1.36977485E-08  1.78639190E-07 -8.81840556E-05
     -0.0000000       0.0000001       0.0000001       1.38453142E-07  2.59247673E-05 -6.00896231E-05
     -0.0000000      -0.0000001      -0.0000001      -7.85512439E-09  2.76164554E-05 -3.84060744E-05
     -0.0000000      -0.0000001       0.0000000      -1.47461599E-08 -7.36698259E-07 -8.81904589E-05
     -0.0000000      -0.0000001       0.0000001       1.80479270E-07 -2.55085092E-05 -6.01157413E-05
      0.0000001       0.0000000      -0.0000001       1.89519367E-05  7.26996060E-08  1.12742400E-04
      0.0000001       0.0000000       0.0000000       7.30692393E-06 -2.99094419E-07 -1.54571539E-04
      0.0000001       0.0000000       0.0000001      -1.65188586E-04  1.87473765E-07 -5.66040277E-05
      0.0000001       0.0000001      -0.0000001       3.60203647E-05 -1.34043087E-04 -1.35636538E-05
      0.0000001       0.0000001       0.0000000       1.78123843E-06 -2.84721059E-07 -1.06117820E-04
      0.0000001       0.0000001       0.0000001      -3.45338110E-05  1.30443979E-04 -6.56026229E-05
      0.0000001      -0.0000001      -0.0000001       3.60244866E-05  1.33713317E-04 -1.35650341E-05
      0.0000001      -0.0000001       0.0000000       1.75874463E-06 -2.69942606E-07 -1.06125137E-04
      0.0000001      -0.0000001       0.0000001      -3.44890594E-05 -1.30026466E-04 -6.56266282E-05
      0.0000000      -0.0000001      -0.0000001       7.52154914E-08 -1.89912434E-05  1.12742163E-04
      0.0000000      -0.0000001       0.0000000      -2.63981831E-07 -7.17490245E-06 -1.54575141E-04
      0.0000000      -0.0000001       0.0000001       1.96241044E-07  1.65170428E-04 -5.65995909E-05
      0.0000000      -0.0000000      -0.0000001       3.86866709E-08 -3.49867807E-08 -2.62427779E-05
      0.0000000      -0.0000000       0.0000000      -2.65210425E-07 -1.28233579E-08 -1.11532978E-04
      0.0000000      -0.0000000       0.0000001       1.94668920E-07  9.60557484E-08 -4.90813156E-05
      0.0000000       0.0000001      -0.0000001       7.53384937E-08  1.89520174E-05  1.12744044E-04
      0.0000000       0.0000001       0.0000000      -2.64476894E-07  7.30637213E-06 -1.54570861E-04
      0.0000000       0.0000001       0.0000001       1.94363916E-07 -1.65188704E-04 -5.66035347E-05
      0.0000001      -0.0000001      -0.0000001      -1.33835410E-04 -3.60567966E-05 -1.35466353E-05
      0.0000001      -0.0000001       0.0000000      -2.46922105E-07 -1.66706453E-06 -1.06115838E-04
      0.0000001      -0.0000001       0.0000001       1.30453180E-04  3.46016383E-05 -6.56021629E-05
      0.0000001      -0.0000000      -0.0000001      -2.77476800E-05 -2.54896859E-08 -3.84019994E-05
      0.0000001      -0.0000000       0.0000000       2.13692756E-07 -1.30619447E-08 -8.81825130E-05
      0.0000001      -0.0000000       0.0000001       2.59305936E-05  1.38559960E-07 -6.00887395E-05
      0.0000001       0.0000001      -0.0000001      -1.33843730E-04  3.60287625E-05 -1.35479277E-05
      0.0000001       0.0000001       0.0000000      -2.50258042E-07  1.78091372E-06 -1.06116752E-04
      0.0000001       0.0000001       0.0000001       1.30449579E-04 -3.45337286E-05 -6.56016556E-05
     -0.0000001      -0.0000001      -0.0000001       1.33915328E-04 -3.60491404E-05 -1.35436081E-05
     -0.0000001      -0.0000001       0.0000000      -2.35397996E-07 -1.66782467E-06 -1.06123792E-04
     -0.0000001      -0.0000001       0.0000001      -1.30020042E-04  3.46376358E-05 -6.56278305E-05
     -0.0000001      -0.0000000      -0.0000001       2.78236531E-05 -1.39967177E-08 -3.83916851E-05
     -0.0000001      -0.0000000       0.0000000      -7.02323983E-07 -1.40228036E-08 -8.81888102E-05
     -0.0000001      -0.0000000       0.0000001      -2.55023377E-05  1.80581856E-07 -6.01146225E-05
     -0.0000001       0.0000001      -0.0000001       1.33920273E-04  3.60304010E-05 -1.35438341E-05
     -0.0000001       0.0000001       0.0000000      -2.35663019E-07  1.75831424E-06 -1.06123772E-04
     -0.0000001       0.0000001       0.0000001      -1.30020350E-04 -3.44890783E-05 -6.56254089E-05
     -0.0000001      -0.0000001      -0.0000001       6.07132916E-04  6.07139007E-04  1.29940045E-04
     -0.0000001      -0.0000001       0.0000000       1.11719433E-06  1.15070245E-06  1.81174244E-04
     -0.0000001      -0.0000001       0.0000001      -6.45693915E-04 -6.45687678E-04  1.00521048E-04
     -0.0000001      -0.0000000      -0.0000001       1.62552149E-05  2.21131578E-07 -5.90672106E-05
     -0.0000001      -0.0000000       0.0000000       7.36740295E-07  2.62158430E-07  5.79434641E-05
     -0.0000001      -0.0000000       0.0000001      -1.62806144E-05 -9.84019505E-08 -5.76077613E-05
     -0.0000001       0.0000001      -0.0000001       6.07112922E-04 -6.06939823E-04  1.29976077E-04
     -0.0000001       0.0000001       0.0000000       1.08814134E-06 -6.85815283E-07  1.81186896E-04
     -0.0000001       0.0000001       0.0000001      -6.45669324E-04  6.45329833E-04  1.00494735E-04
     -0.0000000      -0.0000001      -0.0000001       1.33397641E-08  1.64683316E-05 -5.90671950E-05
     -0.0000000      -0.0000001       0.0000000       2.29775047E-07  7.69899306E-07  5.79419222E-05
     -0.0000000      -0.0000001       0.0000001      -1.03749173E-07 -1.62745166E-05 -5.76078507E-05
     -0.0000000      -0.0000000      -0.0000001      -2.96377171E-08  1.82493583E-07 -5.11546264E-05
     -0.0000000      -0.0000000       0.0000000       1.77818723E-07  2.10634337E-07  2.92224953E-05
     -0.0000000      -0.0000000       0.0000001      -1.26418718E-07 -1.20832081E-07 -3.58826388E-05
     -0.0000000       0.0000001      -0.0000001      -4.16070928E-09 -1.60790384E-05 -5.90611176E-05
     -0.0000000       0.0000001       0.0000000       2.04414233E-07 -4.02829064E-07  5.79532617E-05
     -0.0000000       0.0000001       0.0000001      -1.10066908E-07  1.59067694E-05 -5.76036815E-05
      0.0000001      -0.0000001      -0.0000001      -6.07138434E-04  6.07122808E-04  1.29959370E-04
      0.0000001      -0.0000001       0.0000000      -7.21948316E-07  1.12101969E-06  1.81184193E-04
      0.0000001      -0.0000001       0.0000001       6.45322873E-04 -6.45663206E-04  1.00495688E-04
      0.0000001      -0.0000000      -0.0000001      -1.62829683E-05  1.96352596E-07 -5.90619807E-05
      0.0000001      -0.0000000       0.0000000      -4.39104666E-07  2.36874148E-07  5.79539659E-05
      0.0000001      -0.0000000       0.0000001       1.58998070E-05 -1.04839925E-07 -5.76034717E-05
      0.0000001       0.0000001      -0.0000001      -6.07154872E-04 -6.06957023E-04  1.30013097E-04
      0.0000001       0.0000001       0.0000000      -7.41856241E-07 -7.04739841E-07  1.81195767E-04
      0.0000001       0.0000001       0.0000001       6.45307522E-04  6.45314630E-04  1.00501157E-04
# Displacement: 3,  E_pot (hartree): -29718.696023328
      0.0000000       0.0000000      -0.0188972      -5.12770658E-08 -5.16195576E-08  3.90955681E-03
      0.0000000       0.0000000      -0.0000001       7.07065803E-08  7.19909718E-08 -4.53223285E-05
      0.0000000       0.0000000       0.0000000      -3.66000038E-08 -3.65899121E-08 -5.44432912E-05
      0.0000000       0.0000001       0.0000001      -4.43205763E-08  1.33269051E-05  5.92085788E-04
      0.0000000       0.0000001      -0.0000001       7.90214757E-08 -5.99798169E-05  3.50173520E-04
      0.0000000       0.0000001       0.0000000      -4.15833324E-08  4.02667874E-05  3.48951803E-04
      0.0000000      -0.0000001       0.0000001      -5.41332747E-08 -1.34841013E-05  5.92066377E-04
      0.0000000      -0.0000001      -0.0000001       7.21453190E-08  6.00601752E-05  3.50211656E-04
      0.0000000      -0.0000001       0.0000000      -5.65842300E-08 -4.04848573E-05  3.49157080E-04
      0.0000001       0.0000000       0.0000001       1.33269820E-05 -4.45686924E-08  5.92086017E-04
      0.0000001       0.0000000      -0.0000001      -5.99828914E-05  7.93145848E-08  3.50170662E-04
      0.0000001       0.0000000       0.0000000       4.02665107E-05 -4.16647204E-08  3.48952344E-04
      0.0000001       0.0000001       0.0000001       1.09207504E-05  1.09207973E-05  4.86144574E-04
      0.0000001       0.0000001      -0.0000001      -1.93289921E-05 -1.93256171E-05  3.88068143E-04
      0.0000001       0.0000001       0.0000000       9.68043316E-06  9.68074546E-06  3.87190258E-04
      0.0000001      -0.0000001       0.0000001       1.09030253E-05 -1.10863845E-05  4.86148592E-04
      0.0000001      -0.0000001      -0.0000001      -1.93419483E-05  1.94042148E-05  3.88098095E-04
      0.0000001      -0.0000001       0.0000000       9.68109169E-06 -9.91252690E-06  3.87388868E-04
     -0.0000001       0.0000000       0.0000001      -1.34837469E-05 -5.42091647E-08  5.92066820E-04
     -0.0000001       0.0000000      -0.0000001       6.00621640E-05  7.10113357E-08  3.50205149E-04
     -0.0000001       0.0000000       0.0000000      -4.04847881E-05 -5.66805406E-08  3.49158181E-04
     -0.0000001       0.0000001       0.0000001      -1.10861592E-05  1.09030144E-05  4.86148632E-04
     -0.0000001       0.0000001      -0.0000001       1.94045364E-05 -1.93383618E-05  3.88095282E-04
     -0.0000001       0.0000001       0.0000000      -9.91253160E-06  9.68138519E-06  3.87389448E-04
     -0.0000001      -0.0000001       0.0000001      -1.10888480E-05 -1.10887267E-05  4.86161132E-04
     -0.0000001      -0.0000001      -0.0000001       1.94026128E-05  1.94035265E-05  3.88117664E-04
     -0.0000001      -0.0000001       0.0000000      -9.92507790E-06 -9.92496673E-06  3.87590516E-04
     -0.0000001      -0.0000001       0.0000001       4.88835929E-05  4.88837105E-05 -1.26025226E-04
     -0.0000001      -0.0000001      -0.0000001      -3.06035526E-05 -3.06025860E-05 -1.31842025E-04
     -0.0000001      -0.0000001       0.0000000      -2.37411563E-05 -2.37413709E-05 -6.76403047E-04
     -0.0000001      -0.0000000       0.0000001       8.38183952E-06 -1.70482906E-09 -2.43771839E-04
     -0.0000001      -0.0000000      -0.0000001      -6.83022271E-06 -3.81546347E-08 -2.22338611E-04
     -0.0000001      -0.0000000       0.0000000      -1.39922299E-06  9.86797280E-09 -3.58383775E-04
     -0.0000001       0.0000001       0.0000001       4.88865232E-05 -4.89125056E-05 -1.26019342E-04
     -0.0000001       0.0000001      -0.0000001      -3.05990659E-05  3.06248486E-05 -1.31832958E-04
     -0.0000001       0.0000001       0.0000000      -2.37383006E-05  2.37743019E-05 -6.76402671E-04
     -0.0000000      -0.0000001       0.0000001      -1.81847005E-09  8.38205689E-06 -2.43771721E-04
     -0.0000000      -0.0000001      -0.0000001      -3.90670358E-08 -6.82929366E-06 -2.22338909E-04
     -0.0000000      -0.0000001       0.0000000       1.01742140E-08 -1.39950922E-06 -3.58385232E-04
     -0.0000000      -0.0000000       0.0000001       2.01779582E-09  2.06031697E-09 -2.61959825E-04
     -0.0000000      -0.0000000      -0.0000001      -3.03553891E-08 -2.95030192E-08 -2.42602638E-04
     -0.0000000      -0.0000000       0.0000000       9.67474996E-09  9.33323053E-09 -3.19070435E-04
     -0.0000000       0.0000001       0.0000001       8.84372547E-09 -8.40766443E-06 -2.43767288E-04
     -0.0000000       0.0000001      -0.0000001      -3.50579215E-08  6.86496711E-06 -2.22331993E-04
     -0.0000000       0.0000001       0.0000000       1.36055083E-08  1.44580719E-06 -3.58389087E-04
      0.0000001      -0.0000001       0.0000001      -4.89116021E-05  4.88863414E-05 -1.26019260E-04
      0.0000001      -0.0000001      -0.0000001       3.06249616E-05 -3.05980300E-05 -1.31832967E-04
      0.0000001      -0.0000001       0.0000000       2.37741490E-05 -2.37383681E-05 -6.76402700E-04
      0.0000001      -0.0000000       0.0000001      -8.40670191E-06  8.77667716E-09 -2.43768076E-04
      0.0000001      -0.0000000      -0.0000001       6.86504089E-06 -3.40811675E-08 -2.22331882E-04
      0.0000001      -0.0000000       0.0000000       1.44581161E-06  1.37738569E-08 -3.58386927E-04
      0.0000001       0.0000001       0.0000001      -4.89052094E-05 -4.88980456E-05 -1.26028496E-04
      0.0000001       0.0000001      -0.0000001       3.06272454E-05  3.06270864E-05 -1.31824722E-04
      0.0000001       0.0000001       0.0000000       2.37775841E-05  2.37774207E-05 -6.76404179E-04
     -0.0000001       0.0000000      -0.0000001       2.79670557E-05 -1.67905248E-07 -2.29511373E-04
     -0.0000001       0.0000000       0.0000000       6.40999658E-06 -2.98857221E-07  2.89801708E-05
     -0.0000001       0.0000000       0.0000001      -1.58801320E-04  1.68986843E-07 -8.01283622E-05
     -0.0000001       0.0000001      -0.0000001       3.60632835E-05  1.33271704E-04 -1.09189563E-04
     -0.0000001       0.0000001       0.0000000       1.56905584E-06  6.55222243E-07 -1.95987028E-05
     -0.0000001       0.0000001       0.0000001      -3.35364451E-05 -1.29258486E-04 -5.88854423E-05
     -0.0000001      -0.0000001      -0.0000001       3.60720779E-05 -1.33600492E-04 -1.09182164E-04
     -0.0000001      -0.0000001       0.0000000       1.56797159E-06 -1.20723912E-06 -1.96065827E-05
     -0.0000001      -0.0000001       0.0000001      -3.34995826E-05  1.29677202E-04 -5.89058472E-05
     -0.0000000       0.0000000      -0.0000001      -2.89687509E-08 -1.65498850E-07 -9.65302815E-05
     -0.0000000       0.0000000       0.0000000      -1.35962502E-08 -2.99646882E-07 -1.41591062E-05
     -0.0000000       0.0000000       0.0000001       9.54404824E-08  1.88514404E-07 -7.58585139E-05
     -0.0000000       0.0000001      -0.0000001      -1.82642581E-08  2.76184710E-05 -8.43288545E-05
     -0.0000000       0.0000001       0.0000000      -1.39090234E-08 -6.78107312E-07 -3.74293918E-05
     -0.0000000       0.0000001       0.0000001       1.38054470E-07 -2.53984908E-05 -6.48699734E-05
     -0.0000000      -0.0000001      -0.0000001      -7.63844905E-09 -2.79572968E-05 -8.43185236E-05
     -0.0000000      -0.0000001       0.0000000      -1.46461477E-08  1.19848092E-07 -3.74356368E-05
     -0.0000000      -0.0000001       0.0000001       1.80356066E-07  2.58139932E-05 -6.48963855E-05
      0.0000001       0.0000000      -0.0000001      -2.79939894E-05 -1.66464527E-07 -2.29518738E-04
      0.0000001       0.0000000       0.0000000      -6.26847778E-06 -2.98393907E-07  2.89855855E-05
      0.0000001       0.0000000       0.0000001       1.58793052E-04  1.69574810E-07 -8.01232723E-05
      0.0000001       0.0000001      -0.0000001      -3.60909858E-05  1.33268985E-04 -1.09190113E-04
      0.0000001       0.0000001       0.0000000      -1.45492761E-06  6.52661591E-07 -1.95991892E-05
      0.0000001       0.0000001       0.0000001       3.36047438E-05 -1.29260301E-04 -5.88849717E-05
      0.0000001      -0.0000001      -0.0000001      -3.60892724E-05 -1.33602966E-04 -1.09188447E-04
      0.0000001      -0.0000001       0.0000000      -1.47771803E-06 -1.20798647E-06 -1.96060668E-05
      0.0000001      -0.0000001       0.0000001       3.36488508E-05  1.29677960E-04 -5.89037478E-05
      0.0000000      -0.0000001      -0.0000001       4.03623306E-08  2.79590052E-05 -2.29496303E-04
      0.0000000      -0.0000001       0.0000000      -2.64420506E-07  6.41042557E-06  2.89816782E-05
      0.0000000      -0.0000001       0.0000001       1.75309266E-07 -1.58801273E-04 -8.01279274E-05
      0.0000000      -0.0000000      -0.0000001       4.17071356E-08 -3.69496425E-08 -9.65155144E-05
      0.0000000      -0.0000000       0.0000000      -2.65261536E-07 -1.32063859E-08 -1.41576926E-05
      0.0000000      -0.0000000       0.0000001       1.94792154E-07  9.54213149E-08 -7.58579845E-05
      0.0000000       0.0000001      -0.0000001       4.09800176E-08 -2.79880373E-05 -2.29502300E-04
      0.0000000       0.0000001       0.0000000      -2.64392263E-07 -6.26899236E-06  2.89863687E-05
      0.0000000       0.0000001       0.0000001       1.75955241E-07  1.58792989E-04 -8.01227509E-05
      0.0000001      -0.0000001      -0.0000001       1.33479787E-04  3.60560556E-05 -1.09174474E-04
      0.0000001      -0.0000001       0.0000000       6.90347325E-07  1.56960036E-06 -1.95971473E-05
      0.0000001      -0.0000001       0.0000001      -1.29252247E-04 -3.35364395E-05 -5.88846605E-05
      0.0000001      -0.0000000      -0.0000001       2.78259550E-05 -2.58171357E-08 -8.43139393E-05
      0.0000001      -0.0000000       0.0000000      -6.43051077E-07 -1.34965513E-08 -3.74277934E-05
      0.0000001      -0.0000000       0.0000001      -2.53924552E-05  1.37980188E-07 -6.48691541E-05
      0.0000001       0.0000001      -0.0000001       1.33477236E-04 -3.60835044E-05 -1.09175276E-04
      0.0000001       0.0000001       0.0000000       6.87599993E-07 -1.45534793E-06 -1.95977413E-05
      0.0000001       0.0000001       0.0000001      -1.29254247E-04  3.36047222E-05 -5.88841953E-05
     -0.0000001      -0.0000001      -0.0000001      -1.33392889E-04  3.60657974E-05 -1.09167233E-04
     -0.0000001      -0.0000001       0.0000000      -1.17293106E-06  1.56867251E-06 -1.96050231E-05
     -0.0000001      -0.0000001       0.0000001       1.29683206E-04 -3.34995736E-05 -5.89047445E-05
     -0.0000001      -0.0000000      -0.0000001      -2.77489633E-05 -1.43310150E-08 -8.43040517E-05
     -0.0000001      -0.0000000       0.0000000       1.54475297E-07 -1.41468261E-08 -3.74341200E-05
     -0.0000001      -0.0000000       0.0000001       2.58202517E-05  1.80281678E-07 -6.48952248E-05
     -0.0000001       0.0000001      -0.0000001      -1.33393816E-04 -3.60838354E-05 -1.09166924E-04
     -0.0000001       0.0000001       0.0000000      -1.17348820E-06 -1.47812862E-06 -1.96046928E-05
     -0.0000001       0.0000001       0.0000001       1.29684057E-04  3.36488100E-05 -5.89025736E-05
     -0.0000001      -0.0000001      -0.0000001      -6.03116833E-04 -6.02904976E-04 -1.69317151E-04
     -0.0000001      -0.0000001       0.0000000      -4.23734390E-06 -4.20440273E-06 -2.22044146E-04
     -0.0000001      -0.0000001       0.0000001       6.48712945E-04  6.48718517E-04 -1.35746089E-04
     -0.0000001      -0.0000000      -0.0000001      -1.63812160E-05  2.15694116E-07  1.82184667E-05
     -0.0000001      -0.0000000       0.0000000      -3.34646958E-07  2.63077077E-07 -9.87341663E-05
     -0.0000001      -0.0000000       0.0000001       1.60134745E-05 -9.70485051E-08  1.84152533E-05
     -0.0000001       0.0000001      -0.0000001      -6.03136263E-04  6.03349099E-04 -1.69310841E-04
     -0.0000001       0.0000001       0.0000000      -4.26298702E-06  4.66620755E-06 -2.22035181E-04
     -0.0000001       0.0000001       0.0000001       6.48705465E-04 -6.49015858E-04 -1.35753600E-04
     -0.0000000      -0.0000001      -0.0000001       3.68662555E-09 -1.61695564E-05  1.82182760E-05
     -0.0000000      -0.0000001       0.0000000       2.30101296E-07 -3.01869205E-07 -9.87352223E-05
     -0.0000000      -0.0000001       0.0000001      -1.02806641E-07  1.60191154E-05  1.84163484E-05
     -0.0000000      -0.0000000      -0.0000001      -3.01620856E-08  1.82647612E-07  1.03571174E-05
     -0.0000000      -0.0000000       0.0000000       1.77819193E-07  2.11002210E-07 -6.97641115E-05
     -0.0000000      -0.0000000       0.0000001      -1.25965420E-07 -1.20043076E-07 -3.24981350E-06
     -0.0000000       0.0000001      -0.0000001      -1.37047728E-08  1.65474788E-05  1.82320185E-05
     -0.0000000       0.0000001       0.0000000       2.04392392E-07  6.68638909E-07 -9.87236881E-05
     -0.0000000       0.0000001       0.0000001      -1.10435800E-07 -1.63878682E-05  1.84208142E-05
      0.0000001      -0.0000001      -0.0000001       6.03144567E-04 -6.02925140E-04 -1.69310616E-04
      0.0000001      -0.0000001       0.0000000       4.63000278E-06 -4.23044283E-06 -2.22036122E-04
      0.0000001      -0.0000001       0.0000001      -6.49022770E-04  6.48711256E-04 -1.35753564E-04
      0.0000001      -0.0000000      -0.0000001       1.63429723E-05  1.91110146E-07  1.82314622E-05
      0.0000001      -0.0000000       0.0000000       6.32319638E-07  2.37475674E-07 -9.87231221E-05
      0.0000001      -0.0000000       0.0000001      -1.63950034E-05 -1.04801968E-07  1.84195711E-05
      0.0000001       0.0000001      -0.0000001       6.03128787E-04  6.03337080E-04 -1.69288152E-04
      0.0000001       0.0000001       0.0000000       4.60917836E-06  4.64612180E-06 -2.22025880E-04
      0.0000001       0.0000001       0.0000001      -6.49039842E-04 -6.49032904E-04 -1.35754873E-04
# Displacement: 4,  E_pot (hartree): -29718.696029322
      0.0000000       0.0000000       0.0000001       1.44209000E-05 -3.28916120E-05  3.68949297E-04
      0.0000000       0.0000000      -0.0000001       1.49200022E-04 -2.75451971E-05  4.43361734E-04
      0.0000000       0.0000000       0.0000000       1.60488771E-05 -2.00415934E-05  4.50571684E-04
      0.0000000       0.0000001       0.0000001       1.44160536E-05  3.27436184E-05  3.68940752E-04
      0.0000000       0.0000001      -0.0000001       1.49183055E-04  2.76391576E-05  4.43405088E-04
      0.0000000       0.0000001       0.0000000       1.60351201E-05  1.98231160E-05  4.50767188E-04
      0.0000000      -0.0000001       0.0000001       7.18829161E-06 -4.56946826E-08  4.09580930E-04
      0.0000000      -0.0000001      -0.0000001       1.87185027E-05  6.85208371E-08  4.23175818E-04
      0.0000000      -0.0000001       0.0000000       7.09699078E-06 -2.77292879E-08  4.27078676E-04
      0.0000001       0.0000000       0.0000001       1.53062199E-05  3.27076337E-05  4.66540685E-04
      0.0000001       0.0000000      -0.0000001       1.56389689E-04  1.78992825E-05  3.94674481E-04
      0.0000001       0.0000000       0.0000000       1.63924900E-05  1.99401567E-05  3.89381783E-04
      0.0000001       0.0000001       0.0000001       1.52944096E-05 -3.28705826E-05  4.66542522E-04
      0.0000001       0.0000001      -0.0000001       1.56395339E-04 -1.78234308E-05  3.94714267E-04
      0.0000001       0.0000001       0.0000000       1.63923682E-05 -2.01724012E-05  3.89579698E-04
      0.0000001      -0.0000001       0.0000001       6.14889540E-06 -5.26106885E-08  4.25358365E-04
      0.0000001      -0.0000001      -0.0000001       1.90845374E-05  6.93204618E-08  4.20149002E-04
      0.0000001      -0.0000001       0.0000000       7.14463712E-06 -4.13713726E-08  4.13430921E-04
     -0.0000001       0.0000000       0.0000001      -2.68408459E-05  5.44863478E-07  4.17429584E-04
     -0.0000001       0.0000000      -0.0000001      -8.02893724E-05  3.31243605E-06  4.21677773E-04
     -0.0000001       0.0000000       0.0000000      -2.82379628E-05  1.35451116E-08  4.20298517E-04
     -0.0000001       0.0000001       0.0000001      -2.68477911E-05 -7.33314039E-07  4.17444622E-04
     -0.0000001       0.0000001      -0.0000001      -8.02905875E-05 -3.24477799E-06  4.21700309E-04
     -0.0000001       0.0000001       0.0000000      -2.82516703E-05 -2.59442979E-07  4.20499674E-04
     -0.0000001      -0.0000001       0.0000001      -1.47887507E-05 -5.47406765E-08  4.17841991E-04
     -0.0000001      -0.0000001      -0.0000001      -3.69964947E-05  6.83131838E-08  4.21191248E-04
     -0.0000001      -0.0000001       0.0000000      -1.49107581E-05 -5.40939193E-08  4.20593857E-04
      0.0188972      -0.0000001       0.0000001      -2.95519706E-03  6.45193894E-10 -2.74061570E-04
     -0.0000001      -0.0000001      -0.0000001      -5.77211454E-06 -3.89455820E-08 -2.75476186E-04
     -0.0000001      -0.0000001       0.0000000      -5.78051689E-06  2.11368405E-09 -2.69962163E-04
     -0.0000001      -0.0000000       0.0000001      -8.06172959E-05  1.29629215E-06 -2.75135748E-04
     -0.0000001      -0.0000000      -0.0000001      -1.69911139E-05 -1.45862701E-07 -2.75106045E-04
     -0.0000001      -0.0000000       0.0000000      -1.69514393E-05 -7.16630504E-07 -2.73753894E-04
     -0.0000001       0.0000001       0.0000001      -8.06107105E-05 -1.33451478E-06 -2.75122641E-04
     -0.0000001       0.0000001      -0.0000001      -1.69954508E-05  1.68822439E-07 -2.75117384E-04
     -0.0000001       0.0000001       0.0000000      -1.69552270E-05  7.49698509E-07 -2.73752796E-04
     -0.0000000      -0.0000001       0.0000001       1.10294211E-04  1.82307776E-09 -2.71146960E-04
     -0.0000000      -0.0000001      -0.0000001       3.65977268E-05 -3.02981183E-08 -2.11505637E-04
     -0.0000000      -0.0000001       0.0000000       3.50134939E-05  9.27180028E-09 -3.34744056E-04
     -0.0000000      -0.0000000       0.0000001       7.30636928E-05  6.25990690E-05 -3.05820427E-04
     -0.0000000      -0.0000000      -0.0000001       8.07950722E-06  4.22156222E-06 -2.57149240E-04
     -0.0000000      -0.0000000       0.0000000       8.34527010E-06  4.54597721E-06 -2.88809868E-04
     -0.0000000       0.0000001       0.0000001       7.30700294E-05 -6.26256555E-05 -3.05807957E-04
     -0.0000000       0.0000001      -0.0000001       8.07467207E-06 -4.18550469E-06 -2.57154883E-04
     -0.0000000       0.0000001       0.0000000       8.34092227E-06 -4.50148764E-06 -2.88808649E-04
      0.0000001      -0.0000001       0.0000001       1.10225551E-04  8.48154599E-09 -2.78287153E-04
      0.0000001      -0.0000001      -0.0000001       3.57162831E-05 -3.39332338E-08 -3.38048861E-04
      0.0000001      -0.0000001       0.0000000       3.63727150E-05  5.99481328E-09 -2.13496639E-04
      0.0000001      -0.0000000       0.0000001       7.37509427E-05 -6.34986305E-05 -2.44493559E-04
      0.0000001      -0.0000000      -0.0000001       8.23564874E-06 -4.21763771E-06 -2.92918572E-04
      0.0000001      -0.0000000       0.0000000       8.05675560E-06 -4.12100921E-06 -2.59549593E-04
      0.0000001       0.0000001       0.0000001       7.37569801E-05  6.34935528E-05 -2.44499766E-04
      0.0000001       0.0000001      -0.0000001       8.23257897E-06  4.24676419E-06 -2.92926630E-04
      0.0000001       0.0000001       0.0000000       8.05397042E-06  4.15985232E-06 -2.59549016E-04
     -0.0000001       0.0000000      -0.0000001      -1.53517078E-04  2.22371274E-06 -5.56464544E-05
     -0.0000001       0.0000000       0.0000000      -1.44166335E-04  8.43925920E-07 -6.36765265E-05
     -0.0000001       0.0000000       0.0000001      -1.64167228E-05  4.62602264E-07 -6.18447719E-05
     -0.0000001       0.0000001      -0.0000001      -1.53505416E-04 -2.54919462E-06 -5.56422650E-05
     -0.0000001       0.0000001       0.0000000      -1.44184537E-04 -1.39834985E-06 -6.36761301E-05
     -0.0000001       0.0000001       0.0000001      -1.63743514E-05 -4.33284850E-08 -6.18749573E-05
     -0.0000001      -0.0000001      -0.0000001      -1.89143611E-05 -1.68919813E-07 -6.20133767E-05
     -0.0000001      -0.0000001       0.0000000      -2.18434036E-05 -2.98292343E-07 -6.23973643E-05
     -0.0000001      -0.0000001       0.0000001      -8.17984818E-06  1.87573101E-07 -6.20079529E-05
     -0.0000000       0.0000000      -0.0000001       4.91847057E-05 -5.37837210E-05 -9.40548803E-05
     -0.0000000       0.0000000       0.0000000       5.08868125E-05 -3.74117881E-05 -2.53173442E-05
     -0.0000000       0.0000000       0.0000001       7.52044947E-06 -8.85673462E-06 -6.12328899E-05
     -0.0000000       0.0000001      -0.0000001       4.91949631E-05  5.34441415E-05 -9.40450035E-05
     -0.0000000       0.0000001       0.0000000       5.08857618E-05  3.68534129E-05 -2.53221453E-05
     -0.0000000       0.0000001       0.0000001       7.56306155E-06  9.27332783E-06 -6.12590622E-05
     -0.0000000      -0.0000001      -0.0000001       1.11368583E-05 -1.68970961E-07 -7.08189952E-05
     -0.0000000      -0.0000001       0.0000000       1.00921476E-05 -2.99463488E-07 -5.84253596E-05
     -0.0000000      -0.0000001       0.0000001       4.22441474E-06  1.87843052E-07 -6.19696581E-05
      0.0000001       0.0000000      -0.0000001       5.14946831E-05  5.27097111E-05 -2.86225561E-05
      0.0000001       0.0000000       0.0000000       5.14381039E-05  3.62461128E-05 -9.95135394E-05
      0.0000001       0.0000000       0.0000001       7.47924757E-06  9.11855415E-06 -6.25480085E-05
      0.0000001       0.0000001      -0.0000001       5.14905094E-05 -5.30449893E-05 -2.86125786E-05
      0.0000001       0.0000001       0.0000000       5.14152835E-05 -3.68007408E-05 -9.95215308E-05
      0.0000001       0.0000001       0.0000001       7.51769549E-06 -8.70084643E-06 -6.25751772E-05
      0.0000001      -0.0000001      -0.0000001       9.12772309E-06 -1.69521363E-07 -4.91019220E-05
      0.0000001      -0.0000001       0.0000000       1.02707769E-05 -2.99446031E-07 -6.66188979E-05
      0.0000001      -0.0000001       0.0000001       4.06596589E-06  1.87655240E-07 -6.20759131E-05
      0.0000000      -0.0000001      -0.0000001       4.07757838E-04 -3.75379392E-08  5.30789432E-04
      0.0000000      -0.0000001       0.0000000       2.46893300E-04 -1.25287456E-08 -4.65457635E-04
      0.0000000      -0.0000001       0.0000001      -1.94353681E-05  9.51262936E-08 -6.51652014E-05
      0.0000000      -0.0000000      -0.0000001      -3.83924991E-05 -2.90247150E-05 -3.34636756E-05
      0.0000000      -0.0000000       0.0000000      -3.27321693E-05 -3.56942916E-05 -1.09270754E-04
      0.0000000      -0.0000000       0.0000001      -1.09890905E-05 -5.99709427E-06 -6.25165785E-05
      0.0000000       0.0000001      -0.0000001      -3.83929730E-05  2.89892354E-05 -3.34616418E-05
      0.0000000       0.0000001       0.0000000      -3.27305155E-05  3.58320586E-05 -1.09267702E-04
      0.0000000       0.0000001       0.0000001      -1.09894581E-05  5.98451115E-06 -6.25148562E-05
      0.0000001      -0.0000001      -0.0000001       4.11067490E-04 -2.91001701E-08 -6.51855540E-04
      0.0000001      -0.0000001       0.0000000       2.48484573E-04 -1.41332132E-08  3.41389416E-04
      0.0000001      -0.0000001       0.0000001      -2.02090024E-05  1.37582255E-07 -5.86426864E-05
      0.0000001      -0.0000000      -0.0000001      -3.89748504E-05  2.64537239E-05 -8.89897287E-05
      0.0000001      -0.0000000       0.0000000      -3.31954553E-05  3.59814302E-05 -1.53335268E-05
      0.0000001      -0.0000000       0.0000001      -1.12798837E-05  6.21008625E-06 -6.13513565E-05
      0.0000001       0.0000001      -0.0000001      -3.89693393E-05 -2.64808260E-05 -8.89897085E-05
      0.0000001       0.0000001       0.0000000      -3.31935371E-05 -3.58672972E-05 -1.53330999E-05
      0.0000001       0.0000001       0.0000001      -1.12785671E-05 -6.14145564E-06 -6.13506013E-05
     -0.0000001      -0.0000001      -0.0000001       1.87290308E-04 -1.48869319E-08 -6.14866438E-05
     -0.0000001      -0.0000001       0.0000000       1.53959807E-04 -1.47939335E-08 -6.32408247E-05
     -0.0000001      -0.0000001       0.0000001       4.60508037E-05  1.80194690E-07 -6.19432599E-05
     -0.0000001      -0.0000000      -0.0000001       7.95075033E-05  1.11014446E-06 -6.01089963E-05
     -0.0000001      -0.0000000       0.0000000       5.60415465E-05  9.56147583E-08 -6.24171595E-05
     -0.0000001      -0.0000000       0.0000001       2.29520622E-05  2.14002040E-07 -6.20137771E-05
     -0.0000001       0.0000001      -0.0000001       7.95077376E-05 -1.12734099E-06 -6.01064708E-05
     -0.0000001       0.0000001       0.0000000       5.60414669E-05 -4.07201181E-09 -6.24170779E-05
     -0.0000001       0.0000001       0.0000001       2.29518705E-05 -6.46501870E-08 -6.20158656E-05
     -0.0000001      -0.0000001      -0.0000001       1.14016794E-03  2.17652829E-07 -2.97975968E-05
     -0.0000001      -0.0000001       0.0000000       6.51718400E-04  2.64656806E-07 -2.01474608E-05
     -0.0000001      -0.0000001       0.0000001       5.18345772E-05 -9.80326004E-08 -2.17734996E-05
     -0.0000001      -0.0000000      -0.0000001       1.06534867E-04  3.96960989E-06 -2.15393740E-05
     -0.0000001      -0.0000000       0.0000000       1.02447282E-04  6.94503969E-07 -2.15212245E-05
     -0.0000001      -0.0000000       0.0000001       3.10585712E-05  6.08423108E-08 -2.11086831E-05
     -0.0000001       0.0000001      -0.0000001       1.06553320E-04 -3.51004136E-06 -2.15612698E-05
     -0.0000001       0.0000001       0.0000000       1.02473464E-04 -2.36877921E-07 -2.15275629E-05
     -0.0000001       0.0000001       0.0000001       3.10746508E-05 -3.78778876E-07 -2.11188047E-05
     -0.0000000      -0.0000001      -0.0000001      -3.58629636E-04  1.83255033E-07  3.30588591E-05
     -0.0000000      -0.0000001       0.0000000      -2.60920691E-04  2.11223261E-07 -1.01712982E-04
     -0.0000000      -0.0000001       0.0000001      -2.42329465E-05 -1.20442190E-07 -1.03769405E-05
     -0.0000000      -0.0000000      -0.0000001      -5.21445283E-05 -5.23277845E-05  4.02121129E-05
     -0.0000000      -0.0000000       0.0000000      -5.19438310E-05 -4.88646934E-05 -6.13110263E-05
     -0.0000000      -0.0000000       0.0000001      -1.54892517E-05 -6.94110891E-06 -1.83073766E-05
     -0.0000000       0.0000001      -0.0000001      -5.21270667E-05  5.27176976E-05  4.01873496E-05
     -0.0000000       0.0000001       0.0000000      -5.19177316E-05  4.92322174E-05 -6.13207756E-05
     -0.0000000       0.0000001       0.0000001      -1.54732431E-05  6.57362983E-06 -1.83176847E-05
      0.0000001      -0.0000001      -0.0000001      -3.63080450E-04  2.00175019E-07 -7.69869925E-05
      0.0000001      -0.0000001       0.0000000      -2.59060922E-04  2.37219447E-07  5.97146308E-05
      0.0000001      -0.0000001       0.0000001      -2.48688968E-05 -1.05020851E-07 -3.16803669E-05
      0.0000001      -0.0000000      -0.0000001      -5.23920911E-05  5.26263221E-05 -8.39465780E-05
      0.0000001      -0.0000000       0.0000000      -5.19347431E-05  4.88907105E-05  1.80624231E-05
      0.0000001      -0.0000000       0.0000001      -1.59037529E-05  6.73806503E-06 -2.35042517E-05
      0.0000001       0.0000001      -0.0000001      -5.23793890E-05 -5.22120060E-05 -8.39479649E-05
      0.0000001       0.0000001       0.0000000      -5.19129167E-05 -4.84761045E-05  1.80548599E-05
      0.0000001       0.0000001       0.0000001      -1.58938714E-05 -7.08131824E-06 -2.35055553E-05
# Displacement: 5,  E_pot (hartree): -29718.696012266
      0.0000000       0.0000000       0.0000001      -1.09861780E-04 -1.09859391E-04  2.71237984E-04
      0.0000000       0.0000000      -0.0000001       1.78860902E-04  1.78862759E-04  8.17584000E-04
      0.0000000       0.0000000       0.0000000       8.07388613E-05  8.07386046E-05  2.79237781E-04
      0.0000000       0.0000001       0.0000001      -1.09865365E-04  1.09710132E-04  2.71229998E-04
      0.0000000       0.0000001      -0.0000001       1.78854915E-04 -1.78768888E-04  8.17625215E-04
      0.0000000       0.0000001       0.0000000       8.07259742E-05 -8.09579924E-05  2.79433133E-04
      0.0000000      -0.0000001       0.0000001      -1.93686102E-05 -4.55498424E-08  3.90288301E-04
      0.0000000      -0.0000001      -0.0000001      -1.85182133E-05  6.72883878E-08  4.97485715E-04
      0.0000000      -0.0000001       0.0000000       2.17409616E-05 -2.86408776E-08  3.69615688E-04
      0.0000001       0.0000000       0.0000001       1.09712927E-04 -1.09862846E-04  2.71230275E-04
      0.0000001       0.0000000      -0.0000001      -1.78769704E-04  1.78854064E-04  8.17623347E-04
      0.0000001       0.0000000       0.0000000      -8.09581635E-05  8.07250578E-05  2.79434310E-04
      0.0000001       0.0000001       0.0000001       1.09701010E-04  1.09698345E-04  2.71233913E-04
      0.0000001       0.0000001      -0.0000001      -1.78764884E-04 -1.78762228E-04  8.17667594E-04
      0.0000001       0.0000001       0.0000000      -8.09588551E-05 -8.09581819E-05  2.79629177E-04
      0.0000001      -0.0000001       0.0000001       1.91806263E-05 -5.31643043E-08  3.90304167E-04
      0.0000001      -0.0000001      -0.0000001       1.85831726E-05  7.03604232E-08  4.97504957E-04
      0.0000001      -0.0000001       0.0000000      -2.19866122E-05 -4.10373527E-08  3.69817573E-04
     -0.0000001       0.0000000       0.0000001      -4.52047944E-08 -1.93660705E-05  3.90292837E-04
     -0.0000001       0.0000000      -0.0000001       6.93511858E-08 -1.85184420E-05  4.97477495E-04
     -0.0000001       0.0000000       0.0000000      -2.85492245E-08  2.17406833E-05  3.69619505E-04
     -0.0000001       0.0000001       0.0000001      -5.28857564E-08  1.91780879E-05  3.90308281E-04
     -0.0000001       0.0000001      -0.0000001       7.07531726E-08  1.85859453E-05  4.97500536E-04
     -0.0000001       0.0000001       0.0000000      -4.09905768E-08 -2.19860530E-05  3.69820933E-04
     -0.0000001      -0.0000001       0.0000001      -5.51022049E-08 -5.50596498E-08  4.09810952E-04
     -0.0000001      -0.0000001      -0.0000001       6.77254404E-08  6.85576816E-08  4.56832447E-04
     -0.0000001      -0.0000001       0.0000000      -5.45473794E-08 -5.45135143E-08  3.90991013E-04
     -0.0000001      -0.0000001       0.0188973      -2.82903916E-08 -4.35311580E-08 -8.38614739E-03
     -0.0000001      -0.0000001      -0.0000001      -4.10604427E-08 -4.02317174E-08  8.73717580E-04
     -0.0000001      -0.0000001       0.0000000       3.11352354E-09  2.92089324E-09  8.65598668E-04
     -0.0000001      -0.0000000       0.0000001       1.01927535E-09 -4.34405244E-06 -5.68618958E-04
     -0.0000001      -0.0000000      -0.0000001      -2.76711878E-08  6.28306924E-05 -1.37577995E-04
     -0.0000001      -0.0000000       0.0000000       9.90895634E-09 -6.42469107E-05 -1.36609137E-04
     -0.0000001       0.0000001       0.0000001       1.01537651E-08  4.31256261E-06 -5.68611215E-04
     -0.0000001       0.0000001      -0.0000001      -3.79390129E-08 -6.28080388E-05 -1.37587615E-04
     -0.0000001       0.0000001       0.0000000       6.42419570E-09  6.42803037E-05 -1.36610670E-04
     -0.0000000      -0.0000001       0.0000001      -4.34534979E-06  1.24080131E-09 -5.68646740E-04
     -0.0000000      -0.0000001      -0.0000001       6.28312924E-05 -2.67900895E-08 -1.37588944E-04
     -0.0000000      -0.0000001       0.0000000      -6.42467291E-05  9.64936537E-09 -1.36587613E-04
     -0.0000000      -0.0000000       0.0000001       2.99556219E-05  2.99557214E-05 -3.77205166E-04
     -0.0000000      -0.0000000      -0.0000001       1.53752171E-05  1.53745715E-05 -2.33380044E-04
     -0.0000000      -0.0000000       0.0000000      -1.80877783E-05 -1.80878819E-05 -2.32500477E-04
     -0.0000000       0.0000001       0.0000001       2.99617867E-05 -2.99812305E-05 -3.77163207E-04
     -0.0000000       0.0000001      -0.0000001       1.53734785E-05 -1.53414223E-05 -2.33385851E-04
     -0.0000000       0.0000001       0.0000000      -1.80917813E-05  1.81325266E-05 -2.32499258E-04
      0.0000001      -0.0000001       0.0000001       4.31335104E-06  9.97990920E-09 -5.68638430E-04
      0.0000001      -0.0000001      -0.0000001      -6.28094898E-05 -3.69437089E-08 -1.37598220E-04
      0.0000001      -0.0000001       0.0000000       6.42803961E-05  6.22893139E-09 -1.36589112E-04
      0.0000001      -0.0000000       0.0000001      -2.99801089E-05  2.99617384E-05 -3.77164008E-04
      0.0000001      -0.0000000      -0.0000001      -1.53428575E-05  1.53729276E-05 -2.33385919E-04
      0.0000001      -0.0000000       0.0000000       1.81328008E-05 -1.80913747E-05 -2.32498341E-04
      0.0000001       0.0000001       0.0000001      -2.99758782E-05 -2.99687621E-05 -3.77199622E-04
      0.0000001       0.0000001      -0.0000001      -1.53421297E-05 -1.53407396E-05 -2.33394332E-04
      0.0000001       0.0000001       0.0000000       1.81307321E-05  1.81304064E-05 -2.32497587E-04
     -0.0000001       0.0000000      -0.0000001      -3.01750704E-08  1.22294565E-03  1.79131186E-04
     -0.0000001       0.0000000       0.0000000      -1.01503406E-08 -8.11576237E-04  3.27069459E-04
     -0.0000001       0.0000000       0.0000001       9.18074479E-08  4.09414505E-05  7.45678738E-05
     -0.0000001       0.0000001      -0.0000001      -1.81818687E-08 -1.22327345E-03  1.79135592E-04
     -0.0000001       0.0000001       0.0000000      -1.79692111E-08  8.11026558E-04  3.27063132E-04
     -0.0000001       0.0000001       0.0000001       1.40847503E-07 -4.05223894E-05  7.45380520E-05
     -0.0000001      -0.0000001      -0.0000001      -8.11214704E-09 -1.68721434E-07 -5.40313804E-05
     -0.0000001      -0.0000001       0.0000000      -1.49025179E-08 -2.98766100E-07 -1.16482343E-04
     -0.0000001      -0.0000001       0.0000001       1.80374019E-07  1.87968130E-07 -9.70233354E-06
     -0.0000000       0.0000000      -0.0000001      -4.76743304E-05  1.14894993E-04 -9.61358170E-05
     -0.0000000       0.0000000       0.0000000       4.98899693E-05 -8.02833431E-05 -8.65383160E-05
     -0.0000000       0.0000000       0.0000001      -4.78822702E-06  1.29317107E-05 -1.94949128E-06
     -0.0000000       0.0000001      -0.0000001      -4.76665197E-05 -1.15223801E-04 -9.61279877E-05
     -0.0000000       0.0000001       0.0000000       4.98923752E-05  7.97269080E-05 -8.65467580E-05
     -0.0000000       0.0000001       0.0000001      -4.74393221E-06 -1.25113511E-05 -1.97431087E-06
     -0.0000000      -0.0000001      -0.0000001      -1.75719759E-05 -1.79272542E-07 -6.85952323E-05
     -0.0000000      -0.0000001       0.0000000       1.14799079E-05 -3.00937669E-07 -8.20622930E-05
     -0.0000000      -0.0000001       0.0000001      -9.20271606E-07  1.83983458E-07 -3.64988013E-05
      0.0000001       0.0000000      -0.0000001       4.76439713E-05  1.14884005E-04 -9.61377221E-05
      0.0000001       0.0000000       0.0000000      -4.97565092E-05 -8.02858723E-05 -8.65376245E-05
      0.0000001       0.0000000       0.0000001       4.77423412E-06  1.29282299E-05 -1.94676468E-06
      0.0000001       0.0000001      -0.0000001       4.76366372E-05 -1.15230231E-04 -9.61249883E-05
      0.0000001       0.0000001       0.0000000      -4.97755518E-05  7.97290886E-05 -8.65438797E-05
      0.0000001       0.0000001       0.0000001       4.81383510E-06 -1.25139869E-05 -1.97521358E-06
      0.0000001      -0.0000001      -0.0000001       1.75552959E-05 -1.58810762E-07 -6.86012623E-05
      0.0000001      -0.0000001       0.0000000      -1.13893936E-05 -2.97206726E-07 -8.20626205E-05
      0.0000001      -0.0000001       0.0000001       1.06923030E-06  1.91353773E-07 -3.65004772E-05
      0.0000000      -0.0000001      -0.0000001       1.22314099E-03 -3.84185193E-08  1.79147875E-04
      0.0000000      -0.0000001       0.0000000      -8.11541157E-04 -1.00911910E-08  3.27072158E-04
      0.0000000      -0.0000001       0.0000001       4.09473900E-05  9.18137897E-08  7.45653498E-05
      0.0000000      -0.0000000      -0.0000001       1.15088294E-04 -4.76766296E-05 -9.61249876E-05
      0.0000000      -0.0000000       0.0000000      -8.02464142E-05  4.98935460E-05 -8.65376730E-05
      0.0000000      -0.0000000       0.0000001       1.29419554E-05 -4.78293147E-06 -1.95023531E-06
      0.0000000       0.0000001      -0.0000001       1.15077457E-04  4.76444049E-05 -9.61252463E-05
      0.0000000       0.0000001       0.0000000      -8.02491158E-05 -4.97602014E-05 -8.65375811E-05
      0.0000000       0.0000001       0.0000001       1.29386272E-05  4.76889057E-06 -1.94756382E-06
      0.0000001      -0.0000001      -0.0000001      -1.22305268E-03 -2.56893813E-08  1.79152590E-04
      0.0000001      -0.0000001       0.0000000       8.11058771E-04 -1.77589496E-08  3.27064940E-04
      0.0000001      -0.0000001       0.0000001      -4.05161131E-05  1.40842792E-07  7.45358622E-05
      0.0000001      -0.0000000      -0.0000001      -1.15002342E-04 -4.76684179E-05 -9.61170122E-05
      0.0000001      -0.0000000       0.0000000       7.97593381E-05  4.98960112E-05 -8.65458962E-05
      0.0000001      -0.0000000       0.0000001      -1.25095409E-05 -4.73872084E-06 -1.97473453E-06
      0.0000001       0.0000001      -0.0000001      -1.15008312E-04  4.76387182E-05 -9.61142001E-05
      0.0000001       0.0000001       0.0000000       7.97611090E-05 -4.97791587E-05 -8.65431406E-05
      0.0000001       0.0000001       0.0000001      -1.25123114E-05  4.80853158E-06 -1.97573190E-06
     -0.0000001      -0.0000001      -0.0000001       3.92552917E-08 -1.46250769E-08 -5.40144211E-05
     -0.0000001      -0.0000001       0.0000000      -2.64606560E-07 -1.42372675E-08 -1.16480009E-04
     -0.0000001      -0.0000001       0.0000001       1.94346986E-07  1.80384816E-07 -9.70412609E-06
     -0.0000001      -0.0000000      -0.0000001       2.90713670E-08 -1.75730101E-05 -6.85848130E-05
     -0.0000001      -0.0000000       0.0000000      -2.66292773E-07  1.14836732E-05 -8.20612141E-05
     -0.0000001      -0.0000000       0.0000001       1.90523733E-07 -9.15093028E-07 -3.64990674E-05
     -0.0000001       0.0000001      -0.0000001       5.05749303E-08  1.75553031E-05 -6.85838861E-05
     -0.0000001       0.0000001       0.0000000      -2.62604002E-07 -1.13930424E-05 -8.20617349E-05
     -0.0000001       0.0000001       0.0000001       1.97863709E-07  1.06393154E-06 -3.65007929E-05
     -0.0000001      -0.0000001      -0.0000001       1.00385958E-08  2.25310342E-07  5.06000762E-03
     -0.0000001      -0.0000001       0.0000000       2.29539427E-07  2.77417103E-07 -1.98438976E-03
     -0.0000001      -0.0000001       0.0000001      -1.02961251E-07 -9.74679463E-08 -8.96348166E-04
     -0.0000001      -0.0000000      -0.0000001      -2.43726651E-08  5.63466278E-04  1.49470208E-04
     -0.0000001      -0.0000000       0.0000000       1.78199935E-07 -4.28772250E-04  3.64717755E-05
     -0.0000001      -0.0000000       0.0000001      -1.26386912E-07  3.03537904E-05 -2.14362370E-04
     -0.0000001       0.0000001      -0.0000001      -1.65086476E-08 -5.63007393E-04  1.49449833E-04
     -0.0000001       0.0000001       0.0000000       2.04017352E-07  4.29235856E-04  3.64631683E-05
     -0.0000001       0.0000001       0.0000001      -1.10549226E-07 -3.06710463E-05 -2.14369932E-04
     -0.0000000      -0.0000001      -0.0000001       5.63257414E-04  1.87634770E-07  1.49483969E-04
     -0.0000000      -0.0000001       0.0000000      -4.28798958E-04  2.10911956E-07  3.64834746E-05
     -0.0000000      -0.0000001       0.0000001       3.03486114E-05 -1.20692639E-07 -2.14371811E-04
     -0.0000000      -0.0000000      -0.0000001       6.26240783E-05  6.28376739E-05  6.39488974E-05
     -0.0000000      -0.0000000       0.0000000      -6.07420313E-05 -6.07141365E-05 -3.61848218E-06
     -0.0000000      -0.0000000       0.0000001       8.95793131E-06  8.96218795E-06 -1.03526835E-04
     -0.0000000       0.0000001      -0.0000001       6.26453041E-05 -6.24527693E-05  6.38971237E-05
     -0.0000000       0.0000001       0.0000000      -6.07161789E-05  6.10808680E-05 -3.63035117E-06
     -0.0000000       0.0000001       0.0000001       8.97302954E-06 -9.32999552E-06 -1.03543913E-04
      0.0000001      -0.0000001      -0.0000001      -5.63215117E-04  1.94839437E-07  1.49463604E-04
      0.0000001      -0.0000001       0.0000000       4.29194773E-04  2.36453436E-07  3.64753293E-05
      0.0000001      -0.0000001       0.0000001      -3.06790052E-05 -1.04895359E-07 -2.14379302E-04
      0.0000001      -0.0000000      -0.0000001      -6.26561674E-05  6.28508531E-05  6.38964631E-05
      0.0000001      -0.0000000       0.0000000       6.10392182E-05 -6.06884197E-05 -3.62928104E-06
      0.0000001      -0.0000000       0.0000001      -9.33879398E-06  8.97705700E-06 -1.03544224E-04
      0.0000001       0.0000001      -0.0000001      -6.26398905E-05 -6.24325759E-05  6.39252516E-05
      0.0000001       0.0000001       0.0000000       6.10623014E-05  6.11046534E-05 -3.63473954E-06
      0.0000001       0.0000001       0.0000001      -9.32984203E-06 -9.32108745E-06 -1.03539410E-04
# Displacement: 6,  E_pot (hartree): -29718.696008763
      0.0000000       0.0000000       0.0000001       1.11041077E-04  1.11045482E-04  5.64014191E-04
      0.0000000       0.0000000      -0.0000001      -1.82839540E-04 -1.82836806E-04  2.09857880E-05
      0.0000000       0.0000000       0.0000000      -7.96722357E-05 -7.96714340E-05  5.61730827E-04
      0.0000000       0.0000001       0.0000001       1.11039032E-04 -1.11194146E-04  5.63990116E-04
      0.0000000       0.0000001      -0.0000001      -1.82839038E-04  1.82927962E-04  2.10234483E-05
      0.0000000       0.0000001       0.0000000      -7.96803918E-05  7.94473185E-05  5.61917604E-04
      0.0000000      -0.0000001       0.0000001       2.03997958E-05 -4.23794367E-08  4.44083150E-04
      0.0000000      -0.0000001      -0.0000001       1.88974021E-05  7.09301807E-08  3.45596827E-04
      0.0000000      -0.0000001       0.0000000      -2.15605933E-05 -2.18030384E-08  4.71481210E-04
      0.0000001       0.0000000       0.0000001      -1.11189005E-04  1.11043635E-04  5.63990386E-04
      0.0000001       0.0000000      -0.0000001       1.82928046E-04 -1.82838864E-04  2.10216731E-05
      0.0000001       0.0000000       0.0000000       7.94478542E-05 -7.96796671E-05  5.61918136E-04
      0.0000001       0.0000001       0.0000001      -1.11196871E-04 -1.11201942E-04  5.64001495E-04
      0.0000001       0.0000001      -0.0000001       1.82936988E-04  1.82938629E-04  2.10492799E-05
      0.0000001       0.0000001       0.0000000       7.94545382E-05  7.94540672E-05  5.62126543E-04
      0.0000001      -0.0000001       0.0000001      -2.05875834E-05 -5.59125869E-08  4.44100035E-04
      0.0000001      -0.0000001      -0.0000001      -1.88322869E-05  6.62111998E-08  3.45615088E-04
      0.0000001      -0.0000001       0.0000000       2.13153048E-05 -4.77167319E-08  4.71683680E-04
     -0.0000001       0.0000000       0.0000001      -4.23667828E-08  2.04050940E-05  4.44089260E-04
     -0.0000001       0.0000000      -0.0000001       7.28548360E-08  1.88972205E-05  3.45588320E-04
     -0.0000001       0.0000000       0.0000000      -2.17589490E-08 -2.15595644E-05  4.71486207E-04
     -0.0000001       0.0000001       0.0000001      -5.59679070E-08 -2.05931418E-05  4.44104875E-04
     -0.0000001       0.0000001      -0.0000001       6.64599038E-08 -1.88296964E-05  3.45610774E-04
     -0.0000001       0.0000001       0.0000000      -4.77136949E-08  2.13144823E-05  4.71687693E-04
     -0.0000001      -0.0000001       0.0000001      -5.54469116E-08 -5.51407069E-08  4.25412388E-04
     -0.0000001      -0.0000001      -0.0000001       6.74056928E-08  6.83726645E-08  3.85621386E-04
     -0.0000001      -0.0000001       0.0000000      -5.45263091E-08 -5.44283185E-08  4.50766398E-04
     -0.0000001      -0.0000001      -0.0188972      -5.36468165E-08 -5.48801728E-08  8.16033301E-03
     -0.0000001      -0.0000001      -0.0000001      -4.04942832E-08 -3.95310382E-08 -1.41092753E-03
     -0.0000001      -0.0000001       0.0000000       2.16863054E-09  1.85257403E-09 -1.42190917E-03
     -0.0000001      -0.0000000       0.0000001       2.07392761E-09  5.59954311E-06  1.97250694E-05
     -0.0000001      -0.0000000      -0.0000001      -2.44597738E-08 -6.14166878E-05 -4.13762218E-04
     -0.0000001      -0.0000000       0.0000000       1.06340912E-08  6.34945439E-05 -4.11205771E-04
     -0.0000001       0.0000001       0.0000001       9.17960972E-09 -5.63424312E-06  1.97362989E-05
     -0.0000001       0.0000001      -0.0000001      -4.16186130E-08  6.14394309E-05 -4.13772186E-04
     -0.0000001       0.0000001       0.0000000       4.61349655E-09 -6.34616329E-05 -4.11206238E-04
     -0.0000000      -0.0000001       0.0000001       5.59849460E-06  2.35787175E-09  1.96853921E-05
     -0.0000000      -0.0000001      -0.0000001      -6.14152858E-05 -2.34813898E-08 -4.13787750E-04
     -0.0000000      -0.0000001       0.0000000       6.34963175E-05  1.04474837E-08 -4.11201691E-04
     -0.0000000      -0.0000000       0.0000001      -3.29140954E-05 -3.29166472E-05 -1.72509232E-04
     -0.0000000      -0.0000000      -0.0000001      -1.52260634E-05 -1.52270342E-05 -3.18347269E-04
     -0.0000000      -0.0000000       0.0000000       1.86279068E-05  1.86268263E-05 -3.16218109E-04
     -0.0000000       0.0000001       0.0000001      -3.29071125E-05  3.28903768E-05 -1.72425150E-04
     -0.0000000       0.0000001      -0.0000001      -1.52248966E-05  1.52576407E-05 -3.18314257E-04
     -0.0000000       0.0000001       0.0000000       1.86250952E-05 -1.85822930E-05 -3.16193566E-04
      0.0000001      -0.0000001       0.0000001      -5.63410044E-06  9.02528837E-09  1.96968643E-05
      0.0000001      -0.0000001      -0.0000001       6.14372064E-05 -4.05628467E-08 -4.13797905E-04
      0.0000001      -0.0000001       0.0000000      -6.34631552E-05  4.48305001E-09 -4.11202443E-04
      0.0000001      -0.0000000       0.0000001       3.28888362E-05 -3.29098045E-05 -1.72425849E-04
      0.0000001      -0.0000000      -0.0000001       1.52559238E-05 -1.52257163E-05 -3.18314597E-04
      0.0000001      -0.0000000       0.0000000      -1.85829452E-05  1.86245932E-05 -3.16192962E-04
      0.0000001       0.0000001       0.0000001       3.28949928E-05  3.29047486E-05 -1.72502617E-04
      0.0000001       0.0000001      -0.0000001       1.52591835E-05  1.52608002E-05 -3.18362734E-04
      0.0000001       0.0000001       0.0000000      -1.85851005E-05 -1.85845725E-05 -3.16215540E-04
     -0.0000001       0.0000000      -0.0000001      -2.95970585E-08 -1.23590574E-03 -2.87668148E-04
     -0.0000001       0.0000000       0.0000000      -9.53054106E-09  8.02597429E-04 -4.56445011E-04
     -0.0000001       0.0000000       0.0000001       8.43521638E-08 -4.29476941E-05 -1.98808080E-04
     -0.0000001       0.0000001      -0.0000001      -2.31287857E-08  1.23558354E-03 -2.87668508E-04
     -0.0000001       0.0000001       0.0000000      -1.45643698E-08 -8.03152000E-04 -4.56454789E-04
     -0.0000001       0.0000001       0.0000001       1.49263161E-07  4.33666824E-05 -1.98837651E-04
     -0.0000001      -0.0000001      -0.0000001      -8.75542158E-09 -1.68054712E-07 -6.99700988E-05
     -0.0000001      -0.0000001       0.0000000      -1.49319562E-08 -2.98472413E-07 -1.04810426E-05
     -0.0000001      -0.0000001       0.0000001       1.80093620E-07  1.87905744E-07 -1.15032473E-04
     -0.0000000       0.0000000      -0.0000001       4.50663727E-05 -1.15939049E-04 -2.56188436E-05
     -0.0000000       0.0000000       0.0000000      -5.11363575E-05  7.92579969E-05 -4.07922818E-05
     -0.0000000       0.0000000       0.0000001       5.42214207E-06 -1.29766336E-05 -1.22648850E-04
     -0.0000000       0.0000001      -0.0000001       4.50758609E-05  1.15606549E-04 -2.56153073E-05
     -0.0000000       0.0000001       0.0000000      -5.11415420E-05 -7.98169454E-05 -4.07998003E-05
     -0.0000000       0.0000001       0.0000001       5.46608335E-06  1.33949542E-05 -1.22671155E-04
     -0.0000000      -0.0000001      -0.0000001       1.97066419E-05 -1.78356763E-07 -5.12203286E-05
     -0.0000000      -0.0000001       0.0000000      -1.14760110E-05 -2.99798769E-07 -4.40400086E-05
     -0.0000000      -0.0000001       0.0000001       1.40842467E-06  1.86518691E-07 -8.83943910E-05
      0.0000001       0.0000000      -0.0000001      -4.50986582E-05 -1.15947535E-04 -2.56252861E-05
      0.0000001       0.0000000       0.0000000       5.12778106E-05  7.92582962E-05 -4.07908278E-05
      0.0000001       0.0000000       0.0000001      -5.43663448E-06 -1.29787158E-05 -1.22642834E-04
      0.0000001       0.0000001      -0.0000001      -4.51045379E-05  1.15605136E-04 -2.56078911E-05
      0.0000001       0.0000001       0.0000000       5.12504643E-05 -7.98136652E-05 -4.07972099E-05
      0.0000001       0.0000001       0.0000001      -5.39622416E-06  1.33947565E-05 -1.22674708E-04
      0.0000001      -0.0000001      -0.0000001      -1.97225166E-05 -1.59464741E-07 -5.12264141E-05
      0.0000001      -0.0000001       0.0000000       1.15665557E-05 -2.97836342E-07 -4.40402643E-05
      0.0000001      -0.0000001       0.0000001      -1.25896497E-06  1.88989643E-07 -8.83953418E-05
      0.0000000      -0.0000001      -0.0000001      -1.23571592E-03 -3.76399686E-08 -2.87652631E-04
      0.0000000      -0.0000001       0.0000000       8.02629066E-04 -9.10841450E-09 -4.56444431E-04
      0.0000000      -0.0000001       0.0000001      -4.29495037E-05  8.44155191E-08 -1.98812414E-04
      0.0000000      -0.0000000      -0.0000001      -1.15749611E-04  4.50659176E-05 -2.56117327E-05
      0.0000000      -0.0000000       0.0000000       7.92967180E-05 -5.11323608E-05 -4.07962588E-05
      0.0000000      -0.0000000       0.0000001      -1.29757824E-05  5.42791894E-06 -1.22651123E-04
      0.0000000       0.0000001      -0.0000001      -1.15757360E-04 -4.51002141E-05 -2.56162278E-05
      0.0000000       0.0000001       0.0000000       7.92967550E-05  5.12736727E-05 -4.07953649E-05
      0.0000000       0.0000001       0.0000001      -1.29774110E-05 -5.44254242E-06 -1.22645233E-04
      0.0000001      -0.0000001      -0.0000001       1.23581042E-03 -3.05138080E-08 -2.87652572E-04
      0.0000001      -0.0000001       0.0000000      -8.03114069E-04 -1.39983431E-08 -4.56454001E-04
      0.0000001      -0.0000001       0.0000001       4.33811291E-05  1.49322711E-07 -1.98841597E-04
      0.0000001      -0.0000000      -0.0000001       1.15832143E-04  4.50753733E-05 -2.56081743E-05
      0.0000001      -0.0000000       0.0000000      -7.97862392E-05 -5.11374958E-05 -4.08035583E-05
      0.0000001      -0.0000000       0.0000001       1.34062717E-05  5.47159899E-06 -1.22673248E-04
      0.0000001       0.0000001      -0.0000001       1.15830552E-04 -4.51040137E-05 -2.56006563E-05
      0.0000001       0.0000001       0.0000000      -7.97833194E-05  5.12463990E-05 -4.08010608E-05
      0.0000001       0.0000001       0.0000001       1.34056796E-05 -5.40189358E-06 -1.22676973E-04
     -0.0000001      -0.0000001      -0.0000001       3.88886490E-08 -1.46505654E-08 -6.99553798E-05
     -0.0000001      -0.0000001       0.0000000      -2.64232819E-07 -1.42204383E-08 -1.04815839E-05
     -0.0000001      -0.0000001       0.0000001       1.93866283E-07  1.80372053E-07 -1.15036243E-04
     -0.0000001      -0.0000000      -0.0000001       2.96913178E-08  1.97066766E-05 -5.12137025E-05
     -0.0000001      -0.0000000       0.0000000      -2.65198691E-07 -1.14720172E-05 -4.40439948E-05
     -0.0000001      -0.0000000       0.0000001       1.92875356E-07  1.41400919E-06 -8.83968882E-05
     -0.0000001       0.0000001      -0.0000001       4.96531634E-08 -1.97241546E-05 -5.12128091E-05
     -0.0000001       0.0000001       0.0000000      -2.63292678E-07  1.15626594E-05 -4.40443586E-05
     -0.0000001       0.0000001       0.0000001       1.95345667E-07 -1.26494440E-06 -8.83981683E-05
     -0.0000001      -0.0000001      -0.0000001       8.57206406E-09  2.23227531E-07 -5.49623048E-03
     -0.0000001      -0.0000001       0.0000000       2.45038240E-07  2.77758090E-07  1.97493777E-03
     -0.0000001      -0.0000001       0.0000001      -1.03055883E-07 -9.73911011E-08  8.55233665E-04
     -0.0000001      -0.0000000      -0.0000001      -2.70963753E-08 -5.59886117E-04 -1.94173327E-04
     -0.0000001      -0.0000000       0.0000000       1.78302190E-07  4.27478517E-04 -7.40172865E-05
     -0.0000001      -0.0000000       0.0000001      -1.30287103E-07 -3.27763435E-05  1.74111917E-04
     -0.0000001       0.0000001      -0.0000001      -1.37811940E-08  5.60350375E-04 -1.94193779E-04
     -0.0000001       0.0000001       0.0000000       2.05317306E-07 -4.27021118E-04 -7.40238132E-05
     -0.0000001       0.0000001       0.0000001      -1.06995385E-07  3.24584936E-05  1.74103374E-04
     -0.0000000      -0.0000001      -0.0000001      -5.60103844E-04  1.85329442E-07 -1.94150363E-04
     -0.0000000      -0.0000001       0.0000000       4.27446075E-04  2.11039818E-07 -7.39912110E-05
     -0.0000000      -0.0000001       0.0000001      -3.27853727E-05 -1.24359581E-07  1.74115429E-04
     -0.0000000      -0.0000000      -0.0000001      -6.24261130E-05 -6.22113674E-05 -1.08355244E-04
     -0.0000000      -0.0000000       0.0000000       6.10745426E-05  6.11056269E-05 -3.59415912E-05
     -0.0000000      -0.0000000       0.0000001      -9.73943272E-06 -9.73019037E-06  6.41938077E-05
     -0.0000000       0.0000001      -0.0000001      -6.24094827E-05  6.26007983E-05 -1.08459188E-04
     -0.0000000       0.0000001       0.0000000       6.10975622E-05 -6.07362396E-05 -3.59922522E-05
     -0.0000000       0.0000001       0.0000001      -9.72434940E-06  9.36234329E-06  6.41546280E-05
      0.0000001      -0.0000001      -0.0000001       5.60151205E-04  1.97928677E-07 -1.94170379E-04
      0.0000001      -0.0000001       0.0000000      -4.27057733E-04  2.37768012E-07 -7.39970300E-05
      0.0000001      -0.0000001       0.0000001       3.24547263E-05 -1.01025243E-07  1.74107241E-04
      0.0000001      -0.0000000      -0.0000001       6.23990111E-05 -6.22023497E-05 -1.08459799E-04
      0.0000001      -0.0000000       0.0000000      -6.07746247E-05  6.11285559E-05 -3.59911164E-05
      0.0000001      -0.0000000       0.0000001       9.35889012E-06 -9.71508775E-06  6.41546240E-05
      0.0000001       0.0000001      -0.0000001       6.24108657E-05  6.26161481E-05 -1.08380318E-04
      0.0000001       0.0000001       0.0000000      -6.07562454E-05 -6.07172240E-05 -3.59574739E-05
      0.0000001       0.0000001       0.0000001       9.36798761E-06  9.37119954E-06  6.41815217E-05
# Displacement: 7,  E_pot (hartree): -29718.696028361
      0.0000000       0.0000000       0.0000001       1.76319458E-04 -3.75755172E-08  3.88010834E-04
      0.0000000       0.0000000      -0.0000001       1.63669399E-05  8.32259677E-08  5.87532941E-04
      0.0000000       0.0000000       0.0000000       1.34805790E-05 -2.77985703E-08  4.13518822E-04
      0.0000000       0.0000001       0.0000001       1.79697196E-05  4.18208643E-05  3.81900956E-04
      0.0000000       0.0000001      -0.0000001       1.69275520E-05  4.03694239E-05  4.57751146E-04
      0.0000000       0.0000001       0.0000000       5.87787037E-06  3.56632213E-06  4.18465713E-04
      0.0000000      -0.0000001       0.0000001       1.79597530E-05 -4.19705921E-05  3.81894032E-04
      0.0000000      -0.0000001      -0.0000001       1.69215160E-05 -4.02883659E-05  4.57789205E-04
      0.0000000      -0.0000001       0.0000000       5.86318731E-06 -3.78439740E-06  4.18661500E-04
      0.0000001       0.0000000       0.0000001       1.83097058E-04 -4.54118504E-09  4.37388749E-04
      0.0000001       0.0000000      -0.0000001       2.26764045E-05  7.00147733E-08  2.59295206E-04
      0.0000001       0.0000000       0.0000000       1.32612370E-05 -4.19131594E-08  4.25521441E-04
      0.0000001       0.0000001       0.0000001       1.85258036E-05 -4.23442039E-05  4.53493380E-04
      0.0000001       0.0000001      -0.0000001       2.13079942E-05 -3.76804297E-05  3.88075527E-04
      0.0000001       0.0000001       0.0000000       5.79294039E-06 -4.09097479E-06  4.20988410E-04
      0.0000001      -0.0000001       0.0000001       1.85097929E-05  4.21779545E-05  4.53499777E-04
      0.0000001      -0.0000001      -0.0000001       2.12937857E-05  3.77623093E-05  3.88104931E-04
      0.0000001      -0.0000001       0.0000000       5.79299654E-06  3.85983795E-06  4.21186873E-04
     -0.0000001       0.0000000       0.0000001      -7.85773540E-05 -5.73811749E-08  4.17835373E-04
     -0.0000001       0.0000000      -0.0000001      -7.85888990E-05  7.03087761E-08  4.21614622E-04
     -0.0000001       0.0000000       0.0000000      -2.70276277E-05 -5.67160367E-08  4.19782226E-04
     -0.0000001       0.0000001       0.0000001      -3.21644065E-05 -1.63333018E-07  4.17908121E-04
     -0.0000001       0.0000001      -0.0000001      -3.73621231E-05  2.97009016E-07  4.20859859E-04
     -0.0000001       0.0000001       0.0000000      -1.21313332E-05 -1.50192820E-07  4.20028732E-04
     -0.0000001      -0.0000001       0.0000001      -3.21672336E-05 -2.23553394E-08  4.17921187E-04
     -0.0000001      -0.0000001      -0.0000001      -3.73643194E-05 -2.31423191E-07  4.20881999E-04
     -0.0000001      -0.0000001       0.0000000      -1.21436629E-05 -9.29356083E-08  4.20230386E-04
     -0.0000001      -0.0000001       0.0000001      -1.55766971E-04 -3.12734974E-06 -2.78509811E-04
     -0.0000001      -0.0000001      -0.0000001      -1.62070706E-05  1.07325953E-08 -2.75303638E-04
     -0.0000001      -0.0000001       0.0000000      -1.45613261E-04 -4.39046868E-07 -2.72590800E-04
     -0.0000001      -0.0000000       0.0000001      -2.05091245E-05 -1.65257375E-09 -2.75134616E-04
     -0.0000001      -0.0000000      -0.0000001      -8.54811765E-06 -3.82314510E-08 -2.75157309E-04
     -0.0000001      -0.0000000       0.0000000      -2.20575380E-05  2.18378685E-09 -2.73945540E-04
     -0.0000001       0.0000001       0.0000001      -1.55752221E-04  3.09041561E-06 -2.78503456E-04
     -0.0000001       0.0000001      -0.0000001      -1.62028586E-05  1.32196522E-08 -2.75295207E-04
     -0.0000001       0.0000001       0.0000000      -1.45602444E-04  4.78332729E-07 -2.72589544E-04
     -0.0000000      -0.0000001       0.0000001       4.96074730E-05  2.71081317E-05 -2.26023619E-04
     -0.0000000      -0.0000001      -0.0000001       7.27796880E-06  5.90699033E-06 -2.69586215E-04
     -0.0000000      -0.0000001       0.0000000       5.13148547E-05  3.54819059E-05 -3.23947637E-04
     -0.0000000      -0.0000000       0.0000001       9.19936721E-06  2.12461487E-09 -2.58330381E-04
     -0.0000000      -0.0000000      -0.0000001       4.06126582E-06 -2.95957815E-08 -2.74233702E-04
     -0.0000000      -0.0000000       0.0000000       1.01460413E-05  9.21031640E-09 -2.85733390E-04
     -0.0000000       0.0000001       0.0000001       4.96175043E-05 -2.71335753E-05 -2.26017008E-04
     -0.0000000       0.0000001      -0.0000001       7.28182026E-06 -5.87117504E-06 -2.69578590E-04
     -0.0000000       0.0000001       0.0000000       5.13184260E-05 -3.54361580E-05 -3.23950170E-04
      0.0000001      -0.0000001       0.0000001       5.21603954E-05 -2.82855984E-05 -3.21105623E-04
      0.0000001      -0.0000001      -0.0000001       7.23621306E-06 -5.82350574E-06 -2.80540783E-04
      0.0000001      -0.0000001       0.0000000       5.15785065E-05 -3.52600305E-05 -2.24460016E-04
      0.0000001      -0.0000000       0.0000001       9.22619686E-06  9.57719415E-09 -2.93378036E-04
      0.0000001      -0.0000000      -0.0000001       4.24444370E-06 -3.37846512E-08 -2.76028229E-04
      0.0000001      -0.0000000       0.0000000       1.04170642E-05  6.51680209E-09 -2.62834700E-04
      0.0000001       0.0000001       0.0000001       5.21722760E-05  2.82828387E-05 -3.21114760E-04
      0.0000001       0.0000001      -0.0000001       7.23833794E-06  5.85379609E-06 -2.80531606E-04
      0.0000001       0.0000001       0.0000000       5.15816234E-05  3.53015404E-05 -2.24459525E-04
      0.0188972       0.0000000      -0.0000001      -2.92419240E-03 -2.38632176E-07 -5.48093633E-05
     -0.0000001       0.0000000       0.0000000      -7.02831662E-05 -2.98390925E-07 -6.22035182E-05
     -0.0000001       0.0000000       0.0000001      -7.00649421E-05  1.87856234E-07 -6.19117059E-05
     -0.0000001       0.0000001      -0.0000001       4.34143350E-06 -6.62974881E-07 -6.12089526E-05
     -0.0000001       0.0000001       0.0000000      -1.74882125E-05 -1.37803550E-06 -6.31644294E-05
     -0.0000001       0.0000001       0.0000001      -1.76427675E-05  2.51304880E-07 -6.18713405E-05
     -0.0000001      -0.0000001      -0.0000001       4.35120653E-06  3.32885322E-07 -6.11962016E-05
     -0.0000001      -0.0000001       0.0000000      -1.74890568E-05  8.25244502E-07 -6.31723751E-05
     -0.0000001      -0.0000001       0.0000001      -1.75994597E-05  1.65544395E-07 -6.19000461E-05
     -0.0000000       0.0000000      -0.0000001       1.24820807E-04 -1.68065995E-07 -5.59884139E-05
     -0.0000000       0.0000000       0.0000000       6.61189572E-05 -2.99336400E-07 -8.17890204E-08
     -0.0000000       0.0000000       0.0000001       6.69842553E-05  1.88313500E-07 -1.25632227E-04
     -0.0000000       0.0000001      -0.0000001       5.26487323E-05  8.72257551E-05 -6.68471805E-05
     -0.0000000       0.0000001       0.0000000       8.97328028E-06  1.42738629E-05 -5.66755927E-05
     -0.0000000       0.0000001       0.0000001       8.72519169E-06  1.91431852E-05 -6.95451800E-05
     -0.0000000      -0.0000001      -0.0000001       5.26591544E-05 -8.75657396E-05 -6.68362448E-05
     -0.0000000      -0.0000001       0.0000000       8.97270398E-06 -1.48326069E-05 -5.66823504E-05
     -0.0000000      -0.0000001       0.0000001       8.76791783E-06 -1.87270057E-05 -6.95714159E-05
      0.0000001       0.0000000      -0.0000001       1.22651160E-04 -1.69425028E-07 -6.65767194E-05
      0.0000001       0.0000000       0.0000000       6.68551114E-05 -2.98835596E-07 -1.24601061E-04
      0.0000001       0.0000000       0.0000001       6.63669195E-05  1.88537521E-07  1.12062306E-06
      0.0000001       0.0000001      -0.0000001       5.35307581E-05 -8.75145482E-05 -5.67854596E-05
      0.0000001       0.0000001       0.0000000       8.85136617E-06 -1.32995770E-05 -6.80657491E-05
      0.0000001       0.0000001       0.0000001       8.60805279E-06 -1.84726893E-05 -5.45401937E-05
      0.0000001      -0.0000001      -0.0000001       5.35300049E-05  8.71787092E-05 -5.67816555E-05
      0.0000001      -0.0000001       0.0000000       8.82855745E-06  1.27434243E-05 -6.80736473E-05
      0.0000001      -0.0000001       0.0000001       8.64576626E-06  1.88889529E-05 -5.45672719E-05
      0.0000000      -0.0000001      -0.0000001       4.03049640E-04 -5.33212961E-04 -7.72923367E-05
      0.0000000      -0.0000001       0.0000000      -2.93639482E-05 -3.23692365E-05 -1.00389607E-04
      0.0000000      -0.0000001       0.0000001      -3.60323810E-05 -3.19190873E-05 -3.08360446E-05
      0.0000000      -0.0000000      -0.0000001      -2.94462344E-05 -3.77474886E-08 -6.53781842E-05
      0.0000000      -0.0000000       0.0000000      -9.85633983E-06 -1.33298592E-08 -7.18197061E-05
      0.0000000      -0.0000000       0.0000001      -1.46136066E-05  9.55150972E-08 -5.48160958E-05
      0.0000000       0.0000001      -0.0000001       4.03038690E-04  5.33172419E-04 -7.72970789E-05
      0.0000000       0.0000001       0.0000000      -2.93652323E-05  3.25030527E-05 -1.00385958E-04
      0.0000000       0.0000001       0.0000001      -3.60325629E-05  3.19068048E-05 -3.08381910E-05
      0.0000001      -0.0000001      -0.0000001       4.03834143E-04  5.34968340E-04 -4.13782576E-05
      0.0000001      -0.0000001       0.0000000      -2.97798682E-05  3.24313497E-05 -2.51667002E-05
      0.0000001      -0.0000001       0.0000001      -3.63447784E-05  3.26057926E-05 -9.33229971E-05
      0.0000001      -0.0000000      -0.0000001      -3.07081793E-05 -2.65336799E-08 -5.77373494E-05
      0.0000001      -0.0000000       0.0000000      -1.30991168E-05 -1.37151848E-08 -5.19089144E-05
      0.0000001      -0.0000000       0.0000001      -1.48428251E-05  1.37911784E-07 -6.91106192E-05
      0.0000001       0.0000001      -0.0000001       4.03821139E-04 -5.34988104E-04 -4.13813219E-05
      0.0000001       0.0000001       0.0000000      -2.97820236E-05 -3.23173962E-05 -2.51671598E-05
      0.0000001       0.0000001       0.0000001      -3.63463787E-05 -3.25377044E-05 -9.33219100E-05
     -0.0000001      -0.0000001      -0.0000001       1.90712820E-04  4.49861392E-07 -6.05576192E-05
     -0.0000001      -0.0000001       0.0000000       5.52028369E-05 -5.17392379E-07 -6.19465545E-05
     -0.0000001      -0.0000001       0.0000001       6.94837304E-05  1.90777414E-07 -6.21065759E-05
     -0.0000001      -0.0000000      -0.0000001       7.45467404E-05 -1.48189580E-08 -6.13204300E-05
     -0.0000001      -0.0000000       0.0000000       2.48630409E-05 -1.43879877E-08 -6.23332800E-05
     -0.0000001      -0.0000000       0.0000001       2.98500837E-05  1.80223987E-07 -6.20413322E-05
     -0.0000001       0.0000001      -0.0000001       1.90714554E-04 -4.66210658E-07 -6.05576248E-05
     -0.0000001       0.0000001       0.0000000       5.52025290E-05  6.08378382E-07 -6.19461989E-05
     -0.0000001       0.0000001       0.0000001       6.94834898E-05 -4.15489694E-08 -6.21042622E-05
     -0.0000001      -0.0000001      -0.0000001       8.64129747E-04 -5.10693388E-07 -2.27289445E-05
     -0.0000001      -0.0000001       0.0000000       9.38999194E-05  4.48698702E-08 -2.04920824E-05
     -0.0000001      -0.0000001       0.0000001       1.09030015E-04 -3.31113970E-07 -2.13415836E-05
     -0.0000001      -0.0000000      -0.0000001       7.84007164E-05  2.19070392E-07 -2.12363882E-05
     -0.0000001      -0.0000000       0.0000000       3.42638801E-05  2.62862610E-07 -2.11847630E-05
     -0.0000001      -0.0000000       0.0000001       3.76197765E-05 -9.78682423E-08 -2.08983200E-05
     -0.0000001       0.0000001      -0.0000001       8.64098000E-04  9.86814441E-07 -2.27118726E-05
     -0.0000001       0.0000001       0.0000000       9.38736427E-05  4.15994315E-07 -2.04844021E-05
     -0.0000001       0.0000001       0.0000001       1.09021218E-04  1.07389718E-08 -2.13430928E-05
     -0.0000000      -0.0000001      -0.0000001      -3.61328231E-04 -8.73737611E-05 -4.22487988E-05
     -0.0000000      -0.0000001       0.0000000      -4.60393380E-05 -4.39568575E-05 -6.55246397E-05
     -0.0000000      -0.0000001       0.0000001      -5.47594835E-05 -5.36318332E-05  3.79056102E-05
     -0.0000000      -0.0000000      -0.0000001      -3.74529857E-05  1.83389060E-07 -2.82861797E-05
     -0.0000000      -0.0000000       0.0000000      -1.70523606E-05  2.11405403E-07 -3.12340764E-05
     -0.0000000      -0.0000000       0.0000001      -1.89685822E-05 -1.20439115E-07 -9.43494476E-06
     -0.0000000       0.0000001      -0.0000001      -3.61347184E-04  8.77625999E-05 -4.22434980E-05
     -0.0000000       0.0000001       0.0000000      -4.60655065E-05  4.43234873E-05 -6.55134485E-05
     -0.0000000       0.0000001       0.0000001      -5.47673203E-05  5.32633327E-05  3.79092820E-05
      0.0000001      -0.0000001      -0.0000001      -3.62617962E-04  8.82727596E-05 -4.66991592E-06
      0.0000001      -0.0000001       0.0000000      -4.70969473E-05  4.42865292E-05  2.24002489E-05
      0.0000001      -0.0000001       0.0000001      -5.50466864E-05  5.28697436E-05 -7.89281466E-05
      0.0000001      -0.0000000      -0.0000001      -3.84157964E-05  1.91851851E-07 -1.38655163E-05
      0.0000001      -0.0000000       0.0000000      -1.76709494E-05  2.36931641E-07 -1.13684150E-05
      0.0000001      -0.0000000       0.0000001      -1.93708763E-05 -1.06323554E-07 -3.19507153E-05
      0.0000001       0.0000001      -0.0000001      -3.62653735E-04 -8.78661308E-05 -4.64469027E-06
      0.0000001       0.0000001       0.0000000      -4.71178834E-05 -4.38722384E-05  2.24117072E-05
      0.0000001       0.0000001       0.0000001      -5.50641734E-05 -5.32130230E-05 -7.89186310E-05
# Displacement: 8,  E_pot (hartree): -29718.696017178
      0.0000000       0.0000000       0.0000001      -3.69808415E-06  4.17375469E-04  4.14218489E-04
      0.0000000       0.0000000      -0.0000001      -3.31041613E-06  5.35617081E-04  4.24393093E-04
      0.0000000       0.0000000       0.0000000       4.55640997E-08  6.75499386E-05  4.19249110E-04
      0.0000000       0.0000001       0.0000001       8.83062723E-05 -1.25454822E-04  5.52500754E-04
      0.0000000       0.0000001      -0.0000001       1.43481627E-04 -1.91621280E-04  2.88994210E-04
      0.0000000       0.0000001       0.0000000       1.62955536E-05 -3.39321974E-05  4.21330849E-04
      0.0000000      -0.0000001       0.0000001      -8.77182265E-05 -1.26567117E-04  2.85309805E-04
      0.0000000      -0.0000001      -0.0000001      -1.44651749E-04 -1.94225343E-04  5.54199161E-04
      0.0000000      -0.0000001       0.0000000      -1.61225967E-05 -3.41939024E-05  4.18155379E-04
      0.0000001       0.0000000       0.0000001       3.56797650E-06  4.17367723E-04  4.14200839E-04
      0.0000001       0.0000000      -0.0000001       3.39425677E-06  5.35625699E-04  4.24425941E-04
      0.0000001       0.0000000       0.0000000      -2.63868903E-07  6.75360856E-05  4.19446145E-04
      0.0000001       0.0000001       0.0000001      -8.84694081E-05 -1.25466626E-04  5.52503373E-04
      0.0000001       0.0000001      -0.0000001      -1.43394358E-04 -1.91622332E-04  2.89022759E-04
      0.0000001       0.0000001       0.0000000      -1.65269549E-05 -3.39312895E-05  4.21529986E-04
      0.0000001      -0.0000001       0.0000001       8.75287872E-05 -1.26570949E-04  2.85326475E-04
      0.0000001      -0.0000001      -0.0000001       1.44716371E-04 -1.94223526E-04  5.54217659E-04
      0.0000001      -0.0000001       0.0000000       1.58770497E-05 -3.42080346E-05  4.18356941E-04
     -0.0000001       0.0000000       0.0000001      -4.58822494E-08  6.55434905E-05  4.18272917E-04
     -0.0000001       0.0000000      -0.0000001       7.00699793E-08  9.45117274E-05  4.21111054E-04
     -0.0000001       0.0000000       0.0000000      -2.79663734E-08  3.89076905E-05  4.19971150E-04
     -0.0000001       0.0000001       0.0000001      -5.21975834E-08 -3.27360511E-05  4.44906021E-04
     -0.0000001       0.0000001      -0.0000001       6.94844262E-08 -4.64228888E-05  3.94908460E-04
     -0.0000001       0.0000001       0.0000000      -4.19212279E-08 -1.93692518E-05  4.19844252E-04
     -0.0000001      -0.0000001       0.0000001      -5.52025885E-08 -3.31608410E-05  3.91782339E-04
     -0.0000001      -0.0000001      -0.0000001       6.72780165E-08 -4.74825273E-05  4.45647909E-04
     -0.0000001      -0.0000001       0.0000000      -5.46647220E-08 -1.96584030E-05  4.20775790E-04
     -0.0000001      -0.0000001       0.0000001      -1.51575717E-09  4.05363363E-04  9.66681852E-04
     -0.0000001      -0.0000001      -0.0000001      -3.94740797E-08 -2.51454810E-05 -2.30045341E-04
     -0.0000001      -0.0000001       0.0000000       3.86084308E-09  2.43982502E-04 -1.08513749E-03
     -0.0000001      -0.0000000       0.0000001       1.63582772E-09  1.94169662E-04 -2.72857432E-04
     -0.0000001      -0.0000000      -0.0000001      -3.10704447E-08  5.51088454E-05 -2.74567568E-04
     -0.0000001      -0.0000000       0.0000000       9.40251656E-09  1.62554492E-04 -2.75778436E-04
     -0.0000001       0.0000001       0.0000001       9.91201252E-09  4.12251837E-04 -1.49758771E-03
     -0.0000001       0.0000001      -0.0000001      -3.54325670E-08 -2.46122754E-05 -3.18634815E-04
     -0.0000001       0.0000001       0.0000000       1.33754739E-08  2.46813258E-04  5.34525270E-04
     -0.0000000      -0.0000001       0.0000001       5.33763395E-05 -4.40455766E-05 -1.56832922E-04
     -0.0000000      -0.0000001      -0.0000001       1.08228172E-05 -1.43373721E-05 -2.63140922E-04
     -0.0000000      -0.0000001       0.0000000       3.88622569E-05 -3.60901109E-05 -3.54788544E-04
     -0.0000000      -0.0000000       0.0000001       4.14273959E-07  8.42309801E-05 -2.75455163E-04
     -0.0000000      -0.0000000      -0.0000001       1.09596915E-08  2.84024495E-05 -2.74952942E-04
     -0.0000000      -0.0000000       0.0000000       1.39144817E-07  6.13230726E-05 -2.74736792E-04
     -0.0000000       0.0000001       0.0000001      -5.60699389E-05 -4.14195252E-05 -3.89230053E-04
     -0.0000000       0.0000001      -0.0000001      -1.06897119E-05 -1.38437356E-05 -2.86434951E-04
     -0.0000000       0.0000001       0.0000000      -3.97060193E-05 -3.45219089E-05 -1.93997883E-04
      0.0000001      -0.0000001       0.0000001      -5.34137644E-05 -4.40382219E-05 -1.56821005E-04
      0.0000001      -0.0000001      -0.0000001      -1.08010482E-05 -1.43414714E-05 -2.63150707E-04
      0.0000001      -0.0000001       0.0000000      -3.88297408E-05 -3.60930357E-05 -3.54788846E-04
      0.0000001      -0.0000000       0.0000001      -4.39329741E-07  8.42376186E-05 -2.75444858E-04
      0.0000001      -0.0000000      -0.0000001       2.45310104E-08  2.83979886E-05 -2.74960212E-04
      0.0000001      -0.0000000       0.0000000      -9.37833033E-08  6.13200373E-05 -2.74733899E-04
      0.0000001       0.0000001       0.0000001       5.60572567E-05 -4.14045778E-05 -3.89234872E-04
      0.0000001       0.0000001      -0.0000001       1.07179397E-05 -1.38464108E-05 -2.86443482E-04
      0.0000001       0.0000001       0.0000000       3.97454996E-05 -3.45246356E-05 -1.93995973E-04
     -0.0000001       0.0188973      -0.0000001      -1.90080563E-08 -5.82690948E-03 -7.72770568E-05
     -0.0000001       0.0000000       0.0000000      -1.38963403E-08 -2.86052076E-04 -6.24354482E-05
     -0.0000001       0.0000000       0.0000001       9.51113438E-08 -2.88224016E-04 -6.16910905E-05
     -0.0000001       0.0000001      -0.0000001      -2.03386665E-08  1.70709256E-03 -1.94925802E-04
     -0.0000001       0.0000001       0.0000000      -1.39940158E-08  1.41898546E-04  3.81906982E-05
     -0.0000001       0.0000001       0.0000001       1.38009462E-07  1.42856104E-04 -1.06616334E-04
     -0.0000001      -0.0000001      -0.0000001      -1.04734429E-08  1.68725104E-03  7.05469821E-05
     -0.0000001      -0.0000001       0.0000000      -1.49259050E-08  1.44443536E-04 -1.62838945E-04
     -0.0000001      -0.0000001       0.0000001       1.80733794E-07  1.44239849E-04 -1.80470123E-05
     -0.0000000       0.0000000      -0.0000001       3.14094415E-07 -3.85964784E-04 -6.13970067E-05
     -0.0000000       0.0000000       0.0000000      -1.23611104E-06 -8.96434204E-05 -6.33297273E-05
     -0.0000000       0.0000000       0.0000001      -6.99010514E-07 -8.88032759E-05 -6.13975091E-05
     -0.0000000       0.0000001      -0.0000001       8.91720589E-05  2.03514469E-04 -6.21821899E-05
     -0.0000000       0.0000001       0.0000000       2.10526545E-05  4.39660502E-05 -3.20209031E-05
     -0.0000000       0.0000001       0.0000001       1.63318164E-05  4.41121233E-05 -7.48551026E-05
     -0.0000000      -0.0000001      -0.0000001      -8.93546200E-05  2.04876467E-04 -6.09701586E-05
     -0.0000000      -0.0000001       0.0000000      -2.04139550E-05  4.33714917E-05 -9.23243958E-05
     -0.0000000      -0.0000001       0.0000001      -1.59453559E-05  4.51033899E-05 -4.95998660E-05
      0.0000001       0.0000000      -0.0000001      -3.48812554E-07 -3.85965162E-04 -6.13963567E-05
      0.0000001       0.0000000       0.0000000       1.37411699E-06 -8.96428331E-05 -6.33281327E-05
      0.0000001       0.0000000       0.0000001       6.86329565E-07 -8.88027430E-05 -6.13954543E-05
      0.0000001       0.0000001      -0.0000001      -8.91988016E-05  2.03518769E-04 -6.21813847E-05
      0.0000001       0.0000001       0.0000000      -2.09386601E-05  4.39690201E-05 -3.20201959E-05
      0.0000001       0.0000001       0.0000001      -1.62635057E-05  4.41128163E-05 -7.48549582E-05
      0.0000001      -0.0000001      -0.0000001       8.93383128E-05  2.04876104E-04 -6.09764886E-05
      0.0000001      -0.0000001       0.0000000       2.05045276E-05  4.33716525E-05 -9.23243970E-05
      0.0000001      -0.0000001       0.0000001       1.60944246E-05  4.51033678E-05 -4.96013944E-05
      0.0000000      -0.0000001      -0.0000001      -1.25504148E-03  3.94436797E-04 -1.10467220E-04
      0.0000000      -0.0000001       0.0000000      -8.18882191E-05 -4.11509648E-05  1.28042021E-06
      0.0000000      -0.0000001       0.0000001      -8.19477746E-05 -3.41195101E-05 -9.07397638E-05
      0.0000000      -0.0000000      -0.0000001      -1.74562250E-06  1.97913041E-04 -6.15220557E-05
      0.0000000      -0.0000000       0.0000000       8.29429522E-07  7.71797000E-05 -6.15049384E-05
      0.0000000      -0.0000000       0.0000001       6.09292174E-08  6.38074409E-05 -6.22507769E-05
      0.0000000       0.0000001      -0.0000001       1.24395065E-03  4.02310712E-04 -9.13304818E-06
      0.0000000       0.0000001       0.0000000       8.00871736E-05 -3.95588224E-05 -1.26453621E-04
      0.0000000       0.0000001       0.0000001       8.24968480E-05 -3.27563445E-05 -3.28048080E-05
      0.0000001      -0.0000001      -0.0000001       1.25515125E-03  3.94462728E-04 -1.10453132E-04
      0.0000001      -0.0000001       0.0000000       8.14049029E-05 -4.11512712E-05  1.27299276E-06
      0.0000001      -0.0000001       0.0000001       8.23783555E-05 -3.40766274E-05 -9.07690939E-05
      0.0000001      -0.0000000      -0.0000001       1.81941434E-06  1.97924305E-04 -6.15111540E-05
      0.0000001      -0.0000000       0.0000000      -1.31915092E-06  7.71793800E-05 -6.15106497E-05
      0.0000001      -0.0000000       0.0000001       3.67631779E-07  6.38498213E-05 -6.22763976E-05
      0.0000001       0.0000001      -0.0000001      -1.24386395E-03  4.02299193E-04 -9.12066361E-06
      0.0000001       0.0000001       0.0000000      -8.05738401E-05 -3.95793358E-05 -1.26464331E-04
      0.0000001       0.0000001       0.0000001      -8.20680816E-05 -3.27177881E-05 -3.28307864E-05
     -0.0000001      -0.0000001      -0.0000001       3.62175474E-08 -3.16313095E-05 -9.04771671E-05
     -0.0000001      -0.0000001       0.0000000      -2.63503954E-07 -1.83814921E-05 -4.67941605E-05
     -0.0000001      -0.0000001       0.0000001       1.94844501E-07 -1.47615770E-05 -7.16722508E-05
     -0.0000001      -0.0000000      -0.0000001       4.04814421E-08  7.86159641E-05 -6.12112119E-05
     -0.0000001      -0.0000000       0.0000000      -2.64121269E-07  3.40767791E-05 -6.22829173E-05
     -0.0000001      -0.0000000       0.0000001       1.94538606E-07  3.01642361E-05 -6.22826831E-05
     -0.0000001       0.0000001      -0.0000001       3.75112281E-08 -3.17877352E-05 -3.03616714E-05
     -0.0000001       0.0000001       0.0000000      -2.64055354E-07 -1.67033311E-05 -7.70368593E-05
     -0.0000001       0.0000001       0.0000001       1.94582432E-07 -1.44405486E-05 -5.27272906E-05
     -0.0000001      -0.0000001      -0.0000001      -5.55850465E-09 -1.71228949E-04  3.81451370E-05
     -0.0000001      -0.0000001       0.0000000       2.30491728E-07  1.22795494E-04 -4.94790988E-04
     -0.0000001      -0.0000001       0.0000001      -1.02735025E-07  1.19191673E-04  3.90117094E-04
     -0.0000001      -0.0000000      -0.0000001      -2.83404548E-08 -1.41612834E-03 -2.19190711E-05
     -0.0000001      -0.0000000       0.0000000       1.79163029E-07 -2.44449870E-04 -2.26582730E-05
     -0.0000001      -0.0000000       0.0000001      -1.25744996E-07 -2.23281680E-04 -1.97372290E-05
     -0.0000001       0.0000001      -0.0000001      -5.06001226E-09 -3.22172029E-04 -7.95433984E-05
     -0.0000001       0.0000001       0.0000000       2.04611940E-07  1.21008662E-04  4.46694571E-04
     -0.0000001       0.0000001       0.0000001      -1.11457898E-07  1.16634337E-04 -4.32340146E-04
     -0.0000000      -0.0000001      -0.0000001      -6.19066252E-04  1.52438509E-04 -6.06221848E-05
     -0.0000000      -0.0000001       0.0000000      -5.52160837E-05  5.68439816E-05 -8.21422943E-05
     -0.0000000      -0.0000001       0.0000001      -5.12125807E-05  5.11856393E-05  2.80890527E-05
     -0.0000000      -0.0000000      -0.0000001      -1.13174818E-06 -2.96173280E-04 -2.11576568E-05
     -0.0000000      -0.0000000       0.0000000      -4.38003177E-08 -1.08080218E-04 -2.18218823E-05
     -0.0000000      -0.0000000       0.0000001      -2.76606189E-07 -9.85563860E-05 -2.03945983E-05
     -0.0000000       0.0000001      -0.0000001       6.19325419E-04  1.48506631E-04  1.31692285E-05
     -0.0000000       0.0000001       0.0000000       5.60612065E-05  5.46501854E-05  3.85351928E-05
     -0.0000000       0.0000001       0.0000001       5.17662103E-05  4.88395612E-05 -6.99458737E-05
      0.0000001      -0.0000001      -0.0000001       6.19069266E-04  1.52480985E-04 -6.06437169E-05
      0.0000001      -0.0000001       0.0000000       5.56084166E-05  5.68700917E-05 -8.21484562E-05
      0.0000001      -0.0000001       0.0000001       5.08813164E-05  5.12008374E-05  2.80797706E-05
      0.0000001      -0.0000000      -0.0000001       1.10326121E-06 -2.96164341E-04 -2.11808409E-05
      0.0000001      -0.0000000       0.0000000       3.40262102E-07 -1.08054034E-04 -2.18306552E-05
      0.0000001      -0.0000000       0.0000001      -1.04838721E-07 -9.85411202E-05 -2.04045722E-05
      0.0000001       0.0000001      -0.0000001      -6.19340980E-04  1.48509327E-04  1.31702806E-05
      0.0000001       0.0000001       0.0000000      -5.57156533E-05  5.46727541E-05  3.85296322E-05
      0.0000001       0.0000001       0.0000001      -5.21230243E-05  4.88492987E-05 -6.99483666E-05
# Displacement: 9,  E_pot (hartree): -29718.696027993
      0.0000000       0.0000000       0.0000001      -2.46494913E-05 -3.93740721E-08  5.85030485E-04
      0.0000000       0.0000000      -0.0000001       1.77209608E-04  7.21240634E-08  4.35325959E-04
      0.0000000       0.0000000       0.0000000      -5.02110949E-06 -2.75104749E-08  3.28523351E-04
      0.0000000       0.0000001       0.0000001      -1.96953433E-05  4.44485900E-05  4.65366562E-04
      0.0000000       0.0000001      -0.0000001       4.11714895E-05 -3.97091297E-05  4.17979236E-04
      0.0000000       0.0000001       0.0000000      -1.43777122E-06  3.57362271E-06  3.77009407E-04
      0.0000000      -0.0000001       0.0000001      -1.97050617E-05 -4.45978511E-05  4.65359642E-04
      0.0000000      -0.0000001      -0.0000001       4.11655597E-05  3.97921362E-05  4.18017395E-04
      0.0000000      -0.0000001       0.0000000      -1.45280036E-06 -3.79211795E-06  3.77205774E-04
      0.0000001       0.0000000       0.0000001       2.45224773E-05 -4.44570159E-08  5.85006152E-04
      0.0000001       0.0000000      -0.0000001      -1.77135022E-04  7.81078203E-08  4.35335982E-04
      0.0000001       0.0000000       0.0000000       4.80258241E-06 -4.12384516E-08  3.28720426E-04
      0.0000001       0.0000001       0.0000001       1.95323161E-05  4.44370667E-05  4.65369069E-04
      0.0000001       0.0000001      -0.0000001      -4.10863901E-05 -3.97124228E-05  4.18006906E-04
      0.0000001       0.0000001       0.0000000       1.20635447E-06  3.57454097E-06  3.77208394E-04
      0.0000001      -0.0000001       0.0000001       1.95167876E-05 -4.46049379E-05  4.65375688E-04
      0.0000001      -0.0000001      -0.0000001      -4.11004425E-05  3.97935089E-05  4.18035800E-04
      0.0000001      -0.0000001       0.0000000       1.20710575E-06 -3.80622397E-06  3.77407051E-04
     -0.0000001       0.0000000       0.0000001      -4.56909060E-08 -5.76064005E-08  4.53127051E-04
     -0.0000001       0.0000000      -0.0000001       7.02893402E-08  7.06075101E-08  4.34691545E-04
     -0.0000001       0.0000000       0.0000000      -2.77526119E-08 -5.62994792E-08  3.71790694E-04
     -0.0000001       0.0000001       0.0000001      -5.22629475E-08  1.14513528E-05  4.41274554E-04
     -0.0000001       0.0000001      -0.0000001       6.95287687E-08 -3.65911421E-06  4.21598869E-04
     -0.0000001       0.0000001       0.0000000      -4.18144733E-08  9.00760271E-07  3.95379922E-04
     -0.0000001      -0.0000001       0.0000001      -5.51974938E-08 -1.16369342E-05  4.41287433E-04
     -0.0000001      -0.0000001      -0.0000001       6.73401930E-08  3.72429827E-06  4.21620778E-04
     -0.0000001      -0.0000001       0.0000000      -5.45047461E-08 -1.14429737E-06  3.95581075E-04
     -0.0000001      -0.0000001       0.0000001      -2.13583094E-09  5.95772097E-04 -4.13909514E-05
     -0.0000001      -0.0000001      -0.0000001      -3.92948844E-08 -4.49347637E-06 -1.34064753E-04
     -0.0000001      -0.0000001       0.0000000       2.79035560E-09 -3.98593108E-04  1.14763108E-04
     -0.0000001      -0.0000000       0.0000001       1.73256434E-09 -1.92872419E-09 -2.74225099E-04
     -0.0000001      -0.0000000      -0.0000001      -3.08688037E-08 -3.79340161E-08 -2.19725845E-04
     -0.0000001      -0.0000000       0.0000000       9.47136682E-09  2.22550159E-09 -3.27306617E-04
     -0.0000001       0.0000001       0.0000001       1.27045267E-08 -5.95811726E-04 -4.13851529E-05
     -0.0000001       0.0000001      -0.0000001      -3.53048307E-08  4.51586267E-06 -1.34056765E-04
     -0.0000001       0.0000001       0.0000000       1.24909777E-08  3.98623476E-04  1.14760671E-04
     -0.0000000      -0.0000001       0.0000001       3.03264198E-05  2.60755685E-05 -3.13218734E-04
     -0.0000000      -0.0000001      -0.0000001      -6.12250262E-07 -5.18149127E-07 -2.10666448E-04
     -0.0000000      -0.0000001       0.0000000      -3.77981343E-05 -4.69407018E-05 -2.97045880E-04
     -0.0000000      -0.0000000       0.0000001       1.20851736E-05  1.87840426E-09 -2.88251203E-04
     -0.0000000      -0.0000000      -0.0000001       7.69555865E-08 -2.94020422E-08 -2.45098078E-04
     -0.0000000      -0.0000000       0.0000000      -3.88813485E-06  9.22036970E-09 -2.94355910E-04
     -0.0000000       0.0000001       0.0000001       3.03370797E-05 -2.61016379E-05 -3.13213624E-04
     -0.0000000       0.0000001      -0.0000001      -6.07750781E-07  5.54195304E-07 -2.10659829E-04
     -0.0000000       0.0000001       0.0000000      -3.77956934E-05  4.69874472E-05 -2.97047973E-04
      0.0000001      -0.0000001       0.0000001      -3.03633637E-05  2.60836855E-05 -3.13206934E-04
      0.0000001      -0.0000001      -0.0000001       6.34065073E-07 -5.22270062E-07 -2.10676145E-04
      0.0000001      -0.0000001       0.0000000       3.78315139E-05 -4.69440885E-05 -2.97045203E-04
      0.0000001      -0.0000000       0.0000001      -1.21102315E-05  8.46772963E-09 -2.88240678E-04
      0.0000001      -0.0000000      -0.0000001      -4.15493433E-08 -3.38825759E-08 -2.45105427E-04
      0.0000001      -0.0000000       0.0000000       3.93354981E-06  6.09595129E-09 -2.94353019E-04
      0.0000001       0.0000001       0.0000001      -3.03497565E-05 -2.60861112E-05 -3.13218532E-04
      0.0000001       0.0000001      -0.0000001       6.35970875E-07  5.51512868E-07 -2.10668214E-04
      0.0000001       0.0000001       0.0000000       3.78351496E-05  4.69843013E-05 -2.97045884E-04
     -0.0000001       0.0000000       0.0188972      -2.93485498E-08 -1.56398623E-07 -2.92987051E-03
     -0.0000001       0.0000000       0.0000000      -1.38721470E-08 -2.98034691E-07  5.29502771E-05
     -0.0000001       0.0000000       0.0000001       9.51926483E-08  1.88780730E-07  5.19601953E-05
     -0.0000001       0.0000001      -0.0000001      -1.91954939E-08  1.32087302E-04 -9.83041880E-05
     -0.0000001       0.0000001       0.0000000      -1.39595340E-08  4.35225903E-05 -2.29168518E-05
     -0.0000001       0.0000001       0.0000001       1.37899497E-07 -1.00053639E-04 -2.24781461E-05
     -0.0000001      -0.0000001      -0.0000001      -7.25855006E-09 -1.32423757E-04 -9.82940641E-05
     -0.0000001      -0.0000001       0.0000000      -1.48116915E-08 -4.40736902E-05 -2.29247465E-05
     -0.0000001      -0.0000001       0.0000001       1.80827089E-07  1.00470930E-04 -2.25086085E-05
     -0.0000000       0.0000000      -0.0000001      -4.01502009E-06 -1.68195104E-07 -1.49481518E-04
     -0.0000000       0.0000000       0.0000000       6.19817692E-05 -2.98356201E-07  1.34717193E-05
     -0.0000000       0.0000000       0.0000001      -6.24450647E-05  1.88243166E-07  1.37500314E-05
     -0.0000000       0.0000001      -0.0000001       4.12311840E-06 -1.32895846E-07 -8.42408194E-05
     -0.0000000       0.0000001       0.0000000       7.69232271E-06  1.32800884E-05 -5.10169040E-05
     -0.0000000       0.0000001       0.0000001      -5.58308241E-06 -3.00572955E-05 -5.06072817E-05
     -0.0000000      -0.0000001      -0.0000001       4.13363442E-06 -2.07565407E-07 -8.42301330E-05
     -0.0000000      -0.0000001       0.0000000       7.69160142E-06 -1.38381240E-05 -5.10228642E-05
     -0.0000000      -0.0000001       0.0000001      -5.54075815E-06  3.04733784E-05 -5.06337460E-05
      0.0000001       0.0000000      -0.0000001       3.98085113E-06 -1.69311371E-07 -1.49480768E-04
      0.0000001       0.0000000       0.0000000      -6.18442952E-05 -2.97498292E-07  1.34736146E-05
      0.0000001       0.0000000       0.0000001       6.24322000E-05  1.88873107E-07  1.37519497E-05
      0.0000001       0.0000001      -0.0000001      -4.14979942E-06 -1.28169354E-07 -8.42398093E-05
      0.0000001       0.0000001       0.0000000      -7.57827145E-06  1.32832169E-05 -5.10163201E-05
      0.0000001       0.0000001       0.0000001       5.65132509E-06 -3.00566247E-05 -5.06071566E-05
      0.0000001      -0.0000001      -0.0000001      -4.15024291E-06 -2.08363919E-07 -8.42364404E-05
      0.0000001      -0.0000001       0.0000000      -7.60098634E-06 -1.38380012E-05 -5.10230312E-05
      0.0000001      -0.0000001       0.0000001       5.68982783E-06  3.04732489E-05 -5.06351318E-05
      0.0000000      -0.0000001      -0.0000001      -4.92434063E-05 -2.15387498E-05 -2.42878342E-04
      0.0000000      -0.0000001       0.0000000      -2.91646420E-05  3.02966875E-05 -8.14931729E-06
      0.0000000      -0.0000001       0.0000001       6.46665952E-05 -3.74069650E-05 -7.21966153E-06
      0.0000000      -0.0000000      -0.0000001      -2.94240064E-05 -3.75516155E-08 -8.67350746E-05
      0.0000000      -0.0000000       0.0000000      -1.07647385E-05 -1.31195799E-08 -4.62213798E-05
      0.0000000      -0.0000000       0.0000001       1.50427109E-05  9.56777814E-08 -5.37423905E-05
      0.0000000       0.0000001      -0.0000001      -4.92479734E-05  2.15033379E-05 -2.42882673E-04
      0.0000000       0.0000001       0.0000000      -2.91655654E-05 -3.01602088E-05 -8.14900455E-06
      0.0000000       0.0000001       0.0000001       6.46665934E-05  3.73945983E-05 -7.22158152E-06
      0.0000001      -0.0000001      -0.0000001       4.93454555E-05 -2.15200288E-05 -2.42861751E-04
      0.0000001      -0.0000001       0.0000000       2.86815140E-05  3.02958645E-05 -8.15679157E-06
      0.0000001      -0.0000001       0.0000001      -6.42361847E-05 -3.73646432E-05 -7.24889362E-06
      0.0000001      -0.0000000      -0.0000001       2.94981603E-05 -2.62402513E-08 -8.67242908E-05
      0.0000001      -0.0000000       0.0000000       1.02750400E-05 -1.33917192E-08 -4.62269843E-05
      0.0000001      -0.0000000       0.0000001      -1.46140293E-05  1.38135997E-07 -5.37681087E-05
      0.0000001       0.0000001      -0.0000001       4.93417033E-05  2.14915643E-05 -2.42864744E-04
      0.0000001       0.0000001       0.0000000       2.86794118E-05 -3.01830368E-05 -8.15572757E-06
      0.0000001       0.0000001       0.0000001      -6.42379249E-05  3.74330894E-05 -7.24763461E-06
     -0.0000001      -0.0000001      -0.0000001       3.93525641E-08 -2.54725065E-06 -8.51268337E-05
     -0.0000001      -0.0000001       0.0000000      -2.63701499E-07  6.23571189E-06 -5.37046431E-05
     -0.0000001      -0.0000001       0.0000001       1.94726639E-07 -1.00736341E-05 -4.62635681E-05
     -0.0000001      -0.0000000      -0.0000001       4.05238773E-08 -1.47136558E-08 -7.61222916E-05
     -0.0000001      -0.0000000       0.0000000      -2.64137679E-07 -1.43211076E-08 -5.60259689E-05
     -0.0000001      -0.0000000       0.0000001       1.94381242E-07  1.80318428E-07 -5.56915869E-05
     -0.0000001       0.0000001      -0.0000001       4.06570788E-08  2.53040611E-06 -8.51267390E-05
     -0.0000001       0.0000001       0.0000000      -2.64104470E-07 -6.14485166E-06 -5.37029276E-05
     -0.0000001       0.0000001       0.0000001       1.94588298E-07  1.02225571E-05 -4.62615474E-05
     -0.0000001      -0.0000001      -0.0000001       7.39111628E-09  1.37669347E-05  1.03682676E-03
     -0.0000001      -0.0000001       0.0000000       2.30272100E-07 -6.51409371E-05 -2.44236865E-04
     -0.0000001      -0.0000001       0.0000001      -1.02652865E-07  1.07360163E-04 -3.46089498E-04
     -0.0000001      -0.0000000      -0.0000001      -2.88395870E-08  2.16961058E-07  3.99038503E-05
     -0.0000001      -0.0000000       0.0000000       1.78962186E-07  2.62466569E-07 -7.16507309E-05
     -0.0000001      -0.0000000       0.0000001      -1.25961575E-07 -9.72537440E-08 -1.97173274E-05
     -0.0000001       0.0000001      -0.0000001      -5.87549150E-09 -1.33226796E-05  1.03684154E-03
     -0.0000001       0.0000001       0.0000000       2.04454767E-07  6.55987950E-05 -2.44224305E-04
     -0.0000001       0.0000001       0.0000001      -1.11446831E-07 -1.07681778E-04 -3.46090788E-04
     -0.0000000      -0.0000001      -0.0000001      -2.38510714E-05  1.04243728E-05  7.52528672E-05
     -0.0000000      -0.0000001       0.0000000      -4.17236720E-05 -4.40797989E-05 -7.74427991E-05
     -0.0000000      -0.0000001       0.0000001       6.25451182E-05  6.26320499E-05 -7.12482075E-05
     -0.0000000      -0.0000000      -0.0000001      -1.71923569E-05  1.83831310E-07  1.74382290E-05
     -0.0000000      -0.0000000       0.0000000      -1.05557749E-05  2.10966659E-07 -4.83974854E-05
     -0.0000000      -0.0000000       0.0000001       9.41773013E-06 -1.20260319E-07 -2.79223408E-05
     -0.0000000       0.0000001      -0.0000001      -2.38676774E-05 -1.00372988E-05  7.52601956E-05
     -0.0000000       0.0000001       0.0000000      -4.17494219E-05  4.44444581E-05 -7.74328314E-05
     -0.0000000       0.0000001       0.0000001       6.25361120E-05 -6.29998835E-05 -7.12431386E-05
      0.0000001      -0.0000001      -0.0000001       2.38565945E-05  1.04595049E-05  7.52304667E-05
      0.0000001      -0.0000001       0.0000000       4.21163536E-05 -4.40546055E-05 -7.74489773E-05
      0.0000001      -0.0000001       0.0000001      -6.28756954E-05  6.26471519E-05 -7.12572969E-05
      0.0000001      -0.0000000      -0.0000001       1.71638374E-05  1.92815223E-07  1.74145714E-05
      0.0000001      -0.0000000       0.0000000       1.08522183E-05  2.37089399E-07 -4.84061062E-05
      0.0000001      -0.0000000       0.0000001      -9.79907861E-06 -1.04938199E-07 -2.79325308E-05
      0.0000001       0.0000001      -0.0000001       2.38411277E-05 -1.00350810E-05  7.52634702E-05
      0.0000001       0.0000001       0.0000000       4.20954722E-05  4.44684508E-05 -7.74390660E-05
      0.0000001       0.0000001       0.0000001      -6.28930963E-05 -6.29902856E-05 -7.12459848E-05
# Displacement: 10,  E_pot (hartree): -29718.696028193
      0.0000000       0.0000000       0.0000001       1.59393188E-05 -4.07847836E-08  2.43563668E-04
      0.0000000       0.0000000      -0.0000001      -1.82763338E-04  8.10499439E-08  4.13442544E-04
      0.0000000       0.0000000       0.0000000       4.90725687E-06 -2.77709108E-08  5.11359667E-04
      0.0000000       0.0000001       0.0000001       1.95442926E-05 -4.49887429E-05  3.69385953E-04
      0.0000000       0.0000001      -0.0000001      -4.47916784E-05  4.26166082E-05  4.27597722E-04
      0.0000000       0.0000001       0.0000000       1.45145515E-06 -4.19083534E-06  4.62997226E-04
      0.0000000      -0.0000001       0.0000001       1.95332113E-05  4.48369324E-05  3.69378304E-04
      0.0000000      -0.0000001      -0.0000001      -4.47981433E-05 -4.25333090E-05  4.27635466E-04
      0.0000000      -0.0000001       0.0000000       1.43643775E-06  3.97257299E-06  4.63193374E-04
      0.0000001       0.0000000       0.0000001      -1.61094459E-05 -4.15033168E-08  2.43570721E-04
      0.0000001       0.0000000      -0.0000001       1.82840408E-04  7.90132177E-08  4.13530092E-04
      0.0000001       0.0000000       0.0000000      -5.12561908E-06 -4.15081203E-08  5.11557166E-04
      0.0000001       0.0000001       0.0000001      -1.97060612E-05 -4.49988850E-05  3.69387619E-04
      0.0000001       0.0000001      -0.0000001       4.48746168E-05  4.26103207E-05  4.27623646E-04
      0.0000001       0.0000001       0.0000000      -1.68294913E-06 -4.18992091E-06  4.63196122E-04
      0.0000001      -0.0000001       0.0000001      -1.97203644E-05  4.48286043E-05  3.69393422E-04
      0.0000001      -0.0000001      -0.0000001       4.48608947E-05 -4.25294458E-05  4.27652526E-04
      0.0000001      -0.0000001       0.0000000      -1.68221236E-06  3.95846282E-06  4.63394646E-04
     -0.0000001       0.0000000       0.0000001      -4.57307315E-08 -5.76745713E-08  3.82024271E-04
     -0.0000001       0.0000000      -0.0000001       7.02738495E-08  7.05152454E-08  4.08440018E-04
     -0.0000001       0.0000000       0.0000000      -2.77695437E-08 -5.65648478E-08  4.68653575E-04
     -0.0000001       0.0000001       0.0000001      -5.22700383E-08 -1.18824037E-05  3.94064559E-04
     -0.0000001       0.0000001      -0.0000001       6.93778546E-08  4.39461664E-06  4.19933555E-04
     -0.0000001       0.0000001       0.0000000      -4.18248140E-08 -1.39141688E-06  4.45409526E-04
     -0.0000001      -0.0000001       0.0000001      -5.51341008E-08  1.16970101E-05  3.94077426E-04
     -0.0000001      -0.0000001      -0.0000001       6.74287954E-08 -4.32910174E-06  4.19955428E-04
     -0.0000001      -0.0000001       0.0000000      -5.44889774E-08  1.14809874E-06  4.45610679E-04
     -0.0000001      -0.0000001       0.0000001      -2.23110428E-09 -5.91671080E-04 -5.10156406E-04
     -0.0000001      -0.0000001      -0.0000001      -3.93519134E-08  4.32604796E-06 -4.17694410E-04
     -0.0000001      -0.0000001       0.0000000       2.71957888E-09  4.05227443E-04 -6.67096031E-04
     -0.0000001      -0.0000000       0.0000001       1.76440975E-09 -2.09040352E-09 -2.76884353E-04
     -0.0000001      -0.0000000      -0.0000001      -3.09182634E-08 -3.81043718E-08 -3.31374211E-04
     -0.0000001      -0.0000000       0.0000000       9.44865099E-09  2.20972343E-09 -2.20917882E-04
     -0.0000001       0.0000001       0.0000001       1.28525194E-08  5.91635630E-04 -5.10148252E-04
     -0.0000001       0.0000001      -0.0000001      -3.53939504E-08 -4.30377784E-06 -4.17684832E-04
     -0.0000001       0.0000001       0.0000000       1.20097255E-08 -4.05194963E-04 -6.67098255E-04
     -0.0000000      -0.0000001       0.0000001      -3.27731150E-05 -2.73349314E-05 -2.35383508E-04
     -0.0000000      -0.0000001      -0.0000001       7.14156683E-07  6.16553973E-07 -3.40457846E-04
     -0.0000000      -0.0000001       0.0000000       3.78310533E-05  4.75431778E-05 -2.51184967E-04
     -0.0000000      -0.0000000       0.0000001      -1.19510959E-05  1.74586228E-09 -2.64328094E-04
     -0.0000000      -0.0000000      -0.0000001      -1.20729899E-07 -2.95853245E-08 -3.06067643E-04
     -0.0000000      -0.0000000       0.0000000       3.82559447E-06  9.17504262E-09 -2.54442336E-04
     -0.0000000       0.0000001       0.0000001      -3.27619278E-05  2.73087457E-05 -2.35377085E-04
     -0.0000000       0.0000001      -0.0000001       7.18048708E-07 -5.80769176E-07 -3.40450717E-04
     -0.0000000       0.0000001       0.0000000       3.78350807E-05 -4.74979709E-05 -2.51187924E-04
      0.0000001      -0.0000001       0.0000001       3.27377194E-05 -2.73283242E-05 -2.35373112E-04
      0.0000001      -0.0000001      -0.0000001      -6.92210631E-07  6.12224297E-07 -3.40467287E-04
      0.0000001      -0.0000001       0.0000000      -3.77983770E-05  4.75407926E-05 -2.51185493E-04
      0.0000001      -0.0000000       0.0000001       1.19262968E-05  8.36645642E-09 -2.64317253E-04
      0.0000001      -0.0000000      -0.0000001       1.56182817E-07 -3.40368294E-08 -3.06075011E-04
      0.0000001      -0.0000000       0.0000000      -3.78020917E-06  6.08539318E-09 -2.54439477E-04
      0.0000001       0.0000001       0.0000001       3.27500092E-05  2.73230229E-05 -2.35381389E-04
      0.0000001       0.0000001      -0.0000001      -6.89810567E-07 -5.83404341E-07 -3.40458885E-04
      0.0000001       0.0000001       0.0000000      -3.77965700E-05 -4.75018042E-05 -2.51187768E-04
     -0.0000001       0.0000000      -0.0188973      -2.55628389E-08 -1.95889790E-07  2.80551698E-03
     -0.0000001       0.0000000       0.0000000      -1.28906088E-08 -2.98389593E-07 -1.78653684E-04
     -0.0000001       0.0000000       0.0000001       9.55784514E-08  1.88270573E-07 -1.78263814E-04
     -0.0000001       0.0000001      -0.0000001      -1.93481422E-08 -1.33463113E-04 -2.39517442E-05
     -0.0000001       0.0000001       0.0000000      -1.39935863E-08 -4.61968589E-05 -1.04174214E-04
     -0.0000001       0.0000001       0.0000001       1.37943871E-07  1.01800712E-04 -1.02674978E-04
     -0.0000001      -0.0000001      -0.0000001      -8.09649689E-09  1.33132061E-04 -2.39458271E-05
     -0.0000001      -0.0000001       0.0000000      -1.48362300E-08  4.56447186E-05 -1.04181794E-04
     -0.0000001      -0.0000001       0.0000001       1.80744745E-07 -1.01382760E-04 -1.02703928E-04
     -0.0000000       0.0000000      -0.0000001       5.62048553E-06 -1.67986464E-07  2.70906470E-05
     -0.0000000       0.0000000       0.0000000      -6.25692862E-05 -2.99368877E-07 -1.39062947E-04
     -0.0000000       0.0000000       0.0000001       6.30838858E-05  1.88214872E-07 -1.39059165E-04
     -0.0000000       0.0000001      -0.0000001      -5.46465174E-06 -1.28626030E-06 -3.93974523E-05
     -0.0000000       0.0000001       0.0000000      -7.39335743E-06 -1.24039955E-05 -7.47491321E-05
     -0.0000000       0.0000001       0.0000001       5.88653527E-06  3.08673185E-05 -7.41056806E-05
     -0.0000000      -0.0000001      -0.0000001      -5.45412990E-06  9.45887198E-07 -3.93869104E-05
     -0.0000000      -0.0000001       0.0000000      -7.39436261E-06  1.18454724E-05 -7.47551624E-05
     -0.0000000      -0.0000001       0.0000001       5.92845530E-06 -3.04520860E-05 -7.41319956E-05
      0.0000001       0.0000000      -0.0000001      -5.65322204E-06 -1.67980934E-07  2.70914210E-05
      0.0000001       0.0000000       0.0000000       6.27065295E-05 -2.98359760E-07 -1.39060716E-04
      0.0000001       0.0000000       0.0000001      -6.30969005E-05  1.88406734E-07 -1.39057437E-04
      0.0000001       0.0000001      -0.0000001       5.43748767E-06 -1.28076506E-06 -3.93964013E-05
      0.0000001       0.0000001       0.0000000       7.50736741E-06 -1.24007922E-05 -7.47486445E-05
      0.0000001       0.0000001       0.0000001      -5.81824934E-06  3.08680975E-05 -7.41055043E-05
      0.0000001      -0.0000001      -0.0000001       5.43745980E-06  9.44118179E-07 -3.93928026E-05
      0.0000001      -0.0000001       0.0000000       7.48501217E-06  1.18456231E-05 -7.47553375E-05
      0.0000001      -0.0000001       0.0000001      -5.77942580E-06 -3.04520173E-05 -7.41334593E-05
      0.0000000      -0.0000001      -0.0000001       5.48809622E-05  1.50105064E-05  1.24570121E-04
      0.0000000      -0.0000001       0.0000000       2.87591961E-05 -3.05083496E-05 -1.18278309E-04
      0.0000000      -0.0000001       0.0000001      -6.46538917E-05  3.77769312E-05 -1.17745398E-04
      0.0000000      -0.0000000      -0.0000001       3.01994770E-05 -3.73569815E-08 -3.64471745E-05
      0.0000000      -0.0000000       0.0000000       1.31958839E-05 -1.32560342E-08 -7.84485374E-05
      0.0000000      -0.0000000       0.0000001      -1.47235727E-05  9.56598245E-08 -7.07428619E-05
      0.0000000       0.0000001      -0.0000001       5.48797858E-05 -1.50441185E-05  1.24568658E-04
      0.0000000       0.0000001       0.0000000       2.87590437E-05  3.06451713E-05 -1.18278235E-04
      0.0000000       0.0000001       0.0000001      -6.46548262E-05 -3.77915474E-05 -1.17749897E-04
      0.0000001      -0.0000001      -0.0000001      -5.47928886E-05  1.50210920E-05  1.24580633E-04
      0.0000001      -0.0000001       0.0000000      -2.92429491E-05 -3.05089792E-05 -1.18285893E-04
      0.0000001      -0.0000001       0.0000001       6.50847692E-05  3.78197510E-05 -1.17775066E-04
      0.0000001      -0.0000000      -0.0000001      -3.01251911E-05 -2.61469675E-08 -3.64362894E-05
      0.0000001      -0.0000000       0.0000000      -1.36854957E-05 -1.35899415E-08 -7.84539722E-05
      0.0000001      -0.0000000       0.0000001       1.51523472E-05  1.38045554E-07 -7.07684541E-05
      0.0000001       0.0000001      -0.0000001      -5.47960970E-05 -1.50483822E-05  1.24578810E-04
      0.0000001       0.0000001       0.0000000      -2.92455071E-05  3.06225514E-05 -1.18285533E-04
      0.0000001       0.0000001       0.0000001       6.50837853E-05 -3.77532805E-05 -1.17776164E-04
     -0.0000001      -0.0000001      -0.0000001       3.88844701E-08  3.59897881E-06 -3.57469482E-05
     -0.0000001      -0.0000001       0.0000000      -2.63857334E-07 -7.28442525E-06 -7.13609771E-05
     -0.0000001      -0.0000001       0.0000001       1.94701704E-07  1.05464824E-05 -7.85371016E-05
     -0.0000001      -0.0000000      -0.0000001       4.02531174E-08 -1.47764063E-08 -4.66330643E-05
     -0.0000001      -0.0000000       0.0000000      -2.64282297E-07 -1.44339121E-08 -6.96267534E-05
     -0.0000001      -0.0000000       0.0000001       1.94234700E-07  1.80248414E-07 -6.90809183E-05
     -0.0000001       0.0000001      -0.0000001       3.95131952E-08 -3.61656891E-06 -3.57472295E-05
     -0.0000001       0.0000001       0.0000000      -2.64199697E-07  7.37542069E-06 -7.13604135E-05
     -0.0000001       0.0000001       0.0000001       1.94609029E-07 -1.03963867E-05 -7.85345783E-05
     -0.0000001      -0.0000001      -0.0000001       6.32555797E-09 -1.49953522E-05 -1.08199863E-03
     -0.0000001      -0.0000001       0.0000000       2.30487298E-07  6.56879648E-05  2.04135561E-04
     -0.0000001      -0.0000001       0.0000001      -1.02841873E-07 -1.09121968E-04  3.09677289E-04
     -0.0000001      -0.0000000      -0.0000001      -2.90131060E-08  2.17466889E-07 -8.06577322E-05
     -0.0000001      -0.0000000       0.0000000       1.79064222E-07  2.62881438E-07  3.15948843E-05
     -0.0000001      -0.0000000       0.0000001      -1.25976219E-07 -9.71520792E-08 -2.02685170E-05
     -0.0000001       0.0000001      -0.0000001      -7.70771298E-09  1.54568492E-05 -1.08200228E-03
     -0.0000001       0.0000001       0.0000000       2.04663801E-07 -6.52262759E-05  2.04142409E-04
     -0.0000001       0.0000001       0.0000001      -1.11587206E-07  1.08805722E-04  3.09682102E-04
     -0.0000000      -0.0000001      -0.0000001       2.81351477E-05 -9.36630273E-06 -1.20475131E-04
     -0.0000000      -0.0000001       0.0000000       4.28230924E-05  4.43518140E-05  3.68673828E-05
     -0.0000000      -0.0000001       0.0000001      -6.32064826E-05 -6.35240855E-05  3.16469598E-05
     -0.0000000      -0.0000000      -0.0000001       1.76650499E-05  1.83668312E-07 -5.79737368E-05
     -0.0000000      -0.0000000       0.0000000       1.11957072E-05  2.11289301E-07  8.02966760E-06
     -0.0000000      -0.0000000       0.0000001      -9.70371226E-06 -1.19883606E-07 -1.18899254E-05
     -0.0000000       0.0000001      -0.0000001       2.81177920E-05  9.75455913E-06 -1.20468729E-04
     -0.0000000       0.0000001       0.0000000       4.27972459E-05 -4.39855390E-05  3.68781206E-05
     -0.0000000       0.0000001       0.0000001      -6.32145632E-05  6.31555989E-05  3.16502670E-05
      0.0000001      -0.0000001      -0.0000001      -2.80951837E-05 -9.34994487E-06 -1.20497793E-04
      0.0000001      -0.0000001       0.0000000      -4.24305249E-05  4.43769234E-05  3.68611247E-05
      0.0000001      -0.0000001       0.0000001       6.28755737E-05 -6.35089952E-05  3.16381222E-05
      0.0000001      -0.0000000      -0.0000001      -1.76937225E-05  1.93191373E-07 -5.79977900E-05
      0.0000001      -0.0000000       0.0000000      -1.08993433E-05  2.37431622E-07  8.02125274E-06
      0.0000001      -0.0000000       0.0000001       9.32234586E-06 -1.04766335E-07 -1.19000378E-05
      0.0000001       0.0000001      -0.0000001      -2.81111417E-05  9.77515886E-06 -1.20471483E-04
      0.0000001       0.0000001       0.0000000      -4.24513816E-05 -4.39616573E-05  3.68714865E-05
      0.0000001       0.0000001       0.0000001       6.28578889E-05  6.31655775E-05  3.16479239E-05
# Displacement: 11,  E_pot (hartree): -29718.696014489
      0.0000000       0.0000000       0.0000001       5.54277585E-05  5.67572217E-04  1.01930779E-03
      0.0000000       0.0000000      -0.0000001       1.06958082E-04  6.33336111E-04 -2.22873568E-04
      0.0000000       0.0000000       0.0000000      -3.13753020E-05  1.02482160E-05  4.24162935E-04
      0.0000000       0.0000001       0.0000001       5.54256668E-05 -5.67709549E-04  1.01929557E-03
      0.0000000       0.0000001      -0.0000001       1.06994480E-04 -6.33268000E-04 -2.22865034E-04
      0.0000000       0.0000001       0.0000000      -3.13889094E-05 -1.04668444E-05  4.24359412E-04
      0.0000000      -0.0000001       0.0000001      -3.22672741E-05 -4.45343967E-08  4.32729957E-04
      0.0000000      -0.0000001      -0.0000001      -3.90277611E-05  6.83750768E-08  4.06496040E-04
      0.0000000      -0.0000001       0.0000000      -1.98170447E-05 -2.75059946E-08  4.20373336E-04
      0.0000001       0.0000000       0.0000001       5.41878095E-05 -5.73811129E-04 -1.89164746E-04
      0.0000001       0.0000000      -0.0000001       1.04088259E-04 -6.37619316E-04  1.07137774E-03
      0.0000001       0.0000000       0.0000000      -3.18208310E-05 -1.00930576E-05  4.15029583E-04
      0.0000001       0.0000001       0.0000001       5.41653864E-05  5.73644205E-04 -1.89154648E-04
      0.0000001       0.0000001      -0.0000001       1.04056287E-04  6.37690795E-04  1.07139000E-03
      0.0000001       0.0000001       0.0000000      -3.18198890E-05  9.86204725E-06  4.15228127E-04
      0.0000001      -0.0000001       0.0000001      -3.26698668E-05 -5.29927646E-08  4.03592706E-04
      0.0000001      -0.0000001      -0.0000001      -3.96203628E-05  6.87988410E-08  4.35653263E-04
      0.0000001      -0.0000001       0.0000000      -2.02608742E-05 -4.18642419E-08  4.19933110E-04
     -0.0000001       0.0000000       0.0000001       1.90809258E-04 -2.76169670E-07  4.17772886E-04
     -0.0000001       0.0000000      -0.0000001       2.53518861E-04  1.06499329E-07  4.21453787E-04
     -0.0000001       0.0000000       0.0000000       6.38045530E-05  1.99537281E-08  4.19547660E-04
     -0.0000001       0.0000001       0.0000001       1.90798762E-04  8.79736237E-08  4.17784373E-04
     -0.0000001       0.0000001      -0.0000001       2.53516806E-04 -4.04826396E-08  4.21478350E-04
     -0.0000001       0.0000001       0.0000000       6.37902478E-05 -2.65560591E-07  4.19748429E-04
     -0.0000001      -0.0000001       0.0000001       6.54103161E-05 -5.48281123E-08  4.17644059E-04
     -0.0000001      -0.0000001      -0.0000001       7.94609045E-05  6.85109106E-08  4.21638748E-04
     -0.0000001      -0.0000001       0.0000000       4.05172235E-05 -5.43295217E-08  4.20475830E-04
     -0.0000001      -0.0000001       0.0000001       1.14808923E-03  9.90916837E-09 -2.82916013E-04
     -0.0000001      -0.0000001      -0.0000001       6.13019863E-05 -3.87587274E-08 -2.73919160E-04
     -0.0000001      -0.0000001       0.0000000       6.60311471E-04  7.96838975E-10 -2.69128075E-04
     -0.0000001      -0.0000000       0.0000001       1.14040260E-04  4.06648709E-07 -2.74211367E-04
     -0.0000001      -0.0000000      -0.0000001       3.60067738E-05  3.18691305E-08 -2.75141031E-04
     -0.0000001      -0.0000000       0.0000000       1.06608269E-04 -3.86814199E-08 -2.75220093E-04
     -0.0000001       0.0000001       0.0000001       1.14049092E-04 -4.42907406E-07 -2.74200243E-04
     -0.0000001       0.0000001      -0.0000001       3.60027611E-05 -9.11070738E-09 -2.75150713E-04
     -0.0000001       0.0000001       0.0000000       1.06604440E-04  7.19522295E-08 -2.75220173E-04
     -0.0000000      -0.0000001       0.0000001      -3.69844820E-04  1.15639772E-09 -8.28879380E-04
     -0.0000000      -0.0000001      -0.0000001      -3.03675954E-05 -2.99688179E-08 -3.00327486E-04
     -0.0000000      -0.0000001       0.0000000      -2.66859946E-04  9.83472510E-09  1.61590082E-04
     -0.0000000      -0.0000000       0.0000001      -5.49449112E-05 -5.33983920E-05 -3.36897016E-04
     -0.0000000      -0.0000000      -0.0000001      -1.77958210E-05 -8.27918392E-06 -2.83721828E-04
     -0.0000000      -0.0000000       0.0000000      -5.43574616E-05 -4.99770980E-05 -2.12686339E-04
     -0.0000000       0.0000001       0.0000001      -5.49404461E-05  5.33739569E-05 -3.36885965E-04
     -0.0000000       0.0000001      -0.0000001      -1.78005657E-05  8.31539110E-06 -2.83728884E-04
     -0.0000000       0.0000001       0.0000000      -5.43608978E-05  5.00216126E-05 -2.12685082E-04
      0.0000001      -0.0000001       0.0000001      -3.68140485E-04  1.04955949E-08  2.79749877E-04
      0.0000001      -0.0000001      -0.0000001      -2.95057767E-05 -3.40209657E-08 -2.49121281E-04
      0.0000001      -0.0000001       0.0000000      -2.64666113E-04  4.05648367E-09 -7.07374001E-04
      0.0000001      -0.0000000       0.0000001      -5.52836127E-05  5.33282800E-05 -2.13737061E-04
      0.0000001      -0.0000000      -0.0000001      -1.78240303E-05  8.27529797E-06 -2.66960436E-04
      0.0000001      -0.0000000       0.0000000      -5.41667229E-05  4.94096438E-05 -3.36580524E-04
      0.0000001       0.0000001       0.0000001      -5.52766750E-05 -5.33333340E-05 -2.13739912E-04
      0.0000001       0.0000001      -0.0000001      -1.78265719E-05 -8.24622939E-06 -2.66968439E-04
      0.0000001       0.0000001       0.0000000      -5.41684905E-05 -4.93700880E-05 -3.36580643E-04
     -0.0000001       0.0000000      -0.0000001       8.71834771E-04  5.28327374E-06 -6.27381550E-05
     -0.0000001       0.0000000       0.0000000       1.14418562E-04 -1.24065779E-06 -6.22185602E-05
     -0.0000001       0.0000000       0.0000001       9.85440804E-05  2.77512716E-07 -6.21274396E-05
     -0.0000001       0.0000001      -0.0000001       8.71874298E-04 -5.37588890E-06 -6.27339184E-05
     -0.0000001       0.0000001       0.0000000       1.14416494E-04  6.87471761E-07 -6.22260391E-05
     -0.0000001       0.0000001       0.0000001       9.85862107E-05  1.40960586E-07 -6.21566729E-05
     -0.0000001      -0.0000001      -0.0000001       8.25092216E-05 -1.66369270E-07 -6.14909404E-05
     -0.0000001      -0.0000001       0.0000000       4.13097117E-05 -2.97968171E-07 -6.26438348E-05
     -0.0000001      -0.0000001       0.0000001       3.81446212E-05  1.88509361E-07 -6.24040031E-05
     -0.0000000       0.0000000      -0.0000001      -3.67140633E-04  6.13424924E-04 -3.52785422E-05
     -0.0000000       0.0000000       0.0000000      -5.73768721E-05  4.82787448E-05 -1.24794934E-04
     -0.0000000       0.0000000       0.0000001      -4.95003253E-05  5.48825072E-05 -2.06164489E-05
     -0.0000000       0.0000001      -0.0000001      -3.67133348E-04 -6.13771984E-04 -3.52685090E-05
     -0.0000000       0.0000001       0.0000000      -5.73777694E-05 -4.88382091E-05 -1.24800970E-04
     -0.0000000       0.0000001       0.0000001      -4.94584525E-05 -5.44657394E-05 -2.06414889E-05
     -0.0000000      -0.0000001      -0.0000001      -4.07788574E-05 -1.68725810E-07 -4.33917990E-05
     -0.0000000      -0.0000001       0.0000000      -2.06052285E-05 -2.98868631E-07 -7.20752813E-05
     -0.0000000      -0.0000001       0.0000001      -1.87315386E-05  1.88008965E-07 -5.19703964E-05
      0.0000001       0.0000000      -0.0000001      -3.64422573E-04 -6.12212447E-04 -8.80963898E-05
      0.0000001       0.0000000       0.0000000      -5.73421318E-05 -4.93129363E-05 -8.76316895E-07
      0.0000001       0.0000000       0.0000001      -4.95141310E-05 -5.42044755E-05 -1.03522009E-04
      0.0000001       0.0000001      -0.0000001      -3.64420622E-04  6.11866486E-04 -8.80863527E-05
      0.0000001       0.0000001       0.0000000      -5.73643236E-05  4.87570461E-05 -8.84359868E-07
      0.0000001       0.0000001       0.0000001      -4.94746180E-05  5.46227405E-05 -1.03549204E-04
      0.0000001      -0.0000001      -0.0000001      -4.15103615E-05 -1.71000899E-07 -7.96813511E-05
      0.0000001      -0.0000001       0.0000000      -2.07134574E-05 -2.98748870E-07 -5.34232299E-05
      0.0000001      -0.0000001       0.0000001      -1.90048597E-05  1.87649579E-07 -7.27248532E-05
      0.0000000      -0.0000001      -0.0000001      -3.22673289E-04 -4.16942910E-08 -5.32189567E-05
      0.0000000      -0.0000001       0.0000000       1.09085514E-04 -1.36320764E-08  4.45924119E-05
      0.0000000      -0.0000001       0.0000001       1.16598195E-04  9.62698557E-08 -1.26061851E-04
      0.0000000      -0.0000000      -0.0000001       1.45761243E-04  8.84006240E-05 -5.24691541E-05
      0.0000000      -0.0000000       0.0000000       4.65898184E-05  5.31699438E-05 -5.63869295E-07
      0.0000000      -0.0000000       0.0000001       5.24147656E-05  4.45045624E-05 -1.05967675E-04
      0.0000000       0.0000001      -0.0000001       1.45757265E-04 -8.84451490E-05 -5.24675761E-05
      0.0000000       0.0000001       0.0000000       4.65905126E-05 -5.30325147E-05 -5.62020343E-07
      0.0000000       0.0000001       0.0000001       5.24160276E-05 -4.45181217E-05 -1.05965977E-04
      0.0000001      -0.0000001      -0.0000001      -1.70682915E-04 -2.44072616E-08 -8.12057698E-05
      0.0000001      -0.0000001       0.0000000       1.13642461E-04 -1.18038415E-08 -1.68906441E-04
      0.0000001      -0.0000001       0.0000001       1.16995254E-04  1.37149727E-07  1.57007996E-06
      0.0000001      -0.0000000      -0.0000001       1.48781986E-04 -8.79150208E-05 -7.09409481E-05
      0.0000001      -0.0000000       0.0000000       4.70293017E-05 -5.34684456E-05 -1.25186459E-04
      0.0000001      -0.0000000       0.0000001       5.28083604E-05 -4.48061561E-05 -1.81076017E-05
      0.0000001       0.0000001      -0.0000001       1.48785562E-04  8.78872163E-05 -7.09404590E-05
      0.0000001       0.0000001       0.0000000       4.70318936E-05  5.35825491E-05 -1.25185915E-04
      0.0000001       0.0000001       0.0000001       5.28089693E-05  4.48748308E-05 -1.81070450E-05
     -0.0000001      -0.0000001      -0.0000001      -1.40270960E-03 -1.51436266E-08 -6.16512105E-05
     -0.0000001      -0.0000001       0.0000000      -2.11572980E-04 -1.42851023E-08 -6.28207243E-05
     -0.0000001      -0.0000001       0.0000001      -2.34996209E-04  1.80649425E-07 -6.21622619E-05
     -0.0000001      -0.0000000      -0.0000001      -2.92150949E-04 -1.31364997E-07 -6.15351392E-05
     -0.0000001      -0.0000000       0.0000000      -9.36590923E-05  2.76406176E-08 -6.27997872E-05
     -0.0000001      -0.0000000       0.0000001      -1.03790076E-04  7.91897821E-08 -6.22829092E-05
     -0.0000001       0.0000001      -0.0000001      -2.92151822E-04  1.11999708E-07 -6.15345458E-05
     -0.0000001       0.0000001       0.0000000      -9.36591562E-05  6.30422220E-08 -6.28001932E-05
     -0.0000001       0.0000001       0.0000001      -1.03790388E-04  6.96480486E-08 -6.22844628E-05
      0.0188972      -0.0000001      -0.0000001      -7.04141869E-03  3.53810509E-08 -4.96041948E-06
     -0.0000001      -0.0000001       0.0000000      -2.60395094E-04  2.63079792E-07 -2.63908679E-05
     -0.0000001      -0.0000001       0.0000001      -2.63847715E-04 -9.97125472E-08 -2.01728207E-05
     -0.0000001      -0.0000000      -0.0000001      -3.12903544E-04 -5.11489007E-06 -2.04762430E-05
     -0.0000001      -0.0000000       0.0000000      -1.54090723E-04 -2.91096565E-07 -2.10395222E-05
     -0.0000001      -0.0000000       0.0000001      -1.54370230E-04  5.54685045E-08 -1.97263519E-05
     -0.0000001       0.0000001      -0.0000001      -3.12867977E-04  5.52834729E-06 -2.04997649E-05
     -0.0000001       0.0000001       0.0000000      -1.54066022E-04  7.48626452E-07 -2.10430973E-05
     -0.0000001       0.0000001       0.0000001      -1.54355491E-04 -3.71638852E-07 -1.97330087E-05
     -0.0000000      -0.0000001      -0.0000001       3.31083274E-03  1.82838458E-07  1.45981187E-04
     -0.0000000      -0.0000001       0.0000000       1.27212471E-04  2.12229191E-07  2.68006556E-04
     -0.0000000      -0.0000001       0.0000001       1.28233981E-04 -1.20510731E-07 -3.11817038E-04
     -0.0000000      -0.0000000      -0.0000001       1.48558406E-04  3.87902871E-04 -3.64816253E-06
     -0.0000000      -0.0000000       0.0000000       7.69663854E-05  5.30312700E-05  3.07334141E-05
     -0.0000000      -0.0000000       0.0000001       7.66246618E-05  5.31126269E-05 -8.07935216E-05
     -0.0000000       0.0000001      -0.0000001       1.48575319E-04 -3.87508296E-04 -3.67275066E-06
     -0.0000000       0.0000001       0.0000000       7.69922543E-05 -5.26650811E-05  3.07228149E-05
     -0.0000000       0.0000001       0.0000001       7.66401248E-05 -5.34807029E-05 -8.08029144E-05
      0.0000001      -0.0000001      -0.0000001       3.29207821E-03  2.20949708E-07 -1.88001888E-04
      0.0000001      -0.0000001       0.0000000       1.30221388E-04  2.37780477E-07 -3.08897616E-04
      0.0000001      -0.0000001       0.0000001       1.28480845E-04 -1.04519639E-07  2.70468321E-04
      0.0000001      -0.0000000      -0.0000001       1.50518504E-04 -3.86049783E-04 -3.64712310E-05
      0.0000001      -0.0000000       0.0000000       7.70320370E-05 -5.27080374E-05 -7.20735695E-05
      0.0000001      -0.0000000       0.0000001       7.64889356E-05 -5.31214216E-05  4.05397419E-05
      0.0000001       0.0000001      -0.0000001       1.50530830E-04  3.86471013E-04 -3.64759041E-05
      0.0000001       0.0000001       0.0000000       7.70541548E-05  5.31236818E-05 -7.20809479E-05
      0.0000001       0.0000001       0.0000001       7.64998428E-05  5.27794619E-05  4.05395946E-05
# Displacement: 12,  E_pot (hartree): -29718.695999813
      0.0000000       0.0000000       0.0000001       4.77724899E-04  4.77724311E-04  5.71864804E-04
      0.0000000       0.0000000      -0.0000001      -7.38577328E-04 -7.38575633E-04  5.30237105E-04
      0.0000000       0.0000000       0.0000000       6.13081612E-07  6.12984607E-07  6.25615702E-04
      0.0000000       0.0000001       0.0000001       4.77727265E-04 -4.77876580E-04  5.71868208E-04
      0.0000000       0.0000001      -0.0000001      -7.38568243E-04  7.38661932E-04  5.30255642E-04
      0.0000000       0.0000001       0.0000000       5.96773257E-07 -8.30154611E-07  6.25814662E-04
      0.0000000      -0.0000001       0.0000001       1.75040778E-05 -4.55300938E-08  3.86308875E-04
      0.0000000      -0.0000001      -0.0000001       5.92290543E-07  6.66628959E-08  3.74491160E-04
      0.0000000      -0.0000001       0.0000000      -5.32459403E-06 -2.94413865E-08  5.00197409E-04
      0.0000001       0.0000000       0.0000001      -4.77876973E-04  4.77725551E-04  5.71867244E-04
      0.0000001       0.0000000      -0.0000001       7.38660733E-04 -7.38570531E-04  5.30255146E-04
      0.0000001       0.0000000       0.0000000      -8.30592519E-07  5.96604228E-07  6.25815179E-04
      0.0000001       0.0000001       0.0000001      -4.77882863E-04 -4.77881073E-04  5.71863126E-04
      0.0000001       0.0000001      -0.0000001       7.38636412E-04  7.38640638E-04  5.30265094E-04
      0.0000001       0.0000001       0.0000000      -8.30712596E-07 -8.30222921E-07  6.26013473E-04
      0.0000001      -0.0000001       0.0000001      -1.76919456E-05 -5.08114507E-08  3.86322928E-04
      0.0000001      -0.0000001      -0.0000001      -5.27504426E-07  7.01078488E-08  3.74509835E-04
      0.0000001      -0.0000001       0.0000000       5.07886887E-06 -3.94667437E-08  5.00399021E-04
     -0.0000001       0.0000000       0.0000001      -4.49422511E-08  1.75027207E-05  3.86308543E-04
     -0.0000001       0.0000000      -0.0000001       6.90890506E-08  5.91019672E-07  3.74483503E-04
     -0.0000001       0.0000000       0.0000000      -2.93128088E-08 -5.32517395E-06  5.00199798E-04
     -0.0000001       0.0000001       0.0000001      -5.02901865E-08 -1.76905522E-05  3.86322153E-04
     -0.0000001       0.0000001      -0.0000001       7.08323737E-08 -5.23658085E-07  3.74505937E-04
     -0.0000001       0.0000001       0.0000000      -3.93782039E-08  5.07973075E-06  5.00400901E-04
     -0.0000001      -0.0000001       0.0000001      -5.49863121E-08 -5.49823889E-08  3.94778519E-04
     -0.0000001      -0.0000001      -0.0000001       6.74496581E-08  6.82366961E-08  3.94893361E-04
     -0.0000001      -0.0000001       0.0000000      -5.44391002E-08 -5.44099358E-08  4.72492743E-04
     -0.0000001      -0.0000001       0.0000001       6.93812176E-09  6.34581919E-09  5.20708801E-03
     -0.0000001      -0.0000001      -0.0000001      -3.78854518E-08 -3.69975286E-08 -1.16364837E-03
     -0.0000001      -0.0000001       0.0000000       1.32935117E-09  5.60733618E-10 -2.24055087E-03
     -0.0000001      -0.0000000       0.0000001       2.43015921E-09 -5.51034673E-05 -9.31683860E-05
     -0.0000001      -0.0000000      -0.0000001      -3.03439877E-08 -1.05433346E-05 -4.75042806E-04
     -0.0000001      -0.0000000       0.0000000       1.10238114E-08  7.92501990E-05 -2.23261206E-04
     -0.0000001       0.0000001       0.0000001       1.10421925E-08  5.50646457E-05 -9.31557266E-05
     -0.0000001       0.0000001      -0.0000001      -3.56199846E-08  1.05650371E-05 -4.75051947E-04
     -0.0000001       0.0000001       0.0000000       5.88165435E-09 -7.92162925E-05 -2.23259103E-04
     -0.0000000      -0.0000001       0.0000001      -5.51045134E-05  2.50890782E-09 -9.32258774E-05
     -0.0000000      -0.0000001      -0.0000001      -1.05448145E-05 -2.94599350E-08 -4.75047405E-04
     -0.0000000      -0.0000001       0.0000000       7.92497641E-05  1.06437348E-08 -2.23279416E-04
     -0.0000000      -0.0000000       0.0000001      -6.28658820E-05 -6.28657372E-05 -1.79854303E-04
     -0.0000000      -0.0000000      -0.0000001      -2.37031814E-06 -2.36963702E-06 -3.67001661E-04
     -0.0000000      -0.0000000       0.0000000       3.84392877E-05  3.84402104E-05 -2.62719931E-04
     -0.0000000       0.0000001       0.0000001      -6.28603251E-05  6.28406835E-05 -1.79836247E-04
     -0.0000000       0.0000001      -0.0000001      -2.37417943E-06  2.40547162E-06 -3.67009377E-04
     -0.0000000       0.0000001       0.0000000       3.84367769E-05 -3.83962113E-05 -2.62710306E-04
      0.0000001      -0.0000001       0.0000001       5.50652313E-05  1.07330348E-08 -9.32114544E-05
      0.0000001      -0.0000001      -0.0000001       1.05656486E-05 -3.46570966E-08 -4.75056418E-04
      0.0000001      -0.0000001       0.0000000      -7.92163551E-05  5.61226873E-09 -2.23278815E-04
      0.0000001      -0.0000000       0.0000001       6.28416794E-05 -6.28601780E-05 -1.79836812E-04
      0.0000001      -0.0000000      -0.0000001       2.40531798E-06 -2.37337834E-06 -3.67009442E-04
      0.0000001      -0.0000000       0.0000000      -3.83950184E-05  3.84383352E-05 -2.62709589E-04
      0.0000001       0.0000001       0.0000001       6.28480088E-05  6.28550723E-05 -1.79849195E-04
      0.0000001       0.0000001      -0.0000001       2.40293230E-06  2.40301379E-06 -3.67016799E-04
      0.0000001       0.0000001       0.0000000      -3.83952349E-05 -3.83966132E-05 -2.62716154E-04
     -0.0000001       0.0000000      -0.0000001      -3.53589058E-08  7.03234955E-05  1.00613122E-03
     -0.0000001       0.0000000       0.0000000      -1.53703421E-08  4.07015490E-04 -3.92030630E-04
     -0.0000001       0.0000000       0.0000001       9.47907269E-08 -4.74348783E-04 -2.87562263E-04
     -0.0000001       0.0000001      -0.0000001      -2.09486242E-08 -7.06141271E-05  1.00613732E-03
     -0.0000001       0.0000001       0.0000000      -1.25248392E-08 -4.07573865E-04 -3.92044831E-04
     -0.0000001       0.0000001       0.0000001       1.41219482E-07  4.74768838E-04 -2.87595740E-04
     -0.0000001      -0.0000001      -0.0000001      -8.25209842E-09 -1.99663511E-07  2.34459761E-06
     -0.0000001      -0.0000001       0.0000000      -1.50412587E-08 -2.98550443E-07 -6.22497935E-05
     -0.0000001      -0.0000001       0.0000001       1.80536578E-07  1.88652076E-07 -1.21890883E-04
     -0.0000000       0.0000000      -0.0000001       1.76692525E-05 -3.66697590E-05  4.24401737E-05
     -0.0000000       0.0000000       0.0000000      -5.81470400E-05  4.83421496E-05 -1.14107620E-04
     -0.0000000       0.0000000       0.0000001       4.41848518E-05 -6.22568687E-05 -1.25380622E-04
     -0.0000000       0.0000001      -0.0000001       1.76748358E-05  3.63253270E-05  4.24492825E-05
     -0.0000000       0.0000001       0.0000000      -5.81500970E-05 -4.89022983E-05 -1.14113167E-04
     -0.0000000       0.0000001       0.0000001       4.42230454E-05  6.26786061E-05 -1.25406408E-04
     -0.0000000      -0.0000001      -0.0000001       7.08533468E-06 -1.66530979E-07 -1.83580141E-05
     -0.0000000      -0.0000001       0.0000000      -1.04709357E-05 -2.97865247E-07 -7.03543955E-05
     -0.0000000      -0.0000001       0.0000001       1.03125363E-05  1.83066976E-07 -9.73741116E-05
      0.0000001       0.0000000      -0.0000001      -1.76958513E-05 -3.66676100E-05  4.24368466E-05
      0.0000001       0.0000000       0.0000000       5.82873390E-05  4.83444584E-05 -1.14105492E-04
      0.0000001       0.0000000       0.0000001      -4.41946890E-05 -6.22614596E-05 -1.25378658E-04
      0.0000001       0.0000001      -0.0000001      -1.77086711E-05  3.63339137E-05  4.24511319E-05
      0.0000001       0.0000001       0.0000000       5.82619165E-05 -4.88977084E-05 -1.14113538E-04
      0.0000001       0.0000001       0.0000001      -4.41582475E-05  6.26737992E-05 -1.25405827E-04
      0.0000001      -0.0000001      -0.0000001      -7.10217935E-06 -1.71333427E-07 -1.83642005E-05
      0.0000001      -0.0000001       0.0000000       1.05613246E-05 -2.99783443E-07 -7.03541048E-05
      0.0000001      -0.0000001       0.0000001      -1.01632230E-05  1.93328808E-07 -9.73753307E-05
      0.0000000      -0.0000001      -0.0000001       7.03198273E-05 -3.67219412E-08  1.00613228E-03
      0.0000000      -0.0000001       0.0000000       4.07052538E-04 -1.50372231E-08 -3.92029122E-04
      0.0000000      -0.0000001       0.0000001      -4.74341087E-04  9.47317234E-08 -2.87562385E-04
      0.0000000      -0.0000000      -0.0000001      -3.65057476E-05  1.76640944E-05  4.24484364E-05
      0.0000000      -0.0000000       0.0000000       4.83750353E-05 -5.81446680E-05 -1.14106497E-04
      0.0000000      -0.0000000       0.0000001      -6.22599229E-05  4.41860854E-05 -1.25381825E-04
      0.0000000       0.0000001      -0.0000001      -3.65015596E-05 -1.76916895E-05  4.24467513E-05
      0.0000000       0.0000001       0.0000000       4.83771476E-05  5.82849634E-05 -1.14105139E-04
      0.0000000       0.0000001       0.0000001      -6.22642722E-05 -4.41959032E-05 -1.25379782E-04
      0.0000001      -0.0000001      -0.0000001      -7.04015339E-05 -2.93926024E-08  1.00615422E-03
      0.0000001      -0.0000001       0.0000000      -4.07540664E-04 -1.19482827E-08 -3.92042928E-04
      0.0000001      -0.0000001       0.0000001       4.74773653E-04  1.41153311E-07 -2.87595294E-04
      0.0000001      -0.0000000      -0.0000001       3.65766680E-05  1.76699785E-05  4.24577074E-05
      0.0000001      -0.0000000       0.0000000      -4.88656360E-05 -5.81478226E-05 -1.14111942E-04
      0.0000001      -0.0000000       0.0000001       6.26939163E-05  4.42241403E-05 -1.25407201E-04
      0.0000001       0.0000001      -0.0000001       3.65839932E-05 -1.77029140E-05  4.24593942E-05
      0.0000001       0.0000001       0.0000000      -4.88614421E-05  5.82597130E-05 -1.14112605E-04
      0.0000001       0.0000001       0.0000001       6.26888950E-05 -4.41593380E-05 -1.25406584E-04
     -0.0000001      -0.0000001      -0.0000001       4.77822873E-09 -1.49106920E-08  2.36247911E-06
     -0.0000001      -0.0000001       0.0000000      -2.64462635E-07 -1.43796667E-08 -6.22483575E-05
     -0.0000001      -0.0000001       0.0000001       1.94701812E-07  1.80503281E-07 -1.21892207E-04
     -0.0000001      -0.0000000      -0.0000001       4.13125276E-08  7.08202594E-06 -1.83431261E-05
     -0.0000001      -0.0000000       0.0000000      -2.63397248E-07 -1.04681875E-05 -7.03522558E-05
     -0.0000001      -0.0000000       0.0000001       1.89366531E-07  1.03131616E-05 -9.73759961E-05
     -0.0000001       0.0000001      -0.0000001       3.75816034E-08 -7.09982593E-06 -1.83422922E-05
     -0.0000001       0.0000001       0.0000000      -2.65348353E-07  1.05587341E-05 -7.03521269E-05
     -0.0000001       0.0000001       0.0000001       1.99621209E-07 -1.01639221E-05 -9.73771837E-05
     -0.0000001      -0.0000001       0.0188972       2.05534396E-07  2.14085614E-07 -1.10831921E-02
     -0.0000001      -0.0000001       0.0000000       2.28713079E-07  2.61817266E-07  2.21323630E-03
     -0.0000001      -0.0000001       0.0000001      -1.06439073E-07 -1.00838253E-07  2.19814161E-03
     -0.0000001      -0.0000000      -0.0000001      -3.06028965E-08 -1.77797293E-04 -2.57326692E-04
     -0.0000001      -0.0000000       0.0000000       1.77899799E-07  2.86295302E-04  8.84954895E-05
     -0.0000001      -0.0000000       0.0000001      -1.25267671E-07 -2.93230628E-04  1.00135371E-04
     -0.0000001       0.0000001      -0.0000001      -5.18344685E-09  1.78240606E-04 -2.57369814E-04
     -0.0000001       0.0000001       0.0000000       2.06259052E-07 -2.85826855E-04  8.84845885E-05
     -0.0000001       0.0000001       0.0000001      -1.12086713E-07  2.92910960E-04  1.00124632E-04
     -0.0000000      -0.0000001      -0.0000001      -1.78007013E-04  1.81643462E-07 -2.57289027E-04
     -0.0000000      -0.0000001       0.0000000       2.86265703E-04  2.10876538E-07  8.85008209E-05
     -0.0000000      -0.0000001       0.0000001      -2.93233699E-04 -1.19371983E-07  1.00156047E-04
     -0.0000000      -0.0000000      -0.0000001      -1.65847278E-05 -1.63742414E-05 -1.79606298E-04
     -0.0000000      -0.0000000       0.0000000       5.95026098E-05  5.95308225E-05  4.80414424E-05
     -0.0000000      -0.0000000       0.0000001      -5.19512612E-05 -5.19453120E-05  5.85807708E-05
     -0.0000000       0.0000001      -0.0000001      -1.65687176E-05  1.67652836E-05 -1.79634636E-04
     -0.0000000       0.0000001       0.0000000       5.95280856E-05 -5.91647136E-05  4.80310103E-05
     -0.0000000       0.0000001       0.0000001      -5.19355500E-05  5.15768040E-05  5.85673670E-05
      0.0000001      -0.0000001      -0.0000001       1.78043472E-04  2.06123635E-07 -2.57332327E-04
      0.0000001      -0.0000001       0.0000000      -2.85866095E-04  2.38927523E-07  8.84896477E-05
      0.0000001      -0.0000001       0.0000001       2.92901506E-04 -1.06183773E-07  1.00146182E-04
      0.0000001      -0.0000000      -0.0000001       1.65591153E-05 -1.63674017E-05 -1.79635366E-04
      0.0000001      -0.0000000       0.0000000      -5.92057113E-05  5.95561025E-05  4.80319890E-05
      0.0000001      -0.0000000       0.0000001       5.15699637E-05 -5.19299988E-05  5.85672474E-05
      0.0000001       0.0000001      -0.0000001       1.65706231E-05  1.67819007E-05 -1.79631658E-04
      0.0000001       0.0000001       0.0000000      -5.91817532E-05 -5.91399637E-05  4.80246171E-05
      0.0000001       0.0000001       0.0000001       5.15816333E-05  5.15886205E-05  5.85709470E-05
# Displacement: 13,  E_pot (hartree): -29718.696007019
      0.0000000       0.0000000       0.0000001      -4.83220224E-04 -4.83221097E-04  2.65243594E-04
      0.0000000       0.0000000      -0.0000001       7.32335921E-04  7.32337071E-04  3.11063742E-04
      0.0000000       0.0000000       0.0000000      -4.21369547E-07 -4.21909921E-07  2.13166617E-04
      0.0000000       0.0000001       0.0000001      -4.83212594E-04  4.83069106E-04  2.65239456E-04
      0.0000000       0.0000001      -0.0000001       7.32372670E-04 -7.32269882E-04  3.11088262E-04
      0.0000000       0.0000001       0.0000000      -4.32333870E-07  2.02182016E-07  2.13365036E-04
      0.0000000      -0.0000001       0.0000001      -1.78577285E-05 -4.36644412E-08  4.50798494E-04
      0.0000000      -0.0000001      -0.0000001       4.02562752E-08  7.08614319E-08  4.67267971E-04
      0.0000000      -0.0000001       0.0000000       5.62041263E-06 -2.61167335E-08  3.38697229E-04
      0.0000001       0.0000000       0.0000001       4.83068399E-04 -4.83214623E-04  2.65238558E-04
      0.0000001       0.0000000      -0.0000001      -7.32271827E-04  7.32370524E-04  3.11087899E-04
      0.0000001       0.0000000       0.0000000       2.01112488E-07 -4.33163231E-07  2.13365727E-04
      0.0000001       0.0000001       0.0000001       4.83053024E-04  4.83055073E-04  2.65240758E-04
      0.0000001       0.0000001      -0.0000001      -7.32279939E-04 -7.32275341E-04  3.11130672E-04
      0.0000001       0.0000001       0.0000000       2.02807578E-07  2.04139976E-07  2.13565750E-04
      0.0000001      -0.0000001       0.0000001       1.76696565E-05 -5.59643123E-08  4.50814617E-04
      0.0000001      -0.0000001      -0.0000001       2.44563571E-08  6.52986354E-08  4.67285658E-04
      0.0000001      -0.0000001       0.0000000      -5.86597091E-06 -4.38653237E-08  3.38900247E-04
     -0.0000001       0.0000000       0.0000001      -4.31402128E-08 -1.78594736E-05  4.50797953E-04
     -0.0000001       0.0000000      -0.0000001       7.34133302E-08  3.84071466E-08  4.67259752E-04
     -0.0000001       0.0000000       0.0000000      -2.57948082E-08  5.61972561E-06  3.38701923E-04
     -0.0000001       0.0000001       0.0000001      -5.55071395E-08  1.76713265E-05  4.50813360E-04
     -0.0000001       0.0000001      -0.0000001       6.61789019E-08  2.88886409E-08  4.67281703E-04
     -0.0000001       0.0000001       0.0000000      -4.35834614E-08 -5.86502075E-06  3.38903722E-04
     -0.0000001      -0.0000001       0.0000001      -5.52945908E-08 -5.52011601E-08  4.42010909E-04
     -0.0000001      -0.0000001      -0.0000001       6.78407004E-08  6.85815398E-08  4.47161939E-04
     -0.0000001      -0.0000001       0.0000000      -5.46180691E-08 -5.45948957E-08  3.67941486E-04
     -0.0000001      -0.0000001       0.0000001       6.05603358E-09  5.40574651E-09 -5.35022657E-03
     -0.0000001      -0.0000001      -0.0000001      -4.26133183E-08 -4.15590262E-08  6.23566074E-04
     -0.0000001      -0.0000001       0.0000000       1.27496801E-08  1.28069958E-08  1.68791897E-03
     -0.0000001      -0.0000000       0.0000001      -1.69953161E-09  5.56066810E-05 -4.54801095E-04
     -0.0000001      -0.0000000      -0.0000001      -3.04942670E-08  9.24409285E-06 -7.45091136E-05
     -0.0000001      -0.0000000       0.0000000       7.96472201E-09 -8.04889341E-05 -3.27490355E-04
     -0.0000001       0.0000001       0.0000001       1.38426119E-08 -5.56487241E-05 -4.54787178E-04
     -0.0000001       0.0000001      -0.0000001      -3.56996422E-08 -9.22025974E-06 -7.45182386E-05
     -0.0000001       0.0000001       0.0000000       7.50263903E-09  8.05242689E-05 -3.27489572E-04
     -0.0000000      -0.0000001       0.0000001       5.56022280E-05 -1.52296435E-09 -4.54869588E-04
     -0.0000000      -0.0000001      -0.0000001       9.24196998E-06 -2.95751831E-08 -7.45308537E-05
     -0.0000000      -0.0000001       0.0000000      -8.04911122E-05  7.81853100E-09 -3.27511270E-04
     -0.0000000      -0.0000000       0.0000001       6.24824140E-05  6.24851981E-05 -3.70496488E-04
     -0.0000000      -0.0000000      -0.0000001       2.36331073E-06  2.36568215E-06 -1.84090178E-04
     -0.0000000      -0.0000000       0.0000000      -3.90186171E-05 -3.90156741E-05 -2.87577376E-04
     -0.0000000       0.0000001       0.0000001       6.24863904E-05 -6.25084547E-05 -3.70448388E-04
     -0.0000000       0.0000001      -0.0000001       2.35893764E-06 -2.32965777E-06 -1.84067067E-04
     -0.0000000       0.0000001       0.0000000      -3.90241659E-05  3.90623351E-05 -2.87515454E-04
      0.0000001      -0.0000001       0.0000001      -5.56449832E-05  1.36136607E-08 -4.54853184E-04
      0.0000001      -0.0000001      -0.0000001      -9.21877410E-06 -3.46987931E-08 -7.45414098E-05
      0.0000001      -0.0000001       0.0000000       8.05267418E-05  7.49659920E-09 -3.27512577E-04
      0.0000001      -0.0000000       0.0000001      -6.25046997E-05  6.24890192E-05 -3.70448521E-04
      0.0000001      -0.0000000      -0.0000001      -2.32803352E-06  2.36126277E-06 -1.84068702E-04
      0.0000001      -0.0000000       0.0000000       3.90658234E-05 -3.90214071E-05 -2.87515393E-04
      0.0000001       0.0000001       0.0000001      -6.25016461E-05 -6.24971669E-05 -3.70489698E-04
      0.0000001       0.0000001      -0.0000001      -2.32970518E-06 -2.33123508E-06 -1.84108900E-04
      0.0000001       0.0000001       0.0000000       3.90621140E-05  3.90592560E-05 -2.87575626E-04
     -0.0000001       0.0000000      -0.0000001      -2.56916734E-08 -6.58265270E-05 -1.12256060E-03
     -0.0000001       0.0000000       0.0000000      -1.30212852E-08 -4.11635292E-04  2.64637000E-04
     -0.0000001       0.0000000       0.0000001       9.89072898E-08  4.79093425E-04  1.65861538E-04
     -0.0000001       0.0000001      -0.0000001      -1.54850546E-08  6.57333735E-05 -1.12257739E-03
     -0.0000001       0.0000001       0.0000000      -1.59716982E-08  4.11077608E-04  2.64608201E-04
     -0.0000001       0.0000001       0.0000001       1.31420743E-07 -4.78657081E-04  1.65794282E-04
     -0.0000001      -0.0000001      -0.0000001      -7.90003160E-09 -1.66298534E-07 -1.26242507E-04
     -0.0000001      -0.0000001       0.0000000      -1.35687552E-08 -2.97788366E-07 -6.29097121E-05
     -0.0000001      -0.0000001       0.0000001       1.80692667E-07  1.90024638E-07 -3.05822075E-06
     -0.0000000       0.0000000      -0.0000001      -1.73052421E-05  3.44709950E-05 -1.66313626E-04
     -0.0000000       0.0000000       0.0000000       5.78547412E-05 -4.92358479E-05 -1.16134201E-05
     -0.0000000       0.0000000       0.0000001      -4.44950751E-05  6.30932110E-05  6.82532114E-07
     -0.0000000       0.0000001      -0.0000001      -1.72908880E-05 -3.48156900E-05 -1.66299186E-04
     -0.0000000       0.0000001       0.0000000       5.78551565E-05  4.86731535E-05 -1.16137188E-05
     -0.0000000       0.0000001       0.0000001      -4.44471160E-05 -6.26713681E-05  6.58344965E-07
     -0.0000000      -0.0000001      -0.0000001      -6.83344353E-06 -1.63278416E-07 -1.05015929E-04
     -0.0000000      -0.0000001       0.0000000       1.06249331E-05 -2.95496033E-07 -5.51670377E-05
     -0.0000000      -0.0000001       0.0000001      -1.00129714E-05  1.84292794E-07 -2.77818058E-05
      0.0000001       0.0000000      -0.0000001       1.72684703E-05  3.44773988E-05 -1.66310553E-04
      0.0000001       0.0000000       0.0000000      -5.77177185E-05 -4.92318782E-05 -1.16027786E-05
      0.0000001       0.0000000       0.0000001       4.44776367E-05  6.30913587E-05  6.86851267E-07
      0.0000001       0.0000001      -0.0000001       1.72679520E-05 -3.48072895E-05 -1.66302559E-04
      0.0000001       0.0000001       0.0000000      -5.77400552E-05  4.86791510E-05 -1.16182766E-05
      0.0000001       0.0000001       0.0000001       4.45213414E-05 -6.26781237E-05  6.57658461E-07
      0.0000001      -0.0000001      -0.0000001       6.81655595E-06 -1.75414361E-07 -1.05022323E-04
      0.0000001      -0.0000001       0.0000000      -1.05357447E-05 -3.01612016E-07 -5.51660223E-05
      0.0000001      -0.0000001       0.0000001       1.01614382E-05  1.91160818E-07 -2.77833197E-05
      0.0000000      -0.0000001      -0.0000001      -6.58364111E-05 -2.71385065E-08 -1.12256001E-03
      0.0000000      -0.0000001       0.0000000      -4.11598142E-04 -1.25550002E-08  2.64637528E-04
      0.0000000      -0.0000001       0.0000001       4.79101926E-04  9.88046925E-08  1.65860736E-04
      0.0000000      -0.0000000      -0.0000001       3.46521183E-05 -1.73138580E-05 -1.66303217E-04
      0.0000000      -0.0000000       0.0000000      -4.92000438E-05  5.78538958E-05 -1.16119971E-05
      0.0000000      -0.0000000       0.0000001       6.30917144E-05 -4.44952960E-05  6.81066798E-07
      0.0000000       0.0000001      -0.0000001       3.46591704E-05  1.72760447E-05 -1.66298371E-04
      0.0000000       0.0000001       0.0000000      -4.91962925E-05 -5.77170179E-05 -1.16027039E-05
      0.0000000       0.0000001       0.0000001       6.30889895E-05  4.44779395E-05  6.84755092E-07
      0.0000001      -0.0000001      -0.0000001       6.59517911E-05 -2.39486097E-08 -1.12255990E-03
      0.0000001      -0.0000001       0.0000000       4.11110078E-04 -1.55330264E-08  2.64608301E-04
      0.0000001      -0.0000001       0.0000001      -4.78653097E-04  1.31318759E-07  1.65793144E-04
      0.0000001      -0.0000000      -0.0000001      -3.45804265E-05 -1.72990216E-05 -1.66288575E-04
      0.0000001      -0.0000000       0.0000000       4.87068743E-05  5.78550349E-05 -1.16122023E-05
      0.0000001      -0.0000000       0.0000001      -6.26566547E-05 -4.44472139E-05  6.57096098E-07
      0.0000001       0.0000001      -0.0000001      -3.45718965E-05  1.72769589E-05 -1.66291987E-04
      0.0000001       0.0000001       0.0000000       4.87125165E-05 -5.77399641E-05 -1.16176246E-05
      0.0000001       0.0000001       0.0000001      -6.26624663E-05  4.45214990E-05  6.55739198E-07
     -0.0000001      -0.0000001      -0.0000001       3.84645034E-08 -1.46162915E-08 -1.26218382E-04
     -0.0000001      -0.0000001       0.0000000      -2.63746356E-07 -1.35892261E-08 -6.29092330E-05
     -0.0000001      -0.0000001       0.0000001       1.96192849E-07  1.80426787E-07 -3.06143926E-06
     -0.0000001      -0.0000000      -0.0000001       4.34996176E-08 -6.84049573E-06 -1.04998354E-04
     -0.0000001      -0.0000000       0.0000000      -2.60971937E-07  1.06245877E-05 -5.51650742E-05
     -0.0000001      -0.0000000       0.0000001       1.89601753E-07 -1.00123967E-05 -2.77841172E-05
     -0.0000001       0.0000001      -0.0000001       3.24127389E-08  6.82271264E-06 -1.04997635E-04
     -0.0000001       0.0000001       0.0000000      -2.67147770E-07 -1.05345563E-05 -5.51647340E-05
     -0.0000001       0.0000001       0.0000001       1.96468776E-07  1.01610585E-05 -2.77855340E-05
     -0.0000001      -0.0000001      -0.0188973      -4.39309217E-08 -3.58501872E-08  1.06371255E-02
     -0.0000001      -0.0000001       0.0000000       2.29750038E-07  2.63003466E-07 -2.27236816E-03
     -0.0000001      -0.0000001       0.0000001      -1.03774067E-07 -9.72266424E-08 -2.27410182E-03
     -0.0000001      -0.0000000      -0.0000001      -2.10293457E-08  1.68962336E-04  2.19393569E-04
     -0.0000001      -0.0000000       0.0000000       1.84582561E-07 -2.86591933E-04 -1.29686989E-04
     -0.0000001      -0.0000000       0.0000001      -1.18090638E-07  2.96564237E-04 -1.38102395E-04
     -0.0000001       0.0000001      -0.0000001      -1.02685605E-08 -1.68523744E-04  2.19368140E-04
     -0.0000001       0.0000001       0.0000000       1.98606457E-07  2.87050520E-04 -1.29690407E-04
     -0.0000001       0.0000001       0.0000001      -1.17593069E-07 -2.96886580E-04 -1.38112971E-04
     -0.0000000      -0.0000001      -0.0000001       1.68763077E-04  1.91372754E-07  2.19441787E-04
     -0.0000000      -0.0000001       0.0000000      -2.86621332E-04  2.17546766E-07 -1.29663322E-04
     -0.0000000      -0.0000001       0.0000001       2.96560212E-04 -1.12103490E-07 -1.38080424E-04
     -0.0000000      -0.0000000      -0.0000001       1.58172596E-05  1.60254397E-05  1.40368586E-04
     -0.0000000      -0.0000000       0.0000000      -5.89645592E-05 -5.89359160E-05 -8.85608794E-05
     -0.0000000      -0.0000000       0.0000001       5.18758738E-05  5.18797138E-05 -9.75826628E-05
     -0.0000000       0.0000001      -0.0000001       1.58434684E-05 -1.56454976E-05  1.40329774E-04
     -0.0000000       0.0000001       0.0000000      -5.89321603E-05  5.92958063E-05 -8.86012311E-05
     -0.0000000       0.0000001       0.0000001       5.18990233E-05 -5.22559613E-05 -9.76441284E-05
      0.0000001      -0.0000001      -0.0000001      -1.68730658E-04  2.01231843E-07  2.19415717E-04
      0.0000001      -0.0000001       0.0000000       2.87011215E-04  2.31287142E-07 -1.29666957E-04
      0.0000001      -0.0000001       0.0000001      -2.96894298E-04 -1.11607640E-07 -1.38089303E-04
      0.0000001      -0.0000000      -0.0000001      -1.58538332E-05  1.60418625E-05  1.40329031E-04
      0.0000001      -0.0000000       0.0000000       5.92551174E-05 -5.89037008E-05 -8.86000342E-05
      0.0000001      -0.0000000       0.0000001      -5.22648090E-05  5.19022018E-05 -9.76432335E-05
      0.0000001       0.0000001      -0.0000001      -1.58336053E-05 -1.56196050E-05  1.40344360E-04
      0.0000001       0.0000001       0.0000000       5.92839065E-05  5.93253472E-05 -8.85770075E-05
      0.0000001       0.0000001       0.0000001      -5.22480606E-05 -5.22387658E-05 -9.75944935E-05
