Date: 2026-03-25 16:53:49
Running on: nid002436
Temporary directory: /scratch/project_462000878/zeitzsab/h_disp9_50066
Executable: /project/project_462000878/jchem/crystal/23-1.0.1-gnu/install/bin/Pcrystal
Output: /users/zeitzsab/tetra_script_walkthrough/oldPyro_tetra/harm/h_disp9.out
Input data h_disp9.d12
converted and standardized from ase Atoms() object for Ba27Ti27O81 in space group 1
EXTERNAL
ENDGEOM 
256 6 
INPUT 
10. 0 2 2 2 1 0 
9.526986 427.845816 0 
4.487510 204.417530 0 
8.315930 293.605864 0 
4.292217 294.193316 0 
5.916108 112.550402 0 
2.874842 181.782621 0 
3.589465 -33.473174 0 
0 0 3 2.0 1.0 
2.3961900000 -5.9554766710 
2.2433050000 6.6805648241 
0.71740200000 -0.57055347037 
0 0 1 2.0 1.0 
0.27420073547 1.0000000000 
0 1 1 0.0 1.0 
0.13 1.0 1.0 
0 2 4 6.0 1.0 
2.9267420000 0.79815276764 
2.5207180000 -1.0707548832 
0.67578180854 0.34940781448 
0.31985844531 0.65041110673 
0 3 2 0.0 1.0 
0.966315 -0.908938 
0.893828 0.947240 
0 3 1 0.0 1.0 
0.273195 0.322057 
22 12 
0 0 8 2.0 1.0 
211575.69025 .23318151011E-03 
31714.945058 .18079690851E-02 
7217.5476543 .93984311352E-02 
2042.9394247 .38156853618E-01 
665.12896208 .12374757197 
238.74942264 .29208551143 
92.508691001 .41226800855 
36.403919209 .21090534061 
0 0 4 2.0 1.0 
232.72624607 -.24920140738E-01 
71.791209711 -.11746490087 
11.158534615 .56503342318 
4.6548135416 .56211101812 
0 0 2 2.0 1.0 
6.8034629174 -.23011425503 
1.1201076403 .72103186735 
0 0 1 2.0 1.0 
0.48080118839 1.0000000000 
0 0 1 0.0 1.0 
0.24 1.0 
0 1 1 0.0 1.0 
0.12 1.0 1.0 
0 2 6 6.0 1.0 
1063.1474732 .24690839320E-02 
251.56507061 .19773345523E-01 
80.408554854 .90987976672E-01 
29.768193269 .25559900413 
11.736830556 .40489386764 
4.7142375230 .23693402558 
0 2 3 6.0 1.0 
17.796803704 -.27878639615E-01 
2.4272698680 .55672914668 
0.96823445537 1.0055447350 
0 2 1 0.0 1.0 
0.37056694165 1.0000000000 
0 3 4 2.0 1.0 
37.713384723 .11513835092E-01 
10.692931184 .67246343996E-01 
3.6728446990 .21484207775 
1.3588590303 .38890892779 
0 3 1 0.0 1.0 
0.54 1.0 
0 3 1 0.0 1.0 
0.22 1.0 
8 7 
0 0 6 2.0 1.0 
27032.382631 0.21726302465E-03 
4052.3871392 0.16838662199E-02 
922.32722710 0.87395616265E-02 
261.24070989 0.35239968808E-01 
85.354641351 0.11153519115 
31.035035245 0.25588953961 
0 0 2 2.0 1.0 
12.271113873 0.39768730901 
4.9159842006 0.24627849430 
0 0 1 0.0 1.0 
0.90086482370 1.0000000000 
0 1 1 0.0 1.0 
0.25000000000 1.0 1.0 
0 2 4 4.0 1.0 
75.300554155 0.60685103418E-02 
17.743733858 0.41912575824E-01 
5.5355828651 0.16153841088 
2.0685535103 0.35706951311 
0 2 1 0.0 1.0 
0.78238772422 1.0000000000 
0 3 1 0.0 1.0 
1.2000000000 1.0000000000 
99 0 
ENDBAS 
DFT 
PBE0 
ENDDFT 
SHRINK 
0 2 
2 2 2 
TOLINTEG 
8 8 8 8 16 
MAXCYCLE 
100 
FMIXING 
80 
EXCHSIZE 
30000000 
BIPOSIZE 
30000000 
GRADCAL 
ENDEXTERNAL geometry h_disp9.ext is available as /scratch/project_462000878/zeitzsab/h_disp9_50066/fort.34
 PROCESS           21  OF           32  WORKING
 PROCESS           29  OF           32  WORKING
 PROCESS           25  OF           32  WORKING
 PROCESS           10  OF           32  WORKING
 PROCESS           13  OF           32  WORKING
 PROCESS           16  OF           32  WORKING
 PROCESS           17  OF           32  WORKING
 PROCESS           19  OF           32  WORKING
 PROCESS           18  OF           32  WORKING
 PROCESS           20  OF           32  WORKING
 PROCESS           23  OF           32  WORKING
 PROCESS           28  OF           32  WORKING
 PROCESS           22  OF           32  WORKING
 PROCESS           27  OF           32  WORKING
 PROCESS            5  OF           32  WORKING
 PROCESS           31  OF           32  WORKING
 PROCESS            8  OF           32  WORKING
 PROCESS            1  OF           32  WORKING
 PROCESS            2  OF           32  WORKING
 PROCESS            7  OF           32  WORKING
 PROCESS           11  OF           32  WORKING
 PROCESS           12  OF           32  WORKING
 PROCESS            3  OF           32  WORKING
 PROCESS            4  OF           32  WORKING
 PROCESS            6  OF           32  WORKING
 PROCESS            9  OF           32  WORKING
 PROCESS           14  OF           32  WORKING
 PROCESS           15  OF           32  WORKING
 PROCESS            0  OF           32  WORKING
 PROCESS           24  OF           32  WORKING
 PROCESS           26  OF           32  WORKING
 PROCESS           30  OF           32  WORKING

         
 *******************************************************************************
 *                                                                             *
 *                               CRYSTAL23                                     *
 *                      public : 1.0.1 - October 2022                          *
 *                       HTTP://WWW.CRYSTAL.UNITO.IT                           *
 *                                                                             *
 *                              MAIN AUTHORS                                   *
 *                                                                             *
 *  R. DOVESI(1,11), V.R. SAUNDERS(2), C. ROETTI(1,11), R. ORLANDO(1,11),      *
 *  C.M. ZICOVICH-WILSON(1,3), F. PASCALE(4), B. CIVALLERI(1,11),              *
 *  K. DOLL(5), N.M. HARRISON(6), I.J. BUSH(7), Ph. D'ARCO(8),                 *
 *  M. LLUNELL(9), M. CAUSA'(10), Y. NOEL(8), L. MASCHIO(1,11), A. ERBA(1,11)  *
 *  M. RE'RAT(14), S. CASASSA(1,11), B.G. SEARLE(2), J.K. DESMARAIS(1)         *
 *                                                                             *
 *        CONTRIBUTIONS TO THE CODE HAVE ALSO BEEN GIVEN BY                    *
 *                                                                             *
 *  M. FERRABONE(1,11), M. DE LA PIERRE(1,11), M. FERRERO(1,11),               *
 *  J. BAIMA(1,11), E. ALBANESE(1,11), M.F. PEINTINGER(12), R. BAST(13),       *
 *  B. KIRTMAN(15), V. LACIVITA(1,11), R. DEMICHELIS(1,16)                     *
 *  G. BRANDEBURG(17), S. SALUSTRO(1,11), G. SANSONE(1,11)                     *
 *  M.T. RUGGIERO(18), L.E. DAGA(1), L. DONA'(1), A. COSSARD(1)                *
 *                                                                             *
 * (1) THEORETICAL CHEMISTRY GROUP - UNIVERSITA' DI TORINO - TORINO (ITALY)    *
 * (2) SCIENTIFIC COMPUTING DEPARTMENT - STFC DARESBURY (UK)                   *
 * (3) UNIVERSIDAD AUTONOMA DEL ESTADO DE MORELOS - CUERNAVACA (MEXICO)        *
 * (4) UNIVERSITE' DE LORRAINE - NANCY (FRANCE)                                *
 * (5) UNIVERSITAET STUTTGART- STUTTGART (GERMANY)                             *
 * (6) IMPERIAL COLLEGE - LONDON (UK)                                          *
 * (7) SCIENTIFIC COMPUTING DEPARTMENT - STFC RAL (UK)                         *
 * (8) UPMC - SORBONNE UNIVERSITES - PARIS (FRANCE)                            *
 * (9) UNIVERSIDAD DE BARCELONA - BARCELONA (SPAIN)                            *
 *(10) UNIVERSITA' DI NAPOLI "FEDERICO II" - NAPOLI (ITALY)                    *
 *(11) NIS - NANOSTRUCTURED INTERFACES AND SURFACES - TORINO (ITALY)           *
 *(12) MPI FUER CHEMISCHE ENERGIEKONVERSION - MUELHEIM AN DER RUHR (GERMANY)   *
 *(13) UNIVERSITY OF TROMSO - TROMSO (NORWAY)                                  *
 *(14) UNIVERSITE' DE PAU ET DES PAYS DE L'ADOUR - PAU (FRANCE)                *
 *(15) UNIVERSITY OF CALIFORNIA SANTA BARBARA - SANTA BARBARA (USA)            *
 *(16) CURTIN UNIVERSITY - PERTH (AUSTRALIA)                                   *
 *(17) UNIVERSITY COLLEGE LONDON - LONDON (UK)                                 *
 *(18) UNIVERSITY OF VERMONT - BURLINGTON (USA)                                *
 *                                                                             *
 *******************************************************************************
 EEEEEEEEEE STARTING  DATE 25 03 2026 TIME 16:53:52.5
 converted and standardized from ase Atoms() object for Ba27Ti27O81 in space grou
 filename=fort.34                        0           0

 GEOMETRY INPUT FROM EXTERNAL FILE (FORTRAN UNIT 34)
 3D - CRYSTAL 

 *******************************************************************************
 LATTICE PARAMETERS  (ANGSTROMS AND DEGREES) - PRIMITIVE CELL
       A          B          C        ALPHA      BETA     GAMMA        VOLUME
   11.90773   11.90773   12.27480    90.00000  90.00000  90.00000   1740.493702
 INFORMATION **** CHKGRP **** SPGR WITH NO INVERSION

 NUMBER OF IRREDUCIBLE ATOMS IN THE CELL:  135

 CARTESIAN COORDINATES (ANGSTROM) - IRREDUCIBLE ATOMS AND SYMMETRY RELATED

 AT.IRR.  AT  AT.N.          X                   Y                   Z
     1     1   256    0.000000000000E+00  0.000000000000E+00  2.618623104000E-02
     2     2   256    0.000000000000E+00  0.000000000000E+00  4.117784831040E+00
     3     3   256    0.000000000000E+00  0.000000000000E+00  8.209383431040E+00
     4     4   256    0.000000000000E+00  3.969244350000E+00  2.618623104000E-02
     5     5   256    0.000000000000E+00  3.969244350000E+00  4.117784831040E+00
     6     6   256    0.000000000000E+00  3.969244350000E+00  8.209383431040E+00
     7     7   256    0.000000000000E+00  7.938488700000E+00  2.618623104000E-02
     8     8   256    0.000000000000E+00  7.938488700000E+00  4.117784831040E+00
     9     9   256    0.000000000000E+00  7.938488700000E+00  8.209383431040E+00
    10    10   256    3.969244350000E+00  0.000000000000E+00  2.618623104000E-02
    11    11   256    3.969244350000E+00  0.000000000000E+00  4.117784831040E+00
    12    12   256    3.969244350000E+00  0.000000000000E+00  8.209383431040E+00
    13    13   256    3.969244350000E+00  3.969244350000E+00  2.618623104000E-02
    14    14   256    3.969244350000E+00  3.969244350000E+00  4.117784831040E+00
    15    15   256    3.969244350000E+00  3.969244350000E+00  8.209383431040E+00
    16    16   256    3.969244350000E+00  7.938488700000E+00  2.618623104000E-02
    17    17   256    3.969244350000E+00  7.938488700000E+00  4.117784831040E+00
    18    18   256    3.969244350000E+00  7.938488700000E+00  8.209383431040E+00
    19    19   256    7.938488700000E+00  0.000000000000E+00  2.618623104000E-02
    20    20   256    7.938488700000E+00  0.000000000000E+00  4.117784831040E+00
    21    21   256    7.938488700000E+00  0.000000000000E+00  8.209383431040E+00
    22    22   256    7.938488700000E+00  3.969244350000E+00  2.618623104000E-02
    23    23   256    7.938488700000E+00  3.969244350000E+00  4.117784831040E+00
    24    24   256    7.938488700000E+00  3.969244350000E+00  8.209383431040E+00
    25    25   256    7.938488700000E+00  7.938488700000E+00  2.618623104000E-02
    26    26   256    7.938488700000E+00  7.938488700000E+00  4.117784831040E+00
    27    27   256    7.938488700000E+00  7.938488700000E+00  8.209383431040E+00
    28    28     8    1.984622175000E+00  1.984622175000E+00  3.960626528814E+00
    29    29     8    1.984622175000E+00  1.984622175000E+00  8.052225128814E+00
    30    30     8    1.984622175000E+00  1.984622175000E+00  1.214382372881E+01
    31    31     8    1.984622175000E+00  5.953866525000E+00  3.960626528814E+00
    32    32     8    1.984622175000E+00  5.953866525000E+00  8.052225128814E+00
    33    33     8    1.984622175000E+00  5.953866525000E+00  1.214382372881E+01
    34    34     8    1.984622175000E+00  9.923110875000E+00  3.960626528814E+00
    35    35     8    1.984622175000E+00  9.923110875000E+00  8.052225128814E+00
    36    36     8    1.984622175000E+00  9.923110875000E+00  1.214382372881E+01
    37    37     8    5.953866525000E+00  1.984622175000E+00  3.960626528814E+00
    38    38     8    5.953866525000E+00  1.984622175000E+00  8.052225128814E+00
    39    39     8    5.953866525000E+00  1.984622175000E+00  1.214382372881E+01
    40    40     8    5.953866525000E+00  5.953866525000E+00  3.960626528814E+00
    41    41     8    5.953866525000E+00  5.953866525000E+00  8.052225128814E+00
    42    42     8    5.953866525000E+00  5.953866525000E+00  1.214382372881E+01
    43    43     8    5.953866525000E+00  9.923110875000E+00  3.960626528814E+00
    44    44     8    5.953866525000E+00  9.923110875000E+00  8.052225128814E+00
    45    45     8    5.953866525000E+00  9.923110875000E+00  1.214382372881E+01
    46    46     8    9.923110875000E+00  1.984622175000E+00  3.960626528814E+00
    47    47     8    9.923110875000E+00  1.984622175000E+00  8.052225128814E+00
    48    48     8    9.923110875000E+00  1.984622175000E+00  1.214382372881E+01
    49    49     8    9.923110875000E+00  5.953866525000E+00  3.960626528814E+00
    50    50     8    9.923110875000E+00  5.953866525000E+00  8.052225128814E+00
    51    51     8    9.923110875000E+00  5.953866525000E+00  1.214382372881E+01
    52    52     8    9.923110875000E+00  9.923110875000E+00  3.960626528814E+00
    53    53     8    9.923110875000E+00  9.923110875000E+00  8.052225128814E+00
    54    54     8    9.923110875000E+00  9.923110875000E+00  1.214382372881E+01
    55    55     8    1.984622175000E+00  0.000000000000E+00  1.995775548538E+00
    56    56     8    1.984622175000E+00  0.000000000000E+00  6.077374148538E+00
    57    57     8    1.984622175000E+00  0.000000000000E+00  1.016897274854E+01
    58    58     8    1.984622175000E+00  3.969244350000E+00  1.985775548538E+00
    59    59     8    1.984622175000E+00  3.969244350000E+00  6.077374148538E+00
    60    60     8    1.984622175000E+00  3.969244350000E+00  1.016897274854E+01
    61    61     8    1.984622175000E+00  7.938488700000E+00  1.985775548538E+00
    62    62     8    1.984622175000E+00  7.938488700000E+00  6.077374148538E+00
    63    63     8    1.984622175000E+00  7.938488700000E+00  1.016897274854E+01
    64    64     8    5.953866525000E+00  0.000000000000E+00  1.985775548538E+00
    65    65     8    5.953866525000E+00  0.000000000000E+00  6.077374148538E+00
    66    66     8    5.953866525000E+00  0.000000000000E+00  1.016897274854E+01
    67    67     8    5.953866525000E+00  3.969244350000E+00  1.985775548538E+00
    68    68     8    5.953866525000E+00  3.969244350000E+00  6.077374148538E+00
    69    69     8    5.953866525000E+00  3.969244350000E+00  1.016897274854E+01
    70    70     8    5.953866525000E+00  7.938488700000E+00  1.985775548538E+00
    71    71     8    5.953866525000E+00  7.938488700000E+00  6.077374148538E+00
    72    72     8    5.953866525000E+00  7.938488700000E+00  1.016897274854E+01
    73    73     8    9.923110875000E+00  0.000000000000E+00  1.985775548538E+00
    74    74     8    9.923110875000E+00  0.000000000000E+00  6.077374148538E+00
    75    75     8    9.923110875000E+00  0.000000000000E+00  1.016897274854E+01
    76    76     8    9.923110875000E+00  3.969244350000E+00  1.985775548538E+00
    77    77     8    9.923110875000E+00  3.969244350000E+00  6.077374148538E+00
    78    78     8    9.923110875000E+00  3.969244350000E+00  1.016897274854E+01
    79    79     8    9.923110875000E+00  7.938488700000E+00  1.985775548538E+00
    80    80     8    9.923110875000E+00  7.938488700000E+00  6.077374148538E+00
    81    81     8    9.923110875000E+00  7.938488700000E+00  1.016897274854E+01
    82    82     8    0.000000000000E+00  1.984622175000E+00  1.985775548538E+00
    83    83     8    0.000000000000E+00  1.984622175000E+00  6.077374148538E+00
    84    84     8    0.000000000000E+00  1.984622175000E+00  1.016897274854E+01
    85    85     8    0.000000000000E+00  5.953866525000E+00  1.985775548538E+00
    86    86     8    0.000000000000E+00  5.953866525000E+00  6.077374148538E+00
    87    87     8    0.000000000000E+00  5.953866525000E+00  1.016897274854E+01
    88    88     8    0.000000000000E+00  9.923110875000E+00  1.985775548538E+00
    89    89     8    0.000000000000E+00  9.923110875000E+00  6.077374148538E+00
    90    90     8    0.000000000000E+00  9.923110875000E+00  1.016897274854E+01
    91    91     8    3.969244350000E+00  1.984622175000E+00  1.985775548538E+00
    92    92     8    3.969244350000E+00  1.984622175000E+00  6.077374148538E+00
    93    93     8    3.969244350000E+00  1.984622175000E+00  1.016897274854E+01
    94    94     8    3.969244350000E+00  5.953866525000E+00  1.985775548538E+00
    95    95     8    3.969244350000E+00  5.953866525000E+00  6.077374148538E+00
    96    96     8    3.969244350000E+00  5.953866525000E+00  1.016897274854E+01
    97    97     8    3.969244350000E+00  9.923110875000E+00  1.985775548538E+00
    98    98     8    3.969244350000E+00  9.923110875000E+00  6.077374148538E+00
    99    99     8    3.969244350000E+00  9.923110875000E+00  1.016897274854E+01
   100   100     8    7.938488700000E+00  1.984622175000E+00  1.985775548538E+00
   101   101     8    7.938488700000E+00  1.984622175000E+00  6.077374148538E+00
   102   102     8    7.938488700000E+00  1.984622175000E+00  1.016897274854E+01
   103   103     8    7.938488700000E+00  5.953866525000E+00  1.985775548538E+00
   104   104     8    7.938488700000E+00  5.953866525000E+00  6.077374148538E+00
   105   105     8    7.938488700000E+00  5.953866525000E+00  1.016897274854E+01
   106   106     8    7.938488700000E+00  9.923110875000E+00  1.985775548538E+00
   107   107     8    7.938488700000E+00  9.923110875000E+00  6.077374148538E+00
   108   108     8    7.938488700000E+00  9.923110875000E+00  1.016897274854E+01
   109   109    22    1.984622175000E+00  1.984622175000E+00  2.147434609224E+00
   110   110    22    1.984622175000E+00  1.984622175000E+00  6.239033209224E+00
   111   111    22    1.984622175000E+00  1.984622175000E+00  1.033063180922E+01
   112   112    22    1.984622175000E+00  5.953866525000E+00  2.147434609224E+00
   113   113    22    1.984622175000E+00  5.953866525000E+00  6.239033209224E+00
   114   114    22    1.984622175000E+00  5.953866525000E+00  1.033063180922E+01
   115   115    22    1.984622175000E+00  9.923110875000E+00  2.147434609224E+00
   116   116    22    1.984622175000E+00  9.923110875000E+00  6.239033209224E+00
   117   117    22    1.984622175000E+00  9.923110875000E+00  1.033063180922E+01
   118   118    22    5.953866525000E+00  1.984622175000E+00  2.147434609224E+00
   119   119    22    5.953866525000E+00  1.984622175000E+00  6.239033209224E+00
   120   120    22    5.953866525000E+00  1.984622175000E+00  1.033063180922E+01
   121   121    22    5.953866525000E+00  5.953866525000E+00  2.147434609224E+00
   122   122    22    5.953866525000E+00  5.953866525000E+00  6.239033209224E+00
   123   123    22    5.953866525000E+00  5.953866525000E+00  1.033063180922E+01
   124   124    22    5.953866525000E+00  9.923110875000E+00  2.147434609224E+00
   125   125    22    5.953866525000E+00  9.923110875000E+00  6.239033209224E+00
   126   126    22    5.953866525000E+00  9.923110875000E+00  1.033063180922E+01
   127   127    22    9.923110875000E+00  1.984622175000E+00  2.147434609224E+00
   128   128    22    9.923110875000E+00  1.984622175000E+00  6.239033209224E+00
   129   129    22    9.923110875000E+00  1.984622175000E+00  1.033063180922E+01
   130   130    22    9.923110875000E+00  5.953866525000E+00  2.147434609224E+00
   131   131    22    9.923110875000E+00  5.953866525000E+00  6.239033209224E+00
   132   132    22    9.923110875000E+00  5.953866525000E+00  1.033063180922E+01
   133   133    22    9.923110875000E+00  9.923110875000E+00  2.147434609224E+00
   134   134    22    9.923110875000E+00  9.923110875000E+00  6.239033209224E+00
   135   135    22    9.923110875000E+00  9.923110875000E+00  1.033063180922E+01
 NUMBER OF SYMMETRY OPERATORS         :    1
 *******************************************************************************
 LATTICE PARAMETERS (ANGSTROMS AND DEGREES) - BOHR = 0.5291772083 ANGSTROM
 PRIMITIVE CELL - CENTRING CODE 1/0 VOLUME=  1740.493702 - DENSITY  6.022 g/cm^3
         A              B              C           ALPHA      BETA       GAMMA 
    11.90773305    11.90773305    12.27479580    90.000000  90.000000  90.000000
 *******************************************************************************
 ATOMS IN THE ASYMMETRIC UNIT  135 - ATOMS IN THE UNIT CELL:  135
     ATOM                 X/A                 Y/B                 Z/C    
 *******************************************************************************
      1 T 256 BA    0.000000000000E+00  0.000000000000E+00  2.133333333333E-03
      2 T 256 BA    0.000000000000E+00  0.000000000000E+00  3.354666666667E-01
      3 T 256 BA    0.000000000000E+00  0.000000000000E+00 -3.312000000000E-01
      4 T 256 BA    0.000000000000E+00  3.333333333333E-01  2.133333333333E-03
      5 T 256 BA    0.000000000000E+00  3.333333333333E-01  3.354666666667E-01
      6 T 256 BA    0.000000000000E+00  3.333333333333E-01 -3.312000000000E-01
      7 T 256 BA    0.000000000000E+00 -3.333333333333E-01  2.133333333333E-03
      8 T 256 BA    0.000000000000E+00 -3.333333333333E-01  3.354666666667E-01
      9 T 256 BA    0.000000000000E+00 -3.333333333333E-01 -3.312000000000E-01
     10 T 256 BA    3.333333333333E-01  0.000000000000E+00  2.133333333333E-03
     11 T 256 BA    3.333333333333E-01  0.000000000000E+00  3.354666666667E-01
     12 T 256 BA    3.333333333333E-01  0.000000000000E+00 -3.312000000000E-01
     13 T 256 BA    3.333333333333E-01  3.333333333333E-01  2.133333333333E-03
     14 T 256 BA    3.333333333333E-01  3.333333333333E-01  3.354666666667E-01
     15 T 256 BA    3.333333333333E-01  3.333333333333E-01 -3.312000000000E-01
     16 T 256 BA    3.333333333333E-01 -3.333333333333E-01  2.133333333333E-03
     17 T 256 BA    3.333333333333E-01 -3.333333333333E-01  3.354666666667E-01
     18 T 256 BA    3.333333333333E-01 -3.333333333333E-01 -3.312000000000E-01
     19 T 256 BA   -3.333333333333E-01  0.000000000000E+00  2.133333333333E-03
     20 T 256 BA   -3.333333333333E-01  0.000000000000E+00  3.354666666667E-01
     21 T 256 BA   -3.333333333333E-01  0.000000000000E+00 -3.312000000000E-01
     22 T 256 BA   -3.333333333333E-01  3.333333333333E-01  2.133333333333E-03
     23 T 256 BA   -3.333333333333E-01  3.333333333333E-01  3.354666666667E-01
     24 T 256 BA   -3.333333333333E-01  3.333333333333E-01 -3.312000000000E-01
     25 T 256 BA   -3.333333333333E-01 -3.333333333333E-01  2.133333333333E-03
     26 T 256 BA   -3.333333333333E-01 -3.333333333333E-01  3.354666666667E-01
     27 T 256 BA   -3.333333333333E-01 -3.333333333333E-01 -3.312000000000E-01
     28 T   8 O     1.666666666667E-01  1.666666666667E-01  3.226633333333E-01
     29 T   8 O     1.666666666667E-01  1.666666666667E-01 -3.440033333333E-01
     30 T   8 O     1.666666666667E-01  1.666666666667E-01 -1.067000000000E-02
     31 T   8 O     1.666666666667E-01  5.000000000000E-01  3.226633333333E-01
     32 T   8 O     1.666666666667E-01  5.000000000000E-01 -3.440033333333E-01
     33 T   8 O     1.666666666667E-01  5.000000000000E-01 -1.067000000000E-02
     34 T   8 O     1.666666666667E-01 -1.666666666667E-01  3.226633333333E-01
     35 T   8 O     1.666666666667E-01 -1.666666666667E-01 -3.440033333333E-01
     36 T   8 O     1.666666666667E-01 -1.666666666667E-01 -1.067000000000E-02
     37 T   8 O     5.000000000000E-01  1.666666666667E-01  3.226633333333E-01
     38 T   8 O     5.000000000000E-01  1.666666666667E-01 -3.440033333333E-01
     39 T   8 O     5.000000000000E-01  1.666666666667E-01 -1.067000000000E-02
     40 T   8 O     5.000000000000E-01  5.000000000000E-01  3.226633333333E-01
     41 T   8 O     5.000000000000E-01  5.000000000000E-01 -3.440033333333E-01
     42 T   8 O     5.000000000000E-01  5.000000000000E-01 -1.067000000000E-02
     43 T   8 O     5.000000000000E-01 -1.666666666667E-01  3.226633333333E-01
     44 T   8 O     5.000000000000E-01 -1.666666666667E-01 -3.440033333333E-01
     45 T   8 O     5.000000000000E-01 -1.666666666667E-01 -1.067000000000E-02
     46 T   8 O    -1.666666666667E-01  1.666666666667E-01  3.226633333333E-01
     47 T   8 O    -1.666666666667E-01  1.666666666667E-01 -3.440033333333E-01
     48 T   8 O    -1.666666666667E-01  1.666666666667E-01 -1.067000000000E-02
     49 T   8 O    -1.666666666667E-01  5.000000000000E-01  3.226633333333E-01
     50 T   8 O    -1.666666666667E-01  5.000000000000E-01 -3.440033333333E-01
     51 T   8 O    -1.666666666667E-01  5.000000000000E-01 -1.067000000000E-02
     52 T   8 O    -1.666666666667E-01 -1.666666666667E-01  3.226633333333E-01
     53 T   8 O    -1.666666666667E-01 -1.666666666667E-01 -3.440033333333E-01
     54 T   8 O    -1.666666666667E-01 -1.666666666667E-01 -1.067000000000E-02
     55 T   8 O     1.666666666667E-01  0.000000000000E+00  1.625913441703E-01
     56 T   8 O     1.666666666667E-01  0.000000000000E+00  4.951100000000E-01
     57 T   8 O     1.666666666667E-01  0.000000000000E+00 -1.715566666667E-01
     58 T   8 O     1.666666666667E-01  3.333333333333E-01  1.617766666667E-01
     59 T   8 O     1.666666666667E-01  3.333333333333E-01  4.951100000000E-01
     60 T   8 O     1.666666666667E-01  3.333333333333E-01 -1.715566666667E-01
     61 T   8 O     1.666666666667E-01 -3.333333333333E-01  1.617766666667E-01
     62 T   8 O     1.666666666667E-01 -3.333333333333E-01  4.951100000000E-01
     63 T   8 O     1.666666666667E-01 -3.333333333333E-01 -1.715566666667E-01
     64 T   8 O     5.000000000000E-01  0.000000000000E+00  1.617766666667E-01
     65 T   8 O     5.000000000000E-01  0.000000000000E+00  4.951100000000E-01
     66 T   8 O     5.000000000000E-01  0.000000000000E+00 -1.715566666667E-01
     67 T   8 O     5.000000000000E-01  3.333333333333E-01  1.617766666667E-01
     68 T   8 O     5.000000000000E-01  3.333333333333E-01  4.951100000000E-01
     69 T   8 O     5.000000000000E-01  3.333333333333E-01 -1.715566666667E-01
     70 T   8 O     5.000000000000E-01 -3.333333333333E-01  1.617766666667E-01
     71 T   8 O     5.000000000000E-01 -3.333333333333E-01  4.951100000000E-01
     72 T   8 O     5.000000000000E-01 -3.333333333333E-01 -1.715566666667E-01
     73 T   8 O    -1.666666666667E-01  0.000000000000E+00  1.617766666667E-01
     74 T   8 O    -1.666666666667E-01  0.000000000000E+00  4.951100000000E-01
     75 T   8 O    -1.666666666667E-01  0.000000000000E+00 -1.715566666667E-01
     76 T   8 O    -1.666666666667E-01  3.333333333333E-01  1.617766666667E-01
     77 T   8 O    -1.666666666667E-01  3.333333333333E-01  4.951100000000E-01
     78 T   8 O    -1.666666666667E-01  3.333333333333E-01 -1.715566666667E-01
     79 T   8 O    -1.666666666667E-01 -3.333333333333E-01  1.617766666667E-01
     80 T   8 O    -1.666666666667E-01 -3.333333333333E-01  4.951100000000E-01
     81 T   8 O    -1.666666666667E-01 -3.333333333333E-01 -1.715566666667E-01
     82 T   8 O     0.000000000000E+00  1.666666666667E-01  1.617766666667E-01
     83 T   8 O     0.000000000000E+00  1.666666666667E-01  4.951100000000E-01
     84 T   8 O     0.000000000000E+00  1.666666666667E-01 -1.715566666667E-01
     85 T   8 O     0.000000000000E+00  5.000000000000E-01  1.617766666667E-01
     86 T   8 O     0.000000000000E+00  5.000000000000E-01  4.951100000000E-01
     87 T   8 O     0.000000000000E+00  5.000000000000E-01 -1.715566666667E-01
     88 T   8 O     0.000000000000E+00 -1.666666666667E-01  1.617766666667E-01
     89 T   8 O     0.000000000000E+00 -1.666666666667E-01  4.951100000000E-01
     90 T   8 O     0.000000000000E+00 -1.666666666667E-01 -1.715566666667E-01
     91 T   8 O     3.333333333333E-01  1.666666666667E-01  1.617766666667E-01
     92 T   8 O     3.333333333333E-01  1.666666666667E-01  4.951100000000E-01
     93 T   8 O     3.333333333333E-01  1.666666666667E-01 -1.715566666667E-01
     94 T   8 O     3.333333333333E-01  5.000000000000E-01  1.617766666667E-01
     95 T   8 O     3.333333333333E-01  5.000000000000E-01  4.951100000000E-01
     96 T   8 O     3.333333333333E-01  5.000000000000E-01 -1.715566666667E-01
     97 T   8 O     3.333333333333E-01 -1.666666666667E-01  1.617766666667E-01
     98 T   8 O     3.333333333333E-01 -1.666666666667E-01  4.951100000000E-01
     99 T   8 O     3.333333333333E-01 -1.666666666667E-01 -1.715566666667E-01
    100 T   8 O    -3.333333333333E-01  1.666666666667E-01  1.617766666667E-01
    101 T   8 O    -3.333333333333E-01  1.666666666667E-01  4.951100000000E-01
    102 T   8 O    -3.333333333333E-01  1.666666666667E-01 -1.715566666667E-01
    103 T   8 O    -3.333333333333E-01  5.000000000000E-01  1.617766666667E-01
    104 T   8 O    -3.333333333333E-01  5.000000000000E-01  4.951100000000E-01
    105 T   8 O    -3.333333333333E-01  5.000000000000E-01 -1.715566666667E-01
    106 T   8 O    -3.333333333333E-01 -1.666666666667E-01  1.617766666667E-01
    107 T   8 O    -3.333333333333E-01 -1.666666666667E-01  4.951100000000E-01
    108 T   8 O    -3.333333333333E-01 -1.666666666667E-01 -1.715566666667E-01
    109 T  22 TI    1.666666666667E-01  1.666666666667E-01  1.749466666667E-01
    110 T  22 TI    1.666666666667E-01  1.666666666667E-01 -4.917200000000E-01
    111 T  22 TI    1.666666666667E-01  1.666666666667E-01 -1.583866666667E-01
    112 T  22 TI    1.666666666667E-01  5.000000000000E-01  1.749466666667E-01
    113 T  22 TI    1.666666666667E-01  5.000000000000E-01 -4.917200000000E-01
    114 T  22 TI    1.666666666667E-01  5.000000000000E-01 -1.583866666667E-01
    115 T  22 TI    1.666666666667E-01 -1.666666666667E-01  1.749466666667E-01
    116 T  22 TI    1.666666666667E-01 -1.666666666667E-01 -4.917200000000E-01
    117 T  22 TI    1.666666666667E-01 -1.666666666667E-01 -1.583866666667E-01
    118 T  22 TI    5.000000000000E-01  1.666666666667E-01  1.749466666667E-01
    119 T  22 TI    5.000000000000E-01  1.666666666667E-01 -4.917200000000E-01
    120 T  22 TI    5.000000000000E-01  1.666666666667E-01 -1.583866666667E-01
    121 T  22 TI    5.000000000000E-01  5.000000000000E-01  1.749466666667E-01
    122 T  22 TI    5.000000000000E-01  5.000000000000E-01 -4.917200000000E-01
    123 T  22 TI    5.000000000000E-01  5.000000000000E-01 -1.583866666667E-01
    124 T  22 TI    5.000000000000E-01 -1.666666666667E-01  1.749466666667E-01
    125 T  22 TI    5.000000000000E-01 -1.666666666667E-01 -4.917200000000E-01
    126 T  22 TI    5.000000000000E-01 -1.666666666667E-01 -1.583866666667E-01
    127 T  22 TI   -1.666666666667E-01  1.666666666667E-01  1.749466666667E-01
    128 T  22 TI   -1.666666666667E-01  1.666666666667E-01 -4.917200000000E-01
    129 T  22 TI   -1.666666666667E-01  1.666666666667E-01 -1.583866666667E-01
    130 T  22 TI   -1.666666666667E-01  5.000000000000E-01  1.749466666667E-01
    131 T  22 TI   -1.666666666667E-01  5.000000000000E-01 -4.917200000000E-01
    132 T  22 TI   -1.666666666667E-01  5.000000000000E-01 -1.583866666667E-01
    133 T  22 TI   -1.666666666667E-01 -1.666666666667E-01  1.749466666667E-01
    134 T  22 TI   -1.666666666667E-01 -1.666666666667E-01 -4.917200000000E-01
    135 T  22 TI   -1.666666666667E-01 -1.666666666667E-01 -1.583866666667E-01

 T = ATOM BELONGING TO THE ASYMMETRIC UNIT
 *******************************************************************************
 * GEOMETRY EDITING - INPUT COORDINATES ARE GIVEN IN ANGSTROM         
 *******************************************************************************

 GCALCO - MAX INDICES DIRECT LATTICE VECTOR    15    15    14
 NO.OF VECTORS CREATED 6999 STARS  514 RMAX   270.02825 BOHR

 GEOMETRY FOR WAVE FUNCTION - DIMENSIONALITY OF THE SYSTEM    3
 (NON PERIODIC DIRECTION: LATTICE PARAMETER FORMALLY SET TO 500)
 *******************************************************************************
 LATTICE PARAMETERS (ANGSTROMS AND DEGREES) - BOHR = 0.5291772083 ANGSTROM
 PRIMITIVE CELL - CENTRING CODE 1/0 VOLUME=  1740.493702 - DENSITY  6.022 g/cm^3
         A              B              C           ALPHA      BETA       GAMMA 
    11.90773305    11.90773305    12.27479580    90.000000  90.000000  90.000000
 *******************************************************************************
 ATOMS IN THE ASYMMETRIC UNIT  135 - ATOMS IN THE UNIT CELL:  135
     ATOM                 X/A                 Y/B                 Z/C    
 *******************************************************************************
      1 T 256 BA    0.000000000000E+00  0.000000000000E+00  2.133333333333E-03
      2 T 256 BA    0.000000000000E+00  0.000000000000E+00  3.354666666667E-01
      3 T 256 BA    0.000000000000E+00  0.000000000000E+00 -3.312000000000E-01
      4 T 256 BA    0.000000000000E+00  3.333333333333E-01  2.133333333333E-03
      5 T 256 BA    0.000000000000E+00  3.333333333333E-01  3.354666666667E-01
      6 T 256 BA    0.000000000000E+00  3.333333333333E-01 -3.312000000000E-01
      7 T 256 BA    0.000000000000E+00 -3.333333333333E-01  2.133333333333E-03
      8 T 256 BA    0.000000000000E+00 -3.333333333333E-01  3.354666666667E-01
      9 T 256 BA    0.000000000000E+00 -3.333333333333E-01 -3.312000000000E-01
     10 T 256 BA    3.333333333333E-01  0.000000000000E+00  2.133333333333E-03
     11 T 256 BA    3.333333333333E-01  0.000000000000E+00  3.354666666667E-01
     12 T 256 BA    3.333333333333E-01  0.000000000000E+00 -3.312000000000E-01
     13 T 256 BA    3.333333333333E-01  3.333333333333E-01  2.133333333333E-03
     14 T 256 BA    3.333333333333E-01  3.333333333333E-01  3.354666666667E-01
     15 T 256 BA    3.333333333333E-01  3.333333333333E-01 -3.312000000000E-01
     16 T 256 BA    3.333333333333E-01 -3.333333333333E-01  2.133333333333E-03
     17 T 256 BA    3.333333333333E-01 -3.333333333333E-01  3.354666666667E-01
     18 T 256 BA    3.333333333333E-01 -3.333333333333E-01 -3.312000000000E-01
     19 T 256 BA   -3.333333333333E-01  0.000000000000E+00  2.133333333333E-03
     20 T 256 BA   -3.333333333333E-01  0.000000000000E+00  3.354666666667E-01
     21 T 256 BA   -3.333333333333E-01  0.000000000000E+00 -3.312000000000E-01
     22 T 256 BA   -3.333333333333E-01  3.333333333333E-01  2.133333333333E-03
     23 T 256 BA   -3.333333333333E-01  3.333333333333E-01  3.354666666667E-01
     24 T 256 BA   -3.333333333333E-01  3.333333333333E-01 -3.312000000000E-01
     25 T 256 BA   -3.333333333333E-01 -3.333333333333E-01  2.133333333333E-03
     26 T 256 BA   -3.333333333333E-01 -3.333333333333E-01  3.354666666667E-01
     27 T 256 BA   -3.333333333333E-01 -3.333333333333E-01 -3.312000000000E-01
     28 T   8 O     1.666666666667E-01  1.666666666667E-01  3.226633333333E-01
     29 T   8 O     1.666666666667E-01  1.666666666667E-01 -3.440033333333E-01
     30 T   8 O     1.666666666667E-01  1.666666666667E-01 -1.067000000000E-02
     31 T   8 O     1.666666666667E-01 -5.000000000000E-01  3.226633333333E-01
     32 T   8 O     1.666666666667E-01 -5.000000000000E-01 -3.440033333333E-01
     33 T   8 O     1.666666666667E-01 -5.000000000000E-01 -1.067000000000E-02
     34 T   8 O     1.666666666667E-01 -1.666666666667E-01  3.226633333333E-01
     35 T   8 O     1.666666666667E-01 -1.666666666667E-01 -3.440033333333E-01
     36 T   8 O     1.666666666667E-01 -1.666666666667E-01 -1.067000000000E-02
     37 T   8 O    -5.000000000000E-01  1.666666666667E-01  3.226633333333E-01
     38 T   8 O    -5.000000000000E-01  1.666666666667E-01 -3.440033333333E-01
     39 T   8 O    -5.000000000000E-01  1.666666666667E-01 -1.067000000000E-02
     40 T   8 O    -5.000000000000E-01 -5.000000000000E-01  3.226633333333E-01
     41 T   8 O    -5.000000000000E-01 -5.000000000000E-01 -3.440033333333E-01
     42 T   8 O    -5.000000000000E-01 -5.000000000000E-01 -1.067000000000E-02
     43 T   8 O    -5.000000000000E-01 -1.666666666667E-01  3.226633333333E-01
     44 T   8 O    -5.000000000000E-01 -1.666666666667E-01 -3.440033333333E-01
     45 T   8 O    -5.000000000000E-01 -1.666666666667E-01 -1.067000000000E-02
     46 T   8 O    -1.666666666667E-01  1.666666666667E-01  3.226633333333E-01
     47 T   8 O    -1.666666666667E-01  1.666666666667E-01 -3.440033333333E-01
     48 T   8 O    -1.666666666667E-01  1.666666666667E-01 -1.067000000000E-02
     49 T   8 O    -1.666666666667E-01 -5.000000000000E-01  3.226633333333E-01
     50 T   8 O    -1.666666666667E-01 -5.000000000000E-01 -3.440033333333E-01
     51 T   8 O    -1.666666666667E-01 -5.000000000000E-01 -1.067000000000E-02
     52 T   8 O    -1.666666666667E-01 -1.666666666667E-01  3.226633333333E-01
     53 T   8 O    -1.666666666667E-01 -1.666666666667E-01 -3.440033333333E-01
     54 T   8 O    -1.666666666667E-01 -1.666666666667E-01 -1.067000000000E-02
     55 T   8 O     1.666666666667E-01  0.000000000000E+00  1.625913441703E-01
     56 T   8 O     1.666666666667E-01  0.000000000000E+00  4.951100000000E-01
     57 T   8 O     1.666666666667E-01  0.000000000000E+00 -1.715566666667E-01
     58 T   8 O     1.666666666667E-01  3.333333333333E-01  1.617766666667E-01
     59 T   8 O     1.666666666667E-01  3.333333333333E-01  4.951100000000E-01
     60 T   8 O     1.666666666667E-01  3.333333333333E-01 -1.715566666667E-01
     61 T   8 O     1.666666666667E-01 -3.333333333333E-01  1.617766666667E-01
     62 T   8 O     1.666666666667E-01 -3.333333333333E-01  4.951100000000E-01
     63 T   8 O     1.666666666667E-01 -3.333333333333E-01 -1.715566666667E-01
     64 T   8 O    -5.000000000000E-01  0.000000000000E+00  1.617766666667E-01
     65 T   8 O    -5.000000000000E-01  0.000000000000E+00  4.951100000000E-01
     66 T   8 O    -5.000000000000E-01  0.000000000000E+00 -1.715566666667E-01
     67 T   8 O    -5.000000000000E-01  3.333333333333E-01  1.617766666667E-01
     68 T   8 O    -5.000000000000E-01  3.333333333333E-01  4.951100000000E-01
     69 T   8 O    -5.000000000000E-01  3.333333333333E-01 -1.715566666667E-01
     70 T   8 O    -5.000000000000E-01 -3.333333333333E-01  1.617766666667E-01
     71 T   8 O    -5.000000000000E-01 -3.333333333333E-01  4.951100000000E-01
     72 T   8 O    -5.000000000000E-01 -3.333333333333E-01 -1.715566666667E-01
     73 T   8 O    -1.666666666667E-01  0.000000000000E+00  1.617766666667E-01
     74 T   8 O    -1.666666666667E-01  0.000000000000E+00  4.951100000000E-01
     75 T   8 O    -1.666666666667E-01  0.000000000000E+00 -1.715566666667E-01
     76 T   8 O    -1.666666666667E-01  3.333333333333E-01  1.617766666667E-01
     77 T   8 O    -1.666666666667E-01  3.333333333333E-01  4.951100000000E-01
     78 T   8 O    -1.666666666667E-01  3.333333333333E-01 -1.715566666667E-01
     79 T   8 O    -1.666666666667E-01 -3.333333333333E-01  1.617766666667E-01
     80 T   8 O    -1.666666666667E-01 -3.333333333333E-01  4.951100000000E-01
     81 T   8 O    -1.666666666667E-01 -3.333333333333E-01 -1.715566666667E-01
     82 T   8 O     0.000000000000E+00  1.666666666667E-01  1.617766666667E-01
     83 T   8 O     0.000000000000E+00  1.666666666667E-01  4.951100000000E-01
     84 T   8 O     0.000000000000E+00  1.666666666667E-01 -1.715566666667E-01
     85 T   8 O     0.000000000000E+00 -5.000000000000E-01  1.617766666667E-01
     86 T   8 O     0.000000000000E+00 -5.000000000000E-01  4.951100000000E-01
     87 T   8 O     0.000000000000E+00 -5.000000000000E-01 -1.715566666667E-01
     88 T   8 O     0.000000000000E+00 -1.666666666667E-01  1.617766666667E-01
     89 T   8 O     0.000000000000E+00 -1.666666666667E-01  4.951100000000E-01
     90 T   8 O     0.000000000000E+00 -1.666666666667E-01 -1.715566666667E-01
     91 T   8 O     3.333333333333E-01  1.666666666667E-01  1.617766666667E-01
     92 T   8 O     3.333333333333E-01  1.666666666667E-01  4.951100000000E-01
     93 T   8 O     3.333333333333E-01  1.666666666667E-01 -1.715566666667E-01
     94 T   8 O     3.333333333333E-01 -5.000000000000E-01  1.617766666667E-01
     95 T   8 O     3.333333333333E-01 -5.000000000000E-01  4.951100000000E-01
     96 T   8 O     3.333333333333E-01 -5.000000000000E-01 -1.715566666667E-01
     97 T   8 O     3.333333333333E-01 -1.666666666667E-01  1.617766666667E-01
     98 T   8 O     3.333333333333E-01 -1.666666666667E-01  4.951100000000E-01
     99 T   8 O     3.333333333333E-01 -1.666666666667E-01 -1.715566666667E-01
    100 T   8 O    -3.333333333333E-01  1.666666666667E-01  1.617766666667E-01
    101 T   8 O    -3.333333333333E-01  1.666666666667E-01  4.951100000000E-01
    102 T   8 O    -3.333333333333E-01  1.666666666667E-01 -1.715566666667E-01
    103 T   8 O    -3.333333333333E-01 -5.000000000000E-01  1.617766666667E-01
    104 T   8 O    -3.333333333333E-01 -5.000000000000E-01  4.951100000000E-01
    105 T   8 O    -3.333333333333E-01 -5.000000000000E-01 -1.715566666667E-01
    106 T   8 O    -3.333333333333E-01 -1.666666666667E-01  1.617766666667E-01
    107 T   8 O    -3.333333333333E-01 -1.666666666667E-01  4.951100000000E-01
    108 T   8 O    -3.333333333333E-01 -1.666666666667E-01 -1.715566666667E-01
    109 T  22 TI    1.666666666667E-01  1.666666666667E-01  1.749466666667E-01
    110 T  22 TI    1.666666666667E-01  1.666666666667E-01 -4.917200000000E-01
    111 T  22 TI    1.666666666667E-01  1.666666666667E-01 -1.583866666667E-01
    112 T  22 TI    1.666666666667E-01 -5.000000000000E-01  1.749466666667E-01
    113 T  22 TI    1.666666666667E-01 -5.000000000000E-01 -4.917200000000E-01
    114 T  22 TI    1.666666666667E-01 -5.000000000000E-01 -1.583866666667E-01
    115 T  22 TI    1.666666666667E-01 -1.666666666667E-01  1.749466666667E-01
    116 T  22 TI    1.666666666667E-01 -1.666666666667E-01 -4.917200000000E-01
    117 T  22 TI    1.666666666667E-01 -1.666666666667E-01 -1.583866666667E-01
    118 T  22 TI   -5.000000000000E-01  1.666666666667E-01  1.749466666667E-01
    119 T  22 TI   -5.000000000000E-01  1.666666666667E-01 -4.917200000000E-01
    120 T  22 TI   -5.000000000000E-01  1.666666666667E-01 -1.583866666667E-01
    121 T  22 TI   -5.000000000000E-01 -5.000000000000E-01  1.749466666667E-01
    122 T  22 TI   -5.000000000000E-01 -5.000000000000E-01 -4.917200000000E-01
    123 T  22 TI   -5.000000000000E-01 -5.000000000000E-01 -1.583866666667E-01
    124 T  22 TI   -5.000000000000E-01 -1.666666666667E-01  1.749466666667E-01
    125 T  22 TI   -5.000000000000E-01 -1.666666666667E-01 -4.917200000000E-01
    126 T  22 TI   -5.000000000000E-01 -1.666666666667E-01 -1.583866666667E-01
    127 T  22 TI   -1.666666666667E-01  1.666666666667E-01  1.749466666667E-01
    128 T  22 TI   -1.666666666667E-01  1.666666666667E-01 -4.917200000000E-01
    129 T  22 TI   -1.666666666667E-01  1.666666666667E-01 -1.583866666667E-01
    130 T  22 TI   -1.666666666667E-01 -5.000000000000E-01  1.749466666667E-01
    131 T  22 TI   -1.666666666667E-01 -5.000000000000E-01 -4.917200000000E-01
    132 T  22 TI   -1.666666666667E-01 -5.000000000000E-01 -1.583866666667E-01
    133 T  22 TI   -1.666666666667E-01 -1.666666666667E-01  1.749466666667E-01
    134 T  22 TI   -1.666666666667E-01 -1.666666666667E-01 -4.917200000000E-01
    135 T  22 TI   -1.666666666667E-01 -1.666666666667E-01 -1.583866666667E-01

 T = ATOM BELONGING TO THE ASYMMETRIC UNIT

 ****    1 SYMMOPS - TRANSLATORS IN FRACTIONAL UNITS
 **** MATRICES AND TRANSLATORS IN THE CRYSTALLOGRAPHIC REFERENCE FRAME
   V INV                    ROTATION MATRICES                   TRANSLATORS
   1   1  1.00  0.00  0.00  0.00  1.00  0.00  0.00  0.00  1.00  0.00  0.00  0.00

 DIRECT LATTICE VECTORS CARTESIAN COMPONENTS (ANGSTROM)
          X                    Y                    Z
   0.119077330500E+02   0.000000000000E+00   0.000000000000E+00
   0.000000000000E+00   0.119077330500E+02   0.000000000000E+00
   0.000000000000E+00   0.000000000000E+00   0.122747958000E+02


 CARTESIAN COORDINATES - PRIMITIVE CELL
 *******************************************************************************
 *      ATOM          X(ANGSTROM)         Y(ANGSTROM)         Z(ANGSTROM)
 *******************************************************************************
    1   256 BA    0.000000000000E+00  0.000000000000E+00  2.618623104000E-02
    2   256 BA    0.000000000000E+00  0.000000000000E+00  4.117784831040E+00
    3   256 BA    0.000000000000E+00  0.000000000000E+00  8.209383431040E+00
    4   256 BA    0.000000000000E+00  3.969244350000E+00  2.618623104000E-02
    5   256 BA    0.000000000000E+00  3.969244350000E+00  4.117784831040E+00
    6   256 BA    0.000000000000E+00  3.969244350000E+00  8.209383431040E+00
    7   256 BA    0.000000000000E+00  7.938488700000E+00  2.618623104000E-02
    8   256 BA    0.000000000000E+00  7.938488700000E+00  4.117784831040E+00
    9   256 BA    0.000000000000E+00  7.938488700000E+00  8.209383431040E+00
   10   256 BA    3.969244350000E+00  0.000000000000E+00  2.618623104000E-02
   11   256 BA    3.969244350000E+00  0.000000000000E+00  4.117784831040E+00
   12   256 BA    3.969244350000E+00  0.000000000000E+00  8.209383431040E+00
   13   256 BA    3.969244350000E+00  3.969244350000E+00  2.618623104000E-02
   14   256 BA    3.969244350000E+00  3.969244350000E+00  4.117784831040E+00
   15   256 BA    3.969244350000E+00  3.969244350000E+00  8.209383431040E+00
   16   256 BA    3.969244350000E+00  7.938488700000E+00  2.618623104000E-02
   17   256 BA    3.969244350000E+00  7.938488700000E+00  4.117784831040E+00
   18   256 BA    3.969244350000E+00  7.938488700000E+00  8.209383431040E+00
   19   256 BA    7.938488700000E+00  0.000000000000E+00  2.618623104000E-02
   20   256 BA    7.938488700000E+00  0.000000000000E+00  4.117784831040E+00
   21   256 BA    7.938488700000E+00  0.000000000000E+00  8.209383431040E+00
   22   256 BA    7.938488700000E+00  3.969244350000E+00  2.618623104000E-02
   23   256 BA    7.938488700000E+00  3.969244350000E+00  4.117784831040E+00
   24   256 BA    7.938488700000E+00  3.969244350000E+00  8.209383431040E+00
   25   256 BA    7.938488700000E+00  7.938488700000E+00  2.618623104000E-02
   26   256 BA    7.938488700000E+00  7.938488700000E+00  4.117784831040E+00
   27   256 BA    7.938488700000E+00  7.938488700000E+00  8.209383431040E+00
   28     8 O     1.984622175000E+00  1.984622175000E+00  3.960626528814E+00
   29     8 O     1.984622175000E+00  1.984622175000E+00  8.052225128814E+00
   30     8 O     1.984622175000E+00  1.984622175000E+00  1.214382372881E+01
   31     8 O     1.984622175000E+00  5.953866525000E+00  3.960626528814E+00
   32     8 O     1.984622175000E+00  5.953866525000E+00  8.052225128814E+00
   33     8 O     1.984622175000E+00  5.953866525000E+00  1.214382372881E+01
   34     8 O     1.984622175000E+00  9.923110875000E+00  3.960626528814E+00
   35     8 O     1.984622175000E+00  9.923110875000E+00  8.052225128814E+00
   36     8 O     1.984622175000E+00  9.923110875000E+00  1.214382372881E+01
   37     8 O     5.953866525000E+00  1.984622175000E+00  3.960626528814E+00
   38     8 O     5.953866525000E+00  1.984622175000E+00  8.052225128814E+00
   39     8 O     5.953866525000E+00  1.984622175000E+00  1.214382372881E+01
   40     8 O     5.953866525000E+00  5.953866525000E+00  3.960626528814E+00
   41     8 O     5.953866525000E+00  5.953866525000E+00  8.052225128814E+00
   42     8 O     5.953866525000E+00  5.953866525000E+00  1.214382372881E+01
   43     8 O     5.953866525000E+00  9.923110875000E+00  3.960626528814E+00
   44     8 O     5.953866525000E+00  9.923110875000E+00  8.052225128814E+00
   45     8 O     5.953866525000E+00  9.923110875000E+00  1.214382372881E+01
   46     8 O     9.923110875000E+00  1.984622175000E+00  3.960626528814E+00
   47     8 O     9.923110875000E+00  1.984622175000E+00  8.052225128814E+00
   48     8 O     9.923110875000E+00  1.984622175000E+00  1.214382372881E+01
   49     8 O     9.923110875000E+00  5.953866525000E+00  3.960626528814E+00
   50     8 O     9.923110875000E+00  5.953866525000E+00  8.052225128814E+00
   51     8 O     9.923110875000E+00  5.953866525000E+00  1.214382372881E+01
   52     8 O     9.923110875000E+00  9.923110875000E+00  3.960626528814E+00
   53     8 O     9.923110875000E+00  9.923110875000E+00  8.052225128814E+00
   54     8 O     9.923110875000E+00  9.923110875000E+00  1.214382372881E+01
   55     8 O     1.984622175000E+00  0.000000000000E+00  1.995775548538E+00
   56     8 O     1.984622175000E+00  0.000000000000E+00  6.077374148538E+00
   57     8 O     1.984622175000E+00  0.000000000000E+00  1.016897274854E+01
   58     8 O     1.984622175000E+00  3.969244350000E+00  1.985775548538E+00
   59     8 O     1.984622175000E+00  3.969244350000E+00  6.077374148538E+00
   60     8 O     1.984622175000E+00  3.969244350000E+00  1.016897274854E+01
   61     8 O     1.984622175000E+00  7.938488700000E+00  1.985775548538E+00
   62     8 O     1.984622175000E+00  7.938488700000E+00  6.077374148538E+00
   63     8 O     1.984622175000E+00  7.938488700000E+00  1.016897274854E+01
   64     8 O     5.953866525000E+00  0.000000000000E+00  1.985775548538E+00
   65     8 O     5.953866525000E+00  0.000000000000E+00  6.077374148538E+00
   66     8 O     5.953866525000E+00  0.000000000000E+00  1.016897274854E+01
   67     8 O     5.953866525000E+00  3.969244350000E+00  1.985775548538E+00
   68     8 O     5.953866525000E+00  3.969244350000E+00  6.077374148538E+00
   69     8 O     5.953866525000E+00  3.969244350000E+00  1.016897274854E+01
   70     8 O     5.953866525000E+00  7.938488700000E+00  1.985775548538E+00
   71     8 O     5.953866525000E+00  7.938488700000E+00  6.077374148538E+00
   72     8 O     5.953866525000E+00  7.938488700000E+00  1.016897274854E+01
   73     8 O     9.923110875000E+00  0.000000000000E+00  1.985775548538E+00
   74     8 O     9.923110875000E+00  0.000000000000E+00  6.077374148538E+00
   75     8 O     9.923110875000E+00  0.000000000000E+00  1.016897274854E+01
   76     8 O     9.923110875000E+00  3.969244350000E+00  1.985775548538E+00
   77     8 O     9.923110875000E+00  3.969244350000E+00  6.077374148538E+00
   78     8 O     9.923110875000E+00  3.969244350000E+00  1.016897274854E+01
   79     8 O     9.923110875000E+00  7.938488700000E+00  1.985775548538E+00
   80     8 O     9.923110875000E+00  7.938488700000E+00  6.077374148538E+00
   81     8 O     9.923110875000E+00  7.938488700000E+00  1.016897274854E+01
   82     8 O     0.000000000000E+00  1.984622175000E+00  1.985775548538E+00
   83     8 O     0.000000000000E+00  1.984622175000E+00  6.077374148538E+00
   84     8 O     0.000000000000E+00  1.984622175000E+00  1.016897274854E+01
   85     8 O     0.000000000000E+00  5.953866525000E+00  1.985775548538E+00
   86     8 O     0.000000000000E+00  5.953866525000E+00  6.077374148538E+00
   87     8 O     0.000000000000E+00  5.953866525000E+00  1.016897274854E+01
   88     8 O     0.000000000000E+00  9.923110875000E+00  1.985775548538E+00
   89     8 O     0.000000000000E+00  9.923110875000E+00  6.077374148538E+00
   90     8 O     0.000000000000E+00  9.923110875000E+00  1.016897274854E+01
   91     8 O     3.969244350000E+00  1.984622175000E+00  1.985775548538E+00
   92     8 O     3.969244350000E+00  1.984622175000E+00  6.077374148538E+00
   93     8 O     3.969244350000E+00  1.984622175000E+00  1.016897274854E+01
   94     8 O     3.969244350000E+00  5.953866525000E+00  1.985775548538E+00
   95     8 O     3.969244350000E+00  5.953866525000E+00  6.077374148538E+00
   96     8 O     3.969244350000E+00  5.953866525000E+00  1.016897274854E+01
   97     8 O     3.969244350000E+00  9.923110875000E+00  1.985775548538E+00
   98     8 O     3.969244350000E+00  9.923110875000E+00  6.077374148538E+00
   99     8 O     3.969244350000E+00  9.923110875000E+00  1.016897274854E+01
  100     8 O     7.938488700000E+00  1.984622175000E+00  1.985775548538E+00
  101     8 O     7.938488700000E+00  1.984622175000E+00  6.077374148538E+00
  102     8 O     7.938488700000E+00  1.984622175000E+00  1.016897274854E+01
  103     8 O     7.938488700000E+00  5.953866525000E+00  1.985775548538E+00
  104     8 O     7.938488700000E+00  5.953866525000E+00  6.077374148538E+00
  105     8 O     7.938488700000E+00  5.953866525000E+00  1.016897274854E+01
  106     8 O     7.938488700000E+00  9.923110875000E+00  1.985775548538E+00
  107     8 O     7.938488700000E+00  9.923110875000E+00  6.077374148538E+00
  108     8 O     7.938488700000E+00  9.923110875000E+00  1.016897274854E+01
  109    22 TI    1.984622175000E+00  1.984622175000E+00  2.147434609224E+00
  110    22 TI    1.984622175000E+00  1.984622175000E+00  6.239033209224E+00
  111    22 TI    1.984622175000E+00  1.984622175000E+00  1.033063180922E+01
  112    22 TI    1.984622175000E+00  5.953866525000E+00  2.147434609224E+00
  113    22 TI    1.984622175000E+00  5.953866525000E+00  6.239033209224E+00
  114    22 TI    1.984622175000E+00  5.953866525000E+00  1.033063180922E+01
  115    22 TI    1.984622175000E+00  9.923110875000E+00  2.147434609224E+00
  116    22 TI    1.984622175000E+00  9.923110875000E+00  6.239033209224E+00
  117    22 TI    1.984622175000E+00  9.923110875000E+00  1.033063180922E+01
  118    22 TI    5.953866525000E+00  1.984622175000E+00  2.147434609224E+00
  119    22 TI    5.953866525000E+00  1.984622175000E+00  6.239033209224E+00
  120    22 TI    5.953866525000E+00  1.984622175000E+00  1.033063180922E+01
  121    22 TI    5.953866525000E+00  5.953866525000E+00  2.147434609224E+00
  122    22 TI    5.953866525000E+00  5.953866525000E+00  6.239033209224E+00
  123    22 TI    5.953866525000E+00  5.953866525000E+00  1.033063180922E+01
  124    22 TI    5.953866525000E+00  9.923110875000E+00  2.147434609224E+00
  125    22 TI    5.953866525000E+00  9.923110875000E+00  6.239033209224E+00
  126    22 TI    5.953866525000E+00  9.923110875000E+00  1.033063180922E+01
  127    22 TI    9.923110875000E+00  1.984622175000E+00  2.147434609224E+00
  128    22 TI    9.923110875000E+00  1.984622175000E+00  6.239033209224E+00
  129    22 TI    9.923110875000E+00  1.984622175000E+00  1.033063180922E+01
  130    22 TI    9.923110875000E+00  5.953866525000E+00  2.147434609224E+00
  131    22 TI    9.923110875000E+00  5.953866525000E+00  6.239033209224E+00
  132    22 TI    9.923110875000E+00  5.953866525000E+00  1.033063180922E+01
  133    22 TI    9.923110875000E+00  9.923110875000E+00  2.147434609224E+00
  134    22 TI    9.923110875000E+00  9.923110875000E+00  6.239033209224E+00
  135    22 TI    9.923110875000E+00  9.923110875000E+00  1.033063180922E+01

 *******************************************************************************
 *** PSEUDOPOTENTIAL INFORMATION ***
 *******************************************************************************

 ATOMIC NUMBER  56, NUCLEAR CHARGE 10.000, GIVEN IN INPUT       PSEUDOPOTENTIAL
   TYPE       EXPONENT      COEFF.    N      EXPONENT      COEFF.    N
  P0 TMS     9.5269860  427.8458160   0     4.4875100  204.4175300   0
  P1 TMS     8.3159300  293.6058640   0     4.2922170  294.1933160   0
  P2 TMS     5.9161080  112.5504020   0     2.8748420  181.7826210   0
  P3 TMS     3.5894650  -33.4731740   0

 *******************************************************************************
 LOCAL ATOMIC FUNCTIONS BASIS SET
 *******************************************************************************
   ATOM   X(AU)   Y(AU)   Z(AU)  N. TYPE  EXPONENT  S COEF   P COEF   D/F/G COEF
 *******************************************************************************
   1 BA   0.000   0.000   0.049
                                  1 S  
                                         2.396E+00-5.955E+00 0.000E+00 0.000E+00
                                         2.243E+00 6.681E+00 0.000E+00 0.000E+00
                                         7.174E-01-5.706E-01 0.000E+00 0.000E+00
                                  2 S  
                                         2.742E-01 1.000E+00 0.000E+00 0.000E+00
                           3-     6 SP 
                                         1.300E-01 1.000E+00 1.000E+00 0.000E+00
                           7-     9 P  
                                         2.927E+00 0.000E+00 7.982E-01 0.000E+00
                                         2.521E+00 0.000E+00-1.071E+00 0.000E+00
                                         6.758E-01 0.000E+00 3.494E-01 0.000E+00
                                         3.199E-01 0.000E+00 6.504E-01 0.000E+00
                          10-    14 D  
                                         9.663E-01 0.000E+00 0.000E+00-9.089E-01
                                         8.938E-01 0.000E+00 0.000E+00 9.472E-01
                          15-    19 D  
                                         2.732E-01 0.000E+00 0.000E+00 3.221E-01
   2 BA   0.000   0.000   7.781
   3 BA   0.000   0.000  15.513
   4 BA   0.000   7.501   0.049
   5 BA   0.000   7.501   7.781
   6 BA   0.000   7.501  15.513
   7 BA   0.000  15.002   0.049
   8 BA   0.000  15.002   7.781
   9 BA   0.000  15.002  15.513
  10 BA   7.501   0.000   0.049
  11 BA   7.501   0.000   7.781
  12 BA   7.501   0.000  15.513
  13 BA   7.501   7.501   0.049
  14 BA   7.501   7.501   7.781
  15 BA   7.501   7.501  15.513
  16 BA   7.501  15.002   0.049
  17 BA   7.501  15.002   7.781
  18 BA   7.501  15.002  15.513
  19 BA  15.002   0.000   0.049
  20 BA  15.002   0.000   7.781
  21 BA  15.002   0.000  15.513
  22 BA  15.002   7.501   0.049
  23 BA  15.002   7.501   7.781
  24 BA  15.002   7.501  15.513
  25 BA  15.002  15.002   0.049
  26 BA  15.002  15.002   7.781
  27 BA  15.002  15.002  15.513
  28 O    3.750   3.750   7.484
                                514 S  
                                         2.703E+04 2.173E-04 0.000E+00 0.000E+00
                                         4.052E+03 1.684E-03 0.000E+00 0.000E+00
                                         9.223E+02 8.740E-03 0.000E+00 0.000E+00
                                         2.612E+02 3.524E-02 0.000E+00 0.000E+00
                                         8.535E+01 1.115E-01 0.000E+00 0.000E+00
                                         3.104E+01 2.559E-01 0.000E+00 0.000E+00
                                515 S  
                                         1.227E+01 3.977E-01 0.000E+00 0.000E+00
                                         4.916E+00 2.463E-01 0.000E+00 0.000E+00
                                516 S  
                                         9.009E-01 1.000E+00 0.000E+00 0.000E+00
                         517-   520 SP 
                                         2.500E-01 1.000E+00 1.000E+00 0.000E+00
                         521-   523 P  
                                         7.530E+01 0.000E+00 6.069E-03 0.000E+00
                                         1.774E+01 0.000E+00 4.191E-02 0.000E+00
                                         5.536E+00 0.000E+00 1.615E-01 0.000E+00
                                         2.069E+00 0.000E+00 3.571E-01 0.000E+00
                         524-   526 P  
                                         7.824E-01 0.000E+00 1.000E+00 0.000E+00
                         527-   531 D  
                                         1.200E+00 0.000E+00 0.000E+00 1.000E+00
  29 O    3.750   3.750  15.217
  30 O    3.750   3.750  22.949
  31 O    3.750  11.251   7.484
  32 O    3.750  11.251  15.217
  33 O    3.750  11.251  22.949
  34 O    3.750  18.752   7.484
  35 O    3.750  18.752  15.217
  36 O    3.750  18.752  22.949
  37 O   11.251   3.750   7.484
  38 O   11.251   3.750  15.217
  39 O   11.251   3.750  22.949
  40 O   11.251  11.251   7.484
  41 O   11.251  11.251  15.217
  42 O   11.251  11.251  22.949
  43 O   11.251  18.752   7.484
  44 O   11.251  18.752  15.217
  45 O   11.251  18.752  22.949
  46 O   18.752   3.750   7.484
  47 O   18.752   3.750  15.217
  48 O   18.752   3.750  22.949
  49 O   18.752  11.251   7.484
  50 O   18.752  11.251  15.217
  51 O   18.752  11.251  22.949
  52 O   18.752  18.752   7.484
  53 O   18.752  18.752  15.217
  54 O   18.752  18.752  22.949
  55 O    3.750   0.000   3.771
  56 O    3.750   0.000  11.485
  57 O    3.750   0.000  19.217
  58 O    3.750   7.501   3.753
  59 O    3.750   7.501  11.485
  60 O    3.750   7.501  19.217
  61 O    3.750  15.002   3.753
  62 O    3.750  15.002  11.485
  63 O    3.750  15.002  19.217
  64 O   11.251   0.000   3.753
  65 O   11.251   0.000  11.485
  66 O   11.251   0.000  19.217
  67 O   11.251   7.501   3.753
  68 O   11.251   7.501  11.485
  69 O   11.251   7.501  19.217
  70 O   11.251  15.002   3.753
  71 O   11.251  15.002  11.485
  72 O   11.251  15.002  19.217
  73 O   18.752   0.000   3.753
  74 O   18.752   0.000  11.485
  75 O   18.752   0.000  19.217
  76 O   18.752   7.501   3.753
  77 O   18.752   7.501  11.485
  78 O   18.752   7.501  19.217
  79 O   18.752  15.002   3.753
  80 O   18.752  15.002  11.485
  81 O   18.752  15.002  19.217
  82 O    0.000   3.750   3.753
  83 O    0.000   3.750  11.485
  84 O    0.000   3.750  19.217
  85 O    0.000  11.251   3.753
  86 O    0.000  11.251  11.485
  87 O    0.000  11.251  19.217
  88 O    0.000  18.752   3.753
  89 O    0.000  18.752  11.485
  90 O    0.000  18.752  19.217
  91 O    7.501   3.750   3.753
  92 O    7.501   3.750  11.485
  93 O    7.501   3.750  19.217
  94 O    7.501  11.251   3.753
  95 O    7.501  11.251  11.485
  96 O    7.501  11.251  19.217
  97 O    7.501  18.752   3.753
  98 O    7.501  18.752  11.485
  99 O    7.501  18.752  19.217
 100 O   15.002   3.750   3.753
 101 O   15.002   3.750  11.485
 102 O   15.002   3.750  19.217
 103 O   15.002  11.251   3.753
 104 O   15.002  11.251  11.485
 105 O   15.002  11.251  19.217
 106 O   15.002  18.752   3.753
 107 O   15.002  18.752  11.485
 108 O   15.002  18.752  19.217
 109 TI   3.750   3.750   4.058
                               1972 S  
                                         2.116E+05 2.332E-04 0.000E+00 0.000E+00
                                         3.171E+04 1.808E-03 0.000E+00 0.000E+00
                                         7.218E+03 9.398E-03 0.000E+00 0.000E+00
                                         2.043E+03 3.816E-02 0.000E+00 0.000E+00
                                         6.651E+02 1.237E-01 0.000E+00 0.000E+00
                                         2.387E+02 2.921E-01 0.000E+00 0.000E+00
                                         9.251E+01 4.123E-01 0.000E+00 0.000E+00
                                         3.640E+01 2.109E-01 0.000E+00 0.000E+00
                               1973 S  
                                         2.327E+02-2.492E-02 0.000E+00 0.000E+00
                                         7.179E+01-1.175E-01 0.000E+00 0.000E+00
                                         1.116E+01 5.650E-01 0.000E+00 0.000E+00
                                         4.655E+00 5.621E-01 0.000E+00 0.000E+00
                               1974 S  
                                         6.803E+00-2.301E-01 0.000E+00 0.000E+00
                                         1.120E+00 7.210E-01 0.000E+00 0.000E+00
                               1975 S  
                                         4.808E-01 1.000E+00 0.000E+00 0.000E+00
                               1976 S  
                                         2.400E-01 1.000E+00 0.000E+00 0.000E+00
                        1977-  1980 SP 
                                         1.200E-01 1.000E+00 1.000E+00 0.000E+00
                        1981-  1983 P  
                                         1.063E+03 0.000E+00 2.469E-03 0.000E+00
                                         2.516E+02 0.000E+00 1.977E-02 0.000E+00
                                         8.041E+01 0.000E+00 9.099E-02 0.000E+00
                                         2.977E+01 0.000E+00 2.556E-01 0.000E+00
                                         1.174E+01 0.000E+00 4.049E-01 0.000E+00
                                         4.714E+00 0.000E+00 2.369E-01 0.000E+00
                        1984-  1986 P  
                                         1.780E+01 0.000E+00-2.788E-02 0.000E+00
                                         2.427E+00 0.000E+00 5.567E-01 0.000E+00
                                         9.682E-01 0.000E+00 1.006E+00 0.000E+00
                        1987-  1989 P  
                                         3.706E-01 0.000E+00 1.000E+00 0.000E+00
                        1990-  1994 D  
                                         3.771E+01 0.000E+00 0.000E+00 1.151E-02
                                         1.069E+01 0.000E+00 0.000E+00 6.725E-02
                                         3.673E+00 0.000E+00 0.000E+00 2.148E-01
                                         1.359E+00 0.000E+00 0.000E+00 3.889E-01
                        1995-  1999 D  
                                         5.400E-01 0.000E+00 0.000E+00 1.000E+00
                        2000-  2004 D  
                                         2.200E-01 0.000E+00 0.000E+00 1.000E+00
 110 TI   3.750   3.750  11.790
 111 TI   3.750   3.750  19.522
 112 TI   3.750  11.251   4.058
 113 TI   3.750  11.251  11.790
 114 TI   3.750  11.251  19.522
 115 TI   3.750  18.752   4.058
 116 TI   3.750  18.752  11.790
 117 TI   3.750  18.752  19.522
 118 TI  11.251   3.750   4.058
 119 TI  11.251   3.750  11.790
 120 TI  11.251   3.750  19.522
 121 TI  11.251  11.251   4.058
 122 TI  11.251  11.251  11.790
 123 TI  11.251  11.251  19.522
 124 TI  11.251  18.752   4.058
 125 TI  11.251  18.752  11.790
 126 TI  11.251  18.752  19.522
 127 TI  18.752   3.750   4.058
 128 TI  18.752   3.750  11.790
 129 TI  18.752   3.750  19.522
 130 TI  18.752  11.251   4.058
 131 TI  18.752  11.251  11.790
 132 TI  18.752  11.251  19.522
 133 TI  18.752  18.752   4.058
 134 TI  18.752  18.752  11.790
 135 TI  18.752  18.752  19.522
 INFORMATION **** SET_MPP **** PCRYSTAL CALCULATION
 INFORMATION **** READM2 **** NEW DEFAULT: FOCK/KS MATRIX MIXING SET TO 30 %
 INFORMATION **** READM2 **** NEW DEFAULT: FULL DIRECT SCF MODE
 INFORMATION **** READM2 **** NEW DEFAULT: COULOMB BIPOLAR BUFFER SET TO 32 Mb
 INFORMATION **** READM2 **** NEW DEFAULT: EXCHANGE BIPOLAR BUFFER SET TO 32 Mb

 *******************************************************************************
 NEW DEFAULT: DFT INTEGRATION GRID INCREASED TO XLGRID
 NEW DEFAULT: DIIS ACCELERATOR ACTIVE
 USE KEYWORD NODIIS TO TURN IT OFF
 *******************************************************************************

 INFORMATION **** TOLINTEG **** COULOMB AND EXCHANGE SERIES TOLERANCES MODIFIED
 INFORMATION **** MAXCYCLE **** MAX NUMBER OF SCF CYCLES SET TO         100
 INFORMATION **** EXCHSIZE **** EXCHANGE BIPOLAR BUFFER SIZE SET TO    30000000
 INFORMATION **** BIPOSIZE **** COULOMB BIPOLAR BUFFER SET TO    30000000
 INFORMATION **** GRADCAL **** ANALYTICAL GRADIENT AFTER SCF COMPLETED
 *******************************************************************************
 N. OF ATOMS PER CELL       135  COULOMB OVERLAP TOL         (T1) 10**   -8
 NUMBER OF SHELLS          1053  COULOMB PENETRATION TOL     (T2) 10**   -8
 NUMBER OF AO              2862  EXCHANGE OVERLAP TOL        (T3) 10**   -8
 N. OF ELECTRONS PER CELL  1512  EXCHANGE PSEUDO OVP (F(G))  (T4) 10**   -8
 CORE ELECTRONS PER CELL    648  EXCHANGE PSEUDO OVP (P(G))  (T5) 10**  -16
 N. OF SYMMETRY OPERATORS     1  POLE ORDER IN MONO ZONE                  4
 *******************************************************************************
 TYPE OF CALCULATION :  RESTRICTED CLOSED SHELL
 KOHN-SHAM HAMILTONIAN

 (EXCHANGE)[CORRELATION] FUNCTIONAL:(PERDEW-BURKE-ERNZERHOF)[PERDEW-BURKE-ERNZERHOF]


 HYBRID EXCHANGE - PERCENTAGE OF FOCK EXCHANGE    25.0000
 CORE  PSEUDO POTENTIAL         TOL. ON PSEUDO              (TP) 10**- 6

 CAPPA:IS1  2;IS2  2;IS3  2; K PTS MONK NET   8; SYMMOPS:K SPACE   2;G SPACE   1

 *******************************************************************************
 MAX NUMBER OF SCF CYCLES     100  CONVERGENCE ON DELTAP        10**-16
 WEIGHT OF F(I) IN F(I+1)      80% CONVERGENCE ON ENERGY        10**- 6
 SHRINK. FACT.(MONKH.)    2  2  2  NUMBER OF K POINTS IN THE IBZ      8
 SHRINKING FACTOR(GILAT NET)    2  NUMBER OF K POINTS(GILAT NET)      8
 *******************************************************************************
 *** K POINTS COORDINATES (OBLIQUE COORDINATES IN UNITS OF IS =  2)
   1-R(  0  0  0)   2-R(  1  0  0)   3-R(  0  1  0)   4-R(  1  1  0)
   5-R(  0  0  1)   6-R(  1  0  1)   7-R(  0  1  1)   8-R(  1  1  1)

 DIRECT LATTICE VECTORS COMPON. (A.U.)     RECIP. LATTICE VECTORS COMPON. (A.U.) 
        X            Y            Z              X            Y            Z
   22.5023543    0.0000000    0.0000000      0.2792235    0.0000000    0.0000000
    0.0000000   22.5023543    0.0000000      0.0000000    0.2792235    0.0000000
    0.0000000    0.0000000   23.1960024      0.0000000    0.0000000    0.2708736

 DISK SPACE FOR EIGENVECTORS (FTN 10)    65528352 REALS

 SYMMETRY ADAPTION OF THE BLOCH FUNCTIONS DISABLED
 TTTTTTTTTTTTTTTTTTTTTTTTTTTTTT gordsh1     TELAPSE        0.87 TCPU        0.42

 MATRIX SIZE: P(G) 7071124, F(G) 1257799, P(G) IRR 3543365, F(G) IRR 1261579
 MAX G-VECTOR INDEX FOR 1- AND 2-ELECTRON INTEGRALS  27

 TTTTTTTTTTTTTTTTTTTTTTTTTTTTTT INPUT       TELAPSE        2.73 TCPU        2.28

 NEIGHBORS OF THE NON-EQUIVALENT ATOMS

 N = NUMBER OF NEIGHBORS AT DISTANCE R
    ATOM  N     R/ANG      R/AU   NEIGHBORS (ATOM LABELS AND CELL INDICES)
   1 BA   3     2.7890     5.2705   73 O   -1 0 0   82 O    0 0 0   88 O    0-1 0
   1 BA   1     2.7961     5.2838   55 O    0 0 0
   1 BA   4     2.8111     5.3122   30 O    0 0-1   36 O    0-1-1   48 O   -1 0-1
                                    54 O   -1-1-1
   1 BA   4     2.9128     5.5043   57 O    0 0-1   75 O   -1 0-1   84 O    0 0-1
                                    90 O    0-1-1
   1 BA   4     3.4292     6.4803  111 TI   0 0-1  117 TI   0-1-1  129 TI  -1 0-1
                                   135 TI  -1-1-1
   1 BA   4     3.5181     6.6483  109 TI   0 0 0  115 TI   0-1 0  127 TI  -1 0 0
                                   133 TI  -1-1 0

   2 BA   4     2.7890     5.2705   56 O    0 0 0   74 O   -1 0 0   83 O    0 0 0
                                    89 O    0-1 0
   2 BA   4     2.8111     5.3122   28 O    0 0 0   34 O    0-1 0   46 O   -1 0 0
                                    52 O   -1-1 0
   2 BA   1     2.9055     5.4905   55 O    0 0 0
   2 BA   3     2.9128     5.5043   73 O   -1 0 0   82 O    0 0 0   88 O    0-1 0
   2 BA   4     3.4292     6.4803  109 TI   0 0 0  115 TI   0-1 0  127 TI  -1 0 0
                                   133 TI  -1-1 0
   2 BA   4     3.5181     6.6483  110 TI   0 0 0  116 TI   0-1 0  128 TI  -1 0 0
                                   134 TI  -1-1 0

   3 BA   4     2.7890     5.2705   57 O    0 0 0   75 O   -1 0 0   84 O    0 0 0
                                    90 O    0-1 0
   3 BA   4     2.8111     5.3122   29 O    0 0 0   35 O    0-1 0   47 O   -1 0 0
                                    53 O   -1-1 0
   3 BA   4     2.9128     5.5043   56 O    0 0 0   74 O   -1 0 0   83 O    0 0 0
                                    89 O    0-1 0
   3 BA   4     3.4292     6.4803  110 TI   0 0 0  116 TI   0-1 0  128 TI  -1 0 0
                                   134 TI  -1-1 0
   3 BA   4     3.5181     6.6483  111 TI   0 0 0  117 TI   0-1 0  129 TI  -1 0 0
                                   135 TI  -1-1 0
   3 BA   4     3.9692     7.5008    6 BA   0 0 0    9 BA   0-1 0   12 BA   0 0 0
                                    21 BA  -1 0 0

   4 BA   4     2.7890     5.2705   58 O    0 0 0   76 O   -1 0 0   82 O    0 0 0
                                    85 O    0 0 0
   4 BA   4     2.8111     5.3122   30 O    0 0-1   33 O    0 0-1   48 O   -1 0-1
                                    51 O   -1 0-1
   4 BA   4     2.9128     5.5043   60 O    0 0-1   78 O   -1 0-1   84 O    0 0-1
                                    87 O    0 0-1
   4 BA   4     3.4292     6.4803  111 TI   0 0-1  114 TI   0 0-1  129 TI  -1 0-1
                                   132 TI  -1 0-1
   4 BA   4     3.5181     6.6483  109 TI   0 0 0  112 TI   0 0 0  127 TI  -1 0 0
                                   130 TI  -1 0 0
   4 BA   4     3.9692     7.5008    1 BA   0 0 0    7 BA   0 0 0   13 BA   0 0 0
                                    22 BA  -1 0 0

   5 BA   4     2.7890     5.2705   59 O    0 0 0   77 O   -1 0 0   83 O    0 0 0
                                    86 O    0 0 0
   5 BA   4     2.8111     5.3122   28 O    0 0 0   31 O    0 0 0   46 O   -1 0 0
                                    49 O   -1 0 0
   5 BA   4     2.9128     5.5043   58 O    0 0 0   76 O   -1 0 0   82 O    0 0 0
                                    85 O    0 0 0
   5 BA   4     3.4292     6.4803  109 TI   0 0 0  112 TI   0 0 0  127 TI  -1 0 0
                                   130 TI  -1 0 0
   5 BA   4     3.5181     6.6483  110 TI   0 0 0  113 TI   0 0 0  128 TI  -1 0 0
                                   131 TI  -1 0 0
   5 BA   4     3.9692     7.5008    2 BA   0 0 0    8 BA   0 0 0   14 BA   0 0 0
                                    23 BA  -1 0 0

   6 BA   4     2.7890     5.2705   60 O    0 0 0   78 O   -1 0 0   84 O    0 0 0
                                    87 O    0 0 0
   6 BA   4     2.8111     5.3122   29 O    0 0 0   32 O    0 0 0   47 O   -1 0 0
                                    50 O   -1 0 0
   6 BA   4     2.9128     5.5043   59 O    0 0 0   77 O   -1 0 0   83 O    0 0 0
                                    86 O    0 0 0
   6 BA   4     3.4292     6.4803  110 TI   0 0 0  113 TI   0 0 0  128 TI  -1 0 0
                                   131 TI  -1 0 0
   6 BA   4     3.5181     6.6483  111 TI   0 0 0  114 TI   0 0 0  129 TI  -1 0 0
                                   132 TI  -1 0 0
   6 BA   4     3.9692     7.5008    3 BA   0 0 0    9 BA   0 0 0   15 BA   0 0 0
                                    24 BA  -1 0 0

   7 BA   4     2.7890     5.2705   61 O    0 0 0   79 O   -1 0 0   85 O    0 0 0
                                    88 O    0 0 0
   7 BA   4     2.8111     5.3122   33 O    0 0-1   36 O    0 0-1   51 O   -1 0-1
                                    54 O   -1 0-1
   7 BA   4     2.9128     5.5043   63 O    0 0-1   81 O   -1 0-1   87 O    0 0-1
                                    90 O    0 0-1
   7 BA   4     3.4292     6.4803  114 TI   0 0-1  117 TI   0 0-1  132 TI  -1 0-1
                                   135 TI  -1 0-1
   7 BA   4     3.5181     6.6483  112 TI   0 0 0  115 TI   0 0 0  130 TI  -1 0 0
                                   133 TI  -1 0 0
   7 BA   4     3.9692     7.5008    1 BA   0 1 0    4 BA   0 0 0   16 BA   0 0 0
                                    25 BA  -1 0 0

   8 BA   4     2.7890     5.2705   62 O    0 0 0   80 O   -1 0 0   86 O    0 0 0
                                    89 O    0 0 0
   8 BA   4     2.8111     5.3122   31 O    0 0 0   34 O    0 0 0   49 O   -1 0 0
                                    52 O   -1 0 0
   8 BA   4     2.9128     5.5043   61 O    0 0 0   79 O   -1 0 0   85 O    0 0 0
                                    88 O    0 0 0
   8 BA   4     3.4292     6.4803  112 TI   0 0 0  115 TI   0 0 0  130 TI  -1 0 0
                                   133 TI  -1 0 0
   8 BA   4     3.5181     6.6483  113 TI   0 0 0  116 TI   0 0 0  131 TI  -1 0 0
                                   134 TI  -1 0 0
   8 BA   4     3.9692     7.5008    2 BA   0 1 0    5 BA   0 0 0   17 BA   0 0 0
                                    26 BA  -1 0 0

   9 BA   4     2.7890     5.2705   63 O    0 0 0   81 O   -1 0 0   87 O    0 0 0
                                    90 O    0 0 0
   9 BA   4     2.8111     5.3122   32 O    0 0 0   35 O    0 0 0   50 O   -1 0 0
                                    53 O   -1 0 0
   9 BA   4     2.9128     5.5043   62 O    0 0 0   80 O   -1 0 0   86 O    0 0 0
                                    89 O    0 0 0
   9 BA   4     3.4292     6.4803  113 TI   0 0 0  116 TI   0 0 0  131 TI  -1 0 0
                                   134 TI  -1 0 0
   9 BA   4     3.5181     6.6483  114 TI   0 0 0  117 TI   0 0 0  132 TI  -1 0 0
                                   135 TI  -1 0 0
   9 BA   4     3.9692     7.5008    3 BA   0 1 0    6 BA   0 0 0   18 BA   0 0 0
                                    27 BA  -1 0 0

  10 BA   3     2.7890     5.2705   64 O    0 0 0   91 O    0 0 0   97 O    0-1 0
  10 BA   1     2.7961     5.2838   55 O    0 0 0
  10 BA   4     2.8111     5.3122   30 O    0 0-1   36 O    0-1-1   39 O    0 0-1
                                    45 O    0-1-1
  10 BA   4     2.9128     5.5043   57 O    0 0-1   66 O    0 0-1   93 O    0 0-1
                                    99 O    0-1-1
  10 BA   4     3.4292     6.4803  111 TI   0 0-1  117 TI   0-1-1  120 TI   0 0-1
                                   126 TI   0-1-1
  10 BA   4     3.5181     6.6483  109 TI   0 0 0  115 TI   0-1 0  118 TI   0 0 0
                                   124 TI   0-1 0

  11 BA   4     2.7890     5.2705   56 O    0 0 0   65 O    0 0 0   92 O    0 0 0
                                    98 O    0-1 0
  11 BA   4     2.8111     5.3122   28 O    0 0 0   34 O    0-1 0   37 O    0 0 0
                                    43 O    0-1 0
  11 BA   1     2.9055     5.4905   55 O    0 0 0
  11 BA   3     2.9128     5.5043   64 O    0 0 0   91 O    0 0 0   97 O    0-1 0
  11 BA   4     3.4292     6.4803  109 TI   0 0 0  115 TI   0-1 0  118 TI   0 0 0
                                   124 TI   0-1 0
  11 BA   4     3.5181     6.6483  110 TI   0 0 0  116 TI   0-1 0  119 TI   0 0 0
                                   125 TI   0-1 0

  12 BA   4     2.7890     5.2705   57 O    0 0 0   66 O    0 0 0   93 O    0 0 0
                                    99 O    0-1 0
  12 BA   4     2.8111     5.3122   29 O    0 0 0   35 O    0-1 0   38 O    0 0 0
                                    44 O    0-1 0
  12 BA   4     2.9128     5.5043   56 O    0 0 0   65 O    0 0 0   92 O    0 0 0
                                    98 O    0-1 0
  12 BA   4     3.4292     6.4803  110 TI   0 0 0  116 TI   0-1 0  119 TI   0 0 0
                                   125 TI   0-1 0
  12 BA   4     3.5181     6.6483  111 TI   0 0 0  117 TI   0-1 0  120 TI   0 0 0
                                   126 TI   0-1 0
  12 BA   4     3.9692     7.5008    3 BA   0 0 0   15 BA   0 0 0   18 BA   0-1 0
                                    21 BA   0 0 0

  13 BA   4     2.7890     5.2705   58 O    0 0 0   67 O    0 0 0   91 O    0 0 0
                                    94 O    0 0 0
  13 BA   4     2.8111     5.3122   30 O    0 0-1   33 O    0 0-1   39 O    0 0-1
                                    42 O    0 0-1
  13 BA   4     2.9128     5.5043   60 O    0 0-1   69 O    0 0-1   93 O    0 0-1
                                    96 O    0 0-1
  13 BA   4     3.4292     6.4803  111 TI   0 0-1  114 TI   0 0-1  120 TI   0 0-1
                                   123 TI   0 0-1
  13 BA   4     3.5181     6.6483  109 TI   0 0 0  112 TI   0 0 0  118 TI   0 0 0
                                   121 TI   0 0 0
  13 BA   4     3.9692     7.5008    4 BA   0 0 0   10 BA   0 0 0   16 BA   0 0 0
                                    22 BA   0 0 0

  14 BA   4     2.7890     5.2705   59 O    0 0 0   68 O    0 0 0   92 O    0 0 0
                                    95 O    0 0 0
  14 BA   4     2.8111     5.3122   28 O    0 0 0   31 O    0 0 0   37 O    0 0 0
                                    40 O    0 0 0
  14 BA   4     2.9128     5.5043   58 O    0 0 0   67 O    0 0 0   91 O    0 0 0
                                    94 O    0 0 0
  14 BA   4     3.4292     6.4803  109 TI   0 0 0  112 TI   0 0 0  118 TI   0 0 0
                                   121 TI   0 0 0
  14 BA   4     3.5181     6.6483  110 TI   0 0 0  113 TI   0 0 0  119 TI   0 0 0
                                   122 TI   0 0 0
  14 BA   4     3.9692     7.5008    5 BA   0 0 0   11 BA   0 0 0   17 BA   0 0 0
                                    23 BA   0 0 0

  15 BA   4     2.7890     5.2705   60 O    0 0 0   69 O    0 0 0   93 O    0 0 0
                                    96 O    0 0 0
  15 BA   4     2.8111     5.3122   29 O    0 0 0   32 O    0 0 0   38 O    0 0 0
                                    41 O    0 0 0
  15 BA   4     2.9128     5.5043   59 O    0 0 0   68 O    0 0 0   92 O    0 0 0
                                    95 O    0 0 0
  15 BA   4     3.4292     6.4803  110 TI   0 0 0  113 TI   0 0 0  119 TI   0 0 0
                                   122 TI   0 0 0
  15 BA   4     3.5181     6.6483  111 TI   0 0 0  114 TI   0 0 0  120 TI   0 0 0
                                   123 TI   0 0 0
  15 BA   4     3.9692     7.5008    6 BA   0 0 0   12 BA   0 0 0   18 BA   0 0 0
                                    24 BA   0 0 0

  16 BA   4     2.7890     5.2705   61 O    0 0 0   70 O    0 0 0   94 O    0 0 0
                                    97 O    0 0 0
  16 BA   4     2.8111     5.3122   33 O    0 0-1   36 O    0 0-1   42 O    0 0-1
                                    45 O    0 0-1
  16 BA   4     2.9128     5.5043   63 O    0 0-1   72 O    0 0-1   96 O    0 0-1
                                    99 O    0 0-1
  16 BA   4     3.4292     6.4803  114 TI   0 0-1  117 TI   0 0-1  123 TI   0 0-1
                                   126 TI   0 0-1
  16 BA   4     3.5181     6.6483  112 TI   0 0 0  115 TI   0 0 0  121 TI   0 0 0
                                   124 TI   0 0 0
  16 BA   4     3.9692     7.5008    7 BA   0 0 0   10 BA   0 1 0   13 BA   0 0 0
                                    25 BA   0 0 0

  17 BA   4     2.7890     5.2705   62 O    0 0 0   71 O    0 0 0   95 O    0 0 0
                                    98 O    0 0 0
  17 BA   4     2.8111     5.3122   31 O    0 0 0   34 O    0 0 0   40 O    0 0 0
                                    43 O    0 0 0
  17 BA   4     2.9128     5.5043   61 O    0 0 0   70 O    0 0 0   94 O    0 0 0
                                    97 O    0 0 0
  17 BA   4     3.4292     6.4803  112 TI   0 0 0  115 TI   0 0 0  121 TI   0 0 0
                                   124 TI   0 0 0
  17 BA   4     3.5181     6.6483  113 TI   0 0 0  116 TI   0 0 0  122 TI   0 0 0
                                   125 TI   0 0 0
  17 BA   4     3.9692     7.5008    8 BA   0 0 0   11 BA   0 1 0   14 BA   0 0 0
                                    26 BA   0 0 0

  18 BA   4     2.7890     5.2705   63 O    0 0 0   72 O    0 0 0   96 O    0 0 0
                                    99 O    0 0 0
  18 BA   4     2.8111     5.3122   32 O    0 0 0   35 O    0 0 0   41 O    0 0 0
                                    44 O    0 0 0
  18 BA   4     2.9128     5.5043   62 O    0 0 0   71 O    0 0 0   95 O    0 0 0
                                    98 O    0 0 0
  18 BA   4     3.4292     6.4803  113 TI   0 0 0  116 TI   0 0 0  122 TI   0 0 0
                                   125 TI   0 0 0
  18 BA   4     3.5181     6.6483  114 TI   0 0 0  117 TI   0 0 0  123 TI   0 0 0
                                   126 TI   0 0 0
  18 BA   4     3.9692     7.5008    9 BA   0 0 0   12 BA   0 1 0   15 BA   0 0 0
                                    27 BA   0 0 0

  19 BA   4     2.7890     5.2705   64 O    0 0 0   73 O    0 0 0  100 O    0 0 0
                                   106 O    0-1 0
  19 BA   4     2.8111     5.3122   39 O    0 0-1   45 O    0-1-1   48 O    0 0-1
                                    54 O    0-1-1
  19 BA   4     2.9128     5.5043   66 O    0 0-1   75 O    0 0-1  102 O    0 0-1
                                   108 O    0-1-1
  19 BA   4     3.4292     6.4803  120 TI   0 0-1  126 TI   0-1-1  129 TI   0 0-1
                                   135 TI   0-1-1
  19 BA   4     3.5181     6.6483  118 TI   0 0 0  124 TI   0-1 0  127 TI   0 0 0
                                   133 TI   0-1 0
  19 BA   4     3.9692     7.5008    1 BA   1 0 0   10 BA   0 0 0   22 BA   0 0 0
                                    25 BA   0-1 0

  20 BA   4     2.7890     5.2705   65 O    0 0 0   74 O    0 0 0  101 O    0 0 0
                                   107 O    0-1 0
  20 BA   4     2.8111     5.3122   37 O    0 0 0   43 O    0-1 0   46 O    0 0 0
                                    52 O    0-1 0
  20 BA   4     2.9128     5.5043   64 O    0 0 0   73 O    0 0 0  100 O    0 0 0
                                   106 O    0-1 0
  20 BA   4     3.4292     6.4803  118 TI   0 0 0  124 TI   0-1 0  127 TI   0 0 0
                                   133 TI   0-1 0
  20 BA   4     3.5181     6.6483  119 TI   0 0 0  125 TI   0-1 0  128 TI   0 0 0
                                   134 TI   0-1 0
  20 BA   4     3.9692     7.5008    2 BA   1 0 0   11 BA   0 0 0   23 BA   0 0 0
                                    26 BA   0-1 0

  21 BA   4     2.7890     5.2705   66 O    0 0 0   75 O    0 0 0  102 O    0 0 0
                                   108 O    0-1 0
  21 BA   4     2.8111     5.3122   38 O    0 0 0   44 O    0-1 0   47 O    0 0 0
                                    53 O    0-1 0
  21 BA   4     2.9128     5.5043   65 O    0 0 0   74 O    0 0 0  101 O    0 0 0
                                   107 O    0-1 0
  21 BA   4     3.4292     6.4803  119 TI   0 0 0  125 TI   0-1 0  128 TI   0 0 0
                                   134 TI   0-1 0
  21 BA   4     3.5181     6.6483  120 TI   0 0 0  126 TI   0-1 0  129 TI   0 0 0
                                   135 TI   0-1 0
  21 BA   4     3.9692     7.5008    3 BA   1 0 0   12 BA   0 0 0   24 BA   0 0 0
                                    27 BA   0-1 0

  22 BA   4     2.7890     5.2705   67 O    0 0 0   76 O    0 0 0  100 O    0 0 0
                                   103 O    0 0 0
  22 BA   4     2.8111     5.3122   39 O    0 0-1   42 O    0 0-1   48 O    0 0-1
                                    51 O    0 0-1
  22 BA   4     2.9128     5.5043   69 O    0 0-1   78 O    0 0-1  102 O    0 0-1
                                   105 O    0 0-1
  22 BA   4     3.4292     6.4803  120 TI   0 0-1  123 TI   0 0-1  129 TI   0 0-1
                                   132 TI   0 0-1
  22 BA   4     3.5181     6.6483  118 TI   0 0 0  121 TI   0 0 0  127 TI   0 0 0
                                   130 TI   0 0 0
  22 BA   4     3.9692     7.5008    4 BA   1 0 0   13 BA   0 0 0   19 BA   0 0 0
                                    25 BA   0 0 0

  23 BA   4     2.7890     5.2705   68 O    0 0 0   77 O    0 0 0  101 O    0 0 0
                                   104 O    0 0 0
  23 BA   4     2.8111     5.3122   37 O    0 0 0   40 O    0 0 0   46 O    0 0 0
                                    49 O    0 0 0
  23 BA   4     2.9128     5.5043   67 O    0 0 0   76 O    0 0 0  100 O    0 0 0
                                   103 O    0 0 0
  23 BA   4     3.4292     6.4803  118 TI   0 0 0  121 TI   0 0 0  127 TI   0 0 0
                                   130 TI   0 0 0
  23 BA   4     3.5181     6.6483  119 TI   0 0 0  122 TI   0 0 0  128 TI   0 0 0
                                   131 TI   0 0 0
  23 BA   4     3.9692     7.5008    5 BA   1 0 0   14 BA   0 0 0   20 BA   0 0 0
                                    26 BA   0 0 0

  24 BA   4     2.7890     5.2705   69 O    0 0 0   78 O    0 0 0  102 O    0 0 0
                                   105 O    0 0 0
  24 BA   4     2.8111     5.3122   38 O    0 0 0   41 O    0 0 0   47 O    0 0 0
                                    50 O    0 0 0
  24 BA   4     2.9128     5.5043   68 O    0 0 0   77 O    0 0 0  101 O    0 0 0
                                   104 O    0 0 0
  24 BA   4     3.4292     6.4803  119 TI   0 0 0  122 TI   0 0 0  128 TI   0 0 0
                                   131 TI   0 0 0
  24 BA   4     3.5181     6.6483  120 TI   0 0 0  123 TI   0 0 0  129 TI   0 0 0
                                   132 TI   0 0 0
  24 BA   4     3.9692     7.5008    6 BA   1 0 0   15 BA   0 0 0   21 BA   0 0 0
                                    27 BA   0 0 0

  25 BA   4     2.7890     5.2705   70 O    0 0 0   79 O    0 0 0  103 O    0 0 0
                                   106 O    0 0 0
  25 BA   4     2.8111     5.3122   42 O    0 0-1   45 O    0 0-1   51 O    0 0-1
                                    54 O    0 0-1
  25 BA   4     2.9128     5.5043   72 O    0 0-1   81 O    0 0-1  105 O    0 0-1
                                   108 O    0 0-1
  25 BA   4     3.4292     6.4803  123 TI   0 0-1  126 TI   0 0-1  132 TI   0 0-1
                                   135 TI   0 0-1
  25 BA   4     3.5181     6.6483  121 TI   0 0 0  124 TI   0 0 0  130 TI   0 0 0
                                   133 TI   0 0 0
  25 BA   4     3.9692     7.5008    7 BA   1 0 0   16 BA   0 0 0   19 BA   0 1 0
                                    22 BA   0 0 0

  26 BA   4     2.7890     5.2705   71 O    0 0 0   80 O    0 0 0  104 O    0 0 0
                                   107 O    0 0 0
  26 BA   4     2.8111     5.3122   40 O    0 0 0   43 O    0 0 0   49 O    0 0 0
                                    52 O    0 0 0
  26 BA   4     2.9128     5.5043   70 O    0 0 0   79 O    0 0 0  103 O    0 0 0
                                   106 O    0 0 0
  26 BA   4     3.4292     6.4803  121 TI   0 0 0  124 TI   0 0 0  130 TI   0 0 0
                                   133 TI   0 0 0
  26 BA   4     3.5181     6.6483  122 TI   0 0 0  125 TI   0 0 0  131 TI   0 0 0
                                   134 TI   0 0 0
  26 BA   4     3.9692     7.5008    8 BA   1 0 0   17 BA   0 0 0   20 BA   0 1 0
                                    23 BA   0 0 0

  27 BA   4     2.7890     5.2705   72 O    0 0 0   81 O    0 0 0  105 O    0 0 0
                                   108 O    0 0 0
  27 BA   4     2.8111     5.3122   41 O    0 0 0   44 O    0 0 0   50 O    0 0 0
                                    53 O    0 0 0
  27 BA   4     2.9128     5.5043   71 O    0 0 0   80 O    0 0 0  104 O    0 0 0
                                   107 O    0 0 0
  27 BA   4     3.4292     6.4803  122 TI   0 0 0  125 TI   0 0 0  131 TI   0 0 0
                                   134 TI   0 0 0
  27 BA   4     3.5181     6.6483  123 TI   0 0 0  126 TI   0 0 0  132 TI   0 0 0
                                   135 TI   0 0 0
  27 BA   4     3.9692     7.5008    9 BA   1 0 0   18 BA   0 0 0   21 BA   0 1 0
                                    24 BA   0 0 0

  28 O    1     1.8132     3.4264  109 TI   0 0 0
  28 O    1     2.2784     4.3056  110 TI   0 0 0
  28 O    1     2.7927     5.2775   55 O    0 0 0
  28 O    3     2.7998     5.2908   58 O    0 0 0   82 O    0 0 0   91 O    0 0 0
  28 O    4     2.8111     5.3122    2 BA   0 0 0    5 BA   0 0 0   11 BA   0 0 0
                                    14 BA   0 0 0
  28 O    4     2.9016     5.4832   56 O    0 0 0   59 O    0 0 0   83 O    0 0 0
                                    92 O    0 0 0

  29 O    1     1.8132     3.4264  110 TI   0 0 0
  29 O    1     2.2784     4.3056  111 TI   0 0 0
  29 O    4     2.7998     5.2908   56 O    0 0 0   59 O    0 0 0   83 O    0 0 0
                                    92 O    0 0 0
  29 O    4     2.8111     5.3122    3 BA   0 0 0    6 BA   0 0 0   12 BA   0 0 0
                                    15 BA   0 0 0
  29 O    4     2.9016     5.4832   57 O    0 0 0   60 O    0 0 0   84 O    0 0 0
                                    93 O    0 0 0
  29 O    4     3.9692     7.5008   32 O    0 0 0   35 O    0-1 0   38 O    0 0 0
                                    47 O   -1 0 0

  30 O    1     1.8132     3.4264  111 TI   0 0 0
  30 O    1     2.2784     4.3056  109 TI   0 0 1
  30 O    4     2.7998     5.2908   57 O    0 0 0   60 O    0 0 0   84 O    0 0 0
                                    93 O    0 0 0
  30 O    4     2.8111     5.3122    1 BA   0 0 1    4 BA   0 0 1   10 BA   0 0 1
                                    13 BA   0 0 1
  30 O    3     2.9016     5.4832   58 O    0 0 1   82 O    0 0 1   91 O    0 0 1
  30 O    1     2.9089     5.4971   55 O    0 0 1

  31 O    1     1.8132     3.4264  112 TI   0 0 0
  31 O    1     2.2784     4.3056  113 TI   0 0 0
  31 O    4     2.7998     5.2908   58 O    0 0 0   61 O    0 0 0   85 O    0 0 0
                                    94 O    0 0 0
  31 O    4     2.8111     5.3122    5 BA   0 0 0    8 BA   0 0 0   14 BA   0 0 0
                                    17 BA   0 0 0
  31 O    4     2.9016     5.4832   59 O    0 0 0   62 O    0 0 0   86 O    0 0 0
                                    95 O    0 0 0
  31 O    4     3.9692     7.5008   28 O    0 0 0   34 O    0 0 0   40 O    0 0 0
                                    49 O   -1 0 0

  32 O    1     1.8132     3.4264  113 TI   0 0 0
  32 O    1     2.2784     4.3056  114 TI   0 0 0
  32 O    4     2.7998     5.2908   59 O    0 0 0   62 O    0 0 0   86 O    0 0 0
                                    95 O    0 0 0
  32 O    4     2.8111     5.3122    6 BA   0 0 0    9 BA   0 0 0   15 BA   0 0 0
                                    18 BA   0 0 0
  32 O    4     2.9016     5.4832   60 O    0 0 0   63 O    0 0 0   87 O    0 0 0
                                    96 O    0 0 0
  32 O    4     3.9692     7.5008   29 O    0 0 0   35 O    0 0 0   41 O    0 0 0
                                    50 O   -1 0 0

  33 O    1     1.8132     3.4264  114 TI   0 0 0
  33 O    1     2.2784     4.3056  112 TI   0 0 1
  33 O    4     2.7998     5.2908   60 O    0 0 0   63 O    0 0 0   87 O    0 0 0
                                    96 O    0 0 0
  33 O    4     2.8111     5.3122    4 BA   0 0 1    7 BA   0 0 1   13 BA   0 0 1
                                    16 BA   0 0 1
  33 O    4     2.9016     5.4832   58 O    0 0 1   61 O    0 0 1   85 O    0 0 1
                                    94 O    0 0 1
  33 O    4     3.9692     7.5008   30 O    0 0 0   36 O    0 0 0   42 O    0 0 0
                                    51 O   -1 0 0

  34 O    1     1.8132     3.4264  115 TI   0 0 0
  34 O    1     2.2784     4.3056  116 TI   0 0 0
  34 O    1     2.7927     5.2775   55 O    0 1 0
  34 O    3     2.7998     5.2908   61 O    0 0 0   88 O    0 0 0   97 O    0 0 0
  34 O    4     2.8111     5.3122    2 BA   0 1 0    8 BA   0 0 0   11 BA   0 1 0
                                    17 BA   0 0 0
  34 O    4     2.9016     5.4832   56 O    0 1 0   62 O    0 0 0   89 O    0 0 0
                                    98 O    0 0 0

  35 O    1     1.8132     3.4264  116 TI   0 0 0
  35 O    1     2.2784     4.3056  117 TI   0 0 0
  35 O    4     2.7998     5.2908   56 O    0 1 0   62 O    0 0 0   89 O    0 0 0
                                    98 O    0 0 0
  35 O    4     2.8111     5.3122    3 BA   0 1 0    9 BA   0 0 0   12 BA   0 1 0
                                    18 BA   0 0 0
  35 O    4     2.9016     5.4832   57 O    0 1 0   63 O    0 0 0   90 O    0 0 0
                                    99 O    0 0 0
  35 O    4     3.9692     7.5008   29 O    0 1 0   32 O    0 0 0   44 O    0 0 0
                                    53 O   -1 0 0

  36 O    1     1.8132     3.4264  117 TI   0 0 0
  36 O    1     2.2784     4.3056  115 TI   0 0 1
  36 O    4     2.7998     5.2908   57 O    0 1 0   63 O    0 0 0   90 O    0 0 0
                                    99 O    0 0 0
  36 O    4     2.8111     5.3122    1 BA   0 1 1    7 BA   0 0 1   10 BA   0 1 1
                                    16 BA   0 0 1
  36 O    3     2.9016     5.4832   61 O    0 0 1   88 O    0 0 1   97 O    0 0 1
  36 O    1     2.9089     5.4971   55 O    0 1 1

  37 O    1     1.8132     3.4264  118 TI   0 0 0
  37 O    1     2.2784     4.3056  119 TI   0 0 0
  37 O    4     2.7998     5.2908   64 O    0 0 0   67 O    0 0 0   91 O    0 0 0
                                   100 O    0 0 0
  37 O    4     2.8111     5.3122   11 BA   0 0 0   14 BA   0 0 0   20 BA   0 0 0
                                    23 BA   0 0 0
  37 O    4     2.9016     5.4832   65 O    0 0 0   68 O    0 0 0   92 O    0 0 0
                                   101 O    0 0 0
  37 O    4     3.9692     7.5008   28 O    0 0 0   40 O    0 0 0   43 O    0-1 0
                                    46 O    0 0 0

  38 O    1     1.8132     3.4264  119 TI   0 0 0
  38 O    1     2.2784     4.3056  120 TI   0 0 0
  38 O    4     2.7998     5.2908   65 O    0 0 0   68 O    0 0 0   92 O    0 0 0
                                   101 O    0 0 0
  38 O    4     2.8111     5.3122   12 BA   0 0 0   15 BA   0 0 0   21 BA   0 0 0
                                    24 BA   0 0 0
  38 O    4     2.9016     5.4832   66 O    0 0 0   69 O    0 0 0   93 O    0 0 0
                                   102 O    0 0 0
  38 O    4     3.9692     7.5008   29 O    0 0 0   41 O    0 0 0   44 O    0-1 0
                                    47 O    0 0 0

  39 O    1     1.8132     3.4264  120 TI   0 0 0
  39 O    1     2.2784     4.3056  118 TI   0 0 1
  39 O    4     2.7998     5.2908   66 O    0 0 0   69 O    0 0 0   93 O    0 0 0
                                   102 O    0 0 0
  39 O    4     2.8111     5.3122   10 BA   0 0 1   13 BA   0 0 1   19 BA   0 0 1
                                    22 BA   0 0 1
  39 O    4     2.9016     5.4832   64 O    0 0 1   67 O    0 0 1   91 O    0 0 1
                                   100 O    0 0 1
  39 O    4     3.9692     7.5008   30 O    0 0 0   42 O    0 0 0   45 O    0-1 0
                                    48 O    0 0 0

  40 O    1     1.8132     3.4264  121 TI   0 0 0
  40 O    1     2.2784     4.3056  122 TI   0 0 0
  40 O    4     2.7998     5.2908   67 O    0 0 0   70 O    0 0 0   94 O    0 0 0
                                   103 O    0 0 0
  40 O    4     2.8111     5.3122   14 BA   0 0 0   17 BA   0 0 0   23 BA   0 0 0
                                    26 BA   0 0 0
  40 O    4     2.9016     5.4832   68 O    0 0 0   71 O    0 0 0   95 O    0 0 0
                                   104 O    0 0 0
  40 O    4     3.9692     7.5008   31 O    0 0 0   37 O    0 0 0   43 O    0 0 0
                                    49 O    0 0 0

  41 O    1     1.8132     3.4264  122 TI   0 0 0
  41 O    1     2.2784     4.3056  123 TI   0 0 0
  41 O    4     2.7998     5.2908   68 O    0 0 0   71 O    0 0 0   95 O    0 0 0
                                   104 O    0 0 0
  41 O    4     2.8111     5.3122   15 BA   0 0 0   18 BA   0 0 0   24 BA   0 0 0
                                    27 BA   0 0 0
  41 O    4     2.9016     5.4832   69 O    0 0 0   72 O    0 0 0   96 O    0 0 0
                                   105 O    0 0 0
  41 O    4     3.9692     7.5008   32 O    0 0 0   38 O    0 0 0   44 O    0 0 0
                                    50 O    0 0 0

  42 O    1     1.8132     3.4264  123 TI   0 0 0
  42 O    1     2.2784     4.3056  121 TI   0 0 1
  42 O    4     2.7998     5.2908   69 O    0 0 0   72 O    0 0 0   96 O    0 0 0
                                   105 O    0 0 0
  42 O    4     2.8111     5.3122   13 BA   0 0 1   16 BA   0 0 1   22 BA   0 0 1
                                    25 BA   0 0 1
  42 O    4     2.9016     5.4832   67 O    0 0 1   70 O    0 0 1   94 O    0 0 1
                                   103 O    0 0 1
  42 O    4     3.9692     7.5008   33 O    0 0 0   39 O    0 0 0   45 O    0 0 0
                                    51 O    0 0 0

  43 O    1     1.8132     3.4264  124 TI   0 0 0
  43 O    1     2.2784     4.3056  125 TI   0 0 0
  43 O    4     2.7998     5.2908   64 O    0 1 0   70 O    0 0 0   97 O    0 0 0
                                   106 O    0 0 0
  43 O    4     2.8111     5.3122   11 BA   0 1 0   17 BA   0 0 0   20 BA   0 1 0
                                    26 BA   0 0 0
  43 O    4     2.9016     5.4832   65 O    0 1 0   71 O    0 0 0   98 O    0 0 0
                                   107 O    0 0 0
  43 O    4     3.9692     7.5008   34 O    0 0 0   37 O    0 1 0   40 O    0 0 0
                                    52 O    0 0 0

  44 O    1     1.8132     3.4264  125 TI   0 0 0
  44 O    1     2.2784     4.3056  126 TI   0 0 0
  44 O    4     2.7998     5.2908   65 O    0 1 0   71 O    0 0 0   98 O    0 0 0
                                   107 O    0 0 0
  44 O    4     2.8111     5.3122   12 BA   0 1 0   18 BA   0 0 0   21 BA   0 1 0
                                    27 BA   0 0 0
  44 O    4     2.9016     5.4832   66 O    0 1 0   72 O    0 0 0   99 O    0 0 0
                                   108 O    0 0 0
  44 O    4     3.9692     7.5008   35 O    0 0 0   38 O    0 1 0   41 O    0 0 0
                                    53 O    0 0 0

  45 O    1     1.8132     3.4264  126 TI   0 0 0
  45 O    1     2.2784     4.3056  124 TI   0 0 1
  45 O    4     2.7998     5.2908   66 O    0 1 0   72 O    0 0 0   99 O    0 0 0
                                   108 O    0 0 0
  45 O    4     2.8111     5.3122   10 BA   0 1 1   16 BA   0 0 1   19 BA   0 1 1
                                    25 BA   0 0 1
  45 O    4     2.9016     5.4832   64 O    0 1 1   70 O    0 0 1   97 O    0 0 1
                                   106 O    0 0 1
  45 O    4     3.9692     7.5008   36 O    0 0 0   39 O    0 1 0   42 O    0 0 0
                                    54 O    0 0 0

  46 O    1     1.8132     3.4264  127 TI   0 0 0
  46 O    1     2.2784     4.3056  128 TI   0 0 0
  46 O    4     2.7998     5.2908   73 O    0 0 0   76 O    0 0 0   82 O    1 0 0
                                   100 O    0 0 0
  46 O    4     2.8111     5.3122    2 BA   1 0 0    5 BA   1 0 0   20 BA   0 0 0
                                    23 BA   0 0 0
  46 O    4     2.9016     5.4832   74 O    0 0 0   77 O    0 0 0   83 O    1 0 0
                                   101 O    0 0 0
  46 O    4     3.9692     7.5008   28 O    1 0 0   37 O    0 0 0   49 O    0 0 0
                                    52 O    0-1 0

  47 O    1     1.8132     3.4264  128 TI   0 0 0
  47 O    1     2.2784     4.3056  129 TI   0 0 0
  47 O    4     2.7998     5.2908   74 O    0 0 0   77 O    0 0 0   83 O    1 0 0
                                   101 O    0 0 0
  47 O    4     2.8111     5.3122    3 BA   1 0 0    6 BA   1 0 0   21 BA   0 0 0
                                    24 BA   0 0 0
  47 O    4     2.9016     5.4832   75 O    0 0 0   78 O    0 0 0   84 O    1 0 0
                                   102 O    0 0 0
  47 O    4     3.9692     7.5008   29 O    1 0 0   38 O    0 0 0   50 O    0 0 0
                                    53 O    0-1 0

  48 O    1     1.8132     3.4264  129 TI   0 0 0
  48 O    1     2.2784     4.3056  127 TI   0 0 1
  48 O    4     2.7998     5.2908   75 O    0 0 0   78 O    0 0 0   84 O    1 0 0
                                   102 O    0 0 0
  48 O    4     2.8111     5.3122    1 BA   1 0 1    4 BA   1 0 1   19 BA   0 0 1
                                    22 BA   0 0 1
  48 O    4     2.9016     5.4832   73 O    0 0 1   76 O    0 0 1   82 O    1 0 1
                                   100 O    0 0 1
  48 O    4     3.9692     7.5008   30 O    1 0 0   39 O    0 0 0   51 O    0 0 0
                                    54 O    0-1 0

  49 O    1     1.8132     3.4264  130 TI   0 0 0
  49 O    1     2.2784     4.3056  131 TI   0 0 0
  49 O    4     2.7998     5.2908   76 O    0 0 0   79 O    0 0 0   85 O    1 0 0
                                   103 O    0 0 0
  49 O    4     2.8111     5.3122    5 BA   1 0 0    8 BA   1 0 0   23 BA   0 0 0
                                    26 BA   0 0 0
  49 O    4     2.9016     5.4832   77 O    0 0 0   80 O    0 0 0   86 O    1 0 0
                                   104 O    0 0 0
  49 O    4     3.9692     7.5008   31 O    1 0 0   40 O    0 0 0   46 O    0 0 0
                                    52 O    0 0 0

  50 O    1     1.8132     3.4264  131 TI   0 0 0
  50 O    1     2.2784     4.3056  132 TI   0 0 0
  50 O    4     2.7998     5.2908   77 O    0 0 0   80 O    0 0 0   86 O    1 0 0
                                   104 O    0 0 0
  50 O    4     2.8111     5.3122    6 BA   1 0 0    9 BA   1 0 0   24 BA   0 0 0
                                    27 BA   0 0 0
  50 O    4     2.9016     5.4832   78 O    0 0 0   81 O    0 0 0   87 O    1 0 0
                                   105 O    0 0 0
  50 O    4     3.9692     7.5008   32 O    1 0 0   41 O    0 0 0   47 O    0 0 0
                                    53 O    0 0 0

  51 O    1     1.8132     3.4264  132 TI   0 0 0
  51 O    1     2.2784     4.3056  130 TI   0 0 1
  51 O    4     2.7998     5.2908   78 O    0 0 0   81 O    0 0 0   87 O    1 0 0
                                   105 O    0 0 0
  51 O    4     2.8111     5.3122    4 BA   1 0 1    7 BA   1 0 1   22 BA   0 0 1
                                    25 BA   0 0 1
  51 O    4     2.9016     5.4832   76 O    0 0 1   79 O    0 0 1   85 O    1 0 1
                                   103 O    0 0 1
  51 O    4     3.9692     7.5008   33 O    1 0 0   42 O    0 0 0   48 O    0 0 0
                                    54 O    0 0 0

  52 O    1     1.8132     3.4264  133 TI   0 0 0
  52 O    1     2.2784     4.3056  134 TI   0 0 0
  52 O    4     2.7998     5.2908   73 O    0 1 0   79 O    0 0 0   88 O    1 0 0
                                   106 O    0 0 0
  52 O    4     2.8111     5.3122    2 BA   1 1 0    8 BA   1 0 0   20 BA   0 1 0
                                    26 BA   0 0 0
  52 O    4     2.9016     5.4832   74 O    0 1 0   80 O    0 0 0   89 O    1 0 0
                                   107 O    0 0 0
  52 O    4     3.9692     7.5008   34 O    1 0 0   43 O    0 0 0   46 O    0 1 0
                                    49 O    0 0 0

  53 O    1     1.8132     3.4264  134 TI   0 0 0
  53 O    1     2.2784     4.3056  135 TI   0 0 0
  53 O    4     2.7998     5.2908   74 O    0 1 0   80 O    0 0 0   89 O    1 0 0
                                   107 O    0 0 0
  53 O    4     2.8111     5.3122    3 BA   1 1 0    9 BA   1 0 0   21 BA   0 1 0
                                    27 BA   0 0 0
  53 O    4     2.9016     5.4832   75 O    0 1 0   81 O    0 0 0   90 O    1 0 0
                                   108 O    0 0 0
  53 O    4     3.9692     7.5008   35 O    1 0 0   44 O    0 0 0   47 O    0 1 0
                                    50 O    0 0 0

  54 O    1     1.8132     3.4264  135 TI   0 0 0
  54 O    1     2.2784     4.3056  133 TI   0 0 1
  54 O    4     2.7998     5.2908   75 O    0 1 0   81 O    0 0 0   90 O    1 0 0
                                   108 O    0 0 0
  54 O    4     2.8111     5.3122    1 BA   1 1 1    7 BA   1 0 1   19 BA   0 1 1
                                    25 BA   0 0 1
  54 O    4     2.9016     5.4832   73 O    0 1 1   79 O    0 0 1   88 O    1 0 1
                                   106 O    0 0 1
  54 O    4     3.9692     7.5008   36 O    1 0 0   45 O    0 0 0   48 O    0 1 0
                                    51 O    0 0 0

  55 O    2     1.9904     3.7613  109 TI   0 0 0  115 TI   0-1 0
  55 O    2     2.7927     5.2775   28 O    0 0 0   34 O    0-1 0
  55 O    2     2.7961     5.2838    1 BA   0 0 0   10 BA   0 0 0
  55 O    4     2.8067     5.3039   82 O    0 0 0   88 O    0-1 0   91 O    0 0 0
                                    97 O    0-1 0
  55 O    2     2.9055     5.4905    2 BA   0 0 0   11 BA   0 0 0
  55 O    2     2.9089     5.4971   30 O    0 0-1   36 O    0-1-1

  56 O    2     1.9912     3.7628  110 TI   0 0 0  116 TI   0-1 0
  56 O    2     2.7890     5.2705    2 BA   0 0 0   11 BA   0 0 0
  56 O    2     2.7998     5.2908   29 O    0 0 0   35 O    0-1 0
  56 O    4     2.8067     5.3039   83 O    0 0 0   89 O    0-1 0   92 O    0 0 0
                                    98 O    0-1 0
  56 O    2     2.9016     5.4832   28 O    0 0 0   34 O    0-1 0
  56 O    2     2.9128     5.5043    3 BA   0 0 0   12 BA   0 0 0

  57 O    2     1.9912     3.7628  111 TI   0 0 0  117 TI   0-1 0
  57 O    2     2.7890     5.2705    3 BA   0 0 0   12 BA   0 0 0
  57 O    2     2.7998     5.2908   30 O    0 0 0   36 O    0-1 0
  57 O    4     2.8067     5.3039   84 O    0 0 0   90 O    0-1 0   93 O    0 0 0
                                    99 O    0-1 0
  57 O    2     2.9016     5.4832   29 O    0 0 0   35 O    0-1 0
  57 O    2     2.9128     5.5043    1 BA   0 0 1   10 BA   0 0 1

  58 O    2     1.9912     3.7628  109 TI   0 0 0  112 TI   0 0 0
  58 O    2     2.7890     5.2705    4 BA   0 0 0   13 BA   0 0 0
  58 O    2     2.7998     5.2908   28 O    0 0 0   31 O    0 0 0
  58 O    4     2.8067     5.3039   82 O    0 0 0   85 O    0 0 0   91 O    0 0 0
                                    94 O    0 0 0
  58 O    2     2.9016     5.4832   30 O    0 0-1   33 O    0 0-1
  58 O    2     2.9128     5.5043    5 BA   0 0 0   14 BA   0 0 0

  59 O    2     1.9912     3.7628  110 TI   0 0 0  113 TI   0 0 0
  59 O    2     2.7890     5.2705    5 BA   0 0 0   14 BA   0 0 0
  59 O    2     2.7998     5.2908   29 O    0 0 0   32 O    0 0 0
  59 O    4     2.8067     5.3039   83 O    0 0 0   86 O    0 0 0   92 O    0 0 0
                                    95 O    0 0 0
  59 O    2     2.9016     5.4832   28 O    0 0 0   31 O    0 0 0
  59 O    2     2.9128     5.5043    6 BA   0 0 0   15 BA   0 0 0

  60 O    2     1.9912     3.7628  111 TI   0 0 0  114 TI   0 0 0
  60 O    2     2.7890     5.2705    6 BA   0 0 0   15 BA   0 0 0
  60 O    2     2.7998     5.2908   30 O    0 0 0   33 O    0 0 0
  60 O    4     2.8067     5.3039   84 O    0 0 0   87 O    0 0 0   93 O    0 0 0
                                    96 O    0 0 0
  60 O    2     2.9016     5.4832   29 O    0 0 0   32 O    0 0 0
  60 O    2     2.9128     5.5043    4 BA   0 0 1   13 BA   0 0 1

  61 O    2     1.9912     3.7628  112 TI   0 0 0  115 TI   0 0 0
  61 O    2     2.7890     5.2705    7 BA   0 0 0   16 BA   0 0 0
  61 O    2     2.7998     5.2908   31 O    0 0 0   34 O    0 0 0
  61 O    4     2.8067     5.3039   85 O    0 0 0   88 O    0 0 0   94 O    0 0 0
                                    97 O    0 0 0
  61 O    2     2.9016     5.4832   33 O    0 0-1   36 O    0 0-1
  61 O    2     2.9128     5.5043    8 BA   0 0 0   17 BA   0 0 0

  62 O    2     1.9912     3.7628  113 TI   0 0 0  116 TI   0 0 0
  62 O    2     2.7890     5.2705    8 BA   0 0 0   17 BA   0 0 0
  62 O    2     2.7998     5.2908   32 O    0 0 0   35 O    0 0 0
  62 O    4     2.8067     5.3039   86 O    0 0 0   89 O    0 0 0   95 O    0 0 0
                                    98 O    0 0 0
  62 O    2     2.9016     5.4832   31 O    0 0 0   34 O    0 0 0
  62 O    2     2.9128     5.5043    9 BA   0 0 0   18 BA   0 0 0

  63 O    2     1.9912     3.7628  114 TI   0 0 0  117 TI   0 0 0
  63 O    2     2.7890     5.2705    9 BA   0 0 0   18 BA   0 0 0
  63 O    2     2.7998     5.2908   33 O    0 0 0   36 O    0 0 0
  63 O    4     2.8067     5.3039   87 O    0 0 0   90 O    0 0 0   96 O    0 0 0
                                    99 O    0 0 0
  63 O    2     2.9016     5.4832   32 O    0 0 0   35 O    0 0 0
  63 O    2     2.9128     5.5043    7 BA   0 0 1   16 BA   0 0 1

  64 O    2     1.9912     3.7628  118 TI   0 0 0  124 TI   0-1 0
  64 O    2     2.7890     5.2705   10 BA   0 0 0   19 BA   0 0 0
  64 O    2     2.7998     5.2908   37 O    0 0 0   43 O    0-1 0
  64 O    4     2.8067     5.3039   91 O    0 0 0   97 O    0-1 0  100 O    0 0 0
                                   106 O    0-1 0
  64 O    2     2.9016     5.4832   39 O    0 0-1   45 O    0-1-1
  64 O    2     2.9128     5.5043   11 BA   0 0 0   20 BA   0 0 0

  65 O    2     1.9912     3.7628  119 TI   0 0 0  125 TI   0-1 0
  65 O    2     2.7890     5.2705   11 BA   0 0 0   20 BA   0 0 0
  65 O    2     2.7998     5.2908   38 O    0 0 0   44 O    0-1 0
  65 O    4     2.8067     5.3039   92 O    0 0 0   98 O    0-1 0  101 O    0 0 0
                                   107 O    0-1 0
  65 O    2     2.9016     5.4832   37 O    0 0 0   43 O    0-1 0
  65 O    2     2.9128     5.5043   12 BA   0 0 0   21 BA   0 0 0

  66 O    2     1.9912     3.7628  120 TI   0 0 0  126 TI   0-1 0
  66 O    2     2.7890     5.2705   12 BA   0 0 0   21 BA   0 0 0
  66 O    2     2.7998     5.2908   39 O    0 0 0   45 O    0-1 0
  66 O    4     2.8067     5.3039   93 O    0 0 0   99 O    0-1 0  102 O    0 0 0
                                   108 O    0-1 0
  66 O    2     2.9016     5.4832   38 O    0 0 0   44 O    0-1 0
  66 O    2     2.9128     5.5043   10 BA   0 0 1   19 BA   0 0 1

  67 O    2     1.9912     3.7628  118 TI   0 0 0  121 TI   0 0 0
  67 O    2     2.7890     5.2705   13 BA   0 0 0   22 BA   0 0 0
  67 O    2     2.7998     5.2908   37 O    0 0 0   40 O    0 0 0
  67 O    4     2.8067     5.3039   91 O    0 0 0   94 O    0 0 0  100 O    0 0 0
                                   103 O    0 0 0
  67 O    2     2.9016     5.4832   39 O    0 0-1   42 O    0 0-1
  67 O    2     2.9128     5.5043   14 BA   0 0 0   23 BA   0 0 0

  68 O    2     1.9912     3.7628  119 TI   0 0 0  122 TI   0 0 0
  68 O    2     2.7890     5.2705   14 BA   0 0 0   23 BA   0 0 0
  68 O    2     2.7998     5.2908   38 O    0 0 0   41 O    0 0 0
  68 O    4     2.8067     5.3039   92 O    0 0 0   95 O    0 0 0  101 O    0 0 0
                                   104 O    0 0 0
  68 O    2     2.9016     5.4832   37 O    0 0 0   40 O    0 0 0
  68 O    2     2.9128     5.5043   15 BA   0 0 0   24 BA   0 0 0

  69 O    2     1.9912     3.7628  120 TI   0 0 0  123 TI   0 0 0
  69 O    2     2.7890     5.2705   15 BA   0 0 0   24 BA   0 0 0
  69 O    2     2.7998     5.2908   39 O    0 0 0   42 O    0 0 0
  69 O    4     2.8067     5.3039   93 O    0 0 0   96 O    0 0 0  102 O    0 0 0
                                   105 O    0 0 0
  69 O    2     2.9016     5.4832   38 O    0 0 0   41 O    0 0 0
  69 O    2     2.9128     5.5043   13 BA   0 0 1   22 BA   0 0 1

  70 O    2     1.9912     3.7628  121 TI   0 0 0  124 TI   0 0 0
  70 O    2     2.7890     5.2705   16 BA   0 0 0   25 BA   0 0 0
  70 O    2     2.7998     5.2908   40 O    0 0 0   43 O    0 0 0
  70 O    4     2.8067     5.3039   94 O    0 0 0   97 O    0 0 0  103 O    0 0 0
                                   106 O    0 0 0
  70 O    2     2.9016     5.4832   42 O    0 0-1   45 O    0 0-1
  70 O    2     2.9128     5.5043   17 BA   0 0 0   26 BA   0 0 0

  71 O    2     1.9912     3.7628  122 TI   0 0 0  125 TI   0 0 0
  71 O    2     2.7890     5.2705   17 BA   0 0 0   26 BA   0 0 0
  71 O    2     2.7998     5.2908   41 O    0 0 0   44 O    0 0 0
  71 O    4     2.8067     5.3039   95 O    0 0 0   98 O    0 0 0  104 O    0 0 0
                                   107 O    0 0 0
  71 O    2     2.9016     5.4832   40 O    0 0 0   43 O    0 0 0
  71 O    2     2.9128     5.5043   18 BA   0 0 0   27 BA   0 0 0

  72 O    2     1.9912     3.7628  123 TI   0 0 0  126 TI   0 0 0
  72 O    2     2.7890     5.2705   18 BA   0 0 0   27 BA   0 0 0
  72 O    2     2.7998     5.2908   42 O    0 0 0   45 O    0 0 0
  72 O    4     2.8067     5.3039   96 O    0 0 0   99 O    0 0 0  105 O    0 0 0
                                   108 O    0 0 0
  72 O    2     2.9016     5.4832   41 O    0 0 0   44 O    0 0 0
  72 O    2     2.9128     5.5043   16 BA   0 0 1   25 BA   0 0 1

  73 O    2     1.9912     3.7628  127 TI   0 0 0  133 TI   0-1 0
  73 O    2     2.7890     5.2705    1 BA   1 0 0   19 BA   0 0 0
  73 O    2     2.7998     5.2908   46 O    0 0 0   52 O    0-1 0
  73 O    4     2.8067     5.3039   82 O    1 0 0   88 O    1-1 0  100 O    0 0 0
                                   106 O    0-1 0
  73 O    2     2.9016     5.4832   48 O    0 0-1   54 O    0-1-1
  73 O    2     2.9128     5.5043    2 BA   1 0 0   20 BA   0 0 0

  74 O    2     1.9912     3.7628  128 TI   0 0 0  134 TI   0-1 0
  74 O    2     2.7890     5.2705    2 BA   1 0 0   20 BA   0 0 0
  74 O    2     2.7998     5.2908   47 O    0 0 0   53 O    0-1 0
  74 O    4     2.8067     5.3039   83 O    1 0 0   89 O    1-1 0  101 O    0 0 0
                                   107 O    0-1 0
  74 O    2     2.9016     5.4832   46 O    0 0 0   52 O    0-1 0
  74 O    2     2.9128     5.5043    3 BA   1 0 0   21 BA   0 0 0

  75 O    2     1.9912     3.7628  129 TI   0 0 0  135 TI   0-1 0
  75 O    2     2.7890     5.2705    3 BA   1 0 0   21 BA   0 0 0
  75 O    2     2.7998     5.2908   48 O    0 0 0   54 O    0-1 0
  75 O    4     2.8067     5.3039   84 O    1 0 0   90 O    1-1 0  102 O    0 0 0
                                   108 O    0-1 0
  75 O    2     2.9016     5.4832   47 O    0 0 0   53 O    0-1 0
  75 O    2     2.9128     5.5043    1 BA   1 0 1   19 BA   0 0 1

  76 O    2     1.9912     3.7628  127 TI   0 0 0  130 TI   0 0 0
  76 O    2     2.7890     5.2705    4 BA   1 0 0   22 BA   0 0 0
  76 O    2     2.7998     5.2908   46 O    0 0 0   49 O    0 0 0
  76 O    4     2.8067     5.3039   82 O    1 0 0   85 O    1 0 0  100 O    0 0 0
                                   103 O    0 0 0
  76 O    2     2.9016     5.4832   48 O    0 0-1   51 O    0 0-1
  76 O    2     2.9128     5.5043    5 BA   1 0 0   23 BA   0 0 0

  77 O    2     1.9912     3.7628  128 TI   0 0 0  131 TI   0 0 0
  77 O    2     2.7890     5.2705    5 BA   1 0 0   23 BA   0 0 0
  77 O    2     2.7998     5.2908   47 O    0 0 0   50 O    0 0 0
  77 O    4     2.8067     5.3039   83 O    1 0 0   86 O    1 0 0  101 O    0 0 0
                                   104 O    0 0 0
  77 O    2     2.9016     5.4832   46 O    0 0 0   49 O    0 0 0
  77 O    2     2.9128     5.5043    6 BA   1 0 0   24 BA   0 0 0

  78 O    2     1.9912     3.7628  129 TI   0 0 0  132 TI   0 0 0
  78 O    2     2.7890     5.2705    6 BA   1 0 0   24 BA   0 0 0
  78 O    2     2.7998     5.2908   48 O    0 0 0   51 O    0 0 0
  78 O    4     2.8067     5.3039   84 O    1 0 0   87 O    1 0 0  102 O    0 0 0
                                   105 O    0 0 0
  78 O    2     2.9016     5.4832   47 O    0 0 0   50 O    0 0 0
  78 O    2     2.9128     5.5043    4 BA   1 0 1   22 BA   0 0 1

  79 O    2     1.9912     3.7628  130 TI   0 0 0  133 TI   0 0 0
  79 O    2     2.7890     5.2705    7 BA   1 0 0   25 BA   0 0 0
  79 O    2     2.7998     5.2908   49 O    0 0 0   52 O    0 0 0
  79 O    4     2.8067     5.3039   85 O    1 0 0   88 O    1 0 0  103 O    0 0 0
                                   106 O    0 0 0
  79 O    2     2.9016     5.4832   51 O    0 0-1   54 O    0 0-1
  79 O    2     2.9128     5.5043    8 BA   1 0 0   26 BA   0 0 0

  80 O    2     1.9912     3.7628  131 TI   0 0 0  134 TI   0 0 0
  80 O    2     2.7890     5.2705    8 BA   1 0 0   26 BA   0 0 0
  80 O    2     2.7998     5.2908   50 O    0 0 0   53 O    0 0 0
  80 O    4     2.8067     5.3039   86 O    1 0 0   89 O    1 0 0  104 O    0 0 0
                                   107 O    0 0 0
  80 O    2     2.9016     5.4832   49 O    0 0 0   52 O    0 0 0
  80 O    2     2.9128     5.5043    9 BA   1 0 0   27 BA   0 0 0

  81 O    2     1.9912     3.7628  132 TI   0 0 0  135 TI   0 0 0
  81 O    2     2.7890     5.2705    9 BA   1 0 0   27 BA   0 0 0
  81 O    2     2.7998     5.2908   51 O    0 0 0   54 O    0 0 0
  81 O    4     2.8067     5.3039   87 O    1 0 0   90 O    1 0 0  105 O    0 0 0
                                   108 O    0 0 0
  81 O    2     2.9016     5.4832   50 O    0 0 0   53 O    0 0 0
  81 O    2     2.9128     5.5043    7 BA   1 0 1   25 BA   0 0 1

  82 O    2     1.9912     3.7628  109 TI   0 0 0  127 TI  -1 0 0
  82 O    2     2.7890     5.2705    1 BA   0 0 0    4 BA   0 0 0
  82 O    2     2.7998     5.2908   28 O    0 0 0   46 O   -1 0 0
  82 O    3     2.8067     5.3039   58 O    0 0 0   73 O   -1 0 0   76 O   -1 0 0
  82 O    1     2.8067     5.3039   55 O    0 0 0
  82 O    2     2.9016     5.4832   30 O    0 0-1   48 O   -1 0-1

  83 O    2     1.9912     3.7628  110 TI   0 0 0  128 TI  -1 0 0
  83 O    2     2.7890     5.2705    2 BA   0 0 0    5 BA   0 0 0
  83 O    2     2.7998     5.2908   29 O    0 0 0   47 O   -1 0 0
  83 O    4     2.8067     5.3039   56 O    0 0 0   59 O    0 0 0   74 O   -1 0 0
                                    77 O   -1 0 0
  83 O    2     2.9016     5.4832   28 O    0 0 0   46 O   -1 0 0
  83 O    2     2.9128     5.5043    3 BA   0 0 0    6 BA   0 0 0

  84 O    2     1.9912     3.7628  111 TI   0 0 0  129 TI  -1 0 0
  84 O    2     2.7890     5.2705    3 BA   0 0 0    6 BA   0 0 0
  84 O    2     2.7998     5.2908   30 O    0 0 0   48 O   -1 0 0
  84 O    4     2.8067     5.3039   57 O    0 0 0   60 O    0 0 0   75 O   -1 0 0
                                    78 O   -1 0 0
  84 O    2     2.9016     5.4832   29 O    0 0 0   47 O   -1 0 0
  84 O    2     2.9128     5.5043    1 BA   0 0 1    4 BA   0 0 1

  85 O    2     1.9912     3.7628  112 TI   0 0 0  130 TI  -1 0 0
  85 O    2     2.7890     5.2705    4 BA   0 0 0    7 BA   0 0 0
  85 O    2     2.7998     5.2908   31 O    0 0 0   49 O   -1 0 0
  85 O    4     2.8067     5.3039   58 O    0 0 0   61 O    0 0 0   76 O   -1 0 0
                                    79 O   -1 0 0
  85 O    2     2.9016     5.4832   33 O    0 0-1   51 O   -1 0-1
  85 O    2     2.9128     5.5043    5 BA   0 0 0    8 BA   0 0 0

  86 O    2     1.9912     3.7628  113 TI   0 0 0  131 TI  -1 0 0
  86 O    2     2.7890     5.2705    5 BA   0 0 0    8 BA   0 0 0
  86 O    2     2.7998     5.2908   32 O    0 0 0   50 O   -1 0 0
  86 O    4     2.8067     5.3039   59 O    0 0 0   62 O    0 0 0   77 O   -1 0 0
                                    80 O   -1 0 0
  86 O    2     2.9016     5.4832   31 O    0 0 0   49 O   -1 0 0
  86 O    2     2.9128     5.5043    6 BA   0 0 0    9 BA   0 0 0

  87 O    2     1.9912     3.7628  114 TI   0 0 0  132 TI  -1 0 0
  87 O    2     2.7890     5.2705    6 BA   0 0 0    9 BA   0 0 0
  87 O    2     2.7998     5.2908   33 O    0 0 0   51 O   -1 0 0
  87 O    4     2.8067     5.3039   60 O    0 0 0   63 O    0 0 0   78 O   -1 0 0
                                    81 O   -1 0 0
  87 O    2     2.9016     5.4832   32 O    0 0 0   50 O   -1 0 0
  87 O    2     2.9128     5.5043    4 BA   0 0 1    7 BA   0 0 1

  88 O    2     1.9912     3.7628  115 TI   0 0 0  133 TI  -1 0 0
  88 O    2     2.7890     5.2705    1 BA   0 1 0    7 BA   0 0 0
  88 O    2     2.7998     5.2908   34 O    0 0 0   52 O   -1 0 0
  88 O    3     2.8067     5.3039   61 O    0 0 0   73 O   -1 1 0   79 O   -1 0 0
  88 O    1     2.8067     5.3039   55 O    0 1 0
  88 O    2     2.9016     5.4832   36 O    0 0-1   54 O   -1 0-1

  89 O    2     1.9912     3.7628  116 TI   0 0 0  134 TI  -1 0 0
  89 O    2     2.7890     5.2705    2 BA   0 1 0    8 BA   0 0 0
  89 O    2     2.7998     5.2908   35 O    0 0 0   53 O   -1 0 0
  89 O    4     2.8067     5.3039   56 O    0 1 0   62 O    0 0 0   74 O   -1 1 0
                                    80 O   -1 0 0
  89 O    2     2.9016     5.4832   34 O    0 0 0   52 O   -1 0 0
  89 O    2     2.9128     5.5043    3 BA   0 1 0    9 BA   0 0 0

  90 O    2     1.9912     3.7628  117 TI   0 0 0  135 TI  -1 0 0
  90 O    2     2.7890     5.2705    3 BA   0 1 0    9 BA   0 0 0
  90 O    2     2.7998     5.2908   36 O    0 0 0   54 O   -1 0 0
  90 O    4     2.8067     5.3039   57 O    0 1 0   63 O    0 0 0   75 O   -1 1 0
                                    81 O   -1 0 0
  90 O    2     2.9016     5.4832   35 O    0 0 0   53 O   -1 0 0
  90 O    2     2.9128     5.5043    1 BA   0 1 1    7 BA   0 0 1

  91 O    2     1.9912     3.7628  109 TI   0 0 0  118 TI   0 0 0
  91 O    2     2.7890     5.2705   10 BA   0 0 0   13 BA   0 0 0
  91 O    2     2.7998     5.2908   28 O    0 0 0   37 O    0 0 0
  91 O    3     2.8067     5.3039   58 O    0 0 0   64 O    0 0 0   67 O    0 0 0
  91 O    1     2.8067     5.3039   55 O    0 0 0
  91 O    2     2.9016     5.4832   30 O    0 0-1   39 O    0 0-1

  92 O    2     1.9912     3.7628  110 TI   0 0 0  119 TI   0 0 0
  92 O    2     2.7890     5.2705   11 BA   0 0 0   14 BA   0 0 0
  92 O    2     2.7998     5.2908   29 O    0 0 0   38 O    0 0 0
  92 O    4     2.8067     5.3039   56 O    0 0 0   59 O    0 0 0   65 O    0 0 0
                                    68 O    0 0 0
  92 O    2     2.9016     5.4832   28 O    0 0 0   37 O    0 0 0
  92 O    2     2.9128     5.5043   12 BA   0 0 0   15 BA   0 0 0

  93 O    2     1.9912     3.7628  111 TI   0 0 0  120 TI   0 0 0
  93 O    2     2.7890     5.2705   12 BA   0 0 0   15 BA   0 0 0
  93 O    2     2.7998     5.2908   30 O    0 0 0   39 O    0 0 0
  93 O    4     2.8067     5.3039   57 O    0 0 0   60 O    0 0 0   66 O    0 0 0
                                    69 O    0 0 0
  93 O    2     2.9016     5.4832   29 O    0 0 0   38 O    0 0 0
  93 O    2     2.9128     5.5043   10 BA   0 0 1   13 BA   0 0 1

  94 O    2     1.9912     3.7628  112 TI   0 0 0  121 TI   0 0 0
  94 O    2     2.7890     5.2705   13 BA   0 0 0   16 BA   0 0 0
  94 O    2     2.7998     5.2908   31 O    0 0 0   40 O    0 0 0
  94 O    4     2.8067     5.3039   58 O    0 0 0   61 O    0 0 0   67 O    0 0 0
                                    70 O    0 0 0
  94 O    2     2.9016     5.4832   33 O    0 0-1   42 O    0 0-1
  94 O    2     2.9128     5.5043   14 BA   0 0 0   17 BA   0 0 0

  95 O    2     1.9912     3.7628  113 TI   0 0 0  122 TI   0 0 0
  95 O    2     2.7890     5.2705   14 BA   0 0 0   17 BA   0 0 0
  95 O    2     2.7998     5.2908   32 O    0 0 0   41 O    0 0 0
  95 O    4     2.8067     5.3039   59 O    0 0 0   62 O    0 0 0   68 O    0 0 0
                                    71 O    0 0 0
  95 O    2     2.9016     5.4832   31 O    0 0 0   40 O    0 0 0
  95 O    2     2.9128     5.5043   15 BA   0 0 0   18 BA   0 0 0

  96 O    2     1.9912     3.7628  114 TI   0 0 0  123 TI   0 0 0
  96 O    2     2.7890     5.2705   15 BA   0 0 0   18 BA   0 0 0
  96 O    2     2.7998     5.2908   33 O    0 0 0   42 O    0 0 0
  96 O    4     2.8067     5.3039   60 O    0 0 0   63 O    0 0 0   69 O    0 0 0
                                    72 O    0 0 0
  96 O    2     2.9016     5.4832   32 O    0 0 0   41 O    0 0 0
  96 O    2     2.9128     5.5043   13 BA   0 0 1   16 BA   0 0 1

  97 O    2     1.9912     3.7628  115 TI   0 0 0  124 TI   0 0 0
  97 O    2     2.7890     5.2705   10 BA   0 1 0   16 BA   0 0 0
  97 O    2     2.7998     5.2908   34 O    0 0 0   43 O    0 0 0
  97 O    3     2.8067     5.3039   61 O    0 0 0   64 O    0 1 0   70 O    0 0 0
  97 O    1     2.8067     5.3039   55 O    0 1 0
  97 O    2     2.9016     5.4832   36 O    0 0-1   45 O    0 0-1

  98 O    2     1.9912     3.7628  116 TI   0 0 0  125 TI   0 0 0
  98 O    2     2.7890     5.2705   11 BA   0 1 0   17 BA   0 0 0
  98 O    2     2.7998     5.2908   35 O    0 0 0   44 O    0 0 0
  98 O    4     2.8067     5.3039   56 O    0 1 0   62 O    0 0 0   65 O    0 1 0
                                    71 O    0 0 0
  98 O    2     2.9016     5.4832   34 O    0 0 0   43 O    0 0 0
  98 O    2     2.9128     5.5043   12 BA   0 1 0   18 BA   0 0 0

  99 O    2     1.9912     3.7628  117 TI   0 0 0  126 TI   0 0 0
  99 O    2     2.7890     5.2705   12 BA   0 1 0   18 BA   0 0 0
  99 O    2     2.7998     5.2908   36 O    0 0 0   45 O    0 0 0
  99 O    4     2.8067     5.3039   57 O    0 1 0   63 O    0 0 0   66 O    0 1 0
                                    72 O    0 0 0
  99 O    2     2.9016     5.4832   35 O    0 0 0   44 O    0 0 0
  99 O    2     2.9128     5.5043   10 BA   0 1 1   16 BA   0 0 1

 100 O    2     1.9912     3.7628  118 TI   0 0 0  127 TI   0 0 0
 100 O    2     2.7890     5.2705   19 BA   0 0 0   22 BA   0 0 0
 100 O    2     2.7998     5.2908   37 O    0 0 0   46 O    0 0 0
 100 O    4     2.8067     5.3039   64 O    0 0 0   67 O    0 0 0   73 O    0 0 0
                                    76 O    0 0 0
 100 O    2     2.9016     5.4832   39 O    0 0-1   48 O    0 0-1
 100 O    2     2.9128     5.5043   20 BA   0 0 0   23 BA   0 0 0

 101 O    2     1.9912     3.7628  119 TI   0 0 0  128 TI   0 0 0
 101 O    2     2.7890     5.2705   20 BA   0 0 0   23 BA   0 0 0
 101 O    2     2.7998     5.2908   38 O    0 0 0   47 O    0 0 0
 101 O    4     2.8067     5.3039   65 O    0 0 0   68 O    0 0 0   74 O    0 0 0
                                    77 O    0 0 0
 101 O    2     2.9016     5.4832   37 O    0 0 0   46 O    0 0 0
 101 O    2     2.9128     5.5043   21 BA   0 0 0   24 BA   0 0 0

 102 O    2     1.9912     3.7628  120 TI   0 0 0  129 TI   0 0 0
 102 O    2     2.7890     5.2705   21 BA   0 0 0   24 BA   0 0 0
 102 O    2     2.7998     5.2908   39 O    0 0 0   48 O    0 0 0
 102 O    4     2.8067     5.3039   66 O    0 0 0   69 O    0 0 0   75 O    0 0 0
                                    78 O    0 0 0
 102 O    2     2.9016     5.4832   38 O    0 0 0   47 O    0 0 0
 102 O    2     2.9128     5.5043   19 BA   0 0 1   22 BA   0 0 1

 103 O    2     1.9912     3.7628  121 TI   0 0 0  130 TI   0 0 0
 103 O    2     2.7890     5.2705   22 BA   0 0 0   25 BA   0 0 0
 103 O    2     2.7998     5.2908   40 O    0 0 0   49 O    0 0 0
 103 O    4     2.8067     5.3039   67 O    0 0 0   70 O    0 0 0   76 O    0 0 0
                                    79 O    0 0 0
 103 O    2     2.9016     5.4832   42 O    0 0-1   51 O    0 0-1
 103 O    2     2.9128     5.5043   23 BA   0 0 0   26 BA   0 0 0

 104 O    2     1.9912     3.7628  122 TI   0 0 0  131 TI   0 0 0
 104 O    2     2.7890     5.2705   23 BA   0 0 0   26 BA   0 0 0
 104 O    2     2.7998     5.2908   41 O    0 0 0   50 O    0 0 0
 104 O    4     2.8067     5.3039   68 O    0 0 0   71 O    0 0 0   77 O    0 0 0
                                    80 O    0 0 0
 104 O    2     2.9016     5.4832   40 O    0 0 0   49 O    0 0 0
 104 O    2     2.9128     5.5043   24 BA   0 0 0   27 BA   0 0 0

 105 O    2     1.9912     3.7628  123 TI   0 0 0  132 TI   0 0 0
 105 O    2     2.7890     5.2705   24 BA   0 0 0   27 BA   0 0 0
 105 O    2     2.7998     5.2908   42 O    0 0 0   51 O    0 0 0
 105 O    4     2.8067     5.3039   69 O    0 0 0   72 O    0 0 0   78 O    0 0 0
                                    81 O    0 0 0
 105 O    2     2.9016     5.4832   41 O    0 0 0   50 O    0 0 0
 105 O    2     2.9128     5.5043   22 BA   0 0 1   25 BA   0 0 1

 106 O    2     1.9912     3.7628  124 TI   0 0 0  133 TI   0 0 0
 106 O    2     2.7890     5.2705   19 BA   0 1 0   25 BA   0 0 0
 106 O    2     2.7998     5.2908   43 O    0 0 0   52 O    0 0 0
 106 O    4     2.8067     5.3039   64 O    0 1 0   70 O    0 0 0   73 O    0 1 0
                                    79 O    0 0 0
 106 O    2     2.9016     5.4832   45 O    0 0-1   54 O    0 0-1
 106 O    2     2.9128     5.5043   20 BA   0 1 0   26 BA   0 0 0

 107 O    2     1.9912     3.7628  125 TI   0 0 0  134 TI   0 0 0
 107 O    2     2.7890     5.2705   20 BA   0 1 0   26 BA   0 0 0
 107 O    2     2.7998     5.2908   44 O    0 0 0   53 O    0 0 0
 107 O    4     2.8067     5.3039   65 O    0 1 0   71 O    0 0 0   74 O    0 1 0
                                    80 O    0 0 0
 107 O    2     2.9016     5.4832   43 O    0 0 0   52 O    0 0 0
 107 O    2     2.9128     5.5043   21 BA   0 1 0   27 BA   0 0 0

 108 O    2     1.9912     3.7628  126 TI   0 0 0  135 TI   0 0 0
 108 O    2     2.7890     5.2705   21 BA   0 1 0   27 BA   0 0 0
 108 O    2     2.7998     5.2908   45 O    0 0 0   54 O    0 0 0
 108 O    4     2.8067     5.3039   66 O    0 1 0   72 O    0 0 0   75 O    0 1 0
                                    81 O    0 0 0
 108 O    2     2.9016     5.4832   44 O    0 0 0   53 O    0 0 0
 108 O    2     2.9128     5.5043   19 BA   0 1 1   25 BA   0 0 1

 109 TI   1     1.8132     3.4264   28 O    0 0 0
 109 TI   1     1.9904     3.7613   55 O    0 0 0
 109 TI   3     1.9912     3.7628   58 O    0 0 0   82 O    0 0 0   91 O    0 0 0
 109 TI   1     2.2784     4.3056   30 O    0 0-1
 109 TI   4     3.4292     6.4803    2 BA   0 0 0    5 BA   0 0 0   11 BA   0 0 0
                                    14 BA   0 0 0
 109 TI   4     3.5181     6.6483    1 BA   0 0 0    4 BA   0 0 0   10 BA   0 0 0
                                    13 BA   0 0 0

 110 TI   1     1.8132     3.4264   29 O    0 0 0
 110 TI   4     1.9912     3.7628   56 O    0 0 0   59 O    0 0 0   83 O    0 0 0
                                    92 O    0 0 0
 110 TI   1     2.2784     4.3056   28 O    0 0 0
 110 TI   4     3.4292     6.4803    3 BA   0 0 0    6 BA   0 0 0   12 BA   0 0 0
                                    15 BA   0 0 0
 110 TI   4     3.5181     6.6483    2 BA   0 0 0    5 BA   0 0 0   11 BA   0 0 0
                                    14 BA   0 0 0
 110 TI   4     3.9692     7.5008  113 TI   0 0 0  116 TI   0-1 0  119 TI   0 0 0
                                   128 TI  -1 0 0

 111 TI   1     1.8132     3.4264   30 O    0 0 0
 111 TI   4     1.9912     3.7628   57 O    0 0 0   60 O    0 0 0   84 O    0 0 0
                                    93 O    0 0 0
 111 TI   1     2.2784     4.3056   29 O    0 0 0
 111 TI   4     3.4292     6.4803    1 BA   0 0 1    4 BA   0 0 1   10 BA   0 0 1
                                    13 BA   0 0 1
 111 TI   4     3.5181     6.6483    3 BA   0 0 0    6 BA   0 0 0   12 BA   0 0 0
                                    15 BA   0 0 0
 111 TI   4     3.9692     7.5008  114 TI   0 0 0  117 TI   0-1 0  120 TI   0 0 0
                                   129 TI  -1 0 0

 112 TI   1     1.8132     3.4264   31 O    0 0 0
 112 TI   4     1.9912     3.7628   58 O    0 0 0   61 O    0 0 0   85 O    0 0 0
                                    94 O    0 0 0
 112 TI   1     2.2784     4.3056   33 O    0 0-1
 112 TI   4     3.4292     6.4803    5 BA   0 0 0    8 BA   0 0 0   14 BA   0 0 0
                                    17 BA   0 0 0
 112 TI   4     3.5181     6.6483    4 BA   0 0 0    7 BA   0 0 0   13 BA   0 0 0
                                    16 BA   0 0 0
 112 TI   4     3.9692     7.5008  109 TI   0 0 0  115 TI   0 0 0  121 TI   0 0 0
                                   130 TI  -1 0 0

 113 TI   1     1.8132     3.4264   32 O    0 0 0
 113 TI   4     1.9912     3.7628   59 O    0 0 0   62 O    0 0 0   86 O    0 0 0
                                    95 O    0 0 0
 113 TI   1     2.2784     4.3056   31 O    0 0 0
 113 TI   4     3.4292     6.4803    6 BA   0 0 0    9 BA   0 0 0   15 BA   0 0 0
                                    18 BA   0 0 0
 113 TI   4     3.5181     6.6483    5 BA   0 0 0    8 BA   0 0 0   14 BA   0 0 0
                                    17 BA   0 0 0
 113 TI   4     3.9692     7.5008  110 TI   0 0 0  116 TI   0 0 0  122 TI   0 0 0
                                   131 TI  -1 0 0

 114 TI   1     1.8132     3.4264   33 O    0 0 0
 114 TI   4     1.9912     3.7628   60 O    0 0 0   63 O    0 0 0   87 O    0 0 0
                                    96 O    0 0 0
 114 TI   1     2.2784     4.3056   32 O    0 0 0
 114 TI   4     3.4292     6.4803    4 BA   0 0 1    7 BA   0 0 1   13 BA   0 0 1
                                    16 BA   0 0 1
 114 TI   4     3.5181     6.6483    6 BA   0 0 0    9 BA   0 0 0   15 BA   0 0 0
                                    18 BA   0 0 0
 114 TI   4     3.9692     7.5008  111 TI   0 0 0  117 TI   0 0 0  123 TI   0 0 0
                                   132 TI  -1 0 0

 115 TI   1     1.8132     3.4264   34 O    0 0 0
 115 TI   1     1.9904     3.7613   55 O    0 1 0
 115 TI   3     1.9912     3.7628   61 O    0 0 0   88 O    0 0 0   97 O    0 0 0
 115 TI   1     2.2784     4.3056   36 O    0 0-1
 115 TI   4     3.4292     6.4803    2 BA   0 1 0    8 BA   0 0 0   11 BA   0 1 0
                                    17 BA   0 0 0
 115 TI   4     3.5181     6.6483    1 BA   0 1 0    7 BA   0 0 0   10 BA   0 1 0
                                    16 BA   0 0 0

 116 TI   1     1.8132     3.4264   35 O    0 0 0
 116 TI   4     1.9912     3.7628   56 O    0 1 0   62 O    0 0 0   89 O    0 0 0
                                    98 O    0 0 0
 116 TI   1     2.2784     4.3056   34 O    0 0 0
 116 TI   4     3.4292     6.4803    3 BA   0 1 0    9 BA   0 0 0   12 BA   0 1 0
                                    18 BA   0 0 0
 116 TI   4     3.5181     6.6483    2 BA   0 1 0    8 BA   0 0 0   11 BA   0 1 0
                                    17 BA   0 0 0
 116 TI   4     3.9692     7.5008  110 TI   0 1 0  113 TI   0 0 0  125 TI   0 0 0
                                   134 TI  -1 0 0

 117 TI   1     1.8132     3.4264   36 O    0 0 0
 117 TI   4     1.9912     3.7628   57 O    0 1 0   63 O    0 0 0   90 O    0 0 0
                                    99 O    0 0 0
 117 TI   1     2.2784     4.3056   35 O    0 0 0
 117 TI   4     3.4292     6.4803    1 BA   0 1 1    7 BA   0 0 1   10 BA   0 1 1
                                    16 BA   0 0 1
 117 TI   4     3.5181     6.6483    3 BA   0 1 0    9 BA   0 0 0   12 BA   0 1 0
                                    18 BA   0 0 0
 117 TI   4     3.9692     7.5008  111 TI   0 1 0  114 TI   0 0 0  126 TI   0 0 0
                                   135 TI  -1 0 0

 118 TI   1     1.8132     3.4264   37 O    0 0 0
 118 TI   4     1.9912     3.7628   64 O    0 0 0   67 O    0 0 0   91 O    0 0 0
                                   100 O    0 0 0
 118 TI   1     2.2784     4.3056   39 O    0 0-1
 118 TI   4     3.4292     6.4803   11 BA   0 0 0   14 BA   0 0 0   20 BA   0 0 0
                                    23 BA   0 0 0
 118 TI   4     3.5181     6.6483   10 BA   0 0 0   13 BA   0 0 0   19 BA   0 0 0
                                    22 BA   0 0 0
 118 TI   4     3.9692     7.5008  109 TI   0 0 0  121 TI   0 0 0  124 TI   0-1 0
                                   127 TI   0 0 0

 119 TI   1     1.8132     3.4264   38 O    0 0 0
 119 TI   4     1.9912     3.7628   65 O    0 0 0   68 O    0 0 0   92 O    0 0 0
                                   101 O    0 0 0
 119 TI   1     2.2784     4.3056   37 O    0 0 0
 119 TI   4     3.4292     6.4803   12 BA   0 0 0   15 BA   0 0 0   21 BA   0 0 0
                                    24 BA   0 0 0
 119 TI   4     3.5181     6.6483   11 BA   0 0 0   14 BA   0 0 0   20 BA   0 0 0
                                    23 BA   0 0 0
 119 TI   4     3.9692     7.5008  110 TI   0 0 0  122 TI   0 0 0  125 TI   0-1 0
                                   128 TI   0 0 0

 120 TI   1     1.8132     3.4264   39 O    0 0 0
 120 TI   4     1.9912     3.7628   66 O    0 0 0   69 O    0 0 0   93 O    0 0 0
                                   102 O    0 0 0
 120 TI   1     2.2784     4.3056   38 O    0 0 0
 120 TI   4     3.4292     6.4803   10 BA   0 0 1   13 BA   0 0 1   19 BA   0 0 1
                                    22 BA   0 0 1
 120 TI   4     3.5181     6.6483   12 BA   0 0 0   15 BA   0 0 0   21 BA   0 0 0
                                    24 BA   0 0 0
 120 TI   4     3.9692     7.5008  111 TI   0 0 0  123 TI   0 0 0  126 TI   0-1 0
                                   129 TI   0 0 0

 121 TI   1     1.8132     3.4264   40 O    0 0 0
 121 TI   4     1.9912     3.7628   67 O    0 0 0   70 O    0 0 0   94 O    0 0 0
                                   103 O    0 0 0
 121 TI   1     2.2784     4.3056   42 O    0 0-1
 121 TI   4     3.4292     6.4803   14 BA   0 0 0   17 BA   0 0 0   23 BA   0 0 0
                                    26 BA   0 0 0
 121 TI   4     3.5181     6.6483   13 BA   0 0 0   16 BA   0 0 0   22 BA   0 0 0
                                    25 BA   0 0 0
 121 TI   4     3.9692     7.5008  112 TI   0 0 0  118 TI   0 0 0  124 TI   0 0 0
                                   130 TI   0 0 0

 122 TI   1     1.8132     3.4264   41 O    0 0 0
 122 TI   4     1.9912     3.7628   68 O    0 0 0   71 O    0 0 0   95 O    0 0 0
                                   104 O    0 0 0
 122 TI   1     2.2784     4.3056   40 O    0 0 0
 122 TI   4     3.4292     6.4803   15 BA   0 0 0   18 BA   0 0 0   24 BA   0 0 0
                                    27 BA   0 0 0
 122 TI   4     3.5181     6.6483   14 BA   0 0 0   17 BA   0 0 0   23 BA   0 0 0
                                    26 BA   0 0 0
 122 TI   4     3.9692     7.5008  113 TI   0 0 0  119 TI   0 0 0  125 TI   0 0 0
                                   131 TI   0 0 0

 123 TI   1     1.8132     3.4264   42 O    0 0 0
 123 TI   4     1.9912     3.7628   69 O    0 0 0   72 O    0 0 0   96 O    0 0 0
                                   105 O    0 0 0
 123 TI   1     2.2784     4.3056   41 O    0 0 0
 123 TI   4     3.4292     6.4803   13 BA   0 0 1   16 BA   0 0 1   22 BA   0 0 1
                                    25 BA   0 0 1
 123 TI   4     3.5181     6.6483   15 BA   0 0 0   18 BA   0 0 0   24 BA   0 0 0
                                    27 BA   0 0 0
 123 TI   4     3.9692     7.5008  114 TI   0 0 0  120 TI   0 0 0  126 TI   0 0 0
                                   132 TI   0 0 0

 124 TI   1     1.8132     3.4264   43 O    0 0 0
 124 TI   4     1.9912     3.7628   64 O    0 1 0   70 O    0 0 0   97 O    0 0 0
                                   106 O    0 0 0
 124 TI   1     2.2784     4.3056   45 O    0 0-1
 124 TI   4     3.4292     6.4803   11 BA   0 1 0   17 BA   0 0 0   20 BA   0 1 0
                                    26 BA   0 0 0
 124 TI   4     3.5181     6.6483   10 BA   0 1 0   16 BA   0 0 0   19 BA   0 1 0
                                    25 BA   0 0 0
 124 TI   4     3.9692     7.5008  115 TI   0 0 0  118 TI   0 1 0  121 TI   0 0 0
                                   133 TI   0 0 0

 125 TI   1     1.8132     3.4264   44 O    0 0 0
 125 TI   4     1.9912     3.7628   65 O    0 1 0   71 O    0 0 0   98 O    0 0 0
                                   107 O    0 0 0
 125 TI   1     2.2784     4.3056   43 O    0 0 0
 125 TI   4     3.4292     6.4803   12 BA   0 1 0   18 BA   0 0 0   21 BA   0 1 0
                                    27 BA   0 0 0
 125 TI   4     3.5181     6.6483   11 BA   0 1 0   17 BA   0 0 0   20 BA   0 1 0
                                    26 BA   0 0 0
 125 TI   4     3.9692     7.5008  116 TI   0 0 0  119 TI   0 1 0  122 TI   0 0 0
                                   134 TI   0 0 0

 126 TI   1     1.8132     3.4264   45 O    0 0 0
 126 TI   4     1.9912     3.7628   66 O    0 1 0   72 O    0 0 0   99 O    0 0 0
                                   108 O    0 0 0
 126 TI   1     2.2784     4.3056   44 O    0 0 0
 126 TI   4     3.4292     6.4803   10 BA   0 1 1   16 BA   0 0 1   19 BA   0 1 1
                                    25 BA   0 0 1
 126 TI   4     3.5181     6.6483   12 BA   0 1 0   18 BA   0 0 0   21 BA   0 1 0
                                    27 BA   0 0 0
 126 TI   4     3.9692     7.5008  117 TI   0 0 0  120 TI   0 1 0  123 TI   0 0 0
                                   135 TI   0 0 0

 127 TI   1     1.8132     3.4264   46 O    0 0 0
 127 TI   4     1.9912     3.7628   73 O    0 0 0   76 O    0 0 0   82 O    1 0 0
                                   100 O    0 0 0
 127 TI   1     2.2784     4.3056   48 O    0 0-1
 127 TI   4     3.4292     6.4803    2 BA   1 0 0    5 BA   1 0 0   20 BA   0 0 0
                                    23 BA   0 0 0
 127 TI   4     3.5181     6.6483    1 BA   1 0 0    4 BA   1 0 0   19 BA   0 0 0
                                    22 BA   0 0 0
 127 TI   4     3.9692     7.5008  109 TI   1 0 0  118 TI   0 0 0  130 TI   0 0 0
                                   133 TI   0-1 0

 128 TI   1     1.8132     3.4264   47 O    0 0 0
 128 TI   4     1.9912     3.7628   74 O    0 0 0   77 O    0 0 0   83 O    1 0 0
                                   101 O    0 0 0
 128 TI   1     2.2784     4.3056   46 O    0 0 0
 128 TI   4     3.4292     6.4803    3 BA   1 0 0    6 BA   1 0 0   21 BA   0 0 0
                                    24 BA   0 0 0
 128 TI   4     3.5181     6.6483    2 BA   1 0 0    5 BA   1 0 0   20 BA   0 0 0
                                    23 BA   0 0 0
 128 TI   4     3.9692     7.5008  110 TI   1 0 0  119 TI   0 0 0  131 TI   0 0 0
                                   134 TI   0-1 0

 129 TI   1     1.8132     3.4264   48 O    0 0 0
 129 TI   4     1.9912     3.7628   75 O    0 0 0   78 O    0 0 0   84 O    1 0 0
                                   102 O    0 0 0
 129 TI   1     2.2784     4.3056   47 O    0 0 0
 129 TI   4     3.4292     6.4803    1 BA   1 0 1    4 BA   1 0 1   19 BA   0 0 1
                                    22 BA   0 0 1
 129 TI   4     3.5181     6.6483    3 BA   1 0 0    6 BA   1 0 0   21 BA   0 0 0
                                    24 BA   0 0 0
 129 TI   4     3.9692     7.5008  111 TI   1 0 0  120 TI   0 0 0  132 TI   0 0 0
                                   135 TI   0-1 0

 130 TI   1     1.8132     3.4264   49 O    0 0 0
 130 TI   4     1.9912     3.7628   76 O    0 0 0   79 O    0 0 0   85 O    1 0 0
                                   103 O    0 0 0
 130 TI   1     2.2784     4.3056   51 O    0 0-1
 130 TI   4     3.4292     6.4803    5 BA   1 0 0    8 BA   1 0 0   23 BA   0 0 0
                                    26 BA   0 0 0
 130 TI   4     3.5181     6.6483    4 BA   1 0 0    7 BA   1 0 0   22 BA   0 0 0
                                    25 BA   0 0 0
 130 TI   4     3.9692     7.5008  112 TI   1 0 0  121 TI   0 0 0  127 TI   0 0 0
                                   133 TI   0 0 0

 131 TI   1     1.8132     3.4264   50 O    0 0 0
 131 TI   4     1.9912     3.7628   77 O    0 0 0   80 O    0 0 0   86 O    1 0 0
                                   104 O    0 0 0
 131 TI   1     2.2784     4.3056   49 O    0 0 0
 131 TI   4     3.4292     6.4803    6 BA   1 0 0    9 BA   1 0 0   24 BA   0 0 0
                                    27 BA   0 0 0
 131 TI   4     3.5181     6.6483    5 BA   1 0 0    8 BA   1 0 0   23 BA   0 0 0
                                    26 BA   0 0 0
 131 TI   4     3.9692     7.5008  113 TI   1 0 0  122 TI   0 0 0  128 TI   0 0 0
                                   134 TI   0 0 0

 132 TI   1     1.8132     3.4264   51 O    0 0 0
 132 TI   4     1.9912     3.7628   78 O    0 0 0   81 O    0 0 0   87 O    1 0 0
                                   105 O    0 0 0
 132 TI   1     2.2784     4.3056   50 O    0 0 0
 132 TI   4     3.4292     6.4803    4 BA   1 0 1    7 BA   1 0 1   22 BA   0 0 1
                                    25 BA   0 0 1
 132 TI   4     3.5181     6.6483    6 BA   1 0 0    9 BA   1 0 0   24 BA   0 0 0
                                    27 BA   0 0 0
 132 TI   4     3.9692     7.5008  114 TI   1 0 0  123 TI   0 0 0  129 TI   0 0 0
                                   135 TI   0 0 0

 133 TI   1     1.8132     3.4264   52 O    0 0 0
 133 TI   4     1.9912     3.7628   73 O    0 1 0   79 O    0 0 0   88 O    1 0 0
                                   106 O    0 0 0
 133 TI   1     2.2784     4.3056   54 O    0 0-1
 133 TI   4     3.4292     6.4803    2 BA   1 1 0    8 BA   1 0 0   20 BA   0 1 0
                                    26 BA   0 0 0
 133 TI   4     3.5181     6.6483    1 BA   1 1 0    7 BA   1 0 0   19 BA   0 1 0
                                    25 BA   0 0 0
 133 TI   4     3.9692     7.5008  115 TI   1 0 0  124 TI   0 0 0  127 TI   0 1 0
                                   130 TI   0 0 0

 134 TI   1     1.8132     3.4264   53 O    0 0 0
 134 TI   4     1.9912     3.7628   74 O    0 1 0   80 O    0 0 0   89 O    1 0 0
                                   107 O    0 0 0
 134 TI   1     2.2784     4.3056   52 O    0 0 0
 134 TI   4     3.4292     6.4803    3 BA   1 1 0    9 BA   1 0 0   21 BA   0 1 0
                                    27 BA   0 0 0
 134 TI   4     3.5181     6.6483    2 BA   1 1 0    8 BA   1 0 0   20 BA   0 1 0
                                    26 BA   0 0 0
 134 TI   4     3.9692     7.5008  116 TI   1 0 0  125 TI   0 0 0  128 TI   0 1 0
                                   131 TI   0 0 0

 135 TI   1     1.8132     3.4264   54 O    0 0 0
 135 TI   4     1.9912     3.7628   75 O    0 1 0   81 O    0 0 0   90 O    1 0 0
                                   108 O    0 0 0
 135 TI   1     2.2784     4.3056   53 O    0 0 0
 135 TI   4     3.4292     6.4803    1 BA   1 1 1    7 BA   1 0 1   19 BA   0 1 1
                                    25 BA   0 0 1
 135 TI   4     3.5181     6.6483    3 BA   1 1 0    9 BA   1 0 0   21 BA   0 1 0
                                    27 BA   0 0 0
 135 TI   4     3.9692     7.5008  117 TI   1 0 0  126 TI   0 0 0  129 TI   0 1 0
                                   132 TI   0 0 0


 SYMMETRY ALLOWED INTERNAL DEGREE(S) OF FREEDOM: 402
 TTTTTTTTTTTTTTTTTTTTTTTTTTTTTT SYMM        TELAPSE        2.79 TCPU        2.34
 TTTTTTTTTTTTTTTTTTTTTTTTTTTTTT INT_SCREEN  TELAPSE        2.93 TCPU        2.48

 DFT PARAMETERS

     ATOM       ELECTRONS   NET CHARGE   R(ANGSTROM)
   1 256  BA     10.0000      0.0000     2.24000000
  28   8  O       8.0000      0.0000     0.74000000
 109  22  TI     22.0000      0.0000     1.47000000

 SIZE OF GRID=    2838105
 TTTTTTTTTTTTTTTTTTTTTTTTTTTTTT MAKE_GRID2  TELAPSE       43.80 TCPU       43.35
 BECKE WEIGHT FUNCTION
 RADSAFE =     2.00
 TOLERANCES - DENSITY:10**- 6; POTENTIAL:10**- 9; GRID WGT:10**-14

 RADIAL INTEGRATION  - INTERVALS (POINTS,UPPER LIMIT):            1( 75,  4.0*R)

 ANGULAR INTEGRATION - INTERVALS (ACCURACY LEVEL [N. POINTS] UPPER LIMIT):
  1(  4[  86]   0.2)  2(  8[ 194]   0.5)  3( 12[ 350]   0.9)  4( 16[ 974]   3.5)
  5( 12[ 350]9999.0)
 TTTTTTTTTTTTTTTTTTTTTTTTTTTTTT INT_CALC    TELAPSE       43.90 TCPU       43.45
 EEEEEEEEEE INT_CALC TERMINATION  DATE 25 03 2026 TIME 16:54:36.0

 *******************************************************************************
 converted and standardized from ase Atoms() object for Ba27Ti27O81 in space grou
 CRYSTAL - SCF - TYPE OF CALCULATION :  RESTRICTED CLOSED SHELL
 *******************************************************************************

 CAPPA:IS1  2;IS2  2;IS3  2; K PTS MONK NET   8; SYMMOPS:K SPACE   2;G SPACE   1

 TTTTTTTTTTTTTTTTTTTTTTTTTTTTTT SDIK        TELAPSE       46.25 TCPU       45.78

 AAAAAAAAAAAAAAAAAAAAAAAAAAAAAAAAAAAAAAAAAAAAAAAAAAAAAAAAAAAAAAAAAAAAAAAAAAAAAAA
         ATOMIC WAVEFUNCTION(S)


 NUCLEAR CHARGE 10.0  SYMMETRY SPECIES            S    P
 N. ELECTRONS   10.0  NUMBER OF PRIMITIVE GTOS    5    5
                      NUMBER OF CONTRACTED GTOS   3    2
                      NUMBER OF CLOSED SHELLS     2    1
                      OPEN SHELL OCCUPATION       0    0

  ZNUC  SCFIT    TOTAL HF ENERGY   KINETIC ENERGY   VIRIAL THEOREM             ACCURACY
  10.0     4    -2.474305552E+01  8.075374960E+00 -4.064013205E+00  1.0E-06

 NUCLEAR CHARGE  8.0  SYMMETRY SPECIES            S    P
 N. ELECTRONS    8.0  NUMBER OF PRIMITIVE GTOS   10    6
                      NUMBER OF CONTRACTED GTOS   4    3
                      NUMBER OF CLOSED SHELLS     2    0
                      OPEN SHELL OCCUPATION       0    4

  ZNUC  SCFIT    TOTAL HF ENERGY   KINETIC ENERGY   VIRIAL THEOREM             ACCURACY
   8.0    13    -7.480154908E+01  7.478929754E+01 -2.000163814E+00  2.2E-06

 NUCLEAR CHARGE 22.0  SYMMETRY SPECIES            S    P    D
 N. ELECTRONS   22.0  NUMBER OF PRIMITIVE GTOS   17   11    6
                      NUMBER OF CONTRACTED GTOS   6    4    3
                      NUMBER OF CLOSED SHELLS     4    2    0
                      OPEN SHELL OCCUPATION       0    0    2

  ZNUC  SCFIT    TOTAL HF ENERGY   KINETIC ENERGY   VIRIAL THEOREM             ACCURACY
  22.0    51    -8.483283897E+02  8.486954851E+02 -1.999567459E+00  4.0E-06

 AAAAAAAAAAAAAAAAAAAAAAAAAAAAAAAAAAAAAAAAAAAAAAAAAAAAAAAAAAAAAAAAAAAAAAAAAAAAAAA

 CHARGE NORMALIZATION FACTOR   1.00000000
 TOTAL ATOMIC CHARGES:
  10.0000000  10.0000000  10.0000000  10.0000000  10.0000000  10.0000000
  10.0000000  10.0000000  10.0000000  10.0000000  10.0000000  10.0000000
  10.0000000  10.0000000  10.0000000  10.0000000  10.0000000  10.0000000
  10.0000000  10.0000000  10.0000000  10.0000000  10.0000000  10.0000000
  10.0000000  10.0000000  10.0000000   8.0000000   8.0000000   8.0000000
   8.0000000   8.0000000   8.0000000   8.0000000   8.0000000   8.0000000
   8.0000000   8.0000000   8.0000000   8.0000000   8.0000000   8.0000000
   8.0000000   8.0000000   8.0000000   8.0000000   8.0000000   8.0000000
   8.0000000   8.0000000   8.0000000   8.0000000   8.0000000   8.0000000
   8.0000000   8.0000000   8.0000000   8.0000000   8.0000000   8.0000000
   8.0000000   8.0000000   8.0000000   8.0000000   8.0000000   8.0000000
   8.0000000   8.0000000   8.0000000   8.0000000   8.0000000   8.0000000
   8.0000000   8.0000000   8.0000000   8.0000000   8.0000000   8.0000000
   8.0000000   8.0000000   8.0000000   8.0000000   8.0000000   8.0000000
   8.0000000   8.0000000   8.0000000   8.0000000   8.0000000   8.0000000
   8.0000000   8.0000000   8.0000000   8.0000000   8.0000000   8.0000000
   8.0000000   8.0000000   8.0000000   8.0000000   8.0000000   8.0000000
   8.0000000   8.0000000   8.0000000   8.0000000   8.0000000   8.0000000
  22.0000000  22.0000000  22.0000000  22.0000000  22.0000000  22.0000000
  22.0000000  22.0000000  22.0000000  22.0000000  22.0000000  22.0000000
  22.0000000  22.0000000  22.0000000  22.0000000  22.0000000  22.0000000
  22.0000000  22.0000000  22.0000000  22.0000000  22.0000000  22.0000000
  22.0000000  22.0000000  22.0000000
 TTTTTTTTTTTTTTTTTTTTTTTTTTTTTT MOQGAD      TELAPSE       46.36 TCPU       45.89
 TTTTTTTTTTTTTTTTTTTTTTTTTTTTTT SHELLXN     TELAPSE      553.17 TCPU      552.64
 TTTTTTTTTTTTTTTTTTTTTTTTTTTTTT MONMO3      TELAPSE      564.94 TCPU      564.40
 NUMERICALLY INTEGRATED DENSITY   1511.9942823035
 TTTTTTTTTTTTTTTTTTTTTTTTTTTTTT NUMDFT      TELAPSE      589.60 TCPU      589.06
 CYC   0 ETOT(AU) -2.971191315223E+04 DETOT -2.97E+04 tst  0.00E+00 PX  1.00E+00
 TTTTTTTTTTTTTTTTTTTTTTTTTTTTTT DIIS        TELAPSE      589.92 TCPU      589.38
 TTTTTTTTTTTTTTTTTTTTTTTTTTTTTT FDIK        TELAPSE      605.20 TCPU      604.58
 INSULATING STATE
 TOP OF VALENCE BANDS -    BAND    756; K    8; EIG -3.4808632E-01 AU
 TOP OF VALENCE BANDS -    BAND    756; K    1; EIG -3.5374323E-01 AU
 BOTTOM OF VIRTUAL BANDS - BAND    757; K    1; EIG -8.3602653E-02 AU
 INDIRECT ENERGY BAND GAP:   7.1970 eV
 TTTTTTTTTTTTTTTTTTTTTTTTTTTTTT PDIG        TELAPSE      607.60 TCPU      606.99
 CHARGE NORMALIZATION FACTOR   1.00000000
 TOTAL ATOMIC CHARGES:
   8.1654538   8.1658518   8.1656869   8.1656848   8.1656937   8.1656875
   8.1656848   8.1656937   8.1656874   8.1654538   8.1658518   8.1656869
   8.1656849   8.1656937   8.1656874   8.1656849   8.1656938   8.1656874
   8.1656879   8.1656853   8.1656869   8.1656868   8.1656875   8.1656874
   8.1656868   8.1656876   8.1656874   9.4558787   9.4556900   9.4555416
   9.4556883   9.4556906   9.4556886   9.4558786   9.4556900   9.4555416
   9.4556926   9.4556911   9.4556824   9.4556911   9.4556911   9.4556882
   9.4556926   9.4556912   9.4556824   9.4556926   9.4556911   9.4556824
   9.4556911   9.4556911   9.4556882   9.4556927   9.4556912   9.4556824
   9.4792861   9.4798496   9.4798506   9.4797826   9.4798556   9.4798485
   9.4797826   9.4798556   9.4798485   9.4798488   9.4798722   9.4798277
   9.4798496   9.4798497   9.4798505   9.4798496   9.4798497   9.4798505
   9.4798488   9.4798722   9.4798277   9.4798495   9.4798497   9.4798504
   9.4798496   9.4798497   9.4798504   9.4798286   9.4798521   9.4798475
   9.4798475   9.4798489   9.4798506   9.4798287   9.4798521   9.4798475
   9.4798286   9.4798521   9.4798475   9.4798475   9.4798489   9.4798506
   9.4798287   9.4798521   9.4798475   9.4798407   9.4798495   9.4798505
   9.4798502   9.4798494   9.4798505   9.4798407   9.4798495   9.4798506
  19.4194024  19.4189216  19.4188930  19.4188983  19.4189254  19.4189216
  19.4194023  19.4189217  19.4188930  19.4189201  19.4189262  19.4189191
  19.4189232  19.4189229  19.4189232  19.4189202  19.4189262  19.4189190
  19.4189201  19.4189261  19.4189190  19.4189232  19.4189229  19.4189233
  19.4189200  19.4189262  19.4189190
 TTTTTTTTTTTTTTTTTTTTTTTTTTTTTT MOQGAD      TELAPSE      607.67 TCPU      607.05
 TTTTTTTTTTTTTTTTTTTTTTTTTTTTTT SHELLXN     TELAPSE     1135.51 TCPU     1134.77
 TTTTTTTTTTTTTTTTTTTTTTTTTTTTTT MONMO3      TELAPSE     1147.31 TCPU     1146.57
 NUMERICALLY INTEGRATED DENSITY   1511.9940056469
 TTTTTTTTTTTTTTTTTTTTTTTTTTTTTT NUMDFT      TELAPSE     1171.49 TCPU     1170.74
 CYC   1 ETOT(AU) -2.970527791947E+04 DETOT  6.64E+00 tst  0.00E+00 PX  1.00E+00
 TTTTTTTTTTTTTTTTTTTTTTTTTTTTTT DIIS        TELAPSE     1175.25 TCPU     1174.49
 DIIS TEST: 0.75791E+02 AT SCF   CYCLE   1 - MIX   80 %
 TTTTTTTTTTTTTTTTTTTTTTTTTTTTTT FDIK        TELAPSE     1190.89 TCPU     1190.07
 INSULATING STATE
 TOP OF VALENCE BANDS -    BAND    756; K    8; EIG -2.6039121E-01 AU
 TOP OF VALENCE BANDS -    BAND    756; K    1; EIG -2.7126739E-01 AU
 BOTTOM OF VIRTUAL BANDS - BAND    757; K    1; EIG -1.0188420E-01 AU
 INDIRECT ENERGY BAND GAP:   4.3132 eV
 TTTTTTTTTTTTTTTTTTTTTTTTTTTTTT PDIG        TELAPSE     1193.23 TCPU     1192.41
 CHARGE NORMALIZATION FACTOR   1.00000000
 TOTAL ATOMIC CHARGES:
   8.2539921   8.2540566   8.2540459   8.2540563   8.2540524   8.2540479
   8.2540563   8.2540525   8.2540479   8.2539921   8.2540566   8.2540458
   8.2540563   8.2540525   8.2540479   8.2540564   8.2540526   8.2540478
   8.2540632   8.2540377   8.2540470   8.2540482   8.2540500   8.2540491
   8.2540482   8.2540501   8.2540490   9.1907479   9.1909171   9.1909673
   9.1907756   9.1908506   9.1908193   9.1907479   9.1909171   9.1909673
   9.1907506   9.1908618   9.1908344   9.1907957   9.1908374   9.1908141
   9.1907506   9.1908618   9.1908344   9.1907506   9.1908618   9.1908344
   9.1907957   9.1908374   9.1908141   9.1907507   9.1908618   9.1908344
   9.2347206   9.2350082   9.2351424   9.2350829   9.2351237   9.2350753
   9.2350829   9.2351237   9.2350752   9.2351303   9.2350986   9.2351111
   9.2351169   9.2351122   9.2351003   9.2351169   9.2351122   9.2351003
   9.2351303   9.2350986   9.2351111   9.2351169   9.2351122   9.2351003
   9.2351169   9.2351122   9.2351002   9.2351478   9.2350818   9.2351079
   9.2351141   9.2351031   9.2351116   9.2351479   9.2350818   9.2351079
   9.2351478   9.2350818   9.2351078   9.2351141   9.2351031   9.2351116
   9.2351478   9.2350818   9.2351078   9.2351140   9.2351214   9.2350894
   9.2351167   9.2351121   9.2351059   9.2351140   9.2351214   9.2350894
  20.0852392  20.0848082  20.0848192  20.0849175  20.0849127  20.0849010
  20.0852391  20.0848083  20.0848193  20.0849320  20.0848870  20.0849247
  20.0849238  20.0849095  20.0849101  20.0849321  20.0848869  20.0849246
  20.0849320  20.0848869  20.0849246  20.0849238  20.0849095  20.0849101
  20.0849319  20.0848870  20.0849246
 TTTTTTTTTTTTTTTTTTTTTTTTTTTTTT MOQGAD      TELAPSE     1193.29 TCPU     1192.47
 TTTTTTTTTTTTTTTTTTTTTTTTTTTTTT SHELLXN     TELAPSE     1713.98 TCPU     1713.07
 TTTTTTTTTTTTTTTTTTTTTTTTTTTTTT MONMO3      TELAPSE     1725.80 TCPU     1724.89
 NUMERICALLY INTEGRATED DENSITY   1511.9930790328
 TTTTTTTTTTTTTTTTTTTTTTTTTTTTTT NUMDFT      TELAPSE     1750.25 TCPU     1749.34
 CYC   2 ETOT(AU) -2.971627013557E+04 DETOT -1.10E+01 tst  4.98E-03 PX  6.80E-02
 TTTTTTTTTTTTTTTTTTTTTTTTTTTTTT DIIS        TELAPSE     1754.10 TCPU     1753.18
 DIIS TEST: 0.14262E+02 AT SCF   CYCLE   2 - DIIS ACTIVE - HISTORY:     2 CYCLES
 TTTTTTTTTTTTTTTTTTTTTTTTTTTTTT FDIK        TELAPSE     1769.36 TCPU     1768.37
 INSULATING STATE
 TOP OF VALENCE BANDS -    BAND    756; K    8; EIG -1.5416709E-01 AU
 TOP OF VALENCE BANDS -    BAND    756; K    1; EIG -1.6831693E-01 AU
 BOTTOM OF VIRTUAL BANDS - BAND    757; K    1; EIG -2.2295387E-02 AU
 INDIRECT ENERGY BAND GAP:   3.5884 eV
 TTTTTTTTTTTTTTTTTTTTTTTTTTTTTT PDIG        TELAPSE     1771.71 TCPU     1770.72
 CHARGE NORMALIZATION FACTOR   1.00000000
 TOTAL ATOMIC CHARGES:
   8.3394098   8.3389434   8.3391371   8.3391435   8.3391422   8.3391351
   8.3391436   8.3391423   8.3391351   8.3394099   8.3389434   8.3391371
   8.3391436   8.3391423   8.3391351   8.3391436   8.3391424   8.3391351
   8.3391732   8.3391211   8.3391297   8.3391323   8.3391465   8.3391360
   8.3391324   8.3391466   8.3391359   9.0560026   9.0554291   9.0555640
   9.0558714   9.0556333   9.0555796   9.0560026   9.0554292   9.0555640
   9.0558334   9.0555852   9.0556464   9.0557342   9.0556462   9.0556676
   9.0558334   9.0555852   9.0556464   9.0558334   9.0555852   9.0556464
   9.0557342   9.0556462   9.0556676   9.0558335   9.0555852   9.0556464
   9.0380388   9.0386789   9.0384240   9.0383601   9.0385265   9.0385968
   9.0383600   9.0385265   9.0385968   9.0386463   9.0385334   9.0386166
   9.0385922   9.0385819   9.0385731   9.0385922   9.0385819   9.0385730
   9.0386463   9.0385334   9.0386165   9.0385922   9.0385819   9.0385731
   9.0385922   9.0385819   9.0385730   9.0385890   9.0386027   9.0385257
   9.0386024   9.0385955   9.0385620   9.0385891   9.0386027   9.0385258
   9.0385890   9.0386027   9.0385257   9.0386024   9.0385955   9.0385619
   9.0385891   9.0386027   9.0385257   9.0385924   9.0385525   9.0385925
   9.0386096   9.0385804   9.0385870   9.0385924   9.0385525   9.0385925
  20.5278221  20.5285402  20.5283102  20.5277439  20.5280464  20.5280470
  20.5278220  20.5285403  20.5283103  20.5278364  20.5281181  20.5280776
  20.5279568  20.5280315  20.5280160  20.5278364  20.5281181  20.5280776
  20.5278364  20.5281180  20.5280775  20.5279568  20.5280315  20.5280160
  20.5278363  20.5281181  20.5280776
 TTTTTTTTTTTTTTTTTTTTTTTTTTTTTT MOQGAD      TELAPSE     1771.77 TCPU     1770.78
 TTTTTTTTTTTTTTTTTTTTTTTTTTTTTT SHELLXN     TELAPSE     2301.11 TCPU     2300.02
 TTTTTTTTTTTTTTTTTTTTTTTTTTTTTT MONMO3      TELAPSE     2312.93 TCPU     2311.84
 NUMERICALLY INTEGRATED DENSITY   1511.9925078853
 TTTTTTTTTTTTTTTTTTTTTTTTTTTTTT NUMDFT      TELAPSE     2333.93 TCPU     2332.83
 CYC   3 ETOT(AU) -2.971866327862E+04 DETOT -2.39E+00 tst  2.34E-03 PX  5.81E-02
 TTTTTTTTTTTTTTTTTTTTTTTTTTTTTT DIIS        TELAPSE     2337.83 TCPU     2336.73
 DIIS TEST: 0.18034E+00 AT SCF   CYCLE   3 - DIIS ACTIVE - HISTORY:     3 CYCLES
 TTTTTTTTTTTTTTTTTTTTTTTTTTTTTT FDIK        TELAPSE     2353.34 TCPU     2352.17
 INSULATING STATE
 TOP OF VALENCE BANDS -    BAND    756; K    8; EIG -1.5507714E-01 AU
 TOP OF VALENCE BANDS -    BAND    756; K    1; EIG -1.6819481E-01 AU
 BOTTOM OF VIRTUAL BANDS - BAND    757; K    1; EIG -5.8762803E-03 AU
 INDIRECT ENERGY BAND GAP:   4.0600 eV
 TTTTTTTTTTTTTTTTTTTTTTTTTTTTTT PDIG        TELAPSE     2355.71 TCPU     2354.54
 CHARGE NORMALIZATION FACTOR   1.00000000
 TOTAL ATOMIC CHARGES:
   8.3438100   8.3434082   8.3435712   8.3436142   8.3435947   8.3435834
   8.3436142   8.3435948   8.3435834   8.3438100   8.3434083   8.3435712
   8.3436143   8.3435948   8.3435834   8.3436143   8.3435949   8.3435834
   8.3436218   8.3435822   8.3435861   8.3436037   8.3435950   8.3435941
   8.3436037   8.3435951   8.3435940   9.0048460   9.0070435   9.0074124
   9.0056389   9.0064191   9.0064267   9.0048459   9.0070435   9.0074124
   9.0056283   9.0065490   9.0063423   9.0059582   9.0063499   9.0062224
   9.0056283   9.0065490   9.0063423   9.0056283   9.0065490   9.0063423
   9.0059582   9.0063499   9.0062224   9.0056284   9.0065490   9.0063423
   9.0993447   9.0987617   9.0993685   9.0992223   9.0992508   9.0990489
   9.0992223   9.0992508   9.0990488   9.0991509   9.0990570   9.0991600
   9.0991551   9.0991463   9.0991191   9.0991551   9.0991463   9.0991190
   9.0991508   9.0990570   9.0991600   9.0991551   9.0991463   9.0991191
   9.0991551   9.0991463   9.0991190   9.0992674   9.0990406   9.0991917
   9.0991544   9.0990916   9.0991611   9.0992675   9.0990406   9.0991917
   9.0992674   9.0990406   9.0991916   9.0991544   9.0990916   9.0991610
   9.0992674   9.0990406   9.0991917   9.0991118   9.0992362   9.0990632
   9.0991192   9.0991561   9.0991129   9.0991118   9.0992362   9.0990632
  20.4529611  20.4506808  20.4509744  20.4524747  20.4518675  20.4517972
  20.4529611  20.4506809  20.4509745  20.4523679  20.4516125  20.4519143
  20.4520943  20.4518576  20.4519163  20.4523680  20.4516125  20.4519143
  20.4523678  20.4516125  20.4519142  20.4520942  20.4518576  20.4519163
  20.4523678  20.4516125  20.4519143
 TTTTTTTTTTTTTTTTTTTTTTTTTTTTTT MOQGAD      TELAPSE     2355.77 TCPU     2354.60
 TTTTTTTTTTTTTTTTTTTTTTTTTTTTTT SHELLXN     TELAPSE     2871.50 TCPU     2870.21
 TTTTTTTTTTTTTTTTTTTTTTTTTTTTTT MONMO3      TELAPSE     2883.30 TCPU     2882.02
 NUMERICALLY INTEGRATED DENSITY   1511.9923785728
 TTTTTTTTTTTTTTTTTTTTTTTTTTTTTT NUMDFT      TELAPSE     2906.11 TCPU     2904.82
 CYC   4 ETOT(AU) -2.971864709349E+04 DETOT  1.62E-02 tst  1.36E-04 PX  1.96E-02
 TTTTTTTTTTTTTTTTTTTTTTTTTTTTTT DIIS        TELAPSE     2910.32 TCPU     2909.03
 DIIS TEST: 0.30739E+00 AT SCF   CYCLE   4 - DIIS ACTIVE - HISTORY:     4 CYCLES
 TTTTTTTTTTTTTTTTTTTTTTTTTTTTTT FDIK        TELAPSE     2926.02 TCPU     2924.71
 INSULATING STATE
 TOP OF VALENCE BANDS -    BAND    756; K    8; EIG -1.4840934E-01 AU
 TOP OF VALENCE BANDS -    BAND    756; K    1; EIG -1.6232195E-01 AU
 BOTTOM OF VIRTUAL BANDS - BAND    757; K    1; EIG -7.3535421E-03 AU
 INDIRECT ENERGY BAND GAP:   3.8383 eV
 TTTTTTTTTTTTTTTTTTTTTTTTTTTTTT PDIG        TELAPSE     2928.40 TCPU     2927.09
 CHARGE NORMALIZATION FACTOR   1.00000000
 TOTAL ATOMIC CHARGES:
   8.3403361   8.3400017   8.3401615   8.3401495   8.3401671   8.3401581
   8.3401495   8.3401672   8.3401581   8.3403361   8.3400017   8.3401615
   8.3401495   8.3401672   8.3401581   8.3401496   8.3401673   8.3401581
   8.3401603   8.3401557   8.3401519   8.3401465   8.3401642   8.3401553
   8.3401465   8.3401642   8.3401552   9.0483467   9.0474350   9.0476385
   9.0481405   9.0476983   9.0475845   9.0483467   9.0474351   9.0476385
   9.0480684   9.0476237   9.0476925   9.0479390   9.0477033   9.0477273
   9.0480684   9.0476237   9.0476926   9.0480683   9.0476237   9.0476925
   9.0479390   9.0477033   9.0477273   9.0480685   9.0476237   9.0476926
   9.0710129   9.0712124   9.0711841   9.0712021   9.0712161   9.0712287
   9.0712021   9.0712161   9.0712286   9.0713194   9.0712517   9.0712946
   9.0712882   9.0712685   9.0712616   9.0712882   9.0712685   9.0712615
   9.0713194   9.0712517   9.0712946   9.0712881   9.0712685   9.0712615
   9.0712881   9.0712685   9.0712615   9.0713218   9.0712531   9.0712210
   9.0712782   9.0712929   9.0712586   9.0713219   9.0712531   9.0712210
   9.0713218   9.0712531   9.0712210   9.0712782   9.0712929   9.0712585
   9.0713218   9.0712531   9.0712210   9.0713195   9.0712309   9.0712631
   9.0713080   9.0712641   9.0712770   9.0713195   9.0712310   9.0712632
  20.4687323  20.4702254  20.4699516  20.4691072  20.4696006  20.4696106
  20.4687322  20.4702255  20.4699517  20.4691844  20.4697222  20.4695922
  20.4693841  20.4695837  20.4695332  20.4691844  20.4697222  20.4695922
  20.4691844  20.4697222  20.4695922  20.4693841  20.4695838  20.4695332
  20.4691843  20.4697222  20.4695922
 TTTTTTTTTTTTTTTTTTTTTTTTTTTTTT MOQGAD      TELAPSE     2928.46 TCPU     2927.15
 TTTTTTTTTTTTTTTTTTTTTTTTTTTTTT SHELLXN     TELAPSE     3451.23 TCPU     3449.83
 TTTTTTTTTTTTTTTTTTTTTTTTTTTTTT MONMO3      TELAPSE     3463.02 TCPU     3461.61
 NUMERICALLY INTEGRATED DENSITY   1511.9924079902
 TTTTTTTTTTTTTTTTTTTTTTTTTTTTTT NUMDFT      TELAPSE     3482.59 TCPU     3481.18
 CYC   5 ETOT(AU) -2.971869231424E+04 DETOT -4.52E-02 tst  3.99E-05 PX  8.94E-03
 TTTTTTTTTTTTTTTTTTTTTTTTTTTTTT DIIS        TELAPSE     3486.76 TCPU     3485.35
 DIIS TEST: 0.20214E-01 AT SCF   CYCLE   5 - DIIS ACTIVE - HISTORY:     5 CYCLES
 TTTTTTTTTTTTTTTTTTTTTTTTTTTTTT FDIK        TELAPSE     3502.11 TCPU     3500.64
 INSULATING STATE
 TOP OF VALENCE BANDS -    BAND    756; K    8; EIG -1.4865426E-01 AU
 TOP OF VALENCE BANDS -    BAND    756; K    1; EIG -1.6252341E-01 AU
 BOTTOM OF VIRTUAL BANDS - BAND    757; K    1; EIG -9.9637566E-03 AU
 INDIRECT ENERGY BAND GAP:   3.7740 eV
 TTTTTTTTTTTTTTTTTTTTTTTTTTTTTT PDIG        TELAPSE     3504.41 TCPU     3502.93
 CHARGE NORMALIZATION FACTOR   1.00000000
 TOTAL ATOMIC CHARGES:
   8.3381426   8.3377314   8.3378919   8.3379363   8.3379076   8.3378989
   8.3379363   8.3379077   8.3378989   8.3381426   8.3377315   8.3378919
   8.3379363   8.3379077   8.3378988   8.3379363   8.3379078   8.3378988
   8.3379492   8.3378929   8.3379005   8.3379226   8.3379087   8.3379074
   8.3379227   8.3379088   8.3379074   9.0363736   9.0379553   9.0381937
   9.0369187   9.0375948   9.0376083   9.0363736   9.0379553   9.0381937
   9.0369167   9.0376827   9.0375511   9.0371310   9.0375549   9.0374659
   9.0369167   9.0376828   9.0375511   9.0369167   9.0376827   9.0375511
   9.0371310   9.0375548   9.0374659   9.0369168   9.0376827   9.0375511
   9.0678217   9.0679830   9.0681550   9.0679521   9.0681410   9.0680836
   9.0679521   9.0681410   9.0680836   9.0681240   9.0680039   9.0681281
   9.0680922   9.0680990   9.0680736   9.0680922   9.0680990   9.0680736
   9.0681240   9.0680039   9.0681281   9.0680922   9.0680990   9.0680736
   9.0680922   9.0680990   9.0680735   9.0681289   9.0680607   9.0681075
   9.0681111   9.0680550   9.0680933   9.0681290   9.0680607   9.0681075
   9.0681289   9.0680607   9.0681074   9.0681111   9.0680550   9.0680932
   9.0681289   9.0680607   9.0681075   9.0680439   9.0681521   9.0680627
   9.0680752   9.0681073   9.0680755   9.0680440   9.0681521   9.0680628
  20.4896947  20.4876617  20.4878823  20.4889584  20.4883939  20.4883495
  20.4896947  20.4876618  20.4878824  20.4889298  20.4882109  20.4884877
  20.4887098  20.4883971  20.4884654  20.4889299  20.4882108  20.4884877
  20.4889298  20.4882108  20.4884876  20.4887097  20.4883971  20.4884654
  20.4889297  20.4882109  20.4884876
 TTTTTTTTTTTTTTTTTTTTTTTTTTTTTT MOQGAD      TELAPSE     3504.47 TCPU     3503.00
 TTTTTTTTTTTTTTTTTTTTTTTTTTTTTT SHELLXN     TELAPSE     4031.20 TCPU     4029.63
 TTTTTTTTTTTTTTTTTTTTTTTTTTTTTT MONMO3      TELAPSE     4042.98 TCPU     4041.42
 NUMERICALLY INTEGRATED DENSITY   1511.9924184143
 TTTTTTTTTTTTTTTTTTTTTTTTTTTTTT NUMDFT      TELAPSE     4067.07 TCPU     4065.50
 CYC   6 ETOT(AU) -2.971869595369E+04 DETOT -3.64E-03 tst  4.77E-06 PX  2.63E-03
 TTTTTTTTTTTTTTTTTTTTTTTTTTTTTT DIIS        TELAPSE     4071.44 TCPU     4069.87
 DIIS TEST: 0.51639E-03 AT SCF   CYCLE   6 - DIIS ACTIVE - HISTORY:     6 CYCLES
 TTTTTTTTTTTTTTTTTTTTTTTTTTTTTT FDIK        TELAPSE     4087.10 TCPU     4085.49
 INSULATING STATE
 TOP OF VALENCE BANDS -    BAND    756; K    8; EIG -1.4792579E-01 AU
 TOP OF VALENCE BANDS -    BAND    756; K    1; EIG -1.6182820E-01 AU
 BOTTOM OF VIRTUAL BANDS - BAND    757; K    1; EIG -9.3021964E-03 AU
 INDIRECT ENERGY BAND GAP:   3.7721 eV
 TTTTTTTTTTTTTTTTTTTTTTTTTTTTTT PDIG        TELAPSE     4089.51 TCPU     4087.90
 CHARGE NORMALIZATION FACTOR   1.00000000
 TOTAL ATOMIC CHARGES:
   8.3396497   8.3393329   8.3395063   8.3394512   8.3395034   8.3394970
   8.3394512   8.3395035   8.3394970   8.3396498   8.3393330   8.3395063
   8.3394512   8.3395035   8.3394970   8.3394513   8.3395036   8.3394969
   8.3394700   8.3394898   8.3394859   8.3394534   8.3395020   8.3394873
   8.3394534   8.3395021   8.3394872   9.0397668   9.0369577   9.0371616
   9.0390201   9.0375817   9.0374019   9.0397668   9.0369577   9.0371616
   9.0389062   9.0373994   9.0376194   9.0385408   9.0376217   9.0377353
   9.0389062   9.0373994   9.0376194   9.0389061   9.0373994   9.0376194
   9.0385407   9.0376216   9.0377353   9.0389063   9.0373994   9.0376194
   9.0672843   9.0672964   9.0672330   9.0674457   9.0672849   9.0672994
   9.0674457   9.0672849   9.0672994   9.0674598   9.0674138   9.0674024
   9.0674413   9.0673820   9.0673894   9.0674413   9.0673820   9.0673894
   9.0674598   9.0674138   9.0674023   9.0674413   9.0673820   9.0673894
   9.0674413   9.0673820   9.0673893   9.0675112   9.0673627   9.0673039
   9.0674035   9.0674577   9.0673745   9.0675113   9.0673628   9.0673039
   9.0675112   9.0673627   9.0673038   9.0674035   9.0674577   9.0673744
   9.0675112   9.0673627   9.0673038   9.0675327   9.0672906   9.0673806
   9.0674755   9.0673690   9.0674068   9.0675328   9.0672906   9.0673806
  20.4852346  20.4896409  20.4889127  20.4866026  20.4881241  20.4881392
  20.4852345  20.4896410  20.4889128  20.4867355  20.4884480  20.4879725
  20.4872549  20.4880663  20.4878930  20.4867355  20.4884480  20.4879725
  20.4867356  20.4884479  20.4879724  20.4872549  20.4880663  20.4878930
  20.4867354  20.4884480  20.4879725
 TTTTTTTTTTTTTTTTTTTTTTTTTTTTTT MOQGAD      TELAPSE     4089.57 TCPU     4087.97
 TTTTTTTTTTTTTTTTTTTTTTTTTTTTTT SHELLXN     TELAPSE     4618.51 TCPU     4616.73
 TTTTTTTTTTTTTTTTTTTTTTTTTTTTTT MONMO3      TELAPSE     4630.31 TCPU     4628.53
 NUMERICALLY INTEGRATED DENSITY   1511.9924119802
 TTTTTTTTTTTTTTTTTTTTTTTTTTTTTT NUMDFT      TELAPSE     4654.11 TCPU     4652.33
 CYC   7 ETOT(AU) -2.971869600520E+04 DETOT -5.15E-05 tst  1.71E-07 PX  1.72E-03
 TTTTTTTTTTTTTTTTTTTTTTTTTTTTTT DIIS        TELAPSE     4659.35 TCPU     4657.57
 DIIS TEST: 0.16826E-03 AT SCF   CYCLE   7 - DIIS ACTIVE - HISTORY:     7 CYCLES
 TTTTTTTTTTTTTTTTTTTTTTTTTTTTTT FDIK        TELAPSE     4675.10 TCPU     4673.30
 INSULATING STATE
 TOP OF VALENCE BANDS -    BAND    756; K    8; EIG -1.4787911E-01 AU
 TOP OF VALENCE BANDS -    BAND    756; K    1; EIG -1.6178794E-01 AU
 BOTTOM OF VIRTUAL BANDS - BAND    757; K    1; EIG -9.3192557E-03 AU
 INDIRECT ENERGY BAND GAP:   3.7704 eV
 TTTTTTTTTTTTTTTTTTTTTTTTTTTTTT PDIG        TELAPSE     4677.49 TCPU     4675.69
 CHARGE NORMALIZATION FACTOR   1.00000000
 TOTAL ATOMIC CHARGES:
   8.3397893   8.3393510   8.3395158   8.3395754   8.3395325   8.3395236
   8.3395754   8.3395326   8.3395236   8.3397893   8.3393511   8.3395158
   8.3395754   8.3395326   8.3395236   8.3395754   8.3395327   8.3395235
   8.3395879   8.3395169   8.3395259   8.3395591   8.3395342   8.3395337
   8.3395591   8.3395343   8.3395336   9.0364034   9.0385835   9.0388180
   9.0371018   9.0381692   9.0381795   9.0364034   9.0385835   9.0388180
   9.0371026   9.0382779   9.0380982   9.0373726   9.0381163   9.0379955
   9.0371026   9.0382779   9.0380982   9.0371026   9.0382779   9.0380982
   9.0373725   9.0381163   9.0379955   9.0371027   9.0382779   9.0380982
   9.0668916   9.0671438   9.0673058   9.0670450   9.0672881   9.0672393
   9.0670450   9.0672881   9.0672393   9.0672526   9.0671416   9.0672739
   9.0672136   9.0672423   9.0672140   9.0672136   9.0672422   9.0672140
   9.0672526   9.0671416   9.0672739   9.0672136   9.0672422   9.0672140
   9.0672136   9.0672422   9.0672139   9.0672295   9.0672087   9.0672539
   9.0672407   9.0671859   9.0672369   9.0672295   9.0672087   9.0672539
   9.0672295   9.0672087   9.0672539   9.0672407   9.0671859   9.0672368
   9.0672295   9.0672087   9.0672539   9.0671529   9.0673049   9.0672098
   9.0671986   9.0672526   9.0672196   9.0671529   9.0673049   9.0672098
  20.4899449  20.4869845  20.4873717  20.4888984  20.4878903  20.4878760
  20.4899448  20.4869846  20.4873717  20.4888647  20.4876688  20.4880663
  20.4885664  20.4879172  20.4880486  20.4888647  20.4876688  20.4880663
  20.4888646  20.4876687  20.4880662  20.4885664  20.4879172  20.4880486
  20.4888646  20.4876688  20.4880663
 TTTTTTTTTTTTTTTTTTTTTTTTTTTTTT MOQGAD      TELAPSE     4677.55 TCPU     4675.75
 TTTTTTTTTTTTTTTTTTTTTTTTTTTTTT SHELLXN     TELAPSE     5216.15 TCPU     5214.27
 TTTTTTTTTTTTTTTTTTTTTTTTTTTTTT MONMO3      TELAPSE     5228.17 TCPU     5226.28
 NUMERICALLY INTEGRATED DENSITY   1511.9924120764
 TTTTTTTTTTTTTTTTTTTTTTTTTTTTTT NUMDFT      TELAPSE     5251.11 TCPU     5249.22
 CYC   8 ETOT(AU) -2.971869601998E+04 DETOT -1.48E-05 tst  5.83E-08 PX  3.91E-04
 TTTTTTTTTTTTTTTTTTTTTTTTTTTTTT DIIS        TELAPSE     5255.57 TCPU     5253.68
 DIIS TEST: 0.64664E-04 AT SCF   CYCLE   8 - DIIS ACTIVE - HISTORY:     8 CYCLES
 TTTTTTTTTTTTTTTTTTTTTTTTTTTTTT FDIK        TELAPSE     5270.83 TCPU     5268.92
 INSULATING STATE
 TOP OF VALENCE BANDS -    BAND    756; K    8; EIG -1.4786829E-01 AU
 TOP OF VALENCE BANDS -    BAND    756; K    1; EIG -1.6177636E-01 AU
 BOTTOM OF VIRTUAL BANDS - BAND    757; K    1; EIG -9.3721266E-03 AU
 INDIRECT ENERGY BAND GAP:   3.7687 eV
 TTTTTTTTTTTTTTTTTTTTTTTTTTTTTT PDIG        TELAPSE     5273.16 TCPU     5271.24
 CHARGE NORMALIZATION FACTOR   1.00000000
 TOTAL ATOMIC CHARGES:
   8.3397504   8.3393641   8.3395313   8.3395435   8.3395421   8.3395340
   8.3395435   8.3395422   8.3395340   8.3397504   8.3393641   8.3395313
   8.3395435   8.3395422   8.3395340   8.3395436   8.3395423   8.3395339
   8.3395583   8.3395277   8.3395319   8.3395344   8.3395428   8.3395375
   8.3395344   8.3395429   8.3395375   9.0375002   9.0377188   9.0379575
   9.0376699   9.0376225   9.0375923   9.0375002   9.0377188   9.0379575
   9.0376390   9.0376371   9.0376137   9.0376907   9.0376077   9.0375843
   9.0376390   9.0376371   9.0376137   9.0376390   9.0376370   9.0376137
   9.0376907   9.0376077   9.0375843   9.0376391   9.0376371   9.0376137
   9.0668560   9.0669632   9.0670705   9.0669928   9.0670762   9.0670379
   9.0669928   9.0670762   9.0670378   9.0671185   9.0670078   9.0670961
   9.0670909   9.0670714   9.0670535   9.0670909   9.0670714   9.0670535
   9.0671185   9.0670077   9.0670961   9.0670909   9.0670714   9.0670535
   9.0670909   9.0670713   9.0670534   9.0671412   9.0670379   9.0670560
   9.0670940   9.0670598   9.0670627   9.0671413   9.0670379   9.0670560
   9.0671412   9.0670379   9.0670559   9.0670940   9.0670598   9.0670627
   9.0671412   9.0670379   9.0670559   9.0670809   9.0670847   9.0670428
   9.0670866   9.0670731   9.0670583   9.0670809   9.0670847   9.0670428
  20.4887030  20.4886480  20.4885644  20.4885924  20.4887735  20.4887165
  20.4887029  20.4886481  20.4885645  20.4886024  20.4887271  20.4887612
  20.4885893  20.4887516  20.4887215  20.4886024  20.4887271  20.4887612
  20.4886024  20.4887271  20.4887612  20.4885893  20.4887516  20.4887215
  20.4886023  20.4887271  20.4887612
 TTTTTTTTTTTTTTTTTTTTTTTTTTTTTT MOQGAD      TELAPSE     5273.22 TCPU     5271.31
 TTTTTTTTTTTTTTTTTTTTTTTTTTTTTT SHELLXN     TELAPSE     5801.87 TCPU     5799.83
 TTTTTTTTTTTTTTTTTTTTTTTTTTTTTT MONMO3      TELAPSE     5813.96 TCPU     5811.92
 NUMERICALLY INTEGRATED DENSITY   1511.9924123913
 TTTTTTTTTTTTTTTTTTTTTTTTTTTTTT NUMDFT      TELAPSE     5837.07 TCPU     5835.03
 CYC   9 ETOT(AU) -2.971869602918E+04 DETOT -9.20E-06 tst  1.24E-08 PX  1.97E-04
 TTTTTTTTTTTTTTTTTTTTTTTTTTTTTT DIIS        TELAPSE     5842.68 TCPU     5840.64
 DIIS TEST: 0.61028E-06 AT SCF   CYCLE   9 - DIIS ACTIVE - HISTORY:     9 CYCLES
 TTTTTTTTTTTTTTTTTTTTTTTTTTTTTT FDIK        TELAPSE     5858.01 TCPU     5855.96
 INSULATING STATE
 TOP OF VALENCE BANDS -    BAND    756; K    8; EIG -1.4787865E-01 AU
 TOP OF VALENCE BANDS -    BAND    756; K    1; EIG -1.6178504E-01 AU
 BOTTOM OF VIRTUAL BANDS - BAND    757; K    1; EIG -9.3858685E-03 AU
 INDIRECT ENERGY BAND GAP:   3.7686 eV
 TTTTTTTTTTTTTTTTTTTTTTTTTTTTTT PDIG        TELAPSE     5860.40 TCPU     5858.35
 CHARGE NORMALIZATION FACTOR   1.00000000
 TOTAL ATOMIC CHARGES:
   8.3397485   8.3393599   8.3395283   8.3395420   8.3395354   8.3395274
   8.3395420   8.3395355   8.3395274   8.3397485   8.3393599   8.3395283
   8.3395420   8.3395354   8.3395274   8.3395420   8.3395355   8.3395273
   8.3395569   8.3395206   8.3395231   8.3395344   8.3395350   8.3395278
   8.3395345   8.3395351   8.3395277   9.0375396   9.0376232   9.0378222
   9.0375700   9.0377255   9.0376241   9.0375396   9.0376232   9.0378222
   9.0375114   9.0376911   9.0376822   9.0374765   9.0377125   9.0376842
   9.0375115   9.0376912   9.0376822   9.0375114   9.0376911   9.0376822
   9.0374765   9.0377125   9.0376842   9.0375116   9.0376911   9.0376822
   9.0668170   9.0669897   9.0670353   9.0669820   9.0670508   9.0670367
   9.0669820   9.0670508   9.0670366   9.0671051   9.0670453   9.0671081
   9.0670739   9.0670774   9.0670692   9.0670739   9.0670774   9.0670692
   9.0671051   9.0670452   9.0671081   9.0670739   9.0670774   9.0670692
   9.0670739   9.0670774   9.0670691   9.0671084   9.0670520   9.0670452
   9.0670707   9.0670860   9.0670750   9.0671084   9.0670520   9.0670452
   9.0671084   9.0670520   9.0670451   9.0670707   9.0670860   9.0670750
   9.0671084   9.0670520   9.0670451   9.0670866   9.0670646   9.0670637
   9.0670853   9.0670776   9.0670827   9.0670866   9.0670646   9.0670637
  20.4886788  20.4888661  20.4887986  20.4887156  20.4885685  20.4886338
  20.4886787  20.4888662  20.4887987  20.4887774  20.4886182  20.4886692
  20.4888718  20.4885704  20.4886243  20.4887774  20.4886182  20.4886692
  20.4887774  20.4886182  20.4886691  20.4888718  20.4885704  20.4886243
  20.4887772  20.4886182  20.4886692
 TTTTTTTTTTTTTTTTTTTTTTTTTTTTTT MOQGAD      TELAPSE     5860.47 TCPU     5858.41
 TTTTTTTTTTTTTTTTTTTTTTTTTTTTTT SHELLXN     TELAPSE     6394.48 TCPU     6392.31
 TTTTTTTTTTTTTTTTTTTTTTTTTTTTTT MONMO3      TELAPSE     6406.14 TCPU     6403.97
 NUMERICALLY INTEGRATED DENSITY   1511.9924123590
 TTTTTTTTTTTTTTTTTTTTTTTTTTTTTT NUMDFT      TELAPSE     6429.31 TCPU     6427.14
 CYC  10 ETOT(AU) -2.971869602808E+04 DETOT  1.10E-06 tst  3.59E-10 PX  1.55E-04
 TTTTTTTTTTTTTTTTTTTTTTTTTTTTTT DIIS        TELAPSE     6433.94 TCPU     6431.76
 DIIS TEST: 0.84277E-06 AT SCF   CYCLE  10 - DIIS ACTIVE - HISTORY:    10 CYCLES
 TTTTTTTTTTTTTTTTTTTTTTTTTTTTTT FDIK        TELAPSE     6449.16 TCPU     6446.90
 INSULATING STATE
 TOP OF VALENCE BANDS -    BAND    756; K    8; EIG -1.4788076E-01 AU
 TOP OF VALENCE BANDS -    BAND    756; K    1; EIG -1.6178788E-01 AU
 BOTTOM OF VIRTUAL BANDS - BAND    757; K    1; EIG -9.3878039E-03 AU
 INDIRECT ENERGY BAND GAP:   3.7686 eV
 TTTTTTTTTTTTTTTTTTTTTTTTTTTTTT PDIG        TELAPSE     6451.48 TCPU     6449.21
 CHARGE NORMALIZATION FACTOR   1.00000000
 TOTAL ATOMIC CHARGES:
   8.3397467   8.3393579   8.3395252   8.3395393   8.3395352   8.3395271
   8.3395393   8.3395353   8.3395271   8.3397467   8.3393580   8.3395252
   8.3395393   8.3395353   8.3395270   8.3395393   8.3395354   8.3395270
   8.3395540   8.3395206   8.3395246   8.3395301   8.3395356   8.3395300
   8.3395301   8.3395357   8.3395300   9.0374538   9.0376983   9.0379296
   9.0376168   9.0376510   9.0376024   9.0374538   9.0376983   9.0379296
   9.0375784   9.0376556   9.0376302   9.0376176   9.0376339   9.0376067
   9.0375784   9.0376556   9.0376302   9.0375784   9.0376556   9.0376302
   9.0376175   9.0376339   9.0376067   9.0375785   9.0376556   9.0376302
   9.0668310   9.0669770   9.0670621   9.0669824   9.0670701   9.0670411
   9.0669824   9.0670701   9.0670410   9.0671153   9.0670193   9.0671003
   9.0670851   9.0670740   9.0670579   9.0670851   9.0670740   9.0670579
   9.0671153   9.0670193   9.0671003   9.0670851   9.0670740   9.0670579
   9.0670851   9.0670740   9.0670578   9.0671245   9.0670445   9.0670536
   9.0670880   9.0670655   9.0670668   9.0671246   9.0670446   9.0670536
   9.0671245   9.0670445   9.0670535   9.0670880   9.0670655   9.0670667
   9.0671245   9.0670446   9.0670535   9.0670795   9.0670816   9.0670509
   9.0670864   9.0670758   9.0670666   9.0670795   9.0670816   9.0670509
  20.4887969  20.4886817  20.4886264  20.4886591  20.4887219  20.4886911
  20.4887968  20.4886817  20.4886265  20.4886816  20.4886946  20.4887447
  20.4886807  20.4887116  20.4887038  20.4886816  20.4886946  20.4887447
  20.4886816  20.4886946  20.4887446  20.4886807  20.4887117  20.4887038
  20.4886814  20.4886946  20.4887446
 TTTTTTTTTTTTTTTTTTTTTTTTTTTTTT MOQGAD      TELAPSE     6451.54 TCPU     6449.28
 TTTTTTTTTTTTTTTTTTTTTTTTTTTTTT SHELLXN     TELAPSE     6983.13 TCPU     6980.76
 TTTTTTTTTTTTTTTTTTTTTTTTTTTTTT MONMO3      TELAPSE     6994.56 TCPU     6992.19
 NUMERICALLY INTEGRATED DENSITY   1511.9924123624
 TTTTTTTTTTTTTTTTTTTTTTTTTTTTTT NUMDFT      TELAPSE     7018.18 TCPU     7015.81
 CYC  11 ETOT(AU) -2.971869602808E+04 DETOT  4.77E-09 tst  8.83E-11 PX  4.25E-05
 TTTTTTTTTTTTTTTTTTTTTTTTTTTTTT DIIS        TELAPSE     7023.32 TCPU     7020.94
 DIIS TEST: 0.16583E-07 AT SCF   CYCLE  11 - DIIS ACTIVE - HISTORY:    11 CYCLES
 TTTTTTTTTTTTTTTTTTTTTTTTTTTTTT FDIK        TELAPSE     7038.53 TCPU     7036.11
 INSULATING STATE
 TOP OF VALENCE BANDS -    BAND    756; K    8; EIG -1.4788326E-01 AU
 TOP OF VALENCE BANDS -    BAND    756; K    1; EIG -1.6179056E-01 AU
 BOTTOM OF VIRTUAL BANDS - BAND    757; K    1; EIG -9.3901073E-03 AU
 INDIRECT ENERGY BAND GAP:   3.7686 eV
 TTTTTTTTTTTTTTTTTTTTTTTTTTTTTT PDIG        TELAPSE     7040.95 TCPU     7038.53
 CHARGE NORMALIZATION FACTOR   1.00000000
 TOTAL ATOMIC CHARGES:
   8.3397443   8.3393559   8.3395235   8.3395376   8.3395333   8.3395254
   8.3395376   8.3395334   8.3395254   8.3397443   8.3393559   8.3395235
   8.3395376   8.3395334   8.3395254   8.3395377   8.3395335   8.3395253
   8.3395526   8.3395189   8.3395228   8.3395290   8.3395339   8.3395282
   8.3395290   8.3395340   8.3395282   9.0374784   9.0377089   9.0379335
   9.0376074   9.0376570   9.0376062   9.0374784   9.0377089   9.0379335
   9.0375700   9.0376598   9.0376370   9.0375990   9.0376434   9.0376152
   9.0375700   9.0376599   9.0376371   9.0375699   9.0376598   9.0376370
   9.0375989   9.0376434   9.0376152   9.0375701   9.0376598   9.0376371
   9.0668503   9.0669676   9.0670647   9.0669909   9.0670715   9.0670383
   9.0669909   9.0670715   9.0670382   9.0671130   9.0670162   9.0670996
   9.0670852   9.0670735   9.0670582   9.0670852   9.0670735   9.0670581
   9.0671130   9.0670162   9.0670996   9.0670852   9.0670734   9.0670582
   9.0670852   9.0670734   9.0670581   9.0671346   9.0670411   9.0670552
   9.0670866   9.0670669   9.0670665   9.0671346   9.0670411   9.0670552
   9.0671346   9.0670411   9.0670551   9.0670866   9.0670669   9.0670664
   9.0671346   9.0670411   9.0670552   9.0670805   9.0670807   9.0670478
   9.0670836   9.0670745   9.0670642   9.0670805   9.0670807   9.0670478
  20.4887266  20.4886894  20.4886174  20.4886716  20.4887160  20.4887027
  20.4887265  20.4886894  20.4886175  20.4886931  20.4886927  20.4887416
  20.4887098  20.4886975  20.4887009  20.4886932  20.4886927  20.4887416
  20.4886931  20.4886926  20.4887415  20.4887097  20.4886975  20.4887009
  20.4886930  20.4886927  20.4887416
 TTTTTTTTTTTTTTTTTTTTTTTTTTTTTT MOQGAD      TELAPSE     7041.01 TCPU     7038.59
 TTTTTTTTTTTTTTTTTTTTTTTTTTTTTT SHELLXN     TELAPSE     7573.50 TCPU     7571.02
 +++ ENERGIES IN A.U. +++
 ::: EXT EL-POLE                                  -3.9296574673078E+04
 ::: EXT EL-SPHEROPOLE                             3.7468188071158E+02
 ::: BIELET ZONE E-E                               4.6921527467745E+04
 ::: TOTAL E-E                                     7.9996346753790E+03
 ::: TOTAL E-N + N-E                              -5.9831129101316E+04
 ::: TOTAL N-N                                    -5.6026897906120E+03
 ::: KINETIC ENERGY                                2.9176779306941E+04
 ::: PSEUDO TOTAL   ENERGY                        -2.8257404909608E+04
 ::: VIRIAL COEFFICIENT                            1.0160074424295E+00
 TTTTTTTTTTTTTTTTTTTTTTTTTTTTTT MONMO3      TELAPSE     7584.93 TCPU     7582.45
 NUMERICALLY INTEGRATED DENSITY   1511.9924123810
 EXCHANGE ENERGY: -0.140330730060E+04  CORRELATION ENERGY: -0.579838177808E+02
 TTTTTTTTTTTTTTTTTTTTTTTTTTTTTT NUMDFT      TELAPSE     7608.48 TCPU     7606.00
 CYC  12 ETOT(AU) -2.971869602799E+04 DETOT  8.48E-08 tst  1.62E-10 PX  4.25E-05

 == SCF ENDED - CONVERGENCE ON ENERGY      E(AU) -2.9718696027993E+04 CYCLES  12


 ENERGY EXPRESSION=HARTREE+FOCK EXCH*0.25000+(PBE        EXCH)*0.75000+PBE        CORR


 TOTAL ENERGY(DFT)(AU)( 12) -2.9718696027993E+04 DE 8.5E-08 tester 1.6E-10
 TTTTTTTTTTTTTTTTTTTTTTTTTTTTTT EDFT        TELAPSE     7608.54 TCPU     7606.05

 *******************************************************************************
 *                             FORCE CALCULATION                               *
 *******************************************************************************

 TTTTTTTTTTTTTTTTTTTTTTTTTTTTTT NUMDFG      TELAPSE     7736.33 TCPU     7733.84
 INFORMATION **** EXCPOG **** EXCH. BIPO BUFFER LENGTH (WORDS) =    91261728
 INFORMATION **** GENPOG **** BIPO BUFFER LENGTH (WORDS) =    12784900
 TTTTTTTTTTTTTTTTTTTTTTTTTTTTTT SHELXG      TELAPSE     9256.50 TCPU     9253.90

 CARTESIAN FORCES IN HARTREE/BOHR (ANALYTICAL)
   ATOM                     X                   Y                   Z
   1 256            -1.232474565005E-05 -1.968703603936E-08  2.925152424076E-04
   2 256             8.860480408761E-05  3.606203169063E-08  2.176629796233E-04
   3 256            -2.510554743932E-06 -1.375523745258E-08  1.642616754705E-04
   4 256            -9.847671645388E-06  2.222429501121E-05  2.326832811646E-04
   5 256             2.058574476863E-05 -1.985456484952E-05  2.089896181355E-04
   6 256            -7.188856082056E-07  1.786811357082E-06  1.885047033059E-04
   7 256            -9.852530852143E-06 -2.229892554621E-05  2.326798210593E-04
   8 256             2.058277983228E-05  1.989606809909E-05  2.090086973535E-04
   9 256            -7.264001810313E-07 -1.896058975100E-06  1.886028870946E-04
  10 256             1.226123865094E-05 -2.222850795309E-08  2.925030761005E-04
  11 256            -8.856751095670E-05  3.905391013478E-08  2.176679908647E-04
  12 256             2.401291202814E-06 -2.061922577794E-08  1.643602129732E-04
  13 256             9.766158031800E-06  2.221853336760E-05  2.326845342928E-04
  14 256            -2.054319505681E-05 -1.985621139879E-05  2.090034528354E-04
  15 256             6.031772372129E-07  1.787270487012E-06  1.886041969200E-04
  16 256             9.758393804306E-06 -2.230246893363E-05  2.326878439264E-04
  17 256            -2.055022126903E-05  1.989675444712E-05  2.090178999292E-04
  18 256             6.035528766611E-07 -1.903111984682E-06  1.887035252753E-04
  19 256            -2.284545300820E-08 -2.880320024000E-08  2.265635252504E-04
  20 256             3.514467011240E-08  3.530375502695E-08  2.173457726208E-04
  21 256            -1.387630596775E-08 -2.814973960344E-08  1.858953467543E-04
  22 256            -2.613147376177E-08  5.725676388677E-06  2.206372769421E-04
  23 256             3.476438436036E-08 -1.829557106441E-06  2.107994347311E-04
  24 256            -2.090723666712E-08  4.503801356377E-07  1.976899611400E-04
  25 256            -2.759874691146E-08 -5.818467098158E-06  2.206437163208E-04
  26 256             3.367009649221E-08  1.862149135031E-06  2.108103892192E-04
  27 256            -2.725237307186E-08 -5.721486834055E-07  1.977905375834E-04
  28   8            -1.067915467701E-09  2.978860486249E-04 -2.069547569139E-05
  29   8            -1.964744217688E-08 -2.246738183254E-06 -6.703237636696E-05
  30   8             1.395177800106E-09 -1.992965538334E-04  5.738155420598E-05
  31   8             8.662821676880E-10 -9.643620941901E-10 -1.371125494520E-04
  32   8            -1.543440185017E-08 -1.896700802850E-08 -1.098629225851E-04
  33   8             4.735683411287E-09  1.112750795669E-09 -1.636533083174E-04
  34   8             6.352263370036E-09 -2.979058632263E-04 -2.069257644965E-05
  35   8            -1.765241536181E-08  2.257931334973E-06 -6.702838274020E-05
  36   8             6.245488830779E-09  1.993117381698E-04  5.738033559233E-05
  37   8             1.516320991257E-05  1.303778425069E-05 -1.566093671101E-04
  38   8            -3.061251312486E-07 -2.590745632637E-07 -1.053332241403E-04
  39   8            -1.889906715447E-05 -2.347035091718E-05 -1.485229402203E-04
  40   8             6.042586798178E-06  9.392021309132E-10 -1.441256013699E-04
  41   8             3.847779325933E-08 -1.470102112268E-08 -1.225490391663E-04
  42   8            -1.944067425893E-06  4.610184847806E-09 -1.471779551663E-04
  43   8             1.516853984382E-05 -1.305081894376E-05 -1.566068121317E-04
  44   8            -3.038753906409E-07  2.770976517532E-07 -1.053299146827E-04
  45   8            -1.889784671638E-05  2.349372361494E-05 -1.485239863932E-04
  46   8            -1.518168182746E-05  1.304184275123E-05 -1.566034667739E-04
  47   8             3.170325366880E-07 -2.611350310978E-07 -1.053380722977E-04
  48   8             1.891575697334E-05 -2.347204426730E-05 -1.485226013207E-04
  49   8            -6.055115732178E-06  4.233864813786E-09 -1.441203391570E-04
  50   8            -2.077467164227E-08 -1.694128794080E-08 -1.225527137487E-04
  51   8             1.966774904276E-06  3.047975646669E-09 -1.471765094267E-04
  52   8            -1.517487826234E-05 -1.304305559457E-05 -1.566092662335E-04
  53   8             3.179854374551E-07  2.757564340974E-07 -1.053341068316E-04
  54   8             1.891757478528E-05  2.349215067197E-05 -1.485229420304E-04
  55   8            -1.467427488186E-08 -7.819931132397E-08 -1.464935255991E-03
  56   8            -6.936073509510E-09 -1.490173454662E-07  2.647513855525E-05
  57   8             4.759632413526E-08  9.439036510491E-08  2.598009764099E-05
  58   8            -9.597746929917E-09  6.604365100850E-05 -4.915209397804E-05
  59   8            -6.979767008767E-09  2.176129514404E-05 -1.145842590322E-05
  60   8             6.894974856950E-08 -5.002681943623E-05 -1.123907304823E-05
  61   8            -3.629275032307E-09 -6.621187859508E-05 -4.914703203873E-05
  62   8            -7.405845730633E-09 -2.203684507617E-05 -1.146237323080E-05
  63   8             9.041354459013E-08  5.023546512110E-05 -1.125430423343E-05
  64   8            -2.007510045038E-06 -8.409755205622E-08 -7.474075900049E-05
  65   8             3.099088461506E-05 -1.491781003650E-07  6.735859625850E-06
  66   8            -3.122253235787E-05  9.412158302211E-08  6.875015713392E-06
  67   8             2.061559200721E-06 -6.644792320188E-08 -4.212040968188E-05
  68   8             3.846161357208E-06  6.640044180690E-06 -2.550845201332E-05
  69   8            -2.791541206919E-06 -1.502864773794E-05 -2.530364087039E-05
  70   8             2.066817212233E-06 -1.037827033805E-07 -4.211506651397E-05
  71   8             3.845800708392E-06 -6.919062021460E-06 -2.551143211571E-05
  72   8            -2.770379076614E-06  1.523668918985E-05 -2.531687301532E-05
  73   8             1.990425565230E-06 -8.465568563859E-08 -7.474038403554E-05
  74   8            -3.092214758799E-05 -1.487491459237E-07  6.736807301344E-06
  75   8             3.121610000137E-05  9.443655347185E-08  6.875974863707E-06
  76   8            -2.074899712136E-06 -6.408467689365E-08 -4.211990464276E-05
  77   8            -3.789135725434E-06  6.641608439214E-06 -2.550816004887E-05
  78   8             2.825662546342E-06 -1.502831235056E-05 -2.530357828801E-05
  79   8            -2.075121454008E-06 -1.041819593269E-07 -4.211822020550E-05
  80   8            -3.800493170296E-06 -6.919000611970E-06 -2.551151561803E-05
  81   8             2.844913914468E-06  1.523662444619E-05 -2.531756587576E-05
  82   8            -2.462170316285E-05 -1.076937492423E-05 -1.214391709976E-04
  83   8            -1.458232100144E-05  1.514834372516E-05 -4.074658643605E-06
  84   8             3.233329759419E-05 -1.870348250841E-05 -3.609830763418E-06
  85   8            -1.471200319697E-05 -1.877580772681E-08 -4.336753731993E-05
  86   8            -5.382369225353E-06 -6.559789964057E-09 -2.311068991023E-05
  87   8             7.521355450234E-06  4.783889069488E-08 -2.687119523315E-05
  88   8            -2.462398672454E-05  1.075166895837E-05 -1.214413362531E-04
  89   8            -1.458278269948E-05 -1.508010442145E-05 -4.074502273355E-06
  90   8             3.233329671360E-05  1.869729915748E-05 -3.610790758390E-06
  91   8             2.467272776224E-05 -1.076001440739E-05 -1.214308756157E-04
  92   8             1.434075700582E-05  1.514793222561E-05 -4.078395782869E-06
  93   8            -3.211809232999E-05 -1.868232157560E-05 -3.624446812012E-06
  94   8             1.474908015483E-05 -1.312012564227E-08 -4.336214538680E-05
  95   8             5.137520013416E-06 -6.695859575258E-09 -2.311349213935E-05
  96   8            -7.307014640982E-06  6.906799836712E-08 -2.688405433715E-05
  97   8             2.467085163442E-05  1.074578217060E-05 -1.214323717529E-04
  98   8             1.433970588456E-05 -1.509151842207E-05 -4.077863783092E-06
  99   8            -3.211896246800E-05  1.871654470416E-05 -3.623817302678E-06
 100   8             1.967628206447E-08 -1.273625327325E-06 -4.256341684994E-05
 101   8            -1.318507497086E-07  3.117855946931E-06 -2.685232155919E-05
 102   8             9.736331949255E-08 -5.036817050872E-06 -2.313178402980E-05
 103   8             2.026193865201E-08 -7.356827905164E-09 -3.806114578131E-05
 104   8            -1.320688396498E-07 -7.160553812824E-09 -2.801298442745E-05
 105   8             9.719062077460E-08  9.015921380039E-08 -2.784579343129E-05
 106   8             2.032853941337E-08  1.265203052746E-06 -4.256336947717E-05
 107   8            -1.320522352236E-07 -3.072425830292E-06 -2.685146380554E-05
 108   8             9.729414878977E-08  5.111278540492E-06 -2.313077368421E-05
 109  22             3.695558138434E-09  6.883467360276E-06  5.184133816778E-04
 110  22             1.151360499716E-07 -3.257046854194E-05 -1.221184322846E-04
 111  22            -5.132643226343E-08  5.368008130131E-05 -1.730447489621E-04
 112  22            -1.441979352383E-08  1.084805289433E-07  1.995192514581E-05
 113  22             8.948109292578E-08  1.312332847357E-07 -3.582536546798E-05
 114  22            -6.298078752114E-08 -4.862687198292E-08 -9.858663680085E-06
 115  22            -2.937745748185E-09 -6.661339775060E-06  5.184207675160E-04
 116  22             1.022273832940E-07  3.279939751383E-05 -1.221121525310E-04
 117  22            -5.572341558696E-08 -5.384088878761E-05 -1.730453940083E-04
 118  22            -1.192553568092E-05  5.212186377783E-06  3.762643361149E-05
 119  22            -2.086183597644E-05 -2.203989945065E-05 -3.872139952588E-05
 120  22             3.127255908301E-05  3.131602496471E-05 -3.562410372826E-05
 121  22            -8.596178434579E-06  9.191565524653E-08  8.719114477085E-06
 122  22            -5.277887446036E-06  1.054833294566E-07 -2.419874271897E-05
 123  22             4.708865065907E-06 -6.013015970250E-08 -1.396117037622E-05
 124  22            -1.193383869489E-05 -5.018649376009E-06  3.763009781377E-05
 125  22            -2.087471095104E-05  2.222222907428E-05 -3.871641572362E-05
 126  22             3.126805599452E-05 -3.149994175592E-05 -3.562156929071E-05
 127  22             1.192829724436E-05  5.229752440737E-06  3.761523337165E-05
 128  22             2.105817679294E-05 -2.202730277127E-05 -3.872448863973E-05
 129  22            -3.143784770634E-05  3.132357595022E-05 -3.562864847151E-05
 130  22             8.581918684736E-06  9.640761158619E-08  8.707285708454E-06
 131  22             5.426109147051E-06  1.185446995369E-07 -2.420305309547E-05
 132  22            -4.899539305861E-06 -5.246909939338E-08 -1.396626537664E-05
 133  22             1.192056382546E-05 -5.017540521649E-06  3.763173511873E-05
 134  22             2.104773608552E-05  2.223422541599E-05 -3.871953301804E-05
 135  22            -3.144654817022E-05 -3.149514280832E-05 -3.562299241189E-05

 RESULTANT FORCE     4.157949592271E-12  2.385145276814E-12  1.965849011354E-11

 SYMMETRY ALLOWED FORCES (ANALYTICAL) (DIRECTION, FORCE)

    1 -1.2370648E-05    2 -1.9760376E-08    3  2.9360469E-04    4  8.8844960E-05
    5  3.6049862E-08    6  2.2067087E-04    7 -1.9443439E-06    8 -1.3683675E-08
    9  1.6873313E-04   10 -9.3241979E-06   11  2.2308979E-05   12  2.3869855E-04
   13  2.1154595E-05   14 -1.9760460E-05   15  2.1674307E-04   16 -6.9093615E-08
   17  1.8120430E-06   18  1.9785263E-04   19 -9.2388854E-06   20 -2.2353494E-05
   21  2.4373970E-04   22  2.1243551E-05   23  1.9831972E-05   24  2.2188728E-04
   25  1.7914077E-08   26 -1.8896842E-06   27  2.0315473E-04   28  1.3057543E-05
   29 -2.3430860E-08   30  3.0908848E-04   31 -8.8072076E-05   32  3.7909966E-08
   33  2.3643493E-04   34  2.5526231E-06   35 -2.1698284E-08   36  1.8482537E-04
   37  9.9684503E-06   38  2.2308235E-05   39  2.5493794E-04   40 -2.0383844E-05
   41 -1.9756404E-05   42  2.3325750E-04   43  6.8129187E-07   44  1.8131152E-06
   45  2.1470920E-04   46  9.8805965E-06   47 -2.2362457E-05   48  2.6077445E-04
   49 -2.0472792E-05   50  1.9826483E-05   51  2.3920509E-04   52  5.9695100E-07
   53 -1.8976077E-06   54  2.2083991E-04   55 -2.7017396E-08   56 -3.1526126E-08
   57  2.6075840E-04   58  3.0990391E-08   59  3.2585994E-08   60  2.5375835E-04
   61 -1.7974456E-08   62 -3.0860599E-08   63  2.2438656E-04   64 -3.0442099E-08
   65  5.7480970E-06   66  2.6125889E-04   67  3.0454410E-08   68 -1.7896951E-06
   69  2.5369957E-04   70 -2.5194283E-08   71  4.8443770E-07   72  2.4280655E-04
   73 -3.2144148E-08   74 -5.8084557E-06   75  2.6806180E-04   76  2.9111544E-08
   77  1.8542659E-06   78  2.6063157E-04   79 -3.1824009E-08   80 -5.7418545E-07
   81  2.4995377E-04   82 -5.8135228E-09   83  2.9927009E-04   84  3.2774366E-05
   85 -2.4535071E-08   86  5.3501680E-07   87 -1.3472845E-05   88 -3.6250509E-09
   89 -1.9744584E-04   90  1.1140442E-04   91 -4.1911735E-09   92  9.1613582E-07
   93 -8.2956418E-05   94 -2.0611291E-08   95  9.0689775E-07   96 -5.6376360E-05
   97 -5.4366477E-10   98  9.3592369E-07   99 -1.1097981E-04  100  1.0755419E-09
  101 -2.9843299E-04  102  3.1593484E-05  103 -2.3038159E-08  104  2.5833890E-07
  105 -1.4659054E-05  106  7.4859284E-10  107  1.9830746E-04  108  1.1022908E-04
  109  1.5234856E-05  110  1.3098869E-05  111 -1.0373053E-04  112 -1.5775461E-07
  113 -1.3200359E-07  114 -5.3254684E-05  115 -1.8848919E-05  116 -2.3465227E-05
  117 -9.7220641E-05  118  6.0262871E-06  119 -1.1644280E-07  120 -9.3818264E-05
  121  5.4097852E-08  122 -1.3339823E-07  123 -7.3120050E-05  124 -1.9384991E-06
  125 -1.1541024E-07  126 -9.8663080E-05  127  1.5245903E-05  128 -1.3242849E-05
  129 -1.0920970E-04  130 -1.4466665E-07  131  1.3363201E-08  132 -5.8845416E-05
  133 -1.8843251E-05  134  2.3358762E-05  135 -1.0292904E-04  136 -1.5316813E-05
  137  1.3109326E-05  138 -1.1220386E-04  139  9.6636877E-08  140 -1.2089033E-07
  141 -6.1915891E-05  142  1.8803050E-05  143 -2.3466196E-05  144 -1.0605553E-04
  145 -6.0951995E-06  146 -1.2511698E-07  147 -1.0285386E-04  148 -9.6757405E-08
  149 -1.4787974E-07  150 -8.2362751E-05  151  1.9014427E-06  152 -1.2952196E-07
  153 -1.0810742E-04  154 -1.5320392E-05  155 -1.3255532E-05  156 -1.1889158E-04
  157  8.0945952E-08  158 -1.6433218E-08  159 -6.8745878E-05  160  1.8795989E-05
  161  2.3342631E-05  162 -1.1304403E-04  163 -2.0720014E-08  164 -8.4594635E-08
  165 -1.4390627E-03  166 -1.3193630E-08  167 -1.5692360E-07  168  4.3655189E-05
  169  4.1519143E-08  170  8.6040340E-08  171  4.3713124E-05  172 -1.5509367E-08
  173  6.6463272E-05  174 -3.1341302E-05  175 -1.3076966E-08  176  2.2759374E-05
  177  6.1898330E-06  178  6.3183858E-08  179 -4.9204281E-05  180  6.4926315E-06
  181 -9.0357752E-09  182 -6.6158821E-05  183 -3.1583450E-05  184 -1.2961066E-08
  185 -2.2582410E-05  186  5.9287189E-06  187  8.5356501E-08  188  4.9878565E-05
  189  6.2200071E-06  190 -2.0260957E-06  191 -9.6485917E-08  192 -5.7624975E-05
  193  3.1178426E-05  194 -1.6339834E-07  195  2.3614140E-05  196 -3.1035558E-05
  197  7.9306865E-08  198  2.4094090E-05  199  2.0392784E-06  200 -8.1281164E-08
  201 -2.4908524E-05  202  3.8673624E-06  203  6.6738698E-06  204 -8.5420911E-06
  205 -2.7622777E-06  206 -1.5057997E-05  207 -8.4641939E-06  208  2.0911355E-06
  209 -2.4867006E-07  210 -2.5533676E-05  211  3.9163860E-06  212 -7.1208430E-06
  213 -9.1967235E-06  214 -2.6904172E-06  215  1.5097909E-05  216 -9.1454656E-06
  217  2.0655780E-06  218 -1.0491888E-07  219 -5.9112296E-05  220 -3.1082085E-05
  221 -1.7124167E-07  222  2.2068788E-05  223  3.1058053E-05  224  7.1131573E-08
  225  2.2573909E-05  226 -1.9918673E-06  227 -8.7531841E-08  228 -2.6456026E-05
  229 -3.7548695E-06  230  6.6742255E-06  231 -1.0153961E-05  232  2.8523940E-06
  233 -1.5068874E-05  234 -1.0124196E-05  235 -2.0414646E-06  236 -2.7880809E-07
  237 -2.7267508E-05  238 -3.8192370E-06  239 -7.1603245E-06  240 -1.1001859E-05
  241  2.8173358E-06  242  1.5068111E-05  243 -1.1008008E-05  244 -2.4854524E-05
  245 -1.0900410E-05  246 -1.0823796E-04  247 -1.5192531E-05  248  1.5057685E-05
  249  8.1878249E-06  250  3.1885783E-05  251 -1.8832001E-05  252  8.8161896E-06
  253 -1.4996179E-05  254 -3.3431949E-07  255 -3.1162531E-05  256 -5.8748088E-06
  257 -3.2873406E-07  258 -1.1329635E-05  259  7.0414939E-06  260 -2.8055038E-07
  261 -1.5362735E-05  262 -2.5295762E-05  263  1.0530644E-05  264 -1.1125711E-04
  265 -1.5690058E-05  266 -1.5353909E-05  267  4.9856940E-06  268  3.1399569E-05
  269  1.8459248E-05  270  5.5641183E-06  271  2.4358134E-05  272 -1.0916060E-05
  273 -1.1346226E-04  274  1.4466744E-05  275  1.5040433E-05  276  2.6382752E-06
  277 -3.2201492E-05  278 -1.8836251E-05  279  3.1596821E-06  280  1.4457737E-05
  281 -3.9469907E-07  282 -3.6983555E-05  283  5.0838088E-06  284 -3.9794212E-07
  285 -1.7396668E-05  286 -7.3905369E-06  287 -3.3128916E-07  288 -2.1655757E-05
  289  2.4813364E-05  290  1.0476389E-05  291 -1.1800263E-04  292  1.5005345E-05
  293 -1.5428317E-05  294 -2.2201153E-06  295 -3.1682981E-05  296  1.8423315E-05
  297 -1.8206422E-06  298  1.8894597E-08  299 -1.3313498E-06  300 -4.1363900E-05
  301 -1.3429684E-07  302  3.0856463E-06  303 -2.6622635E-05  304  9.4354507E-08
  305 -5.0995312E-06  306 -2.3641027E-05  307  1.8961578E-08  308 -1.4903544E-07
  309 -3.9529451E-05  310 -1.3520454E-07  311 -1.5356848E-07  312 -3.0575724E-05
  313  9.3410477E-08  314 -5.9676378E-08  315 -3.1408517E-05  316  1.8401771E-08
  317  1.1334316E-06  318 -4.7442690E-05  319 -1.3603035E-07  320 -3.2411938E-06
  321 -3.3117836E-05  322  9.2576414E-08  323  4.9747829E-06  324 -3.0533546E-05
  325  6.8950398E-10  326  6.9685240E-06  327  5.2017405E-04  328  1.1436400E-07
  329 -3.2993375E-05  330 -1.1263611E-04  331 -5.0861232E-08  332  5.3688505E-05
  333 -1.6921184E-04  334 -1.5326079E-08  335  1.2503259E-06  336  2.0732079E-05
  337  9.0228462E-08  338  1.3291869E-06  339 -3.5376919E-05  340 -6.1622355E-08
  341  1.2069495E-06  342 -1.0445461E-05  343 -3.1042620E-09  344 -5.5101550E-06
  345  5.3037004E-04  346  1.0463359E-07  347  3.4692954E-05  348 -9.9586949E-05
  349 -5.1985533E-08  350 -5.2444848E-05  351 -1.5730279E-04  352 -1.2268895E-05
  353  5.3210343E-06  354  5.0480854E-05  355 -2.2224455E-05  356 -2.2446998E-05
  357 -2.5154514E-05  358  3.0184432E-05  359  3.1209108E-05  360 -2.3580152E-05
  361 -8.9995486E-06  362  1.0439158E-06  363  2.0691349E-05  364 -6.2235126E-06
  365  1.1354253E-06  366 -1.1934401E-05  367  3.6723797E-06  368  1.0540235E-06
  369 -2.2350232E-06  370 -1.3390440E-05  371 -4.0331601E-06  372  5.1455596E-05
  373 -2.4045757E-05  374  2.4152369E-05  375 -2.3706118E-05  376  2.8379717E-05
  377 -2.9926692E-05  378 -2.2945845E-05  379  1.1216577E-05  380  5.4986652E-06
  381  5.2025125E-05  382  2.2478654E-05  383 -2.2904117E-05  384 -2.2619648E-05
  385 -3.0746073E-05  386  3.1178138E-05  387 -2.2775031E-05  388  7.4602134E-06
  389  2.6828218E-06  390  2.1619803E-05  391  5.6085558E-06  392  3.3105223E-06
  393 -1.0316135E-05  394 -4.6824174E-06  395  4.0763962E-06  396 -1.4976483E-06
  397  1.3978397E-05  398 -3.1605099E-07  399  6.1076392E-05  400  3.7119064E-05
  401  3.7992401E-05  402 -2.1895849E-06
 TTTTTTTTTTTTTTTTTTTTTTTTTTTTTT TOTGRA      TELAPSE     9284.62 TCPU     9282.02
 EIGENVECTORS IN FORTRAN UNIT  8
 TTTTTTTTTTTTTTTTTTTTTTTTTTTTTT END         TELAPSE     9288.56 TCPU     9285.76
 EEEEEEEEEE TERMINATION  DATE 25 03 2026 TIME 19:28:40.7
NODE    0 CPU TIME =      9285.762
NODE    1 CPU TIME =      9284.305
NODE    2 CPU TIME =      9286.203
NODE    3 CPU TIME =      9279.479
NODE    4 CPU TIME =      9283.004
NODE    5 CPU TIME =      9285.814
NODE    6 CPU TIME =      9283.687
NODE    7 CPU TIME =      9280.784
NODE    8 CPU TIME =      9282.843
NODE    9 CPU TIME =      9285.667
NODE   10 CPU TIME =      9286.449
NODE   11 CPU TIME =      9285.693
NODE   12 CPU TIME =      9286.376
NODE   13 CPU TIME =      9286.005
NODE   14 CPU TIME =      9286.140
NODE   15 CPU TIME =      9286.007
NODE   16 CPU TIME =      9280.165
NODE   17 CPU TIME =      9283.196
NODE   18 CPU TIME =      9285.690
NODE   19 CPU TIME =      9286.124
NODE   20 CPU TIME =      9282.289
NODE   21 CPU TIME =      9286.242
NODE   22 CPU TIME =      9284.138
NODE   23 CPU TIME =      9286.173
NODE   24 CPU TIME =      9285.567
NODE   25 CPU TIME =      9285.030
NODE   26 CPU TIME =      9285.324
NODE   27 CPU TIME =      9281.605
NODE   28 CPU TIME =      9281.971
NODE   29 CPU TIME =      9281.010
NODE   30 CPU TIME =      9284.815
NODE   31 CPU TIME =      9282.973
    TOTAL CPU TIME =    297096.528
------------------------------------------------------
Pcrystal finished normally
------------------------------------------------------
SCF wavefunction fort.9 saved as /users/zeitzsab/tetra_script_walkthrough/oldPyro_tetra/harm/h_disp9.w
Date: 2026-03-25 19:28:41