Date: 2026-03-25 16:53:49
Running on: nid002436
Temporary directory: /scratch/project_462000878/zeitzsab/h_disp8_43815
Executable: /project/project_462000878/jchem/crystal/23-1.0.1-gnu/install/bin/Pcrystal
Output: /users/zeitzsab/tetra_script_walkthrough/oldPyro_tetra/harm/h_disp8.out
Input data h_disp8.d12
converted and standardized from ase Atoms() object for Ba27Ti27O81 in space group 1
EXTERNAL
ENDGEOM 
256 6 
INPUT 
10. 0 2 2 2 1 0 
9.526986 427.845816 0 
4.487510 204.417530 0 
8.315930 293.605864 0 
4.292217 294.193316 0 
5.916108 112.550402 0 
2.874842 181.782621 0 
3.589465 -33.473174 0 
0 0 3 2.0 1.0 
2.3961900000 -5.9554766710 
2.2433050000 6.6805648241 
0.71740200000 -0.57055347037 
0 0 1 2.0 1.0 
0.27420073547 1.0000000000 
0 1 1 0.0 1.0 
0.13 1.0 1.0 
0 2 4 6.0 1.0 
2.9267420000 0.79815276764 
2.5207180000 -1.0707548832 
0.67578180854 0.34940781448 
0.31985844531 0.65041110673 
0 3 2 0.0 1.0 
0.966315 -0.908938 
0.893828 0.947240 
0 3 1 0.0 1.0 
0.273195 0.322057 
22 12 
0 0 8 2.0 1.0 
211575.69025 .23318151011E-03 
31714.945058 .18079690851E-02 
7217.5476543 .93984311352E-02 
2042.9394247 .38156853618E-01 
665.12896208 .12374757197 
238.74942264 .29208551143 
92.508691001 .41226800855 
36.403919209 .21090534061 
0 0 4 2.0 1.0 
232.72624607 -.24920140738E-01 
71.791209711 -.11746490087 
11.158534615 .56503342318 
4.6548135416 .56211101812 
0 0 2 2.0 1.0 
6.8034629174 -.23011425503 
1.1201076403 .72103186735 
0 0 1 2.0 1.0 
0.48080118839 1.0000000000 
0 0 1 0.0 1.0 
0.24 1.0 
0 1 1 0.0 1.0 
0.12 1.0 1.0 
0 2 6 6.0 1.0 
1063.1474732 .24690839320E-02 
251.56507061 .19773345523E-01 
80.408554854 .90987976672E-01 
29.768193269 .25559900413 
11.736830556 .40489386764 
4.7142375230 .23693402558 
0 2 3 6.0 1.0 
17.796803704 -.27878639615E-01 
2.4272698680 .55672914668 
0.96823445537 1.0055447350 
0 2 1 0.0 1.0 
0.37056694165 1.0000000000 
0 3 4 2.0 1.0 
37.713384723 .11513835092E-01 
10.692931184 .67246343996E-01 
3.6728446990 .21484207775 
1.3588590303 .38890892779 
0 3 1 0.0 1.0 
0.54 1.0 
0 3 1 0.0 1.0 
0.22 1.0 
8 7 
0 0 6 2.0 1.0 
27032.382631 0.21726302465E-03 
4052.3871392 0.16838662199E-02 
922.32722710 0.87395616265E-02 
261.24070989 0.35239968808E-01 
85.354641351 0.11153519115 
31.035035245 0.25588953961 
0 0 2 2.0 1.0 
12.271113873 0.39768730901 
4.9159842006 0.24627849430 
0 0 1 0.0 1.0 
0.90086482370 1.0000000000 
0 1 1 0.0 1.0 
0.25000000000 1.0 1.0 
0 2 4 4.0 1.0 
75.300554155 0.60685103418E-02 
17.743733858 0.41912575824E-01 
5.5355828651 0.16153841088 
2.0685535103 0.35706951311 
0 2 1 0.0 1.0 
0.78238772422 1.0000000000 
0 3 1 0.0 1.0 
1.2000000000 1.0000000000 
99 0 
ENDBAS 
DFT 
PBE0 
ENDDFT 
SHRINK 
0 2 
2 2 2 
TOLINTEG 
8 8 8 8 16 
MAXCYCLE 
100 
FMIXING 
80 
EXCHSIZE 
30000000 
BIPOSIZE 
30000000 
GRADCAL 
ENDEXTERNAL geometry h_disp8.ext is available as /scratch/project_462000878/zeitzsab/h_disp8_43815/fort.34
 PROCESS           13  OF           32  WORKING
 PROCESS           22  OF           32  WORKING
 PROCESS            8  OF           32  WORKING
 PROCESS           11  OF           32  WORKING
 PROCESS            9  OF           32  WORKING
 PROCESS           12  OF           32  WORKING
 PROCESS           15  OF           32  WORKING
 PROCESS           10  OF           32  WORKING
 PROCESS           14  OF           32  WORKING
 PROCESS           17  OF           32  WORKING
 PROCESS           28  OF           32  WORKING
 PROCESS           25  OF           32  WORKING
 PROCESS           19  OF           32  WORKING
 PROCESS           29  OF           32  WORKING
 PROCESS           30  OF           32  WORKING
 PROCESS           31  OF           32  WORKING
 PROCESS           24  OF           32  WORKING
 PROCESS           26  OF           32  WORKING
 PROCESS            1  OF           32  WORKING
 PROCESS            3  OF           32  WORKING
 PROCESS            6  OF           32  WORKING
 PROCESS            0  OF           32  WORKING
 PROCESS            2  OF           32  WORKING
 PROCESS            7  OF           32  WORKING
 PROCESS           16  OF           32  WORKING
 PROCESS           18  OF           32  WORKING
 PROCESS           20  OF           32  WORKING
 PROCESS            4  OF           32  WORKING
 PROCESS            5  OF           32  WORKING
 PROCESS           27  OF           32  WORKING
 PROCESS           21  OF           32  WORKING
 PROCESS           23  OF           32  WORKING

         
 *******************************************************************************
 *                                                                             *
 *                               CRYSTAL23                                     *
 *                      public : 1.0.1 - October 2022                          *
 *                       HTTP://WWW.CRYSTAL.UNITO.IT                           *
 *                                                                             *
 *                              MAIN AUTHORS                                   *
 *                                                                             *
 *  R. DOVESI(1,11), V.R. SAUNDERS(2), C. ROETTI(1,11), R. ORLANDO(1,11),      *
 *  C.M. ZICOVICH-WILSON(1,3), F. PASCALE(4), B. CIVALLERI(1,11),              *
 *  K. DOLL(5), N.M. HARRISON(6), I.J. BUSH(7), Ph. D'ARCO(8),                 *
 *  M. LLUNELL(9), M. CAUSA'(10), Y. NOEL(8), L. MASCHIO(1,11), A. ERBA(1,11)  *
 *  M. RE'RAT(14), S. CASASSA(1,11), B.G. SEARLE(2), J.K. DESMARAIS(1)         *
 *                                                                             *
 *        CONTRIBUTIONS TO THE CODE HAVE ALSO BEEN GIVEN BY                    *
 *                                                                             *
 *  M. FERRABONE(1,11), M. DE LA PIERRE(1,11), M. FERRERO(1,11),               *
 *  J. BAIMA(1,11), E. ALBANESE(1,11), M.F. PEINTINGER(12), R. BAST(13),       *
 *  B. KIRTMAN(15), V. LACIVITA(1,11), R. DEMICHELIS(1,16)                     *
 *  G. BRANDEBURG(17), S. SALUSTRO(1,11), G. SANSONE(1,11)                     *
 *  M.T. RUGGIERO(18), L.E. DAGA(1), L. DONA'(1), A. COSSARD(1)                *
 *                                                                             *
 * (1) THEORETICAL CHEMISTRY GROUP - UNIVERSITA' DI TORINO - TORINO (ITALY)    *
 * (2) SCIENTIFIC COMPUTING DEPARTMENT - STFC DARESBURY (UK)                   *
 * (3) UNIVERSIDAD AUTONOMA DEL ESTADO DE MORELOS - CUERNAVACA (MEXICO)        *
 * (4) UNIVERSITE' DE LORRAINE - NANCY (FRANCE)                                *
 * (5) UNIVERSITAET STUTTGART- STUTTGART (GERMANY)                             *
 * (6) IMPERIAL COLLEGE - LONDON (UK)                                          *
 * (7) SCIENTIFIC COMPUTING DEPARTMENT - STFC RAL (UK)                         *
 * (8) UPMC - SORBONNE UNIVERSITES - PARIS (FRANCE)                            *
 * (9) UNIVERSIDAD DE BARCELONA - BARCELONA (SPAIN)                            *
 *(10) UNIVERSITA' DI NAPOLI "FEDERICO II" - NAPOLI (ITALY)                    *
 *(11) NIS - NANOSTRUCTURED INTERFACES AND SURFACES - TORINO (ITALY)           *
 *(12) MPI FUER CHEMISCHE ENERGIEKONVERSION - MUELHEIM AN DER RUHR (GERMANY)   *
 *(13) UNIVERSITY OF TROMSO - TROMSO (NORWAY)                                  *
 *(14) UNIVERSITE' DE PAU ET DES PAYS DE L'ADOUR - PAU (FRANCE)                *
 *(15) UNIVERSITY OF CALIFORNIA SANTA BARBARA - SANTA BARBARA (USA)            *
 *(16) CURTIN UNIVERSITY - PERTH (AUSTRALIA)                                   *
 *(17) UNIVERSITY COLLEGE LONDON - LONDON (UK)                                 *
 *(18) UNIVERSITY OF VERMONT - BURLINGTON (USA)                                *
 *                                                                             *
 *******************************************************************************
 EEEEEEEEEE STARTING  DATE 25 03 2026 TIME 16:53:52.6
 converted and standardized from ase Atoms() object for Ba27Ti27O81 in space grou
 filename=fort.34                        0           0

 GEOMETRY INPUT FROM EXTERNAL FILE (FORTRAN UNIT 34)
 3D - CRYSTAL 

 *******************************************************************************
 LATTICE PARAMETERS  (ANGSTROMS AND DEGREES) - PRIMITIVE CELL
       A          B          C        ALPHA      BETA     GAMMA        VOLUME
   11.90773   11.90773   12.27480    90.00000  90.00000  90.00000   1740.493702
 INFORMATION **** CHKGRP **** SPGR WITH NO INVERSION

 NUMBER OF IRREDUCIBLE ATOMS IN THE CELL:  135

 CARTESIAN COORDINATES (ANGSTROM) - IRREDUCIBLE ATOMS AND SYMMETRY RELATED

 AT.IRR.  AT  AT.N.          X                   Y                   Z
     1     1   256    0.000000000000E+00  0.000000000000E+00  2.618623104000E-02
     2     2   256    0.000000000000E+00  0.000000000000E+00  4.117784831040E+00
     3     3   256    0.000000000000E+00  0.000000000000E+00  8.209383431040E+00
     4     4   256    0.000000000000E+00  3.969244350000E+00  2.618623104000E-02
     5     5   256    0.000000000000E+00  3.969244350000E+00  4.117784831040E+00
     6     6   256    0.000000000000E+00  3.969244350000E+00  8.209383431040E+00
     7     7   256    0.000000000000E+00  7.938488700000E+00  2.618623104000E-02
     8     8   256    0.000000000000E+00  7.938488700000E+00  4.117784831040E+00
     9     9   256    0.000000000000E+00  7.938488700000E+00  8.209383431040E+00
    10    10   256    3.969244350000E+00  0.000000000000E+00  2.618623104000E-02
    11    11   256    3.969244350000E+00  0.000000000000E+00  4.117784831040E+00
    12    12   256    3.969244350000E+00  0.000000000000E+00  8.209383431040E+00
    13    13   256    3.969244350000E+00  3.969244350000E+00  2.618623104000E-02
    14    14   256    3.969244350000E+00  3.969244350000E+00  4.117784831040E+00
    15    15   256    3.969244350000E+00  3.969244350000E+00  8.209383431040E+00
    16    16   256    3.969244350000E+00  7.938488700000E+00  2.618623104000E-02
    17    17   256    3.969244350000E+00  7.938488700000E+00  4.117784831040E+00
    18    18   256    3.969244350000E+00  7.938488700000E+00  8.209383431040E+00
    19    19   256    7.938488700000E+00  0.000000000000E+00  2.618623104000E-02
    20    20   256    7.938488700000E+00  0.000000000000E+00  4.117784831040E+00
    21    21   256    7.938488700000E+00  0.000000000000E+00  8.209383431040E+00
    22    22   256    7.938488700000E+00  3.969244350000E+00  2.618623104000E-02
    23    23   256    7.938488700000E+00  3.969244350000E+00  4.117784831040E+00
    24    24   256    7.938488700000E+00  3.969244350000E+00  8.209383431040E+00
    25    25   256    7.938488700000E+00  7.938488700000E+00  2.618623104000E-02
    26    26   256    7.938488700000E+00  7.938488700000E+00  4.117784831040E+00
    27    27   256    7.938488700000E+00  7.938488700000E+00  8.209383431040E+00
    28    28     8    1.984622175000E+00  1.984622175000E+00  3.960626528814E+00
    29    29     8    1.984622175000E+00  1.984622175000E+00  8.052225128814E+00
    30    30     8    1.984622175000E+00  1.984622175000E+00  1.214382372881E+01
    31    31     8    1.984622175000E+00  5.953866525000E+00  3.960626528814E+00
    32    32     8    1.984622175000E+00  5.953866525000E+00  8.052225128814E+00
    33    33     8    1.984622175000E+00  5.953866525000E+00  1.214382372881E+01
    34    34     8    1.984622175000E+00  9.923110875000E+00  3.960626528814E+00
    35    35     8    1.984622175000E+00  9.923110875000E+00  8.052225128814E+00
    36    36     8    1.984622175000E+00  9.923110875000E+00  1.214382372881E+01
    37    37     8    5.953866525000E+00  1.984622175000E+00  3.960626528814E+00
    38    38     8    5.953866525000E+00  1.984622175000E+00  8.052225128814E+00
    39    39     8    5.953866525000E+00  1.984622175000E+00  1.214382372881E+01
    40    40     8    5.953866525000E+00  5.953866525000E+00  3.960626528814E+00
    41    41     8    5.953866525000E+00  5.953866525000E+00  8.052225128814E+00
    42    42     8    5.953866525000E+00  5.953866525000E+00  1.214382372881E+01
    43    43     8    5.953866525000E+00  9.923110875000E+00  3.960626528814E+00
    44    44     8    5.953866525000E+00  9.923110875000E+00  8.052225128814E+00
    45    45     8    5.953866525000E+00  9.923110875000E+00  1.214382372881E+01
    46    46     8    9.923110875000E+00  1.984622175000E+00  3.960626528814E+00
    47    47     8    9.923110875000E+00  1.984622175000E+00  8.052225128814E+00
    48    48     8    9.923110875000E+00  1.984622175000E+00  1.214382372881E+01
    49    49     8    9.923110875000E+00  5.953866525000E+00  3.960626528814E+00
    50    50     8    9.923110875000E+00  5.953866525000E+00  8.052225128814E+00
    51    51     8    9.923110875000E+00  5.953866525000E+00  1.214382372881E+01
    52    52     8    9.923110875000E+00  9.923110875000E+00  3.960626528814E+00
    53    53     8    9.923110875000E+00  9.923110875000E+00  8.052225128814E+00
    54    54     8    9.923110875000E+00  9.923110875000E+00  1.214382372881E+01
    55    55     8    1.984622175000E+00  1.000000000000E-02  1.985775548538E+00
    56    56     8    1.984622175000E+00  0.000000000000E+00  6.077374148538E+00
    57    57     8    1.984622175000E+00  0.000000000000E+00  1.016897274854E+01
    58    58     8    1.984622175000E+00  3.969244350000E+00  1.985775548538E+00
    59    59     8    1.984622175000E+00  3.969244350000E+00  6.077374148538E+00
    60    60     8    1.984622175000E+00  3.969244350000E+00  1.016897274854E+01
    61    61     8    1.984622175000E+00  7.938488700000E+00  1.985775548538E+00
    62    62     8    1.984622175000E+00  7.938488700000E+00  6.077374148538E+00
    63    63     8    1.984622175000E+00  7.938488700000E+00  1.016897274854E+01
    64    64     8    5.953866525000E+00  0.000000000000E+00  1.985775548538E+00
    65    65     8    5.953866525000E+00  0.000000000000E+00  6.077374148538E+00
    66    66     8    5.953866525000E+00  0.000000000000E+00  1.016897274854E+01
    67    67     8    5.953866525000E+00  3.969244350000E+00  1.985775548538E+00
    68    68     8    5.953866525000E+00  3.969244350000E+00  6.077374148538E+00
    69    69     8    5.953866525000E+00  3.969244350000E+00  1.016897274854E+01
    70    70     8    5.953866525000E+00  7.938488700000E+00  1.985775548538E+00
    71    71     8    5.953866525000E+00  7.938488700000E+00  6.077374148538E+00
    72    72     8    5.953866525000E+00  7.938488700000E+00  1.016897274854E+01
    73    73     8    9.923110875000E+00  0.000000000000E+00  1.985775548538E+00
    74    74     8    9.923110875000E+00  0.000000000000E+00  6.077374148538E+00
    75    75     8    9.923110875000E+00  0.000000000000E+00  1.016897274854E+01
    76    76     8    9.923110875000E+00  3.969244350000E+00  1.985775548538E+00
    77    77     8    9.923110875000E+00  3.969244350000E+00  6.077374148538E+00
    78    78     8    9.923110875000E+00  3.969244350000E+00  1.016897274854E+01
    79    79     8    9.923110875000E+00  7.938488700000E+00  1.985775548538E+00
    80    80     8    9.923110875000E+00  7.938488700000E+00  6.077374148538E+00
    81    81     8    9.923110875000E+00  7.938488700000E+00  1.016897274854E+01
    82    82     8    0.000000000000E+00  1.984622175000E+00  1.985775548538E+00
    83    83     8    0.000000000000E+00  1.984622175000E+00  6.077374148538E+00
    84    84     8    0.000000000000E+00  1.984622175000E+00  1.016897274854E+01
    85    85     8    0.000000000000E+00  5.953866525000E+00  1.985775548538E+00
    86    86     8    0.000000000000E+00  5.953866525000E+00  6.077374148538E+00
    87    87     8    0.000000000000E+00  5.953866525000E+00  1.016897274854E+01
    88    88     8    0.000000000000E+00  9.923110875000E+00  1.985775548538E+00
    89    89     8    0.000000000000E+00  9.923110875000E+00  6.077374148538E+00
    90    90     8    0.000000000000E+00  9.923110875000E+00  1.016897274854E+01
    91    91     8    3.969244350000E+00  1.984622175000E+00  1.985775548538E+00
    92    92     8    3.969244350000E+00  1.984622175000E+00  6.077374148538E+00
    93    93     8    3.969244350000E+00  1.984622175000E+00  1.016897274854E+01
    94    94     8    3.969244350000E+00  5.953866525000E+00  1.985775548538E+00
    95    95     8    3.969244350000E+00  5.953866525000E+00  6.077374148538E+00
    96    96     8    3.969244350000E+00  5.953866525000E+00  1.016897274854E+01
    97    97     8    3.969244350000E+00  9.923110875000E+00  1.985775548538E+00
    98    98     8    3.969244350000E+00  9.923110875000E+00  6.077374148538E+00
    99    99     8    3.969244350000E+00  9.923110875000E+00  1.016897274854E+01
   100   100     8    7.938488700000E+00  1.984622175000E+00  1.985775548538E+00
   101   101     8    7.938488700000E+00  1.984622175000E+00  6.077374148538E+00
   102   102     8    7.938488700000E+00  1.984622175000E+00  1.016897274854E+01
   103   103     8    7.938488700000E+00  5.953866525000E+00  1.985775548538E+00
   104   104     8    7.938488700000E+00  5.953866525000E+00  6.077374148538E+00
   105   105     8    7.938488700000E+00  5.953866525000E+00  1.016897274854E+01
   106   106     8    7.938488700000E+00  9.923110875000E+00  1.985775548538E+00
   107   107     8    7.938488700000E+00  9.923110875000E+00  6.077374148538E+00
   108   108     8    7.938488700000E+00  9.923110875000E+00  1.016897274854E+01
   109   109    22    1.984622175000E+00  1.984622175000E+00  2.147434609224E+00
   110   110    22    1.984622175000E+00  1.984622175000E+00  6.239033209224E+00
   111   111    22    1.984622175000E+00  1.984622175000E+00  1.033063180922E+01
   112   112    22    1.984622175000E+00  5.953866525000E+00  2.147434609224E+00
   113   113    22    1.984622175000E+00  5.953866525000E+00  6.239033209224E+00
   114   114    22    1.984622175000E+00  5.953866525000E+00  1.033063180922E+01
   115   115    22    1.984622175000E+00  9.923110875000E+00  2.147434609224E+00
   116   116    22    1.984622175000E+00  9.923110875000E+00  6.239033209224E+00
   117   117    22    1.984622175000E+00  9.923110875000E+00  1.033063180922E+01
   118   118    22    5.953866525000E+00  1.984622175000E+00  2.147434609224E+00
   119   119    22    5.953866525000E+00  1.984622175000E+00  6.239033209224E+00
   120   120    22    5.953866525000E+00  1.984622175000E+00  1.033063180922E+01
   121   121    22    5.953866525000E+00  5.953866525000E+00  2.147434609224E+00
   122   122    22    5.953866525000E+00  5.953866525000E+00  6.239033209224E+00
   123   123    22    5.953866525000E+00  5.953866525000E+00  1.033063180922E+01
   124   124    22    5.953866525000E+00  9.923110875000E+00  2.147434609224E+00
   125   125    22    5.953866525000E+00  9.923110875000E+00  6.239033209224E+00
   126   126    22    5.953866525000E+00  9.923110875000E+00  1.033063180922E+01
   127   127    22    9.923110875000E+00  1.984622175000E+00  2.147434609224E+00
   128   128    22    9.923110875000E+00  1.984622175000E+00  6.239033209224E+00
   129   129    22    9.923110875000E+00  1.984622175000E+00  1.033063180922E+01
   130   130    22    9.923110875000E+00  5.953866525000E+00  2.147434609224E+00
   131   131    22    9.923110875000E+00  5.953866525000E+00  6.239033209224E+00
   132   132    22    9.923110875000E+00  5.953866525000E+00  1.033063180922E+01
   133   133    22    9.923110875000E+00  9.923110875000E+00  2.147434609224E+00
   134   134    22    9.923110875000E+00  9.923110875000E+00  6.239033209224E+00
   135   135    22    9.923110875000E+00  9.923110875000E+00  1.033063180922E+01
 NUMBER OF SYMMETRY OPERATORS         :    1
 *******************************************************************************
 LATTICE PARAMETERS (ANGSTROMS AND DEGREES) - BOHR = 0.5291772083 ANGSTROM
 PRIMITIVE CELL - CENTRING CODE 1/0 VOLUME=  1740.493702 - DENSITY  6.022 g/cm^3
         A              B              C           ALPHA      BETA       GAMMA 
    11.90773305    11.90773305    12.27479580    90.000000  90.000000  90.000000
 *******************************************************************************
 ATOMS IN THE ASYMMETRIC UNIT  135 - ATOMS IN THE UNIT CELL:  135
     ATOM                 X/A                 Y/B                 Z/C    
 *******************************************************************************
      1 T 256 BA    0.000000000000E+00  0.000000000000E+00  2.133333333333E-03
      2 T 256 BA    0.000000000000E+00  0.000000000000E+00  3.354666666667E-01
      3 T 256 BA    0.000000000000E+00  0.000000000000E+00 -3.312000000000E-01
      4 T 256 BA    0.000000000000E+00  3.333333333333E-01  2.133333333333E-03
      5 T 256 BA    0.000000000000E+00  3.333333333333E-01  3.354666666667E-01
      6 T 256 BA    0.000000000000E+00  3.333333333333E-01 -3.312000000000E-01
      7 T 256 BA    0.000000000000E+00 -3.333333333333E-01  2.133333333333E-03
      8 T 256 BA    0.000000000000E+00 -3.333333333333E-01  3.354666666667E-01
      9 T 256 BA    0.000000000000E+00 -3.333333333333E-01 -3.312000000000E-01
     10 T 256 BA    3.333333333333E-01  0.000000000000E+00  2.133333333333E-03
     11 T 256 BA    3.333333333333E-01  0.000000000000E+00  3.354666666667E-01
     12 T 256 BA    3.333333333333E-01  0.000000000000E+00 -3.312000000000E-01
     13 T 256 BA    3.333333333333E-01  3.333333333333E-01  2.133333333333E-03
     14 T 256 BA    3.333333333333E-01  3.333333333333E-01  3.354666666667E-01
     15 T 256 BA    3.333333333333E-01  3.333333333333E-01 -3.312000000000E-01
     16 T 256 BA    3.333333333333E-01 -3.333333333333E-01  2.133333333333E-03
     17 T 256 BA    3.333333333333E-01 -3.333333333333E-01  3.354666666667E-01
     18 T 256 BA    3.333333333333E-01 -3.333333333333E-01 -3.312000000000E-01
     19 T 256 BA   -3.333333333333E-01  0.000000000000E+00  2.133333333333E-03
     20 T 256 BA   -3.333333333333E-01  0.000000000000E+00  3.354666666667E-01
     21 T 256 BA   -3.333333333333E-01  0.000000000000E+00 -3.312000000000E-01
     22 T 256 BA   -3.333333333333E-01  3.333333333333E-01  2.133333333333E-03
     23 T 256 BA   -3.333333333333E-01  3.333333333333E-01  3.354666666667E-01
     24 T 256 BA   -3.333333333333E-01  3.333333333333E-01 -3.312000000000E-01
     25 T 256 BA   -3.333333333333E-01 -3.333333333333E-01  2.133333333333E-03
     26 T 256 BA   -3.333333333333E-01 -3.333333333333E-01  3.354666666667E-01
     27 T 256 BA   -3.333333333333E-01 -3.333333333333E-01 -3.312000000000E-01
     28 T   8 O     1.666666666667E-01  1.666666666667E-01  3.226633333333E-01
     29 T   8 O     1.666666666667E-01  1.666666666667E-01 -3.440033333333E-01
     30 T   8 O     1.666666666667E-01  1.666666666667E-01 -1.067000000000E-02
     31 T   8 O     1.666666666667E-01  5.000000000000E-01  3.226633333333E-01
     32 T   8 O     1.666666666667E-01  5.000000000000E-01 -3.440033333333E-01
     33 T   8 O     1.666666666667E-01  5.000000000000E-01 -1.067000000000E-02
     34 T   8 O     1.666666666667E-01 -1.666666666667E-01  3.226633333333E-01
     35 T   8 O     1.666666666667E-01 -1.666666666667E-01 -3.440033333333E-01
     36 T   8 O     1.666666666667E-01 -1.666666666667E-01 -1.067000000000E-02
     37 T   8 O     5.000000000000E-01  1.666666666667E-01  3.226633333333E-01
     38 T   8 O     5.000000000000E-01  1.666666666667E-01 -3.440033333333E-01
     39 T   8 O     5.000000000000E-01  1.666666666667E-01 -1.067000000000E-02
     40 T   8 O     5.000000000000E-01  5.000000000000E-01  3.226633333333E-01
     41 T   8 O     5.000000000000E-01  5.000000000000E-01 -3.440033333333E-01
     42 T   8 O     5.000000000000E-01  5.000000000000E-01 -1.067000000000E-02
     43 T   8 O     5.000000000000E-01 -1.666666666667E-01  3.226633333333E-01
     44 T   8 O     5.000000000000E-01 -1.666666666667E-01 -3.440033333333E-01
     45 T   8 O     5.000000000000E-01 -1.666666666667E-01 -1.067000000000E-02
     46 T   8 O    -1.666666666667E-01  1.666666666667E-01  3.226633333333E-01
     47 T   8 O    -1.666666666667E-01  1.666666666667E-01 -3.440033333333E-01
     48 T   8 O    -1.666666666667E-01  1.666666666667E-01 -1.067000000000E-02
     49 T   8 O    -1.666666666667E-01  5.000000000000E-01  3.226633333333E-01
     50 T   8 O    -1.666666666667E-01  5.000000000000E-01 -3.440033333333E-01
     51 T   8 O    -1.666666666667E-01  5.000000000000E-01 -1.067000000000E-02
     52 T   8 O    -1.666666666667E-01 -1.666666666667E-01  3.226633333333E-01
     53 T   8 O    -1.666666666667E-01 -1.666666666667E-01 -3.440033333333E-01
     54 T   8 O    -1.666666666667E-01 -1.666666666667E-01 -1.067000000000E-02
     55 T   8 O     1.666666666667E-01  8.397904083011E-04  1.617766666667E-01
     56 T   8 O     1.666666666667E-01  0.000000000000E+00  4.951100000000E-01
     57 T   8 O     1.666666666667E-01  0.000000000000E+00 -1.715566666667E-01
     58 T   8 O     1.666666666667E-01  3.333333333333E-01  1.617766666667E-01
     59 T   8 O     1.666666666667E-01  3.333333333333E-01  4.951100000000E-01
     60 T   8 O     1.666666666667E-01  3.333333333333E-01 -1.715566666667E-01
     61 T   8 O     1.666666666667E-01 -3.333333333333E-01  1.617766666667E-01
     62 T   8 O     1.666666666667E-01 -3.333333333333E-01  4.951100000000E-01
     63 T   8 O     1.666666666667E-01 -3.333333333333E-01 -1.715566666667E-01
     64 T   8 O     5.000000000000E-01  0.000000000000E+00  1.617766666667E-01
     65 T   8 O     5.000000000000E-01  0.000000000000E+00  4.951100000000E-01
     66 T   8 O     5.000000000000E-01  0.000000000000E+00 -1.715566666667E-01
     67 T   8 O     5.000000000000E-01  3.333333333333E-01  1.617766666667E-01
     68 T   8 O     5.000000000000E-01  3.333333333333E-01  4.951100000000E-01
     69 T   8 O     5.000000000000E-01  3.333333333333E-01 -1.715566666667E-01
     70 T   8 O     5.000000000000E-01 -3.333333333333E-01  1.617766666667E-01
     71 T   8 O     5.000000000000E-01 -3.333333333333E-01  4.951100000000E-01
     72 T   8 O     5.000000000000E-01 -3.333333333333E-01 -1.715566666667E-01
     73 T   8 O    -1.666666666667E-01  0.000000000000E+00  1.617766666667E-01
     74 T   8 O    -1.666666666667E-01  0.000000000000E+00  4.951100000000E-01
     75 T   8 O    -1.666666666667E-01  0.000000000000E+00 -1.715566666667E-01
     76 T   8 O    -1.666666666667E-01  3.333333333333E-01  1.617766666667E-01
     77 T   8 O    -1.666666666667E-01  3.333333333333E-01  4.951100000000E-01
     78 T   8 O    -1.666666666667E-01  3.333333333333E-01 -1.715566666667E-01
     79 T   8 O    -1.666666666667E-01 -3.333333333333E-01  1.617766666667E-01
     80 T   8 O    -1.666666666667E-01 -3.333333333333E-01  4.951100000000E-01
     81 T   8 O    -1.666666666667E-01 -3.333333333333E-01 -1.715566666667E-01
     82 T   8 O     0.000000000000E+00  1.666666666667E-01  1.617766666667E-01
     83 T   8 O     0.000000000000E+00  1.666666666667E-01  4.951100000000E-01
     84 T   8 O     0.000000000000E+00  1.666666666667E-01 -1.715566666667E-01
     85 T   8 O     0.000000000000E+00  5.000000000000E-01  1.617766666667E-01
     86 T   8 O     0.000000000000E+00  5.000000000000E-01  4.951100000000E-01
     87 T   8 O     0.000000000000E+00  5.000000000000E-01 -1.715566666667E-01
     88 T   8 O     0.000000000000E+00 -1.666666666667E-01  1.617766666667E-01
     89 T   8 O     0.000000000000E+00 -1.666666666667E-01  4.951100000000E-01
     90 T   8 O     0.000000000000E+00 -1.666666666667E-01 -1.715566666667E-01
     91 T   8 O     3.333333333333E-01  1.666666666667E-01  1.617766666667E-01
     92 T   8 O     3.333333333333E-01  1.666666666667E-01  4.951100000000E-01
     93 T   8 O     3.333333333333E-01  1.666666666667E-01 -1.715566666667E-01
     94 T   8 O     3.333333333333E-01  5.000000000000E-01  1.617766666667E-01
     95 T   8 O     3.333333333333E-01  5.000000000000E-01  4.951100000000E-01
     96 T   8 O     3.333333333333E-01  5.000000000000E-01 -1.715566666667E-01
     97 T   8 O     3.333333333333E-01 -1.666666666667E-01  1.617766666667E-01
     98 T   8 O     3.333333333333E-01 -1.666666666667E-01  4.951100000000E-01
     99 T   8 O     3.333333333333E-01 -1.666666666667E-01 -1.715566666667E-01
    100 T   8 O    -3.333333333333E-01  1.666666666667E-01  1.617766666667E-01
    101 T   8 O    -3.333333333333E-01  1.666666666667E-01  4.951100000000E-01
    102 T   8 O    -3.333333333333E-01  1.666666666667E-01 -1.715566666667E-01
    103 T   8 O    -3.333333333333E-01  5.000000000000E-01  1.617766666667E-01
    104 T   8 O    -3.333333333333E-01  5.000000000000E-01  4.951100000000E-01
    105 T   8 O    -3.333333333333E-01  5.000000000000E-01 -1.715566666667E-01
    106 T   8 O    -3.333333333333E-01 -1.666666666667E-01  1.617766666667E-01
    107 T   8 O    -3.333333333333E-01 -1.666666666667E-01  4.951100000000E-01
    108 T   8 O    -3.333333333333E-01 -1.666666666667E-01 -1.715566666667E-01
    109 T  22 TI    1.666666666667E-01  1.666666666667E-01  1.749466666667E-01
    110 T  22 TI    1.666666666667E-01  1.666666666667E-01 -4.917200000000E-01
    111 T  22 TI    1.666666666667E-01  1.666666666667E-01 -1.583866666667E-01
    112 T  22 TI    1.666666666667E-01  5.000000000000E-01  1.749466666667E-01
    113 T  22 TI    1.666666666667E-01  5.000000000000E-01 -4.917200000000E-01
    114 T  22 TI    1.666666666667E-01  5.000000000000E-01 -1.583866666667E-01
    115 T  22 TI    1.666666666667E-01 -1.666666666667E-01  1.749466666667E-01
    116 T  22 TI    1.666666666667E-01 -1.666666666667E-01 -4.917200000000E-01
    117 T  22 TI    1.666666666667E-01 -1.666666666667E-01 -1.583866666667E-01
    118 T  22 TI    5.000000000000E-01  1.666666666667E-01  1.749466666667E-01
    119 T  22 TI    5.000000000000E-01  1.666666666667E-01 -4.917200000000E-01
    120 T  22 TI    5.000000000000E-01  1.666666666667E-01 -1.583866666667E-01
    121 T  22 TI    5.000000000000E-01  5.000000000000E-01  1.749466666667E-01
    122 T  22 TI    5.000000000000E-01  5.000000000000E-01 -4.917200000000E-01
    123 T  22 TI    5.000000000000E-01  5.000000000000E-01 -1.583866666667E-01
    124 T  22 TI    5.000000000000E-01 -1.666666666667E-01  1.749466666667E-01
    125 T  22 TI    5.000000000000E-01 -1.666666666667E-01 -4.917200000000E-01
    126 T  22 TI    5.000000000000E-01 -1.666666666667E-01 -1.583866666667E-01
    127 T  22 TI   -1.666666666667E-01  1.666666666667E-01  1.749466666667E-01
    128 T  22 TI   -1.666666666667E-01  1.666666666667E-01 -4.917200000000E-01
    129 T  22 TI   -1.666666666667E-01  1.666666666667E-01 -1.583866666667E-01
    130 T  22 TI   -1.666666666667E-01  5.000000000000E-01  1.749466666667E-01
    131 T  22 TI   -1.666666666667E-01  5.000000000000E-01 -4.917200000000E-01
    132 T  22 TI   -1.666666666667E-01  5.000000000000E-01 -1.583866666667E-01
    133 T  22 TI   -1.666666666667E-01 -1.666666666667E-01  1.749466666667E-01
    134 T  22 TI   -1.666666666667E-01 -1.666666666667E-01 -4.917200000000E-01
    135 T  22 TI   -1.666666666667E-01 -1.666666666667E-01 -1.583866666667E-01

 T = ATOM BELONGING TO THE ASYMMETRIC UNIT
 *******************************************************************************
 * GEOMETRY EDITING - INPUT COORDINATES ARE GIVEN IN ANGSTROM         
 *******************************************************************************

 GCALCO - MAX INDICES DIRECT LATTICE VECTOR    15    15    14
 NO.OF VECTORS CREATED 6999 STARS  514 RMAX   270.02825 BOHR

 GEOMETRY FOR WAVE FUNCTION - DIMENSIONALITY OF THE SYSTEM    3
 (NON PERIODIC DIRECTION: LATTICE PARAMETER FORMALLY SET TO 500)
 *******************************************************************************
 LATTICE PARAMETERS (ANGSTROMS AND DEGREES) - BOHR = 0.5291772083 ANGSTROM
 PRIMITIVE CELL - CENTRING CODE 1/0 VOLUME=  1740.493702 - DENSITY  6.022 g/cm^3
         A              B              C           ALPHA      BETA       GAMMA 
    11.90773305    11.90773305    12.27479580    90.000000  90.000000  90.000000
 *******************************************************************************
 ATOMS IN THE ASYMMETRIC UNIT  135 - ATOMS IN THE UNIT CELL:  135
     ATOM                 X/A                 Y/B                 Z/C    
 *******************************************************************************
      1 T 256 BA    0.000000000000E+00  0.000000000000E+00  2.133333333333E-03
      2 T 256 BA    0.000000000000E+00  0.000000000000E+00  3.354666666667E-01
      3 T 256 BA    0.000000000000E+00  0.000000000000E+00 -3.312000000000E-01
      4 T 256 BA    0.000000000000E+00  3.333333333333E-01  2.133333333333E-03
      5 T 256 BA    0.000000000000E+00  3.333333333333E-01  3.354666666667E-01
      6 T 256 BA    0.000000000000E+00  3.333333333333E-01 -3.312000000000E-01
      7 T 256 BA    0.000000000000E+00 -3.333333333333E-01  2.133333333333E-03
      8 T 256 BA    0.000000000000E+00 -3.333333333333E-01  3.354666666667E-01
      9 T 256 BA    0.000000000000E+00 -3.333333333333E-01 -3.312000000000E-01
     10 T 256 BA    3.333333333333E-01  0.000000000000E+00  2.133333333333E-03
     11 T 256 BA    3.333333333333E-01  0.000000000000E+00  3.354666666667E-01
     12 T 256 BA    3.333333333333E-01  0.000000000000E+00 -3.312000000000E-01
     13 T 256 BA    3.333333333333E-01  3.333333333333E-01  2.133333333333E-03
     14 T 256 BA    3.333333333333E-01  3.333333333333E-01  3.354666666667E-01
     15 T 256 BA    3.333333333333E-01  3.333333333333E-01 -3.312000000000E-01
     16 T 256 BA    3.333333333333E-01 -3.333333333333E-01  2.133333333333E-03
     17 T 256 BA    3.333333333333E-01 -3.333333333333E-01  3.354666666667E-01
     18 T 256 BA    3.333333333333E-01 -3.333333333333E-01 -3.312000000000E-01
     19 T 256 BA   -3.333333333333E-01  0.000000000000E+00  2.133333333333E-03
     20 T 256 BA   -3.333333333333E-01  0.000000000000E+00  3.354666666667E-01
     21 T 256 BA   -3.333333333333E-01  0.000000000000E+00 -3.312000000000E-01
     22 T 256 BA   -3.333333333333E-01  3.333333333333E-01  2.133333333333E-03
     23 T 256 BA   -3.333333333333E-01  3.333333333333E-01  3.354666666667E-01
     24 T 256 BA   -3.333333333333E-01  3.333333333333E-01 -3.312000000000E-01
     25 T 256 BA   -3.333333333333E-01 -3.333333333333E-01  2.133333333333E-03
     26 T 256 BA   -3.333333333333E-01 -3.333333333333E-01  3.354666666667E-01
     27 T 256 BA   -3.333333333333E-01 -3.333333333333E-01 -3.312000000000E-01
     28 T   8 O     1.666666666667E-01  1.666666666667E-01  3.226633333333E-01
     29 T   8 O     1.666666666667E-01  1.666666666667E-01 -3.440033333333E-01
     30 T   8 O     1.666666666667E-01  1.666666666667E-01 -1.067000000000E-02
     31 T   8 O     1.666666666667E-01 -5.000000000000E-01  3.226633333333E-01
     32 T   8 O     1.666666666667E-01 -5.000000000000E-01 -3.440033333333E-01
     33 T   8 O     1.666666666667E-01 -5.000000000000E-01 -1.067000000000E-02
     34 T   8 O     1.666666666667E-01 -1.666666666667E-01  3.226633333333E-01
     35 T   8 O     1.666666666667E-01 -1.666666666667E-01 -3.440033333333E-01
     36 T   8 O     1.666666666667E-01 -1.666666666667E-01 -1.067000000000E-02
     37 T   8 O    -5.000000000000E-01  1.666666666667E-01  3.226633333333E-01
     38 T   8 O    -5.000000000000E-01  1.666666666667E-01 -3.440033333333E-01
     39 T   8 O    -5.000000000000E-01  1.666666666667E-01 -1.067000000000E-02
     40 T   8 O    -5.000000000000E-01 -5.000000000000E-01  3.226633333333E-01
     41 T   8 O    -5.000000000000E-01 -5.000000000000E-01 -3.440033333333E-01
     42 T   8 O    -5.000000000000E-01 -5.000000000000E-01 -1.067000000000E-02
     43 T   8 O    -5.000000000000E-01 -1.666666666667E-01  3.226633333333E-01
     44 T   8 O    -5.000000000000E-01 -1.666666666667E-01 -3.440033333333E-01
     45 T   8 O    -5.000000000000E-01 -1.666666666667E-01 -1.067000000000E-02
     46 T   8 O    -1.666666666667E-01  1.666666666667E-01  3.226633333333E-01
     47 T   8 O    -1.666666666667E-01  1.666666666667E-01 -3.440033333333E-01
     48 T   8 O    -1.666666666667E-01  1.666666666667E-01 -1.067000000000E-02
     49 T   8 O    -1.666666666667E-01 -5.000000000000E-01  3.226633333333E-01
     50 T   8 O    -1.666666666667E-01 -5.000000000000E-01 -3.440033333333E-01
     51 T   8 O    -1.666666666667E-01 -5.000000000000E-01 -1.067000000000E-02
     52 T   8 O    -1.666666666667E-01 -1.666666666667E-01  3.226633333333E-01
     53 T   8 O    -1.666666666667E-01 -1.666666666667E-01 -3.440033333333E-01
     54 T   8 O    -1.666666666667E-01 -1.666666666667E-01 -1.067000000000E-02
     55 T   8 O     1.666666666667E-01  8.397904083011E-04  1.617766666667E-01
     56 T   8 O     1.666666666667E-01  0.000000000000E+00  4.951100000000E-01
     57 T   8 O     1.666666666667E-01  0.000000000000E+00 -1.715566666667E-01
     58 T   8 O     1.666666666667E-01  3.333333333333E-01  1.617766666667E-01
     59 T   8 O     1.666666666667E-01  3.333333333333E-01  4.951100000000E-01
     60 T   8 O     1.666666666667E-01  3.333333333333E-01 -1.715566666667E-01
     61 T   8 O     1.666666666667E-01 -3.333333333333E-01  1.617766666667E-01
     62 T   8 O     1.666666666667E-01 -3.333333333333E-01  4.951100000000E-01
     63 T   8 O     1.666666666667E-01 -3.333333333333E-01 -1.715566666667E-01
     64 T   8 O    -5.000000000000E-01  0.000000000000E+00  1.617766666667E-01
     65 T   8 O    -5.000000000000E-01  0.000000000000E+00  4.951100000000E-01
     66 T   8 O    -5.000000000000E-01  0.000000000000E+00 -1.715566666667E-01
     67 T   8 O    -5.000000000000E-01  3.333333333333E-01  1.617766666667E-01
     68 T   8 O    -5.000000000000E-01  3.333333333333E-01  4.951100000000E-01
     69 T   8 O    -5.000000000000E-01  3.333333333333E-01 -1.715566666667E-01
     70 T   8 O    -5.000000000000E-01 -3.333333333333E-01  1.617766666667E-01
     71 T   8 O    -5.000000000000E-01 -3.333333333333E-01  4.951100000000E-01
     72 T   8 O    -5.000000000000E-01 -3.333333333333E-01 -1.715566666667E-01
     73 T   8 O    -1.666666666667E-01  0.000000000000E+00  1.617766666667E-01
     74 T   8 O    -1.666666666667E-01  0.000000000000E+00  4.951100000000E-01
     75 T   8 O    -1.666666666667E-01  0.000000000000E+00 -1.715566666667E-01
     76 T   8 O    -1.666666666667E-01  3.333333333333E-01  1.617766666667E-01
     77 T   8 O    -1.666666666667E-01  3.333333333333E-01  4.951100000000E-01
     78 T   8 O    -1.666666666667E-01  3.333333333333E-01 -1.715566666667E-01
     79 T   8 O    -1.666666666667E-01 -3.333333333333E-01  1.617766666667E-01
     80 T   8 O    -1.666666666667E-01 -3.333333333333E-01  4.951100000000E-01
     81 T   8 O    -1.666666666667E-01 -3.333333333333E-01 -1.715566666667E-01
     82 T   8 O     0.000000000000E+00  1.666666666667E-01  1.617766666667E-01
     83 T   8 O     0.000000000000E+00  1.666666666667E-01  4.951100000000E-01
     84 T   8 O     0.000000000000E+00  1.666666666667E-01 -1.715566666667E-01
     85 T   8 O     0.000000000000E+00 -5.000000000000E-01  1.617766666667E-01
     86 T   8 O     0.000000000000E+00 -5.000000000000E-01  4.951100000000E-01
     87 T   8 O     0.000000000000E+00 -5.000000000000E-01 -1.715566666667E-01
     88 T   8 O     0.000000000000E+00 -1.666666666667E-01  1.617766666667E-01
     89 T   8 O     0.000000000000E+00 -1.666666666667E-01  4.951100000000E-01
     90 T   8 O     0.000000000000E+00 -1.666666666667E-01 -1.715566666667E-01
     91 T   8 O     3.333333333333E-01  1.666666666667E-01  1.617766666667E-01
     92 T   8 O     3.333333333333E-01  1.666666666667E-01  4.951100000000E-01
     93 T   8 O     3.333333333333E-01  1.666666666667E-01 -1.715566666667E-01
     94 T   8 O     3.333333333333E-01 -5.000000000000E-01  1.617766666667E-01
     95 T   8 O     3.333333333333E-01 -5.000000000000E-01  4.951100000000E-01
     96 T   8 O     3.333333333333E-01 -5.000000000000E-01 -1.715566666667E-01
     97 T   8 O     3.333333333333E-01 -1.666666666667E-01  1.617766666667E-01
     98 T   8 O     3.333333333333E-01 -1.666666666667E-01  4.951100000000E-01
     99 T   8 O     3.333333333333E-01 -1.666666666667E-01 -1.715566666667E-01
    100 T   8 O    -3.333333333333E-01  1.666666666667E-01  1.617766666667E-01
    101 T   8 O    -3.333333333333E-01  1.666666666667E-01  4.951100000000E-01
    102 T   8 O    -3.333333333333E-01  1.666666666667E-01 -1.715566666667E-01
    103 T   8 O    -3.333333333333E-01 -5.000000000000E-01  1.617766666667E-01
    104 T   8 O    -3.333333333333E-01 -5.000000000000E-01  4.951100000000E-01
    105 T   8 O    -3.333333333333E-01 -5.000000000000E-01 -1.715566666667E-01
    106 T   8 O    -3.333333333333E-01 -1.666666666667E-01  1.617766666667E-01
    107 T   8 O    -3.333333333333E-01 -1.666666666667E-01  4.951100000000E-01
    108 T   8 O    -3.333333333333E-01 -1.666666666667E-01 -1.715566666667E-01
    109 T  22 TI    1.666666666667E-01  1.666666666667E-01  1.749466666667E-01
    110 T  22 TI    1.666666666667E-01  1.666666666667E-01 -4.917200000000E-01
    111 T  22 TI    1.666666666667E-01  1.666666666667E-01 -1.583866666667E-01
    112 T  22 TI    1.666666666667E-01 -5.000000000000E-01  1.749466666667E-01
    113 T  22 TI    1.666666666667E-01 -5.000000000000E-01 -4.917200000000E-01
    114 T  22 TI    1.666666666667E-01 -5.000000000000E-01 -1.583866666667E-01
    115 T  22 TI    1.666666666667E-01 -1.666666666667E-01  1.749466666667E-01
    116 T  22 TI    1.666666666667E-01 -1.666666666667E-01 -4.917200000000E-01
    117 T  22 TI    1.666666666667E-01 -1.666666666667E-01 -1.583866666667E-01
    118 T  22 TI   -5.000000000000E-01  1.666666666667E-01  1.749466666667E-01
    119 T  22 TI   -5.000000000000E-01  1.666666666667E-01 -4.917200000000E-01
    120 T  22 TI   -5.000000000000E-01  1.666666666667E-01 -1.583866666667E-01
    121 T  22 TI   -5.000000000000E-01 -5.000000000000E-01  1.749466666667E-01
    122 T  22 TI   -5.000000000000E-01 -5.000000000000E-01 -4.917200000000E-01
    123 T  22 TI   -5.000000000000E-01 -5.000000000000E-01 -1.583866666667E-01
    124 T  22 TI   -5.000000000000E-01 -1.666666666667E-01  1.749466666667E-01
    125 T  22 TI   -5.000000000000E-01 -1.666666666667E-01 -4.917200000000E-01
    126 T  22 TI   -5.000000000000E-01 -1.666666666667E-01 -1.583866666667E-01
    127 T  22 TI   -1.666666666667E-01  1.666666666667E-01  1.749466666667E-01
    128 T  22 TI   -1.666666666667E-01  1.666666666667E-01 -4.917200000000E-01
    129 T  22 TI   -1.666666666667E-01  1.666666666667E-01 -1.583866666667E-01
    130 T  22 TI   -1.666666666667E-01 -5.000000000000E-01  1.749466666667E-01
    131 T  22 TI   -1.666666666667E-01 -5.000000000000E-01 -4.917200000000E-01
    132 T  22 TI   -1.666666666667E-01 -5.000000000000E-01 -1.583866666667E-01
    133 T  22 TI   -1.666666666667E-01 -1.666666666667E-01  1.749466666667E-01
    134 T  22 TI   -1.666666666667E-01 -1.666666666667E-01 -4.917200000000E-01
    135 T  22 TI   -1.666666666667E-01 -1.666666666667E-01 -1.583866666667E-01

 T = ATOM BELONGING TO THE ASYMMETRIC UNIT

 ****    1 SYMMOPS - TRANSLATORS IN FRACTIONAL UNITS
 **** MATRICES AND TRANSLATORS IN THE CRYSTALLOGRAPHIC REFERENCE FRAME
   V INV                    ROTATION MATRICES                   TRANSLATORS
   1   1  1.00  0.00  0.00  0.00  1.00  0.00  0.00  0.00  1.00  0.00  0.00  0.00

 DIRECT LATTICE VECTORS CARTESIAN COMPONENTS (ANGSTROM)
          X                    Y                    Z
   0.119077330500E+02   0.000000000000E+00   0.000000000000E+00
   0.000000000000E+00   0.119077330500E+02   0.000000000000E+00
   0.000000000000E+00   0.000000000000E+00   0.122747958000E+02


 CARTESIAN COORDINATES - PRIMITIVE CELL
 *******************************************************************************
 *      ATOM          X(ANGSTROM)         Y(ANGSTROM)         Z(ANGSTROM)
 *******************************************************************************
    1   256 BA    0.000000000000E+00  0.000000000000E+00  2.618623104000E-02
    2   256 BA    0.000000000000E+00  0.000000000000E+00  4.117784831040E+00
    3   256 BA    0.000000000000E+00  0.000000000000E+00  8.209383431040E+00
    4   256 BA    0.000000000000E+00  3.969244350000E+00  2.618623104000E-02
    5   256 BA    0.000000000000E+00  3.969244350000E+00  4.117784831040E+00
    6   256 BA    0.000000000000E+00  3.969244350000E+00  8.209383431040E+00
    7   256 BA    0.000000000000E+00  7.938488700000E+00  2.618623104000E-02
    8   256 BA    0.000000000000E+00  7.938488700000E+00  4.117784831040E+00
    9   256 BA    0.000000000000E+00  7.938488700000E+00  8.209383431040E+00
   10   256 BA    3.969244350000E+00  0.000000000000E+00  2.618623104000E-02
   11   256 BA    3.969244350000E+00  0.000000000000E+00  4.117784831040E+00
   12   256 BA    3.969244350000E+00  0.000000000000E+00  8.209383431040E+00
   13   256 BA    3.969244350000E+00  3.969244350000E+00  2.618623104000E-02
   14   256 BA    3.969244350000E+00  3.969244350000E+00  4.117784831040E+00
   15   256 BA    3.969244350000E+00  3.969244350000E+00  8.209383431040E+00
   16   256 BA    3.969244350000E+00  7.938488700000E+00  2.618623104000E-02
   17   256 BA    3.969244350000E+00  7.938488700000E+00  4.117784831040E+00
   18   256 BA    3.969244350000E+00  7.938488700000E+00  8.209383431040E+00
   19   256 BA    7.938488700000E+00  0.000000000000E+00  2.618623104000E-02
   20   256 BA    7.938488700000E+00  0.000000000000E+00  4.117784831040E+00
   21   256 BA    7.938488700000E+00  0.000000000000E+00  8.209383431040E+00
   22   256 BA    7.938488700000E+00  3.969244350000E+00  2.618623104000E-02
   23   256 BA    7.938488700000E+00  3.969244350000E+00  4.117784831040E+00
   24   256 BA    7.938488700000E+00  3.969244350000E+00  8.209383431040E+00
   25   256 BA    7.938488700000E+00  7.938488700000E+00  2.618623104000E-02
   26   256 BA    7.938488700000E+00  7.938488700000E+00  4.117784831040E+00
   27   256 BA    7.938488700000E+00  7.938488700000E+00  8.209383431040E+00
   28     8 O     1.984622175000E+00  1.984622175000E+00  3.960626528814E+00
   29     8 O     1.984622175000E+00  1.984622175000E+00  8.052225128814E+00
   30     8 O     1.984622175000E+00  1.984622175000E+00  1.214382372881E+01
   31     8 O     1.984622175000E+00  5.953866525000E+00  3.960626528814E+00
   32     8 O     1.984622175000E+00  5.953866525000E+00  8.052225128814E+00
   33     8 O     1.984622175000E+00  5.953866525000E+00  1.214382372881E+01
   34     8 O     1.984622175000E+00  9.923110875000E+00  3.960626528814E+00
   35     8 O     1.984622175000E+00  9.923110875000E+00  8.052225128814E+00
   36     8 O     1.984622175000E+00  9.923110875000E+00  1.214382372881E+01
   37     8 O     5.953866525000E+00  1.984622175000E+00  3.960626528814E+00
   38     8 O     5.953866525000E+00  1.984622175000E+00  8.052225128814E+00
   39     8 O     5.953866525000E+00  1.984622175000E+00  1.214382372881E+01
   40     8 O     5.953866525000E+00  5.953866525000E+00  3.960626528814E+00
   41     8 O     5.953866525000E+00  5.953866525000E+00  8.052225128814E+00
   42     8 O     5.953866525000E+00  5.953866525000E+00  1.214382372881E+01
   43     8 O     5.953866525000E+00  9.923110875000E+00  3.960626528814E+00
   44     8 O     5.953866525000E+00  9.923110875000E+00  8.052225128814E+00
   45     8 O     5.953866525000E+00  9.923110875000E+00  1.214382372881E+01
   46     8 O     9.923110875000E+00  1.984622175000E+00  3.960626528814E+00
   47     8 O     9.923110875000E+00  1.984622175000E+00  8.052225128814E+00
   48     8 O     9.923110875000E+00  1.984622175000E+00  1.214382372881E+01
   49     8 O     9.923110875000E+00  5.953866525000E+00  3.960626528814E+00
   50     8 O     9.923110875000E+00  5.953866525000E+00  8.052225128814E+00
   51     8 O     9.923110875000E+00  5.953866525000E+00  1.214382372881E+01
   52     8 O     9.923110875000E+00  9.923110875000E+00  3.960626528814E+00
   53     8 O     9.923110875000E+00  9.923110875000E+00  8.052225128814E+00
   54     8 O     9.923110875000E+00  9.923110875000E+00  1.214382372881E+01
   55     8 O     1.984622175000E+00  1.000000000000E-02  1.985775548538E+00
   56     8 O     1.984622175000E+00  0.000000000000E+00  6.077374148538E+00
   57     8 O     1.984622175000E+00  0.000000000000E+00  1.016897274854E+01
   58     8 O     1.984622175000E+00  3.969244350000E+00  1.985775548538E+00
   59     8 O     1.984622175000E+00  3.969244350000E+00  6.077374148538E+00
   60     8 O     1.984622175000E+00  3.969244350000E+00  1.016897274854E+01
   61     8 O     1.984622175000E+00  7.938488700000E+00  1.985775548538E+00
   62     8 O     1.984622175000E+00  7.938488700000E+00  6.077374148538E+00
   63     8 O     1.984622175000E+00  7.938488700000E+00  1.016897274854E+01
   64     8 O     5.953866525000E+00  0.000000000000E+00  1.985775548538E+00
   65     8 O     5.953866525000E+00  0.000000000000E+00  6.077374148538E+00
   66     8 O     5.953866525000E+00  0.000000000000E+00  1.016897274854E+01
   67     8 O     5.953866525000E+00  3.969244350000E+00  1.985775548538E+00
   68     8 O     5.953866525000E+00  3.969244350000E+00  6.077374148538E+00
   69     8 O     5.953866525000E+00  3.969244350000E+00  1.016897274854E+01
   70     8 O     5.953866525000E+00  7.938488700000E+00  1.985775548538E+00
   71     8 O     5.953866525000E+00  7.938488700000E+00  6.077374148538E+00
   72     8 O     5.953866525000E+00  7.938488700000E+00  1.016897274854E+01
   73     8 O     9.923110875000E+00  0.000000000000E+00  1.985775548538E+00
   74     8 O     9.923110875000E+00  0.000000000000E+00  6.077374148538E+00
   75     8 O     9.923110875000E+00  0.000000000000E+00  1.016897274854E+01
   76     8 O     9.923110875000E+00  3.969244350000E+00  1.985775548538E+00
   77     8 O     9.923110875000E+00  3.969244350000E+00  6.077374148538E+00
   78     8 O     9.923110875000E+00  3.969244350000E+00  1.016897274854E+01
   79     8 O     9.923110875000E+00  7.938488700000E+00  1.985775548538E+00
   80     8 O     9.923110875000E+00  7.938488700000E+00  6.077374148538E+00
   81     8 O     9.923110875000E+00  7.938488700000E+00  1.016897274854E+01
   82     8 O     0.000000000000E+00  1.984622175000E+00  1.985775548538E+00
   83     8 O     0.000000000000E+00  1.984622175000E+00  6.077374148538E+00
   84     8 O     0.000000000000E+00  1.984622175000E+00  1.016897274854E+01
   85     8 O     0.000000000000E+00  5.953866525000E+00  1.985775548538E+00
   86     8 O     0.000000000000E+00  5.953866525000E+00  6.077374148538E+00
   87     8 O     0.000000000000E+00  5.953866525000E+00  1.016897274854E+01
   88     8 O     0.000000000000E+00  9.923110875000E+00  1.985775548538E+00
   89     8 O     0.000000000000E+00  9.923110875000E+00  6.077374148538E+00
   90     8 O     0.000000000000E+00  9.923110875000E+00  1.016897274854E+01
   91     8 O     3.969244350000E+00  1.984622175000E+00  1.985775548538E+00
   92     8 O     3.969244350000E+00  1.984622175000E+00  6.077374148538E+00
   93     8 O     3.969244350000E+00  1.984622175000E+00  1.016897274854E+01
   94     8 O     3.969244350000E+00  5.953866525000E+00  1.985775548538E+00
   95     8 O     3.969244350000E+00  5.953866525000E+00  6.077374148538E+00
   96     8 O     3.969244350000E+00  5.953866525000E+00  1.016897274854E+01
   97     8 O     3.969244350000E+00  9.923110875000E+00  1.985775548538E+00
   98     8 O     3.969244350000E+00  9.923110875000E+00  6.077374148538E+00
   99     8 O     3.969244350000E+00  9.923110875000E+00  1.016897274854E+01
  100     8 O     7.938488700000E+00  1.984622175000E+00  1.985775548538E+00
  101     8 O     7.938488700000E+00  1.984622175000E+00  6.077374148538E+00
  102     8 O     7.938488700000E+00  1.984622175000E+00  1.016897274854E+01
  103     8 O     7.938488700000E+00  5.953866525000E+00  1.985775548538E+00
  104     8 O     7.938488700000E+00  5.953866525000E+00  6.077374148538E+00
  105     8 O     7.938488700000E+00  5.953866525000E+00  1.016897274854E+01
  106     8 O     7.938488700000E+00  9.923110875000E+00  1.985775548538E+00
  107     8 O     7.938488700000E+00  9.923110875000E+00  6.077374148538E+00
  108     8 O     7.938488700000E+00  9.923110875000E+00  1.016897274854E+01
  109    22 TI    1.984622175000E+00  1.984622175000E+00  2.147434609224E+00
  110    22 TI    1.984622175000E+00  1.984622175000E+00  6.239033209224E+00
  111    22 TI    1.984622175000E+00  1.984622175000E+00  1.033063180922E+01
  112    22 TI    1.984622175000E+00  5.953866525000E+00  2.147434609224E+00
  113    22 TI    1.984622175000E+00  5.953866525000E+00  6.239033209224E+00
  114    22 TI    1.984622175000E+00  5.953866525000E+00  1.033063180922E+01
  115    22 TI    1.984622175000E+00  9.923110875000E+00  2.147434609224E+00
  116    22 TI    1.984622175000E+00  9.923110875000E+00  6.239033209224E+00
  117    22 TI    1.984622175000E+00  9.923110875000E+00  1.033063180922E+01
  118    22 TI    5.953866525000E+00  1.984622175000E+00  2.147434609224E+00
  119    22 TI    5.953866525000E+00  1.984622175000E+00  6.239033209224E+00
  120    22 TI    5.953866525000E+00  1.984622175000E+00  1.033063180922E+01
  121    22 TI    5.953866525000E+00  5.953866525000E+00  2.147434609224E+00
  122    22 TI    5.953866525000E+00  5.953866525000E+00  6.239033209224E+00
  123    22 TI    5.953866525000E+00  5.953866525000E+00  1.033063180922E+01
  124    22 TI    5.953866525000E+00  9.923110875000E+00  2.147434609224E+00
  125    22 TI    5.953866525000E+00  9.923110875000E+00  6.239033209224E+00
  126    22 TI    5.953866525000E+00  9.923110875000E+00  1.033063180922E+01
  127    22 TI    9.923110875000E+00  1.984622175000E+00  2.147434609224E+00
  128    22 TI    9.923110875000E+00  1.984622175000E+00  6.239033209224E+00
  129    22 TI    9.923110875000E+00  1.984622175000E+00  1.033063180922E+01
  130    22 TI    9.923110875000E+00  5.953866525000E+00  2.147434609224E+00
  131    22 TI    9.923110875000E+00  5.953866525000E+00  6.239033209224E+00
  132    22 TI    9.923110875000E+00  5.953866525000E+00  1.033063180922E+01
  133    22 TI    9.923110875000E+00  9.923110875000E+00  2.147434609224E+00
  134    22 TI    9.923110875000E+00  9.923110875000E+00  6.239033209224E+00
  135    22 TI    9.923110875000E+00  9.923110875000E+00  1.033063180922E+01

 *******************************************************************************
 *** PSEUDOPOTENTIAL INFORMATION ***
 *******************************************************************************

 ATOMIC NUMBER  56, NUCLEAR CHARGE 10.000, GIVEN IN INPUT       PSEUDOPOTENTIAL
   TYPE       EXPONENT      COEFF.    N      EXPONENT      COEFF.    N
  P0 TMS     9.5269860  427.8458160   0     4.4875100  204.4175300   0
  P1 TMS     8.3159300  293.6058640   0     4.2922170  294.1933160   0
  P2 TMS     5.9161080  112.5504020   0     2.8748420  181.7826210   0
  P3 TMS     3.5894650  -33.4731740   0

 *******************************************************************************
 LOCAL ATOMIC FUNCTIONS BASIS SET
 *******************************************************************************
   ATOM   X(AU)   Y(AU)   Z(AU)  N. TYPE  EXPONENT  S COEF   P COEF   D/F/G COEF
 *******************************************************************************
   1 BA   0.000   0.000   0.049
                                  1 S  
                                         2.396E+00-5.955E+00 0.000E+00 0.000E+00
                                         2.243E+00 6.681E+00 0.000E+00 0.000E+00
                                         7.174E-01-5.706E-01 0.000E+00 0.000E+00
                                  2 S  
                                         2.742E-01 1.000E+00 0.000E+00 0.000E+00
                           3-     6 SP 
                                         1.300E-01 1.000E+00 1.000E+00 0.000E+00
                           7-     9 P  
                                         2.927E+00 0.000E+00 7.982E-01 0.000E+00
                                         2.521E+00 0.000E+00-1.071E+00 0.000E+00
                                         6.758E-01 0.000E+00 3.494E-01 0.000E+00
                                         3.199E-01 0.000E+00 6.504E-01 0.000E+00
                          10-    14 D  
                                         9.663E-01 0.000E+00 0.000E+00-9.089E-01
                                         8.938E-01 0.000E+00 0.000E+00 9.472E-01
                          15-    19 D  
                                         2.732E-01 0.000E+00 0.000E+00 3.221E-01
   2 BA   0.000   0.000   7.781
   3 BA   0.000   0.000  15.513
   4 BA   0.000   7.501   0.049
   5 BA   0.000   7.501   7.781
   6 BA   0.000   7.501  15.513
   7 BA   0.000  15.002   0.049
   8 BA   0.000  15.002   7.781
   9 BA   0.000  15.002  15.513
  10 BA   7.501   0.000   0.049
  11 BA   7.501   0.000   7.781
  12 BA   7.501   0.000  15.513
  13 BA   7.501   7.501   0.049
  14 BA   7.501   7.501   7.781
  15 BA   7.501   7.501  15.513
  16 BA   7.501  15.002   0.049
  17 BA   7.501  15.002   7.781
  18 BA   7.501  15.002  15.513
  19 BA  15.002   0.000   0.049
  20 BA  15.002   0.000   7.781
  21 BA  15.002   0.000  15.513
  22 BA  15.002   7.501   0.049
  23 BA  15.002   7.501   7.781
  24 BA  15.002   7.501  15.513
  25 BA  15.002  15.002   0.049
  26 BA  15.002  15.002   7.781
  27 BA  15.002  15.002  15.513
  28 O    3.750   3.750   7.484
                                514 S  
                                         2.703E+04 2.173E-04 0.000E+00 0.000E+00
                                         4.052E+03 1.684E-03 0.000E+00 0.000E+00
                                         9.223E+02 8.740E-03 0.000E+00 0.000E+00
                                         2.612E+02 3.524E-02 0.000E+00 0.000E+00
                                         8.535E+01 1.115E-01 0.000E+00 0.000E+00
                                         3.104E+01 2.559E-01 0.000E+00 0.000E+00
                                515 S  
                                         1.227E+01 3.977E-01 0.000E+00 0.000E+00
                                         4.916E+00 2.463E-01 0.000E+00 0.000E+00
                                516 S  
                                         9.009E-01 1.000E+00 0.000E+00 0.000E+00
                         517-   520 SP 
                                         2.500E-01 1.000E+00 1.000E+00 0.000E+00
                         521-   523 P  
                                         7.530E+01 0.000E+00 6.069E-03 0.000E+00
                                         1.774E+01 0.000E+00 4.191E-02 0.000E+00
                                         5.536E+00 0.000E+00 1.615E-01 0.000E+00
                                         2.069E+00 0.000E+00 3.571E-01 0.000E+00
                         524-   526 P  
                                         7.824E-01 0.000E+00 1.000E+00 0.000E+00
                         527-   531 D  
                                         1.200E+00 0.000E+00 0.000E+00 1.000E+00
  29 O    3.750   3.750  15.217
  30 O    3.750   3.750  22.949
  31 O    3.750  11.251   7.484
  32 O    3.750  11.251  15.217
  33 O    3.750  11.251  22.949
  34 O    3.750  18.752   7.484
  35 O    3.750  18.752  15.217
  36 O    3.750  18.752  22.949
  37 O   11.251   3.750   7.484
  38 O   11.251   3.750  15.217
  39 O   11.251   3.750  22.949
  40 O   11.251  11.251   7.484
  41 O   11.251  11.251  15.217
  42 O   11.251  11.251  22.949
  43 O   11.251  18.752   7.484
  44 O   11.251  18.752  15.217
  45 O   11.251  18.752  22.949
  46 O   18.752   3.750   7.484
  47 O   18.752   3.750  15.217
  48 O   18.752   3.750  22.949
  49 O   18.752  11.251   7.484
  50 O   18.752  11.251  15.217
  51 O   18.752  11.251  22.949
  52 O   18.752  18.752   7.484
  53 O   18.752  18.752  15.217
  54 O   18.752  18.752  22.949
  55 O    3.750   0.019   3.753
  56 O    3.750   0.000  11.485
  57 O    3.750   0.000  19.217
  58 O    3.750   7.501   3.753
  59 O    3.750   7.501  11.485
  60 O    3.750   7.501  19.217
  61 O    3.750  15.002   3.753
  62 O    3.750  15.002  11.485
  63 O    3.750  15.002  19.217
  64 O   11.251   0.000   3.753
  65 O   11.251   0.000  11.485
  66 O   11.251   0.000  19.217
  67 O   11.251   7.501   3.753
  68 O   11.251   7.501  11.485
  69 O   11.251   7.501  19.217
  70 O   11.251  15.002   3.753
  71 O   11.251  15.002  11.485
  72 O   11.251  15.002  19.217
  73 O   18.752   0.000   3.753
  74 O   18.752   0.000  11.485
  75 O   18.752   0.000  19.217
  76 O   18.752   7.501   3.753
  77 O   18.752   7.501  11.485
  78 O   18.752   7.501  19.217
  79 O   18.752  15.002   3.753
  80 O   18.752  15.002  11.485
  81 O   18.752  15.002  19.217
  82 O    0.000   3.750   3.753
  83 O    0.000   3.750  11.485
  84 O    0.000   3.750  19.217
  85 O    0.000  11.251   3.753
  86 O    0.000  11.251  11.485
  87 O    0.000  11.251  19.217
  88 O    0.000  18.752   3.753
  89 O    0.000  18.752  11.485
  90 O    0.000  18.752  19.217
  91 O    7.501   3.750   3.753
  92 O    7.501   3.750  11.485
  93 O    7.501   3.750  19.217
  94 O    7.501  11.251   3.753
  95 O    7.501  11.251  11.485
  96 O    7.501  11.251  19.217
  97 O    7.501  18.752   3.753
  98 O    7.501  18.752  11.485
  99 O    7.501  18.752  19.217
 100 O   15.002   3.750   3.753
 101 O   15.002   3.750  11.485
 102 O   15.002   3.750  19.217
 103 O   15.002  11.251   3.753
 104 O   15.002  11.251  11.485
 105 O   15.002  11.251  19.217
 106 O   15.002  18.752   3.753
 107 O   15.002  18.752  11.485
 108 O   15.002  18.752  19.217
 109 TI   3.750   3.750   4.058
                               1972 S  
                                         2.116E+05 2.332E-04 0.000E+00 0.000E+00
                                         3.171E+04 1.808E-03 0.000E+00 0.000E+00
                                         7.218E+03 9.398E-03 0.000E+00 0.000E+00
                                         2.043E+03 3.816E-02 0.000E+00 0.000E+00
                                         6.651E+02 1.237E-01 0.000E+00 0.000E+00
                                         2.387E+02 2.921E-01 0.000E+00 0.000E+00
                                         9.251E+01 4.123E-01 0.000E+00 0.000E+00
                                         3.640E+01 2.109E-01 0.000E+00 0.000E+00
                               1973 S  
                                         2.327E+02-2.492E-02 0.000E+00 0.000E+00
                                         7.179E+01-1.175E-01 0.000E+00 0.000E+00
                                         1.116E+01 5.650E-01 0.000E+00 0.000E+00
                                         4.655E+00 5.621E-01 0.000E+00 0.000E+00
                               1974 S  
                                         6.803E+00-2.301E-01 0.000E+00 0.000E+00
                                         1.120E+00 7.210E-01 0.000E+00 0.000E+00
                               1975 S  
                                         4.808E-01 1.000E+00 0.000E+00 0.000E+00
                               1976 S  
                                         2.400E-01 1.000E+00 0.000E+00 0.000E+00
                        1977-  1980 SP 
                                         1.200E-01 1.000E+00 1.000E+00 0.000E+00
                        1981-  1983 P  
                                         1.063E+03 0.000E+00 2.469E-03 0.000E+00
                                         2.516E+02 0.000E+00 1.977E-02 0.000E+00
                                         8.041E+01 0.000E+00 9.099E-02 0.000E+00
                                         2.977E+01 0.000E+00 2.556E-01 0.000E+00
                                         1.174E+01 0.000E+00 4.049E-01 0.000E+00
                                         4.714E+00 0.000E+00 2.369E-01 0.000E+00
                        1984-  1986 P  
                                         1.780E+01 0.000E+00-2.788E-02 0.000E+00
                                         2.427E+00 0.000E+00 5.567E-01 0.000E+00
                                         9.682E-01 0.000E+00 1.006E+00 0.000E+00
                        1987-  1989 P  
                                         3.706E-01 0.000E+00 1.000E+00 0.000E+00
                        1990-  1994 D  
                                         3.771E+01 0.000E+00 0.000E+00 1.151E-02
                                         1.069E+01 0.000E+00 0.000E+00 6.725E-02
                                         3.673E+00 0.000E+00 0.000E+00 2.148E-01
                                         1.359E+00 0.000E+00 0.000E+00 3.889E-01
                        1995-  1999 D  
                                         5.400E-01 0.000E+00 0.000E+00 1.000E+00
                        2000-  2004 D  
                                         2.200E-01 0.000E+00 0.000E+00 1.000E+00
 110 TI   3.750   3.750  11.790
 111 TI   3.750   3.750  19.522
 112 TI   3.750  11.251   4.058
 113 TI   3.750  11.251  11.790
 114 TI   3.750  11.251  19.522
 115 TI   3.750  18.752   4.058
 116 TI   3.750  18.752  11.790
 117 TI   3.750  18.752  19.522
 118 TI  11.251   3.750   4.058
 119 TI  11.251   3.750  11.790
 120 TI  11.251   3.750  19.522
 121 TI  11.251  11.251   4.058
 122 TI  11.251  11.251  11.790
 123 TI  11.251  11.251  19.522
 124 TI  11.251  18.752   4.058
 125 TI  11.251  18.752  11.790
 126 TI  11.251  18.752  19.522
 127 TI  18.752   3.750   4.058
 128 TI  18.752   3.750  11.790
 129 TI  18.752   3.750  19.522
 130 TI  18.752  11.251   4.058
 131 TI  18.752  11.251  11.790
 132 TI  18.752  11.251  19.522
 133 TI  18.752  18.752   4.058
 134 TI  18.752  18.752  11.790
 135 TI  18.752  18.752  19.522
 INFORMATION **** SET_MPP **** PCRYSTAL CALCULATION
 INFORMATION **** READM2 **** NEW DEFAULT: FOCK/KS MATRIX MIXING SET TO 30 %
 INFORMATION **** READM2 **** NEW DEFAULT: FULL DIRECT SCF MODE
 INFORMATION **** READM2 **** NEW DEFAULT: COULOMB BIPOLAR BUFFER SET TO 32 Mb
 INFORMATION **** READM2 **** NEW DEFAULT: EXCHANGE BIPOLAR BUFFER SET TO 32 Mb

 *******************************************************************************
 NEW DEFAULT: DFT INTEGRATION GRID INCREASED TO XLGRID
 NEW DEFAULT: DIIS ACCELERATOR ACTIVE
 USE KEYWORD NODIIS TO TURN IT OFF
 *******************************************************************************

 INFORMATION **** TOLINTEG **** COULOMB AND EXCHANGE SERIES TOLERANCES MODIFIED
 INFORMATION **** MAXCYCLE **** MAX NUMBER OF SCF CYCLES SET TO         100
 INFORMATION **** EXCHSIZE **** EXCHANGE BIPOLAR BUFFER SIZE SET TO    30000000
 INFORMATION **** BIPOSIZE **** COULOMB BIPOLAR BUFFER SET TO    30000000
 INFORMATION **** GRADCAL **** ANALYTICAL GRADIENT AFTER SCF COMPLETED
 *******************************************************************************
 N. OF ATOMS PER CELL       135  COULOMB OVERLAP TOL         (T1) 10**   -8
 NUMBER OF SHELLS          1053  COULOMB PENETRATION TOL     (T2) 10**   -8
 NUMBER OF AO              2862  EXCHANGE OVERLAP TOL        (T3) 10**   -8
 N. OF ELECTRONS PER CELL  1512  EXCHANGE PSEUDO OVP (F(G))  (T4) 10**   -8
 CORE ELECTRONS PER CELL    648  EXCHANGE PSEUDO OVP (P(G))  (T5) 10**  -16
 N. OF SYMMETRY OPERATORS     1  POLE ORDER IN MONO ZONE                  4
 *******************************************************************************
 TYPE OF CALCULATION :  RESTRICTED CLOSED SHELL
 KOHN-SHAM HAMILTONIAN

 (EXCHANGE)[CORRELATION] FUNCTIONAL:(PERDEW-BURKE-ERNZERHOF)[PERDEW-BURKE-ERNZERHOF]


 HYBRID EXCHANGE - PERCENTAGE OF FOCK EXCHANGE    25.0000
 CORE  PSEUDO POTENTIAL         TOL. ON PSEUDO              (TP) 10**- 6

 CAPPA:IS1  2;IS2  2;IS3  2; K PTS MONK NET   8; SYMMOPS:K SPACE   2;G SPACE   1

 *******************************************************************************
 MAX NUMBER OF SCF CYCLES     100  CONVERGENCE ON DELTAP        10**-16
 WEIGHT OF F(I) IN F(I+1)      80% CONVERGENCE ON ENERGY        10**- 6
 SHRINK. FACT.(MONKH.)    2  2  2  NUMBER OF K POINTS IN THE IBZ      8
 SHRINKING FACTOR(GILAT NET)    2  NUMBER OF K POINTS(GILAT NET)      8
 *******************************************************************************
 *** K POINTS COORDINATES (OBLIQUE COORDINATES IN UNITS OF IS =  2)
   1-R(  0  0  0)   2-R(  1  0  0)   3-R(  0  1  0)   4-R(  1  1  0)
   5-R(  0  0  1)   6-R(  1  0  1)   7-R(  0  1  1)   8-R(  1  1  1)

 DIRECT LATTICE VECTORS COMPON. (A.U.)     RECIP. LATTICE VECTORS COMPON. (A.U.) 
        X            Y            Z              X            Y            Z
   22.5023543    0.0000000    0.0000000      0.2792235    0.0000000    0.0000000
    0.0000000   22.5023543    0.0000000      0.0000000    0.2792235    0.0000000
    0.0000000    0.0000000   23.1960024      0.0000000    0.0000000    0.2708736

 DISK SPACE FOR EIGENVECTORS (FTN 10)    65528352 REALS

 SYMMETRY ADAPTION OF THE BLOCH FUNCTIONS DISABLED
 TTTTTTTTTTTTTTTTTTTTTTTTTTTTTT gordsh1     TELAPSE        0.88 TCPU        0.41

 MATRIX SIZE: P(G) 7071134, F(G) 1257787, P(G) IRR 3543370, F(G) IRR 1261567
 MAX G-VECTOR INDEX FOR 1- AND 2-ELECTRON INTEGRALS  27

 TTTTTTTTTTTTTTTTTTTTTTTTTTTTTT INPUT       TELAPSE        2.74 TCPU        2.27

 NEIGHBORS OF THE NON-EQUIVALENT ATOMS

 N = NUMBER OF NEIGHBORS AT DISTANCE R
    ATOM  N     R/ANG      R/AU   NEIGHBORS (ATOM LABELS AND CELL INDICES)
   1 BA   3     2.7890     5.2705   73 O   -1 0 0   82 O    0 0 0   88 O    0-1 0
   1 BA   1     2.7891     5.2705   55 O    0 0 0
   1 BA   4     2.8111     5.3122   30 O    0 0-1   36 O    0-1-1   48 O   -1 0-1
                                    54 O   -1-1-1
   1 BA   4     2.9128     5.5043   57 O    0 0-1   75 O   -1 0-1   84 O    0 0-1
                                    90 O    0-1-1
   1 BA   4     3.4292     6.4803  111 TI   0 0-1  117 TI   0-1-1  129 TI  -1 0-1
                                   135 TI  -1-1-1
   1 BA   4     3.5181     6.6483  109 TI   0 0 0  115 TI   0-1 0  127 TI  -1 0 0
                                   133 TI  -1-1 0

   2 BA   4     2.7890     5.2705   56 O    0 0 0   74 O   -1 0 0   83 O    0 0 0
                                    89 O    0-1 0
   2 BA   4     2.8111     5.3122   28 O    0 0 0   34 O    0-1 0   46 O   -1 0 0
                                    52 O   -1-1 0
   2 BA   3     2.9128     5.5043   73 O   -1 0 0   82 O    0 0 0   88 O    0-1 0
   2 BA   1     2.9128     5.5044   55 O    0 0 0
   2 BA   4     3.4292     6.4803  109 TI   0 0 0  115 TI   0-1 0  127 TI  -1 0 0
                                   133 TI  -1-1 0
   2 BA   4     3.5181     6.6483  110 TI   0 0 0  116 TI   0-1 0  128 TI  -1 0 0
                                   134 TI  -1-1 0

   3 BA   4     2.7890     5.2705   57 O    0 0 0   75 O   -1 0 0   84 O    0 0 0
                                    90 O    0-1 0
   3 BA   4     2.8111     5.3122   29 O    0 0 0   35 O    0-1 0   47 O   -1 0 0
                                    53 O   -1-1 0
   3 BA   4     2.9128     5.5043   56 O    0 0 0   74 O   -1 0 0   83 O    0 0 0
                                    89 O    0-1 0
   3 BA   4     3.4292     6.4803  110 TI   0 0 0  116 TI   0-1 0  128 TI  -1 0 0
                                   134 TI  -1-1 0
   3 BA   4     3.5181     6.6483  111 TI   0 0 0  117 TI   0-1 0  129 TI  -1 0 0
                                   135 TI  -1-1 0
   3 BA   4     3.9692     7.5008    6 BA   0 0 0    9 BA   0-1 0   12 BA   0 0 0
                                    21 BA  -1 0 0

   4 BA   4     2.7890     5.2705   58 O    0 0 0   76 O   -1 0 0   82 O    0 0 0
                                    85 O    0 0 0
   4 BA   4     2.8111     5.3122   30 O    0 0-1   33 O    0 0-1   48 O   -1 0-1
                                    51 O   -1 0-1
   4 BA   4     2.9128     5.5043   60 O    0 0-1   78 O   -1 0-1   84 O    0 0-1
                                    87 O    0 0-1
   4 BA   4     3.4292     6.4803  111 TI   0 0-1  114 TI   0 0-1  129 TI  -1 0-1
                                   132 TI  -1 0-1
   4 BA   4     3.5181     6.6483  109 TI   0 0 0  112 TI   0 0 0  127 TI  -1 0 0
                                   130 TI  -1 0 0
   4 BA   4     3.9692     7.5008    1 BA   0 0 0    7 BA   0 0 0   13 BA   0 0 0
                                    22 BA  -1 0 0

   5 BA   4     2.7890     5.2705   59 O    0 0 0   77 O   -1 0 0   83 O    0 0 0
                                    86 O    0 0 0
   5 BA   4     2.8111     5.3122   28 O    0 0 0   31 O    0 0 0   46 O   -1 0 0
                                    49 O   -1 0 0
   5 BA   4     2.9128     5.5043   58 O    0 0 0   76 O   -1 0 0   82 O    0 0 0
                                    85 O    0 0 0
   5 BA   4     3.4292     6.4803  109 TI   0 0 0  112 TI   0 0 0  127 TI  -1 0 0
                                   130 TI  -1 0 0
   5 BA   4     3.5181     6.6483  110 TI   0 0 0  113 TI   0 0 0  128 TI  -1 0 0
                                   131 TI  -1 0 0
   5 BA   4     3.9692     7.5008    2 BA   0 0 0    8 BA   0 0 0   14 BA   0 0 0
                                    23 BA  -1 0 0

   6 BA   4     2.7890     5.2705   60 O    0 0 0   78 O   -1 0 0   84 O    0 0 0
                                    87 O    0 0 0
   6 BA   4     2.8111     5.3122   29 O    0 0 0   32 O    0 0 0   47 O   -1 0 0
                                    50 O   -1 0 0
   6 BA   4     2.9128     5.5043   59 O    0 0 0   77 O   -1 0 0   83 O    0 0 0
                                    86 O    0 0 0
   6 BA   4     3.4292     6.4803  110 TI   0 0 0  113 TI   0 0 0  128 TI  -1 0 0
                                   131 TI  -1 0 0
   6 BA   4     3.5181     6.6483  111 TI   0 0 0  114 TI   0 0 0  129 TI  -1 0 0
                                   132 TI  -1 0 0
   6 BA   4     3.9692     7.5008    3 BA   0 0 0    9 BA   0 0 0   15 BA   0 0 0
                                    24 BA  -1 0 0

   7 BA   4     2.7890     5.2705   61 O    0 0 0   79 O   -1 0 0   85 O    0 0 0
                                    88 O    0 0 0
   7 BA   4     2.8111     5.3122   33 O    0 0-1   36 O    0 0-1   51 O   -1 0-1
                                    54 O   -1 0-1
   7 BA   4     2.9128     5.5043   63 O    0 0-1   81 O   -1 0-1   87 O    0 0-1
                                    90 O    0 0-1
   7 BA   4     3.4292     6.4803  114 TI   0 0-1  117 TI   0 0-1  132 TI  -1 0-1
                                   135 TI  -1 0-1
   7 BA   4     3.5181     6.6483  112 TI   0 0 0  115 TI   0 0 0  130 TI  -1 0 0
                                   133 TI  -1 0 0
   7 BA   4     3.9692     7.5008    1 BA   0 1 0    4 BA   0 0 0   16 BA   0 0 0
                                    25 BA  -1 0 0

   8 BA   4     2.7890     5.2705   62 O    0 0 0   80 O   -1 0 0   86 O    0 0 0
                                    89 O    0 0 0
   8 BA   4     2.8111     5.3122   31 O    0 0 0   34 O    0 0 0   49 O   -1 0 0
                                    52 O   -1 0 0
   8 BA   4     2.9128     5.5043   61 O    0 0 0   79 O   -1 0 0   85 O    0 0 0
                                    88 O    0 0 0
   8 BA   4     3.4292     6.4803  112 TI   0 0 0  115 TI   0 0 0  130 TI  -1 0 0
                                   133 TI  -1 0 0
   8 BA   4     3.5181     6.6483  113 TI   0 0 0  116 TI   0 0 0  131 TI  -1 0 0
                                   134 TI  -1 0 0
   8 BA   4     3.9692     7.5008    2 BA   0 1 0    5 BA   0 0 0   17 BA   0 0 0
                                    26 BA  -1 0 0

   9 BA   4     2.7890     5.2705   63 O    0 0 0   81 O   -1 0 0   87 O    0 0 0
                                    90 O    0 0 0
   9 BA   4     2.8111     5.3122   32 O    0 0 0   35 O    0 0 0   50 O   -1 0 0
                                    53 O   -1 0 0
   9 BA   4     2.9128     5.5043   62 O    0 0 0   80 O   -1 0 0   86 O    0 0 0
                                    89 O    0 0 0
   9 BA   4     3.4292     6.4803  113 TI   0 0 0  116 TI   0 0 0  131 TI  -1 0 0
                                   134 TI  -1 0 0
   9 BA   4     3.5181     6.6483  114 TI   0 0 0  117 TI   0 0 0  132 TI  -1 0 0
                                   135 TI  -1 0 0
   9 BA   4     3.9692     7.5008    3 BA   0 1 0    6 BA   0 0 0   18 BA   0 0 0
                                    27 BA  -1 0 0

  10 BA   3     2.7890     5.2705   64 O    0 0 0   91 O    0 0 0   97 O    0-1 0
  10 BA   1     2.7891     5.2705   55 O    0 0 0
  10 BA   4     2.8111     5.3122   30 O    0 0-1   36 O    0-1-1   39 O    0 0-1
                                    45 O    0-1-1
  10 BA   4     2.9128     5.5043   57 O    0 0-1   66 O    0 0-1   93 O    0 0-1
                                    99 O    0-1-1
  10 BA   4     3.4292     6.4803  111 TI   0 0-1  117 TI   0-1-1  120 TI   0 0-1
                                   126 TI   0-1-1
  10 BA   4     3.5181     6.6483  109 TI   0 0 0  115 TI   0-1 0  118 TI   0 0 0
                                   124 TI   0-1 0

  11 BA   4     2.7890     5.2705   56 O    0 0 0   65 O    0 0 0   92 O    0 0 0
                                    98 O    0-1 0
  11 BA   4     2.8111     5.3122   28 O    0 0 0   34 O    0-1 0   37 O    0 0 0
                                    43 O    0-1 0
  11 BA   3     2.9128     5.5043   64 O    0 0 0   91 O    0 0 0   97 O    0-1 0
  11 BA   1     2.9128     5.5044   55 O    0 0 0
  11 BA   4     3.4292     6.4803  109 TI   0 0 0  115 TI   0-1 0  118 TI   0 0 0
                                   124 TI   0-1 0
  11 BA   4     3.5181     6.6483  110 TI   0 0 0  116 TI   0-1 0  119 TI   0 0 0
                                   125 TI   0-1 0

  12 BA   4     2.7890     5.2705   57 O    0 0 0   66 O    0 0 0   93 O    0 0 0
                                    99 O    0-1 0
  12 BA   4     2.8111     5.3122   29 O    0 0 0   35 O    0-1 0   38 O    0 0 0
                                    44 O    0-1 0
  12 BA   4     2.9128     5.5043   56 O    0 0 0   65 O    0 0 0   92 O    0 0 0
                                    98 O    0-1 0
  12 BA   4     3.4292     6.4803  110 TI   0 0 0  116 TI   0-1 0  119 TI   0 0 0
                                   125 TI   0-1 0
  12 BA   4     3.5181     6.6483  111 TI   0 0 0  117 TI   0-1 0  120 TI   0 0 0
                                   126 TI   0-1 0
  12 BA   4     3.9692     7.5008    3 BA   0 0 0   15 BA   0 0 0   18 BA   0-1 0
                                    21 BA   0 0 0

  13 BA   4     2.7890     5.2705   58 O    0 0 0   67 O    0 0 0   91 O    0 0 0
                                    94 O    0 0 0
  13 BA   4     2.8111     5.3122   30 O    0 0-1   33 O    0 0-1   39 O    0 0-1
                                    42 O    0 0-1
  13 BA   4     2.9128     5.5043   60 O    0 0-1   69 O    0 0-1   93 O    0 0-1
                                    96 O    0 0-1
  13 BA   4     3.4292     6.4803  111 TI   0 0-1  114 TI   0 0-1  120 TI   0 0-1
                                   123 TI   0 0-1
  13 BA   4     3.5181     6.6483  109 TI   0 0 0  112 TI   0 0 0  118 TI   0 0 0
                                   121 TI   0 0 0
  13 BA   4     3.9692     7.5008    4 BA   0 0 0   10 BA   0 0 0   16 BA   0 0 0
                                    22 BA   0 0 0

  14 BA   4     2.7890     5.2705   59 O    0 0 0   68 O    0 0 0   92 O    0 0 0
                                    95 O    0 0 0
  14 BA   4     2.8111     5.3122   28 O    0 0 0   31 O    0 0 0   37 O    0 0 0
                                    40 O    0 0 0
  14 BA   4     2.9128     5.5043   58 O    0 0 0   67 O    0 0 0   91 O    0 0 0
                                    94 O    0 0 0
  14 BA   4     3.4292     6.4803  109 TI   0 0 0  112 TI   0 0 0  118 TI   0 0 0
                                   121 TI   0 0 0
  14 BA   4     3.5181     6.6483  110 TI   0 0 0  113 TI   0 0 0  119 TI   0 0 0
                                   122 TI   0 0 0
  14 BA   4     3.9692     7.5008    5 BA   0 0 0   11 BA   0 0 0   17 BA   0 0 0
                                    23 BA   0 0 0

  15 BA   4     2.7890     5.2705   60 O    0 0 0   69 O    0 0 0   93 O    0 0 0
                                    96 O    0 0 0
  15 BA   4     2.8111     5.3122   29 O    0 0 0   32 O    0 0 0   38 O    0 0 0
                                    41 O    0 0 0
  15 BA   4     2.9128     5.5043   59 O    0 0 0   68 O    0 0 0   92 O    0 0 0
                                    95 O    0 0 0
  15 BA   4     3.4292     6.4803  110 TI   0 0 0  113 TI   0 0 0  119 TI   0 0 0
                                   122 TI   0 0 0
  15 BA   4     3.5181     6.6483  111 TI   0 0 0  114 TI   0 0 0  120 TI   0 0 0
                                   123 TI   0 0 0
  15 BA   4     3.9692     7.5008    6 BA   0 0 0   12 BA   0 0 0   18 BA   0 0 0
                                    24 BA   0 0 0

  16 BA   4     2.7890     5.2705   61 O    0 0 0   70 O    0 0 0   94 O    0 0 0
                                    97 O    0 0 0
  16 BA   4     2.8111     5.3122   33 O    0 0-1   36 O    0 0-1   42 O    0 0-1
                                    45 O    0 0-1
  16 BA   4     2.9128     5.5043   63 O    0 0-1   72 O    0 0-1   96 O    0 0-1
                                    99 O    0 0-1
  16 BA   4     3.4292     6.4803  114 TI   0 0-1  117 TI   0 0-1  123 TI   0 0-1
                                   126 TI   0 0-1
  16 BA   4     3.5181     6.6483  112 TI   0 0 0  115 TI   0 0 0  121 TI   0 0 0
                                   124 TI   0 0 0
  16 BA   4     3.9692     7.5008    7 BA   0 0 0   10 BA   0 1 0   13 BA   0 0 0
                                    25 BA   0 0 0

  17 BA   4     2.7890     5.2705   62 O    0 0 0   71 O    0 0 0   95 O    0 0 0
                                    98 O    0 0 0
  17 BA   4     2.8111     5.3122   31 O    0 0 0   34 O    0 0 0   40 O    0 0 0
                                    43 O    0 0 0
  17 BA   4     2.9128     5.5043   61 O    0 0 0   70 O    0 0 0   94 O    0 0 0
                                    97 O    0 0 0
  17 BA   4     3.4292     6.4803  112 TI   0 0 0  115 TI   0 0 0  121 TI   0 0 0
                                   124 TI   0 0 0
  17 BA   4     3.5181     6.6483  113 TI   0 0 0  116 TI   0 0 0  122 TI   0 0 0
                                   125 TI   0 0 0
  17 BA   4     3.9692     7.5008    8 BA   0 0 0   11 BA   0 1 0   14 BA   0 0 0
                                    26 BA   0 0 0

  18 BA   4     2.7890     5.2705   63 O    0 0 0   72 O    0 0 0   96 O    0 0 0
                                    99 O    0 0 0
  18 BA   4     2.8111     5.3122   32 O    0 0 0   35 O    0 0 0   41 O    0 0 0
                                    44 O    0 0 0
  18 BA   4     2.9128     5.5043   62 O    0 0 0   71 O    0 0 0   95 O    0 0 0
                                    98 O    0 0 0
  18 BA   4     3.4292     6.4803  113 TI   0 0 0  116 TI   0 0 0  122 TI   0 0 0
                                   125 TI   0 0 0
  18 BA   4     3.5181     6.6483  114 TI   0 0 0  117 TI   0 0 0  123 TI   0 0 0
                                   126 TI   0 0 0
  18 BA   4     3.9692     7.5008    9 BA   0 0 0   12 BA   0 1 0   15 BA   0 0 0
                                    27 BA   0 0 0

  19 BA   4     2.7890     5.2705   64 O    0 0 0   73 O    0 0 0  100 O    0 0 0
                                   106 O    0-1 0
  19 BA   4     2.8111     5.3122   39 O    0 0-1   45 O    0-1-1   48 O    0 0-1
                                    54 O    0-1-1
  19 BA   4     2.9128     5.5043   66 O    0 0-1   75 O    0 0-1  102 O    0 0-1
                                   108 O    0-1-1
  19 BA   4     3.4292     6.4803  120 TI   0 0-1  126 TI   0-1-1  129 TI   0 0-1
                                   135 TI   0-1-1
  19 BA   4     3.5181     6.6483  118 TI   0 0 0  124 TI   0-1 0  127 TI   0 0 0
                                   133 TI   0-1 0
  19 BA   4     3.9692     7.5008    1 BA   1 0 0   10 BA   0 0 0   22 BA   0 0 0
                                    25 BA   0-1 0

  20 BA   4     2.7890     5.2705   65 O    0 0 0   74 O    0 0 0  101 O    0 0 0
                                   107 O    0-1 0
  20 BA   4     2.8111     5.3122   37 O    0 0 0   43 O    0-1 0   46 O    0 0 0
                                    52 O    0-1 0
  20 BA   4     2.9128     5.5043   64 O    0 0 0   73 O    0 0 0  100 O    0 0 0
                                   106 O    0-1 0
  20 BA   4     3.4292     6.4803  118 TI   0 0 0  124 TI   0-1 0  127 TI   0 0 0
                                   133 TI   0-1 0
  20 BA   4     3.5181     6.6483  119 TI   0 0 0  125 TI   0-1 0  128 TI   0 0 0
                                   134 TI   0-1 0
  20 BA   4     3.9692     7.5008    2 BA   1 0 0   11 BA   0 0 0   23 BA   0 0 0
                                    26 BA   0-1 0

  21 BA   4     2.7890     5.2705   66 O    0 0 0   75 O    0 0 0  102 O    0 0 0
                                   108 O    0-1 0
  21 BA   4     2.8111     5.3122   38 O    0 0 0   44 O    0-1 0   47 O    0 0 0
                                    53 O    0-1 0
  21 BA   4     2.9128     5.5043   65 O    0 0 0   74 O    0 0 0  101 O    0 0 0
                                   107 O    0-1 0
  21 BA   4     3.4292     6.4803  119 TI   0 0 0  125 TI   0-1 0  128 TI   0 0 0
                                   134 TI   0-1 0
  21 BA   4     3.5181     6.6483  120 TI   0 0 0  126 TI   0-1 0  129 TI   0 0 0
                                   135 TI   0-1 0
  21 BA   4     3.9692     7.5008    3 BA   1 0 0   12 BA   0 0 0   24 BA   0 0 0
                                    27 BA   0-1 0

  22 BA   4     2.7890     5.2705   67 O    0 0 0   76 O    0 0 0  100 O    0 0 0
                                   103 O    0 0 0
  22 BA   4     2.8111     5.3122   39 O    0 0-1   42 O    0 0-1   48 O    0 0-1
                                    51 O    0 0-1
  22 BA   4     2.9128     5.5043   69 O    0 0-1   78 O    0 0-1  102 O    0 0-1
                                   105 O    0 0-1
  22 BA   4     3.4292     6.4803  120 TI   0 0-1  123 TI   0 0-1  129 TI   0 0-1
                                   132 TI   0 0-1
  22 BA   4     3.5181     6.6483  118 TI   0 0 0  121 TI   0 0 0  127 TI   0 0 0
                                   130 TI   0 0 0
  22 BA   4     3.9692     7.5008    4 BA   1 0 0   13 BA   0 0 0   19 BA   0 0 0
                                    25 BA   0 0 0

  23 BA   4     2.7890     5.2705   68 O    0 0 0   77 O    0 0 0  101 O    0 0 0
                                   104 O    0 0 0
  23 BA   4     2.8111     5.3122   37 O    0 0 0   40 O    0 0 0   46 O    0 0 0
                                    49 O    0 0 0
  23 BA   4     2.9128     5.5043   67 O    0 0 0   76 O    0 0 0  100 O    0 0 0
                                   103 O    0 0 0
  23 BA   4     3.4292     6.4803  118 TI   0 0 0  121 TI   0 0 0  127 TI   0 0 0
                                   130 TI   0 0 0
  23 BA   4     3.5181     6.6483  119 TI   0 0 0  122 TI   0 0 0  128 TI   0 0 0
                                   131 TI   0 0 0
  23 BA   4     3.9692     7.5008    5 BA   1 0 0   14 BA   0 0 0   20 BA   0 0 0
                                    26 BA   0 0 0

  24 BA   4     2.7890     5.2705   69 O    0 0 0   78 O    0 0 0  102 O    0 0 0
                                   105 O    0 0 0
  24 BA   4     2.8111     5.3122   38 O    0 0 0   41 O    0 0 0   47 O    0 0 0
                                    50 O    0 0 0
  24 BA   4     2.9128     5.5043   68 O    0 0 0   77 O    0 0 0  101 O    0 0 0
                                   104 O    0 0 0
  24 BA   4     3.4292     6.4803  119 TI   0 0 0  122 TI   0 0 0  128 TI   0 0 0
                                   131 TI   0 0 0
  24 BA   4     3.5181     6.6483  120 TI   0 0 0  123 TI   0 0 0  129 TI   0 0 0
                                   132 TI   0 0 0
  24 BA   4     3.9692     7.5008    6 BA   1 0 0   15 BA   0 0 0   21 BA   0 0 0
                                    27 BA   0 0 0

  25 BA   4     2.7890     5.2705   70 O    0 0 0   79 O    0 0 0  103 O    0 0 0
                                   106 O    0 0 0
  25 BA   4     2.8111     5.3122   42 O    0 0-1   45 O    0 0-1   51 O    0 0-1
                                    54 O    0 0-1
  25 BA   4     2.9128     5.5043   72 O    0 0-1   81 O    0 0-1  105 O    0 0-1
                                   108 O    0 0-1
  25 BA   4     3.4292     6.4803  123 TI   0 0-1  126 TI   0 0-1  132 TI   0 0-1
                                   135 TI   0 0-1
  25 BA   4     3.5181     6.6483  121 TI   0 0 0  124 TI   0 0 0  130 TI   0 0 0
                                   133 TI   0 0 0
  25 BA   4     3.9692     7.5008    7 BA   1 0 0   16 BA   0 0 0   19 BA   0 1 0
                                    22 BA   0 0 0

  26 BA   4     2.7890     5.2705   71 O    0 0 0   80 O    0 0 0  104 O    0 0 0
                                   107 O    0 0 0
  26 BA   4     2.8111     5.3122   40 O    0 0 0   43 O    0 0 0   49 O    0 0 0
                                    52 O    0 0 0
  26 BA   4     2.9128     5.5043   70 O    0 0 0   79 O    0 0 0  103 O    0 0 0
                                   106 O    0 0 0
  26 BA   4     3.4292     6.4803  121 TI   0 0 0  124 TI   0 0 0  130 TI   0 0 0
                                   133 TI   0 0 0
  26 BA   4     3.5181     6.6483  122 TI   0 0 0  125 TI   0 0 0  131 TI   0 0 0
                                   134 TI   0 0 0
  26 BA   4     3.9692     7.5008    8 BA   1 0 0   17 BA   0 0 0   20 BA   0 1 0
                                    23 BA   0 0 0

  27 BA   4     2.7890     5.2705   72 O    0 0 0   81 O    0 0 0  105 O    0 0 0
                                   108 O    0 0 0
  27 BA   4     2.8111     5.3122   41 O    0 0 0   44 O    0 0 0   50 O    0 0 0
                                    53 O    0 0 0
  27 BA   4     2.9128     5.5043   71 O    0 0 0   80 O    0 0 0  104 O    0 0 0
                                   107 O    0 0 0
  27 BA   4     3.4292     6.4803  122 TI   0 0 0  125 TI   0 0 0  131 TI   0 0 0
                                   134 TI   0 0 0
  27 BA   4     3.5181     6.6483  123 TI   0 0 0  126 TI   0 0 0  132 TI   0 0 0
                                   135 TI   0 0 0
  27 BA   4     3.9692     7.5008    9 BA   1 0 0   18 BA   0 0 0   21 BA   0 1 0
                                    24 BA   0 0 0

  28 O    1     1.8132     3.4264  109 TI   0 0 0
  28 O    1     2.2784     4.3056  110 TI   0 0 0
  28 O    1     2.7927     5.2774   55 O    0 0 0
  28 O    3     2.7998     5.2908   58 O    0 0 0   82 O    0 0 0   91 O    0 0 0
  28 O    4     2.8111     5.3122    2 BA   0 0 0    5 BA   0 0 0   11 BA   0 0 0
                                    14 BA   0 0 0
  28 O    4     2.9016     5.4832   56 O    0 0 0   59 O    0 0 0   83 O    0 0 0
                                    92 O    0 0 0

  29 O    1     1.8132     3.4264  110 TI   0 0 0
  29 O    1     2.2784     4.3056  111 TI   0 0 0
  29 O    4     2.7998     5.2908   56 O    0 0 0   59 O    0 0 0   83 O    0 0 0
                                    92 O    0 0 0
  29 O    4     2.8111     5.3122    3 BA   0 0 0    6 BA   0 0 0   12 BA   0 0 0
                                    15 BA   0 0 0
  29 O    4     2.9016     5.4832   57 O    0 0 0   60 O    0 0 0   84 O    0 0 0
                                    93 O    0 0 0
  29 O    4     3.9692     7.5008   32 O    0 0 0   35 O    0-1 0   38 O    0 0 0
                                    47 O   -1 0 0

  30 O    1     1.8132     3.4264  111 TI   0 0 0
  30 O    1     2.2784     4.3056  109 TI   0 0 1
  30 O    4     2.7998     5.2908   57 O    0 0 0   60 O    0 0 0   84 O    0 0 0
                                    93 O    0 0 0
  30 O    4     2.8111     5.3122    1 BA   0 0 1    4 BA   0 0 1   10 BA   0 0 1
                                    13 BA   0 0 1
  30 O    1     2.8948     5.4703   55 O    0 0 1
  30 O    3     2.9016     5.4832   58 O    0 0 1   82 O    0 0 1   91 O    0 0 1

  31 O    1     1.8132     3.4264  112 TI   0 0 0
  31 O    1     2.2784     4.3056  113 TI   0 0 0
  31 O    4     2.7998     5.2908   58 O    0 0 0   61 O    0 0 0   85 O    0 0 0
                                    94 O    0 0 0
  31 O    4     2.8111     5.3122    5 BA   0 0 0    8 BA   0 0 0   14 BA   0 0 0
                                    17 BA   0 0 0
  31 O    4     2.9016     5.4832   59 O    0 0 0   62 O    0 0 0   86 O    0 0 0
                                    95 O    0 0 0
  31 O    4     3.9692     7.5008   28 O    0 0 0   34 O    0 0 0   40 O    0 0 0
                                    49 O   -1 0 0

  32 O    1     1.8132     3.4264  113 TI   0 0 0
  32 O    1     2.2784     4.3056  114 TI   0 0 0
  32 O    4     2.7998     5.2908   59 O    0 0 0   62 O    0 0 0   86 O    0 0 0
                                    95 O    0 0 0
  32 O    4     2.8111     5.3122    6 BA   0 0 0    9 BA   0 0 0   15 BA   0 0 0
                                    18 BA   0 0 0
  32 O    4     2.9016     5.4832   60 O    0 0 0   63 O    0 0 0   87 O    0 0 0
                                    96 O    0 0 0
  32 O    4     3.9692     7.5008   29 O    0 0 0   35 O    0 0 0   41 O    0 0 0
                                    50 O   -1 0 0

  33 O    1     1.8132     3.4264  114 TI   0 0 0
  33 O    1     2.2784     4.3056  112 TI   0 0 1
  33 O    4     2.7998     5.2908   60 O    0 0 0   63 O    0 0 0   87 O    0 0 0
                                    96 O    0 0 0
  33 O    4     2.8111     5.3122    4 BA   0 0 1    7 BA   0 0 1   13 BA   0 0 1
                                    16 BA   0 0 1
  33 O    4     2.9016     5.4832   58 O    0 0 1   61 O    0 0 1   85 O    0 0 1
                                    94 O    0 0 1
  33 O    4     3.9692     7.5008   30 O    0 0 0   36 O    0 0 0   42 O    0 0 0
                                    51 O   -1 0 0

  34 O    1     1.8132     3.4264  115 TI   0 0 0
  34 O    1     2.2784     4.3056  116 TI   0 0 0
  34 O    3     2.7998     5.2908   61 O    0 0 0   88 O    0 0 0   97 O    0 0 0
  34 O    1     2.8069     5.3042   55 O    0 1 0
  34 O    4     2.8111     5.3122    2 BA   0 1 0    8 BA   0 0 0   11 BA   0 1 0
                                    17 BA   0 0 0
  34 O    4     2.9016     5.4832   56 O    0 1 0   62 O    0 0 0   89 O    0 0 0
                                    98 O    0 0 0

  35 O    1     1.8132     3.4264  116 TI   0 0 0
  35 O    1     2.2784     4.3056  117 TI   0 0 0
  35 O    4     2.7998     5.2908   56 O    0 1 0   62 O    0 0 0   89 O    0 0 0
                                    98 O    0 0 0
  35 O    4     2.8111     5.3122    3 BA   0 1 0    9 BA   0 0 0   12 BA   0 1 0
                                    18 BA   0 0 0
  35 O    4     2.9016     5.4832   57 O    0 1 0   63 O    0 0 0   90 O    0 0 0
                                    99 O    0 0 0
  35 O    4     3.9692     7.5008   29 O    0 1 0   32 O    0 0 0   44 O    0 0 0
                                    53 O   -1 0 0

  36 O    1     1.8132     3.4264  117 TI   0 0 0
  36 O    1     2.2784     4.3056  115 TI   0 0 1
  36 O    4     2.7998     5.2908   57 O    0 1 0   63 O    0 0 0   90 O    0 0 0
                                    99 O    0 0 0
  36 O    4     2.8111     5.3122    1 BA   0 1 1    7 BA   0 0 1   10 BA   0 1 1
                                    16 BA   0 0 1
  36 O    3     2.9016     5.4832   61 O    0 0 1   88 O    0 0 1   97 O    0 0 1
  36 O    1     2.9085     5.4962   55 O    0 1 1

  37 O    1     1.8132     3.4264  118 TI   0 0 0
  37 O    1     2.2784     4.3056  119 TI   0 0 0
  37 O    4     2.7998     5.2908   64 O    0 0 0   67 O    0 0 0   91 O    0 0 0
                                   100 O    0 0 0
  37 O    4     2.8111     5.3122   11 BA   0 0 0   14 BA   0 0 0   20 BA   0 0 0
                                    23 BA   0 0 0
  37 O    4     2.9016     5.4832   65 O    0 0 0   68 O    0 0 0   92 O    0 0 0
                                   101 O    0 0 0
  37 O    4     3.9692     7.5008   28 O    0 0 0   40 O    0 0 0   43 O    0-1 0
                                    46 O    0 0 0

  38 O    1     1.8132     3.4264  119 TI   0 0 0
  38 O    1     2.2784     4.3056  120 TI   0 0 0
  38 O    4     2.7998     5.2908   65 O    0 0 0   68 O    0 0 0   92 O    0 0 0
                                   101 O    0 0 0
  38 O    4     2.8111     5.3122   12 BA   0 0 0   15 BA   0 0 0   21 BA   0 0 0
                                    24 BA   0 0 0
  38 O    4     2.9016     5.4832   66 O    0 0 0   69 O    0 0 0   93 O    0 0 0
                                   102 O    0 0 0
  38 O    4     3.9692     7.5008   29 O    0 0 0   41 O    0 0 0   44 O    0-1 0
                                    47 O    0 0 0

  39 O    1     1.8132     3.4264  120 TI   0 0 0
  39 O    1     2.2784     4.3056  118 TI   0 0 1
  39 O    4     2.7998     5.2908   66 O    0 0 0   69 O    0 0 0   93 O    0 0 0
                                   102 O    0 0 0
  39 O    4     2.8111     5.3122   10 BA   0 0 1   13 BA   0 0 1   19 BA   0 0 1
                                    22 BA   0 0 1
  39 O    4     2.9016     5.4832   64 O    0 0 1   67 O    0 0 1   91 O    0 0 1
                                   100 O    0 0 1
  39 O    4     3.9692     7.5008   30 O    0 0 0   42 O    0 0 0   45 O    0-1 0
                                    48 O    0 0 0

  40 O    1     1.8132     3.4264  121 TI   0 0 0
  40 O    1     2.2784     4.3056  122 TI   0 0 0
  40 O    4     2.7998     5.2908   67 O    0 0 0   70 O    0 0 0   94 O    0 0 0
                                   103 O    0 0 0
  40 O    4     2.8111     5.3122   14 BA   0 0 0   17 BA   0 0 0   23 BA   0 0 0
                                    26 BA   0 0 0
  40 O    4     2.9016     5.4832   68 O    0 0 0   71 O    0 0 0   95 O    0 0 0
                                   104 O    0 0 0
  40 O    4     3.9692     7.5008   31 O    0 0 0   37 O    0 0 0   43 O    0 0 0
                                    49 O    0 0 0

  41 O    1     1.8132     3.4264  122 TI   0 0 0
  41 O    1     2.2784     4.3056  123 TI   0 0 0
  41 O    4     2.7998     5.2908   68 O    0 0 0   71 O    0 0 0   95 O    0 0 0
                                   104 O    0 0 0
  41 O    4     2.8111     5.3122   15 BA   0 0 0   18 BA   0 0 0   24 BA   0 0 0
                                    27 BA   0 0 0
  41 O    4     2.9016     5.4832   69 O    0 0 0   72 O    0 0 0   96 O    0 0 0
                                   105 O    0 0 0
  41 O    4     3.9692     7.5008   32 O    0 0 0   38 O    0 0 0   44 O    0 0 0
                                    50 O    0 0 0

  42 O    1     1.8132     3.4264  123 TI   0 0 0
  42 O    1     2.2784     4.3056  121 TI   0 0 1
  42 O    4     2.7998     5.2908   69 O    0 0 0   72 O    0 0 0   96 O    0 0 0
                                   105 O    0 0 0
  42 O    4     2.8111     5.3122   13 BA   0 0 1   16 BA   0 0 1   22 BA   0 0 1
                                    25 BA   0 0 1
  42 O    4     2.9016     5.4832   67 O    0 0 1   70 O    0 0 1   94 O    0 0 1
                                   103 O    0 0 1
  42 O    4     3.9692     7.5008   33 O    0 0 0   39 O    0 0 0   45 O    0 0 0
                                    51 O    0 0 0

  43 O    1     1.8132     3.4264  124 TI   0 0 0
  43 O    1     2.2784     4.3056  125 TI   0 0 0
  43 O    4     2.7998     5.2908   64 O    0 1 0   70 O    0 0 0   97 O    0 0 0
                                   106 O    0 0 0
  43 O    4     2.8111     5.3122   11 BA   0 1 0   17 BA   0 0 0   20 BA   0 1 0
                                    26 BA   0 0 0
  43 O    4     2.9016     5.4832   65 O    0 1 0   71 O    0 0 0   98 O    0 0 0
                                   107 O    0 0 0
  43 O    4     3.9692     7.5008   34 O    0 0 0   37 O    0 1 0   40 O    0 0 0
                                    52 O    0 0 0

  44 O    1     1.8132     3.4264  125 TI   0 0 0
  44 O    1     2.2784     4.3056  126 TI   0 0 0
  44 O    4     2.7998     5.2908   65 O    0 1 0   71 O    0 0 0   98 O    0 0 0
                                   107 O    0 0 0
  44 O    4     2.8111     5.3122   12 BA   0 1 0   18 BA   0 0 0   21 BA   0 1 0
                                    27 BA   0 0 0
  44 O    4     2.9016     5.4832   66 O    0 1 0   72 O    0 0 0   99 O    0 0 0
                                   108 O    0 0 0
  44 O    4     3.9692     7.5008   35 O    0 0 0   38 O    0 1 0   41 O    0 0 0
                                    53 O    0 0 0

  45 O    1     1.8132     3.4264  126 TI   0 0 0
  45 O    1     2.2784     4.3056  124 TI   0 0 1
  45 O    4     2.7998     5.2908   66 O    0 1 0   72 O    0 0 0   99 O    0 0 0
                                   108 O    0 0 0
  45 O    4     2.8111     5.3122   10 BA   0 1 1   16 BA   0 0 1   19 BA   0 1 1
                                    25 BA   0 0 1
  45 O    4     2.9016     5.4832   64 O    0 1 1   70 O    0 0 1   97 O    0 0 1
                                   106 O    0 0 1
  45 O    4     3.9692     7.5008   36 O    0 0 0   39 O    0 1 0   42 O    0 0 0
                                    54 O    0 0 0

  46 O    1     1.8132     3.4264  127 TI   0 0 0
  46 O    1     2.2784     4.3056  128 TI   0 0 0
  46 O    4     2.7998     5.2908   73 O    0 0 0   76 O    0 0 0   82 O    1 0 0
                                   100 O    0 0 0
  46 O    4     2.8111     5.3122    2 BA   1 0 0    5 BA   1 0 0   20 BA   0 0 0
                                    23 BA   0 0 0
  46 O    4     2.9016     5.4832   74 O    0 0 0   77 O    0 0 0   83 O    1 0 0
                                   101 O    0 0 0
  46 O    4     3.9692     7.5008   28 O    1 0 0   37 O    0 0 0   49 O    0 0 0
                                    52 O    0-1 0

  47 O    1     1.8132     3.4264  128 TI   0 0 0
  47 O    1     2.2784     4.3056  129 TI   0 0 0
  47 O    4     2.7998     5.2908   74 O    0 0 0   77 O    0 0 0   83 O    1 0 0
                                   101 O    0 0 0
  47 O    4     2.8111     5.3122    3 BA   1 0 0    6 BA   1 0 0   21 BA   0 0 0
                                    24 BA   0 0 0
  47 O    4     2.9016     5.4832   75 O    0 0 0   78 O    0 0 0   84 O    1 0 0
                                   102 O    0 0 0
  47 O    4     3.9692     7.5008   29 O    1 0 0   38 O    0 0 0   50 O    0 0 0
                                    53 O    0-1 0

  48 O    1     1.8132     3.4264  129 TI   0 0 0
  48 O    1     2.2784     4.3056  127 TI   0 0 1
  48 O    4     2.7998     5.2908   75 O    0 0 0   78 O    0 0 0   84 O    1 0 0
                                   102 O    0 0 0
  48 O    4     2.8111     5.3122    1 BA   1 0 1    4 BA   1 0 1   19 BA   0 0 1
                                    22 BA   0 0 1
  48 O    4     2.9016     5.4832   73 O    0 0 1   76 O    0 0 1   82 O    1 0 1
                                   100 O    0 0 1
  48 O    4     3.9692     7.5008   30 O    1 0 0   39 O    0 0 0   51 O    0 0 0
                                    54 O    0-1 0

  49 O    1     1.8132     3.4264  130 TI   0 0 0
  49 O    1     2.2784     4.3056  131 TI   0 0 0
  49 O    4     2.7998     5.2908   76 O    0 0 0   79 O    0 0 0   85 O    1 0 0
                                   103 O    0 0 0
  49 O    4     2.8111     5.3122    5 BA   1 0 0    8 BA   1 0 0   23 BA   0 0 0
                                    26 BA   0 0 0
  49 O    4     2.9016     5.4832   77 O    0 0 0   80 O    0 0 0   86 O    1 0 0
                                   104 O    0 0 0
  49 O    4     3.9692     7.5008   31 O    1 0 0   40 O    0 0 0   46 O    0 0 0
                                    52 O    0 0 0

  50 O    1     1.8132     3.4264  131 TI   0 0 0
  50 O    1     2.2784     4.3056  132 TI   0 0 0
  50 O    4     2.7998     5.2908   77 O    0 0 0   80 O    0 0 0   86 O    1 0 0
                                   104 O    0 0 0
  50 O    4     2.8111     5.3122    6 BA   1 0 0    9 BA   1 0 0   24 BA   0 0 0
                                    27 BA   0 0 0
  50 O    4     2.9016     5.4832   78 O    0 0 0   81 O    0 0 0   87 O    1 0 0
                                   105 O    0 0 0
  50 O    4     3.9692     7.5008   32 O    1 0 0   41 O    0 0 0   47 O    0 0 0
                                    53 O    0 0 0

  51 O    1     1.8132     3.4264  132 TI   0 0 0
  51 O    1     2.2784     4.3056  130 TI   0 0 1
  51 O    4     2.7998     5.2908   78 O    0 0 0   81 O    0 0 0   87 O    1 0 0
                                   105 O    0 0 0
  51 O    4     2.8111     5.3122    4 BA   1 0 1    7 BA   1 0 1   22 BA   0 0 1
                                    25 BA   0 0 1
  51 O    4     2.9016     5.4832   76 O    0 0 1   79 O    0 0 1   85 O    1 0 1
                                   103 O    0 0 1
  51 O    4     3.9692     7.5008   33 O    1 0 0   42 O    0 0 0   48 O    0 0 0
                                    54 O    0 0 0

  52 O    1     1.8132     3.4264  133 TI   0 0 0
  52 O    1     2.2784     4.3056  134 TI   0 0 0
  52 O    4     2.7998     5.2908   73 O    0 1 0   79 O    0 0 0   88 O    1 0 0
                                   106 O    0 0 0
  52 O    4     2.8111     5.3122    2 BA   1 1 0    8 BA   1 0 0   20 BA   0 1 0
                                    26 BA   0 0 0
  52 O    4     2.9016     5.4832   74 O    0 1 0   80 O    0 0 0   89 O    1 0 0
                                   107 O    0 0 0
  52 O    4     3.9692     7.5008   34 O    1 0 0   43 O    0 0 0   46 O    0 1 0
                                    49 O    0 0 0

  53 O    1     1.8132     3.4264  134 TI   0 0 0
  53 O    1     2.2784     4.3056  135 TI   0 0 0
  53 O    4     2.7998     5.2908   74 O    0 1 0   80 O    0 0 0   89 O    1 0 0
                                   107 O    0 0 0
  53 O    4     2.8111     5.3122    3 BA   1 1 0    9 BA   1 0 0   21 BA   0 1 0
                                    27 BA   0 0 0
  53 O    4     2.9016     5.4832   75 O    0 1 0   81 O    0 0 0   90 O    1 0 0
                                   108 O    0 0 0
  53 O    4     3.9692     7.5008   35 O    1 0 0   44 O    0 0 0   47 O    0 1 0
                                    50 O    0 0 0

  54 O    1     1.8132     3.4264  135 TI   0 0 0
  54 O    1     2.2784     4.3056  133 TI   0 0 1
  54 O    4     2.7998     5.2908   75 O    0 1 0   81 O    0 0 0   90 O    1 0 0
                                   108 O    0 0 0
  54 O    4     2.8111     5.3122    1 BA   1 1 1    7 BA   1 0 1   19 BA   0 1 1
                                    25 BA   0 0 1
  54 O    4     2.9016     5.4832   73 O    0 1 1   79 O    0 0 1   88 O    1 0 1
                                   106 O    0 0 1
  54 O    4     3.9692     7.5008   36 O    1 0 0   45 O    0 0 0   48 O    0 1 0
                                    51 O    0 0 0

  55 O    1     1.9812     3.7440  109 TI   0 0 0
  55 O    1     2.0012     3.7816  115 TI   0-1 0
  55 O    2     2.7891     5.2705    1 BA   0 0 0   10 BA   0 0 0
  55 O    1     2.7927     5.2774   28 O    0 0 0
  55 O    2     2.7996     5.2905   82 O    0 0 0   91 O    0 0 0
  55 O    1     2.8069     5.3042   34 O    0-1 0

  56 O    2     1.9912     3.7628  110 TI   0 0 0  116 TI   0-1 0
  56 O    2     2.7890     5.2705    2 BA   0 0 0   11 BA   0 0 0
  56 O    2     2.7998     5.2908   29 O    0 0 0   35 O    0-1 0
  56 O    4     2.8067     5.3039   83 O    0 0 0   89 O    0-1 0   92 O    0 0 0
                                    98 O    0-1 0
  56 O    2     2.9016     5.4832   28 O    0 0 0   34 O    0-1 0
  56 O    2     2.9128     5.5043    3 BA   0 0 0   12 BA   0 0 0

  57 O    2     1.9912     3.7628  111 TI   0 0 0  117 TI   0-1 0
  57 O    2     2.7890     5.2705    3 BA   0 0 0   12 BA   0 0 0
  57 O    2     2.7998     5.2908   30 O    0 0 0   36 O    0-1 0
  57 O    4     2.8067     5.3039   84 O    0 0 0   90 O    0-1 0   93 O    0 0 0
                                    99 O    0-1 0
  57 O    2     2.9016     5.4832   29 O    0 0 0   35 O    0-1 0
  57 O    2     2.9128     5.5043    1 BA   0 0 1   10 BA   0 0 1

  58 O    2     1.9912     3.7628  109 TI   0 0 0  112 TI   0 0 0
  58 O    2     2.7890     5.2705    4 BA   0 0 0   13 BA   0 0 0
  58 O    2     2.7998     5.2908   28 O    0 0 0   31 O    0 0 0
  58 O    4     2.8067     5.3039   82 O    0 0 0   85 O    0 0 0   91 O    0 0 0
                                    94 O    0 0 0
  58 O    2     2.9016     5.4832   30 O    0 0-1   33 O    0 0-1
  58 O    2     2.9128     5.5043    5 BA   0 0 0   14 BA   0 0 0

  59 O    2     1.9912     3.7628  110 TI   0 0 0  113 TI   0 0 0
  59 O    2     2.7890     5.2705    5 BA   0 0 0   14 BA   0 0 0
  59 O    2     2.7998     5.2908   29 O    0 0 0   32 O    0 0 0
  59 O    4     2.8067     5.3039   83 O    0 0 0   86 O    0 0 0   92 O    0 0 0
                                    95 O    0 0 0
  59 O    2     2.9016     5.4832   28 O    0 0 0   31 O    0 0 0
  59 O    2     2.9128     5.5043    6 BA   0 0 0   15 BA   0 0 0

  60 O    2     1.9912     3.7628  111 TI   0 0 0  114 TI   0 0 0
  60 O    2     2.7890     5.2705    6 BA   0 0 0   15 BA   0 0 0
  60 O    2     2.7998     5.2908   30 O    0 0 0   33 O    0 0 0
  60 O    4     2.8067     5.3039   84 O    0 0 0   87 O    0 0 0   93 O    0 0 0
                                    96 O    0 0 0
  60 O    2     2.9016     5.4832   29 O    0 0 0   32 O    0 0 0
  60 O    2     2.9128     5.5043    4 BA   0 0 1   13 BA   0 0 1

  61 O    2     1.9912     3.7628  112 TI   0 0 0  115 TI   0 0 0
  61 O    2     2.7890     5.2705    7 BA   0 0 0   16 BA   0 0 0
  61 O    2     2.7998     5.2908   31 O    0 0 0   34 O    0 0 0
  61 O    4     2.8067     5.3039   85 O    0 0 0   88 O    0 0 0   94 O    0 0 0
                                    97 O    0 0 0
  61 O    2     2.9016     5.4832   33 O    0 0-1   36 O    0 0-1
  61 O    2     2.9128     5.5043    8 BA   0 0 0   17 BA   0 0 0

  62 O    2     1.9912     3.7628  113 TI   0 0 0  116 TI   0 0 0
  62 O    2     2.7890     5.2705    8 BA   0 0 0   17 BA   0 0 0
  62 O    2     2.7998     5.2908   32 O    0 0 0   35 O    0 0 0
  62 O    4     2.8067     5.3039   86 O    0 0 0   89 O    0 0 0   95 O    0 0 0
                                    98 O    0 0 0
  62 O    2     2.9016     5.4832   31 O    0 0 0   34 O    0 0 0
  62 O    2     2.9128     5.5043    9 BA   0 0 0   18 BA   0 0 0

  63 O    2     1.9912     3.7628  114 TI   0 0 0  117 TI   0 0 0
  63 O    2     2.7890     5.2705    9 BA   0 0 0   18 BA   0 0 0
  63 O    2     2.7998     5.2908   33 O    0 0 0   36 O    0 0 0
  63 O    4     2.8067     5.3039   87 O    0 0 0   90 O    0 0 0   96 O    0 0 0
                                    99 O    0 0 0
  63 O    2     2.9016     5.4832   32 O    0 0 0   35 O    0 0 0
  63 O    2     2.9128     5.5043    7 BA   0 0 1   16 BA   0 0 1

  64 O    2     1.9912     3.7628  118 TI   0 0 0  124 TI   0-1 0
  64 O    2     2.7890     5.2705   10 BA   0 0 0   19 BA   0 0 0
  64 O    2     2.7998     5.2908   37 O    0 0 0   43 O    0-1 0
  64 O    4     2.8067     5.3039   91 O    0 0 0   97 O    0-1 0  100 O    0 0 0
                                   106 O    0-1 0
  64 O    2     2.9016     5.4832   39 O    0 0-1   45 O    0-1-1
  64 O    2     2.9128     5.5043   11 BA   0 0 0   20 BA   0 0 0

  65 O    2     1.9912     3.7628  119 TI   0 0 0  125 TI   0-1 0
  65 O    2     2.7890     5.2705   11 BA   0 0 0   20 BA   0 0 0
  65 O    2     2.7998     5.2908   38 O    0 0 0   44 O    0-1 0
  65 O    4     2.8067     5.3039   92 O    0 0 0   98 O    0-1 0  101 O    0 0 0
                                   107 O    0-1 0
  65 O    2     2.9016     5.4832   37 O    0 0 0   43 O    0-1 0
  65 O    2     2.9128     5.5043   12 BA   0 0 0   21 BA   0 0 0

  66 O    2     1.9912     3.7628  120 TI   0 0 0  126 TI   0-1 0
  66 O    2     2.7890     5.2705   12 BA   0 0 0   21 BA   0 0 0
  66 O    2     2.7998     5.2908   39 O    0 0 0   45 O    0-1 0
  66 O    4     2.8067     5.3039   93 O    0 0 0   99 O    0-1 0  102 O    0 0 0
                                   108 O    0-1 0
  66 O    2     2.9016     5.4832   38 O    0 0 0   44 O    0-1 0
  66 O    2     2.9128     5.5043   10 BA   0 0 1   19 BA   0 0 1

  67 O    2     1.9912     3.7628  118 TI   0 0 0  121 TI   0 0 0
  67 O    2     2.7890     5.2705   13 BA   0 0 0   22 BA   0 0 0
  67 O    2     2.7998     5.2908   37 O    0 0 0   40 O    0 0 0
  67 O    4     2.8067     5.3039   91 O    0 0 0   94 O    0 0 0  100 O    0 0 0
                                   103 O    0 0 0
  67 O    2     2.9016     5.4832   39 O    0 0-1   42 O    0 0-1
  67 O    2     2.9128     5.5043   14 BA   0 0 0   23 BA   0 0 0

  68 O    2     1.9912     3.7628  119 TI   0 0 0  122 TI   0 0 0
  68 O    2     2.7890     5.2705   14 BA   0 0 0   23 BA   0 0 0
  68 O    2     2.7998     5.2908   38 O    0 0 0   41 O    0 0 0
  68 O    4     2.8067     5.3039   92 O    0 0 0   95 O    0 0 0  101 O    0 0 0
                                   104 O    0 0 0
  68 O    2     2.9016     5.4832   37 O    0 0 0   40 O    0 0 0
  68 O    2     2.9128     5.5043   15 BA   0 0 0   24 BA   0 0 0

  69 O    2     1.9912     3.7628  120 TI   0 0 0  123 TI   0 0 0
  69 O    2     2.7890     5.2705   15 BA   0 0 0   24 BA   0 0 0
  69 O    2     2.7998     5.2908   39 O    0 0 0   42 O    0 0 0
  69 O    4     2.8067     5.3039   93 O    0 0 0   96 O    0 0 0  102 O    0 0 0
                                   105 O    0 0 0
  69 O    2     2.9016     5.4832   38 O    0 0 0   41 O    0 0 0
  69 O    2     2.9128     5.5043   13 BA   0 0 1   22 BA   0 0 1

  70 O    2     1.9912     3.7628  121 TI   0 0 0  124 TI   0 0 0
  70 O    2     2.7890     5.2705   16 BA   0 0 0   25 BA   0 0 0
  70 O    2     2.7998     5.2908   40 O    0 0 0   43 O    0 0 0
  70 O    4     2.8067     5.3039   94 O    0 0 0   97 O    0 0 0  103 O    0 0 0
                                   106 O    0 0 0
  70 O    2     2.9016     5.4832   42 O    0 0-1   45 O    0 0-1
  70 O    2     2.9128     5.5043   17 BA   0 0 0   26 BA   0 0 0

  71 O    2     1.9912     3.7628  122 TI   0 0 0  125 TI   0 0 0
  71 O    2     2.7890     5.2705   17 BA   0 0 0   26 BA   0 0 0
  71 O    2     2.7998     5.2908   41 O    0 0 0   44 O    0 0 0
  71 O    4     2.8067     5.3039   95 O    0 0 0   98 O    0 0 0  104 O    0 0 0
                                   107 O    0 0 0
  71 O    2     2.9016     5.4832   40 O    0 0 0   43 O    0 0 0
  71 O    2     2.9128     5.5043   18 BA   0 0 0   27 BA   0 0 0

  72 O    2     1.9912     3.7628  123 TI   0 0 0  126 TI   0 0 0
  72 O    2     2.7890     5.2705   18 BA   0 0 0   27 BA   0 0 0
  72 O    2     2.7998     5.2908   42 O    0 0 0   45 O    0 0 0
  72 O    4     2.8067     5.3039   96 O    0 0 0   99 O    0 0 0  105 O    0 0 0
                                   108 O    0 0 0
  72 O    2     2.9016     5.4832   41 O    0 0 0   44 O    0 0 0
  72 O    2     2.9128     5.5043   16 BA   0 0 1   25 BA   0 0 1

  73 O    2     1.9912     3.7628  127 TI   0 0 0  133 TI   0-1 0
  73 O    2     2.7890     5.2705    1 BA   1 0 0   19 BA   0 0 0
  73 O    2     2.7998     5.2908   46 O    0 0 0   52 O    0-1 0
  73 O    4     2.8067     5.3039   82 O    1 0 0   88 O    1-1 0  100 O    0 0 0
                                   106 O    0-1 0
  73 O    2     2.9016     5.4832   48 O    0 0-1   54 O    0-1-1
  73 O    2     2.9128     5.5043    2 BA   1 0 0   20 BA   0 0 0

  74 O    2     1.9912     3.7628  128 TI   0 0 0  134 TI   0-1 0
  74 O    2     2.7890     5.2705    2 BA   1 0 0   20 BA   0 0 0
  74 O    2     2.7998     5.2908   47 O    0 0 0   53 O    0-1 0
  74 O    4     2.8067     5.3039   83 O    1 0 0   89 O    1-1 0  101 O    0 0 0
                                   107 O    0-1 0
  74 O    2     2.9016     5.4832   46 O    0 0 0   52 O    0-1 0
  74 O    2     2.9128     5.5043    3 BA   1 0 0   21 BA   0 0 0

  75 O    2     1.9912     3.7628  129 TI   0 0 0  135 TI   0-1 0
  75 O    2     2.7890     5.2705    3 BA   1 0 0   21 BA   0 0 0
  75 O    2     2.7998     5.2908   48 O    0 0 0   54 O    0-1 0
  75 O    4     2.8067     5.3039   84 O    1 0 0   90 O    1-1 0  102 O    0 0 0
                                   108 O    0-1 0
  75 O    2     2.9016     5.4832   47 O    0 0 0   53 O    0-1 0
  75 O    2     2.9128     5.5043    1 BA   1 0 1   19 BA   0 0 1

  76 O    2     1.9912     3.7628  127 TI   0 0 0  130 TI   0 0 0
  76 O    2     2.7890     5.2705    4 BA   1 0 0   22 BA   0 0 0
  76 O    2     2.7998     5.2908   46 O    0 0 0   49 O    0 0 0
  76 O    4     2.8067     5.3039   82 O    1 0 0   85 O    1 0 0  100 O    0 0 0
                                   103 O    0 0 0
  76 O    2     2.9016     5.4832   48 O    0 0-1   51 O    0 0-1
  76 O    2     2.9128     5.5043    5 BA   1 0 0   23 BA   0 0 0

  77 O    2     1.9912     3.7628  128 TI   0 0 0  131 TI   0 0 0
  77 O    2     2.7890     5.2705    5 BA   1 0 0   23 BA   0 0 0
  77 O    2     2.7998     5.2908   47 O    0 0 0   50 O    0 0 0
  77 O    4     2.8067     5.3039   83 O    1 0 0   86 O    1 0 0  101 O    0 0 0
                                   104 O    0 0 0
  77 O    2     2.9016     5.4832   46 O    0 0 0   49 O    0 0 0
  77 O    2     2.9128     5.5043    6 BA   1 0 0   24 BA   0 0 0

  78 O    2     1.9912     3.7628  129 TI   0 0 0  132 TI   0 0 0
  78 O    2     2.7890     5.2705    6 BA   1 0 0   24 BA   0 0 0
  78 O    2     2.7998     5.2908   48 O    0 0 0   51 O    0 0 0
  78 O    4     2.8067     5.3039   84 O    1 0 0   87 O    1 0 0  102 O    0 0 0
                                   105 O    0 0 0
  78 O    2     2.9016     5.4832   47 O    0 0 0   50 O    0 0 0
  78 O    2     2.9128     5.5043    4 BA   1 0 1   22 BA   0 0 1

  79 O    2     1.9912     3.7628  130 TI   0 0 0  133 TI   0 0 0
  79 O    2     2.7890     5.2705    7 BA   1 0 0   25 BA   0 0 0
  79 O    2     2.7998     5.2908   49 O    0 0 0   52 O    0 0 0
  79 O    4     2.8067     5.3039   85 O    1 0 0   88 O    1 0 0  103 O    0 0 0
                                   106 O    0 0 0
  79 O    2     2.9016     5.4832   51 O    0 0-1   54 O    0 0-1
  79 O    2     2.9128     5.5043    8 BA   1 0 0   26 BA   0 0 0

  80 O    2     1.9912     3.7628  131 TI   0 0 0  134 TI   0 0 0
  80 O    2     2.7890     5.2705    8 BA   1 0 0   26 BA   0 0 0
  80 O    2     2.7998     5.2908   50 O    0 0 0   53 O    0 0 0
  80 O    4     2.8067     5.3039   86 O    1 0 0   89 O    1 0 0  104 O    0 0 0
                                   107 O    0 0 0
  80 O    2     2.9016     5.4832   49 O    0 0 0   52 O    0 0 0
  80 O    2     2.9128     5.5043    9 BA   1 0 0   27 BA   0 0 0

  81 O    2     1.9912     3.7628  132 TI   0 0 0  135 TI   0 0 0
  81 O    2     2.7890     5.2705    9 BA   1 0 0   27 BA   0 0 0
  81 O    2     2.7998     5.2908   51 O    0 0 0   54 O    0 0 0
  81 O    4     2.8067     5.3039   87 O    1 0 0   90 O    1 0 0  105 O    0 0 0
                                   108 O    0 0 0
  81 O    2     2.9016     5.4832   50 O    0 0 0   53 O    0 0 0
  81 O    2     2.9128     5.5043    7 BA   1 0 1   25 BA   0 0 1

  82 O    2     1.9912     3.7628  109 TI   0 0 0  127 TI  -1 0 0
  82 O    2     2.7890     5.2705    1 BA   0 0 0    4 BA   0 0 0
  82 O    1     2.7996     5.2905   55 O    0 0 0
  82 O    2     2.7998     5.2908   28 O    0 0 0   46 O   -1 0 0
  82 O    3     2.8067     5.3039   58 O    0 0 0   73 O   -1 0 0   76 O   -1 0 0
  82 O    2     2.9016     5.4832   30 O    0 0-1   48 O   -1 0-1

  83 O    2     1.9912     3.7628  110 TI   0 0 0  128 TI  -1 0 0
  83 O    2     2.7890     5.2705    2 BA   0 0 0    5 BA   0 0 0
  83 O    2     2.7998     5.2908   29 O    0 0 0   47 O   -1 0 0
  83 O    4     2.8067     5.3039   56 O    0 0 0   59 O    0 0 0   74 O   -1 0 0
                                    77 O   -1 0 0
  83 O    2     2.9016     5.4832   28 O    0 0 0   46 O   -1 0 0
  83 O    2     2.9128     5.5043    3 BA   0 0 0    6 BA   0 0 0

  84 O    2     1.9912     3.7628  111 TI   0 0 0  129 TI  -1 0 0
  84 O    2     2.7890     5.2705    3 BA   0 0 0    6 BA   0 0 0
  84 O    2     2.7998     5.2908   30 O    0 0 0   48 O   -1 0 0
  84 O    4     2.8067     5.3039   57 O    0 0 0   60 O    0 0 0   75 O   -1 0 0
                                    78 O   -1 0 0
  84 O    2     2.9016     5.4832   29 O    0 0 0   47 O   -1 0 0
  84 O    2     2.9128     5.5043    1 BA   0 0 1    4 BA   0 0 1

  85 O    2     1.9912     3.7628  112 TI   0 0 0  130 TI  -1 0 0
  85 O    2     2.7890     5.2705    4 BA   0 0 0    7 BA   0 0 0
  85 O    2     2.7998     5.2908   31 O    0 0 0   49 O   -1 0 0
  85 O    4     2.8067     5.3039   58 O    0 0 0   61 O    0 0 0   76 O   -1 0 0
                                    79 O   -1 0 0
  85 O    2     2.9016     5.4832   33 O    0 0-1   51 O   -1 0-1
  85 O    2     2.9128     5.5043    5 BA   0 0 0    8 BA   0 0 0

  86 O    2     1.9912     3.7628  113 TI   0 0 0  131 TI  -1 0 0
  86 O    2     2.7890     5.2705    5 BA   0 0 0    8 BA   0 0 0
  86 O    2     2.7998     5.2908   32 O    0 0 0   50 O   -1 0 0
  86 O    4     2.8067     5.3039   59 O    0 0 0   62 O    0 0 0   77 O   -1 0 0
                                    80 O   -1 0 0
  86 O    2     2.9016     5.4832   31 O    0 0 0   49 O   -1 0 0
  86 O    2     2.9128     5.5043    6 BA   0 0 0    9 BA   0 0 0

  87 O    2     1.9912     3.7628  114 TI   0 0 0  132 TI  -1 0 0
  87 O    2     2.7890     5.2705    6 BA   0 0 0    9 BA   0 0 0
  87 O    2     2.7998     5.2908   33 O    0 0 0   51 O   -1 0 0
  87 O    4     2.8067     5.3039   60 O    0 0 0   63 O    0 0 0   78 O   -1 0 0
                                    81 O   -1 0 0
  87 O    2     2.9016     5.4832   32 O    0 0 0   50 O   -1 0 0
  87 O    2     2.9128     5.5043    4 BA   0 0 1    7 BA   0 0 1

  88 O    2     1.9912     3.7628  115 TI   0 0 0  133 TI  -1 0 0
  88 O    2     2.7890     5.2705    1 BA   0 1 0    7 BA   0 0 0
  88 O    2     2.7998     5.2908   34 O    0 0 0   52 O   -1 0 0
  88 O    3     2.8067     5.3039   61 O    0 0 0   73 O   -1 1 0   79 O   -1 0 0
  88 O    1     2.8138     5.3172   55 O    0 1 0
  88 O    2     2.9016     5.4832   36 O    0 0-1   54 O   -1 0-1

  89 O    2     1.9912     3.7628  116 TI   0 0 0  134 TI  -1 0 0
  89 O    2     2.7890     5.2705    2 BA   0 1 0    8 BA   0 0 0
  89 O    2     2.7998     5.2908   35 O    0 0 0   53 O   -1 0 0
  89 O    4     2.8067     5.3039   56 O    0 1 0   62 O    0 0 0   74 O   -1 1 0
                                    80 O   -1 0 0
  89 O    2     2.9016     5.4832   34 O    0 0 0   52 O   -1 0 0
  89 O    2     2.9128     5.5043    3 BA   0 1 0    9 BA   0 0 0

  90 O    2     1.9912     3.7628  117 TI   0 0 0  135 TI  -1 0 0
  90 O    2     2.7890     5.2705    3 BA   0 1 0    9 BA   0 0 0
  90 O    2     2.7998     5.2908   36 O    0 0 0   54 O   -1 0 0
  90 O    4     2.8067     5.3039   57 O    0 1 0   63 O    0 0 0   75 O   -1 1 0
                                    81 O   -1 0 0
  90 O    2     2.9016     5.4832   35 O    0 0 0   53 O   -1 0 0
  90 O    2     2.9128     5.5043    1 BA   0 1 1    7 BA   0 0 1

  91 O    2     1.9912     3.7628  109 TI   0 0 0  118 TI   0 0 0
  91 O    2     2.7890     5.2705   10 BA   0 0 0   13 BA   0 0 0
  91 O    1     2.7996     5.2905   55 O    0 0 0
  91 O    2     2.7998     5.2908   28 O    0 0 0   37 O    0 0 0
  91 O    3     2.8067     5.3039   58 O    0 0 0   64 O    0 0 0   67 O    0 0 0
  91 O    2     2.9016     5.4832   30 O    0 0-1   39 O    0 0-1

  92 O    2     1.9912     3.7628  110 TI   0 0 0  119 TI   0 0 0
  92 O    2     2.7890     5.2705   11 BA   0 0 0   14 BA   0 0 0
  92 O    2     2.7998     5.2908   29 O    0 0 0   38 O    0 0 0
  92 O    4     2.8067     5.3039   56 O    0 0 0   59 O    0 0 0   65 O    0 0 0
                                    68 O    0 0 0
  92 O    2     2.9016     5.4832   28 O    0 0 0   37 O    0 0 0
  92 O    2     2.9128     5.5043   12 BA   0 0 0   15 BA   0 0 0

  93 O    2     1.9912     3.7628  111 TI   0 0 0  120 TI   0 0 0
  93 O    2     2.7890     5.2705   12 BA   0 0 0   15 BA   0 0 0
  93 O    2     2.7998     5.2908   30 O    0 0 0   39 O    0 0 0
  93 O    4     2.8067     5.3039   57 O    0 0 0   60 O    0 0 0   66 O    0 0 0
                                    69 O    0 0 0
  93 O    2     2.9016     5.4832   29 O    0 0 0   38 O    0 0 0
  93 O    2     2.9128     5.5043   10 BA   0 0 1   13 BA   0 0 1

  94 O    2     1.9912     3.7628  112 TI   0 0 0  121 TI   0 0 0
  94 O    2     2.7890     5.2705   13 BA   0 0 0   16 BA   0 0 0
  94 O    2     2.7998     5.2908   31 O    0 0 0   40 O    0 0 0
  94 O    4     2.8067     5.3039   58 O    0 0 0   61 O    0 0 0   67 O    0 0 0
                                    70 O    0 0 0
  94 O    2     2.9016     5.4832   33 O    0 0-1   42 O    0 0-1
  94 O    2     2.9128     5.5043   14 BA   0 0 0   17 BA   0 0 0

  95 O    2     1.9912     3.7628  113 TI   0 0 0  122 TI   0 0 0
  95 O    2     2.7890     5.2705   14 BA   0 0 0   17 BA   0 0 0
  95 O    2     2.7998     5.2908   32 O    0 0 0   41 O    0 0 0
  95 O    4     2.8067     5.3039   59 O    0 0 0   62 O    0 0 0   68 O    0 0 0
                                    71 O    0 0 0
  95 O    2     2.9016     5.4832   31 O    0 0 0   40 O    0 0 0
  95 O    2     2.9128     5.5043   15 BA   0 0 0   18 BA   0 0 0

  96 O    2     1.9912     3.7628  114 TI   0 0 0  123 TI   0 0 0
  96 O    2     2.7890     5.2705   15 BA   0 0 0   18 BA   0 0 0
  96 O    2     2.7998     5.2908   33 O    0 0 0   42 O    0 0 0
  96 O    4     2.8067     5.3039   60 O    0 0 0   63 O    0 0 0   69 O    0 0 0
                                    72 O    0 0 0
  96 O    2     2.9016     5.4832   32 O    0 0 0   41 O    0 0 0
  96 O    2     2.9128     5.5043   13 BA   0 0 1   16 BA   0 0 1

  97 O    2     1.9912     3.7628  115 TI   0 0 0  124 TI   0 0 0
  97 O    2     2.7890     5.2705   10 BA   0 1 0   16 BA   0 0 0
  97 O    2     2.7998     5.2908   34 O    0 0 0   43 O    0 0 0
  97 O    3     2.8067     5.3039   61 O    0 0 0   64 O    0 1 0   70 O    0 0 0
  97 O    1     2.8138     5.3172   55 O    0 1 0
  97 O    2     2.9016     5.4832   36 O    0 0-1   45 O    0 0-1

  98 O    2     1.9912     3.7628  116 TI   0 0 0  125 TI   0 0 0
  98 O    2     2.7890     5.2705   11 BA   0 1 0   17 BA   0 0 0
  98 O    2     2.7998     5.2908   35 O    0 0 0   44 O    0 0 0
  98 O    4     2.8067     5.3039   56 O    0 1 0   62 O    0 0 0   65 O    0 1 0
                                    71 O    0 0 0
  98 O    2     2.9016     5.4832   34 O    0 0 0   43 O    0 0 0
  98 O    2     2.9128     5.5043   12 BA   0 1 0   18 BA   0 0 0

  99 O    2     1.9912     3.7628  117 TI   0 0 0  126 TI   0 0 0
  99 O    2     2.7890     5.2705   12 BA   0 1 0   18 BA   0 0 0
  99 O    2     2.7998     5.2908   36 O    0 0 0   45 O    0 0 0
  99 O    4     2.8067     5.3039   57 O    0 1 0   63 O    0 0 0   66 O    0 1 0
                                    72 O    0 0 0
  99 O    2     2.9016     5.4832   35 O    0 0 0   44 O    0 0 0
  99 O    2     2.9128     5.5043   10 BA   0 1 1   16 BA   0 0 1

 100 O    2     1.9912     3.7628  118 TI   0 0 0  127 TI   0 0 0
 100 O    2     2.7890     5.2705   19 BA   0 0 0   22 BA   0 0 0
 100 O    2     2.7998     5.2908   37 O    0 0 0   46 O    0 0 0
 100 O    4     2.8067     5.3039   64 O    0 0 0   67 O    0 0 0   73 O    0 0 0
                                    76 O    0 0 0
 100 O    2     2.9016     5.4832   39 O    0 0-1   48 O    0 0-1
 100 O    2     2.9128     5.5043   20 BA   0 0 0   23 BA   0 0 0

 101 O    2     1.9912     3.7628  119 TI   0 0 0  128 TI   0 0 0
 101 O    2     2.7890     5.2705   20 BA   0 0 0   23 BA   0 0 0
 101 O    2     2.7998     5.2908   38 O    0 0 0   47 O    0 0 0
 101 O    4     2.8067     5.3039   65 O    0 0 0   68 O    0 0 0   74 O    0 0 0
                                    77 O    0 0 0
 101 O    2     2.9016     5.4832   37 O    0 0 0   46 O    0 0 0
 101 O    2     2.9128     5.5043   21 BA   0 0 0   24 BA   0 0 0

 102 O    2     1.9912     3.7628  120 TI   0 0 0  129 TI   0 0 0
 102 O    2     2.7890     5.2705   21 BA   0 0 0   24 BA   0 0 0
 102 O    2     2.7998     5.2908   39 O    0 0 0   48 O    0 0 0
 102 O    4     2.8067     5.3039   66 O    0 0 0   69 O    0 0 0   75 O    0 0 0
                                    78 O    0 0 0
 102 O    2     2.9016     5.4832   38 O    0 0 0   47 O    0 0 0
 102 O    2     2.9128     5.5043   19 BA   0 0 1   22 BA   0 0 1

 103 O    2     1.9912     3.7628  121 TI   0 0 0  130 TI   0 0 0
 103 O    2     2.7890     5.2705   22 BA   0 0 0   25 BA   0 0 0
 103 O    2     2.7998     5.2908   40 O    0 0 0   49 O    0 0 0
 103 O    4     2.8067     5.3039   67 O    0 0 0   70 O    0 0 0   76 O    0 0 0
                                    79 O    0 0 0
 103 O    2     2.9016     5.4832   42 O    0 0-1   51 O    0 0-1
 103 O    2     2.9128     5.5043   23 BA   0 0 0   26 BA   0 0 0

 104 O    2     1.9912     3.7628  122 TI   0 0 0  131 TI   0 0 0
 104 O    2     2.7890     5.2705   23 BA   0 0 0   26 BA   0 0 0
 104 O    2     2.7998     5.2908   41 O    0 0 0   50 O    0 0 0
 104 O    4     2.8067     5.3039   68 O    0 0 0   71 O    0 0 0   77 O    0 0 0
                                    80 O    0 0 0
 104 O    2     2.9016     5.4832   40 O    0 0 0   49 O    0 0 0
 104 O    2     2.9128     5.5043   24 BA   0 0 0   27 BA   0 0 0

 105 O    2     1.9912     3.7628  123 TI   0 0 0  132 TI   0 0 0
 105 O    2     2.7890     5.2705   24 BA   0 0 0   27 BA   0 0 0
 105 O    2     2.7998     5.2908   42 O    0 0 0   51 O    0 0 0
 105 O    4     2.8067     5.3039   69 O    0 0 0   72 O    0 0 0   78 O    0 0 0
                                    81 O    0 0 0
 105 O    2     2.9016     5.4832   41 O    0 0 0   50 O    0 0 0
 105 O    2     2.9128     5.5043   22 BA   0 0 1   25 BA   0 0 1

 106 O    2     1.9912     3.7628  124 TI   0 0 0  133 TI   0 0 0
 106 O    2     2.7890     5.2705   19 BA   0 1 0   25 BA   0 0 0
 106 O    2     2.7998     5.2908   43 O    0 0 0   52 O    0 0 0
 106 O    4     2.8067     5.3039   64 O    0 1 0   70 O    0 0 0   73 O    0 1 0
                                    79 O    0 0 0
 106 O    2     2.9016     5.4832   45 O    0 0-1   54 O    0 0-1
 106 O    2     2.9128     5.5043   20 BA   0 1 0   26 BA   0 0 0

 107 O    2     1.9912     3.7628  125 TI   0 0 0  134 TI   0 0 0
 107 O    2     2.7890     5.2705   20 BA   0 1 0   26 BA   0 0 0
 107 O    2     2.7998     5.2908   44 O    0 0 0   53 O    0 0 0
 107 O    4     2.8067     5.3039   65 O    0 1 0   71 O    0 0 0   74 O    0 1 0
                                    80 O    0 0 0
 107 O    2     2.9016     5.4832   43 O    0 0 0   52 O    0 0 0
 107 O    2     2.9128     5.5043   21 BA   0 1 0   27 BA   0 0 0

 108 O    2     1.9912     3.7628  126 TI   0 0 0  135 TI   0 0 0
 108 O    2     2.7890     5.2705   21 BA   0 1 0   27 BA   0 0 0
 108 O    2     2.7998     5.2908   45 O    0 0 0   54 O    0 0 0
 108 O    4     2.8067     5.3039   66 O    0 1 0   72 O    0 0 0   75 O    0 1 0
                                    81 O    0 0 0
 108 O    2     2.9016     5.4832   44 O    0 0 0   53 O    0 0 0
 108 O    2     2.9128     5.5043   19 BA   0 1 1   25 BA   0 0 1

 109 TI   1     1.8132     3.4264   28 O    0 0 0
 109 TI   1     1.9812     3.7440   55 O    0 0 0
 109 TI   3     1.9912     3.7628   58 O    0 0 0   82 O    0 0 0   91 O    0 0 0
 109 TI   1     2.2784     4.3056   30 O    0 0-1
 109 TI   4     3.4292     6.4803    2 BA   0 0 0    5 BA   0 0 0   11 BA   0 0 0
                                    14 BA   0 0 0
 109 TI   4     3.5181     6.6483    1 BA   0 0 0    4 BA   0 0 0   10 BA   0 0 0
                                    13 BA   0 0 0

 110 TI   1     1.8132     3.4264   29 O    0 0 0
 110 TI   4     1.9912     3.7628   56 O    0 0 0   59 O    0 0 0   83 O    0 0 0
                                    92 O    0 0 0
 110 TI   1     2.2784     4.3056   28 O    0 0 0
 110 TI   4     3.4292     6.4803    3 BA   0 0 0    6 BA   0 0 0   12 BA   0 0 0
                                    15 BA   0 0 0
 110 TI   4     3.5181     6.6483    2 BA   0 0 0    5 BA   0 0 0   11 BA   0 0 0
                                    14 BA   0 0 0
 110 TI   4     3.9692     7.5008  113 TI   0 0 0  116 TI   0-1 0  119 TI   0 0 0
                                   128 TI  -1 0 0

 111 TI   1     1.8132     3.4264   30 O    0 0 0
 111 TI   4     1.9912     3.7628   57 O    0 0 0   60 O    0 0 0   84 O    0 0 0
                                    93 O    0 0 0
 111 TI   1     2.2784     4.3056   29 O    0 0 0
 111 TI   4     3.4292     6.4803    1 BA   0 0 1    4 BA   0 0 1   10 BA   0 0 1
                                    13 BA   0 0 1
 111 TI   4     3.5181     6.6483    3 BA   0 0 0    6 BA   0 0 0   12 BA   0 0 0
                                    15 BA   0 0 0
 111 TI   4     3.9692     7.5008  114 TI   0 0 0  117 TI   0-1 0  120 TI   0 0 0
                                   129 TI  -1 0 0

 112 TI   1     1.8132     3.4264   31 O    0 0 0
 112 TI   4     1.9912     3.7628   58 O    0 0 0   61 O    0 0 0   85 O    0 0 0
                                    94 O    0 0 0
 112 TI   1     2.2784     4.3056   33 O    0 0-1
 112 TI   4     3.4292     6.4803    5 BA   0 0 0    8 BA   0 0 0   14 BA   0 0 0
                                    17 BA   0 0 0
 112 TI   4     3.5181     6.6483    4 BA   0 0 0    7 BA   0 0 0   13 BA   0 0 0
                                    16 BA   0 0 0
 112 TI   4     3.9692     7.5008  109 TI   0 0 0  115 TI   0 0 0  121 TI   0 0 0
                                   130 TI  -1 0 0

 113 TI   1     1.8132     3.4264   32 O    0 0 0
 113 TI   4     1.9912     3.7628   59 O    0 0 0   62 O    0 0 0   86 O    0 0 0
                                    95 O    0 0 0
 113 TI   1     2.2784     4.3056   31 O    0 0 0
 113 TI   4     3.4292     6.4803    6 BA   0 0 0    9 BA   0 0 0   15 BA   0 0 0
                                    18 BA   0 0 0
 113 TI   4     3.5181     6.6483    5 BA   0 0 0    8 BA   0 0 0   14 BA   0 0 0
                                    17 BA   0 0 0
 113 TI   4     3.9692     7.5008  110 TI   0 0 0  116 TI   0 0 0  122 TI   0 0 0
                                   131 TI  -1 0 0

 114 TI   1     1.8132     3.4264   33 O    0 0 0
 114 TI   4     1.9912     3.7628   60 O    0 0 0   63 O    0 0 0   87 O    0 0 0
                                    96 O    0 0 0
 114 TI   1     2.2784     4.3056   32 O    0 0 0
 114 TI   4     3.4292     6.4803    4 BA   0 0 1    7 BA   0 0 1   13 BA   0 0 1
                                    16 BA   0 0 1
 114 TI   4     3.5181     6.6483    6 BA   0 0 0    9 BA   0 0 0   15 BA   0 0 0
                                    18 BA   0 0 0
 114 TI   4     3.9692     7.5008  111 TI   0 0 0  117 TI   0 0 0  123 TI   0 0 0
                                   132 TI  -1 0 0

 115 TI   1     1.8132     3.4264   34 O    0 0 0
 115 TI   3     1.9912     3.7628   61 O    0 0 0   88 O    0 0 0   97 O    0 0 0
 115 TI   1     2.0012     3.7816   55 O    0 1 0
 115 TI   1     2.2784     4.3056   36 O    0 0-1
 115 TI   4     3.4292     6.4803    2 BA   0 1 0    8 BA   0 0 0   11 BA   0 1 0
                                    17 BA   0 0 0
 115 TI   4     3.5181     6.6483    1 BA   0 1 0    7 BA   0 0 0   10 BA   0 1 0
                                    16 BA   0 0 0

 116 TI   1     1.8132     3.4264   35 O    0 0 0
 116 TI   4     1.9912     3.7628   56 O    0 1 0   62 O    0 0 0   89 O    0 0 0
                                    98 O    0 0 0
 116 TI   1     2.2784     4.3056   34 O    0 0 0
 116 TI   4     3.4292     6.4803    3 BA   0 1 0    9 BA   0 0 0   12 BA   0 1 0
                                    18 BA   0 0 0
 116 TI   4     3.5181     6.6483    2 BA   0 1 0    8 BA   0 0 0   11 BA   0 1 0
                                    17 BA   0 0 0
 116 TI   4     3.9692     7.5008  110 TI   0 1 0  113 TI   0 0 0  125 TI   0 0 0
                                   134 TI  -1 0 0

 117 TI   1     1.8132     3.4264   36 O    0 0 0
 117 TI   4     1.9912     3.7628   57 O    0 1 0   63 O    0 0 0   90 O    0 0 0
                                    99 O    0 0 0
 117 TI   1     2.2784     4.3056   35 O    0 0 0
 117 TI   4     3.4292     6.4803    1 BA   0 1 1    7 BA   0 0 1   10 BA   0 1 1
                                    16 BA   0 0 1
 117 TI   4     3.5181     6.6483    3 BA   0 1 0    9 BA   0 0 0   12 BA   0 1 0
                                    18 BA   0 0 0
 117 TI   4     3.9692     7.5008  111 TI   0 1 0  114 TI   0 0 0  126 TI   0 0 0
                                   135 TI  -1 0 0

 118 TI   1     1.8132     3.4264   37 O    0 0 0
 118 TI   4     1.9912     3.7628   64 O    0 0 0   67 O    0 0 0   91 O    0 0 0
                                   100 O    0 0 0
 118 TI   1     2.2784     4.3056   39 O    0 0-1
 118 TI   4     3.4292     6.4803   11 BA   0 0 0   14 BA   0 0 0   20 BA   0 0 0
                                    23 BA   0 0 0
 118 TI   4     3.5181     6.6483   10 BA   0 0 0   13 BA   0 0 0   19 BA   0 0 0
                                    22 BA   0 0 0
 118 TI   4     3.9692     7.5008  109 TI   0 0 0  121 TI   0 0 0  124 TI   0-1 0
                                   127 TI   0 0 0

 119 TI   1     1.8132     3.4264   38 O    0 0 0
 119 TI   4     1.9912     3.7628   65 O    0 0 0   68 O    0 0 0   92 O    0 0 0
                                   101 O    0 0 0
 119 TI   1     2.2784     4.3056   37 O    0 0 0
 119 TI   4     3.4292     6.4803   12 BA   0 0 0   15 BA   0 0 0   21 BA   0 0 0
                                    24 BA   0 0 0
 119 TI   4     3.5181     6.6483   11 BA   0 0 0   14 BA   0 0 0   20 BA   0 0 0
                                    23 BA   0 0 0
 119 TI   4     3.9692     7.5008  110 TI   0 0 0  122 TI   0 0 0  125 TI   0-1 0
                                   128 TI   0 0 0

 120 TI   1     1.8132     3.4264   39 O    0 0 0
 120 TI   4     1.9912     3.7628   66 O    0 0 0   69 O    0 0 0   93 O    0 0 0
                                   102 O    0 0 0
 120 TI   1     2.2784     4.3056   38 O    0 0 0
 120 TI   4     3.4292     6.4803   10 BA   0 0 1   13 BA   0 0 1   19 BA   0 0 1
                                    22 BA   0 0 1
 120 TI   4     3.5181     6.6483   12 BA   0 0 0   15 BA   0 0 0   21 BA   0 0 0
                                    24 BA   0 0 0
 120 TI   4     3.9692     7.5008  111 TI   0 0 0  123 TI   0 0 0  126 TI   0-1 0
                                   129 TI   0 0 0

 121 TI   1     1.8132     3.4264   40 O    0 0 0
 121 TI   4     1.9912     3.7628   67 O    0 0 0   70 O    0 0 0   94 O    0 0 0
                                   103 O    0 0 0
 121 TI   1     2.2784     4.3056   42 O    0 0-1
 121 TI   4     3.4292     6.4803   14 BA   0 0 0   17 BA   0 0 0   23 BA   0 0 0
                                    26 BA   0 0 0
 121 TI   4     3.5181     6.6483   13 BA   0 0 0   16 BA   0 0 0   22 BA   0 0 0
                                    25 BA   0 0 0
 121 TI   4     3.9692     7.5008  112 TI   0 0 0  118 TI   0 0 0  124 TI   0 0 0
                                   130 TI   0 0 0

 122 TI   1     1.8132     3.4264   41 O    0 0 0
 122 TI   4     1.9912     3.7628   68 O    0 0 0   71 O    0 0 0   95 O    0 0 0
                                   104 O    0 0 0
 122 TI   1     2.2784     4.3056   40 O    0 0 0
 122 TI   4     3.4292     6.4803   15 BA   0 0 0   18 BA   0 0 0   24 BA   0 0 0
                                    27 BA   0 0 0
 122 TI   4     3.5181     6.6483   14 BA   0 0 0   17 BA   0 0 0   23 BA   0 0 0
                                    26 BA   0 0 0
 122 TI   4     3.9692     7.5008  113 TI   0 0 0  119 TI   0 0 0  125 TI   0 0 0
                                   131 TI   0 0 0

 123 TI   1     1.8132     3.4264   42 O    0 0 0
 123 TI   4     1.9912     3.7628   69 O    0 0 0   72 O    0 0 0   96 O    0 0 0
                                   105 O    0 0 0
 123 TI   1     2.2784     4.3056   41 O    0 0 0
 123 TI   4     3.4292     6.4803   13 BA   0 0 1   16 BA   0 0 1   22 BA   0 0 1
                                    25 BA   0 0 1
 123 TI   4     3.5181     6.6483   15 BA   0 0 0   18 BA   0 0 0   24 BA   0 0 0
                                    27 BA   0 0 0
 123 TI   4     3.9692     7.5008  114 TI   0 0 0  120 TI   0 0 0  126 TI   0 0 0
                                   132 TI   0 0 0

 124 TI   1     1.8132     3.4264   43 O    0 0 0
 124 TI   4     1.9912     3.7628   64 O    0 1 0   70 O    0 0 0   97 O    0 0 0
                                   106 O    0 0 0
 124 TI   1     2.2784     4.3056   45 O    0 0-1
 124 TI   4     3.4292     6.4803   11 BA   0 1 0   17 BA   0 0 0   20 BA   0 1 0
                                    26 BA   0 0 0
 124 TI   4     3.5181     6.6483   10 BA   0 1 0   16 BA   0 0 0   19 BA   0 1 0
                                    25 BA   0 0 0
 124 TI   4     3.9692     7.5008  115 TI   0 0 0  118 TI   0 1 0  121 TI   0 0 0
                                   133 TI   0 0 0

 125 TI   1     1.8132     3.4264   44 O    0 0 0
 125 TI   4     1.9912     3.7628   65 O    0 1 0   71 O    0 0 0   98 O    0 0 0
                                   107 O    0 0 0
 125 TI   1     2.2784     4.3056   43 O    0 0 0
 125 TI   4     3.4292     6.4803   12 BA   0 1 0   18 BA   0 0 0   21 BA   0 1 0
                                    27 BA   0 0 0
 125 TI   4     3.5181     6.6483   11 BA   0 1 0   17 BA   0 0 0   20 BA   0 1 0
                                    26 BA   0 0 0
 125 TI   4     3.9692     7.5008  116 TI   0 0 0  119 TI   0 1 0  122 TI   0 0 0
                                   134 TI   0 0 0

 126 TI   1     1.8132     3.4264   45 O    0 0 0
 126 TI   4     1.9912     3.7628   66 O    0 1 0   72 O    0 0 0   99 O    0 0 0
                                   108 O    0 0 0
 126 TI   1     2.2784     4.3056   44 O    0 0 0
 126 TI   4     3.4292     6.4803   10 BA   0 1 1   16 BA   0 0 1   19 BA   0 1 1
                                    25 BA   0 0 1
 126 TI   4     3.5181     6.6483   12 BA   0 1 0   18 BA   0 0 0   21 BA   0 1 0
                                    27 BA   0 0 0
 126 TI   4     3.9692     7.5008  117 TI   0 0 0  120 TI   0 1 0  123 TI   0 0 0
                                   135 TI   0 0 0

 127 TI   1     1.8132     3.4264   46 O    0 0 0
 127 TI   4     1.9912     3.7628   73 O    0 0 0   76 O    0 0 0   82 O    1 0 0
                                   100 O    0 0 0
 127 TI   1     2.2784     4.3056   48 O    0 0-1
 127 TI   4     3.4292     6.4803    2 BA   1 0 0    5 BA   1 0 0   20 BA   0 0 0
                                    23 BA   0 0 0
 127 TI   4     3.5181     6.6483    1 BA   1 0 0    4 BA   1 0 0   19 BA   0 0 0
                                    22 BA   0 0 0
 127 TI   4     3.9692     7.5008  109 TI   1 0 0  118 TI   0 0 0  130 TI   0 0 0
                                   133 TI   0-1 0

 128 TI   1     1.8132     3.4264   47 O    0 0 0
 128 TI   4     1.9912     3.7628   74 O    0 0 0   77 O    0 0 0   83 O    1 0 0
                                   101 O    0 0 0
 128 TI   1     2.2784     4.3056   46 O    0 0 0
 128 TI   4     3.4292     6.4803    3 BA   1 0 0    6 BA   1 0 0   21 BA   0 0 0
                                    24 BA   0 0 0
 128 TI   4     3.5181     6.6483    2 BA   1 0 0    5 BA   1 0 0   20 BA   0 0 0
                                    23 BA   0 0 0
 128 TI   4     3.9692     7.5008  110 TI   1 0 0  119 TI   0 0 0  131 TI   0 0 0
                                   134 TI   0-1 0

 129 TI   1     1.8132     3.4264   48 O    0 0 0
 129 TI   4     1.9912     3.7628   75 O    0 0 0   78 O    0 0 0   84 O    1 0 0
                                   102 O    0 0 0
 129 TI   1     2.2784     4.3056   47 O    0 0 0
 129 TI   4     3.4292     6.4803    1 BA   1 0 1    4 BA   1 0 1   19 BA   0 0 1
                                    22 BA   0 0 1
 129 TI   4     3.5181     6.6483    3 BA   1 0 0    6 BA   1 0 0   21 BA   0 0 0
                                    24 BA   0 0 0
 129 TI   4     3.9692     7.5008  111 TI   1 0 0  120 TI   0 0 0  132 TI   0 0 0
                                   135 TI   0-1 0

 130 TI   1     1.8132     3.4264   49 O    0 0 0
 130 TI   4     1.9912     3.7628   76 O    0 0 0   79 O    0 0 0   85 O    1 0 0
                                   103 O    0 0 0
 130 TI   1     2.2784     4.3056   51 O    0 0-1
 130 TI   4     3.4292     6.4803    5 BA   1 0 0    8 BA   1 0 0   23 BA   0 0 0
                                    26 BA   0 0 0
 130 TI   4     3.5181     6.6483    4 BA   1 0 0    7 BA   1 0 0   22 BA   0 0 0
                                    25 BA   0 0 0
 130 TI   4     3.9692     7.5008  112 TI   1 0 0  121 TI   0 0 0  127 TI   0 0 0
                                   133 TI   0 0 0

 131 TI   1     1.8132     3.4264   50 O    0 0 0
 131 TI   4     1.9912     3.7628   77 O    0 0 0   80 O    0 0 0   86 O    1 0 0
                                   104 O    0 0 0
 131 TI   1     2.2784     4.3056   49 O    0 0 0
 131 TI   4     3.4292     6.4803    6 BA   1 0 0    9 BA   1 0 0   24 BA   0 0 0
                                    27 BA   0 0 0
 131 TI   4     3.5181     6.6483    5 BA   1 0 0    8 BA   1 0 0   23 BA   0 0 0
                                    26 BA   0 0 0
 131 TI   4     3.9692     7.5008  113 TI   1 0 0  122 TI   0 0 0  128 TI   0 0 0
                                   134 TI   0 0 0

 132 TI   1     1.8132     3.4264   51 O    0 0 0
 132 TI   4     1.9912     3.7628   78 O    0 0 0   81 O    0 0 0   87 O    1 0 0
                                   105 O    0 0 0
 132 TI   1     2.2784     4.3056   50 O    0 0 0
 132 TI   4     3.4292     6.4803    4 BA   1 0 1    7 BA   1 0 1   22 BA   0 0 1
                                    25 BA   0 0 1
 132 TI   4     3.5181     6.6483    6 BA   1 0 0    9 BA   1 0 0   24 BA   0 0 0
                                    27 BA   0 0 0
 132 TI   4     3.9692     7.5008  114 TI   1 0 0  123 TI   0 0 0  129 TI   0 0 0
                                   135 TI   0 0 0

 133 TI   1     1.8132     3.4264   52 O    0 0 0
 133 TI   4     1.9912     3.7628   73 O    0 1 0   79 O    0 0 0   88 O    1 0 0
                                   106 O    0 0 0
 133 TI   1     2.2784     4.3056   54 O    0 0-1
 133 TI   4     3.4292     6.4803    2 BA   1 1 0    8 BA   1 0 0   20 BA   0 1 0
                                    26 BA   0 0 0
 133 TI   4     3.5181     6.6483    1 BA   1 1 0    7 BA   1 0 0   19 BA   0 1 0
                                    25 BA   0 0 0
 133 TI   4     3.9692     7.5008  115 TI   1 0 0  124 TI   0 0 0  127 TI   0 1 0
                                   130 TI   0 0 0

 134 TI   1     1.8132     3.4264   53 O    0 0 0
 134 TI   4     1.9912     3.7628   74 O    0 1 0   80 O    0 0 0   89 O    1 0 0
                                   107 O    0 0 0
 134 TI   1     2.2784     4.3056   52 O    0 0 0
 134 TI   4     3.4292     6.4803    3 BA   1 1 0    9 BA   1 0 0   21 BA   0 1 0
                                    27 BA   0 0 0
 134 TI   4     3.5181     6.6483    2 BA   1 1 0    8 BA   1 0 0   20 BA   0 1 0
                                    26 BA   0 0 0
 134 TI   4     3.9692     7.5008  116 TI   1 0 0  125 TI   0 0 0  128 TI   0 1 0
                                   131 TI   0 0 0

 135 TI   1     1.8132     3.4264   54 O    0 0 0
 135 TI   4     1.9912     3.7628   75 O    0 1 0   81 O    0 0 0   90 O    1 0 0
                                   108 O    0 0 0
 135 TI   1     2.2784     4.3056   53 O    0 0 0
 135 TI   4     3.4292     6.4803    1 BA   1 1 1    7 BA   1 0 1   19 BA   0 1 1
                                    25 BA   0 0 1
 135 TI   4     3.5181     6.6483    3 BA   1 1 0    9 BA   1 0 0   21 BA   0 1 0
                                    27 BA   0 0 0
 135 TI   4     3.9692     7.5008  117 TI   1 0 0  126 TI   0 0 0  129 TI   0 1 0
                                   132 TI   0 0 0


 SYMMETRY ALLOWED INTERNAL DEGREE(S) OF FREEDOM: 402
 TTTTTTTTTTTTTTTTTTTTTTTTTTTTTT SYMM        TELAPSE        2.78 TCPU        2.31
 TTTTTTTTTTTTTTTTTTTTTTTTTTTTTT INT_SCREEN  TELAPSE        2.89 TCPU        2.42

 DFT PARAMETERS

     ATOM       ELECTRONS   NET CHARGE   R(ANGSTROM)
   1 256  BA     10.0000      0.0000     2.24000000
  28   8  O       8.0000      0.0000     0.74000000
 109  22  TI     22.0000      0.0000     1.47000000

 SIZE OF GRID=    2838091
 TTTTTTTTTTTTTTTTTTTTTTTTTTTTTT MAKE_GRID2  TELAPSE       42.81 TCPU       42.33
 BECKE WEIGHT FUNCTION
 RADSAFE =     2.00
 TOLERANCES - DENSITY:10**- 6; POTENTIAL:10**- 9; GRID WGT:10**-14

 RADIAL INTEGRATION  - INTERVALS (POINTS,UPPER LIMIT):            1( 75,  4.0*R)

 ANGULAR INTEGRATION - INTERVALS (ACCURACY LEVEL [N. POINTS] UPPER LIMIT):
  1(  4[  86]   0.2)  2(  8[ 194]   0.5)  3( 12[ 350]   0.9)  4( 16[ 974]   3.5)
  5( 12[ 350]9999.0)
 TTTTTTTTTTTTTTTTTTTTTTTTTTTTTT INT_CALC    TELAPSE       42.91 TCPU       42.44
 EEEEEEEEEE INT_CALC TERMINATION  DATE 25 03 2026 TIME 16:54:35.0

 *******************************************************************************
 converted and standardized from ase Atoms() object for Ba27Ti27O81 in space grou
 CRYSTAL - SCF - TYPE OF CALCULATION :  RESTRICTED CLOSED SHELL
 *******************************************************************************

 CAPPA:IS1  2;IS2  2;IS3  2; K PTS MONK NET   8; SYMMOPS:K SPACE   2;G SPACE   1

 TTTTTTTTTTTTTTTTTTTTTTTTTTTTTT SDIK        TELAPSE       45.19 TCPU       44.72

 AAAAAAAAAAAAAAAAAAAAAAAAAAAAAAAAAAAAAAAAAAAAAAAAAAAAAAAAAAAAAAAAAAAAAAAAAAAAAAA
         ATOMIC WAVEFUNCTION(S)


 NUCLEAR CHARGE 10.0  SYMMETRY SPECIES            S    P
 N. ELECTRONS   10.0  NUMBER OF PRIMITIVE GTOS    5    5
                      NUMBER OF CONTRACTED GTOS   3    2
                      NUMBER OF CLOSED SHELLS     2    1
                      OPEN SHELL OCCUPATION       0    0

  ZNUC  SCFIT    TOTAL HF ENERGY   KINETIC ENERGY   VIRIAL THEOREM             ACCURACY
  10.0     4    -2.474305552E+01  8.075374960E+00 -4.064013205E+00  1.0E-06

 NUCLEAR CHARGE  8.0  SYMMETRY SPECIES            S    P
 N. ELECTRONS    8.0  NUMBER OF PRIMITIVE GTOS   10    6
                      NUMBER OF CONTRACTED GTOS   4    3
                      NUMBER OF CLOSED SHELLS     2    0
                      OPEN SHELL OCCUPATION       0    4

  ZNUC  SCFIT    TOTAL HF ENERGY   KINETIC ENERGY   VIRIAL THEOREM             ACCURACY
   8.0    13    -7.480154908E+01  7.478929754E+01 -2.000163814E+00  2.2E-06

 NUCLEAR CHARGE 22.0  SYMMETRY SPECIES            S    P    D
 N. ELECTRONS   22.0  NUMBER OF PRIMITIVE GTOS   17   11    6
                      NUMBER OF CONTRACTED GTOS   6    4    3
                      NUMBER OF CLOSED SHELLS     4    2    0
                      OPEN SHELL OCCUPATION       0    0    2

  ZNUC  SCFIT    TOTAL HF ENERGY   KINETIC ENERGY   VIRIAL THEOREM             ACCURACY
  22.0    51    -8.483283897E+02  8.486954851E+02 -1.999567459E+00  4.0E-06

 AAAAAAAAAAAAAAAAAAAAAAAAAAAAAAAAAAAAAAAAAAAAAAAAAAAAAAAAAAAAAAAAAAAAAAAAAAAAAAA

 CHARGE NORMALIZATION FACTOR   1.00000000
 TOTAL ATOMIC CHARGES:
  10.0000000  10.0000000  10.0000000  10.0000000  10.0000000  10.0000000
  10.0000000  10.0000000  10.0000000  10.0000000  10.0000000  10.0000000
  10.0000000  10.0000000  10.0000000  10.0000000  10.0000000  10.0000000
  10.0000000  10.0000000  10.0000000  10.0000000  10.0000000  10.0000000
  10.0000000  10.0000000  10.0000000   8.0000000   8.0000000   8.0000000
   8.0000000   8.0000000   8.0000000   8.0000000   8.0000000   8.0000000
   8.0000000   8.0000000   8.0000000   8.0000000   8.0000000   8.0000000
   8.0000000   8.0000000   8.0000000   8.0000000   8.0000000   8.0000000
   8.0000000   8.0000000   8.0000000   8.0000000   8.0000000   8.0000000
   8.0000000   8.0000000   8.0000000   8.0000000   8.0000000   8.0000000
   8.0000000   8.0000000   8.0000000   8.0000000   8.0000000   8.0000000
   8.0000000   8.0000000   8.0000000   8.0000000   8.0000000   8.0000000
   8.0000000   8.0000000   8.0000000   8.0000000   8.0000000   8.0000000
   8.0000000   8.0000000   8.0000000   8.0000000   8.0000000   8.0000000
   8.0000000   8.0000000   8.0000000   8.0000000   8.0000000   8.0000000
   8.0000000   8.0000000   8.0000000   8.0000000   8.0000000   8.0000000
   8.0000000   8.0000000   8.0000000   8.0000000   8.0000000   8.0000000
   8.0000000   8.0000000   8.0000000   8.0000000   8.0000000   8.0000000
  22.0000000  22.0000000  22.0000000  22.0000000  22.0000000  22.0000000
  22.0000000  22.0000000  22.0000000  22.0000000  22.0000000  22.0000000
  22.0000000  22.0000000  22.0000000  22.0000000  22.0000000  22.0000000
  22.0000000  22.0000000  22.0000000  22.0000000  22.0000000  22.0000000
  22.0000000  22.0000000  22.0000000
 TTTTTTTTTTTTTTTTTTTTTTTTTTTTTT MOQGAD      TELAPSE       45.29 TCPU       44.82
 TTTTTTTTTTTTTTTTTTTTTTTTTTTTTT SHELLXN     TELAPSE      378.91 TCPU      378.41
 TTTTTTTTTTTTTTTTTTTTTTTTTTTTTT MONMO3      TELAPSE      390.65 TCPU      390.15
 NUMERICALLY INTEGRATED DENSITY   1511.9942825179
 TTTTTTTTTTTTTTTTTTTTTTTTTTTTTT NUMDFT      TELAPSE      406.29 TCPU      405.78
 CYC   0 ETOT(AU) -2.971191287032E+04 DETOT -2.97E+04 tst  0.00E+00 PX  1.00E+00
 TTTTTTTTTTTTTTTTTTTTTTTTTTTTTT DIIS        TELAPSE      406.56 TCPU      406.05
 TTTTTTTTTTTTTTTTTTTTTTTTTTTTTT FDIK        TELAPSE      421.88 TCPU      421.16
 INSULATING STATE
 TOP OF VALENCE BANDS -    BAND    756; K    8; EIG -3.4808587E-01 AU
 TOP OF VALENCE BANDS -    BAND    756; K    1; EIG -3.5372794E-01 AU
 BOTTOM OF VIRTUAL BANDS - BAND    757; K    1; EIG -8.3600008E-02 AU
 INDIRECT ENERGY BAND GAP:   7.1970 eV
 TTTTTTTTTTTTTTTTTTTTTTTTTTTTTT PDIG        TELAPSE      424.31 TCPU      423.59
 CHARGE NORMALIZATION FACTOR   1.00000000
 TOTAL ATOMIC CHARGES:
   8.1656787   8.1656577   8.1656874   8.1656867   8.1656810   8.1656871
   8.1656871   8.1656952   8.1656878   8.1656788   8.1656578   8.1656874
   8.1656867   8.1656811   8.1656870   8.1656872   8.1656953   8.1656878
   8.1656871   8.1656878   8.1656874   8.1656869   8.1656878   8.1656875
   8.1656873   8.1656881   8.1656874   9.4555898   9.4556894   9.4556751
   9.4556911   9.4556911   9.4556883   9.4557763   9.4556929   9.4556984
   9.4556888   9.4556911   9.4556857   9.4556910   9.4556912   9.4556883
   9.4556936   9.4556912   9.4556907   9.4556888   9.4556911   9.4556857
   9.4556910   9.4556911   9.4556883   9.4556937   9.4556911   9.4556907
   9.4796613   9.4798496   9.4798505   9.4800308   9.4798526   9.4798521
   9.4796768   9.4798464   9.4798486   9.4798503   9.4798490   9.4798502
   9.4798539   9.4798496   9.4798508   9.4798457   9.4798492   9.4798503
   9.4798503   9.4798490   9.4798502   9.4798539   9.4798496   9.4798507
   9.4798457   9.4798492   9.4798503   9.4797853   9.4798481   9.4798488
   9.4798500   9.4798491   9.4798505   9.4799147   9.4798509   9.4798521
   9.4797853   9.4798481   9.4798488   9.4798500   9.4798491   9.4798505
   9.4799147   9.4798509   9.4798521   9.4798476   9.4798494   9.4798505
   9.4798501   9.4798494   9.4798505   9.4798525   9.4798494   9.4798506
  19.4226261  19.4189341  19.4189568  19.4189208  19.4189237  19.4189230
  19.4155028  19.4189060  19.4188895  19.4189554  19.4189235  19.4189235
  19.4189220  19.4189228  19.4189230  19.4188858  19.4189218  19.4189228
  19.4189554  19.4189235  19.4189235  19.4189220  19.4189228  19.4189230
  19.4188857  19.4189218  19.4189228
 TTTTTTTTTTTTTTTTTTTTTTTTTTTTTT MOQGAD      TELAPSE      424.36 TCPU      423.64
 TTTTTTTTTTTTTTTTTTTTTTTTTTTTTT SHELLXN     TELAPSE      774.12 TCPU      773.21
 TTTTTTTTTTTTTTTTTTTTTTTTTTTTTT MONMO3      TELAPSE      785.89 TCPU      784.98
 NUMERICALLY INTEGRATED DENSITY   1511.9940008057
 TTTTTTTTTTTTTTTTTTTTTTTTTTTTTT NUMDFT      TELAPSE      801.72 TCPU      800.81
 CYC   1 ETOT(AU) -2.970527779535E+04 DETOT  6.64E+00 tst  0.00E+00 PX  1.00E+00
 TTTTTTTTTTTTTTTTTTTTTTTTTTTTTT DIIS        TELAPSE      805.71 TCPU      804.80
 DIIS TEST: 0.75792E+02 AT SCF   CYCLE   1 - MIX   80 %
 TTTTTTTTTTTTTTTTTTTTTTTTTTTTTT FDIK        TELAPSE      821.61 TCPU      820.63
 INSULATING STATE
 TOP OF VALENCE BANDS -    BAND    756; K    8; EIG -2.6039085E-01 AU
 TOP OF VALENCE BANDS -    BAND    756; K    1; EIG -2.7120369E-01 AU
 BOTTOM OF VIRTUAL BANDS - BAND    757; K    1; EIG -1.0188390E-01 AU
 INDIRECT ENERGY BAND GAP:   4.3132 eV
 TTTTTTTTTTTTTTTTTTTTTTTTTTTTTT PDIG        TELAPSE      824.07 TCPU      823.09
 CHARGE NORMALIZATION FACTOR   1.00000000
 TOTAL ATOMIC CHARGES:
   8.2540421   8.2540254   8.2540495   8.2540412   8.2540387   8.2540467
   8.2540561   8.2540600   8.2540520   8.2540421   8.2540255   8.2540494
   8.2540412   8.2540388   8.2540466   8.2540561   8.2540601   8.2540520
   8.2540489   8.2540499   8.2540492   8.2540460   8.2540467   8.2540501
   8.2540518   8.2540532   8.2540486   9.1914942   9.1908941   9.1905067
   9.1908170   9.1908173   9.1908129   9.1901277   9.1907404   9.1911185
   9.1908410   9.1908325   9.1907682   9.1908166   9.1908169   9.1908133
   9.1907922   9.1908014   9.1908586   9.1908410   9.1908324   9.1907681
   9.1908166   9.1908169   9.1908133   9.1907923   9.1908014   9.1908586
   9.2349527   9.2351110   9.2351110   9.2355036   9.2350687   9.2350909
   9.2347239   9.2351525   9.2351298   9.2351116   9.2351098   9.2351111
   9.2350831   9.2350896   9.2350966   9.2351373   9.2351302   9.2351254
   9.2351116   9.2351098   9.2351111   9.2350831   9.2350895   9.2350966
   9.2351373   9.2351302   9.2351253   9.2352081   9.2350861   9.2351134
   9.2351105   9.2351099   9.2351112   9.2350160   9.2351342   9.2351086
   9.2352081   9.2350861   9.2351134   9.2351105   9.2351099   9.2351112
   9.2350160   9.2351342   9.2351086   9.2351943   9.2351203   9.2351269
   9.2351109   9.2351100   9.2351112   9.2350279   9.2350996   9.2350951
  20.0858720  20.0849123  20.0852120  20.0849134  20.0849142  20.0849149
  20.0841627  20.0849134  20.0846213  20.0850834  20.0849068  20.0849349
  20.0849135  20.0849143  20.0849147  20.0847455  20.0849217  20.0848954
  20.0850834  20.0849068  20.0849349  20.0849135  20.0849143  20.0849147
  20.0847453  20.0849217  20.0848953
 TTTTTTTTTTTTTTTTTTTTTTTTTTTTTT MOQGAD      TELAPSE      824.12 TCPU      823.15
 TTTTTTTTTTTTTTTTTTTTTTTTTTTTTT SHELLXN     TELAPSE     1174.87 TCPU     1173.72
 TTTTTTTTTTTTTTTTTTTTTTTTTTTTTT MONMO3      TELAPSE     1186.61 TCPU     1185.46
 NUMERICALLY INTEGRATED DENSITY   1511.9930752930
 TTTTTTTTTTTTTTTTTTTTTTTTTTTTTT NUMDFT      TELAPSE     1202.49 TCPU     1201.35
 CYC   2 ETOT(AU) -2.971627018093E+04 DETOT -1.10E+01 tst  4.97E-03 PX  6.80E-02
 TTTTTTTTTTTTTTTTTTTTTTTTTTTTTT DIIS        TELAPSE     1206.60 TCPU     1205.45
 DIIS TEST: 0.14262E+02 AT SCF   CYCLE   2 - DIIS ACTIVE - HISTORY:     2 CYCLES
 TTTTTTTTTTTTTTTTTTTTTTTTTTTTTT FDIK        TELAPSE     1222.04 TCPU     1220.76
 INSULATING STATE
 TOP OF VALENCE BANDS -    BAND    756; K    8; EIG -1.5416692E-01 AU
 TOP OF VALENCE BANDS -    BAND    756; K    1; EIG -1.6815719E-01 AU
 BOTTOM OF VIRTUAL BANDS - BAND    757; K    1; EIG -2.2295855E-02 AU
 INDIRECT ENERGY BAND GAP:   3.5884 eV
 TTTTTTTTTTTTTTTTTTTTTTTTTTTTTT PDIG        TELAPSE     1224.50 TCPU     1223.22
 CHARGE NORMALIZATION FACTOR   1.00000000
 TOTAL ATOMIC CHARGES:
   8.3391451   8.3391459   8.3391431   8.3391571   8.3391076   8.3391268
   8.3391274   8.3391779   8.3391573   8.3391452   8.3391460   8.3391431
   8.3391571   8.3391076   8.3391267   8.3391274   8.3391780   8.3391573
   8.3391419   8.3391430   8.3391419   8.3391365   8.3391247   8.3391431
   8.3391467   8.3391607   8.3391410   9.0551719   9.0558038   9.0558238
   9.0556701   9.0556721   9.0556687   9.0561601   9.0555370   9.0555366
   9.0558660   9.0556819   9.0557053   9.0556685   9.0556707   9.0556668
   9.0554757   9.0556588   9.0556290   9.0558660   9.0556819   9.0557053
   9.0556685   9.0556707   9.0556668   9.0554758   9.0556588   9.0556290
   9.0386350   9.0385765   9.0385703   9.0380957   9.0384201   9.0385873
   9.0390435   9.0387339   9.0385551   9.0385745   9.0385745   9.0385755
   9.0385279   9.0384981   9.0385449   9.0386194   9.0386468   9.0386031
   9.0385744   9.0385745   9.0385755   9.0385279   9.0384981   9.0385449
   9.0386193   9.0386468   9.0386031   9.0383738   9.0385758   9.0386908
   9.0385751   9.0385729   9.0385740   9.0387786   9.0385725   9.0384575
   9.0383737   9.0385758   9.0386908   9.0385751   9.0385729   9.0385740
   9.0387786   9.0385725   9.0384575   9.0387451   9.0385816   9.0385828
   9.0385737   9.0385730   9.0385742   9.0384035   9.0385640   9.0385651
  20.5247381  20.5276278  20.5272792  20.5280373  20.5280386  20.5280427
  20.5312394  20.5284498  20.5287967  20.5278609  20.5281258  20.5280783
  20.5280433  20.5280414  20.5280417  20.5282179  20.5279588  20.5280086
  20.5278609  20.5281257  20.5280782  20.5280433  20.5280415  20.5280417
  20.5282178  20.5279588  20.5280085
 TTTTTTTTTTTTTTTTTTTTTTTTTTTTTT MOQGAD      TELAPSE     1224.56 TCPU     1223.28
 TTTTTTTTTTTTTTTTTTTTTTTTTTTTTT SHELLXN     TELAPSE     1575.02 TCPU     1573.59
 TTTTTTTTTTTTTTTTTTTTTTTTTTTTTT MONMO3      TELAPSE     1586.77 TCPU     1585.35
 NUMERICALLY INTEGRATED DENSITY   1511.9925050718
 TTTTTTTTTTTTTTTTTTTTTTTTTTTTTT NUMDFT      TELAPSE     1602.33 TCPU     1600.91
 CYC   3 ETOT(AU) -2.971866326083E+04 DETOT -2.39E+00 tst  2.75E-03 PX  5.80E-02
 TTTTTTTTTTTTTTTTTTTTTTTTTTTTTT DIIS        TELAPSE     1606.36 TCPU     1604.93
 DIIS TEST: 0.18039E+00 AT SCF   CYCLE   3 - DIIS ACTIVE - HISTORY:     3 CYCLES
 TTTTTTTTTTTTTTTTTTTTTTTTTTTTTT FDIK        TELAPSE     1621.88 TCPU     1620.41
 INSULATING STATE
 TOP OF VALENCE BANDS -    BAND    756; K    8; EIG -1.5508179E-01 AU
 TOP OF VALENCE BANDS -    BAND    756; K    1; EIG -1.6819266E-01 AU
 BOTTOM OF VIRTUAL BANDS - BAND    757; K    1; EIG -5.8741398E-03 AU
 INDIRECT ENERGY BAND GAP:   4.0601 eV
 TTTTTTTTTTTTTTTTTTTTTTTTTTTTTT PDIG        TELAPSE     1624.31 TCPU     1622.83
 CHARGE NORMALIZATION FACTOR   1.00000000
 TOTAL ATOMIC CHARGES:
   8.3435901   8.3435919   8.3435941   8.3436056   8.3435976   8.3436104
   8.3435801   8.3435893   8.3435759   8.3435901   8.3435920   8.3435941
   8.3436057   8.3435977   8.3436104   8.3435802   8.3435894   8.3435758
   8.3435924   8.3435937   8.3435929   8.3436034   8.3435982   8.3435960
   8.3435817   8.3435893   8.3435899   9.0083415   9.0060365   9.0050335
   9.0062167   9.0062157   9.0062064   9.0040990   9.0063909   9.0073746
   9.0060877   9.0062221   9.0061425   9.0062150   9.0062124   9.0062078
   9.0063358   9.0062044   9.0062751   9.0060877   9.0062221   9.0061424
   9.0062150   9.0062124   9.0062078   9.0063359   9.0062044   9.0062751
   9.0990756   9.0991624   9.0991547   9.1004258   9.0993525   9.0991511
   9.0979034   9.0989758   9.0991648   9.0991609   9.0991585   9.0991601
   9.0992201   9.0992255   9.0991921   9.0991010   9.0990940   9.0991292
   9.0991609   9.0991585   9.0991601   9.0992200   9.0992255   9.0991921
   9.0991010   9.0990940   9.0991292   9.0994666   9.0991833   9.0990609
   9.0991600   9.0991598   9.0991604   9.0988684   9.0991370   9.0992585
   9.0994666   9.0991833   9.0990608   9.0991600   9.0991598   9.0991603
   9.0988684   9.0991370   9.0992584   9.0990814   9.0991279   9.0991639
   9.0991613   9.0991592   9.0991605   9.0992409   9.0991907   9.0991578
  20.4522985  20.4528342  20.4539065  20.4518518  20.4518699  20.4518800
  20.4515109  20.4509023  20.4498727  20.4524370  20.4518090  20.4518646
  20.4518708  20.4518771  20.4518783  20.4513057  20.4519411  20.4518880
  20.4524369  20.4518089  20.4518646  20.4518708  20.4518771  20.4518783
  20.4513055  20.4519411  20.4518880
 TTTTTTTTTTTTTTTTTTTTTTTTTTTTTT MOQGAD      TELAPSE     1624.36 TCPU     1622.88
 TTTTTTTTTTTTTTTTTTTTTTTTTTTTTT SHELLXN     TELAPSE     1974.43 TCPU     1972.88
 TTTTTTTTTTTTTTTTTTTTTTTTTTTTTT MONMO3      TELAPSE     1986.12 TCPU     1984.57
 NUMERICALLY INTEGRATED DENSITY   1511.9923755883
 TTTTTTTTTTTTTTTTTTTTTTTTTTTTTT NUMDFT      TELAPSE     2001.75 TCPU     2000.21
 CYC   4 ETOT(AU) -2.971864707125E+04 DETOT  1.62E-02 tst  1.38E-04 PX  2.01E-02
 TTTTTTTTTTTTTTTTTTTTTTTTTTTTTT DIIS        TELAPSE     2006.08 TCPU     2004.53
 DIIS TEST: 0.30745E+00 AT SCF   CYCLE   4 - DIIS ACTIVE - HISTORY:     4 CYCLES
 TTTTTTTTTTTTTTTTTTTTTTTTTTTTTT FDIK        TELAPSE     2021.44 TCPU     2019.84
 INSULATING STATE
 TOP OF VALENCE BANDS -    BAND    756; K    8; EIG -1.4840957E-01 AU
 TOP OF VALENCE BANDS -    BAND    756; K    1; EIG -1.6219460E-01 AU
 BOTTOM OF VIRTUAL BANDS - BAND    757; K    1; EIG -7.3528357E-03 AU
 INDIRECT ENERGY BAND GAP:   3.8384 eV
 TTTTTTTTTTTTTTTTTTTTTTTTTTTTTT PDIG        TELAPSE     2023.86 TCPU     2022.27
 CHARGE NORMALIZATION FACTOR   1.00000000
 TOTAL ATOMIC CHARGES:
   8.3401547   8.3401564   8.3401569   8.3401415   8.3401208   8.3401432
   8.3401699   8.3401917   8.3401685   8.3401547   8.3401565   8.3401569
   8.3401415   8.3401209   8.3401431   8.3401699   8.3401918   8.3401685
   8.3401555   8.3401568   8.3401558   8.3401517   8.3401466   8.3401566
   8.3401592   8.3401667   8.3401550   9.0483555   9.0481366   9.0476601
   9.0477791   9.0477836   9.0477790   9.0472186   9.0474256   9.0479196
   9.0479328   9.0478104   9.0476804   9.0477794   9.0477821   9.0477783
   9.0476286   9.0477526   9.0478767   9.0479328   9.0478103   9.0476804
   9.0477793   9.0477821   9.0477783   9.0476286   9.0477525   9.0478767
   9.0713187   9.0712745   9.0712682   9.0711704   9.0710316   9.0711929
   9.0713520   9.0715149   9.0713433   9.0712726   9.0712713   9.0712724
   9.0711443   9.0711778   9.0712149   9.0713954   9.0713621   9.0713277
   9.0712726   9.0712713   9.0712724   9.0711442   9.0711778   9.0712148
   9.0713954   9.0713621   9.0713277   9.0713268   9.0712224   9.0713325
   9.0712706   9.0712701   9.0712714   9.0712245   9.0713200   9.0712109
   9.0713268   9.0712224   9.0713324   9.0712706   9.0712700   9.0712714
   9.0712245   9.0713200   9.0712108   9.0715172   9.0713304   9.0713179
   9.0712712   9.0712706   9.0712718   9.0710267   9.0712105   9.0712250
  20.4674812  20.4687023  20.4689424  20.4695249  20.4695175  20.4695227
  20.4714734  20.4703355  20.4700929  20.4695030  20.4695458  20.4696073
  20.4695240  20.4695210  20.4695219  20.4695446  20.4694997  20.4694394
  20.4695030  20.4695458  20.4696073  20.4695240  20.4695210  20.4695219
  20.4695445  20.4694998  20.4694393
 TTTTTTTTTTTTTTTTTTTTTTTTTTTTTT MOQGAD      TELAPSE     2023.92 TCPU     2022.32
 TTTTTTTTTTTTTTTTTTTTTTTTTTTTTT SHELLXN     TELAPSE     2372.87 TCPU     2371.17
 TTTTTTTTTTTTTTTTTTTTTTTTTTTTTT MONMO3      TELAPSE     2384.62 TCPU     2382.92
 NUMERICALLY INTEGRATED DENSITY   1511.9924051018
 TTTTTTTTTTTTTTTTTTTTTTTTTTTTTT NUMDFT      TELAPSE     2400.25 TCPU     2398.55
 CYC   5 ETOT(AU) -2.971869230412E+04 DETOT -4.52E-02 tst  3.98E-05 PX  9.13E-03
 TTTTTTTTTTTTTTTTTTTTTTTTTTTTTT DIIS        TELAPSE     2404.72 TCPU     2403.02
 DIIS TEST: 0.20208E-01 AT SCF   CYCLE   5 - DIIS ACTIVE - HISTORY:     5 CYCLES
 TTTTTTTTTTTTTTTTTTTTTTTTTTTTTT FDIK        TELAPSE     2421.02 TCPU     2419.29
 INSULATING STATE
 TOP OF VALENCE BANDS -    BAND    756; K    8; EIG -1.4865666E-01 AU
 TOP OF VALENCE BANDS -    BAND    756; K    1; EIG -1.6244490E-01 AU
 BOTTOM OF VIRTUAL BANDS - BAND    757; K    1; EIG -9.9635049E-03 AU
 INDIRECT ENERGY BAND GAP:   3.7740 eV
 TTTTTTTTTTTTTTTTTTTTTTTTTTTTTT PDIG        TELAPSE     2423.45 TCPU     2421.72
 CHARGE NORMALIZATION FACTOR   1.00000000
 TOTAL ATOMIC CHARGES:
   8.3379109   8.3379122   8.3379124   8.3379176   8.3378973   8.3379142
   8.3379046   8.3379260   8.3379085   8.3379109   8.3379122   8.3379124
   8.3379176   8.3378974   8.3379141   8.3379046   8.3379261   8.3379084
   8.3379107   8.3379120   8.3379111   8.3379113   8.3379060   8.3379121
   8.3379100   8.3379178   8.3379102   9.0380105   9.0372008   9.0368219
   9.0373911   9.0373891   9.0373823   9.0367627   9.0375776   9.0379493
   9.0374171   9.0373915   9.0374253   9.0373879   9.0373867   9.0373820
   9.0373586   9.0373838   9.0373399   9.0374171   9.0373914   9.0374253
   9.0373879   9.0373867   9.0373819   9.0373587   9.0373838   9.0373398
   9.0680764   9.0680941   9.0680864   9.0684859   9.0681721   9.0681457
   9.0677019   9.0680188   9.0680326   9.0680920   9.0680910   9.0680924
   9.0681440   9.0681178   9.0681212   9.0680404   9.0680637   9.0680627
   9.0680919   9.0680910   9.0680924   9.0681440   9.0681178   9.0681212
   9.0680404   9.0680637   9.0680626   9.0681117   9.0680951   9.0681027
   9.0680931   9.0680908   9.0680918   9.0680821   9.0680888   9.0680805
   9.0681117   9.0680951   9.0681027   9.0680931   9.0680908   9.0680917
   9.0680820   9.0680888   9.0680804   9.0681096   9.0680375   9.0680740
   9.0680916   9.0680904   9.0680916   9.0680742   9.0681433   9.0681093
  20.4868335  20.4892313  20.4893733  20.4884987  20.4885177  20.4885243
  20.4901887  20.4877938  20.4876864  20.4887631  20.4885144  20.4884584
  20.4885187  20.4885217  20.4885226  20.4882669  20.4885260  20.4885854
  20.4887630  20.4885143  20.4884583  20.4885186  20.4885218  20.4885226
  20.4882667  20.4885260  20.4885854
 TTTTTTTTTTTTTTTTTTTTTTTTTTTTTT MOQGAD      TELAPSE     2423.50 TCPU     2421.77
 TTTTTTTTTTTTTTTTTTTTTTTTTTTTTT SHELLXN     TELAPSE     2774.00 TCPU     2772.21
 TTTTTTTTTTTTTTTTTTTTTTTTTTTTTT MONMO3      TELAPSE     2785.69 TCPU     2783.90
 NUMERICALLY INTEGRATED DENSITY   1511.9924155279
 TTTTTTTTTTTTTTTTTTTTTTTTTTTTTT NUMDFT      TELAPSE     2801.27 TCPU     2799.48
 CYC   6 ETOT(AU) -2.971869594529E+04 DETOT -3.64E-03 tst  4.76E-06 PX  2.63E-03
 TTTTTTTTTTTTTTTTTTTTTTTTTTTTTT DIIS        TELAPSE     2805.74 TCPU     2803.95
 DIIS TEST: 0.49811E-03 AT SCF   CYCLE   6 - DIIS ACTIVE - HISTORY:     6 CYCLES
 TTTTTTTTTTTTTTTTTTTTTTTTTTTTTT FDIK        TELAPSE     2821.12 TCPU     2819.26
 INSULATING STATE
 TOP OF VALENCE BANDS -    BAND    756; K    8; EIG -1.4791947E-01 AU
 TOP OF VALENCE BANDS -    BAND    756; K    1; EIG -1.6168516E-01 AU
 BOTTOM OF VIRTUAL BANDS - BAND    757; K    1; EIG -9.2873502E-03 AU
 INDIRECT ENERGY BAND GAP:   3.7724 eV
 TTTTTTTTTTTTTTTTTTTTTTTTTTTTTT PDIG        TELAPSE     2823.55 TCPU     2821.69
 CHARGE NORMALIZATION FACTOR   1.00000000
 TOTAL ATOMIC CHARGES:
   8.3395026   8.3395044   8.3395039   8.3394967   8.3394679   8.3394845
   8.3395092   8.3395390   8.3395213   8.3395026   8.3395045   8.3395039
   8.3394968   8.3394680   8.3394844   8.3395093   8.3395391   8.3395212
   8.3395029   8.3395041   8.3395029   8.3394985   8.3394912   8.3395041
   8.3395070   8.3395164   8.3395017   9.0385801   9.0386562   9.0380943
   9.0379722   9.0379828   9.0379799   9.0374052   9.0372944   9.0378934
   9.0381753   9.0380185   9.0377874   9.0379762   9.0379817   9.0379788
   9.0377782   9.0379401   9.0381720   9.0381753   9.0380185   9.0377874
   9.0379762   9.0379816   9.0379788   9.0377783   9.0379401   9.0381720
   9.0674515   9.0674003   9.0673945   9.0672529   9.0670680   9.0672533
   9.0675136   9.0677274   9.0675341   9.0673990   9.0673974   9.0673981
   9.0672063   9.0672449   9.0672894   9.0675822   9.0675461   9.0675045
   9.0673990   9.0673973   9.0673981   9.0672062   9.0672449   9.0672893
   9.0675822   9.0675461   9.0675045   9.0674625   9.0673822   9.0674748
   9.0673946   9.0673957   9.0673970   9.0673426   9.0674110   9.0673197
   9.0674624   9.0673822   9.0674748   9.0673946   9.0673957   9.0673969
   9.0673425   9.0674110   9.0673197   9.0676784   9.0675225   9.0674764
   9.0673974   9.0673969   9.0673982   9.0671170   9.0672701   9.0673193
  20.4858405  20.4860699  20.4865822  20.4877430  20.4877173  20.4877231
  20.4894936  20.4893869  20.4888416  20.4875388  20.4878089  20.4879846
  20.4877280  20.4877218  20.4877227  20.4879233  20.4876433  20.4874645
  20.4875389  20.4878089  20.4879845  20.4877280  20.4877218  20.4877227
  20.4879232  20.4876433  20.4874645
 TTTTTTTTTTTTTTTTTTTTTTTTTTTTTT MOQGAD      TELAPSE     2823.60 TCPU     2821.74
 TTTTTTTTTTTTTTTTTTTTTTTTTTTTTT SHELLXN     TELAPSE     3173.87 TCPU     3171.71
 TTTTTTTTTTTTTTTTTTTTTTTTTTTTTT MONMO3      TELAPSE     3185.58 TCPU     3183.42
 NUMERICALLY INTEGRATED DENSITY   1511.9924090090
 TTTTTTTTTTTTTTTTTTTTTTTTTTTTTT NUMDFT      TELAPSE     3201.15 TCPU     3199.00
 CYC   7 ETOT(AU) -2.971869600807E+04 DETOT -6.28E-05 tst  1.76E-07 PX  1.72E-03
 TTTTTTTTTTTTTTTTTTTTTTTTTTTTTT DIIS        TELAPSE     3205.56 TCPU     3203.40
 DIIS TEST: 0.67518E-04 AT SCF   CYCLE   7 - DIIS ACTIVE - HISTORY:     7 CYCLES
 TTTTTTTTTTTTTTTTTTTTTTTTTTTTTT FDIK        TELAPSE     3222.08 TCPU     3219.88
 INSULATING STATE
 TOP OF VALENCE BANDS -    BAND    756; K    8; EIG -1.4787107E-01 AU
 TOP OF VALENCE BANDS -    BAND    756; K    1; EIG -1.6172298E-01 AU
 BOTTOM OF VIRTUAL BANDS - BAND    757; K    1; EIG -9.3458726E-03 AU
 INDIRECT ENERGY BAND GAP:   3.7695 eV
 TTTTTTTTTTTTTTTTTTTTTTTTTTTTTT PDIG        TELAPSE     3224.48 TCPU     3222.29
 CHARGE NORMALIZATION FACTOR   1.00000000
 TOTAL ATOMIC CHARGES:
   8.3395419   8.3395429   8.3395435   8.3395523   8.3395360   8.3395546
   8.3395315   8.3395491   8.3395303   8.3395420   8.3395430   8.3395435
   8.3395524   8.3395361   8.3395546   8.3395315   8.3395491   8.3395302
   8.3395414   8.3395427   8.3395421   8.3395444   8.3395393   8.3395418
   8.3395384   8.3395463   8.3395426   9.0385157   9.0370112   9.0366913
   9.0377347   9.0377220   9.0377110   9.0369025   9.0384503   9.0387262
   9.0376445   9.0377099   9.0379149   9.0377249   9.0377189   9.0377121
   9.0378066   9.0377355   9.0375083   9.0376445   9.0377099   9.0379149
   9.0377249   9.0377189   9.0377120   9.0378067   9.0377355   9.0375083
   9.0670979   9.0671351   9.0671268   9.0677016   9.0673594   9.0672638
   9.0665801   9.0669182   9.0669975   9.0671327   9.0671319   9.0671339
   9.0672815   9.0672498   9.0672374   9.0669899   9.0670157   9.0670298
   9.0671327   9.0671319   9.0671339   9.0672815   9.0672498   9.0672374
   9.0669899   9.0670157   9.0670298   9.0671455   9.0670950   9.0671053
   9.0671372   9.0671325   9.0671336   9.0671284   9.0671731   9.0671611
   9.0671455   9.0670950   9.0671052   9.0671372   9.0671325   9.0671336
   9.0671283   9.0671731   9.0671610   9.0670739   9.0669876   9.0670781
   9.0671327   9.0671313   9.0671322   9.0671931   9.0672763   9.0671862
  20.4865817  20.4905969  20.4903961  20.4884246  20.4884756  20.4884812
  20.4903977  20.4863076  20.4865998  20.4890280  20.4883644  20.4881170
  20.4884684  20.4884773  20.4884783  20.4878895  20.4885789  20.4888378
  20.4890279  20.4883643  20.4881169  20.4884683  20.4884773  20.4884783
  20.4878893  20.4885789  20.4888378
 TTTTTTTTTTTTTTTTTTTTTTTTTTTTTT MOQGAD      TELAPSE     3224.54 TCPU     3222.34
 TTTTTTTTTTTTTTTTTTTTTTTTTTTTTT SHELLXN     TELAPSE     3573.78 TCPU     3571.46
 TTTTTTTTTTTTTTTTTTTTTTTTTTTTTT MONMO3      TELAPSE     3585.55 TCPU     3583.23
 NUMERICALLY INTEGRATED DENSITY   1511.9924093893
 TTTTTTTTTTTTTTTTTTTTTTTTTTTTTT NUMDFT      TELAPSE     3601.29 TCPU     3598.97
 CYC   8 ETOT(AU) -2.971869601315E+04 DETOT -5.08E-06 tst  2.08E-08 PX  3.07E-04
 TTTTTTTTTTTTTTTTTTTTTTTTTTTTTT DIIS        TELAPSE     3606.17 TCPU     3603.84
 DIIS TEST: 0.35076E-04 AT SCF   CYCLE   8 - DIIS ACTIVE - HISTORY:     8 CYCLES
 TTTTTTTTTTTTTTTTTTTTTTTTTTTTTT FDIK        TELAPSE     3621.83 TCPU     3619.42
 INSULATING STATE
 TOP OF VALENCE BANDS -    BAND    756; K    8; EIG -1.4786944E-01 AU
 TOP OF VALENCE BANDS -    BAND    756; K    1; EIG -1.6167404E-01 AU
 BOTTOM OF VIRTUAL BANDS - BAND    757; K    1; EIG -9.3729085E-03 AU
 INDIRECT ENERGY BAND GAP:   3.7687 eV
 TTTTTTTTTTTTTTTTTTTTTTTTTTTTTT PDIG        TELAPSE     3624.27 TCPU     3621.85
 CHARGE NORMALIZATION FACTOR   1.00000000
 TOTAL ATOMIC CHARGES:
   8.3395374   8.3395389   8.3395388   8.3395386   8.3395136   8.3395318
   8.3395368   8.3395630   8.3395438   8.3395374   8.3395390   8.3395388
   8.3395386   8.3395136   8.3395317   8.3395368   8.3395631   8.3395437
   8.3395375   8.3395387   8.3395376   8.3395360   8.3395296   8.3395401
   8.3395388   8.3395474   8.3395353   9.0381364   9.0378526   9.0374038
   9.0376276   9.0376332   9.0376297   9.0371394   9.0374027   9.0378712
   9.0377529   9.0376500   9.0375439   9.0376289   9.0376312   9.0376282
   9.0375045   9.0376104   9.0377149   9.0377529   9.0376500   9.0375439
   9.0376288   9.0376312   9.0376282   9.0375045   9.0376104   9.0377149
   9.0670844   9.0670773   9.0670702   9.0672601   9.0670038   9.0670625
   9.0668821   9.0671495   9.0670808   9.0670749   9.0670740   9.0670750
   9.0670352   9.0670277   9.0670478   9.0671113   9.0671182   9.0671007
   9.0670749   9.0670740   9.0670750   9.0670352   9.0670277   9.0670478
   9.0671113   9.0671181   9.0671007   9.0671067   9.0670831   9.0671158
   9.0670738   9.0670732   9.0670741   9.0670531   9.0670653   9.0670328
   9.0671067   9.0670831   9.0671157   9.0670738   9.0670731   9.0670740
   9.0670531   9.0670653   9.0670327   9.0671915   9.0670911   9.0670864
   9.0670741   9.0670733   9.0670746   9.0669572   9.0670546   9.0670631
  20.4870496  20.4882772  20.4886417  20.4886839  20.4886787  20.4886854
  20.4902560  20.4890936  20.4887216  20.4886902  20.4887431  20.4888243
  20.4886860  20.4886845  20.4886849  20.4886827  20.4886285  20.4885449
  20.4886902  20.4887431  20.4888242  20.4886860  20.4886845  20.4886849
  20.4886826  20.4886285  20.4885449
 TTTTTTTTTTTTTTTTTTTTTTTTTTTTTT MOQGAD      TELAPSE     3624.32 TCPU     3621.91
 TTTTTTTTTTTTTTTTTTTTTTTTTTTTTT SHELLXN     TELAPSE     3974.91 TCPU     3972.30
 TTTTTTTTTTTTTTTTTTTTTTTTTTTTTT MONMO3      TELAPSE     3986.60 TCPU     3984.00
 NUMERICALLY INTEGRATED DENSITY   1511.9924095036
 TTTTTTTTTTTTTTTTTTTTTTTTTTTTTT NUMDFT      TELAPSE     4002.09 TCPU     3999.48
 CYC   9 ETOT(AU) -2.971869601811E+04 DETOT -4.96E-06 tst  5.23E-09 PX  1.81E-04
 TTTTTTTTTTTTTTTTTTTTTTTTTTTTTT DIIS        TELAPSE     4006.69 TCPU     4004.09
 DIIS TEST: 0.11722E-05 AT SCF   CYCLE   9 - DIIS ACTIVE - HISTORY:     9 CYCLES
 TTTTTTTTTTTTTTTTTTTTTTTTTTTTTT FDIK        TELAPSE     4022.56 TCPU     4019.52
 INSULATING STATE
 TOP OF VALENCE BANDS -    BAND    756; K    8; EIG -1.4787907E-01 AU
 TOP OF VALENCE BANDS -    BAND    756; K    1; EIG -1.6167722E-01 AU
 BOTTOM OF VIRTUAL BANDS - BAND    757; K    1; EIG -9.3854248E-03 AU
 INDIRECT ENERGY BAND GAP:   3.7686 eV
 TTTTTTTTTTTTTTTTTTTTTTTTTTTTTT PDIG        TELAPSE     4024.98 TCPU     4021.93
 CHARGE NORMALIZATION FACTOR   1.00000000
 TOTAL ATOMIC CHARGES:
   8.3395330   8.3395344   8.3395345   8.3395322   8.3395098   8.3395270
   8.3395341   8.3395575   8.3395399   8.3395331   8.3395345   8.3395345
   8.3395322   8.3395099   8.3395269   8.3395342   8.3395576   8.3395398
   8.3395329   8.3395342   8.3395333   8.3395314   8.3395252   8.3395326
   8.3395342   8.3395428   8.3395341   9.0384191   9.0376933   9.0372344
   9.0376228   9.0376211   9.0376123   9.0368186   9.0375545   9.0380063
   9.0376778   9.0376364   9.0376208   9.0376195   9.0376194   9.0376133
   9.0375630   9.0376040   9.0376053   9.0376778   9.0376364   9.0376208
   9.0376194   9.0376194   9.0376133   9.0375631   9.0376039   9.0376053
   9.0670973   9.0670761   9.0670691   9.0671845   9.0669393   9.0670145
   9.0669476   9.0672123   9.0671248   9.0670746   9.0670727   9.0670741
   9.0670028   9.0670206   9.0670434   9.0671420   9.0671236   9.0671029
   9.0670746   9.0670727   9.0670741   9.0670028   9.0670205   9.0670434
   9.0671420   9.0671236   9.0671029   9.0671193   9.0670398   9.0671102
   9.0670733   9.0670718   9.0670733   9.0670353   9.0671067   9.0670362
   9.0671192   9.0670398   9.0671102   9.0670733   9.0670718   9.0670733
   9.0670353   9.0671067   9.0670362   9.0672295   9.0670978   9.0671151
   9.0670734   9.0670723   9.0670734   9.0669183   9.0670473   9.0670306
  20.4865604  20.4886830  20.4888156  20.4886903  20.4887021  20.4887080
  20.4907979  20.4887006  20.4886044  20.4888832  20.4886811  20.4886359
  20.4887028  20.4887034  20.4887054  20.4885151  20.4887258  20.4887786
  20.4888832  20.4886811  20.4886359  20.4887028  20.4887034  20.4887054
  20.4885149  20.4887258  20.4887786
 TTTTTTTTTTTTTTTTTTTTTTTTTTTTTT MOQGAD      TELAPSE     4025.03 TCPU     4021.99
 TTTTTTTTTTTTTTTTTTTTTTTTTTTTTT SHELLXN     TELAPSE     4376.11 TCPU     4372.96
 TTTTTTTTTTTTTTTTTTTTTTTTTTTTTT MONMO3      TELAPSE     4387.81 TCPU     4384.66
 NUMERICALLY INTEGRATED DENSITY   1511.9924094750
 TTTTTTTTTTTTTTTTTTTTTTTTTTTTTT NUMDFT      TELAPSE     4403.50 TCPU     4400.35
 CYC  10 ETOT(AU) -2.971869601721E+04 DETOT  9.08E-07 tst  3.13E-10 PX  1.45E-04
 TTTTTTTTTTTTTTTTTTTTTTTTTTTTTT DIIS        TELAPSE     4408.19 TCPU     4405.04
 DIIS TEST: 0.78654E-06 AT SCF   CYCLE  10 - DIIS ACTIVE - HISTORY:    10 CYCLES
 TTTTTTTTTTTTTTTTTTTTTTTTTTTTTT FDIK        TELAPSE     4424.06 TCPU     4420.54
 INSULATING STATE
 TOP OF VALENCE BANDS -    BAND    756; K    8; EIG -1.4788138E-01 AU
 TOP OF VALENCE BANDS -    BAND    756; K    1; EIG -1.6168755E-01 AU
 BOTTOM OF VIRTUAL BANDS - BAND    757; K    1; EIG -9.3873478E-03 AU
 INDIRECT ENERGY BAND GAP:   3.7686 eV
 TTTTTTTTTTTTTTTTTTTTTTTTTTTTTT PDIG        TELAPSE     4426.50 TCPU     4422.98
 CHARGE NORMALIZATION FACTOR   1.00000000
 TOTAL ATOMIC CHARGES:
   8.3395318   8.3395333   8.3395333   8.3395336   8.3395100   8.3395275
   8.3395305   8.3395553   8.3395369   8.3395318   8.3395334   8.3395332
   8.3395337   8.3395101   8.3395275   8.3395305   8.3395553   8.3395368
   8.3395318   8.3395331   8.3395321   8.3395307   8.3395244   8.3395332
   8.3395328   8.3395414   8.3395310   9.0382361   9.0377186   9.0372670
   9.0376208   9.0376227   9.0376178   9.0370129   9.0375222   9.0379819
   9.0377105   9.0376379   9.0375793   9.0376198   9.0376207   9.0376170
   9.0375298   9.0376034   9.0376559   9.0377105   9.0376379   9.0375793
   9.0376198   9.0376207   9.0376170   9.0375299   9.0376034   9.0376559
   9.0670859   9.0670768   9.0670699   9.0672598   9.0670028   9.0670613
   9.0668818   9.0671510   9.0670815   9.0670748   9.0670738   9.0670750
   9.0670398   9.0670417   9.0670606   9.0671075   9.0671043   9.0670880
   9.0670748   9.0670738   9.0670750   9.0670398   9.0670417   9.0670606
   9.0671075   9.0671043   9.0670880   9.0671114   9.0670585   9.0671064
   9.0670744   9.0670731   9.0670742   9.0670472   9.0670899   9.0670421
   9.0671113   9.0670585   9.0671064   9.0670744   9.0670731   9.0670742
   9.0670471   9.0670899   9.0670421   9.0671962   9.0670795   9.0670881
   9.0670740   9.0670732   9.0670744   9.0669529   9.0670665   9.0670606
  20.4869347  20.4886279  20.4888776  20.4886926  20.4886968  20.4887024
  20.4904128  20.4887662  20.4885274  20.4887992  20.4887182  20.4887357
  20.4887011  20.4887011  20.4887015  20.4885998  20.4886843  20.4886674
  20.4887991  20.4887182  20.4887357  20.4887011  20.4887011  20.4887015
  20.4885997  20.4886843  20.4886674
 TTTTTTTTTTTTTTTTTTTTTTTTTTTTTT MOQGAD      TELAPSE     4426.55 TCPU     4423.04
 TTTTTTTTTTTTTTTTTTTTTTTTTTTTTT SHELLXN     TELAPSE     4776.00 TCPU     4772.45
 +++ ENERGIES IN A.U. +++
 ::: EXT EL-POLE                                  -3.9295716820355E+04
 ::: EXT EL-SPHEROPOLE                             3.7468167880130E+02
 ::: BIELET ZONE E-E                               4.6920647095307E+04
 ::: TOTAL E-E                                     7.9996119537538E+03
 ::: TOTAL E-N + N-E                              -5.9831083439075E+04
 ::: TOTAL N-N                                    -5.6027114607808E+03
 ::: KINETIC ENERGY                                2.9176777863710E+04
 ::: PSEUDO TOTAL   ENERGY                        -2.8257405082391E+04
 ::: VIRIAL COEFFICIENT                            1.0160074146468E+00
 TTTTTTTTTTTTTTTTTTTTTTTTTTTTTT MONMO3      TELAPSE     4787.75 TCPU     4784.21
 NUMERICALLY INTEGRATED DENSITY   1511.9924094774
 EXCHANGE ENERGY: -0.140330712809E+04  CORRELATION ENERGY: -0.579838066918E+02
 TTTTTTTTTTTTTTTTTTTTTTTTTTTTTT NUMDFT      TELAPSE     4803.46 TCPU     4799.91
 CYC  11 ETOT(AU) -2.971869601718E+04 DETOT  2.87E-08 tst  9.99E-11 PX  1.45E-04

 == SCF ENDED - CONVERGENCE ON ENERGY      E(AU) -2.9718696017178E+04 CYCLES  11


 ENERGY EXPRESSION=HARTREE+FOCK EXCH*0.25000+(PBE        EXCH)*0.75000+PBE        CORR


 TOTAL ENERGY(DFT)(AU)( 11) -2.9718696017178E+04 DE 2.9E-08 tester 1.0E-10
 TTTTTTTTTTTTTTTTTTTTTTTTTTTTTT EDFT        TELAPSE     4803.48 TCPU     4799.93

 *******************************************************************************
 *                             FORCE CALCULATION                               *
 *******************************************************************************

 TTTTTTTTTTTTTTTTTTTTTTTTTTTTTT NUMDFG      TELAPSE     4917.71 TCPU     4914.16
 INFORMATION **** EXCPOG **** EXCH. BIPO BUFFER LENGTH (WORDS) =    91260864
 INFORMATION **** GENPOG **** BIPO BUFFER LENGTH (WORDS) =    12784500
 TTTTTTTTTTTTTTTTTTTTTTTTTTTTTT SHELXG      TELAPSE     6447.97 TCPU     6444.32

 CARTESIAN FORCES IN HARTREE/BOHR (ANALYTICAL)
   ATOM                     X                   Y                   Z
   1 256            -1.849042074564E-06  2.086877345928E-04  2.071092442768E-04
   2 256            -1.655208064957E-06  2.678085406671E-04  2.121965465472E-04
   3 256             2.278204985421E-08  3.377496931461E-05  2.096245548897E-04
   4 256             4.415313613024E-05 -6.272741080925E-05  2.762503769591E-04
   5 256             7.174081365627E-05 -9.581063998307E-05  1.444971049230E-04
   6 256             8.147776820514E-06 -1.696609871084E-05  2.106654247212E-04
   7 256            -4.385911324997E-05 -6.328355868061E-05  1.426549024318E-04
   8 256            -7.232587460950E-05 -9.711267156716E-05  2.770995805433E-04
   9 256            -8.061298340770E-06 -1.709695121382E-05  2.090776895054E-04
  10 256             1.783988251451E-06  2.086838613904E-04  2.071004195243E-04
  11 256             1.697128383440E-06  2.678128496497E-04  2.122129706776E-04
  12 256            -1.319344514304E-07  3.376804277788E-05  2.097230722985E-04
  13 256            -4.423470406970E-05 -6.273331301231E-05  2.762516865091E-04
  14 256            -7.169717913088E-05 -9.581116576886E-05  1.445113797301E-04
  15 256            -8.263477463355E-06 -1.696564473368E-05  2.107649927935E-04
  16 256             4.376439357918E-05 -6.328547426958E-05  1.426632373899E-04
  17 256             7.235818569688E-05 -9.711176316164E-05  2.771088294231E-04
  18 256             7.938524826818E-06 -1.710401731870E-05  2.091784706137E-04
  19 256            -2.294112470099E-08  3.277174527064E-05  2.091364584952E-04
  20 256             3.503498962549E-08  4.725586372456E-05  2.105555269957E-04
  21 256            -1.398318669424E-08  1.945384523632E-05  2.099855751914E-04
  22 256            -2.609879168251E-08 -1.636802554683E-05  2.224530105170E-04
  23 256             3.474221309553E-08 -2.321144440983E-05  1.974542298068E-04
  24 256            -2.096061396969E-08 -9.684625896504E-06  2.099221262354E-04
  25 256            -2.760129426267E-08 -1.658042052347E-05  1.958911696586E-04
  26 256             3.363900824912E-08 -2.374126365131E-05  2.228239542573E-04
  27 256            -2.733236097705E-08 -9.829201485708E-06  2.103878951721E-04
  28   8            -7.578785826474E-10  2.026816816179E-04  4.833409261149E-04
  29   8            -1.973703983950E-08 -1.257274049952E-05 -1.150226706637E-04
  30   8             1.930421538326E-09  1.219912508028E-04 -5.425687426603E-04
  31   8             8.179138583302E-10  9.708483100995E-05 -1.364287158703E-04
  32   8            -1.553522236877E-08  2.755442269491E-05 -1.372837837810E-04
  33   8             4.701258281873E-09  8.127724599146E-05 -1.378892179469E-04
  34   8             4.956006260105E-09  2.061259185704E-04 -7.487938567721E-04
  35   8            -1.771628352257E-08 -1.230613767843E-05 -1.593174073493E-04
  36   8             6.687736957787E-09  1.234066291588E-04  2.672626351075E-04
  37   8             2.668816976442E-05 -2.202278830651E-05 -7.841646086959E-05
  38   8             5.411408591778E-06 -7.168686041465E-06 -1.315704611553E-04
  39   8             1.943112845248E-05 -1.804505545075E-05 -1.773942721641E-04
  40   8             2.071369793470E-07  4.211549007368E-05 -1.377275815724E-04
  41   8             5.479845773764E-09  1.420122476364E-05 -1.374764710347E-04
  42   8             6.957240848254E-08  3.066153627657E-05 -1.373683962296E-04
  43   8            -2.803496945483E-05 -2.070976261736E-05 -1.946150264773E-04
  44   8            -5.344855929747E-06 -6.921867783798E-06 -1.432174753946E-04
  45   8            -1.985300963070E-05 -1.726095447234E-05 -9.699894135196E-05
  46   8            -2.670688221096E-05 -2.201911092666E-05 -7.841050229729E-05
  47   8            -5.400524090128E-06 -7.170735689287E-06 -1.315753535609E-04
  48   8            -1.941487039732E-05 -1.804651786576E-05 -1.773944227734E-04
  49   8            -2.196648704597E-07  4.211880932337E-05 -1.377224289660E-04
  50   8             1.226550520219E-08  1.419899430345E-05 -1.374801061056E-04
  51   8            -4.689165166854E-08  3.066001867069E-05 -1.373669497067E-04
  52   8             2.802862832931E-05 -2.070228887784E-05 -1.946174360725E-04
  53   8             5.358969825344E-06 -6.923205414934E-06 -1.432217408199E-04
  54   8             1.987274979298E-05 -1.726231778380E-05 -9.699798650420E-05
  55   8            -9.504028127440E-09 -2.913454739951E-03 -3.863852840835E-05
  56   8            -6.948170166519E-09 -1.430260381935E-04 -3.121772409398E-05
  57   8             4.755567187592E-08 -1.441120081664E-04 -3.084554526467E-05
  58   8            -1.016933326374E-08  8.535462787047E-04 -9.746290081925E-05
  59   8            -6.997007884161E-09  7.094927316338E-05  1.909534912015E-05
  60   8             6.900473103252E-08  7.142805179871E-05 -5.330816685523E-05
  61   8            -5.236721430518E-09  8.436255209473E-04  3.527349106602E-05
  62   8            -7.462952494395E-09  7.222176789735E-05 -8.141947273255E-05
  63   8             9.036689676564E-08  7.211992449700E-05 -9.023506142736E-06
  64   8             1.570472076212E-07 -1.929823921274E-04 -3.069850337067E-05
  65   8            -6.180555208741E-07 -4.482171020147E-05 -3.166486366535E-05
  66   8            -3.495052571761E-07 -4.440163795211E-05 -3.069875455286E-05
  67   8             4.458602945516E-05  1.017572344104E-04 -3.109109497168E-05
  68   8             1.052632726292E-05  2.198302508302E-05 -1.601045153632E-05
  69   8             8.165908224995E-06  2.205606163630E-05 -3.742755127711E-05
  70   8            -4.467731000099E-05  1.024382336235E-04 -3.048507930248E-05
  71   8            -1.020697750611E-05  2.168574587200E-05 -4.616219788245E-05
  72   8            -7.972677939059E-06  2.255169495364E-05 -2.479993298965E-05
  73   8            -1.744062767809E-07 -1.929825809313E-04 -3.069817837154E-05
  74   8             6.870584960095E-07 -4.482141654419E-05 -3.166406634980E-05
  75   8             3.431647827304E-07 -4.440137150407E-05 -3.069772714293E-05
  76   8            -4.459940079980E-05  1.017593843400E-04 -3.109069235752E-05
  77   8            -1.046933005305E-05  2.198451003332E-05 -1.601009797270E-05
  78   8            -8.131752869005E-06  2.205640816788E-05 -3.742747911462E-05
  79   8             4.466915639245E-05  1.024380518230E-04 -3.048824429275E-05
  80   8             1.025226382344E-05  2.168582626209E-05 -4.616219848730E-05
  81   8             8.047212288831E-06  2.255168388792E-05 -2.480069718258E-05
  82   8            -6.275207401526E-04  1.972183986823E-04 -5.523360981541E-05
  83   8            -4.094410956907E-05 -2.057548240943E-05  6.402101060399E-07
  84   8            -4.097388729721E-05 -1.705975503195E-05 -4.536988190185E-05
  85   8            -8.728112506624E-07  9.895652074026E-05 -3.076102786115E-05
  86   8             4.147147608284E-07  3.858984997831E-05 -3.075246920536E-05
  87   8             3.046460872360E-08  3.190372046825E-05 -3.112538845618E-05
  88   8             6.219753248595E-04  2.011553558117E-04 -4.566524091087E-06
  89   8             4.004358678379E-05 -1.977941119938E-05 -6.322681044457E-05
  90   8             4.124842400777E-05 -1.637817225853E-05 -1.640240399237E-05
  91   8             6.275756229051E-04  1.972313640417E-04 -5.522656613732E-05
  92   8             4.070245143378E-05 -2.057563559627E-05  6.364963778260E-07
  93   8             4.118917774361E-05 -1.703831369482E-05 -4.538454694036E-05
  94   8             9.097071710015E-07  9.896215237707E-05 -3.075557702381E-05
  95   8            -6.595754588547E-07  3.858968999533E-05 -3.075532485330E-05
  96   8             1.838158895502E-07  3.192491063302E-05 -3.113819881184E-05
  97   8            -6.219319774821E-04  2.011495963393E-04 -4.560331805736E-06
  98   8            -4.028692007289E-05 -1.978966790225E-05 -6.323216564263E-05
  99   8            -4.103404081733E-05 -1.635889404143E-05 -1.641539321651E-05
 100   8             1.810877371913E-08 -1.581565475973E-05 -4.523858354433E-05
 101   8            -1.317519769409E-07 -9.190746064915E-06 -2.339708027210E-05
 102   8             9.742225057478E-08 -7.380788524789E-06 -3.583612538360E-05
 103   8             2.024072106877E-08  3.930798204889E-05 -3.060560595447E-05
 104   8            -1.320606345466E-07  1.703838955281E-05 -3.114145866245E-05
 105   8             9.726930316853E-08  1.508211806504E-05 -3.114134154569E-05
 106   8             1.875561406785E-08 -1.589386760950E-05 -1.518083568897E-05
 107   8            -1.320276770903E-07 -8.351665561885E-06 -3.851842965230E-05
 108   8             9.729121580258E-08 -7.220274323544E-06 -2.636364532482E-05
 109  22            -2.779252327128E-09 -8.561447427108E-05  1.907256848854E-05
 110  22             1.152458639073E-07  6.139774710273E-05 -2.473954939610E-04
 111  22            -5.136751273579E-08  5.959583652543E-05  1.950585471686E-04
 112  22            -1.417022737830E-08 -7.080641676612E-04 -1.095953555463E-05
 113  22             8.958151437472E-08 -1.222249351808E-04 -1.132913647561E-05
 114  22            -6.287249792163E-08 -1.116408400250E-04 -9.868614523789E-06
 115  22            -2.530006128340E-09 -1.610860144078E-04 -3.977169917846E-05
 116  22             1.023059699867E-07  6.050433120369E-05  2.233472854409E-04
 117  22            -5.572894893852E-08  5.831716847133E-05 -2.161700731311E-04
 118  22            -3.095331257827E-04  7.621925466700E-05 -3.031109239560E-05
 119  22            -2.760804186702E-05  2.842199082415E-05 -4.107114713525E-05
 120  22            -2.560629037225E-05  2.559281964971E-05  1.404452634990E-05
 121  22            -5.658740888710E-07 -1.480866401418E-04 -1.057882841593E-05
 122  22            -2.190015885791E-08 -5.404010894078E-05 -1.091094114969E-05
 123  22            -1.383030947194E-07 -4.927819298324E-05 -1.019729916774E-05
 124  22             3.096627093745E-04  7.425331572082E-05  6.584614239635E-06
 125  22             2.803060324001E-05  2.732509269105E-05  1.926759637749E-05
 126  22             2.588310517438E-05  2.441978061892E-05 -3.497293686472E-05
 127  22             3.095346330195E-04  7.624049250484E-05 -3.032185843921E-05
 128  22             2.780420827503E-05  2.843504582802E-05 -4.107422810762E-05
 129  22             2.544065819808E-05  2.560041869789E-05  1.403988532500E-05
 130  22             5.516306066822E-07 -1.480821706815E-04 -1.059042044993E-05
 131  22             1.701310509655E-07 -5.402701694187E-05 -1.091532759467E-05
 132  22            -5.241936044390E-08 -4.927056010595E-05 -1.020228608883E-05
 133  22            -3.096704902278E-04  7.425466359842E-05  6.585140279736E-06
 134  22            -2.785782666564E-05  2.733637703319E-05  1.926481611925E-05
 135  22            -2.606151212559E-05  2.442464935026E-05 -3.497418328191E-05

 RESULTANT FORCE     1.498544615220E-12  1.016177495882E-11  2.638776697150E-11

 SYMMETRY ALLOWED FORCES (ANALYTICAL) (DIRECTION, FORCE)

    1 -1.8559287E-06    2  2.0946497E-04    3  2.0788060E-04    4 -1.6752696E-06
    5  2.7037667E-04    6  2.1454417E-04    7 -3.5791878E-09    8  3.7498887E-05
    9  2.1358168E-04   10  4.4294864E-05   11 -5.9085956E-05   12  2.8208554E-04
   13  7.2327874E-05   14 -9.2748957E-05   15  1.5198810E-04   16  9.0473529E-06
   17 -1.4315625E-05   18  2.1958606E-04   19 -4.3091885E-05   20 -6.0925068E-05
   21  1.5301926E-04   22 -7.2008482E-05   23 -9.5364956E-05   24  2.8919238E-04
   25 -8.0586370E-06   26 -1.5786226E-05   27  2.2318723E-04   28  1.7617390E-06
   29  2.1077012E-04   30  2.2298048E-04   31  1.6886803E-06   32  2.7183002E-04
   33  2.2990464E-04   34 -1.3412891E-07   35  3.9036821E-05   36  2.2926625E-04
   37 -4.4418374E-05   38 -5.7540551E-05   39  2.9793856E-04   40 -7.2359686E-05
   41 -9.1228401E-05   42  1.6810720E-04   43 -9.2627312E-06   44 -1.2812134E-05
   45  2.3603140E-04   46  4.2905773E-05   47 -5.9433394E-05   48  1.6961930E-04
   49  7.1982550E-05   50 -9.3904268E-05   51  3.0606478E-04   52  7.9008060E-06
   53 -1.4354536E-05   54  2.4044959E-04   55 -2.7083641E-08   56  3.5612529E-05
   57  2.4247138E-04   58  3.0909503E-08   59  5.0467825E-05   60  2.4599597E-04
   61 -1.8053239E-08   62  2.2984910E-05   63  2.4757200E-04   64 -3.0381397E-08
   65 -1.2792601E-05   66  2.6227577E-04   67  3.0460553E-08   68 -1.9780218E-05
   69  2.3949702E-04   70 -2.5219430E-08   71 -6.3700088E-06   72  2.5416895E-04
   73 -3.2118462E-08   74 -1.3354725E-05   75  2.4237458E-04   76  2.9108792E-08
   77 -2.0670305E-05   78  2.7164414E-04   79 -3.1875912E-08   80 -6.8844971E-06
   81  2.6165433E-04   82 -5.4740649E-09   83  2.0655307E-04   84  5.3831392E-04
   85 -2.4593941E-08   86 -7.7748068E-06   87 -5.7810820E-05   88 -3.0566690E-09
   89  1.2735475E-04   90 -4.8793598E-04   91 -4.2037635E-09   92  1.0354761E-04
   93 -8.4517381E-05   94 -2.0676709E-08   95  3.4680972E-05   96 -8.6193202E-05
   97 -5.4300083E-10   98  8.9004859E-05   99 -8.7642526E-05  100 -2.9234472E-10
  101  2.1534699E-04  102 -7.0242749E-04  103 -2.3080623E-08  104 -2.0317022E-06
  105 -1.1700049E-04  106  1.2143686E-09  107  1.3434434E-04  108  3.1055267E-04
  109  2.6818493E-05  110 -1.0461243E-05  111 -3.3732719E-05  112  5.7074079E-06
  113  4.3619326E-06  114 -8.7505993E-05  115  1.9859104E-05  116 -6.5257353E-06
  117 -1.3447467E-04  118  7.4215257E-07  119  5.3882282E-05  120 -9.6007907E-05
  121  5.4727931E-07  122  2.6390128E-05  123 -9.6771449E-05  124  6.1756896E-07
  125  4.3220954E-05  126 -9.7697813E-05  127 -2.7632626E-05  128 -7.9615147E-06
  129 -1.5631095E-04  130 -5.1201866E-06  131  5.8149172E-06  132 -1.0634013E-04
  133 -1.9765297E-05  134 -4.5171950E-06  135 -6.1040603E-05  136 -2.6878415E-05
  137 -9.3524811E-06  138 -4.3030065E-05  139 -5.7550605E-06  140  5.4743405E-06
  141 -9.6982367E-05  142 -1.9915493E-05  143 -5.4012017E-06  144 -1.4417242E-04
  145 -8.3925468E-07  146  5.5050469E-05  147 -1.0593723E-04  148 -6.1578018E-07
  149  2.7610787E-05  150 -1.0693256E-04  151 -6.8257601E-07  152  4.4496270E-05
  153 -1.0808425E-04  154  2.7553392E-05  155 -6.6416139E-06  156 -1.6697305E-04
  157  5.0799158E-06  158  7.1407264E-06  159 -1.1728891E-04  160  1.9745345E-05
  161 -3.1743923E-06  162 -7.2219879E-05  163 -1.5493999E-08  164 -2.9174512E-03
  165 -1.4393983E-05  166 -1.3116916E-08  167 -1.6624226E-04  168 -7.1074223E-06
  169  4.1568096E-08  170 -1.6945299E-04  171 -6.8234094E-06  172 -1.5994153E-08
  173  8.3247612E-04  174 -7.3959997E-05  175 -1.3010108E-08  176  5.5629779E-05
  177  4.2395739E-05  178  6.3324304E-08  179  5.6848589E-05  180 -2.9927312E-05
  181 -1.0567067E-08  182  8.3500920E-04  183  5.8849136E-05  184 -1.2952271E-08
  185  6.9701025E-05  186 -5.7839671E-05  187  8.5375949E-08  188  7.0559916E-05
  189  1.4259485E-05  190  1.5371832E-07  191 -1.9541589E-04  192 -7.3681758E-06
  193 -6.2472071E-07  194 -4.8972666E-05  195 -8.4459326E-06  196 -3.6322068E-07
  197 -4.9254240E-05  198 -7.5943783E-06  199  4.4896214E-05  200  9.7256330E-05
  201 -8.1004658E-06  202  1.1248441E-05  203  1.8329908E-05  204  6.9722895E-06
  205  9.0393666E-06  206  1.8679149E-05  207 -1.4501599E-05  208 -4.4070773E-05
  209  9.9962480E-05  210 -7.7273381E-06  211 -1.0015493E-05  212  2.0131457E-05
  213 -2.3646270E-05  214 -7.9212650E-06  215  2.1321302E-05  216 -2.4875363E-06
  217 -1.8710386E-07  218 -1.9560304E-04  219 -8.4729610E-06  220  6.7835086E-07
  221 -4.9413121E-05  222 -9.5845146E-06  223  3.4281638E-07  224 -4.9806391E-05
  225 -8.7685883E-06  226 -4.4973256E-05  227  9.6750670E-05  228 -9.3122513E-06
  229 -1.1319047E-05  230  1.7944998E-05  231  5.7385973E-06  232 -9.1579219E-06
  233  1.8329634E-05  234 -1.5766030E-05  235  4.3950238E-05  236  9.9750239E-05
  237 -9.0441779E-06  238  1.0013834E-05  239  2.0064655E-05  240 -2.5022952E-05
  241  7.9722146E-06  242  2.1306683E-05  243 -3.9237414E-06  244 -6.3341462E-04
  245  1.9801179E-04  246 -3.4715763E-05  247 -5.3290809E-05  248 -1.8094302E-05
  249  2.1031435E-05  250 -5.4355747E-05  251 -1.4895652E-05  252 -2.5019131E-05
  253 -1.4932102E-05  254  1.0198005E-04  255 -1.0760388E-05  256 -1.3933193E-05
  257  4.3060916E-05  258 -1.0969146E-05  259 -1.4608738E-05  260  3.7193446E-05
  261 -1.1572122E-05  262  6.1361015E-04  263  2.0901926E-04  264  1.5024146E-05
  265  3.8584499E-05  266 -9.8085090E-06  267 -4.3947187E-05  268  4.0650762E-05
  269 -6.5852836E-06  270  2.4286446E-06  271  6.3451695E-04  272  2.0928999E-04
  273 -3.6779639E-05  274  5.5447396E-05  275 -6.2231964E-06  276  1.8883641E-05
  277  5.7244706E-05  278 -2.7904594E-06  279 -2.7237667E-05  280  1.7856570E-05
  281  1.1454887E-04  282 -1.3087794E-05  283  1.6708762E-05  284  5.6255208E-05
  285 -1.3410742E-05  286  1.7985971E-05  287  5.0929932E-05  288 -1.4138060E-05
  289 -6.1179515E-04  290  2.2368987E-04  291  1.2419961E-05  292 -3.8659832E-05
  293  5.7509599E-06  294 -4.6708192E-05  295 -4.0476628E-05  296  9.3866467E-06
  297 -5.2555418E-07  298  1.7440833E-08  299  1.0202056E-05  300 -2.9772412E-05
  301 -1.3410215E-07  302  1.7219457E-05  303 -8.4751847E-06  304  9.4514577E-08
  305  1.9570760E-05  306 -2.1354340E-05  307  1.9045182E-08  308  6.7585748E-05
  309 -1.6699932E-05  310 -1.3508839E-07  311  4.7105932E-05  312 -1.7774647E-05
  313  9.3602081E-08  314  4.6662188E-05  315 -1.8357458E-05  316  1.6920030E-08
  317  1.6738876E-05  318 -2.7465653E-06  319 -1.3593833E-07  320  2.5002086E-05
  321 -2.6593646E-05  322  9.2643777E-08  323  2.7063700E-05  324 -1.5183175E-05
  325 -5.8357525E-09  326 -5.1802228E-05  327  3.0545418E-05  328  1.1429778E-07
  329  9.6089183E-05  330 -2.4000144E-04  331 -5.1084162E-08  332  9.8173725E-05
  333  2.0177635E-04  334 -1.5261602E-08  335 -6.8181753E-04  336 -8.2704232E-08
  337  9.0143309E-08  338 -1.1312938E-04  339 -4.6428935E-07  340 -6.1703417E-08
  341 -1.0756083E-04  342  1.0089962E-06  343 -2.8824350E-09  344 -1.6347697E-04
  345 -2.9583299E-05  346  1.0452909E-07  347  5.5481109E-05  348  2.3885302E-04
  349 -5.2182104E-08  350  5.6235127E-05  351 -1.9978797E-04  352 -3.1850478E-04
  353  7.7872212E-05  354 -1.9966191E-05  355 -4.7223610E-05  356  3.3327662E-05
  357 -3.2268554E-05  358 -4.8205972E-05  359  3.2558050E-05  360  2.2570724E-05
  361 -2.5615059E-05  362 -1.4496930E-04  363 -1.3584747E-06  364 -2.6950478E-05
  365 -5.8125311E-05  366 -1.8038856E-06  367 -2.9231000E-05  368 -5.7826152E-05
  369 -1.2056370E-06  370  2.9179916E-04  371  6.6160798E-05  372  1.6217471E-05
  373  2.4271717E-05  374  2.3256788E-05  375  3.1067374E-05  376  2.4569731E-05
  377  2.2648878E-05  378 -2.2828268E-05  379  3.2832767E-04  380  8.0286381E-05
  381 -2.0589566E-05  382  7.1106094E-05  383  3.9930027E-05  384 -3.4841140E-05
  385  7.9553320E-05  386  4.3045476E-05  387  1.9298963E-05  388  6.6864193E-05
  389 -1.3932765E-04  390 -4.1463075E-06  391  8.1465049E-05  392 -6.5483966E-05
  393 -5.4414261E-06  394  1.0491395E-04  395 -7.9047153E-05  396 -6.2015015E-06
  397 -2.3083242E-04  398  3.9497328E-05  399  1.1790067E-05  400 -1.2701862E-06
  401  2.0589024E-06  402  3.8352764E-05
 TTTTTTTTTTTTTTTTTTTTTTTTTTTTTT TOTGRA      TELAPSE     6477.24 TCPU     6473.59
 EIGENVECTORS IN FORTRAN UNIT 10
 TTTTTTTTTTTTTTTTTTTTTTTTTTTTTT END         TELAPSE     6481.34 TCPU     6477.48
 EEEEEEEEEE TERMINATION  DATE 25 03 2026 TIME 18:41:53.4
NODE    0 CPU TIME =      6477.475
NODE    1 CPU TIME =      6479.122
NODE    2 CPU TIME =      6477.789
NODE    3 CPU TIME =      6479.321
NODE    4 CPU TIME =      6477.949
NODE    5 CPU TIME =      6478.247
NODE    6 CPU TIME =      6478.637
NODE    7 CPU TIME =      6478.685
NODE    8 CPU TIME =      6473.411
NODE    9 CPU TIME =      6479.268
NODE   10 CPU TIME =      6477.578
NODE   11 CPU TIME =      6479.251
NODE   12 CPU TIME =      6476.911
NODE   13 CPU TIME =      6476.495
NODE   14 CPU TIME =      6478.330
NODE   15 CPU TIME =      6478.667
NODE   16 CPU TIME =      6477.159
NODE   17 CPU TIME =      6479.241
NODE   18 CPU TIME =      6477.966
NODE   19 CPU TIME =      6475.418
NODE   20 CPU TIME =      6478.542
NODE   21 CPU TIME =      6478.267
NODE   22 CPU TIME =      6477.671
NODE   23 CPU TIME =      6477.077
NODE   24 CPU TIME =      6477.880
NODE   25 CPU TIME =      6477.621
NODE   26 CPU TIME =      6475.079
NODE   27 CPU TIME =      6477.556
NODE   28 CPU TIME =      6477.698
NODE   29 CPU TIME =      6477.456
NODE   30 CPU TIME =      6477.481
NODE   31 CPU TIME =      6476.965
    TOTAL CPU TIME =    207286.211
------------------------------------------------------
Pcrystal finished normally
------------------------------------------------------
SCF wavefunction fort.9 saved as /users/zeitzsab/tetra_script_walkthrough/oldPyro_tetra/harm/h_disp8.w
Date: 2026-03-25 18:41:53