Date: 2026-03-25 16:41:15
Running on: nid002406
Temporary directory: /scratch/project_462000878/zeitzsab/h_disp4_19370
Executable: /project/project_462000878/jchem/crystal/23-1.0.1-gnu/install/bin/Pcrystal
Output: /users/zeitzsab/tetra_script_walkthrough/oldPyro_tetra/harm/h_disp4.out
Input data h_disp4.d12
converted and standardized from ase Atoms() object for Ba27Ti27O81 in space group 1
EXTERNAL
ENDGEOM 
256 6 
INPUT 
10. 0 2 2 2 1 0 
9.526986 427.845816 0 
4.487510 204.417530 0 
8.315930 293.605864 0 
4.292217 294.193316 0 
5.916108 112.550402 0 
2.874842 181.782621 0 
3.589465 -33.473174 0 
0 0 3 2.0 1.0 
2.3961900000 -5.9554766710 
2.2433050000 6.6805648241 
0.71740200000 -0.57055347037 
0 0 1 2.0 1.0 
0.27420073547 1.0000000000 
0 1 1 0.0 1.0 
0.13 1.0 1.0 
0 2 4 6.0 1.0 
2.9267420000 0.79815276764 
2.5207180000 -1.0707548832 
0.67578180854 0.34940781448 
0.31985844531 0.65041110673 
0 3 2 0.0 1.0 
0.966315 -0.908938 
0.893828 0.947240 
0 3 1 0.0 1.0 
0.273195 0.322057 
22 12 
0 0 8 2.0 1.0 
211575.69025 .23318151011E-03 
31714.945058 .18079690851E-02 
7217.5476543 .93984311352E-02 
2042.9394247 .38156853618E-01 
665.12896208 .12374757197 
238.74942264 .29208551143 
92.508691001 .41226800855 
36.403919209 .21090534061 
0 0 4 2.0 1.0 
232.72624607 -.24920140738E-01 
71.791209711 -.11746490087 
11.158534615 .56503342318 
4.6548135416 .56211101812 
0 0 2 2.0 1.0 
6.8034629174 -.23011425503 
1.1201076403 .72103186735 
0 0 1 2.0 1.0 
0.48080118839 1.0000000000 
0 0 1 0.0 1.0 
0.24 1.0 
0 1 1 0.0 1.0 
0.12 1.0 1.0 
0 2 6 6.0 1.0 
1063.1474732 .24690839320E-02 
251.56507061 .19773345523E-01 
80.408554854 .90987976672E-01 
29.768193269 .25559900413 
11.736830556 .40489386764 
4.7142375230 .23693402558 
0 2 3 6.0 1.0 
17.796803704 -.27878639615E-01 
2.4272698680 .55672914668 
0.96823445537 1.0055447350 
0 2 1 0.0 1.0 
0.37056694165 1.0000000000 
0 3 4 2.0 1.0 
37.713384723 .11513835092E-01 
10.692931184 .67246343996E-01 
3.6728446990 .21484207775 
1.3588590303 .38890892779 
0 3 1 0.0 1.0 
0.54 1.0 
0 3 1 0.0 1.0 
0.22 1.0 
8 7 
0 0 6 2.0 1.0 
27032.382631 0.21726302465E-03 
4052.3871392 0.16838662199E-02 
922.32722710 0.87395616265E-02 
261.24070989 0.35239968808E-01 
85.354641351 0.11153519115 
31.035035245 0.25588953961 
0 0 2 2.0 1.0 
12.271113873 0.39768730901 
4.9159842006 0.24627849430 
0 0 1 0.0 1.0 
0.90086482370 1.0000000000 
0 1 1 0.0 1.0 
0.25000000000 1.0 1.0 
0 2 4 4.0 1.0 
75.300554155 0.60685103418E-02 
17.743733858 0.41912575824E-01 
5.5355828651 0.16153841088 
2.0685535103 0.35706951311 
0 2 1 0.0 1.0 
0.78238772422 1.0000000000 
0 3 1 0.0 1.0 
1.2000000000 1.0000000000 
99 0 
ENDBAS 
DFT 
PBE0 
ENDDFT 
SHRINK 
0 2 
2 2 2 
TOLINTEG 
8 8 8 8 16 
MAXCYCLE 
100 
FMIXING 
80 
EXCHSIZE 
30000000 
BIPOSIZE 
30000000 
GRADCAL 
ENDEXTERNAL geometry h_disp4.ext is available as /scratch/project_462000878/zeitzsab/h_disp4_19370/fort.34
 PROCESS           10  OF           32  WORKING
 PROCESS           26  OF           32  WORKING
 PROCESS           24  OF           32  WORKING
 PROCESS           25  OF           32  WORKING
 PROCESS           31  OF           32  WORKING
 PROCESS           13  OF           32  WORKING
 PROCESS           14  OF           32  WORKING
 PROCESS           30  OF           32  WORKING
 PROCESS           21  OF           32  WORKING
 PROCESS           11  OF           32  WORKING
 PROCESS           17  OF           32  WORKING
 PROCESS           22  OF           32  WORKING
 PROCESS            8  OF           32  WORKING
 PROCESS            9  OF           32  WORKING
 PROCESS           12  OF           32  WORKING
 PROCESS           19  OF           32  WORKING
 PROCESS           27  OF           32  WORKING
 PROCESS           20  OF           32  WORKING
 PROCESS            0  OF           32  WORKING
 PROCESS           23  OF           32  WORKING
 PROCESS           28  OF           32  WORKING
 PROCESS           16  OF           32  WORKING
 PROCESS           18  OF           32  WORKING
 PROCESS           29  OF           32  WORKING

         
 *******************************************************************************
 *                                                                             *
 *                               CRYSTAL23                                     *
 *                      public : 1.0.1 - October 2022                          *
 *                       HTTP://WWW.CRYSTAL.UNITO.IT                           *
 *                                                                             *
 *                              MAIN AUTHORS                                   *
 *                                                                             *
 *  R. DOVESI(1,11), V.R. SAUNDERS(2), C. ROETTI(1,11), R. ORLANDO(1,11),      *
 *  C.M. ZICOVICH-WILSON(1,3), F. PASCALE(4), B. CIVALLERI(1,11),              *
 *  K. DOLL(5), N.M. HARRISON(6), I.J. BUSH(7), Ph. D'ARCO(8),                 *
 *  M. LLUNELL(9), M. CAUSA'(10), Y. NOEL(8), L. MASCHIO(1,11), A. ERBA(1,11)  *
 *  M. RE'RAT(14), S. CASASSA(1,11), B.G. SEARLE(2), J.K. DESMARAIS(1)         *
 *                                                                             *
 *        CONTRIBUTIONS TO THE CODE HAVE ALSO BEEN GIVEN BY                    *
 *                                                                             *
 *  M. FERRABONE(1,11), M. DE LA PIERRE(1,11), M. FERRERO(1,11),               *
 *  J. BAIMA(1,11), E. ALBANESE(1,11), M.F. PEINTINGER(12), R. BAST(13),       *
 *  B. KIRTMAN(15), V. LACIVITA(1,11), R. DEMICHELIS(1,16)                     *
 *  G. BRANDEBURG(17), S. SALUSTRO(1,11), G. SANSONE(1,11)                     *
 *  M.T. RUGGIERO(18), L.E. DAGA(1), L. DONA'(1), A. COSSARD(1)                *
 *                                                                             *
 * (1) THEORETICAL CHEMISTRY GROUP - UNIVERSITA' DI TORINO - TORINO (ITALY)    *
 * (2) SCIENTIFIC COMPUTING DEPARTMENT - STFC DARESBURY (UK)                   *
 * (3) UNIVERSIDAD AUTONOMA DEL ESTADO DE MORELOS - CUERNAVACA (MEXICO)        *
 * (4) UNIVERSITE' DE LORRAINE - NANCY (FRANCE)                                *
 * (5) UNIVERSITAET STUTTGART- STUTTGART (GERMANY)                             *
 * (6) IMPERIAL COLLEGE - LONDON (UK)                                          *
 * (7) SCIENTIFIC COMPUTING DEPARTMENT - STFC RAL (UK)                         *
 * (8) UPMC - SORBONNE UNIVERSITES - PARIS (FRANCE)                            *
 * (9) UNIVERSIDAD DE BARCELONA - BARCELONA (SPAIN)                            *
 *(10) UNIVERSITA' DI NAPOLI "FEDERICO II" - NAPOLI (ITALY)                    *
 *(11) NIS - NANOSTRUCTURED INTERFACES AND SURFACES - TORINO (ITALY)           *
 *(12) MPI FUER CHEMISCHE ENERGIEKONVERSION - MUELHEIM AN DER RUHR (GERMANY)   *
 *(13) UNIVERSITY OF TROMSO - TROMSO (NORWAY)                                  *
 *(14) UNIVERSITE' DE PAU ET DES PAYS DE L'ADOUR - PAU (FRANCE)                *
 *(15) UNIVERSITY OF CALIFORNIA SANTA BARBARA - SANTA BARBARA (USA)            *
 *(16) CURTIN UNIVERSITY - PERTH (AUSTRALIA)                                   *
 *(17) UNIVERSITY COLLEGE LONDON - LONDON (UK)                                 *
 *(18) UNIVERSITY OF VERMONT - BURLINGTON (USA)                                *
 *                                                                             *
 *******************************************************************************
 EEEEEEEEEE STARTING  DATE 25 03 2026 TIME 16:41:17.0
 converted and standardized from ase Atoms() object for Ba27Ti27O81 in space grou
 PROCESS            1  OF           32  WORKING
 PROCESS            2  OF           32  WORKING
 PROCESS            3  OF           32  WORKING
 PROCESS            4  OF           32  WORKING
 PROCESS            5  OF           32  WORKING
 PROCESS            7  OF           32  WORKING
 PROCESS            6  OF           32  WORKING
 PROCESS           15  OF           32  WORKING
 filename=fort.34                        0           0

 GEOMETRY INPUT FROM EXTERNAL FILE (FORTRAN UNIT 34)
 3D - CRYSTAL 

 *******************************************************************************
 LATTICE PARAMETERS  (ANGSTROMS AND DEGREES) - PRIMITIVE CELL
       A          B          C        ALPHA      BETA     GAMMA        VOLUME
   11.90773   11.90773   12.27480    90.00000  90.00000  90.00000   1740.493702
 INFORMATION **** CHKGRP **** SPGR WITH NO INVERSION

 NUMBER OF IRREDUCIBLE ATOMS IN THE CELL:  135

 CARTESIAN COORDINATES (ANGSTROM) - IRREDUCIBLE ATOMS AND SYMMETRY RELATED

 AT.IRR.  AT  AT.N.          X                   Y                   Z
     1     1   256    0.000000000000E+00  0.000000000000E+00  2.618623104000E-02
     2     2   256    0.000000000000E+00  0.000000000000E+00  4.117784831040E+00
     3     3   256    0.000000000000E+00  0.000000000000E+00  8.209383431040E+00
     4     4   256    0.000000000000E+00  3.969244350000E+00  2.618623104000E-02
     5     5   256    0.000000000000E+00  3.969244350000E+00  4.117784831040E+00
     6     6   256    0.000000000000E+00  3.969244350000E+00  8.209383431040E+00
     7     7   256    0.000000000000E+00  7.938488700000E+00  2.618623104000E-02
     8     8   256    0.000000000000E+00  7.938488700000E+00  4.117784831040E+00
     9     9   256    0.000000000000E+00  7.938488700000E+00  8.209383431040E+00
    10    10   256    3.969244350000E+00  0.000000000000E+00  2.618623104000E-02
    11    11   256    3.969244350000E+00  0.000000000000E+00  4.117784831040E+00
    12    12   256    3.969244350000E+00  0.000000000000E+00  8.209383431040E+00
    13    13   256    3.969244350000E+00  3.969244350000E+00  2.618623104000E-02
    14    14   256    3.969244350000E+00  3.969244350000E+00  4.117784831040E+00
    15    15   256    3.969244350000E+00  3.969244350000E+00  8.209383431040E+00
    16    16   256    3.969244350000E+00  7.938488700000E+00  2.618623104000E-02
    17    17   256    3.969244350000E+00  7.938488700000E+00  4.117784831040E+00
    18    18   256    3.969244350000E+00  7.938488700000E+00  8.209383431040E+00
    19    19   256    7.938488700000E+00  0.000000000000E+00  2.618623104000E-02
    20    20   256    7.938488700000E+00  0.000000000000E+00  4.117784831040E+00
    21    21   256    7.938488700000E+00  0.000000000000E+00  8.209383431040E+00
    22    22   256    7.938488700000E+00  3.969244350000E+00  2.618623104000E-02
    23    23   256    7.938488700000E+00  3.969244350000E+00  4.117784831040E+00
    24    24   256    7.938488700000E+00  3.969244350000E+00  8.209383431040E+00
    25    25   256    7.938488700000E+00  7.938488700000E+00  2.618623104000E-02
    26    26   256    7.938488700000E+00  7.938488700000E+00  4.117784831040E+00
    27    27   256    7.938488700000E+00  7.938488700000E+00  8.209383431040E+00
    28    28     8    1.994622175000E+00  1.984622175000E+00  3.960626528814E+00
    29    29     8    1.984622175000E+00  1.984622175000E+00  8.052225128814E+00
    30    30     8    1.984622175000E+00  1.984622175000E+00  1.214382372881E+01
    31    31     8    1.984622175000E+00  5.953866525000E+00  3.960626528814E+00
    32    32     8    1.984622175000E+00  5.953866525000E+00  8.052225128814E+00
    33    33     8    1.984622175000E+00  5.953866525000E+00  1.214382372881E+01
    34    34     8    1.984622175000E+00  9.923110875000E+00  3.960626528814E+00
    35    35     8    1.984622175000E+00  9.923110875000E+00  8.052225128814E+00
    36    36     8    1.984622175000E+00  9.923110875000E+00  1.214382372881E+01
    37    37     8    5.953866525000E+00  1.984622175000E+00  3.960626528814E+00
    38    38     8    5.953866525000E+00  1.984622175000E+00  8.052225128814E+00
    39    39     8    5.953866525000E+00  1.984622175000E+00  1.214382372881E+01
    40    40     8    5.953866525000E+00  5.953866525000E+00  3.960626528814E+00
    41    41     8    5.953866525000E+00  5.953866525000E+00  8.052225128814E+00
    42    42     8    5.953866525000E+00  5.953866525000E+00  1.214382372881E+01
    43    43     8    5.953866525000E+00  9.923110875000E+00  3.960626528814E+00
    44    44     8    5.953866525000E+00  9.923110875000E+00  8.052225128814E+00
    45    45     8    5.953866525000E+00  9.923110875000E+00  1.214382372881E+01
    46    46     8    9.923110875000E+00  1.984622175000E+00  3.960626528814E+00
    47    47     8    9.923110875000E+00  1.984622175000E+00  8.052225128814E+00
    48    48     8    9.923110875000E+00  1.984622175000E+00  1.214382372881E+01
    49    49     8    9.923110875000E+00  5.953866525000E+00  3.960626528814E+00
    50    50     8    9.923110875000E+00  5.953866525000E+00  8.052225128814E+00
    51    51     8    9.923110875000E+00  5.953866525000E+00  1.214382372881E+01
    52    52     8    9.923110875000E+00  9.923110875000E+00  3.960626528814E+00
    53    53     8    9.923110875000E+00  9.923110875000E+00  8.052225128814E+00
    54    54     8    9.923110875000E+00  9.923110875000E+00  1.214382372881E+01
    55    55     8    1.984622175000E+00  0.000000000000E+00  1.985775548538E+00
    56    56     8    1.984622175000E+00  0.000000000000E+00  6.077374148538E+00
    57    57     8    1.984622175000E+00  0.000000000000E+00  1.016897274854E+01
    58    58     8    1.984622175000E+00  3.969244350000E+00  1.985775548538E+00
    59    59     8    1.984622175000E+00  3.969244350000E+00  6.077374148538E+00
    60    60     8    1.984622175000E+00  3.969244350000E+00  1.016897274854E+01
    61    61     8    1.984622175000E+00  7.938488700000E+00  1.985775548538E+00
    62    62     8    1.984622175000E+00  7.938488700000E+00  6.077374148538E+00
    63    63     8    1.984622175000E+00  7.938488700000E+00  1.016897274854E+01
    64    64     8    5.953866525000E+00  0.000000000000E+00  1.985775548538E+00
    65    65     8    5.953866525000E+00  0.000000000000E+00  6.077374148538E+00
    66    66     8    5.953866525000E+00  0.000000000000E+00  1.016897274854E+01
    67    67     8    5.953866525000E+00  3.969244350000E+00  1.985775548538E+00
    68    68     8    5.953866525000E+00  3.969244350000E+00  6.077374148538E+00
    69    69     8    5.953866525000E+00  3.969244350000E+00  1.016897274854E+01
    70    70     8    5.953866525000E+00  7.938488700000E+00  1.985775548538E+00
    71    71     8    5.953866525000E+00  7.938488700000E+00  6.077374148538E+00
    72    72     8    5.953866525000E+00  7.938488700000E+00  1.016897274854E+01
    73    73     8    9.923110875000E+00  0.000000000000E+00  1.985775548538E+00
    74    74     8    9.923110875000E+00  0.000000000000E+00  6.077374148538E+00
    75    75     8    9.923110875000E+00  0.000000000000E+00  1.016897274854E+01
    76    76     8    9.923110875000E+00  3.969244350000E+00  1.985775548538E+00
    77    77     8    9.923110875000E+00  3.969244350000E+00  6.077374148538E+00
    78    78     8    9.923110875000E+00  3.969244350000E+00  1.016897274854E+01
    79    79     8    9.923110875000E+00  7.938488700000E+00  1.985775548538E+00
    80    80     8    9.923110875000E+00  7.938488700000E+00  6.077374148538E+00
    81    81     8    9.923110875000E+00  7.938488700000E+00  1.016897274854E+01
    82    82     8    0.000000000000E+00  1.984622175000E+00  1.985775548538E+00
    83    83     8    0.000000000000E+00  1.984622175000E+00  6.077374148538E+00
    84    84     8    0.000000000000E+00  1.984622175000E+00  1.016897274854E+01
    85    85     8    0.000000000000E+00  5.953866525000E+00  1.985775548538E+00
    86    86     8    0.000000000000E+00  5.953866525000E+00  6.077374148538E+00
    87    87     8    0.000000000000E+00  5.953866525000E+00  1.016897274854E+01
    88    88     8    0.000000000000E+00  9.923110875000E+00  1.985775548538E+00
    89    89     8    0.000000000000E+00  9.923110875000E+00  6.077374148538E+00
    90    90     8    0.000000000000E+00  9.923110875000E+00  1.016897274854E+01
    91    91     8    3.969244350000E+00  1.984622175000E+00  1.985775548538E+00
    92    92     8    3.969244350000E+00  1.984622175000E+00  6.077374148538E+00
    93    93     8    3.969244350000E+00  1.984622175000E+00  1.016897274854E+01
    94    94     8    3.969244350000E+00  5.953866525000E+00  1.985775548538E+00
    95    95     8    3.969244350000E+00  5.953866525000E+00  6.077374148538E+00
    96    96     8    3.969244350000E+00  5.953866525000E+00  1.016897274854E+01
    97    97     8    3.969244350000E+00  9.923110875000E+00  1.985775548538E+00
    98    98     8    3.969244350000E+00  9.923110875000E+00  6.077374148538E+00
    99    99     8    3.969244350000E+00  9.923110875000E+00  1.016897274854E+01
   100   100     8    7.938488700000E+00  1.984622175000E+00  1.985775548538E+00
   101   101     8    7.938488700000E+00  1.984622175000E+00  6.077374148538E+00
   102   102     8    7.938488700000E+00  1.984622175000E+00  1.016897274854E+01
   103   103     8    7.938488700000E+00  5.953866525000E+00  1.985775548538E+00
   104   104     8    7.938488700000E+00  5.953866525000E+00  6.077374148538E+00
   105   105     8    7.938488700000E+00  5.953866525000E+00  1.016897274854E+01
   106   106     8    7.938488700000E+00  9.923110875000E+00  1.985775548538E+00
   107   107     8    7.938488700000E+00  9.923110875000E+00  6.077374148538E+00
   108   108     8    7.938488700000E+00  9.923110875000E+00  1.016897274854E+01
   109   109    22    1.984622175000E+00  1.984622175000E+00  2.147434609224E+00
   110   110    22    1.984622175000E+00  1.984622175000E+00  6.239033209224E+00
   111   111    22    1.984622175000E+00  1.984622175000E+00  1.033063180922E+01
   112   112    22    1.984622175000E+00  5.953866525000E+00  2.147434609224E+00
   113   113    22    1.984622175000E+00  5.953866525000E+00  6.239033209224E+00
   114   114    22    1.984622175000E+00  5.953866525000E+00  1.033063180922E+01
   115   115    22    1.984622175000E+00  9.923110875000E+00  2.147434609224E+00
   116   116    22    1.984622175000E+00  9.923110875000E+00  6.239033209224E+00
   117   117    22    1.984622175000E+00  9.923110875000E+00  1.033063180922E+01
   118   118    22    5.953866525000E+00  1.984622175000E+00  2.147434609224E+00
   119   119    22    5.953866525000E+00  1.984622175000E+00  6.239033209224E+00
   120   120    22    5.953866525000E+00  1.984622175000E+00  1.033063180922E+01
   121   121    22    5.953866525000E+00  5.953866525000E+00  2.147434609224E+00
   122   122    22    5.953866525000E+00  5.953866525000E+00  6.239033209224E+00
   123   123    22    5.953866525000E+00  5.953866525000E+00  1.033063180922E+01
   124   124    22    5.953866525000E+00  9.923110875000E+00  2.147434609224E+00
   125   125    22    5.953866525000E+00  9.923110875000E+00  6.239033209224E+00
   126   126    22    5.953866525000E+00  9.923110875000E+00  1.033063180922E+01
   127   127    22    9.923110875000E+00  1.984622175000E+00  2.147434609224E+00
   128   128    22    9.923110875000E+00  1.984622175000E+00  6.239033209224E+00
   129   129    22    9.923110875000E+00  1.984622175000E+00  1.033063180922E+01
   130   130    22    9.923110875000E+00  5.953866525000E+00  2.147434609224E+00
   131   131    22    9.923110875000E+00  5.953866525000E+00  6.239033209224E+00
   132   132    22    9.923110875000E+00  5.953866525000E+00  1.033063180922E+01
   133   133    22    9.923110875000E+00  9.923110875000E+00  2.147434609224E+00
   134   134    22    9.923110875000E+00  9.923110875000E+00  6.239033209224E+00
   135   135    22    9.923110875000E+00  9.923110875000E+00  1.033063180922E+01
 NUMBER OF SYMMETRY OPERATORS         :    1
 *******************************************************************************
 LATTICE PARAMETERS (ANGSTROMS AND DEGREES) - BOHR = 0.5291772083 ANGSTROM
 PRIMITIVE CELL - CENTRING CODE 1/0 VOLUME=  1740.493702 - DENSITY  6.022 g/cm^3
         A              B              C           ALPHA      BETA       GAMMA 
    11.90773305    11.90773305    12.27479580    90.000000  90.000000  90.000000
 *******************************************************************************
 ATOMS IN THE ASYMMETRIC UNIT  135 - ATOMS IN THE UNIT CELL:  135
     ATOM                 X/A                 Y/B                 Z/C    
 *******************************************************************************
      1 T 256 BA    0.000000000000E+00  0.000000000000E+00  2.133333333333E-03
      2 T 256 BA    0.000000000000E+00  0.000000000000E+00  3.354666666667E-01
      3 T 256 BA    0.000000000000E+00  0.000000000000E+00 -3.312000000000E-01
      4 T 256 BA    0.000000000000E+00  3.333333333333E-01  2.133333333333E-03
      5 T 256 BA    0.000000000000E+00  3.333333333333E-01  3.354666666667E-01
      6 T 256 BA    0.000000000000E+00  3.333333333333E-01 -3.312000000000E-01
      7 T 256 BA    0.000000000000E+00 -3.333333333333E-01  2.133333333333E-03
      8 T 256 BA    0.000000000000E+00 -3.333333333333E-01  3.354666666667E-01
      9 T 256 BA    0.000000000000E+00 -3.333333333333E-01 -3.312000000000E-01
     10 T 256 BA    3.333333333333E-01  0.000000000000E+00  2.133333333333E-03
     11 T 256 BA    3.333333333333E-01  0.000000000000E+00  3.354666666667E-01
     12 T 256 BA    3.333333333333E-01  0.000000000000E+00 -3.312000000000E-01
     13 T 256 BA    3.333333333333E-01  3.333333333333E-01  2.133333333333E-03
     14 T 256 BA    3.333333333333E-01  3.333333333333E-01  3.354666666667E-01
     15 T 256 BA    3.333333333333E-01  3.333333333333E-01 -3.312000000000E-01
     16 T 256 BA    3.333333333333E-01 -3.333333333333E-01  2.133333333333E-03
     17 T 256 BA    3.333333333333E-01 -3.333333333333E-01  3.354666666667E-01
     18 T 256 BA    3.333333333333E-01 -3.333333333333E-01 -3.312000000000E-01
     19 T 256 BA   -3.333333333333E-01  0.000000000000E+00  2.133333333333E-03
     20 T 256 BA   -3.333333333333E-01  0.000000000000E+00  3.354666666667E-01
     21 T 256 BA   -3.333333333333E-01  0.000000000000E+00 -3.312000000000E-01
     22 T 256 BA   -3.333333333333E-01  3.333333333333E-01  2.133333333333E-03
     23 T 256 BA   -3.333333333333E-01  3.333333333333E-01  3.354666666667E-01
     24 T 256 BA   -3.333333333333E-01  3.333333333333E-01 -3.312000000000E-01
     25 T 256 BA   -3.333333333333E-01 -3.333333333333E-01  2.133333333333E-03
     26 T 256 BA   -3.333333333333E-01 -3.333333333333E-01  3.354666666667E-01
     27 T 256 BA   -3.333333333333E-01 -3.333333333333E-01 -3.312000000000E-01
     28 T   8 O     1.675064570750E-01  1.666666666667E-01  3.226633333333E-01
     29 T   8 O     1.666666666667E-01  1.666666666667E-01 -3.440033333333E-01
     30 T   8 O     1.666666666667E-01  1.666666666667E-01 -1.067000000000E-02
     31 T   8 O     1.666666666667E-01  5.000000000000E-01  3.226633333333E-01
     32 T   8 O     1.666666666667E-01  5.000000000000E-01 -3.440033333333E-01
     33 T   8 O     1.666666666667E-01  5.000000000000E-01 -1.067000000000E-02
     34 T   8 O     1.666666666667E-01 -1.666666666667E-01  3.226633333333E-01
     35 T   8 O     1.666666666667E-01 -1.666666666667E-01 -3.440033333333E-01
     36 T   8 O     1.666666666667E-01 -1.666666666667E-01 -1.067000000000E-02
     37 T   8 O     5.000000000000E-01  1.666666666667E-01  3.226633333333E-01
     38 T   8 O     5.000000000000E-01  1.666666666667E-01 -3.440033333333E-01
     39 T   8 O     5.000000000000E-01  1.666666666667E-01 -1.067000000000E-02
     40 T   8 O     5.000000000000E-01  5.000000000000E-01  3.226633333333E-01
     41 T   8 O     5.000000000000E-01  5.000000000000E-01 -3.440033333333E-01
     42 T   8 O     5.000000000000E-01  5.000000000000E-01 -1.067000000000E-02
     43 T   8 O     5.000000000000E-01 -1.666666666667E-01  3.226633333333E-01
     44 T   8 O     5.000000000000E-01 -1.666666666667E-01 -3.440033333333E-01
     45 T   8 O     5.000000000000E-01 -1.666666666667E-01 -1.067000000000E-02
     46 T   8 O    -1.666666666667E-01  1.666666666667E-01  3.226633333333E-01
     47 T   8 O    -1.666666666667E-01  1.666666666667E-01 -3.440033333333E-01
     48 T   8 O    -1.666666666667E-01  1.666666666667E-01 -1.067000000000E-02
     49 T   8 O    -1.666666666667E-01  5.000000000000E-01  3.226633333333E-01
     50 T   8 O    -1.666666666667E-01  5.000000000000E-01 -3.440033333333E-01
     51 T   8 O    -1.666666666667E-01  5.000000000000E-01 -1.067000000000E-02
     52 T   8 O    -1.666666666667E-01 -1.666666666667E-01  3.226633333333E-01
     53 T   8 O    -1.666666666667E-01 -1.666666666667E-01 -3.440033333333E-01
     54 T   8 O    -1.666666666667E-01 -1.666666666667E-01 -1.067000000000E-02
     55 T   8 O     1.666666666667E-01  0.000000000000E+00  1.617766666667E-01
     56 T   8 O     1.666666666667E-01  0.000000000000E+00  4.951100000000E-01
     57 T   8 O     1.666666666667E-01  0.000000000000E+00 -1.715566666667E-01
     58 T   8 O     1.666666666667E-01  3.333333333333E-01  1.617766666667E-01
     59 T   8 O     1.666666666667E-01  3.333333333333E-01  4.951100000000E-01
     60 T   8 O     1.666666666667E-01  3.333333333333E-01 -1.715566666667E-01
     61 T   8 O     1.666666666667E-01 -3.333333333333E-01  1.617766666667E-01
     62 T   8 O     1.666666666667E-01 -3.333333333333E-01  4.951100000000E-01
     63 T   8 O     1.666666666667E-01 -3.333333333333E-01 -1.715566666667E-01
     64 T   8 O     5.000000000000E-01  0.000000000000E+00  1.617766666667E-01
     65 T   8 O     5.000000000000E-01  0.000000000000E+00  4.951100000000E-01
     66 T   8 O     5.000000000000E-01  0.000000000000E+00 -1.715566666667E-01
     67 T   8 O     5.000000000000E-01  3.333333333333E-01  1.617766666667E-01
     68 T   8 O     5.000000000000E-01  3.333333333333E-01  4.951100000000E-01
     69 T   8 O     5.000000000000E-01  3.333333333333E-01 -1.715566666667E-01
     70 T   8 O     5.000000000000E-01 -3.333333333333E-01  1.617766666667E-01
     71 T   8 O     5.000000000000E-01 -3.333333333333E-01  4.951100000000E-01
     72 T   8 O     5.000000000000E-01 -3.333333333333E-01 -1.715566666667E-01
     73 T   8 O    -1.666666666667E-01  0.000000000000E+00  1.617766666667E-01
     74 T   8 O    -1.666666666667E-01  0.000000000000E+00  4.951100000000E-01
     75 T   8 O    -1.666666666667E-01  0.000000000000E+00 -1.715566666667E-01
     76 T   8 O    -1.666666666667E-01  3.333333333333E-01  1.617766666667E-01
     77 T   8 O    -1.666666666667E-01  3.333333333333E-01  4.951100000000E-01
     78 T   8 O    -1.666666666667E-01  3.333333333333E-01 -1.715566666667E-01
     79 T   8 O    -1.666666666667E-01 -3.333333333333E-01  1.617766666667E-01
     80 T   8 O    -1.666666666667E-01 -3.333333333333E-01  4.951100000000E-01
     81 T   8 O    -1.666666666667E-01 -3.333333333333E-01 -1.715566666667E-01
     82 T   8 O     0.000000000000E+00  1.666666666667E-01  1.617766666667E-01
     83 T   8 O     0.000000000000E+00  1.666666666667E-01  4.951100000000E-01
     84 T   8 O     0.000000000000E+00  1.666666666667E-01 -1.715566666667E-01
     85 T   8 O     0.000000000000E+00  5.000000000000E-01  1.617766666667E-01
     86 T   8 O     0.000000000000E+00  5.000000000000E-01  4.951100000000E-01
     87 T   8 O     0.000000000000E+00  5.000000000000E-01 -1.715566666667E-01
     88 T   8 O     0.000000000000E+00 -1.666666666667E-01  1.617766666667E-01
     89 T   8 O     0.000000000000E+00 -1.666666666667E-01  4.951100000000E-01
     90 T   8 O     0.000000000000E+00 -1.666666666667E-01 -1.715566666667E-01
     91 T   8 O     3.333333333333E-01  1.666666666667E-01  1.617766666667E-01
     92 T   8 O     3.333333333333E-01  1.666666666667E-01  4.951100000000E-01
     93 T   8 O     3.333333333333E-01  1.666666666667E-01 -1.715566666667E-01
     94 T   8 O     3.333333333333E-01  5.000000000000E-01  1.617766666667E-01
     95 T   8 O     3.333333333333E-01  5.000000000000E-01  4.951100000000E-01
     96 T   8 O     3.333333333333E-01  5.000000000000E-01 -1.715566666667E-01
     97 T   8 O     3.333333333333E-01 -1.666666666667E-01  1.617766666667E-01
     98 T   8 O     3.333333333333E-01 -1.666666666667E-01  4.951100000000E-01
     99 T   8 O     3.333333333333E-01 -1.666666666667E-01 -1.715566666667E-01
    100 T   8 O    -3.333333333333E-01  1.666666666667E-01  1.617766666667E-01
    101 T   8 O    -3.333333333333E-01  1.666666666667E-01  4.951100000000E-01
    102 T   8 O    -3.333333333333E-01  1.666666666667E-01 -1.715566666667E-01
    103 T   8 O    -3.333333333333E-01  5.000000000000E-01  1.617766666667E-01
    104 T   8 O    -3.333333333333E-01  5.000000000000E-01  4.951100000000E-01
    105 T   8 O    -3.333333333333E-01  5.000000000000E-01 -1.715566666667E-01
    106 T   8 O    -3.333333333333E-01 -1.666666666667E-01  1.617766666667E-01
    107 T   8 O    -3.333333333333E-01 -1.666666666667E-01  4.951100000000E-01
    108 T   8 O    -3.333333333333E-01 -1.666666666667E-01 -1.715566666667E-01
    109 T  22 TI    1.666666666667E-01  1.666666666667E-01  1.749466666667E-01
    110 T  22 TI    1.666666666667E-01  1.666666666667E-01 -4.917200000000E-01
    111 T  22 TI    1.666666666667E-01  1.666666666667E-01 -1.583866666667E-01
    112 T  22 TI    1.666666666667E-01  5.000000000000E-01  1.749466666667E-01
    113 T  22 TI    1.666666666667E-01  5.000000000000E-01 -4.917200000000E-01
    114 T  22 TI    1.666666666667E-01  5.000000000000E-01 -1.583866666667E-01
    115 T  22 TI    1.666666666667E-01 -1.666666666667E-01  1.749466666667E-01
    116 T  22 TI    1.666666666667E-01 -1.666666666667E-01 -4.917200000000E-01
    117 T  22 TI    1.666666666667E-01 -1.666666666667E-01 -1.583866666667E-01
    118 T  22 TI    5.000000000000E-01  1.666666666667E-01  1.749466666667E-01
    119 T  22 TI    5.000000000000E-01  1.666666666667E-01 -4.917200000000E-01
    120 T  22 TI    5.000000000000E-01  1.666666666667E-01 -1.583866666667E-01
    121 T  22 TI    5.000000000000E-01  5.000000000000E-01  1.749466666667E-01
    122 T  22 TI    5.000000000000E-01  5.000000000000E-01 -4.917200000000E-01
    123 T  22 TI    5.000000000000E-01  5.000000000000E-01 -1.583866666667E-01
    124 T  22 TI    5.000000000000E-01 -1.666666666667E-01  1.749466666667E-01
    125 T  22 TI    5.000000000000E-01 -1.666666666667E-01 -4.917200000000E-01
    126 T  22 TI    5.000000000000E-01 -1.666666666667E-01 -1.583866666667E-01
    127 T  22 TI   -1.666666666667E-01  1.666666666667E-01  1.749466666667E-01
    128 T  22 TI   -1.666666666667E-01  1.666666666667E-01 -4.917200000000E-01
    129 T  22 TI   -1.666666666667E-01  1.666666666667E-01 -1.583866666667E-01
    130 T  22 TI   -1.666666666667E-01  5.000000000000E-01  1.749466666667E-01
    131 T  22 TI   -1.666666666667E-01  5.000000000000E-01 -4.917200000000E-01
    132 T  22 TI   -1.666666666667E-01  5.000000000000E-01 -1.583866666667E-01
    133 T  22 TI   -1.666666666667E-01 -1.666666666667E-01  1.749466666667E-01
    134 T  22 TI   -1.666666666667E-01 -1.666666666667E-01 -4.917200000000E-01
    135 T  22 TI   -1.666666666667E-01 -1.666666666667E-01 -1.583866666667E-01

 T = ATOM BELONGING TO THE ASYMMETRIC UNIT
 *******************************************************************************
 * GEOMETRY EDITING - INPUT COORDINATES ARE GIVEN IN ANGSTROM         
 *******************************************************************************

 GCALCO - MAX INDICES DIRECT LATTICE VECTOR    15    15    14
 NO.OF VECTORS CREATED 6999 STARS  514 RMAX   270.02825 BOHR

 GEOMETRY FOR WAVE FUNCTION - DIMENSIONALITY OF THE SYSTEM    3
 (NON PERIODIC DIRECTION: LATTICE PARAMETER FORMALLY SET TO 500)
 *******************************************************************************
 LATTICE PARAMETERS (ANGSTROMS AND DEGREES) - BOHR = 0.5291772083 ANGSTROM
 PRIMITIVE CELL - CENTRING CODE 1/0 VOLUME=  1740.493702 - DENSITY  6.022 g/cm^3
         A              B              C           ALPHA      BETA       GAMMA 
    11.90773305    11.90773305    12.27479580    90.000000  90.000000  90.000000
 *******************************************************************************
 ATOMS IN THE ASYMMETRIC UNIT  135 - ATOMS IN THE UNIT CELL:  135
     ATOM                 X/A                 Y/B                 Z/C    
 *******************************************************************************
      1 T 256 BA    0.000000000000E+00  0.000000000000E+00  2.133333333333E-03
      2 T 256 BA    0.000000000000E+00  0.000000000000E+00  3.354666666667E-01
      3 T 256 BA    0.000000000000E+00  0.000000000000E+00 -3.312000000000E-01
      4 T 256 BA    0.000000000000E+00  3.333333333333E-01  2.133333333333E-03
      5 T 256 BA    0.000000000000E+00  3.333333333333E-01  3.354666666667E-01
      6 T 256 BA    0.000000000000E+00  3.333333333333E-01 -3.312000000000E-01
      7 T 256 BA    0.000000000000E+00 -3.333333333333E-01  2.133333333333E-03
      8 T 256 BA    0.000000000000E+00 -3.333333333333E-01  3.354666666667E-01
      9 T 256 BA    0.000000000000E+00 -3.333333333333E-01 -3.312000000000E-01
     10 T 256 BA    3.333333333333E-01  0.000000000000E+00  2.133333333333E-03
     11 T 256 BA    3.333333333333E-01  0.000000000000E+00  3.354666666667E-01
     12 T 256 BA    3.333333333333E-01  0.000000000000E+00 -3.312000000000E-01
     13 T 256 BA    3.333333333333E-01  3.333333333333E-01  2.133333333333E-03
     14 T 256 BA    3.333333333333E-01  3.333333333333E-01  3.354666666667E-01
     15 T 256 BA    3.333333333333E-01  3.333333333333E-01 -3.312000000000E-01
     16 T 256 BA    3.333333333333E-01 -3.333333333333E-01  2.133333333333E-03
     17 T 256 BA    3.333333333333E-01 -3.333333333333E-01  3.354666666667E-01
     18 T 256 BA    3.333333333333E-01 -3.333333333333E-01 -3.312000000000E-01
     19 T 256 BA   -3.333333333333E-01  0.000000000000E+00  2.133333333333E-03
     20 T 256 BA   -3.333333333333E-01  0.000000000000E+00  3.354666666667E-01
     21 T 256 BA   -3.333333333333E-01  0.000000000000E+00 -3.312000000000E-01
     22 T 256 BA   -3.333333333333E-01  3.333333333333E-01  2.133333333333E-03
     23 T 256 BA   -3.333333333333E-01  3.333333333333E-01  3.354666666667E-01
     24 T 256 BA   -3.333333333333E-01  3.333333333333E-01 -3.312000000000E-01
     25 T 256 BA   -3.333333333333E-01 -3.333333333333E-01  2.133333333333E-03
     26 T 256 BA   -3.333333333333E-01 -3.333333333333E-01  3.354666666667E-01
     27 T 256 BA   -3.333333333333E-01 -3.333333333333E-01 -3.312000000000E-01
     28 T   8 O     1.675064570750E-01  1.666666666667E-01  3.226633333333E-01
     29 T   8 O     1.666666666667E-01  1.666666666667E-01 -3.440033333333E-01
     30 T   8 O     1.666666666667E-01  1.666666666667E-01 -1.067000000000E-02
     31 T   8 O     1.666666666667E-01 -5.000000000000E-01  3.226633333333E-01
     32 T   8 O     1.666666666667E-01 -5.000000000000E-01 -3.440033333333E-01
     33 T   8 O     1.666666666667E-01 -5.000000000000E-01 -1.067000000000E-02
     34 T   8 O     1.666666666667E-01 -1.666666666667E-01  3.226633333333E-01
     35 T   8 O     1.666666666667E-01 -1.666666666667E-01 -3.440033333333E-01
     36 T   8 O     1.666666666667E-01 -1.666666666667E-01 -1.067000000000E-02
     37 T   8 O    -5.000000000000E-01  1.666666666667E-01  3.226633333333E-01
     38 T   8 O    -5.000000000000E-01  1.666666666667E-01 -3.440033333333E-01
     39 T   8 O    -5.000000000000E-01  1.666666666667E-01 -1.067000000000E-02
     40 T   8 O    -5.000000000000E-01 -5.000000000000E-01  3.226633333333E-01
     41 T   8 O    -5.000000000000E-01 -5.000000000000E-01 -3.440033333333E-01
     42 T   8 O    -5.000000000000E-01 -5.000000000000E-01 -1.067000000000E-02
     43 T   8 O    -5.000000000000E-01 -1.666666666667E-01  3.226633333333E-01
     44 T   8 O    -5.000000000000E-01 -1.666666666667E-01 -3.440033333333E-01
     45 T   8 O    -5.000000000000E-01 -1.666666666667E-01 -1.067000000000E-02
     46 T   8 O    -1.666666666667E-01  1.666666666667E-01  3.226633333333E-01
     47 T   8 O    -1.666666666667E-01  1.666666666667E-01 -3.440033333333E-01
     48 T   8 O    -1.666666666667E-01  1.666666666667E-01 -1.067000000000E-02
     49 T   8 O    -1.666666666667E-01 -5.000000000000E-01  3.226633333333E-01
     50 T   8 O    -1.666666666667E-01 -5.000000000000E-01 -3.440033333333E-01
     51 T   8 O    -1.666666666667E-01 -5.000000000000E-01 -1.067000000000E-02
     52 T   8 O    -1.666666666667E-01 -1.666666666667E-01  3.226633333333E-01
     53 T   8 O    -1.666666666667E-01 -1.666666666667E-01 -3.440033333333E-01
     54 T   8 O    -1.666666666667E-01 -1.666666666667E-01 -1.067000000000E-02
     55 T   8 O     1.666666666667E-01  0.000000000000E+00  1.617766666667E-01
     56 T   8 O     1.666666666667E-01  0.000000000000E+00  4.951100000000E-01
     57 T   8 O     1.666666666667E-01  0.000000000000E+00 -1.715566666667E-01
     58 T   8 O     1.666666666667E-01  3.333333333333E-01  1.617766666667E-01
     59 T   8 O     1.666666666667E-01  3.333333333333E-01  4.951100000000E-01
     60 T   8 O     1.666666666667E-01  3.333333333333E-01 -1.715566666667E-01
     61 T   8 O     1.666666666667E-01 -3.333333333333E-01  1.617766666667E-01
     62 T   8 O     1.666666666667E-01 -3.333333333333E-01  4.951100000000E-01
     63 T   8 O     1.666666666667E-01 -3.333333333333E-01 -1.715566666667E-01
     64 T   8 O    -5.000000000000E-01  0.000000000000E+00  1.617766666667E-01
     65 T   8 O    -5.000000000000E-01  0.000000000000E+00  4.951100000000E-01
     66 T   8 O    -5.000000000000E-01  0.000000000000E+00 -1.715566666667E-01
     67 T   8 O    -5.000000000000E-01  3.333333333333E-01  1.617766666667E-01
     68 T   8 O    -5.000000000000E-01  3.333333333333E-01  4.951100000000E-01
     69 T   8 O    -5.000000000000E-01  3.333333333333E-01 -1.715566666667E-01
     70 T   8 O    -5.000000000000E-01 -3.333333333333E-01  1.617766666667E-01
     71 T   8 O    -5.000000000000E-01 -3.333333333333E-01  4.951100000000E-01
     72 T   8 O    -5.000000000000E-01 -3.333333333333E-01 -1.715566666667E-01
     73 T   8 O    -1.666666666667E-01  0.000000000000E+00  1.617766666667E-01
     74 T   8 O    -1.666666666667E-01  0.000000000000E+00  4.951100000000E-01
     75 T   8 O    -1.666666666667E-01  0.000000000000E+00 -1.715566666667E-01
     76 T   8 O    -1.666666666667E-01  3.333333333333E-01  1.617766666667E-01
     77 T   8 O    -1.666666666667E-01  3.333333333333E-01  4.951100000000E-01
     78 T   8 O    -1.666666666667E-01  3.333333333333E-01 -1.715566666667E-01
     79 T   8 O    -1.666666666667E-01 -3.333333333333E-01  1.617766666667E-01
     80 T   8 O    -1.666666666667E-01 -3.333333333333E-01  4.951100000000E-01
     81 T   8 O    -1.666666666667E-01 -3.333333333333E-01 -1.715566666667E-01
     82 T   8 O     0.000000000000E+00  1.666666666667E-01  1.617766666667E-01
     83 T   8 O     0.000000000000E+00  1.666666666667E-01  4.951100000000E-01
     84 T   8 O     0.000000000000E+00  1.666666666667E-01 -1.715566666667E-01
     85 T   8 O     0.000000000000E+00 -5.000000000000E-01  1.617766666667E-01
     86 T   8 O     0.000000000000E+00 -5.000000000000E-01  4.951100000000E-01
     87 T   8 O     0.000000000000E+00 -5.000000000000E-01 -1.715566666667E-01
     88 T   8 O     0.000000000000E+00 -1.666666666667E-01  1.617766666667E-01
     89 T   8 O     0.000000000000E+00 -1.666666666667E-01  4.951100000000E-01
     90 T   8 O     0.000000000000E+00 -1.666666666667E-01 -1.715566666667E-01
     91 T   8 O     3.333333333333E-01  1.666666666667E-01  1.617766666667E-01
     92 T   8 O     3.333333333333E-01  1.666666666667E-01  4.951100000000E-01
     93 T   8 O     3.333333333333E-01  1.666666666667E-01 -1.715566666667E-01
     94 T   8 O     3.333333333333E-01 -5.000000000000E-01  1.617766666667E-01
     95 T   8 O     3.333333333333E-01 -5.000000000000E-01  4.951100000000E-01
     96 T   8 O     3.333333333333E-01 -5.000000000000E-01 -1.715566666667E-01
     97 T   8 O     3.333333333333E-01 -1.666666666667E-01  1.617766666667E-01
     98 T   8 O     3.333333333333E-01 -1.666666666667E-01  4.951100000000E-01
     99 T   8 O     3.333333333333E-01 -1.666666666667E-01 -1.715566666667E-01
    100 T   8 O    -3.333333333333E-01  1.666666666667E-01  1.617766666667E-01
    101 T   8 O    -3.333333333333E-01  1.666666666667E-01  4.951100000000E-01
    102 T   8 O    -3.333333333333E-01  1.666666666667E-01 -1.715566666667E-01
    103 T   8 O    -3.333333333333E-01 -5.000000000000E-01  1.617766666667E-01
    104 T   8 O    -3.333333333333E-01 -5.000000000000E-01  4.951100000000E-01
    105 T   8 O    -3.333333333333E-01 -5.000000000000E-01 -1.715566666667E-01
    106 T   8 O    -3.333333333333E-01 -1.666666666667E-01  1.617766666667E-01
    107 T   8 O    -3.333333333333E-01 -1.666666666667E-01  4.951100000000E-01
    108 T   8 O    -3.333333333333E-01 -1.666666666667E-01 -1.715566666667E-01
    109 T  22 TI    1.666666666667E-01  1.666666666667E-01  1.749466666667E-01
    110 T  22 TI    1.666666666667E-01  1.666666666667E-01 -4.917200000000E-01
    111 T  22 TI    1.666666666667E-01  1.666666666667E-01 -1.583866666667E-01
    112 T  22 TI    1.666666666667E-01 -5.000000000000E-01  1.749466666667E-01
    113 T  22 TI    1.666666666667E-01 -5.000000000000E-01 -4.917200000000E-01
    114 T  22 TI    1.666666666667E-01 -5.000000000000E-01 -1.583866666667E-01
    115 T  22 TI    1.666666666667E-01 -1.666666666667E-01  1.749466666667E-01
    116 T  22 TI    1.666666666667E-01 -1.666666666667E-01 -4.917200000000E-01
    117 T  22 TI    1.666666666667E-01 -1.666666666667E-01 -1.583866666667E-01
    118 T  22 TI   -5.000000000000E-01  1.666666666667E-01  1.749466666667E-01
    119 T  22 TI   -5.000000000000E-01  1.666666666667E-01 -4.917200000000E-01
    120 T  22 TI   -5.000000000000E-01  1.666666666667E-01 -1.583866666667E-01
    121 T  22 TI   -5.000000000000E-01 -5.000000000000E-01  1.749466666667E-01
    122 T  22 TI   -5.000000000000E-01 -5.000000000000E-01 -4.917200000000E-01
    123 T  22 TI   -5.000000000000E-01 -5.000000000000E-01 -1.583866666667E-01
    124 T  22 TI   -5.000000000000E-01 -1.666666666667E-01  1.749466666667E-01
    125 T  22 TI   -5.000000000000E-01 -1.666666666667E-01 -4.917200000000E-01
    126 T  22 TI   -5.000000000000E-01 -1.666666666667E-01 -1.583866666667E-01
    127 T  22 TI   -1.666666666667E-01  1.666666666667E-01  1.749466666667E-01
    128 T  22 TI   -1.666666666667E-01  1.666666666667E-01 -4.917200000000E-01
    129 T  22 TI   -1.666666666667E-01  1.666666666667E-01 -1.583866666667E-01
    130 T  22 TI   -1.666666666667E-01 -5.000000000000E-01  1.749466666667E-01
    131 T  22 TI   -1.666666666667E-01 -5.000000000000E-01 -4.917200000000E-01
    132 T  22 TI   -1.666666666667E-01 -5.000000000000E-01 -1.583866666667E-01
    133 T  22 TI   -1.666666666667E-01 -1.666666666667E-01  1.749466666667E-01
    134 T  22 TI   -1.666666666667E-01 -1.666666666667E-01 -4.917200000000E-01
    135 T  22 TI   -1.666666666667E-01 -1.666666666667E-01 -1.583866666667E-01

 T = ATOM BELONGING TO THE ASYMMETRIC UNIT

 ****    1 SYMMOPS - TRANSLATORS IN FRACTIONAL UNITS
 **** MATRICES AND TRANSLATORS IN THE CRYSTALLOGRAPHIC REFERENCE FRAME
   V INV                    ROTATION MATRICES                   TRANSLATORS
   1   1  1.00  0.00  0.00  0.00  1.00  0.00  0.00  0.00  1.00  0.00  0.00  0.00

 DIRECT LATTICE VECTORS CARTESIAN COMPONENTS (ANGSTROM)
          X                    Y                    Z
   0.119077330500E+02   0.000000000000E+00   0.000000000000E+00
   0.000000000000E+00   0.119077330500E+02   0.000000000000E+00
   0.000000000000E+00   0.000000000000E+00   0.122747958000E+02


 CARTESIAN COORDINATES - PRIMITIVE CELL
 *******************************************************************************
 *      ATOM          X(ANGSTROM)         Y(ANGSTROM)         Z(ANGSTROM)
 *******************************************************************************
    1   256 BA    0.000000000000E+00  0.000000000000E+00  2.618623104000E-02
    2   256 BA    0.000000000000E+00  0.000000000000E+00  4.117784831040E+00
    3   256 BA    0.000000000000E+00  0.000000000000E+00  8.209383431040E+00
    4   256 BA    0.000000000000E+00  3.969244350000E+00  2.618623104000E-02
    5   256 BA    0.000000000000E+00  3.969244350000E+00  4.117784831040E+00
    6   256 BA    0.000000000000E+00  3.969244350000E+00  8.209383431040E+00
    7   256 BA    0.000000000000E+00  7.938488700000E+00  2.618623104000E-02
    8   256 BA    0.000000000000E+00  7.938488700000E+00  4.117784831040E+00
    9   256 BA    0.000000000000E+00  7.938488700000E+00  8.209383431040E+00
   10   256 BA    3.969244350000E+00  0.000000000000E+00  2.618623104000E-02
   11   256 BA    3.969244350000E+00  0.000000000000E+00  4.117784831040E+00
   12   256 BA    3.969244350000E+00  0.000000000000E+00  8.209383431040E+00
   13   256 BA    3.969244350000E+00  3.969244350000E+00  2.618623104000E-02
   14   256 BA    3.969244350000E+00  3.969244350000E+00  4.117784831040E+00
   15   256 BA    3.969244350000E+00  3.969244350000E+00  8.209383431040E+00
   16   256 BA    3.969244350000E+00  7.938488700000E+00  2.618623104000E-02
   17   256 BA    3.969244350000E+00  7.938488700000E+00  4.117784831040E+00
   18   256 BA    3.969244350000E+00  7.938488700000E+00  8.209383431040E+00
   19   256 BA    7.938488700000E+00  0.000000000000E+00  2.618623104000E-02
   20   256 BA    7.938488700000E+00  0.000000000000E+00  4.117784831040E+00
   21   256 BA    7.938488700000E+00  0.000000000000E+00  8.209383431040E+00
   22   256 BA    7.938488700000E+00  3.969244350000E+00  2.618623104000E-02
   23   256 BA    7.938488700000E+00  3.969244350000E+00  4.117784831040E+00
   24   256 BA    7.938488700000E+00  3.969244350000E+00  8.209383431040E+00
   25   256 BA    7.938488700000E+00  7.938488700000E+00  2.618623104000E-02
   26   256 BA    7.938488700000E+00  7.938488700000E+00  4.117784831040E+00
   27   256 BA    7.938488700000E+00  7.938488700000E+00  8.209383431040E+00
   28     8 O     1.994622175000E+00  1.984622175000E+00  3.960626528814E+00
   29     8 O     1.984622175000E+00  1.984622175000E+00  8.052225128814E+00
   30     8 O     1.984622175000E+00  1.984622175000E+00  1.214382372881E+01
   31     8 O     1.984622175000E+00  5.953866525000E+00  3.960626528814E+00
   32     8 O     1.984622175000E+00  5.953866525000E+00  8.052225128814E+00
   33     8 O     1.984622175000E+00  5.953866525000E+00  1.214382372881E+01
   34     8 O     1.984622175000E+00  9.923110875000E+00  3.960626528814E+00
   35     8 O     1.984622175000E+00  9.923110875000E+00  8.052225128814E+00
   36     8 O     1.984622175000E+00  9.923110875000E+00  1.214382372881E+01
   37     8 O     5.953866525000E+00  1.984622175000E+00  3.960626528814E+00
   38     8 O     5.953866525000E+00  1.984622175000E+00  8.052225128814E+00
   39     8 O     5.953866525000E+00  1.984622175000E+00  1.214382372881E+01
   40     8 O     5.953866525000E+00  5.953866525000E+00  3.960626528814E+00
   41     8 O     5.953866525000E+00  5.953866525000E+00  8.052225128814E+00
   42     8 O     5.953866525000E+00  5.953866525000E+00  1.214382372881E+01
   43     8 O     5.953866525000E+00  9.923110875000E+00  3.960626528814E+00
   44     8 O     5.953866525000E+00  9.923110875000E+00  8.052225128814E+00
   45     8 O     5.953866525000E+00  9.923110875000E+00  1.214382372881E+01
   46     8 O     9.923110875000E+00  1.984622175000E+00  3.960626528814E+00
   47     8 O     9.923110875000E+00  1.984622175000E+00  8.052225128814E+00
   48     8 O     9.923110875000E+00  1.984622175000E+00  1.214382372881E+01
   49     8 O     9.923110875000E+00  5.953866525000E+00  3.960626528814E+00
   50     8 O     9.923110875000E+00  5.953866525000E+00  8.052225128814E+00
   51     8 O     9.923110875000E+00  5.953866525000E+00  1.214382372881E+01
   52     8 O     9.923110875000E+00  9.923110875000E+00  3.960626528814E+00
   53     8 O     9.923110875000E+00  9.923110875000E+00  8.052225128814E+00
   54     8 O     9.923110875000E+00  9.923110875000E+00  1.214382372881E+01
   55     8 O     1.984622175000E+00  0.000000000000E+00  1.985775548538E+00
   56     8 O     1.984622175000E+00  0.000000000000E+00  6.077374148538E+00
   57     8 O     1.984622175000E+00  0.000000000000E+00  1.016897274854E+01
   58     8 O     1.984622175000E+00  3.969244350000E+00  1.985775548538E+00
   59     8 O     1.984622175000E+00  3.969244350000E+00  6.077374148538E+00
   60     8 O     1.984622175000E+00  3.969244350000E+00  1.016897274854E+01
   61     8 O     1.984622175000E+00  7.938488700000E+00  1.985775548538E+00
   62     8 O     1.984622175000E+00  7.938488700000E+00  6.077374148538E+00
   63     8 O     1.984622175000E+00  7.938488700000E+00  1.016897274854E+01
   64     8 O     5.953866525000E+00  0.000000000000E+00  1.985775548538E+00
   65     8 O     5.953866525000E+00  0.000000000000E+00  6.077374148538E+00
   66     8 O     5.953866525000E+00  0.000000000000E+00  1.016897274854E+01
   67     8 O     5.953866525000E+00  3.969244350000E+00  1.985775548538E+00
   68     8 O     5.953866525000E+00  3.969244350000E+00  6.077374148538E+00
   69     8 O     5.953866525000E+00  3.969244350000E+00  1.016897274854E+01
   70     8 O     5.953866525000E+00  7.938488700000E+00  1.985775548538E+00
   71     8 O     5.953866525000E+00  7.938488700000E+00  6.077374148538E+00
   72     8 O     5.953866525000E+00  7.938488700000E+00  1.016897274854E+01
   73     8 O     9.923110875000E+00  0.000000000000E+00  1.985775548538E+00
   74     8 O     9.923110875000E+00  0.000000000000E+00  6.077374148538E+00
   75     8 O     9.923110875000E+00  0.000000000000E+00  1.016897274854E+01
   76     8 O     9.923110875000E+00  3.969244350000E+00  1.985775548538E+00
   77     8 O     9.923110875000E+00  3.969244350000E+00  6.077374148538E+00
   78     8 O     9.923110875000E+00  3.969244350000E+00  1.016897274854E+01
   79     8 O     9.923110875000E+00  7.938488700000E+00  1.985775548538E+00
   80     8 O     9.923110875000E+00  7.938488700000E+00  6.077374148538E+00
   81     8 O     9.923110875000E+00  7.938488700000E+00  1.016897274854E+01
   82     8 O     0.000000000000E+00  1.984622175000E+00  1.985775548538E+00
   83     8 O     0.000000000000E+00  1.984622175000E+00  6.077374148538E+00
   84     8 O     0.000000000000E+00  1.984622175000E+00  1.016897274854E+01
   85     8 O     0.000000000000E+00  5.953866525000E+00  1.985775548538E+00
   86     8 O     0.000000000000E+00  5.953866525000E+00  6.077374148538E+00
   87     8 O     0.000000000000E+00  5.953866525000E+00  1.016897274854E+01
   88     8 O     0.000000000000E+00  9.923110875000E+00  1.985775548538E+00
   89     8 O     0.000000000000E+00  9.923110875000E+00  6.077374148538E+00
   90     8 O     0.000000000000E+00  9.923110875000E+00  1.016897274854E+01
   91     8 O     3.969244350000E+00  1.984622175000E+00  1.985775548538E+00
   92     8 O     3.969244350000E+00  1.984622175000E+00  6.077374148538E+00
   93     8 O     3.969244350000E+00  1.984622175000E+00  1.016897274854E+01
   94     8 O     3.969244350000E+00  5.953866525000E+00  1.985775548538E+00
   95     8 O     3.969244350000E+00  5.953866525000E+00  6.077374148538E+00
   96     8 O     3.969244350000E+00  5.953866525000E+00  1.016897274854E+01
   97     8 O     3.969244350000E+00  9.923110875000E+00  1.985775548538E+00
   98     8 O     3.969244350000E+00  9.923110875000E+00  6.077374148538E+00
   99     8 O     3.969244350000E+00  9.923110875000E+00  1.016897274854E+01
  100     8 O     7.938488700000E+00  1.984622175000E+00  1.985775548538E+00
  101     8 O     7.938488700000E+00  1.984622175000E+00  6.077374148538E+00
  102     8 O     7.938488700000E+00  1.984622175000E+00  1.016897274854E+01
  103     8 O     7.938488700000E+00  5.953866525000E+00  1.985775548538E+00
  104     8 O     7.938488700000E+00  5.953866525000E+00  6.077374148538E+00
  105     8 O     7.938488700000E+00  5.953866525000E+00  1.016897274854E+01
  106     8 O     7.938488700000E+00  9.923110875000E+00  1.985775548538E+00
  107     8 O     7.938488700000E+00  9.923110875000E+00  6.077374148538E+00
  108     8 O     7.938488700000E+00  9.923110875000E+00  1.016897274854E+01
  109    22 TI    1.984622175000E+00  1.984622175000E+00  2.147434609224E+00
  110    22 TI    1.984622175000E+00  1.984622175000E+00  6.239033209224E+00
  111    22 TI    1.984622175000E+00  1.984622175000E+00  1.033063180922E+01
  112    22 TI    1.984622175000E+00  5.953866525000E+00  2.147434609224E+00
  113    22 TI    1.984622175000E+00  5.953866525000E+00  6.239033209224E+00
  114    22 TI    1.984622175000E+00  5.953866525000E+00  1.033063180922E+01
  115    22 TI    1.984622175000E+00  9.923110875000E+00  2.147434609224E+00
  116    22 TI    1.984622175000E+00  9.923110875000E+00  6.239033209224E+00
  117    22 TI    1.984622175000E+00  9.923110875000E+00  1.033063180922E+01
  118    22 TI    5.953866525000E+00  1.984622175000E+00  2.147434609224E+00
  119    22 TI    5.953866525000E+00  1.984622175000E+00  6.239033209224E+00
  120    22 TI    5.953866525000E+00  1.984622175000E+00  1.033063180922E+01
  121    22 TI    5.953866525000E+00  5.953866525000E+00  2.147434609224E+00
  122    22 TI    5.953866525000E+00  5.953866525000E+00  6.239033209224E+00
  123    22 TI    5.953866525000E+00  5.953866525000E+00  1.033063180922E+01
  124    22 TI    5.953866525000E+00  9.923110875000E+00  2.147434609224E+00
  125    22 TI    5.953866525000E+00  9.923110875000E+00  6.239033209224E+00
  126    22 TI    5.953866525000E+00  9.923110875000E+00  1.033063180922E+01
  127    22 TI    9.923110875000E+00  1.984622175000E+00  2.147434609224E+00
  128    22 TI    9.923110875000E+00  1.984622175000E+00  6.239033209224E+00
  129    22 TI    9.923110875000E+00  1.984622175000E+00  1.033063180922E+01
  130    22 TI    9.923110875000E+00  5.953866525000E+00  2.147434609224E+00
  131    22 TI    9.923110875000E+00  5.953866525000E+00  6.239033209224E+00
  132    22 TI    9.923110875000E+00  5.953866525000E+00  1.033063180922E+01
  133    22 TI    9.923110875000E+00  9.923110875000E+00  2.147434609224E+00
  134    22 TI    9.923110875000E+00  9.923110875000E+00  6.239033209224E+00
  135    22 TI    9.923110875000E+00  9.923110875000E+00  1.033063180922E+01

 *******************************************************************************
 *** PSEUDOPOTENTIAL INFORMATION ***
 *******************************************************************************

 ATOMIC NUMBER  56, NUCLEAR CHARGE 10.000, GIVEN IN INPUT       PSEUDOPOTENTIAL
   TYPE       EXPONENT      COEFF.    N      EXPONENT      COEFF.    N
  P0 TMS     9.5269860  427.8458160   0     4.4875100  204.4175300   0
  P1 TMS     8.3159300  293.6058640   0     4.2922170  294.1933160   0
  P2 TMS     5.9161080  112.5504020   0     2.8748420  181.7826210   0
  P3 TMS     3.5894650  -33.4731740   0

 *******************************************************************************
 LOCAL ATOMIC FUNCTIONS BASIS SET
 *******************************************************************************
   ATOM   X(AU)   Y(AU)   Z(AU)  N. TYPE  EXPONENT  S COEF   P COEF   D/F/G COEF
 *******************************************************************************
   1 BA   0.000   0.000   0.049
                                  1 S  
                                         2.396E+00-5.955E+00 0.000E+00 0.000E+00
                                         2.243E+00 6.681E+00 0.000E+00 0.000E+00
                                         7.174E-01-5.706E-01 0.000E+00 0.000E+00
                                  2 S  
                                         2.742E-01 1.000E+00 0.000E+00 0.000E+00
                           3-     6 SP 
                                         1.300E-01 1.000E+00 1.000E+00 0.000E+00
                           7-     9 P  
                                         2.927E+00 0.000E+00 7.982E-01 0.000E+00
                                         2.521E+00 0.000E+00-1.071E+00 0.000E+00
                                         6.758E-01 0.000E+00 3.494E-01 0.000E+00
                                         3.199E-01 0.000E+00 6.504E-01 0.000E+00
                          10-    14 D  
                                         9.663E-01 0.000E+00 0.000E+00-9.089E-01
                                         8.938E-01 0.000E+00 0.000E+00 9.472E-01
                          15-    19 D  
                                         2.732E-01 0.000E+00 0.000E+00 3.221E-01
   2 BA   0.000   0.000   7.781
   3 BA   0.000   0.000  15.513
   4 BA   0.000   7.501   0.049
   5 BA   0.000   7.501   7.781
   6 BA   0.000   7.501  15.513
   7 BA   0.000  15.002   0.049
   8 BA   0.000  15.002   7.781
   9 BA   0.000  15.002  15.513
  10 BA   7.501   0.000   0.049
  11 BA   7.501   0.000   7.781
  12 BA   7.501   0.000  15.513
  13 BA   7.501   7.501   0.049
  14 BA   7.501   7.501   7.781
  15 BA   7.501   7.501  15.513
  16 BA   7.501  15.002   0.049
  17 BA   7.501  15.002   7.781
  18 BA   7.501  15.002  15.513
  19 BA  15.002   0.000   0.049
  20 BA  15.002   0.000   7.781
  21 BA  15.002   0.000  15.513
  22 BA  15.002   7.501   0.049
  23 BA  15.002   7.501   7.781
  24 BA  15.002   7.501  15.513
  25 BA  15.002  15.002   0.049
  26 BA  15.002  15.002   7.781
  27 BA  15.002  15.002  15.513
  28 O    3.769   3.750   7.484
                                514 S  
                                         2.703E+04 2.173E-04 0.000E+00 0.000E+00
                                         4.052E+03 1.684E-03 0.000E+00 0.000E+00
                                         9.223E+02 8.740E-03 0.000E+00 0.000E+00
                                         2.612E+02 3.524E-02 0.000E+00 0.000E+00
                                         8.535E+01 1.115E-01 0.000E+00 0.000E+00
                                         3.104E+01 2.559E-01 0.000E+00 0.000E+00
                                515 S  
                                         1.227E+01 3.977E-01 0.000E+00 0.000E+00
                                         4.916E+00 2.463E-01 0.000E+00 0.000E+00
                                516 S  
                                         9.009E-01 1.000E+00 0.000E+00 0.000E+00
                         517-   520 SP 
                                         2.500E-01 1.000E+00 1.000E+00 0.000E+00
                         521-   523 P  
                                         7.530E+01 0.000E+00 6.069E-03 0.000E+00
                                         1.774E+01 0.000E+00 4.191E-02 0.000E+00
                                         5.536E+00 0.000E+00 1.615E-01 0.000E+00
                                         2.069E+00 0.000E+00 3.571E-01 0.000E+00
                         524-   526 P  
                                         7.824E-01 0.000E+00 1.000E+00 0.000E+00
                         527-   531 D  
                                         1.200E+00 0.000E+00 0.000E+00 1.000E+00
  29 O    3.750   3.750  15.217
  30 O    3.750   3.750  22.949
  31 O    3.750  11.251   7.484
  32 O    3.750  11.251  15.217
  33 O    3.750  11.251  22.949
  34 O    3.750  18.752   7.484
  35 O    3.750  18.752  15.217
  36 O    3.750  18.752  22.949
  37 O   11.251   3.750   7.484
  38 O   11.251   3.750  15.217
  39 O   11.251   3.750  22.949
  40 O   11.251  11.251   7.484
  41 O   11.251  11.251  15.217
  42 O   11.251  11.251  22.949
  43 O   11.251  18.752   7.484
  44 O   11.251  18.752  15.217
  45 O   11.251  18.752  22.949
  46 O   18.752   3.750   7.484
  47 O   18.752   3.750  15.217
  48 O   18.752   3.750  22.949
  49 O   18.752  11.251   7.484
  50 O   18.752  11.251  15.217
  51 O   18.752  11.251  22.949
  52 O   18.752  18.752   7.484
  53 O   18.752  18.752  15.217
  54 O   18.752  18.752  22.949
  55 O    3.750   0.000   3.753
  56 O    3.750   0.000  11.485
  57 O    3.750   0.000  19.217
  58 O    3.750   7.501   3.753
  59 O    3.750   7.501  11.485
  60 O    3.750   7.501  19.217
  61 O    3.750  15.002   3.753
  62 O    3.750  15.002  11.485
  63 O    3.750  15.002  19.217
  64 O   11.251   0.000   3.753
  65 O   11.251   0.000  11.485
  66 O   11.251   0.000  19.217
  67 O   11.251   7.501   3.753
  68 O   11.251   7.501  11.485
  69 O   11.251   7.501  19.217
  70 O   11.251  15.002   3.753
  71 O   11.251  15.002  11.485
  72 O   11.251  15.002  19.217
  73 O   18.752   0.000   3.753
  74 O   18.752   0.000  11.485
  75 O   18.752   0.000  19.217
  76 O   18.752   7.501   3.753
  77 O   18.752   7.501  11.485
  78 O   18.752   7.501  19.217
  79 O   18.752  15.002   3.753
  80 O   18.752  15.002  11.485
  81 O   18.752  15.002  19.217
  82 O    0.000   3.750   3.753
  83 O    0.000   3.750  11.485
  84 O    0.000   3.750  19.217
  85 O    0.000  11.251   3.753
  86 O    0.000  11.251  11.485
  87 O    0.000  11.251  19.217
  88 O    0.000  18.752   3.753
  89 O    0.000  18.752  11.485
  90 O    0.000  18.752  19.217
  91 O    7.501   3.750   3.753
  92 O    7.501   3.750  11.485
  93 O    7.501   3.750  19.217
  94 O    7.501  11.251   3.753
  95 O    7.501  11.251  11.485
  96 O    7.501  11.251  19.217
  97 O    7.501  18.752   3.753
  98 O    7.501  18.752  11.485
  99 O    7.501  18.752  19.217
 100 O   15.002   3.750   3.753
 101 O   15.002   3.750  11.485
 102 O   15.002   3.750  19.217
 103 O   15.002  11.251   3.753
 104 O   15.002  11.251  11.485
 105 O   15.002  11.251  19.217
 106 O   15.002  18.752   3.753
 107 O   15.002  18.752  11.485
 108 O   15.002  18.752  19.217
 109 TI   3.750   3.750   4.058
                               1972 S  
                                         2.116E+05 2.332E-04 0.000E+00 0.000E+00
                                         3.171E+04 1.808E-03 0.000E+00 0.000E+00
                                         7.218E+03 9.398E-03 0.000E+00 0.000E+00
                                         2.043E+03 3.816E-02 0.000E+00 0.000E+00
                                         6.651E+02 1.237E-01 0.000E+00 0.000E+00
                                         2.387E+02 2.921E-01 0.000E+00 0.000E+00
                                         9.251E+01 4.123E-01 0.000E+00 0.000E+00
                                         3.640E+01 2.109E-01 0.000E+00 0.000E+00
                               1973 S  
                                         2.327E+02-2.492E-02 0.000E+00 0.000E+00
                                         7.179E+01-1.175E-01 0.000E+00 0.000E+00
                                         1.116E+01 5.650E-01 0.000E+00 0.000E+00
                                         4.655E+00 5.621E-01 0.000E+00 0.000E+00
                               1974 S  
                                         6.803E+00-2.301E-01 0.000E+00 0.000E+00
                                         1.120E+00 7.210E-01 0.000E+00 0.000E+00
                               1975 S  
                                         4.808E-01 1.000E+00 0.000E+00 0.000E+00
                               1976 S  
                                         2.400E-01 1.000E+00 0.000E+00 0.000E+00
                        1977-  1980 SP 
                                         1.200E-01 1.000E+00 1.000E+00 0.000E+00
                        1981-  1983 P  
                                         1.063E+03 0.000E+00 2.469E-03 0.000E+00
                                         2.516E+02 0.000E+00 1.977E-02 0.000E+00
                                         8.041E+01 0.000E+00 9.099E-02 0.000E+00
                                         2.977E+01 0.000E+00 2.556E-01 0.000E+00
                                         1.174E+01 0.000E+00 4.049E-01 0.000E+00
                                         4.714E+00 0.000E+00 2.369E-01 0.000E+00
                        1984-  1986 P  
                                         1.780E+01 0.000E+00-2.788E-02 0.000E+00
                                         2.427E+00 0.000E+00 5.567E-01 0.000E+00
                                         9.682E-01 0.000E+00 1.006E+00 0.000E+00
                        1987-  1989 P  
                                         3.706E-01 0.000E+00 1.000E+00 0.000E+00
                        1990-  1994 D  
                                         3.771E+01 0.000E+00 0.000E+00 1.151E-02
                                         1.069E+01 0.000E+00 0.000E+00 6.725E-02
                                         3.673E+00 0.000E+00 0.000E+00 2.148E-01
                                         1.359E+00 0.000E+00 0.000E+00 3.889E-01
                        1995-  1999 D  
                                         5.400E-01 0.000E+00 0.000E+00 1.000E+00
                        2000-  2004 D  
                                         2.200E-01 0.000E+00 0.000E+00 1.000E+00
 110 TI   3.750   3.750  11.790
 111 TI   3.750   3.750  19.522
 112 TI   3.750  11.251   4.058
 113 TI   3.750  11.251  11.790
 114 TI   3.750  11.251  19.522
 115 TI   3.750  18.752   4.058
 116 TI   3.750  18.752  11.790
 117 TI   3.750  18.752  19.522
 118 TI  11.251   3.750   4.058
 119 TI  11.251   3.750  11.790
 120 TI  11.251   3.750  19.522
 121 TI  11.251  11.251   4.058
 122 TI  11.251  11.251  11.790
 123 TI  11.251  11.251  19.522
 124 TI  11.251  18.752   4.058
 125 TI  11.251  18.752  11.790
 126 TI  11.251  18.752  19.522
 127 TI  18.752   3.750   4.058
 128 TI  18.752   3.750  11.790
 129 TI  18.752   3.750  19.522
 130 TI  18.752  11.251   4.058
 131 TI  18.752  11.251  11.790
 132 TI  18.752  11.251  19.522
 133 TI  18.752  18.752   4.058
 134 TI  18.752  18.752  11.790
 135 TI  18.752  18.752  19.522
 INFORMATION **** SET_MPP **** PCRYSTAL CALCULATION
 INFORMATION **** READM2 **** NEW DEFAULT: FOCK/KS MATRIX MIXING SET TO 30 %
 INFORMATION **** READM2 **** NEW DEFAULT: FULL DIRECT SCF MODE
 INFORMATION **** READM2 **** NEW DEFAULT: COULOMB BIPOLAR BUFFER SET TO 32 Mb
 INFORMATION **** READM2 **** NEW DEFAULT: EXCHANGE BIPOLAR BUFFER SET TO 32 Mb

 *******************************************************************************
 NEW DEFAULT: DFT INTEGRATION GRID INCREASED TO XLGRID
 NEW DEFAULT: DIIS ACCELERATOR ACTIVE
 USE KEYWORD NODIIS TO TURN IT OFF
 *******************************************************************************

 INFORMATION **** TOLINTEG **** COULOMB AND EXCHANGE SERIES TOLERANCES MODIFIED
 INFORMATION **** MAXCYCLE **** MAX NUMBER OF SCF CYCLES SET TO         100
 INFORMATION **** EXCHSIZE **** EXCHANGE BIPOLAR BUFFER SIZE SET TO    30000000
 INFORMATION **** BIPOSIZE **** COULOMB BIPOLAR BUFFER SET TO    30000000
 INFORMATION **** GRADCAL **** ANALYTICAL GRADIENT AFTER SCF COMPLETED
 *******************************************************************************
 N. OF ATOMS PER CELL       135  COULOMB OVERLAP TOL         (T1) 10**   -8
 NUMBER OF SHELLS          1053  COULOMB PENETRATION TOL     (T2) 10**   -8
 NUMBER OF AO              2862  EXCHANGE OVERLAP TOL        (T3) 10**   -8
 N. OF ELECTRONS PER CELL  1512  EXCHANGE PSEUDO OVP (F(G))  (T4) 10**   -8
 CORE ELECTRONS PER CELL    648  EXCHANGE PSEUDO OVP (P(G))  (T5) 10**  -16
 N. OF SYMMETRY OPERATORS     1  POLE ORDER IN MONO ZONE                  4
 *******************************************************************************
 TYPE OF CALCULATION :  RESTRICTED CLOSED SHELL
 KOHN-SHAM HAMILTONIAN

 (EXCHANGE)[CORRELATION] FUNCTIONAL:(PERDEW-BURKE-ERNZERHOF)[PERDEW-BURKE-ERNZERHOF]


 HYBRID EXCHANGE - PERCENTAGE OF FOCK EXCHANGE    25.0000
 CORE  PSEUDO POTENTIAL         TOL. ON PSEUDO              (TP) 10**- 6

 CAPPA:IS1  2;IS2  2;IS3  2; K PTS MONK NET   8; SYMMOPS:K SPACE   2;G SPACE   1

 *******************************************************************************
 MAX NUMBER OF SCF CYCLES     100  CONVERGENCE ON DELTAP        10**-16
 WEIGHT OF F(I) IN F(I+1)      80% CONVERGENCE ON ENERGY        10**- 6
 SHRINK. FACT.(MONKH.)    2  2  2  NUMBER OF K POINTS IN THE IBZ      8
 SHRINKING FACTOR(GILAT NET)    2  NUMBER OF K POINTS(GILAT NET)      8
 *******************************************************************************
 *** K POINTS COORDINATES (OBLIQUE COORDINATES IN UNITS OF IS =  2)
   1-R(  0  0  0)   2-R(  1  0  0)   3-R(  0  1  0)   4-R(  1  1  0)
   5-R(  0  0  1)   6-R(  1  0  1)   7-R(  0  1  1)   8-R(  1  1  1)

 DIRECT LATTICE VECTORS COMPON. (A.U.)     RECIP. LATTICE VECTORS COMPON. (A.U.) 
        X            Y            Z              X            Y            Z
   22.5023543    0.0000000    0.0000000      0.2792235    0.0000000    0.0000000
    0.0000000   22.5023543    0.0000000      0.0000000    0.2792235    0.0000000
    0.0000000    0.0000000   23.1960024      0.0000000    0.0000000    0.2708736

 DISK SPACE FOR EIGENVECTORS (FTN 10)    65528352 REALS

 SYMMETRY ADAPTION OF THE BLOCH FUNCTIONS DISABLED
 TTTTTTTTTTTTTTTTTTTTTTTTTTTTTT gordsh1     TELAPSE        0.44 TCPU        0.38

 MATRIX SIZE: P(G) 7071282, F(G) 1257738, P(G) IRR 3543444, F(G) IRR 1261518
 MAX G-VECTOR INDEX FOR 1- AND 2-ELECTRON INTEGRALS  27

 TTTTTTTTTTTTTTTTTTTTTTTTTTTTTT INPUT       TELAPSE        2.68 TCPU        2.63

 NEIGHBORS OF THE NON-EQUIVALENT ATOMS

 N = NUMBER OF NEIGHBORS AT DISTANCE R
    ATOM  N     R/ANG      R/AU   NEIGHBORS (ATOM LABELS AND CELL INDICES)
   1 BA   4     2.7890     5.2705   55 O    0 0 0   73 O   -1 0 0   82 O    0 0 0
                                    88 O    0-1 0
   1 BA   4     2.8111     5.3122   30 O    0 0-1   36 O    0-1-1   48 O   -1 0-1
                                    54 O   -1-1-1
   1 BA   4     2.9128     5.5043   57 O    0 0-1   75 O   -1 0-1   84 O    0 0-1
                                    90 O    0-1-1
   1 BA   4     3.4292     6.4803  111 TI   0 0-1  117 TI   0-1-1  129 TI  -1 0-1
                                   135 TI  -1-1-1
   1 BA   4     3.5181     6.6483  109 TI   0 0 0  115 TI   0-1 0  127 TI  -1 0 0
                                   133 TI  -1-1 0
   1 BA   4     3.9692     7.5008    4 BA   0 0 0    7 BA   0-1 0   10 BA   0 0 0
                                    19 BA  -1 0 0

   2 BA   4     2.7890     5.2705   56 O    0 0 0   74 O   -1 0 0   83 O    0 0 0
                                    89 O    0-1 0
   2 BA   3     2.8111     5.3122   34 O    0-1 0   46 O   -1 0 0   52 O   -1-1 0
   2 BA   1     2.8181     5.3255   28 O    0 0 0
   2 BA   4     2.9128     5.5043   55 O    0 0 0   73 O   -1 0 0   82 O    0 0 0
                                    88 O    0-1 0
   2 BA   4     3.4292     6.4803  109 TI   0 0 0  115 TI   0-1 0  127 TI  -1 0 0
                                   133 TI  -1-1 0
   2 BA   4     3.5181     6.6483  110 TI   0 0 0  116 TI   0-1 0  128 TI  -1 0 0
                                   134 TI  -1-1 0

   3 BA   4     2.7890     5.2705   57 O    0 0 0   75 O   -1 0 0   84 O    0 0 0
                                    90 O    0-1 0
   3 BA   4     2.8111     5.3122   29 O    0 0 0   35 O    0-1 0   47 O   -1 0 0
                                    53 O   -1-1 0
   3 BA   4     2.9128     5.5043   56 O    0 0 0   74 O   -1 0 0   83 O    0 0 0
                                    89 O    0-1 0
   3 BA   4     3.4292     6.4803  110 TI   0 0 0  116 TI   0-1 0  128 TI  -1 0 0
                                   134 TI  -1-1 0
   3 BA   4     3.5181     6.6483  111 TI   0 0 0  117 TI   0-1 0  129 TI  -1 0 0
                                   135 TI  -1-1 0
   3 BA   4     3.9692     7.5008    6 BA   0 0 0    9 BA   0-1 0   12 BA   0 0 0
                                    21 BA  -1 0 0

   4 BA   4     2.7890     5.2705   58 O    0 0 0   76 O   -1 0 0   82 O    0 0 0
                                    85 O    0 0 0
   4 BA   4     2.8111     5.3122   30 O    0 0-1   33 O    0 0-1   48 O   -1 0-1
                                    51 O   -1 0-1
   4 BA   4     2.9128     5.5043   60 O    0 0-1   78 O   -1 0-1   84 O    0 0-1
                                    87 O    0 0-1
   4 BA   4     3.4292     6.4803  111 TI   0 0-1  114 TI   0 0-1  129 TI  -1 0-1
                                   132 TI  -1 0-1
   4 BA   4     3.5181     6.6483  109 TI   0 0 0  112 TI   0 0 0  127 TI  -1 0 0
                                   130 TI  -1 0 0
   4 BA   4     3.9692     7.5008    1 BA   0 0 0    7 BA   0 0 0   13 BA   0 0 0
                                    22 BA  -1 0 0

   5 BA   4     2.7890     5.2705   59 O    0 0 0   77 O   -1 0 0   83 O    0 0 0
                                    86 O    0 0 0
   5 BA   3     2.8111     5.3122   31 O    0 0 0   46 O   -1 0 0   49 O   -1 0 0
   5 BA   1     2.8181     5.3255   28 O    0 0 0
   5 BA   4     2.9128     5.5043   58 O    0 0 0   76 O   -1 0 0   82 O    0 0 0
                                    85 O    0 0 0
   5 BA   4     3.4292     6.4803  109 TI   0 0 0  112 TI   0 0 0  127 TI  -1 0 0
                                   130 TI  -1 0 0
   5 BA   4     3.5181     6.6483  110 TI   0 0 0  113 TI   0 0 0  128 TI  -1 0 0
                                   131 TI  -1 0 0

   6 BA   4     2.7890     5.2705   60 O    0 0 0   78 O   -1 0 0   84 O    0 0 0
                                    87 O    0 0 0
   6 BA   4     2.8111     5.3122   29 O    0 0 0   32 O    0 0 0   47 O   -1 0 0
                                    50 O   -1 0 0
   6 BA   4     2.9128     5.5043   59 O    0 0 0   77 O   -1 0 0   83 O    0 0 0
                                    86 O    0 0 0
   6 BA   4     3.4292     6.4803  110 TI   0 0 0  113 TI   0 0 0  128 TI  -1 0 0
                                   131 TI  -1 0 0
   6 BA   4     3.5181     6.6483  111 TI   0 0 0  114 TI   0 0 0  129 TI  -1 0 0
                                   132 TI  -1 0 0
   6 BA   4     3.9692     7.5008    3 BA   0 0 0    9 BA   0 0 0   15 BA   0 0 0
                                    24 BA  -1 0 0

   7 BA   4     2.7890     5.2705   61 O    0 0 0   79 O   -1 0 0   85 O    0 0 0
                                    88 O    0 0 0
   7 BA   4     2.8111     5.3122   33 O    0 0-1   36 O    0 0-1   51 O   -1 0-1
                                    54 O   -1 0-1
   7 BA   4     2.9128     5.5043   63 O    0 0-1   81 O   -1 0-1   87 O    0 0-1
                                    90 O    0 0-1
   7 BA   4     3.4292     6.4803  114 TI   0 0-1  117 TI   0 0-1  132 TI  -1 0-1
                                   135 TI  -1 0-1
   7 BA   4     3.5181     6.6483  112 TI   0 0 0  115 TI   0 0 0  130 TI  -1 0 0
                                   133 TI  -1 0 0
   7 BA   4     3.9692     7.5008    1 BA   0 1 0    4 BA   0 0 0   16 BA   0 0 0
                                    25 BA  -1 0 0

   8 BA   4     2.7890     5.2705   62 O    0 0 0   80 O   -1 0 0   86 O    0 0 0
                                    89 O    0 0 0
   8 BA   4     2.8111     5.3122   31 O    0 0 0   34 O    0 0 0   49 O   -1 0 0
                                    52 O   -1 0 0
   8 BA   4     2.9128     5.5043   61 O    0 0 0   79 O   -1 0 0   85 O    0 0 0
                                    88 O    0 0 0
   8 BA   4     3.4292     6.4803  112 TI   0 0 0  115 TI   0 0 0  130 TI  -1 0 0
                                   133 TI  -1 0 0
   8 BA   4     3.5181     6.6483  113 TI   0 0 0  116 TI   0 0 0  131 TI  -1 0 0
                                   134 TI  -1 0 0
   8 BA   4     3.9692     7.5008    2 BA   0 1 0    5 BA   0 0 0   17 BA   0 0 0
                                    26 BA  -1 0 0

   9 BA   4     2.7890     5.2705   63 O    0 0 0   81 O   -1 0 0   87 O    0 0 0
                                    90 O    0 0 0
   9 BA   4     2.8111     5.3122   32 O    0 0 0   35 O    0 0 0   50 O   -1 0 0
                                    53 O   -1 0 0
   9 BA   4     2.9128     5.5043   62 O    0 0 0   80 O   -1 0 0   86 O    0 0 0
                                    89 O    0 0 0
   9 BA   4     3.4292     6.4803  113 TI   0 0 0  116 TI   0 0 0  131 TI  -1 0 0
                                   134 TI  -1 0 0
   9 BA   4     3.5181     6.6483  114 TI   0 0 0  117 TI   0 0 0  132 TI  -1 0 0
                                   135 TI  -1 0 0
   9 BA   4     3.9692     7.5008    3 BA   0 1 0    6 BA   0 0 0   18 BA   0 0 0
                                    27 BA  -1 0 0

  10 BA   4     2.7890     5.2705   55 O    0 0 0   64 O    0 0 0   91 O    0 0 0
                                    97 O    0-1 0
  10 BA   4     2.8111     5.3122   30 O    0 0-1   36 O    0-1-1   39 O    0 0-1
                                    45 O    0-1-1
  10 BA   4     2.9128     5.5043   57 O    0 0-1   66 O    0 0-1   93 O    0 0-1
                                    99 O    0-1-1
  10 BA   4     3.4292     6.4803  111 TI   0 0-1  117 TI   0-1-1  120 TI   0 0-1
                                   126 TI   0-1-1
  10 BA   4     3.5181     6.6483  109 TI   0 0 0  115 TI   0-1 0  118 TI   0 0 0
                                   124 TI   0-1 0
  10 BA   4     3.9692     7.5008    1 BA   0 0 0   13 BA   0 0 0   16 BA   0-1 0
                                    19 BA   0 0 0

  11 BA   4     2.7890     5.2705   56 O    0 0 0   65 O    0 0 0   92 O    0 0 0
                                    98 O    0-1 0
  11 BA   1     2.8040     5.2988   28 O    0 0 0
  11 BA   3     2.8111     5.3122   34 O    0-1 0   37 O    0 0 0   43 O    0-1 0
  11 BA   4     2.9128     5.5043   55 O    0 0 0   64 O    0 0 0   91 O    0 0 0
                                    97 O    0-1 0
  11 BA   4     3.4292     6.4803  109 TI   0 0 0  115 TI   0-1 0  118 TI   0 0 0
                                   124 TI   0-1 0
  11 BA   4     3.5181     6.6483  110 TI   0 0 0  116 TI   0-1 0  119 TI   0 0 0
                                   125 TI   0-1 0

  12 BA   4     2.7890     5.2705   57 O    0 0 0   66 O    0 0 0   93 O    0 0 0
                                    99 O    0-1 0
  12 BA   4     2.8111     5.3122   29 O    0 0 0   35 O    0-1 0   38 O    0 0 0
                                    44 O    0-1 0
  12 BA   4     2.9128     5.5043   56 O    0 0 0   65 O    0 0 0   92 O    0 0 0
                                    98 O    0-1 0
  12 BA   4     3.4292     6.4803  110 TI   0 0 0  116 TI   0-1 0  119 TI   0 0 0
                                   125 TI   0-1 0
  12 BA   4     3.5181     6.6483  111 TI   0 0 0  117 TI   0-1 0  120 TI   0 0 0
                                   126 TI   0-1 0
  12 BA   4     3.9692     7.5008    3 BA   0 0 0   15 BA   0 0 0   18 BA   0-1 0
                                    21 BA   0 0 0

  13 BA   4     2.7890     5.2705   58 O    0 0 0   67 O    0 0 0   91 O    0 0 0
                                    94 O    0 0 0
  13 BA   4     2.8111     5.3122   30 O    0 0-1   33 O    0 0-1   39 O    0 0-1
                                    42 O    0 0-1
  13 BA   4     2.9128     5.5043   60 O    0 0-1   69 O    0 0-1   93 O    0 0-1
                                    96 O    0 0-1
  13 BA   4     3.4292     6.4803  111 TI   0 0-1  114 TI   0 0-1  120 TI   0 0-1
                                   123 TI   0 0-1
  13 BA   4     3.5181     6.6483  109 TI   0 0 0  112 TI   0 0 0  118 TI   0 0 0
                                   121 TI   0 0 0
  13 BA   4     3.9692     7.5008    4 BA   0 0 0   10 BA   0 0 0   16 BA   0 0 0
                                    22 BA   0 0 0

  14 BA   4     2.7890     5.2705   59 O    0 0 0   68 O    0 0 0   92 O    0 0 0
                                    95 O    0 0 0
  14 BA   1     2.8040     5.2988   28 O    0 0 0
  14 BA   3     2.8111     5.3122   31 O    0 0 0   37 O    0 0 0   40 O    0 0 0
  14 BA   4     2.9128     5.5043   58 O    0 0 0   67 O    0 0 0   91 O    0 0 0
                                    94 O    0 0 0
  14 BA   4     3.4292     6.4803  109 TI   0 0 0  112 TI   0 0 0  118 TI   0 0 0
                                   121 TI   0 0 0
  14 BA   4     3.5181     6.6483  110 TI   0 0 0  113 TI   0 0 0  119 TI   0 0 0
                                   122 TI   0 0 0

  15 BA   4     2.7890     5.2705   60 O    0 0 0   69 O    0 0 0   93 O    0 0 0
                                    96 O    0 0 0
  15 BA   4     2.8111     5.3122   29 O    0 0 0   32 O    0 0 0   38 O    0 0 0
                                    41 O    0 0 0
  15 BA   4     2.9128     5.5043   59 O    0 0 0   68 O    0 0 0   92 O    0 0 0
                                    95 O    0 0 0
  15 BA   4     3.4292     6.4803  110 TI   0 0 0  113 TI   0 0 0  119 TI   0 0 0
                                   122 TI   0 0 0
  15 BA   4     3.5181     6.6483  111 TI   0 0 0  114 TI   0 0 0  120 TI   0 0 0
                                   123 TI   0 0 0
  15 BA   4     3.9692     7.5008    6 BA   0 0 0   12 BA   0 0 0   18 BA   0 0 0
                                    24 BA   0 0 0

  16 BA   4     2.7890     5.2705   61 O    0 0 0   70 O    0 0 0   94 O    0 0 0
                                    97 O    0 0 0
  16 BA   4     2.8111     5.3122   33 O    0 0-1   36 O    0 0-1   42 O    0 0-1
                                    45 O    0 0-1
  16 BA   4     2.9128     5.5043   63 O    0 0-1   72 O    0 0-1   96 O    0 0-1
                                    99 O    0 0-1
  16 BA   4     3.4292     6.4803  114 TI   0 0-1  117 TI   0 0-1  123 TI   0 0-1
                                   126 TI   0 0-1
  16 BA   4     3.5181     6.6483  112 TI   0 0 0  115 TI   0 0 0  121 TI   0 0 0
                                   124 TI   0 0 0
  16 BA   4     3.9692     7.5008    7 BA   0 0 0   10 BA   0 1 0   13 BA   0 0 0
                                    25 BA   0 0 0

  17 BA   4     2.7890     5.2705   62 O    0 0 0   71 O    0 0 0   95 O    0 0 0
                                    98 O    0 0 0
  17 BA   4     2.8111     5.3122   31 O    0 0 0   34 O    0 0 0   40 O    0 0 0
                                    43 O    0 0 0
  17 BA   4     2.9128     5.5043   61 O    0 0 0   70 O    0 0 0   94 O    0 0 0
                                    97 O    0 0 0
  17 BA   4     3.4292     6.4803  112 TI   0 0 0  115 TI   0 0 0  121 TI   0 0 0
                                   124 TI   0 0 0
  17 BA   4     3.5181     6.6483  113 TI   0 0 0  116 TI   0 0 0  122 TI   0 0 0
                                   125 TI   0 0 0
  17 BA   4     3.9692     7.5008    8 BA   0 0 0   11 BA   0 1 0   14 BA   0 0 0
                                    26 BA   0 0 0

  18 BA   4     2.7890     5.2705   63 O    0 0 0   72 O    0 0 0   96 O    0 0 0
                                    99 O    0 0 0
  18 BA   4     2.8111     5.3122   32 O    0 0 0   35 O    0 0 0   41 O    0 0 0
                                    44 O    0 0 0
  18 BA   4     2.9128     5.5043   62 O    0 0 0   71 O    0 0 0   95 O    0 0 0
                                    98 O    0 0 0
  18 BA   4     3.4292     6.4803  113 TI   0 0 0  116 TI   0 0 0  122 TI   0 0 0
                                   125 TI   0 0 0
  18 BA   4     3.5181     6.6483  114 TI   0 0 0  117 TI   0 0 0  123 TI   0 0 0
                                   126 TI   0 0 0
  18 BA   4     3.9692     7.5008    9 BA   0 0 0   12 BA   0 1 0   15 BA   0 0 0
                                    27 BA   0 0 0

  19 BA   4     2.7890     5.2705   64 O    0 0 0   73 O    0 0 0  100 O    0 0 0
                                   106 O    0-1 0
  19 BA   4     2.8111     5.3122   39 O    0 0-1   45 O    0-1-1   48 O    0 0-1
                                    54 O    0-1-1
  19 BA   4     2.9128     5.5043   66 O    0 0-1   75 O    0 0-1  102 O    0 0-1
                                   108 O    0-1-1
  19 BA   4     3.4292     6.4803  120 TI   0 0-1  126 TI   0-1-1  129 TI   0 0-1
                                   135 TI   0-1-1
  19 BA   4     3.5181     6.6483  118 TI   0 0 0  124 TI   0-1 0  127 TI   0 0 0
                                   133 TI   0-1 0
  19 BA   4     3.9692     7.5008    1 BA   1 0 0   10 BA   0 0 0   22 BA   0 0 0
                                    25 BA   0-1 0

  20 BA   4     2.7890     5.2705   65 O    0 0 0   74 O    0 0 0  101 O    0 0 0
                                   107 O    0-1 0
  20 BA   4     2.8111     5.3122   37 O    0 0 0   43 O    0-1 0   46 O    0 0 0
                                    52 O    0-1 0
  20 BA   4     2.9128     5.5043   64 O    0 0 0   73 O    0 0 0  100 O    0 0 0
                                   106 O    0-1 0
  20 BA   4     3.4292     6.4803  118 TI   0 0 0  124 TI   0-1 0  127 TI   0 0 0
                                   133 TI   0-1 0
  20 BA   4     3.5181     6.6483  119 TI   0 0 0  125 TI   0-1 0  128 TI   0 0 0
                                   134 TI   0-1 0
  20 BA   4     3.9692     7.5008    2 BA   1 0 0   11 BA   0 0 0   23 BA   0 0 0
                                    26 BA   0-1 0

  21 BA   4     2.7890     5.2705   66 O    0 0 0   75 O    0 0 0  102 O    0 0 0
                                   108 O    0-1 0
  21 BA   4     2.8111     5.3122   38 O    0 0 0   44 O    0-1 0   47 O    0 0 0
                                    53 O    0-1 0
  21 BA   4     2.9128     5.5043   65 O    0 0 0   74 O    0 0 0  101 O    0 0 0
                                   107 O    0-1 0
  21 BA   4     3.4292     6.4803  119 TI   0 0 0  125 TI   0-1 0  128 TI   0 0 0
                                   134 TI   0-1 0
  21 BA   4     3.5181     6.6483  120 TI   0 0 0  126 TI   0-1 0  129 TI   0 0 0
                                   135 TI   0-1 0
  21 BA   4     3.9692     7.5008    3 BA   1 0 0   12 BA   0 0 0   24 BA   0 0 0
                                    27 BA   0-1 0

  22 BA   4     2.7890     5.2705   67 O    0 0 0   76 O    0 0 0  100 O    0 0 0
                                   103 O    0 0 0
  22 BA   4     2.8111     5.3122   39 O    0 0-1   42 O    0 0-1   48 O    0 0-1
                                    51 O    0 0-1
  22 BA   4     2.9128     5.5043   69 O    0 0-1   78 O    0 0-1  102 O    0 0-1
                                   105 O    0 0-1
  22 BA   4     3.4292     6.4803  120 TI   0 0-1  123 TI   0 0-1  129 TI   0 0-1
                                   132 TI   0 0-1
  22 BA   4     3.5181     6.6483  118 TI   0 0 0  121 TI   0 0 0  127 TI   0 0 0
                                   130 TI   0 0 0
  22 BA   4     3.9692     7.5008    4 BA   1 0 0   13 BA   0 0 0   19 BA   0 0 0
                                    25 BA   0 0 0

  23 BA   4     2.7890     5.2705   68 O    0 0 0   77 O    0 0 0  101 O    0 0 0
                                   104 O    0 0 0
  23 BA   4     2.8111     5.3122   37 O    0 0 0   40 O    0 0 0   46 O    0 0 0
                                    49 O    0 0 0
  23 BA   4     2.9128     5.5043   67 O    0 0 0   76 O    0 0 0  100 O    0 0 0
                                   103 O    0 0 0
  23 BA   4     3.4292     6.4803  118 TI   0 0 0  121 TI   0 0 0  127 TI   0 0 0
                                   130 TI   0 0 0
  23 BA   4     3.5181     6.6483  119 TI   0 0 0  122 TI   0 0 0  128 TI   0 0 0
                                   131 TI   0 0 0
  23 BA   4     3.9692     7.5008    5 BA   1 0 0   14 BA   0 0 0   20 BA   0 0 0
                                    26 BA   0 0 0

  24 BA   4     2.7890     5.2705   69 O    0 0 0   78 O    0 0 0  102 O    0 0 0
                                   105 O    0 0 0
  24 BA   4     2.8111     5.3122   38 O    0 0 0   41 O    0 0 0   47 O    0 0 0
                                    50 O    0 0 0
  24 BA   4     2.9128     5.5043   68 O    0 0 0   77 O    0 0 0  101 O    0 0 0
                                   104 O    0 0 0
  24 BA   4     3.4292     6.4803  119 TI   0 0 0  122 TI   0 0 0  128 TI   0 0 0
                                   131 TI   0 0 0
  24 BA   4     3.5181     6.6483  120 TI   0 0 0  123 TI   0 0 0  129 TI   0 0 0
                                   132 TI   0 0 0
  24 BA   4     3.9692     7.5008    6 BA   1 0 0   15 BA   0 0 0   21 BA   0 0 0
                                    27 BA   0 0 0

  25 BA   4     2.7890     5.2705   70 O    0 0 0   79 O    0 0 0  103 O    0 0 0
                                   106 O    0 0 0
  25 BA   4     2.8111     5.3122   42 O    0 0-1   45 O    0 0-1   51 O    0 0-1
                                    54 O    0 0-1
  25 BA   4     2.9128     5.5043   72 O    0 0-1   81 O    0 0-1  105 O    0 0-1
                                   108 O    0 0-1
  25 BA   4     3.4292     6.4803  123 TI   0 0-1  126 TI   0 0-1  132 TI   0 0-1
                                   135 TI   0 0-1
  25 BA   4     3.5181     6.6483  121 TI   0 0 0  124 TI   0 0 0  130 TI   0 0 0
                                   133 TI   0 0 0
  25 BA   4     3.9692     7.5008    7 BA   1 0 0   16 BA   0 0 0   19 BA   0 1 0
                                    22 BA   0 0 0

  26 BA   4     2.7890     5.2705   71 O    0 0 0   80 O    0 0 0  104 O    0 0 0
                                   107 O    0 0 0
  26 BA   4     2.8111     5.3122   40 O    0 0 0   43 O    0 0 0   49 O    0 0 0
                                    52 O    0 0 0
  26 BA   4     2.9128     5.5043   70 O    0 0 0   79 O    0 0 0  103 O    0 0 0
                                   106 O    0 0 0
  26 BA   4     3.4292     6.4803  121 TI   0 0 0  124 TI   0 0 0  130 TI   0 0 0
                                   133 TI   0 0 0
  26 BA   4     3.5181     6.6483  122 TI   0 0 0  125 TI   0 0 0  131 TI   0 0 0
                                   134 TI   0 0 0
  26 BA   4     3.9692     7.5008    8 BA   1 0 0   17 BA   0 0 0   20 BA   0 1 0
                                    23 BA   0 0 0

  27 BA   4     2.7890     5.2705   72 O    0 0 0   81 O    0 0 0  105 O    0 0 0
                                   108 O    0 0 0
  27 BA   4     2.8111     5.3122   41 O    0 0 0   44 O    0 0 0   50 O    0 0 0
                                    53 O    0 0 0
  27 BA   4     2.9128     5.5043   71 O    0 0 0   80 O    0 0 0  104 O    0 0 0
                                   107 O    0 0 0
  27 BA   4     3.4292     6.4803  122 TI   0 0 0  125 TI   0 0 0  131 TI   0 0 0
                                   134 TI   0 0 0
  27 BA   4     3.5181     6.6483  123 TI   0 0 0  126 TI   0 0 0  132 TI   0 0 0
                                   135 TI   0 0 0
  27 BA   4     3.9692     7.5008    9 BA   1 0 0   18 BA   0 0 0   21 BA   0 1 0
                                    24 BA   0 0 0

  28 O    1     1.8132     3.4265  109 TI   0 0 0
  28 O    1     2.2784     4.3056  110 TI   0 0 0
  28 O    1     2.7927     5.2774   91 O    0 0 0
  28 O    2     2.7998     5.2908   55 O    0 0 0   58 O    0 0 0
  28 O    2     2.8040     5.2988   11 BA   0 0 0   14 BA   0 0 0
  28 O    1     2.8069     5.3042   82 O    0 0 0

  29 O    1     1.8132     3.4264  110 TI   0 0 0
  29 O    1     2.2784     4.3056  111 TI   0 0 0
  29 O    4     2.7998     5.2908   56 O    0 0 0   59 O    0 0 0   83 O    0 0 0
                                    92 O    0 0 0
  29 O    4     2.8111     5.3122    3 BA   0 0 0    6 BA   0 0 0   12 BA   0 0 0
                                    15 BA   0 0 0
  29 O    4     2.9016     5.4832   57 O    0 0 0   60 O    0 0 0   84 O    0 0 0
                                    93 O    0 0 0
  29 O    4     3.9692     7.5008   32 O    0 0 0   35 O    0-1 0   38 O    0 0 0
                                    47 O   -1 0 0

  30 O    1     1.8132     3.4264  111 TI   0 0 0
  30 O    1     2.2784     4.3056  109 TI   0 0 1
  30 O    4     2.7998     5.2908   57 O    0 0 0   60 O    0 0 0   84 O    0 0 0
                                    93 O    0 0 0
  30 O    4     2.8111     5.3122    1 BA   0 0 1    4 BA   0 0 1   10 BA   0 0 1
                                    13 BA   0 0 1
  30 O    4     2.9016     5.4832   55 O    0 0 1   58 O    0 0 1   82 O    0 0 1
                                    91 O    0 0 1
  30 O    4     3.9692     7.5008   33 O    0 0 0   36 O    0-1 0   39 O    0 0 0
                                    48 O   -1 0 0

  31 O    1     1.8132     3.4264  112 TI   0 0 0
  31 O    1     2.2784     4.3056  113 TI   0 0 0
  31 O    4     2.7998     5.2908   58 O    0 0 0   61 O    0 0 0   85 O    0 0 0
                                    94 O    0 0 0
  31 O    4     2.8111     5.3122    5 BA   0 0 0    8 BA   0 0 0   14 BA   0 0 0
                                    17 BA   0 0 0
  31 O    4     2.9016     5.4832   59 O    0 0 0   62 O    0 0 0   86 O    0 0 0
                                    95 O    0 0 0
  31 O    3     3.9692     7.5008   34 O    0 0 0   40 O    0 0 0   49 O   -1 0 0

  32 O    1     1.8132     3.4264  113 TI   0 0 0
  32 O    1     2.2784     4.3056  114 TI   0 0 0
  32 O    4     2.7998     5.2908   59 O    0 0 0   62 O    0 0 0   86 O    0 0 0
                                    95 O    0 0 0
  32 O    4     2.8111     5.3122    6 BA   0 0 0    9 BA   0 0 0   15 BA   0 0 0
                                    18 BA   0 0 0
  32 O    4     2.9016     5.4832   60 O    0 0 0   63 O    0 0 0   87 O    0 0 0
                                    96 O    0 0 0
  32 O    4     3.9692     7.5008   29 O    0 0 0   35 O    0 0 0   41 O    0 0 0
                                    50 O   -1 0 0

  33 O    1     1.8132     3.4264  114 TI   0 0 0
  33 O    1     2.2784     4.3056  112 TI   0 0 1
  33 O    4     2.7998     5.2908   60 O    0 0 0   63 O    0 0 0   87 O    0 0 0
                                    96 O    0 0 0
  33 O    4     2.8111     5.3122    4 BA   0 0 1    7 BA   0 0 1   13 BA   0 0 1
                                    16 BA   0 0 1
  33 O    4     2.9016     5.4832   58 O    0 0 1   61 O    0 0 1   85 O    0 0 1
                                    94 O    0 0 1
  33 O    4     3.9692     7.5008   30 O    0 0 0   36 O    0 0 0   42 O    0 0 0
                                    51 O   -1 0 0

  34 O    1     1.8132     3.4264  115 TI   0 0 0
  34 O    1     2.2784     4.3056  116 TI   0 0 0
  34 O    4     2.7998     5.2908   55 O    0 1 0   61 O    0 0 0   88 O    0 0 0
                                    97 O    0 0 0
  34 O    4     2.8111     5.3122    2 BA   0 1 0    8 BA   0 0 0   11 BA   0 1 0
                                    17 BA   0 0 0
  34 O    4     2.9016     5.4832   56 O    0 1 0   62 O    0 0 0   89 O    0 0 0
                                    98 O    0 0 0
  34 O    3     3.9692     7.5008   31 O    0 0 0   43 O    0 0 0   52 O   -1 0 0

  35 O    1     1.8132     3.4264  116 TI   0 0 0
  35 O    1     2.2784     4.3056  117 TI   0 0 0
  35 O    4     2.7998     5.2908   56 O    0 1 0   62 O    0 0 0   89 O    0 0 0
                                    98 O    0 0 0
  35 O    4     2.8111     5.3122    3 BA   0 1 0    9 BA   0 0 0   12 BA   0 1 0
                                    18 BA   0 0 0
  35 O    4     2.9016     5.4832   57 O    0 1 0   63 O    0 0 0   90 O    0 0 0
                                    99 O    0 0 0
  35 O    4     3.9692     7.5008   29 O    0 1 0   32 O    0 0 0   44 O    0 0 0
                                    53 O   -1 0 0

  36 O    1     1.8132     3.4264  117 TI   0 0 0
  36 O    1     2.2784     4.3056  115 TI   0 0 1
  36 O    4     2.7998     5.2908   57 O    0 1 0   63 O    0 0 0   90 O    0 0 0
                                    99 O    0 0 0
  36 O    4     2.8111     5.3122    1 BA   0 1 1    7 BA   0 0 1   10 BA   0 1 1
                                    16 BA   0 0 1
  36 O    4     2.9016     5.4832   55 O    0 1 1   61 O    0 0 1   88 O    0 0 1
                                    97 O    0 0 1
  36 O    4     3.9692     7.5008   30 O    0 1 0   33 O    0 0 0   45 O    0 0 0
                                    54 O   -1 0 0

  37 O    1     1.8132     3.4264  118 TI   0 0 0
  37 O    1     2.2784     4.3056  119 TI   0 0 0
  37 O    4     2.7998     5.2908   64 O    0 0 0   67 O    0 0 0   91 O    0 0 0
                                   100 O    0 0 0
  37 O    4     2.8111     5.3122   11 BA   0 0 0   14 BA   0 0 0   20 BA   0 0 0
                                    23 BA   0 0 0
  37 O    4     2.9016     5.4832   65 O    0 0 0   68 O    0 0 0   92 O    0 0 0
                                   101 O    0 0 0
  37 O    1     3.9592     7.4819   28 O    0 0 0

  38 O    1     1.8132     3.4264  119 TI   0 0 0
  38 O    1     2.2784     4.3056  120 TI   0 0 0
  38 O    4     2.7998     5.2908   65 O    0 0 0   68 O    0 0 0   92 O    0 0 0
                                   101 O    0 0 0
  38 O    4     2.8111     5.3122   12 BA   0 0 0   15 BA   0 0 0   21 BA   0 0 0
                                    24 BA   0 0 0
  38 O    4     2.9016     5.4832   66 O    0 0 0   69 O    0 0 0   93 O    0 0 0
                                   102 O    0 0 0
  38 O    4     3.9692     7.5008   29 O    0 0 0   41 O    0 0 0   44 O    0-1 0
                                    47 O    0 0 0

  39 O    1     1.8132     3.4264  120 TI   0 0 0
  39 O    1     2.2784     4.3056  118 TI   0 0 1
  39 O    4     2.7998     5.2908   66 O    0 0 0   69 O    0 0 0   93 O    0 0 0
                                   102 O    0 0 0
  39 O    4     2.8111     5.3122   10 BA   0 0 1   13 BA   0 0 1   19 BA   0 0 1
                                    22 BA   0 0 1
  39 O    4     2.9016     5.4832   64 O    0 0 1   67 O    0 0 1   91 O    0 0 1
                                   100 O    0 0 1
  39 O    4     3.9692     7.5008   30 O    0 0 0   42 O    0 0 0   45 O    0-1 0
                                    48 O    0 0 0

  40 O    1     1.8132     3.4264  121 TI   0 0 0
  40 O    1     2.2784     4.3056  122 TI   0 0 0
  40 O    4     2.7998     5.2908   67 O    0 0 0   70 O    0 0 0   94 O    0 0 0
                                   103 O    0 0 0
  40 O    4     2.8111     5.3122   14 BA   0 0 0   17 BA   0 0 0   23 BA   0 0 0
                                    26 BA   0 0 0
  40 O    4     2.9016     5.4832   68 O    0 0 0   71 O    0 0 0   95 O    0 0 0
                                   104 O    0 0 0
  40 O    4     3.9692     7.5008   31 O    0 0 0   37 O    0 0 0   43 O    0 0 0
                                    49 O    0 0 0

  41 O    1     1.8132     3.4264  122 TI   0 0 0
  41 O    1     2.2784     4.3056  123 TI   0 0 0
  41 O    4     2.7998     5.2908   68 O    0 0 0   71 O    0 0 0   95 O    0 0 0
                                   104 O    0 0 0
  41 O    4     2.8111     5.3122   15 BA   0 0 0   18 BA   0 0 0   24 BA   0 0 0
                                    27 BA   0 0 0
  41 O    4     2.9016     5.4832   69 O    0 0 0   72 O    0 0 0   96 O    0 0 0
                                   105 O    0 0 0
  41 O    4     3.9692     7.5008   32 O    0 0 0   38 O    0 0 0   44 O    0 0 0
                                    50 O    0 0 0

  42 O    1     1.8132     3.4264  123 TI   0 0 0
  42 O    1     2.2784     4.3056  121 TI   0 0 1
  42 O    4     2.7998     5.2908   69 O    0 0 0   72 O    0 0 0   96 O    0 0 0
                                   105 O    0 0 0
  42 O    4     2.8111     5.3122   13 BA   0 0 1   16 BA   0 0 1   22 BA   0 0 1
                                    25 BA   0 0 1
  42 O    4     2.9016     5.4832   67 O    0 0 1   70 O    0 0 1   94 O    0 0 1
                                   103 O    0 0 1
  42 O    4     3.9692     7.5008   33 O    0 0 0   39 O    0 0 0   45 O    0 0 0
                                    51 O    0 0 0

  43 O    1     1.8132     3.4264  124 TI   0 0 0
  43 O    1     2.2784     4.3056  125 TI   0 0 0
  43 O    4     2.7998     5.2908   64 O    0 1 0   70 O    0 0 0   97 O    0 0 0
                                   106 O    0 0 0
  43 O    4     2.8111     5.3122   11 BA   0 1 0   17 BA   0 0 0   20 BA   0 1 0
                                    26 BA   0 0 0
  43 O    4     2.9016     5.4832   65 O    0 1 0   71 O    0 0 0   98 O    0 0 0
                                   107 O    0 0 0
  43 O    4     3.9692     7.5008   34 O    0 0 0   37 O    0 1 0   40 O    0 0 0
                                    52 O    0 0 0

  44 O    1     1.8132     3.4264  125 TI   0 0 0
  44 O    1     2.2784     4.3056  126 TI   0 0 0
  44 O    4     2.7998     5.2908   65 O    0 1 0   71 O    0 0 0   98 O    0 0 0
                                   107 O    0 0 0
  44 O    4     2.8111     5.3122   12 BA   0 1 0   18 BA   0 0 0   21 BA   0 1 0
                                    27 BA   0 0 0
  44 O    4     2.9016     5.4832   66 O    0 1 0   72 O    0 0 0   99 O    0 0 0
                                   108 O    0 0 0
  44 O    4     3.9692     7.5008   35 O    0 0 0   38 O    0 1 0   41 O    0 0 0
                                    53 O    0 0 0

  45 O    1     1.8132     3.4264  126 TI   0 0 0
  45 O    1     2.2784     4.3056  124 TI   0 0 1
  45 O    4     2.7998     5.2908   66 O    0 1 0   72 O    0 0 0   99 O    0 0 0
                                   108 O    0 0 0
  45 O    4     2.8111     5.3122   10 BA   0 1 1   16 BA   0 0 1   19 BA   0 1 1
                                    25 BA   0 0 1
  45 O    4     2.9016     5.4832   64 O    0 1 1   70 O    0 0 1   97 O    0 0 1
                                   106 O    0 0 1
  45 O    4     3.9692     7.5008   36 O    0 0 0   39 O    0 1 0   42 O    0 0 0
                                    54 O    0 0 0

  46 O    1     1.8132     3.4264  127 TI   0 0 0
  46 O    1     2.2784     4.3056  128 TI   0 0 0
  46 O    4     2.7998     5.2908   73 O    0 0 0   76 O    0 0 0   82 O    1 0 0
                                   100 O    0 0 0
  46 O    4     2.8111     5.3122    2 BA   1 0 0    5 BA   1 0 0   20 BA   0 0 0
                                    23 BA   0 0 0
  46 O    4     2.9016     5.4832   74 O    0 0 0   77 O    0 0 0   83 O    1 0 0
                                   101 O    0 0 0
  46 O    3     3.9692     7.5008   37 O    0 0 0   49 O    0 0 0   52 O    0-1 0

  47 O    1     1.8132     3.4264  128 TI   0 0 0
  47 O    1     2.2784     4.3056  129 TI   0 0 0
  47 O    4     2.7998     5.2908   74 O    0 0 0   77 O    0 0 0   83 O    1 0 0
                                   101 O    0 0 0
  47 O    4     2.8111     5.3122    3 BA   1 0 0    6 BA   1 0 0   21 BA   0 0 0
                                    24 BA   0 0 0
  47 O    4     2.9016     5.4832   75 O    0 0 0   78 O    0 0 0   84 O    1 0 0
                                   102 O    0 0 0
  47 O    4     3.9692     7.5008   29 O    1 0 0   38 O    0 0 0   50 O    0 0 0
                                    53 O    0-1 0

  48 O    1     1.8132     3.4264  129 TI   0 0 0
  48 O    1     2.2784     4.3056  127 TI   0 0 1
  48 O    4     2.7998     5.2908   75 O    0 0 0   78 O    0 0 0   84 O    1 0 0
                                   102 O    0 0 0
  48 O    4     2.8111     5.3122    1 BA   1 0 1    4 BA   1 0 1   19 BA   0 0 1
                                    22 BA   0 0 1
  48 O    4     2.9016     5.4832   73 O    0 0 1   76 O    0 0 1   82 O    1 0 1
                                   100 O    0 0 1
  48 O    4     3.9692     7.5008   30 O    1 0 0   39 O    0 0 0   51 O    0 0 0
                                    54 O    0-1 0

  49 O    1     1.8132     3.4264  130 TI   0 0 0
  49 O    1     2.2784     4.3056  131 TI   0 0 0
  49 O    4     2.7998     5.2908   76 O    0 0 0   79 O    0 0 0   85 O    1 0 0
                                   103 O    0 0 0
  49 O    4     2.8111     5.3122    5 BA   1 0 0    8 BA   1 0 0   23 BA   0 0 0
                                    26 BA   0 0 0
  49 O    4     2.9016     5.4832   77 O    0 0 0   80 O    0 0 0   86 O    1 0 0
                                   104 O    0 0 0
  49 O    4     3.9692     7.5008   31 O    1 0 0   40 O    0 0 0   46 O    0 0 0
                                    52 O    0 0 0

  50 O    1     1.8132     3.4264  131 TI   0 0 0
  50 O    1     2.2784     4.3056  132 TI   0 0 0
  50 O    4     2.7998     5.2908   77 O    0 0 0   80 O    0 0 0   86 O    1 0 0
                                   104 O    0 0 0
  50 O    4     2.8111     5.3122    6 BA   1 0 0    9 BA   1 0 0   24 BA   0 0 0
                                    27 BA   0 0 0
  50 O    4     2.9016     5.4832   78 O    0 0 0   81 O    0 0 0   87 O    1 0 0
                                   105 O    0 0 0
  50 O    4     3.9692     7.5008   32 O    1 0 0   41 O    0 0 0   47 O    0 0 0
                                    53 O    0 0 0

  51 O    1     1.8132     3.4264  132 TI   0 0 0
  51 O    1     2.2784     4.3056  130 TI   0 0 1
  51 O    4     2.7998     5.2908   78 O    0 0 0   81 O    0 0 0   87 O    1 0 0
                                   105 O    0 0 0
  51 O    4     2.8111     5.3122    4 BA   1 0 1    7 BA   1 0 1   22 BA   0 0 1
                                    25 BA   0 0 1
  51 O    4     2.9016     5.4832   76 O    0 0 1   79 O    0 0 1   85 O    1 0 1
                                   103 O    0 0 1
  51 O    4     3.9692     7.5008   33 O    1 0 0   42 O    0 0 0   48 O    0 0 0
                                    54 O    0 0 0

  52 O    1     1.8132     3.4264  133 TI   0 0 0
  52 O    1     2.2784     4.3056  134 TI   0 0 0
  52 O    4     2.7998     5.2908   73 O    0 1 0   79 O    0 0 0   88 O    1 0 0
                                   106 O    0 0 0
  52 O    4     2.8111     5.3122    2 BA   1 1 0    8 BA   1 0 0   20 BA   0 1 0
                                    26 BA   0 0 0
  52 O    4     2.9016     5.4832   74 O    0 1 0   80 O    0 0 0   89 O    1 0 0
                                   107 O    0 0 0
  52 O    4     3.9692     7.5008   34 O    1 0 0   43 O    0 0 0   46 O    0 1 0
                                    49 O    0 0 0

  53 O    1     1.8132     3.4264  134 TI   0 0 0
  53 O    1     2.2784     4.3056  135 TI   0 0 0
  53 O    4     2.7998     5.2908   74 O    0 1 0   80 O    0 0 0   89 O    1 0 0
                                   107 O    0 0 0
  53 O    4     2.8111     5.3122    3 BA   1 1 0    9 BA   1 0 0   21 BA   0 1 0
                                    27 BA   0 0 0
  53 O    4     2.9016     5.4832   75 O    0 1 0   81 O    0 0 0   90 O    1 0 0
                                   108 O    0 0 0
  53 O    4     3.9692     7.5008   35 O    1 0 0   44 O    0 0 0   47 O    0 1 0
                                    50 O    0 0 0

  54 O    1     1.8132     3.4264  135 TI   0 0 0
  54 O    1     2.2784     4.3056  133 TI   0 0 1
  54 O    4     2.7998     5.2908   75 O    0 1 0   81 O    0 0 0   90 O    1 0 0
                                   108 O    0 0 0
  54 O    4     2.8111     5.3122    1 BA   1 1 1    7 BA   1 0 1   19 BA   0 1 1
                                    25 BA   0 0 1
  54 O    4     2.9016     5.4832   73 O    0 1 1   79 O    0 0 1   88 O    1 0 1
                                   106 O    0 0 1
  54 O    4     3.9692     7.5008   36 O    1 0 0   45 O    0 0 0   48 O    0 1 0
                                    51 O    0 0 0

  55 O    2     1.9912     3.7628  109 TI   0 0 0  115 TI   0-1 0
  55 O    2     2.7890     5.2705    1 BA   0 0 0   10 BA   0 0 0
  55 O    1     2.7998     5.2908   34 O    0-1 0
  55 O    1     2.7998     5.2908   28 O    0 0 0
  55 O    4     2.8067     5.3039   82 O    0 0 0   88 O    0-1 0   91 O    0 0 0
                                    97 O    0-1 0
  55 O    2     2.9016     5.4832   30 O    0 0-1   36 O    0-1-1

  56 O    2     1.9912     3.7628  110 TI   0 0 0  116 TI   0-1 0
  56 O    2     2.7890     5.2705    2 BA   0 0 0   11 BA   0 0 0
  56 O    2     2.7998     5.2908   29 O    0 0 0   35 O    0-1 0
  56 O    4     2.8067     5.3039   83 O    0 0 0   89 O    0-1 0   92 O    0 0 0
                                    98 O    0-1 0
  56 O    1     2.9016     5.4832   34 O    0-1 0
  56 O    1     2.9016     5.4833   28 O    0 0 0

  57 O    2     1.9912     3.7628  111 TI   0 0 0  117 TI   0-1 0
  57 O    2     2.7890     5.2705    3 BA   0 0 0   12 BA   0 0 0
  57 O    2     2.7998     5.2908   30 O    0 0 0   36 O    0-1 0
  57 O    4     2.8067     5.3039   84 O    0 0 0   90 O    0-1 0   93 O    0 0 0
                                    99 O    0-1 0
  57 O    2     2.9016     5.4832   29 O    0 0 0   35 O    0-1 0
  57 O    2     2.9128     5.5043    1 BA   0 0 1   10 BA   0 0 1

  58 O    2     1.9912     3.7628  109 TI   0 0 0  112 TI   0 0 0
  58 O    2     2.7890     5.2705    4 BA   0 0 0   13 BA   0 0 0
  58 O    1     2.7998     5.2908   31 O    0 0 0
  58 O    1     2.7998     5.2908   28 O    0 0 0
  58 O    4     2.8067     5.3039   82 O    0 0 0   85 O    0 0 0   91 O    0 0 0
                                    94 O    0 0 0
  58 O    2     2.9016     5.4832   30 O    0 0-1   33 O    0 0-1

  59 O    2     1.9912     3.7628  110 TI   0 0 0  113 TI   0 0 0
  59 O    2     2.7890     5.2705    5 BA   0 0 0   14 BA   0 0 0
  59 O    2     2.7998     5.2908   29 O    0 0 0   32 O    0 0 0
  59 O    4     2.8067     5.3039   83 O    0 0 0   86 O    0 0 0   92 O    0 0 0
                                    95 O    0 0 0
  59 O    1     2.9016     5.4832   31 O    0 0 0
  59 O    1     2.9016     5.4833   28 O    0 0 0

  60 O    2     1.9912     3.7628  111 TI   0 0 0  114 TI   0 0 0
  60 O    2     2.7890     5.2705    6 BA   0 0 0   15 BA   0 0 0
  60 O    2     2.7998     5.2908   30 O    0 0 0   33 O    0 0 0
  60 O    4     2.8067     5.3039   84 O    0 0 0   87 O    0 0 0   93 O    0 0 0
                                    96 O    0 0 0
  60 O    2     2.9016     5.4832   29 O    0 0 0   32 O    0 0 0
  60 O    2     2.9128     5.5043    4 BA   0 0 1   13 BA   0 0 1

  61 O    2     1.9912     3.7628  112 TI   0 0 0  115 TI   0 0 0
  61 O    2     2.7890     5.2705    7 BA   0 0 0   16 BA   0 0 0
  61 O    2     2.7998     5.2908   31 O    0 0 0   34 O    0 0 0
  61 O    4     2.8067     5.3039   85 O    0 0 0   88 O    0 0 0   94 O    0 0 0
                                    97 O    0 0 0
  61 O    2     2.9016     5.4832   33 O    0 0-1   36 O    0 0-1
  61 O    2     2.9128     5.5043    8 BA   0 0 0   17 BA   0 0 0

  62 O    2     1.9912     3.7628  113 TI   0 0 0  116 TI   0 0 0
  62 O    2     2.7890     5.2705    8 BA   0 0 0   17 BA   0 0 0
  62 O    2     2.7998     5.2908   32 O    0 0 0   35 O    0 0 0
  62 O    4     2.8067     5.3039   86 O    0 0 0   89 O    0 0 0   95 O    0 0 0
                                    98 O    0 0 0
  62 O    2     2.9016     5.4832   31 O    0 0 0   34 O    0 0 0
  62 O    2     2.9128     5.5043    9 BA   0 0 0   18 BA   0 0 0

  63 O    2     1.9912     3.7628  114 TI   0 0 0  117 TI   0 0 0
  63 O    2     2.7890     5.2705    9 BA   0 0 0   18 BA   0 0 0
  63 O    2     2.7998     5.2908   33 O    0 0 0   36 O    0 0 0
  63 O    4     2.8067     5.3039   87 O    0 0 0   90 O    0 0 0   96 O    0 0 0
                                    99 O    0 0 0
  63 O    2     2.9016     5.4832   32 O    0 0 0   35 O    0 0 0
  63 O    2     2.9128     5.5043    7 BA   0 0 1   16 BA   0 0 1

  64 O    2     1.9912     3.7628  118 TI   0 0 0  124 TI   0-1 0
  64 O    2     2.7890     5.2705   10 BA   0 0 0   19 BA   0 0 0
  64 O    2     2.7998     5.2908   37 O    0 0 0   43 O    0-1 0
  64 O    4     2.8067     5.3039   91 O    0 0 0   97 O    0-1 0  100 O    0 0 0
                                   106 O    0-1 0
  64 O    2     2.9016     5.4832   39 O    0 0-1   45 O    0-1-1
  64 O    2     2.9128     5.5043   11 BA   0 0 0   20 BA   0 0 0

  65 O    2     1.9912     3.7628  119 TI   0 0 0  125 TI   0-1 0
  65 O    2     2.7890     5.2705   11 BA   0 0 0   20 BA   0 0 0
  65 O    2     2.7998     5.2908   38 O    0 0 0   44 O    0-1 0
  65 O    4     2.8067     5.3039   92 O    0 0 0   98 O    0-1 0  101 O    0 0 0
                                   107 O    0-1 0
  65 O    2     2.9016     5.4832   37 O    0 0 0   43 O    0-1 0
  65 O    2     2.9128     5.5043   12 BA   0 0 0   21 BA   0 0 0

  66 O    2     1.9912     3.7628  120 TI   0 0 0  126 TI   0-1 0
  66 O    2     2.7890     5.2705   12 BA   0 0 0   21 BA   0 0 0
  66 O    2     2.7998     5.2908   39 O    0 0 0   45 O    0-1 0
  66 O    4     2.8067     5.3039   93 O    0 0 0   99 O    0-1 0  102 O    0 0 0
                                   108 O    0-1 0
  66 O    2     2.9016     5.4832   38 O    0 0 0   44 O    0-1 0
  66 O    2     2.9128     5.5043   10 BA   0 0 1   19 BA   0 0 1

  67 O    2     1.9912     3.7628  118 TI   0 0 0  121 TI   0 0 0
  67 O    2     2.7890     5.2705   13 BA   0 0 0   22 BA   0 0 0
  67 O    2     2.7998     5.2908   37 O    0 0 0   40 O    0 0 0
  67 O    4     2.8067     5.3039   91 O    0 0 0   94 O    0 0 0  100 O    0 0 0
                                   103 O    0 0 0
  67 O    2     2.9016     5.4832   39 O    0 0-1   42 O    0 0-1
  67 O    2     2.9128     5.5043   14 BA   0 0 0   23 BA   0 0 0

  68 O    2     1.9912     3.7628  119 TI   0 0 0  122 TI   0 0 0
  68 O    2     2.7890     5.2705   14 BA   0 0 0   23 BA   0 0 0
  68 O    2     2.7998     5.2908   38 O    0 0 0   41 O    0 0 0
  68 O    4     2.8067     5.3039   92 O    0 0 0   95 O    0 0 0  101 O    0 0 0
                                   104 O    0 0 0
  68 O    2     2.9016     5.4832   37 O    0 0 0   40 O    0 0 0
  68 O    2     2.9128     5.5043   15 BA   0 0 0   24 BA   0 0 0

  69 O    2     1.9912     3.7628  120 TI   0 0 0  123 TI   0 0 0
  69 O    2     2.7890     5.2705   15 BA   0 0 0   24 BA   0 0 0
  69 O    2     2.7998     5.2908   39 O    0 0 0   42 O    0 0 0
  69 O    4     2.8067     5.3039   93 O    0 0 0   96 O    0 0 0  102 O    0 0 0
                                   105 O    0 0 0
  69 O    2     2.9016     5.4832   38 O    0 0 0   41 O    0 0 0
  69 O    2     2.9128     5.5043   13 BA   0 0 1   22 BA   0 0 1

  70 O    2     1.9912     3.7628  121 TI   0 0 0  124 TI   0 0 0
  70 O    2     2.7890     5.2705   16 BA   0 0 0   25 BA   0 0 0
  70 O    2     2.7998     5.2908   40 O    0 0 0   43 O    0 0 0
  70 O    4     2.8067     5.3039   94 O    0 0 0   97 O    0 0 0  103 O    0 0 0
                                   106 O    0 0 0
  70 O    2     2.9016     5.4832   42 O    0 0-1   45 O    0 0-1
  70 O    2     2.9128     5.5043   17 BA   0 0 0   26 BA   0 0 0

  71 O    2     1.9912     3.7628  122 TI   0 0 0  125 TI   0 0 0
  71 O    2     2.7890     5.2705   17 BA   0 0 0   26 BA   0 0 0
  71 O    2     2.7998     5.2908   41 O    0 0 0   44 O    0 0 0
  71 O    4     2.8067     5.3039   95 O    0 0 0   98 O    0 0 0  104 O    0 0 0
                                   107 O    0 0 0
  71 O    2     2.9016     5.4832   40 O    0 0 0   43 O    0 0 0
  71 O    2     2.9128     5.5043   18 BA   0 0 0   27 BA   0 0 0

  72 O    2     1.9912     3.7628  123 TI   0 0 0  126 TI   0 0 0
  72 O    2     2.7890     5.2705   18 BA   0 0 0   27 BA   0 0 0
  72 O    2     2.7998     5.2908   42 O    0 0 0   45 O    0 0 0
  72 O    4     2.8067     5.3039   96 O    0 0 0   99 O    0 0 0  105 O    0 0 0
                                   108 O    0 0 0
  72 O    2     2.9016     5.4832   41 O    0 0 0   44 O    0 0 0
  72 O    2     2.9128     5.5043   16 BA   0 0 1   25 BA   0 0 1

  73 O    2     1.9912     3.7628  127 TI   0 0 0  133 TI   0-1 0
  73 O    2     2.7890     5.2705    1 BA   1 0 0   19 BA   0 0 0
  73 O    2     2.7998     5.2908   46 O    0 0 0   52 O    0-1 0
  73 O    4     2.8067     5.3039   82 O    1 0 0   88 O    1-1 0  100 O    0 0 0
                                   106 O    0-1 0
  73 O    2     2.9016     5.4832   48 O    0 0-1   54 O    0-1-1
  73 O    2     2.9128     5.5043    2 BA   1 0 0   20 BA   0 0 0

  74 O    2     1.9912     3.7628  128 TI   0 0 0  134 TI   0-1 0
  74 O    2     2.7890     5.2705    2 BA   1 0 0   20 BA   0 0 0
  74 O    2     2.7998     5.2908   47 O    0 0 0   53 O    0-1 0
  74 O    4     2.8067     5.3039   83 O    1 0 0   89 O    1-1 0  101 O    0 0 0
                                   107 O    0-1 0
  74 O    2     2.9016     5.4832   46 O    0 0 0   52 O    0-1 0
  74 O    2     2.9128     5.5043    3 BA   1 0 0   21 BA   0 0 0

  75 O    2     1.9912     3.7628  129 TI   0 0 0  135 TI   0-1 0
  75 O    2     2.7890     5.2705    3 BA   1 0 0   21 BA   0 0 0
  75 O    2     2.7998     5.2908   48 O    0 0 0   54 O    0-1 0
  75 O    4     2.8067     5.3039   84 O    1 0 0   90 O    1-1 0  102 O    0 0 0
                                   108 O    0-1 0
  75 O    2     2.9016     5.4832   47 O    0 0 0   53 O    0-1 0
  75 O    2     2.9128     5.5043    1 BA   1 0 1   19 BA   0 0 1

  76 O    2     1.9912     3.7628  127 TI   0 0 0  130 TI   0 0 0
  76 O    2     2.7890     5.2705    4 BA   1 0 0   22 BA   0 0 0
  76 O    2     2.7998     5.2908   46 O    0 0 0   49 O    0 0 0
  76 O    4     2.8067     5.3039   82 O    1 0 0   85 O    1 0 0  100 O    0 0 0
                                   103 O    0 0 0
  76 O    2     2.9016     5.4832   48 O    0 0-1   51 O    0 0-1
  76 O    2     2.9128     5.5043    5 BA   1 0 0   23 BA   0 0 0

  77 O    2     1.9912     3.7628  128 TI   0 0 0  131 TI   0 0 0
  77 O    2     2.7890     5.2705    5 BA   1 0 0   23 BA   0 0 0
  77 O    2     2.7998     5.2908   47 O    0 0 0   50 O    0 0 0
  77 O    4     2.8067     5.3039   83 O    1 0 0   86 O    1 0 0  101 O    0 0 0
                                   104 O    0 0 0
  77 O    2     2.9016     5.4832   46 O    0 0 0   49 O    0 0 0
  77 O    2     2.9128     5.5043    6 BA   1 0 0   24 BA   0 0 0

  78 O    2     1.9912     3.7628  129 TI   0 0 0  132 TI   0 0 0
  78 O    2     2.7890     5.2705    6 BA   1 0 0   24 BA   0 0 0
  78 O    2     2.7998     5.2908   48 O    0 0 0   51 O    0 0 0
  78 O    4     2.8067     5.3039   84 O    1 0 0   87 O    1 0 0  102 O    0 0 0
                                   105 O    0 0 0
  78 O    2     2.9016     5.4832   47 O    0 0 0   50 O    0 0 0
  78 O    2     2.9128     5.5043    4 BA   1 0 1   22 BA   0 0 1

  79 O    2     1.9912     3.7628  130 TI   0 0 0  133 TI   0 0 0
  79 O    2     2.7890     5.2705    7 BA   1 0 0   25 BA   0 0 0
  79 O    2     2.7998     5.2908   49 O    0 0 0   52 O    0 0 0
  79 O    4     2.8067     5.3039   85 O    1 0 0   88 O    1 0 0  103 O    0 0 0
                                   106 O    0 0 0
  79 O    2     2.9016     5.4832   51 O    0 0-1   54 O    0 0-1
  79 O    2     2.9128     5.5043    8 BA   1 0 0   26 BA   0 0 0

  80 O    2     1.9912     3.7628  131 TI   0 0 0  134 TI   0 0 0
  80 O    2     2.7890     5.2705    8 BA   1 0 0   26 BA   0 0 0
  80 O    2     2.7998     5.2908   50 O    0 0 0   53 O    0 0 0
  80 O    4     2.8067     5.3039   86 O    1 0 0   89 O    1 0 0  104 O    0 0 0
                                   107 O    0 0 0
  80 O    2     2.9016     5.4832   49 O    0 0 0   52 O    0 0 0
  80 O    2     2.9128     5.5043    9 BA   1 0 0   27 BA   0 0 0

  81 O    2     1.9912     3.7628  132 TI   0 0 0  135 TI   0 0 0
  81 O    2     2.7890     5.2705    9 BA   1 0 0   27 BA   0 0 0
  81 O    2     2.7998     5.2908   51 O    0 0 0   54 O    0 0 0
  81 O    4     2.8067     5.3039   87 O    1 0 0   90 O    1 0 0  105 O    0 0 0
                                   108 O    0 0 0
  81 O    2     2.9016     5.4832   50 O    0 0 0   53 O    0 0 0
  81 O    2     2.9128     5.5043    7 BA   1 0 1   25 BA   0 0 1

  82 O    2     1.9912     3.7628  109 TI   0 0 0  127 TI  -1 0 0
  82 O    2     2.7890     5.2705    1 BA   0 0 0    4 BA   0 0 0
  82 O    1     2.7998     5.2908   46 O   -1 0 0
  82 O    4     2.8067     5.3039   55 O    0 0 0   58 O    0 0 0   73 O   -1 0 0
                                    76 O   -1 0 0
  82 O    1     2.8069     5.3042   28 O    0 0 0
  82 O    2     2.9016     5.4832   30 O    0 0-1   48 O   -1 0-1

  83 O    2     1.9912     3.7628  110 TI   0 0 0  128 TI  -1 0 0
  83 O    2     2.7890     5.2705    2 BA   0 0 0    5 BA   0 0 0
  83 O    2     2.7998     5.2908   29 O    0 0 0   47 O   -1 0 0
  83 O    4     2.8067     5.3039   56 O    0 0 0   59 O    0 0 0   74 O   -1 0 0
                                    77 O   -1 0 0
  83 O    1     2.9016     5.4832   46 O   -1 0 0
  83 O    1     2.9085     5.4962   28 O    0 0 0

  84 O    2     1.9912     3.7628  111 TI   0 0 0  129 TI  -1 0 0
  84 O    2     2.7890     5.2705    3 BA   0 0 0    6 BA   0 0 0
  84 O    2     2.7998     5.2908   30 O    0 0 0   48 O   -1 0 0
  84 O    4     2.8067     5.3039   57 O    0 0 0   60 O    0 0 0   75 O   -1 0 0
                                    78 O   -1 0 0
  84 O    2     2.9016     5.4832   29 O    0 0 0   47 O   -1 0 0
  84 O    2     2.9128     5.5043    1 BA   0 0 1    4 BA   0 0 1

  85 O    2     1.9912     3.7628  112 TI   0 0 0  130 TI  -1 0 0
  85 O    2     2.7890     5.2705    4 BA   0 0 0    7 BA   0 0 0
  85 O    2     2.7998     5.2908   31 O    0 0 0   49 O   -1 0 0
  85 O    4     2.8067     5.3039   58 O    0 0 0   61 O    0 0 0   76 O   -1 0 0
                                    79 O   -1 0 0
  85 O    2     2.9016     5.4832   33 O    0 0-1   51 O   -1 0-1
  85 O    2     2.9128     5.5043    5 BA   0 0 0    8 BA   0 0 0

  86 O    2     1.9912     3.7628  113 TI   0 0 0  131 TI  -1 0 0
  86 O    2     2.7890     5.2705    5 BA   0 0 0    8 BA   0 0 0
  86 O    2     2.7998     5.2908   32 O    0 0 0   50 O   -1 0 0
  86 O    4     2.8067     5.3039   59 O    0 0 0   62 O    0 0 0   77 O   -1 0 0
                                    80 O   -1 0 0
  86 O    2     2.9016     5.4832   31 O    0 0 0   49 O   -1 0 0
  86 O    2     2.9128     5.5043    6 BA   0 0 0    9 BA   0 0 0

  87 O    2     1.9912     3.7628  114 TI   0 0 0  132 TI  -1 0 0
  87 O    2     2.7890     5.2705    6 BA   0 0 0    9 BA   0 0 0
  87 O    2     2.7998     5.2908   33 O    0 0 0   51 O   -1 0 0
  87 O    4     2.8067     5.3039   60 O    0 0 0   63 O    0 0 0   78 O   -1 0 0
                                    81 O   -1 0 0
  87 O    2     2.9016     5.4832   32 O    0 0 0   50 O   -1 0 0
  87 O    2     2.9128     5.5043    4 BA   0 0 1    7 BA   0 0 1

  88 O    2     1.9912     3.7628  115 TI   0 0 0  133 TI  -1 0 0
  88 O    2     2.7890     5.2705    1 BA   0 1 0    7 BA   0 0 0
  88 O    2     2.7998     5.2908   34 O    0 0 0   52 O   -1 0 0
  88 O    4     2.8067     5.3039   55 O    0 1 0   61 O    0 0 0   73 O   -1 1 0
                                    79 O   -1 0 0
  88 O    2     2.9016     5.4832   36 O    0 0-1   54 O   -1 0-1
  88 O    2     2.9128     5.5043    2 BA   0 1 0    8 BA   0 0 0

  89 O    2     1.9912     3.7628  116 TI   0 0 0  134 TI  -1 0 0
  89 O    2     2.7890     5.2705    2 BA   0 1 0    8 BA   0 0 0
  89 O    2     2.7998     5.2908   35 O    0 0 0   53 O   -1 0 0
  89 O    4     2.8067     5.3039   56 O    0 1 0   62 O    0 0 0   74 O   -1 1 0
                                    80 O   -1 0 0
  89 O    2     2.9016     5.4832   34 O    0 0 0   52 O   -1 0 0
  89 O    2     2.9128     5.5043    3 BA   0 1 0    9 BA   0 0 0

  90 O    2     1.9912     3.7628  117 TI   0 0 0  135 TI  -1 0 0
  90 O    2     2.7890     5.2705    3 BA   0 1 0    9 BA   0 0 0
  90 O    2     2.7998     5.2908   36 O    0 0 0   54 O   -1 0 0
  90 O    4     2.8067     5.3039   57 O    0 1 0   63 O    0 0 0   75 O   -1 1 0
                                    81 O   -1 0 0
  90 O    2     2.9016     5.4832   35 O    0 0 0   53 O   -1 0 0
  90 O    2     2.9128     5.5043    1 BA   0 1 1    7 BA   0 0 1

  91 O    2     1.9912     3.7628  109 TI   0 0 0  118 TI   0 0 0
  91 O    2     2.7890     5.2705   10 BA   0 0 0   13 BA   0 0 0
  91 O    1     2.7927     5.2774   28 O    0 0 0
  91 O    1     2.7998     5.2908   37 O    0 0 0
  91 O    4     2.8067     5.3039   55 O    0 0 0   58 O    0 0 0   64 O    0 0 0
                                    67 O    0 0 0
  91 O    2     2.9016     5.4832   30 O    0 0-1   39 O    0 0-1

  92 O    2     1.9912     3.7628  110 TI   0 0 0  119 TI   0 0 0
  92 O    2     2.7890     5.2705   11 BA   0 0 0   14 BA   0 0 0
  92 O    2     2.7998     5.2908   29 O    0 0 0   38 O    0 0 0
  92 O    4     2.8067     5.3039   56 O    0 0 0   59 O    0 0 0   65 O    0 0 0
                                    68 O    0 0 0
  92 O    1     2.8948     5.4703   28 O    0 0 0
  92 O    1     2.9016     5.4832   37 O    0 0 0

  93 O    2     1.9912     3.7628  111 TI   0 0 0  120 TI   0 0 0
  93 O    2     2.7890     5.2705   12 BA   0 0 0   15 BA   0 0 0
  93 O    2     2.7998     5.2908   30 O    0 0 0   39 O    0 0 0
  93 O    4     2.8067     5.3039   57 O    0 0 0   60 O    0 0 0   66 O    0 0 0
                                    69 O    0 0 0
  93 O    2     2.9016     5.4832   29 O    0 0 0   38 O    0 0 0
  93 O    2     2.9128     5.5043   10 BA   0 0 1   13 BA   0 0 1

  94 O    2     1.9912     3.7628  112 TI   0 0 0  121 TI   0 0 0
  94 O    2     2.7890     5.2705   13 BA   0 0 0   16 BA   0 0 0
  94 O    2     2.7998     5.2908   31 O    0 0 0   40 O    0 0 0
  94 O    4     2.8067     5.3039   58 O    0 0 0   61 O    0 0 0   67 O    0 0 0
                                    70 O    0 0 0
  94 O    2     2.9016     5.4832   33 O    0 0-1   42 O    0 0-1
  94 O    2     2.9128     5.5043   14 BA   0 0 0   17 BA   0 0 0

  95 O    2     1.9912     3.7628  113 TI   0 0 0  122 TI   0 0 0
  95 O    2     2.7890     5.2705   14 BA   0 0 0   17 BA   0 0 0
  95 O    2     2.7998     5.2908   32 O    0 0 0   41 O    0 0 0
  95 O    4     2.8067     5.3039   59 O    0 0 0   62 O    0 0 0   68 O    0 0 0
                                    71 O    0 0 0
  95 O    2     2.9016     5.4832   31 O    0 0 0   40 O    0 0 0
  95 O    2     2.9128     5.5043   15 BA   0 0 0   18 BA   0 0 0

  96 O    2     1.9912     3.7628  114 TI   0 0 0  123 TI   0 0 0
  96 O    2     2.7890     5.2705   15 BA   0 0 0   18 BA   0 0 0
  96 O    2     2.7998     5.2908   33 O    0 0 0   42 O    0 0 0
  96 O    4     2.8067     5.3039   60 O    0 0 0   63 O    0 0 0   69 O    0 0 0
                                    72 O    0 0 0
  96 O    2     2.9016     5.4832   32 O    0 0 0   41 O    0 0 0
  96 O    2     2.9128     5.5043   13 BA   0 0 1   16 BA   0 0 1

  97 O    2     1.9912     3.7628  115 TI   0 0 0  124 TI   0 0 0
  97 O    2     2.7890     5.2705   10 BA   0 1 0   16 BA   0 0 0
  97 O    2     2.7998     5.2908   34 O    0 0 0   43 O    0 0 0
  97 O    4     2.8067     5.3039   55 O    0 1 0   61 O    0 0 0   64 O    0 1 0
                                    70 O    0 0 0
  97 O    2     2.9016     5.4832   36 O    0 0-1   45 O    0 0-1
  97 O    2     2.9128     5.5043   11 BA   0 1 0   17 BA   0 0 0

  98 O    2     1.9912     3.7628  116 TI   0 0 0  125 TI   0 0 0
  98 O    2     2.7890     5.2705   11 BA   0 1 0   17 BA   0 0 0
  98 O    2     2.7998     5.2908   35 O    0 0 0   44 O    0 0 0
  98 O    4     2.8067     5.3039   56 O    0 1 0   62 O    0 0 0   65 O    0 1 0
                                    71 O    0 0 0
  98 O    2     2.9016     5.4832   34 O    0 0 0   43 O    0 0 0
  98 O    2     2.9128     5.5043   12 BA   0 1 0   18 BA   0 0 0

  99 O    2     1.9912     3.7628  117 TI   0 0 0  126 TI   0 0 0
  99 O    2     2.7890     5.2705   12 BA   0 1 0   18 BA   0 0 0
  99 O    2     2.7998     5.2908   36 O    0 0 0   45 O    0 0 0
  99 O    4     2.8067     5.3039   57 O    0 1 0   63 O    0 0 0   66 O    0 1 0
                                    72 O    0 0 0
  99 O    2     2.9016     5.4832   35 O    0 0 0   44 O    0 0 0
  99 O    2     2.9128     5.5043   10 BA   0 1 1   16 BA   0 0 1

 100 O    2     1.9912     3.7628  118 TI   0 0 0  127 TI   0 0 0
 100 O    2     2.7890     5.2705   19 BA   0 0 0   22 BA   0 0 0
 100 O    2     2.7998     5.2908   37 O    0 0 0   46 O    0 0 0
 100 O    4     2.8067     5.3039   64 O    0 0 0   67 O    0 0 0   73 O    0 0 0
                                    76 O    0 0 0
 100 O    2     2.9016     5.4832   39 O    0 0-1   48 O    0 0-1
 100 O    2     2.9128     5.5043   20 BA   0 0 0   23 BA   0 0 0

 101 O    2     1.9912     3.7628  119 TI   0 0 0  128 TI   0 0 0
 101 O    2     2.7890     5.2705   20 BA   0 0 0   23 BA   0 0 0
 101 O    2     2.7998     5.2908   38 O    0 0 0   47 O    0 0 0
 101 O    4     2.8067     5.3039   65 O    0 0 0   68 O    0 0 0   74 O    0 0 0
                                    77 O    0 0 0
 101 O    2     2.9016     5.4832   37 O    0 0 0   46 O    0 0 0
 101 O    2     2.9128     5.5043   21 BA   0 0 0   24 BA   0 0 0

 102 O    2     1.9912     3.7628  120 TI   0 0 0  129 TI   0 0 0
 102 O    2     2.7890     5.2705   21 BA   0 0 0   24 BA   0 0 0
 102 O    2     2.7998     5.2908   39 O    0 0 0   48 O    0 0 0
 102 O    4     2.8067     5.3039   66 O    0 0 0   69 O    0 0 0   75 O    0 0 0
                                    78 O    0 0 0
 102 O    2     2.9016     5.4832   38 O    0 0 0   47 O    0 0 0
 102 O    2     2.9128     5.5043   19 BA   0 0 1   22 BA   0 0 1

 103 O    2     1.9912     3.7628  121 TI   0 0 0  130 TI   0 0 0
 103 O    2     2.7890     5.2705   22 BA   0 0 0   25 BA   0 0 0
 103 O    2     2.7998     5.2908   40 O    0 0 0   49 O    0 0 0
 103 O    4     2.8067     5.3039   67 O    0 0 0   70 O    0 0 0   76 O    0 0 0
                                    79 O    0 0 0
 103 O    2     2.9016     5.4832   42 O    0 0-1   51 O    0 0-1
 103 O    2     2.9128     5.5043   23 BA   0 0 0   26 BA   0 0 0

 104 O    2     1.9912     3.7628  122 TI   0 0 0  131 TI   0 0 0
 104 O    2     2.7890     5.2705   23 BA   0 0 0   26 BA   0 0 0
 104 O    2     2.7998     5.2908   41 O    0 0 0   50 O    0 0 0
 104 O    4     2.8067     5.3039   68 O    0 0 0   71 O    0 0 0   77 O    0 0 0
                                    80 O    0 0 0
 104 O    2     2.9016     5.4832   40 O    0 0 0   49 O    0 0 0
 104 O    2     2.9128     5.5043   24 BA   0 0 0   27 BA   0 0 0

 105 O    2     1.9912     3.7628  123 TI   0 0 0  132 TI   0 0 0
 105 O    2     2.7890     5.2705   24 BA   0 0 0   27 BA   0 0 0
 105 O    2     2.7998     5.2908   42 O    0 0 0   51 O    0 0 0
 105 O    4     2.8067     5.3039   69 O    0 0 0   72 O    0 0 0   78 O    0 0 0
                                    81 O    0 0 0
 105 O    2     2.9016     5.4832   41 O    0 0 0   50 O    0 0 0
 105 O    2     2.9128     5.5043   22 BA   0 0 1   25 BA   0 0 1

 106 O    2     1.9912     3.7628  124 TI   0 0 0  133 TI   0 0 0
 106 O    2     2.7890     5.2705   19 BA   0 1 0   25 BA   0 0 0
 106 O    2     2.7998     5.2908   43 O    0 0 0   52 O    0 0 0
 106 O    4     2.8067     5.3039   64 O    0 1 0   70 O    0 0 0   73 O    0 1 0
                                    79 O    0 0 0
 106 O    2     2.9016     5.4832   45 O    0 0-1   54 O    0 0-1
 106 O    2     2.9128     5.5043   20 BA   0 1 0   26 BA   0 0 0

 107 O    2     1.9912     3.7628  125 TI   0 0 0  134 TI   0 0 0
 107 O    2     2.7890     5.2705   20 BA   0 1 0   26 BA   0 0 0
 107 O    2     2.7998     5.2908   44 O    0 0 0   53 O    0 0 0
 107 O    4     2.8067     5.3039   65 O    0 1 0   71 O    0 0 0   74 O    0 1 0
                                    80 O    0 0 0
 107 O    2     2.9016     5.4832   43 O    0 0 0   52 O    0 0 0
 107 O    2     2.9128     5.5043   21 BA   0 1 0   27 BA   0 0 0

 108 O    2     1.9912     3.7628  126 TI   0 0 0  135 TI   0 0 0
 108 O    2     2.7890     5.2705   21 BA   0 1 0   27 BA   0 0 0
 108 O    2     2.7998     5.2908   45 O    0 0 0   54 O    0 0 0
 108 O    4     2.8067     5.3039   66 O    0 1 0   72 O    0 0 0   75 O    0 1 0
                                    81 O    0 0 0
 108 O    2     2.9016     5.4832   44 O    0 0 0   53 O    0 0 0
 108 O    2     2.9128     5.5043   19 BA   0 1 1   25 BA   0 0 1

 109 TI   1     1.8132     3.4265   28 O    0 0 0
 109 TI   4     1.9912     3.7628   55 O    0 0 0   58 O    0 0 0   82 O    0 0 0
                                    91 O    0 0 0
 109 TI   1     2.2784     4.3056   30 O    0 0-1
 109 TI   4     3.4292     6.4803    2 BA   0 0 0    5 BA   0 0 0   11 BA   0 0 0
                                    14 BA   0 0 0
 109 TI   4     3.5181     6.6483    1 BA   0 0 0    4 BA   0 0 0   10 BA   0 0 0
                                    13 BA   0 0 0
 109 TI   4     3.9692     7.5008  112 TI   0 0 0  115 TI   0-1 0  118 TI   0 0 0
                                   127 TI  -1 0 0

 110 TI   1     1.8132     3.4264   29 O    0 0 0
 110 TI   4     1.9912     3.7628   56 O    0 0 0   59 O    0 0 0   83 O    0 0 0
                                    92 O    0 0 0
 110 TI   1     2.2784     4.3056   28 O    0 0 0
 110 TI   4     3.4292     6.4803    3 BA   0 0 0    6 BA   0 0 0   12 BA   0 0 0
                                    15 BA   0 0 0
 110 TI   4     3.5181     6.6483    2 BA   0 0 0    5 BA   0 0 0   11 BA   0 0 0
                                    14 BA   0 0 0
 110 TI   4     3.9692     7.5008  113 TI   0 0 0  116 TI   0-1 0  119 TI   0 0 0
                                   128 TI  -1 0 0

 111 TI   1     1.8132     3.4264   30 O    0 0 0
 111 TI   4     1.9912     3.7628   57 O    0 0 0   60 O    0 0 0   84 O    0 0 0
                                    93 O    0 0 0
 111 TI   1     2.2784     4.3056   29 O    0 0 0
 111 TI   4     3.4292     6.4803    1 BA   0 0 1    4 BA   0 0 1   10 BA   0 0 1
                                    13 BA   0 0 1
 111 TI   4     3.5181     6.6483    3 BA   0 0 0    6 BA   0 0 0   12 BA   0 0 0
                                    15 BA   0 0 0
 111 TI   4     3.9692     7.5008  114 TI   0 0 0  117 TI   0-1 0  120 TI   0 0 0
                                   129 TI  -1 0 0

 112 TI   1     1.8132     3.4264   31 O    0 0 0
 112 TI   4     1.9912     3.7628   58 O    0 0 0   61 O    0 0 0   85 O    0 0 0
                                    94 O    0 0 0
 112 TI   1     2.2784     4.3056   33 O    0 0-1
 112 TI   4     3.4292     6.4803    5 BA   0 0 0    8 BA   0 0 0   14 BA   0 0 0
                                    17 BA   0 0 0
 112 TI   4     3.5181     6.6483    4 BA   0 0 0    7 BA   0 0 0   13 BA   0 0 0
                                    16 BA   0 0 0
 112 TI   4     3.9692     7.5008  109 TI   0 0 0  115 TI   0 0 0  121 TI   0 0 0
                                   130 TI  -1 0 0

 113 TI   1     1.8132     3.4264   32 O    0 0 0
 113 TI   4     1.9912     3.7628   59 O    0 0 0   62 O    0 0 0   86 O    0 0 0
                                    95 O    0 0 0
 113 TI   1     2.2784     4.3056   31 O    0 0 0
 113 TI   4     3.4292     6.4803    6 BA   0 0 0    9 BA   0 0 0   15 BA   0 0 0
                                    18 BA   0 0 0
 113 TI   4     3.5181     6.6483    5 BA   0 0 0    8 BA   0 0 0   14 BA   0 0 0
                                    17 BA   0 0 0
 113 TI   4     3.9692     7.5008  110 TI   0 0 0  116 TI   0 0 0  122 TI   0 0 0
                                   131 TI  -1 0 0

 114 TI   1     1.8132     3.4264   33 O    0 0 0
 114 TI   4     1.9912     3.7628   60 O    0 0 0   63 O    0 0 0   87 O    0 0 0
                                    96 O    0 0 0
 114 TI   1     2.2784     4.3056   32 O    0 0 0
 114 TI   4     3.4292     6.4803    4 BA   0 0 1    7 BA   0 0 1   13 BA   0 0 1
                                    16 BA   0 0 1
 114 TI   4     3.5181     6.6483    6 BA   0 0 0    9 BA   0 0 0   15 BA   0 0 0
                                    18 BA   0 0 0
 114 TI   4     3.9692     7.5008  111 TI   0 0 0  117 TI   0 0 0  123 TI   0 0 0
                                   132 TI  -1 0 0

 115 TI   1     1.8132     3.4264   34 O    0 0 0
 115 TI   4     1.9912     3.7628   55 O    0 1 0   61 O    0 0 0   88 O    0 0 0
                                    97 O    0 0 0
 115 TI   1     2.2784     4.3056   36 O    0 0-1
 115 TI   4     3.4292     6.4803    2 BA   0 1 0    8 BA   0 0 0   11 BA   0 1 0
                                    17 BA   0 0 0
 115 TI   4     3.5181     6.6483    1 BA   0 1 0    7 BA   0 0 0   10 BA   0 1 0
                                    16 BA   0 0 0
 115 TI   4     3.9692     7.5008  109 TI   0 1 0  112 TI   0 0 0  124 TI   0 0 0
                                   133 TI  -1 0 0

 116 TI   1     1.8132     3.4264   35 O    0 0 0
 116 TI   4     1.9912     3.7628   56 O    0 1 0   62 O    0 0 0   89 O    0 0 0
                                    98 O    0 0 0
 116 TI   1     2.2784     4.3056   34 O    0 0 0
 116 TI   4     3.4292     6.4803    3 BA   0 1 0    9 BA   0 0 0   12 BA   0 1 0
                                    18 BA   0 0 0
 116 TI   4     3.5181     6.6483    2 BA   0 1 0    8 BA   0 0 0   11 BA   0 1 0
                                    17 BA   0 0 0
 116 TI   4     3.9692     7.5008  110 TI   0 1 0  113 TI   0 0 0  125 TI   0 0 0
                                   134 TI  -1 0 0

 117 TI   1     1.8132     3.4264   36 O    0 0 0
 117 TI   4     1.9912     3.7628   57 O    0 1 0   63 O    0 0 0   90 O    0 0 0
                                    99 O    0 0 0
 117 TI   1     2.2784     4.3056   35 O    0 0 0
 117 TI   4     3.4292     6.4803    1 BA   0 1 1    7 BA   0 0 1   10 BA   0 1 1
                                    16 BA   0 0 1
 117 TI   4     3.5181     6.6483    3 BA   0 1 0    9 BA   0 0 0   12 BA   0 1 0
                                    18 BA   0 0 0
 117 TI   4     3.9692     7.5008  111 TI   0 1 0  114 TI   0 0 0  126 TI   0 0 0
                                   135 TI  -1 0 0

 118 TI   1     1.8132     3.4264   37 O    0 0 0
 118 TI   4     1.9912     3.7628   64 O    0 0 0   67 O    0 0 0   91 O    0 0 0
                                   100 O    0 0 0
 118 TI   1     2.2784     4.3056   39 O    0 0-1
 118 TI   4     3.4292     6.4803   11 BA   0 0 0   14 BA   0 0 0   20 BA   0 0 0
                                    23 BA   0 0 0
 118 TI   4     3.5181     6.6483   10 BA   0 0 0   13 BA   0 0 0   19 BA   0 0 0
                                    22 BA   0 0 0
 118 TI   4     3.9692     7.5008  109 TI   0 0 0  121 TI   0 0 0  124 TI   0-1 0
                                   127 TI   0 0 0

 119 TI   1     1.8132     3.4264   38 O    0 0 0
 119 TI   4     1.9912     3.7628   65 O    0 0 0   68 O    0 0 0   92 O    0 0 0
                                   101 O    0 0 0
 119 TI   1     2.2784     4.3056   37 O    0 0 0
 119 TI   4     3.4292     6.4803   12 BA   0 0 0   15 BA   0 0 0   21 BA   0 0 0
                                    24 BA   0 0 0
 119 TI   4     3.5181     6.6483   11 BA   0 0 0   14 BA   0 0 0   20 BA   0 0 0
                                    23 BA   0 0 0
 119 TI   4     3.9692     7.5008  110 TI   0 0 0  122 TI   0 0 0  125 TI   0-1 0
                                   128 TI   0 0 0

 120 TI   1     1.8132     3.4264   39 O    0 0 0
 120 TI   4     1.9912     3.7628   66 O    0 0 0   69 O    0 0 0   93 O    0 0 0
                                   102 O    0 0 0
 120 TI   1     2.2784     4.3056   38 O    0 0 0
 120 TI   4     3.4292     6.4803   10 BA   0 0 1   13 BA   0 0 1   19 BA   0 0 1
                                    22 BA   0 0 1
 120 TI   4     3.5181     6.6483   12 BA   0 0 0   15 BA   0 0 0   21 BA   0 0 0
                                    24 BA   0 0 0
 120 TI   4     3.9692     7.5008  111 TI   0 0 0  123 TI   0 0 0  126 TI   0-1 0
                                   129 TI   0 0 0

 121 TI   1     1.8132     3.4264   40 O    0 0 0
 121 TI   4     1.9912     3.7628   67 O    0 0 0   70 O    0 0 0   94 O    0 0 0
                                   103 O    0 0 0
 121 TI   1     2.2784     4.3056   42 O    0 0-1
 121 TI   4     3.4292     6.4803   14 BA   0 0 0   17 BA   0 0 0   23 BA   0 0 0
                                    26 BA   0 0 0
 121 TI   4     3.5181     6.6483   13 BA   0 0 0   16 BA   0 0 0   22 BA   0 0 0
                                    25 BA   0 0 0
 121 TI   4     3.9692     7.5008  112 TI   0 0 0  118 TI   0 0 0  124 TI   0 0 0
                                   130 TI   0 0 0

 122 TI   1     1.8132     3.4264   41 O    0 0 0
 122 TI   4     1.9912     3.7628   68 O    0 0 0   71 O    0 0 0   95 O    0 0 0
                                   104 O    0 0 0
 122 TI   1     2.2784     4.3056   40 O    0 0 0
 122 TI   4     3.4292     6.4803   15 BA   0 0 0   18 BA   0 0 0   24 BA   0 0 0
                                    27 BA   0 0 0
 122 TI   4     3.5181     6.6483   14 BA   0 0 0   17 BA   0 0 0   23 BA   0 0 0
                                    26 BA   0 0 0
 122 TI   4     3.9692     7.5008  113 TI   0 0 0  119 TI   0 0 0  125 TI   0 0 0
                                   131 TI   0 0 0

 123 TI   1     1.8132     3.4264   42 O    0 0 0
 123 TI   4     1.9912     3.7628   69 O    0 0 0   72 O    0 0 0   96 O    0 0 0
                                   105 O    0 0 0
 123 TI   1     2.2784     4.3056   41 O    0 0 0
 123 TI   4     3.4292     6.4803   13 BA   0 0 1   16 BA   0 0 1   22 BA   0 0 1
                                    25 BA   0 0 1
 123 TI   4     3.5181     6.6483   15 BA   0 0 0   18 BA   0 0 0   24 BA   0 0 0
                                    27 BA   0 0 0
 123 TI   4     3.9692     7.5008  114 TI   0 0 0  120 TI   0 0 0  126 TI   0 0 0
                                   132 TI   0 0 0

 124 TI   1     1.8132     3.4264   43 O    0 0 0
 124 TI   4     1.9912     3.7628   64 O    0 1 0   70 O    0 0 0   97 O    0 0 0
                                   106 O    0 0 0
 124 TI   1     2.2784     4.3056   45 O    0 0-1
 124 TI   4     3.4292     6.4803   11 BA   0 1 0   17 BA   0 0 0   20 BA   0 1 0
                                    26 BA   0 0 0
 124 TI   4     3.5181     6.6483   10 BA   0 1 0   16 BA   0 0 0   19 BA   0 1 0
                                    25 BA   0 0 0
 124 TI   4     3.9692     7.5008  115 TI   0 0 0  118 TI   0 1 0  121 TI   0 0 0
                                   133 TI   0 0 0

 125 TI   1     1.8132     3.4264   44 O    0 0 0
 125 TI   4     1.9912     3.7628   65 O    0 1 0   71 O    0 0 0   98 O    0 0 0
                                   107 O    0 0 0
 125 TI   1     2.2784     4.3056   43 O    0 0 0
 125 TI   4     3.4292     6.4803   12 BA   0 1 0   18 BA   0 0 0   21 BA   0 1 0
                                    27 BA   0 0 0
 125 TI   4     3.5181     6.6483   11 BA   0 1 0   17 BA   0 0 0   20 BA   0 1 0
                                    26 BA   0 0 0
 125 TI   4     3.9692     7.5008  116 TI   0 0 0  119 TI   0 1 0  122 TI   0 0 0
                                   134 TI   0 0 0

 126 TI   1     1.8132     3.4264   45 O    0 0 0
 126 TI   4     1.9912     3.7628   66 O    0 1 0   72 O    0 0 0   99 O    0 0 0
                                   108 O    0 0 0
 126 TI   1     2.2784     4.3056   44 O    0 0 0
 126 TI   4     3.4292     6.4803   10 BA   0 1 1   16 BA   0 0 1   19 BA   0 1 1
                                    25 BA   0 0 1
 126 TI   4     3.5181     6.6483   12 BA   0 1 0   18 BA   0 0 0   21 BA   0 1 0
                                    27 BA   0 0 0
 126 TI   4     3.9692     7.5008  117 TI   0 0 0  120 TI   0 1 0  123 TI   0 0 0
                                   135 TI   0 0 0

 127 TI   1     1.8132     3.4264   46 O    0 0 0
 127 TI   4     1.9912     3.7628   73 O    0 0 0   76 O    0 0 0   82 O    1 0 0
                                   100 O    0 0 0
 127 TI   1     2.2784     4.3056   48 O    0 0-1
 127 TI   4     3.4292     6.4803    2 BA   1 0 0    5 BA   1 0 0   20 BA   0 0 0
                                    23 BA   0 0 0
 127 TI   4     3.5181     6.6483    1 BA   1 0 0    4 BA   1 0 0   19 BA   0 0 0
                                    22 BA   0 0 0
 127 TI   4     3.9692     7.5008  109 TI   1 0 0  118 TI   0 0 0  130 TI   0 0 0
                                   133 TI   0-1 0

 128 TI   1     1.8132     3.4264   47 O    0 0 0
 128 TI   4     1.9912     3.7628   74 O    0 0 0   77 O    0 0 0   83 O    1 0 0
                                   101 O    0 0 0
 128 TI   1     2.2784     4.3056   46 O    0 0 0
 128 TI   4     3.4292     6.4803    3 BA   1 0 0    6 BA   1 0 0   21 BA   0 0 0
                                    24 BA   0 0 0
 128 TI   4     3.5181     6.6483    2 BA   1 0 0    5 BA   1 0 0   20 BA   0 0 0
                                    23 BA   0 0 0
 128 TI   4     3.9692     7.5008  110 TI   1 0 0  119 TI   0 0 0  131 TI   0 0 0
                                   134 TI   0-1 0

 129 TI   1     1.8132     3.4264   48 O    0 0 0
 129 TI   4     1.9912     3.7628   75 O    0 0 0   78 O    0 0 0   84 O    1 0 0
                                   102 O    0 0 0
 129 TI   1     2.2784     4.3056   47 O    0 0 0
 129 TI   4     3.4292     6.4803    1 BA   1 0 1    4 BA   1 0 1   19 BA   0 0 1
                                    22 BA   0 0 1
 129 TI   4     3.5181     6.6483    3 BA   1 0 0    6 BA   1 0 0   21 BA   0 0 0
                                    24 BA   0 0 0
 129 TI   4     3.9692     7.5008  111 TI   1 0 0  120 TI   0 0 0  132 TI   0 0 0
                                   135 TI   0-1 0

 130 TI   1     1.8132     3.4264   49 O    0 0 0
 130 TI   4     1.9912     3.7628   76 O    0 0 0   79 O    0 0 0   85 O    1 0 0
                                   103 O    0 0 0
 130 TI   1     2.2784     4.3056   51 O    0 0-1
 130 TI   4     3.4292     6.4803    5 BA   1 0 0    8 BA   1 0 0   23 BA   0 0 0
                                    26 BA   0 0 0
 130 TI   4     3.5181     6.6483    4 BA   1 0 0    7 BA   1 0 0   22 BA   0 0 0
                                    25 BA   0 0 0
 130 TI   4     3.9692     7.5008  112 TI   1 0 0  121 TI   0 0 0  127 TI   0 0 0
                                   133 TI   0 0 0

 131 TI   1     1.8132     3.4264   50 O    0 0 0
 131 TI   4     1.9912     3.7628   77 O    0 0 0   80 O    0 0 0   86 O    1 0 0
                                   104 O    0 0 0
 131 TI   1     2.2784     4.3056   49 O    0 0 0
 131 TI   4     3.4292     6.4803    6 BA   1 0 0    9 BA   1 0 0   24 BA   0 0 0
                                    27 BA   0 0 0
 131 TI   4     3.5181     6.6483    5 BA   1 0 0    8 BA   1 0 0   23 BA   0 0 0
                                    26 BA   0 0 0
 131 TI   4     3.9692     7.5008  113 TI   1 0 0  122 TI   0 0 0  128 TI   0 0 0
                                   134 TI   0 0 0

 132 TI   1     1.8132     3.4264   51 O    0 0 0
 132 TI   4     1.9912     3.7628   78 O    0 0 0   81 O    0 0 0   87 O    1 0 0
                                   105 O    0 0 0
 132 TI   1     2.2784     4.3056   50 O    0 0 0
 132 TI   4     3.4292     6.4803    4 BA   1 0 1    7 BA   1 0 1   22 BA   0 0 1
                                    25 BA   0 0 1
 132 TI   4     3.5181     6.6483    6 BA   1 0 0    9 BA   1 0 0   24 BA   0 0 0
                                    27 BA   0 0 0
 132 TI   4     3.9692     7.5008  114 TI   1 0 0  123 TI   0 0 0  129 TI   0 0 0
                                   135 TI   0 0 0

 133 TI   1     1.8132     3.4264   52 O    0 0 0
 133 TI   4     1.9912     3.7628   73 O    0 1 0   79 O    0 0 0   88 O    1 0 0
                                   106 O    0 0 0
 133 TI   1     2.2784     4.3056   54 O    0 0-1
 133 TI   4     3.4292     6.4803    2 BA   1 1 0    8 BA   1 0 0   20 BA   0 1 0
                                    26 BA   0 0 0
 133 TI   4     3.5181     6.6483    1 BA   1 1 0    7 BA   1 0 0   19 BA   0 1 0
                                    25 BA   0 0 0
 133 TI   4     3.9692     7.5008  115 TI   1 0 0  124 TI   0 0 0  127 TI   0 1 0
                                   130 TI   0 0 0

 134 TI   1     1.8132     3.4264   53 O    0 0 0
 134 TI   4     1.9912     3.7628   74 O    0 1 0   80 O    0 0 0   89 O    1 0 0
                                   107 O    0 0 0
 134 TI   1     2.2784     4.3056   52 O    0 0 0
 134 TI   4     3.4292     6.4803    3 BA   1 1 0    9 BA   1 0 0   21 BA   0 1 0
                                    27 BA   0 0 0
 134 TI   4     3.5181     6.6483    2 BA   1 1 0    8 BA   1 0 0   20 BA   0 1 0
                                    26 BA   0 0 0
 134 TI   4     3.9692     7.5008  116 TI   1 0 0  125 TI   0 0 0  128 TI   0 1 0
                                   131 TI   0 0 0

 135 TI   1     1.8132     3.4264   54 O    0 0 0
 135 TI   4     1.9912     3.7628   75 O    0 1 0   81 O    0 0 0   90 O    1 0 0
                                   108 O    0 0 0
 135 TI   1     2.2784     4.3056   53 O    0 0 0
 135 TI   4     3.4292     6.4803    1 BA   1 1 1    7 BA   1 0 1   19 BA   0 1 1
                                    25 BA   0 0 1
 135 TI   4     3.5181     6.6483    3 BA   1 1 0    9 BA   1 0 0   21 BA   0 1 0
                                    27 BA   0 0 0
 135 TI   4     3.9692     7.5008  117 TI   1 0 0  126 TI   0 0 0  129 TI   0 1 0
                                   132 TI   0 0 0


 SYMMETRY ALLOWED INTERNAL DEGREE(S) OF FREEDOM: 402
 TTTTTTTTTTTTTTTTTTTTTTTTTTTTTT SYMM        TELAPSE        2.75 TCPU        2.69
 TTTTTTTTTTTTTTTTTTTTTTTTTTTTTT INT_SCREEN  TELAPSE        2.87 TCPU        2.81

 DFT PARAMETERS

     ATOM       ELECTRONS   NET CHARGE   R(ANGSTROM)
   1 256  BA     10.0000      0.0000     2.24000000
  28   8  O       8.0000      0.0000     0.74000000
 109  22  TI     22.0000      0.0000     1.47000000

 SIZE OF GRID=    2838108
 TTTTTTTTTTTTTTTTTTTTTTTTTTTTTT MAKE_GRID2  TELAPSE       46.33 TCPU       46.27
 BECKE WEIGHT FUNCTION
 RADSAFE =     2.00
 TOLERANCES - DENSITY:10**- 6; POTENTIAL:10**- 9; GRID WGT:10**-14

 RADIAL INTEGRATION  - INTERVALS (POINTS,UPPER LIMIT):            1( 75,  4.0*R)

 ANGULAR INTEGRATION - INTERVALS (ACCURACY LEVEL [N. POINTS] UPPER LIMIT):
  1(  4[  86]   0.2)  2(  8[ 194]   0.5)  3( 12[ 350]   0.9)  4( 16[ 974]   3.5)
  5( 12[ 350]9999.0)
 TTTTTTTTTTTTTTTTTTTTTTTTTTTTTT INT_CALC    TELAPSE       46.57 TCPU       46.51
 EEEEEEEEEE INT_CALC TERMINATION  DATE 25 03 2026 TIME 16:42:03.4

 *******************************************************************************
 converted and standardized from ase Atoms() object for Ba27Ti27O81 in space grou
 CRYSTAL - SCF - TYPE OF CALCULATION :  RESTRICTED CLOSED SHELL
 *******************************************************************************

 CAPPA:IS1  2;IS2  2;IS3  2; K PTS MONK NET   8; SYMMOPS:K SPACE   2;G SPACE   1

 TTTTTTTTTTTTTTTTTTTTTTTTTTTTTT SDIK        TELAPSE       50.86 TCPU       50.80

 AAAAAAAAAAAAAAAAAAAAAAAAAAAAAAAAAAAAAAAAAAAAAAAAAAAAAAAAAAAAAAAAAAAAAAAAAAAAAAA
         ATOMIC WAVEFUNCTION(S)


 NUCLEAR CHARGE 10.0  SYMMETRY SPECIES            S    P
 N. ELECTRONS   10.0  NUMBER OF PRIMITIVE GTOS    5    5
                      NUMBER OF CONTRACTED GTOS   3    2
                      NUMBER OF CLOSED SHELLS     2    1
                      OPEN SHELL OCCUPATION       0    0

  ZNUC  SCFIT    TOTAL HF ENERGY   KINETIC ENERGY   VIRIAL THEOREM             ACCURACY
  10.0     4    -2.474305552E+01  8.075374960E+00 -4.064013205E+00  1.0E-06

 NUCLEAR CHARGE  8.0  SYMMETRY SPECIES            S    P
 N. ELECTRONS    8.0  NUMBER OF PRIMITIVE GTOS   10    6
                      NUMBER OF CONTRACTED GTOS   4    3
                      NUMBER OF CLOSED SHELLS     2    0
                      OPEN SHELL OCCUPATION       0    4

  ZNUC  SCFIT    TOTAL HF ENERGY   KINETIC ENERGY   VIRIAL THEOREM             ACCURACY
   8.0    13    -7.480154908E+01  7.478929754E+01 -2.000163814E+00  2.2E-06

 NUCLEAR CHARGE 22.0  SYMMETRY SPECIES            S    P    D
 N. ELECTRONS   22.0  NUMBER OF PRIMITIVE GTOS   17   11    6
                      NUMBER OF CONTRACTED GTOS   6    4    3
                      NUMBER OF CLOSED SHELLS     4    2    0
                      OPEN SHELL OCCUPATION       0    0    2

  ZNUC  SCFIT    TOTAL HF ENERGY   KINETIC ENERGY   VIRIAL THEOREM             ACCURACY
  22.0    51    -8.483283897E+02  8.486954851E+02 -1.999567459E+00  4.0E-06

 AAAAAAAAAAAAAAAAAAAAAAAAAAAAAAAAAAAAAAAAAAAAAAAAAAAAAAAAAAAAAAAAAAAAAAAAAAAAAAA

 CHARGE NORMALIZATION FACTOR   1.00000000
 TOTAL ATOMIC CHARGES:
  10.0000000  10.0000000  10.0000000  10.0000000  10.0000000  10.0000000
  10.0000000  10.0000000  10.0000000  10.0000000  10.0000000  10.0000000
  10.0000000  10.0000000  10.0000000  10.0000000  10.0000000  10.0000000
  10.0000000  10.0000000  10.0000000  10.0000000  10.0000000  10.0000000
  10.0000000  10.0000000  10.0000000   8.0000000   8.0000000   8.0000000
   8.0000000   8.0000000   8.0000000   8.0000000   8.0000000   8.0000000
   8.0000000   8.0000000   8.0000000   8.0000000   8.0000000   8.0000000
   8.0000000   8.0000000   8.0000000   8.0000000   8.0000000   8.0000000
   8.0000000   8.0000000   8.0000000   8.0000000   8.0000000   8.0000000
   8.0000000   8.0000000   8.0000000   8.0000000   8.0000000   8.0000000
   8.0000000   8.0000000   8.0000000   8.0000000   8.0000000   8.0000000
   8.0000000   8.0000000   8.0000000   8.0000000   8.0000000   8.0000000
   8.0000000   8.0000000   8.0000000   8.0000000   8.0000000   8.0000000
   8.0000000   8.0000000   8.0000000   8.0000000   8.0000000   8.0000000
   8.0000000   8.0000000   8.0000000   8.0000000   8.0000000   8.0000000
   8.0000000   8.0000000   8.0000000   8.0000000   8.0000000   8.0000000
   8.0000000   8.0000000   8.0000000   8.0000000   8.0000000   8.0000000
   8.0000000   8.0000000   8.0000000   8.0000000   8.0000000   8.0000000
  22.0000000  22.0000000  22.0000000  22.0000000  22.0000000  22.0000000
  22.0000000  22.0000000  22.0000000  22.0000000  22.0000000  22.0000000
  22.0000000  22.0000000  22.0000000  22.0000000  22.0000000  22.0000000
  22.0000000  22.0000000  22.0000000  22.0000000  22.0000000  22.0000000
  22.0000000  22.0000000  22.0000000
 TTTTTTTTTTTTTTTTTTTTTTTTTTTTTT MOQGAD      TELAPSE       50.99 TCPU       50.93
 TTTTTTTTTTTTTTTTTTTTTTTTTTTTTT SHELLXN     TELAPSE      686.39 TCPU      686.29
 TTTTTTTTTTTTTTTTTTTTTTTTTTTTTT MONMO3      TELAPSE      711.37 TCPU      711.27
 NUMERICALLY INTEGRATED DENSITY   1511.9942830742
 TTTTTTTTTTTTTTTTTTTTTTTTTTTTTT NUMDFT      TELAPSE      752.03 TCPU      751.93
 CYC   0 ETOT(AU) -2.971191278229E+04 DETOT -2.97E+04 tst  0.00E+00 PX  1.00E+00
 TTTTTTTTTTTTTTTTTTTTTTTTTTTTTT DIIS        TELAPSE      752.32 TCPU      752.22
 TTTTTTTTTTTTTTTTTTTTTTTTTTTTTT FDIK        TELAPSE      768.89 TCPU      768.76
 INSULATING STATE
 TOP OF VALENCE BANDS -    BAND    756; K    8; EIG -3.4808566E-01 AU
 TOP OF VALENCE BANDS -    BAND    756; K    1; EIG -3.5374118E-01 AU
 BOTTOM OF VIRTUAL BANDS - BAND    757; K    1; EIG -8.3600216E-02 AU
 INDIRECT ENERGY BAND GAP:   7.1970 eV
 TTTTTTTTTTTTTTTTTTTTTTTTTTTTTT PDIG        TELAPSE      771.62 TCPU      771.50
 CHARGE NORMALIZATION FACTOR   1.00000000
 TOTAL ATOMIC CHARGES:
   8.1656792   8.1654950   8.1656867   8.1656792   8.1654950   8.1656867
   8.1656876   8.1656722   8.1656880   8.1656956   8.1658918   8.1656885
   8.1656957   8.1658919   8.1656885   8.1656870   8.1656861   8.1656874
   8.1656873   8.1656795   8.1656879   8.1656874   8.1656796   8.1656878
   8.1656872   8.1656901   8.1656874   9.4557530   9.4556928   9.4556857
   9.4556924   9.4556910   9.4556882   9.4556924   9.4556910   9.4556882
   9.4556928   9.4556917   9.4556949   9.4557157   9.4556912   9.4556884
   9.4557157   9.4556912   9.4556884   9.4556898   9.4556905   9.4556816
   9.4556680   9.4556911   9.4556882   9.4556681   9.4556910   9.4556882
   9.4798504   9.4798486   9.4798506   9.4798505   9.4798486   9.4798506
   9.4798511   9.4798499   9.4798506   9.4798519   9.4798552   9.4798506
   9.4798519   9.4798552   9.4798505   9.4798503   9.4798494   9.4798505
   9.4798486   9.4798442   9.4798506   9.4798486   9.4798442   9.4798506
   9.4798508   9.4798498   9.4798506   9.4797152   9.4796518   9.4798493
   9.4798499   9.4798448   9.4798505   9.4798499   9.4798448   9.4798505
   9.4799934   9.4800490   9.4798518   9.4798513   9.4798550   9.4798507
   9.4798513   9.4798550   9.4798507   9.4798511   9.4798510   9.4798507
   9.4798509   9.4798497   9.4798506   9.4798509   9.4798497   9.4798505
  19.4188467  19.4189045  19.4189234  19.4189281  19.4189218  19.4189227
  19.4189281  19.4189217  19.4189227  19.4189392  19.4189311  19.4189224
  19.4189306  19.4189225  19.4189228  19.4189306  19.4189225  19.4189229
  19.4189183  19.4189108  19.4189229  19.4189087  19.4189196  19.4189229
  19.4189085  19.4189196  19.4189229
 TTTTTTTTTTTTTTTTTTTTTTTTTTTTTT MOQGAD      TELAPSE      771.73 TCPU      771.60
 TTTTTTTTTTTTTTTTTTTTTTTTTTTTTT SHELLXN     TELAPSE     1502.28 TCPU     1502.08
 TTTTTTTTTTTTTTTTTTTTTTTTTTTTTT MONMO3      TELAPSE     1514.75 TCPU     1514.55
 NUMERICALLY INTEGRATED DENSITY   1511.9940007543
 TTTTTTTTTTTTTTTTTTTTTTTTTTTTTT NUMDFT      TELAPSE     1536.24 TCPU     1536.04
 CYC   1 ETOT(AU) -2.970527778457E+04 DETOT  6.63E+00 tst  0.00E+00 PX  1.00E+00
 TTTTTTTTTTTTTTTTTTTTTTTTTTTTTT DIIS        TELAPSE     1540.54 TCPU     1540.34
 DIIS TEST: 0.75792E+02 AT SCF   CYCLE   1 - MIX   80 %
 TTTTTTTTTTTTTTTTTTTTTTTTTTTTTT FDIK        TELAPSE     1557.35 TCPU     1556.55
 INSULATING STATE
 TOP OF VALENCE BANDS -    BAND    756; K    8; EIG -2.6039104E-01 AU
 TOP OF VALENCE BANDS -    BAND    756; K    1; EIG -2.7124118E-01 AU
 BOTTOM OF VIRTUAL BANDS - BAND    757; K    1; EIG -1.0188371E-01 AU
 INDIRECT ENERGY BAND GAP:   4.3132 eV
 TTTTTTTTTTTTTTTTTTTTTTTTTTTTTT PDIG        TELAPSE     1560.10 TCPU     1559.30
 CHARGE NORMALIZATION FACTOR   1.00000000
 TOTAL ATOMIC CHARGES:
   8.2540425   8.2540321   8.2540541   8.2540425   8.2540322   8.2540541
   8.2540481   8.2540481   8.2540494   8.2540559   8.2540759   8.2540449
   8.2540559   8.2540760   8.2540449   8.2540502   8.2540361   8.2540497
   8.2540491   8.2540428   8.2540497   8.2540491   8.2540429   8.2540497
   8.2540490   8.2540519   8.2540492   9.1908644   9.1908175   9.1908111
   9.1908177   9.1908167   9.1908135   9.1908177   9.1908167   9.1908135
   9.1907465   9.1908789   9.1908050   9.1908039   9.1908373   9.1908074
   9.1908039   9.1908373   9.1908074   9.1908862   9.1907552   9.1908229
   9.1908296   9.1907967   9.1908195   9.1908297   9.1907966   9.1908195
   9.2351097   9.2351092   9.2351112   9.2351097   9.2351092   9.2351111
   9.2351116   9.2351103   9.2351110   9.2351064   9.2350897   9.2351083
   9.2351064   9.2350897   9.2351083   9.2351308   9.2351222   9.2351142
   9.2351155   9.2351307   9.2351140   9.2351155   9.2351307   9.2351140
   9.2350914   9.2350981   9.2351079   9.2351897   9.2351822   9.2351297
   9.2351491   9.2351532   9.2351200   9.2351491   9.2351531   9.2351200
   9.2350343   9.2350373   9.2350926   9.2350733   9.2350675   9.2351023
   9.2350733   9.2350675   9.2351023   9.2351111   9.2351114   9.2351111
   9.2351114   9.2351102   9.2351111   9.2351114   9.2351102   9.2351110
  20.0848640  20.0849078  20.0849140  20.0849180  20.0849128  20.0849144
  20.0849179  20.0849128  20.0849143  20.0849182  20.0848703  20.0849256
  20.0849132  20.0848818  20.0849163  20.0849132  20.0848818  20.0849163
  20.0849194  20.0849535  20.0849030  20.0849093  20.0849434  20.0849128
  20.0849092  20.0849434  20.0849128
 TTTTTTTTTTTTTTTTTTTTTTTTTTTTTT MOQGAD      TELAPSE     1560.16 TCPU     1559.36
 TTTTTTTTTTTTTTTTTTTTTTTTTTTTTT SHELLXN     TELAPSE     2216.47 TCPU     2215.22
 TTTTTTTTTTTTTTTTTTTTTTTTTTTTTT MONMO3      TELAPSE     2229.47 TCPU     2228.06
 NUMERICALLY INTEGRATED DENSITY   1511.9930753094
 TTTTTTTTTTTTTTTTTTTTTTTTTTTTTT NUMDFT      TELAPSE     2251.32 TCPU     2249.91
 CYC   2 ETOT(AU) -2.971627018633E+04 DETOT -1.10E+01 tst  4.98E-03 PX  6.80E-02
 TTTTTTTTTTTTTTTTTTTTTTTTTTTTTT DIIS        TELAPSE     2255.53 TCPU     2254.12
 DIIS TEST: 0.14262E+02 AT SCF   CYCLE   2 - DIIS ACTIVE - HISTORY:     2 CYCLES
 TTTTTTTTTTTTTTTTTTTTTTTTTTTTTT FDIK        TELAPSE     2272.06 TCPU     2270.62
 INSULATING STATE
 TOP OF VALENCE BANDS -    BAND    756; K    8; EIG -1.5416889E-01 AU
 TOP OF VALENCE BANDS -    BAND    756; K    1; EIG -1.6831472E-01 AU
 BOTTOM OF VIRTUAL BANDS - BAND    757; K    1; EIG -2.2294936E-02 AU
 INDIRECT ENERGY BAND GAP:   3.5885 eV
 TTTTTTTTTTTTTTTTTTTTTTTTTTTTTT PDIG        TELAPSE     2274.79 TCPU     2273.36
 CHARGE NORMALIZATION FACTOR   1.00000000
 TOTAL ATOMIC CHARGES:
   8.3391344   8.3393999   8.3391463   8.3391344   8.3394000   8.3391462
   8.3391357   8.3391709   8.3391379   8.3391484   8.3388813   8.3391377
   8.3391484   8.3388814   8.3391376   8.3391475   8.3391140   8.3391464
   8.3391413   8.3391425   8.3391422   8.3391413   8.3391426   8.3391421
   8.3391416   8.3391430   8.3391420   9.0556817   9.0556767   9.0556650
   9.0556662   9.0556706   9.0556666   9.0556662   9.0556706   9.0556666
   9.0558525   9.0554801   9.0557058   9.0556434   9.0556256   9.0556909
   9.0556433   9.0556256   9.0556909   9.0554874   9.0558591   9.0556359
   9.0556968   9.0557146   9.0556429   9.0556969   9.0557146   9.0556428
   9.0385707   9.0385724   9.0385739   9.0385707   9.0385724   9.0385738
   9.0385735   9.0385741   9.0385743   9.0386232   9.0385969   9.0385895
   9.0386232   9.0385968   9.0385895   9.0385555   9.0385469   9.0385725
   9.0385260   9.0385501   9.0385595   9.0385260   9.0385501   9.0385594
   9.0385920   9.0385998   9.0385764   9.0385609   9.0384012   9.0385363
   9.0385155   9.0385644   9.0385806   9.0385155   9.0385644   9.0385806
   9.0385700   9.0387444   9.0386126   9.0386323   9.0385816   9.0385681
   9.0386323   9.0385816   9.0385680   9.0385646   9.0385735   9.0385745
   9.0385736   9.0385735   9.0385744   9.0385736   9.0385735   9.0385744
  20.5280578  20.5280351  20.5280458  20.5280430  20.5280406  20.5280418
  20.5280430  20.5280406  20.5280418  20.5280114  20.5284483  20.5279761
  20.5279838  20.5280990  20.5280265  20.5279838  20.5280990  20.5280265
  20.5280763  20.5276352  20.5281049  20.5280975  20.5279848  20.5280572
  20.5280973  20.5279848  20.5280572
 TTTTTTTTTTTTTTTTTTTTTTTTTTTTTT MOQGAD      TELAPSE     2274.90 TCPU     2273.47
 TTTTTTTTTTTTTTTTTTTTTTTTTTTTTT SHELLXN     TELAPSE     2993.22 TCPU     2991.71
 TTTTTTTTTTTTTTTTTTTTTTTTTTTTTT MONMO3      TELAPSE     3017.86 TCPU     3016.34
 NUMERICALLY INTEGRATED DENSITY   1511.9925051306
 TTTTTTTTTTTTTTTTTTTTTTTTTTTTTT NUMDFT      TELAPSE     3058.11 TCPU     3056.60
 CYC   3 ETOT(AU) -2.971866327734E+04 DETOT -2.39E+00 tst  2.76E-03 PX  5.81E-02
 TTTTTTTTTTTTTTTTTTTTTTTTTTTTTT DIIS        TELAPSE     3062.85 TCPU     3061.33
 DIIS TEST: 0.18036E+00 AT SCF   CYCLE   3 - DIIS ACTIVE - HISTORY:     3 CYCLES
 TTTTTTTTTTTTTTTTTTTTTTTTTTTTTT FDIK        TELAPSE     3079.90 TCPU     3078.07
 INSULATING STATE
 TOP OF VALENCE BANDS -    BAND    756; K    8; EIG -1.5508151E-01 AU
 TOP OF VALENCE BANDS -    BAND    756; K    1; EIG -1.6812728E-01 AU
 BOTTOM OF VIRTUAL BANDS - BAND    757; K    1; EIG -5.8745622E-03 AU
 INDIRECT ENERGY BAND GAP:   4.0601 eV
 TTTTTTTTTTTTTTTTTTTTTTTTTTTTTT PDIG        TELAPSE     3082.64 TCPU     3080.80
 CHARGE NORMALIZATION FACTOR   1.00000000
 TOTAL ATOMIC CHARGES:
   8.3435845   8.3438055   8.3436032   8.3435845   8.3438056   8.3436032
   8.3435886   8.3436068   8.3435940   8.3436008   8.3433806   8.3435832
   8.3436009   8.3433807   8.3435832   8.3435966   8.3435800   8.3435925
   8.3435923   8.3435935   8.3435933   8.3435924   8.3435936   8.3435932
   8.3435927   8.3435936   8.3435931   9.0062139   9.0061974   9.0062093
   9.0062172   9.0062109   9.0062071   9.0062172   9.0062109   9.0062071
   9.0057226   9.0067942   9.0060751   9.0060907   9.0063746   9.0061431
   9.0060907   9.0063746   9.0061431   9.0066997   9.0056313   9.0063478
   9.0063269   9.0060512   9.0062713   9.0063270   9.0060512   9.0062713
   9.0991579   9.0991597   9.0991617   9.0991579   9.0991597   9.0991616
   9.0991607   9.0991584   9.0991609   9.0991042   9.0990797   9.0991337
   9.0991041   9.0990797   9.0991336   9.0992451   9.0992570   9.0991773
   9.0992179   9.0992403   9.0991886   9.0992179   9.0992403   9.0991885
   9.0990758   9.0990620   9.0991447   9.0997480   9.0999797   9.0992716
   9.0993343   9.0993365   9.0991860   9.0993342   9.0993365   9.0991860
   9.0985558   9.0983363   9.0990524   9.0989870   9.0989849   9.0991365
   9.0989870   9.0989849   9.0991364   9.0991551   9.0991577   9.0991610
   9.0991605   9.0991590   9.0991609   9.0991605   9.0991590   9.0991609
  20.4518900  20.4519163  20.4518668  20.4518688  20.4518741  20.4518773
  20.4518688  20.4518741  20.4518772  20.4520777  20.4509886  20.4520871
  20.4519405  20.4516565  20.4519203  20.4519405  20.4516565  20.4519202
  20.4516773  20.4527555  20.4516670  20.4518122  20.4520906  20.4518335
  20.4518120  20.4520906  20.4518334
 TTTTTTTTTTTTTTTTTTTTTTTTTTTTTT MOQGAD      TELAPSE     3082.74 TCPU     3080.91
 TTTTTTTTTTTTTTTTTTTTTTTTTTTTTT SHELLXN     TELAPSE     3703.96 TCPU     3701.58
 TTTTTTTTTTTTTTTTTTTTTTTTTTTTTT MONMO3      TELAPSE     3728.18 TCPU     3725.80
 NUMERICALLY INTEGRATED DENSITY   1511.9923756533
 TTTTTTTTTTTTTTTTTTTTTTTTTTTTTT NUMDFT      TELAPSE     3766.93 TCPU     3764.55
 CYC   4 ETOT(AU) -2.971864709264E+04 DETOT  1.62E-02 tst  1.39E-04 PX  1.95E-02
 TTTTTTTTTTTTTTTTTTTTTTTTTTTTTT DIIS        TELAPSE     3771.65 TCPU     3769.26
 DIIS TEST: 0.30740E+00 AT SCF   CYCLE   4 - DIIS ACTIVE - HISTORY:     4 CYCLES
 TTTTTTTTTTTTTTTTTTTTTTTTTTTTTT FDIK        TELAPSE     3788.28 TCPU     3785.88
 INSULATING STATE
 TOP OF VALENCE BANDS -    BAND    756; K    8; EIG -1.4841038E-01 AU
 TOP OF VALENCE BANDS -    BAND    756; K    1; EIG -1.6230751E-01 AU
 BOTTOM OF VIRTUAL BANDS - BAND    757; K    1; EIG -7.3523658E-03 AU
 INDIRECT ENERGY BAND GAP:   3.8384 eV
 TTTTTTTTTTTTTTTTTTTTTTTTTTTTTT PDIG        TELAPSE     3791.02 TCPU     3788.62
 CHARGE NORMALIZATION FACTOR   1.00000000
 TOTAL ATOMIC CHARGES:
   8.3401471   8.3403543   8.3401577   8.3401472   8.3403544   8.3401577
   8.3401528   8.3401650   8.3401540   8.3401633   8.3399566   8.3401535
   8.3401634   8.3399567   8.3401535   8.3401578   8.3401470   8.3401575
   8.3401549   8.3401561   8.3401558   8.3401549   8.3401561   8.3401558
   8.3401552   8.3401563   8.3401556   9.0477924   9.0477914   9.0477768
   9.0477798   9.0477843   9.0477803   9.0477798   9.0477842   9.0477803
   9.0479326   9.0475019   9.0478450   9.0477933   9.0477110   9.0478069
   9.0477932   9.0477109   9.0478069   9.0476340   9.0480638   9.0477230
   9.0477722   9.0478547   9.0477528   9.0477723   9.0478547   9.0477528
   9.0712669   9.0712697   9.0712707   9.0712669   9.0712697   9.0712707
   9.0712700   9.0712702   9.0712708   9.0713034   9.0712494   9.0712844
   9.0713034   9.0712494   9.0712843   9.0712684   9.0712379   9.0712707
   9.0712384   9.0712901   9.0712579   9.0712384   9.0712901   9.0712579
   9.0712726   9.0713017   9.0712712   9.0713444   9.0712967   9.0712485
   9.0712481   9.0712684   9.0712776   9.0712481   9.0712684   9.0712776
   9.0711806   9.0712428   9.0712941   9.0712924   9.0712706   9.0712645
   9.0712924   9.0712705   9.0712645   9.0712628   9.0712704   9.0712709
   9.0712705   9.0712701   9.0712709   9.0712704   9.0712701   9.0712709
  20.4695327  20.4695158  20.4695271  20.4695245  20.4695196  20.4695213
  20.4695245  20.4695196  20.4695212  20.4693696  20.4701423  20.4693641
  20.4694549  20.4696018  20.4694815  20.4694549  20.4696018  20.4694815
  20.4696778  20.4689011  20.4696760  20.4695859  20.4694431  20.4695624
  20.4695858  20.4694431  20.4695623
 TTTTTTTTTTTTTTTTTTTTTTTTTTTTTT MOQGAD      TELAPSE     3791.12 TCPU     3788.72
 TTTTTTTTTTTTTTTTTTTTTTTTTTTTTT SHELLXN     TELAPSE     4375.07 TCPU     4372.60
 TTTTTTTTTTTTTTTTTTTTTTTTTTTTTT MONMO3      TELAPSE     4399.34 TCPU     4396.87
 NUMERICALLY INTEGRATED DENSITY   1511.9924051634
 TTTTTTTTTTTTTTTTTTTTTTTTTTTTTT NUMDFT      TELAPSE     4437.63 TCPU     4435.16
 CYC   5 ETOT(AU) -2.971869231661E+04 DETOT -4.52E-02 tst  3.99E-05 PX  8.83E-03
 TTTTTTTTTTTTTTTTTTTTTTTTTTTTTT DIIS        TELAPSE     4442.50 TCPU     4440.03
 DIIS TEST: 0.20206E-01 AT SCF   CYCLE   5 - DIIS ACTIVE - HISTORY:     5 CYCLES
 TTTTTTTTTTTTTTTTTTTTTTTTTTTTTT FDIK        TELAPSE     4459.11 TCPU     4456.62
 INSULATING STATE
 TOP OF VALENCE BANDS -    BAND    756; K    8; EIG -1.4865735E-01 AU
 TOP OF VALENCE BANDS -    BAND    756; K    1; EIG -1.6248633E-01 AU
 BOTTOM OF VIRTUAL BANDS - BAND    757; K    1; EIG -9.9637759E-03 AU
 INDIRECT ENERGY BAND GAP:   3.7740 eV
 TTTTTTTTTTTTTTTTTTTTTTTTTTTTTT PDIG        TELAPSE     4461.82 TCPU     4459.34
 CHARGE NORMALIZATION FACTOR   1.00000000
 TOTAL ATOMIC CHARGES:
   8.3379007   8.3381274   8.3379172   8.3379007   8.3381275   8.3379172
   8.3379060   8.3379302   8.3379101   8.3379202   8.3376939   8.3379046
   8.3379202   8.3376940   8.3379046   8.3379149   8.3378923   8.3379120
   8.3379102   8.3379113   8.3379111   8.3379102   8.3379114   8.3379110
   8.3379105   8.3379116   8.3379109   9.0373920   9.0373766   9.0373831
   9.0373865   9.0373838   9.0373801   9.0373865   9.0373838   9.0373801
   9.0371374   9.0377745   9.0372820   9.0372664   9.0375016   9.0373431
   9.0372663   9.0375016   9.0373430   9.0376309   9.0369955   9.0374873
   9.0374996   9.0372695   9.0374184   9.0374997   9.0372695   9.0374184
   9.0680885   9.0680895   9.0680920   9.0680885   9.0680895   9.0680920
   9.0680913   9.0680903   9.0680920   9.0680766   9.0680863   9.0680797
   9.0680765   9.0680863   9.0680797   9.0681221   9.0681438   9.0680965
   9.0681071   9.0680958   9.0681043   9.0681071   9.0680958   9.0681042
   9.0680604   9.0680376   9.0680874   9.0683889   9.0683870   9.0681287
   9.0681604   9.0681910   9.0681058   9.0681604   9.0681909   9.0681058
   9.0677769   9.0677913   9.0680561   9.0680226   9.0679914   9.0680781
   9.0680225   9.0679914   9.0680781   9.0680837   9.0680893   9.0680922
   9.0680913   9.0680902   9.0680920   9.0680913   9.0680902   9.0680920
  20.4885397  20.4885482  20.4885164  20.4885180  20.4885227  20.4885246
  20.4885180  20.4885226  20.4885245  20.4887612  20.4878717  20.4887428
  20.4885573  20.4883675  20.4885736  20.4885572  20.4883675  20.4885736
  20.4882896  20.4891694  20.4883048  20.4884896  20.4886758  20.4884744
  20.4884895  20.4886758  20.4884743
 TTTTTTTTTTTTTTTTTTTTTTTTTTTTTT MOQGAD      TELAPSE     4461.92 TCPU     4459.44
 TTTTTTTTTTTTTTTTTTTTTTTTTTTTTT SHELLXN     TELAPSE     5105.96 TCPU     5103.38
 TTTTTTTTTTTTTTTTTTTTTTTTTTTTTT MONMO3      TELAPSE     5129.75 TCPU     5127.17
 NUMERICALLY INTEGRATED DENSITY   1511.9924155889
 TTTTTTTTTTTTTTTTTTTTTTTTTTTTTT NUMDFT      TELAPSE     5162.08 TCPU     5159.50
 CYC   6 ETOT(AU) -2.971869595776E+04 DETOT -3.64E-03 tst  4.78E-06 PX  2.60E-03
 TTTTTTTTTTTTTTTTTTTTTTTTTTTTTT DIIS        TELAPSE     5166.65 TCPU     5164.07
 DIIS TEST: 0.49639E-03 AT SCF   CYCLE   6 - DIIS ACTIVE - HISTORY:     6 CYCLES
 TTTTTTTTTTTTTTTTTTTTTTTTTTTTTT FDIK        TELAPSE     5182.20 TCPU     5179.60
 INSULATING STATE
 TOP OF VALENCE BANDS -    BAND    756; K    8; EIG -1.4791962E-01 AU
 TOP OF VALENCE BANDS -    BAND    756; K    1; EIG -1.6181035E-01 AU
 BOTTOM OF VIRTUAL BANDS - BAND    757; K    1; EIG -9.2856353E-03 AU
 INDIRECT ENERGY BAND GAP:   3.7724 eV
 TTTTTTTTTTTTTTTTTTTTTTTTTTTTTT PDIG        TELAPSE     5184.70 TCPU     5182.10
 CHARGE NORMALIZATION FACTOR   1.00000000
 TOTAL ATOMIC CHARGES:
   8.3395012   8.3397113   8.3395075   8.3395013   8.3397114   8.3395074
   8.3395031   8.3395173   8.3395029   8.3395079   8.3392978   8.3395025
   8.3395079   8.3392978   8.3395024   8.3395062   8.3394935   8.3395073
   8.3395042   8.3395055   8.3395052   8.3395042   8.3395056   8.3395051
   8.3395046   8.3395058   8.3395050   9.0379929   9.0380032   9.0379731
   9.0379781   9.0379874   9.0379830   9.0379781   9.0379874   9.0379830
   9.0383901   9.0372315   9.0381687   9.0380909   9.0377730   9.0380527
   9.0380909   9.0377729   9.0380527   9.0375798   9.0387357   9.0378028
   9.0378786   9.0381939   9.0379104   9.0378787   9.0381939   9.0379104
   9.0673922   9.0673965   9.0673963   9.0673922   9.0673965   9.0673963
   9.0673956   9.0673962   9.0673962   9.0674542   9.0673247   9.0674258
   9.0674542   9.0673247   9.0674257   9.0673969   9.0673224   9.0674064
   9.0673390   9.0674655   9.0673683   9.0673390   9.0674655   9.0673682
   9.0673960   9.0674682   9.0673867   9.0674307   9.0674195   9.0673761
   9.0673477   9.0673554   9.0674108   9.0673477   9.0673554   9.0674107
   9.0673462   9.0673724   9.0674178   9.0674437   9.0674341   9.0673832
   9.0674437   9.0674341   9.0673832   9.0673890   9.0673969   9.0673961
   9.0673962   9.0673962   9.0673963   9.0673962   9.0673961   9.0673963
  20.4877268  20.4876955  20.4877359  20.4877283  20.4877155  20.4877173
  20.4877283  20.4877155  20.4877172  20.4872180  20.4892927  20.4872119
  20.4875763  20.4879783  20.4875956  20.4875763  20.4879783  20.4875956
  20.4882251  20.4861515  20.4882210  20.4878580  20.4874653  20.4878430
  20.4878579  20.4874653  20.4878430
 TTTTTTTTTTTTTTTTTTTTTTTTTTTTTT MOQGAD      TELAPSE     5184.76 TCPU     5182.16
 TTTTTTTTTTTTTTTTTTTTTTTTTTTTTT SHELLXN     TELAPSE     5828.32 TCPU     5825.62
 TTTTTTTTTTTTTTTTTTTTTTTTTTTTTT MONMO3      TELAPSE     5840.53 TCPU     5837.82
 NUMERICALLY INTEGRATED DENSITY   1511.9924090619
 TTTTTTTTTTTTTTTTTTTTTTTTTTTTTT NUMDFT      TELAPSE     5856.97 TCPU     5854.27
 CYC   7 ETOT(AU) -2.971869602081E+04 DETOT -6.30E-05 tst  1.77E-07 PX  1.72E-03
 TTTTTTTTTTTTTTTTTTTTTTTTTTTTTT DIIS        TELAPSE     5861.86 TCPU     5859.16
 DIIS TEST: 0.64795E-04 AT SCF   CYCLE   7 - DIIS ACTIVE - HISTORY:     7 CYCLES
 TTTTTTTTTTTTTTTTTTTTTTTTTTTTTT FDIK        TELAPSE     5878.69 TCPU     5875.97
 INSULATING STATE
 TOP OF VALENCE BANDS -    BAND    756; K    8; EIG -1.4787126E-01 AU
 TOP OF VALENCE BANDS -    BAND    756; K    1; EIG -1.6173005E-01 AU
 BOTTOM OF VIRTUAL BANDS - BAND    757; K    1; EIG -9.3487004E-03 AU
 INDIRECT ENERGY BAND GAP:   3.7694 eV
 TTTTTTTTTTTTTTTTTTTTTTTTTTTTTT PDIG        TELAPSE     5881.43 TCPU     5878.72
 CHARGE NORMALIZATION FACTOR   1.00000000
 TOTAL ATOMIC CHARGES:
   8.3395241   8.3397733   8.3395490   8.3395241   8.3397734   8.3395490
   8.3395323   8.3395663   8.3395397   8.3395568   8.3393085   8.3395331
   8.3395568   8.3393086   8.3395330   8.3395486   8.3395165   8.3395426
   8.3395403   8.3395414   8.3395411   8.3395403   8.3395415   8.3395411
   8.3395407   8.3395417   8.3395410   9.0377160   9.0376810   9.0377170
   9.0377169   9.0377047   9.0377019   9.0377169   9.0377047   9.0377019
   9.0369464   9.0389868   9.0373720   9.0374135   9.0380869   9.0375820
   9.0374135   9.0380869   9.0375820   9.0384682   9.0364313   9.0380440
   9.0379978   9.0373351   9.0378265   9.0379979   9.0373351   9.0378264
   9.0671252   9.0671235   9.0671283   9.0671252   9.0671235   9.0671282
   9.0671274   9.0671254   9.0671284   9.0670618   9.0672026   9.0670838
   9.0670618   9.0672025   9.0670838   9.0671601   9.0672606   9.0671130
   9.0671937   9.0670523   9.0671714   9.0671937   9.0670523   9.0671714
   9.0670933   9.0669931   9.0671431   9.0675445   9.0675117   9.0671664
   9.0672534   9.0673058   9.0671255   9.0672534   9.0673058   9.0671254
   9.0666922   9.0667362   9.0670905   9.0670023   9.0669497   9.0671294
   9.0670022   9.0669497   9.0671294   9.0671190   9.0671229   9.0671289
   9.0671271   9.0671254   9.0671284   9.0671271   9.0671254   9.0671284
  20.4885212  20.4885583  20.4884692  20.4884811  20.4885004  20.4885020
  20.4884810  20.4885004  20.4885020  20.4893856  20.4860860  20.4893731
  20.4886791  20.4880096  20.4887015  20.4886791  20.4880096  20.4887015
  20.4876139  20.4908975  20.4876287  20.4883203  20.4889765  20.4882962
  20.4883201  20.4889765  20.4882962
 TTTTTTTTTTTTTTTTTTTTTTTTTTTTTT MOQGAD      TELAPSE     5881.49 TCPU     5878.78
 TTTTTTTTTTTTTTTTTTTTTTTTTTTTTT SHELLXN     TELAPSE     6537.03 TCPU     6534.24
 TTTTTTTTTTTTTTTTTTTTTTTTTTTTTT MONMO3      TELAPSE     6549.87 TCPU     6547.07
 NUMERICALLY INTEGRATED DENSITY   1511.9924094673
 TTTTTTTTTTTTTTTTTTTTTTTTTTTTTT NUMDFT      TELAPSE     6568.46 TCPU     6565.66
 CYC   8 ETOT(AU) -2.971869602515E+04 DETOT -4.35E-06 tst  1.20E-08 PX  3.34E-04
 TTTTTTTTTTTTTTTTTTTTTTTTTTTTTT DIIS        TELAPSE     6573.58 TCPU     6570.78
 DIIS TEST: 0.38816E-04 AT SCF   CYCLE   8 - DIIS ACTIVE - HISTORY:     8 CYCLES
 TTTTTTTTTTTTTTTTTTTTTTTTTTTTTT FDIK        TELAPSE     6590.15 TCPU     6587.34
 INSULATING STATE
 TOP OF VALENCE BANDS -    BAND    756; K    8; EIG -1.4786991E-01 AU
 TOP OF VALENCE BANDS -    BAND    756; K    1; EIG -1.6174714E-01 AU
 BOTTOM OF VIRTUAL BANDS - BAND    757; K    1; EIG -9.3722693E-03 AU
 INDIRECT ENERGY BAND GAP:   3.7687 eV
 TTTTTTTTTTTTTTTTTTTTTTTTTTTTTT PDIG        TELAPSE     6592.88 TCPU     6590.07
 CHARGE NORMALIZATION FACTOR   1.00000000
 TOTAL ATOMIC CHARGES:
   8.3395311   8.3397520   8.3395429   8.3395311   8.3397521   8.3395429
   8.3395345   8.3395540   8.3395366   8.3395438   8.3393231   8.3395329
   8.3395439   8.3393232   8.3395329   8.3395405   8.3395226   8.3395395
   8.3395371   8.3395384   8.3395381   8.3395372   8.3395384   8.3395381
   8.3395375   8.3395387   8.3395379   9.0376390   9.0376358   9.0376247
   9.0376297   9.0376328   9.0376286   9.0376297   9.0376328   9.0376286
   9.0376983   9.0374918   9.0376697   9.0376177   9.0375941   9.0376414
   9.0376177   9.0375941   9.0376414   9.0375653   9.0377738   9.0375946
   9.0376441   9.0376698   9.0376149   9.0376442   9.0376697   9.0376149
   9.0670707   9.0670731   9.0670744   9.0670707   9.0670731   9.0670744
   9.0670737   9.0670734   9.0670744   9.0670917   9.0670294   9.0670819
   9.0670917   9.0670294   9.0670818   9.0670985   9.0670747   9.0670882
   9.0670572   9.0671175   9.0670678   9.0670572   9.0671175   9.0670677
   9.0670497   9.0670718   9.0670608   9.0672793   9.0672823   9.0671025
   9.0671016   9.0671217   9.0670966   9.0671015   9.0671217   9.0670966
   9.0668524   9.0668631   9.0670473   9.0670462   9.0670251   9.0670529
   9.0670462   9.0670250   9.0670529   9.0670665   9.0670737   9.0670744
   9.0670740   9.0670734   9.0670744   9.0670740   9.0670734   9.0670743
  20.4886965  20.4886870  20.4886894  20.4886851  20.4886812  20.4886833
  20.4886851  20.4886812  20.4886832  20.4885432  20.4890668  20.4885247
  20.4886307  20.4887230  20.4886464  20.4886307  20.4887230  20.4886464
  20.4888282  20.4882960  20.4888405  20.4887349  20.4886445  20.4887220
  20.4887348  20.4886446  20.4887220
 TTTTTTTTTTTTTTTTTTTTTTTTTTTTTT MOQGAD      TELAPSE     6592.99 TCPU     6590.18
 TTTTTTTTTTTTTTTTTTTTTTTTTTTTTT SHELLXN     TELAPSE     7080.61 TCPU     7077.14
 TTTTTTTTTTTTTTTTTTTTTTTTTTTTTT MONMO3      TELAPSE     7093.29 TCPU     7089.80
 NUMERICALLY INTEGRATED DENSITY   1511.9924095646
 TTTTTTTTTTTTTTTTTTTTTTTTTTTTTT NUMDFT      TELAPSE     7111.90 TCPU     7108.36
 CYC   9 ETOT(AU) -2.971869603031E+04 DETOT -5.16E-06 tst  3.17E-09 PX  2.09E-04
 TTTTTTTTTTTTTTTTTTTTTTTTTTTTTT DIIS        TELAPSE     7118.00 TCPU     7114.44
 DIIS TEST: 0.10670E-05 AT SCF   CYCLE   9 - DIIS ACTIVE - HISTORY:     9 CYCLES
 TTTTTTTTTTTTTTTTTTTTTTTTTTTTTT FDIK        TELAPSE     7135.04 TCPU     7131.23
 INSULATING STATE
 TOP OF VALENCE BANDS -    BAND    756; K    8; EIG -1.4788059E-01 AU
 TOP OF VALENCE BANDS -    BAND    756; K    1; EIG -1.6176468E-01 AU
 BOTTOM OF VIRTUAL BANDS - BAND    757; K    1; EIG -9.3857407E-03 AU
 INDIRECT ENERGY BAND GAP:   3.7686 eV
 TTTTTTTTTTTTTTTTTTTTTTTTTTTTTT PDIG        TELAPSE     7137.78 TCPU     7133.96
 CHARGE NORMALIZATION FACTOR   1.00000000
 TOTAL ATOMIC CHARGES:
   8.3395234   8.3397486   8.3395369   8.3395234   8.3397487   8.3395369
   8.3395284   8.3395499   8.3395311   8.3395419   8.3393171   8.3395293
   8.3395419   8.3393172   8.3395292   8.3395370   8.3395171   8.3395354
   8.3395324   8.3395336   8.3395333   8.3395324   8.3395337   8.3395332
   8.3395327   8.3395339   8.3395331   9.0376275   9.0376198   9.0376167
   9.0376184   9.0376188   9.0376155   9.0376184   9.0376188   9.0376155
   9.0375556   9.0376520   9.0375882   9.0375686   9.0376382   9.0376111
   9.0375685   9.0376382   9.0376111   9.0376822   9.0375822   9.0376516
   9.0376677   9.0375995   9.0376201   9.0376678   9.0375994   9.0376201
   9.0670703   9.0670723   9.0670740   9.0670703   9.0670723   9.0670740
   9.0670731   9.0670728   9.0670739   9.0670850   9.0670684   9.0670740
   9.0670850   9.0670684   9.0670739   9.0670768   9.0670713   9.0670655
   9.0670628   9.0670768   9.0670741   9.0670628   9.0670768   9.0670740
   9.0670699   9.0670742   9.0670826   9.0672204   9.0671892   9.0670531
   9.0670752   9.0671001   9.0670702   9.0670752   9.0671001   9.0670702
   9.0669102   9.0669550   9.0670959   9.0670716   9.0670453   9.0670777
   9.0670716   9.0670453   9.0670777   9.0670658   9.0670719   9.0670740
   9.0670734   9.0670728   9.0670740   9.0670734   9.0670728   9.0670740
  20.4887157  20.4887097  20.4886989  20.4887013  20.4887018  20.4887031
  20.4887013  20.4887017  20.4887031  20.4887929  20.4887363  20.4887893
  20.4886912  20.4886705  20.4887145  20.4886912  20.4886705  20.4887145
  20.4886164  20.4886727  20.4886136  20.4887123  20.4887344  20.4886908
  20.4887121  20.4887345  20.4886908
 TTTTTTTTTTTTTTTTTTTTTTTTTTTTTT MOQGAD      TELAPSE     7137.84 TCPU     7134.01
 TTTTTTTTTTTTTTTTTTTTTTTTTTTTTT SHELLXN     TELAPSE     7525.87 TCPU     7521.51
 TTTTTTTTTTTTTTTTTTTTTTTTTTTTTT MONMO3      TELAPSE     7538.29 TCPU     7533.77
 NUMERICALLY INTEGRATED DENSITY   1511.9924095310
 TTTTTTTTTTTTTTTTTTTTTTTTTTTTTT NUMDFT      TELAPSE     7556.87 TCPU     7552.15
 CYC  10 ETOT(AU) -2.971869602937E+04 DETOT  9.41E-07 tst  3.85E-10 PX  1.57E-04
 TTTTTTTTTTTTTTTTTTTTTTTTTTTTTT DIIS        TELAPSE     7563.07 TCPU     7558.18
 DIIS TEST: 0.18544E-06 AT SCF   CYCLE  10 - DIIS ACTIVE - HISTORY:    10 CYCLES
 TTTTTTTTTTTTTTTTTTTTTTTTTTTTTT FDIK        TELAPSE     7580.98 TCPU     7575.78
 INSULATING STATE
 TOP OF VALENCE BANDS -    BAND    756; K    8; EIG -1.4788239E-01 AU
 TOP OF VALENCE BANDS -    BAND    756; K    1; EIG -1.6175809E-01 AU
 BOTTOM OF VIRTUAL BANDS - BAND    757; K    1; EIG -9.3874570E-03 AU
 INDIRECT ENERGY BAND GAP:   3.7686 eV
 TTTTTTTTTTTTTTTTTTTTTTTTTTTTTT PDIG        TELAPSE     7583.77 TCPU     7578.51
 CHARGE NORMALIZATION FACTOR   1.00000000
 TOTAL ATOMIC CHARGES:
   8.3395238   8.3397482   8.3395372   8.3395238   8.3397483   8.3395372
   8.3395278   8.3395492   8.3395306   8.3395391   8.3393149   8.3395267
   8.3395391   8.3393150   8.3395266   8.3395352   8.3395154   8.3395335
   8.3395312   8.3395323   8.3395321   8.3395312   8.3395324   8.3395320
   8.3395315   8.3395327   8.3395319   9.0376282   9.0376214   9.0376158
   9.0376200   9.0376215   9.0376173   9.0376200   9.0376215   9.0376173
   9.0375877   9.0376556   9.0376143   9.0375726   9.0376356   9.0376139
   9.0375726   9.0376356   9.0376139   9.0376534   9.0375884   9.0376278
   9.0376669   9.0376074   9.0376204   9.0376670   9.0376074   9.0376204
   9.0670707   9.0670727   9.0670744   9.0670707   9.0670727   9.0670743
   9.0670737   9.0670732   9.0670744   9.0670827   9.0670494   9.0670759
   9.0670827   9.0670494   9.0670758   9.0670965   9.0670885   9.0670826
   9.0670660   9.0670975   9.0670735   9.0670660   9.0670975   9.0670734
   9.0670514   9.0670580   9.0670662   9.0672921   9.0672843   9.0670982
   9.0671094   9.0671340   9.0670923   9.0671094   9.0671340   9.0670923
   9.0668393   9.0668605   9.0670515   9.0670383   9.0670128   9.0670569
   9.0670383   9.0670128   9.0670569   9.0670663   9.0670730   9.0670745
   9.0670738   9.0670732   9.0670744   9.0670738   9.0670731   9.0670744
  20.4887149  20.4887110  20.4887023  20.4887000  20.4886988  20.4887010
  20.4887000  20.4886988  20.4887010  20.4886895  20.4887306  20.4886752
  20.4886779  20.4886724  20.4886957  20.4886779  20.4886724  20.4886957
  20.4887164  20.4886652  20.4887260  20.4887227  20.4887279  20.4887072
  20.4887226  20.4887280  20.4887072
 TTTTTTTTTTTTTTTTTTTTTTTTTTTTTT MOQGAD      TELAPSE     7583.84 TCPU     7578.57
 TTTTTTTTTTTTTTTTTTTTTTTTTTTTTT SHELLXN     TELAPSE     7974.34 TCPU     7969.02
 +++ ENERGIES IN A.U. +++
 ::: EXT EL-POLE                                  -3.9294304627461E+04
 ::: EXT EL-SPHEROPOLE                             3.7468170545521E+02
 ::: BIELET ZONE E-E                               4.6919231221886E+04
 ::: TOTAL E-E                                     7.9996082998798E+03
 ::: TOTAL E-N + N-E                              -5.9831076330567E+04
 ::: TOTAL N-N                                    -5.6027146805973E+03
 ::: KINETIC ENERGY                                2.9176777571847E+04
 ::: PSEUDO TOTAL   ENERGY                        -2.8257405139437E+04
 ::: VIRIAL COEFFICIENT                            1.0160074086373E+00
 TTTTTTTTTTTTTTTTTTTTTTTTTTTTTT MONMO3      TELAPSE     7986.94 TCPU     7981.61
 NUMERICALLY INTEGRATED DENSITY   1511.9924095401
 EXCHANGE ENERGY: -0.140330708716E+04  CORRELATION ENERGY: -0.579838027269E+02
 TTTTTTTTTTTTTTTTTTTTTTTTTTTTTT NUMDFT      TELAPSE     8005.49 TCPU     8000.16
 CYC  11 ETOT(AU) -2.971869602932E+04 DETOT  4.84E-08 tst  4.68E-11 PX  1.57E-04

 == SCF ENDED - CONVERGENCE ON ENERGY      E(AU) -2.9718696029322E+04 CYCLES  11


 ENERGY EXPRESSION=HARTREE+FOCK EXCH*0.25000+(PBE        EXCH)*0.75000+PBE        CORR


 TOTAL ENERGY(DFT)(AU)( 11) -2.9718696029322E+04 DE 4.8E-08 tester 4.7E-11
 TTTTTTTTTTTTTTTTTTTTTTTTTTTTTT EDFT        TELAPSE     8005.60 TCPU     8000.18

 *******************************************************************************
 *                             FORCE CALCULATION                               *
 *******************************************************************************

 TTTTTTTTTTTTTTTTTTTTTTTTTTTTTT NUMDFG      TELAPSE     8132.33 TCPU     8126.70
 INFORMATION **** EXCPOG **** EXCH. BIPO BUFFER LENGTH (WORDS) =    91257336
 INFORMATION **** GENPOG **** BIPO BUFFER LENGTH (WORDS) =    12783800
 TTTTTTTTTTTTTTTTTTTTTTTTTTTTTT SHELXG      TELAPSE     9811.17 TCPU     9805.11

 CARTESIAN FORCES IN HARTREE/BOHR (ANALYTICAL)
   ATOM                     X                   Y                   Z
   1 256             7.210450000850E-06 -1.644580601091E-05  1.844746487498E-04
   2 256             7.460001084946E-05 -1.377259854252E-05  2.216808671270E-04
   3 256             8.024438574446E-06 -1.002079668616E-05  2.252858418974E-04
   4 256             7.208026811504E-06  1.637180919024E-05  1.844703761726E-04
   5 256             7.459152768977E-05  1.381957877979E-05  2.217025438590E-04
   6 256             8.017560031162E-06  9.911557993000E-06  2.253835940203E-04
   7 256             3.594145807003E-06 -2.284734127552E-08  2.047904648933E-04
   8 256             9.359251333917E-06  3.426041854187E-08  2.115879089853E-04
   9 256             3.548495388836E-06 -1.386464392942E-08  2.135393380035E-04
  10 256             7.653109955200E-06  1.635381683737E-05  2.332703425981E-04
  11 256             7.819484429222E-05  8.949641261304E-06  1.973372405084E-04
  12 256             8.196244982650E-06  9.970078332804E-06  1.946908915579E-04
  13 256             7.647204804918E-06 -1.643529130151E-05  2.332712607593E-04
  14 256             7.819766973092E-05 -8.911715394315E-06  1.973571334339E-04
  15 256             8.196184081599E-06 -1.008620058772E-05  1.947898489989E-04
  16 256             3.074447698827E-06 -2.630534422567E-08  2.126791823606E-04
  17 256             9.542268695685E-06  3.466023089672E-08  2.100745010962E-04
  18 256             3.572318559726E-06 -2.068568628764E-08  2.067154604536E-04
  19 256            -1.342042295164E-05  2.724317391971E-07  2.087147920436E-04
  20 256            -4.014468617858E-05  1.656218024611E-06  2.108388865471E-04
  21 256            -1.411898140966E-05  6.772555785382E-09  2.101492586235E-04
  22 256            -1.342389553793E-05 -3.666570196376E-07  2.087223110928E-04
  23 256            -4.014529372799E-05 -1.622388997107E-06  2.108501543296E-04
  24 256            -1.412583515676E-05 -1.297214893763E-07  2.102498368466E-04
  25 256            -7.394375365634E-06 -2.737033824742E-08  2.089209957303E-04
  26 256            -1.849824735345E-05  3.415659191822E-08  2.105956242416E-04
  27 256            -7.455379051493E-06 -2.704695964654E-08  2.102969285355E-04
  28   8            -1.477598530513E-03  3.225969471844E-10 -1.370307849609E-04
  29   8            -2.886057268340E-06 -1.947279102441E-08 -1.377380931045E-04
  30   8            -2.890258444861E-06  1.056842026231E-09 -1.349810815574E-04
  31   8            -4.030864793446E-05  6.481460753065E-07 -1.375678741242E-04
  32   8            -8.495556929704E-06 -7.293135035657E-08 -1.375530226770E-04
  33   8            -8.475719669766E-06 -3.583152521761E-07 -1.368769471064E-04
  34   8            -4.030535527118E-05 -6.672573909523E-07 -1.375613204457E-04
  35   8            -8.497725379058E-06  8.441121930645E-08 -1.375586921064E-04
  36   8            -8.477613481179E-06  3.748492547355E-07 -1.368763981020E-04
  37   8             5.514710570370E-05  9.115388805428E-10 -1.355734799606E-04
  38   8             1.829886339943E-05 -1.514905913506E-08 -1.057528186097E-04
  39   8             1.750674697487E-05  4.635900139741E-09 -1.673720280211E-04
  40   8             3.653184642488E-05  3.129953450384E-05 -1.529102135782E-04
  41   8             4.039753610382E-06  2.110781109621E-06 -1.285746201418E-04
  42   8             4.172635047965E-06  2.272988605281E-06 -1.444049338364E-04
  43   8             3.653501471221E-05 -3.131282772639E-05 -1.529039785941E-04
  44   8             4.037336035005E-06 -2.092752345821E-06 -1.285774413118E-04
  45   8             4.170461135208E-06 -2.250743818040E-06 -1.444043244705E-04
  46   8             5.511277546105E-05  4.240772994224E-09 -1.391435766278E-04
  47   8             1.785814154178E-05 -1.696661688824E-08 -1.690244305923E-04
  48   8             1.818635750122E-05  2.997406638681E-09 -1.067483196824E-04
  49   8             3.687547133310E-05 -3.174931527405E-05 -1.222467793331E-04
  50   8             4.117824369606E-06 -2.108818856163E-06 -1.464592860190E-04
  51   8             4.028377798342E-06 -2.060504605331E-06 -1.297747965543E-04
  52   8             3.687849005120E-05  3.174677641483E-05 -1.222498832272E-04
  53   8             4.116289485630E-06  2.123382096174E-06 -1.464633148460E-04
  54   8             4.026985208180E-06  2.079926162287E-06 -1.297745081681E-04
  55   8            -7.675853922649E-05  1.111856368787E-06 -2.782322718575E-05
  56   8            -7.208316766773E-05  4.219629600147E-07 -3.183826324649E-05
  57   8            -8.208361409770E-06  2.313011320507E-07 -3.092238597202E-05
  58   8            -7.675270821006E-05 -1.274597308123E-06 -2.782113251776E-05
  59   8            -7.209226864038E-05 -6.991749238932E-07 -3.183806504214E-05
  60   8            -8.187175676974E-06 -2.166424251444E-08 -3.093747866445E-05
  61   8            -9.457180553270E-06 -8.445990635576E-08 -3.100668836487E-05
  62   8            -1.092170178054E-05 -1.491461717326E-07 -3.119868216550E-05
  63   8            -4.089924087713E-06  9.378655044931E-08 -3.100397643152E-05
  64   8             2.459235286783E-05 -2.689186051574E-05 -4.702744016849E-05
  65   8             2.544340626881E-05 -1.870589403163E-05 -1.265867208411E-05
  66   8             3.760224735254E-06 -4.428367308357E-06 -3.061644496527E-05
  67   8             2.459748157123E-05  2.672207073503E-05 -4.702250175748E-05
  68   8             2.544288091985E-05  1.842670643268E-05 -1.266107263764E-05
  69   8             3.781530776343E-06  4.636663913153E-06 -3.062953111499E-05
  70   8             5.568429173177E-06 -8.448548056080E-08 -3.540949760183E-05
  71   8             5.046073806610E-06 -1.497317439151E-07 -2.921267980960E-05
  72   8             2.112207371482E-06  9.392152583978E-08 -3.098482905606E-05
  73   8             2.574734156011E-05  2.635485553630E-05 -1.431127806129E-05
  74   8             2.571905193083E-05  1.812305639789E-05 -4.975676969732E-05
  75   8             3.739623782946E-06  4.559277072552E-06 -3.127400425917E-05
  76   8             2.574525470469E-05 -2.652249465473E-05 -1.430628931098E-05
  77   8             2.570764177004E-05 -1.840037041623E-05 -4.976076542307E-05
  78   8             3.758847743125E-06 -4.350423214228E-06 -3.128758860216E-05
  79   8             4.563861543124E-06 -8.476068140767E-08 -2.455096101572E-05
  80   8             5.135388467565E-06 -1.497230152850E-07 -3.330944895708E-05
  81   8             2.032982946509E-06  9.382761994802E-08 -3.103795652648E-05
  82   8             2.038789188256E-04 -1.876896960708E-08  2.653947161242E-04
  83   8             1.234466497710E-04 -6.264372814445E-09 -2.327288173563E-04
  84   8            -9.717684026390E-06  4.756314677675E-08 -3.258260068217E-05
  85   8            -1.919624952901E-05 -1.451235747839E-05 -1.673183777995E-05
  86   8            -1.636608464643E-05 -1.784714582340E-05 -5.463537683914E-05
  87   8            -5.494545273544E-06 -2.998547137466E-06 -3.125828926476E-05
  88   8            -1.919648647664E-05  1.449461771472E-05 -1.673082092202E-05
  89   8            -1.636525772717E-05  1.791602930132E-05 -5.463385087912E-05
  90   8            -5.494729041982E-06  2.992255576918E-06 -3.125742811250E-05
  91   8             2.055337447993E-04 -1.455008505284E-08 -3.259277701952E-04
  92   8             1.242422866349E-04 -7.066606587057E-09  1.706947081659E-04
  93   8            -1.010450117582E-05  6.879112773081E-08 -2.932134322342E-05
  94   8            -1.948742519501E-05  1.322686193276E-05 -4.449486433300E-05
  95   8            -1.659772766371E-05  1.799071512350E-05 -7.666763381931E-06
  96   8            -5.639941840955E-06  3.105043126996E-06 -3.067567822734E-05
  97   8            -1.948466965913E-05 -1.324041301580E-05 -4.449485422908E-05
  98   8            -1.659676854863E-05 -1.793364859328E-05 -7.666549943330E-06
  99   8            -5.639283553111E-06 -3.070727818951E-06 -3.067530063472E-05
 100   8             9.364515393430E-05 -7.443465965433E-09 -3.074332190223E-05
 101   8             7.697990349559E-05 -7.396966751937E-09 -3.162041235516E-05
 102   8             2.302540185037E-05  9.009734476505E-08 -3.097162996912E-05
 103   8             3.975375163742E-05  5.550722299769E-07 -3.005449812843E-05
 104   8             2.802077327301E-05  4.780737917027E-08 -3.120857972938E-05
 105   8             1.147603112028E-05  1.070010197502E-07 -3.100688853053E-05
 106   8             3.975386880673E-05 -5.636704937483E-07 -3.005323541716E-05
 107   8             2.802073343214E-05 -2.036005903025E-09 -3.120853894867E-05
 108   8             1.147593527234E-05 -3.232509352447E-08 -3.100793281585E-05
 109  22             5.700839712400E-04  1.088264147147E-07 -1.489879841765E-05
 110  22             3.258592000907E-04  1.323284031798E-07 -1.007373042494E-05
 111  22             2.591728859586E-05 -4.901630017873E-08 -1.088674979988E-05
 112  22             5.326743327566E-05  1.984804947003E-06 -1.076968699243E-05
 113  22             5.122364114252E-05  3.472519845525E-07 -1.076061224570E-05
 114  22             1.552928562316E-05  3.042115541863E-08 -1.055434152741E-05
 115  22             5.327666024332E-05 -1.755020679949E-06 -1.078063488702E-05
 116  22             5.123673208780E-05 -1.184389605840E-07 -1.076378144838E-05
 117  22             1.553732542410E-05 -1.893894381771E-07 -1.055940236538E-05
 118  22            -1.793148180060E-04  9.162751641149E-08  1.652942954911E-05
 119  22            -1.304603454645E-04  1.056116307192E-07 -5.085649082570E-05
 120  22            -1.211647326889E-05 -6.022109482178E-08 -5.188470261430E-06
 121  22            -2.607226413138E-05 -2.616389226635E-05  2.010605647396E-05
 122  22            -2.597191550741E-05 -2.443234669220E-05 -3.065551315684E-05
 123  22            -7.744625861693E-06 -3.470554452896E-06 -9.153688291352E-06
 124  22            -2.606353333787E-05  2.635884878595E-05  2.009367478006E-05
 125  22            -2.595886578435E-05  2.461610868615E-05 -3.066038778154E-05
 126  22            -7.736621527527E-06  3.286814915316E-06 -9.158842369850E-06
 127  22            -1.815402250718E-04  1.000875096897E-07 -3.849349622964E-05
 128  22            -1.295304608818E-04  1.186097236681E-07  2.985731541427E-05
 129  22            -1.243444840450E-05 -5.251042526872E-08 -1.584018345246E-05
 130  22            -2.619604555616E-05  2.631316106885E-05 -4.197328899513E-05
 131  22            -2.596737153421E-05  2.444535523397E-05  9.031211531063E-06
 132  22            -7.951876446680E-06  3.369032515970E-06 -1.175212585247E-05
 133  22            -2.618969450277E-05 -2.610600298061E-05 -4.197398244887E-05
 134  22            -2.595645834019E-05 -2.423805223143E-05  9.027429932029E-06
 135  22            -7.946935691618E-06 -3.540659118677E-06 -1.175277766574E-05

 RESULTANT FORCE     5.043252490969E-12  2.602826184835E-12  2.779780572393E-11

 SYMMETRY ALLOWED FORCES (ANALYTICAL) (DIRECTION, FORCE)

    1  7.2373046E-06    2 -1.6507057E-05    3  1.8516171E-04    4  7.4933948E-05
    5 -1.3947469E-05    6  2.2389454E-04    7  8.6722186E-06    8 -1.0286748E-05
    9  2.2920293E-04   10  7.9186461E-06   11  1.6128174E-05   12  1.8997499E-04
   13  7.5621498E-05   14  1.3689736E-05   15  2.2880586E-04   16  9.3739483E-06
   17  9.8723108E-06   18  2.3426801E-04   19  5.0062388E-06   20 -2.3996796E-08
   21  2.1541772E-04   22  1.0833262E-05   23  3.3147144E-08   24  2.2393145E-04
   25  5.0851332E-06   26 -1.4906477E-08   27  2.2766085E-04   28  9.2466531E-06
   29  1.6417997E-05   30  2.4928468E-04   31  8.0146530E-05   32  9.1158989E-06
   33  2.1520929E-04   34  1.0512930E-05   35  1.0214290E-05   36  2.1429482E-04
   37  1.0047466E-05   38 -1.6215694E-05   39  2.5478236E-04   40  8.0971558E-05
   41 -8.7945579E-06   42  2.2081714E-04   43  1.1350979E-05   44 -1.0046912E-05
   45  2.2007172E-04   46  6.3027571E-06   47 -2.8912568E-08   48  2.3987770E-04
   49  1.2851115E-05   50  3.2066799E-08   51  2.3928632E-04   52  6.9650798E-06
   53 -2.3242222E-08   54  2.3794948E-04   55 -1.0040962E-05   56  2.7093642E-07
   57  2.4199993E-04   58 -3.6968102E-05   59  1.6630720E-06   60  2.4622852E-04
   61 -1.1151371E-05   62  2.0932799E-08   63  2.4768638E-04   64 -1.0551468E-05
   65 -3.5396105E-07   66  2.4843543E-04   67 -3.7485686E-05   68 -1.6184329E-06
   69  2.5278111E-04   70 -1.1685486E-05   71 -1.3357212E-07   72  2.5444524E-04
   73 -5.0292514E-06   74 -3.1965611E-08   75  2.5541309E-04   76 -1.6229872E-05
   77  2.9550979E-08   78  2.5942797E-04   79 -5.2855848E-06   80 -3.1662904E-08
   81  2.6151898E-04   82 -1.4823318E-03   83 -4.4602949E-09   84 -8.4995194E-05
   85 -1.4598335E-05   86 -2.4390720E-08   87 -8.6503926E-05   88 -1.4740932E-05
   89 -3.9947551E-09   90 -8.4553777E-05   91 -5.2479852E-05   92  6.4615981E-07
   93 -8.7962122E-05   94 -2.1019765E-05   95 -7.2166298E-08   96 -8.8797094E-05
   97 -2.1204907E-05   98 -3.5964981E-07   99 -8.8984046E-05  100 -5.3400647E-05
  101 -6.7366103E-07  102 -9.0548510E-05  103 -2.1965738E-05  104  7.5053316E-08
  105 -9.1446871E-05  106 -2.2166291E-05  107  3.6770885E-07  108 -9.1680227E-05
  109  4.1557176E-05  110 -4.3986906E-09  111 -9.1301466E-05  112  4.9457197E-06
  113 -2.0586979E-08  114 -6.2263934E-05  115  4.2007407E-06  116 -9.1258213E-10
  117 -1.2484848E-04  118  2.3369698E-05  119  3.1458255E-05  120 -1.1161810E-04
  121 -9.0474624E-06  122  2.4475542E-06  123 -8.8334585E-05  124 -9.0106355E-06
  125  2.6368092E-06  126 -1.0519456E-04  127  2.3429736E-05  128 -3.1102539E-05
  129 -1.1487694E-04  130 -8.9899430E-06  131 -2.0622805E-06  132 -9.1672633E-05
  133 -8.9554198E-06  134 -2.2439356E-06  135 -1.0860019E-04  136  4.2172224E-05
  137 -1.3906307E-09  138 -1.0452342E-04  139  5.1830516E-06  140 -2.2733891E-08
  141 -1.3575466E-04  142  5.5723853E-06  143 -2.9152835E-09  144 -7.4673196E-05
  145  2.4434266E-05  146 -3.1939335E-05  147 -9.1124805E-05  148 -8.2297195E-06
  149 -2.4985643E-06  150 -1.1654515E-04  151 -8.4170934E-06  152 -2.4795331E-06
  153 -1.0114092E-04  154  2.4529511E-05  155  3.1501100E-05  156 -9.4782121E-05
  157 -8.1345150E-06  158  2.0794684E-06  159 -1.2029166E-04  160 -8.3241825E-06
  161  2.0612610E-06  162 -1.0497618E-04  163 -8.9716458E-05  164  1.1127662E-06
  165 -3.6937873E-06  166 -8.6140142E-05  167  4.3251776E-07  168 -7.7806197E-06
  169 -2.2954557E-05  170  2.4614763E-07  171 -6.9580102E-06  172 -9.2238761E-05
  173 -1.2663216E-06  174 -3.9264682E-06  175 -8.8753548E-05  176 -7.0367984E-07
  177 -8.0210701E-06  178 -2.5599426E-05  179 -3.0988041E-08  180 -7.2207437E-06
  181 -2.7221615E-05  182 -9.4622541E-08  183 -7.3873465E-06  184 -2.9066513E-05
  185 -1.6103780E-07  186 -7.6811636E-06  187 -2.2588392E-05  188  8.1354825E-08
  189 -7.5910625E-06  190  5.9792297E-06  191 -2.7092530E-05  192 -2.3833147E-05
  193  6.9211565E-06  194 -1.9232610E-05  195  1.0442166E-05  196 -1.4818994E-05
  197 -5.1287372E-06  198 -7.4950127E-06  199  5.9545714E-06  200  2.6175036E-05
  201 -2.4130684E-05  202  6.8944770E-06  203  1.8205795E-05  204  1.0128713E-05
  205 -1.4826675E-05  206  4.5854618E-06  207 -7.8230385E-06  208 -1.3252458E-05
  209 -1.0185441E-07  210 -1.2759076E-05  211 -1.3984356E-05  212 -1.6918767E-07
  213 -6.7118604E-06  214 -1.7161655E-05  215  7.3727207E-08  216 -8.6037241E-06
  217  6.3887191E-06  218  2.6546776E-05  219  8.0660849E-06  220  6.4640870E-06
  221  1.8679460E-05  222 -2.7537598E-05  223 -1.5590895E-05  224  5.3118887E-06
  225 -9.3566438E-06  226  6.3383910E-06  227 -2.5942899E-05  228  7.5969956E-06
  229  6.4088116E-06  230 -1.8194557E-05  231 -2.8031944E-05  232 -1.5620213E-05
  233 -4.3383509E-06  234 -9.8849747E-06  235 -1.5084528E-05  236 -1.1156157E-07
  237 -3.2634337E-06  238 -1.4779644E-05  239 -1.7912209E-07  240 -1.2159991E-05
  241 -1.8181853E-05  242  6.3386384E-08  243 -1.0090700E-05  244  1.8521951E-04
  245 -4.9082579E-08  246  2.8893681E-04  247  1.0754585E-04  248 -3.7393309E-08
  249 -2.0844951E-04  250 -2.4829216E-05  251  1.6233218E-08  252 -1.0398543E-05
  253 -3.4893813E-05  254 -1.4688244E-05  255  5.4040114E-06  256 -3.2739912E-05
  257 -1.8353651E-05  258 -3.2775162E-05  259 -2.2430832E-05  260 -3.7296428E-06
  261 -9.8316660E-06  262 -3.6750051E-05  263  1.3870113E-05  264  4.6425313E-06
  265 -3.4678627E-05  266  1.7626830E-05  267 -3.3570422E-05  268 -2.4450237E-05
  269  2.9255965E-06  270 -1.0673588E-05  271  1.8841330E-04  272 -4.9433476E-08
  273 -3.0891353E-04  274  1.1051393E-04  275 -4.3000031E-08  276  1.8634805E-04
  277 -2.2822129E-05  278  3.2743556E-08  279 -1.1649877E-05  280 -3.2868799E-05
  281  1.3351101E-05  282 -2.7288086E-05  283 -3.0754901E-05  284  1.8503841E-05
  285  9.3236427E-06  286 -2.0436248E-05  287  3.8970611E-06  288 -1.3742312E-05
  289 -3.4992860E-05  290 -1.2560831E-05  291 -2.8099141E-05  292 -3.2999500E-05
  293 -1.7652080E-05  294  8.4740828E-06  295 -2.2795134E-05  296 -3.0678521E-06
  297 -1.4619835E-05  298  7.7255422E-05  299 -4.7549972E-08  300 -1.5100728E-05
  301  6.2586621E-05  302 -4.8881340E-08  303 -1.6428417E-05  304  9.6893960E-06
  305  4.8619669E-08  306 -1.6260386E-05  307  2.6975320E-05  308  5.2230024E-07
  309 -1.5829470E-05  310  1.5911174E-05  311  2.3503706E-08  312 -1.7504666E-05
  313 -3.8523742E-07  314  8.4446638E-08  315 -1.7873716E-05  316  2.8362955E-05
  317 -5.9482677E-07  318 -1.7509820E-05  319  1.7417630E-05  320 -4.4128508E-08
  321 -1.9300138E-05  322  1.2028059E-06  323 -7.6578600E-08  324 -1.9797902E-05
  325  5.7049736E-04  326  6.4370982E-08  327 -4.1292517E-06  328  3.4381687E-04
  329  9.0863706E-08  330  6.2937897E-07  331  5.1729011E-05  332 -9.0510219E-08
  333 -1.7470602E-07  334  8.1869610E-05  335  1.9832009E-06  336 -6.2563043E-08
  337  8.3420293E-05  338  3.9702930E-07  339 -5.6066269E-08  340  5.0768022E-05
  341  9.1218857E-08  342  1.5244943E-07  343  9.1925499E-05  344 -1.7338623E-06
  345 -7.1991381E-08  346  9.4549731E-05  347 -1.4373798E-07  348 -5.8394353E-08
  349  6.2986513E-05  350 -2.2440782E-07  351  1.4842649E-07  352 -1.3391260E-04
  353  5.1922738E-08  354  2.8031093E-05  355 -9.1677721E-05  356  6.9486876E-08
  357 -3.9728353E-05  358  2.4626639E-05  359 -9.7296874E-08  360  4.8716672E-06
  361  1.1881368E-05  362 -2.7123881E-05  363  3.1390354E-05  364  1.2866773E-05
  365 -2.7338813E-05  366 -1.8959121E-05  367  3.2869268E-05  368 -7.7115675E-06
  369  1.9016174E-06  370  1.6599187E-05  371  2.2772438E-05  372  3.2615150E-05
  373  1.8293274E-05  374  2.3118155E-05  375 -1.7503203E-05  376  3.9431908E-05
  377  3.0750318E-06  378  3.3141003E-06  379 -1.4026035E-04  380  5.7955213E-08
  381 -2.7408822E-05  382 -1.0343951E-04  383  8.5516114E-08  384  4.1991408E-05
  385  7.0364938E-06  386 -8.6085382E-08  387 -8.7143854E-07  388 -6.7493826E-06
  389  2.8780288E-05  390 -2.9658483E-05  391 -8.0106065E-06  392  3.3160240E-05
  393  2.0700690E-05  394  1.0460853E-05  395  1.8472845E-05  396  2.7259456E-06
  397 -7.5427934E-06  398 -9.9748508E-06  399 -3.3158995E-05  400 -1.2734656E-05
  401 -1.4635267E-05  402  1.4693826E-05
 TTTTTTTTTTTTTTTTTTTTTTTTTTTTTT TOTGRA      TELAPSE     9841.59 TCPU     9835.45
 EIGENVECTORS IN FORTRAN UNIT 10
 TTTTTTTTTTTTTTTTTTTTTTTTTTTTTT END         TELAPSE     9845.83 TCPU     9839.48
 EEEEEEEEEE TERMINATION  DATE 25 03 2026 TIME 19:25:22.7
NODE    0 CPU TIME =      9839.480
NODE    1 CPU TIME =      9839.779
NODE    2 CPU TIME =      9841.063
NODE    3 CPU TIME =      9840.428
NODE    4 CPU TIME =      9840.309
NODE    5 CPU TIME =      9840.757
NODE    6 CPU TIME =      9841.420
NODE    7 CPU TIME =      9841.313
NODE    8 CPU TIME =      9841.491
NODE    9 CPU TIME =      9840.622
NODE   10 CPU TIME =      9841.479
NODE   11 CPU TIME =      9841.152
NODE   12 CPU TIME =      9841.917
NODE   13 CPU TIME =      9841.335
NODE   14 CPU TIME =      9841.379
NODE   15 CPU TIME =      9840.157
NODE   16 CPU TIME =      9841.539
NODE   17 CPU TIME =      9841.683
NODE   18 CPU TIME =      9841.313
NODE   19 CPU TIME =      9841.113
NODE   20 CPU TIME =      9840.974
NODE   21 CPU TIME =      9841.583
NODE   22 CPU TIME =      9841.761
NODE   23 CPU TIME =      9841.801
NODE   24 CPU TIME =      9840.561
NODE   25 CPU TIME =      9840.288
NODE   26 CPU TIME =      9839.496
NODE   27 CPU TIME =      9839.594
NODE   28 CPU TIME =      9840.943
NODE   29 CPU TIME =      9837.503
NODE   30 CPU TIME =      9841.540
NODE   31 CPU TIME =      9838.678
    TOTAL CPU TIME =    314904.451
------------------------------------------------------
Pcrystal finished normally
------------------------------------------------------
SCF wavefunction fort.9 saved as /users/zeitzsab/tetra_script_walkthrough/oldPyro_tetra/harm/h_disp4.w
Date: 2026-03-25 19:25:23