Date: 2026-03-25 16:41:15
Running on: nid002406
Temporary directory: /scratch/project_462000878/zeitzsab/h_disp3_13028
Executable: /project/project_462000878/jchem/crystal/23-1.0.1-gnu/install/bin/Pcrystal
Output: /users/zeitzsab/tetra_script_walkthrough/oldPyro_tetra/harm/h_disp3.out
Input data h_disp3.d12
converted and standardized from ase Atoms() object for Ba27Ti27O81 in space group 1
EXTERNAL
ENDGEOM 
256 6 
INPUT 
10. 0 2 2 2 1 0 
9.526986 427.845816 0 
4.487510 204.417530 0 
8.315930 293.605864 0 
4.292217 294.193316 0 
5.916108 112.550402 0 
2.874842 181.782621 0 
3.589465 -33.473174 0 
0 0 3 2.0 1.0 
2.3961900000 -5.9554766710 
2.2433050000 6.6805648241 
0.71740200000 -0.57055347037 
0 0 1 2.0 1.0 
0.27420073547 1.0000000000 
0 1 1 0.0 1.0 
0.13 1.0 1.0 
0 2 4 6.0 1.0 
2.9267420000 0.79815276764 
2.5207180000 -1.0707548832 
0.67578180854 0.34940781448 
0.31985844531 0.65041110673 
0 3 2 0.0 1.0 
0.966315 -0.908938 
0.893828 0.947240 
0 3 1 0.0 1.0 
0.273195 0.322057 
22 12 
0 0 8 2.0 1.0 
211575.69025 .23318151011E-03 
31714.945058 .18079690851E-02 
7217.5476543 .93984311352E-02 
2042.9394247 .38156853618E-01 
665.12896208 .12374757197 
238.74942264 .29208551143 
92.508691001 .41226800855 
36.403919209 .21090534061 
0 0 4 2.0 1.0 
232.72624607 -.24920140738E-01 
71.791209711 -.11746490087 
11.158534615 .56503342318 
4.6548135416 .56211101812 
0 0 2 2.0 1.0 
6.8034629174 -.23011425503 
1.1201076403 .72103186735 
0 0 1 2.0 1.0 
0.48080118839 1.0000000000 
0 0 1 0.0 1.0 
0.24 1.0 
0 1 1 0.0 1.0 
0.12 1.0 1.0 
0 2 6 6.0 1.0 
1063.1474732 .24690839320E-02 
251.56507061 .19773345523E-01 
80.408554854 .90987976672E-01 
29.768193269 .25559900413 
11.736830556 .40489386764 
4.7142375230 .23693402558 
0 2 3 6.0 1.0 
17.796803704 -.27878639615E-01 
2.4272698680 .55672914668 
0.96823445537 1.0055447350 
0 2 1 0.0 1.0 
0.37056694165 1.0000000000 
0 3 4 2.0 1.0 
37.713384723 .11513835092E-01 
10.692931184 .67246343996E-01 
3.6728446990 .21484207775 
1.3588590303 .38890892779 
0 3 1 0.0 1.0 
0.54 1.0 
0 3 1 0.0 1.0 
0.22 1.0 
8 7 
0 0 6 2.0 1.0 
27032.382631 0.21726302465E-03 
4052.3871392 0.16838662199E-02 
922.32722710 0.87395616265E-02 
261.24070989 0.35239968808E-01 
85.354641351 0.11153519115 
31.035035245 0.25588953961 
0 0 2 2.0 1.0 
12.271113873 0.39768730901 
4.9159842006 0.24627849430 
0 0 1 0.0 1.0 
0.90086482370 1.0000000000 
0 1 1 0.0 1.0 
0.25000000000 1.0 1.0 
0 2 4 4.0 1.0 
75.300554155 0.60685103418E-02 
17.743733858 0.41912575824E-01 
5.5355828651 0.16153841088 
2.0685535103 0.35706951311 
0 2 1 0.0 1.0 
0.78238772422 1.0000000000 
0 3 1 0.0 1.0 
1.2000000000 1.0000000000 
99 0 
ENDBAS 
DFT 
PBE0 
ENDDFT 
SHRINK 
0 2 
2 2 2 
TOLINTEG 
8 8 8 8 16 
MAXCYCLE 
100 
FMIXING 
80 
EXCHSIZE 
30000000 
BIPOSIZE 
30000000 
GRADCAL 
ENDEXTERNAL geometry h_disp3.ext is available as /scratch/project_462000878/zeitzsab/h_disp3_13028/fort.34
 PROCESS           23  OF           32  WORKING
 PROCESS            3  OF           32  WORKING
 PROCESS           19  OF           32  WORKING
 PROCESS            4  OF           32  WORKING
 PROCESS           12  OF           32  WORKING
 PROCESS            5  OF           32  WORKING
 PROCESS           30  OF           32  WORKING
 PROCESS           17  OF           32  WORKING
 PROCESS           21  OF           32  WORKING
 PROCESS           11  OF           32  WORKING
 PROCESS            8  OF           32  WORKING
 PROCESS           28  OF           32  WORKING
 PROCESS            6  OF           32  WORKING
 PROCESS           13  OF           32  WORKING
 PROCESS           22  OF           32  WORKING
 PROCESS           18  OF           32  WORKING
 PROCESS           14  OF           32  WORKING
 PROCESS            0  OF           32  WORKING
 PROCESS           26  OF           32  WORKING
 PROCESS           15  OF           32  WORKING
 PROCESS           27  OF           32  WORKING
 PROCESS           31  OF           32  WORKING
 PROCESS           24  OF           32  WORKING
 PROCESS            7  OF           32  WORKING
 PROCESS           25  OF           32  WORKING
 PROCESS           16  OF           32  WORKING
 PROCESS            2  OF           32  WORKING
 PROCESS           10  OF           32  WORKING
 PROCESS            9  OF           32  WORKING
 PROCESS           20  OF           32  WORKING
 PROCESS           29  OF           32  WORKING
 PROCESS            1  OF           32  WORKING

         
 *******************************************************************************
 *                                                                             *
 *                               CRYSTAL23                                     *
 *                      public : 1.0.1 - October 2022                          *
 *                       HTTP://WWW.CRYSTAL.UNITO.IT                           *
 *                                                                             *
 *                              MAIN AUTHORS                                   *
 *                                                                             *
 *  R. DOVESI(1,11), V.R. SAUNDERS(2), C. ROETTI(1,11), R. ORLANDO(1,11),      *
 *  C.M. ZICOVICH-WILSON(1,3), F. PASCALE(4), B. CIVALLERI(1,11),              *
 *  K. DOLL(5), N.M. HARRISON(6), I.J. BUSH(7), Ph. D'ARCO(8),                 *
 *  M. LLUNELL(9), M. CAUSA'(10), Y. NOEL(8), L. MASCHIO(1,11), A. ERBA(1,11)  *
 *  M. RE'RAT(14), S. CASASSA(1,11), B.G. SEARLE(2), J.K. DESMARAIS(1)         *
 *                                                                             *
 *        CONTRIBUTIONS TO THE CODE HAVE ALSO BEEN GIVEN BY                    *
 *                                                                             *
 *  M. FERRABONE(1,11), M. DE LA PIERRE(1,11), M. FERRERO(1,11),               *
 *  J. BAIMA(1,11), E. ALBANESE(1,11), M.F. PEINTINGER(12), R. BAST(13),       *
 *  B. KIRTMAN(15), V. LACIVITA(1,11), R. DEMICHELIS(1,16)                     *
 *  G. BRANDEBURG(17), S. SALUSTRO(1,11), G. SANSONE(1,11)                     *
 *  M.T. RUGGIERO(18), L.E. DAGA(1), L. DONA'(1), A. COSSARD(1)                *
 *                                                                             *
 * (1) THEORETICAL CHEMISTRY GROUP - UNIVERSITA' DI TORINO - TORINO (ITALY)    *
 * (2) SCIENTIFIC COMPUTING DEPARTMENT - STFC DARESBURY (UK)                   *
 * (3) UNIVERSIDAD AUTONOMA DEL ESTADO DE MORELOS - CUERNAVACA (MEXICO)        *
 * (4) UNIVERSITE' DE LORRAINE - NANCY (FRANCE)                                *
 * (5) UNIVERSITAET STUTTGART- STUTTGART (GERMANY)                             *
 * (6) IMPERIAL COLLEGE - LONDON (UK)                                          *
 * (7) SCIENTIFIC COMPUTING DEPARTMENT - STFC RAL (UK)                         *
 * (8) UPMC - SORBONNE UNIVERSITES - PARIS (FRANCE)                            *
 * (9) UNIVERSIDAD DE BARCELONA - BARCELONA (SPAIN)                            *
 *(10) UNIVERSITA' DI NAPOLI "FEDERICO II" - NAPOLI (ITALY)                    *
 *(11) NIS - NANOSTRUCTURED INTERFACES AND SURFACES - TORINO (ITALY)           *
 *(12) MPI FUER CHEMISCHE ENERGIEKONVERSION - MUELHEIM AN DER RUHR (GERMANY)   *
 *(13) UNIVERSITY OF TROMSO - TROMSO (NORWAY)                                  *
 *(14) UNIVERSITE' DE PAU ET DES PAYS DE L'ADOUR - PAU (FRANCE)                *
 *(15) UNIVERSITY OF CALIFORNIA SANTA BARBARA - SANTA BARBARA (USA)            *
 *(16) CURTIN UNIVERSITY - PERTH (AUSTRALIA)                                   *
 *(17) UNIVERSITY COLLEGE LONDON - LONDON (UK)                                 *
 *(18) UNIVERSITY OF VERMONT - BURLINGTON (USA)                                *
 *                                                                             *
 *******************************************************************************
 EEEEEEEEEE STARTING  DATE 25 03 2026 TIME 16:41:16.9
 converted and standardized from ase Atoms() object for Ba27Ti27O81 in space grou
 filename=fort.34                        0           0

 GEOMETRY INPUT FROM EXTERNAL FILE (FORTRAN UNIT 34)
 3D - CRYSTAL 

 *******************************************************************************
 LATTICE PARAMETERS  (ANGSTROMS AND DEGREES) - PRIMITIVE CELL
       A          B          C        ALPHA      BETA     GAMMA        VOLUME
   11.90773   11.90773   12.27480    90.00000  90.00000  90.00000   1740.493702
 INFORMATION **** CHKGRP **** SPGR WITH NO INVERSION

 NUMBER OF IRREDUCIBLE ATOMS IN THE CELL:  135

 CARTESIAN COORDINATES (ANGSTROM) - IRREDUCIBLE ATOMS AND SYMMETRY RELATED

 AT.IRR.  AT  AT.N.          X                   Y                   Z
     1     1   256    0.000000000000E+00  0.000000000000E+00  1.618623104000E-02
     2     2   256    0.000000000000E+00  0.000000000000E+00  4.117784831040E+00
     3     3   256    0.000000000000E+00  0.000000000000E+00  8.209383431040E+00
     4     4   256    0.000000000000E+00  3.969244350000E+00  2.618623104000E-02
     5     5   256    0.000000000000E+00  3.969244350000E+00  4.117784831040E+00
     6     6   256    0.000000000000E+00  3.969244350000E+00  8.209383431040E+00
     7     7   256    0.000000000000E+00  7.938488700000E+00  2.618623104000E-02
     8     8   256    0.000000000000E+00  7.938488700000E+00  4.117784831040E+00
     9     9   256    0.000000000000E+00  7.938488700000E+00  8.209383431040E+00
    10    10   256    3.969244350000E+00  0.000000000000E+00  2.618623104000E-02
    11    11   256    3.969244350000E+00  0.000000000000E+00  4.117784831040E+00
    12    12   256    3.969244350000E+00  0.000000000000E+00  8.209383431040E+00
    13    13   256    3.969244350000E+00  3.969244350000E+00  2.618623104000E-02
    14    14   256    3.969244350000E+00  3.969244350000E+00  4.117784831040E+00
    15    15   256    3.969244350000E+00  3.969244350000E+00  8.209383431040E+00
    16    16   256    3.969244350000E+00  7.938488700000E+00  2.618623104000E-02
    17    17   256    3.969244350000E+00  7.938488700000E+00  4.117784831040E+00
    18    18   256    3.969244350000E+00  7.938488700000E+00  8.209383431040E+00
    19    19   256    7.938488700000E+00  0.000000000000E+00  2.618623104000E-02
    20    20   256    7.938488700000E+00  0.000000000000E+00  4.117784831040E+00
    21    21   256    7.938488700000E+00  0.000000000000E+00  8.209383431040E+00
    22    22   256    7.938488700000E+00  3.969244350000E+00  2.618623104000E-02
    23    23   256    7.938488700000E+00  3.969244350000E+00  4.117784831040E+00
    24    24   256    7.938488700000E+00  3.969244350000E+00  8.209383431040E+00
    25    25   256    7.938488700000E+00  7.938488700000E+00  2.618623104000E-02
    26    26   256    7.938488700000E+00  7.938488700000E+00  4.117784831040E+00
    27    27   256    7.938488700000E+00  7.938488700000E+00  8.209383431040E+00
    28    28     8    1.984622175000E+00  1.984622175000E+00  3.960626528814E+00
    29    29     8    1.984622175000E+00  1.984622175000E+00  8.052225128814E+00
    30    30     8    1.984622175000E+00  1.984622175000E+00  1.214382372881E+01
    31    31     8    1.984622175000E+00  5.953866525000E+00  3.960626528814E+00
    32    32     8    1.984622175000E+00  5.953866525000E+00  8.052225128814E+00
    33    33     8    1.984622175000E+00  5.953866525000E+00  1.214382372881E+01
    34    34     8    1.984622175000E+00  9.923110875000E+00  3.960626528814E+00
    35    35     8    1.984622175000E+00  9.923110875000E+00  8.052225128814E+00
    36    36     8    1.984622175000E+00  9.923110875000E+00  1.214382372881E+01
    37    37     8    5.953866525000E+00  1.984622175000E+00  3.960626528814E+00
    38    38     8    5.953866525000E+00  1.984622175000E+00  8.052225128814E+00
    39    39     8    5.953866525000E+00  1.984622175000E+00  1.214382372881E+01
    40    40     8    5.953866525000E+00  5.953866525000E+00  3.960626528814E+00
    41    41     8    5.953866525000E+00  5.953866525000E+00  8.052225128814E+00
    42    42     8    5.953866525000E+00  5.953866525000E+00  1.214382372881E+01
    43    43     8    5.953866525000E+00  9.923110875000E+00  3.960626528814E+00
    44    44     8    5.953866525000E+00  9.923110875000E+00  8.052225128814E+00
    45    45     8    5.953866525000E+00  9.923110875000E+00  1.214382372881E+01
    46    46     8    9.923110875000E+00  1.984622175000E+00  3.960626528814E+00
    47    47     8    9.923110875000E+00  1.984622175000E+00  8.052225128814E+00
    48    48     8    9.923110875000E+00  1.984622175000E+00  1.214382372881E+01
    49    49     8    9.923110875000E+00  5.953866525000E+00  3.960626528814E+00
    50    50     8    9.923110875000E+00  5.953866525000E+00  8.052225128814E+00
    51    51     8    9.923110875000E+00  5.953866525000E+00  1.214382372881E+01
    52    52     8    9.923110875000E+00  9.923110875000E+00  3.960626528814E+00
    53    53     8    9.923110875000E+00  9.923110875000E+00  8.052225128814E+00
    54    54     8    9.923110875000E+00  9.923110875000E+00  1.214382372881E+01
    55    55     8    1.984622175000E+00  0.000000000000E+00  1.985775548538E+00
    56    56     8    1.984622175000E+00  0.000000000000E+00  6.077374148538E+00
    57    57     8    1.984622175000E+00  0.000000000000E+00  1.016897274854E+01
    58    58     8    1.984622175000E+00  3.969244350000E+00  1.985775548538E+00
    59    59     8    1.984622175000E+00  3.969244350000E+00  6.077374148538E+00
    60    60     8    1.984622175000E+00  3.969244350000E+00  1.016897274854E+01
    61    61     8    1.984622175000E+00  7.938488700000E+00  1.985775548538E+00
    62    62     8    1.984622175000E+00  7.938488700000E+00  6.077374148538E+00
    63    63     8    1.984622175000E+00  7.938488700000E+00  1.016897274854E+01
    64    64     8    5.953866525000E+00  0.000000000000E+00  1.985775548538E+00
    65    65     8    5.953866525000E+00  0.000000000000E+00  6.077374148538E+00
    66    66     8    5.953866525000E+00  0.000000000000E+00  1.016897274854E+01
    67    67     8    5.953866525000E+00  3.969244350000E+00  1.985775548538E+00
    68    68     8    5.953866525000E+00  3.969244350000E+00  6.077374148538E+00
    69    69     8    5.953866525000E+00  3.969244350000E+00  1.016897274854E+01
    70    70     8    5.953866525000E+00  7.938488700000E+00  1.985775548538E+00
    71    71     8    5.953866525000E+00  7.938488700000E+00  6.077374148538E+00
    72    72     8    5.953866525000E+00  7.938488700000E+00  1.016897274854E+01
    73    73     8    9.923110875000E+00  0.000000000000E+00  1.985775548538E+00
    74    74     8    9.923110875000E+00  0.000000000000E+00  6.077374148538E+00
    75    75     8    9.923110875000E+00  0.000000000000E+00  1.016897274854E+01
    76    76     8    9.923110875000E+00  3.969244350000E+00  1.985775548538E+00
    77    77     8    9.923110875000E+00  3.969244350000E+00  6.077374148538E+00
    78    78     8    9.923110875000E+00  3.969244350000E+00  1.016897274854E+01
    79    79     8    9.923110875000E+00  7.938488700000E+00  1.985775548538E+00
    80    80     8    9.923110875000E+00  7.938488700000E+00  6.077374148538E+00
    81    81     8    9.923110875000E+00  7.938488700000E+00  1.016897274854E+01
    82    82     8    0.000000000000E+00  1.984622175000E+00  1.985775548538E+00
    83    83     8    0.000000000000E+00  1.984622175000E+00  6.077374148538E+00
    84    84     8    0.000000000000E+00  1.984622175000E+00  1.016897274854E+01
    85    85     8    0.000000000000E+00  5.953866525000E+00  1.985775548538E+00
    86    86     8    0.000000000000E+00  5.953866525000E+00  6.077374148538E+00
    87    87     8    0.000000000000E+00  5.953866525000E+00  1.016897274854E+01
    88    88     8    0.000000000000E+00  9.923110875000E+00  1.985775548538E+00
    89    89     8    0.000000000000E+00  9.923110875000E+00  6.077374148538E+00
    90    90     8    0.000000000000E+00  9.923110875000E+00  1.016897274854E+01
    91    91     8    3.969244350000E+00  1.984622175000E+00  1.985775548538E+00
    92    92     8    3.969244350000E+00  1.984622175000E+00  6.077374148538E+00
    93    93     8    3.969244350000E+00  1.984622175000E+00  1.016897274854E+01
    94    94     8    3.969244350000E+00  5.953866525000E+00  1.985775548538E+00
    95    95     8    3.969244350000E+00  5.953866525000E+00  6.077374148538E+00
    96    96     8    3.969244350000E+00  5.953866525000E+00  1.016897274854E+01
    97    97     8    3.969244350000E+00  9.923110875000E+00  1.985775548538E+00
    98    98     8    3.969244350000E+00  9.923110875000E+00  6.077374148538E+00
    99    99     8    3.969244350000E+00  9.923110875000E+00  1.016897274854E+01
   100   100     8    7.938488700000E+00  1.984622175000E+00  1.985775548538E+00
   101   101     8    7.938488700000E+00  1.984622175000E+00  6.077374148538E+00
   102   102     8    7.938488700000E+00  1.984622175000E+00  1.016897274854E+01
   103   103     8    7.938488700000E+00  5.953866525000E+00  1.985775548538E+00
   104   104     8    7.938488700000E+00  5.953866525000E+00  6.077374148538E+00
   105   105     8    7.938488700000E+00  5.953866525000E+00  1.016897274854E+01
   106   106     8    7.938488700000E+00  9.923110875000E+00  1.985775548538E+00
   107   107     8    7.938488700000E+00  9.923110875000E+00  6.077374148538E+00
   108   108     8    7.938488700000E+00  9.923110875000E+00  1.016897274854E+01
   109   109    22    1.984622175000E+00  1.984622175000E+00  2.147434609224E+00
   110   110    22    1.984622175000E+00  1.984622175000E+00  6.239033209224E+00
   111   111    22    1.984622175000E+00  1.984622175000E+00  1.033063180922E+01
   112   112    22    1.984622175000E+00  5.953866525000E+00  2.147434609224E+00
   113   113    22    1.984622175000E+00  5.953866525000E+00  6.239033209224E+00
   114   114    22    1.984622175000E+00  5.953866525000E+00  1.033063180922E+01
   115   115    22    1.984622175000E+00  9.923110875000E+00  2.147434609224E+00
   116   116    22    1.984622175000E+00  9.923110875000E+00  6.239033209224E+00
   117   117    22    1.984622175000E+00  9.923110875000E+00  1.033063180922E+01
   118   118    22    5.953866525000E+00  1.984622175000E+00  2.147434609224E+00
   119   119    22    5.953866525000E+00  1.984622175000E+00  6.239033209224E+00
   120   120    22    5.953866525000E+00  1.984622175000E+00  1.033063180922E+01
   121   121    22    5.953866525000E+00  5.953866525000E+00  2.147434609224E+00
   122   122    22    5.953866525000E+00  5.953866525000E+00  6.239033209224E+00
   123   123    22    5.953866525000E+00  5.953866525000E+00  1.033063180922E+01
   124   124    22    5.953866525000E+00  9.923110875000E+00  2.147434609224E+00
   125   125    22    5.953866525000E+00  9.923110875000E+00  6.239033209224E+00
   126   126    22    5.953866525000E+00  9.923110875000E+00  1.033063180922E+01
   127   127    22    9.923110875000E+00  1.984622175000E+00  2.147434609224E+00
   128   128    22    9.923110875000E+00  1.984622175000E+00  6.239033209224E+00
   129   129    22    9.923110875000E+00  1.984622175000E+00  1.033063180922E+01
   130   130    22    9.923110875000E+00  5.953866525000E+00  2.147434609224E+00
   131   131    22    9.923110875000E+00  5.953866525000E+00  6.239033209224E+00
   132   132    22    9.923110875000E+00  5.953866525000E+00  1.033063180922E+01
   133   133    22    9.923110875000E+00  9.923110875000E+00  2.147434609224E+00
   134   134    22    9.923110875000E+00  9.923110875000E+00  6.239033209224E+00
   135   135    22    9.923110875000E+00  9.923110875000E+00  1.033063180922E+01
 NUMBER OF SYMMETRY OPERATORS         :    1
 *******************************************************************************
 LATTICE PARAMETERS (ANGSTROMS AND DEGREES) - BOHR = 0.5291772083 ANGSTROM
 PRIMITIVE CELL - CENTRING CODE 1/0 VOLUME=  1740.493702 - DENSITY  6.022 g/cm^3
         A              B              C           ALPHA      BETA       GAMMA 
    11.90773305    11.90773305    12.27479580    90.000000  90.000000  90.000000
 *******************************************************************************
 ATOMS IN THE ASYMMETRIC UNIT  135 - ATOMS IN THE UNIT CELL:  135
     ATOM                 X/A                 Y/B                 Z/C    
 *******************************************************************************
      1 T 256 BA    0.000000000000E+00  0.000000000000E+00  1.318655829696E-03
      2 T 256 BA    0.000000000000E+00  0.000000000000E+00  3.354666666667E-01
      3 T 256 BA    0.000000000000E+00  0.000000000000E+00 -3.312000000000E-01
      4 T 256 BA    0.000000000000E+00  3.333333333333E-01  2.133333333333E-03
      5 T 256 BA    0.000000000000E+00  3.333333333333E-01  3.354666666667E-01
      6 T 256 BA    0.000000000000E+00  3.333333333333E-01 -3.312000000000E-01
      7 T 256 BA    0.000000000000E+00 -3.333333333333E-01  2.133333333333E-03
      8 T 256 BA    0.000000000000E+00 -3.333333333333E-01  3.354666666667E-01
      9 T 256 BA    0.000000000000E+00 -3.333333333333E-01 -3.312000000000E-01
     10 T 256 BA    3.333333333333E-01  0.000000000000E+00  2.133333333333E-03
     11 T 256 BA    3.333333333333E-01  0.000000000000E+00  3.354666666667E-01
     12 T 256 BA    3.333333333333E-01  0.000000000000E+00 -3.312000000000E-01
     13 T 256 BA    3.333333333333E-01  3.333333333333E-01  2.133333333333E-03
     14 T 256 BA    3.333333333333E-01  3.333333333333E-01  3.354666666667E-01
     15 T 256 BA    3.333333333333E-01  3.333333333333E-01 -3.312000000000E-01
     16 T 256 BA    3.333333333333E-01 -3.333333333333E-01  2.133333333333E-03
     17 T 256 BA    3.333333333333E-01 -3.333333333333E-01  3.354666666667E-01
     18 T 256 BA    3.333333333333E-01 -3.333333333333E-01 -3.312000000000E-01
     19 T 256 BA   -3.333333333333E-01  0.000000000000E+00  2.133333333333E-03
     20 T 256 BA   -3.333333333333E-01  0.000000000000E+00  3.354666666667E-01
     21 T 256 BA   -3.333333333333E-01  0.000000000000E+00 -3.312000000000E-01
     22 T 256 BA   -3.333333333333E-01  3.333333333333E-01  2.133333333333E-03
     23 T 256 BA   -3.333333333333E-01  3.333333333333E-01  3.354666666667E-01
     24 T 256 BA   -3.333333333333E-01  3.333333333333E-01 -3.312000000000E-01
     25 T 256 BA   -3.333333333333E-01 -3.333333333333E-01  2.133333333333E-03
     26 T 256 BA   -3.333333333333E-01 -3.333333333333E-01  3.354666666667E-01
     27 T 256 BA   -3.333333333333E-01 -3.333333333333E-01 -3.312000000000E-01
     28 T   8 O     1.666666666667E-01  1.666666666667E-01  3.226633333333E-01
     29 T   8 O     1.666666666667E-01  1.666666666667E-01 -3.440033333333E-01
     30 T   8 O     1.666666666667E-01  1.666666666667E-01 -1.067000000000E-02
     31 T   8 O     1.666666666667E-01  5.000000000000E-01  3.226633333333E-01
     32 T   8 O     1.666666666667E-01  5.000000000000E-01 -3.440033333333E-01
     33 T   8 O     1.666666666667E-01  5.000000000000E-01 -1.067000000000E-02
     34 T   8 O     1.666666666667E-01 -1.666666666667E-01  3.226633333333E-01
     35 T   8 O     1.666666666667E-01 -1.666666666667E-01 -3.440033333333E-01
     36 T   8 O     1.666666666667E-01 -1.666666666667E-01 -1.067000000000E-02
     37 T   8 O     5.000000000000E-01  1.666666666667E-01  3.226633333333E-01
     38 T   8 O     5.000000000000E-01  1.666666666667E-01 -3.440033333333E-01
     39 T   8 O     5.000000000000E-01  1.666666666667E-01 -1.067000000000E-02
     40 T   8 O     5.000000000000E-01  5.000000000000E-01  3.226633333333E-01
     41 T   8 O     5.000000000000E-01  5.000000000000E-01 -3.440033333333E-01
     42 T   8 O     5.000000000000E-01  5.000000000000E-01 -1.067000000000E-02
     43 T   8 O     5.000000000000E-01 -1.666666666667E-01  3.226633333333E-01
     44 T   8 O     5.000000000000E-01 -1.666666666667E-01 -3.440033333333E-01
     45 T   8 O     5.000000000000E-01 -1.666666666667E-01 -1.067000000000E-02
     46 T   8 O    -1.666666666667E-01  1.666666666667E-01  3.226633333333E-01
     47 T   8 O    -1.666666666667E-01  1.666666666667E-01 -3.440033333333E-01
     48 T   8 O    -1.666666666667E-01  1.666666666667E-01 -1.067000000000E-02
     49 T   8 O    -1.666666666667E-01  5.000000000000E-01  3.226633333333E-01
     50 T   8 O    -1.666666666667E-01  5.000000000000E-01 -3.440033333333E-01
     51 T   8 O    -1.666666666667E-01  5.000000000000E-01 -1.067000000000E-02
     52 T   8 O    -1.666666666667E-01 -1.666666666667E-01  3.226633333333E-01
     53 T   8 O    -1.666666666667E-01 -1.666666666667E-01 -3.440033333333E-01
     54 T   8 O    -1.666666666667E-01 -1.666666666667E-01 -1.067000000000E-02
     55 T   8 O     1.666666666667E-01  0.000000000000E+00  1.617766666667E-01
     56 T   8 O     1.666666666667E-01  0.000000000000E+00  4.951100000000E-01
     57 T   8 O     1.666666666667E-01  0.000000000000E+00 -1.715566666667E-01
     58 T   8 O     1.666666666667E-01  3.333333333333E-01  1.617766666667E-01
     59 T   8 O     1.666666666667E-01  3.333333333333E-01  4.951100000000E-01
     60 T   8 O     1.666666666667E-01  3.333333333333E-01 -1.715566666667E-01
     61 T   8 O     1.666666666667E-01 -3.333333333333E-01  1.617766666667E-01
     62 T   8 O     1.666666666667E-01 -3.333333333333E-01  4.951100000000E-01
     63 T   8 O     1.666666666667E-01 -3.333333333333E-01 -1.715566666667E-01
     64 T   8 O     5.000000000000E-01  0.000000000000E+00  1.617766666667E-01
     65 T   8 O     5.000000000000E-01  0.000000000000E+00  4.951100000000E-01
     66 T   8 O     5.000000000000E-01  0.000000000000E+00 -1.715566666667E-01
     67 T   8 O     5.000000000000E-01  3.333333333333E-01  1.617766666667E-01
     68 T   8 O     5.000000000000E-01  3.333333333333E-01  4.951100000000E-01
     69 T   8 O     5.000000000000E-01  3.333333333333E-01 -1.715566666667E-01
     70 T   8 O     5.000000000000E-01 -3.333333333333E-01  1.617766666667E-01
     71 T   8 O     5.000000000000E-01 -3.333333333333E-01  4.951100000000E-01
     72 T   8 O     5.000000000000E-01 -3.333333333333E-01 -1.715566666667E-01
     73 T   8 O    -1.666666666667E-01  0.000000000000E+00  1.617766666667E-01
     74 T   8 O    -1.666666666667E-01  0.000000000000E+00  4.951100000000E-01
     75 T   8 O    -1.666666666667E-01  0.000000000000E+00 -1.715566666667E-01
     76 T   8 O    -1.666666666667E-01  3.333333333333E-01  1.617766666667E-01
     77 T   8 O    -1.666666666667E-01  3.333333333333E-01  4.951100000000E-01
     78 T   8 O    -1.666666666667E-01  3.333333333333E-01 -1.715566666667E-01
     79 T   8 O    -1.666666666667E-01 -3.333333333333E-01  1.617766666667E-01
     80 T   8 O    -1.666666666667E-01 -3.333333333333E-01  4.951100000000E-01
     81 T   8 O    -1.666666666667E-01 -3.333333333333E-01 -1.715566666667E-01
     82 T   8 O     0.000000000000E+00  1.666666666667E-01  1.617766666667E-01
     83 T   8 O     0.000000000000E+00  1.666666666667E-01  4.951100000000E-01
     84 T   8 O     0.000000000000E+00  1.666666666667E-01 -1.715566666667E-01
     85 T   8 O     0.000000000000E+00  5.000000000000E-01  1.617766666667E-01
     86 T   8 O     0.000000000000E+00  5.000000000000E-01  4.951100000000E-01
     87 T   8 O     0.000000000000E+00  5.000000000000E-01 -1.715566666667E-01
     88 T   8 O     0.000000000000E+00 -1.666666666667E-01  1.617766666667E-01
     89 T   8 O     0.000000000000E+00 -1.666666666667E-01  4.951100000000E-01
     90 T   8 O     0.000000000000E+00 -1.666666666667E-01 -1.715566666667E-01
     91 T   8 O     3.333333333333E-01  1.666666666667E-01  1.617766666667E-01
     92 T   8 O     3.333333333333E-01  1.666666666667E-01  4.951100000000E-01
     93 T   8 O     3.333333333333E-01  1.666666666667E-01 -1.715566666667E-01
     94 T   8 O     3.333333333333E-01  5.000000000000E-01  1.617766666667E-01
     95 T   8 O     3.333333333333E-01  5.000000000000E-01  4.951100000000E-01
     96 T   8 O     3.333333333333E-01  5.000000000000E-01 -1.715566666667E-01
     97 T   8 O     3.333333333333E-01 -1.666666666667E-01  1.617766666667E-01
     98 T   8 O     3.333333333333E-01 -1.666666666667E-01  4.951100000000E-01
     99 T   8 O     3.333333333333E-01 -1.666666666667E-01 -1.715566666667E-01
    100 T   8 O    -3.333333333333E-01  1.666666666667E-01  1.617766666667E-01
    101 T   8 O    -3.333333333333E-01  1.666666666667E-01  4.951100000000E-01
    102 T   8 O    -3.333333333333E-01  1.666666666667E-01 -1.715566666667E-01
    103 T   8 O    -3.333333333333E-01  5.000000000000E-01  1.617766666667E-01
    104 T   8 O    -3.333333333333E-01  5.000000000000E-01  4.951100000000E-01
    105 T   8 O    -3.333333333333E-01  5.000000000000E-01 -1.715566666667E-01
    106 T   8 O    -3.333333333333E-01 -1.666666666667E-01  1.617766666667E-01
    107 T   8 O    -3.333333333333E-01 -1.666666666667E-01  4.951100000000E-01
    108 T   8 O    -3.333333333333E-01 -1.666666666667E-01 -1.715566666667E-01
    109 T  22 TI    1.666666666667E-01  1.666666666667E-01  1.749466666667E-01
    110 T  22 TI    1.666666666667E-01  1.666666666667E-01 -4.917200000000E-01
    111 T  22 TI    1.666666666667E-01  1.666666666667E-01 -1.583866666667E-01
    112 T  22 TI    1.666666666667E-01  5.000000000000E-01  1.749466666667E-01
    113 T  22 TI    1.666666666667E-01  5.000000000000E-01 -4.917200000000E-01
    114 T  22 TI    1.666666666667E-01  5.000000000000E-01 -1.583866666667E-01
    115 T  22 TI    1.666666666667E-01 -1.666666666667E-01  1.749466666667E-01
    116 T  22 TI    1.666666666667E-01 -1.666666666667E-01 -4.917200000000E-01
    117 T  22 TI    1.666666666667E-01 -1.666666666667E-01 -1.583866666667E-01
    118 T  22 TI    5.000000000000E-01  1.666666666667E-01  1.749466666667E-01
    119 T  22 TI    5.000000000000E-01  1.666666666667E-01 -4.917200000000E-01
    120 T  22 TI    5.000000000000E-01  1.666666666667E-01 -1.583866666667E-01
    121 T  22 TI    5.000000000000E-01  5.000000000000E-01  1.749466666667E-01
    122 T  22 TI    5.000000000000E-01  5.000000000000E-01 -4.917200000000E-01
    123 T  22 TI    5.000000000000E-01  5.000000000000E-01 -1.583866666667E-01
    124 T  22 TI    5.000000000000E-01 -1.666666666667E-01  1.749466666667E-01
    125 T  22 TI    5.000000000000E-01 -1.666666666667E-01 -4.917200000000E-01
    126 T  22 TI    5.000000000000E-01 -1.666666666667E-01 -1.583866666667E-01
    127 T  22 TI   -1.666666666667E-01  1.666666666667E-01  1.749466666667E-01
    128 T  22 TI   -1.666666666667E-01  1.666666666667E-01 -4.917200000000E-01
    129 T  22 TI   -1.666666666667E-01  1.666666666667E-01 -1.583866666667E-01
    130 T  22 TI   -1.666666666667E-01  5.000000000000E-01  1.749466666667E-01
    131 T  22 TI   -1.666666666667E-01  5.000000000000E-01 -4.917200000000E-01
    132 T  22 TI   -1.666666666667E-01  5.000000000000E-01 -1.583866666667E-01
    133 T  22 TI   -1.666666666667E-01 -1.666666666667E-01  1.749466666667E-01
    134 T  22 TI   -1.666666666667E-01 -1.666666666667E-01 -4.917200000000E-01
    135 T  22 TI   -1.666666666667E-01 -1.666666666667E-01 -1.583866666667E-01

 T = ATOM BELONGING TO THE ASYMMETRIC UNIT
 *******************************************************************************
 * GEOMETRY EDITING - INPUT COORDINATES ARE GIVEN IN ANGSTROM         
 *******************************************************************************

 GCALCO - MAX INDICES DIRECT LATTICE VECTOR    15    15    14
 NO.OF VECTORS CREATED 6999 STARS  514 RMAX   270.02825 BOHR

 GEOMETRY FOR WAVE FUNCTION - DIMENSIONALITY OF THE SYSTEM    3
 (NON PERIODIC DIRECTION: LATTICE PARAMETER FORMALLY SET TO 500)
 *******************************************************************************
 LATTICE PARAMETERS (ANGSTROMS AND DEGREES) - BOHR = 0.5291772083 ANGSTROM
 PRIMITIVE CELL - CENTRING CODE 1/0 VOLUME=  1740.493702 - DENSITY  6.022 g/cm^3
         A              B              C           ALPHA      BETA       GAMMA 
    11.90773305    11.90773305    12.27479580    90.000000  90.000000  90.000000
 *******************************************************************************
 ATOMS IN THE ASYMMETRIC UNIT  135 - ATOMS IN THE UNIT CELL:  135
     ATOM                 X/A                 Y/B                 Z/C    
 *******************************************************************************
      1 T 256 BA    0.000000000000E+00  0.000000000000E+00  1.318655829696E-03
      2 T 256 BA    0.000000000000E+00  0.000000000000E+00  3.354666666667E-01
      3 T 256 BA    0.000000000000E+00  0.000000000000E+00 -3.312000000000E-01
      4 T 256 BA    0.000000000000E+00  3.333333333333E-01  2.133333333333E-03
      5 T 256 BA    0.000000000000E+00  3.333333333333E-01  3.354666666667E-01
      6 T 256 BA    0.000000000000E+00  3.333333333333E-01 -3.312000000000E-01
      7 T 256 BA    0.000000000000E+00 -3.333333333333E-01  2.133333333333E-03
      8 T 256 BA    0.000000000000E+00 -3.333333333333E-01  3.354666666667E-01
      9 T 256 BA    0.000000000000E+00 -3.333333333333E-01 -3.312000000000E-01
     10 T 256 BA    3.333333333333E-01  0.000000000000E+00  2.133333333333E-03
     11 T 256 BA    3.333333333333E-01  0.000000000000E+00  3.354666666667E-01
     12 T 256 BA    3.333333333333E-01  0.000000000000E+00 -3.312000000000E-01
     13 T 256 BA    3.333333333333E-01  3.333333333333E-01  2.133333333333E-03
     14 T 256 BA    3.333333333333E-01  3.333333333333E-01  3.354666666667E-01
     15 T 256 BA    3.333333333333E-01  3.333333333333E-01 -3.312000000000E-01
     16 T 256 BA    3.333333333333E-01 -3.333333333333E-01  2.133333333333E-03
     17 T 256 BA    3.333333333333E-01 -3.333333333333E-01  3.354666666667E-01
     18 T 256 BA    3.333333333333E-01 -3.333333333333E-01 -3.312000000000E-01
     19 T 256 BA   -3.333333333333E-01  0.000000000000E+00  2.133333333333E-03
     20 T 256 BA   -3.333333333333E-01  0.000000000000E+00  3.354666666667E-01
     21 T 256 BA   -3.333333333333E-01  0.000000000000E+00 -3.312000000000E-01
     22 T 256 BA   -3.333333333333E-01  3.333333333333E-01  2.133333333333E-03
     23 T 256 BA   -3.333333333333E-01  3.333333333333E-01  3.354666666667E-01
     24 T 256 BA   -3.333333333333E-01  3.333333333333E-01 -3.312000000000E-01
     25 T 256 BA   -3.333333333333E-01 -3.333333333333E-01  2.133333333333E-03
     26 T 256 BA   -3.333333333333E-01 -3.333333333333E-01  3.354666666667E-01
     27 T 256 BA   -3.333333333333E-01 -3.333333333333E-01 -3.312000000000E-01
     28 T   8 O     1.666666666667E-01  1.666666666667E-01  3.226633333333E-01
     29 T   8 O     1.666666666667E-01  1.666666666667E-01 -3.440033333333E-01
     30 T   8 O     1.666666666667E-01  1.666666666667E-01 -1.067000000000E-02
     31 T   8 O     1.666666666667E-01 -5.000000000000E-01  3.226633333333E-01
     32 T   8 O     1.666666666667E-01 -5.000000000000E-01 -3.440033333333E-01
     33 T   8 O     1.666666666667E-01 -5.000000000000E-01 -1.067000000000E-02
     34 T   8 O     1.666666666667E-01 -1.666666666667E-01  3.226633333333E-01
     35 T   8 O     1.666666666667E-01 -1.666666666667E-01 -3.440033333333E-01
     36 T   8 O     1.666666666667E-01 -1.666666666667E-01 -1.067000000000E-02
     37 T   8 O    -5.000000000000E-01  1.666666666667E-01  3.226633333333E-01
     38 T   8 O    -5.000000000000E-01  1.666666666667E-01 -3.440033333333E-01
     39 T   8 O    -5.000000000000E-01  1.666666666667E-01 -1.067000000000E-02
     40 T   8 O    -5.000000000000E-01 -5.000000000000E-01  3.226633333333E-01
     41 T   8 O    -5.000000000000E-01 -5.000000000000E-01 -3.440033333333E-01
     42 T   8 O    -5.000000000000E-01 -5.000000000000E-01 -1.067000000000E-02
     43 T   8 O    -5.000000000000E-01 -1.666666666667E-01  3.226633333333E-01
     44 T   8 O    -5.000000000000E-01 -1.666666666667E-01 -3.440033333333E-01
     45 T   8 O    -5.000000000000E-01 -1.666666666667E-01 -1.067000000000E-02
     46 T   8 O    -1.666666666667E-01  1.666666666667E-01  3.226633333333E-01
     47 T   8 O    -1.666666666667E-01  1.666666666667E-01 -3.440033333333E-01
     48 T   8 O    -1.666666666667E-01  1.666666666667E-01 -1.067000000000E-02
     49 T   8 O    -1.666666666667E-01 -5.000000000000E-01  3.226633333333E-01
     50 T   8 O    -1.666666666667E-01 -5.000000000000E-01 -3.440033333333E-01
     51 T   8 O    -1.666666666667E-01 -5.000000000000E-01 -1.067000000000E-02
     52 T   8 O    -1.666666666667E-01 -1.666666666667E-01  3.226633333333E-01
     53 T   8 O    -1.666666666667E-01 -1.666666666667E-01 -3.440033333333E-01
     54 T   8 O    -1.666666666667E-01 -1.666666666667E-01 -1.067000000000E-02
     55 T   8 O     1.666666666667E-01  0.000000000000E+00  1.617766666667E-01
     56 T   8 O     1.666666666667E-01  0.000000000000E+00  4.951100000000E-01
     57 T   8 O     1.666666666667E-01  0.000000000000E+00 -1.715566666667E-01
     58 T   8 O     1.666666666667E-01  3.333333333333E-01  1.617766666667E-01
     59 T   8 O     1.666666666667E-01  3.333333333333E-01  4.951100000000E-01
     60 T   8 O     1.666666666667E-01  3.333333333333E-01 -1.715566666667E-01
     61 T   8 O     1.666666666667E-01 -3.333333333333E-01  1.617766666667E-01
     62 T   8 O     1.666666666667E-01 -3.333333333333E-01  4.951100000000E-01
     63 T   8 O     1.666666666667E-01 -3.333333333333E-01 -1.715566666667E-01
     64 T   8 O    -5.000000000000E-01  0.000000000000E+00  1.617766666667E-01
     65 T   8 O    -5.000000000000E-01  0.000000000000E+00  4.951100000000E-01
     66 T   8 O    -5.000000000000E-01  0.000000000000E+00 -1.715566666667E-01
     67 T   8 O    -5.000000000000E-01  3.333333333333E-01  1.617766666667E-01
     68 T   8 O    -5.000000000000E-01  3.333333333333E-01  4.951100000000E-01
     69 T   8 O    -5.000000000000E-01  3.333333333333E-01 -1.715566666667E-01
     70 T   8 O    -5.000000000000E-01 -3.333333333333E-01  1.617766666667E-01
     71 T   8 O    -5.000000000000E-01 -3.333333333333E-01  4.951100000000E-01
     72 T   8 O    -5.000000000000E-01 -3.333333333333E-01 -1.715566666667E-01
     73 T   8 O    -1.666666666667E-01  0.000000000000E+00  1.617766666667E-01
     74 T   8 O    -1.666666666667E-01  0.000000000000E+00  4.951100000000E-01
     75 T   8 O    -1.666666666667E-01  0.000000000000E+00 -1.715566666667E-01
     76 T   8 O    -1.666666666667E-01  3.333333333333E-01  1.617766666667E-01
     77 T   8 O    -1.666666666667E-01  3.333333333333E-01  4.951100000000E-01
     78 T   8 O    -1.666666666667E-01  3.333333333333E-01 -1.715566666667E-01
     79 T   8 O    -1.666666666667E-01 -3.333333333333E-01  1.617766666667E-01
     80 T   8 O    -1.666666666667E-01 -3.333333333333E-01  4.951100000000E-01
     81 T   8 O    -1.666666666667E-01 -3.333333333333E-01 -1.715566666667E-01
     82 T   8 O     0.000000000000E+00  1.666666666667E-01  1.617766666667E-01
     83 T   8 O     0.000000000000E+00  1.666666666667E-01  4.951100000000E-01
     84 T   8 O     0.000000000000E+00  1.666666666667E-01 -1.715566666667E-01
     85 T   8 O     0.000000000000E+00 -5.000000000000E-01  1.617766666667E-01
     86 T   8 O     0.000000000000E+00 -5.000000000000E-01  4.951100000000E-01
     87 T   8 O     0.000000000000E+00 -5.000000000000E-01 -1.715566666667E-01
     88 T   8 O     0.000000000000E+00 -1.666666666667E-01  1.617766666667E-01
     89 T   8 O     0.000000000000E+00 -1.666666666667E-01  4.951100000000E-01
     90 T   8 O     0.000000000000E+00 -1.666666666667E-01 -1.715566666667E-01
     91 T   8 O     3.333333333333E-01  1.666666666667E-01  1.617766666667E-01
     92 T   8 O     3.333333333333E-01  1.666666666667E-01  4.951100000000E-01
     93 T   8 O     3.333333333333E-01  1.666666666667E-01 -1.715566666667E-01
     94 T   8 O     3.333333333333E-01 -5.000000000000E-01  1.617766666667E-01
     95 T   8 O     3.333333333333E-01 -5.000000000000E-01  4.951100000000E-01
     96 T   8 O     3.333333333333E-01 -5.000000000000E-01 -1.715566666667E-01
     97 T   8 O     3.333333333333E-01 -1.666666666667E-01  1.617766666667E-01
     98 T   8 O     3.333333333333E-01 -1.666666666667E-01  4.951100000000E-01
     99 T   8 O     3.333333333333E-01 -1.666666666667E-01 -1.715566666667E-01
    100 T   8 O    -3.333333333333E-01  1.666666666667E-01  1.617766666667E-01
    101 T   8 O    -3.333333333333E-01  1.666666666667E-01  4.951100000000E-01
    102 T   8 O    -3.333333333333E-01  1.666666666667E-01 -1.715566666667E-01
    103 T   8 O    -3.333333333333E-01 -5.000000000000E-01  1.617766666667E-01
    104 T   8 O    -3.333333333333E-01 -5.000000000000E-01  4.951100000000E-01
    105 T   8 O    -3.333333333333E-01 -5.000000000000E-01 -1.715566666667E-01
    106 T   8 O    -3.333333333333E-01 -1.666666666667E-01  1.617766666667E-01
    107 T   8 O    -3.333333333333E-01 -1.666666666667E-01  4.951100000000E-01
    108 T   8 O    -3.333333333333E-01 -1.666666666667E-01 -1.715566666667E-01
    109 T  22 TI    1.666666666667E-01  1.666666666667E-01  1.749466666667E-01
    110 T  22 TI    1.666666666667E-01  1.666666666667E-01 -4.917200000000E-01
    111 T  22 TI    1.666666666667E-01  1.666666666667E-01 -1.583866666667E-01
    112 T  22 TI    1.666666666667E-01 -5.000000000000E-01  1.749466666667E-01
    113 T  22 TI    1.666666666667E-01 -5.000000000000E-01 -4.917200000000E-01
    114 T  22 TI    1.666666666667E-01 -5.000000000000E-01 -1.583866666667E-01
    115 T  22 TI    1.666666666667E-01 -1.666666666667E-01  1.749466666667E-01
    116 T  22 TI    1.666666666667E-01 -1.666666666667E-01 -4.917200000000E-01
    117 T  22 TI    1.666666666667E-01 -1.666666666667E-01 -1.583866666667E-01
    118 T  22 TI   -5.000000000000E-01  1.666666666667E-01  1.749466666667E-01
    119 T  22 TI   -5.000000000000E-01  1.666666666667E-01 -4.917200000000E-01
    120 T  22 TI   -5.000000000000E-01  1.666666666667E-01 -1.583866666667E-01
    121 T  22 TI   -5.000000000000E-01 -5.000000000000E-01  1.749466666667E-01
    122 T  22 TI   -5.000000000000E-01 -5.000000000000E-01 -4.917200000000E-01
    123 T  22 TI   -5.000000000000E-01 -5.000000000000E-01 -1.583866666667E-01
    124 T  22 TI   -5.000000000000E-01 -1.666666666667E-01  1.749466666667E-01
    125 T  22 TI   -5.000000000000E-01 -1.666666666667E-01 -4.917200000000E-01
    126 T  22 TI   -5.000000000000E-01 -1.666666666667E-01 -1.583866666667E-01
    127 T  22 TI   -1.666666666667E-01  1.666666666667E-01  1.749466666667E-01
    128 T  22 TI   -1.666666666667E-01  1.666666666667E-01 -4.917200000000E-01
    129 T  22 TI   -1.666666666667E-01  1.666666666667E-01 -1.583866666667E-01
    130 T  22 TI   -1.666666666667E-01 -5.000000000000E-01  1.749466666667E-01
    131 T  22 TI   -1.666666666667E-01 -5.000000000000E-01 -4.917200000000E-01
    132 T  22 TI   -1.666666666667E-01 -5.000000000000E-01 -1.583866666667E-01
    133 T  22 TI   -1.666666666667E-01 -1.666666666667E-01  1.749466666667E-01
    134 T  22 TI   -1.666666666667E-01 -1.666666666667E-01 -4.917200000000E-01
    135 T  22 TI   -1.666666666667E-01 -1.666666666667E-01 -1.583866666667E-01

 T = ATOM BELONGING TO THE ASYMMETRIC UNIT

 ****    1 SYMMOPS - TRANSLATORS IN FRACTIONAL UNITS
 **** MATRICES AND TRANSLATORS IN THE CRYSTALLOGRAPHIC REFERENCE FRAME
   V INV                    ROTATION MATRICES                   TRANSLATORS
   1   1  1.00  0.00  0.00  0.00  1.00  0.00  0.00  0.00  1.00  0.00  0.00  0.00

 DIRECT LATTICE VECTORS CARTESIAN COMPONENTS (ANGSTROM)
          X                    Y                    Z
   0.119077330500E+02   0.000000000000E+00   0.000000000000E+00
   0.000000000000E+00   0.119077330500E+02   0.000000000000E+00
   0.000000000000E+00   0.000000000000E+00   0.122747958000E+02


 CARTESIAN COORDINATES - PRIMITIVE CELL
 *******************************************************************************
 *      ATOM          X(ANGSTROM)         Y(ANGSTROM)         Z(ANGSTROM)
 *******************************************************************************
    1   256 BA    0.000000000000E+00  0.000000000000E+00  1.618623104000E-02
    2   256 BA    0.000000000000E+00  0.000000000000E+00  4.117784831040E+00
    3   256 BA    0.000000000000E+00  0.000000000000E+00  8.209383431040E+00
    4   256 BA    0.000000000000E+00  3.969244350000E+00  2.618623104000E-02
    5   256 BA    0.000000000000E+00  3.969244350000E+00  4.117784831040E+00
    6   256 BA    0.000000000000E+00  3.969244350000E+00  8.209383431040E+00
    7   256 BA    0.000000000000E+00  7.938488700000E+00  2.618623104000E-02
    8   256 BA    0.000000000000E+00  7.938488700000E+00  4.117784831040E+00
    9   256 BA    0.000000000000E+00  7.938488700000E+00  8.209383431040E+00
   10   256 BA    3.969244350000E+00  0.000000000000E+00  2.618623104000E-02
   11   256 BA    3.969244350000E+00  0.000000000000E+00  4.117784831040E+00
   12   256 BA    3.969244350000E+00  0.000000000000E+00  8.209383431040E+00
   13   256 BA    3.969244350000E+00  3.969244350000E+00  2.618623104000E-02
   14   256 BA    3.969244350000E+00  3.969244350000E+00  4.117784831040E+00
   15   256 BA    3.969244350000E+00  3.969244350000E+00  8.209383431040E+00
   16   256 BA    3.969244350000E+00  7.938488700000E+00  2.618623104000E-02
   17   256 BA    3.969244350000E+00  7.938488700000E+00  4.117784831040E+00
   18   256 BA    3.969244350000E+00  7.938488700000E+00  8.209383431040E+00
   19   256 BA    7.938488700000E+00  0.000000000000E+00  2.618623104000E-02
   20   256 BA    7.938488700000E+00  0.000000000000E+00  4.117784831040E+00
   21   256 BA    7.938488700000E+00  0.000000000000E+00  8.209383431040E+00
   22   256 BA    7.938488700000E+00  3.969244350000E+00  2.618623104000E-02
   23   256 BA    7.938488700000E+00  3.969244350000E+00  4.117784831040E+00
   24   256 BA    7.938488700000E+00  3.969244350000E+00  8.209383431040E+00
   25   256 BA    7.938488700000E+00  7.938488700000E+00  2.618623104000E-02
   26   256 BA    7.938488700000E+00  7.938488700000E+00  4.117784831040E+00
   27   256 BA    7.938488700000E+00  7.938488700000E+00  8.209383431040E+00
   28     8 O     1.984622175000E+00  1.984622175000E+00  3.960626528814E+00
   29     8 O     1.984622175000E+00  1.984622175000E+00  8.052225128814E+00
   30     8 O     1.984622175000E+00  1.984622175000E+00  1.214382372881E+01
   31     8 O     1.984622175000E+00  5.953866525000E+00  3.960626528814E+00
   32     8 O     1.984622175000E+00  5.953866525000E+00  8.052225128814E+00
   33     8 O     1.984622175000E+00  5.953866525000E+00  1.214382372881E+01
   34     8 O     1.984622175000E+00  9.923110875000E+00  3.960626528814E+00
   35     8 O     1.984622175000E+00  9.923110875000E+00  8.052225128814E+00
   36     8 O     1.984622175000E+00  9.923110875000E+00  1.214382372881E+01
   37     8 O     5.953866525000E+00  1.984622175000E+00  3.960626528814E+00
   38     8 O     5.953866525000E+00  1.984622175000E+00  8.052225128814E+00
   39     8 O     5.953866525000E+00  1.984622175000E+00  1.214382372881E+01
   40     8 O     5.953866525000E+00  5.953866525000E+00  3.960626528814E+00
   41     8 O     5.953866525000E+00  5.953866525000E+00  8.052225128814E+00
   42     8 O     5.953866525000E+00  5.953866525000E+00  1.214382372881E+01
   43     8 O     5.953866525000E+00  9.923110875000E+00  3.960626528814E+00
   44     8 O     5.953866525000E+00  9.923110875000E+00  8.052225128814E+00
   45     8 O     5.953866525000E+00  9.923110875000E+00  1.214382372881E+01
   46     8 O     9.923110875000E+00  1.984622175000E+00  3.960626528814E+00
   47     8 O     9.923110875000E+00  1.984622175000E+00  8.052225128814E+00
   48     8 O     9.923110875000E+00  1.984622175000E+00  1.214382372881E+01
   49     8 O     9.923110875000E+00  5.953866525000E+00  3.960626528814E+00
   50     8 O     9.923110875000E+00  5.953866525000E+00  8.052225128814E+00
   51     8 O     9.923110875000E+00  5.953866525000E+00  1.214382372881E+01
   52     8 O     9.923110875000E+00  9.923110875000E+00  3.960626528814E+00
   53     8 O     9.923110875000E+00  9.923110875000E+00  8.052225128814E+00
   54     8 O     9.923110875000E+00  9.923110875000E+00  1.214382372881E+01
   55     8 O     1.984622175000E+00  0.000000000000E+00  1.985775548538E+00
   56     8 O     1.984622175000E+00  0.000000000000E+00  6.077374148538E+00
   57     8 O     1.984622175000E+00  0.000000000000E+00  1.016897274854E+01
   58     8 O     1.984622175000E+00  3.969244350000E+00  1.985775548538E+00
   59     8 O     1.984622175000E+00  3.969244350000E+00  6.077374148538E+00
   60     8 O     1.984622175000E+00  3.969244350000E+00  1.016897274854E+01
   61     8 O     1.984622175000E+00  7.938488700000E+00  1.985775548538E+00
   62     8 O     1.984622175000E+00  7.938488700000E+00  6.077374148538E+00
   63     8 O     1.984622175000E+00  7.938488700000E+00  1.016897274854E+01
   64     8 O     5.953866525000E+00  0.000000000000E+00  1.985775548538E+00
   65     8 O     5.953866525000E+00  0.000000000000E+00  6.077374148538E+00
   66     8 O     5.953866525000E+00  0.000000000000E+00  1.016897274854E+01
   67     8 O     5.953866525000E+00  3.969244350000E+00  1.985775548538E+00
   68     8 O     5.953866525000E+00  3.969244350000E+00  6.077374148538E+00
   69     8 O     5.953866525000E+00  3.969244350000E+00  1.016897274854E+01
   70     8 O     5.953866525000E+00  7.938488700000E+00  1.985775548538E+00
   71     8 O     5.953866525000E+00  7.938488700000E+00  6.077374148538E+00
   72     8 O     5.953866525000E+00  7.938488700000E+00  1.016897274854E+01
   73     8 O     9.923110875000E+00  0.000000000000E+00  1.985775548538E+00
   74     8 O     9.923110875000E+00  0.000000000000E+00  6.077374148538E+00
   75     8 O     9.923110875000E+00  0.000000000000E+00  1.016897274854E+01
   76     8 O     9.923110875000E+00  3.969244350000E+00  1.985775548538E+00
   77     8 O     9.923110875000E+00  3.969244350000E+00  6.077374148538E+00
   78     8 O     9.923110875000E+00  3.969244350000E+00  1.016897274854E+01
   79     8 O     9.923110875000E+00  7.938488700000E+00  1.985775548538E+00
   80     8 O     9.923110875000E+00  7.938488700000E+00  6.077374148538E+00
   81     8 O     9.923110875000E+00  7.938488700000E+00  1.016897274854E+01
   82     8 O     0.000000000000E+00  1.984622175000E+00  1.985775548538E+00
   83     8 O     0.000000000000E+00  1.984622175000E+00  6.077374148538E+00
   84     8 O     0.000000000000E+00  1.984622175000E+00  1.016897274854E+01
   85     8 O     0.000000000000E+00  5.953866525000E+00  1.985775548538E+00
   86     8 O     0.000000000000E+00  5.953866525000E+00  6.077374148538E+00
   87     8 O     0.000000000000E+00  5.953866525000E+00  1.016897274854E+01
   88     8 O     0.000000000000E+00  9.923110875000E+00  1.985775548538E+00
   89     8 O     0.000000000000E+00  9.923110875000E+00  6.077374148538E+00
   90     8 O     0.000000000000E+00  9.923110875000E+00  1.016897274854E+01
   91     8 O     3.969244350000E+00  1.984622175000E+00  1.985775548538E+00
   92     8 O     3.969244350000E+00  1.984622175000E+00  6.077374148538E+00
   93     8 O     3.969244350000E+00  1.984622175000E+00  1.016897274854E+01
   94     8 O     3.969244350000E+00  5.953866525000E+00  1.985775548538E+00
   95     8 O     3.969244350000E+00  5.953866525000E+00  6.077374148538E+00
   96     8 O     3.969244350000E+00  5.953866525000E+00  1.016897274854E+01
   97     8 O     3.969244350000E+00  9.923110875000E+00  1.985775548538E+00
   98     8 O     3.969244350000E+00  9.923110875000E+00  6.077374148538E+00
   99     8 O     3.969244350000E+00  9.923110875000E+00  1.016897274854E+01
  100     8 O     7.938488700000E+00  1.984622175000E+00  1.985775548538E+00
  101     8 O     7.938488700000E+00  1.984622175000E+00  6.077374148538E+00
  102     8 O     7.938488700000E+00  1.984622175000E+00  1.016897274854E+01
  103     8 O     7.938488700000E+00  5.953866525000E+00  1.985775548538E+00
  104     8 O     7.938488700000E+00  5.953866525000E+00  6.077374148538E+00
  105     8 O     7.938488700000E+00  5.953866525000E+00  1.016897274854E+01
  106     8 O     7.938488700000E+00  9.923110875000E+00  1.985775548538E+00
  107     8 O     7.938488700000E+00  9.923110875000E+00  6.077374148538E+00
  108     8 O     7.938488700000E+00  9.923110875000E+00  1.016897274854E+01
  109    22 TI    1.984622175000E+00  1.984622175000E+00  2.147434609224E+00
  110    22 TI    1.984622175000E+00  1.984622175000E+00  6.239033209224E+00
  111    22 TI    1.984622175000E+00  1.984622175000E+00  1.033063180922E+01
  112    22 TI    1.984622175000E+00  5.953866525000E+00  2.147434609224E+00
  113    22 TI    1.984622175000E+00  5.953866525000E+00  6.239033209224E+00
  114    22 TI    1.984622175000E+00  5.953866525000E+00  1.033063180922E+01
  115    22 TI    1.984622175000E+00  9.923110875000E+00  2.147434609224E+00
  116    22 TI    1.984622175000E+00  9.923110875000E+00  6.239033209224E+00
  117    22 TI    1.984622175000E+00  9.923110875000E+00  1.033063180922E+01
  118    22 TI    5.953866525000E+00  1.984622175000E+00  2.147434609224E+00
  119    22 TI    5.953866525000E+00  1.984622175000E+00  6.239033209224E+00
  120    22 TI    5.953866525000E+00  1.984622175000E+00  1.033063180922E+01
  121    22 TI    5.953866525000E+00  5.953866525000E+00  2.147434609224E+00
  122    22 TI    5.953866525000E+00  5.953866525000E+00  6.239033209224E+00
  123    22 TI    5.953866525000E+00  5.953866525000E+00  1.033063180922E+01
  124    22 TI    5.953866525000E+00  9.923110875000E+00  2.147434609224E+00
  125    22 TI    5.953866525000E+00  9.923110875000E+00  6.239033209224E+00
  126    22 TI    5.953866525000E+00  9.923110875000E+00  1.033063180922E+01
  127    22 TI    9.923110875000E+00  1.984622175000E+00  2.147434609224E+00
  128    22 TI    9.923110875000E+00  1.984622175000E+00  6.239033209224E+00
  129    22 TI    9.923110875000E+00  1.984622175000E+00  1.033063180922E+01
  130    22 TI    9.923110875000E+00  5.953866525000E+00  2.147434609224E+00
  131    22 TI    9.923110875000E+00  5.953866525000E+00  6.239033209224E+00
  132    22 TI    9.923110875000E+00  5.953866525000E+00  1.033063180922E+01
  133    22 TI    9.923110875000E+00  9.923110875000E+00  2.147434609224E+00
  134    22 TI    9.923110875000E+00  9.923110875000E+00  6.239033209224E+00
  135    22 TI    9.923110875000E+00  9.923110875000E+00  1.033063180922E+01

 *******************************************************************************
 *** PSEUDOPOTENTIAL INFORMATION ***
 *******************************************************************************

 ATOMIC NUMBER  56, NUCLEAR CHARGE 10.000, GIVEN IN INPUT       PSEUDOPOTENTIAL
   TYPE       EXPONENT      COEFF.    N      EXPONENT      COEFF.    N
  P0 TMS     9.5269860  427.8458160   0     4.4875100  204.4175300   0
  P1 TMS     8.3159300  293.6058640   0     4.2922170  294.1933160   0
  P2 TMS     5.9161080  112.5504020   0     2.8748420  181.7826210   0
  P3 TMS     3.5894650  -33.4731740   0

 *******************************************************************************
 LOCAL ATOMIC FUNCTIONS BASIS SET
 *******************************************************************************
   ATOM   X(AU)   Y(AU)   Z(AU)  N. TYPE  EXPONENT  S COEF   P COEF   D/F/G COEF
 *******************************************************************************
   1 BA   0.000   0.000   0.031
                                  1 S  
                                         2.396E+00-5.955E+00 0.000E+00 0.000E+00
                                         2.243E+00 6.681E+00 0.000E+00 0.000E+00
                                         7.174E-01-5.706E-01 0.000E+00 0.000E+00
                                  2 S  
                                         2.742E-01 1.000E+00 0.000E+00 0.000E+00
                           3-     6 SP 
                                         1.300E-01 1.000E+00 1.000E+00 0.000E+00
                           7-     9 P  
                                         2.927E+00 0.000E+00 7.982E-01 0.000E+00
                                         2.521E+00 0.000E+00-1.071E+00 0.000E+00
                                         6.758E-01 0.000E+00 3.494E-01 0.000E+00
                                         3.199E-01 0.000E+00 6.504E-01 0.000E+00
                          10-    14 D  
                                         9.663E-01 0.000E+00 0.000E+00-9.089E-01
                                         8.938E-01 0.000E+00 0.000E+00 9.472E-01
                          15-    19 D  
                                         2.732E-01 0.000E+00 0.000E+00 3.221E-01
   2 BA   0.000   0.000   7.781
   3 BA   0.000   0.000  15.513
   4 BA   0.000   7.501   0.049
   5 BA   0.000   7.501   7.781
   6 BA   0.000   7.501  15.513
   7 BA   0.000  15.002   0.049
   8 BA   0.000  15.002   7.781
   9 BA   0.000  15.002  15.513
  10 BA   7.501   0.000   0.049
  11 BA   7.501   0.000   7.781
  12 BA   7.501   0.000  15.513
  13 BA   7.501   7.501   0.049
  14 BA   7.501   7.501   7.781
  15 BA   7.501   7.501  15.513
  16 BA   7.501  15.002   0.049
  17 BA   7.501  15.002   7.781
  18 BA   7.501  15.002  15.513
  19 BA  15.002   0.000   0.049
  20 BA  15.002   0.000   7.781
  21 BA  15.002   0.000  15.513
  22 BA  15.002   7.501   0.049
  23 BA  15.002   7.501   7.781
  24 BA  15.002   7.501  15.513
  25 BA  15.002  15.002   0.049
  26 BA  15.002  15.002   7.781
  27 BA  15.002  15.002  15.513
  28 O    3.750   3.750   7.484
                                514 S  
                                         2.703E+04 2.173E-04 0.000E+00 0.000E+00
                                         4.052E+03 1.684E-03 0.000E+00 0.000E+00
                                         9.223E+02 8.740E-03 0.000E+00 0.000E+00
                                         2.612E+02 3.524E-02 0.000E+00 0.000E+00
                                         8.535E+01 1.115E-01 0.000E+00 0.000E+00
                                         3.104E+01 2.559E-01 0.000E+00 0.000E+00
                                515 S  
                                         1.227E+01 3.977E-01 0.000E+00 0.000E+00
                                         4.916E+00 2.463E-01 0.000E+00 0.000E+00
                                516 S  
                                         9.009E-01 1.000E+00 0.000E+00 0.000E+00
                         517-   520 SP 
                                         2.500E-01 1.000E+00 1.000E+00 0.000E+00
                         521-   523 P  
                                         7.530E+01 0.000E+00 6.069E-03 0.000E+00
                                         1.774E+01 0.000E+00 4.191E-02 0.000E+00
                                         5.536E+00 0.000E+00 1.615E-01 0.000E+00
                                         2.069E+00 0.000E+00 3.571E-01 0.000E+00
                         524-   526 P  
                                         7.824E-01 0.000E+00 1.000E+00 0.000E+00
                         527-   531 D  
                                         1.200E+00 0.000E+00 0.000E+00 1.000E+00
  29 O    3.750   3.750  15.217
  30 O    3.750   3.750  22.949
  31 O    3.750  11.251   7.484
  32 O    3.750  11.251  15.217
  33 O    3.750  11.251  22.949
  34 O    3.750  18.752   7.484
  35 O    3.750  18.752  15.217
  36 O    3.750  18.752  22.949
  37 O   11.251   3.750   7.484
  38 O   11.251   3.750  15.217
  39 O   11.251   3.750  22.949
  40 O   11.251  11.251   7.484
  41 O   11.251  11.251  15.217
  42 O   11.251  11.251  22.949
  43 O   11.251  18.752   7.484
  44 O   11.251  18.752  15.217
  45 O   11.251  18.752  22.949
  46 O   18.752   3.750   7.484
  47 O   18.752   3.750  15.217
  48 O   18.752   3.750  22.949
  49 O   18.752  11.251   7.484
  50 O   18.752  11.251  15.217
  51 O   18.752  11.251  22.949
  52 O   18.752  18.752   7.484
  53 O   18.752  18.752  15.217
  54 O   18.752  18.752  22.949
  55 O    3.750   0.000   3.753
  56 O    3.750   0.000  11.485
  57 O    3.750   0.000  19.217
  58 O    3.750   7.501   3.753
  59 O    3.750   7.501  11.485
  60 O    3.750   7.501  19.217
  61 O    3.750  15.002   3.753
  62 O    3.750  15.002  11.485
  63 O    3.750  15.002  19.217
  64 O   11.251   0.000   3.753
  65 O   11.251   0.000  11.485
  66 O   11.251   0.000  19.217
  67 O   11.251   7.501   3.753
  68 O   11.251   7.501  11.485
  69 O   11.251   7.501  19.217
  70 O   11.251  15.002   3.753
  71 O   11.251  15.002  11.485
  72 O   11.251  15.002  19.217
  73 O   18.752   0.000   3.753
  74 O   18.752   0.000  11.485
  75 O   18.752   0.000  19.217
  76 O   18.752   7.501   3.753
  77 O   18.752   7.501  11.485
  78 O   18.752   7.501  19.217
  79 O   18.752  15.002   3.753
  80 O   18.752  15.002  11.485
  81 O   18.752  15.002  19.217
  82 O    0.000   3.750   3.753
  83 O    0.000   3.750  11.485
  84 O    0.000   3.750  19.217
  85 O    0.000  11.251   3.753
  86 O    0.000  11.251  11.485
  87 O    0.000  11.251  19.217
  88 O    0.000  18.752   3.753
  89 O    0.000  18.752  11.485
  90 O    0.000  18.752  19.217
  91 O    7.501   3.750   3.753
  92 O    7.501   3.750  11.485
  93 O    7.501   3.750  19.217
  94 O    7.501  11.251   3.753
  95 O    7.501  11.251  11.485
  96 O    7.501  11.251  19.217
  97 O    7.501  18.752   3.753
  98 O    7.501  18.752  11.485
  99 O    7.501  18.752  19.217
 100 O   15.002   3.750   3.753
 101 O   15.002   3.750  11.485
 102 O   15.002   3.750  19.217
 103 O   15.002  11.251   3.753
 104 O   15.002  11.251  11.485
 105 O   15.002  11.251  19.217
 106 O   15.002  18.752   3.753
 107 O   15.002  18.752  11.485
 108 O   15.002  18.752  19.217
 109 TI   3.750   3.750   4.058
                               1972 S  
                                         2.116E+05 2.332E-04 0.000E+00 0.000E+00
                                         3.171E+04 1.808E-03 0.000E+00 0.000E+00
                                         7.218E+03 9.398E-03 0.000E+00 0.000E+00
                                         2.043E+03 3.816E-02 0.000E+00 0.000E+00
                                         6.651E+02 1.237E-01 0.000E+00 0.000E+00
                                         2.387E+02 2.921E-01 0.000E+00 0.000E+00
                                         9.251E+01 4.123E-01 0.000E+00 0.000E+00
                                         3.640E+01 2.109E-01 0.000E+00 0.000E+00
                               1973 S  
                                         2.327E+02-2.492E-02 0.000E+00 0.000E+00
                                         7.179E+01-1.175E-01 0.000E+00 0.000E+00
                                         1.116E+01 5.650E-01 0.000E+00 0.000E+00
                                         4.655E+00 5.621E-01 0.000E+00 0.000E+00
                               1974 S  
                                         6.803E+00-2.301E-01 0.000E+00 0.000E+00
                                         1.120E+00 7.210E-01 0.000E+00 0.000E+00
                               1975 S  
                                         4.808E-01 1.000E+00 0.000E+00 0.000E+00
                               1976 S  
                                         2.400E-01 1.000E+00 0.000E+00 0.000E+00
                        1977-  1980 SP 
                                         1.200E-01 1.000E+00 1.000E+00 0.000E+00
                        1981-  1983 P  
                                         1.063E+03 0.000E+00 2.469E-03 0.000E+00
                                         2.516E+02 0.000E+00 1.977E-02 0.000E+00
                                         8.041E+01 0.000E+00 9.099E-02 0.000E+00
                                         2.977E+01 0.000E+00 2.556E-01 0.000E+00
                                         1.174E+01 0.000E+00 4.049E-01 0.000E+00
                                         4.714E+00 0.000E+00 2.369E-01 0.000E+00
                        1984-  1986 P  
                                         1.780E+01 0.000E+00-2.788E-02 0.000E+00
                                         2.427E+00 0.000E+00 5.567E-01 0.000E+00
                                         9.682E-01 0.000E+00 1.006E+00 0.000E+00
                        1987-  1989 P  
                                         3.706E-01 0.000E+00 1.000E+00 0.000E+00
                        1990-  1994 D  
                                         3.771E+01 0.000E+00 0.000E+00 1.151E-02
                                         1.069E+01 0.000E+00 0.000E+00 6.725E-02
                                         3.673E+00 0.000E+00 0.000E+00 2.148E-01
                                         1.359E+00 0.000E+00 0.000E+00 3.889E-01
                        1995-  1999 D  
                                         5.400E-01 0.000E+00 0.000E+00 1.000E+00
                        2000-  2004 D  
                                         2.200E-01 0.000E+00 0.000E+00 1.000E+00
 110 TI   3.750   3.750  11.790
 111 TI   3.750   3.750  19.522
 112 TI   3.750  11.251   4.058
 113 TI   3.750  11.251  11.790
 114 TI   3.750  11.251  19.522
 115 TI   3.750  18.752   4.058
 116 TI   3.750  18.752  11.790
 117 TI   3.750  18.752  19.522
 118 TI  11.251   3.750   4.058
 119 TI  11.251   3.750  11.790
 120 TI  11.251   3.750  19.522
 121 TI  11.251  11.251   4.058
 122 TI  11.251  11.251  11.790
 123 TI  11.251  11.251  19.522
 124 TI  11.251  18.752   4.058
 125 TI  11.251  18.752  11.790
 126 TI  11.251  18.752  19.522
 127 TI  18.752   3.750   4.058
 128 TI  18.752   3.750  11.790
 129 TI  18.752   3.750  19.522
 130 TI  18.752  11.251   4.058
 131 TI  18.752  11.251  11.790
 132 TI  18.752  11.251  19.522
 133 TI  18.752  18.752   4.058
 134 TI  18.752  18.752  11.790
 135 TI  18.752  18.752  19.522
 INFORMATION **** SET_MPP **** PCRYSTAL CALCULATION
 INFORMATION **** READM2 **** NEW DEFAULT: FOCK/KS MATRIX MIXING SET TO 30 %
 INFORMATION **** READM2 **** NEW DEFAULT: FULL DIRECT SCF MODE
 INFORMATION **** READM2 **** NEW DEFAULT: COULOMB BIPOLAR BUFFER SET TO 32 Mb
 INFORMATION **** READM2 **** NEW DEFAULT: EXCHANGE BIPOLAR BUFFER SET TO 32 Mb

 *******************************************************************************
 NEW DEFAULT: DFT INTEGRATION GRID INCREASED TO XLGRID
 NEW DEFAULT: DIIS ACCELERATOR ACTIVE
 USE KEYWORD NODIIS TO TURN IT OFF
 *******************************************************************************

 INFORMATION **** TOLINTEG **** COULOMB AND EXCHANGE SERIES TOLERANCES MODIFIED
 INFORMATION **** MAXCYCLE **** MAX NUMBER OF SCF CYCLES SET TO         100
 INFORMATION **** EXCHSIZE **** EXCHANGE BIPOLAR BUFFER SIZE SET TO    30000000
 INFORMATION **** BIPOSIZE **** COULOMB BIPOLAR BUFFER SET TO    30000000
 INFORMATION **** GRADCAL **** ANALYTICAL GRADIENT AFTER SCF COMPLETED
 *******************************************************************************
 N. OF ATOMS PER CELL       135  COULOMB OVERLAP TOL         (T1) 10**   -8
 NUMBER OF SHELLS          1053  COULOMB PENETRATION TOL     (T2) 10**   -8
 NUMBER OF AO              2862  EXCHANGE OVERLAP TOL        (T3) 10**   -8
 N. OF ELECTRONS PER CELL  1512  EXCHANGE PSEUDO OVP (F(G))  (T4) 10**   -8
 CORE ELECTRONS PER CELL    648  EXCHANGE PSEUDO OVP (P(G))  (T5) 10**  -16
 N. OF SYMMETRY OPERATORS     1  POLE ORDER IN MONO ZONE                  4
 *******************************************************************************
 TYPE OF CALCULATION :  RESTRICTED CLOSED SHELL
 KOHN-SHAM HAMILTONIAN

 (EXCHANGE)[CORRELATION] FUNCTIONAL:(PERDEW-BURKE-ERNZERHOF)[PERDEW-BURKE-ERNZERHOF]


 HYBRID EXCHANGE - PERCENTAGE OF FOCK EXCHANGE    25.0000
 CORE  PSEUDO POTENTIAL         TOL. ON PSEUDO              (TP) 10**- 6

 CAPPA:IS1  2;IS2  2;IS3  2; K PTS MONK NET   8; SYMMOPS:K SPACE   2;G SPACE   1

 *******************************************************************************
 MAX NUMBER OF SCF CYCLES     100  CONVERGENCE ON DELTAP        10**-16
 WEIGHT OF F(I) IN F(I+1)      80% CONVERGENCE ON ENERGY        10**- 6
 SHRINK. FACT.(MONKH.)    2  2  2  NUMBER OF K POINTS IN THE IBZ      8
 SHRINKING FACTOR(GILAT NET)    2  NUMBER OF K POINTS(GILAT NET)      8
 *******************************************************************************
 *** K POINTS COORDINATES (OBLIQUE COORDINATES IN UNITS OF IS =  2)
   1-R(  0  0  0)   2-R(  1  0  0)   3-R(  0  1  0)   4-R(  1  1  0)
   5-R(  0  0  1)   6-R(  1  0  1)   7-R(  0  1  1)   8-R(  1  1  1)

 DIRECT LATTICE VECTORS COMPON. (A.U.)     RECIP. LATTICE VECTORS COMPON. (A.U.) 
        X            Y            Z              X            Y            Z
   22.5023543    0.0000000    0.0000000      0.2792235    0.0000000    0.0000000
    0.0000000   22.5023543    0.0000000      0.0000000    0.2792235    0.0000000
    0.0000000    0.0000000   23.1960024      0.0000000    0.0000000    0.2708736

 DISK SPACE FOR EIGENVECTORS (FTN 10)    65528352 REALS

 SYMMETRY ADAPTION OF THE BLOCH FUNCTIONS DISABLED
 TTTTTTTTTTTTTTTTTTTTTTTTTTTTTT gordsh1     TELAPSE        0.40 TCPU        0.29

 MATRIX SIZE: P(G) 7071152, F(G) 1257803, P(G) IRR 3543379, F(G) IRR 1261583
 MAX G-VECTOR INDEX FOR 1- AND 2-ELECTRON INTEGRALS  27

 TTTTTTTTTTTTTTTTTTTTTTTTTTTTTT INPUT       TELAPSE        2.28 TCPU        2.17

 NEIGHBORS OF THE NON-EQUIVALENT ATOMS

 N = NUMBER OF NEIGHBORS AT DISTANCE R
    ATOM  N     R/ANG      R/AU   NEIGHBORS (ATOM LABELS AND CELL INDICES)
   1 BA   4     2.7961     5.2838   55 O    0 0 0   73 O   -1 0 0   82 O    0 0 0
                                    88 O    0-1 0
   1 BA   4     2.8105     5.3111   30 O    0 0-1   36 O    0-1-1   48 O   -1 0-1
                                    54 O   -1-1-1
   1 BA   4     2.9055     5.4905   57 O    0 0-1   75 O   -1 0-1   84 O    0 0-1
                                    90 O    0-1-1
   1 BA   4     3.4235     6.4695  111 TI   0 0-1  117 TI   0-1-1  129 TI  -1 0-1
                                   135 TI  -1-1-1
   1 BA   4     3.5242     6.6597  109 TI   0 0 0  115 TI   0-1 0  127 TI  -1 0 0
                                   133 TI  -1-1 0
   1 BA   4     3.9693     7.5008    4 BA   0 0 0    7 BA   0-1 0   10 BA   0 0 0
                                    19 BA  -1 0 0

   2 BA   4     2.7890     5.2705   56 O    0 0 0   74 O   -1 0 0   83 O    0 0 0
                                    89 O    0-1 0
   2 BA   4     2.8111     5.3122   28 O    0 0 0   34 O    0-1 0   46 O   -1 0 0
                                    52 O   -1-1 0
   2 BA   4     2.9128     5.5043   55 O    0 0 0   73 O   -1 0 0   82 O    0 0 0
                                    88 O    0-1 0
   2 BA   4     3.4292     6.4803  109 TI   0 0 0  115 TI   0-1 0  127 TI  -1 0 0
                                   133 TI  -1-1 0
   2 BA   4     3.5181     6.6483  110 TI   0 0 0  116 TI   0-1 0  128 TI  -1 0 0
                                   134 TI  -1-1 0
   2 BA   4     3.9692     7.5008    5 BA   0 0 0    8 BA   0-1 0   11 BA   0 0 0
                                    20 BA  -1 0 0

   3 BA   4     2.7890     5.2705   57 O    0 0 0   75 O   -1 0 0   84 O    0 0 0
                                    90 O    0-1 0
   3 BA   4     2.8111     5.3122   29 O    0 0 0   35 O    0-1 0   47 O   -1 0 0
                                    53 O   -1-1 0
   3 BA   4     2.9128     5.5043   56 O    0 0 0   74 O   -1 0 0   83 O    0 0 0
                                    89 O    0-1 0
   3 BA   4     3.4292     6.4803  110 TI   0 0 0  116 TI   0-1 0  128 TI  -1 0 0
                                   134 TI  -1-1 0
   3 BA   4     3.5181     6.6483  111 TI   0 0 0  117 TI   0-1 0  129 TI  -1 0 0
                                   135 TI  -1-1 0
   3 BA   4     3.9692     7.5008    6 BA   0 0 0    9 BA   0-1 0   12 BA   0 0 0
                                    21 BA  -1 0 0

   4 BA   4     2.7890     5.2705   58 O    0 0 0   76 O   -1 0 0   82 O    0 0 0
                                    85 O    0 0 0
   4 BA   4     2.8111     5.3122   30 O    0 0-1   33 O    0 0-1   48 O   -1 0-1
                                    51 O   -1 0-1
   4 BA   4     2.9128     5.5043   60 O    0 0-1   78 O   -1 0-1   84 O    0 0-1
                                    87 O    0 0-1
   4 BA   4     3.4292     6.4803  111 TI   0 0-1  114 TI   0 0-1  129 TI  -1 0-1
                                   132 TI  -1 0-1
   4 BA   4     3.5181     6.6483  109 TI   0 0 0  112 TI   0 0 0  127 TI  -1 0 0
                                   130 TI  -1 0 0
   4 BA   3     3.9692     7.5008    7 BA   0 0 0   13 BA   0 0 0   22 BA  -1 0 0

   5 BA   4     2.7890     5.2705   59 O    0 0 0   77 O   -1 0 0   83 O    0 0 0
                                    86 O    0 0 0
   5 BA   4     2.8111     5.3122   28 O    0 0 0   31 O    0 0 0   46 O   -1 0 0
                                    49 O   -1 0 0
   5 BA   4     2.9128     5.5043   58 O    0 0 0   76 O   -1 0 0   82 O    0 0 0
                                    85 O    0 0 0
   5 BA   4     3.4292     6.4803  109 TI   0 0 0  112 TI   0 0 0  127 TI  -1 0 0
                                   130 TI  -1 0 0
   5 BA   4     3.5181     6.6483  110 TI   0 0 0  113 TI   0 0 0  128 TI  -1 0 0
                                   131 TI  -1 0 0
   5 BA   4     3.9692     7.5008    2 BA   0 0 0    8 BA   0 0 0   14 BA   0 0 0
                                    23 BA  -1 0 0

   6 BA   4     2.7890     5.2705   60 O    0 0 0   78 O   -1 0 0   84 O    0 0 0
                                    87 O    0 0 0
   6 BA   4     2.8111     5.3122   29 O    0 0 0   32 O    0 0 0   47 O   -1 0 0
                                    50 O   -1 0 0
   6 BA   4     2.9128     5.5043   59 O    0 0 0   77 O   -1 0 0   83 O    0 0 0
                                    86 O    0 0 0
   6 BA   4     3.4292     6.4803  110 TI   0 0 0  113 TI   0 0 0  128 TI  -1 0 0
                                   131 TI  -1 0 0
   6 BA   4     3.5181     6.6483  111 TI   0 0 0  114 TI   0 0 0  129 TI  -1 0 0
                                   132 TI  -1 0 0
   6 BA   4     3.9692     7.5008    3 BA   0 0 0    9 BA   0 0 0   15 BA   0 0 0
                                    24 BA  -1 0 0

   7 BA   4     2.7890     5.2705   61 O    0 0 0   79 O   -1 0 0   85 O    0 0 0
                                    88 O    0 0 0
   7 BA   4     2.8111     5.3122   33 O    0 0-1   36 O    0 0-1   51 O   -1 0-1
                                    54 O   -1 0-1
   7 BA   4     2.9128     5.5043   63 O    0 0-1   81 O   -1 0-1   87 O    0 0-1
                                    90 O    0 0-1
   7 BA   4     3.4292     6.4803  114 TI   0 0-1  117 TI   0 0-1  132 TI  -1 0-1
                                   135 TI  -1 0-1
   7 BA   4     3.5181     6.6483  112 TI   0 0 0  115 TI   0 0 0  130 TI  -1 0 0
                                   133 TI  -1 0 0
   7 BA   3     3.9692     7.5008    4 BA   0 0 0   16 BA   0 0 0   25 BA  -1 0 0

   8 BA   4     2.7890     5.2705   62 O    0 0 0   80 O   -1 0 0   86 O    0 0 0
                                    89 O    0 0 0
   8 BA   4     2.8111     5.3122   31 O    0 0 0   34 O    0 0 0   49 O   -1 0 0
                                    52 O   -1 0 0
   8 BA   4     2.9128     5.5043   61 O    0 0 0   79 O   -1 0 0   85 O    0 0 0
                                    88 O    0 0 0
   8 BA   4     3.4292     6.4803  112 TI   0 0 0  115 TI   0 0 0  130 TI  -1 0 0
                                   133 TI  -1 0 0
   8 BA   4     3.5181     6.6483  113 TI   0 0 0  116 TI   0 0 0  131 TI  -1 0 0
                                   134 TI  -1 0 0
   8 BA   4     3.9692     7.5008    2 BA   0 1 0    5 BA   0 0 0   17 BA   0 0 0
                                    26 BA  -1 0 0

   9 BA   4     2.7890     5.2705   63 O    0 0 0   81 O   -1 0 0   87 O    0 0 0
                                    90 O    0 0 0
   9 BA   4     2.8111     5.3122   32 O    0 0 0   35 O    0 0 0   50 O   -1 0 0
                                    53 O   -1 0 0
   9 BA   4     2.9128     5.5043   62 O    0 0 0   80 O   -1 0 0   86 O    0 0 0
                                    89 O    0 0 0
   9 BA   4     3.4292     6.4803  113 TI   0 0 0  116 TI   0 0 0  131 TI  -1 0 0
                                   134 TI  -1 0 0
   9 BA   4     3.5181     6.6483  114 TI   0 0 0  117 TI   0 0 0  132 TI  -1 0 0
                                   135 TI  -1 0 0
   9 BA   4     3.9692     7.5008    3 BA   0 1 0    6 BA   0 0 0   18 BA   0 0 0
                                    27 BA  -1 0 0

  10 BA   4     2.7890     5.2705   55 O    0 0 0   64 O    0 0 0   91 O    0 0 0
                                    97 O    0-1 0
  10 BA   4     2.8111     5.3122   30 O    0 0-1   36 O    0-1-1   39 O    0 0-1
                                    45 O    0-1-1
  10 BA   4     2.9128     5.5043   57 O    0 0-1   66 O    0 0-1   93 O    0 0-1
                                    99 O    0-1-1
  10 BA   4     3.4292     6.4803  111 TI   0 0-1  117 TI   0-1-1  120 TI   0 0-1
                                   126 TI   0-1-1
  10 BA   4     3.5181     6.6483  109 TI   0 0 0  115 TI   0-1 0  118 TI   0 0 0
                                   124 TI   0-1 0
  10 BA   3     3.9692     7.5008   13 BA   0 0 0   16 BA   0-1 0   19 BA   0 0 0

  11 BA   4     2.7890     5.2705   56 O    0 0 0   65 O    0 0 0   92 O    0 0 0
                                    98 O    0-1 0
  11 BA   4     2.8111     5.3122   28 O    0 0 0   34 O    0-1 0   37 O    0 0 0
                                    43 O    0-1 0
  11 BA   4     2.9128     5.5043   55 O    0 0 0   64 O    0 0 0   91 O    0 0 0
                                    97 O    0-1 0
  11 BA   4     3.4292     6.4803  109 TI   0 0 0  115 TI   0-1 0  118 TI   0 0 0
                                   124 TI   0-1 0
  11 BA   4     3.5181     6.6483  110 TI   0 0 0  116 TI   0-1 0  119 TI   0 0 0
                                   125 TI   0-1 0
  11 BA   4     3.9692     7.5008    2 BA   0 0 0   14 BA   0 0 0   17 BA   0-1 0
                                    20 BA   0 0 0

  12 BA   4     2.7890     5.2705   57 O    0 0 0   66 O    0 0 0   93 O    0 0 0
                                    99 O    0-1 0
  12 BA   4     2.8111     5.3122   29 O    0 0 0   35 O    0-1 0   38 O    0 0 0
                                    44 O    0-1 0
  12 BA   4     2.9128     5.5043   56 O    0 0 0   65 O    0 0 0   92 O    0 0 0
                                    98 O    0-1 0
  12 BA   4     3.4292     6.4803  110 TI   0 0 0  116 TI   0-1 0  119 TI   0 0 0
                                   125 TI   0-1 0
  12 BA   4     3.5181     6.6483  111 TI   0 0 0  117 TI   0-1 0  120 TI   0 0 0
                                   126 TI   0-1 0
  12 BA   4     3.9692     7.5008    3 BA   0 0 0   15 BA   0 0 0   18 BA   0-1 0
                                    21 BA   0 0 0

  13 BA   4     2.7890     5.2705   58 O    0 0 0   67 O    0 0 0   91 O    0 0 0
                                    94 O    0 0 0
  13 BA   4     2.8111     5.3122   30 O    0 0-1   33 O    0 0-1   39 O    0 0-1
                                    42 O    0 0-1
  13 BA   4     2.9128     5.5043   60 O    0 0-1   69 O    0 0-1   93 O    0 0-1
                                    96 O    0 0-1
  13 BA   4     3.4292     6.4803  111 TI   0 0-1  114 TI   0 0-1  120 TI   0 0-1
                                   123 TI   0 0-1
  13 BA   4     3.5181     6.6483  109 TI   0 0 0  112 TI   0 0 0  118 TI   0 0 0
                                   121 TI   0 0 0
  13 BA   4     3.9692     7.5008    4 BA   0 0 0   10 BA   0 0 0   16 BA   0 0 0
                                    22 BA   0 0 0

  14 BA   4     2.7890     5.2705   59 O    0 0 0   68 O    0 0 0   92 O    0 0 0
                                    95 O    0 0 0
  14 BA   4     2.8111     5.3122   28 O    0 0 0   31 O    0 0 0   37 O    0 0 0
                                    40 O    0 0 0
  14 BA   4     2.9128     5.5043   58 O    0 0 0   67 O    0 0 0   91 O    0 0 0
                                    94 O    0 0 0
  14 BA   4     3.4292     6.4803  109 TI   0 0 0  112 TI   0 0 0  118 TI   0 0 0
                                   121 TI   0 0 0
  14 BA   4     3.5181     6.6483  110 TI   0 0 0  113 TI   0 0 0  119 TI   0 0 0
                                   122 TI   0 0 0
  14 BA   4     3.9692     7.5008    5 BA   0 0 0   11 BA   0 0 0   17 BA   0 0 0
                                    23 BA   0 0 0

  15 BA   4     2.7890     5.2705   60 O    0 0 0   69 O    0 0 0   93 O    0 0 0
                                    96 O    0 0 0
  15 BA   4     2.8111     5.3122   29 O    0 0 0   32 O    0 0 0   38 O    0 0 0
                                    41 O    0 0 0
  15 BA   4     2.9128     5.5043   59 O    0 0 0   68 O    0 0 0   92 O    0 0 0
                                    95 O    0 0 0
  15 BA   4     3.4292     6.4803  110 TI   0 0 0  113 TI   0 0 0  119 TI   0 0 0
                                   122 TI   0 0 0
  15 BA   4     3.5181     6.6483  111 TI   0 0 0  114 TI   0 0 0  120 TI   0 0 0
                                   123 TI   0 0 0
  15 BA   4     3.9692     7.5008    6 BA   0 0 0   12 BA   0 0 0   18 BA   0 0 0
                                    24 BA   0 0 0

  16 BA   4     2.7890     5.2705   61 O    0 0 0   70 O    0 0 0   94 O    0 0 0
                                    97 O    0 0 0
  16 BA   4     2.8111     5.3122   33 O    0 0-1   36 O    0 0-1   42 O    0 0-1
                                    45 O    0 0-1
  16 BA   4     2.9128     5.5043   63 O    0 0-1   72 O    0 0-1   96 O    0 0-1
                                    99 O    0 0-1
  16 BA   4     3.4292     6.4803  114 TI   0 0-1  117 TI   0 0-1  123 TI   0 0-1
                                   126 TI   0 0-1
  16 BA   4     3.5181     6.6483  112 TI   0 0 0  115 TI   0 0 0  121 TI   0 0 0
                                   124 TI   0 0 0
  16 BA   4     3.9692     7.5008    7 BA   0 0 0   10 BA   0 1 0   13 BA   0 0 0
                                    25 BA   0 0 0

  17 BA   4     2.7890     5.2705   62 O    0 0 0   71 O    0 0 0   95 O    0 0 0
                                    98 O    0 0 0
  17 BA   4     2.8111     5.3122   31 O    0 0 0   34 O    0 0 0   40 O    0 0 0
                                    43 O    0 0 0
  17 BA   4     2.9128     5.5043   61 O    0 0 0   70 O    0 0 0   94 O    0 0 0
                                    97 O    0 0 0
  17 BA   4     3.4292     6.4803  112 TI   0 0 0  115 TI   0 0 0  121 TI   0 0 0
                                   124 TI   0 0 0
  17 BA   4     3.5181     6.6483  113 TI   0 0 0  116 TI   0 0 0  122 TI   0 0 0
                                   125 TI   0 0 0
  17 BA   4     3.9692     7.5008    8 BA   0 0 0   11 BA   0 1 0   14 BA   0 0 0
                                    26 BA   0 0 0

  18 BA   4     2.7890     5.2705   63 O    0 0 0   72 O    0 0 0   96 O    0 0 0
                                    99 O    0 0 0
  18 BA   4     2.8111     5.3122   32 O    0 0 0   35 O    0 0 0   41 O    0 0 0
                                    44 O    0 0 0
  18 BA   4     2.9128     5.5043   62 O    0 0 0   71 O    0 0 0   95 O    0 0 0
                                    98 O    0 0 0
  18 BA   4     3.4292     6.4803  113 TI   0 0 0  116 TI   0 0 0  122 TI   0 0 0
                                   125 TI   0 0 0
  18 BA   4     3.5181     6.6483  114 TI   0 0 0  117 TI   0 0 0  123 TI   0 0 0
                                   126 TI   0 0 0
  18 BA   4     3.9692     7.5008    9 BA   0 0 0   12 BA   0 1 0   15 BA   0 0 0
                                    27 BA   0 0 0

  19 BA   4     2.7890     5.2705   64 O    0 0 0   73 O    0 0 0  100 O    0 0 0
                                   106 O    0-1 0
  19 BA   4     2.8111     5.3122   39 O    0 0-1   45 O    0-1-1   48 O    0 0-1
                                    54 O    0-1-1
  19 BA   4     2.9128     5.5043   66 O    0 0-1   75 O    0 0-1  102 O    0 0-1
                                   108 O    0-1-1
  19 BA   4     3.4292     6.4803  120 TI   0 0-1  126 TI   0-1-1  129 TI   0 0-1
                                   135 TI   0-1-1
  19 BA   4     3.5181     6.6483  118 TI   0 0 0  124 TI   0-1 0  127 TI   0 0 0
                                   133 TI   0-1 0
  19 BA   3     3.9692     7.5008   10 BA   0 0 0   22 BA   0 0 0   25 BA   0-1 0

  20 BA   4     2.7890     5.2705   65 O    0 0 0   74 O    0 0 0  101 O    0 0 0
                                   107 O    0-1 0
  20 BA   4     2.8111     5.3122   37 O    0 0 0   43 O    0-1 0   46 O    0 0 0
                                    52 O    0-1 0
  20 BA   4     2.9128     5.5043   64 O    0 0 0   73 O    0 0 0  100 O    0 0 0
                                   106 O    0-1 0
  20 BA   4     3.4292     6.4803  118 TI   0 0 0  124 TI   0-1 0  127 TI   0 0 0
                                   133 TI   0-1 0
  20 BA   4     3.5181     6.6483  119 TI   0 0 0  125 TI   0-1 0  128 TI   0 0 0
                                   134 TI   0-1 0
  20 BA   4     3.9692     7.5008    2 BA   1 0 0   11 BA   0 0 0   23 BA   0 0 0
                                    26 BA   0-1 0

  21 BA   4     2.7890     5.2705   66 O    0 0 0   75 O    0 0 0  102 O    0 0 0
                                   108 O    0-1 0
  21 BA   4     2.8111     5.3122   38 O    0 0 0   44 O    0-1 0   47 O    0 0 0
                                    53 O    0-1 0
  21 BA   4     2.9128     5.5043   65 O    0 0 0   74 O    0 0 0  101 O    0 0 0
                                   107 O    0-1 0
  21 BA   4     3.4292     6.4803  119 TI   0 0 0  125 TI   0-1 0  128 TI   0 0 0
                                   134 TI   0-1 0
  21 BA   4     3.5181     6.6483  120 TI   0 0 0  126 TI   0-1 0  129 TI   0 0 0
                                   135 TI   0-1 0
  21 BA   4     3.9692     7.5008    3 BA   1 0 0   12 BA   0 0 0   24 BA   0 0 0
                                    27 BA   0-1 0

  22 BA   4     2.7890     5.2705   67 O    0 0 0   76 O    0 0 0  100 O    0 0 0
                                   103 O    0 0 0
  22 BA   4     2.8111     5.3122   39 O    0 0-1   42 O    0 0-1   48 O    0 0-1
                                    51 O    0 0-1
  22 BA   4     2.9128     5.5043   69 O    0 0-1   78 O    0 0-1  102 O    0 0-1
                                   105 O    0 0-1
  22 BA   4     3.4292     6.4803  120 TI   0 0-1  123 TI   0 0-1  129 TI   0 0-1
                                   132 TI   0 0-1
  22 BA   4     3.5181     6.6483  118 TI   0 0 0  121 TI   0 0 0  127 TI   0 0 0
                                   130 TI   0 0 0
  22 BA   4     3.9692     7.5008    4 BA   1 0 0   13 BA   0 0 0   19 BA   0 0 0
                                    25 BA   0 0 0

  23 BA   4     2.7890     5.2705   68 O    0 0 0   77 O    0 0 0  101 O    0 0 0
                                   104 O    0 0 0
  23 BA   4     2.8111     5.3122   37 O    0 0 0   40 O    0 0 0   46 O    0 0 0
                                    49 O    0 0 0
  23 BA   4     2.9128     5.5043   67 O    0 0 0   76 O    0 0 0  100 O    0 0 0
                                   103 O    0 0 0
  23 BA   4     3.4292     6.4803  118 TI   0 0 0  121 TI   0 0 0  127 TI   0 0 0
                                   130 TI   0 0 0
  23 BA   4     3.5181     6.6483  119 TI   0 0 0  122 TI   0 0 0  128 TI   0 0 0
                                   131 TI   0 0 0
  23 BA   4     3.9692     7.5008    5 BA   1 0 0   14 BA   0 0 0   20 BA   0 0 0
                                    26 BA   0 0 0

  24 BA   4     2.7890     5.2705   69 O    0 0 0   78 O    0 0 0  102 O    0 0 0
                                   105 O    0 0 0
  24 BA   4     2.8111     5.3122   38 O    0 0 0   41 O    0 0 0   47 O    0 0 0
                                    50 O    0 0 0
  24 BA   4     2.9128     5.5043   68 O    0 0 0   77 O    0 0 0  101 O    0 0 0
                                   104 O    0 0 0
  24 BA   4     3.4292     6.4803  119 TI   0 0 0  122 TI   0 0 0  128 TI   0 0 0
                                   131 TI   0 0 0
  24 BA   4     3.5181     6.6483  120 TI   0 0 0  123 TI   0 0 0  129 TI   0 0 0
                                   132 TI   0 0 0
  24 BA   4     3.9692     7.5008    6 BA   1 0 0   15 BA   0 0 0   21 BA   0 0 0
                                    27 BA   0 0 0

  25 BA   4     2.7890     5.2705   70 O    0 0 0   79 O    0 0 0  103 O    0 0 0
                                   106 O    0 0 0
  25 BA   4     2.8111     5.3122   42 O    0 0-1   45 O    0 0-1   51 O    0 0-1
                                    54 O    0 0-1
  25 BA   4     2.9128     5.5043   72 O    0 0-1   81 O    0 0-1  105 O    0 0-1
                                   108 O    0 0-1
  25 BA   4     3.4292     6.4803  123 TI   0 0-1  126 TI   0 0-1  132 TI   0 0-1
                                   135 TI   0 0-1
  25 BA   4     3.5181     6.6483  121 TI   0 0 0  124 TI   0 0 0  130 TI   0 0 0
                                   133 TI   0 0 0
  25 BA   4     3.9692     7.5008    7 BA   1 0 0   16 BA   0 0 0   19 BA   0 1 0
                                    22 BA   0 0 0

  26 BA   4     2.7890     5.2705   71 O    0 0 0   80 O    0 0 0  104 O    0 0 0
                                   107 O    0 0 0
  26 BA   4     2.8111     5.3122   40 O    0 0 0   43 O    0 0 0   49 O    0 0 0
                                    52 O    0 0 0
  26 BA   4     2.9128     5.5043   70 O    0 0 0   79 O    0 0 0  103 O    0 0 0
                                   106 O    0 0 0
  26 BA   4     3.4292     6.4803  121 TI   0 0 0  124 TI   0 0 0  130 TI   0 0 0
                                   133 TI   0 0 0
  26 BA   4     3.5181     6.6483  122 TI   0 0 0  125 TI   0 0 0  131 TI   0 0 0
                                   134 TI   0 0 0
  26 BA   4     3.9692     7.5008    8 BA   1 0 0   17 BA   0 0 0   20 BA   0 1 0
                                    23 BA   0 0 0

  27 BA   4     2.7890     5.2705   72 O    0 0 0   81 O    0 0 0  105 O    0 0 0
                                   108 O    0 0 0
  27 BA   4     2.8111     5.3122   41 O    0 0 0   44 O    0 0 0   50 O    0 0 0
                                    53 O    0 0 0
  27 BA   4     2.9128     5.5043   71 O    0 0 0   80 O    0 0 0  104 O    0 0 0
                                   107 O    0 0 0
  27 BA   4     3.4292     6.4803  122 TI   0 0 0  125 TI   0 0 0  131 TI   0 0 0
                                   134 TI   0 0 0
  27 BA   4     3.5181     6.6483  123 TI   0 0 0  126 TI   0 0 0  132 TI   0 0 0
                                   135 TI   0 0 0
  27 BA   4     3.9692     7.5008    9 BA   1 0 0   18 BA   0 0 0   21 BA   0 1 0
                                    24 BA   0 0 0

  28 O    1     1.8132     3.4264  109 TI   0 0 0
  28 O    1     2.2784     4.3056  110 TI   0 0 0
  28 O    4     2.7998     5.2908   55 O    0 0 0   58 O    0 0 0   82 O    0 0 0
                                    91 O    0 0 0
  28 O    4     2.8111     5.3122    2 BA   0 0 0    5 BA   0 0 0   11 BA   0 0 0
                                    14 BA   0 0 0
  28 O    4     2.9016     5.4832   56 O    0 0 0   59 O    0 0 0   83 O    0 0 0
                                    92 O    0 0 0
  28 O    4     3.9692     7.5008   31 O    0 0 0   34 O    0-1 0   37 O    0 0 0
                                    46 O   -1 0 0

  29 O    1     1.8132     3.4264  110 TI   0 0 0
  29 O    1     2.2784     4.3056  111 TI   0 0 0
  29 O    4     2.7998     5.2908   56 O    0 0 0   59 O    0 0 0   83 O    0 0 0
                                    92 O    0 0 0
  29 O    4     2.8111     5.3122    3 BA   0 0 0    6 BA   0 0 0   12 BA   0 0 0
                                    15 BA   0 0 0
  29 O    4     2.9016     5.4832   57 O    0 0 0   60 O    0 0 0   84 O    0 0 0
                                    93 O    0 0 0
  29 O    4     3.9692     7.5008   32 O    0 0 0   35 O    0-1 0   38 O    0 0 0
                                    47 O   -1 0 0

  30 O    1     1.8132     3.4264  111 TI   0 0 0
  30 O    1     2.2784     4.3056  109 TI   0 0 1
  30 O    4     2.7998     5.2908   57 O    0 0 0   60 O    0 0 0   84 O    0 0 0
                                    93 O    0 0 0
  30 O    1     2.8105     5.3111    1 BA   0 0 1
  30 O    3     2.8111     5.3122    4 BA   0 0 1   10 BA   0 0 1   13 BA   0 0 1
  30 O    4     2.9016     5.4832   55 O    0 0 1   58 O    0 0 1   82 O    0 0 1
                                    91 O    0 0 1

  31 O    1     1.8132     3.4264  112 TI   0 0 0
  31 O    1     2.2784     4.3056  113 TI   0 0 0
  31 O    4     2.7998     5.2908   58 O    0 0 0   61 O    0 0 0   85 O    0 0 0
                                    94 O    0 0 0
  31 O    4     2.8111     5.3122    5 BA   0 0 0    8 BA   0 0 0   14 BA   0 0 0
                                    17 BA   0 0 0
  31 O    4     2.9016     5.4832   59 O    0 0 0   62 O    0 0 0   86 O    0 0 0
                                    95 O    0 0 0
  31 O    4     3.9692     7.5008   28 O    0 0 0   34 O    0 0 0   40 O    0 0 0
                                    49 O   -1 0 0

  32 O    1     1.8132     3.4264  113 TI   0 0 0
  32 O    1     2.2784     4.3056  114 TI   0 0 0
  32 O    4     2.7998     5.2908   59 O    0 0 0   62 O    0 0 0   86 O    0 0 0
                                    95 O    0 0 0
  32 O    4     2.8111     5.3122    6 BA   0 0 0    9 BA   0 0 0   15 BA   0 0 0
                                    18 BA   0 0 0
  32 O    4     2.9016     5.4832   60 O    0 0 0   63 O    0 0 0   87 O    0 0 0
                                    96 O    0 0 0
  32 O    4     3.9692     7.5008   29 O    0 0 0   35 O    0 0 0   41 O    0 0 0
                                    50 O   -1 0 0

  33 O    1     1.8132     3.4264  114 TI   0 0 0
  33 O    1     2.2784     4.3056  112 TI   0 0 1
  33 O    4     2.7998     5.2908   60 O    0 0 0   63 O    0 0 0   87 O    0 0 0
                                    96 O    0 0 0
  33 O    4     2.8111     5.3122    4 BA   0 0 1    7 BA   0 0 1   13 BA   0 0 1
                                    16 BA   0 0 1
  33 O    4     2.9016     5.4832   58 O    0 0 1   61 O    0 0 1   85 O    0 0 1
                                    94 O    0 0 1
  33 O    4     3.9692     7.5008   30 O    0 0 0   36 O    0 0 0   42 O    0 0 0
                                    51 O   -1 0 0

  34 O    1     1.8132     3.4264  115 TI   0 0 0
  34 O    1     2.2784     4.3056  116 TI   0 0 0
  34 O    4     2.7998     5.2908   55 O    0 1 0   61 O    0 0 0   88 O    0 0 0
                                    97 O    0 0 0
  34 O    4     2.8111     5.3122    2 BA   0 1 0    8 BA   0 0 0   11 BA   0 1 0
                                    17 BA   0 0 0
  34 O    4     2.9016     5.4832   56 O    0 1 0   62 O    0 0 0   89 O    0 0 0
                                    98 O    0 0 0
  34 O    4     3.9692     7.5008   28 O    0 1 0   31 O    0 0 0   43 O    0 0 0
                                    52 O   -1 0 0

  35 O    1     1.8132     3.4264  116 TI   0 0 0
  35 O    1     2.2784     4.3056  117 TI   0 0 0
  35 O    4     2.7998     5.2908   56 O    0 1 0   62 O    0 0 0   89 O    0 0 0
                                    98 O    0 0 0
  35 O    4     2.8111     5.3122    3 BA   0 1 0    9 BA   0 0 0   12 BA   0 1 0
                                    18 BA   0 0 0
  35 O    4     2.9016     5.4832   57 O    0 1 0   63 O    0 0 0   90 O    0 0 0
                                    99 O    0 0 0
  35 O    4     3.9692     7.5008   29 O    0 1 0   32 O    0 0 0   44 O    0 0 0
                                    53 O   -1 0 0

  36 O    1     1.8132     3.4264  117 TI   0 0 0
  36 O    1     2.2784     4.3056  115 TI   0 0 1
  36 O    4     2.7998     5.2908   57 O    0 1 0   63 O    0 0 0   90 O    0 0 0
                                    99 O    0 0 0
  36 O    1     2.8105     5.3111    1 BA   0 1 1
  36 O    3     2.8111     5.3122    7 BA   0 0 1   10 BA   0 1 1   16 BA   0 0 1
  36 O    4     2.9016     5.4832   55 O    0 1 1   61 O    0 0 1   88 O    0 0 1
                                    97 O    0 0 1

  37 O    1     1.8132     3.4264  118 TI   0 0 0
  37 O    1     2.2784     4.3056  119 TI   0 0 0
  37 O    4     2.7998     5.2908   64 O    0 0 0   67 O    0 0 0   91 O    0 0 0
                                   100 O    0 0 0
  37 O    4     2.8111     5.3122   11 BA   0 0 0   14 BA   0 0 0   20 BA   0 0 0
                                    23 BA   0 0 0
  37 O    4     2.9016     5.4832   65 O    0 0 0   68 O    0 0 0   92 O    0 0 0
                                   101 O    0 0 0
  37 O    4     3.9692     7.5008   28 O    0 0 0   40 O    0 0 0   43 O    0-1 0
                                    46 O    0 0 0

  38 O    1     1.8132     3.4264  119 TI   0 0 0
  38 O    1     2.2784     4.3056  120 TI   0 0 0
  38 O    4     2.7998     5.2908   65 O    0 0 0   68 O    0 0 0   92 O    0 0 0
                                   101 O    0 0 0
  38 O    4     2.8111     5.3122   12 BA   0 0 0   15 BA   0 0 0   21 BA   0 0 0
                                    24 BA   0 0 0
  38 O    4     2.9016     5.4832   66 O    0 0 0   69 O    0 0 0   93 O    0 0 0
                                   102 O    0 0 0
  38 O    4     3.9692     7.5008   29 O    0 0 0   41 O    0 0 0   44 O    0-1 0
                                    47 O    0 0 0

  39 O    1     1.8132     3.4264  120 TI   0 0 0
  39 O    1     2.2784     4.3056  118 TI   0 0 1
  39 O    4     2.7998     5.2908   66 O    0 0 0   69 O    0 0 0   93 O    0 0 0
                                   102 O    0 0 0
  39 O    4     2.8111     5.3122   10 BA   0 0 1   13 BA   0 0 1   19 BA   0 0 1
                                    22 BA   0 0 1
  39 O    4     2.9016     5.4832   64 O    0 0 1   67 O    0 0 1   91 O    0 0 1
                                   100 O    0 0 1
  39 O    4     3.9692     7.5008   30 O    0 0 0   42 O    0 0 0   45 O    0-1 0
                                    48 O    0 0 0

  40 O    1     1.8132     3.4264  121 TI   0 0 0
  40 O    1     2.2784     4.3056  122 TI   0 0 0
  40 O    4     2.7998     5.2908   67 O    0 0 0   70 O    0 0 0   94 O    0 0 0
                                   103 O    0 0 0
  40 O    4     2.8111     5.3122   14 BA   0 0 0   17 BA   0 0 0   23 BA   0 0 0
                                    26 BA   0 0 0
  40 O    4     2.9016     5.4832   68 O    0 0 0   71 O    0 0 0   95 O    0 0 0
                                   104 O    0 0 0
  40 O    4     3.9692     7.5008   31 O    0 0 0   37 O    0 0 0   43 O    0 0 0
                                    49 O    0 0 0

  41 O    1     1.8132     3.4264  122 TI   0 0 0
  41 O    1     2.2784     4.3056  123 TI   0 0 0
  41 O    4     2.7998     5.2908   68 O    0 0 0   71 O    0 0 0   95 O    0 0 0
                                   104 O    0 0 0
  41 O    4     2.8111     5.3122   15 BA   0 0 0   18 BA   0 0 0   24 BA   0 0 0
                                    27 BA   0 0 0
  41 O    4     2.9016     5.4832   69 O    0 0 0   72 O    0 0 0   96 O    0 0 0
                                   105 O    0 0 0
  41 O    4     3.9692     7.5008   32 O    0 0 0   38 O    0 0 0   44 O    0 0 0
                                    50 O    0 0 0

  42 O    1     1.8132     3.4264  123 TI   0 0 0
  42 O    1     2.2784     4.3056  121 TI   0 0 1
  42 O    4     2.7998     5.2908   69 O    0 0 0   72 O    0 0 0   96 O    0 0 0
                                   105 O    0 0 0
  42 O    4     2.8111     5.3122   13 BA   0 0 1   16 BA   0 0 1   22 BA   0 0 1
                                    25 BA   0 0 1
  42 O    4     2.9016     5.4832   67 O    0 0 1   70 O    0 0 1   94 O    0 0 1
                                   103 O    0 0 1
  42 O    4     3.9692     7.5008   33 O    0 0 0   39 O    0 0 0   45 O    0 0 0
                                    51 O    0 0 0

  43 O    1     1.8132     3.4264  124 TI   0 0 0
  43 O    1     2.2784     4.3056  125 TI   0 0 0
  43 O    4     2.7998     5.2908   64 O    0 1 0   70 O    0 0 0   97 O    0 0 0
                                   106 O    0 0 0
  43 O    4     2.8111     5.3122   11 BA   0 1 0   17 BA   0 0 0   20 BA   0 1 0
                                    26 BA   0 0 0
  43 O    4     2.9016     5.4832   65 O    0 1 0   71 O    0 0 0   98 O    0 0 0
                                   107 O    0 0 0
  43 O    4     3.9692     7.5008   34 O    0 0 0   37 O    0 1 0   40 O    0 0 0
                                    52 O    0 0 0

  44 O    1     1.8132     3.4264  125 TI   0 0 0
  44 O    1     2.2784     4.3056  126 TI   0 0 0
  44 O    4     2.7998     5.2908   65 O    0 1 0   71 O    0 0 0   98 O    0 0 0
                                   107 O    0 0 0
  44 O    4     2.8111     5.3122   12 BA   0 1 0   18 BA   0 0 0   21 BA   0 1 0
                                    27 BA   0 0 0
  44 O    4     2.9016     5.4832   66 O    0 1 0   72 O    0 0 0   99 O    0 0 0
                                   108 O    0 0 0
  44 O    4     3.9692     7.5008   35 O    0 0 0   38 O    0 1 0   41 O    0 0 0
                                    53 O    0 0 0

  45 O    1     1.8132     3.4264  126 TI   0 0 0
  45 O    1     2.2784     4.3056  124 TI   0 0 1
  45 O    4     2.7998     5.2908   66 O    0 1 0   72 O    0 0 0   99 O    0 0 0
                                   108 O    0 0 0
  45 O    4     2.8111     5.3122   10 BA   0 1 1   16 BA   0 0 1   19 BA   0 1 1
                                    25 BA   0 0 1
  45 O    4     2.9016     5.4832   64 O    0 1 1   70 O    0 0 1   97 O    0 0 1
                                   106 O    0 0 1
  45 O    4     3.9692     7.5008   36 O    0 0 0   39 O    0 1 0   42 O    0 0 0
                                    54 O    0 0 0

  46 O    1     1.8132     3.4264  127 TI   0 0 0
  46 O    1     2.2784     4.3056  128 TI   0 0 0
  46 O    4     2.7998     5.2908   73 O    0 0 0   76 O    0 0 0   82 O    1 0 0
                                   100 O    0 0 0
  46 O    4     2.8111     5.3122    2 BA   1 0 0    5 BA   1 0 0   20 BA   0 0 0
                                    23 BA   0 0 0
  46 O    4     2.9016     5.4832   74 O    0 0 0   77 O    0 0 0   83 O    1 0 0
                                   101 O    0 0 0
  46 O    4     3.9692     7.5008   28 O    1 0 0   37 O    0 0 0   49 O    0 0 0
                                    52 O    0-1 0

  47 O    1     1.8132     3.4264  128 TI   0 0 0
  47 O    1     2.2784     4.3056  129 TI   0 0 0
  47 O    4     2.7998     5.2908   74 O    0 0 0   77 O    0 0 0   83 O    1 0 0
                                   101 O    0 0 0
  47 O    4     2.8111     5.3122    3 BA   1 0 0    6 BA   1 0 0   21 BA   0 0 0
                                    24 BA   0 0 0
  47 O    4     2.9016     5.4832   75 O    0 0 0   78 O    0 0 0   84 O    1 0 0
                                   102 O    0 0 0
  47 O    4     3.9692     7.5008   29 O    1 0 0   38 O    0 0 0   50 O    0 0 0
                                    53 O    0-1 0

  48 O    1     1.8132     3.4264  129 TI   0 0 0
  48 O    1     2.2784     4.3056  127 TI   0 0 1
  48 O    4     2.7998     5.2908   75 O    0 0 0   78 O    0 0 0   84 O    1 0 0
                                   102 O    0 0 0
  48 O    1     2.8105     5.3111    1 BA   1 0 1
  48 O    3     2.8111     5.3122    4 BA   1 0 1   19 BA   0 0 1   22 BA   0 0 1
  48 O    4     2.9016     5.4832   73 O    0 0 1   76 O    0 0 1   82 O    1 0 1
                                   100 O    0 0 1

  49 O    1     1.8132     3.4264  130 TI   0 0 0
  49 O    1     2.2784     4.3056  131 TI   0 0 0
  49 O    4     2.7998     5.2908   76 O    0 0 0   79 O    0 0 0   85 O    1 0 0
                                   103 O    0 0 0
  49 O    4     2.8111     5.3122    5 BA   1 0 0    8 BA   1 0 0   23 BA   0 0 0
                                    26 BA   0 0 0
  49 O    4     2.9016     5.4832   77 O    0 0 0   80 O    0 0 0   86 O    1 0 0
                                   104 O    0 0 0
  49 O    4     3.9692     7.5008   31 O    1 0 0   40 O    0 0 0   46 O    0 0 0
                                    52 O    0 0 0

  50 O    1     1.8132     3.4264  131 TI   0 0 0
  50 O    1     2.2784     4.3056  132 TI   0 0 0
  50 O    4     2.7998     5.2908   77 O    0 0 0   80 O    0 0 0   86 O    1 0 0
                                   104 O    0 0 0
  50 O    4     2.8111     5.3122    6 BA   1 0 0    9 BA   1 0 0   24 BA   0 0 0
                                    27 BA   0 0 0
  50 O    4     2.9016     5.4832   78 O    0 0 0   81 O    0 0 0   87 O    1 0 0
                                   105 O    0 0 0
  50 O    4     3.9692     7.5008   32 O    1 0 0   41 O    0 0 0   47 O    0 0 0
                                    53 O    0 0 0

  51 O    1     1.8132     3.4264  132 TI   0 0 0
  51 O    1     2.2784     4.3056  130 TI   0 0 1
  51 O    4     2.7998     5.2908   78 O    0 0 0   81 O    0 0 0   87 O    1 0 0
                                   105 O    0 0 0
  51 O    4     2.8111     5.3122    4 BA   1 0 1    7 BA   1 0 1   22 BA   0 0 1
                                    25 BA   0 0 1
  51 O    4     2.9016     5.4832   76 O    0 0 1   79 O    0 0 1   85 O    1 0 1
                                   103 O    0 0 1
  51 O    4     3.9692     7.5008   33 O    1 0 0   42 O    0 0 0   48 O    0 0 0
                                    54 O    0 0 0

  52 O    1     1.8132     3.4264  133 TI   0 0 0
  52 O    1     2.2784     4.3056  134 TI   0 0 0
  52 O    4     2.7998     5.2908   73 O    0 1 0   79 O    0 0 0   88 O    1 0 0
                                   106 O    0 0 0
  52 O    4     2.8111     5.3122    2 BA   1 1 0    8 BA   1 0 0   20 BA   0 1 0
                                    26 BA   0 0 0
  52 O    4     2.9016     5.4832   74 O    0 1 0   80 O    0 0 0   89 O    1 0 0
                                   107 O    0 0 0
  52 O    4     3.9692     7.5008   34 O    1 0 0   43 O    0 0 0   46 O    0 1 0
                                    49 O    0 0 0

  53 O    1     1.8132     3.4264  134 TI   0 0 0
  53 O    1     2.2784     4.3056  135 TI   0 0 0
  53 O    4     2.7998     5.2908   74 O    0 1 0   80 O    0 0 0   89 O    1 0 0
                                   107 O    0 0 0
  53 O    4     2.8111     5.3122    3 BA   1 1 0    9 BA   1 0 0   21 BA   0 1 0
                                    27 BA   0 0 0
  53 O    4     2.9016     5.4832   75 O    0 1 0   81 O    0 0 0   90 O    1 0 0
                                   108 O    0 0 0
  53 O    4     3.9692     7.5008   35 O    1 0 0   44 O    0 0 0   47 O    0 1 0
                                    50 O    0 0 0

  54 O    1     1.8132     3.4264  135 TI   0 0 0
  54 O    1     2.2784     4.3056  133 TI   0 0 1
  54 O    4     2.7998     5.2908   75 O    0 1 0   81 O    0 0 0   90 O    1 0 0
                                   108 O    0 0 0
  54 O    1     2.8105     5.3111    1 BA   1 1 1
  54 O    3     2.8111     5.3122    7 BA   1 0 1   19 BA   0 1 1   25 BA   0 0 1
  54 O    4     2.9016     5.4832   73 O    0 1 1   79 O    0 0 1   88 O    1 0 1
                                   106 O    0 0 1

  55 O    2     1.9912     3.7628  109 TI   0 0 0  115 TI   0-1 0
  55 O    1     2.7890     5.2705   10 BA   0 0 0
  55 O    1     2.7961     5.2838    1 BA   0 0 0
  55 O    2     2.7998     5.2908   28 O    0 0 0   34 O    0-1 0
  55 O    4     2.8067     5.3039   82 O    0 0 0   88 O    0-1 0   91 O    0 0 0
                                    97 O    0-1 0
  55 O    2     2.9016     5.4832   30 O    0 0-1   36 O    0-1-1

  56 O    2     1.9912     3.7628  110 TI   0 0 0  116 TI   0-1 0
  56 O    2     2.7890     5.2705    2 BA   0 0 0   11 BA   0 0 0
  56 O    2     2.7998     5.2908   29 O    0 0 0   35 O    0-1 0
  56 O    4     2.8067     5.3039   83 O    0 0 0   89 O    0-1 0   92 O    0 0 0
                                    98 O    0-1 0
  56 O    2     2.9016     5.4832   28 O    0 0 0   34 O    0-1 0
  56 O    2     2.9128     5.5043    3 BA   0 0 0   12 BA   0 0 0

  57 O    2     1.9912     3.7628  111 TI   0 0 0  117 TI   0-1 0
  57 O    2     2.7890     5.2705    3 BA   0 0 0   12 BA   0 0 0
  57 O    2     2.7998     5.2908   30 O    0 0 0   36 O    0-1 0
  57 O    4     2.8067     5.3039   84 O    0 0 0   90 O    0-1 0   93 O    0 0 0
                                    99 O    0-1 0
  57 O    2     2.9016     5.4832   29 O    0 0 0   35 O    0-1 0
  57 O    1     2.9055     5.4905    1 BA   0 0 1

  58 O    2     1.9912     3.7628  109 TI   0 0 0  112 TI   0 0 0
  58 O    2     2.7890     5.2705    4 BA   0 0 0   13 BA   0 0 0
  58 O    2     2.7998     5.2908   28 O    0 0 0   31 O    0 0 0
  58 O    4     2.8067     5.3039   82 O    0 0 0   85 O    0 0 0   91 O    0 0 0
                                    94 O    0 0 0
  58 O    2     2.9016     5.4832   30 O    0 0-1   33 O    0 0-1
  58 O    2     2.9128     5.5043    5 BA   0 0 0   14 BA   0 0 0

  59 O    2     1.9912     3.7628  110 TI   0 0 0  113 TI   0 0 0
  59 O    2     2.7890     5.2705    5 BA   0 0 0   14 BA   0 0 0
  59 O    2     2.7998     5.2908   29 O    0 0 0   32 O    0 0 0
  59 O    4     2.8067     5.3039   83 O    0 0 0   86 O    0 0 0   92 O    0 0 0
                                    95 O    0 0 0
  59 O    2     2.9016     5.4832   28 O    0 0 0   31 O    0 0 0
  59 O    2     2.9128     5.5043    6 BA   0 0 0   15 BA   0 0 0

  60 O    2     1.9912     3.7628  111 TI   0 0 0  114 TI   0 0 0
  60 O    2     2.7890     5.2705    6 BA   0 0 0   15 BA   0 0 0
  60 O    2     2.7998     5.2908   30 O    0 0 0   33 O    0 0 0
  60 O    4     2.8067     5.3039   84 O    0 0 0   87 O    0 0 0   93 O    0 0 0
                                    96 O    0 0 0
  60 O    2     2.9016     5.4832   29 O    0 0 0   32 O    0 0 0
  60 O    2     2.9128     5.5043    4 BA   0 0 1   13 BA   0 0 1

  61 O    2     1.9912     3.7628  112 TI   0 0 0  115 TI   0 0 0
  61 O    2     2.7890     5.2705    7 BA   0 0 0   16 BA   0 0 0
  61 O    2     2.7998     5.2908   31 O    0 0 0   34 O    0 0 0
  61 O    4     2.8067     5.3039   85 O    0 0 0   88 O    0 0 0   94 O    0 0 0
                                    97 O    0 0 0
  61 O    2     2.9016     5.4832   33 O    0 0-1   36 O    0 0-1
  61 O    2     2.9128     5.5043    8 BA   0 0 0   17 BA   0 0 0

  62 O    2     1.9912     3.7628  113 TI   0 0 0  116 TI   0 0 0
  62 O    2     2.7890     5.2705    8 BA   0 0 0   17 BA   0 0 0
  62 O    2     2.7998     5.2908   32 O    0 0 0   35 O    0 0 0
  62 O    4     2.8067     5.3039   86 O    0 0 0   89 O    0 0 0   95 O    0 0 0
                                    98 O    0 0 0
  62 O    2     2.9016     5.4832   31 O    0 0 0   34 O    0 0 0
  62 O    2     2.9128     5.5043    9 BA   0 0 0   18 BA   0 0 0

  63 O    2     1.9912     3.7628  114 TI   0 0 0  117 TI   0 0 0
  63 O    2     2.7890     5.2705    9 BA   0 0 0   18 BA   0 0 0
  63 O    2     2.7998     5.2908   33 O    0 0 0   36 O    0 0 0
  63 O    4     2.8067     5.3039   87 O    0 0 0   90 O    0 0 0   96 O    0 0 0
                                    99 O    0 0 0
  63 O    2     2.9016     5.4832   32 O    0 0 0   35 O    0 0 0
  63 O    2     2.9128     5.5043    7 BA   0 0 1   16 BA   0 0 1

  64 O    2     1.9912     3.7628  118 TI   0 0 0  124 TI   0-1 0
  64 O    2     2.7890     5.2705   10 BA   0 0 0   19 BA   0 0 0
  64 O    2     2.7998     5.2908   37 O    0 0 0   43 O    0-1 0
  64 O    4     2.8067     5.3039   91 O    0 0 0   97 O    0-1 0  100 O    0 0 0
                                   106 O    0-1 0
  64 O    2     2.9016     5.4832   39 O    0 0-1   45 O    0-1-1
  64 O    2     2.9128     5.5043   11 BA   0 0 0   20 BA   0 0 0

  65 O    2     1.9912     3.7628  119 TI   0 0 0  125 TI   0-1 0
  65 O    2     2.7890     5.2705   11 BA   0 0 0   20 BA   0 0 0
  65 O    2     2.7998     5.2908   38 O    0 0 0   44 O    0-1 0
  65 O    4     2.8067     5.3039   92 O    0 0 0   98 O    0-1 0  101 O    0 0 0
                                   107 O    0-1 0
  65 O    2     2.9016     5.4832   37 O    0 0 0   43 O    0-1 0
  65 O    2     2.9128     5.5043   12 BA   0 0 0   21 BA   0 0 0

  66 O    2     1.9912     3.7628  120 TI   0 0 0  126 TI   0-1 0
  66 O    2     2.7890     5.2705   12 BA   0 0 0   21 BA   0 0 0
  66 O    2     2.7998     5.2908   39 O    0 0 0   45 O    0-1 0
  66 O    4     2.8067     5.3039   93 O    0 0 0   99 O    0-1 0  102 O    0 0 0
                                   108 O    0-1 0
  66 O    2     2.9016     5.4832   38 O    0 0 0   44 O    0-1 0
  66 O    2     2.9128     5.5043   10 BA   0 0 1   19 BA   0 0 1

  67 O    2     1.9912     3.7628  118 TI   0 0 0  121 TI   0 0 0
  67 O    2     2.7890     5.2705   13 BA   0 0 0   22 BA   0 0 0
  67 O    2     2.7998     5.2908   37 O    0 0 0   40 O    0 0 0
  67 O    4     2.8067     5.3039   91 O    0 0 0   94 O    0 0 0  100 O    0 0 0
                                   103 O    0 0 0
  67 O    2     2.9016     5.4832   39 O    0 0-1   42 O    0 0-1
  67 O    2     2.9128     5.5043   14 BA   0 0 0   23 BA   0 0 0

  68 O    2     1.9912     3.7628  119 TI   0 0 0  122 TI   0 0 0
  68 O    2     2.7890     5.2705   14 BA   0 0 0   23 BA   0 0 0
  68 O    2     2.7998     5.2908   38 O    0 0 0   41 O    0 0 0
  68 O    4     2.8067     5.3039   92 O    0 0 0   95 O    0 0 0  101 O    0 0 0
                                   104 O    0 0 0
  68 O    2     2.9016     5.4832   37 O    0 0 0   40 O    0 0 0
  68 O    2     2.9128     5.5043   15 BA   0 0 0   24 BA   0 0 0

  69 O    2     1.9912     3.7628  120 TI   0 0 0  123 TI   0 0 0
  69 O    2     2.7890     5.2705   15 BA   0 0 0   24 BA   0 0 0
  69 O    2     2.7998     5.2908   39 O    0 0 0   42 O    0 0 0
  69 O    4     2.8067     5.3039   93 O    0 0 0   96 O    0 0 0  102 O    0 0 0
                                   105 O    0 0 0
  69 O    2     2.9016     5.4832   38 O    0 0 0   41 O    0 0 0
  69 O    2     2.9128     5.5043   13 BA   0 0 1   22 BA   0 0 1

  70 O    2     1.9912     3.7628  121 TI   0 0 0  124 TI   0 0 0
  70 O    2     2.7890     5.2705   16 BA   0 0 0   25 BA   0 0 0
  70 O    2     2.7998     5.2908   40 O    0 0 0   43 O    0 0 0
  70 O    4     2.8067     5.3039   94 O    0 0 0   97 O    0 0 0  103 O    0 0 0
                                   106 O    0 0 0
  70 O    2     2.9016     5.4832   42 O    0 0-1   45 O    0 0-1
  70 O    2     2.9128     5.5043   17 BA   0 0 0   26 BA   0 0 0

  71 O    2     1.9912     3.7628  122 TI   0 0 0  125 TI   0 0 0
  71 O    2     2.7890     5.2705   17 BA   0 0 0   26 BA   0 0 0
  71 O    2     2.7998     5.2908   41 O    0 0 0   44 O    0 0 0
  71 O    4     2.8067     5.3039   95 O    0 0 0   98 O    0 0 0  104 O    0 0 0
                                   107 O    0 0 0
  71 O    2     2.9016     5.4832   40 O    0 0 0   43 O    0 0 0
  71 O    2     2.9128     5.5043   18 BA   0 0 0   27 BA   0 0 0

  72 O    2     1.9912     3.7628  123 TI   0 0 0  126 TI   0 0 0
  72 O    2     2.7890     5.2705   18 BA   0 0 0   27 BA   0 0 0
  72 O    2     2.7998     5.2908   42 O    0 0 0   45 O    0 0 0
  72 O    4     2.8067     5.3039   96 O    0 0 0   99 O    0 0 0  105 O    0 0 0
                                   108 O    0 0 0
  72 O    2     2.9016     5.4832   41 O    0 0 0   44 O    0 0 0
  72 O    2     2.9128     5.5043   16 BA   0 0 1   25 BA   0 0 1

  73 O    2     1.9912     3.7628  127 TI   0 0 0  133 TI   0-1 0
  73 O    1     2.7890     5.2705   19 BA   0 0 0
  73 O    1     2.7961     5.2838    1 BA   1 0 0
  73 O    2     2.7998     5.2908   46 O    0 0 0   52 O    0-1 0
  73 O    4     2.8067     5.3039   82 O    1 0 0   88 O    1-1 0  100 O    0 0 0
                                   106 O    0-1 0
  73 O    2     2.9016     5.4832   48 O    0 0-1   54 O    0-1-1

  74 O    2     1.9912     3.7628  128 TI   0 0 0  134 TI   0-1 0
  74 O    2     2.7890     5.2705    2 BA   1 0 0   20 BA   0 0 0
  74 O    2     2.7998     5.2908   47 O    0 0 0   53 O    0-1 0
  74 O    4     2.8067     5.3039   83 O    1 0 0   89 O    1-1 0  101 O    0 0 0
                                   107 O    0-1 0
  74 O    2     2.9016     5.4832   46 O    0 0 0   52 O    0-1 0
  74 O    2     2.9128     5.5043    3 BA   1 0 0   21 BA   0 0 0

  75 O    2     1.9912     3.7628  129 TI   0 0 0  135 TI   0-1 0
  75 O    2     2.7890     5.2705    3 BA   1 0 0   21 BA   0 0 0
  75 O    2     2.7998     5.2908   48 O    0 0 0   54 O    0-1 0
  75 O    4     2.8067     5.3039   84 O    1 0 0   90 O    1-1 0  102 O    0 0 0
                                   108 O    0-1 0
  75 O    2     2.9016     5.4832   47 O    0 0 0   53 O    0-1 0
  75 O    1     2.9055     5.4905    1 BA   1 0 1

  76 O    2     1.9912     3.7628  127 TI   0 0 0  130 TI   0 0 0
  76 O    2     2.7890     5.2705    4 BA   1 0 0   22 BA   0 0 0
  76 O    2     2.7998     5.2908   46 O    0 0 0   49 O    0 0 0
  76 O    4     2.8067     5.3039   82 O    1 0 0   85 O    1 0 0  100 O    0 0 0
                                   103 O    0 0 0
  76 O    2     2.9016     5.4832   48 O    0 0-1   51 O    0 0-1
  76 O    2     2.9128     5.5043    5 BA   1 0 0   23 BA   0 0 0

  77 O    2     1.9912     3.7628  128 TI   0 0 0  131 TI   0 0 0
  77 O    2     2.7890     5.2705    5 BA   1 0 0   23 BA   0 0 0
  77 O    2     2.7998     5.2908   47 O    0 0 0   50 O    0 0 0
  77 O    4     2.8067     5.3039   83 O    1 0 0   86 O    1 0 0  101 O    0 0 0
                                   104 O    0 0 0
  77 O    2     2.9016     5.4832   46 O    0 0 0   49 O    0 0 0
  77 O    2     2.9128     5.5043    6 BA   1 0 0   24 BA   0 0 0

  78 O    2     1.9912     3.7628  129 TI   0 0 0  132 TI   0 0 0
  78 O    2     2.7890     5.2705    6 BA   1 0 0   24 BA   0 0 0
  78 O    2     2.7998     5.2908   48 O    0 0 0   51 O    0 0 0
  78 O    4     2.8067     5.3039   84 O    1 0 0   87 O    1 0 0  102 O    0 0 0
                                   105 O    0 0 0
  78 O    2     2.9016     5.4832   47 O    0 0 0   50 O    0 0 0
  78 O    2     2.9128     5.5043    4 BA   1 0 1   22 BA   0 0 1

  79 O    2     1.9912     3.7628  130 TI   0 0 0  133 TI   0 0 0
  79 O    2     2.7890     5.2705    7 BA   1 0 0   25 BA   0 0 0
  79 O    2     2.7998     5.2908   49 O    0 0 0   52 O    0 0 0
  79 O    4     2.8067     5.3039   85 O    1 0 0   88 O    1 0 0  103 O    0 0 0
                                   106 O    0 0 0
  79 O    2     2.9016     5.4832   51 O    0 0-1   54 O    0 0-1
  79 O    2     2.9128     5.5043    8 BA   1 0 0   26 BA   0 0 0

  80 O    2     1.9912     3.7628  131 TI   0 0 0  134 TI   0 0 0
  80 O    2     2.7890     5.2705    8 BA   1 0 0   26 BA   0 0 0
  80 O    2     2.7998     5.2908   50 O    0 0 0   53 O    0 0 0
  80 O    4     2.8067     5.3039   86 O    1 0 0   89 O    1 0 0  104 O    0 0 0
                                   107 O    0 0 0
  80 O    2     2.9016     5.4832   49 O    0 0 0   52 O    0 0 0
  80 O    2     2.9128     5.5043    9 BA   1 0 0   27 BA   0 0 0

  81 O    2     1.9912     3.7628  132 TI   0 0 0  135 TI   0 0 0
  81 O    2     2.7890     5.2705    9 BA   1 0 0   27 BA   0 0 0
  81 O    2     2.7998     5.2908   51 O    0 0 0   54 O    0 0 0
  81 O    4     2.8067     5.3039   87 O    1 0 0   90 O    1 0 0  105 O    0 0 0
                                   108 O    0 0 0
  81 O    2     2.9016     5.4832   50 O    0 0 0   53 O    0 0 0
  81 O    2     2.9128     5.5043    7 BA   1 0 1   25 BA   0 0 1

  82 O    2     1.9912     3.7628  109 TI   0 0 0  127 TI  -1 0 0
  82 O    1     2.7890     5.2705    4 BA   0 0 0
  82 O    1     2.7961     5.2838    1 BA   0 0 0
  82 O    2     2.7998     5.2908   28 O    0 0 0   46 O   -1 0 0
  82 O    4     2.8067     5.3039   55 O    0 0 0   58 O    0 0 0   73 O   -1 0 0
                                    76 O   -1 0 0
  82 O    2     2.9016     5.4832   30 O    0 0-1   48 O   -1 0-1

  83 O    2     1.9912     3.7628  110 TI   0 0 0  128 TI  -1 0 0
  83 O    2     2.7890     5.2705    2 BA   0 0 0    5 BA   0 0 0
  83 O    2     2.7998     5.2908   29 O    0 0 0   47 O   -1 0 0
  83 O    4     2.8067     5.3039   56 O    0 0 0   59 O    0 0 0   74 O   -1 0 0
                                    77 O   -1 0 0
  83 O    2     2.9016     5.4832   28 O    0 0 0   46 O   -1 0 0
  83 O    2     2.9128     5.5043    3 BA   0 0 0    6 BA   0 0 0

  84 O    2     1.9912     3.7628  111 TI   0 0 0  129 TI  -1 0 0
  84 O    2     2.7890     5.2705    3 BA   0 0 0    6 BA   0 0 0
  84 O    2     2.7998     5.2908   30 O    0 0 0   48 O   -1 0 0
  84 O    4     2.8067     5.3039   57 O    0 0 0   60 O    0 0 0   75 O   -1 0 0
                                    78 O   -1 0 0
  84 O    2     2.9016     5.4832   29 O    0 0 0   47 O   -1 0 0
  84 O    1     2.9055     5.4905    1 BA   0 0 1

  85 O    2     1.9912     3.7628  112 TI   0 0 0  130 TI  -1 0 0
  85 O    2     2.7890     5.2705    4 BA   0 0 0    7 BA   0 0 0
  85 O    2     2.7998     5.2908   31 O    0 0 0   49 O   -1 0 0
  85 O    4     2.8067     5.3039   58 O    0 0 0   61 O    0 0 0   76 O   -1 0 0
                                    79 O   -1 0 0
  85 O    2     2.9016     5.4832   33 O    0 0-1   51 O   -1 0-1
  85 O    2     2.9128     5.5043    5 BA   0 0 0    8 BA   0 0 0

  86 O    2     1.9912     3.7628  113 TI   0 0 0  131 TI  -1 0 0
  86 O    2     2.7890     5.2705    5 BA   0 0 0    8 BA   0 0 0
  86 O    2     2.7998     5.2908   32 O    0 0 0   50 O   -1 0 0
  86 O    4     2.8067     5.3039   59 O    0 0 0   62 O    0 0 0   77 O   -1 0 0
                                    80 O   -1 0 0
  86 O    2     2.9016     5.4832   31 O    0 0 0   49 O   -1 0 0
  86 O    2     2.9128     5.5043    6 BA   0 0 0    9 BA   0 0 0

  87 O    2     1.9912     3.7628  114 TI   0 0 0  132 TI  -1 0 0
  87 O    2     2.7890     5.2705    6 BA   0 0 0    9 BA   0 0 0
  87 O    2     2.7998     5.2908   33 O    0 0 0   51 O   -1 0 0
  87 O    4     2.8067     5.3039   60 O    0 0 0   63 O    0 0 0   78 O   -1 0 0
                                    81 O   -1 0 0
  87 O    2     2.9016     5.4832   32 O    0 0 0   50 O   -1 0 0
  87 O    2     2.9128     5.5043    4 BA   0 0 1    7 BA   0 0 1

  88 O    2     1.9912     3.7628  115 TI   0 0 0  133 TI  -1 0 0
  88 O    1     2.7890     5.2705    7 BA   0 0 0
  88 O    1     2.7961     5.2838    1 BA   0 1 0
  88 O    2     2.7998     5.2908   34 O    0 0 0   52 O   -1 0 0
  88 O    4     2.8067     5.3039   55 O    0 1 0   61 O    0 0 0   73 O   -1 1 0
                                    79 O   -1 0 0
  88 O    2     2.9016     5.4832   36 O    0 0-1   54 O   -1 0-1

  89 O    2     1.9912     3.7628  116 TI   0 0 0  134 TI  -1 0 0
  89 O    2     2.7890     5.2705    2 BA   0 1 0    8 BA   0 0 0
  89 O    2     2.7998     5.2908   35 O    0 0 0   53 O   -1 0 0
  89 O    4     2.8067     5.3039   56 O    0 1 0   62 O    0 0 0   74 O   -1 1 0
                                    80 O   -1 0 0
  89 O    2     2.9016     5.4832   34 O    0 0 0   52 O   -1 0 0
  89 O    2     2.9128     5.5043    3 BA   0 1 0    9 BA   0 0 0

  90 O    2     1.9912     3.7628  117 TI   0 0 0  135 TI  -1 0 0
  90 O    2     2.7890     5.2705    3 BA   0 1 0    9 BA   0 0 0
  90 O    2     2.7998     5.2908   36 O    0 0 0   54 O   -1 0 0
  90 O    4     2.8067     5.3039   57 O    0 1 0   63 O    0 0 0   75 O   -1 1 0
                                    81 O   -1 0 0
  90 O    2     2.9016     5.4832   35 O    0 0 0   53 O   -1 0 0
  90 O    1     2.9055     5.4905    1 BA   0 1 1

  91 O    2     1.9912     3.7628  109 TI   0 0 0  118 TI   0 0 0
  91 O    2     2.7890     5.2705   10 BA   0 0 0   13 BA   0 0 0
  91 O    2     2.7998     5.2908   28 O    0 0 0   37 O    0 0 0
  91 O    4     2.8067     5.3039   55 O    0 0 0   58 O    0 0 0   64 O    0 0 0
                                    67 O    0 0 0
  91 O    2     2.9016     5.4832   30 O    0 0-1   39 O    0 0-1
  91 O    2     2.9128     5.5043   11 BA   0 0 0   14 BA   0 0 0

  92 O    2     1.9912     3.7628  110 TI   0 0 0  119 TI   0 0 0
  92 O    2     2.7890     5.2705   11 BA   0 0 0   14 BA   0 0 0
  92 O    2     2.7998     5.2908   29 O    0 0 0   38 O    0 0 0
  92 O    4     2.8067     5.3039   56 O    0 0 0   59 O    0 0 0   65 O    0 0 0
                                    68 O    0 0 0
  92 O    2     2.9016     5.4832   28 O    0 0 0   37 O    0 0 0
  92 O    2     2.9128     5.5043   12 BA   0 0 0   15 BA   0 0 0

  93 O    2     1.9912     3.7628  111 TI   0 0 0  120 TI   0 0 0
  93 O    2     2.7890     5.2705   12 BA   0 0 0   15 BA   0 0 0
  93 O    2     2.7998     5.2908   30 O    0 0 0   39 O    0 0 0
  93 O    4     2.8067     5.3039   57 O    0 0 0   60 O    0 0 0   66 O    0 0 0
                                    69 O    0 0 0
  93 O    2     2.9016     5.4832   29 O    0 0 0   38 O    0 0 0
  93 O    2     2.9128     5.5043   10 BA   0 0 1   13 BA   0 0 1

  94 O    2     1.9912     3.7628  112 TI   0 0 0  121 TI   0 0 0
  94 O    2     2.7890     5.2705   13 BA   0 0 0   16 BA   0 0 0
  94 O    2     2.7998     5.2908   31 O    0 0 0   40 O    0 0 0
  94 O    4     2.8067     5.3039   58 O    0 0 0   61 O    0 0 0   67 O    0 0 0
                                    70 O    0 0 0
  94 O    2     2.9016     5.4832   33 O    0 0-1   42 O    0 0-1
  94 O    2     2.9128     5.5043   14 BA   0 0 0   17 BA   0 0 0

  95 O    2     1.9912     3.7628  113 TI   0 0 0  122 TI   0 0 0
  95 O    2     2.7890     5.2705   14 BA   0 0 0   17 BA   0 0 0
  95 O    2     2.7998     5.2908   32 O    0 0 0   41 O    0 0 0
  95 O    4     2.8067     5.3039   59 O    0 0 0   62 O    0 0 0   68 O    0 0 0
                                    71 O    0 0 0
  95 O    2     2.9016     5.4832   31 O    0 0 0   40 O    0 0 0
  95 O    2     2.9128     5.5043   15 BA   0 0 0   18 BA   0 0 0

  96 O    2     1.9912     3.7628  114 TI   0 0 0  123 TI   0 0 0
  96 O    2     2.7890     5.2705   15 BA   0 0 0   18 BA   0 0 0
  96 O    2     2.7998     5.2908   33 O    0 0 0   42 O    0 0 0
  96 O    4     2.8067     5.3039   60 O    0 0 0   63 O    0 0 0   69 O    0 0 0
                                    72 O    0 0 0
  96 O    2     2.9016     5.4832   32 O    0 0 0   41 O    0 0 0
  96 O    2     2.9128     5.5043   13 BA   0 0 1   16 BA   0 0 1

  97 O    2     1.9912     3.7628  115 TI   0 0 0  124 TI   0 0 0
  97 O    2     2.7890     5.2705   10 BA   0 1 0   16 BA   0 0 0
  97 O    2     2.7998     5.2908   34 O    0 0 0   43 O    0 0 0
  97 O    4     2.8067     5.3039   55 O    0 1 0   61 O    0 0 0   64 O    0 1 0
                                    70 O    0 0 0
  97 O    2     2.9016     5.4832   36 O    0 0-1   45 O    0 0-1
  97 O    2     2.9128     5.5043   11 BA   0 1 0   17 BA   0 0 0

  98 O    2     1.9912     3.7628  116 TI   0 0 0  125 TI   0 0 0
  98 O    2     2.7890     5.2705   11 BA   0 1 0   17 BA   0 0 0
  98 O    2     2.7998     5.2908   35 O    0 0 0   44 O    0 0 0
  98 O    4     2.8067     5.3039   56 O    0 1 0   62 O    0 0 0   65 O    0 1 0
                                    71 O    0 0 0
  98 O    2     2.9016     5.4832   34 O    0 0 0   43 O    0 0 0
  98 O    2     2.9128     5.5043   12 BA   0 1 0   18 BA   0 0 0

  99 O    2     1.9912     3.7628  117 TI   0 0 0  126 TI   0 0 0
  99 O    2     2.7890     5.2705   12 BA   0 1 0   18 BA   0 0 0
  99 O    2     2.7998     5.2908   36 O    0 0 0   45 O    0 0 0
  99 O    4     2.8067     5.3039   57 O    0 1 0   63 O    0 0 0   66 O    0 1 0
                                    72 O    0 0 0
  99 O    2     2.9016     5.4832   35 O    0 0 0   44 O    0 0 0
  99 O    2     2.9128     5.5043   10 BA   0 1 1   16 BA   0 0 1

 100 O    2     1.9912     3.7628  118 TI   0 0 0  127 TI   0 0 0
 100 O    2     2.7890     5.2705   19 BA   0 0 0   22 BA   0 0 0
 100 O    2     2.7998     5.2908   37 O    0 0 0   46 O    0 0 0
 100 O    4     2.8067     5.3039   64 O    0 0 0   67 O    0 0 0   73 O    0 0 0
                                    76 O    0 0 0
 100 O    2     2.9016     5.4832   39 O    0 0-1   48 O    0 0-1
 100 O    2     2.9128     5.5043   20 BA   0 0 0   23 BA   0 0 0

 101 O    2     1.9912     3.7628  119 TI   0 0 0  128 TI   0 0 0
 101 O    2     2.7890     5.2705   20 BA   0 0 0   23 BA   0 0 0
 101 O    2     2.7998     5.2908   38 O    0 0 0   47 O    0 0 0
 101 O    4     2.8067     5.3039   65 O    0 0 0   68 O    0 0 0   74 O    0 0 0
                                    77 O    0 0 0
 101 O    2     2.9016     5.4832   37 O    0 0 0   46 O    0 0 0
 101 O    2     2.9128     5.5043   21 BA   0 0 0   24 BA   0 0 0

 102 O    2     1.9912     3.7628  120 TI   0 0 0  129 TI   0 0 0
 102 O    2     2.7890     5.2705   21 BA   0 0 0   24 BA   0 0 0
 102 O    2     2.7998     5.2908   39 O    0 0 0   48 O    0 0 0
 102 O    4     2.8067     5.3039   66 O    0 0 0   69 O    0 0 0   75 O    0 0 0
                                    78 O    0 0 0
 102 O    2     2.9016     5.4832   38 O    0 0 0   47 O    0 0 0
 102 O    2     2.9128     5.5043   19 BA   0 0 1   22 BA   0 0 1

 103 O    2     1.9912     3.7628  121 TI   0 0 0  130 TI   0 0 0
 103 O    2     2.7890     5.2705   22 BA   0 0 0   25 BA   0 0 0
 103 O    2     2.7998     5.2908   40 O    0 0 0   49 O    0 0 0
 103 O    4     2.8067     5.3039   67 O    0 0 0   70 O    0 0 0   76 O    0 0 0
                                    79 O    0 0 0
 103 O    2     2.9016     5.4832   42 O    0 0-1   51 O    0 0-1
 103 O    2     2.9128     5.5043   23 BA   0 0 0   26 BA   0 0 0

 104 O    2     1.9912     3.7628  122 TI   0 0 0  131 TI   0 0 0
 104 O    2     2.7890     5.2705   23 BA   0 0 0   26 BA   0 0 0
 104 O    2     2.7998     5.2908   41 O    0 0 0   50 O    0 0 0
 104 O    4     2.8067     5.3039   68 O    0 0 0   71 O    0 0 0   77 O    0 0 0
                                    80 O    0 0 0
 104 O    2     2.9016     5.4832   40 O    0 0 0   49 O    0 0 0
 104 O    2     2.9128     5.5043   24 BA   0 0 0   27 BA   0 0 0

 105 O    2     1.9912     3.7628  123 TI   0 0 0  132 TI   0 0 0
 105 O    2     2.7890     5.2705   24 BA   0 0 0   27 BA   0 0 0
 105 O    2     2.7998     5.2908   42 O    0 0 0   51 O    0 0 0
 105 O    4     2.8067     5.3039   69 O    0 0 0   72 O    0 0 0   78 O    0 0 0
                                    81 O    0 0 0
 105 O    2     2.9016     5.4832   41 O    0 0 0   50 O    0 0 0
 105 O    2     2.9128     5.5043   22 BA   0 0 1   25 BA   0 0 1

 106 O    2     1.9912     3.7628  124 TI   0 0 0  133 TI   0 0 0
 106 O    2     2.7890     5.2705   19 BA   0 1 0   25 BA   0 0 0
 106 O    2     2.7998     5.2908   43 O    0 0 0   52 O    0 0 0
 106 O    4     2.8067     5.3039   64 O    0 1 0   70 O    0 0 0   73 O    0 1 0
                                    79 O    0 0 0
 106 O    2     2.9016     5.4832   45 O    0 0-1   54 O    0 0-1
 106 O    2     2.9128     5.5043   20 BA   0 1 0   26 BA   0 0 0

 107 O    2     1.9912     3.7628  125 TI   0 0 0  134 TI   0 0 0
 107 O    2     2.7890     5.2705   20 BA   0 1 0   26 BA   0 0 0
 107 O    2     2.7998     5.2908   44 O    0 0 0   53 O    0 0 0
 107 O    4     2.8067     5.3039   65 O    0 1 0   71 O    0 0 0   74 O    0 1 0
                                    80 O    0 0 0
 107 O    2     2.9016     5.4832   43 O    0 0 0   52 O    0 0 0
 107 O    2     2.9128     5.5043   21 BA   0 1 0   27 BA   0 0 0

 108 O    2     1.9912     3.7628  126 TI   0 0 0  135 TI   0 0 0
 108 O    2     2.7890     5.2705   21 BA   0 1 0   27 BA   0 0 0
 108 O    2     2.7998     5.2908   45 O    0 0 0   54 O    0 0 0
 108 O    4     2.8067     5.3039   66 O    0 1 0   72 O    0 0 0   75 O    0 1 0
                                    81 O    0 0 0
 108 O    2     2.9016     5.4832   44 O    0 0 0   53 O    0 0 0
 108 O    2     2.9128     5.5043   19 BA   0 1 1   25 BA   0 0 1

 109 TI   1     1.8132     3.4264   28 O    0 0 0
 109 TI   4     1.9912     3.7628   55 O    0 0 0   58 O    0 0 0   82 O    0 0 0
                                    91 O    0 0 0
 109 TI   1     2.2784     4.3056   30 O    0 0-1
 109 TI   4     3.4292     6.4803    2 BA   0 0 0    5 BA   0 0 0   11 BA   0 0 0
                                    14 BA   0 0 0
 109 TI   3     3.5181     6.6483    4 BA   0 0 0   10 BA   0 0 0   13 BA   0 0 0
 109 TI   1     3.5242     6.6597    1 BA   0 0 0

 110 TI   1     1.8132     3.4264   29 O    0 0 0
 110 TI   4     1.9912     3.7628   56 O    0 0 0   59 O    0 0 0   83 O    0 0 0
                                    92 O    0 0 0
 110 TI   1     2.2784     4.3056   28 O    0 0 0
 110 TI   4     3.4292     6.4803    3 BA   0 0 0    6 BA   0 0 0   12 BA   0 0 0
                                    15 BA   0 0 0
 110 TI   4     3.5181     6.6483    2 BA   0 0 0    5 BA   0 0 0   11 BA   0 0 0
                                    14 BA   0 0 0
 110 TI   4     3.9692     7.5008  113 TI   0 0 0  116 TI   0-1 0  119 TI   0 0 0
                                   128 TI  -1 0 0

 111 TI   1     1.8132     3.4264   30 O    0 0 0
 111 TI   4     1.9912     3.7628   57 O    0 0 0   60 O    0 0 0   84 O    0 0 0
                                    93 O    0 0 0
 111 TI   1     2.2784     4.3056   29 O    0 0 0
 111 TI   1     3.4235     6.4695    1 BA   0 0 1
 111 TI   3     3.4292     6.4803    4 BA   0 0 1   10 BA   0 0 1   13 BA   0 0 1
 111 TI   4     3.5181     6.6483    3 BA   0 0 0    6 BA   0 0 0   12 BA   0 0 0
                                    15 BA   0 0 0

 112 TI   1     1.8132     3.4264   31 O    0 0 0
 112 TI   4     1.9912     3.7628   58 O    0 0 0   61 O    0 0 0   85 O    0 0 0
                                    94 O    0 0 0
 112 TI   1     2.2784     4.3056   33 O    0 0-1
 112 TI   4     3.4292     6.4803    5 BA   0 0 0    8 BA   0 0 0   14 BA   0 0 0
                                    17 BA   0 0 0
 112 TI   4     3.5181     6.6483    4 BA   0 0 0    7 BA   0 0 0   13 BA   0 0 0
                                    16 BA   0 0 0
 112 TI   4     3.9692     7.5008  109 TI   0 0 0  115 TI   0 0 0  121 TI   0 0 0
                                   130 TI  -1 0 0

 113 TI   1     1.8132     3.4264   32 O    0 0 0
 113 TI   4     1.9912     3.7628   59 O    0 0 0   62 O    0 0 0   86 O    0 0 0
                                    95 O    0 0 0
 113 TI   1     2.2784     4.3056   31 O    0 0 0
 113 TI   4     3.4292     6.4803    6 BA   0 0 0    9 BA   0 0 0   15 BA   0 0 0
                                    18 BA   0 0 0
 113 TI   4     3.5181     6.6483    5 BA   0 0 0    8 BA   0 0 0   14 BA   0 0 0
                                    17 BA   0 0 0
 113 TI   4     3.9692     7.5008  110 TI   0 0 0  116 TI   0 0 0  122 TI   0 0 0
                                   131 TI  -1 0 0

 114 TI   1     1.8132     3.4264   33 O    0 0 0
 114 TI   4     1.9912     3.7628   60 O    0 0 0   63 O    0 0 0   87 O    0 0 0
                                    96 O    0 0 0
 114 TI   1     2.2784     4.3056   32 O    0 0 0
 114 TI   4     3.4292     6.4803    4 BA   0 0 1    7 BA   0 0 1   13 BA   0 0 1
                                    16 BA   0 0 1
 114 TI   4     3.5181     6.6483    6 BA   0 0 0    9 BA   0 0 0   15 BA   0 0 0
                                    18 BA   0 0 0
 114 TI   4     3.9692     7.5008  111 TI   0 0 0  117 TI   0 0 0  123 TI   0 0 0
                                   132 TI  -1 0 0

 115 TI   1     1.8132     3.4264   34 O    0 0 0
 115 TI   4     1.9912     3.7628   55 O    0 1 0   61 O    0 0 0   88 O    0 0 0
                                    97 O    0 0 0
 115 TI   1     2.2784     4.3056   36 O    0 0-1
 115 TI   4     3.4292     6.4803    2 BA   0 1 0    8 BA   0 0 0   11 BA   0 1 0
                                    17 BA   0 0 0
 115 TI   3     3.5181     6.6483    7 BA   0 0 0   10 BA   0 1 0   16 BA   0 0 0
 115 TI   1     3.5242     6.6597    1 BA   0 1 0

 116 TI   1     1.8132     3.4264   35 O    0 0 0
 116 TI   4     1.9912     3.7628   56 O    0 1 0   62 O    0 0 0   89 O    0 0 0
                                    98 O    0 0 0
 116 TI   1     2.2784     4.3056   34 O    0 0 0
 116 TI   4     3.4292     6.4803    3 BA   0 1 0    9 BA   0 0 0   12 BA   0 1 0
                                    18 BA   0 0 0
 116 TI   4     3.5181     6.6483    2 BA   0 1 0    8 BA   0 0 0   11 BA   0 1 0
                                    17 BA   0 0 0
 116 TI   4     3.9692     7.5008  110 TI   0 1 0  113 TI   0 0 0  125 TI   0 0 0
                                   134 TI  -1 0 0

 117 TI   1     1.8132     3.4264   36 O    0 0 0
 117 TI   4     1.9912     3.7628   57 O    0 1 0   63 O    0 0 0   90 O    0 0 0
                                    99 O    0 0 0
 117 TI   1     2.2784     4.3056   35 O    0 0 0
 117 TI   1     3.4235     6.4695    1 BA   0 1 1
 117 TI   3     3.4292     6.4803    7 BA   0 0 1   10 BA   0 1 1   16 BA   0 0 1
 117 TI   4     3.5181     6.6483    3 BA   0 1 0    9 BA   0 0 0   12 BA   0 1 0
                                    18 BA   0 0 0

 118 TI   1     1.8132     3.4264   37 O    0 0 0
 118 TI   4     1.9912     3.7628   64 O    0 0 0   67 O    0 0 0   91 O    0 0 0
                                   100 O    0 0 0
 118 TI   1     2.2784     4.3056   39 O    0 0-1
 118 TI   4     3.4292     6.4803   11 BA   0 0 0   14 BA   0 0 0   20 BA   0 0 0
                                    23 BA   0 0 0
 118 TI   4     3.5181     6.6483   10 BA   0 0 0   13 BA   0 0 0   19 BA   0 0 0
                                    22 BA   0 0 0
 118 TI   4     3.9692     7.5008  109 TI   0 0 0  121 TI   0 0 0  124 TI   0-1 0
                                   127 TI   0 0 0

 119 TI   1     1.8132     3.4264   38 O    0 0 0
 119 TI   4     1.9912     3.7628   65 O    0 0 0   68 O    0 0 0   92 O    0 0 0
                                   101 O    0 0 0
 119 TI   1     2.2784     4.3056   37 O    0 0 0
 119 TI   4     3.4292     6.4803   12 BA   0 0 0   15 BA   0 0 0   21 BA   0 0 0
                                    24 BA   0 0 0
 119 TI   4     3.5181     6.6483   11 BA   0 0 0   14 BA   0 0 0   20 BA   0 0 0
                                    23 BA   0 0 0
 119 TI   4     3.9692     7.5008  110 TI   0 0 0  122 TI   0 0 0  125 TI   0-1 0
                                   128 TI   0 0 0

 120 TI   1     1.8132     3.4264   39 O    0 0 0
 120 TI   4     1.9912     3.7628   66 O    0 0 0   69 O    0 0 0   93 O    0 0 0
                                   102 O    0 0 0
 120 TI   1     2.2784     4.3056   38 O    0 0 0
 120 TI   4     3.4292     6.4803   10 BA   0 0 1   13 BA   0 0 1   19 BA   0 0 1
                                    22 BA   0 0 1
 120 TI   4     3.5181     6.6483   12 BA   0 0 0   15 BA   0 0 0   21 BA   0 0 0
                                    24 BA   0 0 0
 120 TI   4     3.9692     7.5008  111 TI   0 0 0  123 TI   0 0 0  126 TI   0-1 0
                                   129 TI   0 0 0

 121 TI   1     1.8132     3.4264   40 O    0 0 0
 121 TI   4     1.9912     3.7628   67 O    0 0 0   70 O    0 0 0   94 O    0 0 0
                                   103 O    0 0 0
 121 TI   1     2.2784     4.3056   42 O    0 0-1
 121 TI   4     3.4292     6.4803   14 BA   0 0 0   17 BA   0 0 0   23 BA   0 0 0
                                    26 BA   0 0 0
 121 TI   4     3.5181     6.6483   13 BA   0 0 0   16 BA   0 0 0   22 BA   0 0 0
                                    25 BA   0 0 0
 121 TI   4     3.9692     7.5008  112 TI   0 0 0  118 TI   0 0 0  124 TI   0 0 0
                                   130 TI   0 0 0

 122 TI   1     1.8132     3.4264   41 O    0 0 0
 122 TI   4     1.9912     3.7628   68 O    0 0 0   71 O    0 0 0   95 O    0 0 0
                                   104 O    0 0 0
 122 TI   1     2.2784     4.3056   40 O    0 0 0
 122 TI   4     3.4292     6.4803   15 BA   0 0 0   18 BA   0 0 0   24 BA   0 0 0
                                    27 BA   0 0 0
 122 TI   4     3.5181     6.6483   14 BA   0 0 0   17 BA   0 0 0   23 BA   0 0 0
                                    26 BA   0 0 0
 122 TI   4     3.9692     7.5008  113 TI   0 0 0  119 TI   0 0 0  125 TI   0 0 0
                                   131 TI   0 0 0

 123 TI   1     1.8132     3.4264   42 O    0 0 0
 123 TI   4     1.9912     3.7628   69 O    0 0 0   72 O    0 0 0   96 O    0 0 0
                                   105 O    0 0 0
 123 TI   1     2.2784     4.3056   41 O    0 0 0
 123 TI   4     3.4292     6.4803   13 BA   0 0 1   16 BA   0 0 1   22 BA   0 0 1
                                    25 BA   0 0 1
 123 TI   4     3.5181     6.6483   15 BA   0 0 0   18 BA   0 0 0   24 BA   0 0 0
                                    27 BA   0 0 0
 123 TI   4     3.9692     7.5008  114 TI   0 0 0  120 TI   0 0 0  126 TI   0 0 0
                                   132 TI   0 0 0

 124 TI   1     1.8132     3.4264   43 O    0 0 0
 124 TI   4     1.9912     3.7628   64 O    0 1 0   70 O    0 0 0   97 O    0 0 0
                                   106 O    0 0 0
 124 TI   1     2.2784     4.3056   45 O    0 0-1
 124 TI   4     3.4292     6.4803   11 BA   0 1 0   17 BA   0 0 0   20 BA   0 1 0
                                    26 BA   0 0 0
 124 TI   4     3.5181     6.6483   10 BA   0 1 0   16 BA   0 0 0   19 BA   0 1 0
                                    25 BA   0 0 0
 124 TI   4     3.9692     7.5008  115 TI   0 0 0  118 TI   0 1 0  121 TI   0 0 0
                                   133 TI   0 0 0

 125 TI   1     1.8132     3.4264   44 O    0 0 0
 125 TI   4     1.9912     3.7628   65 O    0 1 0   71 O    0 0 0   98 O    0 0 0
                                   107 O    0 0 0
 125 TI   1     2.2784     4.3056   43 O    0 0 0
 125 TI   4     3.4292     6.4803   12 BA   0 1 0   18 BA   0 0 0   21 BA   0 1 0
                                    27 BA   0 0 0
 125 TI   4     3.5181     6.6483   11 BA   0 1 0   17 BA   0 0 0   20 BA   0 1 0
                                    26 BA   0 0 0
 125 TI   4     3.9692     7.5008  116 TI   0 0 0  119 TI   0 1 0  122 TI   0 0 0
                                   134 TI   0 0 0

 126 TI   1     1.8132     3.4264   45 O    0 0 0
 126 TI   4     1.9912     3.7628   66 O    0 1 0   72 O    0 0 0   99 O    0 0 0
                                   108 O    0 0 0
 126 TI   1     2.2784     4.3056   44 O    0 0 0
 126 TI   4     3.4292     6.4803   10 BA   0 1 1   16 BA   0 0 1   19 BA   0 1 1
                                    25 BA   0 0 1
 126 TI   4     3.5181     6.6483   12 BA   0 1 0   18 BA   0 0 0   21 BA   0 1 0
                                    27 BA   0 0 0
 126 TI   4     3.9692     7.5008  117 TI   0 0 0  120 TI   0 1 0  123 TI   0 0 0
                                   135 TI   0 0 0

 127 TI   1     1.8132     3.4264   46 O    0 0 0
 127 TI   4     1.9912     3.7628   73 O    0 0 0   76 O    0 0 0   82 O    1 0 0
                                   100 O    0 0 0
 127 TI   1     2.2784     4.3056   48 O    0 0-1
 127 TI   4     3.4292     6.4803    2 BA   1 0 0    5 BA   1 0 0   20 BA   0 0 0
                                    23 BA   0 0 0
 127 TI   3     3.5181     6.6483    4 BA   1 0 0   19 BA   0 0 0   22 BA   0 0 0
 127 TI   1     3.5242     6.6597    1 BA   1 0 0

 128 TI   1     1.8132     3.4264   47 O    0 0 0
 128 TI   4     1.9912     3.7628   74 O    0 0 0   77 O    0 0 0   83 O    1 0 0
                                   101 O    0 0 0
 128 TI   1     2.2784     4.3056   46 O    0 0 0
 128 TI   4     3.4292     6.4803    3 BA   1 0 0    6 BA   1 0 0   21 BA   0 0 0
                                    24 BA   0 0 0
 128 TI   4     3.5181     6.6483    2 BA   1 0 0    5 BA   1 0 0   20 BA   0 0 0
                                    23 BA   0 0 0
 128 TI   4     3.9692     7.5008  110 TI   1 0 0  119 TI   0 0 0  131 TI   0 0 0
                                   134 TI   0-1 0

 129 TI   1     1.8132     3.4264   48 O    0 0 0
 129 TI   4     1.9912     3.7628   75 O    0 0 0   78 O    0 0 0   84 O    1 0 0
                                   102 O    0 0 0
 129 TI   1     2.2784     4.3056   47 O    0 0 0
 129 TI   1     3.4235     6.4695    1 BA   1 0 1
 129 TI   3     3.4292     6.4803    4 BA   1 0 1   19 BA   0 0 1   22 BA   0 0 1
 129 TI   4     3.5181     6.6483    3 BA   1 0 0    6 BA   1 0 0   21 BA   0 0 0
                                    24 BA   0 0 0

 130 TI   1     1.8132     3.4264   49 O    0 0 0
 130 TI   4     1.9912     3.7628   76 O    0 0 0   79 O    0 0 0   85 O    1 0 0
                                   103 O    0 0 0
 130 TI   1     2.2784     4.3056   51 O    0 0-1
 130 TI   4     3.4292     6.4803    5 BA   1 0 0    8 BA   1 0 0   23 BA   0 0 0
                                    26 BA   0 0 0
 130 TI   4     3.5181     6.6483    4 BA   1 0 0    7 BA   1 0 0   22 BA   0 0 0
                                    25 BA   0 0 0
 130 TI   4     3.9692     7.5008  112 TI   1 0 0  121 TI   0 0 0  127 TI   0 0 0
                                   133 TI   0 0 0

 131 TI   1     1.8132     3.4264   50 O    0 0 0
 131 TI   4     1.9912     3.7628   77 O    0 0 0   80 O    0 0 0   86 O    1 0 0
                                   104 O    0 0 0
 131 TI   1     2.2784     4.3056   49 O    0 0 0
 131 TI   4     3.4292     6.4803    6 BA   1 0 0    9 BA   1 0 0   24 BA   0 0 0
                                    27 BA   0 0 0
 131 TI   4     3.5181     6.6483    5 BA   1 0 0    8 BA   1 0 0   23 BA   0 0 0
                                    26 BA   0 0 0
 131 TI   4     3.9692     7.5008  113 TI   1 0 0  122 TI   0 0 0  128 TI   0 0 0
                                   134 TI   0 0 0

 132 TI   1     1.8132     3.4264   51 O    0 0 0
 132 TI   4     1.9912     3.7628   78 O    0 0 0   81 O    0 0 0   87 O    1 0 0
                                   105 O    0 0 0
 132 TI   1     2.2784     4.3056   50 O    0 0 0
 132 TI   4     3.4292     6.4803    4 BA   1 0 1    7 BA   1 0 1   22 BA   0 0 1
                                    25 BA   0 0 1
 132 TI   4     3.5181     6.6483    6 BA   1 0 0    9 BA   1 0 0   24 BA   0 0 0
                                    27 BA   0 0 0
 132 TI   4     3.9692     7.5008  114 TI   1 0 0  123 TI   0 0 0  129 TI   0 0 0
                                   135 TI   0 0 0

 133 TI   1     1.8132     3.4264   52 O    0 0 0
 133 TI   4     1.9912     3.7628   73 O    0 1 0   79 O    0 0 0   88 O    1 0 0
                                   106 O    0 0 0
 133 TI   1     2.2784     4.3056   54 O    0 0-1
 133 TI   4     3.4292     6.4803    2 BA   1 1 0    8 BA   1 0 0   20 BA   0 1 0
                                    26 BA   0 0 0
 133 TI   3     3.5181     6.6483    7 BA   1 0 0   19 BA   0 1 0   25 BA   0 0 0
 133 TI   1     3.5242     6.6597    1 BA   1 1 0

 134 TI   1     1.8132     3.4264   53 O    0 0 0
 134 TI   4     1.9912     3.7628   74 O    0 1 0   80 O    0 0 0   89 O    1 0 0
                                   107 O    0 0 0
 134 TI   1     2.2784     4.3056   52 O    0 0 0
 134 TI   4     3.4292     6.4803    3 BA   1 1 0    9 BA   1 0 0   21 BA   0 1 0
                                    27 BA   0 0 0
 134 TI   4     3.5181     6.6483    2 BA   1 1 0    8 BA   1 0 0   20 BA   0 1 0
                                    26 BA   0 0 0
 134 TI   4     3.9692     7.5008  116 TI   1 0 0  125 TI   0 0 0  128 TI   0 1 0
                                   131 TI   0 0 0

 135 TI   1     1.8132     3.4264   54 O    0 0 0
 135 TI   4     1.9912     3.7628   75 O    0 1 0   81 O    0 0 0   90 O    1 0 0
                                   108 O    0 0 0
 135 TI   1     2.2784     4.3056   53 O    0 0 0
 135 TI   1     3.4235     6.4695    1 BA   1 1 1
 135 TI   3     3.4292     6.4803    7 BA   1 0 1   19 BA   0 1 1   25 BA   0 0 1
 135 TI   4     3.5181     6.6483    3 BA   1 1 0    9 BA   1 0 0   21 BA   0 1 0
                                    27 BA   0 0 0


 SYMMETRY ALLOWED INTERNAL DEGREE(S) OF FREEDOM: 402
 TTTTTTTTTTTTTTTTTTTTTTTTTTTTTT SYMM        TELAPSE        2.32 TCPU        2.21
 TTTTTTTTTTTTTTTTTTTTTTTTTTTTTT INT_SCREEN  TELAPSE        2.42 TCPU        2.31

 DFT PARAMETERS

     ATOM       ELECTRONS   NET CHARGE   R(ANGSTROM)
   1 256  BA     10.0000      0.0000     2.24000000
  28   8  O       8.0000      0.0000     0.74000000
 109  22  TI     22.0000      0.0000     1.47000000

 SIZE OF GRID=    2838101
 TTTTTTTTTTTTTTTTTTTTTTTTTTTTTT MAKE_GRID2  TELAPSE       43.06 TCPU       42.95
 BECKE WEIGHT FUNCTION
 RADSAFE =     2.00
 TOLERANCES - DENSITY:10**- 6; POTENTIAL:10**- 9; GRID WGT:10**-14

 RADIAL INTEGRATION  - INTERVALS (POINTS,UPPER LIMIT):            1( 75,  4.0*R)

 ANGULAR INTEGRATION - INTERVALS (ACCURACY LEVEL [N. POINTS] UPPER LIMIT):
  1(  4[  86]   0.2)  2(  8[ 194]   0.5)  3( 12[ 350]   0.9)  4( 16[ 974]   3.5)
  5( 12[ 350]9999.0)
 TTTTTTTTTTTTTTTTTTTTTTTTTTTTTT INT_CALC    TELAPSE       43.17 TCPU       43.05
 EEEEEEEEEE INT_CALC TERMINATION  DATE 25 03 2026 TIME 16:42:00.1

 *******************************************************************************
 converted and standardized from ase Atoms() object for Ba27Ti27O81 in space grou
 CRYSTAL - SCF - TYPE OF CALCULATION :  RESTRICTED CLOSED SHELL
 *******************************************************************************

 CAPPA:IS1  2;IS2  2;IS3  2; K PTS MONK NET   8; SYMMOPS:K SPACE   2;G SPACE   1

 TTTTTTTTTTTTTTTTTTTTTTTTTTTTTT SDIK        TELAPSE       45.51 TCPU       45.39

 AAAAAAAAAAAAAAAAAAAAAAAAAAAAAAAAAAAAAAAAAAAAAAAAAAAAAAAAAAAAAAAAAAAAAAAAAAAAAAA
         ATOMIC WAVEFUNCTION(S)


 NUCLEAR CHARGE 10.0  SYMMETRY SPECIES            S    P
 N. ELECTRONS   10.0  NUMBER OF PRIMITIVE GTOS    5    5
                      NUMBER OF CONTRACTED GTOS   3    2
                      NUMBER OF CLOSED SHELLS     2    1
                      OPEN SHELL OCCUPATION       0    0

  ZNUC  SCFIT    TOTAL HF ENERGY   KINETIC ENERGY   VIRIAL THEOREM             ACCURACY
  10.0     4    -2.474305552E+01  8.075374960E+00 -4.064013205E+00  1.0E-06

 NUCLEAR CHARGE  8.0  SYMMETRY SPECIES            S    P
 N. ELECTRONS    8.0  NUMBER OF PRIMITIVE GTOS   10    6
                      NUMBER OF CONTRACTED GTOS   4    3
                      NUMBER OF CLOSED SHELLS     2    0
                      OPEN SHELL OCCUPATION       0    4

  ZNUC  SCFIT    TOTAL HF ENERGY   KINETIC ENERGY   VIRIAL THEOREM             ACCURACY
   8.0    13    -7.480154908E+01  7.478929754E+01 -2.000163814E+00  2.2E-06

 NUCLEAR CHARGE 22.0  SYMMETRY SPECIES            S    P    D
 N. ELECTRONS   22.0  NUMBER OF PRIMITIVE GTOS   17   11    6
                      NUMBER OF CONTRACTED GTOS   6    4    3
                      NUMBER OF CLOSED SHELLS     4    2    0
                      OPEN SHELL OCCUPATION       0    0    2

  ZNUC  SCFIT    TOTAL HF ENERGY   KINETIC ENERGY   VIRIAL THEOREM             ACCURACY
  22.0    51    -8.483283897E+02  8.486954851E+02 -1.999567459E+00  4.0E-06

 AAAAAAAAAAAAAAAAAAAAAAAAAAAAAAAAAAAAAAAAAAAAAAAAAAAAAAAAAAAAAAAAAAAAAAAAAAAAAAA

 CHARGE NORMALIZATION FACTOR   1.00000000
 TOTAL ATOMIC CHARGES:
  10.0000000  10.0000000  10.0000000  10.0000000  10.0000000  10.0000000
  10.0000000  10.0000000  10.0000000  10.0000000  10.0000000  10.0000000
  10.0000000  10.0000000  10.0000000  10.0000000  10.0000000  10.0000000
  10.0000000  10.0000000  10.0000000  10.0000000  10.0000000  10.0000000
  10.0000000  10.0000000  10.0000000   8.0000000   8.0000000   8.0000000
   8.0000000   8.0000000   8.0000000   8.0000000   8.0000000   8.0000000
   8.0000000   8.0000000   8.0000000   8.0000000   8.0000000   8.0000000
   8.0000000   8.0000000   8.0000000   8.0000000   8.0000000   8.0000000
   8.0000000   8.0000000   8.0000000   8.0000000   8.0000000   8.0000000
   8.0000000   8.0000000   8.0000000   8.0000000   8.0000000   8.0000000
   8.0000000   8.0000000   8.0000000   8.0000000   8.0000000   8.0000000
   8.0000000   8.0000000   8.0000000   8.0000000   8.0000000   8.0000000
   8.0000000   8.0000000   8.0000000   8.0000000   8.0000000   8.0000000
   8.0000000   8.0000000   8.0000000   8.0000000   8.0000000   8.0000000
   8.0000000   8.0000000   8.0000000   8.0000000   8.0000000   8.0000000
   8.0000000   8.0000000   8.0000000   8.0000000   8.0000000   8.0000000
   8.0000000   8.0000000   8.0000000   8.0000000   8.0000000   8.0000000
   8.0000000   8.0000000   8.0000000   8.0000000   8.0000000   8.0000000
  22.0000000  22.0000000  22.0000000  22.0000000  22.0000000  22.0000000
  22.0000000  22.0000000  22.0000000  22.0000000  22.0000000  22.0000000
  22.0000000  22.0000000  22.0000000  22.0000000  22.0000000  22.0000000
  22.0000000  22.0000000  22.0000000  22.0000000  22.0000000  22.0000000
  22.0000000  22.0000000  22.0000000
 TTTTTTTTTTTTTTTTTTTTTTTTTTTTTT MOQGAD      TELAPSE       45.61 TCPU       45.49
 TTTTTTTTTTTTTTTTTTTTTTTTTTTTTT SHELLXN     TELAPSE      385.97 TCPU      385.55
 TTTTTTTTTTTTTTTTTTTTTTTTTTTTTT MONMO3      TELAPSE      398.00 TCPU      397.58
 NUMERICALLY INTEGRATED DENSITY   1511.9942563732
 TTTTTTTTTTTTTTTTTTTTTTTTTTTTTT NUMDFT      TELAPSE      415.47 TCPU      415.06
 CYC   0 ETOT(AU) -2.971191245465E+04 DETOT -2.97E+04 tst  0.00E+00 PX  1.00E+00
 TTTTTTTTTTTTTTTTTTTTTTTTTTTTTT DIIS        TELAPSE      415.75 TCPU      415.33
 TTTTTTTTTTTTTTTTTTTTTTTTTTTTTT FDIK        TELAPSE      431.92 TCPU      431.47
 INSULATING STATE
 TOP OF VALENCE BANDS -    BAND    756; K    8; EIG -3.4808176E-01 AU
 TOP OF VALENCE BANDS -    BAND    756; K    1; EIG -3.5373891E-01 AU
 BOTTOM OF VIRTUAL BANDS - BAND    757; K    1; EIG -8.3602330E-02 AU
 INDIRECT ENERGY BAND GAP:   7.1969 eV
 TTTTTTTTTTTTTTTTTTTTTTTTTTTTTT PDIG        TELAPSE      434.43 TCPU      433.98
 CHARGE NORMALIZATION FACTOR   1.00000000
 TOTAL ATOMIC CHARGES:
   8.1654350   8.1657263   8.1656183   8.1656489   8.1656918   8.1656665
   8.1656489   8.1656919   8.1656665   8.1656489   8.1656918   8.1656665
   8.1656773   8.1656878   8.1656881   8.1656773   8.1656879   8.1656881
   8.1656489   8.1656919   8.1656665   8.1656773   8.1656879   8.1656881
   8.1656774   8.1656880   8.1656880   9.4556919   9.4556907   9.4556408
   9.4556915   9.4556909   9.4556879   9.4556919   9.4556908   9.4556408
   9.4556915   9.4556909   9.4556879   9.4556913   9.4556911   9.4556877
   9.4556915   9.4556909   9.4556879   9.4556919   9.4556908   9.4556408
   9.4556915   9.4556909   9.4556879   9.4556920   9.4556908   9.4556408
   9.4799206   9.4798495   9.4796495   9.4798553   9.4798494   9.4798145
   9.4798553   9.4798494   9.4798145   9.4798489   9.4798489   9.4798530
   9.4798499   9.4798494   9.4798507   9.4798499   9.4798494   9.4798507
   9.4799207   9.4798496   9.4796495   9.4798553   9.4798494   9.4798145
   9.4798554   9.4798494   9.4798145   9.4799206   9.4798495   9.4796495
   9.4798488   9.4798489   9.4798530   9.4799207   9.4798496   9.4796495
   9.4798553   9.4798494   9.4798145   9.4798499   9.4798494   9.4798507
   9.4798553   9.4798494   9.4798145   9.4798553   9.4798494   9.4798145
   9.4798499   9.4798494   9.4798507   9.4798553   9.4798494   9.4798145
  19.4189368  19.4189232  19.4191572  19.4189179  19.4189228  19.4190501
  19.4189368  19.4189232  19.4191572  19.4189179  19.4189228  19.4190501
  19.4189226  19.4189227  19.4189216  19.4189179  19.4189228  19.4190501
  19.4189368  19.4189232  19.4191572  19.4189179  19.4189228  19.4190501
  19.4189366  19.4189232  19.4191573
 TTTTTTTTTTTTTTTTTTTTTTTTTTTTTT MOQGAD      TELAPSE      434.49 TCPU      434.04
 TTTTTTTTTTTTTTTTTTTTTTTTTTTTTT SHELLXN     TELAPSE      793.82 TCPU      793.27
 TTTTTTTTTTTTTTTTTTTTTTTTTTTTTT MONMO3      TELAPSE      805.85 TCPU      805.30
 NUMERICALLY INTEGRATED DENSITY   1511.9939771040
 TTTTTTTTTTTTTTTTTTTTTTTTTTTTTT NUMDFT      TELAPSE      823.30 TCPU      822.76
 CYC   1 ETOT(AU) -2.970527769568E+04 DETOT  6.63E+00 tst  0.00E+00 PX  1.00E+00
 TTTTTTTTTTTTTTTTTTTTTTTTTTTTTT DIIS        TELAPSE      827.21 TCPU      826.66
 DIIS TEST: 0.75793E+02 AT SCF   CYCLE   1 - MIX   80 %
 TTTTTTTTTTTTTTTTTTTTTTTTTTTTTT FDIK        TELAPSE      843.35 TCPU      842.75
 INSULATING STATE
 TOP OF VALENCE BANDS -    BAND    756; K    8; EIG -2.6038227E-01 AU
 TOP OF VALENCE BANDS -    BAND    756; K    1; EIG -2.7125298E-01 AU
 BOTTOM OF VIRTUAL BANDS - BAND    757; K    1; EIG -1.0188664E-01 AU
 INDIRECT ENERGY BAND GAP:   4.3129 eV
 TTTTTTTTTTTTTTTTTTTTTTTTTTTTTT PDIG        TELAPSE      845.86 TCPU      845.26
 CHARGE NORMALIZATION FACTOR   1.00000000
 TOTAL ATOMIC CHARGES:
   8.2538863   8.2540121   8.2540418   8.2540210   8.2540532   8.2540251
   8.2540210   8.2540533   8.2540251   8.2540210   8.2540532   8.2540251
   8.2540382   8.2540489   8.2540512   8.2540382   8.2540490   8.2540511
   8.2540210   8.2540533   8.2540251   8.2540382   8.2540490   8.2540511
   8.2540382   8.2540491   8.2540511   9.1908875   9.1909275   9.1905870
   9.1908159   9.1908562   9.1907742   9.1908875   9.1909276   9.1905870
   9.1908159   9.1908562   9.1907742   9.1908154   9.1908386   9.1907923
   9.1908160   9.1908562   9.1907742   9.1908875   9.1909276   9.1905870
   9.1908160   9.1908562   9.1907742   9.1908876   9.1909276   9.1905870
   9.2347715   9.2350886   9.2352763   9.2351742   9.2350995   9.2350329
   9.2351742   9.2350995   9.2350328   9.2351007   9.2351021   9.2351298
   9.2351182   9.2351049   9.2351087   9.2351182   9.2351049   9.2351086
   9.2347715   9.2350886   9.2352764   9.2351742   9.2350996   9.2350329
   9.2351742   9.2350996   9.2350329   9.2347715   9.2350886   9.2352763
   9.2351006   9.2351021   9.2351298   9.2347715   9.2350886   9.2352764
   9.2351741   9.2350995   9.2350329   9.2351181   9.2351049   9.2351087
   9.2351742   9.2350996   9.2350329   9.2351741   9.2350995   9.2350328
   9.2351181   9.2351049   9.2351086   9.2351742   9.2350996   9.2350329
  20.0847920  20.0848522  20.0853983  20.0849372  20.0848980  20.0850066
  20.0847920  20.0848523  20.0853984  20.0849372  20.0848980  20.0850066
  20.0849240  20.0849049  20.0849125  20.0849372  20.0848980  20.0850066
  20.0847920  20.0848523  20.0853984  20.0849372  20.0848980  20.0850066
  20.0847919  20.0848523  20.0853984
 TTTTTTTTTTTTTTTTTTTTTTTTTTTTTT MOQGAD      TELAPSE      845.92 TCPU      845.32
 TTTTTTTTTTTTTTTTTTTTTTTTTTTTTT SHELLXN     TELAPSE     1204.99 TCPU     1204.11
 TTTTTTTTTTTTTTTTTTTTTTTTTTTTTT MONMO3      TELAPSE     1216.64 TCPU     1215.76
 NUMERICALLY INTEGRATED DENSITY   1511.9930476998
 TTTTTTTTTTTTTTTTTTTTTTTTTTTTTT NUMDFT      TELAPSE     1232.91 TCPU     1232.03
 CYC   2 ETOT(AU) -2.971627019329E+04 DETOT -1.10E+01 tst  4.98E-03 PX  6.80E-02
 TTTTTTTTTTTTTTTTTTTTTTTTTTTTTT DIIS        TELAPSE     1236.88 TCPU     1236.00
 DIIS TEST: 0.14262E+02 AT SCF   CYCLE   2 - DIIS ACTIVE - HISTORY:     2 CYCLES
 TTTTTTTTTTTTTTTTTTTTTTTTTTTTTT FDIK        TELAPSE     1252.98 TCPU     1252.08
 INSULATING STATE
 TOP OF VALENCE BANDS -    BAND    756; K    8; EIG -1.5415838E-01 AU
 TOP OF VALENCE BANDS -    BAND    756; K    1; EIG -1.6829399E-01 AU
 BOTTOM OF VIRTUAL BANDS - BAND    757; K    1; EIG -2.2297916E-02 AU
 INDIRECT ENERGY BAND GAP:   3.5881 eV
 TTTTTTTTTTTTTTTTTTTTTTTTTTTTTT PDIG        TELAPSE     1255.79 TCPU     1254.89
 CHARGE NORMALIZATION FACTOR   1.00000000
 TOTAL ATOMIC CHARGES:
   8.3390926   8.3388926   8.3392791   8.3391650   8.3391483   8.3390957
   8.3391650   8.3391484   8.3390957   8.3391650   8.3391483   8.3390957
   8.3391508   8.3391406   8.3391329   8.3391508   8.3391407   8.3391329
   8.3391650   8.3391484   8.3390957   8.3391508   8.3391407   8.3391329
   8.3391509   8.3391408   8.3391328   9.0556290   9.0554431   9.0559400
   9.0556764   9.0556157   9.0557041   9.0556290   9.0554432   9.0559400
   9.0556764   9.0556157   9.0557041   9.0556469   9.0556572   9.0556928
   9.0556764   9.0556158   9.0557041   9.0556290   9.0554432   9.0559400
   9.0556764   9.0556158   9.0557041   9.0556291   9.0554432   9.0559400
   9.0379177   9.0385203   9.0390520   9.0386112   9.0385483   9.0385621
   9.0386112   9.0385483   9.0385620   9.0386781   9.0385448   9.0384893
   9.0385949   9.0385565   9.0385607   9.0385949   9.0385565   9.0385606
   9.0379177   9.0385203   9.0390520   9.0386112   9.0385483   9.0385621
   9.0386112   9.0385483   9.0385620   9.0379177   9.0385203   9.0390520
   9.0386781   9.0385448   9.0384893   9.0379177   9.0385203   9.0390520
   9.0386112   9.0385483   9.0385621   9.0385949   9.0385565   9.0385607
   9.0386112   9.0385483   9.0385621   9.0386112   9.0385483   9.0385620
   9.0385949   9.0385565   9.0385606   9.0386112   9.0385483   9.0385620
  20.5279278  20.5283216  20.5281386  20.5279995  20.5281388  20.5280244
  20.5279278  20.5283217  20.5281387  20.5279995  20.5281388  20.5280244
  20.5280827  20.5280912  20.5279900  20.5279995  20.5281388  20.5280243
  20.5279278  20.5283217  20.5281387  20.5279995  20.5281388  20.5280243
  20.5279276  20.5283217  20.5281388
 TTTTTTTTTTTTTTTTTTTTTTTTTTTTTT MOQGAD      TELAPSE     1255.84 TCPU     1254.95
 TTTTTTTTTTTTTTTTTTTTTTTTTTTTTT SHELLXN     TELAPSE     1614.29 TCPU     1612.93
 TTTTTTTTTTTTTTTTTTTTTTTTTTTTTT MONMO3      TELAPSE     1626.21 TCPU     1624.84
 NUMERICALLY INTEGRATED DENSITY   1511.9924753597
 TTTTTTTTTTTTTTTTTTTTTTTTTTTTTT NUMDFT      TELAPSE     1643.68 TCPU     1642.31
 CYC   3 ETOT(AU) -2.971866327356E+04 DETOT -2.39E+00 tst  2.34E-03 PX  5.81E-02
 TTTTTTTTTTTTTTTTTTTTTTTTTTTTTT DIIS        TELAPSE     1647.75 TCPU     1646.39
 DIIS TEST: 0.18035E+00 AT SCF   CYCLE   3 - DIIS ACTIVE - HISTORY:     3 CYCLES
 TTTTTTTTTTTTTTTTTTTTTTTTTTTTTT FDIK        TELAPSE     1664.26 TCPU     1662.89
 INSULATING STATE
 TOP OF VALENCE BANDS -    BAND    756; K    8; EIG -1.5506535E-01 AU
 TOP OF VALENCE BANDS -    BAND    756; K    1; EIG -1.6814101E-01 AU
 BOTTOM OF VIRTUAL BANDS - BAND    757; K    1; EIG -5.8810832E-03 AU
 INDIRECT ENERGY BAND GAP:   4.0595 eV
 TTTTTTTTTTTTTTTTTTTTTTTTTTTTTT PDIG        TELAPSE     1666.77 TCPU     1665.40
 CHARGE NORMALIZATION FACTOR   1.00000000
 TOTAL ATOMIC CHARGES:
   8.3435542   8.3434227   8.3436823   8.3436004   8.3435885   8.3435714
   8.3436005   8.3435886   8.3435714   8.3436004   8.3435885   8.3435714
   8.3435902   8.3435808   8.3436022   8.3435902   8.3435808   8.3436022
   8.3436005   8.3435886   8.3435714   8.3435902   8.3435808   8.3436022
   8.3435903   8.3435809   8.3436021   9.0066181   9.0070055   9.0049556
   9.0062370   9.0064891   9.0059291   9.0066181   9.0070055   9.0049556
   9.0062370   9.0064891   9.0059291   9.0062656   9.0063453   9.0060446
   9.0062370   9.0064891   9.0059291   9.0066181   9.0070055   9.0049556
   9.0062370   9.0064891   9.0059291   9.0066182   9.0070055   9.0049556
   9.0981821   9.0991714   9.0998372   9.0993153   9.0991648   9.0990114
   9.0993153   9.0991648   9.0990114   9.0990412   9.0991647   9.0993019
   9.0991772   9.0991612   9.0991636   9.0991772   9.0991612   9.0991635
   9.0981821   9.0991714   9.0998372   9.0993153   9.0991648   9.0990115
   9.0993153   9.0991648   9.0990114   9.0981820   9.0991714   9.0998372
   9.0990411   9.0991647   9.0993019   9.0981821   9.0991714   9.0998372
   9.0993152   9.0991647   9.0990114   9.0991772   9.0991612   9.0991636
   9.0993153   9.0991648   9.0990115   9.0993152   9.0991647   9.0990114
   9.0991771   9.0991612   9.0991635   9.0993152   9.0991648   9.0990114
  20.4513600  20.4511583  20.4535176  20.4519274  20.4516574  20.4519632
  20.4513600  20.4511584  20.4535177  20.4519274  20.4516574  20.4519632
  20.4518049  20.4517569  20.4519974  20.4519274  20.4516574  20.4519632
  20.4513600  20.4511584  20.4535177  20.4519274  20.4516574  20.4519632
  20.4513599  20.4511584  20.4535178
 TTTTTTTTTTTTTTTTTTTTTTTTTTTTTT MOQGAD      TELAPSE     1666.83 TCPU     1665.46
 TTTTTTTTTTTTTTTTTTTTTTTTTTTTTT SHELLXN     TELAPSE     2025.54 TCPU     2023.90
 TTTTTTTTTTTTTTTTTTTTTTTTTTTTTT MONMO3      TELAPSE     2037.39 TCPU     2035.75
 NUMERICALLY INTEGRATED DENSITY   1511.9923450601
 TTTTTTTTTTTTTTTTTTTTTTTTTTTTTT NUMDFT      TELAPSE     2054.90 TCPU     2053.21
 CYC   4 ETOT(AU) -2.971864708255E+04 DETOT  1.62E-02 tst  1.30E-04 PX  1.96E-02
 TTTTTTTTTTTTTTTTTTTTTTTTTTTTTT DIIS        TELAPSE     2059.18 TCPU     2057.45
 DIIS TEST: 0.30743E+00 AT SCF   CYCLE   4 - DIIS ACTIVE - HISTORY:     4 CYCLES
 TTTTTTTTTTTTTTTTTTTTTTTTTTTTTT FDIK        TELAPSE     2075.43 TCPU     2073.69
 INSULATING STATE
 TOP OF VALENCE BANDS -    BAND    756; K    8; EIG -1.4840293E-01 AU
 TOP OF VALENCE BANDS -    BAND    756; K    1; EIG -1.6230112E-01 AU
 BOTTOM OF VIRTUAL BANDS - BAND    757; K    1; EIG -7.3549888E-03 AU
 INDIRECT ENERGY BAND GAP:   3.8381 eV
 TTTTTTTTTTTTTTTTTTTTTTTTTTTTTT PDIG        TELAPSE     2077.94 TCPU     2076.20
 CHARGE NORMALIZATION FACTOR   1.00000000
 TOTAL ATOMIC CHARGES:
   8.3401153   8.3400123   8.3402077   8.3401697   8.3401715   8.3401071
   8.3401697   8.3401716   8.3401070   8.3401697   8.3401715   8.3401071
   8.3401606   8.3401574   8.3401457   8.3401606   8.3401575   8.3401457
   8.3401697   8.3401716   8.3401070   8.3401606   8.3401575   8.3401457
   8.3401607   8.3401576   8.3401456   9.0477065   9.0474604   9.0481784
   9.0477643   9.0476543   9.0479112   9.0477065   9.0474605   9.0481784
   9.0477643   9.0476543   9.0479112   9.0477401   9.0477142   9.0478780
   9.0477643   9.0476543   9.0479113   9.0477065   9.0474605   9.0481784
   9.0477643   9.0476543   9.0479113   9.0477066   9.0474605   9.0481784
   9.0705567   9.0712000   9.0718190   9.0713341   9.0712370   9.0712477
   9.0713341   9.0712370   9.0712476   9.0713345   9.0712475   9.0712293
   9.0712852   9.0712578   9.0712672   9.0712852   9.0712578   9.0712671
   9.0705567   9.0712001   9.0718190   9.0713341   9.0712370   9.0712477
   9.0713341   9.0712370   9.0712476   9.0705567   9.0712000   9.0718190
   9.0713345   9.0712475   9.0712293   9.0705567   9.0712001   9.0718191
   9.0713341   9.0712370   9.0712477   9.0712852   9.0712578   9.0712672
   9.0713341   9.0712370   9.0712477   9.0713341   9.0712370   9.0712476
   9.0712852   9.0712578   9.0712671   9.0713341   9.0712370   9.0712476
  20.4696779  20.4699237  20.4692269  20.4695233  20.4696654  20.4694026
  20.4696779  20.4699237  20.4692269  20.4695233  20.4696654  20.4694026
  20.4695898  20.4696007  20.4693969  20.4695233  20.4696654  20.4694026
  20.4696779  20.4699237  20.4692269  20.4695234  20.4696654  20.4694026
  20.4696778  20.4699238  20.4692270
 TTTTTTTTTTTTTTTTTTTTTTTTTTTTTT MOQGAD      TELAPSE     2078.00 TCPU     2076.26
 TTTTTTTTTTTTTTTTTTTTTTTTTTTTTT SHELLXN     TELAPSE     2435.77 TCPU     2433.55
 TTTTTTTTTTTTTTTTTTTTTTTTTTTTTT MONMO3      TELAPSE     2447.66 TCPU     2445.38
 NUMERICALLY INTEGRATED DENSITY   1511.9923749242
 TTTTTTTTTTTTTTTTTTTTTTTTTTTTTT NUMDFT      TELAPSE     2464.99 TCPU     2462.71
 CYC   5 ETOT(AU) -2.971869230933E+04 DETOT -4.52E-02 tst  3.98E-05 PX  8.92E-03
 TTTTTTTTTTTTTTTTTTTTTTTTTTTTTT DIIS        TELAPSE     2469.39 TCPU     2467.09
 DIIS TEST: 0.20216E-01 AT SCF   CYCLE   5 - DIIS ACTIVE - HISTORY:     5 CYCLES
 TTTTTTTTTTTTTTTTTTTTTTTTTTTTTT FDIK        TELAPSE     2485.65 TCPU     2483.24
 INSULATING STATE
 TOP OF VALENCE BANDS -    BAND    756; K    8; EIG -1.4864122E-01 AU
 TOP OF VALENCE BANDS -    BAND    756; K    1; EIG -1.6248197E-01 AU
 BOTTOM OF VIRTUAL BANDS - BAND    757; K    1; EIG -9.9689606E-03 AU
 INDIRECT ENERGY BAND GAP:   3.7735 eV
 TTTTTTTTTTTTTTTTTTTTTTTTTTTTTT PDIG        TELAPSE     2488.19 TCPU     2485.76
 CHARGE NORMALIZATION FACTOR   1.00000000
 TOTAL ATOMIC CHARGES:
   8.3378674   8.3377176   8.3380206   8.3379219   8.3379035   8.3378931
   8.3379219   8.3379036   8.3378931   8.3379219   8.3379035   8.3378931
   8.3379117   8.3378991   8.3379217   8.3379117   8.3378991   8.3379217
   8.3379219   8.3379036   8.3378931   8.3379117   8.3378991   8.3379217
   8.3379117   8.3378992   8.3379216   9.0376891   9.0379754   9.0364921
   9.0374466   9.0376566   9.0370837   9.0376891   9.0379755   9.0364921
   9.0374466   9.0376566   9.0370837   9.0374457   9.0375551   9.0371849
   9.0374466   9.0376566   9.0370837   9.0376891   9.0379755   9.0364921
   9.0374466   9.0376566   9.0370837   9.0376893   9.0379755   9.0364922
   9.0672912   9.0681022   9.0686293   9.0681957   9.0680964   9.0679876
   9.0681957   9.0680964   9.0679876   9.0680696   9.0680865   9.0681311
   9.0681133   9.0680860   9.0680831   9.0681133   9.0680860   9.0680831
   9.0672912   9.0681022   9.0686293   9.0681958   9.0680964   9.0679877
   9.0681958   9.0680964   9.0679876   9.0672911   9.0681022   9.0686293
   9.0680695   9.0680865   9.0681311   9.0672912   9.0681022   9.0686293
   9.0681957   9.0680964   9.0679876   9.0681133   9.0680860   9.0680831
   9.0681957   9.0680964   9.0679877   9.0681957   9.0680964   9.0679876
   9.0681133   9.0680859   9.0680831   9.0681957   9.0680964   9.0679876
  20.4879102  20.4879685  20.4899830  20.4885050  20.4883199  20.4886826
  20.4879103  20.4879685  20.4899831  20.4885050  20.4883199  20.4886826
  20.4884543  20.4883921  20.4886743  20.4885050  20.4883199  20.4886826
  20.4879103  20.4879685  20.4899831  20.4885050  20.4883199  20.4886826
  20.4879101  20.4879685  20.4899831
 TTTTTTTTTTTTTTTTTTTTTTTTTTTTTT MOQGAD      TELAPSE     2488.26 TCPU     2485.82
 TTTTTTTTTTTTTTTTTTTTTTTTTTTTTT SHELLXN     TELAPSE     2845.41 TCPU     2842.50
 TTTTTTTTTTTTTTTTTTTTTTTTTTTTTT MONMO3      TELAPSE     2857.19 TCPU     2854.29
 NUMERICALLY INTEGRATED DENSITY   1511.9923853691
 TTTTTTTTTTTTTTTTTTTTTTTTTTTTTT NUMDFT      TELAPSE     2873.33 TCPU     2870.43
 CYC   6 ETOT(AU) -2.971869594916E+04 DETOT -3.64E-03 tst  4.72E-06 PX  2.62E-03
 TTTTTTTTTTTTTTTTTTTTTTTTTTTTTT DIIS        TELAPSE     2877.67 TCPU     2874.76
 DIIS TEST: 0.51541E-03 AT SCF   CYCLE   6 - DIIS ACTIVE - HISTORY:     6 CYCLES
 TTTTTTTTTTTTTTTTTTTTTTTTTTTTTT FDIK        TELAPSE     2893.40 TCPU     2890.49
 INSULATING STATE
 TOP OF VALENCE BANDS -    BAND    756; K    8; EIG -1.4792372E-01 AU
 TOP OF VALENCE BANDS -    BAND    756; K    1; EIG -1.6181780E-01 AU
 BOTTOM OF VIRTUAL BANDS - BAND    757; K    1; EIG -9.2999559E-03 AU
 INDIRECT ENERGY BAND GAP:   3.7721 eV
 TTTTTTTTTTTTTTTTTTTTTTTTTTTTTT PDIG        TELAPSE     2895.92 TCPU     2893.00
 CHARGE NORMALIZATION FACTOR   1.00000000
 TOTAL ATOMIC CHARGES:
   8.3394520   8.3393469   8.3395183   8.3395046   8.3395183   8.3394096
   8.3395046   8.3395184   8.3394096   8.3395046   8.3395183   8.3394096
   8.3394934   8.3395007   8.3394536   8.3394934   8.3395008   8.3394536
   8.3395046   8.3395184   8.3394096   8.3394934   8.3395008   8.3394536
   8.3394934   8.3395009   8.3394535   9.0375889   9.0369015   9.0393915
   9.0378539   9.0374525   9.0385475   9.0375889   9.0369015   9.0393915
   9.0378539   9.0374525   9.0385475   9.0378236   9.0376319   9.0384046
   9.0378539   9.0374525   9.0385475   9.0375889   9.0369015   9.0393915
   9.0378539   9.0374525   9.0385475   9.0375891   9.0369016   9.0393915
   9.0666837   9.0672597   9.0680197   9.0674361   9.0673302   9.0674449
   9.0674361   9.0673302   9.0674448   9.0675103   9.0673601   9.0673273
   9.0674161   9.0673791   9.0674034   9.0674161   9.0673791   9.0674034
   9.0666837   9.0672597   9.0680198   9.0674361   9.0673302   9.0674449
   9.0674361   9.0673302   9.0674448   9.0666836   9.0672597   9.0680197
   9.0675103   9.0673601   9.0673273   9.0666837   9.0672597   9.0680198
   9.0674361   9.0673302   9.0674449   9.0674160   9.0673791   9.0674034
   9.0674361   9.0673302   9.0674449   9.0674361   9.0673302   9.0674448
   9.0674160   9.0673790   9.0674034   9.0674361   9.0673302   9.0674448
  20.4885371  20.4889471  20.4860352  20.4877974  20.4882325  20.4872837
  20.4885371  20.4889471  20.4860354  20.4877974  20.4882325  20.4872837
  20.4879443  20.4880621  20.4872878  20.4877974  20.4882324  20.4872837
  20.4885371  20.4889471  20.4860354  20.4877974  20.4882324  20.4872837
  20.4885370  20.4889471  20.4860354
 TTTTTTTTTTTTTTTTTTTTTTTTTTTTTT MOQGAD      TELAPSE     2895.98 TCPU     2893.06
 TTTTTTTTTTTTTTTTTTTTTTTTTTTTTT SHELLXN     TELAPSE     3251.05 TCPU     3247.96
 TTTTTTTTTTTTTTTTTTTTTTTTTTTTTT MONMO3      TELAPSE     3262.56 TCPU     3259.47
 NUMERICALLY INTEGRATED DENSITY   1511.9923789143
 TTTTTTTTTTTTTTTTTTTTTTTTTTTTTT NUMDFT      TELAPSE     3278.96 TCPU     3275.87
 CYC   7 ETOT(AU) -2.971869600121E+04 DETOT -5.20E-05 tst  1.72E-07 PX  1.73E-03
 TTTTTTTTTTTTTTTTTTTTTTTTTTTTTT DIIS        TELAPSE     3283.35 TCPU     3280.26
 DIIS TEST: 0.16320E-03 AT SCF   CYCLE   7 - DIIS ACTIVE - HISTORY:     7 CYCLES
 TTTTTTTTTTTTTTTTTTTTTTTTTTTTTT FDIK        TELAPSE     3299.18 TCPU     3296.00
 INSULATING STATE
 TOP OF VALENCE BANDS -    BAND    756; K    8; EIG -1.4786389E-01 AU
 TOP OF VALENCE BANDS -    BAND    756; K    1; EIG -1.6174150E-01 AU
 BOTTOM OF VIRTUAL BANDS - BAND    757; K    1; EIG -9.3265067E-03 AU
 INDIRECT ENERGY BAND GAP:   3.7698 eV
 TTTTTTTTTTTTTTTTTTTTTTTTTTTTTT PDIG        TELAPSE     3301.61 TCPU     3298.43
 CHARGE NORMALIZATION FACTOR   1.00000000
 TOTAL ATOMIC CHARGES:
   8.3394938   8.3393328   8.3396660   8.3395502   8.3395258   8.3395317
   8.3395502   8.3395259   8.3395316   8.3395502   8.3395258   8.3395317
   8.3395398   8.3395224   8.3395594   8.3395398   8.3395224   8.3395594
   8.3395502   8.3395259   8.3395316   8.3395398   8.3395225   8.3395594
   8.3395398   8.3395225   8.3395593   9.0382340   9.0386847   9.0365507
   9.0379299   9.0382662   9.0372998   9.0382340   9.0386847   9.0365507
   9.0379299   9.0382662   9.0372998   9.0379303   9.0381311   9.0374320
   9.0379299   9.0382662   9.0372998   9.0382340   9.0386847   9.0365507
   9.0379299   9.0382662   9.0372998   9.0382341   9.0386847   9.0365507
   9.0664304   9.0672596   9.0677312   9.0673378   9.0672448   9.0670914
   9.0673378   9.0672448   9.0670913   9.0671902   9.0672270   9.0672632
   9.0672410   9.0672245   9.0672104   9.0672410   9.0672244   9.0672103
   9.0664304   9.0672596   9.0677313   9.0673378   9.0672448   9.0670914
   9.0673378   9.0672448   9.0670913   9.0664303   9.0672596   9.0677312
   9.0671902   9.0672270   9.0672632   9.0664304   9.0672596   9.0677313
   9.0673378   9.0672448   9.0670914   9.0672409   9.0672244   9.0672104
   9.0673378   9.0672448   9.0670914   9.0673377   9.0672448   9.0670913
   9.0672409   9.0672244   9.0672103   9.0673378   9.0672448   9.0670913
  20.4873629  20.4873444  20.4901591  20.4881298  20.4878316  20.4885614
  20.4873629  20.4873444  20.4901591  20.4881298  20.4878316  20.4885614
  20.4880559  20.4879350  20.4885479  20.4881298  20.4878315  20.4885614
  20.4873629  20.4873444  20.4901591  20.4881298  20.4878315  20.4885614
  20.4873628  20.4873445  20.4901592
 TTTTTTTTTTTTTTTTTTTTTTTTTTTTTT MOQGAD      TELAPSE     3301.66 TCPU     3298.48
 TTTTTTTTTTTTTTTTTTTTTTTTTTTTTT SHELLXN     TELAPSE     3646.71 TCPU     3642.33
 TTTTTTTTTTTTTTTTTTTTTTTTTTTTTT MONMO3      TELAPSE     3658.26 TCPU     3653.89
 NUMERICALLY INTEGRATED DENSITY   1511.9923790204
 TTTTTTTTTTTTTTTTTTTTTTTTTTTTTT NUMDFT      TELAPSE     3674.83 TCPU     3670.45
 CYC   8 ETOT(AU) -2.971869601525E+04 DETOT -1.40E-05 tst  5.54E-08 PX  3.38E-04
 TTTTTTTTTTTTTTTTTTTTTTTTTTTTTT DIIS        TELAPSE     3679.39 TCPU     3675.01
 DIIS TEST: 0.65262E-04 AT SCF   CYCLE   8 - DIIS ACTIVE - HISTORY:     8 CYCLES
 TTTTTTTTTTTTTTTTTTTTTTTTTTTTTT FDIK        TELAPSE     3695.35 TCPU     3690.88
 INSULATING STATE
 TOP OF VALENCE BANDS -    BAND    756; K    8; EIG -1.4785897E-01 AU
 TOP OF VALENCE BANDS -    BAND    756; K    1; EIG -1.6174532E-01 AU
 BOTTOM OF VIRTUAL BANDS - BAND    757; K    1; EIG -9.3752115E-03 AU
 INDIRECT ENERGY BAND GAP:   3.7683 eV
 TTTTTTTTTTTTTTTTTTTTTTTTTTTTTT PDIG        TELAPSE     3697.78 TCPU     3693.30
 CHARGE NORMALIZATION FACTOR   1.00000000
 TOTAL ATOMIC CHARGES:
   8.3394976   8.3393600   8.3396245   8.3395516   8.3395438   8.3395004
   8.3395516   8.3395439   8.3395004   8.3395516   8.3395438   8.3395004
   8.3395409   8.3395352   8.3395339   8.3395409   8.3395353   8.3395338
   8.3395516   8.3395439   8.3395004   8.3395409   8.3395353   8.3395338
   8.3395409   8.3395354   8.3395338   9.0377210   9.0376964   9.0374676
   9.0376231   9.0376236   9.0376541   9.0377210   9.0376964   9.0374676
   9.0376231   9.0376236   9.0376541   9.0376132   9.0376002   9.0376880
   9.0376231   9.0376236   9.0376541   9.0377210   9.0376964   9.0374676
   9.0376231   9.0376236   9.0376541   9.0377211   9.0376964   9.0374676
   9.0662927   9.0670360   9.0676422   9.0671579   9.0670518   9.0670169
   9.0671579   9.0670518   9.0670168   9.0670885   9.0670542   9.0670865
   9.0670947   9.0670592   9.0670719   9.0670947   9.0670592   9.0670719
   9.0662927   9.0670361   9.0676423   9.0671579   9.0670519   9.0670169
   9.0671579   9.0670519   9.0670169   9.0662926   9.0670360   9.0676422
   9.0670885   9.0670542   9.0670865   9.0662927   9.0670361   9.0676423
   9.0671579   9.0670518   9.0670169   9.0670947   9.0670592   9.0670719
   9.0671579   9.0670519   9.0670169   9.0671579   9.0670518   9.0670168
   9.0670947   9.0670591   9.0670719   9.0671579   9.0670518   9.0670169
  20.4885052  20.4886881  20.4891604  20.4887216  20.4887350  20.4885776
  20.4885052  20.4886881  20.4891605  20.4887216  20.4887350  20.4885776
  20.4887279  20.4887394  20.4885725  20.4887216  20.4887350  20.4885777
  20.4885052  20.4886881  20.4891605  20.4887216  20.4887350  20.4885777
  20.4885051  20.4886882  20.4891605
 TTTTTTTTTTTTTTTTTTTTTTTTTTTTTT MOQGAD      TELAPSE     3697.83 TCPU     3693.36
 TTTTTTTTTTTTTTTTTTTTTTTTTTTTTT SHELLXN     TELAPSE     4044.75 TCPU     4039.82
 TTTTTTTTTTTTTTTTTTTTTTTTTTTTTT MONMO3      TELAPSE     4056.31 TCPU     4051.37
 NUMERICALLY INTEGRATED DENSITY   1511.9923793325
 TTTTTTTTTTTTTTTTTTTTTTTTTTTTTT NUMDFT      TELAPSE     4072.94 TCPU     4068.01
 CYC   9 ETOT(AU) -2.971869602452E+04 DETOT -9.27E-06 tst  1.07E-08 PX  1.94E-04
 TTTTTTTTTTTTTTTTTTTTTTTTTTTTTT DIIS        TELAPSE     4077.59 TCPU     4072.65
 DIIS TEST: 0.58624E-06 AT SCF   CYCLE   9 - DIIS ACTIVE - HISTORY:     9 CYCLES
 TTTTTTTTTTTTTTTTTTTTTTTTTTTTTT FDIK        TELAPSE     4093.41 TCPU     4088.26
 INSULATING STATE
 TOP OF VALENCE BANDS -    BAND    756; K    8; EIG -1.4786903E-01 AU
 TOP OF VALENCE BANDS -    BAND    756; K    1; EIG -1.6175586E-01 AU
 BOTTOM OF VIRTUAL BANDS - BAND    757; K    1; EIG -9.3893787E-03 AU
 INDIRECT ENERGY BAND GAP:   3.7682 eV
 TTTTTTTTTTTTTTTTTTTTTTTTTTTTTT PDIG        TELAPSE     4095.83 TCPU     4090.69
 CHARGE NORMALIZATION FACTOR   1.00000000
 TOTAL ATOMIC CHARGES:
   8.3394921   8.3393554   8.3396188   8.3395463   8.3395370   8.3394979
   8.3395463   8.3395371   8.3394979   8.3395463   8.3395370   8.3394979
   8.3395357   8.3395267   8.3395335   8.3395357   8.3395268   8.3395335
   8.3395463   8.3395371   8.3394979   8.3395357   8.3395268   8.3395335
   8.3395357   8.3395269   8.3395334   9.0376951   9.0376782   9.0374809
   9.0376644   9.0377272   9.0374565   9.0376952   9.0376782   9.0374809
   9.0376644   9.0377272   9.0374565   9.0376510   9.0377464   9.0374531
   9.0376644   9.0377273   9.0374565   9.0376952   9.0376782   9.0374809
   9.0376644   9.0377273   9.0374565   9.0376953   9.0376783   9.0374809
   9.0663218   9.0670334   9.0676194   9.0671490   9.0670597   9.0670145
   9.0671490   9.0670597   9.0670144   9.0671104   9.0670633   9.0670442
   9.0670877   9.0670713   9.0670575   9.0670876   9.0670713   9.0670575
   9.0663218   9.0670334   9.0676194   9.0671490   9.0670598   9.0670145
   9.0671490   9.0670598   9.0670144   9.0663218   9.0670334   9.0676194
   9.0671104   9.0670633   9.0670443   9.0663218   9.0670334   9.0676194
   9.0671490   9.0670597   9.0670145   9.0670876   9.0670713   9.0670575
   9.0671490   9.0670598   9.0670145   9.0671489   9.0670597   9.0670144
   9.0670876   9.0670713   9.0670575   9.0671490   9.0670598   9.0670144
  20.4885738  20.4887130  20.4891008  20.4886216  20.4886257  20.4888793
  20.4885738  20.4887130  20.4891009  20.4886216  20.4886257  20.4888793
  20.4886527  20.4885950  20.4888749  20.4886216  20.4886256  20.4888793
  20.4885738  20.4887130  20.4891009  20.4886216  20.4886256  20.4888793
  20.4885737  20.4887130  20.4891009
 TTTTTTTTTTTTTTTTTTTTTTTTTTTTTT MOQGAD      TELAPSE     4095.89 TCPU     4090.74
 TTTTTTTTTTTTTTTTTTTTTTTTTTTTTT SHELLXN     TELAPSE     4441.43 TCPU     4436.14
 TTTTTTTTTTTTTTTTTTTTTTTTTTTTTT MONMO3      TELAPSE     4453.00 TCPU     4447.71
 NUMERICALLY INTEGRATED DENSITY   1511.9923792997
 TTTTTTTTTTTTTTTTTTTTTTTTTTTTTT NUMDFT      TELAPSE     4469.61 TCPU     4464.31
 CYC  10 ETOT(AU) -2.971869602342E+04 DETOT  1.10E-06 tst  3.80E-10 PX  1.57E-04
 TTTTTTTTTTTTTTTTTTTTTTTTTTTTTT DIIS        TELAPSE     4474.29 TCPU     4468.99
 DIIS TEST: 0.78345E-06 AT SCF   CYCLE  10 - DIIS ACTIVE - HISTORY:    10 CYCLES
 TTTTTTTTTTTTTTTTTTTTTTTTTTTTTT FDIK        TELAPSE     4490.10 TCPU     4484.77
 INSULATING STATE
 TOP OF VALENCE BANDS -    BAND    756; K    8; EIG -1.4787125E-01 AU
 TOP OF VALENCE BANDS -    BAND    756; K    1; EIG -1.6175722E-01 AU
 BOTTOM OF VIRTUAL BANDS - BAND    757; K    1; EIG -9.3910421E-03 AU
 INDIRECT ENERGY BAND GAP:   3.7682 eV
 TTTTTTTTTTTTTTTTTTTTTTTTTTTTTT PDIG        TELAPSE     4492.52 TCPU     4487.19
 CHARGE NORMALIZATION FACTOR   1.00000000
 TOTAL ATOMIC CHARGES:
   8.3394913   8.3393528   8.3396196   8.3395454   8.3395367   8.3394958
   8.3395454   8.3395368   8.3394958   8.3395454   8.3395367   8.3394958
   8.3395348   8.3395280   8.3395295   8.3395348   8.3395281   8.3395295
   8.3395454   8.3395368   8.3394958   8.3395348   8.3395281   8.3395295
   8.3395348   8.3395281   8.3395294   9.0377164   9.0377083   9.0374253
   9.0376258   9.0376518   9.0375805   9.0377164   9.0377083   9.0374253
   9.0376258   9.0376518   9.0375805   9.0376147   9.0376339   9.0376102
   9.0376258   9.0376518   9.0375805   9.0377164   9.0377083   9.0374253
   9.0376258   9.0376518   9.0375805   9.0377165   9.0377083   9.0374253
   9.0663040   9.0670385   9.0676296   9.0671571   9.0670557   9.0670117
   9.0671571   9.0670557   9.0670117   9.0670922   9.0670565   9.0670758
   9.0670905   9.0670619   9.0670692   9.0670905   9.0670618   9.0670692
   9.0663040   9.0670386   9.0676297   9.0671571   9.0670557   9.0670118
   9.0671571   9.0670557   9.0670117   9.0663040   9.0670385   9.0676296
   9.0670922   9.0670565   9.0670758   9.0663040   9.0670386   9.0676297
   9.0671570   9.0670557   9.0670117   9.0670905   9.0670618   9.0670692
   9.0671571   9.0670557   9.0670118   9.0671570   9.0670557   9.0670117
   9.0670905   9.0670618   9.0670692   9.0671571   9.0670557   9.0670117
  20.4885132  20.4886775  20.4892132  20.4887140  20.4887127  20.4886781
  20.4885132  20.4886775  20.4892132  20.4887140  20.4887127  20.4886781
  20.4887237  20.4887140  20.4886709  20.4887141  20.4887127  20.4886781
  20.4885132  20.4886775  20.4892132  20.4887141  20.4887127  20.4886781
  20.4885131  20.4886775  20.4892133
 TTTTTTTTTTTTTTTTTTTTTTTTTTTTTT MOQGAD      TELAPSE     4492.57 TCPU     4487.24
 TTTTTTTTTTTTTTTTTTTTTTTTTTTTTT SHELLXN     TELAPSE     4837.43 TCPU     4831.94
 TTTTTTTTTTTTTTTTTTTTTTTTTTTTTT MONMO3      TELAPSE     4848.79 TCPU     4843.30
 NUMERICALLY INTEGRATED DENSITY   1511.9923793036
 TTTTTTTTTTTTTTTTTTTTTTTTTTTTTT NUMDFT      TELAPSE     4864.67 TCPU     4859.18
 CYC  11 ETOT(AU) -2.971869602342E+04 DETOT  2.82E-09 tst  9.98E-11 PX  4.09E-05
 TTTTTTTTTTTTTTTTTTTTTTTTTTTTTT DIIS        TELAPSE     4869.44 TCPU     4863.95
 DIIS TEST: 0.15937E-07 AT SCF   CYCLE  11 - DIIS ACTIVE - HISTORY:    11 CYCLES
 TTTTTTTTTTTTTTTTTTTTTTTTTTTTTT FDIK        TELAPSE     4885.27 TCPU     4879.76
 INSULATING STATE
 TOP OF VALENCE BANDS -    BAND    756; K    8; EIG -1.4787374E-01 AU
 TOP OF VALENCE BANDS -    BAND    756; K    1; EIG -1.6175946E-01 AU
 BOTTOM OF VIRTUAL BANDS - BAND    757; K    1; EIG -9.3934939E-03 AU
 INDIRECT ENERGY BAND GAP:   3.7682 eV
 TTTTTTTTTTTTTTTTTTTTTTTTTTTTTT PDIG        TELAPSE     4887.71 TCPU     4882.20
 CHARGE NORMALIZATION FACTOR   1.00000000
 TOTAL ATOMIC CHARGES:
   8.3394894   8.3393514   8.3396177   8.3395435   8.3395349   8.3394941
   8.3395435   8.3395349   8.3394941   8.3395435   8.3395349   8.3394941
   8.3395328   8.3395259   8.3395281   8.3395328   8.3395260   8.3395280
   8.3395435   8.3395350   8.3394941   8.3395328   8.3395260   8.3395280
   8.3395328   8.3395260   8.3395280   9.0377162   9.0377076   9.0374338
   9.0376343   9.0376630   9.0375730   9.0377162   9.0377077   9.0374338
   9.0376343   9.0376630   9.0375730   9.0376238   9.0376495   9.0375982
   9.0376343   9.0376631   9.0375730   9.0377162   9.0377077   9.0374338
   9.0376343   9.0376631   9.0375730   9.0377163   9.0377077   9.0374338
   9.0662971   9.0670365   9.0676380   9.0671563   9.0670548   9.0670155
   9.0671563   9.0670548   9.0670154   9.0670934   9.0670581   9.0670764
   9.0670945   9.0670638   9.0670666   9.0670945   9.0670638   9.0670665
   9.0662972   9.0670366   9.0676381   9.0671563   9.0670548   9.0670155
   9.0671563   9.0670548   9.0670155   9.0662971   9.0670365   9.0676380
   9.0670934   9.0670581   9.0670764   9.0662972   9.0670366   9.0676381
   9.0671562   9.0670548   9.0670155   9.0670945   9.0670638   9.0670666
   9.0671563   9.0670548   9.0670155   9.0671562   9.0670548   9.0670154
   9.0670944   9.0670638   9.0670665   9.0671563   9.0670548   9.0670155
  20.4885228  20.4886868  20.4891924  20.4886972  20.4887004  20.4886934
  20.4885228  20.4886868  20.4891924  20.4886972  20.4887004  20.4886934
  20.4887084  20.4886958  20.4886901  20.4886973  20.4887003  20.4886934
  20.4885228  20.4886868  20.4891924  20.4886973  20.4887003  20.4886934
  20.4885226  20.4886868  20.4891925
 TTTTTTTTTTTTTTTTTTTTTTTTTTTTTT MOQGAD      TELAPSE     4887.76 TCPU     4882.25
 TTTTTTTTTTTTTTTTTTTTTTTTTTTTTT SHELLXN     TELAPSE     5245.24 TCPU     5239.71
 +++ ENERGIES IN A.U. +++
 ::: EXT EL-POLE                                  -3.9296167915634E+04
 ::: EXT EL-SPHEROPOLE                             3.7468264963342E+02
 ::: BIELET ZONE E-E                               4.6921097081781E+04
 ::: TOTAL E-E                                     7.9996118157803E+03
 ::: TOTAL E-N + N-E                              -5.9831082395518E+04
 ::: TOTAL N-N                                    -5.6027122123536E+03
 ::: KINETIC ENERGY                                2.9176777593238E+04
 ::: PSEUDO TOTAL   ENERGY                        -2.8257405198853E+04
 ::: VIRIAL COEFFICIENT                            1.0160074079527E+00
 TTTTTTTTTTTTTTTTTTTTTTTTTTTTTT MONMO3      TELAPSE     5257.25 TCPU     5251.72
 NUMERICALLY INTEGRATED DENSITY   1511.9923793233
 EXCHANGE ENERGY: -0.140330702095E+04  CORRELATION ENERGY: -0.579838035257E+02
 TTTTTTTTTTTTTTTTTTTTTTTTTTTTTT NUMDFT      TELAPSE     5274.42 TCPU     5268.88
 CYC  12 ETOT(AU) -2.971869602333E+04 DETOT  8.75E-08 tst  1.84E-10 PX  4.09E-05

 == SCF ENDED - CONVERGENCE ON ENERGY      E(AU) -2.9718696023328E+04 CYCLES  12


 ENERGY EXPRESSION=HARTREE+FOCK EXCH*0.25000+(PBE        EXCH)*0.75000+PBE        CORR


 TOTAL ENERGY(DFT)(AU)( 12) -2.9718696023328E+04 DE 8.8E-08 tester 1.8E-10
 TTTTTTTTTTTTTTTTTTTTTTTTTTTTTT EDFT        TELAPSE     5274.44 TCPU     5268.90

 *******************************************************************************
 *                             FORCE CALCULATION                               *
 *******************************************************************************

 TTTTTTTTTTTTTTTTTTTTTTTTTTTTTT NUMDFG      TELAPSE     5391.59 TCPU     5386.02
 INFORMATION **** EXCPOG **** EXCH. BIPO BUFFER LENGTH (WORDS) =    91262016
 INFORMATION **** GENPOG **** BIPO BUFFER LENGTH (WORDS) =    12785300
 TTTTTTTTTTTTTTTTTTTTTTTTTTTTTT SHELXG      TELAPSE     6936.86 TCPU     6930.54

 CARTESIAN FORCES IN HARTREE/BOHR (ANALYTICAL)
   ATOM                     X                   Y                   Z
   1 256            -2.563853289847E-08 -2.580977880482E-08  1.954778406728E-03
   2 256             3.535329017104E-08  3.599548592174E-08 -2.266116424789E-05
   3 256            -1.830000190624E-08 -1.829495605362E-08 -2.722164557861E-05
   4 256            -2.216028813440E-08  6.663452565958E-06  2.960428940770E-04
   5 256             3.951073782641E-08 -2.998990844436E-05  1.750867599126E-04
   6 256            -2.079166621907E-08  2.013339371008E-05  1.744759014897E-04
   7 256            -2.706663734651E-08 -6.742050647469E-06  2.960331885221E-04
   8 256             3.607265950324E-08  3.003008759820E-05  1.751058279152E-04
   9 256            -2.829211500951E-08 -2.024242863546E-05  1.745785398975E-04
  10 256             6.663490988427E-06 -2.228434617602E-08  2.960430087326E-04
  11 256            -2.999144571353E-05  3.965729242336E-08  1.750853308878E-04
  12 256             2.013325535964E-05 -2.083236017696E-08  1.744761720362E-04
  13 256             5.460375207512E-06  5.460398657520E-06  2.430722869768E-04
  14 256            -9.664496054074E-06 -9.662808533666E-06  1.940340714141E-04
  15 256             4.840216580537E-06  4.840372731200E-06  1.935951288933E-04
  16 256             5.451512652145E-06 -5.543192252200E-06  2.430742960108E-04
  17 256            -9.670974151631E-06  9.702107379262E-06  1.940490473418E-04
  18 256             4.840545845165E-06 -4.956263448776E-06  1.936944338455E-04
  19 256            -6.741873436779E-06 -2.710458232700E-08  2.960334101264E-04
  20 256             3.003108197835E-05  3.550566784675E-08  1.751025746357E-04
  21 256            -2.024239406748E-05 -2.834027030576E-08  1.745790906057E-04
  22 256            -5.543079591996E-06  5.451507185336E-06  2.430743159934E-04
  23 256             9.702268218603E-06 -9.669180883258E-06  1.940476410313E-04
  24 256            -4.956265798054E-06  4.840692595161E-06  1.936947239133E-04
  25 256            -5.544423992433E-06 -5.544363326478E-06  2.430805660311E-04
  26 256             9.701306405988E-06  9.701763253797E-06  1.940588318545E-04
  27 256            -4.962538947597E-06 -4.962483366541E-06  1.937952581086E-04
  28   8             2.444179644896E-05  2.444185522843E-05 -6.301261303587E-05
  29   8            -1.530177628523E-05 -1.530129298541E-05 -6.592101265479E-05
  30   8            -1.187057815594E-05 -1.187068544726E-05 -3.382015235633E-04
  31   8             4.190919759905E-06 -8.524145318588E-10 -1.218859195413E-04
  32   8            -3.415111354026E-06 -1.907731734574E-08 -1.111693056988E-04
  33   8            -6.996114962251E-07  4.933986401386E-09 -1.791918873311E-04
  34   8             2.444326161620E-05 -2.445625279735E-05 -6.300967094219E-05
  35   8            -1.529953297341E-05  1.531242431964E-05 -6.591647906173E-05
  36   8            -1.186915028502E-05  1.188715093824E-05 -3.382013355901E-04
  37   8            -9.092350268015E-10  4.191028443215E-06 -1.218858606240E-04
  38   8            -1.953351791868E-08 -3.414646827754E-06 -1.111694543319E-04
  39   8             5.087106979725E-09 -6.997546077821E-07 -1.791926157688E-04
  40   8             1.008897910028E-09  1.030158484473E-09 -1.309799125000E-04
  41   8            -1.517769457121E-08 -1.475150962495E-08 -1.213013189618E-04
  42   8             4.837374982190E-09  4.666615263702E-09 -1.595352175157E-04
  43   8             4.421862734383E-09 -4.203832214720E-06 -1.218836437502E-04
  44   8            -1.752896074011E-08  3.432483555650E-06 -1.111659965876E-04
  45   8             6.802754162554E-09  7.229035932752E-07 -1.791945435450E-04
  46   8            -2.445580106702E-05  2.444317072474E-05 -6.300963005224E-05
  47   8             1.531248080080E-05 -1.529901498481E-05 -6.591648362164E-05
  48   8             1.188707450346E-05 -1.186918402748E-05 -3.382013501980E-04
  49   8            -4.203350956661E-06  4.388338580897E-09 -1.218840379265E-04
  50   8             3.432520445275E-06 -1.704058373461E-08 -1.111659407549E-04
  51   8             7.229058038891E-07  6.886928468968E-09 -1.791934635254E-04
  52   8            -2.445260469751E-05 -2.444902278836E-05 -6.301424804533E-05
  53   8             1.531362272046E-05  1.531354321568E-05 -6.591236112197E-05
  54   8             1.188879204017E-05  1.188871033318E-05 -3.382020894440E-04
  55   8             1.398352784700E-05 -8.395262409551E-08 -1.147556866083E-04
  56   8             3.204998291523E-06 -1.494286104883E-07  1.449008539889E-05
  57   8            -7.940065977493E-05  8.449342139590E-08 -4.006418110714E-05
  58   8             1.803164176384E-05  6.663585215773E-05 -5.459478165304E-05
  59   8             7.845279202723E-07  3.276111212953E-07 -9.799351402551E-06
  60   8            -1.676822253938E-05 -6.462924291046E-05 -2.944272113048E-05
  61   8             1.803603895841E-05 -6.680024602130E-05 -5.459108221939E-05
  62   8             7.839857932684E-07 -6.036195586565E-07 -9.803291368904E-06
  63   8            -1.674979129069E-05  6.483860108734E-05 -2.945292359202E-05
  64   8            -1.448437542739E-08 -8.274942486301E-08 -4.826514075162E-05
  65   8            -6.798125119035E-09 -1.498234410348E-07 -7.079553119294E-06
  66   8             4.772024120700E-08  9.425720209364E-08 -3.792925693213E-05
  67   8            -9.132129070405E-09  1.380923552037E-05 -4.216442727190E-05
  68   8            -6.954511715536E-09 -3.390536558451E-07 -1.871469589387E-05
  69   8             6.902723475679E-08 -1.269924540459E-05 -3.243498672356E-05
  70   8            -3.819224523887E-09 -1.397864839143E-05 -4.215926178808E-05
  71   8            -7.323073840227E-09  5.992404603600E-08 -1.871781841989E-05
  72   8             9.017803284907E-08  1.290699662033E-05 -3.244819277182E-05
  73   8            -1.399699470453E-05 -8.323226370272E-08 -1.147593692163E-04
  74   8            -3.134238889538E-06 -1.491969534925E-07  1.449279272503E-05
  75   8             7.939652598385E-05  8.478740488060E-08 -4.006163615355E-05
  76   8            -1.804549291982E-05  6.663449243316E-05 -5.459505665684E-05
  77   8            -7.274638032784E-07  3.263307952712E-07 -9.799594579807E-06
  78   8             1.680237188113E-05 -6.463015040281E-05 -2.944248584225E-05
  79   8            -1.804463618372E-05 -6.680148290355E-05 -5.459422374798E-05
  80   8            -7.388590156523E-07 -6.039932351701E-07 -9.803033398370E-06
  81   8             1.682442540143E-05  6.483898000114E-05 -2.945187388415E-05
  82   8             2.018116530368E-08  1.397950259140E-05 -1.147481516792E-04
  83   8            -1.322102530262E-07  3.205212784946E-06  1.449083909155E-05
  84   8             8.765463307283E-08 -7.940063674231E-05 -4.006396368594E-05
  85   8             2.085356781748E-08 -1.847482126883E-08 -4.825775721806E-05
  86   8            -1.326307681833E-07 -6.603192967470E-09 -7.078846301134E-06
  87   8             9.739607698025E-08  4.771065743753E-08 -3.792899226163E-05
  88   8             2.049000879477E-08 -1.399401864249E-05 -1.147511500119E-04
  89   8            -1.321961313024E-07 -3.134496181698E-06  1.449318433000E-05
  90   8             8.797762030576E-08  7.939649461652E-05 -4.006137543233E-05
  91   8             6.673989372135E-05  1.802802779988E-05 -5.458723685647E-05
  92   8             3.451736626810E-07  7.848001794448E-07 -9.798573666675E-06
  93   8            -6.462612365503E-05 -1.676821975317E-05 -2.944233023450E-05
  94   8             1.391297750105E-05 -1.290856787097E-08 -4.215696965648E-05
  95   8            -3.215255386314E-07 -6.748275646741E-09 -1.871389672137E-05
  96   8            -1.269622758422E-05  6.899009423953E-08 -3.243457704727E-05
  97   8             6.673861789945E-05 -1.804175218866E-05 -5.458763787902E-05
  98   8             3.437999964323E-07 -7.276739641623E-07 -9.798870661770E-06
  99   8            -6.462712370468E-05  1.680236112030E-05 -2.944209764055E-05
 100   8            -6.669644466305E-05  1.803289871393E-05 -5.458361670474E-05
 101   8            -5.864655286972E-07  7.843362574516E-07 -9.802511573787E-06
 102   8             6.484160287965E-05 -1.674978680631E-05 -2.945237224328E-05
 103   8            -1.387448165316E-05 -7.165507501200E-09 -4.215202586111E-05
 104   8             7.723764826955E-08 -7.073413073755E-09 -1.871706000989E-05
 105   8             1.291012582849E-05  9.014083894320E-08 -3.244761237609E-05
 106   8            -6.669690820204E-05 -1.804191772389E-05 -5.458346220588E-05
 107   8            -5.867441009381E-07 -7.390643081809E-07 -9.802346410570E-06
 108   8             6.484202857987E-05  1.682440497641E-05 -2.945128679133E-05
 109  22            -3.015584166323E-04 -3.014524879490E-04 -8.465857529316E-05
 110  22            -2.118671948604E-06 -2.102201365594E-06 -1.110220729905E-04
 111  22             3.243564726288E-04  3.243592584591E-04 -6.787304474720E-05
 112  22            -8.190607980017E-06  1.078470578899E-07  9.109233364057E-06
 113  22            -1.673234789041E-07  1.315385383359E-07 -4.936708314407E-05
 114  22             8.006737244945E-06 -4.852425256995E-08  9.207626662455E-06
 115  22            -3.015681314788E-04  3.016745497476E-04 -8.465542063130E-05
 116  22            -2.131493507849E-06  2.333103776674E-06 -1.110175904380E-04
 117  22             3.243527326800E-04 -3.245079288694E-04 -6.787679997045E-05
 118  22             1.843312775809E-09 -8.084778201408E-06  9.109138022101E-06
 119  22             1.150506480624E-07 -1.509346024269E-07 -4.936761115504E-05
 120  22            -5.140332044757E-08  8.009557704592E-06  9.208174211572E-06
 121  22            -1.508104280969E-08  9.132380601024E-08  5.178558723617E-06
 122  22             8.890959629153E-08  1.055011050154E-07 -3.488205575852E-05
 123  22            -6.298271012337E-08 -6.002153814630E-08 -1.624906750930E-06
 124  22            -6.852386410464E-09  8.273739381682E-06  9.116009227927E-06
 125  22             1.021961958749E-07  3.343194546249E-07 -4.936184402826E-05
 126  22            -5.521790024698E-08 -8.193934093547E-06  9.210407075244E-06
 127  22             3.015722836330E-04 -3.014625702235E-04 -8.465530777357E-05
 128  22             2.315001391866E-06 -2.115221414175E-06 -1.110180609829E-04
 129  22            -3.245113850909E-04  3.243556279762E-04 -6.787678210740E-05
 130  22             8.171486166542E-06  9.555507310194E-08  9.115731092635E-06
 131  22             3.161598189322E-07  1.187378370429E-07 -4.936156104618E-05
 132  22            -8.197501715249E-06 -5.240098410220E-08  9.209785547970E-06
 133  22             3.015643932774E-04  3.016685400675E-04 -8.464407608910E-05
 134  22             2.304589181102E-06  2.323060898832E-06 -1.110129401845E-04
 135  22            -3.245199209098E-04 -3.245164519273E-04 -6.787743650660E-05

 RESULTANT FORCE     7.853391548185E-12 -1.822030699060E-12  2.997205955646E-11

 SYMMETRY ALLOWED FORCES (ANALYTICAL) (DIRECTION, FORCE)

    1 -2.5734080E-08    2 -2.5905891E-08    3  1.9620588E-03    4  3.5293839E-08
    5  3.5937235E-08    6 -8.1035597E-06    7 -1.8295929E-08    8 -1.8287237E-08
    9 -1.2742443E-05   10 -2.2310056E-08   11  6.6887756E-06   12  3.1165668E-04
   13  3.9426751E-08   14 -3.0054034E-05   15  1.9262443E-04   16 -2.0804474E-08
   17  2.0031088E-05   18  1.9349868E-04   19 -2.7265814E-08   20 -6.7932476E-06
   21  3.1703573E-04   22  3.5907723E-08   23  3.0070098E-05   24  1.9811980E-04
   25 -2.8428103E-08   26 -2.0163806E-05   27  1.9915661E-04   28  6.6898423E-06
   29 -2.3612848E-08   30  3.2269290E-04   31 -3.0058865E-05   32  3.8388389E-08
   33  2.0384042E-04   34  2.0025787E-05   35 -2.2035816E-08   36  2.0487935E-04
   37  5.4563730E-06   38  5.4814335E-06   39  2.7542854E-04   40 -9.6859599E-06
   41 -9.6590222E-06   42  2.2845504E-04   43  4.7986809E-06   44  4.8243044E-06
   45  2.2991020E-04   46  5.4526971E-06   47 -5.5624263E-06   48  2.8152079E-04
   49 -9.6877178E-06   50  9.7003946E-06   51  2.3466399E-04   52  4.8032352E-06
   53 -4.9379275E-06   54  2.3630504E-04   55 -6.7877709E-06   56 -2.9954287E-08
   57  3.4111260E-04   58  3.0085951E-05   59  3.2668243E-08   60  2.2261052E-04
   61 -2.0144777E-05   62 -3.1171792E-08   63  2.2402898E-04   64 -5.5580548E-06
   65  5.4725947E-06   66  2.9480048E-04   67  9.7057955E-06   68 -9.6668002E-06
   69  2.4817592E-04   70 -4.9315707E-06   71  4.8215871E-06   72  2.5004725E-04
   73 -5.5670268E-06   74 -5.5669317E-06   75  3.0191999E-04   76  9.6976370E-06
   77  9.6981310E-06   78  2.5543121E-04   79 -4.9445591E-06   80 -4.9444637E-06
   81  2.5752068E-04   82  2.4550863E-05   83  2.4550963E-05   84  1.9111524E-06
   85 -1.5149209E-05   86 -1.5148682E-05   87 -9.9298841E-07   88 -1.1845309E-05
   89 -1.1845370E-05   90 -2.7457641E-04   91  4.1798685E-06   92 -3.1962439E-08
   93 -5.9850904E-05   94 -3.4226098E-06   95 -5.0584421E-08   96 -4.9660676E-05
   97 -7.2722321E-07   98 -2.6949220E-08   99 -1.1850039E-04  100  2.4532648E-05
  101 -2.4609198E-05  102 -2.9119548E-06  103 -1.5164254E-05  104  1.5112954E-05
  105 -5.8622362E-06  106 -1.1868998E-05  107  1.1822317E-05  108 -2.7957773E-04
  109 -6.0859220E-08  110  4.2070553E-06  111 -6.4999833E-05  112 -8.0203471E-08
  113 -3.3945735E-06  114 -5.4895012E-05  115 -5.6286093E-08  116 -7.0075575E-07
  117 -1.2384042E-04  118 -6.0975109E-08  119 -3.6302503E-09  120 -7.6671422E-05
  121 -7.7892830E-08  122 -1.9534058E-08  123 -6.7752843E-05  124 -5.8603542E-08
  125 -2.2073990E-10  126 -1.0691640E-04  127 -5.9654877E-08  128 -4.2315324E-06
  129 -7.0216638E-05  130 -8.2377965E-08  131  3.4003789E-06  132 -6.0207681E-05
  133 -5.8821729E-08  134  7.1336165E-07  135 -1.2927842E-04  136 -2.4659129E-05
  137  2.4574487E-05  138 -1.3887101E-05  139  1.5055827E-05  140 -1.5115182E-05
  141 -1.6967346E-05  142  1.1782863E-05  143 -1.1838446E-05  144 -2.9100652E-04
  145 -4.2646182E-06  146 -3.2906006E-08  147 -7.6799528E-05  148  3.3661585E-06
  149 -5.4845491E-08  150 -6.6916838E-05  151  6.8030048E-07  152 -3.1425056E-08
  153 -1.3614003E-04  154 -2.4638268E-05  155 -2.4634595E-05  156 -2.0893515E-05
  157  1.5071045E-05  158  1.5071079E-05  159 -2.4062509E-05  160  1.1810066E-05
  161  1.1810098E-05  162 -2.9832314E-04  163  1.4064568E-05  164 -9.0446522E-08
  165 -7.7190553E-05  166  3.3949539E-06  167 -1.5747335E-07  168  5.1899669E-05
  169 -7.9695292E-05  170  7.5937299E-08  171 -2.3420215E-06  172  1.7339277E-05
  173  6.7059034E-05  174 -1.6996893E-05  175  2.0573334E-07  176  1.1926056E-06
  177  2.7870090E-05  178 -1.7460923E-05  179 -6.4180063E-05  180  8.4653542E-06
  181  1.7343328E-05  182 -6.7227202E-05  183 -1.6738724E-05  184  2.0948658E-07
  185 -1.4934142E-06  186  2.8127041E-05  187 -1.7442743E-05  188  6.4381099E-05
  189  8.7294010E-06  190 -8.3396055E-07  191 -9.5366423E-08  192 -1.0092738E-05
  193 -8.3804941E-07  194 -1.6427062E-07  195  3.1242823E-05  196 -7.9519629E-07
  197  7.9208630E-08  198  6.1993459E-07  199 -8.6407449E-07  200  1.3895821E-05
  201 -3.6372124E-06  202 -8.7468248E-07  203 -1.5178643E-07  204  1.9932981E-05
  205 -8.1128114E-07  206 -1.2607547E-05  207  6.4089005E-06  208 -8.9707250E-07
  209 -1.4089246E-05  210 -3.2920397E-06  211 -9.1451255E-07  212 -1.5987362E-07
  213  2.0280788E-05  214 -8.3064333E-07  215  1.2786241E-05  216  6.7612732E-06
  217 -1.5044259E-05  218 -1.0373634E-07  219 -7.6102861E-05  220 -4.3374643E-06
  221 -1.7192640E-07  222  5.2966913E-05  223  7.8806516E-05  224  6.1157818E-08
  225 -1.1647125E-06  226 -1.8133241E-05  227  6.7173502E-05  228 -1.5840356E-05
  229 -9.7654845E-07  230  1.4445089E-06  231  2.9068828E-05  232  1.6689404E-05
  233 -6.4054165E-05  234  9.7599628E-06  235 -1.8171950E-05  236 -6.7378588E-05
  237 -1.5442594E-05  238 -1.0370054E-06  239 -1.7961405E-06  240  2.9475687E-05
  241  1.6669127E-05  242  6.4217047E-05  243  1.0186631E-05  244  1.8692185E-08
  245  1.4080428E-05  246 -7.5720148E-05  247 -1.3480148E-07  248  3.4712552E-06
  249  5.3313190E-05  250  8.4590728E-08  251 -7.9873115E-05  252 -7.3856337E-07
  253  1.8800185E-08  254 -1.2828606E-06  255 -9.0285156E-06  256 -1.3586257E-07
  257 -1.2967874E-06  258  3.2386053E-05  259  9.3746455E-08  260 -1.2686514E-06
  261  1.8840321E-06  262  1.8000369E-08  263 -1.5485686E-05  264 -7.5711413E-05
  265 -1.3594933E-07  266 -4.8418234E-06  267  5.3301809E-05  268  8.3669099E-08
  269  7.8494713E-05  270 -6.8397326E-07  271  6.7490619E-05  272  1.8196942E-05
  273 -1.5389346E-05  274  1.8800151E-06  275  1.1727391E-06  276  2.9563298E-05
  277 -6.3815958E-05  278 -1.6560418E-05  279  1.0382765E-05  280  1.4137212E-05
  281 -1.1086723E-09  282 -2.2357737E-06  283  7.4995725E-08  284  5.1007695E-09
  285  2.1443316E-05  286 -1.2455453E-05  287  8.1933152E-08  288  8.0907976E-06
  289  6.7694228E-05  290 -1.8263432E-05  291 -1.4141672E-05  292  2.2136610E-06
  293 -1.2040504E-06  294  3.0871136E-05  295 -6.3592796E-05  296  1.6534796E-05
  297  1.1802896E-05  298 -6.7483168E-05  299  1.8248649E-05  300 -1.3362717E-05
  301 -2.3644673E-06  302  1.2773251E-06  303  3.1684756E-05  304  6.3976940E-05
  305 -1.6482346E-05  306  1.2685413E-05  307 -1.3990641E-05  308  1.2598658E-08
  309  1.7926571E-07  310 -2.5993753E-07  311  1.3092283E-08  312  2.3994907E-05
  313  1.2776554E-05  314  1.1234286E-07  315  1.0824315E-05  316 -6.7758157E-05
  317 -1.8325879E-05  318 -1.1322924E-05  319 -2.8560090E-06  320 -1.3599641E-06
  321  3.3853424E-05  322  6.3669503E-05  323  1.6476328E-05  324  1.5075356E-05
  325 -3.0730716E-04  326 -3.0724156E-04  327 -4.0614514E-05  328 -1.3993151E-05
  329 -1.4016206E-05  330 -6.9093439E-05  331  3.1864277E-04  332  3.1860480E-04
  333 -2.7875939E-05  334 -7.4914011E-06  335  9.4311107E-07  336  4.9575325E-05
  337  3.7909230E-07  338  1.0092713E-06  339 -8.0108167E-06  340  8.7631517E-06
  341  8.7193888E-07  342  5.1569517E-05  343 -3.0802897E-04  344  3.1008865E-04
  345 -4.2094437E-05  346 -1.6619961E-05  347  1.8882991E-05  348 -7.1301527E-05
  349  3.1791168E-04  350 -3.1589282E-04  351 -3.0835460E-05  352  2.3381895E-06
  353 -8.3614511E-06  354  4.6618990E-05  355  2.5967159E-06  356 -6.9063940E-07
  357 -1.0829548E-05  358  2.5925023E-06  359  7.6928784E-06  360  4.8967877E-05
  361  2.8090986E-06  362  2.7882214E-08  363  4.8177814E-05  364  3.1253722E-06
  365  4.4662781E-08  366  1.0178410E-05  367  3.2176933E-06  368 -1.2404011E-07
  369  4.5609077E-05  370  3.5566276E-06  371  8.5694836E-06  372  6.0800815E-05
  373  4.0104614E-06  374  1.0604651E-06  375  5.2718663E-06  376  4.2678029E-06
  377 -7.8171803E-06  378  6.7568841E-05  379  3.2469583E-04  380 -3.1979824E-04
  381 -2.4015364E-05  382  4.8250969E-05  383 -4.2601338E-05  384 -5.5413832E-05
  385 -2.9729742E-04  386  3.0343703E-04  387 -1.7388475E-05  388  1.2668770E-05
  389  3.8224260E-06  390  6.3766752E-05  391  6.7334893E-06  392  4.7074158E-06
  393  1.2718402E-05  394 -1.1378323E-06  395  5.8796335E-06  396  8.4051752E-05
  397  3.7777015E-04  398  3.7784623E-04  399  3.9200917E-06  400  2.3109983E-04
  401  2.3111044E-04  402 -3.0501407E-05
 TTTTTTTTTTTTTTTTTTTTTTTTTTTTTT TOTGRA      TELAPSE     6967.64 TCPU     6961.11
 EIGENVECTORS IN FORTRAN UNIT  8
 TTTTTTTTTTTTTTTTTTTTTTTTTTTTTT END         TELAPSE     6972.97 TCPU     6965.04
 EEEEEEEEEE TERMINATION  DATE 25 03 2026 TIME 18:37:29.9
NODE    0 CPU TIME =      6965.035
NODE    1 CPU TIME =      6970.184
NODE    2 CPU TIME =      6968.121
NODE    3 CPU TIME =      6970.071
NODE    4 CPU TIME =      6969.153
NODE    5 CPU TIME =      6970.301
NODE    6 CPU TIME =      6969.906
NODE    7 CPU TIME =      6966.912
NODE    8 CPU TIME =      6969.228
NODE    9 CPU TIME =      6969.982
NODE   10 CPU TIME =      6970.074
NODE   11 CPU TIME =      6969.634
NODE   12 CPU TIME =      6969.703
NODE   13 CPU TIME =      6969.956
NODE   14 CPU TIME =      6969.585
NODE   15 CPU TIME =      6968.364
NODE   16 CPU TIME =      6969.518
NODE   17 CPU TIME =      6969.974
NODE   18 CPU TIME =      6969.690
NODE   19 CPU TIME =      6970.038
NODE   20 CPU TIME =      6969.850
NODE   21 CPU TIME =      6970.058
NODE   22 CPU TIME =      6970.256
NODE   23 CPU TIME =      6970.167
NODE   24 CPU TIME =      6969.514
NODE   25 CPU TIME =      6969.296
NODE   26 CPU TIME =      6969.157
NODE   27 CPU TIME =      6969.893
NODE   28 CPU TIME =      6969.275
NODE   29 CPU TIME =      6970.625
NODE   30 CPU TIME =      6969.520
NODE   31 CPU TIME =      6969.284
    TOTAL CPU TIME =    223022.325
------------------------------------------------------
Pcrystal finished normally
------------------------------------------------------
SCF wavefunction fort.9 saved as /users/zeitzsab/tetra_script_walkthrough/oldPyro_tetra/harm/h_disp3.w
Date: 2026-03-25 18:37:31