Date: 2026-03-25 17:03:06
Running on: nid002321
Temporary directory: /scratch/project_462000878/zeitzsab/h_disp13_112903
Executable: /project/project_462000878/jchem/crystal/23-1.0.1-gnu/install/bin/Pcrystal
Output: /users/zeitzsab/tetra_script_walkthrough/oldPyro_tetra/harm/h_disp13.out
Input data h_disp13.d12
converted and standardized from ase Atoms() object for Ba27Ti27O81 in space group 1
EXTERNAL
ENDGEOM 
256 6 
INPUT 
10. 0 2 2 2 1 0 
9.526986 427.845816 0 
4.487510 204.417530 0 
8.315930 293.605864 0 
4.292217 294.193316 0 
5.916108 112.550402 0 
2.874842 181.782621 0 
3.589465 -33.473174 0 
0 0 3 2.0 1.0 
2.3961900000 -5.9554766710 
2.2433050000 6.6805648241 
0.71740200000 -0.57055347037 
0 0 1 2.0 1.0 
0.27420073547 1.0000000000 
0 1 1 0.0 1.0 
0.13 1.0 1.0 
0 2 4 6.0 1.0 
2.9267420000 0.79815276764 
2.5207180000 -1.0707548832 
0.67578180854 0.34940781448 
0.31985844531 0.65041110673 
0 3 2 0.0 1.0 
0.966315 -0.908938 
0.893828 0.947240 
0 3 1 0.0 1.0 
0.273195 0.322057 
22 12 
0 0 8 2.0 1.0 
211575.69025 .23318151011E-03 
31714.945058 .18079690851E-02 
7217.5476543 .93984311352E-02 
2042.9394247 .38156853618E-01 
665.12896208 .12374757197 
238.74942264 .29208551143 
92.508691001 .41226800855 
36.403919209 .21090534061 
0 0 4 2.0 1.0 
232.72624607 -.24920140738E-01 
71.791209711 -.11746490087 
11.158534615 .56503342318 
4.6548135416 .56211101812 
0 0 2 2.0 1.0 
6.8034629174 -.23011425503 
1.1201076403 .72103186735 
0 0 1 2.0 1.0 
0.48080118839 1.0000000000 
0 0 1 0.0 1.0 
0.24 1.0 
0 1 1 0.0 1.0 
0.12 1.0 1.0 
0 2 6 6.0 1.0 
1063.1474732 .24690839320E-02 
251.56507061 .19773345523E-01 
80.408554854 .90987976672E-01 
29.768193269 .25559900413 
11.736830556 .40489386764 
4.7142375230 .23693402558 
0 2 3 6.0 1.0 
17.796803704 -.27878639615E-01 
2.4272698680 .55672914668 
0.96823445537 1.0055447350 
0 2 1 0.0 1.0 
0.37056694165 1.0000000000 
0 3 4 2.0 1.0 
37.713384723 .11513835092E-01 
10.692931184 .67246343996E-01 
3.6728446990 .21484207775 
1.3588590303 .38890892779 
0 3 1 0.0 1.0 
0.54 1.0 
0 3 1 0.0 1.0 
0.22 1.0 
8 7 
0 0 6 2.0 1.0 
27032.382631 0.21726302465E-03 
4052.3871392 0.16838662199E-02 
922.32722710 0.87395616265E-02 
261.24070989 0.35239968808E-01 
85.354641351 0.11153519115 
31.035035245 0.25588953961 
0 0 2 2.0 1.0 
12.271113873 0.39768730901 
4.9159842006 0.24627849430 
0 0 1 0.0 1.0 
0.90086482370 1.0000000000 
0 1 1 0.0 1.0 
0.25000000000 1.0 1.0 
0 2 4 4.0 1.0 
75.300554155 0.60685103418E-02 
17.743733858 0.41912575824E-01 
5.5355828651 0.16153841088 
2.0685535103 0.35706951311 
0 2 1 0.0 1.0 
0.78238772422 1.0000000000 
0 3 1 0.0 1.0 
1.2000000000 1.0000000000 
99 0 
ENDBAS 
DFT 
PBE0 
ENDDFT 
SHRINK 
0 2 
2 2 2 
TOLINTEG 
8 8 8 8 16 
MAXCYCLE 
100 
FMIXING 
80 
EXCHSIZE 
30000000 
BIPOSIZE 
30000000 
GRADCAL 
ENDEXTERNAL geometry h_disp13.ext is available as /scratch/project_462000878/zeitzsab/h_disp13_112903/fort.34
 PROCESS           14  OF           32  WORKING
 PROCESS           31  OF           32  WORKING
 PROCESS            8  OF           32  WORKING
 PROCESS           18  OF           32  WORKING
 PROCESS           29  OF           32  WORKING
 PROCESS            1  OF           32  WORKING
 PROCESS           30  OF           32  WORKING
 PROCESS            7  OF           32  WORKING
 PROCESS            6  OF           32  WORKING
 PROCESS           16  OF           32  WORKING
 PROCESS           10  OF           32  WORKING
 PROCESS            3  OF           32  WORKING
 PROCESS            0  OF           32  WORKING
 PROCESS           20  OF           32  WORKING
 PROCESS           15  OF           32  WORKING
 PROCESS           11  OF           32  WORKING
 PROCESS           25  OF           32  WORKING
 PROCESS           22  OF           32  WORKING
 PROCESS           26  OF           32  WORKING
 PROCESS           27  OF           32  WORKING
 PROCESS            2  OF           32  WORKING
 PROCESS           23  OF           32  WORKING
 PROCESS           24  OF           32  WORKING
 PROCESS           13  OF           32  WORKING
 PROCESS           19  OF           32  WORKING
 PROCESS            4  OF           32  WORKING
 PROCESS           17  OF           32  WORKING
 PROCESS            5  OF           32  WORKING
 PROCESS           28  OF           32  WORKING
 PROCESS            9  OF           32  WORKING
 PROCESS           12  OF           32  WORKING
 PROCESS           21  OF           32  WORKING

         
 *******************************************************************************
 *                                                                             *
 *                               CRYSTAL23                                     *
 *                      public : 1.0.1 - October 2022                          *
 *                       HTTP://WWW.CRYSTAL.UNITO.IT                           *
 *                                                                             *
 *                              MAIN AUTHORS                                   *
 *                                                                             *
 *  R. DOVESI(1,11), V.R. SAUNDERS(2), C. ROETTI(1,11), R. ORLANDO(1,11),      *
 *  C.M. ZICOVICH-WILSON(1,3), F. PASCALE(4), B. CIVALLERI(1,11),              *
 *  K. DOLL(5), N.M. HARRISON(6), I.J. BUSH(7), Ph. D'ARCO(8),                 *
 *  M. LLUNELL(9), M. CAUSA'(10), Y. NOEL(8), L. MASCHIO(1,11), A. ERBA(1,11)  *
 *  M. RE'RAT(14), S. CASASSA(1,11), B.G. SEARLE(2), J.K. DESMARAIS(1)         *
 *                                                                             *
 *        CONTRIBUTIONS TO THE CODE HAVE ALSO BEEN GIVEN BY                    *
 *                                                                             *
 *  M. FERRABONE(1,11), M. DE LA PIERRE(1,11), M. FERRERO(1,11),               *
 *  J. BAIMA(1,11), E. ALBANESE(1,11), M.F. PEINTINGER(12), R. BAST(13),       *
 *  B. KIRTMAN(15), V. LACIVITA(1,11), R. DEMICHELIS(1,16)                     *
 *  G. BRANDEBURG(17), S. SALUSTRO(1,11), G. SANSONE(1,11)                     *
 *  M.T. RUGGIERO(18), L.E. DAGA(1), L. DONA'(1), A. COSSARD(1)                *
 *                                                                             *
 * (1) THEORETICAL CHEMISTRY GROUP - UNIVERSITA' DI TORINO - TORINO (ITALY)    *
 * (2) SCIENTIFIC COMPUTING DEPARTMENT - STFC DARESBURY (UK)                   *
 * (3) UNIVERSIDAD AUTONOMA DEL ESTADO DE MORELOS - CUERNAVACA (MEXICO)        *
 * (4) UNIVERSITE' DE LORRAINE - NANCY (FRANCE)                                *
 * (5) UNIVERSITAET STUTTGART- STUTTGART (GERMANY)                             *
 * (6) IMPERIAL COLLEGE - LONDON (UK)                                          *
 * (7) SCIENTIFIC COMPUTING DEPARTMENT - STFC RAL (UK)                         *
 * (8) UPMC - SORBONNE UNIVERSITES - PARIS (FRANCE)                            *
 * (9) UNIVERSIDAD DE BARCELONA - BARCELONA (SPAIN)                            *
 *(10) UNIVERSITA' DI NAPOLI "FEDERICO II" - NAPOLI (ITALY)                    *
 *(11) NIS - NANOSTRUCTURED INTERFACES AND SURFACES - TORINO (ITALY)           *
 *(12) MPI FUER CHEMISCHE ENERGIEKONVERSION - MUELHEIM AN DER RUHR (GERMANY)   *
 *(13) UNIVERSITY OF TROMSO - TROMSO (NORWAY)                                  *
 *(14) UNIVERSITE' DE PAU ET DES PAYS DE L'ADOUR - PAU (FRANCE)                *
 *(15) UNIVERSITY OF CALIFORNIA SANTA BARBARA - SANTA BARBARA (USA)            *
 *(16) CURTIN UNIVERSITY - PERTH (AUSTRALIA)                                   *
 *(17) UNIVERSITY COLLEGE LONDON - LONDON (UK)                                 *
 *(18) UNIVERSITY OF VERMONT - BURLINGTON (USA)                                *
 *                                                                             *
 *******************************************************************************
 EEEEEEEEEE STARTING  DATE 25 03 2026 TIME 17:03:10.0
 converted and standardized from ase Atoms() object for Ba27Ti27O81 in space grou
 filename=fort.34                        0           0

 GEOMETRY INPUT FROM EXTERNAL FILE (FORTRAN UNIT 34)
 3D - CRYSTAL 

 *******************************************************************************
 LATTICE PARAMETERS  (ANGSTROMS AND DEGREES) - PRIMITIVE CELL
       A          B          C        ALPHA      BETA     GAMMA        VOLUME
   11.90773   11.90773   12.27480    90.00000  90.00000  90.00000   1740.493702
 INFORMATION **** CHKGRP **** SPGR WITH NO INVERSION

 NUMBER OF IRREDUCIBLE ATOMS IN THE CELL:  135

 CARTESIAN COORDINATES (ANGSTROM) - IRREDUCIBLE ATOMS AND SYMMETRY RELATED

 AT.IRR.  AT  AT.N.          X                   Y                   Z
     1     1   256    0.000000000000E+00  0.000000000000E+00  2.618623104000E-02
     2     2   256    0.000000000000E+00  0.000000000000E+00  4.117784831040E+00
     3     3   256    0.000000000000E+00  0.000000000000E+00  8.209383431040E+00
     4     4   256    0.000000000000E+00  3.969244350000E+00  2.618623104000E-02
     5     5   256    0.000000000000E+00  3.969244350000E+00  4.117784831040E+00
     6     6   256    0.000000000000E+00  3.969244350000E+00  8.209383431040E+00
     7     7   256    0.000000000000E+00  7.938488700000E+00  2.618623104000E-02
     8     8   256    0.000000000000E+00  7.938488700000E+00  4.117784831040E+00
     9     9   256    0.000000000000E+00  7.938488700000E+00  8.209383431040E+00
    10    10   256    3.969244350000E+00  0.000000000000E+00  2.618623104000E-02
    11    11   256    3.969244350000E+00  0.000000000000E+00  4.117784831040E+00
    12    12   256    3.969244350000E+00  0.000000000000E+00  8.209383431040E+00
    13    13   256    3.969244350000E+00  3.969244350000E+00  2.618623104000E-02
    14    14   256    3.969244350000E+00  3.969244350000E+00  4.117784831040E+00
    15    15   256    3.969244350000E+00  3.969244350000E+00  8.209383431040E+00
    16    16   256    3.969244350000E+00  7.938488700000E+00  2.618623104000E-02
    17    17   256    3.969244350000E+00  7.938488700000E+00  4.117784831040E+00
    18    18   256    3.969244350000E+00  7.938488700000E+00  8.209383431040E+00
    19    19   256    7.938488700000E+00  0.000000000000E+00  2.618623104000E-02
    20    20   256    7.938488700000E+00  0.000000000000E+00  4.117784831040E+00
    21    21   256    7.938488700000E+00  0.000000000000E+00  8.209383431040E+00
    22    22   256    7.938488700000E+00  3.969244350000E+00  2.618623104000E-02
    23    23   256    7.938488700000E+00  3.969244350000E+00  4.117784831040E+00
    24    24   256    7.938488700000E+00  3.969244350000E+00  8.209383431040E+00
    25    25   256    7.938488700000E+00  7.938488700000E+00  2.618623104000E-02
    26    26   256    7.938488700000E+00  7.938488700000E+00  4.117784831040E+00
    27    27   256    7.938488700000E+00  7.938488700000E+00  8.209383431040E+00
    28    28     8    1.984622175000E+00  1.984622175000E+00  3.960626528814E+00
    29    29     8    1.984622175000E+00  1.984622175000E+00  8.052225128814E+00
    30    30     8    1.984622175000E+00  1.984622175000E+00  1.214382372881E+01
    31    31     8    1.984622175000E+00  5.953866525000E+00  3.960626528814E+00
    32    32     8    1.984622175000E+00  5.953866525000E+00  8.052225128814E+00
    33    33     8    1.984622175000E+00  5.953866525000E+00  1.214382372881E+01
    34    34     8    1.984622175000E+00  9.923110875000E+00  3.960626528814E+00
    35    35     8    1.984622175000E+00  9.923110875000E+00  8.052225128814E+00
    36    36     8    1.984622175000E+00  9.923110875000E+00  1.214382372881E+01
    37    37     8    5.953866525000E+00  1.984622175000E+00  3.960626528814E+00
    38    38     8    5.953866525000E+00  1.984622175000E+00  8.052225128814E+00
    39    39     8    5.953866525000E+00  1.984622175000E+00  1.214382372881E+01
    40    40     8    5.953866525000E+00  5.953866525000E+00  3.960626528814E+00
    41    41     8    5.953866525000E+00  5.953866525000E+00  8.052225128814E+00
    42    42     8    5.953866525000E+00  5.953866525000E+00  1.214382372881E+01
    43    43     8    5.953866525000E+00  9.923110875000E+00  3.960626528814E+00
    44    44     8    5.953866525000E+00  9.923110875000E+00  8.052225128814E+00
    45    45     8    5.953866525000E+00  9.923110875000E+00  1.214382372881E+01
    46    46     8    9.923110875000E+00  1.984622175000E+00  3.960626528814E+00
    47    47     8    9.923110875000E+00  1.984622175000E+00  8.052225128814E+00
    48    48     8    9.923110875000E+00  1.984622175000E+00  1.214382372881E+01
    49    49     8    9.923110875000E+00  5.953866525000E+00  3.960626528814E+00
    50    50     8    9.923110875000E+00  5.953866525000E+00  8.052225128814E+00
    51    51     8    9.923110875000E+00  5.953866525000E+00  1.214382372881E+01
    52    52     8    9.923110875000E+00  9.923110875000E+00  3.960626528814E+00
    53    53     8    9.923110875000E+00  9.923110875000E+00  8.052225128814E+00
    54    54     8    9.923110875000E+00  9.923110875000E+00  1.214382372881E+01
    55    55     8    1.984622175000E+00  0.000000000000E+00  1.985775548538E+00
    56    56     8    1.984622175000E+00  0.000000000000E+00  6.077374148538E+00
    57    57     8    1.984622175000E+00  0.000000000000E+00  1.016897274854E+01
    58    58     8    1.984622175000E+00  3.969244350000E+00  1.985775548538E+00
    59    59     8    1.984622175000E+00  3.969244350000E+00  6.077374148538E+00
    60    60     8    1.984622175000E+00  3.969244350000E+00  1.016897274854E+01
    61    61     8    1.984622175000E+00  7.938488700000E+00  1.985775548538E+00
    62    62     8    1.984622175000E+00  7.938488700000E+00  6.077374148538E+00
    63    63     8    1.984622175000E+00  7.938488700000E+00  1.016897274854E+01
    64    64     8    5.953866525000E+00  0.000000000000E+00  1.985775548538E+00
    65    65     8    5.953866525000E+00  0.000000000000E+00  6.077374148538E+00
    66    66     8    5.953866525000E+00  0.000000000000E+00  1.016897274854E+01
    67    67     8    5.953866525000E+00  3.969244350000E+00  1.985775548538E+00
    68    68     8    5.953866525000E+00  3.969244350000E+00  6.077374148538E+00
    69    69     8    5.953866525000E+00  3.969244350000E+00  1.016897274854E+01
    70    70     8    5.953866525000E+00  7.938488700000E+00  1.985775548538E+00
    71    71     8    5.953866525000E+00  7.938488700000E+00  6.077374148538E+00
    72    72     8    5.953866525000E+00  7.938488700000E+00  1.016897274854E+01
    73    73     8    9.923110875000E+00  0.000000000000E+00  1.985775548538E+00
    74    74     8    9.923110875000E+00  0.000000000000E+00  6.077374148538E+00
    75    75     8    9.923110875000E+00  0.000000000000E+00  1.016897274854E+01
    76    76     8    9.923110875000E+00  3.969244350000E+00  1.985775548538E+00
    77    77     8    9.923110875000E+00  3.969244350000E+00  6.077374148538E+00
    78    78     8    9.923110875000E+00  3.969244350000E+00  1.016897274854E+01
    79    79     8    9.923110875000E+00  7.938488700000E+00  1.985775548538E+00
    80    80     8    9.923110875000E+00  7.938488700000E+00  6.077374148538E+00
    81    81     8    9.923110875000E+00  7.938488700000E+00  1.016897274854E+01
    82    82     8    0.000000000000E+00  1.984622175000E+00  1.985775548538E+00
    83    83     8    0.000000000000E+00  1.984622175000E+00  6.077374148538E+00
    84    84     8    0.000000000000E+00  1.984622175000E+00  1.016897274854E+01
    85    85     8    0.000000000000E+00  5.953866525000E+00  1.985775548538E+00
    86    86     8    0.000000000000E+00  5.953866525000E+00  6.077374148538E+00
    87    87     8    0.000000000000E+00  5.953866525000E+00  1.016897274854E+01
    88    88     8    0.000000000000E+00  9.923110875000E+00  1.985775548538E+00
    89    89     8    0.000000000000E+00  9.923110875000E+00  6.077374148538E+00
    90    90     8    0.000000000000E+00  9.923110875000E+00  1.016897274854E+01
    91    91     8    3.969244350000E+00  1.984622175000E+00  1.985775548538E+00
    92    92     8    3.969244350000E+00  1.984622175000E+00  6.077374148538E+00
    93    93     8    3.969244350000E+00  1.984622175000E+00  1.016897274854E+01
    94    94     8    3.969244350000E+00  5.953866525000E+00  1.985775548538E+00
    95    95     8    3.969244350000E+00  5.953866525000E+00  6.077374148538E+00
    96    96     8    3.969244350000E+00  5.953866525000E+00  1.016897274854E+01
    97    97     8    3.969244350000E+00  9.923110875000E+00  1.985775548538E+00
    98    98     8    3.969244350000E+00  9.923110875000E+00  6.077374148538E+00
    99    99     8    3.969244350000E+00  9.923110875000E+00  1.016897274854E+01
   100   100     8    7.938488700000E+00  1.984622175000E+00  1.985775548538E+00
   101   101     8    7.938488700000E+00  1.984622175000E+00  6.077374148538E+00
   102   102     8    7.938488700000E+00  1.984622175000E+00  1.016897274854E+01
   103   103     8    7.938488700000E+00  5.953866525000E+00  1.985775548538E+00
   104   104     8    7.938488700000E+00  5.953866525000E+00  6.077374148538E+00
   105   105     8    7.938488700000E+00  5.953866525000E+00  1.016897274854E+01
   106   106     8    7.938488700000E+00  9.923110875000E+00  1.985775548538E+00
   107   107     8    7.938488700000E+00  9.923110875000E+00  6.077374148538E+00
   108   108     8    7.938488700000E+00  9.923110875000E+00  1.016897274854E+01
   109   109    22    1.984622175000E+00  1.984622175000E+00  2.137434609224E+00
   110   110    22    1.984622175000E+00  1.984622175000E+00  6.239033209224E+00
   111   111    22    1.984622175000E+00  1.984622175000E+00  1.033063180922E+01
   112   112    22    1.984622175000E+00  5.953866525000E+00  2.147434609224E+00
   113   113    22    1.984622175000E+00  5.953866525000E+00  6.239033209224E+00
   114   114    22    1.984622175000E+00  5.953866525000E+00  1.033063180922E+01
   115   115    22    1.984622175000E+00  9.923110875000E+00  2.147434609224E+00
   116   116    22    1.984622175000E+00  9.923110875000E+00  6.239033209224E+00
   117   117    22    1.984622175000E+00  9.923110875000E+00  1.033063180922E+01
   118   118    22    5.953866525000E+00  1.984622175000E+00  2.147434609224E+00
   119   119    22    5.953866525000E+00  1.984622175000E+00  6.239033209224E+00
   120   120    22    5.953866525000E+00  1.984622175000E+00  1.033063180922E+01
   121   121    22    5.953866525000E+00  5.953866525000E+00  2.147434609224E+00
   122   122    22    5.953866525000E+00  5.953866525000E+00  6.239033209224E+00
   123   123    22    5.953866525000E+00  5.953866525000E+00  1.033063180922E+01
   124   124    22    5.953866525000E+00  9.923110875000E+00  2.147434609224E+00
   125   125    22    5.953866525000E+00  9.923110875000E+00  6.239033209224E+00
   126   126    22    5.953866525000E+00  9.923110875000E+00  1.033063180922E+01
   127   127    22    9.923110875000E+00  1.984622175000E+00  2.147434609224E+00
   128   128    22    9.923110875000E+00  1.984622175000E+00  6.239033209224E+00
   129   129    22    9.923110875000E+00  1.984622175000E+00  1.033063180922E+01
   130   130    22    9.923110875000E+00  5.953866525000E+00  2.147434609224E+00
   131   131    22    9.923110875000E+00  5.953866525000E+00  6.239033209224E+00
   132   132    22    9.923110875000E+00  5.953866525000E+00  1.033063180922E+01
   133   133    22    9.923110875000E+00  9.923110875000E+00  2.147434609224E+00
   134   134    22    9.923110875000E+00  9.923110875000E+00  6.239033209224E+00
   135   135    22    9.923110875000E+00  9.923110875000E+00  1.033063180922E+01
 NUMBER OF SYMMETRY OPERATORS         :    1
 *******************************************************************************
 LATTICE PARAMETERS (ANGSTROMS AND DEGREES) - BOHR = 0.5291772083 ANGSTROM
 PRIMITIVE CELL - CENTRING CODE 1/0 VOLUME=  1740.493702 - DENSITY  6.022 g/cm^3
         A              B              C           ALPHA      BETA       GAMMA 
    11.90773305    11.90773305    12.27479580    90.000000  90.000000  90.000000
 *******************************************************************************
 ATOMS IN THE ASYMMETRIC UNIT  135 - ATOMS IN THE UNIT CELL:  135
     ATOM                 X/A                 Y/B                 Z/C    
 *******************************************************************************
      1 T 256 BA    0.000000000000E+00  0.000000000000E+00  2.133333333333E-03
      2 T 256 BA    0.000000000000E+00  0.000000000000E+00  3.354666666667E-01
      3 T 256 BA    0.000000000000E+00  0.000000000000E+00 -3.312000000000E-01
      4 T 256 BA    0.000000000000E+00  3.333333333333E-01  2.133333333333E-03
      5 T 256 BA    0.000000000000E+00  3.333333333333E-01  3.354666666667E-01
      6 T 256 BA    0.000000000000E+00  3.333333333333E-01 -3.312000000000E-01
      7 T 256 BA    0.000000000000E+00 -3.333333333333E-01  2.133333333333E-03
      8 T 256 BA    0.000000000000E+00 -3.333333333333E-01  3.354666666667E-01
      9 T 256 BA    0.000000000000E+00 -3.333333333333E-01 -3.312000000000E-01
     10 T 256 BA    3.333333333333E-01  0.000000000000E+00  2.133333333333E-03
     11 T 256 BA    3.333333333333E-01  0.000000000000E+00  3.354666666667E-01
     12 T 256 BA    3.333333333333E-01  0.000000000000E+00 -3.312000000000E-01
     13 T 256 BA    3.333333333333E-01  3.333333333333E-01  2.133333333333E-03
     14 T 256 BA    3.333333333333E-01  3.333333333333E-01  3.354666666667E-01
     15 T 256 BA    3.333333333333E-01  3.333333333333E-01 -3.312000000000E-01
     16 T 256 BA    3.333333333333E-01 -3.333333333333E-01  2.133333333333E-03
     17 T 256 BA    3.333333333333E-01 -3.333333333333E-01  3.354666666667E-01
     18 T 256 BA    3.333333333333E-01 -3.333333333333E-01 -3.312000000000E-01
     19 T 256 BA   -3.333333333333E-01  0.000000000000E+00  2.133333333333E-03
     20 T 256 BA   -3.333333333333E-01  0.000000000000E+00  3.354666666667E-01
     21 T 256 BA   -3.333333333333E-01  0.000000000000E+00 -3.312000000000E-01
     22 T 256 BA   -3.333333333333E-01  3.333333333333E-01  2.133333333333E-03
     23 T 256 BA   -3.333333333333E-01  3.333333333333E-01  3.354666666667E-01
     24 T 256 BA   -3.333333333333E-01  3.333333333333E-01 -3.312000000000E-01
     25 T 256 BA   -3.333333333333E-01 -3.333333333333E-01  2.133333333333E-03
     26 T 256 BA   -3.333333333333E-01 -3.333333333333E-01  3.354666666667E-01
     27 T 256 BA   -3.333333333333E-01 -3.333333333333E-01 -3.312000000000E-01
     28 T   8 O     1.666666666667E-01  1.666666666667E-01  3.226633333333E-01
     29 T   8 O     1.666666666667E-01  1.666666666667E-01 -3.440033333333E-01
     30 T   8 O     1.666666666667E-01  1.666666666667E-01 -1.067000000000E-02
     31 T   8 O     1.666666666667E-01  5.000000000000E-01  3.226633333333E-01
     32 T   8 O     1.666666666667E-01  5.000000000000E-01 -3.440033333333E-01
     33 T   8 O     1.666666666667E-01  5.000000000000E-01 -1.067000000000E-02
     34 T   8 O     1.666666666667E-01 -1.666666666667E-01  3.226633333333E-01
     35 T   8 O     1.666666666667E-01 -1.666666666667E-01 -3.440033333333E-01
     36 T   8 O     1.666666666667E-01 -1.666666666667E-01 -1.067000000000E-02
     37 T   8 O     5.000000000000E-01  1.666666666667E-01  3.226633333333E-01
     38 T   8 O     5.000000000000E-01  1.666666666667E-01 -3.440033333333E-01
     39 T   8 O     5.000000000000E-01  1.666666666667E-01 -1.067000000000E-02
     40 T   8 O     5.000000000000E-01  5.000000000000E-01  3.226633333333E-01
     41 T   8 O     5.000000000000E-01  5.000000000000E-01 -3.440033333333E-01
     42 T   8 O     5.000000000000E-01  5.000000000000E-01 -1.067000000000E-02
     43 T   8 O     5.000000000000E-01 -1.666666666667E-01  3.226633333333E-01
     44 T   8 O     5.000000000000E-01 -1.666666666667E-01 -3.440033333333E-01
     45 T   8 O     5.000000000000E-01 -1.666666666667E-01 -1.067000000000E-02
     46 T   8 O    -1.666666666667E-01  1.666666666667E-01  3.226633333333E-01
     47 T   8 O    -1.666666666667E-01  1.666666666667E-01 -3.440033333333E-01
     48 T   8 O    -1.666666666667E-01  1.666666666667E-01 -1.067000000000E-02
     49 T   8 O    -1.666666666667E-01  5.000000000000E-01  3.226633333333E-01
     50 T   8 O    -1.666666666667E-01  5.000000000000E-01 -3.440033333333E-01
     51 T   8 O    -1.666666666667E-01  5.000000000000E-01 -1.067000000000E-02
     52 T   8 O    -1.666666666667E-01 -1.666666666667E-01  3.226633333333E-01
     53 T   8 O    -1.666666666667E-01 -1.666666666667E-01 -3.440033333333E-01
     54 T   8 O    -1.666666666667E-01 -1.666666666667E-01 -1.067000000000E-02
     55 T   8 O     1.666666666667E-01  0.000000000000E+00  1.617766666667E-01
     56 T   8 O     1.666666666667E-01  0.000000000000E+00  4.951100000000E-01
     57 T   8 O     1.666666666667E-01  0.000000000000E+00 -1.715566666667E-01
     58 T   8 O     1.666666666667E-01  3.333333333333E-01  1.617766666667E-01
     59 T   8 O     1.666666666667E-01  3.333333333333E-01  4.951100000000E-01
     60 T   8 O     1.666666666667E-01  3.333333333333E-01 -1.715566666667E-01
     61 T   8 O     1.666666666667E-01 -3.333333333333E-01  1.617766666667E-01
     62 T   8 O     1.666666666667E-01 -3.333333333333E-01  4.951100000000E-01
     63 T   8 O     1.666666666667E-01 -3.333333333333E-01 -1.715566666667E-01
     64 T   8 O     5.000000000000E-01  0.000000000000E+00  1.617766666667E-01
     65 T   8 O     5.000000000000E-01  0.000000000000E+00  4.951100000000E-01
     66 T   8 O     5.000000000000E-01  0.000000000000E+00 -1.715566666667E-01
     67 T   8 O     5.000000000000E-01  3.333333333333E-01  1.617766666667E-01
     68 T   8 O     5.000000000000E-01  3.333333333333E-01  4.951100000000E-01
     69 T   8 O     5.000000000000E-01  3.333333333333E-01 -1.715566666667E-01
     70 T   8 O     5.000000000000E-01 -3.333333333333E-01  1.617766666667E-01
     71 T   8 O     5.000000000000E-01 -3.333333333333E-01  4.951100000000E-01
     72 T   8 O     5.000000000000E-01 -3.333333333333E-01 -1.715566666667E-01
     73 T   8 O    -1.666666666667E-01  0.000000000000E+00  1.617766666667E-01
     74 T   8 O    -1.666666666667E-01  0.000000000000E+00  4.951100000000E-01
     75 T   8 O    -1.666666666667E-01  0.000000000000E+00 -1.715566666667E-01
     76 T   8 O    -1.666666666667E-01  3.333333333333E-01  1.617766666667E-01
     77 T   8 O    -1.666666666667E-01  3.333333333333E-01  4.951100000000E-01
     78 T   8 O    -1.666666666667E-01  3.333333333333E-01 -1.715566666667E-01
     79 T   8 O    -1.666666666667E-01 -3.333333333333E-01  1.617766666667E-01
     80 T   8 O    -1.666666666667E-01 -3.333333333333E-01  4.951100000000E-01
     81 T   8 O    -1.666666666667E-01 -3.333333333333E-01 -1.715566666667E-01
     82 T   8 O     0.000000000000E+00  1.666666666667E-01  1.617766666667E-01
     83 T   8 O     0.000000000000E+00  1.666666666667E-01  4.951100000000E-01
     84 T   8 O     0.000000000000E+00  1.666666666667E-01 -1.715566666667E-01
     85 T   8 O     0.000000000000E+00  5.000000000000E-01  1.617766666667E-01
     86 T   8 O     0.000000000000E+00  5.000000000000E-01  4.951100000000E-01
     87 T   8 O     0.000000000000E+00  5.000000000000E-01 -1.715566666667E-01
     88 T   8 O     0.000000000000E+00 -1.666666666667E-01  1.617766666667E-01
     89 T   8 O     0.000000000000E+00 -1.666666666667E-01  4.951100000000E-01
     90 T   8 O     0.000000000000E+00 -1.666666666667E-01 -1.715566666667E-01
     91 T   8 O     3.333333333333E-01  1.666666666667E-01  1.617766666667E-01
     92 T   8 O     3.333333333333E-01  1.666666666667E-01  4.951100000000E-01
     93 T   8 O     3.333333333333E-01  1.666666666667E-01 -1.715566666667E-01
     94 T   8 O     3.333333333333E-01  5.000000000000E-01  1.617766666667E-01
     95 T   8 O     3.333333333333E-01  5.000000000000E-01  4.951100000000E-01
     96 T   8 O     3.333333333333E-01  5.000000000000E-01 -1.715566666667E-01
     97 T   8 O     3.333333333333E-01 -1.666666666667E-01  1.617766666667E-01
     98 T   8 O     3.333333333333E-01 -1.666666666667E-01  4.951100000000E-01
     99 T   8 O     3.333333333333E-01 -1.666666666667E-01 -1.715566666667E-01
    100 T   8 O    -3.333333333333E-01  1.666666666667E-01  1.617766666667E-01
    101 T   8 O    -3.333333333333E-01  1.666666666667E-01  4.951100000000E-01
    102 T   8 O    -3.333333333333E-01  1.666666666667E-01 -1.715566666667E-01
    103 T   8 O    -3.333333333333E-01  5.000000000000E-01  1.617766666667E-01
    104 T   8 O    -3.333333333333E-01  5.000000000000E-01  4.951100000000E-01
    105 T   8 O    -3.333333333333E-01  5.000000000000E-01 -1.715566666667E-01
    106 T   8 O    -3.333333333333E-01 -1.666666666667E-01  1.617766666667E-01
    107 T   8 O    -3.333333333333E-01 -1.666666666667E-01  4.951100000000E-01
    108 T   8 O    -3.333333333333E-01 -1.666666666667E-01 -1.715566666667E-01
    109 T  22 TI    1.666666666667E-01  1.666666666667E-01  1.741319891630E-01
    110 T  22 TI    1.666666666667E-01  1.666666666667E-01 -4.917200000000E-01
    111 T  22 TI    1.666666666667E-01  1.666666666667E-01 -1.583866666667E-01
    112 T  22 TI    1.666666666667E-01  5.000000000000E-01  1.749466666667E-01
    113 T  22 TI    1.666666666667E-01  5.000000000000E-01 -4.917200000000E-01
    114 T  22 TI    1.666666666667E-01  5.000000000000E-01 -1.583866666667E-01
    115 T  22 TI    1.666666666667E-01 -1.666666666667E-01  1.749466666667E-01
    116 T  22 TI    1.666666666667E-01 -1.666666666667E-01 -4.917200000000E-01
    117 T  22 TI    1.666666666667E-01 -1.666666666667E-01 -1.583866666667E-01
    118 T  22 TI    5.000000000000E-01  1.666666666667E-01  1.749466666667E-01
    119 T  22 TI    5.000000000000E-01  1.666666666667E-01 -4.917200000000E-01
    120 T  22 TI    5.000000000000E-01  1.666666666667E-01 -1.583866666667E-01
    121 T  22 TI    5.000000000000E-01  5.000000000000E-01  1.749466666667E-01
    122 T  22 TI    5.000000000000E-01  5.000000000000E-01 -4.917200000000E-01
    123 T  22 TI    5.000000000000E-01  5.000000000000E-01 -1.583866666667E-01
    124 T  22 TI    5.000000000000E-01 -1.666666666667E-01  1.749466666667E-01
    125 T  22 TI    5.000000000000E-01 -1.666666666667E-01 -4.917200000000E-01
    126 T  22 TI    5.000000000000E-01 -1.666666666667E-01 -1.583866666667E-01
    127 T  22 TI   -1.666666666667E-01  1.666666666667E-01  1.749466666667E-01
    128 T  22 TI   -1.666666666667E-01  1.666666666667E-01 -4.917200000000E-01
    129 T  22 TI   -1.666666666667E-01  1.666666666667E-01 -1.583866666667E-01
    130 T  22 TI   -1.666666666667E-01  5.000000000000E-01  1.749466666667E-01
    131 T  22 TI   -1.666666666667E-01  5.000000000000E-01 -4.917200000000E-01
    132 T  22 TI   -1.666666666667E-01  5.000000000000E-01 -1.583866666667E-01
    133 T  22 TI   -1.666666666667E-01 -1.666666666667E-01  1.749466666667E-01
    134 T  22 TI   -1.666666666667E-01 -1.666666666667E-01 -4.917200000000E-01
    135 T  22 TI   -1.666666666667E-01 -1.666666666667E-01 -1.583866666667E-01

 T = ATOM BELONGING TO THE ASYMMETRIC UNIT
 *******************************************************************************
 * GEOMETRY EDITING - INPUT COORDINATES ARE GIVEN IN ANGSTROM         
 *******************************************************************************

 GCALCO - MAX INDICES DIRECT LATTICE VECTOR    15    15    14
 NO.OF VECTORS CREATED 6999 STARS  514 RMAX   270.02825 BOHR

 GEOMETRY FOR WAVE FUNCTION - DIMENSIONALITY OF THE SYSTEM    3
 (NON PERIODIC DIRECTION: LATTICE PARAMETER FORMALLY SET TO 500)
 *******************************************************************************
 LATTICE PARAMETERS (ANGSTROMS AND DEGREES) - BOHR = 0.5291772083 ANGSTROM
 PRIMITIVE CELL - CENTRING CODE 1/0 VOLUME=  1740.493702 - DENSITY  6.022 g/cm^3
         A              B              C           ALPHA      BETA       GAMMA 
    11.90773305    11.90773305    12.27479580    90.000000  90.000000  90.000000
 *******************************************************************************
 ATOMS IN THE ASYMMETRIC UNIT  135 - ATOMS IN THE UNIT CELL:  135
     ATOM                 X/A                 Y/B                 Z/C    
 *******************************************************************************
      1 T 256 BA    0.000000000000E+00  0.000000000000E+00  2.133333333333E-03
      2 T 256 BA    0.000000000000E+00  0.000000000000E+00  3.354666666667E-01
      3 T 256 BA    0.000000000000E+00  0.000000000000E+00 -3.312000000000E-01
      4 T 256 BA    0.000000000000E+00  3.333333333333E-01  2.133333333333E-03
      5 T 256 BA    0.000000000000E+00  3.333333333333E-01  3.354666666667E-01
      6 T 256 BA    0.000000000000E+00  3.333333333333E-01 -3.312000000000E-01
      7 T 256 BA    0.000000000000E+00 -3.333333333333E-01  2.133333333333E-03
      8 T 256 BA    0.000000000000E+00 -3.333333333333E-01  3.354666666667E-01
      9 T 256 BA    0.000000000000E+00 -3.333333333333E-01 -3.312000000000E-01
     10 T 256 BA    3.333333333333E-01  0.000000000000E+00  2.133333333333E-03
     11 T 256 BA    3.333333333333E-01  0.000000000000E+00  3.354666666667E-01
     12 T 256 BA    3.333333333333E-01  0.000000000000E+00 -3.312000000000E-01
     13 T 256 BA    3.333333333333E-01  3.333333333333E-01  2.133333333333E-03
     14 T 256 BA    3.333333333333E-01  3.333333333333E-01  3.354666666667E-01
     15 T 256 BA    3.333333333333E-01  3.333333333333E-01 -3.312000000000E-01
     16 T 256 BA    3.333333333333E-01 -3.333333333333E-01  2.133333333333E-03
     17 T 256 BA    3.333333333333E-01 -3.333333333333E-01  3.354666666667E-01
     18 T 256 BA    3.333333333333E-01 -3.333333333333E-01 -3.312000000000E-01
     19 T 256 BA   -3.333333333333E-01  0.000000000000E+00  2.133333333333E-03
     20 T 256 BA   -3.333333333333E-01  0.000000000000E+00  3.354666666667E-01
     21 T 256 BA   -3.333333333333E-01  0.000000000000E+00 -3.312000000000E-01
     22 T 256 BA   -3.333333333333E-01  3.333333333333E-01  2.133333333333E-03
     23 T 256 BA   -3.333333333333E-01  3.333333333333E-01  3.354666666667E-01
     24 T 256 BA   -3.333333333333E-01  3.333333333333E-01 -3.312000000000E-01
     25 T 256 BA   -3.333333333333E-01 -3.333333333333E-01  2.133333333333E-03
     26 T 256 BA   -3.333333333333E-01 -3.333333333333E-01  3.354666666667E-01
     27 T 256 BA   -3.333333333333E-01 -3.333333333333E-01 -3.312000000000E-01
     28 T   8 O     1.666666666667E-01  1.666666666667E-01  3.226633333333E-01
     29 T   8 O     1.666666666667E-01  1.666666666667E-01 -3.440033333333E-01
     30 T   8 O     1.666666666667E-01  1.666666666667E-01 -1.067000000000E-02
     31 T   8 O     1.666666666667E-01 -5.000000000000E-01  3.226633333333E-01
     32 T   8 O     1.666666666667E-01 -5.000000000000E-01 -3.440033333333E-01
     33 T   8 O     1.666666666667E-01 -5.000000000000E-01 -1.067000000000E-02
     34 T   8 O     1.666666666667E-01 -1.666666666667E-01  3.226633333333E-01
     35 T   8 O     1.666666666667E-01 -1.666666666667E-01 -3.440033333333E-01
     36 T   8 O     1.666666666667E-01 -1.666666666667E-01 -1.067000000000E-02
     37 T   8 O    -5.000000000000E-01  1.666666666667E-01  3.226633333333E-01
     38 T   8 O    -5.000000000000E-01  1.666666666667E-01 -3.440033333333E-01
     39 T   8 O    -5.000000000000E-01  1.666666666667E-01 -1.067000000000E-02
     40 T   8 O    -5.000000000000E-01 -5.000000000000E-01  3.226633333333E-01
     41 T   8 O    -5.000000000000E-01 -5.000000000000E-01 -3.440033333333E-01
     42 T   8 O    -5.000000000000E-01 -5.000000000000E-01 -1.067000000000E-02
     43 T   8 O    -5.000000000000E-01 -1.666666666667E-01  3.226633333333E-01
     44 T   8 O    -5.000000000000E-01 -1.666666666667E-01 -3.440033333333E-01
     45 T   8 O    -5.000000000000E-01 -1.666666666667E-01 -1.067000000000E-02
     46 T   8 O    -1.666666666667E-01  1.666666666667E-01  3.226633333333E-01
     47 T   8 O    -1.666666666667E-01  1.666666666667E-01 -3.440033333333E-01
     48 T   8 O    -1.666666666667E-01  1.666666666667E-01 -1.067000000000E-02
     49 T   8 O    -1.666666666667E-01 -5.000000000000E-01  3.226633333333E-01
     50 T   8 O    -1.666666666667E-01 -5.000000000000E-01 -3.440033333333E-01
     51 T   8 O    -1.666666666667E-01 -5.000000000000E-01 -1.067000000000E-02
     52 T   8 O    -1.666666666667E-01 -1.666666666667E-01  3.226633333333E-01
     53 T   8 O    -1.666666666667E-01 -1.666666666667E-01 -3.440033333333E-01
     54 T   8 O    -1.666666666667E-01 -1.666666666667E-01 -1.067000000000E-02
     55 T   8 O     1.666666666667E-01  0.000000000000E+00  1.617766666667E-01
     56 T   8 O     1.666666666667E-01  0.000000000000E+00  4.951100000000E-01
     57 T   8 O     1.666666666667E-01  0.000000000000E+00 -1.715566666667E-01
     58 T   8 O     1.666666666667E-01  3.333333333333E-01  1.617766666667E-01
     59 T   8 O     1.666666666667E-01  3.333333333333E-01  4.951100000000E-01
     60 T   8 O     1.666666666667E-01  3.333333333333E-01 -1.715566666667E-01
     61 T   8 O     1.666666666667E-01 -3.333333333333E-01  1.617766666667E-01
     62 T   8 O     1.666666666667E-01 -3.333333333333E-01  4.951100000000E-01
     63 T   8 O     1.666666666667E-01 -3.333333333333E-01 -1.715566666667E-01
     64 T   8 O    -5.000000000000E-01  0.000000000000E+00  1.617766666667E-01
     65 T   8 O    -5.000000000000E-01  0.000000000000E+00  4.951100000000E-01
     66 T   8 O    -5.000000000000E-01  0.000000000000E+00 -1.715566666667E-01
     67 T   8 O    -5.000000000000E-01  3.333333333333E-01  1.617766666667E-01
     68 T   8 O    -5.000000000000E-01  3.333333333333E-01  4.951100000000E-01
     69 T   8 O    -5.000000000000E-01  3.333333333333E-01 -1.715566666667E-01
     70 T   8 O    -5.000000000000E-01 -3.333333333333E-01  1.617766666667E-01
     71 T   8 O    -5.000000000000E-01 -3.333333333333E-01  4.951100000000E-01
     72 T   8 O    -5.000000000000E-01 -3.333333333333E-01 -1.715566666667E-01
     73 T   8 O    -1.666666666667E-01  0.000000000000E+00  1.617766666667E-01
     74 T   8 O    -1.666666666667E-01  0.000000000000E+00  4.951100000000E-01
     75 T   8 O    -1.666666666667E-01  0.000000000000E+00 -1.715566666667E-01
     76 T   8 O    -1.666666666667E-01  3.333333333333E-01  1.617766666667E-01
     77 T   8 O    -1.666666666667E-01  3.333333333333E-01  4.951100000000E-01
     78 T   8 O    -1.666666666667E-01  3.333333333333E-01 -1.715566666667E-01
     79 T   8 O    -1.666666666667E-01 -3.333333333333E-01  1.617766666667E-01
     80 T   8 O    -1.666666666667E-01 -3.333333333333E-01  4.951100000000E-01
     81 T   8 O    -1.666666666667E-01 -3.333333333333E-01 -1.715566666667E-01
     82 T   8 O     0.000000000000E+00  1.666666666667E-01  1.617766666667E-01
     83 T   8 O     0.000000000000E+00  1.666666666667E-01  4.951100000000E-01
     84 T   8 O     0.000000000000E+00  1.666666666667E-01 -1.715566666667E-01
     85 T   8 O     0.000000000000E+00 -5.000000000000E-01  1.617766666667E-01
     86 T   8 O     0.000000000000E+00 -5.000000000000E-01  4.951100000000E-01
     87 T   8 O     0.000000000000E+00 -5.000000000000E-01 -1.715566666667E-01
     88 T   8 O     0.000000000000E+00 -1.666666666667E-01  1.617766666667E-01
     89 T   8 O     0.000000000000E+00 -1.666666666667E-01  4.951100000000E-01
     90 T   8 O     0.000000000000E+00 -1.666666666667E-01 -1.715566666667E-01
     91 T   8 O     3.333333333333E-01  1.666666666667E-01  1.617766666667E-01
     92 T   8 O     3.333333333333E-01  1.666666666667E-01  4.951100000000E-01
     93 T   8 O     3.333333333333E-01  1.666666666667E-01 -1.715566666667E-01
     94 T   8 O     3.333333333333E-01 -5.000000000000E-01  1.617766666667E-01
     95 T   8 O     3.333333333333E-01 -5.000000000000E-01  4.951100000000E-01
     96 T   8 O     3.333333333333E-01 -5.000000000000E-01 -1.715566666667E-01
     97 T   8 O     3.333333333333E-01 -1.666666666667E-01  1.617766666667E-01
     98 T   8 O     3.333333333333E-01 -1.666666666667E-01  4.951100000000E-01
     99 T   8 O     3.333333333333E-01 -1.666666666667E-01 -1.715566666667E-01
    100 T   8 O    -3.333333333333E-01  1.666666666667E-01  1.617766666667E-01
    101 T   8 O    -3.333333333333E-01  1.666666666667E-01  4.951100000000E-01
    102 T   8 O    -3.333333333333E-01  1.666666666667E-01 -1.715566666667E-01
    103 T   8 O    -3.333333333333E-01 -5.000000000000E-01  1.617766666667E-01
    104 T   8 O    -3.333333333333E-01 -5.000000000000E-01  4.951100000000E-01
    105 T   8 O    -3.333333333333E-01 -5.000000000000E-01 -1.715566666667E-01
    106 T   8 O    -3.333333333333E-01 -1.666666666667E-01  1.617766666667E-01
    107 T   8 O    -3.333333333333E-01 -1.666666666667E-01  4.951100000000E-01
    108 T   8 O    -3.333333333333E-01 -1.666666666667E-01 -1.715566666667E-01
    109 T  22 TI    1.666666666667E-01  1.666666666667E-01  1.741319891630E-01
    110 T  22 TI    1.666666666667E-01  1.666666666667E-01 -4.917200000000E-01
    111 T  22 TI    1.666666666667E-01  1.666666666667E-01 -1.583866666667E-01
    112 T  22 TI    1.666666666667E-01 -5.000000000000E-01  1.749466666667E-01
    113 T  22 TI    1.666666666667E-01 -5.000000000000E-01 -4.917200000000E-01
    114 T  22 TI    1.666666666667E-01 -5.000000000000E-01 -1.583866666667E-01
    115 T  22 TI    1.666666666667E-01 -1.666666666667E-01  1.749466666667E-01
    116 T  22 TI    1.666666666667E-01 -1.666666666667E-01 -4.917200000000E-01
    117 T  22 TI    1.666666666667E-01 -1.666666666667E-01 -1.583866666667E-01
    118 T  22 TI   -5.000000000000E-01  1.666666666667E-01  1.749466666667E-01
    119 T  22 TI   -5.000000000000E-01  1.666666666667E-01 -4.917200000000E-01
    120 T  22 TI   -5.000000000000E-01  1.666666666667E-01 -1.583866666667E-01
    121 T  22 TI   -5.000000000000E-01 -5.000000000000E-01  1.749466666667E-01
    122 T  22 TI   -5.000000000000E-01 -5.000000000000E-01 -4.917200000000E-01
    123 T  22 TI   -5.000000000000E-01 -5.000000000000E-01 -1.583866666667E-01
    124 T  22 TI   -5.000000000000E-01 -1.666666666667E-01  1.749466666667E-01
    125 T  22 TI   -5.000000000000E-01 -1.666666666667E-01 -4.917200000000E-01
    126 T  22 TI   -5.000000000000E-01 -1.666666666667E-01 -1.583866666667E-01
    127 T  22 TI   -1.666666666667E-01  1.666666666667E-01  1.749466666667E-01
    128 T  22 TI   -1.666666666667E-01  1.666666666667E-01 -4.917200000000E-01
    129 T  22 TI   -1.666666666667E-01  1.666666666667E-01 -1.583866666667E-01
    130 T  22 TI   -1.666666666667E-01 -5.000000000000E-01  1.749466666667E-01
    131 T  22 TI   -1.666666666667E-01 -5.000000000000E-01 -4.917200000000E-01
    132 T  22 TI   -1.666666666667E-01 -5.000000000000E-01 -1.583866666667E-01
    133 T  22 TI   -1.666666666667E-01 -1.666666666667E-01  1.749466666667E-01
    134 T  22 TI   -1.666666666667E-01 -1.666666666667E-01 -4.917200000000E-01
    135 T  22 TI   -1.666666666667E-01 -1.666666666667E-01 -1.583866666667E-01

 T = ATOM BELONGING TO THE ASYMMETRIC UNIT

 ****    1 SYMMOPS - TRANSLATORS IN FRACTIONAL UNITS
 **** MATRICES AND TRANSLATORS IN THE CRYSTALLOGRAPHIC REFERENCE FRAME
   V INV                    ROTATION MATRICES                   TRANSLATORS
   1   1  1.00  0.00  0.00  0.00  1.00  0.00  0.00  0.00  1.00  0.00  0.00  0.00

 DIRECT LATTICE VECTORS CARTESIAN COMPONENTS (ANGSTROM)
          X                    Y                    Z
   0.119077330500E+02   0.000000000000E+00   0.000000000000E+00
   0.000000000000E+00   0.119077330500E+02   0.000000000000E+00
   0.000000000000E+00   0.000000000000E+00   0.122747958000E+02


 CARTESIAN COORDINATES - PRIMITIVE CELL
 *******************************************************************************
 *      ATOM          X(ANGSTROM)         Y(ANGSTROM)         Z(ANGSTROM)
 *******************************************************************************
    1   256 BA    0.000000000000E+00  0.000000000000E+00  2.618623104000E-02
    2   256 BA    0.000000000000E+00  0.000000000000E+00  4.117784831040E+00
    3   256 BA    0.000000000000E+00  0.000000000000E+00  8.209383431040E+00
    4   256 BA    0.000000000000E+00  3.969244350000E+00  2.618623104000E-02
    5   256 BA    0.000000000000E+00  3.969244350000E+00  4.117784831040E+00
    6   256 BA    0.000000000000E+00  3.969244350000E+00  8.209383431040E+00
    7   256 BA    0.000000000000E+00  7.938488700000E+00  2.618623104000E-02
    8   256 BA    0.000000000000E+00  7.938488700000E+00  4.117784831040E+00
    9   256 BA    0.000000000000E+00  7.938488700000E+00  8.209383431040E+00
   10   256 BA    3.969244350000E+00  0.000000000000E+00  2.618623104000E-02
   11   256 BA    3.969244350000E+00  0.000000000000E+00  4.117784831040E+00
   12   256 BA    3.969244350000E+00  0.000000000000E+00  8.209383431040E+00
   13   256 BA    3.969244350000E+00  3.969244350000E+00  2.618623104000E-02
   14   256 BA    3.969244350000E+00  3.969244350000E+00  4.117784831040E+00
   15   256 BA    3.969244350000E+00  3.969244350000E+00  8.209383431040E+00
   16   256 BA    3.969244350000E+00  7.938488700000E+00  2.618623104000E-02
   17   256 BA    3.969244350000E+00  7.938488700000E+00  4.117784831040E+00
   18   256 BA    3.969244350000E+00  7.938488700000E+00  8.209383431040E+00
   19   256 BA    7.938488700000E+00  0.000000000000E+00  2.618623104000E-02
   20   256 BA    7.938488700000E+00  0.000000000000E+00  4.117784831040E+00
   21   256 BA    7.938488700000E+00  0.000000000000E+00  8.209383431040E+00
   22   256 BA    7.938488700000E+00  3.969244350000E+00  2.618623104000E-02
   23   256 BA    7.938488700000E+00  3.969244350000E+00  4.117784831040E+00
   24   256 BA    7.938488700000E+00  3.969244350000E+00  8.209383431040E+00
   25   256 BA    7.938488700000E+00  7.938488700000E+00  2.618623104000E-02
   26   256 BA    7.938488700000E+00  7.938488700000E+00  4.117784831040E+00
   27   256 BA    7.938488700000E+00  7.938488700000E+00  8.209383431040E+00
   28     8 O     1.984622175000E+00  1.984622175000E+00  3.960626528814E+00
   29     8 O     1.984622175000E+00  1.984622175000E+00  8.052225128814E+00
   30     8 O     1.984622175000E+00  1.984622175000E+00  1.214382372881E+01
   31     8 O     1.984622175000E+00  5.953866525000E+00  3.960626528814E+00
   32     8 O     1.984622175000E+00  5.953866525000E+00  8.052225128814E+00
   33     8 O     1.984622175000E+00  5.953866525000E+00  1.214382372881E+01
   34     8 O     1.984622175000E+00  9.923110875000E+00  3.960626528814E+00
   35     8 O     1.984622175000E+00  9.923110875000E+00  8.052225128814E+00
   36     8 O     1.984622175000E+00  9.923110875000E+00  1.214382372881E+01
   37     8 O     5.953866525000E+00  1.984622175000E+00  3.960626528814E+00
   38     8 O     5.953866525000E+00  1.984622175000E+00  8.052225128814E+00
   39     8 O     5.953866525000E+00  1.984622175000E+00  1.214382372881E+01
   40     8 O     5.953866525000E+00  5.953866525000E+00  3.960626528814E+00
   41     8 O     5.953866525000E+00  5.953866525000E+00  8.052225128814E+00
   42     8 O     5.953866525000E+00  5.953866525000E+00  1.214382372881E+01
   43     8 O     5.953866525000E+00  9.923110875000E+00  3.960626528814E+00
   44     8 O     5.953866525000E+00  9.923110875000E+00  8.052225128814E+00
   45     8 O     5.953866525000E+00  9.923110875000E+00  1.214382372881E+01
   46     8 O     9.923110875000E+00  1.984622175000E+00  3.960626528814E+00
   47     8 O     9.923110875000E+00  1.984622175000E+00  8.052225128814E+00
   48     8 O     9.923110875000E+00  1.984622175000E+00  1.214382372881E+01
   49     8 O     9.923110875000E+00  5.953866525000E+00  3.960626528814E+00
   50     8 O     9.923110875000E+00  5.953866525000E+00  8.052225128814E+00
   51     8 O     9.923110875000E+00  5.953866525000E+00  1.214382372881E+01
   52     8 O     9.923110875000E+00  9.923110875000E+00  3.960626528814E+00
   53     8 O     9.923110875000E+00  9.923110875000E+00  8.052225128814E+00
   54     8 O     9.923110875000E+00  9.923110875000E+00  1.214382372881E+01
   55     8 O     1.984622175000E+00  0.000000000000E+00  1.985775548538E+00
   56     8 O     1.984622175000E+00  0.000000000000E+00  6.077374148538E+00
   57     8 O     1.984622175000E+00  0.000000000000E+00  1.016897274854E+01
   58     8 O     1.984622175000E+00  3.969244350000E+00  1.985775548538E+00
   59     8 O     1.984622175000E+00  3.969244350000E+00  6.077374148538E+00
   60     8 O     1.984622175000E+00  3.969244350000E+00  1.016897274854E+01
   61     8 O     1.984622175000E+00  7.938488700000E+00  1.985775548538E+00
   62     8 O     1.984622175000E+00  7.938488700000E+00  6.077374148538E+00
   63     8 O     1.984622175000E+00  7.938488700000E+00  1.016897274854E+01
   64     8 O     5.953866525000E+00  0.000000000000E+00  1.985775548538E+00
   65     8 O     5.953866525000E+00  0.000000000000E+00  6.077374148538E+00
   66     8 O     5.953866525000E+00  0.000000000000E+00  1.016897274854E+01
   67     8 O     5.953866525000E+00  3.969244350000E+00  1.985775548538E+00
   68     8 O     5.953866525000E+00  3.969244350000E+00  6.077374148538E+00
   69     8 O     5.953866525000E+00  3.969244350000E+00  1.016897274854E+01
   70     8 O     5.953866525000E+00  7.938488700000E+00  1.985775548538E+00
   71     8 O     5.953866525000E+00  7.938488700000E+00  6.077374148538E+00
   72     8 O     5.953866525000E+00  7.938488700000E+00  1.016897274854E+01
   73     8 O     9.923110875000E+00  0.000000000000E+00  1.985775548538E+00
   74     8 O     9.923110875000E+00  0.000000000000E+00  6.077374148538E+00
   75     8 O     9.923110875000E+00  0.000000000000E+00  1.016897274854E+01
   76     8 O     9.923110875000E+00  3.969244350000E+00  1.985775548538E+00
   77     8 O     9.923110875000E+00  3.969244350000E+00  6.077374148538E+00
   78     8 O     9.923110875000E+00  3.969244350000E+00  1.016897274854E+01
   79     8 O     9.923110875000E+00  7.938488700000E+00  1.985775548538E+00
   80     8 O     9.923110875000E+00  7.938488700000E+00  6.077374148538E+00
   81     8 O     9.923110875000E+00  7.938488700000E+00  1.016897274854E+01
   82     8 O     0.000000000000E+00  1.984622175000E+00  1.985775548538E+00
   83     8 O     0.000000000000E+00  1.984622175000E+00  6.077374148538E+00
   84     8 O     0.000000000000E+00  1.984622175000E+00  1.016897274854E+01
   85     8 O     0.000000000000E+00  5.953866525000E+00  1.985775548538E+00
   86     8 O     0.000000000000E+00  5.953866525000E+00  6.077374148538E+00
   87     8 O     0.000000000000E+00  5.953866525000E+00  1.016897274854E+01
   88     8 O     0.000000000000E+00  9.923110875000E+00  1.985775548538E+00
   89     8 O     0.000000000000E+00  9.923110875000E+00  6.077374148538E+00
   90     8 O     0.000000000000E+00  9.923110875000E+00  1.016897274854E+01
   91     8 O     3.969244350000E+00  1.984622175000E+00  1.985775548538E+00
   92     8 O     3.969244350000E+00  1.984622175000E+00  6.077374148538E+00
   93     8 O     3.969244350000E+00  1.984622175000E+00  1.016897274854E+01
   94     8 O     3.969244350000E+00  5.953866525000E+00  1.985775548538E+00
   95     8 O     3.969244350000E+00  5.953866525000E+00  6.077374148538E+00
   96     8 O     3.969244350000E+00  5.953866525000E+00  1.016897274854E+01
   97     8 O     3.969244350000E+00  9.923110875000E+00  1.985775548538E+00
   98     8 O     3.969244350000E+00  9.923110875000E+00  6.077374148538E+00
   99     8 O     3.969244350000E+00  9.923110875000E+00  1.016897274854E+01
  100     8 O     7.938488700000E+00  1.984622175000E+00  1.985775548538E+00
  101     8 O     7.938488700000E+00  1.984622175000E+00  6.077374148538E+00
  102     8 O     7.938488700000E+00  1.984622175000E+00  1.016897274854E+01
  103     8 O     7.938488700000E+00  5.953866525000E+00  1.985775548538E+00
  104     8 O     7.938488700000E+00  5.953866525000E+00  6.077374148538E+00
  105     8 O     7.938488700000E+00  5.953866525000E+00  1.016897274854E+01
  106     8 O     7.938488700000E+00  9.923110875000E+00  1.985775548538E+00
  107     8 O     7.938488700000E+00  9.923110875000E+00  6.077374148538E+00
  108     8 O     7.938488700000E+00  9.923110875000E+00  1.016897274854E+01
  109    22 TI    1.984622175000E+00  1.984622175000E+00  2.137434609224E+00
  110    22 TI    1.984622175000E+00  1.984622175000E+00  6.239033209224E+00
  111    22 TI    1.984622175000E+00  1.984622175000E+00  1.033063180922E+01
  112    22 TI    1.984622175000E+00  5.953866525000E+00  2.147434609224E+00
  113    22 TI    1.984622175000E+00  5.953866525000E+00  6.239033209224E+00
  114    22 TI    1.984622175000E+00  5.953866525000E+00  1.033063180922E+01
  115    22 TI    1.984622175000E+00  9.923110875000E+00  2.147434609224E+00
  116    22 TI    1.984622175000E+00  9.923110875000E+00  6.239033209224E+00
  117    22 TI    1.984622175000E+00  9.923110875000E+00  1.033063180922E+01
  118    22 TI    5.953866525000E+00  1.984622175000E+00  2.147434609224E+00
  119    22 TI    5.953866525000E+00  1.984622175000E+00  6.239033209224E+00
  120    22 TI    5.953866525000E+00  1.984622175000E+00  1.033063180922E+01
  121    22 TI    5.953866525000E+00  5.953866525000E+00  2.147434609224E+00
  122    22 TI    5.953866525000E+00  5.953866525000E+00  6.239033209224E+00
  123    22 TI    5.953866525000E+00  5.953866525000E+00  1.033063180922E+01
  124    22 TI    5.953866525000E+00  9.923110875000E+00  2.147434609224E+00
  125    22 TI    5.953866525000E+00  9.923110875000E+00  6.239033209224E+00
  126    22 TI    5.953866525000E+00  9.923110875000E+00  1.033063180922E+01
  127    22 TI    9.923110875000E+00  1.984622175000E+00  2.147434609224E+00
  128    22 TI    9.923110875000E+00  1.984622175000E+00  6.239033209224E+00
  129    22 TI    9.923110875000E+00  1.984622175000E+00  1.033063180922E+01
  130    22 TI    9.923110875000E+00  5.953866525000E+00  2.147434609224E+00
  131    22 TI    9.923110875000E+00  5.953866525000E+00  6.239033209224E+00
  132    22 TI    9.923110875000E+00  5.953866525000E+00  1.033063180922E+01
  133    22 TI    9.923110875000E+00  9.923110875000E+00  2.147434609224E+00
  134    22 TI    9.923110875000E+00  9.923110875000E+00  6.239033209224E+00
  135    22 TI    9.923110875000E+00  9.923110875000E+00  1.033063180922E+01

 *******************************************************************************
 *** PSEUDOPOTENTIAL INFORMATION ***
 *******************************************************************************

 ATOMIC NUMBER  56, NUCLEAR CHARGE 10.000, GIVEN IN INPUT       PSEUDOPOTENTIAL
   TYPE       EXPONENT      COEFF.    N      EXPONENT      COEFF.    N
  P0 TMS     9.5269860  427.8458160   0     4.4875100  204.4175300   0
  P1 TMS     8.3159300  293.6058640   0     4.2922170  294.1933160   0
  P2 TMS     5.9161080  112.5504020   0     2.8748420  181.7826210   0
  P3 TMS     3.5894650  -33.4731740   0

 *******************************************************************************
 LOCAL ATOMIC FUNCTIONS BASIS SET
 *******************************************************************************
   ATOM   X(AU)   Y(AU)   Z(AU)  N. TYPE  EXPONENT  S COEF   P COEF   D/F/G COEF
 *******************************************************************************
   1 BA   0.000   0.000   0.049
                                  1 S  
                                         2.396E+00-5.955E+00 0.000E+00 0.000E+00
                                         2.243E+00 6.681E+00 0.000E+00 0.000E+00
                                         7.174E-01-5.706E-01 0.000E+00 0.000E+00
                                  2 S  
                                         2.742E-01 1.000E+00 0.000E+00 0.000E+00
                           3-     6 SP 
                                         1.300E-01 1.000E+00 1.000E+00 0.000E+00
                           7-     9 P  
                                         2.927E+00 0.000E+00 7.982E-01 0.000E+00
                                         2.521E+00 0.000E+00-1.071E+00 0.000E+00
                                         6.758E-01 0.000E+00 3.494E-01 0.000E+00
                                         3.199E-01 0.000E+00 6.504E-01 0.000E+00
                          10-    14 D  
                                         9.663E-01 0.000E+00 0.000E+00-9.089E-01
                                         8.938E-01 0.000E+00 0.000E+00 9.472E-01
                          15-    19 D  
                                         2.732E-01 0.000E+00 0.000E+00 3.221E-01
   2 BA   0.000   0.000   7.781
   3 BA   0.000   0.000  15.513
   4 BA   0.000   7.501   0.049
   5 BA   0.000   7.501   7.781
   6 BA   0.000   7.501  15.513
   7 BA   0.000  15.002   0.049
   8 BA   0.000  15.002   7.781
   9 BA   0.000  15.002  15.513
  10 BA   7.501   0.000   0.049
  11 BA   7.501   0.000   7.781
  12 BA   7.501   0.000  15.513
  13 BA   7.501   7.501   0.049
  14 BA   7.501   7.501   7.781
  15 BA   7.501   7.501  15.513
  16 BA   7.501  15.002   0.049
  17 BA   7.501  15.002   7.781
  18 BA   7.501  15.002  15.513
  19 BA  15.002   0.000   0.049
  20 BA  15.002   0.000   7.781
  21 BA  15.002   0.000  15.513
  22 BA  15.002   7.501   0.049
  23 BA  15.002   7.501   7.781
  24 BA  15.002   7.501  15.513
  25 BA  15.002  15.002   0.049
  26 BA  15.002  15.002   7.781
  27 BA  15.002  15.002  15.513
  28 O    3.750   3.750   7.484
                                514 S  
                                         2.703E+04 2.173E-04 0.000E+00 0.000E+00
                                         4.052E+03 1.684E-03 0.000E+00 0.000E+00
                                         9.223E+02 8.740E-03 0.000E+00 0.000E+00
                                         2.612E+02 3.524E-02 0.000E+00 0.000E+00
                                         8.535E+01 1.115E-01 0.000E+00 0.000E+00
                                         3.104E+01 2.559E-01 0.000E+00 0.000E+00
                                515 S  
                                         1.227E+01 3.977E-01 0.000E+00 0.000E+00
                                         4.916E+00 2.463E-01 0.000E+00 0.000E+00
                                516 S  
                                         9.009E-01 1.000E+00 0.000E+00 0.000E+00
                         517-   520 SP 
                                         2.500E-01 1.000E+00 1.000E+00 0.000E+00
                         521-   523 P  
                                         7.530E+01 0.000E+00 6.069E-03 0.000E+00
                                         1.774E+01 0.000E+00 4.191E-02 0.000E+00
                                         5.536E+00 0.000E+00 1.615E-01 0.000E+00
                                         2.069E+00 0.000E+00 3.571E-01 0.000E+00
                         524-   526 P  
                                         7.824E-01 0.000E+00 1.000E+00 0.000E+00
                         527-   531 D  
                                         1.200E+00 0.000E+00 0.000E+00 1.000E+00
  29 O    3.750   3.750  15.217
  30 O    3.750   3.750  22.949
  31 O    3.750  11.251   7.484
  32 O    3.750  11.251  15.217
  33 O    3.750  11.251  22.949
  34 O    3.750  18.752   7.484
  35 O    3.750  18.752  15.217
  36 O    3.750  18.752  22.949
  37 O   11.251   3.750   7.484
  38 O   11.251   3.750  15.217
  39 O   11.251   3.750  22.949
  40 O   11.251  11.251   7.484
  41 O   11.251  11.251  15.217
  42 O   11.251  11.251  22.949
  43 O   11.251  18.752   7.484
  44 O   11.251  18.752  15.217
  45 O   11.251  18.752  22.949
  46 O   18.752   3.750   7.484
  47 O   18.752   3.750  15.217
  48 O   18.752   3.750  22.949
  49 O   18.752  11.251   7.484
  50 O   18.752  11.251  15.217
  51 O   18.752  11.251  22.949
  52 O   18.752  18.752   7.484
  53 O   18.752  18.752  15.217
  54 O   18.752  18.752  22.949
  55 O    3.750   0.000   3.753
  56 O    3.750   0.000  11.485
  57 O    3.750   0.000  19.217
  58 O    3.750   7.501   3.753
  59 O    3.750   7.501  11.485
  60 O    3.750   7.501  19.217
  61 O    3.750  15.002   3.753
  62 O    3.750  15.002  11.485
  63 O    3.750  15.002  19.217
  64 O   11.251   0.000   3.753
  65 O   11.251   0.000  11.485
  66 O   11.251   0.000  19.217
  67 O   11.251   7.501   3.753
  68 O   11.251   7.501  11.485
  69 O   11.251   7.501  19.217
  70 O   11.251  15.002   3.753
  71 O   11.251  15.002  11.485
  72 O   11.251  15.002  19.217
  73 O   18.752   0.000   3.753
  74 O   18.752   0.000  11.485
  75 O   18.752   0.000  19.217
  76 O   18.752   7.501   3.753
  77 O   18.752   7.501  11.485
  78 O   18.752   7.501  19.217
  79 O   18.752  15.002   3.753
  80 O   18.752  15.002  11.485
  81 O   18.752  15.002  19.217
  82 O    0.000   3.750   3.753
  83 O    0.000   3.750  11.485
  84 O    0.000   3.750  19.217
  85 O    0.000  11.251   3.753
  86 O    0.000  11.251  11.485
  87 O    0.000  11.251  19.217
  88 O    0.000  18.752   3.753
  89 O    0.000  18.752  11.485
  90 O    0.000  18.752  19.217
  91 O    7.501   3.750   3.753
  92 O    7.501   3.750  11.485
  93 O    7.501   3.750  19.217
  94 O    7.501  11.251   3.753
  95 O    7.501  11.251  11.485
  96 O    7.501  11.251  19.217
  97 O    7.501  18.752   3.753
  98 O    7.501  18.752  11.485
  99 O    7.501  18.752  19.217
 100 O   15.002   3.750   3.753
 101 O   15.002   3.750  11.485
 102 O   15.002   3.750  19.217
 103 O   15.002  11.251   3.753
 104 O   15.002  11.251  11.485
 105 O   15.002  11.251  19.217
 106 O   15.002  18.752   3.753
 107 O   15.002  18.752  11.485
 108 O   15.002  18.752  19.217
 109 TI   3.750   3.750   4.039
                               1972 S  
                                         2.116E+05 2.332E-04 0.000E+00 0.000E+00
                                         3.171E+04 1.808E-03 0.000E+00 0.000E+00
                                         7.218E+03 9.398E-03 0.000E+00 0.000E+00
                                         2.043E+03 3.816E-02 0.000E+00 0.000E+00
                                         6.651E+02 1.237E-01 0.000E+00 0.000E+00
                                         2.387E+02 2.921E-01 0.000E+00 0.000E+00
                                         9.251E+01 4.123E-01 0.000E+00 0.000E+00
                                         3.640E+01 2.109E-01 0.000E+00 0.000E+00
                               1973 S  
                                         2.327E+02-2.492E-02 0.000E+00 0.000E+00
                                         7.179E+01-1.175E-01 0.000E+00 0.000E+00
                                         1.116E+01 5.650E-01 0.000E+00 0.000E+00
                                         4.655E+00 5.621E-01 0.000E+00 0.000E+00
                               1974 S  
                                         6.803E+00-2.301E-01 0.000E+00 0.000E+00
                                         1.120E+00 7.210E-01 0.000E+00 0.000E+00
                               1975 S  
                                         4.808E-01 1.000E+00 0.000E+00 0.000E+00
                               1976 S  
                                         2.400E-01 1.000E+00 0.000E+00 0.000E+00
                        1977-  1980 SP 
                                         1.200E-01 1.000E+00 1.000E+00 0.000E+00
                        1981-  1983 P  
                                         1.063E+03 0.000E+00 2.469E-03 0.000E+00
                                         2.516E+02 0.000E+00 1.977E-02 0.000E+00
                                         8.041E+01 0.000E+00 9.099E-02 0.000E+00
                                         2.977E+01 0.000E+00 2.556E-01 0.000E+00
                                         1.174E+01 0.000E+00 4.049E-01 0.000E+00
                                         4.714E+00 0.000E+00 2.369E-01 0.000E+00
                        1984-  1986 P  
                                         1.780E+01 0.000E+00-2.788E-02 0.000E+00
                                         2.427E+00 0.000E+00 5.567E-01 0.000E+00
                                         9.682E-01 0.000E+00 1.006E+00 0.000E+00
                        1987-  1989 P  
                                         3.706E-01 0.000E+00 1.000E+00 0.000E+00
                        1990-  1994 D  
                                         3.771E+01 0.000E+00 0.000E+00 1.151E-02
                                         1.069E+01 0.000E+00 0.000E+00 6.725E-02
                                         3.673E+00 0.000E+00 0.000E+00 2.148E-01
                                         1.359E+00 0.000E+00 0.000E+00 3.889E-01
                        1995-  1999 D  
                                         5.400E-01 0.000E+00 0.000E+00 1.000E+00
                        2000-  2004 D  
                                         2.200E-01 0.000E+00 0.000E+00 1.000E+00
 110 TI   3.750   3.750  11.790
 111 TI   3.750   3.750  19.522
 112 TI   3.750  11.251   4.058
 113 TI   3.750  11.251  11.790
 114 TI   3.750  11.251  19.522
 115 TI   3.750  18.752   4.058
 116 TI   3.750  18.752  11.790
 117 TI   3.750  18.752  19.522
 118 TI  11.251   3.750   4.058
 119 TI  11.251   3.750  11.790
 120 TI  11.251   3.750  19.522
 121 TI  11.251  11.251   4.058
 122 TI  11.251  11.251  11.790
 123 TI  11.251  11.251  19.522
 124 TI  11.251  18.752   4.058
 125 TI  11.251  18.752  11.790
 126 TI  11.251  18.752  19.522
 127 TI  18.752   3.750   4.058
 128 TI  18.752   3.750  11.790
 129 TI  18.752   3.750  19.522
 130 TI  18.752  11.251   4.058
 131 TI  18.752  11.251  11.790
 132 TI  18.752  11.251  19.522
 133 TI  18.752  18.752   4.058
 134 TI  18.752  18.752  11.790
 135 TI  18.752  18.752  19.522
 INFORMATION **** SET_MPP **** PCRYSTAL CALCULATION
 INFORMATION **** READM2 **** NEW DEFAULT: FOCK/KS MATRIX MIXING SET TO 30 %
 INFORMATION **** READM2 **** NEW DEFAULT: FULL DIRECT SCF MODE
 INFORMATION **** READM2 **** NEW DEFAULT: COULOMB BIPOLAR BUFFER SET TO 32 Mb
 INFORMATION **** READM2 **** NEW DEFAULT: EXCHANGE BIPOLAR BUFFER SET TO 32 Mb

 *******************************************************************************
 NEW DEFAULT: DFT INTEGRATION GRID INCREASED TO XLGRID
 NEW DEFAULT: DIIS ACCELERATOR ACTIVE
 USE KEYWORD NODIIS TO TURN IT OFF
 *******************************************************************************

 INFORMATION **** TOLINTEG **** COULOMB AND EXCHANGE SERIES TOLERANCES MODIFIED
 INFORMATION **** MAXCYCLE **** MAX NUMBER OF SCF CYCLES SET TO         100
 INFORMATION **** EXCHSIZE **** EXCHANGE BIPOLAR BUFFER SIZE SET TO    30000000
 INFORMATION **** BIPOSIZE **** COULOMB BIPOLAR BUFFER SET TO    30000000
 INFORMATION **** GRADCAL **** ANALYTICAL GRADIENT AFTER SCF COMPLETED
 *******************************************************************************
 N. OF ATOMS PER CELL       135  COULOMB OVERLAP TOL         (T1) 10**   -8
 NUMBER OF SHELLS          1053  COULOMB PENETRATION TOL     (T2) 10**   -8
 NUMBER OF AO              2862  EXCHANGE OVERLAP TOL        (T3) 10**   -8
 N. OF ELECTRONS PER CELL  1512  EXCHANGE PSEUDO OVP (F(G))  (T4) 10**   -8
 CORE ELECTRONS PER CELL    648  EXCHANGE PSEUDO OVP (P(G))  (T5) 10**  -16
 N. OF SYMMETRY OPERATORS     1  POLE ORDER IN MONO ZONE                  4
 *******************************************************************************
 TYPE OF CALCULATION :  RESTRICTED CLOSED SHELL
 KOHN-SHAM HAMILTONIAN

 (EXCHANGE)[CORRELATION] FUNCTIONAL:(PERDEW-BURKE-ERNZERHOF)[PERDEW-BURKE-ERNZERHOF]


 HYBRID EXCHANGE - PERCENTAGE OF FOCK EXCHANGE    25.0000
 CORE  PSEUDO POTENTIAL         TOL. ON PSEUDO              (TP) 10**- 6

 CAPPA:IS1  2;IS2  2;IS3  2; K PTS MONK NET   8; SYMMOPS:K SPACE   2;G SPACE   1

 *******************************************************************************
 MAX NUMBER OF SCF CYCLES     100  CONVERGENCE ON DELTAP        10**-16
 WEIGHT OF F(I) IN F(I+1)      80% CONVERGENCE ON ENERGY        10**- 6
 SHRINK. FACT.(MONKH.)    2  2  2  NUMBER OF K POINTS IN THE IBZ      8
 SHRINKING FACTOR(GILAT NET)    2  NUMBER OF K POINTS(GILAT NET)      8
 *******************************************************************************
 *** K POINTS COORDINATES (OBLIQUE COORDINATES IN UNITS OF IS =  2)
   1-R(  0  0  0)   2-R(  1  0  0)   3-R(  0  1  0)   4-R(  1  1  0)
   5-R(  0  0  1)   6-R(  1  0  1)   7-R(  0  1  1)   8-R(  1  1  1)

 DIRECT LATTICE VECTORS COMPON. (A.U.)     RECIP. LATTICE VECTORS COMPON. (A.U.) 
        X            Y            Z              X            Y            Z
   22.5023543    0.0000000    0.0000000      0.2792235    0.0000000    0.0000000
    0.0000000   22.5023543    0.0000000      0.0000000    0.2792235    0.0000000
    0.0000000    0.0000000   23.1960024      0.0000000    0.0000000    0.2708736

 DISK SPACE FOR EIGENVECTORS (FTN 10)    65528352 REALS

 SYMMETRY ADAPTION OF THE BLOCH FUNCTIONS DISABLED
 TTTTTTTTTTTTTTTTTTTTTTTTTTTTTT gordsh1     TELAPSE        1.61 TCPU        0.52

 MATRIX SIZE: P(G) 7071100, F(G) 1257791, P(G) IRR 3543353, F(G) IRR 1261571
 MAX G-VECTOR INDEX FOR 1- AND 2-ELECTRON INTEGRALS  27

 TTTTTTTTTTTTTTTTTTTTTTTTTTTTTT INPUT       TELAPSE        3.53 TCPU        2.44

 NEIGHBORS OF THE NON-EQUIVALENT ATOMS

 N = NUMBER OF NEIGHBORS AT DISTANCE R
    ATOM  N     R/ANG      R/AU   NEIGHBORS (ATOM LABELS AND CELL INDICES)
   1 BA   4     2.7890     5.2705   55 O    0 0 0   73 O   -1 0 0   82 O    0 0 0
                                    88 O    0-1 0
   1 BA   4     2.8111     5.3122   30 O    0 0-1   36 O    0-1-1   48 O   -1 0-1
                                    54 O   -1-1-1
   1 BA   4     2.9128     5.5043   57 O    0 0-1   75 O   -1 0-1   84 O    0 0-1
                                    90 O    0-1-1
   1 BA   4     3.4292     6.4803  111 TI   0 0-1  117 TI   0-1-1  129 TI  -1 0-1
                                   135 TI  -1-1-1
   1 BA   1     3.5121     6.6369  109 TI   0 0 0
   1 BA   3     3.5181     6.6483  115 TI   0-1 0  127 TI  -1 0 0  133 TI  -1-1 0

   2 BA   4     2.7890     5.2705   56 O    0 0 0   74 O   -1 0 0   83 O    0 0 0
                                    89 O    0-1 0
   2 BA   4     2.8111     5.3122   28 O    0 0 0   34 O    0-1 0   46 O   -1 0 0
                                    52 O   -1-1 0
   2 BA   4     2.9128     5.5043   55 O    0 0 0   73 O   -1 0 0   82 O    0 0 0
                                    88 O    0-1 0
   2 BA   3     3.4292     6.4803  115 TI   0-1 0  127 TI  -1 0 0  133 TI  -1-1 0
   2 BA   1     3.4350     6.4912  109 TI   0 0 0
   2 BA   4     3.5181     6.6483  110 TI   0 0 0  116 TI   0-1 0  128 TI  -1 0 0
                                   134 TI  -1-1 0

   3 BA   4     2.7890     5.2705   57 O    0 0 0   75 O   -1 0 0   84 O    0 0 0
                                    90 O    0-1 0
   3 BA   4     2.8111     5.3122   29 O    0 0 0   35 O    0-1 0   47 O   -1 0 0
                                    53 O   -1-1 0
   3 BA   4     2.9128     5.5043   56 O    0 0 0   74 O   -1 0 0   83 O    0 0 0
                                    89 O    0-1 0
   3 BA   4     3.4292     6.4803  110 TI   0 0 0  116 TI   0-1 0  128 TI  -1 0 0
                                   134 TI  -1-1 0
   3 BA   4     3.5181     6.6483  111 TI   0 0 0  117 TI   0-1 0  129 TI  -1 0 0
                                   135 TI  -1-1 0
   3 BA   4     3.9692     7.5008    6 BA   0 0 0    9 BA   0-1 0   12 BA   0 0 0
                                    21 BA  -1 0 0

   4 BA   4     2.7890     5.2705   58 O    0 0 0   76 O   -1 0 0   82 O    0 0 0
                                    85 O    0 0 0
   4 BA   4     2.8111     5.3122   30 O    0 0-1   33 O    0 0-1   48 O   -1 0-1
                                    51 O   -1 0-1
   4 BA   4     2.9128     5.5043   60 O    0 0-1   78 O   -1 0-1   84 O    0 0-1
                                    87 O    0 0-1
   4 BA   4     3.4292     6.4803  111 TI   0 0-1  114 TI   0 0-1  129 TI  -1 0-1
                                   132 TI  -1 0-1
   4 BA   1     3.5121     6.6369  109 TI   0 0 0
   4 BA   3     3.5181     6.6483  112 TI   0 0 0  127 TI  -1 0 0  130 TI  -1 0 0

   5 BA   4     2.7890     5.2705   59 O    0 0 0   77 O   -1 0 0   83 O    0 0 0
                                    86 O    0 0 0
   5 BA   4     2.8111     5.3122   28 O    0 0 0   31 O    0 0 0   46 O   -1 0 0
                                    49 O   -1 0 0
   5 BA   4     2.9128     5.5043   58 O    0 0 0   76 O   -1 0 0   82 O    0 0 0
                                    85 O    0 0 0
   5 BA   3     3.4292     6.4803  112 TI   0 0 0  127 TI  -1 0 0  130 TI  -1 0 0
   5 BA   1     3.4350     6.4912  109 TI   0 0 0
   5 BA   4     3.5181     6.6483  110 TI   0 0 0  113 TI   0 0 0  128 TI  -1 0 0
                                   131 TI  -1 0 0

   6 BA   4     2.7890     5.2705   60 O    0 0 0   78 O   -1 0 0   84 O    0 0 0
                                    87 O    0 0 0
   6 BA   4     2.8111     5.3122   29 O    0 0 0   32 O    0 0 0   47 O   -1 0 0
                                    50 O   -1 0 0
   6 BA   4     2.9128     5.5043   59 O    0 0 0   77 O   -1 0 0   83 O    0 0 0
                                    86 O    0 0 0
   6 BA   4     3.4292     6.4803  110 TI   0 0 0  113 TI   0 0 0  128 TI  -1 0 0
                                   131 TI  -1 0 0
   6 BA   4     3.5181     6.6483  111 TI   0 0 0  114 TI   0 0 0  129 TI  -1 0 0
                                   132 TI  -1 0 0
   6 BA   4     3.9692     7.5008    3 BA   0 0 0    9 BA   0 0 0   15 BA   0 0 0
                                    24 BA  -1 0 0

   7 BA   4     2.7890     5.2705   61 O    0 0 0   79 O   -1 0 0   85 O    0 0 0
                                    88 O    0 0 0
   7 BA   4     2.8111     5.3122   33 O    0 0-1   36 O    0 0-1   51 O   -1 0-1
                                    54 O   -1 0-1
   7 BA   4     2.9128     5.5043   63 O    0 0-1   81 O   -1 0-1   87 O    0 0-1
                                    90 O    0 0-1
   7 BA   4     3.4292     6.4803  114 TI   0 0-1  117 TI   0 0-1  132 TI  -1 0-1
                                   135 TI  -1 0-1
   7 BA   4     3.5181     6.6483  112 TI   0 0 0  115 TI   0 0 0  130 TI  -1 0 0
                                   133 TI  -1 0 0
   7 BA   4     3.9692     7.5008    1 BA   0 1 0    4 BA   0 0 0   16 BA   0 0 0
                                    25 BA  -1 0 0

   8 BA   4     2.7890     5.2705   62 O    0 0 0   80 O   -1 0 0   86 O    0 0 0
                                    89 O    0 0 0
   8 BA   4     2.8111     5.3122   31 O    0 0 0   34 O    0 0 0   49 O   -1 0 0
                                    52 O   -1 0 0
   8 BA   4     2.9128     5.5043   61 O    0 0 0   79 O   -1 0 0   85 O    0 0 0
                                    88 O    0 0 0
   8 BA   4     3.4292     6.4803  112 TI   0 0 0  115 TI   0 0 0  130 TI  -1 0 0
                                   133 TI  -1 0 0
   8 BA   4     3.5181     6.6483  113 TI   0 0 0  116 TI   0 0 0  131 TI  -1 0 0
                                   134 TI  -1 0 0
   8 BA   4     3.9692     7.5008    2 BA   0 1 0    5 BA   0 0 0   17 BA   0 0 0
                                    26 BA  -1 0 0

   9 BA   4     2.7890     5.2705   63 O    0 0 0   81 O   -1 0 0   87 O    0 0 0
                                    90 O    0 0 0
   9 BA   4     2.8111     5.3122   32 O    0 0 0   35 O    0 0 0   50 O   -1 0 0
                                    53 O   -1 0 0
   9 BA   4     2.9128     5.5043   62 O    0 0 0   80 O   -1 0 0   86 O    0 0 0
                                    89 O    0 0 0
   9 BA   4     3.4292     6.4803  113 TI   0 0 0  116 TI   0 0 0  131 TI  -1 0 0
                                   134 TI  -1 0 0
   9 BA   4     3.5181     6.6483  114 TI   0 0 0  117 TI   0 0 0  132 TI  -1 0 0
                                   135 TI  -1 0 0
   9 BA   4     3.9692     7.5008    3 BA   0 1 0    6 BA   0 0 0   18 BA   0 0 0
                                    27 BA  -1 0 0

  10 BA   4     2.7890     5.2705   55 O    0 0 0   64 O    0 0 0   91 O    0 0 0
                                    97 O    0-1 0
  10 BA   4     2.8111     5.3122   30 O    0 0-1   36 O    0-1-1   39 O    0 0-1
                                    45 O    0-1-1
  10 BA   4     2.9128     5.5043   57 O    0 0-1   66 O    0 0-1   93 O    0 0-1
                                    99 O    0-1-1
  10 BA   4     3.4292     6.4803  111 TI   0 0-1  117 TI   0-1-1  120 TI   0 0-1
                                   126 TI   0-1-1
  10 BA   1     3.5121     6.6369  109 TI   0 0 0
  10 BA   3     3.5181     6.6483  115 TI   0-1 0  118 TI   0 0 0  124 TI   0-1 0

  11 BA   4     2.7890     5.2705   56 O    0 0 0   65 O    0 0 0   92 O    0 0 0
                                    98 O    0-1 0
  11 BA   4     2.8111     5.3122   28 O    0 0 0   34 O    0-1 0   37 O    0 0 0
                                    43 O    0-1 0
  11 BA   4     2.9128     5.5043   55 O    0 0 0   64 O    0 0 0   91 O    0 0 0
                                    97 O    0-1 0
  11 BA   3     3.4292     6.4803  115 TI   0-1 0  118 TI   0 0 0  124 TI   0-1 0
  11 BA   1     3.4350     6.4912  109 TI   0 0 0
  11 BA   4     3.5181     6.6483  110 TI   0 0 0  116 TI   0-1 0  119 TI   0 0 0
                                   125 TI   0-1 0

  12 BA   4     2.7890     5.2705   57 O    0 0 0   66 O    0 0 0   93 O    0 0 0
                                    99 O    0-1 0
  12 BA   4     2.8111     5.3122   29 O    0 0 0   35 O    0-1 0   38 O    0 0 0
                                    44 O    0-1 0
  12 BA   4     2.9128     5.5043   56 O    0 0 0   65 O    0 0 0   92 O    0 0 0
                                    98 O    0-1 0
  12 BA   4     3.4292     6.4803  110 TI   0 0 0  116 TI   0-1 0  119 TI   0 0 0
                                   125 TI   0-1 0
  12 BA   4     3.5181     6.6483  111 TI   0 0 0  117 TI   0-1 0  120 TI   0 0 0
                                   126 TI   0-1 0
  12 BA   4     3.9692     7.5008    3 BA   0 0 0   15 BA   0 0 0   18 BA   0-1 0
                                    21 BA   0 0 0

  13 BA   4     2.7890     5.2705   58 O    0 0 0   67 O    0 0 0   91 O    0 0 0
                                    94 O    0 0 0
  13 BA   4     2.8111     5.3122   30 O    0 0-1   33 O    0 0-1   39 O    0 0-1
                                    42 O    0 0-1
  13 BA   4     2.9128     5.5043   60 O    0 0-1   69 O    0 0-1   93 O    0 0-1
                                    96 O    0 0-1
  13 BA   4     3.4292     6.4803  111 TI   0 0-1  114 TI   0 0-1  120 TI   0 0-1
                                   123 TI   0 0-1
  13 BA   1     3.5121     6.6369  109 TI   0 0 0
  13 BA   3     3.5181     6.6483  112 TI   0 0 0  118 TI   0 0 0  121 TI   0 0 0

  14 BA   4     2.7890     5.2705   59 O    0 0 0   68 O    0 0 0   92 O    0 0 0
                                    95 O    0 0 0
  14 BA   4     2.8111     5.3122   28 O    0 0 0   31 O    0 0 0   37 O    0 0 0
                                    40 O    0 0 0
  14 BA   4     2.9128     5.5043   58 O    0 0 0   67 O    0 0 0   91 O    0 0 0
                                    94 O    0 0 0
  14 BA   3     3.4292     6.4803  112 TI   0 0 0  118 TI   0 0 0  121 TI   0 0 0
  14 BA   1     3.4350     6.4912  109 TI   0 0 0
  14 BA   4     3.5181     6.6483  110 TI   0 0 0  113 TI   0 0 0  119 TI   0 0 0
                                   122 TI   0 0 0

  15 BA   4     2.7890     5.2705   60 O    0 0 0   69 O    0 0 0   93 O    0 0 0
                                    96 O    0 0 0
  15 BA   4     2.8111     5.3122   29 O    0 0 0   32 O    0 0 0   38 O    0 0 0
                                    41 O    0 0 0
  15 BA   4     2.9128     5.5043   59 O    0 0 0   68 O    0 0 0   92 O    0 0 0
                                    95 O    0 0 0
  15 BA   4     3.4292     6.4803  110 TI   0 0 0  113 TI   0 0 0  119 TI   0 0 0
                                   122 TI   0 0 0
  15 BA   4     3.5181     6.6483  111 TI   0 0 0  114 TI   0 0 0  120 TI   0 0 0
                                   123 TI   0 0 0
  15 BA   4     3.9692     7.5008    6 BA   0 0 0   12 BA   0 0 0   18 BA   0 0 0
                                    24 BA   0 0 0

  16 BA   4     2.7890     5.2705   61 O    0 0 0   70 O    0 0 0   94 O    0 0 0
                                    97 O    0 0 0
  16 BA   4     2.8111     5.3122   33 O    0 0-1   36 O    0 0-1   42 O    0 0-1
                                    45 O    0 0-1
  16 BA   4     2.9128     5.5043   63 O    0 0-1   72 O    0 0-1   96 O    0 0-1
                                    99 O    0 0-1
  16 BA   4     3.4292     6.4803  114 TI   0 0-1  117 TI   0 0-1  123 TI   0 0-1
                                   126 TI   0 0-1
  16 BA   4     3.5181     6.6483  112 TI   0 0 0  115 TI   0 0 0  121 TI   0 0 0
                                   124 TI   0 0 0
  16 BA   4     3.9692     7.5008    7 BA   0 0 0   10 BA   0 1 0   13 BA   0 0 0
                                    25 BA   0 0 0

  17 BA   4     2.7890     5.2705   62 O    0 0 0   71 O    0 0 0   95 O    0 0 0
                                    98 O    0 0 0
  17 BA   4     2.8111     5.3122   31 O    0 0 0   34 O    0 0 0   40 O    0 0 0
                                    43 O    0 0 0
  17 BA   4     2.9128     5.5043   61 O    0 0 0   70 O    0 0 0   94 O    0 0 0
                                    97 O    0 0 0
  17 BA   4     3.4292     6.4803  112 TI   0 0 0  115 TI   0 0 0  121 TI   0 0 0
                                   124 TI   0 0 0
  17 BA   4     3.5181     6.6483  113 TI   0 0 0  116 TI   0 0 0  122 TI   0 0 0
                                   125 TI   0 0 0
  17 BA   4     3.9692     7.5008    8 BA   0 0 0   11 BA   0 1 0   14 BA   0 0 0
                                    26 BA   0 0 0

  18 BA   4     2.7890     5.2705   63 O    0 0 0   72 O    0 0 0   96 O    0 0 0
                                    99 O    0 0 0
  18 BA   4     2.8111     5.3122   32 O    0 0 0   35 O    0 0 0   41 O    0 0 0
                                    44 O    0 0 0
  18 BA   4     2.9128     5.5043   62 O    0 0 0   71 O    0 0 0   95 O    0 0 0
                                    98 O    0 0 0
  18 BA   4     3.4292     6.4803  113 TI   0 0 0  116 TI   0 0 0  122 TI   0 0 0
                                   125 TI   0 0 0
  18 BA   4     3.5181     6.6483  114 TI   0 0 0  117 TI   0 0 0  123 TI   0 0 0
                                   126 TI   0 0 0
  18 BA   4     3.9692     7.5008    9 BA   0 0 0   12 BA   0 1 0   15 BA   0 0 0
                                    27 BA   0 0 0

  19 BA   4     2.7890     5.2705   64 O    0 0 0   73 O    0 0 0  100 O    0 0 0
                                   106 O    0-1 0
  19 BA   4     2.8111     5.3122   39 O    0 0-1   45 O    0-1-1   48 O    0 0-1
                                    54 O    0-1-1
  19 BA   4     2.9128     5.5043   66 O    0 0-1   75 O    0 0-1  102 O    0 0-1
                                   108 O    0-1-1
  19 BA   4     3.4292     6.4803  120 TI   0 0-1  126 TI   0-1-1  129 TI   0 0-1
                                   135 TI   0-1-1
  19 BA   4     3.5181     6.6483  118 TI   0 0 0  124 TI   0-1 0  127 TI   0 0 0
                                   133 TI   0-1 0
  19 BA   4     3.9692     7.5008    1 BA   1 0 0   10 BA   0 0 0   22 BA   0 0 0
                                    25 BA   0-1 0

  20 BA   4     2.7890     5.2705   65 O    0 0 0   74 O    0 0 0  101 O    0 0 0
                                   107 O    0-1 0
  20 BA   4     2.8111     5.3122   37 O    0 0 0   43 O    0-1 0   46 O    0 0 0
                                    52 O    0-1 0
  20 BA   4     2.9128     5.5043   64 O    0 0 0   73 O    0 0 0  100 O    0 0 0
                                   106 O    0-1 0
  20 BA   4     3.4292     6.4803  118 TI   0 0 0  124 TI   0-1 0  127 TI   0 0 0
                                   133 TI   0-1 0
  20 BA   4     3.5181     6.6483  119 TI   0 0 0  125 TI   0-1 0  128 TI   0 0 0
                                   134 TI   0-1 0
  20 BA   4     3.9692     7.5008    2 BA   1 0 0   11 BA   0 0 0   23 BA   0 0 0
                                    26 BA   0-1 0

  21 BA   4     2.7890     5.2705   66 O    0 0 0   75 O    0 0 0  102 O    0 0 0
                                   108 O    0-1 0
  21 BA   4     2.8111     5.3122   38 O    0 0 0   44 O    0-1 0   47 O    0 0 0
                                    53 O    0-1 0
  21 BA   4     2.9128     5.5043   65 O    0 0 0   74 O    0 0 0  101 O    0 0 0
                                   107 O    0-1 0
  21 BA   4     3.4292     6.4803  119 TI   0 0 0  125 TI   0-1 0  128 TI   0 0 0
                                   134 TI   0-1 0
  21 BA   4     3.5181     6.6483  120 TI   0 0 0  126 TI   0-1 0  129 TI   0 0 0
                                   135 TI   0-1 0
  21 BA   4     3.9692     7.5008    3 BA   1 0 0   12 BA   0 0 0   24 BA   0 0 0
                                    27 BA   0-1 0

  22 BA   4     2.7890     5.2705   67 O    0 0 0   76 O    0 0 0  100 O    0 0 0
                                   103 O    0 0 0
  22 BA   4     2.8111     5.3122   39 O    0 0-1   42 O    0 0-1   48 O    0 0-1
                                    51 O    0 0-1
  22 BA   4     2.9128     5.5043   69 O    0 0-1   78 O    0 0-1  102 O    0 0-1
                                   105 O    0 0-1
  22 BA   4     3.4292     6.4803  120 TI   0 0-1  123 TI   0 0-1  129 TI   0 0-1
                                   132 TI   0 0-1
  22 BA   4     3.5181     6.6483  118 TI   0 0 0  121 TI   0 0 0  127 TI   0 0 0
                                   130 TI   0 0 0
  22 BA   4     3.9692     7.5008    4 BA   1 0 0   13 BA   0 0 0   19 BA   0 0 0
                                    25 BA   0 0 0

  23 BA   4     2.7890     5.2705   68 O    0 0 0   77 O    0 0 0  101 O    0 0 0
                                   104 O    0 0 0
  23 BA   4     2.8111     5.3122   37 O    0 0 0   40 O    0 0 0   46 O    0 0 0
                                    49 O    0 0 0
  23 BA   4     2.9128     5.5043   67 O    0 0 0   76 O    0 0 0  100 O    0 0 0
                                   103 O    0 0 0
  23 BA   4     3.4292     6.4803  118 TI   0 0 0  121 TI   0 0 0  127 TI   0 0 0
                                   130 TI   0 0 0
  23 BA   4     3.5181     6.6483  119 TI   0 0 0  122 TI   0 0 0  128 TI   0 0 0
                                   131 TI   0 0 0
  23 BA   4     3.9692     7.5008    5 BA   1 0 0   14 BA   0 0 0   20 BA   0 0 0
                                    26 BA   0 0 0

  24 BA   4     2.7890     5.2705   69 O    0 0 0   78 O    0 0 0  102 O    0 0 0
                                   105 O    0 0 0
  24 BA   4     2.8111     5.3122   38 O    0 0 0   41 O    0 0 0   47 O    0 0 0
                                    50 O    0 0 0
  24 BA   4     2.9128     5.5043   68 O    0 0 0   77 O    0 0 0  101 O    0 0 0
                                   104 O    0 0 0
  24 BA   4     3.4292     6.4803  119 TI   0 0 0  122 TI   0 0 0  128 TI   0 0 0
                                   131 TI   0 0 0
  24 BA   4     3.5181     6.6483  120 TI   0 0 0  123 TI   0 0 0  129 TI   0 0 0
                                   132 TI   0 0 0
  24 BA   4     3.9692     7.5008    6 BA   1 0 0   15 BA   0 0 0   21 BA   0 0 0
                                    27 BA   0 0 0

  25 BA   4     2.7890     5.2705   70 O    0 0 0   79 O    0 0 0  103 O    0 0 0
                                   106 O    0 0 0
  25 BA   4     2.8111     5.3122   42 O    0 0-1   45 O    0 0-1   51 O    0 0-1
                                    54 O    0 0-1
  25 BA   4     2.9128     5.5043   72 O    0 0-1   81 O    0 0-1  105 O    0 0-1
                                   108 O    0 0-1
  25 BA   4     3.4292     6.4803  123 TI   0 0-1  126 TI   0 0-1  132 TI   0 0-1
                                   135 TI   0 0-1
  25 BA   4     3.5181     6.6483  121 TI   0 0 0  124 TI   0 0 0  130 TI   0 0 0
                                   133 TI   0 0 0
  25 BA   4     3.9692     7.5008    7 BA   1 0 0   16 BA   0 0 0   19 BA   0 1 0
                                    22 BA   0 0 0

  26 BA   4     2.7890     5.2705   71 O    0 0 0   80 O    0 0 0  104 O    0 0 0
                                   107 O    0 0 0
  26 BA   4     2.8111     5.3122   40 O    0 0 0   43 O    0 0 0   49 O    0 0 0
                                    52 O    0 0 0
  26 BA   4     2.9128     5.5043   70 O    0 0 0   79 O    0 0 0  103 O    0 0 0
                                   106 O    0 0 0
  26 BA   4     3.4292     6.4803  121 TI   0 0 0  124 TI   0 0 0  130 TI   0 0 0
                                   133 TI   0 0 0
  26 BA   4     3.5181     6.6483  122 TI   0 0 0  125 TI   0 0 0  131 TI   0 0 0
                                   134 TI   0 0 0
  26 BA   4     3.9692     7.5008    8 BA   1 0 0   17 BA   0 0 0   20 BA   0 1 0
                                    23 BA   0 0 0

  27 BA   4     2.7890     5.2705   72 O    0 0 0   81 O    0 0 0  105 O    0 0 0
                                   108 O    0 0 0
  27 BA   4     2.8111     5.3122   41 O    0 0 0   44 O    0 0 0   50 O    0 0 0
                                    53 O    0 0 0
  27 BA   4     2.9128     5.5043   71 O    0 0 0   80 O    0 0 0  104 O    0 0 0
                                   107 O    0 0 0
  27 BA   4     3.4292     6.4803  122 TI   0 0 0  125 TI   0 0 0  131 TI   0 0 0
                                   134 TI   0 0 0
  27 BA   4     3.5181     6.6483  123 TI   0 0 0  126 TI   0 0 0  132 TI   0 0 0
                                   135 TI   0 0 0
  27 BA   4     3.9692     7.5008    9 BA   1 0 0   18 BA   0 0 0   21 BA   0 1 0
                                    24 BA   0 0 0

  28 O    1     1.8232     3.4453  109 TI   0 0 0
  28 O    1     2.2784     4.3056  110 TI   0 0 0
  28 O    4     2.7998     5.2908   55 O    0 0 0   58 O    0 0 0   82 O    0 0 0
                                    91 O    0 0 0
  28 O    4     2.8111     5.3122    2 BA   0 0 0    5 BA   0 0 0   11 BA   0 0 0
                                    14 BA   0 0 0
  28 O    4     2.9016     5.4832   56 O    0 0 0   59 O    0 0 0   83 O    0 0 0
                                    92 O    0 0 0
  28 O    4     3.9692     7.5008   31 O    0 0 0   34 O    0-1 0   37 O    0 0 0
                                    46 O   -1 0 0

  29 O    1     1.8132     3.4264  110 TI   0 0 0
  29 O    1     2.2784     4.3056  111 TI   0 0 0
  29 O    4     2.7998     5.2908   56 O    0 0 0   59 O    0 0 0   83 O    0 0 0
                                    92 O    0 0 0
  29 O    4     2.8111     5.3122    3 BA   0 0 0    6 BA   0 0 0   12 BA   0 0 0
                                    15 BA   0 0 0
  29 O    4     2.9016     5.4832   57 O    0 0 0   60 O    0 0 0   84 O    0 0 0
                                    93 O    0 0 0
  29 O    4     3.9692     7.5008   32 O    0 0 0   35 O    0-1 0   38 O    0 0 0
                                    47 O   -1 0 0

  30 O    1     1.8132     3.4264  111 TI   0 0 0
  30 O    1     2.2684     4.2867  109 TI   0 0 1
  30 O    4     2.7998     5.2908   57 O    0 0 0   60 O    0 0 0   84 O    0 0 0
                                    93 O    0 0 0
  30 O    4     2.8111     5.3122    1 BA   0 0 1    4 BA   0 0 1   10 BA   0 0 1
                                    13 BA   0 0 1
  30 O    4     2.9016     5.4832   55 O    0 0 1   58 O    0 0 1   82 O    0 0 1
                                    91 O    0 0 1
  30 O    4     3.9692     7.5008   33 O    0 0 0   36 O    0-1 0   39 O    0 0 0
                                    48 O   -1 0 0

  31 O    1     1.8132     3.4264  112 TI   0 0 0
  31 O    1     2.2784     4.3056  113 TI   0 0 0
  31 O    4     2.7998     5.2908   58 O    0 0 0   61 O    0 0 0   85 O    0 0 0
                                    94 O    0 0 0
  31 O    4     2.8111     5.3122    5 BA   0 0 0    8 BA   0 0 0   14 BA   0 0 0
                                    17 BA   0 0 0
  31 O    4     2.9016     5.4832   59 O    0 0 0   62 O    0 0 0   86 O    0 0 0
                                    95 O    0 0 0
  31 O    4     3.9692     7.5008   28 O    0 0 0   34 O    0 0 0   40 O    0 0 0
                                    49 O   -1 0 0

  32 O    1     1.8132     3.4264  113 TI   0 0 0
  32 O    1     2.2784     4.3056  114 TI   0 0 0
  32 O    4     2.7998     5.2908   59 O    0 0 0   62 O    0 0 0   86 O    0 0 0
                                    95 O    0 0 0
  32 O    4     2.8111     5.3122    6 BA   0 0 0    9 BA   0 0 0   15 BA   0 0 0
                                    18 BA   0 0 0
  32 O    4     2.9016     5.4832   60 O    0 0 0   63 O    0 0 0   87 O    0 0 0
                                    96 O    0 0 0
  32 O    4     3.9692     7.5008   29 O    0 0 0   35 O    0 0 0   41 O    0 0 0
                                    50 O   -1 0 0

  33 O    1     1.8132     3.4264  114 TI   0 0 0
  33 O    1     2.2784     4.3056  112 TI   0 0 1
  33 O    4     2.7998     5.2908   60 O    0 0 0   63 O    0 0 0   87 O    0 0 0
                                    96 O    0 0 0
  33 O    4     2.8111     5.3122    4 BA   0 0 1    7 BA   0 0 1   13 BA   0 0 1
                                    16 BA   0 0 1
  33 O    4     2.9016     5.4832   58 O    0 0 1   61 O    0 0 1   85 O    0 0 1
                                    94 O    0 0 1
  33 O    4     3.9692     7.5008   30 O    0 0 0   36 O    0 0 0   42 O    0 0 0
                                    51 O   -1 0 0

  34 O    1     1.8132     3.4264  115 TI   0 0 0
  34 O    1     2.2784     4.3056  116 TI   0 0 0
  34 O    4     2.7998     5.2908   55 O    0 1 0   61 O    0 0 0   88 O    0 0 0
                                    97 O    0 0 0
  34 O    4     2.8111     5.3122    2 BA   0 1 0    8 BA   0 0 0   11 BA   0 1 0
                                    17 BA   0 0 0
  34 O    4     2.9016     5.4832   56 O    0 1 0   62 O    0 0 0   89 O    0 0 0
                                    98 O    0 0 0
  34 O    4     3.9692     7.5008   28 O    0 1 0   31 O    0 0 0   43 O    0 0 0
                                    52 O   -1 0 0

  35 O    1     1.8132     3.4264  116 TI   0 0 0
  35 O    1     2.2784     4.3056  117 TI   0 0 0
  35 O    4     2.7998     5.2908   56 O    0 1 0   62 O    0 0 0   89 O    0 0 0
                                    98 O    0 0 0
  35 O    4     2.8111     5.3122    3 BA   0 1 0    9 BA   0 0 0   12 BA   0 1 0
                                    18 BA   0 0 0
  35 O    4     2.9016     5.4832   57 O    0 1 0   63 O    0 0 0   90 O    0 0 0
                                    99 O    0 0 0
  35 O    4     3.9692     7.5008   29 O    0 1 0   32 O    0 0 0   44 O    0 0 0
                                    53 O   -1 0 0

  36 O    1     1.8132     3.4264  117 TI   0 0 0
  36 O    1     2.2784     4.3056  115 TI   0 0 1
  36 O    4     2.7998     5.2908   57 O    0 1 0   63 O    0 0 0   90 O    0 0 0
                                    99 O    0 0 0
  36 O    4     2.8111     5.3122    1 BA   0 1 1    7 BA   0 0 1   10 BA   0 1 1
                                    16 BA   0 0 1
  36 O    4     2.9016     5.4832   55 O    0 1 1   61 O    0 0 1   88 O    0 0 1
                                    97 O    0 0 1
  36 O    4     3.9692     7.5008   30 O    0 1 0   33 O    0 0 0   45 O    0 0 0
                                    54 O   -1 0 0

  37 O    1     1.8132     3.4264  118 TI   0 0 0
  37 O    1     2.2784     4.3056  119 TI   0 0 0
  37 O    4     2.7998     5.2908   64 O    0 0 0   67 O    0 0 0   91 O    0 0 0
                                   100 O    0 0 0
  37 O    4     2.8111     5.3122   11 BA   0 0 0   14 BA   0 0 0   20 BA   0 0 0
                                    23 BA   0 0 0
  37 O    4     2.9016     5.4832   65 O    0 0 0   68 O    0 0 0   92 O    0 0 0
                                   101 O    0 0 0
  37 O    4     3.9692     7.5008   28 O    0 0 0   40 O    0 0 0   43 O    0-1 0
                                    46 O    0 0 0

  38 O    1     1.8132     3.4264  119 TI   0 0 0
  38 O    1     2.2784     4.3056  120 TI   0 0 0
  38 O    4     2.7998     5.2908   65 O    0 0 0   68 O    0 0 0   92 O    0 0 0
                                   101 O    0 0 0
  38 O    4     2.8111     5.3122   12 BA   0 0 0   15 BA   0 0 0   21 BA   0 0 0
                                    24 BA   0 0 0
  38 O    4     2.9016     5.4832   66 O    0 0 0   69 O    0 0 0   93 O    0 0 0
                                   102 O    0 0 0
  38 O    4     3.9692     7.5008   29 O    0 0 0   41 O    0 0 0   44 O    0-1 0
                                    47 O    0 0 0

  39 O    1     1.8132     3.4264  120 TI   0 0 0
  39 O    1     2.2784     4.3056  118 TI   0 0 1
  39 O    4     2.7998     5.2908   66 O    0 0 0   69 O    0 0 0   93 O    0 0 0
                                   102 O    0 0 0
  39 O    4     2.8111     5.3122   10 BA   0 0 1   13 BA   0 0 1   19 BA   0 0 1
                                    22 BA   0 0 1
  39 O    4     2.9016     5.4832   64 O    0 0 1   67 O    0 0 1   91 O    0 0 1
                                   100 O    0 0 1
  39 O    4     3.9692     7.5008   30 O    0 0 0   42 O    0 0 0   45 O    0-1 0
                                    48 O    0 0 0

  40 O    1     1.8132     3.4264  121 TI   0 0 0
  40 O    1     2.2784     4.3056  122 TI   0 0 0
  40 O    4     2.7998     5.2908   67 O    0 0 0   70 O    0 0 0   94 O    0 0 0
                                   103 O    0 0 0
  40 O    4     2.8111     5.3122   14 BA   0 0 0   17 BA   0 0 0   23 BA   0 0 0
                                    26 BA   0 0 0
  40 O    4     2.9016     5.4832   68 O    0 0 0   71 O    0 0 0   95 O    0 0 0
                                   104 O    0 0 0
  40 O    4     3.9692     7.5008   31 O    0 0 0   37 O    0 0 0   43 O    0 0 0
                                    49 O    0 0 0

  41 O    1     1.8132     3.4264  122 TI   0 0 0
  41 O    1     2.2784     4.3056  123 TI   0 0 0
  41 O    4     2.7998     5.2908   68 O    0 0 0   71 O    0 0 0   95 O    0 0 0
                                   104 O    0 0 0
  41 O    4     2.8111     5.3122   15 BA   0 0 0   18 BA   0 0 0   24 BA   0 0 0
                                    27 BA   0 0 0
  41 O    4     2.9016     5.4832   69 O    0 0 0   72 O    0 0 0   96 O    0 0 0
                                   105 O    0 0 0
  41 O    4     3.9692     7.5008   32 O    0 0 0   38 O    0 0 0   44 O    0 0 0
                                    50 O    0 0 0

  42 O    1     1.8132     3.4264  123 TI   0 0 0
  42 O    1     2.2784     4.3056  121 TI   0 0 1
  42 O    4     2.7998     5.2908   69 O    0 0 0   72 O    0 0 0   96 O    0 0 0
                                   105 O    0 0 0
  42 O    4     2.8111     5.3122   13 BA   0 0 1   16 BA   0 0 1   22 BA   0 0 1
                                    25 BA   0 0 1
  42 O    4     2.9016     5.4832   67 O    0 0 1   70 O    0 0 1   94 O    0 0 1
                                   103 O    0 0 1
  42 O    4     3.9692     7.5008   33 O    0 0 0   39 O    0 0 0   45 O    0 0 0
                                    51 O    0 0 0

  43 O    1     1.8132     3.4264  124 TI   0 0 0
  43 O    1     2.2784     4.3056  125 TI   0 0 0
  43 O    4     2.7998     5.2908   64 O    0 1 0   70 O    0 0 0   97 O    0 0 0
                                   106 O    0 0 0
  43 O    4     2.8111     5.3122   11 BA   0 1 0   17 BA   0 0 0   20 BA   0 1 0
                                    26 BA   0 0 0
  43 O    4     2.9016     5.4832   65 O    0 1 0   71 O    0 0 0   98 O    0 0 0
                                   107 O    0 0 0
  43 O    4     3.9692     7.5008   34 O    0 0 0   37 O    0 1 0   40 O    0 0 0
                                    52 O    0 0 0

  44 O    1     1.8132     3.4264  125 TI   0 0 0
  44 O    1     2.2784     4.3056  126 TI   0 0 0
  44 O    4     2.7998     5.2908   65 O    0 1 0   71 O    0 0 0   98 O    0 0 0
                                   107 O    0 0 0
  44 O    4     2.8111     5.3122   12 BA   0 1 0   18 BA   0 0 0   21 BA   0 1 0
                                    27 BA   0 0 0
  44 O    4     2.9016     5.4832   66 O    0 1 0   72 O    0 0 0   99 O    0 0 0
                                   108 O    0 0 0
  44 O    4     3.9692     7.5008   35 O    0 0 0   38 O    0 1 0   41 O    0 0 0
                                    53 O    0 0 0

  45 O    1     1.8132     3.4264  126 TI   0 0 0
  45 O    1     2.2784     4.3056  124 TI   0 0 1
  45 O    4     2.7998     5.2908   66 O    0 1 0   72 O    0 0 0   99 O    0 0 0
                                   108 O    0 0 0
  45 O    4     2.8111     5.3122   10 BA   0 1 1   16 BA   0 0 1   19 BA   0 1 1
                                    25 BA   0 0 1
  45 O    4     2.9016     5.4832   64 O    0 1 1   70 O    0 0 1   97 O    0 0 1
                                   106 O    0 0 1
  45 O    4     3.9692     7.5008   36 O    0 0 0   39 O    0 1 0   42 O    0 0 0
                                    54 O    0 0 0

  46 O    1     1.8132     3.4264  127 TI   0 0 0
  46 O    1     2.2784     4.3056  128 TI   0 0 0
  46 O    4     2.7998     5.2908   73 O    0 0 0   76 O    0 0 0   82 O    1 0 0
                                   100 O    0 0 0
  46 O    4     2.8111     5.3122    2 BA   1 0 0    5 BA   1 0 0   20 BA   0 0 0
                                    23 BA   0 0 0
  46 O    4     2.9016     5.4832   74 O    0 0 0   77 O    0 0 0   83 O    1 0 0
                                   101 O    0 0 0
  46 O    4     3.9692     7.5008   28 O    1 0 0   37 O    0 0 0   49 O    0 0 0
                                    52 O    0-1 0

  47 O    1     1.8132     3.4264  128 TI   0 0 0
  47 O    1     2.2784     4.3056  129 TI   0 0 0
  47 O    4     2.7998     5.2908   74 O    0 0 0   77 O    0 0 0   83 O    1 0 0
                                   101 O    0 0 0
  47 O    4     2.8111     5.3122    3 BA   1 0 0    6 BA   1 0 0   21 BA   0 0 0
                                    24 BA   0 0 0
  47 O    4     2.9016     5.4832   75 O    0 0 0   78 O    0 0 0   84 O    1 0 0
                                   102 O    0 0 0
  47 O    4     3.9692     7.5008   29 O    1 0 0   38 O    0 0 0   50 O    0 0 0
                                    53 O    0-1 0

  48 O    1     1.8132     3.4264  129 TI   0 0 0
  48 O    1     2.2784     4.3056  127 TI   0 0 1
  48 O    4     2.7998     5.2908   75 O    0 0 0   78 O    0 0 0   84 O    1 0 0
                                   102 O    0 0 0
  48 O    4     2.8111     5.3122    1 BA   1 0 1    4 BA   1 0 1   19 BA   0 0 1
                                    22 BA   0 0 1
  48 O    4     2.9016     5.4832   73 O    0 0 1   76 O    0 0 1   82 O    1 0 1
                                   100 O    0 0 1
  48 O    4     3.9692     7.5008   30 O    1 0 0   39 O    0 0 0   51 O    0 0 0
                                    54 O    0-1 0

  49 O    1     1.8132     3.4264  130 TI   0 0 0
  49 O    1     2.2784     4.3056  131 TI   0 0 0
  49 O    4     2.7998     5.2908   76 O    0 0 0   79 O    0 0 0   85 O    1 0 0
                                   103 O    0 0 0
  49 O    4     2.8111     5.3122    5 BA   1 0 0    8 BA   1 0 0   23 BA   0 0 0
                                    26 BA   0 0 0
  49 O    4     2.9016     5.4832   77 O    0 0 0   80 O    0 0 0   86 O    1 0 0
                                   104 O    0 0 0
  49 O    4     3.9692     7.5008   31 O    1 0 0   40 O    0 0 0   46 O    0 0 0
                                    52 O    0 0 0

  50 O    1     1.8132     3.4264  131 TI   0 0 0
  50 O    1     2.2784     4.3056  132 TI   0 0 0
  50 O    4     2.7998     5.2908   77 O    0 0 0   80 O    0 0 0   86 O    1 0 0
                                   104 O    0 0 0
  50 O    4     2.8111     5.3122    6 BA   1 0 0    9 BA   1 0 0   24 BA   0 0 0
                                    27 BA   0 0 0
  50 O    4     2.9016     5.4832   78 O    0 0 0   81 O    0 0 0   87 O    1 0 0
                                   105 O    0 0 0
  50 O    4     3.9692     7.5008   32 O    1 0 0   41 O    0 0 0   47 O    0 0 0
                                    53 O    0 0 0

  51 O    1     1.8132     3.4264  132 TI   0 0 0
  51 O    1     2.2784     4.3056  130 TI   0 0 1
  51 O    4     2.7998     5.2908   78 O    0 0 0   81 O    0 0 0   87 O    1 0 0
                                   105 O    0 0 0
  51 O    4     2.8111     5.3122    4 BA   1 0 1    7 BA   1 0 1   22 BA   0 0 1
                                    25 BA   0 0 1
  51 O    4     2.9016     5.4832   76 O    0 0 1   79 O    0 0 1   85 O    1 0 1
                                   103 O    0 0 1
  51 O    4     3.9692     7.5008   33 O    1 0 0   42 O    0 0 0   48 O    0 0 0
                                    54 O    0 0 0

  52 O    1     1.8132     3.4264  133 TI   0 0 0
  52 O    1     2.2784     4.3056  134 TI   0 0 0
  52 O    4     2.7998     5.2908   73 O    0 1 0   79 O    0 0 0   88 O    1 0 0
                                   106 O    0 0 0
  52 O    4     2.8111     5.3122    2 BA   1 1 0    8 BA   1 0 0   20 BA   0 1 0
                                    26 BA   0 0 0
  52 O    4     2.9016     5.4832   74 O    0 1 0   80 O    0 0 0   89 O    1 0 0
                                   107 O    0 0 0
  52 O    4     3.9692     7.5008   34 O    1 0 0   43 O    0 0 0   46 O    0 1 0
                                    49 O    0 0 0

  53 O    1     1.8132     3.4264  134 TI   0 0 0
  53 O    1     2.2784     4.3056  135 TI   0 0 0
  53 O    4     2.7998     5.2908   74 O    0 1 0   80 O    0 0 0   89 O    1 0 0
                                   107 O    0 0 0
  53 O    4     2.8111     5.3122    3 BA   1 1 0    9 BA   1 0 0   21 BA   0 1 0
                                    27 BA   0 0 0
  53 O    4     2.9016     5.4832   75 O    0 1 0   81 O    0 0 0   90 O    1 0 0
                                   108 O    0 0 0
  53 O    4     3.9692     7.5008   35 O    1 0 0   44 O    0 0 0   47 O    0 1 0
                                    50 O    0 0 0

  54 O    1     1.8132     3.4264  135 TI   0 0 0
  54 O    1     2.2784     4.3056  133 TI   0 0 1
  54 O    4     2.7998     5.2908   75 O    0 1 0   81 O    0 0 0   90 O    1 0 0
                                   108 O    0 0 0
  54 O    4     2.8111     5.3122    1 BA   1 1 1    7 BA   1 0 1   19 BA   0 1 1
                                    25 BA   0 0 1
  54 O    4     2.9016     5.4832   73 O    0 1 1   79 O    0 0 1   88 O    1 0 1
                                   106 O    0 0 1
  54 O    4     3.9692     7.5008   36 O    1 0 0   45 O    0 0 0   48 O    0 1 0
                                    51 O    0 0 0

  55 O    1     1.9904     3.7613  109 TI   0 0 0
  55 O    1     1.9912     3.7628  115 TI   0-1 0
  55 O    2     2.7890     5.2705    1 BA   0 0 0   10 BA   0 0 0
  55 O    2     2.7998     5.2908   28 O    0 0 0   34 O    0-1 0
  55 O    4     2.8067     5.3039   82 O    0 0 0   88 O    0-1 0   91 O    0 0 0
                                    97 O    0-1 0
  55 O    2     2.9016     5.4832   30 O    0 0-1   36 O    0-1-1

  56 O    2     1.9912     3.7628  110 TI   0 0 0  116 TI   0-1 0
  56 O    2     2.7890     5.2705    2 BA   0 0 0   11 BA   0 0 0
  56 O    2     2.7998     5.2908   29 O    0 0 0   35 O    0-1 0
  56 O    4     2.8067     5.3039   83 O    0 0 0   89 O    0-1 0   92 O    0 0 0
                                    98 O    0-1 0
  56 O    2     2.9016     5.4832   28 O    0 0 0   34 O    0-1 0
  56 O    2     2.9128     5.5043    3 BA   0 0 0   12 BA   0 0 0

  57 O    2     1.9912     3.7628  111 TI   0 0 0  117 TI   0-1 0
  57 O    2     2.7890     5.2705    3 BA   0 0 0   12 BA   0 0 0
  57 O    2     2.7998     5.2908   30 O    0 0 0   36 O    0-1 0
  57 O    4     2.8067     5.3039   84 O    0 0 0   90 O    0-1 0   93 O    0 0 0
                                    99 O    0-1 0
  57 O    2     2.9016     5.4832   29 O    0 0 0   35 O    0-1 0
  57 O    2     2.9128     5.5043    1 BA   0 0 1   10 BA   0 0 1

  58 O    1     1.9904     3.7613  109 TI   0 0 0
  58 O    1     1.9912     3.7628  112 TI   0 0 0
  58 O    2     2.7890     5.2705    4 BA   0 0 0   13 BA   0 0 0
  58 O    2     2.7998     5.2908   28 O    0 0 0   31 O    0 0 0
  58 O    4     2.8067     5.3039   82 O    0 0 0   85 O    0 0 0   91 O    0 0 0
                                    94 O    0 0 0
  58 O    2     2.9016     5.4832   30 O    0 0-1   33 O    0 0-1

  59 O    2     1.9912     3.7628  110 TI   0 0 0  113 TI   0 0 0
  59 O    2     2.7890     5.2705    5 BA   0 0 0   14 BA   0 0 0
  59 O    2     2.7998     5.2908   29 O    0 0 0   32 O    0 0 0
  59 O    4     2.8067     5.3039   83 O    0 0 0   86 O    0 0 0   92 O    0 0 0
                                    95 O    0 0 0
  59 O    2     2.9016     5.4832   28 O    0 0 0   31 O    0 0 0
  59 O    2     2.9128     5.5043    6 BA   0 0 0   15 BA   0 0 0

  60 O    2     1.9912     3.7628  111 TI   0 0 0  114 TI   0 0 0
  60 O    2     2.7890     5.2705    6 BA   0 0 0   15 BA   0 0 0
  60 O    2     2.7998     5.2908   30 O    0 0 0   33 O    0 0 0
  60 O    4     2.8067     5.3039   84 O    0 0 0   87 O    0 0 0   93 O    0 0 0
                                    96 O    0 0 0
  60 O    2     2.9016     5.4832   29 O    0 0 0   32 O    0 0 0
  60 O    2     2.9128     5.5043    4 BA   0 0 1   13 BA   0 0 1

  61 O    2     1.9912     3.7628  112 TI   0 0 0  115 TI   0 0 0
  61 O    2     2.7890     5.2705    7 BA   0 0 0   16 BA   0 0 0
  61 O    2     2.7998     5.2908   31 O    0 0 0   34 O    0 0 0
  61 O    4     2.8067     5.3039   85 O    0 0 0   88 O    0 0 0   94 O    0 0 0
                                    97 O    0 0 0
  61 O    2     2.9016     5.4832   33 O    0 0-1   36 O    0 0-1
  61 O    2     2.9128     5.5043    8 BA   0 0 0   17 BA   0 0 0

  62 O    2     1.9912     3.7628  113 TI   0 0 0  116 TI   0 0 0
  62 O    2     2.7890     5.2705    8 BA   0 0 0   17 BA   0 0 0
  62 O    2     2.7998     5.2908   32 O    0 0 0   35 O    0 0 0
  62 O    4     2.8067     5.3039   86 O    0 0 0   89 O    0 0 0   95 O    0 0 0
                                    98 O    0 0 0
  62 O    2     2.9016     5.4832   31 O    0 0 0   34 O    0 0 0
  62 O    2     2.9128     5.5043    9 BA   0 0 0   18 BA   0 0 0

  63 O    2     1.9912     3.7628  114 TI   0 0 0  117 TI   0 0 0
  63 O    2     2.7890     5.2705    9 BA   0 0 0   18 BA   0 0 0
  63 O    2     2.7998     5.2908   33 O    0 0 0   36 O    0 0 0
  63 O    4     2.8067     5.3039   87 O    0 0 0   90 O    0 0 0   96 O    0 0 0
                                    99 O    0 0 0
  63 O    2     2.9016     5.4832   32 O    0 0 0   35 O    0 0 0
  63 O    2     2.9128     5.5043    7 BA   0 0 1   16 BA   0 0 1

  64 O    2     1.9912     3.7628  118 TI   0 0 0  124 TI   0-1 0
  64 O    2     2.7890     5.2705   10 BA   0 0 0   19 BA   0 0 0
  64 O    2     2.7998     5.2908   37 O    0 0 0   43 O    0-1 0
  64 O    4     2.8067     5.3039   91 O    0 0 0   97 O    0-1 0  100 O    0 0 0
                                   106 O    0-1 0
  64 O    2     2.9016     5.4832   39 O    0 0-1   45 O    0-1-1
  64 O    2     2.9128     5.5043   11 BA   0 0 0   20 BA   0 0 0

  65 O    2     1.9912     3.7628  119 TI   0 0 0  125 TI   0-1 0
  65 O    2     2.7890     5.2705   11 BA   0 0 0   20 BA   0 0 0
  65 O    2     2.7998     5.2908   38 O    0 0 0   44 O    0-1 0
  65 O    4     2.8067     5.3039   92 O    0 0 0   98 O    0-1 0  101 O    0 0 0
                                   107 O    0-1 0
  65 O    2     2.9016     5.4832   37 O    0 0 0   43 O    0-1 0
  65 O    2     2.9128     5.5043   12 BA   0 0 0   21 BA   0 0 0

  66 O    2     1.9912     3.7628  120 TI   0 0 0  126 TI   0-1 0
  66 O    2     2.7890     5.2705   12 BA   0 0 0   21 BA   0 0 0
  66 O    2     2.7998     5.2908   39 O    0 0 0   45 O    0-1 0
  66 O    4     2.8067     5.3039   93 O    0 0 0   99 O    0-1 0  102 O    0 0 0
                                   108 O    0-1 0
  66 O    2     2.9016     5.4832   38 O    0 0 0   44 O    0-1 0
  66 O    2     2.9128     5.5043   10 BA   0 0 1   19 BA   0 0 1

  67 O    2     1.9912     3.7628  118 TI   0 0 0  121 TI   0 0 0
  67 O    2     2.7890     5.2705   13 BA   0 0 0   22 BA   0 0 0
  67 O    2     2.7998     5.2908   37 O    0 0 0   40 O    0 0 0
  67 O    4     2.8067     5.3039   91 O    0 0 0   94 O    0 0 0  100 O    0 0 0
                                   103 O    0 0 0
  67 O    2     2.9016     5.4832   39 O    0 0-1   42 O    0 0-1
  67 O    2     2.9128     5.5043   14 BA   0 0 0   23 BA   0 0 0

  68 O    2     1.9912     3.7628  119 TI   0 0 0  122 TI   0 0 0
  68 O    2     2.7890     5.2705   14 BA   0 0 0   23 BA   0 0 0
  68 O    2     2.7998     5.2908   38 O    0 0 0   41 O    0 0 0
  68 O    4     2.8067     5.3039   92 O    0 0 0   95 O    0 0 0  101 O    0 0 0
                                   104 O    0 0 0
  68 O    2     2.9016     5.4832   37 O    0 0 0   40 O    0 0 0
  68 O    2     2.9128     5.5043   15 BA   0 0 0   24 BA   0 0 0

  69 O    2     1.9912     3.7628  120 TI   0 0 0  123 TI   0 0 0
  69 O    2     2.7890     5.2705   15 BA   0 0 0   24 BA   0 0 0
  69 O    2     2.7998     5.2908   39 O    0 0 0   42 O    0 0 0
  69 O    4     2.8067     5.3039   93 O    0 0 0   96 O    0 0 0  102 O    0 0 0
                                   105 O    0 0 0
  69 O    2     2.9016     5.4832   38 O    0 0 0   41 O    0 0 0
  69 O    2     2.9128     5.5043   13 BA   0 0 1   22 BA   0 0 1

  70 O    2     1.9912     3.7628  121 TI   0 0 0  124 TI   0 0 0
  70 O    2     2.7890     5.2705   16 BA   0 0 0   25 BA   0 0 0
  70 O    2     2.7998     5.2908   40 O    0 0 0   43 O    0 0 0
  70 O    4     2.8067     5.3039   94 O    0 0 0   97 O    0 0 0  103 O    0 0 0
                                   106 O    0 0 0
  70 O    2     2.9016     5.4832   42 O    0 0-1   45 O    0 0-1
  70 O    2     2.9128     5.5043   17 BA   0 0 0   26 BA   0 0 0

  71 O    2     1.9912     3.7628  122 TI   0 0 0  125 TI   0 0 0
  71 O    2     2.7890     5.2705   17 BA   0 0 0   26 BA   0 0 0
  71 O    2     2.7998     5.2908   41 O    0 0 0   44 O    0 0 0
  71 O    4     2.8067     5.3039   95 O    0 0 0   98 O    0 0 0  104 O    0 0 0
                                   107 O    0 0 0
  71 O    2     2.9016     5.4832   40 O    0 0 0   43 O    0 0 0
  71 O    2     2.9128     5.5043   18 BA   0 0 0   27 BA   0 0 0

  72 O    2     1.9912     3.7628  123 TI   0 0 0  126 TI   0 0 0
  72 O    2     2.7890     5.2705   18 BA   0 0 0   27 BA   0 0 0
  72 O    2     2.7998     5.2908   42 O    0 0 0   45 O    0 0 0
  72 O    4     2.8067     5.3039   96 O    0 0 0   99 O    0 0 0  105 O    0 0 0
                                   108 O    0 0 0
  72 O    2     2.9016     5.4832   41 O    0 0 0   44 O    0 0 0
  72 O    2     2.9128     5.5043   16 BA   0 0 1   25 BA   0 0 1

  73 O    2     1.9912     3.7628  127 TI   0 0 0  133 TI   0-1 0
  73 O    2     2.7890     5.2705    1 BA   1 0 0   19 BA   0 0 0
  73 O    2     2.7998     5.2908   46 O    0 0 0   52 O    0-1 0
  73 O    4     2.8067     5.3039   82 O    1 0 0   88 O    1-1 0  100 O    0 0 0
                                   106 O    0-1 0
  73 O    2     2.9016     5.4832   48 O    0 0-1   54 O    0-1-1
  73 O    2     2.9128     5.5043    2 BA   1 0 0   20 BA   0 0 0

  74 O    2     1.9912     3.7628  128 TI   0 0 0  134 TI   0-1 0
  74 O    2     2.7890     5.2705    2 BA   1 0 0   20 BA   0 0 0
  74 O    2     2.7998     5.2908   47 O    0 0 0   53 O    0-1 0
  74 O    4     2.8067     5.3039   83 O    1 0 0   89 O    1-1 0  101 O    0 0 0
                                   107 O    0-1 0
  74 O    2     2.9016     5.4832   46 O    0 0 0   52 O    0-1 0
  74 O    2     2.9128     5.5043    3 BA   1 0 0   21 BA   0 0 0

  75 O    2     1.9912     3.7628  129 TI   0 0 0  135 TI   0-1 0
  75 O    2     2.7890     5.2705    3 BA   1 0 0   21 BA   0 0 0
  75 O    2     2.7998     5.2908   48 O    0 0 0   54 O    0-1 0
  75 O    4     2.8067     5.3039   84 O    1 0 0   90 O    1-1 0  102 O    0 0 0
                                   108 O    0-1 0
  75 O    2     2.9016     5.4832   47 O    0 0 0   53 O    0-1 0
  75 O    2     2.9128     5.5043    1 BA   1 0 1   19 BA   0 0 1

  76 O    2     1.9912     3.7628  127 TI   0 0 0  130 TI   0 0 0
  76 O    2     2.7890     5.2705    4 BA   1 0 0   22 BA   0 0 0
  76 O    2     2.7998     5.2908   46 O    0 0 0   49 O    0 0 0
  76 O    4     2.8067     5.3039   82 O    1 0 0   85 O    1 0 0  100 O    0 0 0
                                   103 O    0 0 0
  76 O    2     2.9016     5.4832   48 O    0 0-1   51 O    0 0-1
  76 O    2     2.9128     5.5043    5 BA   1 0 0   23 BA   0 0 0

  77 O    2     1.9912     3.7628  128 TI   0 0 0  131 TI   0 0 0
  77 O    2     2.7890     5.2705    5 BA   1 0 0   23 BA   0 0 0
  77 O    2     2.7998     5.2908   47 O    0 0 0   50 O    0 0 0
  77 O    4     2.8067     5.3039   83 O    1 0 0   86 O    1 0 0  101 O    0 0 0
                                   104 O    0 0 0
  77 O    2     2.9016     5.4832   46 O    0 0 0   49 O    0 0 0
  77 O    2     2.9128     5.5043    6 BA   1 0 0   24 BA   0 0 0

  78 O    2     1.9912     3.7628  129 TI   0 0 0  132 TI   0 0 0
  78 O    2     2.7890     5.2705    6 BA   1 0 0   24 BA   0 0 0
  78 O    2     2.7998     5.2908   48 O    0 0 0   51 O    0 0 0
  78 O    4     2.8067     5.3039   84 O    1 0 0   87 O    1 0 0  102 O    0 0 0
                                   105 O    0 0 0
  78 O    2     2.9016     5.4832   47 O    0 0 0   50 O    0 0 0
  78 O    2     2.9128     5.5043    4 BA   1 0 1   22 BA   0 0 1

  79 O    2     1.9912     3.7628  130 TI   0 0 0  133 TI   0 0 0
  79 O    2     2.7890     5.2705    7 BA   1 0 0   25 BA   0 0 0
  79 O    2     2.7998     5.2908   49 O    0 0 0   52 O    0 0 0
  79 O    4     2.8067     5.3039   85 O    1 0 0   88 O    1 0 0  103 O    0 0 0
                                   106 O    0 0 0
  79 O    2     2.9016     5.4832   51 O    0 0-1   54 O    0 0-1
  79 O    2     2.9128     5.5043    8 BA   1 0 0   26 BA   0 0 0

  80 O    2     1.9912     3.7628  131 TI   0 0 0  134 TI   0 0 0
  80 O    2     2.7890     5.2705    8 BA   1 0 0   26 BA   0 0 0
  80 O    2     2.7998     5.2908   50 O    0 0 0   53 O    0 0 0
  80 O    4     2.8067     5.3039   86 O    1 0 0   89 O    1 0 0  104 O    0 0 0
                                   107 O    0 0 0
  80 O    2     2.9016     5.4832   49 O    0 0 0   52 O    0 0 0
  80 O    2     2.9128     5.5043    9 BA   1 0 0   27 BA   0 0 0

  81 O    2     1.9912     3.7628  132 TI   0 0 0  135 TI   0 0 0
  81 O    2     2.7890     5.2705    9 BA   1 0 0   27 BA   0 0 0
  81 O    2     2.7998     5.2908   51 O    0 0 0   54 O    0 0 0
  81 O    4     2.8067     5.3039   87 O    1 0 0   90 O    1 0 0  105 O    0 0 0
                                   108 O    0 0 0
  81 O    2     2.9016     5.4832   50 O    0 0 0   53 O    0 0 0
  81 O    2     2.9128     5.5043    7 BA   1 0 1   25 BA   0 0 1

  82 O    1     1.9904     3.7613  109 TI   0 0 0
  82 O    1     1.9912     3.7628  127 TI  -1 0 0
  82 O    2     2.7890     5.2705    1 BA   0 0 0    4 BA   0 0 0
  82 O    2     2.7998     5.2908   28 O    0 0 0   46 O   -1 0 0
  82 O    4     2.8067     5.3039   55 O    0 0 0   58 O    0 0 0   73 O   -1 0 0
                                    76 O   -1 0 0
  82 O    2     2.9016     5.4832   30 O    0 0-1   48 O   -1 0-1

  83 O    2     1.9912     3.7628  110 TI   0 0 0  128 TI  -1 0 0
  83 O    2     2.7890     5.2705    2 BA   0 0 0    5 BA   0 0 0
  83 O    2     2.7998     5.2908   29 O    0 0 0   47 O   -1 0 0
  83 O    4     2.8067     5.3039   56 O    0 0 0   59 O    0 0 0   74 O   -1 0 0
                                    77 O   -1 0 0
  83 O    2     2.9016     5.4832   28 O    0 0 0   46 O   -1 0 0
  83 O    2     2.9128     5.5043    3 BA   0 0 0    6 BA   0 0 0

  84 O    2     1.9912     3.7628  111 TI   0 0 0  129 TI  -1 0 0
  84 O    2     2.7890     5.2705    3 BA   0 0 0    6 BA   0 0 0
  84 O    2     2.7998     5.2908   30 O    0 0 0   48 O   -1 0 0
  84 O    4     2.8067     5.3039   57 O    0 0 0   60 O    0 0 0   75 O   -1 0 0
                                    78 O   -1 0 0
  84 O    2     2.9016     5.4832   29 O    0 0 0   47 O   -1 0 0
  84 O    2     2.9128     5.5043    1 BA   0 0 1    4 BA   0 0 1

  85 O    2     1.9912     3.7628  112 TI   0 0 0  130 TI  -1 0 0
  85 O    2     2.7890     5.2705    4 BA   0 0 0    7 BA   0 0 0
  85 O    2     2.7998     5.2908   31 O    0 0 0   49 O   -1 0 0
  85 O    4     2.8067     5.3039   58 O    0 0 0   61 O    0 0 0   76 O   -1 0 0
                                    79 O   -1 0 0
  85 O    2     2.9016     5.4832   33 O    0 0-1   51 O   -1 0-1
  85 O    2     2.9128     5.5043    5 BA   0 0 0    8 BA   0 0 0

  86 O    2     1.9912     3.7628  113 TI   0 0 0  131 TI  -1 0 0
  86 O    2     2.7890     5.2705    5 BA   0 0 0    8 BA   0 0 0
  86 O    2     2.7998     5.2908   32 O    0 0 0   50 O   -1 0 0
  86 O    4     2.8067     5.3039   59 O    0 0 0   62 O    0 0 0   77 O   -1 0 0
                                    80 O   -1 0 0
  86 O    2     2.9016     5.4832   31 O    0 0 0   49 O   -1 0 0
  86 O    2     2.9128     5.5043    6 BA   0 0 0    9 BA   0 0 0

  87 O    2     1.9912     3.7628  114 TI   0 0 0  132 TI  -1 0 0
  87 O    2     2.7890     5.2705    6 BA   0 0 0    9 BA   0 0 0
  87 O    2     2.7998     5.2908   33 O    0 0 0   51 O   -1 0 0
  87 O    4     2.8067     5.3039   60 O    0 0 0   63 O    0 0 0   78 O   -1 0 0
                                    81 O   -1 0 0
  87 O    2     2.9016     5.4832   32 O    0 0 0   50 O   -1 0 0
  87 O    2     2.9128     5.5043    4 BA   0 0 1    7 BA   0 0 1

  88 O    2     1.9912     3.7628  115 TI   0 0 0  133 TI  -1 0 0
  88 O    2     2.7890     5.2705    1 BA   0 1 0    7 BA   0 0 0
  88 O    2     2.7998     5.2908   34 O    0 0 0   52 O   -1 0 0
  88 O    4     2.8067     5.3039   55 O    0 1 0   61 O    0 0 0   73 O   -1 1 0
                                    79 O   -1 0 0
  88 O    2     2.9016     5.4832   36 O    0 0-1   54 O   -1 0-1
  88 O    2     2.9128     5.5043    2 BA   0 1 0    8 BA   0 0 0

  89 O    2     1.9912     3.7628  116 TI   0 0 0  134 TI  -1 0 0
  89 O    2     2.7890     5.2705    2 BA   0 1 0    8 BA   0 0 0
  89 O    2     2.7998     5.2908   35 O    0 0 0   53 O   -1 0 0
  89 O    4     2.8067     5.3039   56 O    0 1 0   62 O    0 0 0   74 O   -1 1 0
                                    80 O   -1 0 0
  89 O    2     2.9016     5.4832   34 O    0 0 0   52 O   -1 0 0
  89 O    2     2.9128     5.5043    3 BA   0 1 0    9 BA   0 0 0

  90 O    2     1.9912     3.7628  117 TI   0 0 0  135 TI  -1 0 0
  90 O    2     2.7890     5.2705    3 BA   0 1 0    9 BA   0 0 0
  90 O    2     2.7998     5.2908   36 O    0 0 0   54 O   -1 0 0
  90 O    4     2.8067     5.3039   57 O    0 1 0   63 O    0 0 0   75 O   -1 1 0
                                    81 O   -1 0 0
  90 O    2     2.9016     5.4832   35 O    0 0 0   53 O   -1 0 0
  90 O    2     2.9128     5.5043    1 BA   0 1 1    7 BA   0 0 1

  91 O    1     1.9904     3.7613  109 TI   0 0 0
  91 O    1     1.9912     3.7628  118 TI   0 0 0
  91 O    2     2.7890     5.2705   10 BA   0 0 0   13 BA   0 0 0
  91 O    2     2.7998     5.2908   28 O    0 0 0   37 O    0 0 0
  91 O    4     2.8067     5.3039   55 O    0 0 0   58 O    0 0 0   64 O    0 0 0
                                    67 O    0 0 0
  91 O    2     2.9016     5.4832   30 O    0 0-1   39 O    0 0-1

  92 O    2     1.9912     3.7628  110 TI   0 0 0  119 TI   0 0 0
  92 O    2     2.7890     5.2705   11 BA   0 0 0   14 BA   0 0 0
  92 O    2     2.7998     5.2908   29 O    0 0 0   38 O    0 0 0
  92 O    4     2.8067     5.3039   56 O    0 0 0   59 O    0 0 0   65 O    0 0 0
                                    68 O    0 0 0
  92 O    2     2.9016     5.4832   28 O    0 0 0   37 O    0 0 0
  92 O    2     2.9128     5.5043   12 BA   0 0 0   15 BA   0 0 0

  93 O    2     1.9912     3.7628  111 TI   0 0 0  120 TI   0 0 0
  93 O    2     2.7890     5.2705   12 BA   0 0 0   15 BA   0 0 0
  93 O    2     2.7998     5.2908   30 O    0 0 0   39 O    0 0 0
  93 O    4     2.8067     5.3039   57 O    0 0 0   60 O    0 0 0   66 O    0 0 0
                                    69 O    0 0 0
  93 O    2     2.9016     5.4832   29 O    0 0 0   38 O    0 0 0
  93 O    2     2.9128     5.5043   10 BA   0 0 1   13 BA   0 0 1

  94 O    2     1.9912     3.7628  112 TI   0 0 0  121 TI   0 0 0
  94 O    2     2.7890     5.2705   13 BA   0 0 0   16 BA   0 0 0
  94 O    2     2.7998     5.2908   31 O    0 0 0   40 O    0 0 0
  94 O    4     2.8067     5.3039   58 O    0 0 0   61 O    0 0 0   67 O    0 0 0
                                    70 O    0 0 0
  94 O    2     2.9016     5.4832   33 O    0 0-1   42 O    0 0-1
  94 O    2     2.9128     5.5043   14 BA   0 0 0   17 BA   0 0 0

  95 O    2     1.9912     3.7628  113 TI   0 0 0  122 TI   0 0 0
  95 O    2     2.7890     5.2705   14 BA   0 0 0   17 BA   0 0 0
  95 O    2     2.7998     5.2908   32 O    0 0 0   41 O    0 0 0
  95 O    4     2.8067     5.3039   59 O    0 0 0   62 O    0 0 0   68 O    0 0 0
                                    71 O    0 0 0
  95 O    2     2.9016     5.4832   31 O    0 0 0   40 O    0 0 0
  95 O    2     2.9128     5.5043   15 BA   0 0 0   18 BA   0 0 0

  96 O    2     1.9912     3.7628  114 TI   0 0 0  123 TI   0 0 0
  96 O    2     2.7890     5.2705   15 BA   0 0 0   18 BA   0 0 0
  96 O    2     2.7998     5.2908   33 O    0 0 0   42 O    0 0 0
  96 O    4     2.8067     5.3039   60 O    0 0 0   63 O    0 0 0   69 O    0 0 0
                                    72 O    0 0 0
  96 O    2     2.9016     5.4832   32 O    0 0 0   41 O    0 0 0
  96 O    2     2.9128     5.5043   13 BA   0 0 1   16 BA   0 0 1

  97 O    2     1.9912     3.7628  115 TI   0 0 0  124 TI   0 0 0
  97 O    2     2.7890     5.2705   10 BA   0 1 0   16 BA   0 0 0
  97 O    2     2.7998     5.2908   34 O    0 0 0   43 O    0 0 0
  97 O    4     2.8067     5.3039   55 O    0 1 0   61 O    0 0 0   64 O    0 1 0
                                    70 O    0 0 0
  97 O    2     2.9016     5.4832   36 O    0 0-1   45 O    0 0-1
  97 O    2     2.9128     5.5043   11 BA   0 1 0   17 BA   0 0 0

  98 O    2     1.9912     3.7628  116 TI   0 0 0  125 TI   0 0 0
  98 O    2     2.7890     5.2705   11 BA   0 1 0   17 BA   0 0 0
  98 O    2     2.7998     5.2908   35 O    0 0 0   44 O    0 0 0
  98 O    4     2.8067     5.3039   56 O    0 1 0   62 O    0 0 0   65 O    0 1 0
                                    71 O    0 0 0
  98 O    2     2.9016     5.4832   34 O    0 0 0   43 O    0 0 0
  98 O    2     2.9128     5.5043   12 BA   0 1 0   18 BA   0 0 0

  99 O    2     1.9912     3.7628  117 TI   0 0 0  126 TI   0 0 0
  99 O    2     2.7890     5.2705   12 BA   0 1 0   18 BA   0 0 0
  99 O    2     2.7998     5.2908   36 O    0 0 0   45 O    0 0 0
  99 O    4     2.8067     5.3039   57 O    0 1 0   63 O    0 0 0   66 O    0 1 0
                                    72 O    0 0 0
  99 O    2     2.9016     5.4832   35 O    0 0 0   44 O    0 0 0
  99 O    2     2.9128     5.5043   10 BA   0 1 1   16 BA   0 0 1

 100 O    2     1.9912     3.7628  118 TI   0 0 0  127 TI   0 0 0
 100 O    2     2.7890     5.2705   19 BA   0 0 0   22 BA   0 0 0
 100 O    2     2.7998     5.2908   37 O    0 0 0   46 O    0 0 0
 100 O    4     2.8067     5.3039   64 O    0 0 0   67 O    0 0 0   73 O    0 0 0
                                    76 O    0 0 0
 100 O    2     2.9016     5.4832   39 O    0 0-1   48 O    0 0-1
 100 O    2     2.9128     5.5043   20 BA   0 0 0   23 BA   0 0 0

 101 O    2     1.9912     3.7628  119 TI   0 0 0  128 TI   0 0 0
 101 O    2     2.7890     5.2705   20 BA   0 0 0   23 BA   0 0 0
 101 O    2     2.7998     5.2908   38 O    0 0 0   47 O    0 0 0
 101 O    4     2.8067     5.3039   65 O    0 0 0   68 O    0 0 0   74 O    0 0 0
                                    77 O    0 0 0
 101 O    2     2.9016     5.4832   37 O    0 0 0   46 O    0 0 0
 101 O    2     2.9128     5.5043   21 BA   0 0 0   24 BA   0 0 0

 102 O    2     1.9912     3.7628  120 TI   0 0 0  129 TI   0 0 0
 102 O    2     2.7890     5.2705   21 BA   0 0 0   24 BA   0 0 0
 102 O    2     2.7998     5.2908   39 O    0 0 0   48 O    0 0 0
 102 O    4     2.8067     5.3039   66 O    0 0 0   69 O    0 0 0   75 O    0 0 0
                                    78 O    0 0 0
 102 O    2     2.9016     5.4832   38 O    0 0 0   47 O    0 0 0
 102 O    2     2.9128     5.5043   19 BA   0 0 1   22 BA   0 0 1

 103 O    2     1.9912     3.7628  121 TI   0 0 0  130 TI   0 0 0
 103 O    2     2.7890     5.2705   22 BA   0 0 0   25 BA   0 0 0
 103 O    2     2.7998     5.2908   40 O    0 0 0   49 O    0 0 0
 103 O    4     2.8067     5.3039   67 O    0 0 0   70 O    0 0 0   76 O    0 0 0
                                    79 O    0 0 0
 103 O    2     2.9016     5.4832   42 O    0 0-1   51 O    0 0-1
 103 O    2     2.9128     5.5043   23 BA   0 0 0   26 BA   0 0 0

 104 O    2     1.9912     3.7628  122 TI   0 0 0  131 TI   0 0 0
 104 O    2     2.7890     5.2705   23 BA   0 0 0   26 BA   0 0 0
 104 O    2     2.7998     5.2908   41 O    0 0 0   50 O    0 0 0
 104 O    4     2.8067     5.3039   68 O    0 0 0   71 O    0 0 0   77 O    0 0 0
                                    80 O    0 0 0
 104 O    2     2.9016     5.4832   40 O    0 0 0   49 O    0 0 0
 104 O    2     2.9128     5.5043   24 BA   0 0 0   27 BA   0 0 0

 105 O    2     1.9912     3.7628  123 TI   0 0 0  132 TI   0 0 0
 105 O    2     2.7890     5.2705   24 BA   0 0 0   27 BA   0 0 0
 105 O    2     2.7998     5.2908   42 O    0 0 0   51 O    0 0 0
 105 O    4     2.8067     5.3039   69 O    0 0 0   72 O    0 0 0   78 O    0 0 0
                                    81 O    0 0 0
 105 O    2     2.9016     5.4832   41 O    0 0 0   50 O    0 0 0
 105 O    2     2.9128     5.5043   22 BA   0 0 1   25 BA   0 0 1

 106 O    2     1.9912     3.7628  124 TI   0 0 0  133 TI   0 0 0
 106 O    2     2.7890     5.2705   19 BA   0 1 0   25 BA   0 0 0
 106 O    2     2.7998     5.2908   43 O    0 0 0   52 O    0 0 0
 106 O    4     2.8067     5.3039   64 O    0 1 0   70 O    0 0 0   73 O    0 1 0
                                    79 O    0 0 0
 106 O    2     2.9016     5.4832   45 O    0 0-1   54 O    0 0-1
 106 O    2     2.9128     5.5043   20 BA   0 1 0   26 BA   0 0 0

 107 O    2     1.9912     3.7628  125 TI   0 0 0  134 TI   0 0 0
 107 O    2     2.7890     5.2705   20 BA   0 1 0   26 BA   0 0 0
 107 O    2     2.7998     5.2908   44 O    0 0 0   53 O    0 0 0
 107 O    4     2.8067     5.3039   65 O    0 1 0   71 O    0 0 0   74 O    0 1 0
                                    80 O    0 0 0
 107 O    2     2.9016     5.4832   43 O    0 0 0   52 O    0 0 0
 107 O    2     2.9128     5.5043   21 BA   0 1 0   27 BA   0 0 0

 108 O    2     1.9912     3.7628  126 TI   0 0 0  135 TI   0 0 0
 108 O    2     2.7890     5.2705   21 BA   0 1 0   27 BA   0 0 0
 108 O    2     2.7998     5.2908   45 O    0 0 0   54 O    0 0 0
 108 O    4     2.8067     5.3039   66 O    0 1 0   72 O    0 0 0   75 O    0 1 0
                                    81 O    0 0 0
 108 O    2     2.9016     5.4832   44 O    0 0 0   53 O    0 0 0
 108 O    2     2.9128     5.5043   19 BA   0 1 1   25 BA   0 0 1

 109 TI   1     1.8232     3.4453   28 O    0 0 0
 109 TI   4     1.9904     3.7613   55 O    0 0 0   58 O    0 0 0   82 O    0 0 0
                                    91 O    0 0 0
 109 TI   1     2.2684     4.2867   30 O    0 0-1
 109 TI   4     3.4350     6.4912    2 BA   0 0 0    5 BA   0 0 0   11 BA   0 0 0
                                    14 BA   0 0 0
 109 TI   4     3.5121     6.6369    1 BA   0 0 0    4 BA   0 0 0   10 BA   0 0 0
                                    13 BA   0 0 0
 109 TI   4     3.9693     7.5008  112 TI   0 0 0  115 TI   0-1 0  118 TI   0 0 0
                                   127 TI  -1 0 0

 110 TI   1     1.8132     3.4264   29 O    0 0 0
 110 TI   4     1.9912     3.7628   56 O    0 0 0   59 O    0 0 0   83 O    0 0 0
                                    92 O    0 0 0
 110 TI   1     2.2784     4.3056   28 O    0 0 0
 110 TI   4     3.4292     6.4803    3 BA   0 0 0    6 BA   0 0 0   12 BA   0 0 0
                                    15 BA   0 0 0
 110 TI   4     3.5181     6.6483    2 BA   0 0 0    5 BA   0 0 0   11 BA   0 0 0
                                    14 BA   0 0 0
 110 TI   4     3.9692     7.5008  113 TI   0 0 0  116 TI   0-1 0  119 TI   0 0 0
                                   128 TI  -1 0 0

 111 TI   1     1.8132     3.4264   30 O    0 0 0
 111 TI   4     1.9912     3.7628   57 O    0 0 0   60 O    0 0 0   84 O    0 0 0
                                    93 O    0 0 0
 111 TI   1     2.2784     4.3056   29 O    0 0 0
 111 TI   4     3.4292     6.4803    1 BA   0 0 1    4 BA   0 0 1   10 BA   0 0 1
                                    13 BA   0 0 1
 111 TI   4     3.5181     6.6483    3 BA   0 0 0    6 BA   0 0 0   12 BA   0 0 0
                                    15 BA   0 0 0
 111 TI   4     3.9692     7.5008  114 TI   0 0 0  117 TI   0-1 0  120 TI   0 0 0
                                   129 TI  -1 0 0

 112 TI   1     1.8132     3.4264   31 O    0 0 0
 112 TI   4     1.9912     3.7628   58 O    0 0 0   61 O    0 0 0   85 O    0 0 0
                                    94 O    0 0 0
 112 TI   1     2.2784     4.3056   33 O    0 0-1
 112 TI   4     3.4292     6.4803    5 BA   0 0 0    8 BA   0 0 0   14 BA   0 0 0
                                    17 BA   0 0 0
 112 TI   4     3.5181     6.6483    4 BA   0 0 0    7 BA   0 0 0   13 BA   0 0 0
                                    16 BA   0 0 0
 112 TI   3     3.9692     7.5008  115 TI   0 0 0  121 TI   0 0 0  130 TI  -1 0 0

 113 TI   1     1.8132     3.4264   32 O    0 0 0
 113 TI   4     1.9912     3.7628   59 O    0 0 0   62 O    0 0 0   86 O    0 0 0
                                    95 O    0 0 0
 113 TI   1     2.2784     4.3056   31 O    0 0 0
 113 TI   4     3.4292     6.4803    6 BA   0 0 0    9 BA   0 0 0   15 BA   0 0 0
                                    18 BA   0 0 0
 113 TI   4     3.5181     6.6483    5 BA   0 0 0    8 BA   0 0 0   14 BA   0 0 0
                                    17 BA   0 0 0
 113 TI   4     3.9692     7.5008  110 TI   0 0 0  116 TI   0 0 0  122 TI   0 0 0
                                   131 TI  -1 0 0

 114 TI   1     1.8132     3.4264   33 O    0 0 0
 114 TI   4     1.9912     3.7628   60 O    0 0 0   63 O    0 0 0   87 O    0 0 0
                                    96 O    0 0 0
 114 TI   1     2.2784     4.3056   32 O    0 0 0
 114 TI   4     3.4292     6.4803    4 BA   0 0 1    7 BA   0 0 1   13 BA   0 0 1
                                    16 BA   0 0 1
 114 TI   4     3.5181     6.6483    6 BA   0 0 0    9 BA   0 0 0   15 BA   0 0 0
                                    18 BA   0 0 0
 114 TI   4     3.9692     7.5008  111 TI   0 0 0  117 TI   0 0 0  123 TI   0 0 0
                                   132 TI  -1 0 0

 115 TI   1     1.8132     3.4264   34 O    0 0 0
 115 TI   4     1.9912     3.7628   55 O    0 1 0   61 O    0 0 0   88 O    0 0 0
                                    97 O    0 0 0
 115 TI   1     2.2784     4.3056   36 O    0 0-1
 115 TI   4     3.4292     6.4803    2 BA   0 1 0    8 BA   0 0 0   11 BA   0 1 0
                                    17 BA   0 0 0
 115 TI   4     3.5181     6.6483    1 BA   0 1 0    7 BA   0 0 0   10 BA   0 1 0
                                    16 BA   0 0 0
 115 TI   3     3.9692     7.5008  112 TI   0 0 0  124 TI   0 0 0  133 TI  -1 0 0

 116 TI   1     1.8132     3.4264   35 O    0 0 0
 116 TI   4     1.9912     3.7628   56 O    0 1 0   62 O    0 0 0   89 O    0 0 0
                                    98 O    0 0 0
 116 TI   1     2.2784     4.3056   34 O    0 0 0
 116 TI   4     3.4292     6.4803    3 BA   0 1 0    9 BA   0 0 0   12 BA   0 1 0
                                    18 BA   0 0 0
 116 TI   4     3.5181     6.6483    2 BA   0 1 0    8 BA   0 0 0   11 BA   0 1 0
                                    17 BA   0 0 0
 116 TI   4     3.9692     7.5008  110 TI   0 1 0  113 TI   0 0 0  125 TI   0 0 0
                                   134 TI  -1 0 0

 117 TI   1     1.8132     3.4264   36 O    0 0 0
 117 TI   4     1.9912     3.7628   57 O    0 1 0   63 O    0 0 0   90 O    0 0 0
                                    99 O    0 0 0
 117 TI   1     2.2784     4.3056   35 O    0 0 0
 117 TI   4     3.4292     6.4803    1 BA   0 1 1    7 BA   0 0 1   10 BA   0 1 1
                                    16 BA   0 0 1
 117 TI   4     3.5181     6.6483    3 BA   0 1 0    9 BA   0 0 0   12 BA   0 1 0
                                    18 BA   0 0 0
 117 TI   4     3.9692     7.5008  111 TI   0 1 0  114 TI   0 0 0  126 TI   0 0 0
                                   135 TI  -1 0 0

 118 TI   1     1.8132     3.4264   37 O    0 0 0
 118 TI   4     1.9912     3.7628   64 O    0 0 0   67 O    0 0 0   91 O    0 0 0
                                   100 O    0 0 0
 118 TI   1     2.2784     4.3056   39 O    0 0-1
 118 TI   4     3.4292     6.4803   11 BA   0 0 0   14 BA   0 0 0   20 BA   0 0 0
                                    23 BA   0 0 0
 118 TI   4     3.5181     6.6483   10 BA   0 0 0   13 BA   0 0 0   19 BA   0 0 0
                                    22 BA   0 0 0
 118 TI   3     3.9692     7.5008  121 TI   0 0 0  124 TI   0-1 0  127 TI   0 0 0

 119 TI   1     1.8132     3.4264   38 O    0 0 0
 119 TI   4     1.9912     3.7628   65 O    0 0 0   68 O    0 0 0   92 O    0 0 0
                                   101 O    0 0 0
 119 TI   1     2.2784     4.3056   37 O    0 0 0
 119 TI   4     3.4292     6.4803   12 BA   0 0 0   15 BA   0 0 0   21 BA   0 0 0
                                    24 BA   0 0 0
 119 TI   4     3.5181     6.6483   11 BA   0 0 0   14 BA   0 0 0   20 BA   0 0 0
                                    23 BA   0 0 0
 119 TI   4     3.9692     7.5008  110 TI   0 0 0  122 TI   0 0 0  125 TI   0-1 0
                                   128 TI   0 0 0

 120 TI   1     1.8132     3.4264   39 O    0 0 0
 120 TI   4     1.9912     3.7628   66 O    0 0 0   69 O    0 0 0   93 O    0 0 0
                                   102 O    0 0 0
 120 TI   1     2.2784     4.3056   38 O    0 0 0
 120 TI   4     3.4292     6.4803   10 BA   0 0 1   13 BA   0 0 1   19 BA   0 0 1
                                    22 BA   0 0 1
 120 TI   4     3.5181     6.6483   12 BA   0 0 0   15 BA   0 0 0   21 BA   0 0 0
                                    24 BA   0 0 0
 120 TI   4     3.9692     7.5008  111 TI   0 0 0  123 TI   0 0 0  126 TI   0-1 0
                                   129 TI   0 0 0

 121 TI   1     1.8132     3.4264   40 O    0 0 0
 121 TI   4     1.9912     3.7628   67 O    0 0 0   70 O    0 0 0   94 O    0 0 0
                                   103 O    0 0 0
 121 TI   1     2.2784     4.3056   42 O    0 0-1
 121 TI   4     3.4292     6.4803   14 BA   0 0 0   17 BA   0 0 0   23 BA   0 0 0
                                    26 BA   0 0 0
 121 TI   4     3.5181     6.6483   13 BA   0 0 0   16 BA   0 0 0   22 BA   0 0 0
                                    25 BA   0 0 0
 121 TI   4     3.9692     7.5008  112 TI   0 0 0  118 TI   0 0 0  124 TI   0 0 0
                                   130 TI   0 0 0

 122 TI   1     1.8132     3.4264   41 O    0 0 0
 122 TI   4     1.9912     3.7628   68 O    0 0 0   71 O    0 0 0   95 O    0 0 0
                                   104 O    0 0 0
 122 TI   1     2.2784     4.3056   40 O    0 0 0
 122 TI   4     3.4292     6.4803   15 BA   0 0 0   18 BA   0 0 0   24 BA   0 0 0
                                    27 BA   0 0 0
 122 TI   4     3.5181     6.6483   14 BA   0 0 0   17 BA   0 0 0   23 BA   0 0 0
                                    26 BA   0 0 0
 122 TI   4     3.9692     7.5008  113 TI   0 0 0  119 TI   0 0 0  125 TI   0 0 0
                                   131 TI   0 0 0

 123 TI   1     1.8132     3.4264   42 O    0 0 0
 123 TI   4     1.9912     3.7628   69 O    0 0 0   72 O    0 0 0   96 O    0 0 0
                                   105 O    0 0 0
 123 TI   1     2.2784     4.3056   41 O    0 0 0
 123 TI   4     3.4292     6.4803   13 BA   0 0 1   16 BA   0 0 1   22 BA   0 0 1
                                    25 BA   0 0 1
 123 TI   4     3.5181     6.6483   15 BA   0 0 0   18 BA   0 0 0   24 BA   0 0 0
                                    27 BA   0 0 0
 123 TI   4     3.9692     7.5008  114 TI   0 0 0  120 TI   0 0 0  126 TI   0 0 0
                                   132 TI   0 0 0

 124 TI   1     1.8132     3.4264   43 O    0 0 0
 124 TI   4     1.9912     3.7628   64 O    0 1 0   70 O    0 0 0   97 O    0 0 0
                                   106 O    0 0 0
 124 TI   1     2.2784     4.3056   45 O    0 0-1
 124 TI   4     3.4292     6.4803   11 BA   0 1 0   17 BA   0 0 0   20 BA   0 1 0
                                    26 BA   0 0 0
 124 TI   4     3.5181     6.6483   10 BA   0 1 0   16 BA   0 0 0   19 BA   0 1 0
                                    25 BA   0 0 0
 124 TI   4     3.9692     7.5008  115 TI   0 0 0  118 TI   0 1 0  121 TI   0 0 0
                                   133 TI   0 0 0

 125 TI   1     1.8132     3.4264   44 O    0 0 0
 125 TI   4     1.9912     3.7628   65 O    0 1 0   71 O    0 0 0   98 O    0 0 0
                                   107 O    0 0 0
 125 TI   1     2.2784     4.3056   43 O    0 0 0
 125 TI   4     3.4292     6.4803   12 BA   0 1 0   18 BA   0 0 0   21 BA   0 1 0
                                    27 BA   0 0 0
 125 TI   4     3.5181     6.6483   11 BA   0 1 0   17 BA   0 0 0   20 BA   0 1 0
                                    26 BA   0 0 0
 125 TI   4     3.9692     7.5008  116 TI   0 0 0  119 TI   0 1 0  122 TI   0 0 0
                                   134 TI   0 0 0

 126 TI   1     1.8132     3.4264   45 O    0 0 0
 126 TI   4     1.9912     3.7628   66 O    0 1 0   72 O    0 0 0   99 O    0 0 0
                                   108 O    0 0 0
 126 TI   1     2.2784     4.3056   44 O    0 0 0
 126 TI   4     3.4292     6.4803   10 BA   0 1 1   16 BA   0 0 1   19 BA   0 1 1
                                    25 BA   0 0 1
 126 TI   4     3.5181     6.6483   12 BA   0 1 0   18 BA   0 0 0   21 BA   0 1 0
                                    27 BA   0 0 0
 126 TI   4     3.9692     7.5008  117 TI   0 0 0  120 TI   0 1 0  123 TI   0 0 0
                                   135 TI   0 0 0

 127 TI   1     1.8132     3.4264   46 O    0 0 0
 127 TI   4     1.9912     3.7628   73 O    0 0 0   76 O    0 0 0   82 O    1 0 0
                                   100 O    0 0 0
 127 TI   1     2.2784     4.3056   48 O    0 0-1
 127 TI   4     3.4292     6.4803    2 BA   1 0 0    5 BA   1 0 0   20 BA   0 0 0
                                    23 BA   0 0 0
 127 TI   4     3.5181     6.6483    1 BA   1 0 0    4 BA   1 0 0   19 BA   0 0 0
                                    22 BA   0 0 0
 127 TI   3     3.9692     7.5008  118 TI   0 0 0  130 TI   0 0 0  133 TI   0-1 0

 128 TI   1     1.8132     3.4264   47 O    0 0 0
 128 TI   4     1.9912     3.7628   74 O    0 0 0   77 O    0 0 0   83 O    1 0 0
                                   101 O    0 0 0
 128 TI   1     2.2784     4.3056   46 O    0 0 0
 128 TI   4     3.4292     6.4803    3 BA   1 0 0    6 BA   1 0 0   21 BA   0 0 0
                                    24 BA   0 0 0
 128 TI   4     3.5181     6.6483    2 BA   1 0 0    5 BA   1 0 0   20 BA   0 0 0
                                    23 BA   0 0 0
 128 TI   4     3.9692     7.5008  110 TI   1 0 0  119 TI   0 0 0  131 TI   0 0 0
                                   134 TI   0-1 0

 129 TI   1     1.8132     3.4264   48 O    0 0 0
 129 TI   4     1.9912     3.7628   75 O    0 0 0   78 O    0 0 0   84 O    1 0 0
                                   102 O    0 0 0
 129 TI   1     2.2784     4.3056   47 O    0 0 0
 129 TI   4     3.4292     6.4803    1 BA   1 0 1    4 BA   1 0 1   19 BA   0 0 1
                                    22 BA   0 0 1
 129 TI   4     3.5181     6.6483    3 BA   1 0 0    6 BA   1 0 0   21 BA   0 0 0
                                    24 BA   0 0 0
 129 TI   4     3.9692     7.5008  111 TI   1 0 0  120 TI   0 0 0  132 TI   0 0 0
                                   135 TI   0-1 0

 130 TI   1     1.8132     3.4264   49 O    0 0 0
 130 TI   4     1.9912     3.7628   76 O    0 0 0   79 O    0 0 0   85 O    1 0 0
                                   103 O    0 0 0
 130 TI   1     2.2784     4.3056   51 O    0 0-1
 130 TI   4     3.4292     6.4803    5 BA   1 0 0    8 BA   1 0 0   23 BA   0 0 0
                                    26 BA   0 0 0
 130 TI   4     3.5181     6.6483    4 BA   1 0 0    7 BA   1 0 0   22 BA   0 0 0
                                    25 BA   0 0 0
 130 TI   4     3.9692     7.5008  112 TI   1 0 0  121 TI   0 0 0  127 TI   0 0 0
                                   133 TI   0 0 0

 131 TI   1     1.8132     3.4264   50 O    0 0 0
 131 TI   4     1.9912     3.7628   77 O    0 0 0   80 O    0 0 0   86 O    1 0 0
                                   104 O    0 0 0
 131 TI   1     2.2784     4.3056   49 O    0 0 0
 131 TI   4     3.4292     6.4803    6 BA   1 0 0    9 BA   1 0 0   24 BA   0 0 0
                                    27 BA   0 0 0
 131 TI   4     3.5181     6.6483    5 BA   1 0 0    8 BA   1 0 0   23 BA   0 0 0
                                    26 BA   0 0 0
 131 TI   4     3.9692     7.5008  113 TI   1 0 0  122 TI   0 0 0  128 TI   0 0 0
                                   134 TI   0 0 0

 132 TI   1     1.8132     3.4264   51 O    0 0 0
 132 TI   4     1.9912     3.7628   78 O    0 0 0   81 O    0 0 0   87 O    1 0 0
                                   105 O    0 0 0
 132 TI   1     2.2784     4.3056   50 O    0 0 0
 132 TI   4     3.4292     6.4803    4 BA   1 0 1    7 BA   1 0 1   22 BA   0 0 1
                                    25 BA   0 0 1
 132 TI   4     3.5181     6.6483    6 BA   1 0 0    9 BA   1 0 0   24 BA   0 0 0
                                    27 BA   0 0 0
 132 TI   4     3.9692     7.5008  114 TI   1 0 0  123 TI   0 0 0  129 TI   0 0 0
                                   135 TI   0 0 0

 133 TI   1     1.8132     3.4264   52 O    0 0 0
 133 TI   4     1.9912     3.7628   73 O    0 1 0   79 O    0 0 0   88 O    1 0 0
                                   106 O    0 0 0
 133 TI   1     2.2784     4.3056   54 O    0 0-1
 133 TI   4     3.4292     6.4803    2 BA   1 1 0    8 BA   1 0 0   20 BA   0 1 0
                                    26 BA   0 0 0
 133 TI   4     3.5181     6.6483    1 BA   1 1 0    7 BA   1 0 0   19 BA   0 1 0
                                    25 BA   0 0 0
 133 TI   4     3.9692     7.5008  115 TI   1 0 0  124 TI   0 0 0  127 TI   0 1 0
                                   130 TI   0 0 0

 134 TI   1     1.8132     3.4264   53 O    0 0 0
 134 TI   4     1.9912     3.7628   74 O    0 1 0   80 O    0 0 0   89 O    1 0 0
                                   107 O    0 0 0
 134 TI   1     2.2784     4.3056   52 O    0 0 0
 134 TI   4     3.4292     6.4803    3 BA   1 1 0    9 BA   1 0 0   21 BA   0 1 0
                                    27 BA   0 0 0
 134 TI   4     3.5181     6.6483    2 BA   1 1 0    8 BA   1 0 0   20 BA   0 1 0
                                    26 BA   0 0 0
 134 TI   4     3.9692     7.5008  116 TI   1 0 0  125 TI   0 0 0  128 TI   0 1 0
                                   131 TI   0 0 0

 135 TI   1     1.8132     3.4264   54 O    0 0 0
 135 TI   4     1.9912     3.7628   75 O    0 1 0   81 O    0 0 0   90 O    1 0 0
                                   108 O    0 0 0
 135 TI   1     2.2784     4.3056   53 O    0 0 0
 135 TI   4     3.4292     6.4803    1 BA   1 1 1    7 BA   1 0 1   19 BA   0 1 1
                                    25 BA   0 0 1
 135 TI   4     3.5181     6.6483    3 BA   1 1 0    9 BA   1 0 0   21 BA   0 1 0
                                    27 BA   0 0 0
 135 TI   4     3.9692     7.5008  117 TI   1 0 0  126 TI   0 0 0  129 TI   0 1 0
                                   132 TI   0 0 0


 SYMMETRY ALLOWED INTERNAL DEGREE(S) OF FREEDOM: 402
 TTTTTTTTTTTTTTTTTTTTTTTTTTTTTT SYMM        TELAPSE        3.58 TCPU        2.49
 TTTTTTTTTTTTTTTTTTTTTTTTTTTTTT INT_SCREEN  TELAPSE        3.68 TCPU        2.59

 DFT PARAMETERS

     ATOM       ELECTRONS   NET CHARGE   R(ANGSTROM)
   1 256  BA     10.0000      0.0000     2.24000000
  28   8  O       8.0000      0.0000     0.74000000
 109  22  TI     22.0000      0.0000     1.47000000

 SIZE OF GRID=    2838081
 TTTTTTTTTTTTTTTTTTTTTTTTTTTTTT MAKE_GRID2  TELAPSE       43.94 TCPU       42.85
 BECKE WEIGHT FUNCTION
 RADSAFE =     2.00
 TOLERANCES - DENSITY:10**- 6; POTENTIAL:10**- 9; GRID WGT:10**-14

 RADIAL INTEGRATION  - INTERVALS (POINTS,UPPER LIMIT):            1( 75,  4.0*R)

 ANGULAR INTEGRATION - INTERVALS (ACCURACY LEVEL [N. POINTS] UPPER LIMIT):
  1(  4[  86]   0.2)  2(  8[ 194]   0.5)  3( 12[ 350]   0.9)  4( 16[ 974]   3.5)
  5( 12[ 350]9999.0)
 TTTTTTTTTTTTTTTTTTTTTTTTTTTTTT INT_CALC    TELAPSE       44.05 TCPU       42.96
 EEEEEEEEEE INT_CALC TERMINATION  DATE 25 03 2026 TIME 17:03:52.8

 *******************************************************************************
 converted and standardized from ase Atoms() object for Ba27Ti27O81 in space grou
 CRYSTAL - SCF - TYPE OF CALCULATION :  RESTRICTED CLOSED SHELL
 *******************************************************************************

 CAPPA:IS1  2;IS2  2;IS3  2; K PTS MONK NET   8; SYMMOPS:K SPACE   2;G SPACE   1

 TTTTTTTTTTTTTTTTTTTTTTTTTTTTTT SDIK        TELAPSE       46.43 TCPU       45.34

 AAAAAAAAAAAAAAAAAAAAAAAAAAAAAAAAAAAAAAAAAAAAAAAAAAAAAAAAAAAAAAAAAAAAAAAAAAAAAAA
         ATOMIC WAVEFUNCTION(S)


 NUCLEAR CHARGE 10.0  SYMMETRY SPECIES            S    P
 N. ELECTRONS   10.0  NUMBER OF PRIMITIVE GTOS    5    5
                      NUMBER OF CONTRACTED GTOS   3    2
                      NUMBER OF CLOSED SHELLS     2    1
                      OPEN SHELL OCCUPATION       0    0

  ZNUC  SCFIT    TOTAL HF ENERGY   KINETIC ENERGY   VIRIAL THEOREM             ACCURACY
  10.0     4    -2.474305552E+01  8.075374960E+00 -4.064013205E+00  1.0E-06

 NUCLEAR CHARGE  8.0  SYMMETRY SPECIES            S    P
 N. ELECTRONS    8.0  NUMBER OF PRIMITIVE GTOS   10    6
                      NUMBER OF CONTRACTED GTOS   4    3
                      NUMBER OF CLOSED SHELLS     2    0
                      OPEN SHELL OCCUPATION       0    4

  ZNUC  SCFIT    TOTAL HF ENERGY   KINETIC ENERGY   VIRIAL THEOREM             ACCURACY
   8.0    13    -7.480154908E+01  7.478929754E+01 -2.000163814E+00  2.2E-06

 NUCLEAR CHARGE 22.0  SYMMETRY SPECIES            S    P    D
 N. ELECTRONS   22.0  NUMBER OF PRIMITIVE GTOS   17   11    6
                      NUMBER OF CONTRACTED GTOS   6    4    3
                      NUMBER OF CLOSED SHELLS     4    2    0
                      OPEN SHELL OCCUPATION       0    0    2

  ZNUC  SCFIT    TOTAL HF ENERGY   KINETIC ENERGY   VIRIAL THEOREM             ACCURACY
  22.0    51    -8.483283897E+02  8.486954851E+02 -1.999567459E+00  4.0E-06

 AAAAAAAAAAAAAAAAAAAAAAAAAAAAAAAAAAAAAAAAAAAAAAAAAAAAAAAAAAAAAAAAAAAAAAAAAAAAAAA

 CHARGE NORMALIZATION FACTOR   1.00000000
 TOTAL ATOMIC CHARGES:
  10.0000000  10.0000000  10.0000000  10.0000000  10.0000000  10.0000000
  10.0000000  10.0000000  10.0000000  10.0000000  10.0000000  10.0000000
  10.0000000  10.0000000  10.0000000  10.0000000  10.0000000  10.0000000
  10.0000000  10.0000000  10.0000000  10.0000000  10.0000000  10.0000000
  10.0000000  10.0000000  10.0000000   8.0000000   8.0000000   8.0000000
   8.0000000   8.0000000   8.0000000   8.0000000   8.0000000   8.0000000
   8.0000000   8.0000000   8.0000000   8.0000000   8.0000000   8.0000000
   8.0000000   8.0000000   8.0000000   8.0000000   8.0000000   8.0000000
   8.0000000   8.0000000   8.0000000   8.0000000   8.0000000   8.0000000
   8.0000000   8.0000000   8.0000000   8.0000000   8.0000000   8.0000000
   8.0000000   8.0000000   8.0000000   8.0000000   8.0000000   8.0000000
   8.0000000   8.0000000   8.0000000   8.0000000   8.0000000   8.0000000
   8.0000000   8.0000000   8.0000000   8.0000000   8.0000000   8.0000000
   8.0000000   8.0000000   8.0000000   8.0000000   8.0000000   8.0000000
   8.0000000   8.0000000   8.0000000   8.0000000   8.0000000   8.0000000
   8.0000000   8.0000000   8.0000000   8.0000000   8.0000000   8.0000000
   8.0000000   8.0000000   8.0000000   8.0000000   8.0000000   8.0000000
   8.0000000   8.0000000   8.0000000   8.0000000   8.0000000   8.0000000
  22.0000000  22.0000000  22.0000000  22.0000000  22.0000000  22.0000000
  22.0000000  22.0000000  22.0000000  22.0000000  22.0000000  22.0000000
  22.0000000  22.0000000  22.0000000  22.0000000  22.0000000  22.0000000
  22.0000000  22.0000000  22.0000000  22.0000000  22.0000000  22.0000000
  22.0000000  22.0000000  22.0000000
 TTTTTTTTTTTTTTTTTTTTTTTTTTTTTT MOQGAD      TELAPSE       46.52 TCPU       45.43
 TTTTTTTTTTTTTTTTTTTTTTTTTTTTTT SHELLXN     TELAPSE      417.37 TCPU      413.26
 TTTTTTTTTTTTTTTTTTTTTTTTTTTTTT MONMO3      TELAPSE      430.49 TCPU      426.01
 NUMERICALLY INTEGRATED DENSITY   1511.9942889751
 TTTTTTTTTTTTTTTTTTTTTTTTTTTTTT NUMDFT      TELAPSE      448.65 TCPU      444.08
 CYC   0 ETOT(AU) -2.971191001404E+04 DETOT -2.97E+04 tst  0.00E+00 PX  1.00E+00
 TTTTTTTTTTTTTTTTTTTTTTTTTTTTTT DIIS        TELAPSE      449.15 TCPU      444.46
 TTTTTTTTTTTTTTTTTTTTTTTTTTTTTT FDIK        TELAPSE      465.47 TCPU      460.76
 INSULATING STATE
 TOP OF VALENCE BANDS -    BAND    756; K    8; EIG -3.4809034E-01 AU
 TOP OF VALENCE BANDS -    BAND    756; K    1; EIG -3.5373001E-01 AU
 BOTTOM OF VIRTUAL BANDS - BAND    757; K    1; EIG -8.3600042E-02 AU
 INDIRECT ENERGY BAND GAP:   7.1972 eV
 TTTTTTTTTTTTTTTTTTTTTTTTTTTTTT PDIG        TELAPSE      468.17 TCPU      463.36
 CHARGE NORMALIZATION FACTOR   1.00000000
 TOTAL ATOMIC CHARGES:
   8.1655099   8.1661200   8.1656886   8.1655099   8.1661201   8.1656886
   8.1656857   8.1656893   8.1656877   8.1655099   8.1661201   8.1656886
   8.1655100   8.1661201   8.1656886   8.1656857   8.1656893   8.1656877
   8.1656857   8.1656893   8.1656877   8.1656857   8.1656893   8.1656877
   8.1656863   8.1656903   8.1656875   9.4596240   9.4557722   9.4546336
   9.4557013   9.4556911   9.4556799   9.4557013   9.4556911   9.4556798
   9.4557013   9.4556911   9.4556799   9.4557006   9.4556912   9.4556830
   9.4557006   9.4556912   9.4556830   9.4557013   9.4556911   9.4556798
   9.4557006   9.4556912   9.4556830   9.4557007   9.4556912   9.4556830
   9.4798573   9.4798684   9.4798410   9.4798574   9.4798684   9.4798409
   9.4797547   9.4798517   9.4798493   9.4798483   9.4798538   9.4798488
   9.4798483   9.4798538   9.4798488   9.4798502   9.4798497   9.4798506
   9.4798483   9.4798538   9.4798488   9.4798483   9.4798538   9.4798488
   9.4798502   9.4798496   9.4798506   9.4798573   9.4798684   9.4798410
   9.4798483   9.4798538   9.4798488   9.4798482   9.4798538   9.4798488
   9.4798573   9.4798684   9.4798409   9.4798483   9.4798538   9.4798488
   9.4798482   9.4798538   9.4798488   9.4797546   9.4798517   9.4798493
   9.4798502   9.4798497   9.4798506   9.4798502   9.4798496   9.4798506
  19.4161004  19.4196785  19.4176734  19.4187671  19.4189331  19.4189185
  19.4187671  19.4189330  19.4189185  19.4187671  19.4189331  19.4189185
  19.4189261  19.4189195  19.4189244  19.4189260  19.4189195  19.4189244
  19.4187670  19.4189330  19.4189185  19.4189260  19.4189195  19.4189244
  19.4189259  19.4189195  19.4189243
 TTTTTTTTTTTTTTTTTTTTTTTTTTTTTT MOQGAD      TELAPSE      468.27 TCPU      463.42
 TTTTTTTTTTTTTTTTTTTTTTTTTTTTTT SHELLXN     TELAPSE      856.43 TCPU      850.37
 TTTTTTTTTTTTTTTTTTTTTTTTTTTTTT MONMO3      TELAPSE      868.89 TCPU      862.68
 NUMERICALLY INTEGRATED DENSITY   1511.9940107060
 TTTTTTTTTTTTTTTTTTTTTTTTTTTTTT NUMDFT      TELAPSE      885.44 TCPU      879.11
 CYC   1 ETOT(AU) -2.970527674284E+04 DETOT  6.63E+00 tst  0.00E+00 PX  1.00E+00
 TTTTTTTTTTTTTTTTTTTTTTTTTTTTTT DIIS        TELAPSE      889.99 TCPU      883.58
 DIIS TEST: 0.75792E+02 AT SCF   CYCLE   1 - MIX   80 %
 TTTTTTTTTTTTTTTTTTTTTTTTTTTTTT FDIK        TELAPSE      905.80 TCPU      899.29
 INSULATING STATE
 TOP OF VALENCE BANDS -    BAND    756; K    8; EIG -2.6039564E-01 AU
 TOP OF VALENCE BANDS -    BAND    756; K    1; EIG -2.7126573E-01 AU
 BOTTOM OF VIRTUAL BANDS - BAND    757; K    1; EIG -1.0189417E-01 AU
 INDIRECT ENERGY BAND GAP:   4.3130 eV
 TTTTTTTTTTTTTTTTTTTTTTTTTTTTTT PDIG        TELAPSE      908.77 TCPU      901.86
 CHARGE NORMALIZATION FACTOR   1.00000000
 TOTAL ATOMIC CHARGES:
   8.2540379   8.2543326   8.2540436   8.2540379   8.2543327   8.2540436
   8.2540584   8.2540413   8.2540477   8.2540379   8.2543327   8.2540436
   8.2540380   8.2543328   8.2540435   8.2540585   8.2540414   8.2540476
   8.2540584   8.2540413   8.2540477   8.2540585   8.2540414   8.2540476
   8.2540460   8.2540559   8.2540488   9.1941581   9.1913538   9.1913960
   9.1905988   9.1909316   9.1908932   9.1905988   9.1909316   9.1908932
   9.1905988   9.1909316   9.1908932   9.1907431   9.1908748   9.1908309
   9.1907431   9.1908748   9.1908309   9.1905988   9.1909316   9.1908932
   9.1907431   9.1908748   9.1908309   9.1907432   9.1908748   9.1908308
   9.2350869   9.2350303   9.2350381   9.2350869   9.2350303   9.2350379
   9.2350062   9.2351671   9.2350409   9.2351341   9.2350841   9.2351097
   9.2351341   9.2350841   9.2351096   9.2351191   9.2351233   9.2350879
   9.2351341   9.2350841   9.2351097   9.2351340   9.2350841   9.2351096
   9.2351191   9.2351232   9.2350879   9.2350869   9.2350303   9.2350381
   9.2351340   9.2350841   9.2351097   9.2351340   9.2350841   9.2351097
   9.2350869   9.2350303   9.2350379   9.2351340   9.2350841   9.2351097
   9.2351340   9.2350841   9.2351096   9.2350062   9.2351671   9.2350409
   9.2351191   9.2351233   9.2350879   9.2351191   9.2351232   9.2350879
  20.0833721  20.0850021  20.0828605  20.0847298  20.0848964  20.0848834
  20.0847298  20.0848963  20.0848833  20.0847298  20.0848964  20.0848834
  20.0849399  20.0848853  20.0849098  20.0849399  20.0848853  20.0849098
  20.0847298  20.0848963  20.0848833  20.0849399  20.0848853  20.0849098
  20.0849397  20.0848854  20.0849098
 TTTTTTTTTTTTTTTTTTTTTTTTTTTTTT MOQGAD      TELAPSE      908.85 TCPU      901.92
 TTTTTTTTTTTTTTTTTTTTTTTTTTTTTT SHELLXN     TELAPSE     1281.88 TCPU     1274.68
 TTTTTTTTTTTTTTTTTTTTTTTTTTTTTT MONMO3      TELAPSE     1294.52 TCPU     1287.16
 NUMERICALLY INTEGRATED DENSITY   1511.9930850791
 TTTTTTTTTTTTTTTTTTTTTTTTTTTTTT NUMDFT      TELAPSE     1311.38 TCPU     1303.78
 CYC   2 ETOT(AU) -2.971626965029E+04 DETOT -1.10E+01 tst  4.98E-03 PX  6.82E-02
 TTTTTTTTTTTTTTTTTTTTTTTTTTTTTT DIIS        TELAPSE     1316.02 TCPU     1308.36
 DIIS TEST: 0.14264E+02 AT SCF   CYCLE   2 - DIIS ACTIVE - HISTORY:     2 CYCLES
 TTTTTTTTTTTTTTTTTTTTTTTTTTTTTT FDIK        TELAPSE     1332.26 TCPU     1324.11
 INSULATING STATE
 TOP OF VALENCE BANDS -    BAND    756; K    8; EIG -1.5420513E-01 AU
 TOP OF VALENCE BANDS -    BAND    756; K    1; EIG -1.6835298E-01 AU
 BOTTOM OF VIRTUAL BANDS - BAND    757; K    1; EIG -2.2359359E-02 AU
 INDIRECT ENERGY BAND GAP:   3.5877 eV
 TTTTTTTTTTTTTTTTTTTTTTTTTTTTTT PDIG        TELAPSE     1335.04 TCPU     1326.63
 CHARGE NORMALIZATION FACTOR   1.00000000
 TOTAL ATOMIC CHARGES:
   8.3393419   8.3389328   8.3391262   8.3393419   8.3389329   8.3391262
   8.3391411   8.3391245   8.3391231   8.3393419   8.3389329   8.3391262
   8.3393419   8.3389330   8.3391261   8.3391411   8.3391246   8.3391231
   8.3391411   8.3391245   8.3391231   8.3391411   8.3391246   8.3391231
   8.3391223   8.3391542   8.3391217   9.0553982   9.0557332   9.0545547
   9.0561110   9.0555663   9.0554062   9.0561109   9.0555663   9.0554062
   9.0561110   9.0555663   9.0554062   9.0557790   9.0556375   9.0557265
   9.0557790   9.0556374   9.0557265   9.0561109   9.0555663   9.0554062
   9.0557790   9.0556374   9.0557265   9.0557791   9.0556374   9.0557265
   9.0380457   9.0384243   9.0382690   9.0380457   9.0384243   9.0382688
   9.0385031   9.0386258   9.0385601   9.0386204   9.0386477   9.0385577
   9.0386204   9.0386477   9.0385577   9.0386600   9.0386101   9.0386096
   9.0386204   9.0386477   9.0385577   9.0386204   9.0386477   9.0385576
   9.0386599   9.0386101   9.0386096   9.0380457   9.0384243   9.0382690
   9.0386204   9.0386477   9.0385577   9.0386204   9.0386477   9.0385577
   9.0380457   9.0384243   9.0382688   9.0386204   9.0386477   9.0385577
   9.0386204   9.0386477   9.0385576   9.0385031   9.0386258   9.0385601
   9.0386599   9.0386101   9.0386096   9.0386599   9.0386100   9.0386096
  20.5324025  20.5279273  20.5313282  20.5273572  20.5283198  20.5278976
  20.5273573  20.5283198  20.5278976  20.5273572  20.5283198  20.5278977
  20.5276643  20.5280022  20.5279427  20.5276643  20.5280023  20.5279427
  20.5273572  20.5283198  20.5278976  20.5276643  20.5280023  20.5279427
  20.5276641  20.5280023  20.5279427
 TTTTTTTTTTTTTTTTTTTTTTTTTTTTTT MOQGAD      TELAPSE     1335.21 TCPU     1326.69
 TTTTTTTTTTTTTTTTTTTTTTTTTTTTTT SHELLXN     TELAPSE     1711.25 TCPU     1700.96
 TTTTTTTTTTTTTTTTTTTTTTTTTTTTTT MONMO3      TELAPSE     1724.13 TCPU     1713.46
 NUMERICALLY INTEGRATED DENSITY   1511.9925145903
 TTTTTTTTTTTTTTTTTTTTTTTTTTTTTT NUMDFT      TELAPSE     1740.95 TCPU     1730.03
 CYC   3 ETOT(AU) -2.971866325877E+04 DETOT -2.39E+00 tst  2.33E-03 PX  5.80E-02
 TTTTTTTTTTTTTTTTTTTTTTTTTTTTTT DIIS        TELAPSE     1746.12 TCPU     1735.04
 DIIS TEST: 0.18012E+00 AT SCF   CYCLE   3 - DIIS ACTIVE - HISTORY:     3 CYCLES
 TTTTTTTTTTTTTTTTTTTTTTTTTTTTTT FDIK        TELAPSE     1762.47 TCPU     1751.16
 INSULATING STATE
 TOP OF VALENCE BANDS -    BAND    756; K    8; EIG -1.5507866E-01 AU
 TOP OF VALENCE BANDS -    BAND    756; K    1; EIG -1.6819400E-01 AU
 BOTTOM OF VIRTUAL BANDS - BAND    757; K    1; EIG -5.8909203E-03 AU
 INDIRECT ENERGY BAND GAP:   4.0596 eV
 TTTTTTTTTTTTTTTTTTTTTTTTTTTTTT PDIG        TELAPSE     1765.12 TCPU     1753.75
 CHARGE NORMALIZATION FACTOR   1.00000000
 TOTAL ATOMIC CHARGES:
   8.3437254   8.3436633   8.3435490   8.3437255   8.3436634   8.3435490
   8.3436475   8.3436184   8.3436041   8.3437255   8.3436634   8.3435490
   8.3437255   8.3436635   8.3435489   8.3436475   8.3436185   8.3436041
   8.3436475   8.3436185   8.3436041   8.3436475   8.3436185   8.3436041
   8.3436342   8.3436283   8.3436160   9.0105394   9.0067200   9.0126026
   9.0047407   9.0066505   9.0066627   9.0047407   9.0066505   9.0066627
   9.0047407   9.0066505   9.0066627   9.0054648   9.0063933   9.0061558
   9.0054647   9.0063933   9.0061558   9.0047407   9.0066505   9.0066627
   9.0054647   9.0063933   9.0061558   9.0054649   9.0063933   9.0061558
   9.0997465   9.0990356   9.0992876   9.0997465   9.0990356   9.0992874
   9.0989016   9.0991509   9.0990029   9.0990937   9.0989283   9.0990444
   9.0990937   9.0989283   9.0990444   9.0989876   9.0990849   9.0989817
   9.0990937   9.0989282   9.0990444   9.0990937   9.0989282   9.0990443
   9.0989876   9.0990848   9.0989816   9.0997465   9.0990356   9.0992876
   9.0990937   9.0989283   9.0990444   9.0990937   9.0989282   9.0990444
   9.0997465   9.0990356   9.0992874   9.0990937   9.0989283   9.0990444
   9.0990936   9.0989282   9.0990443   9.0989016   9.0991509   9.0990029
   9.0989876   9.0990848   9.0989817   9.0989876   9.0990848   9.0989817
  20.4452893  20.4525861  20.4413692  20.4534346  20.4515649  20.4523368
  20.4534345  20.4515649  20.4523367  20.4534346  20.4515649  20.4523368
  20.4527671  20.4520053  20.4522356  20.4527670  20.4520053  20.4522355
  20.4534346  20.4515649  20.4523367  20.4527670  20.4520053  20.4522355
  20.4527668  20.4520053  20.4522355
 TTTTTTTTTTTTTTTTTTTTTTTTTTTTTT MOQGAD      TELAPSE     1765.31 TCPU     1753.80
 TTTTTTTTTTTTTTTTTTTTTTTTTTTTTT SHELLXN     TELAPSE     2142.28 TCPU     2129.22
 TTTTTTTTTTTTTTTTTTTTTTTTTTTTTT MONMO3      TELAPSE     2154.92 TCPU     2141.68
 NUMERICALLY INTEGRATED DENSITY   1511.9923853150
 TTTTTTTTTTTTTTTTTTTTTTTTTTTTTT NUMDFT      TELAPSE     2171.68 TCPU     2158.25
 CYC   4 ETOT(AU) -2.971864714221E+04 DETOT  1.61E-02 tst  1.30E-04 PX  1.97E-02
 TTTTTTTTTTTTTTTTTTTTTTTTTTTTTT DIIS        TELAPSE     2176.73 TCPU     2163.21
 DIIS TEST: 0.30678E+00 AT SCF   CYCLE   4 - DIIS ACTIVE - HISTORY:     4 CYCLES
 TTTTTTTTTTTTTTTTTTTTTTTTTTTTTT FDIK        TELAPSE     2192.68 TCPU     2179.04
 INSULATING STATE
 TOP OF VALENCE BANDS -    BAND    756; K    8; EIG -1.4843030E-01 AU
 TOP OF VALENCE BANDS -    BAND    756; K    1; EIG -1.6233722E-01 AU
 BOTTOM OF VIRTUAL BANDS - BAND    757; K    1; EIG -7.3859083E-03 AU
 INDIRECT ENERGY BAND GAP:   3.8380 eV
 TTTTTTTTTTTTTTTTTTTTTTTTTTTTTT PDIG        TELAPSE     2195.44 TCPU     2181.59
 CHARGE NORMALIZATION FACTOR   1.00000000
 TOTAL ATOMIC CHARGES:
   8.3403266   8.3401637   8.3401650   8.3403266   8.3401638   8.3401650
   8.3401385   8.3401512   8.3401478   8.3403266   8.3401638   8.3401650
   8.3403266   8.3401639   8.3401650   8.3401385   8.3401513   8.3401478
   8.3401385   8.3401512   8.3401478   8.3401385   8.3401513   8.3401478
   8.3401325   8.3401669   8.3401469   9.0481163   9.0490579   9.0470576
   9.0483423   9.0477434   9.0475598   9.0483423   9.0477433   9.0475598
   9.0483423   9.0477434   9.0475598   9.0481099   9.0477549   9.0477521
   9.0481098   9.0477549   9.0477521   9.0483423   9.0477433   9.0475598
   9.0481098   9.0477549   9.0477521   9.0481099   9.0477549   9.0477521
   9.0708964   9.0711275   9.0709462   9.0708964   9.0711275   9.0709460
   9.0712205   9.0713547   9.0710964   9.0713526   9.0712854   9.0713098
   9.0713526   9.0712854   9.0713097   9.0713636   9.0713020   9.0712686
   9.0713526   9.0712854   9.0713097   9.0713526   9.0712854   9.0713097
   9.0713636   9.0713020   9.0712686   9.0708964   9.0711275   9.0709462
   9.0713526   9.0712854   9.0713098   9.0713526   9.0712854   9.0713097
   9.0708964   9.0711275   9.0709460   9.0713526   9.0712854   9.0713097
   9.0713526   9.0712854   9.0713097   9.0712205   9.0713547   9.0710964
   9.0713635   9.0713020   9.0712686   9.0713635   9.0713020   9.0712686
  20.4726597  20.4682495  20.4726184  20.4682079  20.4699500  20.4693054
  20.4682080  20.4699500  20.4693053  20.4682079  20.4699500  20.4693054
  20.4690469  20.4695092  20.4694386  20.4690469  20.4695093  20.4694386
  20.4682079  20.4699500  20.4693053  20.4690469  20.4695093  20.4694386
  20.4690467  20.4695093  20.4694385
 TTTTTTTTTTTTTTTTTTTTTTTTTTTTTT MOQGAD      TELAPSE     2195.68 TCPU     2181.65
 TTTTTTTTTTTTTTTTTTTTTTTTTTTTTT SHELLXN     TELAPSE     2572.17 TCPU     2555.49
 TTTTTTTTTTTTTTTTTTTTTTTTTTTTTT MONMO3      TELAPSE     2585.39 TCPU     2567.99
 NUMERICALLY INTEGRATED DENSITY   1511.9924146836
 TTTTTTTTTTTTTTTTTTTTTTTTTTTTTT NUMDFT      TELAPSE     2602.70 TCPU     2584.48
 CYC   5 ETOT(AU) -2.971869227814E+04 DETOT -4.51E-02 tst  3.96E-05 PX  8.98E-03
 TTTTTTTTTTTTTTTTTTTTTTTTTTTTTT DIIS        TELAPSE     2608.96 TCPU     2589.57
 DIIS TEST: 0.20300E-01 AT SCF   CYCLE   5 - DIIS ACTIVE - HISTORY:     5 CYCLES
 TTTTTTTTTTTTTTTTTTTTTTTTTTTTTT FDIK        TELAPSE     2625.23 TCPU     2605.41
 INSULATING STATE
 TOP OF VALENCE BANDS -    BAND    756; K    8; EIG -1.4867278E-01 AU
 TOP OF VALENCE BANDS -    BAND    756; K    1; EIG -1.6254406E-01 AU
 BOTTOM OF VIRTUAL BANDS - BAND    757; K    1; EIG -9.9929048E-03 AU
 INDIRECT ENERGY BAND GAP:   3.7737 eV
 TTTTTTTTTTTTTTTTTTTTTTTTTTTTTT PDIG        TELAPSE     2627.80 TCPU     2607.91
 CHARGE NORMALIZATION FACTOR   1.00000000
 TOTAL ATOMIC CHARGES:
   8.3380839   8.3378873   8.3378716   8.3380840   8.3378874   8.3378716
   8.3379593   8.3379142   8.3379052   8.3380840   8.3378874   8.3378716
   8.3380840   8.3378875   8.3378716   8.3379593   8.3379143   8.3379051
   8.3379593   8.3379142   8.3379052   8.3379593   8.3379143   8.3379051
   8.3379389   8.3379270   8.3379124   9.0398034   9.0367406   9.0408549
   9.0364717   9.0377269   9.0377495   9.0364717   9.0377269   9.0377495
   9.0364717   9.0377269   9.0377495   9.0368431   9.0376311   9.0376078
   9.0368431   9.0376311   9.0376078   9.0364717   9.0377269   9.0377495
   9.0368431   9.0376311   9.0376078   9.0368432   9.0376311   9.0376078
   9.0681351   9.0679425   9.0681033   9.0681351   9.0679425   9.0681031
   9.0679042   9.0681372   9.0681598   9.0680661   9.0680557   9.0680147
   9.0680660   9.0680557   9.0680146   9.0680447   9.0680971   9.0680697
   9.0680660   9.0680557   9.0680146   9.0680660   9.0680557   9.0680146
   9.0680447   9.0680971   9.0680697   9.0681351   9.0679425   9.0681033
   9.0680660   9.0680557   9.0680147   9.0680660   9.0680557   9.0680146
   9.0681351   9.0679425   9.0681031   9.0680660   9.0680557   9.0680146
   9.0680660   9.0680557   9.0680146   9.0679042   9.0681372   9.0681598
   9.0680447   9.0680971   9.0680697   9.0680447   9.0680971   9.0680697
  20.4868472  20.4900592  20.4828054  20.4896222  20.4880032  20.4885614
  20.4896221  20.4880032  20.4885614  20.4896222  20.4880033  20.4885614
  20.4888993  20.4883414  20.4884329  20.4888992  20.4883415  20.4884329
  20.4896221  20.4880032  20.4885614  20.4888992  20.4883415  20.4884329
  20.4888990  20.4883415  20.4884328
 TTTTTTTTTTTTTTTTTTTTTTTTTTTTTT MOQGAD      TELAPSE     2627.92 TCPU     2607.97
 TTTTTTTTTTTTTTTTTTTTTTTTTTTTTT SHELLXN     TELAPSE     3011.44 TCPU     2988.92
 TTTTTTTTTTTTTTTTTTTTTTTTTTTTTT MONMO3      TELAPSE     3024.18 TCPU     3001.48
 NUMERICALLY INTEGRATED DENSITY   1511.9924250981
 TTTTTTTTTTTTTTTTTTTTTTTTTTTTTT NUMDFT      TELAPSE     3041.57 TCPU     3018.45
 CYC   6 ETOT(AU) -2.971869592414E+04 DETOT -3.65E-03 tst  4.49E-06 PX  2.67E-03
 TTTTTTTTTTTTTTTTTTTTTTTTTTTTTT DIIS        TELAPSE     3047.21 TCPU     3023.91
 DIIS TEST: 0.57502E-03 AT SCF   CYCLE   6 - DIIS ACTIVE - HISTORY:     6 CYCLES
 TTTTTTTTTTTTTTTTTTTTTTTTTTTTTT FDIK        TELAPSE     3063.30 TCPU     3039.80
 INSULATING STATE
 TOP OF VALENCE BANDS -    BAND    756; K    8; EIG -1.4797678E-01 AU
 TOP OF VALENCE BANDS -    BAND    756; K    1; EIG -1.6186869E-01 AU
 BOTTOM OF VIRTUAL BANDS - BAND    757; K    1; EIG -9.3723143E-03 AU
 INDIRECT ENERGY BAND GAP:   3.7716 eV
 TTTTTTTTTTTTTTTTTTTTTTTTTTTTTT PDIG        TELAPSE     3065.94 TCPU     3042.31
 CHARGE NORMALIZATION FACTOR   1.00000000
 TOTAL ATOMIC CHARGES:
   8.3395858   8.3393770   8.3394604   8.3395858   8.3393771   8.3394604
   8.3393760   8.3394206   8.3394309   8.3395858   8.3393771   8.3394604
   8.3395859   8.3393772   8.3394603   8.3393760   8.3394207   8.3394308
   8.3393760   8.3394206   8.3394309   8.3393760   8.3394207   8.3394308
   8.3393765   8.3394476   8.3394249   9.0375090   9.0410424   9.0351145
   9.0394517   9.0375289   9.0370997   9.0394516   9.0375289   9.0370997
   9.0394517   9.0375289   9.0370997   9.0388078   9.0375720   9.0374455
   9.0388078   9.0375720   9.0374455   9.0394517   9.0375289   9.0370997
   9.0388078   9.0375720   9.0374455   9.0388078   9.0375720   9.0374455
   9.0670116   9.0673404   9.0669485   9.0670116   9.0673404   9.0669483
   9.0674752   9.0674927   9.0670099   9.0675682   9.0674024   9.0675120
   9.0675681   9.0674024   9.0675120   9.0675696   9.0674471   9.0673602
   9.0675681   9.0674023   9.0675120   9.0675681   9.0674023   9.0675120
   9.0675696   9.0674471   9.0673602   9.0670116   9.0673404   9.0669485
   9.0675681   9.0674024   9.0675121   9.0675681   9.0674023   9.0675120
   9.0670116   9.0673404   9.0669483   9.0675681   9.0674024   9.0675120
   9.0675681   9.0674023   9.0675120   9.0674752   9.0674927   9.0670099
   9.0675696   9.0674471   9.0673602   9.0675695   9.0674471   9.0673602
  20.4923604  20.4836420  20.4954377  20.4849344  20.4891551  20.4877754
  20.4849345  20.4891551  20.4877753  20.4849344  20.4891551  20.4877754
  20.4868651  20.4881512  20.4880927  20.4868650  20.4881512  20.4880927
  20.4849345  20.4891551  20.4877753  20.4868650  20.4881512  20.4880927
  20.4868649  20.4881513  20.4880926
 TTTTTTTTTTTTTTTTTTTTTTTTTTTTTT MOQGAD      TELAPSE     3066.10 TCPU     3042.37
 TTTTTTTTTTTTTTTTTTTTTTTTTTTTTT SHELLXN     TELAPSE     3454.57 TCPU     3426.87
 TTTTTTTTTTTTTTTTTTTTTTTTTTTTTT MONMO3      TELAPSE     3467.33 TCPU     3439.48
 NUMERICALLY INTEGRATED DENSITY   1511.9924189372
 TTTTTTTTTTTTTTTTTTTTTTTTTTTTTT NUMDFT      TELAPSE     3484.16 TCPU     3456.16
 CYC   7 ETOT(AU) -2.971869595374E+04 DETOT -2.96E-05 tst  1.56E-07 PX  1.67E-03
 TTTTTTTTTTTTTTTTTTTTTTTTTTTTTT DIIS        TELAPSE     3489.77 TCPU     3461.70
 DIIS TEST: 0.37999E-03 AT SCF   CYCLE   7 - DIIS ACTIVE - HISTORY:     7 CYCLES
 TTTTTTTTTTTTTTTTTTTTTTTTTTTTTT FDIK        TELAPSE     3506.18 TCPU     3477.61
 INSULATING STATE
 TOP OF VALENCE BANDS -    BAND    756; K    8; EIG -1.4790567E-01 AU
 TOP OF VALENCE BANDS -    BAND    756; K    1; EIG -1.6181263E-01 AU
 BOTTOM OF VIRTUAL BANDS - BAND    757; K    1; EIG -9.3426905E-03 AU
 INDIRECT ENERGY BAND GAP:   3.7705 eV
 TTTTTTTTTTTTTTTTTTTTTTTTTTTTTT PDIG        TELAPSE     3508.90 TCPU     3480.24
 CHARGE NORMALIZATION FACTOR   1.00000000
 TOTAL ATOMIC CHARGES:
   8.3397193   8.3395092   8.3395094   8.3397193   8.3395093   8.3395094
   8.3395710   8.3395368   8.3395268   8.3397193   8.3395093   8.3395094
   8.3397193   8.3395094   8.3395094   8.3395710   8.3395369   8.3395268
   8.3395710   8.3395368   8.3395268   8.3395710   8.3395369   8.3395268
   8.3395525   8.3395527   8.3395320   9.0395002   9.0375049   9.0401962
   9.0372274   9.0381159   9.0381533   9.0372274   9.0381159   9.0381533
   9.0372274   9.0381159   9.0381533   9.0374622   9.0380462   9.0380946
   9.0374622   9.0380462   9.0380946   9.0372274   9.0381159   9.0381533
   9.0374622   9.0380462   9.0380946   9.0374623   9.0380462   9.0380946
   9.0671422   9.0670784   9.0671574   9.0671422   9.0670784   9.0671572
   9.0670868   9.0673154   9.0672688   9.0672612   9.0672463   9.0672212
   9.0672612   9.0672463   9.0672211   9.0672483   9.0672715   9.0672572
   9.0672612   9.0672463   9.0672211   9.0672612   9.0672463   9.0672211
   9.0672483   9.0672715   9.0672572   9.0671422   9.0670784   9.0671574
   9.0672612   9.0672463   9.0672212   9.0672612   9.0672463   9.0672211
   9.0671422   9.0670784   9.0671572   9.0672612   9.0672463   9.0672211
   9.0672612   9.0672463   9.0672211   9.0670868   9.0673154   9.0672688
   9.0672483   9.0672715   9.0672572   9.0672483   9.0672715   9.0672572
  20.4881516  20.4894115  20.4848853  20.4886683  20.4877394  20.4879551
  20.4886683  20.4877394  20.4879550  20.4886683  20.4877394  20.4879551
  20.4883292  20.4879128  20.4879037  20.4883292  20.4879128  20.4879037
  20.4886683  20.4877394  20.4879550  20.4883292  20.4879128  20.4879037
  20.4883290  20.4879128  20.4879037
 TTTTTTTTTTTTTTTTTTTTTTTTTTTTTT MOQGAD      TELAPSE     3509.05 TCPU     3480.29
 TTTTTTTTTTTTTTTTTTTTTTTTTTTTTT SHELLXN     TELAPSE     3893.45 TCPU     3863.21
 TTTTTTTTTTTTTTTTTTTTTTTTTTTTTT MONMO3      TELAPSE     3906.07 TCPU     3875.76
 NUMERICALLY INTEGRATED DENSITY   1511.9924187157
 TTTTTTTTTTTTTTTTTTTTTTTTTTTTTT NUMDFT      TELAPSE     3922.95 TCPU     3892.54
 CYC   8 ETOT(AU) -2.971869600171E+04 DETOT -4.80E-05 tst  6.92E-08 PX  7.18E-04
 TTTTTTTTTTTTTTTTTTTTTTTTTTTTTT DIIS        TELAPSE     3929.54 TCPU     3898.97
 DIIS TEST: 0.43449E-04 AT SCF   CYCLE   8 - DIIS ACTIVE - HISTORY:     8 CYCLES
 TTTTTTTTTTTTTTTTTTTTTTTTTTTTTT FDIK        TELAPSE     3945.50 TCPU     3914.72
 INSULATING STATE
 TOP OF VALENCE BANDS -    BAND    756; K    8; EIG -1.4789050E-01 AU
 TOP OF VALENCE BANDS -    BAND    756; K    1; EIG -1.6179715E-01 AU
 BOTTOM OF VIRTUAL BANDS - BAND    757; K    1; EIG -9.4068931E-03 AU
 INDIRECT ENERGY BAND GAP:   3.7683 eV
 TTTTTTTTTTTTTTTTTTTTTTTTTTTTTT PDIG        TELAPSE     3948.07 TCPU     3917.28
 CHARGE NORMALIZATION FACTOR   1.00000000
 TOTAL ATOMIC CHARGES:
   8.3397016   8.3394993   8.3395200   8.3397016   8.3394994   8.3395200
   8.3395492   8.3395366   8.3395363   8.3397016   8.3394994   8.3395200
   8.3397017   8.3394995   8.3395200   8.3395493   8.3395367   8.3395363
   8.3395492   8.3395366   8.3395363   8.3395493   8.3395367   8.3395363
   8.3395351   8.3395540   8.3395392   9.0393167   9.0383202   9.0391173
   9.0375765   9.0377059   9.0375084   9.0375765   9.0377059   9.0375084
   9.0375765   9.0377059   9.0375084   9.0376163   9.0376628   9.0375288
   9.0376163   9.0376628   9.0375288   9.0375765   9.0377059   9.0375084
   9.0376163   9.0376628   9.0375288   9.0376164   9.0376628   9.0375288
   9.0670039   9.0669680   9.0669452   9.0670039   9.0669680   9.0669450
   9.0669762   9.0671321   9.0669863   9.0671009   9.0670323   9.0670353
   9.0671009   9.0670323   9.0670352   9.0670879   9.0670831   9.0670249
   9.0671008   9.0670323   9.0670352   9.0671008   9.0670323   9.0670352
   9.0670879   9.0670831   9.0670249   9.0670039   9.0669680   9.0669452
   9.0671008   9.0670323   9.0670353   9.0671008   9.0670323   9.0670352
   9.0670039   9.0669680   9.0669450   9.0671008   9.0670323   9.0670352
   9.0671008   9.0670323   9.0670352   9.0669761   9.0671320   9.0669863
   9.0670879   9.0670831   9.0670249   9.0670878   9.0670831   9.0670249
  20.4886059  20.4880424  20.4870531  20.4884508  20.4888621  20.4888479
  20.4884508  20.4888620  20.4888478  20.4884508  20.4888621  20.4888479
  20.4885631  20.4887264  20.4888402  20.4885631  20.4887264  20.4888401
  20.4884508  20.4888620  20.4888478  20.4885631  20.4887264  20.4888401
  20.4885629  20.4887264  20.4888401
 TTTTTTTTTTTTTTTTTTTTTTTTTTTTTT MOQGAD      TELAPSE     3948.15 TCPU     3917.34
 TTTTTTTTTTTTTTTTTTTTTTTTTTTTTT SHELLXN     TELAPSE     4330.22 TCPU     4298.41
 TTTTTTTTTTTTTTTTTTTTTTTTTTTTTT MONMO3      TELAPSE     4342.88 TCPU     4311.03
 NUMERICALLY INTEGRATED DENSITY   1511.9924190970
 TTTTTTTTTTTTTTTTTTTTTTTTTTTTTT NUMDFT      TELAPSE     4359.71 TCPU     4327.80
 CYC   9 ETOT(AU) -2.971869600778E+04 DETOT -6.07E-06 tst  5.97E-09 PX  2.30E-04
 TTTTTTTTTTTTTTTTTTTTTTTTTTTTTT DIIS        TELAPSE     4365.38 TCPU     4333.41
 DIIS TEST: 0.27574E-05 AT SCF   CYCLE   9 - DIIS ACTIVE - HISTORY:     9 CYCLES
 TTTTTTTTTTTTTTTTTTTTTTTTTTTTTT FDIK        TELAPSE     4381.53 TCPU     4349.31
 INSULATING STATE
 TOP OF VALENCE BANDS -    BAND    756; K    8; EIG -1.4789637E-01 AU
 TOP OF VALENCE BANDS -    BAND    756; K    1; EIG -1.6180062E-01 AU
 BOTTOM OF VIRTUAL BANDS - BAND    757; K    1; EIG -9.4187260E-03 AU
 INDIRECT ENERGY BAND GAP:   3.7682 eV
 TTTTTTTTTTTTTTTTTTTTTTTTTTTTTT PDIG        TELAPSE     4384.11 TCPU     4351.84
 CHARGE NORMALIZATION FACTOR   1.00000000
 TOTAL ATOMIC CHARGES:
   8.3397093   8.3394996   8.3395149   8.3397093   8.3394997   8.3395149
   8.3395467   8.3395283   8.3395210   8.3397093   8.3394997   8.3395149
   8.3397093   8.3394998   8.3395148   8.3395468   8.3395284   8.3395209
   8.3395468   8.3395283   8.3395210   8.3395468   8.3395284   8.3395209
   8.3395332   8.3395467   8.3395239   9.0387136   9.0380194   9.0388321
   9.0374172   9.0377380   9.0377198   9.0374172   9.0377380   9.0377198
   9.0374172   9.0377380   9.0377198   9.0374459   9.0376836   9.0377471
   9.0374459   9.0376835   9.0377471   9.0374172   9.0377380   9.0377198
   9.0374459   9.0376835   9.0377471   9.0374460   9.0376835   9.0377471
   9.0668864   9.0669088   9.0668866   9.0668864   9.0669088   9.0668864
   9.0669445   9.0671224   9.0669838   9.0671048   9.0670587   9.0670694
   9.0671048   9.0670587   9.0670693   9.0670927   9.0670860   9.0670586
   9.0671048   9.0670587   9.0670694   9.0671048   9.0670587   9.0670693
   9.0670927   9.0670860   9.0670586   9.0668864   9.0669088   9.0668866
   9.0671048   9.0670587   9.0670694   9.0671048   9.0670587   9.0670694
   9.0668864   9.0669088   9.0668864   9.0671048   9.0670587   9.0670693
   9.0671047   9.0670587   9.0670693   9.0669445   9.0671223   9.0669838
   9.0670927   9.0670860   9.0670586   9.0670927   9.0670859   9.0670586
  20.4899279  20.4888689  20.4879763  20.4885704  20.4887064  20.4885242
  20.4885704  20.4887064  20.4885241  20.4885704  20.4887064  20.4885242
  20.4887628  20.4886441  20.4885754  20.4887628  20.4886441  20.4885754
  20.4885704  20.4887064  20.4885241  20.4887627  20.4886441  20.4885754
  20.4887626  20.4886441  20.4885753
 TTTTTTTTTTTTTTTTTTTTTTTTTTTTTT MOQGAD      TELAPSE     4384.23 TCPU     4351.90
 TTTTTTTTTTTTTTTTTTTTTTTTTTTTTT SHELLXN     TELAPSE     4769.42 TCPU     4736.02
 TTTTTTTTTTTTTTTTTTTTTTTTTTTTTT MONMO3      TELAPSE     4782.16 TCPU     4748.69
 NUMERICALLY INTEGRATED DENSITY   1511.9924190950
 TTTTTTTTTTTTTTTTTTTTTTTTTTTTTT NUMDFT      TELAPSE     4799.07 TCPU     4765.51
 CYC  10 ETOT(AU) -2.971869600727E+04 DETOT  5.03E-07 tst  1.25E-09 PX  1.07E-04
 TTTTTTTTTTTTTTTTTTTTTTTTTTTTTT DIIS        TELAPSE     4805.67 TCPU     4772.06
 DIIS TEST: 0.18195E-05 AT SCF   CYCLE  10 - DIIS ACTIVE - HISTORY:    10 CYCLES
 TTTTTTTTTTTTTTTTTTTTTTTTTTTTTT FDIK        TELAPSE     4821.89 TCPU     4788.07
 INSULATING STATE
 TOP OF VALENCE BANDS -    BAND    756; K    8; EIG -1.4790266E-01 AU
 TOP OF VALENCE BANDS -    BAND    756; K    1; EIG -1.6180772E-01 AU
 BOTTOM OF VIRTUAL BANDS - BAND    757; K    1; EIG -9.4240694E-03 AU
 INDIRECT ENERGY BAND GAP:   3.7682 eV
 TTTTTTTTTTTTTTTTTTTTTTTTTTTTTT PDIG        TELAPSE     4824.44 TCPU     4790.59
 CHARGE NORMALIZATION FACTOR   1.00000000
 TOTAL ATOMIC CHARGES:
   8.3397011   8.3394956   8.3395135   8.3397011   8.3394957   8.3395135
   8.3395434   8.3395275   8.3395241   8.3397011   8.3394957   8.3395135
   8.3397011   8.3394958   8.3395135   8.3395434   8.3395275   8.3395241
   8.3395434   8.3395275   8.3395241   8.3395434   8.3395275   8.3395241
   8.3395290   8.3395450   8.3395269   9.0390068   9.0380464   9.0389543
   9.0374815   9.0377231   9.0376019   9.0374815   9.0377231   9.0376019
   9.0374815   9.0377231   9.0376019   9.0375390   9.0376810   9.0376255
   9.0375390   9.0376810   9.0376255   9.0374815   9.0377231   9.0376019
   9.0375390   9.0376810   9.0376255   9.0375391   9.0376809   9.0376254
   9.0669272   9.0669267   9.0669082   9.0669273   9.0669267   9.0669080
   9.0669566   9.0671335   9.0669951   9.0671040   9.0670516   9.0670510
   9.0671040   9.0670516   9.0670509   9.0670942   9.0670872   9.0670486
   9.0671040   9.0670516   9.0670509   9.0671039   9.0670516   9.0670509
   9.0670942   9.0670872   9.0670486   9.0669272   9.0669267   9.0669082
   9.0671040   9.0670516   9.0670510   9.0671040   9.0670516   9.0670509
   9.0669272   9.0669267   9.0669080   9.0671040   9.0670516   9.0670509
   9.0671039   9.0670516   9.0670509   9.0669566   9.0671335   9.0669951
   9.0670942   9.0670872   9.0670486   9.0670942   9.0670872   9.0670486
  20.4893356  20.4887043  20.4875151  20.4885404  20.4887649  20.4887114
  20.4885403  20.4887649  20.4887113  20.4885404  20.4887649  20.4887114
  20.4886439  20.4886754  20.4887184  20.4886439  20.4886755  20.4887184
  20.4885403  20.4887649  20.4887113  20.4886438  20.4886755  20.4887184
  20.4886437  20.4886755  20.4887183
 TTTTTTTTTTTTTTTTTTTTTTTTTTTTTT MOQGAD      TELAPSE     4824.51 TCPU     4790.65
 TTTTTTTTTTTTTTTTTTTTTTTTTTTTTT SHELLXN     TELAPSE     5209.65 TCPU     5174.88
 +++ ENERGIES IN A.U. +++
 ::: EXT EL-POLE                                  -3.9295052770532E+04
 ::: EXT EL-SPHEROPOLE                             3.7468612573987E+02
 ::: BIELET ZONE E-E                               4.6919895462940E+04
 ::: TOTAL E-E                                     7.9995288181473E+03
 ::: TOTAL E-N + N-E                              -5.9830925643326E+04
 ::: TOTAL N-N                                    -5.6027767762383E+03
 ::: KINETIC ENERGY                                2.9176766645698E+04
 ::: PSEUDO TOTAL   ENERGY                        -2.8257406955718E+04
 ::: VIRIAL COEFFICIENT                            1.0160071893149E+00
 TTTTTTTTTTTTTTTTTTTTTTTTTTTTTT MONMO3      TELAPSE     5222.53 TCPU     5187.58
 NUMERICALLY INTEGRATED DENSITY   1511.9924190782
 EXCHANGE ENERGY: -0.140330537370E+04  CORRELATION ENERGY: -0.579836776012E+02
 TTTTTTTTTTTTTTTTTTTTTTTTTTTTTT NUMDFT      TELAPSE     5239.62 TCPU     5204.57
 CYC  11 ETOT(AU) -2.971869600702E+04 DETOT  2.56E-07 tst  2.81E-10 PX  1.07E-04

 == SCF ENDED - CONVERGENCE ON ENERGY      E(AU) -2.9718696007019E+04 CYCLES  11


 ENERGY EXPRESSION=HARTREE+FOCK EXCH*0.25000+(PBE        EXCH)*0.75000+PBE        CORR


 TOTAL ENERGY(DFT)(AU)( 11) -2.9718696007019E+04 DE 2.6E-07 tester 2.8E-10
 TTTTTTTTTTTTTTTTTTTTTTTTTTTTTT EDFT        TELAPSE     5239.75 TCPU     5204.59

 *******************************************************************************
 *                             FORCE CALCULATION                               *
 *******************************************************************************

 TTTTTTTTTTTTTTTTTTTTTTTTTTTTTT NUMDFG      TELAPSE     5361.96 TCPU     5326.62
 INFORMATION **** EXCPOG **** EXCH. BIPO BUFFER LENGTH (WORDS) =    91261152
 INFORMATION **** GENPOG **** BIPO BUFFER LENGTH (WORDS) =    12784100
 TTTTTTTTTTTTTTTTTTTTTTTTTTTTTT SHELXG      TELAPSE     7020.17 TCPU     6977.90

 CARTESIAN FORCES IN HARTREE/BOHR (ANALYTICAL)
   ATOM                     X                   Y                   Z
   1 256            -2.416101119606E-04 -2.416105486143E-04  1.326217967953E-04
   2 256             3.661679604859E-04  3.661685354847E-04  1.555318709859E-04
   3 256            -2.106847734642E-07 -2.109549603370E-07  1.065833086402E-04
   4 256            -2.416062967653E-04  2.415345529695E-04  1.326197278959E-04
   5 256             3.661863351660E-04 -3.661349408517E-04  1.555441312344E-04
   6 256            -2.161669348492E-07  1.010910078282E-07  1.066825178848E-04
   7 256            -8.928864255435E-06 -2.183222062132E-08  2.253992467954E-04
   8 256             2.012813757823E-08  3.543071595640E-08  2.336339856878E-04
   9 256             2.810206314349E-06 -1.305836677327E-08  1.693486146000E-04
  10 256             2.415341994345E-04 -2.416073115262E-04  1.326192787958E-04
  11 256            -3.661359137088E-04  3.661852619915E-04  1.555439493134E-04
  12 256             1.005562440427E-07 -2.165816156486E-07  1.066828634609E-04
  13 256             2.415265118329E-04  2.415275366122E-04  1.326203791989E-04
  14 256            -3.661399693808E-04 -3.661376704433E-04  1.555653357724E-04
  15 256             1.014037887549E-07  1.020699880318E-07  1.067828751275E-04
  16 256             8.834828237449E-06 -2.798215613722E-08  2.254073083595E-04
  17 256             1.222817855968E-08  3.264931768300E-08  2.336428292125E-04
  18 256            -2.932985454078E-06 -2.193266186599E-08  1.694501233786E-04
  19 256            -2.157010640210E-08 -8.929736776879E-06  2.253989763044E-04
  20 256             3.670666509021E-08  1.920357328364E-08  2.336298758396E-04
  21 256            -1.289740411928E-08  2.809862807143E-06  1.693509616153E-04
  22 256            -2.775356977484E-08  8.835663246162E-06  2.254066801438E-04
  23 256             3.308945094617E-08  1.444432044654E-08  2.336408515766E-04
  24 256            -2.179173070069E-08 -2.932510372581E-06  1.694518610817E-04
  25 256            -2.764729541001E-08 -2.760058007302E-08  2.210054543556E-04
  26 256             3.392035019885E-08  3.429076992026E-08  2.235809696288E-04
  27 256            -2.730903452517E-08 -2.729744783229E-08  1.839707431138E-04
  28   8             3.028016792327E-09  2.702873254139E-09 -2.675113285243E-03
  29   8            -2.130665916290E-08 -2.077951308830E-08  3.117830368362E-04
  30   8             6.374840038219E-09  6.403497922030E-09  8.439594844480E-04
  31   8            -8.497658027024E-10  2.780334048774E-05 -2.274005474527E-04
  32   8            -1.524713348269E-08  4.622046424310E-06 -3.725455680126E-05
  33   8             3.982361006830E-09 -4.024446702606E-05 -1.637451773577E-04
  34   8             6.921305960862E-09 -2.782436206195E-05 -2.273935891974E-04
  35   8            -1.784982112022E-08 -4.610129869117E-06 -3.725911927699E-05
  36   8             3.751319515253E-09  4.026213443730E-05 -1.637447858753E-04
  37   8             2.780111400041E-05 -7.614821744836E-10 -2.274347940610E-04
  38   8             4.620984992094E-06 -1.478759152921E-08 -3.726542684124E-05
  39   8            -4.024555608382E-05  3.909265498395E-09 -1.637556349774E-04
  40   8             3.124120701592E-05  3.124259903817E-05 -1.852482438478E-04
  41   8             1.181655363255E-06  1.182841074809E-06 -9.204508898275E-05
  42   8            -1.950930855218E-05 -1.950783705912E-05 -1.437886880273E-04
  43   8             3.124319520317E-05 -3.125422733291E-05 -1.852241938831E-04
  44   8             1.179468821209E-06 -1.164828887305E-06 -9.203353367759E-05
  45   8            -1.951208294299E-05  1.953116754673E-05 -1.437577272263E-04
  46   8            -2.782249159794E-05  6.806830360817E-09 -2.274265920477E-04
  47   8            -4.609387051359E-06 -1.734939652956E-08 -3.727070489834E-05
  48   8             4.026337091117E-05  3.748299597604E-09 -1.637562885897E-04
  49   8            -3.125234985243E-05  3.124450957648E-05 -1.852242603633E-04
  50   8            -1.164016760584E-06  1.180631386031E-06 -9.203435105842E-05
  51   8             1.953291171764E-05 -1.951070357376E-05 -1.437576965770E-04
  52   8            -3.125082304243E-05 -3.124858346198E-05 -1.852448488293E-04
  53   8            -1.164852589967E-06 -1.165617540079E-06 -9.205444996940E-05
  54   8             1.953105701147E-05  1.952962799039E-05 -1.437878128554E-04
  55   8            -1.284583670845E-08 -3.291326349410E-05 -5.612802982082E-04
  56   8            -6.510642596789E-09 -2.058176461532E-04  1.323184999873E-04
  57   8             4.945364487691E-08  2.395467126592E-04  8.293076875598E-05
  58   8            -7.742527285342E-09  3.286668675575E-05 -5.612886959432E-04
  59   8            -7.985849115281E-09  2.055388038173E-04  1.323041006875E-04
  60   8             6.571037158062E-08 -2.393285406074E-04  8.289714096743E-05
  61   8            -3.950015799586E-09 -8.314926698095E-08 -6.312125353247E-05
  62   8            -6.784377575917E-09 -1.488941830805E-07 -3.145485604894E-05
  63   8             9.034633343682E-08  9.501231915807E-08 -1.529110374543E-06
  64   8            -8.652621061151E-06  1.723549747735E-05 -8.315681279325E-05
  65   8             2.892737062371E-05 -2.461792397456E-05 -5.806710035472E-06
  66   8            -2.224753754281E-05  3.154660550325E-05  3.412660571911E-07
  67   8            -8.645444005060E-06 -1.740784499575E-05 -8.314959307265E-05
  68   8             2.892757825515E-05  2.433657677378E-05 -5.806859409763E-06
  69   8            -2.222355798065E-05 -3.133568405522E-05  3.291724823828E-07
  70   8            -3.416721764325E-06 -8.163920789880E-08 -5.250796465650E-05
  71   8             5.312466549447E-06 -1.477480167326E-07 -2.758351885834E-05
  72   8            -5.006485708195E-06  9.214639712909E-08 -1.389090288550E-05
  73   8             8.634235130396E-06  1.723869937969E-05 -8.315527666047E-05
  74   8            -2.885885926274E-05 -2.461593910289E-05 -5.801389285409E-06
  75   8             2.223881834021E-05  3.154567935360E-05  3.434256337087E-07
  76   8             8.633976012716E-06 -1.740364477403E-05 -8.315127970038E-05
  77   8            -2.887002760235E-05  2.433957549152E-05 -5.809138310386E-06
  78   8             2.226067070238E-05 -3.133906186403E-05  3.288292302894E-07
  79   8             3.408277976065E-06 -8.770718067447E-08 -5.251116152794E-05
  80   8            -5.267872343800E-06 -1.508060079806E-07 -2.758301116668E-05
  81   8             5.080719113948E-06  9.558040897305E-08 -1.389165987109E-05
  82   8            -3.291820556136E-05 -1.356925322739E-08 -5.612800070229E-04
  83   8            -2.057990709914E-04 -6.277500091488E-09  1.323187641997E-04
  84   8             2.395509630695E-04  4.940234623615E-08  8.293036819151E-05
  85   8             1.732605913235E-05 -8.656929006408E-06 -8.315160867700E-05
  86   8            -2.460002190544E-05  2.892694792070E-05 -5.805998546604E-06
  87   8             3.154585719345E-05 -2.224764799051E-05  3.405333988127E-07
  88   8             1.732958522038E-05  8.638022341084E-06 -8.314918532060E-05
  89   8            -2.459814627363E-05 -2.885850892729E-05 -5.801351956602E-06
  90   8             3.154449476850E-05  2.223896975916E-05  3.423775458700E-07
  91   8             3.297589555601E-05 -1.197430485260E-08 -5.612799512400E-04
  92   8             2.055550391117E-04 -7.766513219708E-09  1.323041502823E-04
  93   8            -2.393265487016E-04  6.565937948119E-08  8.289657210736E-05
  94   8            -1.729021324041E-05 -8.649510789483E-06 -8.314428742229E-05
  95   8             2.435343714569E-05  2.892751742707E-05 -5.806101155637E-06
  96   8            -3.132832736437E-05 -2.222360696875E-05  3.285480489890E-07
  97   8            -1.728594823109E-05  8.638479446443E-06 -8.314599366699E-05
  98   8             2.435625825355E-05 -2.886998203657E-05 -5.808812283403E-06
  99   8            -3.133123313602E-05  2.226074951901E-05  3.278695992481E-07
 100   8             1.923225169644E-08 -7.308145765943E-09 -6.310919113361E-05
 101   8            -1.318731777680E-07 -6.794613029480E-09 -3.145461651100E-05
 102   8             9.809642462470E-08  9.021339368552E-08 -1.530719629939E-06
 103   8             2.174980881242E-08 -3.420247867017E-06 -5.249917692773E-05
 104   8            -1.304859687044E-07  5.312293861585E-06 -2.758253711588E-05
 105   8             9.480087626121E-08 -5.006198352492E-06 -1.389205859614E-05
 106   8             1.620636947465E-08  3.411356318738E-06 -5.249881735891E-05
 107   8            -1.335738850298E-07 -5.267278129423E-06 -2.758236697931E-05
 108   8             9.823438823163E-08  5.080529235612E-06 -1.389276701103E-05
 109  22            -2.196546084913E-08 -1.792509358661E-08  5.318562750707E-03
 110  22             1.148750187749E-07  1.315017331141E-07 -1.136184078416E-03
 111  22            -5.188703360656E-08 -4.861332119522E-08 -1.137050908314E-03
 112  22            -1.051467285255E-08  8.448116822318E-05  1.096967844840E-04
 113  22             9.229128056393E-08 -1.432959664677E-04 -6.484349469549E-05
 114  22            -5.904531912553E-08  1.482821184605E-04 -6.905119762513E-05
 115  22            -5.134280258020E-09 -8.426187199423E-05  1.096840699049E-04
 116  22             9.930322837579E-08  1.435252601499E-04 -6.484520374661E-05
 117  22            -5.879653467950E-08 -1.484432899311E-04 -6.905648567512E-05
 118  22             8.438153854789E-05  9.568637721450E-08  1.097208932572E-04
 119  22            -1.433106659802E-04  1.087733831347E-07 -6.483166108051E-05
 120  22             1.482801061179E-04 -5.605174506745E-08 -6.904021222542E-05
 121  22             7.908629794656E-06  8.012719830468E-06  7.018429309857E-05
 122  22            -2.948227960348E-05 -2.946795800235E-05 -4.428043971805E-05
 123  22             2.593793688503E-05  2.593985687741E-05 -4.879133141822E-05
 124  22             7.921734179653E-06 -7.822748783237E-06  7.016488723988E-05
 125  22            -2.946608017015E-05  2.964790313970E-05 -4.430061555860E-05
 126  22             2.594951164515E-05 -2.612798067462E-05 -4.882206419854E-05
 127  22            -8.436532877035E-05  1.006159214485E-07  1.097078586549E-04
 128  22             1.435056076370E-04  1.156435710112E-07 -6.483347861597E-05
 129  22            -1.484471488549E-04 -5.580382015885E-08 -6.904465163693E-05
 130  22            -7.926916610956E-06  8.020931254985E-06  7.016451546837E-05
 131  22             2.962755869145E-05 -2.945185041877E-05 -4.430001708533E-05
 132  22            -2.613240450614E-05  2.595110089588E-05 -4.882161675157E-05
 133  22            -7.916802665792E-06 -7.809802519269E-06  7.017217982375E-05
 134  22             2.964195327188E-05  2.966267360434E-05 -4.428850376259E-05
 135  22            -2.612403029112E-05 -2.611938292397E-05 -4.879724673001E-05

 RESULTANT FORCE    -3.850475446571E-12 -1.271920225122E-13  1.182945408296E-11

 SYMMETRY ALLOWED FORCES (ANALYTICAL) (DIRECTION, FORCE)

    1 -2.4250997E-04    2 -2.4251040E-04    3  1.3311573E-04    4  3.6573213E-04
    5  3.6573270E-04    6  1.5710891E-04    7  7.2858464E-07    8  7.2831445E-07
    9  1.0916103E-04   10 -2.4158109E-04   11  2.4340030E-04   12  1.3612677E-04
   13  3.6669350E-04   14 -3.6473674E-04   15  1.6018231E-04   16  1.7052290E-06
   17  9.9525647E-08   18  1.1236862E-04   19 -7.0281657E-06   20 -2.3102286E-08
   21  2.3242266E-04   22  1.9008662E-06   23  3.4204456E-08   24  2.4251271E-04
   25  4.7170211E-06   26 -1.4206268E-08   27  1.7988987E-04   28  2.4443159E-04
   29 -2.4257302E-04   30  1.4444732E-04   31 -3.6372054E-04   32  3.6571700E-04
   33  1.6862448E-04   34  1.0565250E-06   35  7.9004781E-07   36  1.2093057E-04
   37  2.4347854E-04   38  2.4352935E-04   39  1.4796138E-04   40 -3.6468982E-04
   41 -3.6463731E-04   42  1.7221876E-04   43  4.7865575E-08   44  9.9170803E-08
   45  1.2466269E-04   46  8.8183089E-06   47 -3.0596740E-08   48  2.4482772E-04
   49  3.2821212E-08   50  3.0032900E-08   51  2.5516416E-04   52 -2.9246727E-06
   53 -2.4526236E-08   54  1.9286936E-04   55 -2.5840015E-08   56 -8.9708542E-06
   57  2.5071442E-04   58  3.2465858E-08   59 -6.0760807E-08   60  2.6115175E-04
   61 -1.7071748E-08   62  2.7415808E-06   63  1.9887237E-04   64 -3.2143919E-08
   65  8.8181407E-06   66  2.5692779E-04   67  2.8684390E-08   68  3.6013830E-08
   69  2.6748249E-04   70 -2.6186186E-08   71 -2.9238627E-06   72  2.0540400E-04
   73 -3.2305290E-08   74 -3.2239450E-08   75  2.5905030E-04   76  2.9249099E-08
   77  2.9640726E-08   78  2.6400340E-04   79 -3.1993519E-08   80 -3.1958773E-08
   81  2.2664348E-04   82 -1.8126561E-09   83 -2.1158866E-09   84 -2.6436613E-03
   85 -2.6278869E-08   86 -2.5728647E-08   87  3.3246740E-04   88  1.2850397E-09
   89  1.3396215E-09   90  8.7032344E-04   91 -5.9619194E-09   92  2.7931609E-05
   93 -1.9784640E-04   94 -2.0486613E-08   95  4.9079329E-06   96 -8.6912001E-06
   97 -1.3629602E-09   98 -4.0130095E-05   99 -1.3588515E-04  100  1.5770697E-09
  101 -2.8044035E-05  102 -2.0118668E-04  103 -2.3301912E-08  104 -4.9930727E-06
  105 -1.2105813E-05  106 -1.8261451E-09  107  4.0055067E-05  108 -1.3935036E-04
  109  2.7936981E-05  110 -6.0697548E-09  111 -2.0477925E-04  112  4.9242141E-06
  113 -2.0230234E-08  114 -1.5732501E-05  115 -4.0124372E-05  116 -1.6458950E-09
  117 -1.4304284E-04  118  3.1317490E-05  119  3.1401010E-05  120 -1.6614614E-04
  121  1.4298817E-06  122  1.5140782E-06  123 -7.4206749E-05  124 -1.9356733E-05
  125 -1.9271349E-05  126 -1.2702147E-04  127  3.1461586E-05  128 -3.1289751E-05
  129 -1.7005481E-04  130  1.5769781E-06  131 -1.3774522E-06  132 -7.8212088E-05
  133 -1.9211783E-05  134  1.9417983E-05  135 -1.3108709E-04  136 -2.7783413E-05
  137  1.2091015E-09  138 -2.1668940E-04  139 -4.7527351E-06  140 -2.3070326E-08
  141 -2.7904679E-05  142  4.0322857E-05  143 -2.1153950E-09  144 -1.5543404E-04
  145 -3.1141276E-05  146  3.1419729E-05  147 -1.7882345E-04  148 -1.2407078E-06
  149  1.5470161E-06  150 -8.7178536E-05  151  1.9564369E-05  152 -1.9248809E-05
  153 -1.4024058E-04  154 -3.1290064E-05  155 -3.1287720E-05  156 -1.8365650E-04
  157 -1.4004858E-06  158 -1.4011360E-06  159 -9.2125807E-05  160  1.9405600E-05
  161  1.9404274E-05  162 -1.4530795E-04  163 -1.9000317E-08  164 -3.3124312E-05
  165 -5.6720680E-04  166 -1.2864160E-08  167 -2.0753626E-04  168  1.2363310E-04
  169  4.3293850E-08  170  2.3803003E-04  171  7.5504800E-05  172 -1.3713875E-08
  173  3.3083734E-05  174 -5.7191012E-04  175 -1.4138066E-08  176  2.0732063E-04
  177  1.1875461E-04  178  5.9860569E-08  179 -2.3775659E-04  180  7.0592339E-05
  181 -9.4653841E-09  182 -9.1609765E-08  183 -7.5461765E-05  184 -1.2447880E-08
  185 -1.5904991E-07  186 -4.4605950E-05  187  8.5183321E-08  188  8.4350656E-08
  189 -1.5088387E-05  190 -8.7179476E-06  191  1.7346301E-05  192 -9.7499959E-05
  193  2.9005856E-05  194 -2.4558954E-05  195 -2.0982362E-05  196 -2.2121179E-05
  197  3.1657716E-05  198 -1.5091915E-05  199 -8.7423893E-06  200 -1.7193199E-05
  201 -9.9414769E-05  202  2.8980466E-05  203  2.4606867E-05  204 -2.2969880E-05
  205 -2.2120901E-05  206 -3.1115519E-05  207 -1.7132969E-05  208 -3.5076921E-06
  209 -9.7049711E-08  210 -7.0636581E-05  211  5.2350426E-06  212 -1.6517773E-07
  213 -4.6613374E-05  214 -5.0830370E-06  215  7.4011728E-08  216 -3.3546629E-05
  217  8.5859158E-06  218  1.7359475E-05  219 -1.0390413E-04  220 -2.9073632E-05
  221 -2.4554554E-05  222 -2.7608383E-05  223  2.1967511E-05  224  3.1667256E-05
  225 -2.1868940E-05  226  8.6170859E-06  227 -1.7162890E-05  228 -1.0643583E-04
  229 -2.9061535E-05  230  2.4645244E-05  231 -3.0249339E-05  232  2.2010272E-05
  233 -3.1091034E-05  234 -2.4583878E-05  235  3.3798919E-06  236 -1.1221014E-07
  237 -7.8328714E-05  238 -5.3138734E-06  239 -1.7790198E-07  240 -5.4586406E-05
  241  5.0325884E-06  242  6.7490800E-08  243 -4.1770534E-05  244 -3.3229066E-05
  245 -4.1422145E-08  246 -5.9507962E-04  247 -2.0839732E-04  248 -3.4849676E-08
  249  9.3820747E-05  250  2.3725076E-04  251  2.0696645E-08  252  4.5772434E-05
  253  1.7513104E-05  254 -8.7718571E-06  255 -1.2105567E-04  256 -2.4484798E-05
  257  2.9016365E-05  258 -4.5370619E-05  259  3.1738025E-05  260 -2.2090214E-05
  261 -4.0095966E-05  262  1.8039554E-05  263  8.6571902E-06  264 -1.2531342E-04
  265 -2.3953471E-05  266 -2.9058523E-05  267 -4.9824587E-05  268  3.2283037E-05
  269  2.1964860E-05  270 -4.4708145E-05  271  3.4456164E-05  272 -4.3860798E-08
  273 -6.1368149E-04  274  2.0982271E-04  275 -4.0612786E-08  276  7.3811724E-05
  277 -2.3538625E-04  278  3.2726357E-08  279  2.5556405E-05  280 -1.6331242E-05
  281 -8.7872974E-06  282 -1.4188124E-04  283  2.5426439E-05  284  2.9039541E-05
  285 -6.7086062E-05  286 -3.0320867E-05  287 -2.2027922E-05  288 -6.2571911E-05
  289 -1.6882605E-05  290  8.6653588E-06  291 -1.4876318E-04  292  2.4868300E-05
  293 -2.9115478E-05  294 -7.4355588E-05  295 -3.0905881E-05  296  2.1922707E-05
  297 -7.0171775E-05  298  1.8535034E-08  299 -4.3563946E-08  300 -1.3648575E-04
  301 -1.3423907E-07  302 -4.4305901E-08  303 -1.0832597E-04  304  9.5180897E-08
  305  5.2838100E-08  306 -8.1186388E-05  307  2.0579868E-08  308 -3.5104260E-06
  309 -1.3544373E-04  310 -1.3343835E-07  311  5.2503755E-06  312 -1.1442926E-04
  313  9.1196316E-08  314 -5.0664928E-06  315 -1.0426525E-04  316  1.4350491E-08
  317  3.3231680E-06  318 -1.4706742E-04  319 -1.3757727E-07  320 -5.3924448E-06
  321 -1.2687176E-04  322  9.3480287E-08  323  4.9490938E-06  324 -1.1754597E-04
  325 -2.5480498E-08  326 -5.9659120E-08  327  5.3120520E-03  328  1.1307035E-07
  329  9.0386484E-08  330 -1.0621296E-03  331 -5.2513460E-08  332 -8.9751922E-08
  333 -1.1063843E-03  334 -1.2486876E-08  335  8.6254261E-05  336  1.2007721E-04
  337  9.2074371E-08  338 -1.4280672E-04  339 -5.3046471E-05  340 -5.8538782E-08
  341  1.4898727E-04  342 -5.9821775E-05  343 -6.1536168E-09  344 -8.2027511E-05
  345  1.2040754E-04  346  1.0068123E-07  347  1.4746792E-04  348 -5.2477006E-05
  349 -5.6304727E-08  350 -1.4452434E-04  351 -5.9642302E-05  352  8.6828863E-05
  353  5.5910186E-08  354  1.2090726E-04  355 -1.4260384E-04  356  7.2791485E-08
  357 -5.1683137E-05  358  1.4934028E-04  359 -9.2738207E-08  360 -5.9367474E-05
  361  1.4353192E-05  362  8.2528307E-06  363  8.0644555E-05  364 -2.3384580E-05
  365 -3.0030575E-05  366 -3.2159519E-05  367  3.2424957E-05  368  2.5233554E-05
  369 -3.9431336E-05  370  1.6432335E-05  371 -7.8321267E-06  372  8.1379337E-05
  373 -2.1211949E-05  374  3.0719886E-05  375 -3.0905835E-05  376  3.4962470E-05
  377 -2.4830832E-05  378 -3.8933711E-05  379 -7.7917327E-05  380  5.7914135E-08
  381  1.2461716E-04  382  1.5525433E-04  383  8.1733689E-08  384 -4.5289958E-05
  385 -1.3607276E-04  386 -9.0806413E-08  387 -5.6844925E-05  388 -7.0712548E-06
  389  8.7401764E-06  390  8.5236179E-05  391  3.3326697E-05  392 -3.1191357E-05
  393 -2.3582664E-05  394 -2.1361479E-05  395  2.3705949E-05  396 -3.5666182E-05
  397 -7.9002284E-06  398 -7.8232194E-06  399  9.5297443E-05  400  3.9432505E-05
  401  3.9443870E-05  402  3.1881627E-06
 TTTTTTTTTTTTTTTTTTTTTTTTTTTTTT TOTGRA      TELAPSE     7052.27 TCPU     7009.73
 EIGENVECTORS IN FORTRAN UNIT 10
 TTTTTTTTTTTTTTTTTTTTTTTTTTTTTT END         TELAPSE     7056.98 TCPU     7013.92
 EEEEEEEEEE TERMINATION  DATE 25 03 2026 TIME 19:00:45.8
NODE    0 CPU TIME =      7013.918
NODE    1 CPU TIME =      7020.521
NODE    2 CPU TIME =      7018.649
NODE    3 CPU TIME =      7019.687
NODE    4 CPU TIME =      7016.362
NODE    5 CPU TIME =      7017.473
NODE    6 CPU TIME =      7017.327
NODE    7 CPU TIME =      7019.945
NODE    8 CPU TIME =      7017.724
NODE    9 CPU TIME =      7020.871
NODE   10 CPU TIME =      7016.320
NODE   11 CPU TIME =      7018.939
NODE   12 CPU TIME =      7019.089
NODE   13 CPU TIME =      7020.031
NODE   14 CPU TIME =      7013.416
NODE   15 CPU TIME =      7018.456
NODE   16 CPU TIME =      7007.645
NODE   17 CPU TIME =      7019.870
NODE   18 CPU TIME =      7015.641
NODE   19 CPU TIME =      7019.095
NODE   20 CPU TIME =      7018.274
NODE   21 CPU TIME =      7019.995
NODE   22 CPU TIME =      7016.813
NODE   23 CPU TIME =      7004.979
NODE   24 CPU TIME =      7014.678
NODE   25 CPU TIME =      7017.355
NODE   26 CPU TIME =      7014.853
NODE   27 CPU TIME =      7012.804
NODE   28 CPU TIME =      7012.567
NODE   29 CPU TIME =      7017.909
NODE   30 CPU TIME =      7014.173
NODE   31 CPU TIME =      7009.700
    TOTAL CPU TIME =    224525.080
------------------------------------------------------
Pcrystal finished normally
------------------------------------------------------
SCF wavefunction fort.9 saved as /users/zeitzsab/tetra_script_walkthrough/oldPyro_tetra/harm/h_disp13.w
Date: 2026-03-25 19:00:47