# Displacement: 1,  E_pot (hartree): -29718.644085667
     -0.0214900       0.0143101       0.0710430       3.76225820E-03 -6.37614908E-03 -1.62056359E-02
     -0.0639821      -0.0314822       0.0250772       2.50908594E-02  5.68532590E-03  3.65232431E-03
      0.0224239       0.0542400      -0.0476329      -3.15534254E-03 -2.09474462E-02  8.43811952E-03
      0.0014577       0.0738233      -0.0161775       3.36964400E-03 -1.40983771E-03  4.98053413E-03
     -0.0701500       0.0014711       0.0281161       2.10703127E-02 -5.71259095E-03 -9.99648246E-03
     -0.0247021       0.0622707       0.0350126       1.33446897E-02 -1.25154079E-02 -2.01140101E-03
     -0.0106925      -0.0212959      -0.0717346      -4.93393271E-03  1.60191754E-03  1.27200751E-02
     -0.0182035       0.0540247       0.0496353       1.38523555E-03  4.23772305E-03 -1.68136155E-02
     -0.0035976      -0.0139683       0.0742001       6.29453827E-04  2.03569779E-02 -5.14801569E-03
     -0.0471077       0.0162349      -0.0568417       1.63366351E-02  5.68417917E-03  6.59547985E-03
      0.0447505       0.0006612      -0.0609153      -9.22881971E-03 -3.45170684E-03  1.37411339E-02
     -0.0111878      -0.0240358      -0.0707871       1.38343694E-03 -3.26729491E-03 -1.15625355E-03
     -0.0629952      -0.0196254       0.0368802       1.58677214E-02  6.65795480E-03 -1.62656764E-02
      0.0718378       0.0186803      -0.0142863      -1.72878151E-02 -1.64562555E-02  9.43454588E-03
      0.0457483      -0.0174062      -0.0576006      -1.44088081E-02  1.62941482E-03  1.18617693E-02
      0.0096887       0.0145354       0.0735430      -7.05257500E-03 -9.59527506E-03 -1.83843802E-02
      0.0208877      -0.0726437      -0.0005676      -4.12735660E-03  3.17287173E-02  7.17758477E-03
     -0.0657992      -0.0369156      -0.0046261       9.85119485E-03  1.40911227E-02  1.93109078E-03
      0.0597036      -0.0323874       0.0331698      -1.83999055E-02  1.37005696E-02  4.76011301E-03
      0.0608916      -0.0441344       0.0076198      -2.64819639E-02  1.74253396E-02  1.04959846E-03
      0.0143299       0.0019123       0.0741937      -4.08852333E-03 -8.53598462E-03 -1.63496348E-02
     -0.0532515      -0.0097841      -0.0527470       2.93298212E-03  4.92633299E-03  2.16293632E-02
      0.0674028       0.0297260      -0.0169390      -1.46666538E-02 -7.51355631E-03 -4.98657945E-03
      0.0257311      -0.0196506      -0.0683042      -7.23977278E-03  1.04696559E-02  9.96405207E-03
      0.0086242       0.0630212       0.0408368       9.76635830E-03 -2.26835073E-02  5.55027601E-04
     -0.0137197      -0.0103090      -0.0736153       2.71375216E-04 -3.45166908E-03  1.23730170E-02
     -0.0606904       0.0202710       0.0402427       3.64638888E-03 -4.40888397E-03 -1.33568165E-02
      0.0265662       0.0120453       0.0697342      -1.12860359E-02 -1.97731188E-03 -3.17492205E-02
      0.0435258      -0.0585088      -0.0198982      -1.68548040E-02  1.39676557E-02  1.67943458E-02
      0.0635185      -0.0378777       0.0156328      -1.30644907E-02  6.29742494E-03 -2.51528782E-02
     -0.0505946       0.0243422      -0.0506097       2.35283293E-03 -1.09764250E-02  4.65357980E-02
     -0.0551392       0.0283937       0.0432108       2.25509799E-03 -4.77567560E-03 -2.90641657E-02
     -0.0398341       0.0637076      -0.0082646      -7.22132387E-04 -1.71011198E-02 -1.05401704E-02
      0.0667583       0.0298644      -0.0191087      -1.57509674E-02  2.24235333E-04 -1.49799621E-02
      0.0517666      -0.0512022      -0.0203037      -1.05020324E-02  3.32628992E-03  1.13322854E-02
      0.0610201      -0.0440106       0.0073009      -1.60358238E-02  1.21685462E-02  1.02414628E-02
     -0.0605866       0.0148338       0.0426958       8.01833046E-03  4.14714231E-03 -8.68027137E-03
     -0.0553169       0.0337812      -0.0388918       2.17372389E-02 -6.36085838E-03  4.45978832E-02
     -0.0041971      -0.0287816       0.0697690       4.30932727E-03  1.49336402E-03 -3.93150278E-02
      0.0093096      -0.0540620       0.0520033       1.35221759E-03  3.24243599E-03 -4.15745600E-03
     -0.0453658      -0.0387974      -0.0463726       8.82125540E-03 -2.73718954E-03  3.30932678E-02
      0.0352569      -0.0465235       0.0480231      -4.67427992E-03  5.12291532E-03 -2.56339008E-02
     -0.0562735      -0.0504171      -0.0022593       8.68188997E-03  3.79050232E-03 -1.25035665E-02
      0.0427698       0.0140752      -0.0607153       2.24604278E-03 -1.19062875E-03  5.14855119E-03
     -0.0717944      -0.0226533      -0.0067890       1.88553899E-02  5.16394065E-03  2.70150372E-02
     -0.0181963      -0.0421576      -0.0600444       1.20292941E-02  7.28713708E-03  2.23876523E-02
     -0.0184228      -0.0657929      -0.0323360      -1.27045226E-03  1.37508477E-02  2.35095830E-02
      0.0365736       0.0650316      -0.0121225      -3.33699144E-03 -7.99546719E-03  1.67639440E-02
     -0.0695935       0.0253434      -0.0151049       1.59103148E-02 -5.93902540E-03  4.47238504E-02
      0.0387221      -0.0593986       0.0261937      -2.22907298E-03  3.62805914E-03 -7.24802020E-03
      0.0284233      -0.0400404       0.0574682      -7.15626144E-03 -3.67509762E-04 -4.77647825E-02
     -0.0586335      -0.0458359       0.0132241       2.87952934E-03  1.75544050E-02  1.96462842E-02
      0.0137629       0.0005367       0.0743236      -1.45509299E-02  2.13669682E-03 -3.18568614E-02
     -0.0011884      -0.0058928       0.0753496      -4.36174126E-03  3.00448368E-03 -1.89289099E-02
      0.0390636       0.0110795      -0.0637573      -1.55387898E-02 -1.27683283E-03  3.10904235E-03
      0.0054093      -0.0560606       0.0504149      -8.45736446E-03  1.70998401E-02 -8.67814683E-03
      0.0029688       0.0082151      -0.0750826      -7.50194413E-03  3.35301613E-03  1.34206595E-02
      0.0431987      -0.0548233      -0.0290168      -6.14988300E-03  1.55857262E-02  6.44424994E-03
      0.0712883      -0.0058877      -0.0244337      -1.82825496E-02  1.41234155E-02  2.11765980E-03
     -0.0386594       0.0142113      -0.0633813      -3.19618558E-03 -1.81020848E-02  4.54734622E-03
     -0.0651461      -0.0328136       0.0198234       4.50683457E-03 -7.02378177E-03  1.22566531E-03
     -0.0355246       0.0139792      -0.0652403      -1.67630528E-04 -3.66213333E-02  2.74519776E-03
     -0.0734069      -0.0047311       0.0173999       5.69199263E-03  1.09778211E-02 -3.07656288E-03
     -0.0659746       0.0018070       0.0368482       8.31321029E-03 -1.15019945E-02 -3.31447903E-03
     -0.0588707       0.0344185      -0.0326085       1.60935197E-02 -2.96611150E-03  4.07430011E-03
     -0.0337009      -0.0453583       0.0502055       1.62705263E-02  1.50554293E-02 -1.02367706E-02
     -0.0436895      -0.0336058       0.0517259       2.65465885E-03  1.44197708E-02  5.51148042E-04
     -0.0582246      -0.0288561       0.0386124       1.10623686E-02  3.14158886E-03 -6.36010566E-03
     -0.0127899      -0.0743962       0.0039146       1.08258080E-02  1.13373243E-02 -4.70911435E-03
     -0.0611840       0.0370638       0.0244231       1.05171410E-02 -2.21912993E-02 -9.65752888E-04
      0.0185393      -0.0726030       0.0099406       1.73656462E-03  1.32541749E-02 -4.50399839E-03
     -0.0513842       0.0459939       0.0309504       1.22452636E-02 -2.29770894E-02 -4.01866761E-03
     -0.0438124       0.0220182      -0.0575271       1.20884083E-02 -4.64458294E-03  1.02418452E-02
      0.0715074       0.0077575       0.0232428      -1.61387852E-02 -2.45841049E-04 -5.41313020E-03
      0.0155197      -0.0613800       0.0412958      -5.11948166E-03  2.06808332E-02  1.33618046E-03
      0.0659956       0.0298908      -0.0215602      -6.58006514E-03 -2.07010449E-02  1.22275279E-02
     -0.0286874       0.0699006       0.0021574       1.47185896E-02 -1.05310438E-02 -4.52748713E-04
      0.0260364      -0.0354042      -0.0615007      -1.13439941E-02  5.24733366E-04  1.55870665E-03
      0.0256338       0.0559902       0.0438371      -9.35813972E-03  1.01374718E-03 -9.15015280E-04
     -0.0094239       0.0523577       0.0536987       4.57578649E-03 -6.41425820E-03 -5.32178486E-03
     -0.0261386      -0.0689750       0.0165208      -7.61498530E-03 -3.97611580E-03 -2.04960223E-03
      0.0344098       0.0573892      -0.0351590      -1.04945651E-02 -1.08836326E-02  4.40773836E-03
     -0.0251088      -0.0074214       0.0709097      -6.12971453E-03  1.20557989E-02 -9.81448480E-03
     -0.0444270       0.0343252       0.0506135       1.55568896E-02 -5.19856809E-03 -8.08753405E-03
     -0.0710251      -0.0148168      -0.0212039       2.40568935E-02 -3.88373994E-03  1.41624346E-02
      0.0537744       0.0527394       0.0063695      -1.76152493E-02 -1.27059513E-02 -6.17823679E-03
     -0.0433604       0.0051386      -0.0617022      -1.28561291E-02 -9.13731043E-03  4.72675878E-03
     -0.0401048      -0.0143560       0.0624436       1.54552769E-03  1.59870327E-02 -3.54092419E-03
      0.0366702       0.0653775       0.0097362      -2.84170453E-02 -8.84365071E-03 -7.06627783E-03
     -0.0599789      -0.0038500      -0.0458411       1.67972271E-02  3.54529683E-03  1.37910288E-02
     -0.0096418       0.0298428      -0.0687761      -3.22860444E-03 -2.73907251E-03  1.22292489E-02
     -0.0491260      -0.0100319       0.0565659       8.88722021E-03  5.75293810E-03 -5.41395747E-03
      0.0500616      -0.0021987      -0.0565925      -1.59788192E-02 -9.82640137E-04  4.74360711E-03
      0.0289407       0.0577350       0.0392785      -7.03738276E-03 -1.05748735E-02  5.81291065E-03
      0.0447126       0.0502397       0.0345031      -2.44607536E-02 -1.00840533E-02 -9.71384037E-03
     -0.0729488      -0.0091013       0.0175879       1.02494634E-02 -3.56885885E-03 -4.35387659E-03
     -0.0566156       0.0213049      -0.0453263       2.25572437E-03 -5.18968545E-03 -2.04506003E-03
     -0.0435119      -0.0618059      -0.0006613       2.05138466E-02  2.42588313E-03 -3.62689295E-03
      0.0504704       0.0542320       0.0150114      -2.06645101E-02 -4.64825864E-03  2.22497146E-05
      0.0172343      -0.0717255      -0.0164968       4.08164786E-03  1.26388609E-02  5.23400441E-03
      0.0361947       0.0645497      -0.0153939       1.25762165E-03 -3.03693582E-03  7.05004058E-03
      0.0239560      -0.0425199       0.0577224      -8.78248895E-04  1.10194959E-04 -1.15770825E-02
      0.0300223      -0.0644209       0.0257354      -2.48471381E-02  9.33228112E-03  2.35754321E-03
      0.0174663       0.0102628       0.0728238       1.49799951E-02 -8.46199757E-03 -6.13166184E-03
     -0.0713740      -0.0160593       0.0190150       5.25929246E-03 -4.14799199E-03 -1.00689956E-02
     -0.0571579      -0.0377227       0.0319950       6.02333190E-03  1.06549126E-02 -5.12509185E-03
     -0.0569743      -0.0261172      -0.0422555       3.04455503E-02  7.69605912E-03  1.21212164E-03
      0.0275195       0.0554947       0.0433212      -8.25617509E-03 -7.02749991E-03 -1.43010432E-03
      0.0136570       0.0387258      -0.0634626       1.17961200E-02 -2.00459042E-03  3.72453113E-02
     -0.0480297       0.0527632      -0.0249578       4.47949323E-02 -1.25031412E-02 -1.16029815E-02
     -0.0364394       0.0094871      -0.0655428       2.43090268E-02 -4.19885919E-03  1.69158243E-02
      0.0206975       0.0302153       0.0661237      -1.96516192E-02  1.96324939E-02 -6.49853623E-02
     -0.0430631       0.0548139      -0.0292355       2.40674169E-02  1.08744382E-02  3.02299842E-02
     -0.0053696      -0.0387601      -0.0646724       3.14930013E-02  3.00646075E-02  2.83756489E-02
     -0.0207273       0.0574181      -0.0445788       2.49416677E-02 -1.04554489E-02  3.16573950E-02
     -0.0528654       0.0533814      -0.0083304       2.90814703E-02  2.00442511E-03  7.08960466E-04
      0.0162937       0.0490544       0.0551534      -1.12760321E-03 -2.65732429E-02 -4.24927356E-02
     -0.0472694       0.0454541       0.0375927       2.03867803E-02 -1.66282106E-02 -1.54965919E-02
      0.0229938       0.0456466       0.0556899      -2.67120475E-02 -3.60824137E-02 -5.84856753E-02
      0.0637425      -0.0253651      -0.0317366      -4.38160031E-02  1.41170705E-02  5.06447887E-02
     -0.0299322       0.0224265       0.0656872       2.52946788E-02 -9.07827861E-03 -3.15505825E-02
     -0.0229890      -0.0713449      -0.0097526       9.01945138E-03  3.88600174E-02 -2.02526415E-03
      0.0728469       0.0088593      -0.0181259      -2.81207623E-02  4.13183337E-03  3.09368813E-02
      0.0289392       0.0068868      -0.0694896      -3.00528194E-02  1.87972983E-02  3.74686692E-02
      0.0074774      -0.0318875      -0.0681247      -3.50665182E-02 -7.37250736E-05  1.01254220E-02
      0.0321281       0.0533832       0.0427988      -3.70497151E-02 -1.44700979E-02 -2.35287741E-02
      0.0744998      -0.0114422       0.0057068      -3.61699646E-02  2.02831387E-02 -2.17816125E-02
      0.0082064       0.0430960       0.0615556      -7.58778668E-03 -3.14763125E-02 -2.64197715E-02
     -0.0079116       0.0285613       0.0695368       1.28001157E-02 -5.43216476E-03 -1.95099953E-02
      0.0466755      -0.0452615       0.0385552      -8.31016266E-03  2.31399439E-02 -5.23024311E-02
      0.0695601      -0.0295585      -0.0011814      -4.62175348E-02  2.55240857E-02  1.01765755E-02
      0.0248008      -0.0275811      -0.0658627       7.39572809E-03  2.72141594E-02  4.95531498E-02
     -0.0177362       0.0700452       0.0221994       1.92939453E-02 -5.66956509E-02 -3.12111563E-02
     -0.0639999      -0.0129530      -0.0380778       1.38220074E-02 -5.11464623E-03  4.31281774E-02
     -0.0585543       0.0408394      -0.0248442       3.91996012E-02 -3.08981010E-03  1.46627410E-02
# Displacement: 2,  E_pot (hartree): -29718.643759813
     -0.0225407      -0.0687113      -0.0220084      -1.48047218E-02  5.14643988E-03  1.50196306E-02
      0.0285009      -0.0609565       0.0344340      -4.58711929E-03  9.09908514E-03 -2.58392328E-03
     -0.0733642      -0.0078460       0.0164267       1.56840135E-02  7.63307975E-03 -1.28542449E-02
      0.0527385       0.0345012      -0.0417376      -1.68973447E-02 -5.88675816E-06  8.65811482E-03
     -0.0489885       0.0575003      -0.0027484       1.21300154E-02 -2.13066288E-02  4.19517717E-03
     -0.0640785       0.0217370       0.0336921       2.87453352E-02 -5.42154191E-03 -1.10428504E-02
      0.0268719      -0.0638319      -0.0302837      -1.41334395E-02  1.02244177E-02  1.44852608E-02
      0.0585584       0.0319352       0.0355633      -1.15121305E-02  7.20864250E-03 -8.57045385E-03
      0.0225348       0.0448932       0.0564843      -6.78559135E-03 -9.08893082E-03 -1.38365682E-02
     -0.0734762       0.0151088      -0.0093092       1.69274796E-02 -1.00360229E-02 -2.17985394E-03
     -0.0372988       0.0628776      -0.0192070       4.18883204E-03 -8.81667514E-03  2.17238738E-03
     -0.0581258       0.0482431       0.0027743      -2.18246906E-03 -1.33368116E-02  2.05518176E-03
     -0.0713054      -0.0008467       0.0250704       1.61687512E-02  1.40984658E-02 -1.33953838E-02
     -0.0349713       0.0653567       0.0148060       4.76714512E-03 -2.02081009E-02 -1.37363057E-02
      0.0698234      -0.0112493      -0.0266808      -2.74454222E-02  1.31593920E-03  2.10957260E-02
      0.0008020       0.0519468       0.0549053      -6.05136071E-04 -1.32563665E-02 -1.62616787E-02
     -0.0655902      -0.0246453       0.0283589       8.61164966E-03  1.72895171E-02 -5.60239229E-03
      0.0312880      -0.0329429       0.0604115      -2.60223815E-03  1.14079344E-02 -1.02040895E-03
     -0.0381569       0.0651385      -0.0038379       1.27031325E-02 -2.48827925E-02  2.82509089E-03
     -0.0702143      -0.0100307      -0.0261354       8.26350547E-03 -7.66600301E-04 -2.08547049E-03
     -0.0454323       0.0583190       0.0157642       5.33180679E-03 -1.30432753E-02  2.04207557E-03
     -0.0103876      -0.0225825       0.0713852       2.76980013E-03  2.27922087E-02 -1.02665610E-02
      0.0213068      -0.0662643       0.0294744      -9.60653225E-03  1.05784812E-02 -1.16026460E-02
     -0.0673811      -0.0289309      -0.0183440       5.88396004E-03  1.72063310E-02  1.39379732E-02
     -0.0240601       0.0484971       0.0527527       9.19300982E-03 -1.04881090E-02 -1.89074668E-02
      0.0565174       0.0489814      -0.0109679      -1.20631213E-02 -8.94775539E-03  1.03727463E-02
     -0.0656304      -0.0334082      -0.0170372       1.10164964E-02  1.05498839E-03  2.82525347E-03
      0.0627301       0.0356495       0.0225330      -6.89424886E-03 -5.07578368E-03 -3.29681515E-02
      0.0287037      -0.0623969      -0.0315665      -1.61609517E-03  1.04191491E-02  1.28443047E-02
      0.0157212       0.0178028      -0.0717607       3.88576257E-05 -3.41821752E-03  4.64560660E-02
      0.0267449       0.0556936       0.0435504      -3.93358902E-03 -5.55642727E-03  1.08011293E-03
     -0.0070886       0.0345485       0.0668569       7.10099347E-03  3.93766568E-03 -3.35066654E-02
      0.0396639       0.0265808       0.0585998      -3.19983194E-03 -1.07181595E-02 -1.18993286E-02
     -0.0112117       0.0747028      -0.0027388       4.10580793E-03 -1.02355066E-02 -1.53741158E-02
      0.0142999       0.0687012      -0.0280958      -6.14428442E-03 -1.46483844E-02  4.24797916E-02
      0.0271258       0.0362718      -0.0605165      -5.65666997E-03 -4.94503242E-03  3.24714510E-02
      0.0407363       0.0607303      -0.0191333      -1.59403809E-02 -9.31042233E-03  1.82147423E-03
     -0.0227266       0.0677260       0.0247058       4.13180806E-03 -1.24940632E-02 -9.19391829E-03
      0.0284494       0.0030084       0.0699663      -1.16797690E-02 -7.07652259E-03 -1.86469424E-02
     -0.0508999      -0.0547514      -0.0111886       4.05462012E-03  1.10329729E-02  8.26057494E-03
      0.0169064      -0.0312188       0.0667327      -1.01297511E-02  2.84091733E-03 -2.89550284E-02
      0.0563614      -0.0443263      -0.0239223      -1.68909739E-02  4.90495071E-03  6.29552146E-03
      0.0681819       0.0235694      -0.0225702      -1.82053649E-02 -6.53254348E-03  5.48834232E-03
     -0.0086599       0.0745883       0.0086776      -3.99544115E-04 -3.51375779E-03 -4.68055554E-04
     -0.0465255      -0.0498219      -0.0326628      -4.94611120E-04  1.55091084E-02 -3.40048012E-04
      0.0035153      -0.0482138      -0.0581100      -2.37589031E-03  9.23370963E-03  3.69744505E-02
      0.0272897       0.0703777      -0.0039939      -1.08290942E-02 -7.18952913E-03  1.39076795E-02
      0.0526218      -0.0059474       0.0539378      -8.36537339E-03  4.98609764E-04 -4.19103353E-02
      0.0193842      -0.0457360       0.0569753      -1.48778830E-03  9.28167197E-03 -1.32775744E-03
      0.0044176       0.0098042       0.0748202       2.85913709E-03 -5.39109056E-03 -8.35203554E-03
     -0.0167943       0.0733198       0.0074739       1.54754327E-02 -1.36537430E-02 -1.87333505E-02
     -0.0088863       0.0693993       0.0286092      -5.23618030E-03 -1.73089102E-02  6.19839215E-03
      0.0507580      -0.0234024       0.0508886      -8.26125757E-03  5.41397892E-03  1.09485411E-02
      0.0073467       0.0530002       0.0533921      -3.39382663E-03 -9.08931343E-03 -4.08571033E-02
      0.0374859      -0.0592399      -0.0282691      -2.87344559E-03  2.20183222E-02 -6.87233200E-03
      0.0331683       0.0268574       0.0623878      -8.24745378E-04 -5.82130446E-03 -1.03859505E-02
     -0.0442107      -0.0529619       0.0308896       2.70280844E-03  4.28672576E-03 -2.74304839E-03
     -0.0725242      -0.0104892       0.0185455       6.07771230E-03  2.47955636E-04 -4.50518210E-03
     -0.0625457       0.0227208      -0.0358542       1.46849868E-02  2.25104896E-02  5.50974473E-03
      0.0093568      -0.0071951      -0.0746617      -3.50178888E-03 -4.84242308E-03  9.17893933E-03
     -0.0338912       0.0006159      -0.0675628       5.81130626E-03 -1.80004863E-03  1.03235414E-02
     -0.0273112       0.0506153      -0.0490499       1.05435941E-02 -3.17861548E-02  1.10863550E-02
      0.0264411      -0.0615416       0.0350315      -4.36137715E-03  1.46697497E-02 -8.30886280E-03
      0.0370839      -0.0315691       0.0578089      -1.86229637E-02  1.02560257E-02 -1.37928638E-02
      0.0401963       0.0292707      -0.0569314      -9.00737172E-03  1.04285767E-03  1.31941399E-02
     -0.0608073      -0.0433788      -0.0115953       5.03446339E-03  2.40978219E-02  1.77651035E-03
     -0.0231651      -0.0686683       0.0214880      -3.71708922E-03  2.84863833E-02 -6.86836391E-03
      0.0581043      -0.0388205      -0.0288193      -1.70122037E-02  7.27566200E-03  7.90280999E-03
     -0.0648272      -0.0107248      -0.0373646       8.43508612E-03 -2.53219810E-02  4.71046002E-03
     -0.0008250       0.0664491      -0.0360214      -6.75303886E-03 -2.39866559E-02  1.06823163E-02
      0.0272328       0.0594162      -0.0379707      -1.30697607E-02 -2.22833370E-02  7.41183155E-03
      0.0723854      -0.0014033       0.0217276      -1.78579670E-02 -7.84894216E-03 -1.40293140E-02
     -0.0180827      -0.0405680       0.0611633      -7.37157801E-03  1.97148354E-02 -8.72694243E-03
      0.0122900      -0.0700918       0.0254913      -6.52370412E-03  2.02294001E-02  9.29869413E-03
     -0.0294067      -0.0582589       0.0381424       6.32260891E-03  1.30363348E-02 -1.22992668E-02
     -0.0088839       0.0062791      -0.0748022       4.66019783E-03  1.02103996E-02  1.67103817E-02
      0.0404178       0.0447802      -0.0455506      -8.22631819E-03 -2.17037442E-02  1.15128912E-02
     -0.0715860       0.0224080       0.0093282       1.56843451E-02 -3.42312426E-02 -2.17244436E-03
      0.0728513      -0.0165191      -0.0115551      -1.42053916E-02 -3.75469995E-03  1.65629609E-02
     -0.0026843       0.0163680       0.0737468       8.65491498E-04 -1.66077678E-02 -7.03487141E-03
     -0.0450461      -0.0539702       0.0277809       1.48599252E-02  1.95134761E-02 -1.18754572E-02
     -0.0483522      -0.0564568      -0.0137261       2.39148782E-02  4.39824043E-03 -9.05949383E-04
      0.0354175      -0.0521872       0.0416631      -2.92940683E-02  7.20768218E-03 -4.86396213E-03
      0.0642158      -0.0374381       0.0137270      -3.04494255E-02  4.28961759E-03 -3.91124419E-03
      0.0486146       0.0557612      -0.0155247      -1.89566021E-03 -1.34253357E-02  1.07063807E-02
     -0.0203819      -0.0283671       0.0670343       6.48105582E-03  9.49235880E-03 -2.77302126E-03
      0.0591398       0.0163489       0.0441465      -1.03991463E-02 -5.08535343E-03 -6.74407404E-03
     -0.0754629       0.0032546      -0.0029098       1.98190757E-02  3.55456143E-04 -6.94207909E-05
      0.0272905      -0.0644548       0.0285394      -4.62442643E-03  7.43695162E-03  3.34682238E-03
      0.0033507      -0.0552159       0.0515138      -1.11623501E-03 -3.37901021E-04 -9.92438510E-03
     -0.0397893       0.0638702       0.0071482      -1.40554195E-02 -1.27807708E-02 -9.67146231E-03
     -0.0483428      -0.0411208       0.0410579       4.00921389E-02  1.22751582E-02 -4.78977028E-03
     -0.0258391      -0.0313489      -0.0637439       1.88826209E-02 -5.21269409E-03  1.51848711E-02
     -0.0105193       0.0442517       0.0603724       1.09697124E-02 -7.18969222E-03 -4.97816343E-03
      0.0278142      -0.0415859       0.0566629      -8.17577063E-03  5.75624859E-03 -3.79129929E-03
      0.0065143      -0.0506580       0.0557229       8.66887551E-04  1.05760171E-02 -1.12438666E-02
     -0.0702949      -0.0199947       0.0193008       1.54357585E-02  2.95845397E-03 -3.47807196E-03
     -0.0460693      -0.0121043       0.0586924       2.55854836E-02  2.23839512E-03 -6.96634597E-03
     -0.0199616      -0.0667599       0.0292975      -3.97808457E-03  4.87438548E-03 -1.12125317E-02
     -0.0581458       0.0256977       0.0408950       1.14950761E-02 -7.54784922E-03 -8.81448295E-03
     -0.0016171      -0.0197597      -0.0729428       1.05374100E-02  2.97251419E-03  2.11000429E-02
     -0.0060001      -0.0707440      -0.0259421       4.77526141E-03  5.05320899E-03  4.87780462E-03
      0.0039972       0.0300478      -0.0692450      -5.58026835E-04 -1.53784706E-04  2.32483343E-02
     -0.0491345      -0.0415009       0.0397138      -1.59059508E-03  2.45752209E-03 -2.14684501E-03
      0.0290659       0.0186591       0.0672363      -4.85260720E-03 -9.54422843E-03 -1.88115686E-02
     -0.0416858       0.0516857      -0.0361193       4.56536612E-03 -1.19045396E-02  5.95997664E-03
      0.0051012      -0.0751626      -0.0061855      -3.89620148E-04  1.45816454E-02  9.13071871E-03
     -0.0392339      -0.0607557      -0.0219805       9.89993680E-03  1.28746034E-02 -5.33726773E-03
      0.0180594       0.0384596      -0.0625174      -1.35197539E-02 -5.56568334E-03  5.03621356E-02
      0.0713904      -0.0193277      -0.0156059      -5.35190968E-02 -9.71307993E-03  5.79349451E-03
     -0.0467115      -0.0579846       0.0130211       8.17254751E-03  2.81587084E-02 -5.05841603E-02
     -0.0634735      -0.0166124      -0.0375347      -3.63836290E-03  3.29749595E-02 -5.13861925E-03
      0.0531487       0.0288462      -0.0453521      -3.48625738E-02 -2.48623666E-02  3.34823510E-02
     -0.0074885       0.0436250      -0.0612738       1.70759225E-02 -2.18748361E-02  2.36906987E-02
      0.0340481       0.0523216      -0.0426250      -3.32851764E-02 -1.58984562E-02  3.15854369E-02
     -0.0195523      -0.0341924       0.0645158      -4.14388376E-03  2.95137701E-02 -3.96827508E-02
     -0.0704609      -0.0009236       0.0273518       3.51249122E-02  2.01332234E-03 -2.34042934E-02
      0.0235443      -0.0221062      -0.0683425       3.70081204E-03  1.64106027E-02  3.84270421E-02
     -0.0595061       0.0345770       0.0312595       1.05104640E-02 -1.42551196E-02 -3.00780976E-02
     -0.0522140      -0.0329164       0.0436340      -5.44301673E-03  2.92795455E-02 -7.60930978E-03
     -0.0684604       0.0320022      -0.0016553       1.68682679E-02 -2.13331297E-02 -1.36322523E-02
     -0.0603536      -0.0405784      -0.0206044       5.46526098E-02  2.65722147E-02  1.23645757E-02
     -0.0293573       0.0378964      -0.0584440       2.42183050E-02 -8.15252479E-03  3.84889826E-02
     -0.0655736      -0.0350677      -0.0135670       2.73392409E-02  1.85494208E-02  3.20933300E-03
     -0.0358602       0.0651913       0.0133361      -3.60285180E-03 -2.03978463E-02 -1.20163060E-02
     -0.0060637       0.0253844      -0.0709405      -9.62061206E-04 -1.72390956E-02  3.38255626E-02
     -0.0168619      -0.0683077       0.0276304       1.94139282E-02 -4.16007260E-03 -3.05781965E-02
     -0.0555785       0.0315872       0.0403357       3.47870654E-02 -7.94543248E-03 -3.14084675E-02
     -0.0027546       0.0753613       0.0051752      -9.76056302E-03 -8.22635011E-03  3.35767802E-02
     -0.0175135      -0.0026969       0.0734826      -1.52815169E-02 -5.05206479E-03 -4.35420450E-02
      0.0538243      -0.0002962       0.0530713      -1.25890012E-02  1.84691167E-02 -4.75961631E-03
      0.0470116       0.0260723      -0.0531399      -5.01944927E-02  2.01286059E-02  4.81345536E-02
     -0.0591291      -0.0432189       0.0186965       2.49179166E-02  1.78574393E-02 -1.80460768E-02
     -0.0582050       0.0314787       0.0365372       7.90343440E-03 -1.07484447E-02 -1.49008843E-02
      0.0227443      -0.0009578      -0.0720796      -3.33702322E-02 -1.09301148E-03  5.46399578E-02
# Displacement: 3,  E_pot (hartree): -29718.645001344
      0.0233769       0.0587727       0.0413885      -8.60602361E-03 -1.79016934E-02 -1.17720117E-02
     -0.0018979       0.0348635      -0.0670421       2.66930648E-03 -1.10670574E-02  2.90127237E-02
     -0.0571236      -0.0380835       0.0316266       1.28107624E-02  8.01265894E-03 -1.77232642E-02
     -0.0568706       0.0213395       0.0449897       9.19789658E-03  7.34617194E-03 -1.68840790E-02
      0.0009609       0.0561505      -0.0505957      -1.85489615E-03 -8.44830632E-03  1.08430561E-02
      0.0504702       0.0085660      -0.0556155      -1.83188623E-02 -1.47398386E-03  1.05506212E-02
     -0.0118882       0.0184898      -0.0723221       6.62642849E-03 -2.67541067E-03  7.88920014E-03
      0.0020674      -0.0591886       0.0469696       7.28331415E-03  1.42403041E-02 -7.11220152E-03
     -0.0459973       0.0304216       0.0516960       1.36775498E-02 -6.71670432E-03 -8.35981522E-03
     -0.0260257      -0.0668994       0.0236819       1.58255440E-02  1.66089506E-02 -1.24234501E-03
      0.0104641      -0.0444618       0.0602275      -4.63479373E-03  1.99832257E-03 -1.60631747E-02
      0.0735216       0.0087722       0.0152096      -2.12003074E-02 -7.32079293E-03 -2.11430466E-04
     -0.0638544      -0.0020439       0.0403997       1.77463613E-02 -6.79873531E-03 -4.49915362E-03
      0.0437045       0.0616600      -0.0012971      -1.05797845E-02 -7.53847668E-03 -1.28749506E-03
     -0.0707504      -0.0178504      -0.0197341       3.35199653E-03  7.30579765E-03  4.52968878E-03
      0.0720899       0.0105752      -0.0201227      -1.61807027E-03 -6.03111026E-03 -6.53404462E-04
     -0.0078084      -0.0601349       0.0451279       6.64891434E-04  8.52578157E-03 -6.28834862E-03
     -0.0344198      -0.0654433      -0.0156892       3.89174002E-03  1.38658118E-02  5.51439260E-03
      0.0622561       0.0338383       0.0263220      -2.16319758E-02 -1.19337248E-02  2.83184925E-04
     -0.0066027       0.0658157      -0.0365843       3.73430044E-04 -1.28358853E-02  3.46809260E-03
     -0.0013700      -0.0693789      -0.0299731       3.14858752E-04  2.94274983E-03  4.70280787E-03
      0.0445023      -0.0445463       0.0418195      -1.72495907E-02  1.15478069E-02 -1.02840498E-03
      0.0047256      -0.0224519       0.0720227       3.23059816E-03  4.00576623E-04 -5.70288820E-03
      0.0663363       0.0177215      -0.0316091       4.25875358E-03  2.85768759E-03 -4.42052915E-04
     -0.0024980       0.0111908       0.0747144      -9.89637508E-03 -4.41959730E-03 -2.64538597E-02
      0.0113568      -0.0349596      -0.0660497      -6.99911705E-03  8.09469715E-03  2.12764346E-02
      0.0016703      -0.0090311       0.0750290      -8.85423138E-03  4.85115345E-04 -5.46678266E-03
      0.0697674      -0.0281548       0.0073153      -1.44454518E-02 -1.46902866E-03 -2.35426096E-02
     -0.0334285      -0.0599710      -0.0316187       3.10861928E-03  8.24174652E-03  1.48985181E-02
      0.0395344      -0.0477539       0.0432470      -1.62453286E-02 -2.86349362E-03 -3.75284641E-03
      0.0582114      -0.0398236       0.0271884      -1.30501647E-02  7.40207961E-03 -8.89350929E-03
      0.0176604       0.0290618       0.0675072      -5.14482064E-03 -5.75524334E-03 -2.20883434E-02
      0.0711160       0.0049289      -0.0251379      -1.33054302E-02  5.29159598E-03  2.47303862E-02
     -0.0110044       0.0235920       0.0709651       1.91655556E-03 -3.05924973E-03 -1.55193539E-02
     -0.0446212      -0.0246606       0.0558077       9.65129231E-03  5.06341164E-03 -2.68890271E-02
     -0.0622857       0.0272555      -0.0330354       1.06845931E-03 -1.95021222E-03  2.50251084E-02
      0.0165770       0.0273952      -0.0684719      -6.14452366E-03 -1.08838382E-02  5.08587002E-02
      0.0446322       0.0610042      -0.0003830      -6.00439229E-03 -5.96151399E-03  9.47790755E-03
     -0.0324600       0.0320423       0.0602772       5.06713914E-03 -5.59298023E-03 -5.64696871E-02
     -0.0563308       0.0503962      -0.0008781       1.12305180E-02 -9.77708065E-03 -1.27687956E-03
     -0.0513557      -0.0204645      -0.0515510       6.40349485E-03 -6.54680994E-03  5.03557316E-02
      0.0593313      -0.0453472      -0.0117101      -1.23298125E-02  4.23626769E-03  7.36937771E-03
     -0.0673969       0.0341825      -0.0017099       5.74665805E-03 -5.30584781E-03  2.70170364E-03
      0.0749564       0.0009817      -0.0097097      -1.18757966E-02 -7.85284921E-04 -1.53160686E-02
     -0.0473000      -0.0051871       0.0587325       3.37518730E-03 -2.75853922E-03 -2.94635046E-03
     -0.0394573       0.0522044       0.0378353       1.30450055E-02 -5.57449543E-03 -4.70805572E-02
      0.0649388      -0.0066056      -0.0381188      -1.62581434E-02 -4.76477819E-03  3.72978833E-02
     -0.0338124      -0.0553101      -0.0388744       8.78195041E-03  6.27322768E-03  3.34525982E-02
     -0.0447321       0.0401124       0.0458665       1.07437946E-02 -3.48742094E-03 -2.19374173E-02
     -0.0617292      -0.0419731       0.0118935       1.14907259E-02  1.01351027E-02 -2.62598583E-02
     -0.0407938      -0.0597976       0.0217671       1.10833013E-02  1.74916939E-02  1.28454238E-02
     -0.0502081      -0.0154112      -0.0543629       9.82329757E-03  5.69909508E-04 -1.28990234E-04
     -0.0739569       0.0082623       0.0132591       9.31631672E-03 -2.31117898E-03  5.85224996E-03
     -0.0626623      -0.0422255      -0.0020313       1.49464819E-02  6.17150289E-03  1.72451049E-02
     -0.0232311      -0.0715302       0.0075801      -2.91088867E-03  2.54401457E-02 -4.73223116E-03
      0.0619165       0.0020452       0.0433112      -2.81318658E-03 -1.43785794E-02 -1.01805831E-02
      0.0246989      -0.0681132      -0.0215464      -1.46850541E-02  2.55553353E-02  5.74534393E-03
      0.0344203      -0.0115507       0.0662987      -1.09036190E-02 -1.50011178E-02 -1.35074039E-02
     -0.0599485      -0.0068232       0.0455339       8.79737704E-03 -5.46533446E-03 -4.89115258E-03
      0.0624461      -0.0144210       0.0400776      -1.39737002E-02 -9.91906039E-03  1.40029183E-03
      0.0349303       0.0216027       0.0634578      -1.10439130E-02 -4.35664450E-03 -1.39501765E-02
      0.0395850      -0.0287033       0.0576442      -6.14307199E-03 -3.65177382E-04 -1.04754573E-02
     -0.0079514       0.0703959      -0.0263607       1.51576789E-03 -2.18878771E-02  1.27142068E-02
      0.0011564      -0.0696678      -0.0293047      -3.28023824E-03  6.54231397E-03  4.29604302E-03
      0.0316482      -0.0358552       0.0585363      -7.80723598E-03  1.99921278E-02 -8.55524845E-03
     -0.0552620      -0.0492290      -0.0153728       1.14793456E-02  2.12923243E-02  3.36631688E-03
     -0.0628029       0.0302663       0.0292138       4.71047618E-03  1.20037290E-02  3.85561001E-03
     -0.0374635      -0.0096262      -0.0649425       7.98936337E-03 -2.49052652E-02  7.99773475E-03
     -0.0158527       0.0411473       0.0613947       4.93429123E-03 -4.35820450E-02 -1.76057241E-02
     -0.0097904      -0.0537931       0.0521934       2.63018570E-03  6.49771113E-03 -8.00626654E-03
     -0.0059736      -0.0462252      -0.0595085      -4.99495024E-04  1.56866260E-02  7.41588463E-03
      0.0189249      -0.0638636      -0.0357351      -1.66289072E-02  1.36302170E-02  7.17747600E-03
     -0.0165014       0.0647786      -0.0352866       9.21383280E-03 -1.72575100E-03  4.26345691E-03
      0.0030997       0.0324282      -0.0682093       1.51900830E-03 -2.61613965E-02  6.91448650E-03
      0.0087686      -0.0646060      -0.0382475      -2.48653935E-03  1.79875689E-02  1.00480316E-02
     -0.0124655       0.0646062      -0.0372071       1.13608610E-02 -1.40923472E-02  3.97195050E-03
      0.0638204      -0.0308016       0.0263045      -1.08724468E-02  3.03020705E-02 -7.81484705E-03
     -0.0405211       0.0628545      -0.0110023      -1.99682706E-03 -3.25972235E-02  8.57789339E-03
     -0.0113381       0.0122007      -0.0737313       4.39529765E-03  4.10884204E-03  6.93242133E-03
      0.0386313      -0.0380684      -0.0526511       5.08175500E-03  7.34028754E-03  7.03317751E-03
     -0.0213855       0.0070565      -0.0721565       9.75719839E-03 -5.63314207E-03  1.45961541E-02
     -0.0078764       0.0121813      -0.0741842       5.13864028E-03 -2.45686179E-03  8.69801271E-03
     -0.0678625       0.0157035       0.0293561       3.61478691E-02 -6.00546750E-03 -1.49175547E-02
     -0.0686076       0.0266746      -0.0171803       2.41065412E-02 -8.94164039E-03  1.34207909E-02
      0.0318631       0.0503429      -0.0465193      -7.48910743E-03 -2.33424751E-03  2.01776721E-03
      0.0514481      -0.0551386       0.0051509      -6.64522333E-03  9.91219960E-03 -3.72722386E-03
     -0.0576134      -0.0351469      -0.0340455       1.52847273E-02  9.91861516E-03  1.55743152E-02
      0.0042293      -0.0051866       0.0752921      -1.42951522E-02  1.11845634E-03 -1.45502506E-02
     -0.0007950       0.0222702       0.0722296       5.44463878E-03 -4.40503409E-03 -1.04838997E-02
     -0.0726267      -0.0200913      -0.0059500       1.23748632E-02  3.12886212E-03  6.44050834E-03
      0.0702535      -0.0267995      -0.0077426      -3.59226489E-02 -5.63642917E-03  7.10050200E-04
     -0.0409676       0.0020800       0.0634904       2.73718114E-02 -8.26455008E-04 -6.83000225E-03
     -0.0584847      -0.0450528       0.0162322       1.20238169E-02  1.99574990E-03 -6.79383459E-03
     -0.0694556       0.0298203       0.0006023       1.06776565E-02 -1.13832818E-03 -3.77776780E-03
      0.0179700      -0.0686784       0.0259627      -1.39386507E-02  4.57649456E-03 -4.30111853E-04
      0.0099801      -0.0741760       0.0105846      -1.80128317E-02  9.70785960E-03 -1.40483152E-04
     -0.0487190      -0.0536313      -0.0215368      -8.67439300E-03  4.11524659E-03 -2.22998652E-03
      0.0545082      -0.0371548       0.0369064      -7.67195784E-03  4.70190217E-03 -1.95567121E-03
      0.0187521       0.0710955      -0.0175358      -1.03166680E-02 -1.08335941E-02  7.43271913E-03
     -0.0621998       0.0034745      -0.0428115       2.97422487E-02  1.76531632E-04  5.35090874E-03
      0.0658110      -0.0261481      -0.0264364      -3.85109069E-02  2.98994962E-03  5.29011464E-03
      0.0146986      -0.0694437       0.0259853      -1.67116245E-02  5.85529828E-03 -4.63385387E-03
      0.0560571      -0.0316578      -0.0396117      -1.03161897E-02  7.47284985E-03  1.14933615E-02
     -0.0285352       0.0671443       0.0197760       1.34391665E-02 -1.50002091E-02 -3.63374769E-03
     -0.0199611       0.0515153       0.0515891       2.29954965E-03 -1.03961152E-02 -1.02135364E-02
     -0.0559456      -0.0259234       0.0437238       1.18403886E-02 -1.84497754E-05 -6.04160637E-03
      0.0753602       0.0010554      -0.0057804      -5.53051603E-03 -1.74817119E-03 -5.11434566E-03
     -0.0157985      -0.0738834       0.0023122      -8.69905654E-03  1.39711769E-02  7.32618088E-03
     -0.0456936      -0.0386462      -0.0461768       4.30309842E-02  2.39461349E-02  2.90883303E-02
      0.0166707       0.0700504      -0.0229941      -3.75475253E-02 -2.24205800E-02  7.48257778E-03
     -0.0629791      -0.0417127       0.0027206       2.23670062E-02  2.63870065E-02 -4.44009063E-03
      0.0415472       0.0399361      -0.0489146       4.50170255E-03 -1.81831659E-03  2.97064828E-02
     -0.0694891       0.0217614      -0.0202835       3.06308968E-02  5.44054288E-03  2.47025026E-02
      0.0670987       0.0199776       0.0285018      -3.53153340E-03 -4.73339590E-03 -4.14186819E-02
      0.0125140      -0.0069824      -0.0742183       2.04716230E-02 -1.61667521E-02  4.83232587E-02
      0.0184838       0.0229438      -0.0696106      -2.86378510E-02  1.44930748E-02  3.93155738E-02
      0.0155409       0.0708614      -0.0212334       1.00079455E-02 -2.71977023E-02 -3.15286852E-02
     -0.0606723      -0.0420836       0.0161723       1.53032287E-02  2.50353768E-03 -4.52812802E-02
     -0.0726814      -0.0108936       0.0176761       2.78405075E-02  2.64676863E-02 -8.92024181E-03
      0.0330607       0.0460169      -0.0500312      -2.36731924E-02 -5.40126422E-03  5.87147607E-02
      0.0310864      -0.0334726       0.0602239      -8.95329774E-03 -1.18049364E-02 -2.85626975E-02
      0.0006534       0.0217305       0.0723952      -3.55006521E-03  6.81407064E-03 -5.19144132E-02
      0.0106159      -0.0746302      -0.0055976       2.19929568E-02  4.13614456E-02  2.20890139E-02
      0.0403198      -0.0559565      -0.0309336      -4.78393662E-03  2.14700360E-02  1.60949686E-02
     -0.0616262       0.0227450      -0.0373976       2.18974410E-02 -2.91934621E-02  1.95020590E-02
     -0.0280750       0.0562716       0.0419406       3.01637357E-02 -2.78873159E-02 -1.80993975E-02
      0.0659889      -0.0367660      -0.0027296      -5.42935125E-02  1.10454238E-02  2.96727750E-02
     -0.0222637      -0.0668255       0.0274298       1.86082894E-02  1.51604023E-02 -2.16613564E-02
     -0.0578081      -0.0081799       0.0480106       1.88998499E-02  1.67998894E-02 -5.66207414E-02
     -0.0236082       0.0199428      -0.0689830       1.91542332E-03 -1.76526099E-02  1.94364077E-02
      0.0236344       0.0127313      -0.0706614      -2.89399431E-02 -1.83603134E-02  3.59936509E-02
      0.0237555       0.0704411       0.0136909      -1.41796427E-02 -2.71942541E-02 -2.24333401E-02
      0.0504890      -0.0560101       0.0052376      -8.67769787E-03 -4.52264545E-04 -3.39142570E-03
     -0.0411630      -0.0242132       0.0585920      -4.77524123E-03  8.12346814E-03 -2.74968084E-02
      0.0729373       0.0058972       0.0189499      -3.90591169E-02  2.96142521E-03 -1.01101296E-02
# Displacement: 4,  E_pot (hartree): -29718.645415588
     -0.0407730       0.0151130      -0.0618292       2.82022752E-03 -4.54477415E-03  2.95116608E-03
     -0.0018557      -0.0556590      -0.0511110       6.27728838E-03  4.76990735E-03  1.15148749E-02
     -0.0498362      -0.0483296       0.0299051      -2.07445343E-03  1.31085825E-02  1.45080285E-03
     -0.0465437      -0.0035116       0.0594564       3.48774866E-03 -9.82026939E-03 -7.44681055E-03
      0.0654560       0.0350044      -0.0142801      -1.60755692E-02 -2.09268068E-03  4.47303115E-03
     -0.0044466       0.0318783      -0.0683938       5.26807916E-03 -1.10856934E-02  1.11419088E-02
      0.0048318      -0.0433890       0.0617071       1.35427501E-03  1.67438145E-02 -1.29394459E-02
     -0.0145083       0.0008809      -0.0741785      -8.39072175E-03 -1.10481235E-03  1.93696449E-02
      0.0379801      -0.0068787       0.0649916      -1.88069408E-02  6.68771537E-04 -1.19980689E-02
     -0.0298700       0.0060569      -0.0691722       4.04590802E-03  1.20525918E-02  3.13131559E-02
      0.0317111      -0.0659098       0.0190791      -1.69046669E-02  1.08356500E-02 -1.94299551E-02
     -0.0582447      -0.0445211      -0.0184153       1.16209283E-02  1.59295836E-02 -7.62641915E-04
      0.0324290       0.0605633      -0.0315303       5.22356226E-03 -2.20700222E-02  7.14663440E-03
      0.0184225       0.0273674      -0.0680100       3.10090804E-03 -8.81032255E-03  8.18764133E-03
     -0.0210996      -0.0376192      -0.0620749      -3.41269393E-03  1.46885810E-03  4.54802246E-03
      0.0394192      -0.0598924       0.0239320      -9.46767931E-03  8.28546882E-03  4.00296117E-03
     -0.0515085      -0.0550374       0.0056090       2.05916702E-02  1.10826530E-02 -1.06980543E-03
      0.0361035       0.0203884       0.0632025      -6.39144557E-04 -1.11981525E-02 -1.03537805E-02
     -0.0177915       0.0563933       0.0470847       2.29897984E-03 -4.70941548E-03 -1.35983476E-02
     -0.0096356      -0.0002469       0.0749719       6.12286965E-03 -5.16001835E-03 -3.77862701E-03
      0.0309332      -0.0087289       0.0684152      -3.04910216E-03  9.41294616E-03 -2.67081185E-03
      0.0509293      -0.0358501      -0.0428330      -1.72059107E-02  9.66181759E-03  1.63519464E-02
     -0.0502475      -0.0382620       0.0415320       7.50674715E-03  1.92816789E-02 -1.11757144E-02
      0.0076648       0.0163431       0.0734020      -2.27676612E-03 -2.41221308E-03 -1.27509614E-02
     -0.0220078       0.0160191      -0.0705177       1.42567129E-03 -2.45592104E-03  2.11248905E-02
      0.0172992      -0.0121123      -0.0725792      -9.64441552E-04 -2.38584519E-03  1.54921073E-02
     -0.0298188      -0.0690001       0.0079717       1.61547988E-02  9.55169860E-03 -1.75373355E-02
     -0.0062730      -0.0089209      -0.0747981      -9.77710265E-03  1.39329507E-03  4.10270002E-02
     -0.0660525       0.0263810      -0.0255895       8.66348737E-03 -6.33442244E-03  5.31293489E-03
     -0.0719747      -0.0182419      -0.0141630       9.96270619E-03 -3.44536433E-03 -8.39666751E-03
      0.0748768       0.0018385       0.0101869      -1.35429948E-02 -1.35873948E-03 -2.54353754E-02
     -0.0158205      -0.0686110      -0.0274945       4.27138703E-03  1.63651124E-02  1.57378946E-02
     -0.0736402      -0.0152614      -0.0076105       4.02626195E-03  1.68420445E-03  1.85237113E-02
      0.0586523      -0.0267738       0.0394558      -1.05458196E-02  2.88292768E-03 -1.23643924E-02
      0.0186821       0.0632677       0.0369038       7.50282678E-03 -1.67696518E-02  5.31354622E-03
     -0.0216959       0.0721620      -0.0059704       5.48317973E-03 -1.47542024E-02 -8.40317497E-03
     -0.0389968       0.0301772      -0.0572911       5.70838077E-03 -9.47659656E-03  3.38814591E-02
      0.0345912      -0.0547377      -0.0389993      -1.29445764E-02  8.44167801E-04  4.07714200E-03
     -0.0546751       0.0042549       0.0520215       9.91334106E-03 -2.10193837E-03 -3.47545383E-02
      0.0246963       0.0315342      -0.0641045      -3.07009304E-03 -7.48512258E-03  1.73489745E-02
      0.0501359      -0.0557533       0.0095745      -1.37255487E-02  4.75490693E-03  4.27760906E-02
     -0.0026140      -0.0435734       0.0617108      -2.91860820E-03  1.34272764E-02 -4.20510008E-02
     -0.0045533       0.0524146      -0.0542741       3.11721006E-03 -4.39252863E-03  2.69165998E-02
      0.0058544      -0.0070455      -0.0750320      -2.41871840E-03  2.07103537E-03  5.44449366E-02
     -0.0160665      -0.0357584      -0.0646290      -1.92249322E-03  1.78448738E-03  1.73047556E-02
      0.0259395      -0.0687287      -0.0178107       3.91540448E-04  7.84922664E-03  2.60882558E-02
     -0.0495211       0.0391893       0.0415396       8.23055180E-03 -4.74014942E-03 -4.73765871E-03
     -0.0743134      -0.0134995       0.0029969       1.25219272E-02  8.59777566E-04 -1.29352157E-02
     -0.0204397      -0.0118485       0.0718021       7.07321613E-03 -4.94284813E-03 -1.81332020E-02
      0.0718268       0.0016635       0.0234916      -5.74572325E-03  3.42006458E-04 -2.19548050E-03
     -0.0368443       0.0505313       0.0424591       1.65270635E-02 -2.09418203E-03 -7.64890421E-03
      0.0446266      -0.0224934      -0.0567117      -3.97727970E-03  4.66399434E-03 -4.01365136E-03
     -0.0574269       0.0388091      -0.0301614       5.87023568E-03 -4.56654572E-03  3.24959098E-02
      0.0183202      -0.0001821      -0.0733351       2.67132876E-03 -4.63282817E-03  3.53057541E-02
      0.0749054      -0.0035914       0.0094855      -2.23090470E-02 -1.25143012E-02 -1.38613123E-03
      0.0272383       0.0529744       0.0465348      -2.58396113E-03 -2.20739456E-02 -4.29375981E-03
     -0.0533865      -0.0520096      -0.0125935       1.57049349E-02  4.11115374E-04 -4.13279865E-03
      0.0691208      -0.0305534       0.0015817      -1.43452535E-02  3.71343507E-02 -1.76512192E-03
     -0.0118919       0.0016452      -0.0746296      -4.96118381E-03  8.07341355E-03  6.25593078E-03
      0.0127953      -0.0455311       0.0589653      -3.66643387E-03  1.32989466E-02 -8.77632971E-03
     -0.0123574       0.0292529       0.0685948       1.59779854E-03 -1.62978768E-02 -1.71288185E-02
      0.0202291       0.0185674      -0.0704254      -5.70376232E-05  6.91239861E-03  2.28114162E-02
     -0.0047943      -0.0290008       0.0696397       1.00691164E-02  7.22732765E-03 -1.23201440E-02
     -0.0439887       0.0226153      -0.0571599       1.17193124E-02 -1.32058427E-03  6.34057963E-03
     -0.0453292      -0.0478944      -0.0369472       5.26287542E-03  1.43842837E-02  3.82789982E-03
     -0.0193811       0.0730145       0.0026395       1.43535015E-03 -3.46040101E-02 -3.26696307E-03
      0.0319705       0.0043294      -0.0683583      -8.62465355E-04 -5.86454670E-03  1.12743668E-02
      0.0654155      -0.0363462       0.0106522      -1.66979163E-02 -3.64869782E-03  9.76931889E-05
      0.0329511      -0.0583936       0.0349014      -5.79834569E-03  1.82438106E-02 -1.16800289E-02
     -0.0718190      -0.0232265      -0.0040340       6.38173842E-03  7.97208421E-03 -6.48854003E-03
      0.0377112      -0.0566066       0.0329738      -1.05155266E-02  8.84899475E-04  3.51956442E-03
      0.0401804      -0.0607453      -0.0202300      -1.26823567E-02  7.90235679E-03 -2.97344084E-04
     -0.0471034      -0.0544424       0.0230432       1.13171146E-02  2.05191521E-03 -5.71668418E-03
      0.0116220       0.0064916      -0.0744076      -4.61349285E-03 -1.16428520E-04  1.22817501E-02
     -0.0672262      -0.0319928       0.0130687       1.33652729E-02  1.63729531E-02 -4.77383080E-03
      0.0407704      -0.0495309      -0.0399772      -2.40173932E-03  2.13667369E-03  7.50343142E-03
      0.0278124      -0.0153566       0.0685883       3.38351526E-03  2.10248775E-03 -9.52298976E-03
     -0.0405768       0.0618100       0.0157087       1.46158020E-02 -5.35884765E-03  6.15205058E-03
     -0.0540123      -0.0477717       0.0226767       1.55347075E-02  1.21666784E-02 -9.34429309E-03
      0.0750867       0.0076969      -0.0040579      -4.53676874E-03 -5.88608605E-05  4.76492683E-03
     -0.0409355       0.0339939       0.0536879       6.48684356E-03 -2.17486943E-02 -9.84058884E-03
     -0.0250352       0.0409567      -0.0583909       4.81128690E-03 -1.09900464E-02  6.54276741E-03
     -0.0676576      -0.0216414       0.0258421       7.41774748E-03  2.94900708E-03 -6.02954092E-03
      0.0528442      -0.0536740       0.0063483      -1.57814092E-02  6.60601642E-03 -7.22265219E-04
     -0.0504220      -0.0465033       0.0317610       3.68518161E-02  6.30006861E-03 -3.98547424E-03
      0.0038728       0.0750650       0.0079966       1.60719383E-02 -1.12415886E-02 -2.18629016E-03
      0.0081218       0.0171527      -0.0731677      -5.26440580E-03 -2.87473015E-04  1.36629245E-02
      0.0000615      -0.0126154       0.0745288       2.52335133E-03 -8.59774423E-04 -1.52562048E-02
     -0.0125129       0.0390783       0.0634824       3.39409485E-02 -1.80945161E-03 -4.56634912E-04
     -0.0033511      -0.0728524      -0.0198743       1.41144863E-02  4.75204601E-03 -4.35833078E-03
     -0.0387991      -0.0303059      -0.0573576       4.64224340E-03  9.26891546E-03  6.96174425E-03
     -0.0669216       0.0301746      -0.0180191       1.94187160E-02 -6.64738648E-03  3.53136253E-03
      0.0431128      -0.0184061      -0.0592976      -1.87816056E-02 -3.38888253E-03 -2.07442705E-04
      0.0365629      -0.0115579       0.0651404      -3.77772588E-02  1.90916808E-03 -1.56320085E-02
      0.0302233      -0.0600400       0.0345754      -1.03145653E-02  1.02693075E-02  3.96805913E-03
     -0.0363982      -0.0611332       0.0255266       1.39118077E-02  1.10025850E-02 -6.83677568E-03
      0.0580032       0.0461928       0.0146825      -1.95216386E-02 -1.18169153E-02 -9.31766254E-03
      0.0670087      -0.0246870      -0.0247810      -2.75845369E-02 -9.62918374E-04  1.41852022E-02
      0.0688608      -0.0007449       0.0311665      -1.70310166E-02 -4.38635953E-03 -1.10926963E-02
      0.0656811       0.0361462       0.0096502      -1.55976062E-02 -1.24381650E-02  6.22863673E-03
     -0.0217373       0.0699341      -0.0187193       3.07912693E-03 -1.60303058E-02 -1.41220702E-03
      0.0252229       0.0565270      -0.0433842       3.93213517E-03 -5.80879579E-03  5.22550136E-03
      0.0546985       0.0517069      -0.0069401       8.46481589E-05 -5.57879782E-03 -3.61784635E-03
     -0.0078405       0.0133306       0.0739900       1.06367193E-02 -7.45114528E-03 -2.77919823E-03
      0.0207978       0.0656168       0.0312344      -7.64352331E-03 -6.17468364E-03 -2.48399786E-03
     -0.0524308       0.0442356      -0.0317481       1.48476810E-02 -5.64669777E-03 -1.79411589E-03
      0.0328797      -0.0568226      -0.0374675      -8.73338627E-03  1.28212037E-02  3.57515845E-03
      0.0185933       0.0587121       0.0438281      -2.32949832E-02 -1.34178240E-02 -8.91955353E-03
     -0.0623470       0.0367940       0.0217428       4.66082781E-02 -4.51014661E-02 -3.66804752E-02
     -0.0272928      -0.0697243      -0.0103603      -2.69252520E-03  2.51987864E-02  1.37238453E-03
      0.0062889      -0.0726308       0.0199735      -2.07676094E-02  3.23926898E-02 -2.47480162E-03
      0.0047215      -0.0682414      -0.0321641       6.43051044E-03  2.22816201E-03  2.52255381E-02
     -0.0076294       0.0741959       0.0122666       2.23998196E-04 -4.58079927E-02 -2.20939898E-02
     -0.0523101      -0.0542038      -0.0062704       1.49740976E-02 -8.78933272E-03  1.66742527E-03
     -0.0366023      -0.0622370      -0.0223727       3.05586922E-02  4.20614427E-02  2.19815697E-02
     -0.0099134      -0.0493202       0.0564175      -6.76142273E-03  1.32455871E-02 -4.26112600E-02
      0.0665317       0.0069550      -0.0351972      -4.78525945E-02 -1.22760575E-02  3.46569825E-02
      0.0716545      -0.0213400       0.0111327      -4.15798261E-02  2.21387608E-02 -4.91087623E-02
     -0.0691935      -0.0272387      -0.0135653       2.36777354E-02  2.52194790E-02  4.00911838E-03
     -0.0533193       0.0325331      -0.0425716       1.31917861E-02  3.22192524E-03  4.05522668E-02
     -0.0424174       0.0533615      -0.0326654       3.66104410E-02 -1.47538507E-02 -1.36303670E-03
     -0.0195252      -0.0020684       0.0729945       2.01822600E-02  9.85271080E-03 -4.75408475E-02
     -0.0007630       0.0646005      -0.0392415       6.40572447E-03 -2.89976979E-02  3.78112294E-02
     -0.0174046       0.0638544       0.0365159      -6.38000840E-04 -1.07291209E-02 -1.88706284E-02
      0.0000244       0.0571760       0.0494430       1.42658768E-02 -3.01269919E-02 -5.38048963E-02
     -0.0399221       0.0374016       0.0521638       3.43203423E-02  2.05092525E-02 -2.33586242E-02
     -0.0026061      -0.0381890       0.0651806      -1.66703949E-03  3.90965597E-02 -3.19473637E-02
      0.0102346       0.0658932       0.0355954      -8.80009591E-03 -2.25858670E-02 -1.18564394E-03
     -0.0150540       0.0739150       0.0048627      -1.12495034E-02 -2.93489829E-02 -3.29110855E-03
      0.0051916       0.0609677      -0.0443813      -4.59342862E-02 -2.27790163E-02  3.66128736E-02
      0.0291175      -0.0659235      -0.0228030      -1.98536999E-02  5.07859877E-02  3.89381216E-04
      0.0413779       0.0478125       0.0414192      -1.93824452E-02 -1.01229683E-02 -1.75784322E-02
      0.0300373       0.0621003      -0.0309037      -2.96647142E-02 -9.89556244E-03  1.20353147E-02
      0.0045339       0.0572608       0.0491361      -1.65919237E-02 -3.19195754E-02 -3.74791395E-02
     -0.0364092      -0.0617738      -0.0239175       6.80711565E-03  3.58419506E-02  3.14438617E-03
# Displacement: 5,  E_pot (hartree): -29718.644034951
     -0.0736047       0.0161515       0.0059316       7.27876370E-03  2.16084861E-03  3.22655461E-03
     -0.0585419      -0.0010967      -0.0478054       1.28234569E-02 -4.55753059E-03  8.98264579E-03
     -0.0345396      -0.0422476       0.0523055       1.38869829E-02  1.65646589E-02 -1.42294894E-02
      0.0127443       0.0023382       0.0744703      -4.88590245E-03 -9.46810521E-03 -9.39041367E-03
      0.0293253      -0.0491608      -0.0493655       1.14759497E-02  5.00649231E-03  8.99578258E-03
      0.0143020      -0.0350649      -0.0654187       1.67791550E-02 -6.73989218E-04  4.36752974E-03
     -0.0024611      -0.0634809       0.0409614       2.91835669E-03  1.63488638E-02 -1.41089686E-02
      0.0038521      -0.0659250      -0.0367802       7.70076728E-03  1.88612421E-02  1.25769880E-02
     -0.0718493       0.0230404      -0.0045293       9.36836189E-03 -9.04086732E-03  1.61655093E-03
      0.0142588      -0.0166940      -0.0723304      -8.56320378E-03  7.64489827E-03  1.72199519E-02
     -0.0515376       0.0354799       0.0424116       1.09686779E-02 -8.91329996E-03  7.61331191E-03
      0.0309581       0.0180722       0.0665485      -1.23448550E-02  9.87660754E-03 -2.59286908E-02
      0.0494340      -0.0032547      -0.0570910      -1.20726057E-02  5.67754041E-03  1.39263250E-02
     -0.0061323      -0.0175759      -0.0732611      -7.81403278E-03  6.60789857E-03  1.63852646E-02
      0.0219725       0.0348407       0.0633802      -1.57702983E-02 -3.04070386E-03 -2.21171255E-02
     -0.0188490       0.0675453       0.0282143       9.58903068E-03 -1.83696128E-02  2.08662619E-03
     -0.0450635      -0.0605308       0.0043603       6.65590453E-03  1.27975369E-02  3.57843781E-03
     -0.0034628       0.0754937      -0.0015519      -8.45414601E-04 -2.63318821E-02 -8.24009485E-03
     -0.0642307       0.0279076      -0.0284480       1.83052193E-02 -4.84654633E-03  9.82824727E-03
      0.0506752       0.0552356      -0.0097336      -1.49501123E-02 -8.96293457E-03 -3.60510526E-03
      0.0297703      -0.0260858       0.0643969      -9.37783413E-03  9.99725455E-03 -6.69848187E-03
      0.0748120      -0.0070513      -0.0081931      -2.65528746E-03  7.53697179E-03 -4.73581420E-03
      0.0041946       0.0470850       0.0589840      -5.44611339E-03 -1.04399641E-02 -3.26261155E-03
      0.0393103      -0.0630183       0.0140387      -1.98278524E-02  1.64341931E-02 -3.27845284E-03
      0.0310143       0.0514419      -0.0458860      -1.45612446E-02 -1.23152160E-02  5.83911773E-03
      0.0622287      -0.0206863       0.0375946      -1.77642903E-02  1.01051474E-02 -1.52285380E-03
      0.0493437      -0.0138038       0.0555729      -1.26876717E-02 -1.41756879E-02 -1.18173569E-02
     -0.0587642      -0.0392821       0.0267846       1.65920015E-02  4.50541064E-03 -9.92298124E-03
      0.0211384      -0.0620238      -0.0376819       1.35272284E-03  8.38535817E-03  1.31883985E-03
      0.0180624      -0.0400169       0.0615313       1.01949025E-03  6.80389514E-03 -1.34693123E-03
      0.0516111      -0.0240110       0.0497340      -7.56344580E-03  7.68204319E-03 -5.27723485E-02
      0.0663091      -0.0285817      -0.0223582      -1.13611464E-02  4.44546638E-03  2.04887426E-02
     -0.0316621       0.0465068      -0.0504811       3.69765900E-03 -8.70393381E-03  5.75394888E-02
     -0.0180388       0.0574393       0.0457062       2.07967319E-03 -1.07865855E-02 -3.68317408E-02
     -0.0462108      -0.0324270      -0.0502669       7.02232196E-03  2.22999209E-03  6.32352744E-02
      0.0481987       0.0180897      -0.0553475      -1.32753577E-03  3.28258455E-04  4.72044646E-03
      0.0590036      -0.0414931      -0.0225965      -1.26448203E-02  1.71340881E-02 -2.29579500E-02
     -0.0179209      -0.0734336       0.0002415       5.14109464E-03  1.64960678E-02  1.12498012E-02
     -0.0238787      -0.0145163      -0.0702338       3.14111566E-03  7.62333904E-03  6.16630142E-02
      0.0083260      -0.0749530      -0.0051408       2.31736331E-03  1.15030155E-02 -8.92021087E-03
      0.0713826      -0.0233004       0.0086787      -1.46775859E-02  7.32753952E-05 -3.38101449E-03
      0.0216597       0.0546656       0.0474998      -2.16378344E-04 -1.50957457E-02 -2.13819111E-02
      0.0241597       0.0571227      -0.0432089      -7.55364051E-03 -6.34726668E-03  1.58093590E-02
      0.0318506      -0.0335346      -0.0597886      -4.56619581E-03  5.18912365E-03  4.23089494E-02
      0.0128331       0.0673573       0.0318122      -8.20433001E-03 -5.19576458E-03 -2.77669309E-02
      0.0055386      -0.0752632      -0.0042999      -3.02861100E-03  1.72475105E-02 -1.42897215E-03
     -0.0716098       0.0242018      -0.0000442       6.45004667E-03 -1.15445958E-03  8.79942372E-03
     -0.0157125       0.0664868      -0.0323468      -3.25822665E-03 -3.11814555E-03  8.32601794E-04
      0.0692790       0.0031425      -0.0300709      -1.31673148E-02  2.75222199E-03 -5.20415200E-04
     -0.0540508      -0.0439241      -0.0293748       4.78423798E-03 -3.87919428E-03  1.36841297E-02
     -0.0132782      -0.0051152      -0.0742376       1.87640168E-03  7.41379838E-04  3.57495409E-02
      0.0238125       0.0654764       0.0293177      -3.91977638E-03 -1.31166172E-02 -9.29384358E-03
     -0.0321440      -0.0365570      -0.0578278      -1.76232396E-03  8.91790152E-03  1.44678060E-02
     -0.0249805       0.0436450       0.0564340      -8.91804304E-04 -7.85204003E-03 -8.32552781E-03
     -0.0620414       0.0138645       0.0408944       1.19098092E-02 -5.87353428E-03 -1.15367911E-02
      0.0500059      -0.0183364       0.0536366      -6.57241303E-03  2.75576550E-03 -5.91243564E-03
     -0.0186659       0.0586196       0.0439208       5.51682602E-03 -2.29116038E-02 -5.04508155E-03
      0.0445602      -0.0154633      -0.0590676      -3.20484398E-03  2.28298321E-02  1.68329086E-03
      0.0645795       0.0213586      -0.0329696      -9.06253582E-03 -1.46185184E-02  6.78281516E-04
     -0.0540567      -0.0024252      -0.0527797       9.58158615E-03  8.49151346E-03  1.81511224E-02
     -0.0207870       0.0679174      -0.0258618       8.06469795E-03 -2.55714149E-02 -1.54163846E-03
     -0.0193232      -0.0416092       0.0600749       1.62622883E-04  1.14460735E-02 -7.25258690E-03
     -0.0563090      -0.0465435      -0.0194090       7.98402887E-03  2.63244576E-02  2.73766233E-03
      0.0440880       0.0354253       0.0501497      -1.17283848E-02  3.03910098E-03 -1.95505738E-02
      0.0068213       0.0732417      -0.0174018       2.55220482E-03 -2.87583145E-02  6.89471810E-03
     -0.0033541       0.0680836      -0.0326660       6.93278198E-04 -2.24037124E-02  8.79536405E-03
      0.0610604       0.0379342       0.0233738      -3.19801803E-03 -1.05167570E-02 -1.27095668E-02
     -0.0047434       0.0508471      -0.0557296      -1.61700999E-04 -1.76555959E-02  6.20193819E-03
     -0.0645460       0.0149904      -0.0363704       3.17687562E-03 -6.84372634E-04  1.37216540E-02
      0.0331191       0.0663057      -0.0148452      -4.86287948E-03 -1.30641234E-02  3.79662546E-03
      0.0228939      -0.0705790       0.0144285      -5.58841795E-03  2.18865033E-02 -8.38396886E-03
      0.0409123      -0.0615129       0.0160019      -1.24754226E-02  3.91811732E-02  1.79864391E-03
     -0.0544558       0.0280970      -0.0442586       5.38641051E-03  9.49981499E-03 -4.51356526E-04
      0.0189269       0.0698336       0.0218805      -6.72133940E-03 -2.53319430E-02  4.62658677E-03
      0.0498596       0.0359251       0.0440127      -1.44079105E-02 -7.72611306E-03 -7.27593835E-03
     -0.0164948       0.0225152       0.0702473      -7.27436039E-05 -1.10011893E-03 -8.13440275E-03
      0.0619444      -0.0431835      -0.0034327      -1.17367912E-02  4.24643694E-03 -5.73819855E-03
      0.0478696      -0.0003175       0.0584989      -5.75235336E-03 -3.11199472E-03 -1.47615647E-02
     -0.0369279       0.0601341      -0.0270909       2.38127873E-03 -2.99993294E-02  2.52361030E-03
     -0.0119071      -0.0746389       0.0009874      -3.85388639E-03  1.22802294E-02 -1.89088849E-03
     -0.0742461       0.0045613       0.0134313       1.08618375E-02  2.18780662E-02  1.18985056E-03
      0.0716639       0.0103939      -0.0216785      -2.84125254E-02  4.83882086E-03  1.85877397E-03
      0.0658851       0.0355822      -0.0103324      -2.59098855E-02 -2.49840550E-03  9.34792432E-04
      0.0397889       0.0577628       0.0281780      -1.59649463E-02 -6.29534191E-03 -3.03242763E-03
      0.0441442       0.0353387       0.0501614      -8.12002199E-03 -8.03991157E-04 -1.30929580E-02
     -0.0039795      -0.0146200       0.0740549      -1.74156105E-02 -2.86824629E-03 -7.92645857E-03
     -0.0607508       0.0367339       0.0259552       9.31147230E-03 -4.91380380E-03 -6.05130662E-03
     -0.0039273      -0.0692203      -0.0301134      -7.72236618E-03  8.85819324E-03 -3.40797622E-03
      0.0247521      -0.0707349       0.0098791      -2.52884634E-02  7.34561214E-03  2.40379744E-03
      0.0012089       0.0694779       0.0297502      -1.38114580E-02 -1.08125639E-02 -1.34272369E-03
     -0.0304670       0.0462871      -0.0514098       1.82181354E-02 -5.47663487E-03  1.48195081E-03
      0.0538956       0.0490433       0.0200928       8.39515791E-04 -2.60474439E-03 -8.70023685E-03
     -0.0598900      -0.0176358       0.0426130       1.99611373E-02  7.13750651E-03  3.59390353E-03
      0.0325218      -0.0083253      -0.0677255      -7.16547186E-03  3.78270696E-03  1.20565076E-03
     -0.0726403      -0.0098720      -0.0184288       3.28498660E-02  6.81690086E-03  5.96052085E-04
     -0.0378614       0.0654108       0.0012836       1.31802810E-02 -1.04147794E-02  8.49886594E-03
     -0.0603917       0.0280734      -0.0357551       1.02204962E-02  4.89223903E-03 -5.03308773E-05
     -0.0460891       0.0296469      -0.0520630       2.19506650E-02 -1.27301808E-02  1.17106463E-02
     -0.0234257       0.0708722       0.0119201       1.97945930E-02 -9.83254694E-03 -5.04852787E-03
     -0.0560598      -0.0202492       0.0464864       1.58070333E-02  1.26861209E-02 -1.58057015E-02
     -0.0421794      -0.0108160      -0.0617869       2.94113898E-02  1.27474241E-02  9.84633938E-03
     -0.0143770       0.0738204      -0.0075861      -6.22456620E-04 -6.14080682E-03  3.82892433E-03
      0.0256412      -0.0158811      -0.0693111       1.10559947E-02  5.57346052E-03  1.15723675E-02
     -0.0527144      -0.0504453      -0.0197529       2.69694722E-02 -2.43092830E-03 -6.69804704E-03
      0.0366972      -0.0519913      -0.0407911      -1.71082519E-02 -3.49992260E-03  6.34483382E-03
      0.0131821       0.0102220       0.0737254       3.29579780E-03  1.99705181E-04 -1.40220292E-02
     -0.0545889      -0.0521056       0.0043318       2.01103264E-02  9.08476363E-03 -1.80478227E-03
     -0.0270695      -0.0647437       0.0280926      -5.31579784E-03  1.66271368E-02 -1.69110468E-04
      0.0554468      -0.0494141      -0.0140571      -2.37784813E-02  8.36126893E-03  1.42311558E-03
      0.0338928      -0.0073348      -0.0671653      -1.75875732E-02  4.43823168E-03  3.12720501E-02
      0.0053399       0.0005835       0.0753980      -1.71762593E-02 -1.97298833E-03 -2.54157591E-02
      0.0048898       0.0180494      -0.0732395       1.19202880E-02 -1.38285756E-02  5.41228734E-02
     -0.0385909       0.0614819       0.0210815       1.80841288E-02 -3.30727423E-02 -8.16686868E-03
     -0.0080281      -0.0408738       0.0630761      -4.72705800E-03  1.53980768E-02 -7.39318540E-02
      0.0528302       0.0495556      -0.0216083      -2.53798632E-02 -5.40235112E-03  4.19697493E-02
     -0.0407720      -0.0402377       0.0493181       1.10517553E-02  2.67487992E-02 -6.17438898E-02
      0.0676777       0.0209157      -0.0263810      -4.73010362E-02 -1.01236440E-02  9.91648752E-03
      0.0317512       0.0594074      -0.0342975      -4.60818977E-03 -2.92800680E-02  5.04936643E-02
     -0.0372431       0.0552766       0.0356530      -6.31633920E-03 -1.89118011E-02 -1.68077725E-02
     -0.0276177      -0.0085637       0.0698401       6.26072972E-03 -5.28911064E-03 -8.14014436E-02
      0.0576557      -0.0458182      -0.0170357      -2.03581384E-02  3.26213289E-02 -6.39562962E-03
     -0.0487582      -0.0053868      -0.0575093       1.53586323E-04  3.06596614E-03  3.38144743E-02
     -0.0155962      -0.0734779      -0.0084536       1.22858919E-02  1.89588292E-02  1.72471181E-03
     -0.0324800       0.0651115       0.0204756       2.47461546E-02 -1.75635650E-02  6.68235617E-03
      0.0680784       0.0160881       0.0286392      -3.76266034E-02  7.52716412E-03 -4.49288751E-02
     -0.0474872      -0.0550565       0.0206749       3.46279725E-02 -4.71111147E-03  7.59175839E-03
     -0.0514598       0.0545590       0.0094284       2.24240251E-02 -3.00786747E-02 -8.00011195E-03
     -0.0560332       0.0489949      -0.0131705       1.73063658E-02 -2.27585393E-02 -4.78567625E-03
     -0.0027800       0.0257707      -0.0710058       1.43483330E-02 -3.04929632E-03  3.12887846E-02
     -0.0367316       0.0652746       0.0101841       4.79184504E-03 -2.11953620E-02 -6.48917089E-03
     -0.0092234      -0.0739895       0.0124168       1.41571756E-03  3.46255509E-02 -2.98088828E-03
      0.0150874      -0.0657968      -0.0340126       2.45790822E-03  5.88994044E-03 -2.59399464E-03
     -0.0130561      -0.0574993      -0.0472977      -1.06430592E-03  4.08138719E-02  2.74865604E-02
     -0.0614881       0.0397204      -0.0188469       3.22631857E-02 -1.35860167E-02 -2.10039144E-02
      0.0059469      -0.0333140       0.0675908       1.32803242E-02 -2.71680528E-03 -6.80388919E-03
# Displacement: 6,  E_pot (hartree): -29718.639806361
      0.0429276       0.0043011       0.0620680      -2.41911339E-02  1.58439042E-03  3.26586300E-03
      0.0722046      -0.0199672      -0.0100753      -1.09032034E-02  6.35484085E-03 -6.16181109E-03
      0.0302129      -0.0242332       0.0649125      -6.82890819E-04  9.50122099E-03 -8.95509003E-03
      0.0580400       0.0459376      -0.0153234      -3.64581337E-02 -1.10866607E-02  4.53844547E-03
      0.0190491       0.0678781       0.0272654      -3.14315540E-03 -2.74159674E-02 -3.42788287E-03
      0.0411351      -0.0453140      -0.0443649      -2.57852277E-02  4.88382980E-03  2.56364469E-03
      0.0114485      -0.0488749       0.0565145      -1.04433026E-02  9.70410437E-03 -1.50517384E-02
      0.0568372      -0.0494116      -0.0064603       1.62962233E-04  1.94384468E-02  1.59484325E-02
     -0.0079336      -0.0739645       0.0134174       9.17455170E-03  7.59056307E-03 -1.00831034E-03
     -0.0724041       0.0020229       0.0216161       2.06784450E-02  9.22931388E-03 -1.50481022E-02
     -0.0259109      -0.0137545      -0.0696646       1.08022341E-02  1.16337410E-02  1.75716734E-02
      0.0361653       0.0284613      -0.0599644      -2.36739249E-03  1.55097743E-03  1.61410515E-02
     -0.0658486       0.0237396       0.0285323       2.24354954E-02  6.35564300E-04 -1.32578156E-02
      0.0072282       0.0748396       0.0077786      -1.68145674E-03 -2.67397213E-02  4.30403354E-03
     -0.0282288      -0.0241317      -0.0658369       1.07942318E-02 -4.03586814E-03  1.17771962E-02
      0.0179560       0.0719505       0.0146427      -2.63261051E-03 -2.45081213E-02 -4.15588054E-04
     -0.0550612       0.0305363      -0.0418270       3.80737524E-03 -2.89784116E-03  1.09299679E-02
      0.0685965       0.0064884       0.0310827      -2.19334912E-02  6.04263290E-04 -5.00925973E-03
     -0.0514527      -0.0312953      -0.0456829       1.66577841E-02  3.96843553E-03  4.55495056E-03
      0.0282703      -0.0146096      -0.0685643      -7.54539838E-03  8.65582029E-03  1.84088440E-02
      0.0193918       0.0075347       0.0726697      -6.25465415E-03  3.61170860E-03 -1.19217572E-02
      0.0047693      -0.0402255       0.0638190       1.42912779E-02  1.17464185E-02 -1.44062278E-02
     -0.0285270      -0.0486936       0.0502876       3.57192873E-03  2.61352935E-03 -5.13850407E-03
      0.0005535       0.0567804      -0.0498938       8.25932966E-03 -8.28252332E-03  1.06075798E-02
     -0.0695768       0.0012823       0.0295150       1.50385310E-02 -1.08256695E-02 -3.15454240E-03
     -0.0405813       0.0399214       0.0497306       2.01843621E-03 -1.15661993E-02 -2.53074527E-03
      0.0590019      -0.0465143       0.0083006      -8.47413128E-03  2.64698256E-03 -1.35751138E-03
      0.0651034       0.0001751       0.0384086      -4.73274528E-03 -3.97200037E-03 -2.65844455E-02
      0.0015452       0.0411806       0.0633677      -1.10981435E-02 -1.45337673E-02 -2.40736299E-02
     -0.0443117       0.0264515      -0.0552313       4.65782403E-03 -9.04993163E-04  4.21892598E-02
      0.0709708      -0.0221937       0.0135750      -2.07453780E-02  5.23818123E-03 -1.73840205E-02
     -0.0521345       0.0515675      -0.0183438       6.77021863E-03 -1.03798133E-02  2.39361423E-02
      0.0479620       0.0506616      -0.0290988      -1.16786626E-02 -8.45858964E-03  9.86289145E-03
     -0.0269963       0.0399981       0.0581814       8.93870429E-03 -1.03543282E-02 -4.84831074E-02
     -0.0254386       0.0629841       0.0331602      -4.34338617E-03 -3.54002070E-03  3.70736926E-03
     -0.0174165      -0.0701368       0.0221629      -1.44099540E-03  9.30499145E-03  3.12810819E-02
      0.0660785       0.0338535      -0.0141869      -8.21298965E-03 -6.11786973E-03 -1.68517754E-02
     -0.0701745       0.0250333      -0.0127508       1.32004647E-02 -8.75692646E-03  1.64808951E-02
      0.0299230      -0.0680380       0.0137533      -3.85230578E-03  1.01913662E-02  2.15390708E-02
     -0.0376599       0.0073811      -0.0651225       2.05853037E-03  1.97845022E-03  4.04133844E-02
     -0.0044464       0.0067667      -0.0751542      -4.11058799E-03  5.35162134E-03  1.13891521E-02
     -0.0257398      -0.0583417      -0.0405883       1.14010601E-03  1.15247539E-02  5.51857316E-03
      0.0244176      -0.0114989       0.0706064      -8.84660064E-05 -3.61268394E-03 -4.28725922E-02
      0.0137266       0.0133817      -0.0731179      -9.66256614E-04 -5.40878967E-03  5.45396068E-02
      0.0445168      -0.0565327      -0.0231518      -1.11563082E-02  9.15638252E-03  1.82533248E-02
     -0.0492668      -0.0356214      -0.0449176       5.99266292E-03  2.33642124E-03  3.47665853E-02
      0.0323131       0.0521771       0.0441260      -1.00795552E-03 -1.51077979E-02 -2.78870848E-02
     -0.0315152      -0.0500014       0.0471207       9.92937722E-03  1.88878216E-03 -1.98333206E-02
     -0.0238199      -0.0691735      -0.0190090       4.59958361E-03  2.70525181E-02  2.80645071E-02
      0.0305407       0.0524572       0.0450468      -6.79504419E-03  4.76911904E-04 -3.46382734E-02
     -0.0444996      -0.0131684       0.0596664       7.43613762E-03  1.17019906E-02 -1.61438385E-02
      0.0653714       0.0366137       0.0099870      -1.42512659E-02 -1.88472913E-02 -9.82512533E-03
      0.0141213      -0.0267700       0.0692651       8.72203584E-03  6.81457179E-03  3.41345799E-03
     -0.0264464      -0.0298259       0.0642238       4.25788231E-03 -1.64349616E-03 -3.74712593E-02
      0.0709485       0.0260660       0.0007573      -2.74898912E-03 -2.35654861E-02 -1.00969028E-02
     -0.0002333      -0.0637892       0.0405535      -1.49525559E-03  2.09896582E-02  3.33495378E-04
      0.0679810       0.0317798      -0.0090729      -1.96000109E-02 -1.01924339E-02  1.34840599E-02
      0.0520187      -0.0542098       0.0083090      -6.44549222E-03  1.86767327E-02 -7.85974500E-03
      0.0428386      -0.0603678       0.0153060      -1.34462810E-02  1.84280195E-02  4.15615145E-03
     -0.0590134       0.0084952      -0.0464646       1.32993244E-03  1.62224692E-02  1.37582838E-02
      0.0239453      -0.0698570       0.0161349      -1.15633050E-02  1.63206948E-02  6.25786444E-07
     -0.0202667       0.0165203       0.0709228      -1.48586058E-03 -1.24488056E-02 -7.44431602E-03
      0.0209240       0.0344790      -0.0639302      -5.45747210E-03 -5.99340954E-03  1.17615203E-02
      0.0025353       0.0755455       0.0003868       3.59093519E-04 -4.91538417E-02 -2.11747792E-03
      0.0061048      -0.0319624      -0.0682264      -6.07451022E-04  7.70006950E-03  1.09849424E-02
     -0.0374601       0.0621112      -0.0212753       8.04446212E-03 -2.51519674E-02  5.37451245E-03
      0.0081241      -0.0135511       0.0739193      -3.97163301E-03  1.39374955E-03 -1.77051891E-02
      0.0396114      -0.0402890       0.0502139      -1.02249761E-02  1.53263140E-02 -1.00717694E-02
     -0.0628671      -0.0328072       0.0261747       1.14595860E-02 -2.64422769E-04 -1.45903256E-03
     -0.0472467      -0.0587566       0.0053962       5.86974775E-03  4.01695554E-02  1.75291908E-03
      0.0534468      -0.0341442       0.0411256      -4.22923221E-03 -2.04701478E-03 -1.13817818E-02
      0.0681856       0.0306600       0.0111531      -1.24445121E-02  8.88722194E-04 -2.50936538E-03
      0.0729080      -0.0037005       0.0196073      -1.27320160E-02 -1.45175363E-02 -2.26406822E-03
     -0.0649065       0.0163702      -0.0351121       1.23667016E-02 -2.75320086E-03  1.09645141E-02
      0.0744466      -0.0088714       0.0096294      -7.78655179E-03 -1.51061292E-02 -2.42896928E-03
      0.0484698       0.0127895       0.0565757      -2.14432605E-03 -2.63641807E-03 -5.37642367E-03
      0.0416044       0.0432142      -0.0459926      -6.42606858E-03 -4.85385462E-03  1.21191518E-03
      0.0226956       0.0641178      -0.0329777       1.91560167E-03 -1.50508591E-02  1.03037362E-02
     -0.0480460      -0.0355355      -0.0462873       8.41379643E-03  1.46158799E-02  1.68032927E-02
      0.0486669       0.0375899       0.0439573      -6.79009032E-03 -4.44322976E-03 -1.20164219E-02
     -0.0249581      -0.0366161      -0.0612377       4.21583753E-03  2.37386319E-02  1.11299889E-02
      0.0689485      -0.0308520      -0.0028221       1.33364686E-02  3.57761885E-03 -2.59115826E-03
     -0.0450442       0.0019850      -0.0606695       6.66213107E-03 -7.76885017E-03  6.11747380E-03
     -0.0541872      -0.0054150      -0.0524225       2.13783248E-02 -3.81025698E-03  1.19789226E-02
     -0.0421453      -0.0081955      -0.0622119       2.54115426E-02  6.73485784E-03  1.29463729E-02
     -0.0430105      -0.0580268       0.0222865       1.39666616E-02  1.32008904E-02 -9.62959953E-03
     -0.0662927      -0.0267335      -0.0245826       3.62583594E-02  1.07736269E-02  1.27318598E-02
     -0.0053538       0.0665895       0.0353678       1.26522075E-02 -2.11730167E-02 -8.35160675E-03
      0.0095718      -0.0070673      -0.0746467      -1.19544293E-02  2.90849384E-03  1.76505906E-02
     -0.0072242      -0.0168222       0.0733385      -5.67581333E-03  2.17796246E-03 -4.61570788E-03
      0.0721135      -0.0127584       0.0187237      -1.40889090E-02  2.21426598E-03 -1.54340833E-02
     -0.0498298       0.0410800       0.0392825      -5.13489357E-03 -1.54164957E-02 -3.29598660E-03
     -0.0180613       0.0337464      -0.0651817      -9.98149214E-03 -1.04662187E-04  1.96592299E-02
     -0.0189579       0.0276993      -0.0677278      -1.18554932E-02 -7.97805306E-03  4.50713264E-03
     -0.0460422      -0.0329703      -0.0500677       1.02122797E-02  8.99444473E-03  6.58364102E-03
      0.0557885      -0.0327420      -0.0391065      -2.31397023E-02  8.95291887E-03  1.06215805E-03
     -0.0399375      -0.0000021      -0.0641772       7.37553930E-03 -1.00515974E-04  8.35756815E-03
      0.0385689      -0.0314425       0.0568991      -8.20694055E-03 -2.04483101E-03 -4.46633481E-03
     -0.0663960       0.0361237       0.0005871       2.28578708E-02 -7.81517891E-03  8.08815337E-03
      0.0378435      -0.0525102       0.0390416      -2.05095978E-03  4.51824232E-03 -1.15712791E-02
     -0.0202625       0.0213393       0.0696259       9.16610053E-03 -6.19647364E-03 -4.81003523E-03
      0.0602500       0.0403613       0.0213213      -1.25239284E-02 -1.10649710E-02 -2.25963730E-03
     -0.0519540      -0.0483995      -0.0259227       8.34307646E-03  9.33957566E-03  7.67736313E-03
     -0.0071274      -0.0675710       0.0331220       9.19097305E-03  1.81238002E-02 -1.31945822E-02
     -0.0199342      -0.0712192      -0.0156255      -9.60739153E-03  1.70187567E-02  6.46349165E-04
     -0.0103865      -0.0298517      -0.0686637      -1.45334624E-02  2.62525808E-03  1.87375657E-02
      0.0386439       0.0274066       0.0589002       1.15763176E-02 -1.18379867E-02 -4.56092337E-03
     -0.0266543      -0.0260678      -0.0657549       5.87106250E-03  7.05839469E-03  8.34024104E-03
      0.0214975       0.0319724      -0.0650333      -2.73000593E-02  5.75432605E-03  6.07532855E-02
      0.0134685      -0.0739523       0.0079608       2.15038288E-02  3.00302952E-02 -1.59892812E-03
     -0.0699815       0.0116655       0.0260810       4.05531052E-02 -1.13078652E-02 -6.20485463E-02
     -0.0693675       0.0286908       0.0088716       4.44185901E-02 -1.02670758E-02  5.17610887E-03
     -0.0262308      -0.0271167       0.0655007       7.77285035E-03  7.78243073E-03 -3.00876143E-02
     -0.0266347      -0.0689123       0.0159814       1.37791089E-02  2.41460374E-02 -2.86215188E-02
      0.0236736       0.0119576      -0.0707834      -9.59817421E-03  1.43204141E-02  5.11642808E-02
     -0.0177571       0.0446234       0.0583708       1.22098910E-02 -2.71868844E-02 -1.07131365E-02
     -0.0292352       0.0222948       0.0660452       1.60504760E-02 -1.87011015E-02 -5.13203785E-02
     -0.0135470       0.0191929      -0.0718458      -1.07097625E-03 -1.63732196E-03  5.04002769E-02
      0.0473915      -0.0270496       0.0523075      -2.69658313E-03  2.80400022E-03 -3.34313043E-02
      0.0429279       0.0430285       0.0449383      -2.58476624E-02  9.03209862E-03 -3.05653614E-02
     -0.0154258      -0.0735758       0.0078957       7.09090423E-03  1.46768839E-02 -2.52182001E-02
     -0.0524899       0.0304574      -0.0450651       7.18981530E-03 -2.26233706E-02  1.47285306E-02
      0.0208137       0.0723862      -0.0063819      -2.12927467E-03 -4.99838766E-02  4.08217208E-03
      0.0570128       0.0131543       0.0478561      -6.11707986E-03 -1.05505633E-02  4.10100048E-03
      0.0141106      -0.0502088       0.0547144      -6.85341961E-03  3.26854696E-02 -4.52649828E-02
     -0.0376299      -0.0503748       0.0419532       1.38303376E-02  3.34807968E-02 -3.08241456E-02
     -0.0688181      -0.0287580       0.0122774       1.70526130E-02  9.43002622E-03 -2.56650939E-02
      0.0300298      -0.0503164      -0.0477513      -4.40117035E-03  1.38030974E-02  3.14353240E-02
      0.0299980      -0.0682530      -0.0124644      -1.64898757E-02  5.11144812E-02  1.26501479E-02
      0.0206090       0.0616302       0.0386094      -3.85641548E-02 -5.31200466E-02 -4.22027723E-02
     -0.0205516       0.0472520      -0.0553045      -1.06674998E-04 -4.08328336E-02  4.43090726E-02
      0.0039882       0.0754151      -0.0032182      -1.12240005E-02 -5.81437448E-02  8.74070694E-03
     -0.0055590      -0.0740705       0.0140122       1.92391107E-02  4.02211722E-02 -1.01577809E-02
      0.0327272      -0.0209669       0.0648307      -8.69796702E-03  1.34151649E-02 -2.25462331E-02
      0.0490699       0.0000433      -0.0574964      -1.78937313E-02 -7.51586636E-03  4.60592826E-02
# Displacement: 7,  E_pot (hartree): -29718.652144989
     -0.0246080      -0.0664592      -0.0262930       6.25587053E-03  6.48456101E-03 -4.04645525E-03
      0.0474786       0.0573349      -0.0131224       1.78390886E-03 -1.89609951E-02  1.00529100E-04
      0.0645497       0.0170660      -0.0354371      -2.40153916E-03 -5.53895548E-04  8.99229689E-03
      0.0411327      -0.0611540      -0.0167924      -1.05742178E-02  2.09520039E-02 -4.32974373E-03
      0.0544037      -0.0523864      -0.0030979      -1.47090365E-02  1.63131515E-02  3.40514391E-03
      0.0282393       0.0697240      -0.0074039      -7.64990736E-03 -1.25193271E-02 -7.57773878E-04
     -0.0658478      -0.0359788       0.0091272       1.04639753E-02 -4.43199346E-03 -7.26369799E-03
     -0.0209373       0.0414796      -0.0596220      -6.71504941E-03 -5.02712302E-03  7.00477123E-03
      0.0631703       0.0348577      -0.0225422      -2.32289911E-02 -9.79504797E-03 -6.15469639E-06
     -0.0510460       0.0293735       0.0473836       1.38063443E-02 -1.23115000E-02 -1.39331168E-02
     -0.0298697      -0.0633527      -0.0284244       1.07037207E-02  1.05983112E-02  1.23141975E-02
     -0.0672764       0.0177082       0.0295636       1.13616078E-02 -4.73305472E-04 -9.54783126E-03
      0.0250038      -0.0049359       0.0711629      -2.20247502E-03  4.81090247E-03 -1.95867818E-02
      0.0252276      -0.0103114      -0.0705050      -6.40253883E-03  2.54719428E-04  2.62024816E-02
      0.0309277       0.0441240       0.0530119      -6.42442456E-03 -9.88370426E-03 -9.53074780E-03
     -0.0674826      -0.0231871      -0.0249431       5.38412251E-03  8.78977336E-03 -4.33737399E-04
     -0.0700829      -0.0281915       0.0027058       1.60616548E-02  4.45612893E-03 -3.44861492E-04
     -0.0482251       0.0040799      -0.0580637       7.22241462E-03 -1.79371506E-03  1.04448180E-02
      0.0311350      -0.0616748       0.0306682      -2.07959937E-02  1.04554021E-02 -8.64632175E-03
      0.0353694       0.0565051      -0.0356354      -1.89814473E-02 -9.72052820E-03  1.21158637E-02
      0.0709498       0.0241060       0.0099358      -2.33205318E-02 -4.66557582E-03 -4.12280968E-03
      0.0541834      -0.0319262       0.0419353      -8.47739476E-03  1.10724557E-02  2.03911798E-03
     -0.0477677       0.0576104       0.0106304       1.58183784E-02 -5.39599826E-03 -4.48909778E-03
      0.0215787      -0.0651294      -0.0317208       9.75178990E-04  8.35401071E-03  3.60405322E-03
     -0.0101622      -0.0741683       0.0104645      -2.09615098E-03  8.55125505E-03  3.78664807E-03
     -0.0600080       0.0023519      -0.0459045       1.49993542E-02  1.60329884E-03  1.22741984E-02
     -0.0477088       0.0039469       0.0584979       1.74709354E-02 -5.22159338E-03 -1.92342799E-02
     -0.0350458       0.0664806       0.0081127       3.24488332E-03 -7.24404508E-03 -2.13615334E-02
     -0.0447208      -0.0578732       0.0190909      -7.16974291E-04  1.77157601E-02 -1.36584779E-02
     -0.0520013       0.0463789       0.0293014       5.49619139E-03 -9.24213653E-03  1.36853754E-02
     -0.0279697      -0.0615890       0.0337372       2.12890739E-03  4.76587480E-03 -1.49805006E-02
      0.0199320      -0.0717803      -0.0128063      -1.22117463E-03  8.87403256E-03  8.12111092E-03
     -0.0062270      -0.0612562      -0.0438476       3.87205487E-03  8.07967855E-03  1.63522958E-02
      0.0365285       0.0376433       0.0544276      -5.31022991E-03 -1.37135421E-02 -2.42542320E-02
      0.0394734       0.0361408      -0.0533798      -8.69176395E-03 -1.80569644E-02  1.29894881E-02
     -0.0533344       0.0137872       0.0517597       3.62575100E-03 -8.51028149E-03 -1.66837321E-02
      0.0128869       0.0702039      -0.0248803      -5.73292437E-03 -5.22554400E-03 -2.56189214E-03
     -0.0652624      -0.0264337      -0.0274917       1.37395688E-02  1.03389036E-02  2.97522687E-02
      0.0326511      -0.0588144      -0.0344745      -6.14318883E-03  7.37678054E-03  3.19345474E-02
      0.0303454       0.0244582       0.0647662      -6.74852570E-03 -4.97183539E-03 -3.46531394E-02
      0.0201476      -0.0716835       0.0130096       1.94109603E-03  7.90522790E-03  1.61580651E-02
     -0.0733653       0.0022461      -0.0180607       3.40130893E-03  4.00151279E-03  2.80829666E-02
     -0.0013056       0.0367325      -0.0660509      -1.03083753E-03 -1.36260957E-02  1.27269813E-02
     -0.0525186       0.0184267      -0.0511466       4.83931449E-03 -1.33144429E-02  4.18638681E-02
     -0.0499389       0.0019049       0.0567114       1.33723397E-02 -9.97874900E-03 -2.55837485E-02
     -0.0394911      -0.0542456      -0.0348076       9.57073378E-03  8.68849677E-03  7.95123391E-03
     -0.0000342      -0.0755751      -0.0014529       2.08991965E-03  7.65217523E-03 -2.96556109E-03
      0.0006302       0.0755862      -0.0001543       4.51378278E-03 -1.58676239E-02 -2.01477706E-03
     -0.0631699      -0.0409505      -0.0068049       1.48904315E-02  2.67826035E-03 -1.67431783E-04
     -0.0144653      -0.0677946       0.0301387      -2.84950136E-04  3.11514244E-03 -4.99163058E-03
     -0.0597320      -0.0178734      -0.0427355       1.02514409E-02  3.95776013E-03  8.13718087E-04
     -0.0511970      -0.0236738      -0.0503200       6.54920477E-03  6.83558799E-03 -1.64897631E-02
     -0.0121644       0.0069614      -0.0742784       8.24433614E-03  2.77776342E-03  3.33304982E-02
     -0.0091136       0.0440406      -0.0607542      -7.83574953E-03 -5.43246643E-03  3.11029061E-02
     -0.0565651      -0.0489873       0.0106933       2.04706291E-03  1.75985888E-02 -2.43786568E-03
      0.0135547      -0.0570237       0.0477312      -9.69048105E-03  1.57692343E-02 -1.26224831E-02
      0.0040744      -0.0420393      -0.0626880      -7.99541810E-03 -5.41401065E-03  1.72462802E-02
      0.0249765       0.0516286      -0.0492380      -8.31584583E-03 -1.49539466E-02  3.63305284E-03
     -0.0615384       0.0224442      -0.0377226       4.02227524E-03 -1.53585025E-02  5.77453629E-03
      0.0238970      -0.0161121       0.0698788       4.06494693E-03 -1.32829110E-02 -1.32309717E-02
     -0.0294551      -0.0580875       0.0383660       7.34880782E-03  1.84587382E-02 -4.31046586E-03
     -0.0486527      -0.0486197       0.0313490       9.17567683E-03  5.56561258E-03 -4.20454368E-03
      0.0304603      -0.0273443      -0.0635464      -3.71530232E-03  2.39063573E-02  4.38400710E-03
      0.0274756      -0.0669711       0.0217639      -2.81760153E-03  2.72430682E-02 -5.05095816E-03
     -0.0654013      -0.0108421       0.0363156       1.24708007E-02  1.20495601E-02 -8.36376555E-03
     -0.0287654      -0.0534072       0.0450992       1.13700760E-02  8.02092916E-03 -7.47216280E-03
      0.0038272      -0.0077365      -0.0750947      -7.09102038E-03  7.80203958E-03  9.09541668E-03
      0.0722847      -0.0018945      -0.0220234      -6.93717366E-03  3.45066313E-03  7.06374443E-03
     -0.0599103       0.0370229       0.0274549       5.29459690E-03 -1.14345501E-02  6.09154340E-04
     -0.0738650      -0.0154083      -0.0045007       5.88793737E-03 -1.88100581E-02 -6.68298311E-04
      0.0372020      -0.0447845       0.0482086      -5.12943244E-03  6.95057266E-03 -9.97904845E-04
     -0.0698677      -0.0267961       0.0106859       9.38246665E-03  2.79643577E-03 -5.75466780E-03
      0.0150571       0.0731629       0.0115833      -2.28505852E-03 -2.28276673E-02 -1.07016734E-02
     -0.0253081      -0.0053617      -0.0710243       8.05245603E-03  7.34511568E-03  3.54058365E-03
     -0.0073844      -0.0223334      -0.0718358       2.87397299E-03  2.06539024E-02  1.46846464E-02
      0.0158754      -0.0050526      -0.0737303       9.47336518E-03 -8.70118491E-03  8.14029153E-03
      0.0080007      -0.0683099      -0.0313599       2.56974403E-03  1.04126366E-02  9.61093868E-04
      0.0391240       0.0630010       0.0146255      -7.52986555E-03 -2.36528730E-02 -4.57637274E-03
     -0.0124182      -0.0494552      -0.0558004      -1.57171389E-04  1.99140846E-02 -5.28689133E-04
      0.0706517      -0.0250230      -0.0097932      -6.51266705E-03 -7.00724906E-04 -2.26827825E-04
     -0.0660611       0.0153130      -0.0333936       4.18521570E-03  1.80868802E-03  2.21544203E-03
      0.0247175      -0.0642540       0.0312118      -3.62005852E-04  1.16893093E-02 -6.20848040E-03
     -0.0398939       0.0459266      -0.0448656       7.08317434E-03 -1.29626191E-02  1.51347990E-03
      0.0654182       0.0378541       0.0011036      -1.35661157E-02 -2.96202392E-03  5.53811453E-03
     -0.0139120       0.0737283      -0.0091818       8.09148694E-03 -1.45622889E-02 -5.36996003E-04
     -0.0068850      -0.0146559       0.0738343       1.18844708E-02 -1.33788719E-03 -9.65957818E-03
      0.0621988      -0.0281278       0.0324631      -1.90494877E-02  6.26646808E-03 -8.87136257E-03
     -0.0391954      -0.0555350      -0.0330648      -1.32777185E-03  6.48552198E-03  2.04446837E-03
     -0.0027706       0.0110063      -0.0747321       6.26176923E-03  6.79189298E-04  7.36305360E-03
     -0.0472994      -0.0502574       0.0308328       1.98611889E-02  2.43645814E-03 -6.68147306E-03
     -0.0520955       0.0514195      -0.0188622       6.21060153E-04 -6.38637232E-03  4.87333152E-04
     -0.0366761       0.0405219       0.0522162      -6.04499114E-03  5.07761163E-03 -1.01158255E-02
      0.0390327      -0.0494414       0.0417818      -1.36027197E-02  1.08751516E-02  2.60340448E-03
     -0.0242545       0.0420556       0.0579374       8.27773020E-03 -9.58694335E-03 -3.84611168E-03
      0.0520691      -0.0522825       0.0164031      -8.65866120E-03  8.45786757E-03  1.05919418E-03
     -0.0686971       0.0309873      -0.0058468       1.54101832E-02 -2.54675532E-03 -3.89068277E-03
      0.0009325       0.0726497      -0.0208534      -2.90511259E-02 -1.45293411E-02  1.41564085E-03
      0.0307586       0.0656481      -0.0213999      -1.52258184E-02 -2.79923059E-02 -2.59983446E-03
      0.0520626       0.0509760       0.0201159      -1.88902602E-02 -1.71641638E-02 -2.96618621E-03
     -0.0245039       0.0563462      -0.0440269      -3.54818725E-03 -9.82459400E-03  4.97207746E-03
      0.0038262       0.0725534      -0.0208580       5.04029414E-04 -1.23466994E-02  6.18742541E-03
     -0.0231524       0.0281515       0.0662207       2.54540368E-02  1.19766996E-03 -8.06420711E-03
      0.0408165       0.0594783      -0.0225841      -2.84877827E-02 -7.94004905E-03 -5.77415980E-04
      0.0691020       0.0038441       0.0303946      -1.22733784E-02 -3.84966475E-03  1.02661674E-04
     -0.0365860      -0.0097675       0.0654200      -1.24451928E-03  3.19556637E-03 -6.71588714E-03
     -0.0094836       0.0098292       0.0743448       1.61400590E-02 -4.40094446E-03 -2.10087192E-02
      0.0118579       0.0379141       0.0643088      -3.97476516E-03 -5.54370927E-03 -7.99342430E-03
     -0.0202370       0.0480374      -0.0547410       4.52819214E-03 -1.22144249E-02  3.28150306E-03
     -0.0214249       0.0072515      -0.0721256       1.56408303E-02 -1.84836514E-02  2.83433959E-02
     -0.0396242       0.0565187      -0.0308100       3.58927069E-02 -2.54564280E-03  1.92046866E-02
     -0.0194913       0.0696286       0.0220374      -3.94416928E-03 -1.71502852E-02 -2.20827335E-02
      0.0137929      -0.0724090      -0.0167450      -1.71512954E-02  2.32867327E-02  1.30955281E-02
     -0.0423400       0.0621963      -0.0072560       2.87092235E-03 -3.56004106E-02 -1.12558017E-02
      0.0249568      -0.0373952      -0.0607655      -5.50192593E-03  1.04755429E-02  2.28102322E-02
      0.0351430      -0.0415992      -0.0524231       2.27508204E-03  5.33388394E-03  1.84176876E-02
      0.0146046      -0.0401142      -0.0623799       1.89471865E-03  4.71260293E-02 -1.06039064E-03
     -0.0677460      -0.0317164      -0.0108748       1.18960919E-02  1.56641892E-02  6.69937444E-03
      0.0189004       0.0671648       0.0290749       1.93469633E-02 -1.80552331E-02 -1.17814383E-02
      0.0014984       0.0397053       0.0643035      -9.16868900E-03 -3.43141215E-02 -3.30063619E-02
     -0.0290950       0.0309114       0.0625434      -1.07388856E-02 -1.73461292E-02 -2.52356209E-02
     -0.0598413       0.0441988       0.0133858       3.13750526E-02  1.44705358E-02  1.48912092E-02
      0.0278071      -0.0246999       0.0658056      -1.07936034E-02 -8.72635440E-04 -2.88841569E-02
      0.0245767       0.0494781       0.0515909      -1.19253027E-02 -2.58624722E-02 -2.53314223E-02
      0.0464216       0.0323728      -0.0501074      -1.94526279E-02  1.11468728E-02  3.79253995E-03
      0.0041265      -0.0682227       0.0322852       6.66911182E-03  4.21596677E-02 -3.18466592E-02
     -0.0323420      -0.0370276      -0.0574164      -1.93241875E-02  4.35313810E-02  4.48549244E-02
      0.0749677      -0.0041457       0.0087387      -2.77565264E-02  2.27033764E-02 -6.00379453E-03
      0.0347226      -0.0634983      -0.0218180      -1.80832840E-02  2.65140723E-02  8.36100704E-03
     -0.0648648       0.0043712       0.0385636       1.07811130E-02 -1.21284438E-02 -2.33920559E-02
      0.0641149       0.0320852      -0.0239485      -2.47311164E-02 -1.08120510E-02  9.98101150E-03
     -0.0089767      -0.0608633      -0.0439178      -4.39159669E-03  2.90986809E-02  1.76538851E-02
     -0.0346143      -0.0494690      -0.0454792       1.58704006E-02  3.53018300E-03  2.51844639E-03
     -0.0310113       0.0483730      -0.0491128       1.48247139E-02 -1.81571840E-02  3.44515450E-02
      0.0266708       0.0691617       0.0148000      -1.43238382E-02 -4.19869190E-02 -3.23380791E-02
     -0.0616306      -0.0435283      -0.0045436       2.71447197E-03  1.93330415E-03 -2.63993417E-02
# Displacement: 8,  E_pot (hartree): -29718.645581681
     -0.0622355       0.0017310      -0.0428655       9.80244542E-03 -5.00397925E-03  1.03622624E-02
     -0.0242736       0.0109337      -0.0707457       1.68747591E-02  3.91149225E-03  1.87401226E-02
     -0.0098253      -0.0052618       0.0747628       3.84668320E-03  2.26037795E-02 -2.04849434E-02
      0.0270278       0.0650531      -0.0274099      -8.91421603E-03 -9.26795530E-03  1.97756956E-02
     -0.0174544       0.0283854       0.0678477       4.88318613E-03 -6.25691235E-03 -1.54379490E-02
     -0.0528192       0.0538496       0.0049054       9.94086708E-03 -1.73619124E-02 -1.16832396E-02
     -0.0640782       0.0274889       0.0291898       5.92046392E-03  4.47504285E-03  3.74491785E-03
     -0.0676783       0.0056208      -0.0331928       1.41530379E-02 -5.85551128E-03  4.12851071E-03
      0.0541640       0.0090897       0.0519360      -1.01895371E-02 -8.43693565E-03 -1.52485431E-02
      0.0225308       0.0432434       0.0577589      -1.68433943E-02 -7.42953131E-03  3.33478364E-03
     -0.0045446      -0.0426577       0.0622364      -5.64041468E-03  4.38183072E-03 -1.56108184E-02
      0.0469890      -0.0360951      -0.0469349      -1.69156007E-02  1.92032239E-03  9.79844223E-03
     -0.0263897      -0.0462433      -0.0536547       5.79668002E-03 -7.13538150E-04  4.45331625E-03
     -0.0152189       0.0336833      -0.0659358      -4.46978078E-03 -1.44655883E-02  6.93553183E-03
      0.0104658      -0.0672698       0.0328472      -6.29444064E-03  9.74176096E-03  7.20808063E-03
      0.0311762      -0.0318124       0.0610716      -5.32191282E-03  1.72059870E-02 -4.48329134E-03
     -0.0472779      -0.0540724      -0.0235518       1.83116742E-02  2.08375839E-02  6.44138553E-03
      0.0133345      -0.0633829       0.0389682      -2.90460670E-03  1.34572382E-02 -1.03869049E-02
     -0.0379297      -0.0614624      -0.0223029       9.16111588E-03  8.88178257E-03 -1.63459531E-03
      0.0374935      -0.0544209       0.0366920      -1.45639891E-02  1.02175133E-02  2.39992995E-03
     -0.0353935       0.0443123       0.0499743       4.12003898E-03 -2.46935681E-03 -4.78570583E-03
     -0.0532261      -0.0490563      -0.0217754       1.16356194E-02  3.12692191E-03 -5.76686022E-03
      0.0168005       0.0664316       0.0319107       5.67141485E-03 -1.18460926E-02 -3.73277879E-03
      0.0488166      -0.0299566       0.0493278      -6.38354526E-03  8.22277939E-03  2.36409664E-03
     -0.0219775      -0.0320876       0.0648159       1.18631749E-02  1.33126998E-02 -1.46023977E-02
      0.0405842       0.0035413      -0.0636717      -1.86083932E-02  4.05529357E-03  1.55719829E-02
      0.0685345       0.0166989      -0.0271635      -9.00808166E-03 -9.82677884E-03  6.44395109E-03
      0.0453810      -0.0604403       0.0011161      -3.12978091E-03  1.10331669E-02  2.55856297E-02
     -0.0748775       0.0043798       0.0093750       1.55926790E-02  4.01518857E-05 -4.15334378E-03
     -0.0515551      -0.0495934       0.0244189       1.14737866E-03  5.86762873E-03 -9.59196297E-03
     -0.0328248      -0.0274869      -0.0622953       1.51495810E-02  6.96487217E-03  3.03866797E-02
     -0.0551616      -0.0192817      -0.0479492       6.62505347E-03  8.89308570E-03  1.76301187E-02
      0.0725151       0.0143230       0.0158147      -8.06433667E-03 -1.15835381E-03 -1.65010115E-02
     -0.0136498       0.0336008      -0.0663202      -1.22793194E-03 -1.88631683E-02  2.51905875E-02
     -0.0424972      -0.0453502      -0.0430240       1.36672539E-03  1.94009300E-03  4.96481464E-02
      0.0106169      -0.0206384       0.0719377      -3.39327976E-03  3.13308567E-03 -5.62915212E-02
     -0.0436128       0.0552550       0.0275410       7.54560661E-03 -1.66929133E-03 -9.88727580E-04
     -0.0421871      -0.0039699       0.0625954       5.27135086E-03  2.90859883E-03 -2.25671548E-02
     -0.0200041      -0.0461003      -0.0564651       2.00907912E-03  1.78251877E-03  3.27540449E-02
      0.0393390       0.0476373      -0.0435526      -6.86212957E-03 -1.55234883E-02 -3.31265413E-03
     -0.0443258       0.0493641      -0.0362231       6.94758615E-03 -9.31780017E-03  1.59166807E-02
      0.0323020       0.0380531      -0.0567649      -1.01767922E-03 -1.05436500E-02  4.96722494E-02
     -0.0620945       0.0421987      -0.0087896       1.38500560E-02 -7.65854314E-03 -1.21985927E-02
     -0.0579726       0.0462585      -0.0145958       4.41794054E-03 -1.09083076E-02  3.23671524E-02
     -0.0028610       0.0754354      -0.0038766      -3.25967601E-03 -1.06816498E-02  1.15138172E-03
      0.0235749       0.0369664      -0.0615744      -1.18553234E-02 -7.83751526E-03  1.49405937E-02
     -0.0466811       0.0364142       0.0469953       4.12498941E-03 -1.22029897E-03 -2.20653451E-02
     -0.0524840      -0.0536742      -0.0088439       1.03399973E-02  1.53242123E-02  1.13303922E-02
      0.0653478       0.0221812      -0.0308443      -1.53519320E-02  8.54188332E-03  1.85372562E-02
     -0.0486377       0.0354695       0.0457163       1.47470351E-02 -2.60027652E-03 -1.69036568E-02
     -0.0174908       0.0341848       0.0651089       8.14972567E-04 -7.79460999E-03 -1.97471449E-02
      0.0159892       0.0307323       0.0671833       1.71049733E-04 -4.98000223E-03 -3.79991562E-03
      0.0319578      -0.0684148       0.0034377       3.27119518E-03  1.27107206E-02  3.09911392E-02
     -0.0616715      -0.0075804       0.0430448       8.05508904E-03  7.68179337E-03 -3.92472325E-02
     -0.0047181      -0.0370859       0.0656968      -5.44558594E-03  3.47083273E-03 -1.07606105E-02
     -0.0214893      -0.0716278       0.0110166       8.01925622E-03  2.34690156E-02  1.22501147E-03
      0.0673184       0.0001543      -0.0343788      -9.87127722E-03 -1.60337195E-02  4.34718455E-03
      0.0147928      -0.0737284      -0.0076808       5.32343259E-03  2.64465852E-02 -2.81483235E-03
     -0.0655448       0.0201752       0.0317892       1.48276413E-02  4.98259786E-03 -7.44071371E-03
      0.0649557       0.0012621       0.0386375      -9.34675726E-03  9.00652774E-03  2.40198649E-03
      0.0635652      -0.0329578      -0.0242272      -6.78069934E-03 -4.94851369E-03  6.10474012E-03
     -0.0083321       0.0542360       0.0519878       3.76031772E-03 -3.57072901E-02 -1.34410665E-02
      0.0081543       0.0412333       0.0628254      -3.12943114E-03 -2.07086168E-02 -1.19552855E-02
      0.0627179      -0.0142672       0.0397065      -5.08486657E-03  7.14292366E-04 -3.54279771E-03
      0.0251226      -0.0019211       0.0712662      -1.32912656E-03  1.85295856E-02 -5.56482053E-03
      0.0079758       0.0239761      -0.0712406      -1.05750191E-03 -2.68218395E-02  6.64923693E-03
      0.0334227      -0.0427117      -0.0526530      -7.04257734E-03  2.41762488E-02  2.73681632E-03
     -0.0545292      -0.0509512       0.0120101       1.08809727E-02  1.27017717E-02  2.58521370E-03
     -0.0548886      -0.0491626       0.0168516       8.75015832E-03  7.24941182E-03 -2.96857838E-03
      0.0676543      -0.0285816      -0.0178799      -3.42674898E-03 -2.33991961E-03 -1.87012659E-03
      0.0514858       0.0416856       0.0364036      -9.50195097E-03 -1.49761422E-02 -2.36444206E-03
      0.0067516      -0.0664533       0.0353849      -1.04220995E-03  2.65087020E-02 -5.23523523E-03
     -0.0666099       0.0345471      -0.0091281       1.31894133E-02 -1.99409976E-03  7.58965375E-03
     -0.0109419       0.0720080      -0.0202196       1.10102557E-03 -2.74262887E-02  7.54513207E-03
     -0.0240290       0.0705252      -0.0127476       3.66245777E-03 -3.54494887E-02 -4.09584462E-03
     -0.0075807       0.0375041       0.0651895      -5.10472769E-03 -1.89429424E-03 -1.39473910E-02
      0.0731618       0.0036047      -0.0186566      -1.56557128E-02  7.11003914E-03 -3.22406974E-05
      0.0001706       0.0115024      -0.0747085       5.63352918E-03  8.50041255E-03  1.83627677E-02
      0.0454297       0.0467216      -0.0383007      -7.27582356E-03 -1.20964989E-03  1.58209736E-02
      0.0426991      -0.0109327       0.0614082      -9.08358103E-04  1.48766591E-02 -9.39896643E-03
      0.0281442       0.0272989       0.0646250       3.28102552E-04 -4.43118794E-03 -1.06573512E-02
      0.0440660       0.0558207       0.0256110      -3.38269999E-02 -1.08996562E-02 -7.57099910E-03
      0.0231961      -0.0522123      -0.0494928      -4.87592649E-03  5.42743886E-03  4.69884490E-03
     -0.0103211      -0.0405733      -0.0629363       1.70526411E-02  9.43237158E-03  1.55233604E-02
      0.0470224      -0.0535573       0.0251835      -5.86980748E-04  1.26359701E-02 -1.18276155E-02
     -0.0449188       0.0006861      -0.0607909       7.37111391E-03  8.44565236E-03  6.92907744E-03
     -0.0325339       0.0493797       0.0470840       2.22239445E-02 -5.60061703E-03 -6.12371883E-04
      0.0229959      -0.0123143      -0.0709455      -1.97383793E-02 -1.83640394E-04  1.39180136E-02
      0.0699297       0.0229363      -0.0172475      -3.67478539E-02 -4.70704532E-03  2.55979748E-03
     -0.0435271       0.0006242       0.0617958       1.50251470E-02  3.61440646E-03 -1.19017452E-02
     -0.0709393       0.0260779      -0.0011171       3.32182061E-02 -1.11638200E-03 -3.53944912E-03
     -0.0299592       0.0397567       0.0568819       1.61501964E-02 -4.71759578E-03 -2.28513468E-03
      0.0502244      -0.0485613       0.0288622      -2.62516289E-02  3.77690982E-03 -9.93515748E-04
     -0.0007143       0.0755582      -0.0020387       1.84384036E-02 -1.95745452E-02 -2.42892795E-04
      0.0184420      -0.0533338       0.0502902      -9.66261058E-03  9.04725728E-03 -1.06235073E-02
      0.0718584       0.0144347       0.0184859      -3.71745882E-02  2.53229927E-03 -5.43502245E-03
      0.0024006       0.0201905      -0.0728032       2.01323202E-02 -8.08785944E-03  8.75116338E-03
     -0.0234944       0.0596818      -0.0399975       1.70929377E-02 -1.22800318E-02  7.69489063E-03
      0.0129251      -0.0466812      -0.0580301      -1.31907761E-04 -2.07797036E-04  4.29778278E-03
     -0.0595138       0.0140381      -0.0444382       3.57285886E-03  7.66754356E-04  8.81935102E-03
      0.0457567      -0.0052525       0.0599369      -2.02827987E-02  7.72272089E-03 -9.94173818E-03
      0.0290995      -0.0613632       0.0331887       3.70494384E-04  1.29813433E-02 -4.31598403E-03
      0.0318897      -0.0012407       0.0685215      -1.13029089E-02 -1.63332452E-03 -9.07615408E-03
      0.0331970       0.0601330       0.0315544      -1.51497290E-02 -1.36899255E-02 -8.66514502E-03
     -0.0027190      -0.0510186      -0.0557082       5.06865748E-03  6.77000539E-03  8.21919714E-03
      0.0697294       0.0267665      -0.0116218      -6.12841218E-03 -5.63069004E-03  1.22558072E-02
      0.0249313      -0.0001264       0.0713591       1.47618627E-02  1.23195384E-03 -3.15030971E-03
     -0.0332508      -0.0650132       0.0195289       5.60298848E-03  7.63924796E-03 -1.00694508E-02
     -0.0572099       0.0195710       0.0453620       2.75702574E-02 -1.84330598E-02 -1.06302978E-02
      0.0741197      -0.0031125       0.0145009      -6.12823923E-02 -7.25168476E-03  1.88089229E-03
     -0.0303227       0.0256473       0.0643153      -6.56338379E-03 -1.22438749E-02 -2.70434556E-02
      0.0698114       0.0240902      -0.0161161      -4.93234124E-02 -1.40058225E-02 -1.13773539E-02
      0.0682822       0.0192237      -0.0261091      -1.90423491E-02 -1.40985529E-02  6.09905666E-03
      0.0037411       0.0702959       0.0275355       2.20174750E-02 -1.35792594E-02  7.06272285E-03
     -0.0337563      -0.0675383      -0.0035768       1.13069496E-02  4.52678752E-02 -2.97691589E-02
     -0.0751713      -0.0049919       0.0061704       2.04663959E-02  1.70324270E-02 -2.26434739E-02
     -0.0488898       0.0153486      -0.0555690       2.20748913E-02  1.74230204E-02  6.02499213E-02
      0.0432302       0.0552914       0.0280660      -1.41002895E-02 -2.66429117E-02  1.48591961E-03
     -0.0479947       0.0323126       0.0486426       1.30433435E-02 -1.55543409E-02 -3.62348286E-03
     -0.0545134      -0.0523147      -0.0022741       1.13595564E-03  1.79540455E-02 -1.34659410E-02
      0.0091983      -0.0655938      -0.0364219       1.47221338E-03  4.00171483E-02  1.55079754E-02
      0.0268756      -0.0323631       0.0628016       8.52721772E-03  2.33515296E-02 -2.40424689E-02
      0.0070791       0.0688366       0.0304158       1.70322084E-02 -3.15311024E-02 -3.12987001E-02
     -0.0021473       0.0728962      -0.0198811      -2.20208157E-02 -7.44536757E-03  2.05096328E-02
     -0.0276163       0.0008556       0.0703585      -1.10448668E-02 -9.15280517E-03 -4.09913772E-02
     -0.0648085      -0.0317371       0.0225015       1.09425752E-02  1.43626064E-02 -1.01471816E-02
      0.0270737      -0.0683080      -0.0177411      -3.45814983E-03  3.15559166E-02 -9.37486616E-03
     -0.0682444       0.0122722      -0.0300963       3.84502853E-02 -7.35373506E-03  3.13975893E-02
     -0.0611019       0.0442829      -0.0043895      -6.80762424E-04 -1.56830641E-02 -1.08594980E-02
     -0.0630071       0.0201564      -0.0365722       3.78631473E-02 -3.56197394E-02 -5.48032029E-03
      0.0401796       0.0212011      -0.0604138       6.49610315E-03 -1.10655547E-03  3.51601373E-02
      0.0746232       0.0092117      -0.0077615      -4.53157757E-02  7.46528627E-03  5.14322724E-03
     -0.0102867      -0.0003677       0.0748848      -1.13867539E-03 -3.86641244E-03 -4.45386608E-02
      0.0097571       0.0071442       0.0746155      -9.37921836E-03  5.05086105E-03 -4.41132418E-02
     -0.0047372       0.0225973      -0.0719765      -2.59514710E-02 -6.89207255E-03  6.56289692E-02
# Displacement: 9,  E_pot (hartree): -29718.644885681
     -0.0294828      -0.0247215      -0.0650639       1.21870306E-02  2.92782982E-04  9.09053046E-03
     -0.0433357      -0.0447693      -0.0427952       6.03016196E-03  1.25767721E-02  1.19602431E-02
     -0.0234923       0.0705500       0.0135837       1.48432768E-02 -2.12405255E-02 -6.58690239E-03
      0.0686956      -0.0314131       0.0027975      -7.27378791E-03  1.49327251E-02  1.40257890E-03
     -0.0246241       0.0053686      -0.0712639       1.75203685E-02  7.25487572E-03  1.40437949E-02
     -0.0139370      -0.0461504       0.0582202       1.19322814E-02  6.32481579E-03 -1.43905696E-02
      0.0738110      -0.0062990      -0.0150319      -2.09689319E-02 -4.42346159E-03  3.08183555E-03
      0.0015125       0.0707321       0.0266152       3.76198927E-03 -2.77851131E-02 -8.24402143E-03
     -0.0107082      -0.0586068      -0.0465219      -3.59238472E-04  1.88919844E-02  5.96550050E-03
     -0.0676547       0.0310967      -0.0130205       1.65329780E-02 -7.01816283E-03 -3.46956117E-03
     -0.0355051       0.0667314       0.0000685       9.69632354E-03 -9.78998658E-03  6.35491152E-03
     -0.0408811      -0.0625700      -0.0112885       5.69410382E-03  1.54395135E-02  3.14273207E-03
     -0.0289765       0.0340723       0.0609357       7.41227902E-03 -7.22184766E-03 -1.28229591E-02
      0.0705477      -0.0258387      -0.0083127      -2.07336846E-02  1.62624374E-02  6.44233512E-03
     -0.0139597       0.0233672      -0.0705181       9.02880213E-03 -8.27422209E-03  7.19666879E-03
     -0.0319229      -0.0350047       0.0589009       8.77936647E-03  1.10703996E-02 -1.28119340E-02
      0.0166741       0.0650993      -0.0346087       3.79337258E-03 -2.53505504E-02  1.10252169E-02
      0.0546999       0.0483991      -0.0194717       2.70554366E-03 -1.53188881E-02  3.40103740E-03
      0.0286039       0.0123770       0.0688646      -1.75769246E-02  6.41930884E-03 -1.29387660E-02
      0.0074119       0.0751001      -0.0043289      -7.92304410E-03 -2.20928436E-02  6.12080708E-03
      0.0254737      -0.0538427      -0.0465377      -6.69489079E-03  5.97215960E-03  5.50681664E-03
      0.0036606       0.0734377       0.0175276      -7.56527952E-03 -2.33574583E-02 -1.39381037E-02
      0.0388725      -0.0642843      -0.0083749      -6.22907990E-03  1.96696703E-02  1.36476616E-02
      0.0305901       0.0123376       0.0680127      -1.77872546E-02  6.17744636E-03 -1.26074332E-02
     -0.0403940      -0.0635560       0.0065332       9.12006771E-03  1.37747222E-02 -1.48786633E-03
      0.0547070      -0.0431899       0.0292484      -1.23798028E-02  9.38653160E-03 -1.27565211E-02
      0.0563487       0.0451754       0.0223090      -1.07362958E-02 -1.26332307E-02  3.38620499E-03
      0.0697517      -0.0291108      -0.0009819      -1.12095656E-02 -1.99104746E-03 -7.82334769E-03
      0.0367244       0.0234314       0.0617735      -1.05724549E-02 -7.87307992E-03 -3.98069435E-02
     -0.0537472       0.0481374       0.0225329       6.56772214E-03 -9.09833516E-03  2.67306572E-02
      0.0499431       0.0445221       0.0351735      -7.83357318E-03 -8.14916211E-03 -2.21212641E-02
     -0.0572237      -0.0380856      -0.0314428       8.78892004E-03 -8.19163081E-04  4.61870720E-02
      0.0546155       0.0471623       0.0225070      -1.44985301E-02 -4.29833245E-03 -2.66400560E-02
     -0.0328707      -0.0619370       0.0282316       3.04592091E-03  1.57570651E-02  3.17299445E-03
     -0.0360278       0.0628908      -0.0214585       8.50823983E-03 -7.55811541E-03  1.31406462E-02
      0.0402102      -0.0640062      -0.0001741      -8.66773847E-03  1.12305560E-02 -1.39282096E-02
      0.0561143       0.0506174       0.0016611      -3.81366331E-03 -4.96865367E-03  1.40538178E-02
      0.0495196       0.0528155      -0.0217263      -3.40423630E-03 -1.50919843E-02  1.60789008E-02
      0.0471958      -0.0531352       0.0257471      -8.95908126E-03  4.39542254E-03 -2.99983530E-02
      0.0578081       0.0458211      -0.0165033      -5.79921239E-03 -1.49568008E-02 -5.80936384E-03
      0.0677552       0.0188224       0.0277245      -2.29931825E-03 -5.34532343E-03 -2.45053801E-02
      0.0481832       0.0424900      -0.0398331      -9.06519207E-03 -1.30497649E-02  5.63369611E-02
     -0.0571773      -0.0321846       0.0375315       1.06349682E-02  1.37507547E-02 -3.20867451E-02
     -0.0077390       0.0165941      -0.0733380       2.27320734E-03  2.91066680E-03  4.91367699E-02
     -0.0663286       0.0158103      -0.0326230       1.16516214E-02  9.68350891E-04  3.10458486E-02
     -0.0733182      -0.0145504      -0.0112438       8.13452657E-03 -9.29715321E-04 -2.24753305E-02
     -0.0604949      -0.0180174      -0.0415866       1.10557197E-02  2.08875037E-04  4.63125917E-02
      0.0325823      -0.0668483      -0.0135434       6.98030313E-03  9.97575705E-03  1.22233232E-03
      0.0273303      -0.0655561       0.0258683      -7.23400796E-03  9.36891154E-03 -1.30920141E-02
      0.0252693       0.0664211      -0.0257567      -1.30346224E-03 -7.99243491E-03  4.76870173E-03
      0.0687904       0.0067997      -0.0305837      -8.09938571E-03 -1.11408947E-02 -2.85580970E-03
     -0.0698958      -0.0172624       0.0230277       1.74062829E-02  8.25125093E-03 -6.23574691E-03
     -0.0231756      -0.0659422       0.0287787       5.16342508E-03  2.04268618E-02 -3.85871125E-02
      0.0024381       0.0345924      -0.0671650       4.98789111E-03  7.61657304E-03  5.32339591E-02
      0.0207477       0.0530577      -0.0496802      -2.93060819E-03 -1.72767322E-02  7.67982307E-03
     -0.0346052      -0.0525688       0.0418653       4.87637271E-03  1.23381751E-02 -1.11137942E-02
     -0.0380092       0.0420970      -0.0499684      -5.17865425E-04 -1.39875722E-02  1.61475485E-02
      0.0637909       0.0405411      -0.0009139      -1.53037880E-02 -2.19431016E-02 -3.93909828E-03
     -0.0552008      -0.0440516       0.0269449       5.09864286E-03  1.09786751E-03 -2.68101050E-03
     -0.0667847       0.0061190       0.0348724       5.91782329E-03  1.73247765E-02  1.23003862E-03
     -0.0312948      -0.0649264       0.0227797       3.72435593E-03  3.47120102E-02 -2.37694038E-03
      0.0190179      -0.0420775       0.0598457      -1.53298262E-03  1.76551832E-02 -3.94104879E-04
     -0.0692601       0.0119362      -0.0278258       1.00252421E-02 -6.42354971E-03 -4.83261942E-03
     -0.0201452       0.0561730       0.0463946       1.74708099E-03 -1.87345323E-02  4.34072019E-04
      0.0187884       0.0506399       0.0528801      -2.31515829E-03  2.47723742E-03 -9.63174621E-03
      0.0361191      -0.0248829       0.0615627      -3.31424211E-04  7.88791696E-03 -1.82746472E-02
     -0.0520221      -0.0095925      -0.0539944       9.51498874E-03  8.24781187E-03  7.30614675E-03
      0.0081807      -0.0113070       0.0742895       1.37986926E-03  9.46155909E-03 -1.50157847E-02
      0.0260663      -0.0675216      -0.0217963      -2.73630280E-03  7.18343142E-04  6.49663693E-03
     -0.0709265      -0.0146999       0.0216114       5.89047730E-03  1.38935319E-02 -9.41145750E-03
      0.0500147       0.0040941       0.0565285       6.28481957E-04  5.49271844E-03 -5.62760835E-03
      0.0412759      -0.0630833      -0.0055230      -2.78716232E-03  2.24961262E-02  1.74875021E-03
      0.0391201      -0.0630928       0.0142349       4.33795843E-03  2.36339269E-02 -2.20578982E-03
     -0.0102139       0.0438636      -0.0607072       2.09825388E-03 -1.59581346E-02  9.62979639E-03
      0.0632597       0.0259005      -0.0322658      -2.25147171E-03  1.38267705E-02 -1.17178530E-03
      0.0025050       0.0383333       0.0650998      -4.08699488E-03 -3.22491084E-02 -1.39806535E-02
      0.0677094       0.0131322      -0.0309305      -3.91187893E-03 -7.58064056E-03  1.04029710E-02
     -0.0514295       0.0185984      -0.0521804       1.30453323E-02 -6.28214050E-03  4.65408785E-03
     -0.0333091      -0.0161602      -0.0659019       3.67867157E-03  8.07432084E-03  6.67909578E-03
     -0.0596172       0.0348008      -0.0307958       1.16770767E-02 -1.69479660E-03  1.04834494E-04
     -0.0111454       0.0747590      -0.0007517      -1.79828264E-04 -2.01559937E-02  2.71538644E-03
      0.0623110       0.0084887       0.0419402      -2.06842869E-02 -9.70778593E-04 -4.75253696E-03
     -0.0122697      -0.0315850      -0.0675688      -2.72230628E-03 -3.84382858E-03  1.03815543E-02
      0.0739414       0.0135509       0.0079214      -3.72852279E-02  5.67673762E-04 -9.60618789E-04
     -0.0603310       0.0175971       0.0420025      -4.05908329E-03 -9.56154438E-03 -9.80257978E-03
      0.0583977      -0.0014491      -0.0479720      -2.42750750E-02  5.14161054E-03  6.97015251E-03
     -0.0084828      -0.0332406      -0.0673557       9.70685953E-03  2.11200078E-03  6.34484787E-03
      0.0751322      -0.0081955      -0.0012997      -1.09019438E-02  7.07332508E-03  1.91402566E-03
      0.0513974      -0.0553660      -0.0025713      -3.26548595E-02  9.80049967E-03 -3.94640961E-03
     -0.0256921      -0.0705462      -0.0087664       2.24198201E-02  1.91784589E-02  3.67050644E-03
      0.0503068       0.0491010      -0.0277853      -1.64868457E-03 -8.64143987E-03  6.06288732E-03
     -0.0213801       0.0195469      -0.0698177      -4.01192755E-03 -8.20499913E-03  6.30723568E-03
     -0.0448143       0.0480185      -0.0374110       9.70534298E-03 -1.13779237E-02  1.01499307E-02
     -0.0724687      -0.0210459       0.0043647       2.06336656E-02  2.37011971E-03 -6.09111425E-03
      0.0520798       0.0540284      -0.0090741      -4.90464357E-03 -1.24000218E-02  5.99723111E-03
      0.0711209      -0.0129047       0.0221134      -3.52191161E-02 -5.00437149E-04 -4.59852158E-03
     -0.0178027       0.0218460       0.0701392      -5.23383440E-04  4.39828956E-03 -6.71888988E-03
      0.0363499      -0.0544339      -0.0378065      -2.16849999E-02  1.30107054E-02  5.99369050E-03
      0.0578694       0.0326998       0.0359943      -2.03603382E-02 -2.85306063E-03 -1.26589556E-02
     -0.0008857       0.0074241      -0.0752184       3.12689673E-02  7.48197410E-04  1.28587111E-02
     -0.0105307       0.0577374      -0.0476361       1.16860363E-02 -7.61672828E-03  5.58482697E-03
      0.0287448       0.0433700       0.0548314       1.22117051E-02 -1.30915311E-02 -1.16375104E-02
     -0.0743435      -0.0042115      -0.0130009       1.20859800E-02 -7.41093850E-03 -3.44569002E-03
      0.0286375      -0.0123608      -0.0688535       1.05420126E-02 -2.20874621E-03  6.27041346E-03
     -0.0569264       0.0185235       0.0461517       4.09289868E-02 -9.17909795E-03 -2.46056998E-03
      0.0505228       0.0419915       0.0373880      -1.12286219E-02  2.67125662E-03 -9.27080203E-03
     -0.0588405       0.0362093       0.0306660       2.51950280E-02  4.15548489E-03 -4.87142060E-03
      0.0138513       0.0210277       0.0712720      -3.90233624E-03  8.03889522E-03 -8.97146602E-03
     -0.0641154      -0.0125857      -0.0380071       1.22026015E-02  1.97473166E-02  2.26737980E-02
     -0.0231317      -0.0606746      -0.0386942       1.78771784E-02  2.52295339E-02  2.93660842E-02
      0.0167088      -0.0143786       0.0723034       1.86081247E-02  7.63020677E-03 -5.72173404E-02
      0.0454681       0.0440791      -0.0412721       1.43114720E-03 -1.11887110E-02  4.92637986E-02
     -0.0038460      -0.0639293       0.0401492       1.53438002E-02  1.40555468E-02 -6.10416545E-02
     -0.0422363       0.0038390      -0.0625704       1.05758276E-02 -1.21614011E-02  2.52404191E-02
     -0.0184092       0.0206585       0.0703422       5.15996839E-03 -1.25400666E-02 -3.30977014E-02
      0.0731278      -0.0154581      -0.0112720      -6.53920903E-03 -2.07639692E-02  8.88439223E-03
     -0.0621130      -0.0274234      -0.0332211       1.50243139E-02 -1.15898781E-03  1.05192186E-02
     -0.0606061       0.0056384       0.0448197      -1.14838467E-02  1.88495050E-03 -4.97904309E-02
      0.0536430      -0.0507988      -0.0159882      -1.12937660E-02  1.30289817E-02  1.24485157E-02
      0.0041114      -0.0220247      -0.0721921       6.44178760E-03  2.22843168E-02  4.72545401E-02
      0.0449566      -0.0560398      -0.0234980      -8.88189324E-03  2.71953720E-02  2.41374884E-02
      0.0656286      -0.0315559      -0.0202687      -1.40368081E-02  2.60769467E-03  2.95684818E-02
     -0.0401777      -0.0234201       0.0595900       4.30590370E-03  1.84740849E-02 -6.63438856E-02
     -0.0476905       0.0580044      -0.0086498       9.48135558E-03 -2.64097632E-02  3.27232382E-02
      0.0539231      -0.0469799       0.0244721      -5.16939781E-04 -1.08268774E-02 -4.65650203E-02
      0.0559984       0.0477825       0.0171676      -2.75458519E-02 -2.17625577E-02  1.81318917E-03
     -0.0728149       0.0188247       0.0075699      -2.31985001E-03  1.18350747E-03 -1.73914768E-03
      0.0158538       0.0230932       0.0702073      -3.27406439E-03  1.22910392E-02 -6.46444884E-02
      0.0620968      -0.0365957      -0.0227698      -3.29267134E-02  5.03686759E-03  2.14412985E-02
      0.0074016      -0.0723920      -0.0204531       3.02966918E-02  5.05104379E-02  1.72365407E-02
      0.0546641       0.0458376      -0.0249891      -1.09948246E-02 -1.92885016E-02 -1.25496448E-02
     -0.0292868      -0.0566522      -0.0405771      -7.61050824E-03  3.34583469E-02  1.45952250E-02
      0.0155397       0.0694834      -0.0253829      -3.08561143E-02 -4.96085035E-02  1.51511977E-02
      0.0492322       0.0198608      -0.0538094      -2.33122728E-03 -6.66371964E-03  3.05913898E-02
     -0.0279064       0.0581432       0.0394248       3.54112699E-03 -5.22406529E-02 -4.79803910E-02
# Displacement: 10,  E_pot (hartree): -29718.651251679
      0.0139694       0.0737339       0.0090483      -6.52322811E-03 -1.98562506E-02  3.88292575E-03
     -0.0593758      -0.0198142      -0.0423747       2.20285999E-02  3.22254614E-03 -1.05899498E-02
      0.0160558      -0.0408493      -0.0615406      -4.54523903E-03  1.15849577E-02  1.28102539E-02
     -0.0551272       0.0452452       0.0250514       9.34976894E-03 -8.63006331E-03 -7.29658216E-03
      0.0291424       0.0576280       0.0392867      -3.34922974E-03 -6.62757451E-03 -3.86505358E-03
      0.0732821       0.0149465      -0.0109566      -1.53879237E-02 -9.49916559E-03  4.44776440E-03
      0.0418078      -0.0062152       0.0626673      -1.13750686E-02  7.28770730E-03 -5.86245525E-03
      0.0195225       0.0707904       0.0179245       8.79807327E-03 -1.92482873E-02 -4.45872751E-03
      0.0659981      -0.0341124       0.0139394      -1.46540886E-02  4.66135367E-03 -5.34532202E-03
      0.0308679       0.0623142      -0.0296280       8.94336027E-03 -1.68756483E-02  6.49742969E-03
      0.0303630       0.0585732      -0.0368915      -9.91997691E-03 -1.09028464E-02  2.05785343E-03
     -0.0599232       0.0102837      -0.0449127       2.18891199E-02  4.53874987E-03  3.37016139E-03
      0.0369934      -0.0608297       0.0253958      -3.87130213E-03  1.07345923E-02 -2.89957551E-03
      0.0147327      -0.0438376       0.0597905      -5.51825177E-03  1.56602856E-02 -1.27201222E-02
     -0.0611727      -0.0395346      -0.0202138       1.05187035E-02 -1.68125631E-03  3.86281817E-03
     -0.0666339       0.0259125      -0.0245387       2.14801612E-02  3.20004836E-03  7.02169361E-03
     -0.0070514       0.0027908      -0.0752077      -1.86725556E-02 -4.13273128E-03  1.18831956E-02
      0.0027580       0.0582863      -0.0480500      -5.93487178E-03 -8.13444170E-03 -1.10741509E-03
      0.0715070      -0.0131327       0.0206878      -1.30474196E-02 -7.34471743E-03 -7.24636996E-03
      0.0619292      -0.0391031      -0.0186927      -1.12141434E-02  1.49337018E-02 -1.80300664E-03
     -0.0179195      -0.0492456      -0.0544745      -7.64527019E-03  2.40165123E-02  9.79437021E-03
     -0.0284650       0.0656579       0.0243414       5.83947295E-03 -1.85107070E-02  1.99775473E-03
      0.0307953      -0.0368706       0.0583601      -8.08762739E-04 -5.21405929E-04 -1.31883297E-02
     -0.0452733       0.0160541      -0.0583636       1.34303632E-02 -2.15760441E-02  1.18212254E-02
      0.0610779      -0.0440853       0.0062989      -7.92710663E-03  1.81321396E-02 -7.66268203E-04
     -0.0136446      -0.0431964       0.0605112       9.84967855E-03  3.97652939E-03 -2.32698771E-02
     -0.0229379       0.0684040      -0.0225488       1.36460129E-02 -9.71449790E-03  1.67423573E-02
     -0.0375646      -0.0141756      -0.0640441       7.68999834E-04  8.05457029E-04  1.96254094E-02
     -0.0145471       0.0585115      -0.0455905       2.71236054E-03 -1.39711803E-02 -5.51450605E-03
     -0.0234870       0.0419227       0.0583485      -2.09655895E-04 -9.04247191E-03 -3.29020520E-03
     -0.0750627      -0.0035659      -0.0081600       1.36013977E-02 -3.34662688E-03 -2.36338258E-02
      0.0087285      -0.0608180      -0.0440307      -1.79044432E-04  1.38474785E-02  6.18052352E-02
      0.0208598      -0.0674554      -0.0269878      -8.08876162E-04  1.21158578E-02 -8.04039759E-03
      0.0691011      -0.0058565      -0.0300738      -7.64414102E-03  6.40163522E-03  9.20041627E-03
     -0.0112947       0.0021046      -0.0747109       9.25460260E-05  2.49597376E-03  3.86073478E-02
      0.0618598       0.0204213      -0.0383410      -9.58751352E-03  2.95254101E-03 -7.37430529E-03
      0.0149813       0.0543299      -0.0503737      -3.16050256E-03 -6.31723352E-03  3.67883981E-02
      0.0008232      -0.0393123      -0.0645569      -5.97335208E-03  1.01556003E-02 -7.52751559E-03
     -0.0685014       0.0315610      -0.0050163       1.18908261E-02 -3.08554073E-03  1.87187069E-02
      0.0160924       0.0465001      -0.0573801       2.72278559E-03 -3.63981787E-04  1.94961530E-02
     -0.0462809       0.0268394      -0.0533989       1.08245802E-02  1.35960847E-03  1.23562367E-02
     -0.0495258       0.0564679       0.0085018       1.22927853E-02 -7.37928825E-03 -7.33118638E-03
     -0.0533028       0.0430049      -0.0319859       7.11757527E-03 -8.25296635E-03  4.81804240E-02
     -0.0252540       0.0339912      -0.0626143       4.77061582E-03 -1.21248226E-02  1.45426877E-03
     -0.0650899      -0.0024080       0.0383564       9.47595718E-03  2.55153321E-03 -2.61584700E-02
      0.0286313       0.0689657      -0.0117337      -1.32391030E-03 -1.30550782E-02  1.84263050E-02
      0.0448951       0.0085111       0.0602137      -2.67424839E-04 -1.10109358E-02 -3.83059815E-02
      0.0131715      -0.0401157      -0.0626973      -6.14486467E-03  9.20483989E-03  2.52177597E-02
      0.0123775      -0.0182467      -0.0723018      -5.61761431E-03  4.61027014E-03  3.29661085E-02
     -0.0349522       0.0235067       0.0627651       6.81328995E-04  3.21283137E-03 -2.44235907E-02
      0.0518080       0.0277633       0.0475273      -6.15878226E-03 -1.04546952E-02 -5.54436627E-03
      0.0627855      -0.0128006      -0.0400977      -9.29965485E-03  6.40664043E-03  3.06755895E-02
     -0.0470255       0.0450342      -0.0383956       6.64954009E-03 -7.62484050E-03 -3.38920696E-03
     -0.0093869      -0.0469435       0.0584969       2.28685818E-03  1.19384084E-02 -4.44128306E-02
     -0.0676436      -0.0306855      -0.0140165       5.93528760E-03  1.95435046E-02 -6.26374942E-03
      0.0258962      -0.0492688       0.0511436      -8.27674997E-03  3.02409329E-02 -1.04606703E-02
     -0.0066799       0.0752407      -0.0028138      -5.81934827E-03 -1.86072950E-02 -9.04618833E-04
      0.0491571      -0.0318504      -0.0477790      -5.28478162E-03  1.13670765E-02  2.55511831E-03
     -0.0261543       0.0677895       0.0208389       1.73206953E-03 -2.45629732E-02 -5.93172674E-03
      0.0157714      -0.0721935       0.0159077       2.10310029E-03  1.58580697E-02 -1.31349692E-03
      0.0620996       0.0407746      -0.0139559      -6.68654092E-03 -1.36849887E-02 -5.92045935E-03
     -0.0673961       0.0214235      -0.0266928       1.10099015E-02 -1.58863677E-03  8.25341214E-03
     -0.0471436       0.0498525      -0.0317160       1.38769696E-02 -2.20876302E-02  2.67829123E-03
      0.0335371       0.0459445       0.0497802      -4.51460379E-03 -8.59853603E-03 -3.01343339E-03
     -0.0244908       0.0464221      -0.0543958       6.49915632E-03 -1.29770780E-02 -5.67837698E-03
      0.0702460      -0.0155935      -0.0231525      -1.22054385E-02  8.94381357E-03  2.90049218E-03
     -0.0746134      -0.0081967       0.0089083       1.03271677E-02  1.54474136E-02 -4.84582172E-03
     -0.0223531      -0.0482064      -0.0537604       7.58848193E-03  2.72456133E-02  1.93591670E-03
      0.0708843       0.0126713       0.0229904      -9.03023741E-03  2.00585687E-02 -1.97010591E-03
      0.0138355       0.0657075      -0.0347103      -6.14731247E-03 -1.56314132E-02  9.48583203E-03
     -0.0684708      -0.0012419      -0.0319986       1.46768237E-02  2.58847752E-03  1.43957408E-03
     -0.0090775       0.0739901       0.0125201       4.05724205E-03 -2.07992756E-02 -1.44674813E-02
      0.0084493       0.0682583      -0.0313548      -3.69880393E-03 -9.68198051E-03  8.87444994E-03
     -0.0061554      -0.0112110      -0.0744992       7.55730255E-03 -1.33563476E-03  3.95004787E-03
     -0.0166676       0.0269145      -0.0686403       4.88553233E-03 -2.42715993E-02  6.07860825E-03
      0.0413796       0.0068986       0.0628796      -1.21260856E-02  8.92632151E-03 -1.46623890E-02
      0.0230870      -0.0249882       0.0675003      -3.05256459E-03  1.21092812E-02 -7.19943378E-03
     -0.0418744      -0.0211950      -0.0592536       2.80454868E-03  1.47898953E-02  1.31988383E-02
     -0.0324865       0.0662444      -0.0164317       1.04864732E-02 -4.86433765E-03  7.47650928E-03
     -0.0132773      -0.0113458      -0.0735438      -6.47175470E-03  1.29953524E-03  1.07161882E-02
      0.0647736      -0.0389624       0.0001653      -1.40365543E-02  2.05530739E-02 -4.77922230E-03
     -0.0741952      -0.0107937       0.0096060       8.83365445E-03  4.79609785E-03 -8.30887993E-03
      0.0540171       0.0123269       0.0514189      -1.03434920E-02 -1.09784117E-02 -1.30244193E-02
     -0.0671801       0.0337932      -0.0076521       2.31199895E-02 -8.78969897E-03  4.03296158E-03
      0.0442613      -0.0385371      -0.0476396       1.25347688E-03  6.20486837E-03  9.23846208E-04
     -0.0110786      -0.0326696      -0.0672582      -2.01442031E-02  7.58971734E-03  1.79392230E-02
     -0.0288146      -0.0212514      -0.0665717       2.57517601E-02 -1.41356591E-03  1.00114661E-02
      0.0481258       0.0392474      -0.0430960      -2.19915503E-02 -4.72215875E-03  4.22285320E-03
      0.0121537      -0.0193240      -0.0720595      -1.75767814E-02  1.24519875E-02  7.97602291E-03
     -0.0053111      -0.0464945      -0.0593611      -3.20592561E-03  1.52642907E-02  2.84380036E-03
     -0.0636612      -0.0407548      -0.0000164       1.69525308E-04 -8.01068484E-04 -2.63558400E-04
     -0.0330063       0.0655320      -0.0181614      -3.43155676E-03 -8.59733546E-03 -5.51410575E-03
      0.0347547      -0.0620860      -0.0255178      -2.15585363E-02  7.64047148E-03  6.81495683E-03
      0.0025545       0.0724777       0.0213112       4.54416773E-03 -6.62721691E-03 -4.34324652E-03
     -0.0474292      -0.0496812       0.0315587       2.19851933E-02  9.83058209E-03 -5.33390474E-03
      0.0710837      -0.0147749       0.0210364      -2.02091367E-02  6.23083347E-03 -8.71249916E-03
     -0.0359669       0.0663383      -0.0043946       1.70996200E-02 -1.67929951E-03 -4.57780664E-04
     -0.0180840       0.0722428       0.0129481       2.26328584E-02 -1.28781774E-02 -3.47056353E-03
      0.0046095       0.0401943       0.0638506      -2.24791656E-02 -2.07275540E-03 -2.08647187E-02
     -0.0374679      -0.0362806       0.0547137       2.33900983E-03  1.08848567E-02 -9.65571939E-03
      0.0549604       0.0436766       0.0280250       2.49379239E-03 -7.95256349E-03 -9.70160276E-03
     -0.0606336      -0.0049291      -0.0448663       1.86209072E-03  2.46850214E-03  8.75577325E-03
      0.0384116       0.0611774       0.0222615      -8.97954339E-03 -8.30036726E-03 -6.03587030E-03
     -0.0004031      -0.0050290       0.0754205      -1.11435988E-02  2.92787167E-03 -1.00753564E-02
      0.0578148      -0.0435725       0.0217390      -2.43230897E-02  1.08818617E-02  1.00225908E-04
     -0.0247537      -0.0642918       0.0311048       3.81432242E-03  1.53640111E-02  8.09314934E-03
      0.0378560       0.0388659      -0.0526315      -1.21459939E-02 -1.09757738E-02 -8.59942693E-04
     -0.0456115       0.0488812      -0.0352694       2.19222279E-02 -1.32105219E-02 -1.74114406E-03
      0.0385085       0.0037682      -0.0649354       5.07274708E-03 -1.35197667E-02  1.24125462E-02
     -0.0100201      -0.0540190      -0.0519159       8.95548287E-04  2.04892982E-02  1.73935639E-02
      0.0203991      -0.0333535       0.0646927       5.34476787E-03  3.56359109E-02 -2.20599816E-02
     -0.0000721      -0.0725830      -0.0211046      -8.16969383E-03  1.79481156E-02  2.78416779E-02
     -0.0030345      -0.0371158       0.0657793       4.77731874E-03  1.29355418E-02 -7.09234367E-02
      0.0375154       0.0656214       0.0003583      -1.05647490E-02 -2.86388553E-02  1.64979876E-03
      0.0698390       0.0053671      -0.0284148      -9.57404122E-03  3.30761429E-03  1.22313932E-02
     -0.0519107       0.0525483      -0.0160522       1.84345159E-02 -3.76499277E-02 -3.38021718E-02
      0.0521557       0.0545654      -0.0040128      -4.79013043E-03 -5.55118577E-03  5.98024409E-03
      0.0610854      -0.0366525       0.0252761       7.17286466E-03  1.41459276E-02 -2.62132583E-02
     -0.0299750       0.0312165      -0.0619736       1.58624783E-02 -2.39805503E-02  3.01797584E-02
      0.0533041      -0.0230793       0.0483708       1.28063787E-02 -2.79026530E-02 -3.69966889E-02
     -0.0286237       0.0630845      -0.0302446      -5.45358316E-03 -1.56605248E-02 -5.34826290E-04
      0.0689739       0.0308993      -0.0012374      -4.73981852E-02 -2.25107879E-02 -8.54533447E-03
      0.0318945      -0.0685206       0.0011724      -1.08775694E-02  2.46567920E-03  1.19367081E-02
      0.0175716       0.0129160       0.0723748       4.03016922E-03 -3.67214350E-03 -7.34526297E-02
      0.0013685      -0.0654043      -0.0378696      -3.80898902E-02  4.72951865E-02 -3.65045599E-03
      0.0092755      -0.0687909      -0.0299243       9.21047308E-03  2.97097464E-02  5.18098382E-02
      0.0631154      -0.0414366      -0.0036290       3.31155665E-04  3.29979427E-03  7.87024061E-04
      0.0596479      -0.0435824      -0.0160130      -2.59593767E-02  3.32727213E-02  3.55122171E-02
      0.0638519      -0.0296181      -0.0275575      -1.44188210E-02  1.01791790E-02 -2.73931806E-02
     -0.0276639      -0.0695947       0.0102462       7.19735759E-03  3.18262505E-03 -1.84606215E-02
     -0.0384605       0.0093749       0.0643941       4.70457010E-02 -7.10776616E-03  4.16282202E-03
      0.0006193      -0.0701093       0.0282491       1.10024912E-02  1.02576038E-02 -1.59228766E-02
      0.0272990      -0.0696683       0.0107138       6.39928371E-03 -1.02843400E-02 -4.63454549E-02
     -0.0308287       0.0405626      -0.0558388       1.69981070E-02 -1.92103672E-02  8.56894170E-03
      0.0302503       0.0038015      -0.0691677       1.34458961E-03 -1.29758111E-02  4.40084053E-02
# Displacement: 11,  E_pot (hartree): -29718.647124844
     -0.0573386       0.0271660       0.0410853       1.11490839E-02 -8.61611405E-03 -2.03993771E-03
      0.0284619      -0.0062850      -0.0697434       2.75288861E-04 -1.52159694E-03  1.07047033E-02
      0.0463843      -0.0565345       0.0191325      -5.98153391E-03  1.16690230E-02 -5.03860616E-03
     -0.0039360      -0.0251530       0.0711726      -6.75428698E-03  1.23678260E-02 -5.41983664E-03
     -0.0140470      -0.0353436      -0.0653240      -1.70760392E-03  8.60342396E-03  6.75995053E-03
     -0.0686459       0.0312460       0.0050136       5.44153672E-03 -1.05666881E-02  9.21150997E-04
      0.0666350       0.0056419       0.0352371       2.51746157E-03 -8.24441794E-03  8.17662572E-04
     -0.0504898      -0.0346678      -0.0443017       1.57739779E-02  4.74128683E-03  8.74758874E-03
      0.0270295      -0.0272628       0.0651141      -5.04845034E-03  2.99412218E-03 -1.25610027E-02
     -0.0680271      -0.0235449       0.0230574       1.87619305E-02  2.56561500E-03 -1.21869281E-02
      0.0143480       0.0166670       0.0723190      -2.27566057E-03 -1.10315923E-02 -1.41256115E-02
     -0.0511403       0.0300829      -0.0468336       9.81187829E-03 -3.86955137E-03  1.65970233E-02
      0.0534481      -0.0208059       0.0492355      -9.49195872E-04  3.99876032E-03 -1.38589478E-02
     -0.0199119       0.0698509       0.0209302       3.61429770E-03 -1.18010496E-02  1.55895919E-03
      0.0333693      -0.0265855       0.0623971       3.60637611E-04  5.07617050E-03 -4.72292740E-03
      0.0426092       0.0500058      -0.0373842      -1.38877696E-02 -1.01060208E-02  5.42294343E-04
     -0.0739376      -0.0025053       0.0155129       2.21911435E-03  9.08150858E-03 -6.14082852E-03
     -0.0035814       0.0668124      -0.0351705      -1.87691239E-03 -1.18876350E-02  1.20934439E-02
     -0.0647736      -0.0387684      -0.0038865      -2.01875177E-03 -5.16536871E-04 -1.15238436E-02
     -0.0676676      -0.0334149       0.0042729       7.91193079E-03 -2.56001019E-03  5.14766540E-03
      0.0161087       0.0631832      -0.0382374      -6.98758946E-03 -1.33766689E-02  5.82115135E-03
      0.0432512      -0.0050475      -0.0617863      -7.02526813E-03 -2.81696572E-03  2.64647951E-02
     -0.0408336      -0.0301540       0.0560094       9.27182109E-03  2.69962094E-03 -1.62903049E-02
      0.0448860      -0.0256753       0.0551336      -7.44110997E-03 -3.35932047E-05 -1.73128890E-02
      0.0504848      -0.0555796       0.0087121      -1.38908021E-02  7.26558223E-03  8.36783227E-03
     -0.0144799       0.0682242       0.0291459       1.23202273E-03 -7.51029601E-03 -5.31044557E-03
     -0.0096128       0.0748013       0.0051039       1.91345048E-03 -1.13531768E-02 -7.10489311E-03
      0.0149036       0.0660140       0.0336710      -2.47051006E-03 -6.76014931E-03 -7.83459461E-04
     -0.0298771       0.0456995       0.0522743       1.39012599E-03 -4.63688707E-03 -3.39704829E-02
      0.0434830       0.0501156      -0.0362124      -9.24081692E-03 -5.63038968E-03  2.75998020E-02
      0.0219743      -0.0621010       0.0370716      -3.60109784E-03  2.95650242E-03 -2.47701575E-02
      0.0173746      -0.0327692      -0.0658636       1.30404258E-03  2.96221461E-03  6.61135434E-02
      0.0070634       0.0171243       0.0732842      -4.69964000E-03 -8.27331125E-03 -3.16375881E-02
      0.0689125      -0.0146635       0.0273816      -1.40125287E-02  1.13875335E-02  1.34093496E-03
     -0.0031522       0.0755178      -0.0009183      -5.47649899E-04 -7.98968552E-03 -4.98572062E-03
      0.0176644      -0.0196748       0.0708136      -1.29013514E-02  1.04834058E-02 -1.74785732E-02
     -0.0564639       0.0502460      -0.0009285       6.44577290E-03 -7.02428507E-03  1.23762196E-02
     -0.0624535      -0.0424917       0.0027789       1.20188411E-02  1.10609131E-02 -8.90302792E-03
     -0.0174582       0.0181277       0.0712762       4.12217919E-03  4.37387132E-03 -2.37217942E-02
      0.0308450      -0.0609323      -0.0323966      -1.10784122E-02  1.23831217E-02  2.48757321E-02
     -0.0429557      -0.0141475      -0.0605671       6.18271785E-03  5.12675225E-04  1.22813767E-02
     -0.0587965       0.0473994      -0.0031578       1.09467027E-02 -1.55084913E-02 -4.60079654E-03
     -0.0664157       0.0086358      -0.0350440       4.02199904E-03 -2.94701964E-03  1.31785672E-03
      0.0621390      -0.0423678       0.0075773      -1.63974791E-02  1.49233225E-03 -6.58364459E-03
      0.0090356       0.0101712      -0.0743546      -4.67361629E-03 -2.26952150E-03  4.76540992E-02
     -0.0320111      -0.0131052       0.0672105       7.52029404E-03 -7.50912184E-03 -3.55786108E-02
     -0.0284148      -0.0109190       0.0691886       1.19915081E-02  2.84191435E-03 -7.74996609E-03
     -0.0686600       0.0105646       0.0297973       1.57458051E-02 -8.33661866E-03  3.75143329E-04
     -0.0096532      -0.0702824      -0.0260939       1.77870460E-03  8.28078828E-03  5.44593077E-02
      0.0441497      -0.0156047      -0.0593382      -9.06529736E-03 -6.98501368E-03  7.70701250E-03
      0.0347492       0.0357277       0.0568307      -5.55662181E-03 -7.77476648E-03 -2.88868268E-02
     -0.0593907       0.0095778      -0.0457679       1.53854462E-02  1.29579087E-03  2.30397869E-03
      0.0639875      -0.0129533       0.0380988      -4.91850392E-03  4.67352171E-03  7.26520721E-03
     -0.0443816      -0.0576693       0.0204505       1.48035868E-02  2.53493669E-03 -1.29177689E-02
      0.0192867      -0.0013596      -0.0730745      -1.00567461E-02  2.29206457E-02  1.24654243E-02
     -0.0560206      -0.0212928      -0.0460654       7.01027136E-03  2.70376649E-02  3.43846317E-03
      0.0000587      -0.0657019       0.0373760      -8.18387711E-03  2.81185007E-02  6.92026065E-04
     -0.0695394      -0.0238773      -0.0175459       1.36023873E-02  1.99285460E-03  1.85924865E-03
     -0.0733465       0.0158292       0.0091345       8.60084197E-03 -2.55263120E-02  1.64044542E-03
     -0.0327621       0.0454669       0.0507260       3.43185189E-03  2.24902299E-03 -7.07810950E-03
      0.0071936       0.0751542       0.0037142      -5.99192863E-03 -3.34369843E-02  6.23608066E-03
     -0.0653789       0.0346324      -0.0154887       5.04933025E-03 -6.42718417E-03  8.40425209E-03
     -0.0200093       0.0380605       0.0621670       5.76530191E-04 -2.24509265E-02 -1.32690032E-02
     -0.0720521       0.0174850       0.0147131       3.75644999E-03  1.18651342E-02 -4.68312101E-04
      0.0388263      -0.0268870       0.0590196      -1.28604678E-02  1.14547014E-02 -9.77704177E-03
     -0.0044637      -0.0622876       0.0425915      -1.29203887E-03  3.13131321E-02 -1.14622167E-02
      0.0663527       0.0361790      -0.0014501      -1.59020224E-02 -3.21237512E-03 -5.54431479E-04
     -0.0562461       0.0483374      -0.0146144       5.05155090E-03 -3.29075837E-02 -2.42066994E-03
      0.0039635      -0.0148547      -0.0740089       8.25945632E-03 -6.74658951E-03  7.56165157E-03
      0.0162921       0.0494889      -0.0547643      -7.17996486E-03 -7.62041359E-03  8.05230162E-03
     -0.0050939      -0.0446578       0.0607737       4.03263036E-04  2.00065688E-02 -1.35272758E-02
      0.0298274       0.0126538       0.0682929      -3.45777177E-03 -1.54247112E-02 -1.65286929E-02
     -0.0108160      -0.0734263       0.0143283       8.51603878E-03  2.78725960E-02 -3.80825177E-03
     -0.0636381       0.0019224       0.0407454       1.50618832E-02 -2.35695386E-03 -4.90194606E-03
      0.0066213      -0.0016753       0.0752799       1.12613610E-02 -4.95816007E-03 -3.00331869E-03
     -0.0665795       0.0306554      -0.0184694       7.68337373E-03 -3.41702334E-02  4.27074603E-03
      0.0256935      -0.0453726      -0.0547254       1.78964356E-03  2.09695371E-02  8.90706105E-03
     -0.0009544      -0.0544466       0.0524248      -3.69921202E-03  1.36456638E-02 -3.11583515E-03
     -0.0407916      -0.0352078       0.0530109       9.84014199E-03  2.34054928E-02 -2.30959369E-03
      0.0011819       0.0533574       0.0535284       9.68043020E-04 -1.29487832E-02 -1.10646235E-02
     -0.0024450      -0.0745662       0.0121499      -2.68013610E-03  1.91951328E-02 -1.69905018E-03
      0.0328279       0.0538137      -0.0417148      -1.99359829E-02 -1.55314277E-02  7.64220677E-03
     -0.0744133      -0.0108107      -0.0077129       2.93303543E-02 -1.38994321E-03  5.54458683E-04
      0.0730133       0.0145224       0.0131095      -1.83840780E-02 -6.18864939E-03  6.17915553E-03
     -0.0524342      -0.0233571       0.0491812       1.92387544E-02  2.51994956E-03 -7.82813325E-04
      0.0532689       0.0395555      -0.0362145      -1.56524641E-02 -8.94816589E-03  4.76934915E-03
     -0.0602409      -0.0266857      -0.0370487       1.43382865E-02 -8.30804645E-04  3.34524932E-03
      0.0645920       0.0362188       0.0151586      -3.91320107E-02  5.63336122E-04 -1.51768527E-03
      0.0000335       0.0694383       0.0298670      -7.90611330E-03 -1.82661287E-03 -9.67770682E-03
      0.0557457      -0.0385169      -0.0335047      -3.44179450E-02  5.54336701E-03  1.02138153E-02
     -0.0289154      -0.0451485       0.0532843      -6.29674495E-03  1.44174297E-02 -4.67560177E-03
      0.0302940       0.0031021       0.0691835      -1.98586255E-02  1.22329468E-03 -1.05624047E-02
      0.0129189      -0.0312789       0.0675903      -2.73539632E-03  7.41216088E-03 -1.06334033E-02
     -0.0666243      -0.0241379       0.0263107       9.78204968E-03 -3.16422794E-03  3.51543861E-03
      0.0262562      -0.0018804      -0.0708575      -1.61206515E-02  6.67164452E-04  5.35149146E-03
      0.0731341      -0.0047430       0.0185103      -3.00492574E-02 -3.61183375E-03 -8.76123084E-03
     -0.0686163      -0.0240207      -0.0207003       1.89891995E-02  8.32470891E-03 -2.00032822E-03
     -0.0460186      -0.0578460      -0.0158058       2.10396023E-02  8.89839423E-03  8.79666034E-03
     -0.0266614       0.0300681       0.0640218      -2.48270519E-03 -7.03221670E-03 -1.41518334E-02
     -0.0149735      -0.0700832      -0.0240388       8.22666358E-03  1.34741062E-03  9.48243524E-03
      0.0718648       0.0040462       0.0230818      -3.35335059E-02  4.49502048E-03 -1.81108536E-03
      0.0072704      -0.0602615       0.0450490      -2.34911100E-03  9.65226357E-03 -6.09192323E-03
     -0.0011921       0.0033697       0.0755044      -1.62837409E-02  3.31753504E-03 -9.35095918E-03
     -0.0313605      -0.0443732       0.0525476       2.44933984E-02  1.86441026E-03 -1.21543337E-02
     -0.0453643       0.0031840       0.0603793       2.41387750E-02 -7.34408507E-03 -8.79857198E-03
     -0.0506486       0.0528374      -0.0188851       3.70659276E-03 -4.23623598E-03  8.63142825E-05
      0.0155697       0.0414382      -0.0612713      -7.00965843E-03 -7.84270100E-03  1.07643887E-02
     -0.0733788       0.0177380       0.0038249       4.97268099E-02 -6.98511677E-03 -4.32600939E-03
      0.0569832       0.0496628       0.0004542       2.82844061E-03 -1.68198594E-02  6.67895292E-03
      0.0037960       0.0685965      -0.0315247      -8.20875846E-03 -7.20843067E-03  2.76860926E-02
     -0.0634689      -0.0152796       0.0381044       3.05168287E-02  1.48551754E-03 -2.63377187E-02
      0.0553890      -0.0505248       0.0096430      -1.72096628E-02  3.61348491E-02  7.57455252E-04
     -0.0199881      -0.0135290       0.0716320      -4.58291057E-03  1.80756618E-02 -7.70046447E-02
     -0.0154788      -0.0715082      -0.0189917       1.73397283E-02  2.37697216E-02  4.74643448E-02
      0.0318954       0.0605350      -0.0321233       2.33796935E-02 -2.95950462E-02  6.49351674E-03
     -0.0574851       0.0130816      -0.0473081       7.06060335E-03 -1.10044946E-02  4.64317217E-03
     -0.0470490       0.0576905       0.0131116       2.94622995E-02 -2.85023991E-02  1.65329018E-02
      0.0159155      -0.0677149      -0.0295822       2.17045422E-03  7.97784164E-04 -1.15821709E-02
     -0.0251458       0.0219830      -0.0678096       2.08370776E-02 -3.31863496E-03  3.02545655E-02
      0.0330573       0.0343147      -0.0586806      -2.15798993E-02 -4.14379355E-02  3.67970078E-02
     -0.0462382      -0.0494921       0.0335597       5.05034970E-02  2.36574289E-03 -3.20624783E-02
     -0.0199203      -0.0084700      -0.0724234      -3.16009050E-03  5.48191862E-03  3.79875702E-02
      0.0700213      -0.0250040      -0.0136207      -4.36462469E-02  2.59763439E-02  1.19033038E-02
      0.0246752      -0.0437015      -0.0565245      -6.40566096E-03 -1.02024554E-02  1.57569739E-02
     -0.0603450      -0.0322178       0.0321588       2.16096292E-02  5.33657414E-03 -1.22005790E-02
     -0.0563299      -0.0502692      -0.0036933       1.21538376E-02  2.58067891E-02 -1.31699879E-02
     -0.0118998      -0.0744739       0.0050737      -1.38759113E-02  3.35311055E-02  1.11439862E-02
      0.0712556      -0.0163492      -0.0192111      -2.64744580E-02 -6.61274970E-03  1.34236377E-02
      0.0342486      -0.0664845       0.0109800      -2.04684621E-02  1.21435247E-03 -3.61286068E-03
      0.0378025       0.0069963       0.0650824      -2.80603596E-02 -1.26619760E-02 -4.15392411E-02
     -0.0265607      -0.0603964      -0.0368850       2.88652406E-04  2.02398382E-02  4.80513932E-03
     -0.0443392      -0.0379276       0.0480545       3.05735531E-02  5.65094500E-03  1.31544543E-02
      0.0685740       0.0027870      -0.0316790      -1.85076075E-02 -1.87030134E-02  9.65181021E-03
      0.0556690       0.0469191       0.0203292      -2.49671417E-02 -1.76756348E-02 -3.01136329E-04
      0.0245316      -0.0711540      -0.0070003      -3.09015716E-02  7.85633745E-03  4.72251662E-03
# Displacement: 12,  E_pot (hartree): -29718.642263512
      0.0095145       0.0711157       0.0237854       3.85806959E-04 -9.37014098E-03  1.15490076E-03
     -0.0719927      -0.0026316      -0.0228873       1.20608037E-02  7.16445073E-03  3.04492589E-03
     -0.0674438       0.0291630       0.0177356       1.87815362E-02  2.97237118E-03 -6.71394226E-03
      0.0065761       0.0750131       0.0065964      -2.68148326E-03 -2.85321489E-02  1.30762899E-03
      0.0036628       0.0290269       0.0696973      -2.52097676E-04 -8.42284477E-03 -1.02660970E-02
      0.0588897      -0.0124663      -0.0457197      -2.32726936E-02  1.30173879E-03  6.40184355E-03
     -0.0306322      -0.0177156       0.0667948       1.48496128E-04  1.63031520E-02 -3.83240984E-03
      0.0360263       0.0639157      -0.0181821       3.40500405E-03 -1.37622143E-02  3.09509337E-04
     -0.0501949       0.0314218       0.0469771       1.52632317E-02 -9.83659952E-03 -1.10546511E-02
      0.0026863       0.0309205       0.0689233      -9.57328034E-03 -1.12353244E-02 -1.44616929E-02
      0.0534597       0.0450345      -0.0287692      -1.82522876E-03 -5.71886855E-03  1.73006882E-02
     -0.0466011       0.0517877      -0.0293268       1.79498848E-02 -1.23461314E-02 -1.47503497E-03
      0.0524697      -0.0351049       0.0415727      -2.13684817E-02 -4.97799911E-04 -1.57615407E-02
     -0.0020815       0.0115711      -0.0746692       3.74907610E-03  1.53914004E-03  1.84969214E-02
     -0.0527534      -0.0493037      -0.0223586       3.16036728E-02  9.17007454E-03  1.82359071E-03
     -0.0644933      -0.0378171      -0.0111433       4.83854126E-03  1.42251700E-02  2.97133946E-03
     -0.0325916       0.0256581       0.0631913       3.21230934E-03 -8.58496471E-03 -9.27188466E-03
     -0.0583990       0.0474816       0.0069817       4.07511608E-03 -4.14061183E-03 -3.44817047E-03
     -0.0217752       0.0685995       0.0231010       9.31648795E-03 -2.71762526E-02 -7.57128612E-03
      0.0708148       0.0009701      -0.0264201      -1.60564791E-02  4.80341559E-03  1.70179568E-02
      0.0207109      -0.0680464      -0.0255821      -1.82474829E-02  6.24978645E-03 -8.72049838E-04
     -0.0747234      -0.0108794       0.0034292       2.40787572E-02  1.34914252E-02 -1.26180724E-02
      0.0057774       0.0671877      -0.0341490      -3.47484669E-03 -2.38688467E-02  3.23678661E-03
     -0.0502432       0.0142777      -0.0546396       1.11826753E-03  6.28110378E-03  1.74157316E-02
      0.0023418      -0.0413027       0.0632639       2.85640082E-03  8.54194283E-03 -1.54313113E-02
     -0.0718355       0.0073796       0.0223363       7.77562329E-03  4.75798955E-03 -3.86861863E-03
      0.0321693      -0.0425469      -0.0535593      -1.25220204E-02  2.86450410E-03  1.81456908E-02
     -0.0236533       0.0715034      -0.0064400       4.29159413E-03 -4.63858426E-03  2.01135519E-02
     -0.0031935      -0.0738544      -0.0157813      -9.01096833E-04  2.62963127E-02  2.62682180E-02
      0.0181070      -0.0642193       0.0355208       4.96326016E-03  1.65127598E-02 -3.76188962E-02
      0.0051712       0.0184994       0.0731078      -2.41856559E-04 -8.36914750E-03 -5.01656815E-02
     -0.0017213      -0.0095877      -0.0749588      -2.46010783E-03 -9.61998252E-03  5.77851086E-02
     -0.0374992      -0.0656216      -0.0011482       5.61487523E-03  6.95719922E-03 -7.72132336E-03
     -0.0047508       0.0742601       0.0132884      -8.55262080E-04 -8.48624158E-03  1.49233282E-02
      0.0362493       0.0626676       0.0217363      -8.26728701E-03 -9.39296270E-03 -2.58727267E-02
     -0.0154023       0.0158941      -0.0722762      -1.88161250E-03  3.06718952E-04  2.50905478E-02
      0.0487536       0.0295134       0.0496564      -4.14394848E-03 -3.00271205E-03 -5.50094726E-02
      0.0115192       0.0523747      -0.0532720       5.85068377E-03 -1.63121845E-03  2.21739348E-02
      0.0160581       0.0726050       0.0135775       5.32773717E-04 -8.25473137E-03  3.48460610E-02
      0.0339232      -0.0655240       0.0164173      -2.92012157E-03  4.55478941E-03 -1.39677726E-02
      0.0112593      -0.0247242      -0.0705383      -3.05830547E-03  1.66118785E-03 -4.30207569E-03
     -0.0747623       0.0037064       0.0105146       1.79671095E-03 -6.75625036E-03  1.63393184E-02
     -0.0658146      -0.0267761       0.0257913       1.34101209E-02  4.14092120E-03 -5.57385499E-03
     -0.0131939      -0.0736465      -0.0107615       9.19475587E-04  8.09615743E-04  1.95511843E-02
      0.0162272       0.0029683       0.0737670      -4.74388930E-04 -2.80500777E-03 -2.30161067E-02
      0.0747572      -0.0078297      -0.0079854      -1.09136491E-02  3.75133524E-03  9.74188851E-05
      0.0557378       0.0507827       0.0053022      -9.78018393E-03  2.09894645E-04 -1.00397724E-02
     -0.0444727       0.0559862       0.0245237       7.07193538E-04 -7.83649485E-03  2.99754219E-03
     -0.0041323      -0.0459761      -0.0598566      -2.48062891E-03  4.54336546E-03  5.25788613E-02
     -0.0714946      -0.0183272      -0.0163196       1.64321385E-02  4.35162461E-04 -1.22485448E-02
     -0.0124763      -0.0627691       0.0402255       8.31029098E-03  3.95659584E-03 -1.16452400E-02
     -0.0701550       0.0055330      -0.0275927       8.67466345E-03  1.16936416E-03  2.93880780E-02
     -0.0477111      -0.0585049       0.0038107       1.62012446E-02  7.46699688E-03  2.42276230E-02
     -0.0665410       0.0332290       0.0134845       1.09744632E-02  1.38512986E-03 -2.91504562E-02
      0.0362127      -0.0138295      -0.0648930      -6.69079818E-03  5.58389937E-03  1.66787365E-02
     -0.0346543       0.0403284       0.0537253       6.72947915E-03 -1.18672288E-02 -1.43301086E-02
      0.0454642       0.0371018      -0.0476460      -7.89768086E-03  2.11312000E-03  2.71350402E-03
     -0.0173065       0.0351761      -0.0646286       6.52919465E-03  3.32579606E-03  9.43891901E-03
      0.0206620       0.0238417      -0.0686903       1.12457905E-03 -1.91938241E-02  1.39044720E-02
      0.0725999      -0.0011846       0.0210130      -1.17067584E-02  1.10026875E-02 -1.22965171E-02
     -0.0690445      -0.0032517      -0.0305942       9.54351550E-03 -7.23398554E-03  2.77535531E-03
      0.0553817      -0.0455602      -0.0238923      -9.36689525E-03  3.26894537E-02  4.37721557E-03
     -0.0629363       0.0211746      -0.0361159       7.84381160E-03 -2.44239839E-02  3.04548276E-03
      0.0016975      -0.0755683       0.0005057       5.05809292E-03  3.07481395E-02  1.00150999E-03
      0.0129499      -0.0092342       0.0738968       3.53951835E-03 -9.04719902E-03 -1.06353088E-02
      0.0692556       0.0166157      -0.0253236      -3.47024574E-03  1.22339911E-02  1.08750973E-02
      0.0589468      -0.0444986       0.0160885      -1.27642117E-02  7.88301612E-04 -7.35886051E-03
     -0.0586697      -0.0361237      -0.0310908       1.06950861E-02  2.30703542E-02 -5.03002773E-03
      0.0398180       0.0028506      -0.0641880      -8.08417653E-03  3.47965923E-03  1.42847025E-02
     -0.0169066       0.0596734      -0.0432082       2.42179934E-03 -2.02478666E-02  1.00960083E-02
      0.0528398      -0.0163492      -0.0515206       4.04529862E-04 -1.19503811E-02 -3.45841791E-04
      0.0039051      -0.0385733      -0.0648888      -1.56795186E-03  1.18822058E-02  1.26990058E-02
     -0.0627105       0.0421812      -0.0013528       2.66594476E-03 -1.09498956E-02  7.89163641E-04
      0.0550087       0.0059784       0.0514977      -3.62951582E-03  1.24793103E-03 -1.37850134E-03
      0.0561464       0.0505323       0.0027892      -4.88631199E-03 -1.30052297E-02 -4.70672140E-03
      0.0206411      -0.0584052      -0.0433184      -2.66352951E-03  2.65311000E-02  7.07901599E-03
     -0.0570562       0.0211621      -0.0448380       9.50187157E-03 -4.71312474E-03  9.41603827E-04
      0.0024787      -0.0751308       0.0079320       9.94842715E-03  2.95528663E-02 -4.61144329E-03
     -0.0718270      -0.0092018       0.0216773       6.29744741E-03 -1.38003773E-02  4.13240987E-03
      0.0624286       0.0410045       0.0116192      -7.16207944E-03 -1.70273583E-02 -8.82931039E-03
     -0.0146698       0.0356382       0.0650263       9.23250131E-03 -1.10094781E-02 -7.59348350E-03
      0.0260221      -0.0709616       0.0010062       3.27480615E-03  1.08605086E-02  3.80864926E-04
      0.0575553      -0.0489050       0.0030672      -1.16585197E-02  2.13950642E-02  3.92448102E-03
      0.0191943      -0.0309016       0.0662600       1.49040779E-02  1.15460273E-02 -1.22425879E-02
      0.0004670       0.0208504       0.0726549      -6.33011360E-03 -5.70358077E-03 -5.88595637E-03
      0.0499295       0.0356001       0.0441971      -2.81473608E-02 -1.16379181E-02 -6.69887649E-03
     -0.0067907       0.0662599       0.0357382       3.95152901E-03 -1.71074752E-02 -9.20549749E-03
     -0.0283298      -0.0655787      -0.0247094      -7.26580493E-03  1.05118568E-02  9.14715716E-03
      0.0383708      -0.0459483       0.0461533      -6.44464010E-03  4.21412852E-03 -4.96378685E-03
      0.0576530      -0.0426379      -0.0239132      -2.97284246E-02  1.31542144E-02 -2.11048509E-03
     -0.0387338      -0.0576470       0.0298365       3.35356713E-02  1.57865412E-02  8.29718113E-04
      0.0683155      -0.0287257       0.0148842      -3.80129078E-02  9.48891887E-03 -5.30321360E-03
      0.0620070      -0.0034619      -0.0430913      -2.82857548E-03  5.51632992E-03  8.32689875E-03
      0.0358353       0.0625290       0.0227961      -8.88929644E-03 -1.74817387E-02 -4.42164220E-03
     -0.0081276       0.0717210      -0.0224442       1.37428940E-02 -1.50955124E-02  6.01952697E-04
      0.0018348       0.0615996      -0.0437700      -1.23849833E-02 -9.86656018E-03  5.21881484E-03
     -0.0733255      -0.0082683      -0.0163922       4.25125535E-03 -1.62348612E-03  4.11161396E-03
      0.0715380      -0.0153557       0.0189796      -1.94556403E-02 -8.10431898E-04 -4.68506468E-03
      0.0127577       0.0307279       0.0678731       1.49603895E-02 -4.76827111E-03 -4.16924036E-03
      0.0545839       0.0202391       0.0482147      -3.15616435E-02 -2.07727455E-03 -8.99306920E-03
     -0.0608623      -0.0421366      -0.0152972       4.98518277E-02  9.94336102E-03  2.93218775E-04
      0.0339250       0.0668289       0.0098323      -7.95742895E-03 -1.15115320E-02  1.63683820E-03
     -0.0631677       0.0172608       0.0377572       3.90851653E-03 -1.05900383E-02 -3.27455888E-03
      0.0227498      -0.0308103       0.0651680       8.77146396E-03  5.94383469E-03 -2.17530925E-02
      0.0059550       0.0328887       0.0677981       5.79730726E-03 -6.37029960E-03 -2.61830662E-03
      0.0198389      -0.0724343      -0.0085663      -1.41300500E-02  1.36851690E-02  1.03589894E-02
      0.0353911       0.0055872       0.0665579       1.50709613E-02 -3.74736612E-03 -9.58986668E-03
     -0.0015522       0.0735586      -0.0173329       4.52462072E-03 -8.26063698E-03  4.75708117E-05
     -0.0256280       0.0013167       0.0710997      -1.87611441E-02 -2.22375730E-02 -5.11197922E-02
      0.0201211       0.0675068       0.0274164      -2.19231451E-03 -4.84243663E-02 -3.33807587E-02
     -0.0064430       0.0202513      -0.0725401      -7.09255137E-03 -3.15751261E-02  5.99741339E-02
      0.0056620      -0.0449288      -0.0605232      -2.08978122E-04  1.83432113E-02  5.09551064E-02
      0.0164632      -0.0733459       0.0079401       2.10255815E-03  4.68931506E-02 -4.98789225E-02
     -0.0479492      -0.0344339      -0.0472111       2.36816714E-02  2.99907132E-02  1.87638819E-02
      0.0679338      -0.0171569       0.0283606      -1.15714042E-02  1.31993317E-02 -2.10789679E-02
     -0.0647857      -0.0019018      -0.0388961       2.47820959E-02  7.59709572E-03  3.27865445E-02
     -0.0515540       0.0552648      -0.0013089       2.09640245E-02 -4.78966813E-03 -1.62992849E-02
      0.0019651       0.0384223      -0.0650659       3.21450152E-03 -2.06506802E-02  6.31159311E-02
      0.0479413       0.0547320      -0.0204874      -2.50354474E-02 -2.93392748E-02 -4.92007666E-04
      0.0383727      -0.0389805       0.0521707      -2.26968990E-02  9.55870876E-04 -6.30816300E-02
      0.0209053      -0.0613940      -0.0388259      -2.97164644E-03  4.74857757E-02  1.97691695E-02
      0.0086772       0.0108311      -0.0743041      -3.11662111E-02 -2.45602214E-03  2.83858952E-02
     -0.0707979       0.0125858       0.0233016       2.61598338E-02 -5.45312973E-03 -2.97347678E-02
      0.0616449       0.0091392       0.0427794      -1.56897011E-02 -2.24799207E-02 -1.99179708E-02
     -0.0431307      -0.0475270       0.0399327       1.28102557E-03  3.64369647E-02 -1.01312795E-02
     -0.0241631      -0.0520679       0.0491811       3.73052859E-03  8.21360331E-03 -5.48777001E-04
     -0.0275313      -0.0095554      -0.0697455       1.80060734E-02  1.90593252E-03  2.53170808E-02
     -0.0623864       0.0409976       0.0118671       1.41234337E-02 -1.76575912E-02 -1.15875325E-02
     -0.0748806       0.0090531       0.0049630       1.83919593E-02  1.22722308E-02  6.38151409E-03
      0.0319119      -0.0392903       0.0561391       8.41382968E-04  1.30192650E-02 -5.69659811E-02
     -0.0428994       0.0077678      -0.0617495       1.86475809E-02  3.68319253E-03  4.45290941E-02
      0.0709184      -0.0043273       0.0257987      -5.76402434E-02 -1.55817605E-04  4.23282168E-03
     -0.0599570      -0.0108826       0.0447260       2.83683436E-02 -6.60438540E-03 -4.71900367E-02
      0.0460064      -0.0206187       0.0563204      -3.95224776E-02  6.36269104E-03 -2.64189477E-02
      0.0489356       0.0305847      -0.0488221      -3.47875307E-02 -9.24641136E-03  5.49069273E-02
# Displacement: 13,  E_pot (hartree): -29718.642281995
      0.0113516       0.0120002      -0.0737620      -4.35173414E-03 -6.17943501E-03  2.42615252E-02
     -0.0680592      -0.0107936       0.0310667       2.25319634E-02  2.99670131E-03 -1.03206873E-02
     -0.0366327       0.0660369      -0.0032978       1.41222334E-02 -1.91005417E-02 -4.90483634E-03
     -0.0031180       0.0539994      -0.0528020       2.63763386E-03 -1.03805466E-02  2.17582129E-02
     -0.0522741      -0.0398967       0.0372742       2.96693954E-03  6.60528280E-03  1.04862372E-03
      0.0296230      -0.0695413       0.0004218      -3.45216635E-03  1.43703258E-02 -1.47531924E-02
     -0.0650921       0.0117423       0.0365902       8.81620666E-03  4.26045743E-03  1.56459341E-02
     -0.0079533      -0.0659382       0.0360917       1.22064809E-02  9.04435345E-03 -1.60764652E-02
      0.0452221      -0.0022149       0.0605290      -1.70184565E-02  6.52906959E-03 -1.77976062E-02
      0.0388808      -0.0512658       0.0396713      -6.61040643E-03  9.66327362E-03 -1.13442615E-02
      0.0536701      -0.0526136       0.0080648      -7.61654542E-03  1.09847437E-02 -7.06880587E-03
      0.0280129       0.0596962       0.0369506      -5.02244517E-03 -1.89509954E-02  7.79332449E-03
     -0.0648591       0.0283334       0.0265371       2.11176973E-02 -5.21141986E-03 -1.16250351E-02
     -0.0724076      -0.0084363       0.0199915       1.44493716E-02  1.09268186E-02 -5.95841680E-03
      0.0644660       0.0105022      -0.0380467      -1.55060117E-02 -2.05259329E-03  1.79663238E-02
      0.0047474      -0.0342853      -0.0671988       2.64608589E-03  2.39192970E-03  9.31251636E-03
     -0.0032677       0.0283270      -0.0700044      -7.79596794E-04 -1.39503990E-02  4.30306798E-03
     -0.0203260       0.0022315       0.0727707       1.78384964E-02  4.87717809E-03 -1.20407471E-02
      0.0092517       0.0566522      -0.0491796       1.82077170E-03 -7.09798886E-03  7.15147962E-03
     -0.0160408      -0.0735572      -0.0067633      -5.48433455E-03  2.69662442E-02 -3.84708070E-03
      0.0207502       0.0717578      -0.0115734      -9.40293323E-03 -1.06756422E-02  5.58254578E-03
     -0.0233739      -0.0682746       0.0224932      -6.46364070E-03  2.52545856E-03 -8.88754927E-04
      0.0304288       0.0658194       0.0213448      -7.27525263E-03 -2.46361891E-02 -4.92939551E-03
      0.0012431       0.0686635      -0.0315830       5.79730348E-03 -2.19245997E-02  8.59300980E-03
      0.0118735      -0.0428790      -0.0611073       4.76356035E-03  9.77054801E-03  4.64652608E-03
      0.0088059       0.0214624      -0.0719412      -6.58300887E-03 -2.54920253E-03  2.02174412E-02
     -0.0487587       0.0566990       0.0110237       8.78939381E-03  3.15687908E-03 -5.71712135E-03
      0.0688787       0.0106659      -0.0292515      -1.10076084E-02  4.41713354E-03  1.44695086E-02
      0.0559122      -0.0281821      -0.0423474      -9.56240541E-03  6.26180898E-03  3.04080877E-02
     -0.0609889      -0.0153455      -0.0419355       8.85154407E-03 -1.71882249E-03  2.16267917E-02
      0.0217053       0.0671732       0.0270250       3.97213002E-03 -1.57842760E-02 -6.44264888E-03
      0.0511497      -0.0509054      -0.0224956      -6.46392935E-03  1.11686079E-02  2.71071655E-02
      0.0024238      -0.0721384      -0.0224471       7.05432998E-04  1.75791143E-02 -1.88930643E-02
      0.0224447      -0.0708504       0.0137892       6.14567127E-03  5.08804018E-03 -4.51042074E-03
      0.0218714       0.0633513      -0.0349567      -2.04668116E-03 -1.77766318E-02  9.01449100E-03
      0.0264955      -0.0063186       0.0705107      -8.42439623E-03 -3.08463142E-03 -3.34827061E-02
      0.0712487      -0.0211045       0.0138538      -1.15540820E-02  5.09185043E-03  1.49867493E-02
      0.0551851       0.0175074       0.0485983      -1.25462924E-02  1.72246833E-03 -3.09948764E-02
     -0.0151237       0.0474720       0.0568452      -6.24751896E-03 -6.88135309E-03 -1.21781303E-02
     -0.0073208       0.0547556      -0.0515939       3.00222610E-03 -9.80635358E-03  1.92609198E-02
     -0.0062622      -0.0602477       0.0452184       7.50259041E-03  6.80972082E-03 -1.50305458E-02
      0.0483898      -0.0022665      -0.0580258      -6.32902591E-03 -3.80900889E-03  1.00217819E-02
      0.0213691      -0.0027183      -0.0724546      -2.84832885E-03 -2.62735216E-03  2.61043873E-02
     -0.0496457      -0.0063060       0.0566501       7.38174229E-03 -1.74885219E-03 -2.24605229E-02
      0.0316815       0.0608732      -0.0316929       1.28684719E-03 -1.05188464E-02  1.43444000E-02
      0.0605714      -0.0271633      -0.0361520      -8.38713757E-03  6.23166565E-03  2.98382746E-02
     -0.0493770       0.0250214      -0.0514737       1.13075245E-02 -2.78861262E-03  4.73470225E-02
      0.0131780       0.0230278      -0.0707797       4.48637503E-03 -4.99898174E-03  9.77621908E-03
     -0.0160582       0.0654089      -0.0343148      -2.99588754E-03 -7.69236818E-03  1.68480745E-02
     -0.0254893      -0.0290578      -0.0649588       2.80849159E-03  1.14153199E-02  5.41993147E-02
      0.0195308      -0.0129568       0.0718636      -1.50952586E-05  6.94484097E-05 -4.19422162E-02
      0.0538892      -0.0155228      -0.0506824      -1.23920276E-02  5.31903433E-03  6.30706684E-02
      0.0611107      -0.0249936      -0.0368038       2.06656169E-03  5.65188189E-03 -4.57278234E-03
     -0.0362760       0.0365114       0.0553595       6.40214153E-03 -2.32373979E-03 -3.49586446E-02
      0.0156268      -0.0412837       0.0613608      -1.13211061E-03  9.95598209E-03 -3.86210610E-03
     -0.0702013      -0.0280262      -0.0001700       1.49183575E-02  1.13608193E-02 -4.87544764E-03
      0.0097307      -0.0095620      -0.0743476      -8.04341965E-03 -1.08057664E-02  8.90980879E-03
      0.0268901       0.0274371      -0.0650987       3.01998450E-03 -1.71505751E-02  1.19945042E-02
     -0.0483060       0.0149180       0.0561934       4.02060931E-03 -5.80066618E-03 -7.61760151E-03
     -0.0239723      -0.0209729       0.0685506       3.39341030E-03  9.29648137E-03 -1.84629662E-02
      0.0571008      -0.0315907      -0.0381475      -4.55275796E-03  7.84221576E-03 -2.19206224E-03
     -0.0711935      -0.0182544       0.0176631       1.76373051E-02  7.20482890E-04  6.21692113E-03
      0.0563595       0.0165881      -0.0475618      -1.64301070E-02 -9.76422391E-03  2.37920558E-03
      0.0045382       0.0709863       0.0255743      -2.39110985E-03 -2.39779773E-02 -4.56483285E-03
      0.0316773      -0.0153163       0.0669004      -1.11032685E-02  4.22697556E-03 -9.93443880E-03
     -0.0423443       0.0345798       0.0522007       5.79474398E-03 -7.42754823E-03 -6.71436216E-03
      0.0224667      -0.0419436      -0.0587340      -6.00872972E-03  1.19711176E-02  1.03917044E-02
     -0.0514241      -0.0476066      -0.0283351       8.60658971E-03  1.10837889E-02  4.50453524E-03
     -0.0508256      -0.0348510      -0.0437705       2.17309001E-03  6.43685450E-03  9.75327621E-04
     -0.0264523      -0.0554417      -0.0440478       6.90332996E-03  2.31025641E-02 -9.53520954E-06
     -0.0476497      -0.0016341      -0.0586561       1.05101140E-02 -3.23258310E-03  1.07491569E-02
     -0.0134103      -0.0165927       0.0725160       9.47932762E-03  1.57736484E-02 -1.31555301E-02
     -0.0518981       0.0545611       0.0065850       7.15929446E-03 -2.12762976E-02  2.08463165E-03
      0.0422929       0.0557862      -0.0285117      -1.27919746E-03 -2.44680203E-02  1.65954156E-03
     -0.0467291      -0.0590075      -0.0069430       1.35207571E-02  1.99569212E-02 -6.16623843E-03
      0.0121698      -0.0314851      -0.0676336      -6.31403068E-03  3.61666328E-02  1.50975872E-02
     -0.0239686       0.0716440       0.0025219       2.38176818E-03 -4.67174962E-04 -5.00892592E-03
      0.0495923      -0.0545620       0.0166523       7.89883604E-04  3.21261479E-02 -6.59476607E-03
      0.0409508       0.0575466      -0.0269280      -1.68923782E-02 -2.13506568E-02  8.59392082E-03
      0.0525256       0.0442977      -0.0315037      -8.15948651E-03  1.81393389E-03 -4.46500384E-04
      0.0021312       0.0346000       0.0671715       5.92130606E-03 -3.84283549E-02 -9.51108353E-03
     -0.0517103       0.0542847      -0.0096392       4.15746436E-02 -5.68180983E-03  1.82615584E-03
     -0.0569283       0.0265405       0.0420532       1.97660857E-02 -1.61545073E-03 -1.15100951E-04
      0.0256497      -0.0324865       0.0632490      -1.47667243E-02  1.56538869E-03 -2.02035672E-02
      0.0504054      -0.0274152       0.0492077      -1.57581034E-02  1.60468969E-03 -4.33079293E-03
     -0.0222985       0.0608300       0.0389383       1.60688882E-02 -4.51592818E-03  2.45802942E-04
      0.0568824      -0.0497323       0.0021906      -2.31685563E-02  1.05889394E-02 -5.46823961E-03
     -0.0571011      -0.0382902      -0.0314169       1.10790636E-02  9.77287676E-03  7.60198930E-03
      0.0635715      -0.0295054      -0.0283160      -1.19209286E-02  4.23367554E-03 -3.81951026E-04
     -0.0270301       0.0686394       0.0164841       2.28970316E-02 -1.51546041E-02 -2.97005971E-03
      0.0357352       0.0056880       0.0663652      -2.47943356E-02  1.59264573E-03 -6.35363585E-03
     -0.0524207       0.0534245      -0.0105631       2.23989409E-02 -9.28974189E-03  2.76847091E-03
     -0.0392032      -0.0629978      -0.0144253       7.19153189E-03  1.07293740E-02  1.39689957E-03
      0.0110365       0.0698330      -0.0267443      -3.30925303E-03 -1.57570443E-02  4.53582504E-04
      0.0540529      -0.0021701       0.0527948      -2.39006154E-03 -2.28525155E-03 -4.33455336E-03
      0.0747092       0.0114986       0.0001853      -3.99178682E-02 -4.16455943E-06 -5.99441236E-03
      0.0439635       0.0427295      -0.0442168      -7.33610933E-03 -7.86959778E-03  6.34192134E-03
      0.0601577      -0.0267907       0.0371081      -1.13150092E-02  3.52064956E-03 -1.14671416E-02
      0.0012576      -0.0733740       0.0181212      -9.91567279E-03  6.98281762E-03  9.71498486E-04
      0.0513994      -0.0440577       0.0336262      -5.50841822E-03  9.54788087E-03 -6.11665648E-03
      0.0602328      -0.0251817       0.0380997      -2.81235366E-02  5.66455918E-03 -6.55309045E-03
     -0.0160117       0.0258597       0.0691998       9.92822974E-03 -1.52645658E-03 -9.36158487E-03
     -0.0511060      -0.0368418      -0.0417680       2.44928159E-02  9.69930300E-03  9.87186098E-03
      0.0238095       0.0543926      -0.0467787      -2.25665623E-02 -3.45910633E-03  6.54051503E-03
     -0.0688892      -0.0285579       0.0123470       4.84856260E-02  9.60650020E-04 -6.91821007E-03
     -0.0705586       0.0119967      -0.0243164       4.84072993E-03 -7.56572315E-03  7.85451385E-03
      0.0454517       0.0136993       0.0588232       8.17558078E-04 -9.07079799E-04 -1.28653143E-02
      0.0634169       0.0311037      -0.0269175      -2.48865472E-02 -8.01628439E-03 -3.07134288E-03
     -0.0021972       0.0562447       0.0504519      -2.18844090E-02 -2.20807825E-02 -2.74536425E-02
      0.0467637      -0.0001050       0.0593872      -2.46032098E-02 -4.48634170E-03 -3.62553052E-02
     -0.0716053       0.0164181       0.0178001       4.08295390E-02 -1.30943188E-02  2.90240979E-04
      0.0350601      -0.0532392      -0.0406212      -1.09642426E-02  4.19248358E-02  2.20039063E-02
     -0.0236385       0.0713113       0.0083440      -6.11843002E-03 -2.60413672E-02 -2.25783714E-02
      0.0217769       0.0416349      -0.0592114       1.73932858E-02 -3.61670307E-02  3.06075202E-02
      0.0635441       0.0320460      -0.0254737      -2.10280411E-02 -1.51223494E-02  2.70939304E-03
      0.0429132      -0.0540631      -0.0308112      -2.93914913E-02  3.20340141E-02  4.80191116E-03
     -0.0351707      -0.0665753      -0.0066676       3.37869499E-02  5.15168178E-02  1.99801086E-02
     -0.0631358       0.0125278      -0.0396313       2.47979461E-02  3.00994331E-03  1.21524066E-02
     -0.0507643       0.0538250      -0.0154775       3.69163202E-02 -2.18215566E-02  4.57181173E-03
     -0.0629994      -0.0417650      -0.0006812       9.74156851E-03  1.37887432E-02  1.52105996E-02
      0.0317156       0.0685430      -0.0031121      -1.63100054E-02 -3.24826979E-02 -2.03436739E-02
     -0.0088449      -0.0602151       0.0448287      -1.04990701E-02  4.77841664E-02 -2.04832033E-02
      0.0419922      -0.0425706      -0.0462395      -9.91656023E-03 -1.39991266E-02  2.50730867E-02
      0.0470902      -0.0472350      -0.0355678       3.24316704E-04  2.63886307E-02 -2.04364526E-02
     -0.0656502       0.0311703      -0.0207887       1.92354994E-02 -1.75647068E-02  3.86144836E-02
      0.0617879      -0.0430622       0.0064505      -1.02499427E-02  8.32078533E-03 -1.62178251E-02
     -0.0513806      -0.0482817       0.0272508      -9.21869487E-04 -7.20435616E-04 -1.48454584E-02
      0.0055574      -0.0657874       0.0368083      -9.48432102E-03  3.47559757E-02 -4.34521097E-02
      0.0561263       0.0496556       0.0098927      -4.32217120E-02 -1.75922390E-02 -1.34676931E-03
     -0.0339940      -0.0395769       0.0546971       1.96096727E-02 -9.96579956E-03 -4.65773120E-02
     -0.0245155       0.0634461       0.0329739       9.95067575E-03 -2.18021471E-02 -2.79048090E-02
      0.0513164      -0.0346841       0.0433286      -1.79060265E-02  1.65177186E-02  1.12474195E-02
     -0.0012181      -0.0197726       0.0729469       2.78688447E-02  5.75914353E-03 -9.37816733E-02
      0.0301762       0.0351555      -0.0597261      -5.30969205E-03 -2.50578948E-02  3.56114451E-02
      0.0575502       0.0382466      -0.0306413      -3.04687972E-02  8.07211632E-03  4.10288448E-02
# Displacement: 14,  E_pot (hartree): -29718.645530242
      0.0620718       0.0354793      -0.0245358      -1.24933074E-02 -1.58089074E-02  2.39661703E-03
      0.0420418      -0.0189434      -0.0598944      -1.78525450E-02 -3.61536874E-03  5.77506223E-03
      0.0545443       0.0101059      -0.0513468      -3.94843222E-03  2.02554839E-03  1.30785243E-02
      0.0504019      -0.0023672       0.0562829      -1.40262410E-02 -2.52898866E-03 -1.71567489E-02
      0.0066373       0.0544323      -0.0520269       2.80848548E-03 -1.54832231E-02  1.96793001E-02
     -0.0597038      -0.0028584      -0.0462708       1.49570235E-02 -1.46471637E-03  3.32996582E-03
     -0.0340882      -0.0604334      -0.0299919       7.31321127E-03  1.64369063E-02  1.35731878E-02
      0.0203455      -0.0537817       0.0490642      -4.30454930E-03  2.32747459E-02 -1.33380539E-02
      0.0458394      -0.0596285      -0.0075435      -4.24256515E-03  2.53554429E-03  1.72991181E-03
      0.0452004       0.0518332       0.0313680      -7.23514546E-03 -1.31485206E-02 -2.18716963E-02
      0.0196873      -0.0691891      -0.0232162       3.68966759E-03  1.17419071E-02  1.95103613E-02
      0.0573674       0.0376486       0.0317061      -7.67093899E-03 -1.09656660E-02 -6.64359883E-03
     -0.0640842       0.0379004       0.0130567       2.45346532E-02 -1.12947737E-02  8.44068139E-04
     -0.0164874      -0.0737350      -0.0022374       1.11564147E-02  1.42505446E-02  1.23382922E-02
     -0.0573129       0.0356427       0.0340372       4.04695976E-03 -4.79048324E-03 -1.95284148E-02
      0.0349517       0.0337476       0.0579068      -1.44112042E-02 -4.89739341E-04 -2.59918726E-03
      0.0303414       0.0692319      -0.0001863      -1.69882566E-02 -2.03816352E-02  2.97443064E-03
      0.0133714      -0.0193364       0.0718402      -3.93565447E-03  5.19457264E-03 -1.05152654E-02
     -0.0200163       0.0170273       0.0708741       9.91609590E-03 -6.62472696E-03 -2.79135704E-03
     -0.0501226       0.0513883       0.0236785       1.28779931E-02 -1.72729315E-02 -1.77675032E-02
      0.0069662      -0.0125610      -0.0742118      -8.55952874E-03  3.34771249E-03  2.14684289E-02
      0.0726442      -0.0201147       0.0056488      -1.82117564E-02  2.44978184E-04  5.75089723E-03
      0.0231960       0.0713113       0.0095052      -1.02418895E-02 -1.00637401E-02 -4.84542018E-03
     -0.0325294       0.0494445      -0.0470191       4.14394696E-03 -5.12723085E-03  5.96302547E-03
      0.0064628      -0.0727691      -0.0194062       9.65850458E-03  1.03732090E-02  5.06170249E-03
      0.0056014      -0.0348967      -0.0668174       1.53814708E-02  1.37566017E-02  5.33439994E-03
      0.0084726       0.0668341      -0.0342798       1.39039039E-04 -2.25059974E-02  1.16798618E-02
      0.0372479       0.0381222       0.0536003      -8.78154655E-03 -9.11770252E-03 -4.68475717E-02
      0.0652440      -0.0135056      -0.0357004      -1.58807199E-02 -3.08080818E-03  2.71932721E-02
      0.0296807      -0.0532463      -0.0446944      -8.27065352E-03  7.58852719E-03  1.04196646E-02
      0.0067942       0.0455178      -0.0599639      -5.88742128E-03 -9.80862414E-03  3.30549339E-02
     -0.0461843       0.0139233      -0.0581969       4.83186878E-03  9.81283958E-03  1.37838553E-02
      0.0127164       0.0730374      -0.0147490      -4.72778948E-03 -8.72336362E-03  1.44404981E-02
     -0.0585961      -0.0279326      -0.0387294       1.08146011E-02  1.15971758E-02  3.21069535E-02
      0.0536102      -0.0482670      -0.0225818      -1.45292406E-02  4.84940138E-03  1.45679566E-02
     -0.0561775      -0.0188795       0.0469186       6.60690584E-03  4.73862148E-03 -1.89613176E-02
      0.0394462      -0.0147877       0.0627618      -7.30647129E-03 -7.22437397E-04 -3.28947907E-02
      0.0424863       0.0587594       0.0213528      -3.30473449E-03 -8.32605067E-03 -1.13066934E-04
     -0.0700401      -0.0155486       0.0237977       1.00090977E-02 -2.94777390E-03 -1.16640505E-02
     -0.0664657       0.0297776       0.0202313       1.20882248E-02  3.14385100E-03  1.25108747E-02
      0.0662264      -0.0358502       0.0065215      -1.00393594E-02  1.39447615E-02 -1.26432400E-02
      0.0680195       0.0318476       0.0085315      -8.62127292E-03  7.64620631E-04  1.74753600E-03
      0.0714791      -0.0061079       0.0238148      -1.19257409E-02 -1.47879938E-03 -5.03736862E-03
     -0.0102643       0.0729542       0.0169126       5.41219873E-03 -1.62748132E-02 -1.99260011E-02
     -0.0748400       0.0103852      -0.0021955       1.67981164E-02 -8.03541028E-03  1.32476369E-02
     -0.0179330       0.0599030      -0.0424702       5.17018565E-03 -7.42327588E-03  2.95380766E-02
      0.0204466       0.0721424       0.0095447      -8.85091909E-03 -1.70092147E-02 -1.19731281E-02
      0.0101463       0.0097649       0.0742658      -3.77866148E-04 -4.27276292E-04 -2.96433781E-02
      0.0539782      -0.0268060       0.0456237       5.20812594E-03  4.53587680E-03 -9.71193016E-03
     -0.0150154      -0.0695106      -0.0256226       1.79785182E-03  9.57268515E-03  1.42945919E-02
     -0.0670477       0.0150523       0.0314917       1.15345447E-02 -4.93820540E-03 -2.32482760E-02
     -0.0471336       0.0551576       0.0212079       8.85130015E-03 -7.12573807E-03 -2.15863696E-03
      0.0433874       0.0581771      -0.0211348      -3.51665962E-03 -5.14565673E-03  2.64879963E-02
      0.0210781       0.0439430       0.0577792       3.57311669E-03 -1.52405139E-02 -4.40036833E-02
     -0.0127787      -0.0155933       0.0728509       3.49685782E-03  4.04074704E-02 -3.40094736E-03
      0.0695067      -0.0195805       0.0223408      -1.94556837E-02 -2.05502160E-03 -6.21679717E-03
     -0.0113296      -0.0482143      -0.0571027      -4.06967598E-03  2.82574116E-02 -1.29658354E-03
      0.0446425       0.0460454      -0.0400073      -5.56754054E-03 -2.66616800E-02  3.97004500E-03
     -0.0646896       0.0191233       0.0341068       2.10323042E-03  1.38620755E-03 -1.04834787E-02
     -0.0347740       0.0419122      -0.0524198      -2.61010650E-03 -6.87693862E-03  1.15083514E-02
      0.0064795       0.0428176       0.0619544       2.07384683E-03  2.06684934E-04 -8.36395830E-03
     -0.0598293       0.0458677       0.0055055      -4.02343776E-03 -9.99168467E-03 -6.35085914E-03
     -0.0144574       0.0582653       0.0459330       1.50891285E-03 -2.08690086E-02 -1.08979831E-02
      0.0104630      -0.0705310      -0.0250920      -1.57375979E-03  2.27559976E-02  9.68441703E-03
     -0.0442029       0.0118870      -0.0601540       5.33217574E-03  1.37209394E-03  1.16475165E-02
     -0.0257017      -0.0102494      -0.0703425       1.00922936E-02  1.52940561E-03  8.41058957E-03
     -0.0348182       0.0652431      -0.0156445       1.65624553E-03 -2.21483219E-02  6.12134602E-03
      0.0424136       0.0618506      -0.0094501      -1.80533618E-03 -7.44083726E-03  6.46479525E-04
     -0.0399470      -0.0176285       0.0617024       1.77730120E-04  5.88108055E-03 -7.60140120E-03
     -0.0113237      -0.0069579       0.0744114       4.85973623E-03  2.03503786E-02 -9.98732518E-03
     -0.0176316       0.0351602      -0.0645491       8.46093845E-03 -6.24879796E-05  1.42340524E-02
     -0.0145043      -0.0555498      -0.0491686       2.32171514E-04  1.36188190E-02  7.41254172E-03
      0.0383553      -0.0563569      -0.0326571       7.29138511E-04  2.52733603E-02  8.20214336E-03
     -0.0062869       0.0752537      -0.0033251       3.56101329E-05 -7.72771074E-03  6.04195486E-03
      0.0486054      -0.0440895       0.0375146      -6.70810083E-03  7.13744429E-03 -1.08027067E-02
     -0.0595472       0.0462368      -0.0054772       2.12583354E-02 -4.72310605E-03  4.96162616E-03
      0.0242485       0.0047348      -0.0714374      -5.20878605E-03 -6.51936886E-03  5.31383397E-03
      0.0530612      -0.0353161      -0.0406322      -1.13118530E-02  8.73094281E-03  1.04901674E-02
     -0.0727948      -0.0203564      -0.0004842       1.58640342E-02 -1.75264603E-02  4.10325197E-03
     -0.0303440      -0.0468149      -0.0510031       5.91186872E-03  2.88905331E-02  1.63158082E-02
      0.0387092      -0.0217978      -0.0611568      -4.53508244E-03  1.53413717E-02  1.46558525E-03
     -0.0495136       0.0033056      -0.0570192       3.93420768E-02  5.41129494E-03  1.25674132E-02
      0.0164062       0.0658672      -0.0332573      -1.45845601E-02 -1.93465987E-02  2.35917950E-03
     -0.0712158      -0.0008330       0.0253243       2.00780435E-02 -5.15332638E-03 -4.44941638E-03
      0.0725387       0.0019118      -0.0211706      -2.15888524E-02 -3.80981292E-03  2.89242642E-03
     -0.0092594      -0.0381009       0.0646242      -3.30404444E-03  1.07112589E-02 -1.48131267E-02
     -0.0564228       0.0490661      -0.0110763       5.77944836E-03 -4.24351524E-03  5.17164278E-03
      0.0054885       0.0505359       0.0559437       1.16398376E-03 -7.03287669E-03 -4.45394141E-03
     -0.0304778       0.0638812      -0.0265331      -4.38613246E-03 -1.26955979E-03  8.52012205E-03
      0.0620194       0.0352831       0.0249481      -2.67129379E-02 -8.59828392E-03 -1.35153362E-02
      0.0499388      -0.0409037      -0.0393285      -2.45886978E-02  5.20760005E-04  1.20347595E-02
     -0.0616476      -0.0364248      -0.0242179       1.67378089E-02  5.68626999E-03  2.03445852E-03
     -0.0090755      -0.0298845       0.0688351      -1.21685748E-02  4.88595803E-03 -1.62509006E-02
      0.0420441       0.0626419      -0.0046899      -9.91636982E-03 -3.45040399E-03 -3.49532757E-03
     -0.0487021      -0.0464375      -0.0344289       1.14344693E-02  1.58000368E-02  5.45615264E-03
     -0.0570210      -0.0306558       0.0390196       2.11869378E-03  6.33185631E-03 -1.28742516E-03
      0.0043025       0.0754056      -0.0030337       1.12911518E-02 -7.31981358E-03  8.97482802E-03
     -0.0518940      -0.0548977       0.0026356       1.93825476E-02  4.71868173E-03 -4.87834663E-03
      0.0086900       0.0319991       0.0679284       2.71049207E-03 -1.03418901E-02 -8.82433263E-03
      0.0390440       0.0182808      -0.0620893      -1.68558497E-02 -5.71738042E-03  1.11290100E-02
     -0.0554647      -0.0408407      -0.0311355       1.83633808E-02  3.63419249E-03  8.43311449E-03
     -0.0399513      -0.0427999       0.0478099       1.37517230E-02  1.63208994E-03 -6.78390545E-03
      0.0180321      -0.0614884       0.0400964       6.46827886E-04  1.43945605E-02  6.78234408E-03
      0.0556753      -0.0032918      -0.0510208      -2.35635974E-02  7.52649538E-03  4.74420527E-03
     -0.0343375      -0.0457281      -0.0494325       6.86476134E-03  4.28857413E-03  4.02661425E-03
      0.0649515       0.0315678      -0.0223267      -3.53779019E-02 -1.09805086E-02 -1.61830744E-03
     -0.0119525       0.0706000      -0.0242176       6.78974053E-03 -7.82345229E-03  1.57270853E-02
      0.0181541      -0.0551361      -0.0484162       2.33557452E-03  3.84739243E-03  5.72964251E-03
      0.0063071      -0.0751895      -0.0045246       2.47145326E-03  7.98167475E-03  1.93851591E-02
     -0.0411158      -0.0613221      -0.0162116       3.18930555E-02  3.56632241E-02 -9.08662458E-03
     -0.0235136      -0.0343989      -0.0630677       1.42904844E-02 -6.30131497E-03  6.68895965E-03
     -0.0172834      -0.0709082       0.0196727       3.33952370E-02  4.57819079E-02 -1.81607368E-02
     -0.0416196       0.0465932      -0.0425510       3.71752049E-02 -2.92654065E-02  1.60830700E-02
      0.0468503       0.0118308       0.0581273      -1.03167799E-02 -1.13502554E-02 -3.18168039E-02
      0.0563982       0.0405013       0.0298761      -3.40000497E-02 -5.78306117E-02 -3.77159836E-02
     -0.0680074       0.0314742       0.0099036       3.03589126E-02 -1.54282900E-02 -3.46995945E-03
     -0.0273165      -0.0637969      -0.0299576       2.73092145E-02  2.10654778E-02  4.19833167E-02
     -0.0249929      -0.0683509      -0.0204263       2.43781171E-02  3.07573028E-02  5.05719147E-03
      0.0658045      -0.0363182      -0.0080293      -3.63926513E-02  1.32970806E-02 -1.26964141E-02
      0.0100752      -0.0278094      -0.0695617      -5.38668352E-03  1.81392910E-03  3.96470686E-02
      0.0272415       0.0435526       0.0554506      -1.74344610E-02 -4.60295276E-02 -1.44600308E-02
      0.0549110       0.0518624      -0.0029636      -1.58191150E-02 -4.42158715E-02 -3.63670425E-03
     -0.0019912      -0.0551366       0.0516691       2.25478871E-02  1.77563302E-03 -1.44288550E-02
     -0.0260899      -0.0673714       0.0222283       4.00498915E-02  1.89580822E-02 -4.02971276E-03
      0.0064651      -0.0752537      -0.0029617      -2.41573830E-02  2.68923848E-02  4.98249811E-03
      0.0457552      -0.0386381       0.0461222      -2.16936662E-02  1.02268737E-02 -2.57666063E-02
      0.0322588       0.0547481       0.0409355      -2.83806347E-02 -1.98051881E-02 -4.20124704E-02
     -0.0221002      -0.0716855       0.0092998       1.80256528E-02  3.31909441E-02 -2.01008507E-03
     -0.0196232      -0.0612298       0.0397436       7.72345917E-03  1.16095827E-02  1.00515366E-02
      0.0575395       0.0146120       0.0467910      -2.75807055E-02  7.95003108E-03 -2.12733112E-02
      0.0699147      -0.0277000      -0.0076396      -2.24373875E-02 -6.90239615E-03 -8.38867727E-03
      0.0213580      -0.0606947      -0.0396697      -1.75450202E-03 -4.17059872E-03  1.62663662E-02
      0.0682433       0.0193514      -0.0261170      -1.52287166E-02  1.73048652E-02  1.71841740E-02
     -0.0362974       0.0076109       0.0658656       1.23145570E-02 -1.81031296E-02 -7.50405558E-02
      0.0646022      -0.0304325      -0.0247815      -1.11945537E-02  5.95670422E-03  4.73256904E-02
# Displacement: 15,  E_pot (hartree): -29718.643859196
      0.0545873       0.0497890      -0.0159680      -9.55778629E-03  2.60911184E-03  6.99708868E-03
      0.0745923      -0.0077946      -0.0094310      -6.80037101E-03 -6.12825322E-03  3.97796024E-03
     -0.0447663      -0.0609009       0.0008723       1.60594354E-04  1.42912305E-02 -9.72053782E-03
      0.0123183       0.0157997       0.0728858       6.03572456E-04 -4.63652894E-03 -1.88821707E-02
      0.0228712      -0.0710113      -0.0121655       3.33947163E-03  9.95798243E-03  3.36026351E-03
     -0.0127458       0.0591693       0.0452797       1.13218708E-02 -1.22237065E-02  4.42101320E-03
      0.0076364      -0.0161179       0.0734548       1.91509990E-03 -3.82533102E-03 -7.90657098E-03
     -0.0165710      -0.0434133       0.0596187       7.32319946E-03  1.87058038E-02 -9.11921498E-03
     -0.0487508       0.0405760       0.0411174       6.51528819E-03 -5.39790259E-03 -4.35127878E-03
     -0.0453419      -0.0163845       0.0582182       1.17747050E-02  3.15999089E-03  6.05530682E-03
      0.0467196      -0.0117475       0.0582493       1.22864746E-03  6.41288075E-03 -3.07493514E-02
     -0.0035845       0.0116457      -0.0746005      -2.78280575E-04  6.09559737E-03  1.77415517E-02
     -0.0630716       0.0363647       0.0203294       3.26407092E-03 -3.56454732E-03 -7.76683824E-03
      0.0719396       0.0221767       0.0068265      -1.05615717E-02 -1.63512304E-02 -1.16944751E-02
      0.0115962       0.0597858      -0.0447762      -2.16930594E-03 -7.29300076E-03  1.88720166E-02
      0.0560536       0.0145124      -0.0485910      -5.74305141E-03  1.30942081E-03  8.07755822E-03
     -0.0017929       0.0452797       0.0604998       5.57295485E-03 -3.73103595E-03 -1.68948398E-02
      0.0694555       0.0278349       0.0107174      -8.61581170E-03 -1.63443458E-02  8.02585581E-03
     -0.0688220      -0.0078648       0.0302555      -1.02609821E-03  4.14951252E-03 -9.02714944E-03
      0.0597808      -0.0224449       0.0404496      -2.61446922E-02  1.05858230E-02 -4.40125162E-03
     -0.0121794       0.0422070      -0.0615137       8.44738652E-03  3.29593970E-03  1.13934828E-02
     -0.0308557      -0.0615157      -0.0312640       9.23793279E-03  4.02786845E-03 -3.51012180E-03
      0.0483255      -0.0310684      -0.0491233      -1.18157102E-02 -2.44763081E-03  7.51736299E-03
     -0.0097039      -0.0376466      -0.0648249      -4.89747004E-03  9.70857372E-03  1.43907580E-02
      0.0365334      -0.0429353       0.0503546      -1.67697786E-02  9.58039360E-03 -9.48878823E-04
     -0.0055402      -0.0160420       0.0736591      -4.94146348E-03  6.07304256E-03 -1.67439120E-02
     -0.0076450       0.0746359      -0.0092048       2.11852806E-03 -1.58710162E-02  4.43533098E-03
      0.0300244      -0.0689430       0.0076881      -1.07893718E-02  9.65303589E-03  1.86622220E-02
     -0.0050294      -0.0131851       0.0742600       1.18677850E-03 -7.17808782E-03 -4.67256085E-02
      0.0359065       0.0647438       0.0152529      -9.76605100E-03 -2.07471929E-02 -1.95935313E-03
      0.0472414      -0.0087862      -0.0583502      -1.00566619E-02  5.82770982E-03  3.62552039E-02
      0.0755463       0.0009304       0.0023626      -1.24519093E-02  5.25939865E-03 -3.84732706E-03
      0.0595706       0.0437801      -0.0157590      -1.11218100E-02  2.50658013E-03  1.37273045E-02
      0.0577369       0.0478330       0.0095996      -8.52227147E-03 -1.78012074E-02 -1.21391568E-03
      0.0219878      -0.0518692      -0.0503967      -4.61353265E-03  7.92355853E-03  3.04452662E-02
     -0.0390685       0.0185239       0.0620018       9.30141682E-04 -2.09153200E-03 -3.24557065E-02
     -0.0527943      -0.0516702      -0.0160208       8.58454014E-03  1.26128840E-02 -9.41232925E-03
     -0.0038246       0.0668127      -0.0351445      -6.35867765E-03 -1.02623150E-02  3.75965077E-02
     -0.0022365       0.0752140       0.0071792      -2.69624621E-03 -1.53782685E-02 -3.33613629E-03
      0.0699192      -0.0100861       0.0268939      -6.88310396E-03 -3.65171385E-03 -1.76173542E-03
     -0.0069113       0.0449542       0.0603743       2.23927470E-03 -9.41979684E-04 -5.08943811E-02
      0.0381553       0.0238615      -0.0607331      -2.20807042E-03 -3.20141753E-05  4.65231054E-02
     -0.0676253       0.0309158      -0.0135916       9.13155804E-03 -1.28278302E-02  2.80858499E-02
     -0.0681411      -0.0179948       0.0273253       5.13938955E-03 -4.39754287E-04  6.20977690E-04
     -0.0484749       0.0577661      -0.0051938       5.00472310E-03 -1.08407358E-02 -2.28918434E-02
      0.0121446       0.0475932      -0.0574551      -1.65157630E-03 -5.26308150E-03  5.73358316E-02
      0.0659714      -0.0104272      -0.0353945      -6.27254262E-03  1.09242413E-02  1.41331399E-02
     -0.0258099      -0.0696364      -0.0140829       5.96942007E-03  5.81749567E-03 -1.69887979E-02
     -0.0015757      -0.0578726      -0.0486001       4.34004081E-03  1.32239125E-02  3.30786574E-02
      0.0293737       0.0561689       0.0411818      -4.18289943E-03  4.29388849E-03 -3.30330856E-02
     -0.0386972       0.0127482       0.0636687       3.85631572E-03  3.28854082E-03 -2.80457836E-02
      0.0584783       0.0475255       0.0059441      -9.02664087E-03 -7.09908787E-03 -3.14729935E-03
      0.0308397       0.0111921      -0.0680982      -5.91793675E-03 -5.27509672E-03  1.13730732E-02
      0.0052385      -0.0729493       0.0190959       1.43214361E-04  1.68035147E-02  6.02465859E-03
     -0.0476192      -0.0120524       0.0574531      -2.20350278E-03  7.61719229E-03 -1.21924167E-02
      0.0180367      -0.0339200      -0.0650985      -1.13022585E-03  1.87095359E-02  1.60990018E-02
      0.0718878       0.0215220      -0.0090910      -7.15526905E-03 -3.06373053E-02  5.38971398E-04
      0.0712596      -0.0180746       0.0175803      -2.59942512E-02  5.95198558E-03  7.30383265E-03
      0.0459419      -0.0421239      -0.0427623      -8.27478971E-03 -6.14686642E-05  4.93322291E-03
      0.0117691      -0.0164110       0.0728415      -5.34102316E-03 -3.85938934E-03 -1.28967382E-02
     -0.0664673      -0.0164140       0.0320373       6.85561931E-03 -2.93700012E-03  8.90231043E-04
      0.0706581       0.0148110       0.0224001      -8.47174461E-03 -5.42707041E-03 -4.29754832E-03
      0.0301972      -0.0410947       0.0557949      -8.26464556E-03  3.24385506E-02 -1.31580080E-02
     -0.0323337      -0.0677787       0.0086187       4.16919946E-03  2.19278412E-02 -6.86254207E-03
      0.0061444       0.0751621       0.0051584      -4.36040389E-03 -4.45292586E-02  1.16683384E-02
      0.0499156      -0.0458336      -0.0334876      -1.84838518E-02  1.13791801E-02 -4.01068971E-03
     -0.0503947      -0.0477643      -0.0298771       1.25907350E-02  2.46425646E-02  5.09323223E-03
      0.0315612      -0.0407103       0.0553196      -6.09869893E-03  3.35962643E-02 -1.08625095E-02
     -0.0382993       0.0596491       0.0262461       1.03622668E-02 -3.10009586E-02 -6.22052260E-03
     -0.0751330      -0.0030595       0.0077054       1.18858659E-02 -1.73091850E-02  1.81328423E-03
     -0.0216703      -0.0556534      -0.0463337      -1.24895373E-03  2.23121351E-02  9.32863241E-03
      0.0073730      -0.0274870       0.0700273      -4.22006454E-03  1.74033273E-02 -1.35729259E-02
     -0.0256031       0.0337671       0.0625936       2.78837123E-03 -2.71825891E-02 -8.59823356E-03
      0.0032115       0.0469030       0.0591904      -2.83341911E-03 -5.04609998E-03 -1.49075949E-02
     -0.0237934       0.0402325      -0.0594047       8.82927707E-03 -2.60753934E-02  6.11086072E-03
     -0.0140392      -0.0694488      -0.0263336       1.25068188E-03  1.73791914E-02  5.97801504E-03
     -0.0502823       0.0562085      -0.0050992       8.42388943E-03  2.80774476E-03 -1.30696728E-04
      0.0517619       0.0525267      -0.0165943      -9.25364433E-03  7.40953374E-05  2.31368179E-03
     -0.0302681       0.0474065      -0.0504992       5.73656774E-03 -6.98847358E-03  1.67061918E-02
     -0.0130903       0.0727991      -0.0155763      -1.04155546E-03 -2.85287980E-02 -6.03595542E-03
      0.0653916       0.0377658       0.0033750      -8.17578203E-03  2.57414846E-03  1.87680718E-03
     -0.0711706      -0.0235901      -0.0095898       2.22318330E-02  2.07426009E-03  4.89793049E-03
     -0.0684136       0.0177615      -0.0267921       2.79235374E-02 -3.61466972E-04 -2.55546878E-03
      0.0332263      -0.0672508       0.0093308      -1.09237716E-02  1.18451431E-03 -7.70369900E-04
     -0.0506416      -0.0456033      -0.0327028       8.81586589E-03  6.63362354E-03  1.04361336E-02
      0.0180715       0.0007733      -0.0733930      -8.75559185E-03  5.33008849E-03  8.98391653E-03
      0.0381995      -0.0265740      -0.0595677      -1.40753050E-02  1.37847763E-02  9.11297170E-03
      0.0563478       0.0032008       0.0502830      -2.38407769E-02  2.04346049E-04 -7.42285567E-03
     -0.0472240       0.0542979       0.0231376       1.62673910E-02 -1.12607129E-02 -6.73876135E-03
      0.0024123      -0.0077452       0.0751526       6.50061120E-03  4.43491049E-03 -1.09076026E-02
     -0.0289228       0.0693721      -0.0080422      -4.75251175E-03 -1.45238571E-02 -8.65020568E-04
      0.0697188       0.0016932       0.0291571      -4.26091004E-02 -3.86989102E-03 -5.08099247E-04
      0.0065803       0.0750496       0.0061605       8.30948264E-03 -1.91782397E-02 -5.81497139E-03
      0.0287511      -0.0680124       0.0161676      -3.96960383E-03  1.37126623E-02  3.92354492E-03
     -0.0468915      -0.0569091      -0.0166203       1.16014618E-02  8.26071789E-03 -1.62632530E-03
     -0.0054203      -0.0704608      -0.0268252      -2.19897399E-03  2.02580628E-02  8.95300008E-05
      0.0080040       0.0713847      -0.0235345      -1.71676434E-02 -1.94834263E-02  4.61576458E-04
     -0.0040848       0.0745240      -0.0119666       9.42602951E-03 -1.06086682E-02  1.10104910E-02
     -0.0181197      -0.0707059      -0.0196480      -1.36674681E-02  8.12954315E-03 -4.92204527E-03
     -0.0414220       0.0144591       0.0615537       5.38668360E-03 -4.13549614E-03 -7.21538677E-03
     -0.0560194      -0.0161455       0.0481130       2.92180333E-02  6.46134323E-03 -8.25368485E-03
     -0.0185750      -0.0695251       0.0231290       1.28792028E-03  1.45630345E-02 -9.63728812E-03
      0.0055367      -0.0718537      -0.0228057      -1.41135464E-02  7.90087385E-03  5.57431172E-03
     -0.0088489      -0.0297041      -0.0689425       6.29955064E-03  9.89487436E-03  8.56667435E-03
     -0.0533506       0.0401634      -0.0354164       4.23472080E-02  1.98317173E-03  3.06242074E-03
     -0.0590397       0.0466908       0.0069289       3.64271111E-02 -1.00196538E-02  3.66510378E-03
     -0.0327937       0.0678899       0.0054092      -1.59247090E-02 -1.22200148E-02  1.00526127E-03
     -0.0580966      -0.0150525      -0.0459555       2.67500508E-02 -4.35477647E-03  3.69803440E-03
     -0.0745214      -0.0033744       0.0122020       5.03287310E-02  2.88211410E-04 -1.40330802E-02
      0.0086804      -0.0616394      -0.0428830      -5.43037041E-03  2.55752949E-02  3.32039586E-02
      0.0518871      -0.0520944      -0.0175384      -1.03967377E-02  5.71255086E-02  4.81090448E-03
      0.0267001       0.0427281       0.0563481       2.43398642E-02 -2.14450797E-02 -4.49366050E-02
      0.0454133       0.0214524       0.0564901       3.27190552E-03 -1.84484101E-02 -1.36816717E-02
      0.0039601       0.0753451       0.0045978       6.22952501E-03 -3.96263463E-02  7.39696684E-03
     -0.0465829      -0.0421262      -0.0420610       2.31351752E-02  2.53887841E-02  2.32879121E-02
      0.0694330      -0.0297822      -0.0024027      -2.27832953E-02  5.34296965E-03 -2.77434056E-02
     -0.0659335       0.0231375      -0.0288295       3.62521548E-02 -9.86333034E-03  3.74687629E-02
      0.0316470       0.0347720      -0.0591868      -3.15642318E-02 -3.27688670E-02  3.21720419E-02
     -0.0706666       0.0032405       0.0266351       3.20821688E-02  2.26878465E-03 -3.06309044E-02
     -0.0678107       0.0332263      -0.0033802       2.31407537E-02  1.86861621E-02  3.53619339E-03
      0.0532955      -0.0535311      -0.0027792      -7.50192005E-03  9.75712754E-03 -2.71774417E-03
      0.0018769      -0.0356732      -0.0666154       1.67572745E-02 -3.97646811E-03  4.33845220E-02
     -0.0028424       0.0747965       0.0105412      -1.24355710E-02 -2.77036091E-02 -3.20221934E-02
     -0.0390162      -0.0619674       0.0187474      -7.91223155E-03  3.58849628E-02 -1.83592633E-02
     -0.0076890       0.0160731       0.0734591       1.25974678E-02  1.18372939E-02 -4.75761601E-02
     -0.0170494       0.0263253      -0.0687749       4.71331248E-03  1.08397101E-02  5.35418469E-02
     -0.0184289      -0.0289746       0.0673390      -1.61058592E-03  2.21023516E-02 -6.41490544E-02
      0.0064883       0.0752918      -0.0016540      -1.03653105E-02 -2.49197088E-02  3.90810853E-03
      0.0573936      -0.0291004      -0.0396592      -1.81464103E-02 -1.67538424E-03  2.88014616E-02
      0.0720360       0.0076490       0.0215876      -1.75561835E-02 -1.40832765E-02 -4.13706295E-02
      0.0429539       0.0596270      -0.0177002      -1.34713186E-02 -2.22592596E-02  2.55149639E-02
     -0.0677414       0.0280186       0.0184327       1.04091384E-02 -3.00092677E-02  4.80164978E-03
     -0.0203087       0.0725602      -0.0060234      -9.33020367E-03 -1.54704604E-02  8.88374671E-03
      0.0036510       0.0202266      -0.0727411       1.96905035E-02  2.78960851E-02  2.30712079E-02
      0.0161729      -0.0340233       0.0655329      -2.90860458E-02  1.47773500E-02 -2.24189322E-02
# Displacement: 16,  E_pot (hartree): -29718.643091868
     -0.0445253      -0.0596351      -0.0132234       6.20547625E-03  8.81229467E-03  1.77700912E-02
     -0.0407015       0.0620169      -0.0145259       8.52401919E-04  9.31929336E-04  1.32554248E-03
     -0.0498960      -0.0521174       0.0225361       1.07254453E-02  1.05433384E-02 -1.28042013E-02
      0.0617910      -0.0093690      -0.0425181      -1.00711787E-02  7.92153626E-04  9.79806639E-03
      0.0426315       0.0103027       0.0615638      -1.86321846E-02  4.51966793E-03 -2.00155737E-02
     -0.0106655       0.0536447       0.0521748      -6.79521344E-03 -7.19454662E-03 -1.84947464E-03
     -0.0004533      -0.0476633       0.0586662       8.11287043E-03  1.05199111E-02  1.75271612E-03
      0.0205919       0.0721678       0.0090264      -1.03952274E-02 -2.27891147E-02 -1.75806469E-03
      0.0527546      -0.0066205       0.0537292      -4.85198736E-03  2.82655391E-03 -1.70121316E-02
     -0.0730634      -0.0180485      -0.0070481       2.10696639E-02  5.91510954E-03  1.04005720E-02
     -0.0636443       0.0200637      -0.0355042       1.54245676E-02 -6.99475486E-03  1.09851337E-03
     -0.0132618      -0.0279166      -0.0689818       1.25420851E-02  3.80693883E-04  3.52512449E-03
     -0.0225810      -0.0341804      -0.0635255       9.48595460E-03  1.03006578E-02  7.80922798E-03
     -0.0480452       0.0544939       0.0208751      -4.80931243E-05  1.62492273E-03 -4.91205617E-03
     -0.0034489      -0.0509917      -0.0556924       1.83273564E-03  1.43017161E-02  9.95774790E-03
      0.0349155      -0.0177516      -0.0646489      -6.32730214E-03 -2.33607730E-03  2.49027911E-02
      0.0236476       0.0291359       0.0656169      -1.27121441E-02 -7.03141423E-03 -1.81092750E-02
     -0.0056710       0.0479463      -0.0581609      -2.99259013E-03 -6.18054033E-03  3.82058360E-03
      0.0232800       0.0604217       0.0389996      -1.53330157E-02 -4.86421436E-03 -1.06369605E-02
      0.0047498      -0.0413907      -0.0630711      -5.42649492E-03  9.22672220E-03  2.38846563E-02
      0.0276826      -0.0327557       0.0622450      -1.39099852E-02  7.36067230E-03 -1.40267417E-02
      0.0705932       0.0148346      -0.0225883      -2.06660038E-02 -1.80006043E-03  2.74221334E-03
     -0.0288798      -0.0439548      -0.0542922       1.84517624E-02  1.04220035E-02  1.42332645E-02
      0.0264023       0.0703617      -0.0081151      -2.34534757E-03 -1.67154857E-02  3.38337919E-04
      0.0741555      -0.0014104       0.0145831      -1.95348469E-02  1.11619011E-03 -2.10345690E-03
     -0.0679978      -0.0290749      -0.0156419       2.33351349E-02 -2.09049419E-03  7.66785288E-03
      0.0563804       0.0499400      -0.0063975      -1.18652023E-02 -6.44271016E-03 -1.77376712E-03
     -0.0581784      -0.0360036      -0.0321361       1.63876152E-02 -4.54316917E-04  3.55923494E-03
      0.0239084       0.0176208      -0.0695098      -5.11535949E-03 -4.44539266E-03  4.56583270E-02
     -0.0432261       0.0273708      -0.0556422       1.15074148E-02 -1.21287903E-02 -6.14404879E-03
      0.0727508       0.0125963      -0.0161972      -1.16587693E-02 -1.22620831E-03 -8.21638469E-03
     -0.0273246       0.0471093      -0.0524195      -1.34073366E-03 -1.19326538E-02  4.39114981E-02
     -0.0460920       0.0598880      -0.0016334       1.14275898E-02 -5.98595831E-03 -1.24932205E-02
     -0.0161493       0.0641498      -0.0365747       2.02685571E-03 -6.70286835E-03  5.15589813E-02
     -0.0593190       0.0056896       0.0465037       1.49639389E-02  7.69142567E-03 -1.57415635E-03
      0.0468648      -0.0239720       0.0542469      -1.15236513E-02  1.06245866E-02 -5.53140584E-02
      0.0552836      -0.0270650      -0.0438738      -1.65604400E-02  5.70005960E-03  4.24172938E-02
      0.0290742       0.0263709      -0.0645986      -6.35333575E-03 -4.02688695E-03  3.34546153E-02
     -0.0493629      -0.0568434       0.0067709       2.87351455E-03  1.54158435E-02 -3.21402354E-02
     -0.0640798      -0.0040751       0.0398858       8.98806922E-03 -3.22643879E-04  1.11358621E-03
     -0.0666657       0.0341164       0.0102691       7.69628064E-03 -2.90260051E-03  1.31146574E-02
     -0.0124423       0.0745186      -0.0024233      -4.99958165E-03 -1.04174271E-02 -1.83196249E-02
     -0.0656195       0.0176857      -0.0330908       5.71073749E-03 -3.22871131E-04  8.28240196E-03
      0.0373980       0.0517625      -0.0404445      -3.63689109E-03 -7.89166096E-03  1.11570102E-02
     -0.0199739       0.0587778       0.0431268       8.48656111E-03 -5.19681611E-03 -1.53647860E-02
     -0.0272231      -0.0668181       0.0225379       5.13786454E-03  9.36137719E-03 -1.25624943E-02
      0.0643635      -0.0389402       0.0073972      -1.19457628E-02  6.92688597E-04  1.60408389E-02
      0.0078643       0.0714226       0.0234661      -1.56081150E-03 -1.85641257E-02 -6.94338477E-03
     -0.0043342      -0.0753628       0.0039201      -7.94980691E-03  1.23458006E-02 -2.32097585E-02
      0.0753296       0.0047222       0.0041062      -8.29231636E-03  4.36346516E-03  3.98961453E-02
     -0.0278148      -0.0677089       0.0188559      -2.14034447E-04  1.64388761E-02 -1.55608415E-02
     -0.0536050      -0.0274736      -0.0456661       8.79296645E-03  7.56498651E-03  1.51631651E-04
      0.0420794      -0.0305914      -0.0548380      -2.63876003E-03  4.52462909E-03  5.74914490E-02
      0.0283114       0.0004154       0.0700857      -6.48446415E-03  4.55774761E-03 -3.61238094E-02
     -0.0474225      -0.0561189       0.0177620       5.59231871E-03  1.93340189E-02 -8.35655019E-03
      0.0232914      -0.0631311       0.0344336      -5.88953089E-04  1.34761374E-02 -2.55139457E-03
      0.0755250       0.0017852      -0.0025465      -1.36679720E-02 -8.04627429E-03 -2.03929465E-03
     -0.0734860      -0.0132641      -0.0117296       1.77810041E-02 -5.08866267E-03 -4.37996263E-03
     -0.0464687      -0.0201117      -0.0561238       1.02744591E-02 -2.78395722E-03  1.42233971E-02
     -0.0338495       0.0649403       0.0187268       6.88378116E-03 -1.29475569E-02 -1.14116088E-02
     -0.0283975       0.0143061      -0.0685757      -4.67612295E-04 -3.73097892E-03  1.15536423E-02
      0.0186431       0.0023221       0.0732171       2.92960268E-04  5.62590504E-03 -9.51129611E-03
     -0.0632709       0.0085721      -0.0404601       1.22301603E-02  1.29511148E-02  1.68624504E-03
     -0.0332157       0.0545899       0.0403776       7.06626049E-03 -1.71803761E-02 -5.66840184E-03
     -0.0654599       0.0376460      -0.0033882       2.45188363E-03 -3.66822102E-03 -2.90021729E-03
     -0.0158052       0.0658306       0.0336190      -5.07215063E-03 -2.19147864E-02 -1.12812782E-02
      0.0497865      -0.0253969       0.0508919      -9.04239014E-03  8.13322446E-03 -1.53437645E-03
     -0.0176795      -0.0008622       0.0734874      -5.25449407E-03  1.57492643E-02 -1.05443862E-02
     -0.0143950       0.0734864      -0.0103076      -4.60446358E-03 -2.27522018E-02 -6.21343979E-03
      0.0632582       0.0409878       0.0056653      -4.31278153E-03 -1.36480876E-02  2.71643388E-03
      0.0519915      -0.0512840      -0.0195077      -7.06836966E-03  1.65248870E-02  6.20724058E-03
     -0.0513342      -0.0333872      -0.0443148       4.92755693E-03  2.90978440E-02  1.82621175E-03
      0.0208657       0.0726056       0.0025990      -4.70215363E-03 -2.23734436E-02 -4.21921651E-03
     -0.0318725      -0.0601189       0.0329174       8.90096712E-03  9.57971872E-03  2.93018799E-03
     -0.0631404      -0.0062097      -0.0410904       1.63647470E-02  9.38232547E-04  8.38245360E-03
      0.0228344       0.0548047      -0.0467841      -7.31038647E-03 -2.91285125E-02  8.59524348E-04
      0.0531783       0.0408001       0.0349448      -9.09138938E-03 -2.12189487E-02  8.73334850E-03
     -0.0164796      -0.0499681      -0.0542706      -3.71588191E-03  9.47734567E-03  5.51584880E-03
      0.0555880      -0.0379520      -0.0343997      -1.76551443E-02  1.95490175E-02 -4.70654676E-04
     -0.0733391       0.0059572      -0.0173082       1.07156314E-02  6.11438636E-03  7.16248694E-03
     -0.0362673       0.0527617      -0.0401818       3.23792342E-03 -2.16601372E-02  7.74445093E-03
      0.0616549      -0.0213223      -0.0381804      -6.71498751E-03 -5.57592053E-03 -4.16821014E-04
     -0.0325844       0.0493972       0.0470306       9.59467786E-03 -1.51576137E-02 -3.21952245E-04
     -0.0055987       0.0721324      -0.0218921       5.44894636E-03 -2.35924450E-02 -2.10884535E-03
     -0.0505334      -0.0114417       0.0550378       1.79469096E-02  2.60689236E-03 -1.38268214E-02
     -0.0367569       0.0455918      -0.0477915       2.53686971E-02 -1.97004847E-03  1.16216825E-02
     -0.0267662      -0.0075712       0.0702849      -1.20602890E-02  8.01660058E-03 -1.07841829E-02
     -0.0399594       0.0038911      -0.0640454      -3.00141551E-03  6.27160637E-03  1.28461979E-02
      0.0502648      -0.0276882       0.0491987      -5.25669513E-03  7.53625269E-03 -7.74454044E-03
     -0.0554350      -0.0333272      -0.0391146       1.74783130E-02  1.50054910E-02  7.56031597E-03
      0.0175846      -0.0734058       0.0040111      -1.43750422E-02  1.10979596E-02  9.61969764E-04
     -0.0168114       0.0213279       0.0705422      -1.09617699E-02 -4.41461670E-05 -1.30558478E-02
     -0.0274167       0.0205935      -0.0673641      -8.51980135E-03  9.17992498E-04 -2.86115594E-03
     -0.0521626      -0.0430493       0.0337566       2.09920549E-02  2.82590721E-04 -8.35487666E-03
     -0.0366453       0.0644863       0.0145716       1.34853115E-02 -1.29183992E-02  5.27155370E-03
     -0.0231895       0.0046987      -0.0717904      -1.24953094E-02  1.50973434E-03  1.89323369E-03
     -0.0269610       0.0164035      -0.0686858       4.41241001E-03  1.60682735E-03  1.00182930E-02
      0.0544021       0.0050939       0.0522320      -1.29428697E-02 -3.95305674E-03 -5.04551905E-03
      0.0603491      -0.0184047       0.0416289      -2.17922364E-02  5.28010103E-03 -6.89218933E-03
      0.0196155      -0.0588359       0.0432120       5.83257060E-03  7.76407170E-03 -8.35962436E-03
     -0.0293993       0.0128527      -0.0684412       1.16675195E-02 -5.94094914E-04  1.23591584E-02
     -0.0414019      -0.0617647      -0.0135912       5.97007747E-03  9.53871029E-03  5.43174932E-04
     -0.0014103      -0.0536801      -0.0531994      -2.19957870E-02  1.03013585E-02  8.03493682E-03
      0.0589145       0.0134965       0.0453940      -2.68510728E-02 -7.44027957E-03  5.51895146E-03
     -0.0596632      -0.0458084       0.0074568       2.73851314E-02  1.23258312E-02 -5.94562527E-03
     -0.0350426       0.0460657       0.0486177       1.22469024E-02  1.11124605E-03 -1.11515434E-02
      0.0130587      -0.0213726      -0.0713189      -1.32807585E-02  3.63229897E-03  1.14455242E-02
      0.0414689      -0.0313270      -0.0548875      -1.04151201E-02  4.73351283E-03  8.44494402E-03
      0.0527605      -0.0352737      -0.0410585      -4.95023044E-02  1.52609639E-02  1.54844315E-02
      0.0300392       0.0569140       0.0396501      -2.52868150E-02 -1.49640446E-03 -4.64477455E-02
      0.0012356      -0.0543975      -0.0524699       2.12478195E-03  3.71476497E-02  1.92891724E-02
     -0.0123959      -0.0330236      -0.0668543       2.54693336E-03  2.10709445E-02  2.99128363E-02
     -0.0618707      -0.0011093       0.0434108      -1.32228423E-03  2.88342507E-02 -5.68095949E-02
      0.0201348       0.0505438      -0.0524748      -1.65088977E-03 -1.43853577E-02  3.08232673E-02
     -0.0329942       0.0416501       0.0537621       1.49310375E-02 -2.93218170E-02 -5.95427763E-02
      0.0230196       0.0694393      -0.0190261      -1.95122379E-02 -2.02044159E-02  2.17569418E-02
      0.0393511       0.0643854       0.0044404      -7.64137655E-03 -3.73692380E-02  1.81802738E-02
     -0.0352272       0.0228398       0.0628576       5.87765527E-03 -7.05274380E-03 -5.08522409E-02
     -0.0593842      -0.0446811      -0.0138142       4.41903929E-02 -8.12833430E-03 -8.74015703E-03
     -0.0034824       0.0154484      -0.0739115       1.23234397E-02 -1.23165267E-02  4.69587304E-02
      0.0209092       0.0074197       0.0722596      -6.68221950E-03  9.82651886E-04 -4.02877399E-02
     -0.0266975      -0.0280937       0.0648976       7.05069203E-04 -6.27800317E-03 -2.60715484E-02
     -0.0317153      -0.0082158      -0.0681200       7.24914589E-03  7.66597755E-03  4.10065858E-02
      0.0522892       0.0440637      -0.0322171      -4.35507284E-02 -4.39282264E-03  7.94160317E-03
      0.0169980      -0.0729638      -0.0100523       1.68192535E-02  2.19691630E-02 -1.20243914E-02
     -0.0598727       0.0055015       0.0458116       3.51516608E-02 -2.16014793E-03 -4.57115991E-03
     -0.0723680      -0.0218038       0.0010772       2.79507928E-02  3.08188277E-02  1.43776142E-02
      0.0078735       0.0177941       0.0730416      -1.10988425E-02  9.62493517E-03 -3.79798871E-02
      0.0239181      -0.0565525       0.0440847      -8.82057807E-03  3.91766662E-02 -1.78633953E-02
      0.0046260       0.0190731      -0.0729968       1.55654989E-02 -2.16460450E-02  6.27813503E-02
     -0.0315051      -0.0001608       0.0687103       6.66286566E-03  1.16833503E-02 -6.26121056E-02
     -0.0230565       0.0671712       0.0258868       1.06628223E-02 -3.14349532E-02 -9.89548179E-03
     -0.0596093       0.0464570      -0.0014773       3.34019330E-02 -2.31312427E-02 -9.93867785E-03
      0.0315885       0.0309714       0.0612915      -1.06971375E-02 -2.11114084E-02 -6.55310797E-02
      0.0642407      -0.0104535      -0.0384390      -3.15857176E-02 -4.42333426E-03  4.26789239E-02
# Displacement: 17,  E_pot (hartree): -29718.649925548
      0.0236527      -0.0284050      -0.0659348      -1.62862128E-02  9.86862283E-03  1.18785598E-02
     -0.0713019       0.0240578      -0.0071388       6.08230730E-03  2.36157452E-03 -5.84876163E-04
      0.0328233       0.0386697      -0.0560445      -1.48368426E-02 -1.05174271E-02  9.69141656E-03
      0.0233383       0.0617292      -0.0368584      -1.35200502E-02 -1.33436601E-02  1.09040461E-02
     -0.0150615      -0.0065582      -0.0737825       7.57632803E-03 -4.40539389E-04  5.66058530E-03
      0.0211489      -0.0224336      -0.0690156      -5.36910072E-04 -1.91216954E-03  3.98251660E-03
      0.0225510       0.0189423      -0.0696156      -1.16942337E-02 -1.15826339E-02  2.52562653E-02
     -0.0059627       0.0610674       0.0441464       3.72129960E-03 -1.32488403E-02 -5.37112378E-03
      0.0085632       0.0125690       0.0740432      -1.40664460E-02  7.54987792E-03 -2.65060275E-02
     -0.0020235       0.0326784       0.0681303       2.28013405E-03 -1.24369809E-02 -1.55017918E-02
      0.0448991       0.0431830      -0.0428138      -4.65173667E-03 -1.21015348E-02  1.14875748E-02
      0.0064024       0.0237085      -0.0714886       5.39278299E-03 -9.28356779E-03  1.86257568E-02
     -0.0046876       0.0470831      -0.0589484      -6.47229704E-05 -5.67183193E-03  1.84463616E-02
     -0.0242828      -0.0487040       0.0524590      -4.85679822E-03  1.48312942E-02 -1.20901114E-02
      0.0743133      -0.0074595       0.0116449      -1.82295507E-02 -1.43182685E-03 -7.64495735E-03
     -0.0624455       0.0419279       0.0075034       1.36399733E-02 -8.63410403E-03 -3.08241490E-04
     -0.0626289      -0.0414652      -0.0084828       1.24803991E-02 -3.55920267E-03  4.76522331E-03
      0.0296129      -0.0624234       0.0306613      -3.84935468E-03  1.04952011E-02 -6.97541922E-03
      0.0191014      -0.0578892      -0.0446953       7.41104898E-03  1.70859669E-02 -3.61420966E-03
     -0.0267957      -0.0600544       0.0372715       1.20274063E-02  1.28027577E-02 -1.31379683E-03
     -0.0007494       0.0728424      -0.0201772       6.86510026E-03 -2.36561367E-02  7.54875992E-03
     -0.0582406       0.0281029       0.0391405       1.53570069E-02 -4.84003582E-03 -1.01288858E-02
     -0.0494333      -0.0278577      -0.0499401       5.38918511E-03  4.76516167E-03 -3.51221606E-03
     -0.0244792       0.0035596      -0.0714269       4.12312872E-03  2.29033720E-03  1.71974762E-02
      0.0131055       0.0139885       0.0731183      -2.12747041E-03 -1.39191761E-02 -1.60385309E-02
     -0.0136838       0.0638591       0.0380586      -1.44704596E-03 -1.78312419E-02  1.84094883E-03
     -0.0685891      -0.0300286      -0.0103699       1.48320413E-02  1.54669169E-02  2.01930860E-03
      0.0246128      -0.0669643       0.0249742       9.50082662E-04  2.38463163E-03 -2.08806259E-02
      0.0621406       0.0096968      -0.0419310       5.23436061E-04 -3.37175312E-03  2.70116266E-02
      0.0713409       0.0204796      -0.0143091      -4.25909407E-03 -9.07408026E-03  1.81254742E-02
     -0.0557887      -0.0421401      -0.0287323       5.27290852E-03  8.50818061E-03  2.47642361E-03
     -0.0615963      -0.0252646       0.0357953       8.89242751E-03  4.61195500E-03  1.57894515E-03
     -0.0297505      -0.0551768       0.0422391       9.40876526E-03  1.22700673E-02 -3.98689648E-02
      0.0628132      -0.0417714       0.0048307      -2.24370884E-03  9.44724440E-03  8.17524179E-03
      0.0319499      -0.0682237      -0.0061985       5.55076562E-04  8.11338095E-03 -7.05851016E-03
     -0.0401882      -0.0451138       0.0454242       4.71456920E-03  5.80832206E-03 -8.20482801E-03
      0.0066398       0.0484438      -0.0576437      -4.88317127E-03 -1.01204158E-02  3.60615383E-02
      0.0116060       0.0623618      -0.0411097      -3.80373334E-03 -1.06127036E-03 -2.46038331E-02
     -0.0487419       0.0155641      -0.0556389       2.84745038E-03 -9.72507354E-03  3.71921883E-02
      0.0198957       0.0218044       0.0695877      -3.92775551E-03  1.15754279E-03 -1.95795418E-02
     -0.0118258      -0.0510370      -0.0544893       1.40922975E-03  2.26182242E-03  1.09048802E-02
      0.0050097       0.0071205       0.0750860      -1.04145031E-02 -2.63041491E-03 -2.67361937E-02
      0.0149708      -0.0713506      -0.0199663      -7.32966967E-03  8.63051362E-03  1.53145770E-03
     -0.0247212       0.0399604      -0.0592094      -1.27578975E-03 -9.93470845E-03  3.05293063E-02
      0.0287012      -0.0404374      -0.0570505      -2.79740704E-03  1.36654597E-02  5.14536050E-02
      0.0442013       0.0507980      -0.0343440      -6.08519129E-03 -7.76872762E-03  3.54075568E-03
      0.0487492      -0.0570137       0.0093095      -9.08886844E-03  1.42782204E-02 -1.23702956E-02
      0.0290899       0.0280514       0.0638796      -4.90677251E-03 -2.22330364E-03 -1.70481889E-02
     -0.0588135      -0.0182322       0.0438435       8.08100155E-03  4.12647107E-03  1.14598330E-03
      0.0220340       0.0130959      -0.0711106      -2.38979921E-03  4.44491758E-04  2.72605583E-02
      0.0351201       0.0637389      -0.0204362      -2.61922080E-03 -9.75580929E-03 -2.41967466E-02
     -0.0243970      -0.0124556       0.0704511       7.88970461E-03  2.03177106E-03 -2.46737331E-02
     -0.0680487      -0.0300424       0.0134355       1.40862416E-02  6.27732963E-03 -1.35122182E-02
      0.0625942       0.0172611      -0.0387005      -9.94594170E-03 -5.32665704E-03  2.87198904E-02
     -0.0654064      -0.0175995       0.0335554       1.87433631E-02  2.19672098E-03 -4.03361700E-03
      0.0580191       0.0461014       0.0149045      -7.38986592E-03 -3.13173466E-02 -3.15577527E-03
      0.0309227      -0.0402456      -0.0560158      -4.60603548E-03  1.17170929E-02  1.24959848E-02
      0.0490118       0.0571177      -0.0070083      -1.41676472E-03 -2.96870098E-02  3.51357389E-04
     -0.0004424      -0.0511686      -0.0556352       6.01789032E-04  2.69288070E-02  8.64621256E-03
     -0.0114822      -0.0628377      -0.0404138       1.03071723E-02  2.49805584E-02  6.22981439E-03
     -0.0172115      -0.0624292       0.0389881       7.84224358E-03  1.71280957E-02 -6.47887374E-03
      0.0612018       0.0177550      -0.0406545      -2.42996435E-03 -3.08686383E-03  6.37966755E-03
     -0.0523812       0.0542996      -0.0046338       2.30751686E-03 -2.40531041E-02  4.29549071E-03
      0.0249142       0.0143632       0.0699048      -6.65630310E-03 -1.52021080E-02 -1.09054480E-02
     -0.0212935      -0.0570938       0.0447280       3.64865554E-03  4.69250590E-02 -1.55021522E-02
      0.0199247       0.0323987      -0.0653225      -3.57414551E-03 -5.19322001E-03  1.11794009E-02
      0.0664579       0.0107258      -0.0343805      -1.41618458E-02  3.31194553E-03  4.38605665E-03
      0.0024995       0.0515145      -0.0552604       1.75139292E-03 -1.72354706E-02  4.65190589E-03
     -0.0035178      -0.0148288       0.0740368      -6.69045825E-03  2.38284377E-02 -1.07722183E-02
     -0.0053475      -0.0000581      -0.0753997       9.35118707E-04  1.78534103E-02  1.05779563E-02
     -0.0135925       0.0688972       0.0279663      -1.16992508E-03 -2.17157607E-02 -7.68654756E-04
     -0.0065359      -0.0311655       0.0685544      -8.34476592E-03 -3.12208127E-03 -1.01025175E-02
      0.0096052      -0.0262684      -0.0702241      -3.17950745E-03 -1.17986093E-02  1.25589483E-02
     -0.0475620       0.0028446      -0.0586810       1.31868430E-02  1.86859802E-02  2.33904108E-03
      0.0293766       0.0546271      -0.0432041      -6.22106452E-03 -9.32540222E-03  8.81095825E-03
      0.0490055       0.0068253       0.0571452      -9.11309515E-03  4.82649034E-03 -7.50200307E-03
      0.0290267       0.0473095       0.0513126      -3.01870309E-03 -1.95055848E-02 -5.69680941E-03
     -0.0513621      -0.0512890       0.0210965       8.25252931E-03  2.79697821E-02 -1.33343714E-02
     -0.0697299      -0.0291791       0.0001413       6.93984782E-03  2.31683370E-02  7.82845798E-03
      0.0173486       0.0734260      -0.0046206      -1.58771913E-03 -2.86392453E-02 -7.46439250E-03
     -0.0736245       0.0084269       0.0149036       2.19819278E-02 -2.75538635E-03 -4.25937995E-03
     -0.0057614      -0.0748095       0.0091684       2.30511849E-02  1.02736137E-02 -1.00681181E-03
      0.0614902       0.0439357       0.0015199      -2.24971818E-02 -9.02869618E-03  6.21108294E-04
     -0.0162558       0.0361582      -0.0643585       2.56216223E-02 -4.92052853E-03  9.49530943E-03
     -0.0283145       0.0226569      -0.0663225       7.67276928E-04  8.33304973E-04  1.00892752E-02
      0.0072451       0.0644262       0.0388648       1.38959573E-02 -4.47883056E-03 -9.76614967E-03
     -0.0071603      -0.0618087       0.0429200       1.85048682E-02  9.87772874E-03 -1.12805592E-02
      0.0367813      -0.0658925      -0.0043603      -1.53165269E-02  2.02270756E-03  8.93079245E-03
     -0.0266489      -0.0680436       0.0193287       3.04698751E-02  1.78356251E-02 -4.56554054E-03
     -0.0232372       0.0692264       0.0195310       1.37060334E-02 -1.31192976E-02 -1.95246918E-03
      0.0620747      -0.0349558       0.0252694      -2.31690474E-02 -2.04389435E-03 -4.92457664E-03
     -0.0374789      -0.0238725      -0.0611485       4.05804958E-02  1.74011302E-03  3.02742882E-03
      0.0533595      -0.0514733       0.0147301      -2.26403750E-02  7.90774075E-03 -4.47385453E-03
      0.0610786       0.0329557      -0.0299507      -8.60747608E-03 -4.56527765E-04  3.36485340E-03
     -0.0241551      -0.0198097      -0.0688317       8.35624199E-03  2.81815041E-03  1.29666490E-02
      0.0103235       0.0417650      -0.0621515      -1.35960708E-02 -8.19355493E-03  9.85290804E-03
     -0.0148773      -0.0569287      -0.0474498       1.76192277E-03  1.26121489E-02  4.96667888E-03
      0.0473474       0.0588220       0.0034521      -2.56041963E-02 -3.97080161E-03 -5.59806530E-03
      0.0076167       0.0268360       0.0702534      -1.07584345E-02 -7.31961472E-03 -3.68263377E-03
     -0.0334660       0.0076230       0.0673470       9.46980735E-03 -4.91562978E-03 -1.33168718E-02
      0.0370529      -0.0020608      -0.0658524      -1.46963895E-02  6.65703194E-03  7.29120954E-03
     -0.0041674       0.0742926       0.0133021       3.59391189E-03 -7.83493225E-03 -5.27860546E-03
     -0.0243651       0.0235858      -0.0675557       1.50829596E-02 -3.96457708E-03  1.26216394E-02
      0.0615115       0.0150868      -0.0412604      -1.72966781E-02 -3.02442975E-04  5.44899605E-03
      0.0209284       0.0670685       0.0278841      -6.47645362E-03 -1.42493715E-02 -8.66759420E-03
      0.0055648       0.0340676       0.0672468      -3.71364376E-03 -4.00352403E-03 -7.01738629E-03
      0.0625638      -0.0005560      -0.0424165      -2.38587782E-02  1.44305402E-03 -1.06102428E-03
     -0.0421444      -0.0286237      -0.0558412       6.88241770E-03  6.07736658E-03  1.44788214E-02
      0.0266962      -0.0571512       0.0416503      -2.84359467E-02  2.56239436E-02  5.30260256E-04
      0.0248686      -0.0654804       0.0284180      -1.66456608E-02  3.24467425E-02 -2.63856942E-02
      0.0126236      -0.0432971       0.0606607      -1.57927302E-02  2.60856954E-03 -4.33380898E-02
     -0.0137044       0.0512688      -0.0538276      -2.17550210E-02 -2.39495493E-02  1.84130015E-02
     -0.0745706       0.0004211      -0.0123598       5.58436737E-03 -1.34287367E-02 -8.36516372E-03
     -0.0508719      -0.0186299      -0.0527132       1.14398432E-03 -1.82404707E-02  1.68543324E-02
      0.0670420       0.0015509       0.0348805      -2.36757944E-02 -5.25892091E-03 -1.19550885E-02
      0.0718786       0.0233915      -0.0000644      -1.31836548E-02 -1.83706783E-02  6.14961223E-03
     -0.0457363      -0.0460363       0.0387628       2.11803000E-02  2.65752449E-02 -1.09103443E-02
     -0.0165745      -0.0725396      -0.0133045       1.96183006E-02  3.08933238E-02 -1.10384541E-02
     -0.0118501      -0.0405830      -0.0626602      -9.39777123E-04 -8.80228288E-03  1.90412576E-02
     -0.0730881      -0.0109756       0.0158550       3.07793514E-02 -1.49656918E-02 -1.81223662E-02
     -0.0728242      -0.0084406      -0.0184148       1.57708119E-02 -8.36142567E-03  1.17089415E-02
     -0.0148445      -0.0556104      -0.0489983      -1.14440151E-02  9.97454562E-03 -2.13760435E-02
     -0.0591045      -0.0315722       0.0349794       3.17654932E-02  1.71971880E-02  1.77495235E-02
      0.0554013      -0.0214862       0.0467197      -5.89212812E-03 -2.14744802E-02 -1.44313950E-02
     -0.0340463      -0.0564543       0.0369792       2.30282395E-02 -8.62582140E-05 -1.48514388E-02
     -0.0347567      -0.0172805       0.0648619       1.71009042E-02  4.55338878E-03 -5.40233569E-02
     -0.0312744       0.0068061      -0.0684784       8.60898578E-03 -7.68435332E-03  9.10574813E-04
     -0.0142203       0.0742160      -0.0018619       1.46250032E-02 -2.17690528E-02 -1.20160024E-02
     -0.0197373       0.0403838      -0.0607723      -8.02875269E-03 -1.74339988E-02  3.67366207E-02
     -0.0481028      -0.0220008       0.0539979       3.95211551E-03  1.32823148E-03 -2.58056436E-02
     -0.0413964       0.0203360      -0.0598872       1.62177021E-03  1.82584131E-02  3.89607294E-03
      0.0034786       0.0066935      -0.0752116      -3.64518559E-02 -7.84353244E-03  4.58380783E-02
      0.0044869      -0.0550556       0.0515988       1.90347880E-02  1.51621674E-02 -8.55392484E-03
      0.0236951       0.0215690      -0.0684619      -2.04141035E-02 -8.04375297E-03  5.35785187E-02
      0.0256328      -0.0632168       0.0325621      -3.12775683E-02  2.67795485E-02 -5.82411625E-02
# Displacement: 18,  E_pot (hartree): -29718.642376081
     -0.0671032      -0.0014269       0.0347683       2.73838153E-02 -1.03454691E-02 -1.91477930E-02
     -0.0226785       0.0643770      -0.0324808       8.81704961E-03 -1.98524084E-02  1.32608701E-02
     -0.0733662      -0.0079236       0.0163806       2.27677277E-02  9.30920968E-03  5.02940164E-03
      0.0305646      -0.0388444      -0.0571892      -1.87158370E-02  1.45522642E-02  1.36184003E-02
      0.0108755      -0.0497926      -0.0558223      -1.15965738E-02  2.31346908E-02  6.84254430E-03
      0.0288102      -0.0684718       0.0139744      -1.71449431E-02  1.89900637E-02 -6.39056656E-03
      0.0250731      -0.0177844      -0.0690561      -5.84097509E-03  6.87082152E-05  7.65318372E-03
     -0.0209031      -0.0683920      -0.0244810      -2.28426605E-03  6.58606106E-03 -3.71240991E-04
     -0.0247289       0.0436287      -0.0565572       4.55207035E-03 -2.27069960E-02  1.86552513E-02
     -0.0747618      -0.0110132      -0.0017542       5.60575697E-03  1.18645462E-03  1.78839159E-03
     -0.0690851       0.0023930       0.0305812       1.60697692E-02 -1.95737472E-03 -5.15092049E-03
     -0.0069079       0.0307210      -0.0687183      -1.12354138E-03 -3.73899559E-03  1.30557576E-02
     -0.0624909      -0.0052558       0.0422015       5.46067453E-03 -6.08764282E-03 -3.86998939E-03
     -0.0521702       0.0346418      -0.0423311       1.54620468E-02 -5.51875428E-03  6.92408271E-03
      0.0080352       0.0624949      -0.0417557      -5.47225757E-03 -8.96744354E-03  5.74918735E-03
     -0.0622664       0.0361881       0.0229568       4.94231303E-03  3.43314618E-03  2.71744577E-03
     -0.0601085      -0.0199632      -0.0412571       1.35220012E-02  7.54094058E-03  9.17026015E-04
      0.0508117       0.0245113      -0.0503098      -1.56676213E-03 -2.28722092E-03  1.06961077E-02
      0.0361985       0.0372640      -0.0549067      -1.91700061E-02  2.57188429E-03  5.42582003E-03
      0.0733443       0.0154689       0.0097473      -2.45280175E-02  1.12519742E-02 -1.88844834E-03
      0.0212102      -0.0358148      -0.0630961      -1.51779680E-02  1.18590779E-02  1.55446262E-02
     -0.0343711       0.0582633       0.0337304       1.97230553E-02 -9.06365615E-03 -2.16267893E-03
      0.0102850       0.0728679       0.0172683      -3.87538806E-04 -8.89617299E-03 -2.98365052E-04
     -0.0735413      -0.0030683       0.0172041       2.12788343E-02  2.39417153E-03 -8.22872645E-03
      0.0156177       0.0734578       0.0085868       5.72946608E-03 -2.02936428E-02  5.86337917E-03
     -0.0752634       0.0003505       0.0070007       1.45375711E-02 -1.39654531E-02  2.29989945E-03
     -0.0217473      -0.0056864       0.0721694      -8.23221908E-03 -5.89428466E-03 -1.59109111E-02
      0.0158614      -0.0462879      -0.0576155      -6.46546948E-03  1.12333899E-03  5.13246760E-02
     -0.0593116       0.0107210       0.0456169       2.77408119E-03 -4.91305924E-03 -3.00759848E-02
      0.0540574       0.0525043      -0.0058977      -1.64795288E-02 -3.81967891E-03 -3.73263663E-03
     -0.0327774       0.0483868      -0.0479381       5.10057977E-03 -6.62576323E-03  3.88942319E-02
     -0.0611165      -0.0227647      -0.0382134       1.14709289E-02  1.41016183E-02 -1.44975522E-03
      0.0500030      -0.0440211      -0.0357148      -4.95253853E-03  5.77306729E-03  3.06560659E-02
     -0.0641317       0.0397864       0.0042301       3.04786455E-03 -7.65017271E-03  8.52183532E-03
      0.0386308       0.0014855      -0.0649551      -3.62820254E-03 -7.70935250E-03  3.86800796E-02
      0.0154850      -0.0255363       0.0694393      -2.85836852E-03 -4.67373818E-03 -3.11288030E-02
     -0.0689054      -0.0256308       0.0175734       2.87464288E-03  2.65785114E-03 -1.59209030E-02
     -0.0632708      -0.0360805      -0.0202170       6.22397155E-03  1.72125530E-03  2.74808285E-02
      0.0292863      -0.0692152      -0.0080797      -8.93472549E-03  7.65935687E-03 -1.58702347E-03
     -0.0243822       0.0715433       0.0008731      -7.45176800E-03 -9.76956896E-03 -1.18335350E-02
     -0.0702166      -0.0234183      -0.0153270       6.29921470E-03  5.34472331E-03  3.14227344E-04
      0.0110859       0.0014074       0.0747584      -5.43060332E-03  2.49454812E-03 -1.40389456E-02
      0.0688008       0.0066536      -0.0305921      -2.02501994E-03 -5.96704584E-03  3.49976548E-02
      0.0450308       0.0440466       0.0417831      -9.11422423E-03 -1.40541032E-02 -2.53937872E-02
     -0.0736576       0.0019290      -0.0168681       1.41324190E-02 -5.43249669E-03  1.22041964E-02
     -0.0347577       0.0411291       0.0530472       9.45249405E-03 -1.68959214E-02 -2.31576698E-02
      0.0574450      -0.0487691      -0.0059466      -3.44009606E-03  3.33072255E-04 -1.47122747E-03
      0.0253856      -0.0281489      -0.0653982       1.65960194E-03 -6.30614668E-03  2.99959787E-02
     -0.0454844      -0.0027022      -0.0603122       1.35918246E-02  5.73144980E-03  5.48692899E-02
     -0.0346001      -0.0483960       0.0466300       3.00297152E-03  1.45649870E-02  3.48750524E-03
      0.0138494       0.0068483       0.0739933      -5.38680095E-03 -1.24531510E-03 -5.35688887E-02
      0.0474667      -0.0103916       0.0579021      -6.08045741E-03  6.19546363E-03 -1.25548952E-02
     -0.0154291       0.0348935      -0.0652541       1.39419926E-03 -6.23369395E-03  4.04112471E-02
     -0.0128176      -0.0473375      -0.0575201       5.08101371E-03  9.27806943E-03  4.56970909E-03
      0.0399377      -0.0412709      -0.0491466      -1.34535886E-02  1.75336058E-02  1.30695662E-02
     -0.0536391      -0.0522733      -0.0102013       2.19580500E-05  1.46304311E-02  6.08198111E-04
      0.0306067      -0.0446666       0.0527431      -5.58301813E-03  4.55381551E-03 -1.22302336E-02
     -0.0590314      -0.0338323       0.0329297       3.02104541E-03 -7.78782530E-03  2.20913351E-03
      0.0310105      -0.0026226       0.0688852      -8.52964460E-03 -1.98811467E-02 -1.74509667E-02
     -0.0134090       0.0740898      -0.0066793       1.38174989E-03 -1.94329776E-02  3.96099513E-05
      0.0612519      -0.0439435       0.0055560      -6.27216264E-03  1.74473298E-02  3.12466895E-03
     -0.0312835       0.0029478      -0.0687485       5.35132076E-03 -3.02503241E-03  9.27788067E-03
     -0.0663979      -0.0354664      -0.0068676       1.31500052E-02  4.66446565E-03 -5.59192502E-03
      0.0714441      -0.0239978       0.0057925      -3.17057104E-03 -5.88949339E-03  1.37598180E-03
      0.0015576      -0.0736467       0.0169540       8.53557332E-04  1.45294325E-02 -5.99556331E-03
     -0.0202828      -0.0614058      -0.0391361       4.31011888E-03  2.04410401E-03  3.74105797E-03
     -0.0184443       0.0187122      -0.0708758      -3.66287318E-03 -3.85035245E-03  8.73783663E-03
      0.0087546      -0.0200741      -0.0723470      -3.17740783E-03 -5.73342837E-03  1.32550270E-02
      0.0559278      -0.0508031      -0.0021956      -1.38735484E-02  9.31123104E-03  4.56290641E-03
      0.0173665      -0.0710902      -0.0189289      -1.81384045E-03  1.95221067E-02 -6.48282051E-04
      0.0483046      -0.0581410       0.0000877      -1.18032490E-02  3.63958743E-03 -6.93299118E-05
     -0.0734097      -0.0178726       0.0023008       4.23173551E-03 -3.95640679E-03  3.08850754E-03
      0.0346172      -0.0515847      -0.0430625      -2.24191228E-03  1.57480679E-02  1.12114470E-02
      0.0514495       0.0544888       0.0098808      -2.91445333E-03 -3.77983674E-02 -5.09664915E-03
      0.0091588       0.0375646      -0.0649516      -2.50515525E-03 -2.46311408E-02  4.30723069E-03
     -0.0595464       0.0465389       0.0014344       1.57248888E-02 -4.00968794E-02  1.08459536E-03
      0.0590459       0.0393841       0.0260037      -3.31939086E-03 -1.51145256E-02 -7.80930537E-03
     -0.0513169      -0.0553530      -0.0040387       6.70828630E-03  1.37153954E-02 -1.94048863E-03
      0.0326701      -0.0636410      -0.0244172      -2.10282057E-03  4.99178365E-02  7.79128694E-03
      0.0471163      -0.0591036       0.0007301      -6.27549365E-03  2.82565796E-02  4.75894633E-03
     -0.0464045      -0.0549777       0.0231902       9.12110104E-03  2.24046916E-02 -1.30562874E-02
     -0.0290220       0.0286876       0.0636273      -7.20242285E-03 -1.48175931E-02 -2.97082109E-03
     -0.0658627       0.0357421       0.0099150       3.76297183E-02 -7.54426536E-03 -1.26198005E-02
      0.0677960      -0.0236744       0.0235994      -1.23179574E-02  1.43072346E-03 -2.46771877E-03
      0.0187673       0.0732145      -0.0010651       8.29092263E-03 -8.29511393E-03  1.90313149E-03
     -0.0000281      -0.0463802       0.0596873       9.34782793E-03  1.13300604E-02 -1.34346368E-02
     -0.0231609      -0.0660312      -0.0285859      -5.63094186E-03  8.56040376E-03  5.43571968E-03
      0.0356310       0.0651258       0.0142401      -1.51812183E-02 -9.90782700E-03  2.62060374E-03
     -0.0148035      -0.0697259      -0.0251564      -9.69500758E-03  7.47664430E-03  1.19287668E-02
      0.0753964      -0.0053810       0.0003636      -2.77060809E-02 -1.32530781E-03 -1.17912087E-02
     -0.0101191       0.0191693      -0.0724144      -2.03392885E-03 -2.62134644E-03  1.28420692E-02
      0.0043437       0.0752623       0.0055152      -1.84855318E-02 -1.68838169E-02  1.88353329E-03
     -0.0738767       0.0138115      -0.0080727       2.29225517E-02  3.35304167E-03 -4.34243226E-03
     -0.0715565      -0.0241756      -0.0029827       1.57585428E-02  9.57003065E-04 -7.54156030E-04
     -0.0297971      -0.0657644       0.0223802      -9.75290187E-04  1.46363451E-02 -6.17854285E-03
      0.0113572      -0.0489439      -0.0564731       5.39567082E-03  7.25750011E-03  1.03462392E-02
      0.0496642       0.0430512       0.0373333       1.32302318E-03 -1.21588308E-02  8.63394226E-03
      0.0453767      -0.0235430      -0.0556812      -1.17960960E-02 -6.16012549E-03  3.07294418E-03
     -0.0463489       0.0250601       0.0541985       1.31569736E-02 -1.40066093E-02 -1.40730582E-02
     -0.0376442       0.0201959       0.0623597       2.29397805E-02 -8.50418221E-03 -7.94134684E-03
      0.0380327      -0.0063198       0.0650175      -1.64842084E-02 -7.35534792E-03 -3.67542882E-03
     -0.0141887       0.0611138       0.0421603       1.40033207E-03 -2.00947054E-02 -9.96061359E-03
      0.0316015       0.0218530       0.0650960      -3.30259899E-02  1.92471477E-03 -7.50459306E-03
      0.0325461      -0.0674562      -0.0102035      -1.03714251E-02  1.41693067E-02  3.67564861E-03
     -0.0480289       0.0543519      -0.0212791      -6.67002840E-03 -4.34568179E-03  5.11895870E-03
      0.0606077       0.0408395       0.0193011       8.12536085E-03 -8.40575106E-03  4.14354740E-05
     -0.0719389      -0.0158587       0.0169412       3.49503747E-02  2.55073797E-03 -4.84107939E-03
      0.0410274      -0.0549201       0.0318469       4.45501613E-03  4.00413039E-03 -2.73863327E-03
     -0.0504904      -0.0304159       0.0473212       3.20036220E-02  1.78309635E-02 -6.74509817E-02
     -0.0434390       0.0596196      -0.0165001       2.04430455E-02  5.98816492E-04  3.65373605E-02
     -0.0481788       0.0512190      -0.0277331       1.97613656E-02 -2.35020949E-02  1.27827986E-02
      0.0408714       0.0573328       0.0274986      -2.70418840E-02 -1.58438635E-02 -2.97336171E-02
      0.0145399       0.0730373       0.0129556      -2.28581897E-02 -2.31359407E-02  7.21863036E-03
      0.0205133      -0.0357981       0.0633357      -8.48636485E-03  1.03252537E-02 -5.03168136E-02
     -0.0600383      -0.0002405       0.0459244       1.66061167E-02  7.40991344E-03 -3.61377286E-02
     -0.0495571      -0.0415348       0.0391492       1.54914079E-02  2.78951723E-02 -5.47650689E-02
      0.0362237      -0.0169122      -0.0641522      -2.01366577E-02  1.74349728E-02  5.95448993E-02
     -0.0496763       0.0569712       0.0004928       1.07057999E-02 -2.14804783E-02  1.43938644E-02
      0.0167152      -0.0006320       0.0737150      -1.44531030E-03  2.38914428E-02 -6.02192939E-02
     -0.0534675       0.0521528       0.0116193       8.47687634E-03 -9.49778165E-03  8.42672149E-03
      0.0099022       0.0191166      -0.0724584       2.01346817E-02  4.95665046E-03  2.68564111E-02
     -0.0571755       0.0431651      -0.0241130       3.17665489E-02 -1.51495686E-02 -5.73903671E-03
     -0.0112287       0.0516610       0.0540256      -2.31464356E-03 -7.95959611E-03 -8.51513530E-03
      0.0472328       0.0121784       0.0577447      -3.66276765E-02  2.99444276E-02 -4.10949465E-02
      0.0226109       0.0336145      -0.0638163      -1.05772797E-02  3.72195098E-03  4.35720950E-02
     -0.0600638      -0.0047275       0.0456476      -5.13912116E-03  3.22339764E-02 -3.01641025E-02
      0.0337634      -0.0675589      -0.0030901      -4.01184183E-02  6.45355899E-02  7.55153680E-03
      0.0437509      -0.0266246      -0.0555941      -2.30297272E-02  5.28970525E-02  3.16468079E-02
     -0.0036357      -0.0631464      -0.0413886      -2.31668023E-02  3.43522068E-02 -1.17783222E-02
      0.0322509       0.0571522       0.0375128      -2.63864493E-03 -2.33238989E-02 -6.05513448E-02
      0.0293303       0.0687057       0.0115315      -1.83139600E-02 -4.65008707E-02  1.11484246E-02
     -0.0108772      -0.0162113      -0.0730245       1.52242823E-02 -2.10129882E-02  4.57499245E-02
     -0.0121792       0.0351272       0.0658137       3.03175576E-03 -3.58025121E-02 -7.62723112E-03
      0.0264633       0.0480872       0.0519714      -4.19753624E-03 -1.75077835E-02 -6.46251795E-02
     -0.0603329      -0.0407241      -0.0203760       1.26808588E-02 -2.24210059E-03  1.56103501E-02
# Displacement: 19,  E_pot (hartree): -29718.645958666
     -0.0083817      -0.0735933       0.0150822      -2.81890496E-03  3.31478706E-03  7.91379793E-03
      0.0489825       0.0571583      -0.0068810      -1.61565117E-02 -5.34443501E-03 -4.95841268E-03
     -0.0714549       0.0027229       0.0245049       1.39725987E-02  9.92187329E-04 -2.29013288E-03
      0.0067759      -0.0683251       0.0316143      -3.23425710E-03  1.51395879E-02 -1.43209186E-02
     -0.0470353       0.0210599       0.0552979      -3.40510309E-03 -2.44038266E-03 -5.24905875E-03
     -0.0199667      -0.0722231       0.0099418       7.24107185E-03  1.05172842E-02  9.48355418E-03
     -0.0065811       0.0191417      -0.0728284       2.26116854E-03  5.82098896E-03  1.60701337E-02
     -0.0721602       0.0215977      -0.0063357       1.12953399E-02 -9.74807260E-03 -2.76625350E-03
      0.0373719      -0.0406341       0.0516326       2.06183896E-04  8.98918918E-03 -2.92458659E-03
      0.0084583       0.0700261       0.0271756       3.38584722E-03 -1.61651104E-02 -7.69808729E-03
     -0.0475980       0.0170855      -0.0561802       2.06937120E-03  3.14919607E-03  2.00899626E-02
     -0.0144880      -0.0624913       0.0399829       2.07164037E-03  8.85976883E-03 -1.28134656E-02
     -0.0110225      -0.0699660       0.0263999       1.41025507E-02  2.78488324E-02 -1.37815865E-02
     -0.0568039       0.0452620      -0.0209373       1.48987538E-02 -1.70920546E-03  4.88905770E-03
     -0.0728710      -0.0133741       0.0149882       1.07300407E-02 -5.59319918E-04  1.06336063E-02
     -0.0631941       0.0408650      -0.0070883       1.03212484E-02 -1.16602410E-02  5.01067733E-03
      0.0643062       0.0008431       0.0397203      -9.55507869E-03 -4.86271137E-03 -6.96502133E-03
     -0.0670402      -0.0273417       0.0217196       6.18620419E-03  1.24783590E-02 -2.94258403E-03
     -0.0667227       0.0305555      -0.0181149       9.45634569E-03 -1.77875560E-02  1.11300478E-02
     -0.0418515      -0.0626093       0.0064985       1.65740608E-02  1.86683727E-02 -2.50484373E-03
     -0.0319642      -0.0684954      -0.0006139      -5.59441088E-03  1.10359394E-02 -4.50681596E-03
      0.0113077      -0.0281124      -0.0692497      -1.27057425E-02  1.36058054E-02  1.91954755E-02
     -0.0661786       0.0271370      -0.0244479       1.10163045E-02 -2.69008022E-03 -9.83530410E-03
      0.0196678      -0.0323820       0.0654085      -1.43895592E-02  3.72692772E-03  7.41366005E-04
     -0.0284498      -0.0697148      -0.0066464      -3.05953200E-04  1.45789364E-02  7.32996286E-03
      0.0733969       0.0129074       0.0126486      -8.79006190E-03 -1.22321071E-02 -1.01678662E-02
     -0.0267044      -0.0645628       0.0288484      -1.92051250E-03  1.34692264E-02 -1.05454839E-03
     -0.0592989      -0.0231480       0.0407618       5.36551968E-03  1.37498597E-03 -3.41312834E-02
      0.0132683       0.0401522      -0.0626535      -8.95071429E-03 -9.70641666E-03  2.89621724E-02
      0.0546161       0.0486964       0.0189586      -1.38426185E-02 -1.53975818E-02  1.03321874E-02
      0.0253120       0.0639075      -0.0314457      -7.16377448E-03 -6.27499397E-03  1.94877713E-02
     -0.0351351      -0.0058995       0.0666665      -2.51485145E-03  4.15812933E-03 -1.35057223E-02
     -0.0608391      -0.0276436      -0.0353291      -2.55577179E-03  8.98588604E-03  1.13979310E-02
     -0.0644044      -0.0297721      -0.0260653       7.80651897E-03  6.98211688E-03  4.52179635E-02
      0.0406124       0.0033963       0.0636615      -1.33663719E-02 -1.44334861E-03 -2.82459736E-02
      0.0302655      -0.0435176      -0.0538879      -1.19894808E-03  1.71466781E-02  1.23791963E-02
     -0.0169147       0.0257025      -0.0690432      -4.06152845E-03 -1.09116991E-02  4.36458767E-02
     -0.0617938      -0.0129592       0.0415607       8.42752905E-03  1.57802994E-03 -8.68260490E-03
      0.0307593      -0.0688001       0.0058415      -6.57999959E-03  1.04454037E-02  5.28774486E-03
      0.0279026      -0.0166282      -0.0682542      -6.37903609E-03  1.02779345E-02  4.37628912E-02
     -0.0580417      -0.0081785       0.0477280       1.08111439E-02  1.33841711E-02 -1.10844764E-02
      0.0246437      -0.0536843      -0.0471634      -3.91079982E-03  1.31024884E-02 -1.80821443E-03
     -0.0596966      -0.0039581      -0.0461990       9.54969745E-03  7.26248661E-03  3.41268480E-02
     -0.0270244      -0.0416653      -0.0569859       3.85127086E-03  1.24100789E-03  2.33743928E-02
     -0.0710727      -0.0194239       0.0168845       6.74221101E-03  5.47284832E-03 -2.64987453E-02
     -0.0239389      -0.0480808      -0.0531871       2.83112026E-03  2.24861630E-03  1.51740683E-02
      0.0005298      -0.0563604       0.0503679      -7.41834310E-03  8.57821630E-03 -1.31058277E-02
      0.0400675       0.0116280      -0.0630325      -6.83397627E-03 -1.09098746E-02  3.80515476E-02
     -0.0525167      -0.0207433      -0.0502533       1.00544564E-02  7.24741814E-03  9.54724316E-03
     -0.0207556       0.0163323      -0.0708249       3.34055365E-03 -2.13228603E-03  5.77041647E-02
      0.0159598       0.0066092      -0.0735888      -2.90129425E-04  3.51709587E-03  2.71638221E-02
      0.0578559       0.0347683       0.0340233      -4.04364592E-03 -9.12979631E-03  9.87357981E-03
     -0.0605304      -0.0159233       0.0423816       9.27674665E-03 -1.74011450E-03 -8.02290045E-03
     -0.0071492       0.0742141      -0.0124448       3.79529911E-03 -1.13623078E-02 -1.96264144E-02
      0.0450230      -0.0587390      -0.0153740       4.25359278E-04  3.12957378E-02  6.22306877E-04
     -0.0009323      -0.0446115       0.0610135      -3.85751847E-03  9.00853565E-03 -1.09707666E-02
      0.0341562       0.0602864      -0.0302093      -1.16331907E-02  1.21596914E-03  5.80956174E-03
      0.0437327       0.0043639      -0.0614989      -9.58158049E-03 -1.26862693E-02  1.62532624E-02
      0.0266024      -0.0299332      -0.0641094      -9.38365690E-03  2.13324078E-02  9.86329154E-03
     -0.0598558       0.0447573       0.0113042       1.82003012E-03 -1.26395607E-02 -5.23037328E-03
     -0.0072075       0.0750410       0.0055306      -4.21846023E-03 -2.09965447E-02 -1.19686680E-03
      0.0205080       0.0589521       0.0426353      -8.77744000E-03 -7.83465720E-03 -1.47521470E-03
     -0.0387371       0.0293776       0.0578801      -2.11789907E-03 -4.97578328E-03 -1.06709481E-02
      0.0323547       0.0086012      -0.0677710      -1.46765997E-02 -8.59680059E-03  1.53635457E-02
      0.0280266       0.0001804       0.0702010      -8.28634129E-03  1.05400025E-02 -1.29817879E-02
     -0.0082469       0.0678137       0.0323573       4.22333935E-03 -1.88109872E-02 -1.04824912E-02
     -0.0331412       0.0679058       0.0020428       3.88655998E-03 -2.31817946E-02 -2.34190811E-03
      0.0329839       0.0679503      -0.0029212      -6.81189838E-03 -3.95265540E-03  4.53521648E-03
     -0.0008564       0.0473519      -0.0589132       9.24448236E-04 -1.12510405E-02  3.13853847E-03
      0.0657339      -0.0372965      -0.0013153      -6.76631690E-03  2.45313856E-02  1.47621508E-03
      0.0189099       0.0590278      -0.0432646       2.37910058E-03 -1.96924301E-02  2.53243126E-03
      0.0115700       0.0403605       0.0628559      -9.92114142E-04  1.19298736E-02 -1.76489825E-02
     -0.0594898      -0.0428097      -0.0184928       1.54308449E-02  1.21360432E-02 -1.16706987E-03
      0.0214310       0.0237017      -0.0685029      -4.84489193E-03 -9.69490716E-03  1.92684116E-02
     -0.0594654      -0.0171629      -0.0433934       5.81913033E-03 -3.58132935E-03  4.16636149E-04
      0.0351555       0.0045802       0.0667594      -6.50938580E-03 -7.41804455E-03 -1.79044130E-02
      0.0036856       0.0571951      -0.0492834      -9.77063450E-04 -2.51193628E-02  1.47924529E-02
      0.0453845       0.0005559       0.0604455      -1.30268768E-02 -8.21930935E-03 -1.51643898E-02
     -0.0602641      -0.0176737       0.0420663       1.53579920E-02  2.12169390E-02 -6.90513384E-03
      0.0422254      -0.0615355      -0.0120046      -6.09577000E-03  3.46184502E-02  8.09358396E-03
     -0.0728122      -0.0133565       0.0152868       1.03237862E-02  7.65466135E-03 -1.09121799E-02
     -0.0545582       0.0522306       0.0030108       2.91876467E-02 -1.48809364E-02 -5.60877014E-03
     -0.0280172      -0.0206253       0.0671069      -7.95602798E-03  3.91623284E-03 -2.77324640E-03
     -0.0472388       0.0589243      -0.0031805       1.97493957E-02 -2.00109290E-02  2.96944250E-04
     -0.0560108      -0.0497157       0.0102391       2.82961980E-02  1.09563642E-02 -2.03403771E-03
      0.0466230       0.0358445      -0.0474887      -5.54155058E-04 -1.49074216E-03  1.20844568E-02
     -0.0671167      -0.0333306      -0.0099053       3.48445135E-03  1.65415109E-02 -9.69786693E-03
      0.0561084       0.0411337      -0.0295563      -1.65449979E-02 -5.35782647E-03  3.09037238E-03
     -0.0185383       0.0724520      -0.0109891      -1.11426392E-02 -1.18126966E-02  9.10894969E-03
      0.0459192       0.0090758       0.0593529      -2.11497416E-02  5.56191296E-03 -1.24118711E-02
      0.0089731       0.0589839       0.0464119      -2.39726924E-02 -1.40523378E-02 -2.75145195E-03
     -0.0291880       0.0657441       0.0232263       1.38960600E-02 -1.28169233E-02 -7.50125712E-03
      0.0054636       0.0605972       0.0448535      -1.52098260E-02 -1.04169362E-02 -2.13622941E-03
     -0.0319036       0.0533148      -0.0430511      -1.45229650E-02  4.24580782E-05  7.24403604E-03
     -0.0264738       0.0475863       0.0524250      -1.36142326E-03  8.77890777E-04 -2.68065163E-03
     -0.0100769       0.0733843      -0.0150631      -9.23344418E-03  2.06730633E-03 -2.50706098E-04
      0.0484996       0.0041473       0.0578299      -2.70563016E-03  3.42375891E-03 -1.14449543E-03
     -0.0104439       0.0292608      -0.0689089      -7.62776807E-03  4.06724808E-04 -1.31223176E-03
     -0.0257283       0.0602948       0.0376338       1.40514129E-02 -3.73057894E-03 -1.04196818E-02
     -0.0306026      -0.0681623      -0.0114498       3.40481823E-03  9.37336733E-03 -2.08615075E-03
     -0.0611399      -0.0064617       0.0439758       1.82972964E-02  4.10104116E-03  2.54633100E-03
     -0.0240788       0.0552630       0.0456061       1.12800990E-02 -8.59439221E-03 -6.82331444E-03
      0.0436431       0.0206637       0.0581547      -7.08506730E-03 -2.98063938E-03 -1.69915762E-02
     -0.0198034      -0.0066797       0.0726424      -1.76976737E-03  9.76601728E-03  4.33762222E-04
     -0.0417322      -0.0391513       0.0493894       1.49391476E-02  1.18057240E-02 -1.93130897E-02
      0.0387107       0.0576275       0.0299040      -6.65410308E-03 -9.18310340E-03  5.75433755E-03
     -0.0507843       0.0493107      -0.0265165       2.53017542E-02 -9.01779810E-03  2.52358273E-03
     -0.0142888       0.0024765       0.0741850      -3.51412287E-03  1.29509490E-03 -1.73427561E-02
      0.0174528       0.0570032      -0.0464730      -8.36901721E-03 -3.31437414E-03  2.79905660E-02
     -0.0551343      -0.0517097      -0.0001960       2.15919066E-02  1.64535198E-02 -1.47819085E-02
     -0.0373206      -0.0636465       0.0164322       1.54553622E-02  4.41752236E-02 -6.59568386E-03
     -0.0511135       0.0065539       0.0553006       3.19862631E-02  2.15518190E-02 -4.02895355E-02
      0.0232516       0.0017430       0.0719029      -9.91316102E-03 -1.52286036E-02 -1.60554089E-02
     -0.0475305       0.0583922       0.0067017       2.25598001E-02 -3.32828999E-02  5.48541488E-03
      0.0490613       0.0109671       0.0564482      -2.74380754E-02 -1.74655245E-02 -3.97157147E-02
     -0.0500139      -0.0171411      -0.0540231       3.94262079E-02  1.90884941E-03  4.04307345E-02
     -0.0037132       0.0749416      -0.0091479       6.04995757E-03 -2.73958467E-02 -6.64131028E-03
     -0.0346057      -0.0518380       0.0427665       3.68909414E-02  4.33673370E-02 -4.15815604E-02
     -0.0400537       0.0017505       0.0640808      -6.16567553E-03  5.12302312E-04  5.93812465E-04
      0.0384131      -0.0571002       0.0312686      -3.09049213E-02  2.92121422E-02 -1.36758375E-02
      0.0195329       0.0730131      -0.0011211       1.33931211E-03 -2.86918823E-02 -3.03573362E-02
      0.0500279       0.0234040       0.0516059      -1.23747510E-02 -2.10079195E-02 -7.10651906E-03
     -0.0051264       0.0539574      -0.0526879      -1.43561143E-02 -5.13725091E-02  3.27268621E-02
     -0.0342269       0.0568903       0.0361347       1.30840431E-02 -2.35920395E-02 -5.14198442E-02
      0.0351863       0.0000720      -0.0669001      -2.18467525E-02  4.83192591E-04  1.72407766E-02
     -0.0165059      -0.0453389      -0.0581861      -5.83280616E-03  1.63607947E-03  5.18848075E-02
      0.0231639      -0.0694239      -0.0189070      -2.81264225E-02  9.94596709E-03  1.66016267E-02
     -0.0283849       0.0305579       0.0630413      -9.73594226E-03 -1.65072733E-02 -2.37533918E-02
     -0.0615898       0.0013814       0.0438006       1.95344034E-02  2.11761437E-02 -3.30062652E-02
      0.0487958      -0.0254165      -0.0518333      -3.71144698E-02 -1.96787525E-02  2.82264644E-02
     -0.0234754       0.0020157       0.0718230       1.26398835E-02 -8.21340081E-03 -7.21569776E-02
      0.0241906       0.0709491      -0.0097335      -5.59761139E-03 -2.70619577E-02  8.28691665E-03
     -0.0094960      -0.0567943       0.0489685      -2.19221596E-03  1.78936237E-02 -2.64300860E-02
      0.0582502      -0.0240315       0.0417506      -1.42711873E-02  1.50715842E-02 -2.43229345E-02
     -0.0249197       0.0564164      -0.0437024      -8.89064534E-03 -4.18415530E-03  4.30206218E-02
# Displacement: 20,  E_pot (hartree): -29718.641253217
      0.0500354      -0.0563973       0.0054321      -7.69568333E-03  1.62372224E-02 -1.72992323E-03
     -0.0475020       0.0231928      -0.0540312       6.18213847E-03 -1.39066198E-02  5.52004369E-03
      0.0181167      -0.0532966       0.0504476      -9.93935308E-03  4.76268285E-03 -4.89738571E-03
     -0.0469168      -0.0081177      -0.0587079      -2.53426694E-03 -5.68904820E-03  7.23858537E-03
     -0.0058042      -0.0459747       0.0597187      -4.71684834E-03  3.22659604E-04 -2.19669829E-02
     -0.0029115      -0.0746668      -0.0114055      -8.32855837E-04  1.39060588E-02  1.39993316E-02
      0.0315099       0.0267018       0.0633076      -2.80083280E-03 -7.71648711E-03 -2.32717827E-02
      0.0013185      -0.0421374      -0.0627409       3.31356779E-03  2.20085201E-02  1.52462600E-02
      0.0532170       0.0022831       0.0536325       4.86704429E-03  4.20249736E-03  2.97163339E-03
      0.0445042       0.0592907       0.0147546      -2.13665858E-02 -1.96265661E-02 -2.80529878E-04
     -0.0609132      -0.0447000      -0.0022777       2.37069370E-03  1.34740159E-05  9.73854645E-03
      0.0066377       0.0185433       0.0729780       4.82957494E-03 -4.58955698E-03 -2.58422043E-02
     -0.0270574       0.0064230       0.0702877      -7.42238993E-03 -2.54752944E-03 -1.34797571E-02
     -0.0262620       0.0193329       0.0681927       1.35260437E-02  3.64559831E-03  2.59525244E-03
      0.0178599       0.0732508       0.0053909       1.17092555E-03 -1.26527230E-02 -7.90795260E-03
      0.0604225      -0.0307204      -0.0334528      -7.10570495E-03  1.73428229E-02 -2.32213823E-03
     -0.0359826       0.0500454       0.0437538       1.04574196E-02 -5.08649341E-03  6.72928441E-03
      0.0725262      -0.0132124       0.0167063      -1.60573878E-02  9.22564588E-03 -5.75663330E-03
     -0.0491771       0.0526479      -0.0228807       2.27835860E-02 -1.67770598E-02  5.31379969E-03
      0.0089307       0.0558557      -0.0501407       8.07875142E-03 -1.52164961E-02  1.69713503E-02
     -0.0511613      -0.0468010      -0.0300980       1.25000282E-02  1.85689071E-02 -4.59308474E-03
     -0.0214850      -0.0126344       0.0713616       2.28933042E-02  1.31463256E-02 -3.13024798E-04
     -0.0683403      -0.0322925       0.0007100       9.65429283E-03  9.25098511E-03  8.25980280E-03
     -0.0317897       0.0235879       0.0643951       4.59803267E-03 -5.86423761E-03 -2.27354158E-02
      0.0446403       0.0382172       0.0475436      -8.46203555E-03 -8.07153282E-03  2.55911822E-03
     -0.0048514      -0.0250730      -0.0711444      -5.23584389E-03  3.90261435E-03  7.73189904E-03
      0.0738029      -0.0130935      -0.0097666      -9.31070289E-03 -4.63511118E-03 -9.36340287E-04
      0.0558591       0.0504017       0.0072881      -4.97964661E-03 -3.47452081E-03  1.96531153E-02
      0.0488305       0.0523077      -0.0243551      -2.78194330E-04 -2.22687394E-03 -1.02759121E-02
     -0.0423513      -0.0071868       0.0621967       2.29839406E-02  5.10809529E-03 -2.96852876E-02
      0.0105773       0.0082569      -0.0743884       7.36926639E-04  5.27181850E-04 -5.24397210E-03
      0.0717250      -0.0199623      -0.0130661      -4.40042795E-03  3.18962361E-04 -1.11217270E-02
      0.0389676       0.0569678      -0.0308203       2.14954361E-03 -1.23032929E-02  5.65592666E-02
     -0.0075798      -0.0453188       0.0600205       7.36317339E-04  4.36370641E-03 -2.78200771E-02
      0.0448698       0.0532687       0.0293742      -5.83770291E-03 -4.24436644E-03  9.31588322E-04
      0.0655074       0.0377072      -0.0007996       4.71003814E-03 -2.09481350E-03  2.86434807E-03
      0.0594826       0.0099419       0.0455707      -1.09807196E-02 -3.73634802E-03 -5.01109242E-02
      0.0607287      -0.0449761       0.0016987      -8.10721164E-03  5.84864804E-03  4.17942394E-03
      0.0046865      -0.0188474      -0.0730515      -5.74622234E-03 -1.74266797E-03  5.69646155E-02
     -0.0034052      -0.0081743       0.0750686       1.01167893E-03 -2.36932312E-03 -4.38861350E-02
     -0.0331793       0.0657861       0.0168829       1.24273765E-02 -1.14233090E-02  1.78323190E-02
     -0.0755290      -0.0001804      -0.0030057       1.39657266E-02 -3.71403869E-03  2.34068122E-02
      0.0560967      -0.0172560      -0.0476349      -4.61867034E-03  6.94448290E-03  2.83767041E-02
      0.0550651       0.0106920      -0.0506678       8.20864032E-03 -4.31661553E-03  2.93581750E-02
     -0.0243456      -0.0657263       0.0283026       7.22886479E-03  1.37737322E-02 -2.50215413E-02
      0.0415189      -0.0630874       0.0031426      -9.10742490E-03  7.95806727E-03 -6.48251502E-03
      0.0131342      -0.0374057      -0.0643586      -5.04810110E-03  1.36452402E-02  4.94621735E-02
     -0.0750587      -0.0063536       0.0062861      -2.01403468E-03 -4.57146364E-03  4.02554312E-03
      0.0562697       0.0407883       0.0297281      -4.51609418E-03 -3.82161906E-03  2.50435035E-03
      0.0689438       0.0271081      -0.0150206      -9.72371899E-03 -1.09277186E-03  9.20867214E-03
     -0.0677332      -0.0275543       0.0191488       7.64148679E-03  1.00881492E-02 -1.91914870E-02
      0.0391644      -0.0572794       0.0299821      -5.24034953E-04  6.09617935E-03 -2.21587962E-02
      0.0246921      -0.0268515       0.0662041      -1.11736601E-02 -4.66308578E-03 -6.45796498E-03
      0.0715248       0.0229456       0.0084515      -1.91422139E-02 -8.21192363E-03  9.38878917E-03
     -0.0542336       0.0136266       0.0508600       1.65924453E-02 -6.00549833E-04 -2.90096935E-03
      0.0327288      -0.0670279       0.0122388      -3.54374930E-03  3.09267225E-02 -4.72373854E-03
     -0.0385925       0.0646996      -0.0061879       1.62117164E-02 -1.01622066E-02  2.51739671E-03
     -0.0475793      -0.0512957       0.0286123       1.97267644E-02  3.72646711E-02 -8.75837539E-03
     -0.0511913       0.0503985      -0.0235192       7.54024182E-03 -1.56713754E-02 -1.26146265E-03
     -0.0556098       0.0489811      -0.0149037       1.63245505E-02 -2.09642874E-02  3.41022330E-03
      0.0088699       0.0748952      -0.0050713       5.91839452E-03 -3.51739412E-02 -4.90760379E-03
      0.0552112       0.0484695      -0.0177798      -9.44612284E-03 -3.16088349E-02  5.38131151E-03
      0.0253266      -0.0709460      -0.0062397       2.07790002E-03  2.64317230E-02  2.27287776E-03
      0.0199337      -0.0713638      -0.0149519      -1.78472491E-03  5.20599563E-02 -5.63185027E-03
     -0.0689172      -0.0002155      -0.0310496       1.57937954E-02 -9.56207364E-03 -2.26749210E-03
     -0.0361878      -0.0659002      -0.0078300       1.02884821E-02  4.28703470E-03  1.19653336E-02
      0.0469146       0.0447421      -0.0388701      -1.33270839E-02 -2.15456943E-02 -1.76777972E-03
      0.0593869      -0.0417649       0.0210376      -4.00112079E-03  1.16223976E-02  3.00878585E-03
     -0.0015368      -0.0223562       0.0721911       3.41046674E-04 -2.91472181E-03 -2.10631696E-03
     -0.0557748       0.0423156       0.0285000       4.71398602E-03 -2.10638944E-02 -7.25281756E-03
     -0.0748743       0.0070145      -0.0076380       2.15822040E-02 -1.89654663E-03  3.53293362E-03
      0.0603912      -0.0383571       0.0243999       5.80097515E-04  4.29749918E-03  5.88575435E-04
     -0.0190161      -0.0446982       0.0579150      -3.96010424E-03  1.56914264E-02 -1.04456922E-02
      0.0284680       0.0162029       0.0681230      -4.87537648E-03 -1.45887592E-02 -4.43016201E-03
      0.0654549       0.0179509       0.0332736      -2.41356558E-02 -7.05986215E-03 -4.40867171E-03
      0.0257390      -0.0653320      -0.0279809      -1.25047206E-02  1.48391929E-02  1.34377378E-02
      0.0339401       0.0535207      -0.0411986      -1.86455604E-03 -1.28519897E-02  5.43102457E-03
     -0.0252180      -0.0239801       0.0671023       2.13438801E-03  5.53148617E-03 -1.41574018E-02
     -0.0141256       0.0551093       0.0497707       6.69660597E-03 -2.50913839E-02 -9.18595726E-03
     -0.0738601       0.0105719      -0.0121085       1.04903331E-02 -1.86833973E-03  4.36185863E-03
      0.0649765      -0.0109813       0.0370295      -1.23211545E-02  5.29456700E-03 -1.72490882E-03
      0.0292552       0.0271955      -0.0641736      -1.32615611E-02 -6.66869795E-03  1.38554062E-02
      0.0083437      -0.0458264       0.0595318       2.42111726E-02  9.25845467E-03 -9.14722183E-03
     -0.0070677      -0.0750243      -0.0059265       7.63528560E-03  1.62288549E-02 -3.22610326E-03
     -0.0340948      -0.0664172       0.0118322       1.74252321E-02  1.63122772E-02 -2.76194091E-03
     -0.0089995      -0.0095069       0.0744468       1.94258962E-02  8.68035226E-03 -1.36437339E-02
      0.0575156       0.0134989      -0.0471533      -1.53325147E-02 -5.34742951E-03  7.47640525E-03
      0.0325280      -0.0172128      -0.0660255       2.08241302E-03 -3.78099179E-03  6.85566369E-03
     -0.0124258      -0.0723830      -0.0178883       3.59233179E-03  5.62701810E-03  8.38855022E-03
      0.0108421       0.0460072       0.0589873       8.61374592E-03 -1.04893206E-02 -4.81639307E-03
     -0.0134730       0.0108440       0.0735838       3.67978084E-02 -2.00966603E-04 -1.73817534E-02
      0.0753059      -0.0035626      -0.0054809      -3.32999877E-02  5.94574907E-03 -4.09205700E-03
     -0.0400900      -0.0431663      -0.0473620       2.00688255E-02  1.13422334E-02  1.42786713E-02
      0.0666262      -0.0183557       0.0306223      -3.08280608E-02 -2.22496611E-03 -1.09316607E-02
      0.0740311       0.0018467      -0.0151557      -1.44170429E-02 -6.77051101E-03  3.78777990E-03
      0.0193937      -0.0005676       0.0730567       2.27141698E-02 -9.71156802E-03 -5.21289680E-03
      0.0224080       0.0692030       0.0205559      -7.44040592E-03 -3.00742376E-03 -1.18566112E-03
      0.0744925       0.0004607      -0.0128209      -4.12541154E-03  7.72625528E-04  3.05095390E-04
     -0.0297260      -0.0463794      -0.0517591       1.81207531E-02  8.33538704E-03  8.76863951E-03
     -0.0431855       0.0501701      -0.0364922      -1.43509030E-02 -1.48545588E-02  1.54601697E-03
      0.0002856      -0.0747462       0.0112531       1.21961516E-02  9.09887147E-03 -4.08029525E-03
      0.0328430       0.0499907      -0.0462164      -3.11828551E-02 -1.19680592E-02  8.22882113E-03
      0.0095598       0.0649396      -0.0374855       7.89195772E-04 -4.96603246E-03  7.65245259E-03
      0.0627254       0.0291496      -0.0304880      -1.24659322E-02 -3.47428025E-04  1.00855636E-02
      0.0668145       0.0219426      -0.0277133      -2.17171815E-02 -4.53145755E-03  1.80938223E-03
      0.0346278      -0.0103744       0.0663850      -8.82249039E-04  3.29333519E-03 -1.77361580E-02
      0.0311068      -0.0105558      -0.0680782      -4.39608084E-03  1.85229432E-03  1.02773543E-02
      0.0519349      -0.0081582       0.0543131      -2.03531947E-02  6.01274882E-04 -2.45734160E-03
      0.0582975       0.0432209      -0.0211434      -6.09926517E-02 -2.99069836E-02 -5.42582477E-03
     -0.0092918       0.0379677      -0.0646979      -6.87121196E-04 -1.47426825E-02  2.31507412E-02
      0.0403166      -0.0346539      -0.0537343      -3.95696731E-02  7.02479350E-03  3.28731204E-02
      0.0542515      -0.0044097      -0.0524503      -3.07759246E-02 -1.26916593E-02  1.85456083E-02
     -0.0728524       0.0113173       0.0166782       2.68395568E-02  2.56926956E-02  1.14725062E-02
      0.0389664      -0.0532808       0.0368305      -3.22793734E-02  2.59516684E-02 -3.92177997E-02
      0.0163609      -0.0715939      -0.0178978      -1.06768621E-02  4.12787058E-02  2.40335184E-02
     -0.0355132       0.0667269       0.0002332       7.48455782E-03 -2.05773098E-02 -1.87095718E-03
      0.0650832       0.0384432      -0.0000230      -2.02980320E-02 -3.02551263E-02 -9.26602561E-03
     -0.0381820      -0.0434437      -0.0486673       1.57344548E-02  1.63517268E-02  6.15457731E-02
     -0.0258004      -0.0186855      -0.0685485       1.57956360E-02  2.39385967E-03  3.33590214E-02
      0.0096881       0.0616013       0.0427215      -4.89895886E-04 -5.38424024E-03 -8.44674083E-02
     -0.0690566      -0.0053163      -0.0302760       3.33695485E-02  2.16065254E-02  5.44860168E-02
      0.0153837       0.0588084       0.0449291      -7.32398852E-03 -1.04003232E-02 -4.07897143E-02
      0.0118772      -0.0317600       0.0675570      -1.38971325E-02  3.42657055E-02 -3.15838066E-02
     -0.0275560       0.0565231       0.0419466       3.00054801E-03 -4.19367074E-02 -2.16471045E-02
      0.0743404      -0.0122825      -0.0060294      -4.64054205E-02  1.14628825E-02 -1.86131123E-02
      0.0684983       0.0312338       0.0067933      -2.34201145E-02 -1.63833521E-02  1.32599840E-02
     -0.0487231      -0.0549848       0.0177884       4.40876940E-02  2.26559690E-02 -1.31102431E-02
      0.0066261       0.0359304       0.0661725      -2.24504220E-02 -2.60907459E-02 -4.70501895E-02
     -0.0716350       0.0031478       0.0239211       3.86503818E-02 -1.28790138E-02  4.54492074E-03
      0.0061135       0.0334555       0.0675059      -3.43939633E-03 -3.13221103E-02 -3.55273472E-02
      0.0530131       0.0451626      -0.0293881      -3.00137154E-02 -1.35651226E-02  1.25173238E-02
     -0.0569657       0.0313365      -0.0385568       3.63659334E-02 -1.62134629E-02  3.20326257E-02
     -0.0202031      -0.0440331      -0.0580226       1.75956767E-03  1.92559777E-02  4.53589269E-02
     -0.0543217      -0.0456538       0.0260494       3.33231847E-02  2.34631203E-02 -1.99025659E-02
     -0.0577408      -0.0485864       0.0043640       5.20931039E-02  2.80217132E-02 -1.42874081E-03
# Displacement: 21,  E_pot (hartree): -29718.645683305
     -0.0387338      -0.0056432      -0.0646648       3.24609370E-04  9.97210385E-03  1.68477742E-02
     -0.0079860       0.0574929      -0.0484200      -1.55772354E-04 -1.03827864E-02  1.45060365E-02
     -0.0613874      -0.0441008       0.0006338       1.49943264E-03  1.63179862E-02 -5.22994497E-03
     -0.0569927       0.0250249      -0.0428869       1.69003901E-02  4.54504668E-03  7.58414566E-03
     -0.0000172      -0.0113387      -0.0747338       2.82889103E-03  1.17190823E-02  1.50771865E-02
     -0.0355725      -0.0656688       0.0116576       7.27344396E-03  6.74414193E-03 -3.57662561E-03
      0.0339431       0.0532191      -0.0415846      -6.18504154E-03 -2.27456522E-02  2.28703372E-02
     -0.0243403       0.0580926      -0.0417911       9.47934170E-03 -1.55772361E-02  6.72218770E-04
     -0.0361177       0.0426482      -0.0508954      -6.01041833E-03 -1.07774071E-02  3.64490036E-03
      0.0058456       0.0002023      -0.0753623      -1.79593550E-03  5.65850980E-03  2.04740665E-02
     -0.0162487       0.0681530      -0.0283698       3.53956360E-03 -2.26448329E-02 -7.58255273E-04
     -0.0399619       0.0304878      -0.0564556       1.20634830E-02 -9.52884983E-03  1.01642683E-02
      0.0150902       0.0550610       0.0495409      -1.67251377E-03 -9.80864074E-03 -1.38954178E-02
      0.0492269       0.0044374       0.0571902      -1.75467323E-02  1.36251929E-02 -6.39378781E-03
      0.0154392      -0.0718022       0.0178820      -7.78174930E-04  2.13538793E-02  5.81794027E-03
      0.0523242       0.0274475      -0.0471436      -1.79277358E-02 -1.29605852E-02  1.97640896E-02
      0.0083463       0.0620115       0.0424100      -9.64931354E-03 -1.10505609E-02 -8.12534419E-03
     -0.0713091       0.0234988       0.0087472       1.69645432E-02 -9.23483711E-03 -1.14659315E-02
     -0.0712102       0.0252304      -0.0024988       1.58893917E-02  4.92501560E-03  3.07515575E-03
      0.0328532      -0.0525374       0.0432918      -5.78721540E-03  9.07664738E-03 -1.14676205E-02
     -0.0685311       0.0216723      -0.0233989       1.30752778E-02 -2.08310709E-02  1.18401185E-02
     -0.0318701       0.0598114       0.0334756       5.97168232E-04 -1.15192773E-02 -1.15789492E-02
     -0.0701472      -0.0278507      -0.0041732       2.03272851E-02 -3.36760606E-03 -6.97676128E-03
      0.0132115       0.0088622      -0.0738960      -1.09423427E-03 -8.83523306E-04  3.19766327E-02
     -0.0200170       0.0239515       0.0688430       7.88224951E-03 -6.36126709E-03 -1.56760908E-02
     -0.0383399      -0.0635474      -0.0143351       5.66049852E-03  1.50865893E-02  1.33998193E-02
     -0.0542655      -0.0448479      -0.0275253       1.04017187E-02  2.59412967E-02  2.41520919E-03
     -0.0181107      -0.0290299      -0.0674015       5.52670581E-03  9.35003894E-03  6.58204758E-02
      0.0003747       0.0198300      -0.0729407       4.44919964E-03 -8.88780990E-03  3.10635148E-02
     -0.0294424      -0.0370649       0.0589326       5.24742802E-03  6.67677214E-04 -4.51346446E-02
     -0.0285205      -0.0580864       0.0390675       1.19234820E-02  3.07925238E-03 -1.59619175E-02
      0.0008237      -0.0642376       0.0398315      -9.12855009E-03  7.74510255E-03 -8.62992481E-04
     -0.0039741       0.0093968      -0.0748973      -6.49039851E-04 -3.24111875E-05  5.17588169E-03
      0.0288090       0.0014159       0.0698695      -1.15364281E-02  7.18290869E-03 -2.60229976E-02
     -0.0752600       0.0070462      -0.0000383       8.06972230E-03 -1.44984318E-03  2.48402401E-02
     -0.0249042      -0.0585380       0.0408263      -4.60683359E-03  1.02752068E-02 -1.29124063E-02
      0.0537785       0.0302030      -0.0436960      -1.10849668E-02 -1.34323377E-03  4.96189844E-02
     -0.0202798      -0.0393377       0.0612779       6.04866438E-03  5.35512614E-03 -2.59132745E-02
      0.0553891       0.0265668       0.0440449      -6.91248788E-03 -3.95947144E-03 -1.05030226E-02
     -0.0476310       0.0519473      -0.0273215       1.23536926E-02 -1.47276651E-02  2.23087150E-02
      0.0742556       0.0128003      -0.0059963      -9.33859134E-03 -9.84859665E-03  3.82224347E-03
     -0.0221833       0.0701613       0.0172914       2.83453887E-03 -4.32933367E-03 -1.41266052E-02
     -0.0489516       0.0516783       0.0254323       9.93959963E-03 -6.45808309E-03 -2.52342372E-02
     -0.0753005      -0.0029261      -0.0059144       3.75567349E-03  1.97882723E-03 -1.11194029E-03
     -0.0323858      -0.0418287       0.0539928       3.60488740E-03  6.54479330E-03  2.24162905E-03
      0.0531369      -0.0437220      -0.0312822      -8.09203069E-03  1.13210430E-02  2.02985593E-02
      0.0621328      -0.0426406       0.0059178      -2.01647738E-02  7.29315426E-03  9.41430195E-03
     -0.0111778       0.0376901      -0.0645617       2.18108306E-04 -6.18207586E-03  1.67603400E-02
     -0.0458368      -0.0101902      -0.0592354      -2.91200345E-03 -6.04949755E-03  1.72814917E-02
     -0.0717732       0.0049873      -0.0231825       1.37874656E-02 -8.91765574E-03  2.35779798E-02
      0.0373909       0.0649043      -0.0101524      -1.13366145E-02 -7.69246312E-04  1.22957051E-02
     -0.0611193      -0.0289590       0.0337566       9.41564090E-03  7.09695990E-03 -5.25365050E-03
     -0.0670042      -0.0207141      -0.0281969       1.41406487E-02  6.38367720E-03  6.17293034E-03
     -0.0632083      -0.0411507      -0.0050020       1.11947938E-02  1.80251736E-03  1.12742191E-02
     -0.0043797       0.0637216       0.0404237      -7.34977433E-03 -1.89388023E-02 -6.02629559E-03
     -0.0687614      -0.0160179      -0.0270001       1.40814051E-02 -2.86848283E-03  8.66978792E-03
      0.0092743      -0.0651798       0.0371387      -2.34296070E-03  1.28060798E-02 -5.18147828E-03
      0.0065770       0.0375880      -0.0652503       3.88735752E-03 -1.04370429E-02  8.24586133E-03
      0.0571473      -0.0387172      -0.0308036      -6.45386365E-03 -1.41405689E-02  3.18523565E-03
      0.0533979      -0.0125472      -0.0520088      -5.17656512E-03 -1.76125281E-02  4.69718746E-03
      0.0232104       0.0256100       0.0672242      -8.63041540E-04  5.43355729E-03 -1.04966606E-02
     -0.0632929      -0.0293697       0.0290715       7.14098545E-03  9.21358839E-03  8.98873824E-03
      0.0610660      -0.0313245       0.0316769      -2.04726640E-02  2.22256518E-02 -1.03167848E-02
     -0.0107483       0.0683694       0.0303941       2.65150199E-03 -2.52880023E-02 -6.48401009E-03
     -0.0053048      -0.0591412       0.0467748      -2.23723453E-04  1.83926066E-02 -6.18686680E-03
      0.0088748      -0.0092352       0.0744961      -1.08418361E-02 -9.66629485E-03 -4.30016201E-03
      0.0027730      -0.0128637       0.0744347      -1.67913633E-03  1.39508673E-02 -4.75452329E-03
     -0.0212535      -0.0445624       0.0572379       1.22691004E-02 -3.30675398E-03 -6.92496975E-03
      0.0003368       0.0031674       0.0755220      -1.57718370E-03  7.52938432E-03 -1.22173278E-02
     -0.0745518       0.0116524      -0.0044671       1.31575517E-02  2.13684533E-02  3.51018498E-03
     -0.0007963      -0.0717627       0.0237316       6.39000382E-03 -4.94154190E-03 -4.68800881E-03
      0.0673112       0.0326642       0.0107681      -1.48509757E-02  4.31211843E-04 -3.17424285E-04
     -0.0081421       0.0579501      -0.0478456       5.21929465E-03 -1.14765964E-02  4.61548470E-03
      0.0308425       0.0507615      -0.0467516      -7.28956671E-03 -7.89917507E-03  6.97732478E-03
      0.0031871      -0.0677341      -0.0334011       5.98763108E-03  1.14279249E-02  9.36131755E-03
      0.0494602       0.0252016      -0.0513058      -9.72704082E-03  7.86536841E-03  6.83824115E-03
      0.0598023      -0.0460786      -0.0037615      -1.70550901E-02  1.17016893E-02  3.06994738E-03
      0.0068539       0.0472661       0.0585889      -8.61401492E-03 -2.24697315E-02 -1.21457818E-02
     -0.0364159       0.0000746       0.0662387       2.60096506E-05  4.44372538E-03 -6.55653172E-03
     -0.0359299      -0.0348520       0.0566399       8.09663120E-03 -7.34253889E-03 -7.30268153E-03
     -0.0459617      -0.0411809      -0.0436503       9.96185902E-03  7.89335847E-03  3.38682303E-03
      0.0218099       0.0618854       0.0375261      -6.09327858E-03 -5.42602403E-03 -5.36953434E-03
     -0.0725995       0.0152183      -0.0145401       2.35914746E-02 -6.37174218E-04  1.19126979E-03
     -0.0362259       0.0661029       0.0056386       1.54331773E-02 -1.37884706E-02 -2.01358921E-03
      0.0705212       0.0123813       0.0242314      -2.17561217E-02  1.32469216E-03 -6.06396636E-03
      0.0304217       0.0293709      -0.0626544      -7.35339035E-03 -8.72114744E-03  1.48311744E-02
     -0.0698916      -0.0245576       0.0150266       1.56627179E-02  7.23023777E-03 -1.16650893E-02
     -0.0516938       0.0148622      -0.0531091       9.59999173E-03  4.00750421E-03  6.91092100E-03
     -0.0654795      -0.0047980       0.0374583       1.98200982E-02  3.44107992E-04 -7.00957206E-04
     -0.0403878       0.0068231      -0.0635293       2.25306993E-02 -9.67266313E-03  1.28330404E-02
     -0.0302057      -0.0522389       0.0455237       1.26886256E-02  1.16905350E-02 -2.34337670E-04
      0.0655507      -0.0230939       0.0297236      -8.12327046E-03 -2.30335228E-03 -6.24801923E-03
      0.0558291       0.0011569       0.0509460      -3.37070205E-02 -1.04561207E-02 -6.71224016E-03
      0.0171272      -0.0734265      -0.0053777       2.66640342E-03  6.40056204E-03 -1.16600356E-03
     -0.0093440      -0.0707274       0.0249805       1.34752783E-02  4.33767461E-03  2.90602232E-03
     -0.0434871       0.0617697      -0.0026591       1.85182747E-02 -2.96286778E-03 -7.85638323E-03
     -0.0645560       0.0388751       0.0059114       1.85666621E-02  5.73220734E-03 -5.96229356E-03
      0.0194331      -0.0629697       0.0370252      -2.00504630E-02  9.62175507E-03  3.28292363E-03
     -0.0442798      -0.0600648       0.0120500       6.54765644E-03  7.09235466E-03  2.06063735E-03
      0.0327073       0.0342873       0.0588923      -5.82034378E-04  5.23136192E-03 -4.44294035E-03
     -0.0246636       0.0118784      -0.0704579      -1.08843850E-02  1.54298961E-03  1.12101803E-02
     -0.0388899      -0.0574001      -0.0301086       9.46671130E-03  7.53692515E-03 -1.55332675E-03
     -0.0703671       0.0113662      -0.0251596       1.19282533E-02 -4.11946836E-03  4.76798200E-03
      0.0727302      -0.0007640       0.0205775      -2.56431193E-02 -1.66466588E-02 -8.83641841E-03
     -0.0314304      -0.0179985      -0.0663467      -8.89807127E-03  1.94168624E-03  8.84307300E-03
      0.0754054       0.0052639       0.0000744      -3.78076203E-02  1.39046138E-03 -2.83720390E-04
      0.0639224       0.0356472      -0.0188919      -2.81484151E-02 -3.98554293E-03 -1.02891711E-03
      0.0162812       0.0248271      -0.0695142      -2.25042828E-02 -3.97350816E-03  1.49010307E-02
     -0.0135240       0.0027530       0.0743183       1.41315361E-03  6.67078167E-03 -7.80394317E-02
      0.0627732       0.0419814       0.0032832      -4.35010376E-02  6.63097102E-03 -2.06732214E-02
      0.0646286      -0.0337947       0.0198686      -6.59777149E-03  2.66603840E-02  3.27355181E-02
      0.0596992      -0.0394126      -0.0244204      -2.54984412E-02  1.52308896E-02  2.99068316E-02
     -0.0673599       0.0263632       0.0219396       1.53726542E-02 -4.51982915E-03 -2.21428852E-02
     -0.0068650       0.0148696      -0.0737934       7.81936992E-03 -1.75874330E-02  1.73019786E-02
     -0.0436597       0.0599091      -0.0147799       2.06808861E-02 -2.74343657E-02  3.15065968E-02
      0.0083816       0.0204826       0.0722767      -3.44348475E-03  3.85892853E-03 -6.07227640E-02
     -0.0485068      -0.0413661       0.0406159       1.49443442E-02  3.56287165E-03 -3.16934055E-03
     -0.0668962       0.0093966       0.0339161       2.72390597E-02 -1.91112147E-02 -4.10137178E-02
      0.0375493       0.0650859       0.0082196      -1.02630716E-02 -2.39129893E-02  1.56383560E-02
      0.0583990      -0.0477672      -0.0046431       5.03112553E-03  2.77518004E-02  2.25209810E-02
      0.0249577      -0.0706881       0.0096956      -2.79252608E-02  1.60622329E-02 -1.76434539E-02
      0.0632247      -0.0406581       0.0079536      -4.25068421E-02  5.30874163E-02  4.63198729E-03
     -0.0032596       0.0651691      -0.0381584       1.49670514E-02 -3.42782303E-02  2.04389779E-02
      0.0328745      -0.0195692      -0.0651922      -3.34180545E-02  2.12667196E-03  3.72219719E-02
     -0.0130995       0.0638299      -0.0383126       1.52226894E-02 -1.57204180E-02  1.60666392E-02
     -0.0575954      -0.0371728       0.0318537       3.82382289E-02  1.03158601E-02 -2.83553127E-02
      0.0582211       0.0096689       0.0472284      -3.40947974E-02 -1.66803553E-02 -2.55789782E-02
     -0.0643421       0.0120552       0.0377949       5.63056487E-02 -7.64215839E-03 -2.15137649E-02
      0.0277784       0.0682426       0.0168821      -7.55673669E-03 -3.12167468E-03 -1.87867552E-02
     -0.0527820      -0.0489751       0.0230043       3.91941494E-02  1.27976368E-02 -2.32013925E-02
     -0.0224118      -0.0058267       0.0719546       1.61861076E-02  1.89721208E-02 -4.05016253E-02
      0.0280984       0.0684410       0.0154924      -1.16533201E-02  9.89496913E-04 -1.42422333E-03
     -0.0516012      -0.0205503       0.0512707       1.88220196E-02 -1.87163244E-05 -1.25835071E-02
      0.0600530       0.0450486       0.0088308      -3.37792227E-02 -1.31221620E-02 -2.70055385E-03
      0.0524330       0.0180005       0.0513856      -5.73470248E-02  6.99129980E-03 -3.50807493E-02
# Displacement: 22,  E_pot (hartree): -29718.645982368
     -0.0238592       0.0283590      -0.0658802       1.78436941E-03 -1.25979382E-02  1.87254243E-02
     -0.0079932      -0.0044524      -0.0750333      -1.78892525E-02 -2.79737370E-03  9.81609614E-03
      0.0363233       0.0618737       0.0237900      -5.75309677E-03 -1.67035223E-02 -1.09030476E-02
     -0.0466114      -0.0240651      -0.0544237       6.57610137E-03  6.35673587E-03  8.78317121E-03
      0.0439802      -0.0239745       0.0566097      -1.27176090E-02  1.07033252E-02 -4.10710707E-03
      0.0744073      -0.0082256      -0.0104688      -1.43500692E-02 -2.36047121E-03  2.90946198E-03
     -0.0615974      -0.0295943       0.0323055       1.72019385E-02  1.28218824E-02  1.02507980E-03
     -0.0234684       0.0256192      -0.0671312       1.14874378E-02 -4.53451116E-03  4.24002793E-03
      0.0289578       0.0326317       0.0617278      -1.33219558E-02  1.11644985E-02 -1.37412169E-02
      0.0136527      -0.0249177       0.0700459       1.07274937E-02  8.95083472E-04 -9.59725844E-03
     -0.0324395      -0.0424497      -0.0534734       1.44036100E-02 -7.71737618E-03  8.95888734E-03
      0.0095911      -0.0035595       0.0748936       2.63764854E-03 -1.37208853E-02 -1.05376419E-02
      0.0256355      -0.0584029       0.0405662       1.04174557E-03  2.31806061E-03 -1.54257046E-02
     -0.0337316      -0.0422796       0.0528044       7.66306301E-03  1.66559680E-02 -7.22329190E-03
     -0.0053343      -0.0612239      -0.0440099      -1.28026402E-03  1.08416226E-02  1.96281915E-02
      0.0092001      -0.0745677       0.0082904       4.79477765E-03  2.06527827E-02  4.97011307E-03
     -0.0017757      -0.0483554       0.0580715      -1.13306048E-03  6.68337639E-03 -1.35758314E-02
     -0.0288061      -0.0457505       0.0528280       2.21779348E-02  1.97897859E-02 -1.52841325E-02
     -0.0411158      -0.0225556      -0.0592827      -1.58087169E-04  1.17866753E-02  1.51437505E-02
     -0.0746580      -0.0078736      -0.0088260       2.27535952E-02 -7.06000065E-04 -1.88651977E-03
      0.0537264       0.0383320      -0.0368488      -5.29223183E-03 -1.56934300E-02  9.36345846E-04
     -0.0258710       0.0082763       0.0705402       2.93300047E-03 -9.25367749E-03 -1.77374426E-02
      0.0106466      -0.0576955      -0.0476612       5.65450382E-03  1.37599662E-02  1.83548412E-02
     -0.0567059       0.0462011      -0.0190687       2.16110848E-02 -6.63080670E-03  8.38120389E-04
     -0.0056524      -0.0517051       0.0548484      -1.11024386E-02  1.03331128E-02 -1.06868027E-02
     -0.0374875       0.0462312       0.0465945       4.79788968E-03 -1.21583325E-02  5.77328697E-03
     -0.0242536      -0.0236018       0.0675901       8.42559269E-04  1.53671175E-02 -2.39497021E-02
      0.0537608      -0.0487104       0.0212315      -6.61544806E-03  8.85757523E-03 -1.37961409E-03
     -0.0503818      -0.0542967       0.0150750       1.24898073E-02  1.07457058E-02 -9.19389982E-03
      0.0458376      -0.0592161      -0.0102996      -1.48789626E-02  2.96537191E-03  2.47698714E-02
      0.0625502       0.0348364      -0.0242403      -9.71985520E-03 -1.30300851E-02  3.97449206E-03
      0.0139839      -0.0419737      -0.0612892      -2.49480255E-03  4.06432310E-03  4.09357322E-02
     -0.0560312       0.0502878       0.0067346       5.82327015E-03 -4.18785997E-03 -8.55663341E-03
      0.0033076      -0.0606136       0.0450416      -4.13861344E-03  1.61968598E-02 -1.00271135E-02
      0.0081639       0.0635315       0.0401349      -8.05976505E-04 -8.60219017E-03 -1.80777011E-02
      0.0301349      -0.0000677       0.0693223      -1.96997178E-03 -3.26708650E-03 -2.84120398E-02
      0.0036982      -0.0725737       0.0208109      -4.18955318E-03  1.68381788E-02  1.32346807E-02
      0.0113143       0.0492578       0.0562080      -5.07926730E-03 -6.34955111E-03 -1.79912276E-03
      0.0578060      -0.0304438       0.0380178      -8.04697387E-03  5.19030170E-03 -3.09676451E-02
     -0.0105324       0.0617918       0.0422440       4.91540231E-03 -1.54479941E-02 -2.54826267E-02
      0.0358113      -0.0555570       0.0366696      -5.14611672E-03  4.70969088E-03 -8.31768480E-03
     -0.0026598       0.0553019       0.0514619       2.17099240E-03 -1.50379715E-02 -1.30460446E-02
      0.0120377      -0.0451861      -0.0593885       1.83228392E-03  1.21049886E-03  2.70426923E-02
      0.0431778       0.0022692       0.0620018      -4.28699843E-03 -2.42636394E-03 -2.25960981E-02
     -0.0159968      -0.0229533       0.0702207       6.71771050E-03 -6.62213299E-04 -2.70855021E-02
     -0.0517222      -0.0047767       0.0549154       9.14829125E-03  7.86529244E-03 -1.36784916E-02
     -0.0094629      -0.0687881      -0.0298724       4.70510456E-03  1.35222169E-02  4.42049449E-02
      0.0594258      -0.0223600      -0.0410161      -3.13096590E-05  5.10163084E-03 -2.78535622E-03
     -0.0654277       0.0093311      -0.0366856       1.26647975E-02  3.92703123E-03 -9.27129898E-03
      0.0746489       0.0038094       0.0112581      -2.12375378E-03  4.28492933E-05  7.02927441E-03
      0.0225093      -0.0721597      -0.0001099      -2.69814488E-03  8.75916852E-03 -1.44290569E-05
      0.0697239       0.0141630      -0.0255285      -1.06685930E-02 -9.08593234E-03  8.74662927E-03
     -0.0436166       0.0033823      -0.0616430       6.78027500E-03 -1.91767098E-03  2.74899429E-02
     -0.0088031       0.0728832      -0.0180072      -7.68064009E-05 -1.44506147E-02  1.38671447E-02
     -0.0657661      -0.0317560       0.0194957       8.09130285E-03  1.92019261E-02  3.84740736E-03
     -0.0330231       0.0611619       0.0297054       4.62782482E-04 -1.51937960E-02 -9.51945620E-03
     -0.0618616      -0.0137693      -0.0411978       9.56262375E-03 -7.76762826E-03  9.66093740E-03
      0.0274750       0.0702607      -0.0047190      -8.46833119E-03 -4.16227019E-02  7.33284329E-04
      0.0334778      -0.0656196       0.0169409      -3.15329772E-04  9.42635349E-03 -4.91251321E-04
      0.0461372      -0.0404467       0.0441489      -9.83428744E-03  2.43277720E-02 -2.84661500E-03
     -0.0512885      -0.0186889       0.0522869       5.07102737E-03  1.92202488E-02 -1.39831636E-02
      0.0230692       0.0650185       0.0308884      -5.37470839E-03 -2.11150390E-02  7.54129389E-03
     -0.0253105      -0.0034193      -0.0711434       4.82631714E-03 -3.94258241E-03  7.41085424E-03
     -0.0574008      -0.0227240       0.0436173       7.60818253E-03  2.07172720E-02  1.13174678E-04
     -0.0148735      -0.0723052      -0.0162618      -1.86393548E-03  3.73295586E-02  4.83807566E-03
      0.0266963      -0.0513114      -0.0486635      -5.10698364E-03  9.67977948E-03  6.62163313E-03
      0.0646390      -0.0030246      -0.0390686      -6.07402310E-03  8.64761529E-03  1.40782774E-02
     -0.0595523       0.0393546       0.0248686       6.80826133E-03 -2.23860475E-02 -3.02677996E-03
     -0.0552313      -0.0383341      -0.0345498       8.94354783E-03 -2.45541800E-03  5.40028628E-03
     -0.0423263       0.0065225      -0.0622869       1.21210650E-02 -1.09732682E-02  7.42212381E-03
      0.0257499       0.0710572      -0.0012294      -1.39249973E-03 -2.36778858E-02  2.82584997E-03
     -0.0272899      -0.0671341      -0.0214939       3.91413956E-03 -8.22678068E-05  3.00183490E-03
     -0.0136077       0.0096596       0.0737239       5.21345379E-03  5.10275054E-03 -1.35001104E-02
      0.0083796       0.0428831       0.0616809       3.16999057E-03 -1.44369158E-02 -1.13509125E-02
      0.0071484      -0.0748628      -0.0076262       4.21094459E-03  1.14193876E-02  1.43560148E-03
     -0.0165579      -0.0073431       0.0733867       3.11872156E-03  7.75294941E-03 -1.17785598E-02
     -0.0371570      -0.0178212       0.0633676       9.13103171E-03  1.13811351E-02 -6.27308058E-03
      0.0744207       0.0048425       0.0123219      -5.61241394E-03 -1.51442867E-02 -6.26935722E-03
      0.0393313       0.0381727      -0.0520539      -8.72298423E-03 -2.19391146E-02 -1.13909278E-03
      0.0148005       0.0282209       0.0685436       2.10863540E-03 -2.56061251E-02 -1.08702078E-02
      0.0469972      -0.0499010       0.0318572      -5.07921172E-03  1.33691611E-02  1.73378364E-03
     -0.0508387      -0.0245048       0.0502856       3.86199900E-02  1.16451775E-02 -1.46222407E-03
     -0.0670386       0.0004587       0.0349187       2.64818648E-02  5.92968669E-03 -6.68367417E-03
      0.0668476      -0.0091520      -0.0340785      -2.68450646E-02  6.28154045E-04  5.13292043E-03
      0.0429614       0.0599744      -0.0164650      -2.90306205E-02 -1.26138276E-02 -1.83176808E-03
      0.0298969      -0.0573677      -0.0391001       1.06873894E-02  5.54445096E-03  5.12532602E-03
     -0.0231504       0.0689057      -0.0207309       2.47701369E-02 -9.66961917E-03  1.28816326E-03
     -0.0734493       0.0073033       0.0162963       3.16052083E-02 -2.30965316E-04 -8.85147832E-03
     -0.0637884      -0.0347923       0.0208382       3.51314152E-02  8.19400372E-03 -4.48365649E-03
      0.0280325       0.0631933       0.0305698      -8.82765069E-03 -1.57237787E-02  3.26018152E-04
      0.0297770       0.0617425      -0.0318575      -2.14672162E-02 -4.81112876E-03  1.46217847E-02
      0.0453731      -0.0589753       0.0133007      -1.06098392E-02  7.55345052E-03  3.95418436E-03
     -0.0333076      -0.0434998       0.0520776       1.40300453E-02 -1.09647469E-03 -9.83966753E-03
     -0.0312214       0.0594157       0.0347662       2.17890946E-02 -1.53770862E-02 -1.22981067E-02
      0.0593379      -0.0448995      -0.0132954      -1.96974989E-02  5.13510630E-03  9.97613699E-03
      0.0616952       0.0320131      -0.0297082      -2.83733536E-02 -4.55546953E-03  4.13749360E-03
      0.0708293       0.0240659      -0.0108519      -3.58409459E-02 -1.87594302E-03  5.31088894E-03
      0.0467244       0.0361389      -0.0471649      -3.02219270E-02  3.29500152E-04  3.42901678E-03
      0.0629406       0.0221901      -0.0354935      -3.66099374E-02 -7.96017904E-03  6.35705640E-03
      0.0383084      -0.0645805       0.0086912      -1.40516546E-02  1.56087659E-02  1.09005263E-03
     -0.0227004      -0.0718079       0.0064831      -3.08647301E-02  1.31853941E-02  5.36859437E-03
     -0.0053347      -0.0753422       0.0029684       1.19239815E-02  1.26463018E-02 -3.39341811E-03
     -0.0003484       0.0511948      -0.0556119       1.33469698E-03 -4.45494042E-03  4.10652430E-03
      0.0441265      -0.0608271       0.0081613      -6.99032829E-03  5.99058096E-03  1.83589440E-03
     -0.0092737       0.0730584      -0.0170343       1.19462196E-02 -1.43173467E-02  3.35904503E-03
      0.0427285       0.0622359       0.0038302      -6.84377933E-03 -1.73202534E-02 -3.14218342E-03
      0.0044495       0.0441604      -0.0611864      -1.82897882E-03 -2.50943737E-03 -2.00315353E-03
     -0.0752924      -0.0048444       0.0046159       2.95164918E-02 -8.77891522E-03  6.43906421E-03
     -0.0311434       0.0035062       0.0687858       6.30195503E-03  2.52191455E-03 -3.50612924E-02
      0.0736666       0.0023989       0.0167683      -1.71091799E-02 -1.86732275E-02  1.25201852E-02
     -0.0355744      -0.0559767       0.0362600       3.35538933E-02  1.03334611E-02 -1.39512816E-02
      0.0187965      -0.0382668      -0.0624184      -1.68767504E-03  3.58813864E-02  4.18581588E-02
     -0.0123780       0.0363319       0.0651190       6.37737815E-03  2.86086897E-03 -7.03659988E-02
     -0.0415352       0.0505456       0.0378640       1.06062149E-02 -2.91858486E-02 -1.14629112E-03
     -0.0128325       0.0568927      -0.0480861       1.44539719E-03 -4.66403276E-02  6.95577517E-03
     -0.0224784       0.0237480      -0.0681503       1.94552039E-02  1.38786256E-03  2.36459910E-02
      0.0494079      -0.0242018      -0.0518345       2.70266324E-03  2.33763942E-02  2.68759737E-02
      0.0074984      -0.0041493       0.0751016       4.46771194E-03 -3.55213333E-02 -4.49296241E-02
      0.0095082      -0.0174217       0.0729369       2.72330818E-02 -1.91395391E-02 -2.72639543E-02
     -0.0119117       0.0286897      -0.0689108       8.25120331E-03 -4.24220950E-03  4.90258199E-02
     -0.0014735      -0.0498902      -0.0567671      -6.11596972E-03  2.35379978E-02  2.59030357E-02
     -0.0115982      -0.0698899      -0.0263551       1.50509252E-02  2.67154779E-02  2.25253075E-03
      0.0086045       0.0442186      -0.0606990      -1.58138882E-02  5.54515761E-03  1.94259096E-02
      0.0262538      -0.0682792      -0.0190364      -1.89744799E-02  1.12347218E-02 -2.42638919E-02
      0.0303850       0.0218165      -0.0656848       1.72144524E-03 -1.71340307E-02  4.66794572E-02
      0.0598841       0.0331276      -0.0320962      -7.54388496E-03  6.28551312E-03  7.75428690E-03
     -0.0052002       0.0687109       0.0310717      -1.66625190E-02 -4.64262810E-02  1.88732392E-02
      0.0675259       0.0063692       0.0333677      -1.02615958E-02 -4.43670164E-03 -3.15158583E-02
      0.0708510       0.0140850      -0.0222589      -3.76829748E-02  9.61216873E-03 -2.93851301E-03
      0.0124421       0.0567661      -0.0483376       2.08881716E-03 -1.64633533E-02  2.43303258E-02
      0.0669046       0.0329182       0.0124047      -3.46410954E-02  5.32360087E-04 -5.48869425E-04
     -0.0152371       0.0611651      -0.0417176      -1.39032265E-03 -1.54599407E-02  8.58414948E-03
     -0.0478699      -0.0570527      -0.0129289       9.69551249E-03  5.67793632E-02  1.54997975E-02
      0.0550016       0.0503451      -0.0124064      -2.48307503E-02  2.62988231E-04 -7.81645980E-04
      0.0319505       0.0233907       0.0643876      -2.85487105E-03  1.33402861E-02 -3.69532822E-02
# Displacement: 23,  E_pot (hartree): -29718.644223181
     -0.0482567       0.0431555      -0.0390204       3.31104961E-03  7.36681578E-05  2.46803519E-03
     -0.0054006      -0.0280579       0.0699806       5.09588528E-03  8.65830426E-03 -6.96231491E-03
      0.0461719       0.0540300       0.0257413      -8.52470413E-04 -1.21280332E-02 -5.47405031E-03
     -0.0702229      -0.0072113       0.0270268       4.56368175E-03  8.10911338E-03 -3.16982462E-03
     -0.0550978      -0.0274429      -0.0438728       9.97349105E-03 -8.74355204E-03 -7.61613337E-04
      0.0123521       0.0694717      -0.0271076      -2.03598142E-02 -1.07205198E-02  1.37145292E-02
      0.0306079       0.0600074       0.0342924       5.07559160E-03 -1.94521417E-02 -4.37898503E-03
      0.0350365      -0.0455440       0.0491110      -5.79988547E-03  1.48793932E-02 -6.53488234E-03
     -0.0228796       0.0714916       0.0088979       8.78671365E-03 -5.88174416E-03 -7.45646013E-03
      0.0742992      -0.0052631       0.0128704      -4.33454661E-03  1.54038962E-02  8.31321639E-03
      0.0095900      -0.0463339       0.0589483      -6.64890527E-03  2.83074098E-02 -1.81489999E-02
      0.0103479       0.0737548      -0.0129173      -1.60790424E-02 -1.08806742E-02  9.35849778E-03
     -0.0276505       0.0019685      -0.0703226       6.58673955E-03 -4.90483365E-03  3.02406380E-02
     -0.0225887       0.0477265       0.0540891      -5.12665935E-04 -1.84690925E-02 -2.29031405E-02
     -0.0619506       0.0431361       0.0038861       1.35493565E-02 -1.00879872E-02 -3.96225617E-04
     -0.0517683      -0.0233763       0.0498728      -1.22637494E-03 -2.67197932E-03 -1.72460331E-03
     -0.0155825       0.0507674       0.0537917      -9.50106427E-03 -2.18706317E-02 -1.52209934E-02
      0.0565264       0.0463067       0.0193433      -2.09109602E-02 -2.79334787E-03  3.18379747E-03
     -0.0013299      -0.0748134       0.0107191      -1.36188430E-03  2.12950152E-02  6.18256087E-03
      0.0382609      -0.0486646      -0.0433770      -3.19169519E-04  2.22686445E-02 -2.24372849E-03
      0.0127961       0.0231330      -0.0708154      -8.28207551E-05 -6.57898018E-03  1.39652706E-02
     -0.0447153       0.0515417      -0.0325224       7.37368045E-03 -1.04121853E-02  4.54203019E-03
      0.0391459       0.0534364      -0.0364123      -5.46616244E-03 -1.24369148E-02  2.11401136E-03
     -0.0202163      -0.0233689       0.0689848       1.49083193E-02  1.55936710E-02 -6.16559809E-03
      0.0313807      -0.0358242      -0.0586990      -8.62842200E-03  1.22802199E-03  6.63880390E-03
     -0.0348577       0.0033997       0.0669857       1.52601298E-02 -4.10733688E-03 -8.81632718E-03
      0.0203709      -0.0378170      -0.0621981      -1.63569329E-04 -1.40930857E-03  1.08638213E-02
      0.0432424      -0.0354648       0.0508533      -5.69075727E-03  3.54187620E-03 -2.53099642E-02
     -0.0319471      -0.0462572       0.0505308       1.06235087E-02  1.43524560E-02  1.10969356E-02
     -0.0421377      -0.0261406       0.0570508       4.88776422E-03  8.87210278E-03 -2.42222518E-02
      0.0650204      -0.0168124       0.0346899      -1.58471822E-02  1.00747460E-03  3.05618716E-02
     -0.0663391      -0.0353130      -0.0081139       7.36791854E-03  2.95298756E-03  6.24102426E-03
     -0.0302048       0.0032535       0.0692156       1.23753186E-02 -8.14935891E-03 -6.12428782E-02
      0.0709732      -0.0140524      -0.0218867       4.05156708E-04  4.42130102E-03 -3.59997610E-04
     -0.0672771       0.0260709       0.0225346       2.09773353E-02 -4.93854626E-04 -2.50596248E-02
     -0.0244553      -0.0700130      -0.0146225       3.61421166E-03  2.13124465E-02  1.61520050E-02
     -0.0638851      -0.0070928      -0.0397754       8.27323612E-03  3.47198200E-03  4.36958265E-02
     -0.0013911      -0.0715683       0.0242847      -5.56680049E-03  6.83836209E-03  1.29560902E-02
      0.0565780      -0.0501109      -0.0012416      -5.32393453E-03  5.89699388E-03 -3.87562280E-02
     -0.0154009       0.0359103      -0.0647067      -2.30931957E-03 -5.04723215E-03  3.93964009E-02
      0.0710997      -0.0111222       0.0231263      -1.72513088E-02  1.72172071E-03 -1.97146627E-03
     -0.0360425       0.0632271      -0.0204199      -3.48712577E-03 -5.29086421E-03 -4.95232343E-03
     -0.0638631      -0.0111855      -0.0388598       6.87254965E-03  5.10354208E-04  4.21954507E-02
     -0.0024623       0.0490084       0.0574962      -9.79943503E-03  8.67290997E-05 -3.72434498E-02
      0.0703891      -0.0193699       0.0195930      -1.39595457E-02 -6.17421311E-04 -4.43150643E-03
      0.0161798      -0.0429254      -0.0600777      -1.07076034E-03  2.98362080E-03  1.86175646E-02
     -0.0202156       0.0669534      -0.0286751       1.81577404E-03 -5.15916000E-03  3.17161138E-02
      0.0421855      -0.0123540       0.0614937      -6.14189746E-03  1.43965546E-05 -2.68359852E-02
     -0.0093522       0.0722241      -0.0202464       5.53968500E-03 -8.87870172E-03  1.00956346E-02
     -0.0154320       0.0562307       0.0481004       6.18367455E-03 -1.05717268E-02 -2.29377075E-02
      0.0689063      -0.0263378      -0.0164911      -1.20348871E-02  1.45813663E-02  1.52298142E-02
     -0.0338849       0.0541980       0.0403497       5.13384909E-03 -1.04187289E-02 -1.71755432E-02
      0.0060657      -0.0340569      -0.0672090      -6.52555107E-03  5.78894195E-03  2.70146642E-02
      0.0249354       0.0313427      -0.0641060      -6.19028528E-03 -9.26355831E-03  1.37448417E-02
      0.0158035       0.0628219      -0.0389534       1.00066203E-03 -2.77546501E-02 -6.99822562E-04
      0.0086220       0.0635760      -0.0399682       1.25161913E-02 -2.90106502E-02  1.09840978E-02
     -0.0096698       0.0495377      -0.0562691       8.36529030E-03 -1.24636624E-02  1.36660371E-02
     -0.0530313      -0.0034540       0.0537536       2.44260458E-03 -1.05965788E-03 -3.97202719E-03
     -0.0059771      -0.0612805       0.0438483      -5.27144197E-03  2.95083414E-02  2.92042913E-03
      0.0561645      -0.0012685      -0.0505729      -2.88817004E-03  1.14856214E-03  3.04733431E-03
     -0.0158235      -0.0448274      -0.0587694       1.70434546E-03  2.74960274E-02  1.41104233E-02
     -0.0699772      -0.0048396      -0.0281690       1.24132877E-02 -6.84595321E-03  6.81216999E-03
      0.0334962       0.0559548       0.0382199      -3.80195654E-03 -2.11818937E-02 -9.51488335E-03
     -0.0537767       0.0530430      -0.0028659       9.24831667E-03 -3.69828244E-02  5.98991846E-03
     -0.0004755       0.0748934      -0.0102203      -7.44193447E-03 -3.37561430E-02  4.42844596E-03
      0.0560802       0.0214608       0.0459147      -1.13009289E-02 -1.03257828E-02 -1.09883815E-02
     -0.0190012      -0.0520293      -0.0514355       2.65710412E-03  2.69254137E-02  6.34402420E-03
      0.0556415      -0.0145056       0.0490644      -1.36624224E-02  9.25903326E-03  2.19901474E-03
      0.0690034       0.0031227      -0.0306998      -1.88596290E-02  7.43253158E-03 -4.88942066E-04
     -0.0540350      -0.0185014       0.0495138       4.64685405E-03  1.88183797E-02 -4.39848633E-03
     -0.0628724      -0.0345923       0.0237517       2.18225302E-03  1.87087869E-02  3.70702865E-03
     -0.0717532       0.0033476      -0.0235365       2.32174662E-03 -7.50290510E-04 -7.78027202E-04
     -0.0579177      -0.0370543      -0.0314040       1.09126613E-02 -2.16732078E-02 -5.68012882E-04
      0.0168675       0.0418684       0.0606319      -9.93001810E-03 -1.70591635E-02  1.57979657E-06
      0.0128896       0.0727313       0.0160536      -1.19857454E-02 -1.35378200E-02 -1.13444432E-02
     -0.0681148       0.0241025       0.0222066       1.24456981E-02  1.09352202E-03  3.18028466E-04
     -0.0583751      -0.0021373      -0.0479737       1.14470957E-02  1.76542100E-03  4.62894908E-03
     -0.0348205       0.0487964       0.0460452       7.37339433E-03 -1.35121859E-02 -9.71098736E-03
     -0.0305325      -0.0690922      -0.0027838       8.16032237E-03  2.43330050E-02 -6.41841286E-03
      0.0261136      -0.0708129      -0.0041635      -3.19171763E-03  2.86059279E-02 -2.39922834E-03
      0.0753411       0.0034949      -0.0050218      -1.22282659E-02  2.50496868E-02  1.84416234E-05
     -0.0193489      -0.0119388       0.0720887       6.01408206E-03  3.14898206E-04 -1.05698791E-02
      0.0248168      -0.0702434      -0.0127951      -1.47625873E-02  1.62696925E-02  9.90163510E-03
     -0.0145504      -0.0723338      -0.0164262       1.42508036E-02  1.95746425E-02  1.34953368E-03
      0.0562812      -0.0206363      -0.0460465      -2.52345179E-02  2.97722896E-03  1.53893920E-02
     -0.0679180      -0.0319246      -0.0090374       2.91289492E-02 -7.95248887E-03 -1.99484741E-03
     -0.0176256      -0.0236480       0.0695976       2.96200172E-02  3.83210563E-03 -1.66727698E-02
      0.0462101       0.0381622       0.0460649      -1.43545251E-02 -3.74829845E-03 -6.88842070E-03
      0.0585253       0.0460872      -0.0128243      -1.00350815E-02 -5.29530168E-03 -1.36059201E-03
     -0.0631891       0.0303730      -0.0282547       2.91704313E-03  1.55041093E-03  2.68758500E-03
      0.0056061       0.0752191      -0.0049341      -1.37759704E-02 -9.59726692E-03 -5.30800704E-03
     -0.0727625       0.0078525      -0.0189116       3.29210522E-02  3.58439385E-03  1.78399171E-02
      0.0255280      -0.0380757       0.0601023      -6.34022232E-03  8.66743543E-03 -1.16595927E-02
     -0.0676435      -0.0038306       0.0335167       2.59679318E-02 -1.02235133E-03 -3.63130932E-03
     -0.0550729      -0.0463860      -0.0230002       1.20953649E-02  2.12258036E-03  1.59894822E-02
     -0.0194488      -0.0055912      -0.0728298      -1.96475109E-03 -3.60434108E-03 -1.27362518E-04
     -0.0229039       0.0024427      -0.0719941       6.03988907E-03  2.56595544E-04  6.17294516E-03
     -0.0104890      -0.0717564      -0.0213234       2.27299899E-02  1.24705053E-02  8.53072189E-03
     -0.0375721      -0.0334686      -0.0564081       1.17221128E-02  1.72528294E-02  1.04215780E-02
      0.0594441       0.0354201      -0.0304223      -1.33913918E-02 -6.44035326E-03  7.90687707E-03
      0.0024105       0.0077621      -0.0751508      -1.21293743E-02 -6.50735921E-03  1.56717897E-02
      0.0151469       0.0619772      -0.0405349      -8.85920905E-04 -1.31396277E-02 -2.97967091E-03
     -0.0230305       0.0437994       0.0571394      -1.72805244E-03 -4.28190936E-04 -1.02860332E-02
      0.0346432       0.0657076      -0.0140023      -2.83837917E-02 -6.79307281E-03 -1.03470558E-04
      0.0354344       0.0667031       0.0029668      -1.84609491E-02  4.10475613E-03  3.36609634E-03
      0.0578325       0.0054267       0.0483699      -2.41406372E-02 -8.97065259E-03 -3.81697689E-03
     -0.0210527      -0.0022205       0.0725642      -1.24291426E-02  2.08439965E-03 -9.13015367E-03
     -0.0739949       0.0082597      -0.0130478       2.00038996E-02 -3.94971891E-03 -4.06815208E-03
     -0.0061601      -0.0660729      -0.0361960       2.06348323E-02  2.90512351E-02  4.02184870E-02
      0.0180070       0.0470146       0.0563832      -1.78017949E-02 -3.22969760E-02 -4.00930089E-02
      0.0082419       0.0742711       0.0113827      -2.27788455E-02 -3.53633634E-02  9.87460069E-03
     -0.0327596      -0.0437099       0.0522490       6.74278274E-03 -2.91400260E-03 -3.77028717E-02
     -0.0394919      -0.0630015      -0.0135984       9.63408993E-04  2.69841965E-02 -1.24785077E-02
      0.0299043      -0.0237172      -0.0652450      -3.58451903E-02  3.52025756E-02  6.34921663E-02
      0.0535172       0.0412935      -0.0338300      -8.35150801E-03 -2.31390982E-02  9.09013526E-03
      0.0680927       0.0063732      -0.0321941      -6.59144360E-02  7.49565334E-03  2.98336223E-02
      0.0194512       0.0630947       0.0368024      -1.16219954E-02 -1.16152757E-02 -3.33015700E-02
      0.0191384       0.0420324       0.0598388      -6.16733208E-03  1.75649628E-03 -4.66131227E-02
     -0.0343052      -0.0020709       0.0673243       2.48732390E-02  1.27956181E-02 -4.71448826E-02
      0.0028703      -0.0430724      -0.0620502       1.02840673E-02  1.25323082E-02  6.00668901E-02
     -0.0371873       0.0588506       0.0294519      -3.89856207E-03 -2.58576876E-02 -2.75561217E-02
     -0.0310528      -0.0165915       0.0668891       2.31456945E-02 -7.83064637E-03 -1.96133004E-02
     -0.0738775       0.0146328      -0.0064570       3.91779614E-02  5.66890930E-03  4.23557669E-03
      0.0290116      -0.0409510       0.0565246       2.06877013E-03  2.18537575E-02 -5.32767047E-02
     -0.0685823       0.0154815       0.0277579       2.38104271E-02 -2.38156108E-03  2.30990385E-02
     -0.0582786       0.0377384       0.0298854       2.41804074E-02 -1.93809374E-02 -4.00561895E-03
      0.0324692       0.0638091      -0.0242456      -2.43850199E-02 -5.80330315E-03 -7.96041638E-03
      0.0222397      -0.0274596       0.0668212      -5.40109403E-03  1.50003379E-02 -5.21579494E-02
     -0.0499787      -0.0559191      -0.0094281       1.12162386E-02  2.56277945E-02  3.06529762E-02
     -0.0109346       0.0721581      -0.0196810      -1.01726107E-03 -9.54147128E-03 -5.34832675E-03
      0.0209773      -0.0438417      -0.0578927      -1.87502808E-02  1.37355460E-02  3.45248632E-02
      0.0309527       0.0662412      -0.0191763      -8.39687773E-03 -4.58980671E-02 -3.15228528E-03
      0.0540356       0.0349836      -0.0396236      -5.72631041E-03  1.92368249E-02  3.51965705E-02
     -0.0680391       0.0329118      -0.0010928       3.71422835E-02 -1.59828165E-02 -2.68700012E-02
     -0.0187534      -0.0609238      -0.0406237       1.20385062E-02  1.24873692E-02  3.02240183E-03
# Displacement: 24,  E_pot (hartree): -29718.643647629
      0.0356360      -0.0662673       0.0072402       2.78160796E-04  2.35835775E-02 -9.25059292E-04
      0.0079457       0.0721075      -0.0212388       6.10731929E-03 -1.78840280E-02  1.31568628E-02
      0.0297398       0.0472357      -0.0509709      -7.93195169E-03 -1.50000180E-02 -2.52533197E-03
      0.0008372      -0.0192699      -0.0730867       6.22859506E-03  1.25205782E-04  1.21300493E-02
     -0.0275111       0.0481851      -0.0513328       1.90938116E-03  6.01775240E-03  5.11459401E-03
     -0.0159603       0.0084648      -0.0733984      -2.44767617E-05 -3.30162216E-03  1.19391156E-02
     -0.0324750       0.0057590       0.0680141       4.49693029E-03 -1.00703727E-02 -1.24013139E-02
     -0.0746997       0.0103233      -0.0052041       1.00477738E-02 -3.89797966E-03 -1.55944576E-04
      0.0407668       0.0368269      -0.0519186      -4.98627410E-03  4.13830426E-03  1.32798621E-02
     -0.0178385       0.0340983      -0.0650599       1.24153476E-02 -6.26170437E-03  2.76304847E-02
     -0.0006392       0.0303276       0.0692353      -4.60076004E-03 -1.07525487E-02 -2.77807209E-02
      0.0718669       0.0005368      -0.0234216      -1.60338234E-02 -2.17217802E-03  8.96349182E-03
      0.0014367      -0.0708140       0.0264009       1.20109914E-03  1.56817201E-02  5.38582773E-04
     -0.0595276      -0.0242889       0.0397517       7.35098436E-03  1.33787394E-03  8.28369134E-04
      0.0062274       0.0053826       0.0751396      -8.53848465E-04  1.88969024E-03 -1.72500482E-02
     -0.0066469       0.0183793      -0.0730186      -1.77624072E-04 -7.67724763E-03  9.83658698E-03
     -0.0262035      -0.0679917       0.0201050       9.32679013E-05  2.11261262E-02 -2.87723661E-03
      0.0442062       0.0611617       0.0043309      -1.71885340E-02 -9.87318950E-03 -2.03419134E-04
     -0.0381936       0.0375751       0.0533205      -7.35614085E-03 -1.52619046E-02 -7.53169097E-03
      0.0336040       0.0666249      -0.0120662      -7.85687724E-03 -1.18612136E-02 -2.75553403E-03
     -0.0662549      -0.0041578      -0.0361484       2.19583438E-02 -3.90599017E-03  1.63407640E-02
      0.0655173      -0.0334454       0.0173950      -1.77419073E-02  1.30944338E-02 -2.87629556E-04
     -0.0077173       0.0114473      -0.0743177       2.70771344E-03  9.03095247E-03  1.43658458E-02
     -0.0352699       0.0612646       0.0267657       4.14407849E-03 -8.70235394E-03 -4.87296354E-03
     -0.0404400      -0.0494340       0.0404303       3.41081593E-03  8.53472753E-03 -1.36002055E-02
     -0.0166819       0.0316337      -0.0665938      -1.07869588E-03 -1.04215871E-02  1.45358462E-02
     -0.0528380      -0.0520073      -0.0147344       1.50804414E-02  1.02359317E-02  5.00177751E-03
      0.0094925       0.0425744      -0.0617333      -4.16881004E-03  2.46050010E-03  2.64380506E-02
     -0.0076358       0.0698529       0.0278559       1.59060655E-04 -6.53367843E-03  1.47550950E-02
     -0.0149147      -0.0740023      -0.0038634       5.83593293E-03  1.55312182E-02 -1.54028239E-02
     -0.0660751       0.0220560      -0.0293484       1.69982354E-02 -4.30155346E-03 -2.03092125E-03
     -0.0143620       0.0241196      -0.0701833       4.00220716E-03 -8.48328499E-03  3.83490236E-02
     -0.0520948       0.0343313      -0.0426756       5.57086929E-03 -5.38474706E-03  1.78584809E-02
      0.0031015       0.0007945       0.0755213      -5.72121784E-03  9.86733687E-05 -4.41303736E-02
     -0.0578200       0.0458803       0.0162959       1.23245569E-02  1.40071059E-03 -2.97586799E-03
     -0.0018022       0.0194908      -0.0730107       3.03848341E-04 -5.49268315E-03  5.77942454E-02
      0.0589408       0.0410372       0.0235717      -1.20519739E-02 -5.10869070E-03  5.53227977E-03
      0.0191316      -0.0545156       0.0487415       1.93702884E-03  1.04529789E-02 -2.05387506E-02
      0.0678868       0.0328588      -0.0050374      -1.31333037E-02  6.70451112E-03  8.60586773E-03
     -0.0647231      -0.0150281      -0.0360385       4.19769072E-03  2.96210560E-04  2.10284907E-02
      0.0373223      -0.0010020      -0.0657248      -1.35280693E-02  2.35009150E-03  4.65691542E-02
     -0.0073301      -0.0455248      -0.0598954      -3.83817176E-03  4.45049022E-03  1.72345740E-03
     -0.0728792       0.0152178      -0.0130668       1.45160970E-02 -4.59123590E-03  8.26657977E-03
      0.0397928       0.0462211       0.0446525      -8.22912551E-03 -4.96165558E-03  6.82160536E-03
     -0.0243871      -0.0590430       0.0404091      -1.18968664E-03  3.22987284E-03 -2.24945526E-02
      0.0319216       0.0094992      -0.0678563      -8.11994804E-03  5.82923482E-03  1.17240399E-02
      0.0012574      -0.0755745       0.0007944      -1.62035695E-03  1.65578588E-02  1.26109462E-02
     -0.0556559      -0.0505838       0.0075761       9.59466009E-03  8.12364139E-03  1.29781868E-02
      0.0274307       0.0655500       0.0257772      -9.93644856E-03 -1.38204429E-02 -3.47802664E-02
      0.0075779      -0.0330726      -0.0675462      -2.40062514E-03  1.00490604E-03  5.63480137E-02
     -0.0240064       0.0711438      -0.0087151       5.36763634E-03 -6.63496575E-03  1.30230684E-02
     -0.0269520      -0.0681103      -0.0186619      -1.13331142E-03  1.49801490E-02 -1.77195063E-02
      0.0574903      -0.0147444      -0.0468101      -7.83597626E-03  4.03820655E-03  2.03093529E-02
     -0.0543851       0.0452640       0.0265919       1.53316542E-02 -5.26925119E-03 -6.21731498E-03
      0.0444081       0.0530966      -0.0303706      -1.24929129E-02 -2.46713840E-02  3.94100835E-04
     -0.0618265       0.0228983      -0.0369712       1.32743768E-02  2.21812606E-02  1.36669076E-02
     -0.0164900       0.0308548       0.0670058       1.01518096E-02 -6.54249980E-03 -1.49597490E-02
      0.0606103       0.0264290      -0.0366279      -6.50301261E-03  7.80818273E-04 -4.05159500E-03
     -0.0585882       0.0393287      -0.0270996       6.96298804E-03 -8.95595991E-03  8.60341697E-03
     -0.0324314      -0.0072800       0.0678890       1.26234522E-02 -3.07857925E-03 -1.26879017E-02
     -0.0017074      -0.0166753       0.0737069      -6.53221754E-04  1.59512670E-02 -2.13133094E-02
     -0.0191111       0.0482525       0.0549560      -1.87802605E-03 -1.25253715E-02 -1.94998706E-03
      0.0493980      -0.0330020      -0.0467376      -5.57679970E-03  9.68078754E-03  3.86852195E-03
     -0.0681807      -0.0265277      -0.0190099       8.09753505E-03  1.29481049E-02 -3.37751294E-04
      0.0492272      -0.0558474       0.0130941      -1.16391685E-02  2.30848315E-02  4.74273938E-03
     -0.0499123       0.0566089       0.0042311       3.67408605E-03 -6.97416642E-03  3.54673556E-03
     -0.0569761      -0.0054595       0.0493722       5.36758302E-03 -1.18106826E-02 -1.02877015E-02
      0.0680772       0.0262705       0.0197246      -1.09988557E-02 -2.25333471E-02  4.62072434E-03
      0.0119681       0.0726789       0.0169781      -6.65909309E-03 -3.15269024E-02 -1.26306178E-02
      0.0358804      -0.0613883      -0.0256475      -7.01352992E-03  6.18646390E-03  2.01114879E-03
     -0.0308331       0.0680417      -0.0115472       6.25851899E-03  7.12037103E-03  8.78057130E-03
      0.0679400      -0.0066872       0.0324523      -1.42496739E-02  7.94324002E-03 -1.24592433E-02
      0.0677246       0.0247062       0.0227309      -1.33326518E-02 -9.43468892E-03 -3.01028555E-03
     -0.0588138       0.0084099      -0.0467323       5.39139866E-03  3.90943598E-03  2.88105658E-03
      0.0258104       0.0478431       0.0525221       3.52721018E-03 -1.21861108E-02 -8.57938409E-03
     -0.0159620       0.0565367      -0.0475661       6.99099839E-05 -1.42488619E-02 -1.26656834E-03
      0.0723991       0.0202182      -0.0079573      -1.41747178E-02 -2.05897979E-02  6.09703807E-03
     -0.0020556       0.0611292       0.0444153      -6.52833282E-04 -9.61482636E-03 -3.10653148E-03
      0.0108334      -0.0090755       0.0742561      -6.58129227E-04  7.12166968E-03 -1.98419091E-02
     -0.0148184      -0.0648128      -0.0359643      -1.03942675E-03  1.05943849E-02  1.04700471E-02
      0.0264202       0.0060911      -0.0705590       3.69394617E-03  4.80128138E-03  8.43528669E-03
     -0.0211848      -0.0173997       0.0704425      -9.71601145E-03  1.03251079E-02 -1.74605882E-02
     -0.0305043      -0.0617300      -0.0311866       8.17736947E-03  1.26044072E-02  1.10785131E-02
      0.0394048       0.0319552       0.0560342      -1.30200987E-02 -5.86858331E-04 -9.00760031E-03
      0.0527514      -0.0470487       0.0267845      -1.15209340E-02  4.46455539E-03 -1.50895789E-02
      0.0099871      -0.0646440      -0.0378830       3.48604578E-03  1.45407564E-02  1.25476769E-02
      0.0337034      -0.0383049      -0.0557719      -1.83134740E-02 -4.31432467E-04  2.99517059E-03
     -0.0059158       0.0632685      -0.0409368      -3.65880823E-05 -1.04061379E-02 -1.82961660E-03
     -0.0381244       0.0358746      -0.0545275       3.63699350E-03 -7.62871492E-03  5.06919197E-03
      0.0720848      -0.0113601       0.0197088      -2.22955578E-02  7.26956661E-03  3.90481825E-03
     -0.0732002       0.0107552      -0.0154837       2.05062022E-02  6.43670586E-03 -2.55263290E-04
     -0.0293808       0.0500920       0.0483866       1.35944838E-02 -8.51692014E-03  3.73549401E-03
      0.0263863      -0.0157176      -0.0690682      -5.72670309E-03  1.07088223E-02  8.72202266E-03
      0.0579326      -0.0119618       0.0470577      -2.59306801E-02  1.91372107E-03 -1.39493528E-02
      0.0287123       0.0692402       0.0097524      -1.05763391E-02 -1.10003218E-02  2.19975109E-03
     -0.0260403       0.0160472       0.0691238       7.30420632E-03 -6.29848946E-03 -2.07602584E-02
      0.0059889      -0.0334315       0.0675289      -2.46522254E-02 -5.75179771E-03 -1.80798348E-02
     -0.0482815      -0.0580924       0.0028041       1.94803200E-02  1.58944127E-02  1.38679061E-02
      0.0220612      -0.0558777       0.0458769       3.09234706E-03  8.95849393E-03 -9.18414637E-03
     -0.0578775      -0.0136324       0.0466697       1.01169496E-02  3.80374748E-03 -7.74553728E-03
      0.0210867      -0.0716519      -0.0116221      -1.88642505E-02  1.35523448E-02  6.17188223E-03
      0.0195285      -0.0473620       0.0555805      -1.85065190E-04  1.43231695E-02 -8.47489359E-03
     -0.0659606      -0.0132312       0.0344651       2.65297167E-02 -3.58385257E-03 -6.26585039E-03
     -0.0719169       0.0138213      -0.0187257       1.85702118E-02 -1.55706027E-03  4.50056597E-03
     -0.0617277      -0.0419727      -0.0119036       2.33233427E-02  4.73537523E-03 -5.60875367E-03
     -0.0630476      -0.0308151      -0.0280916       2.74904631E-02  5.91817887E-03  3.91108453E-03
      0.0479185       0.0571831       0.0121499      -2.49602120E-02 -1.00079779E-02  1.00132209E-03
      0.0153114      -0.0386525       0.0631288       2.13006707E-03  1.02499194E-02 -1.08077684E-02
     -0.0228500       0.0720379       0.0014520       3.10624918E-02 -3.13123964E-02 -1.55270527E-02
     -0.0209106      -0.0158007       0.0708999       9.46110641E-04 -4.63601922E-03 -3.95224470E-02
      0.0660260      -0.0142334      -0.0339363      -3.60073124E-02 -6.00565474E-04  2.83462318E-02
      0.0678266      -0.0076246      -0.0324826      -4.01466259E-02  9.88035814E-04  2.01936941E-02
     -0.0679666       0.0085476       0.0319562       1.84956208E-03 -1.01591206E-02 -4.35537944E-02
     -0.0202738      -0.0717427      -0.0124766      -5.88157134E-04  4.12715419E-02  6.58846337E-03
     -0.0375117      -0.0356987      -0.0550653       4.57222469E-02  2.31205888E-02  6.85993135E-02
      0.0291147      -0.0685384      -0.0129815      -2.97526159E-02  1.60950803E-02 -1.13578472E-02
     -0.0055185       0.0651114       0.0379970      -1.78071479E-03 -3.50722459E-02 -6.25793450E-02
      0.0235424       0.0717870      -0.0024652      -1.22377003E-02 -2.95463808E-02  1.30188928E-02
      0.0509056      -0.0504745       0.0239721      -1.79368768E-03  3.19702999E-02 -8.44760638E-03
      0.0037587       0.0691236       0.0303561       1.50598612E-02 -3.20380356E-02 -1.50173562E-02
     -0.0718265       0.0085151       0.0219579       1.50262009E-02  1.46970913E-03 -1.21385260E-02
     -0.0696232      -0.0288822       0.0056684       2.00205298E-02  5.82937099E-03 -3.90565620E-02
     -0.0413173       0.0090677      -0.0626447       1.48386126E-02 -5.52183932E-03  4.41019136E-02
      0.0336687      -0.0675445      -0.0042242      -3.32866706E-02  3.51290397E-02  3.87108793E-03
     -0.0067783       0.0389332       0.0644358       4.62304501E-03 -4.23013862E-02 -4.50223572E-02
     -0.0353683      -0.0667764       0.0019208       2.87874880E-02  2.26237956E-02  2.94691444E-02
      0.0744418      -0.0115897      -0.0061494      -5.36219906E-03  1.13839048E-02 -4.17219238E-03
     -0.0019816       0.0595971       0.0464538       6.77885371E-03 -2.50385240E-02 -2.05303674E-02
     -0.0198294      -0.0574218       0.0449805       1.09416548E-02 -7.44692748E-03 -1.66622940E-02
     -0.0590045       0.0124162      -0.0455852       1.71827983E-02  3.81386857E-03  4.74471918E-02
     -0.0121091       0.0273833       0.0694062      -1.54454240E-02  4.67643017E-03 -8.22375203E-02
      0.0221994      -0.0641558       0.0332405      -8.10481231E-03  2.79240210E-02 -2.12929887E-02
      0.0109231       0.0690872      -0.0286594      -1.15770573E-02 -1.94746698E-02  1.68626265E-02
     -0.0672294      -0.0271849      -0.0213278       3.24627051E-02  2.31827328E-02 -4.73871499E-03
      0.0698926       0.0287866       0.0002643      -3.72623163E-02 -2.85501900E-02  1.59559995E-03
# Displacement: 25,  E_pot (hartree): -29718.647341164
      0.0349910       0.0663545       0.0092958      -8.77821960E-03 -2.04307897E-02 -1.39296772E-02
      0.0284063       0.0575663      -0.0399113      -3.75263784E-03 -1.88040230E-02 -1.51866147E-03
     -0.0640108      -0.0383232      -0.0121510       2.18429472E-02  1.82191827E-02  2.22740228E-02
     -0.0325578       0.0105797      -0.0673925       1.26845667E-02 -2.08170770E-03  3.61777476E-03
     -0.0165867      -0.0693174       0.0251728       9.50383614E-03  1.24093538E-02 -9.01454996E-04
      0.0391097       0.0645751       0.0037678      -5.92733318E-03 -1.58137653E-02 -1.29992704E-03
      0.0346082      -0.0632879       0.0225973       4.72979613E-04  2.28801222E-02  5.24193816E-03
     -0.0364528       0.0567994       0.0340400       1.93987619E-02 -4.23303234E-03 -8.95262309E-03
     -0.0431453       0.0620638      -0.0005081       1.47716241E-02 -1.42752422E-02 -4.03973774E-04
      0.0147730       0.0724382       0.0157536      -1.74956734E-04 -2.20956567E-02 -1.45923058E-02
     -0.0019759       0.0518581      -0.0549595      -5.36140556E-03 -1.38848809E-02  1.42078259E-02
      0.0605694       0.0289063      -0.0347778      -1.36086425E-02 -1.50133601E-03  1.38541741E-02
     -0.0263110       0.0615599      -0.0350972       2.56339689E-03 -6.47528138E-03  2.54956639E-03
      0.0619589       0.0410515      -0.0137693      -1.37981102E-02 -8.71754330E-03 -4.62634697E-03
     -0.0061464      -0.0643441       0.0391886      -4.65927973E-03  1.17968214E-02 -9.53159133E-05
      0.0716107      -0.0217627       0.0105836      -1.77133421E-02  1.26359434E-02 -2.42462895E-03
      0.0541955      -0.0522696       0.0066680      -2.14181183E-02  1.58049089E-02  5.78274325E-04
     -0.0069325      -0.0752493       0.0017874      -5.73059199E-03  9.46524310E-03 -8.04399848E-03
      0.0369396       0.0239255       0.0614552      -1.61584543E-03 -1.08162431E-02 -9.64398031E-03
      0.0669244       0.0138565       0.0322925      -4.17801601E-03  5.93154448E-03 -1.60645542E-02
      0.0454352       0.0430776      -0.0423516      -1.07900793E-02  3.67455885E-03  2.27386482E-02
      0.0271692      -0.0609000      -0.0355908      -9.80725258E-03  3.36133635E-03  8.23327976E-03
     -0.0336775      -0.0469016      -0.0487830       5.53196039E-03  6.49543926E-03  3.63074901E-03
     -0.0160615       0.0451354      -0.0584682       9.15183158E-03 -1.03980810E-02  5.72642843E-03
     -0.0142220       0.0389495       0.0632011       4.72258657E-03  3.82110746E-03 -4.44979467E-03
     -0.0096562       0.0349656       0.0663163      -6.93017644E-04 -1.82434088E-02 -9.39838730E-03
      0.0246930      -0.0684024       0.0206173      -3.12621775E-03  8.52049148E-03 -4.86848636E-03
     -0.0723590       0.0135023       0.0171923       1.63282650E-02 -9.56546756E-03 -7.51596955E-03
      0.0260823      -0.0029691       0.0708843       1.62616168E-03 -3.79225956E-03 -5.11684294E-02
      0.0693792      -0.0299936      -0.0007831      -7.93222438E-03  6.22141351E-03  3.72172388E-02
      0.0169832       0.0693202      -0.0248993       1.18017524E-03 -1.22497468E-02  2.70988973E-02
      0.0283991      -0.0516831      -0.0472870      -1.03354618E-03  7.58487292E-03  4.05621537E-03
      0.0257251       0.0481488      -0.0522840      -1.01212616E-02 -5.93790569E-03  1.12337240E-02
     -0.0160505      -0.0566114       0.0474472       5.24113272E-03  2.02861609E-02 -3.37699647E-02
      0.0628019       0.0291964       0.0302852      -1.19984991E-02 -4.04194097E-03 -9.29013521E-03
     -0.0717526       0.0191423       0.0141017       1.47891186E-02 -2.63822240E-03  5.10596531E-03
     -0.0259296      -0.0237075       0.0669278      -2.10831548E-03 -3.00272592E-03 -1.54629109E-02
     -0.0719107       0.0004038       0.0232893       1.28921293E-02  1.31401845E-04 -2.54434569E-02
      0.0112407       0.0520111       0.0536860      -7.95192005E-03 -4.22299556E-03  7.11700110E-03
     -0.0401218      -0.0178658      -0.0615203       7.26633275E-03  2.70052887E-03  1.45878125E-03
     -0.0624939      -0.0052325      -0.0422001       7.33574601E-03 -1.02375302E-03  3.52688191E-03
      0.0150572      -0.0639817      -0.0373274      -3.02641880E-03  5.47202099E-03  2.91631846E-02
      0.0486192       0.0147584      -0.0559648      -9.14781599E-03  2.71472524E-04  4.56983046E-02
      0.0463826      -0.0532489      -0.0269612      -2.72199248E-03  9.30468340E-03  1.27111251E-02
     -0.0587721      -0.0462493       0.0109789       1.12552548E-02  9.57097516E-03 -3.36332052E-02
      0.0054575      -0.0368677      -0.0657624       6.70876765E-03  6.13264540E-03  3.27298933E-02
      0.0241135       0.0166847      -0.0696698      -3.84592921E-03 -6.43546731E-03  5.29926701E-03
      0.0066296       0.0034408      -0.0752191       2.25554940E-03  3.61755045E-03  5.78738104E-02
     -0.0210817      -0.0246702      -0.0682688      -4.79396119E-04 -6.07019853E-04  2.52243420E-02
      0.0305030      -0.0610001       0.0325922      -7.32550059E-03  1.28989994E-02 -2.52067373E-02
      0.0249257      -0.0579490       0.0416453      -4.83670107E-03  7.59069195E-03 -6.22419734E-03
     -0.0709441      -0.0204782       0.0161637       6.92734187E-03  1.04791754E-03  1.11074483E-02
      0.0157747       0.0202618       0.0710937      -6.97505937E-03 -2.52070168E-03 -3.13844135E-02
      0.0384856      -0.0599150       0.0253526      -9.62578682E-03  5.76129695E-03  1.17025099E-02
     -0.0512644       0.0119865      -0.0542403       1.38625359E-02  7.90564226E-03  1.20412184E-02
      0.0217844      -0.0078186       0.0719584       1.85070221E-03  1.69850602E-02 -1.29018399E-02
     -0.0453503      -0.0604590      -0.0013286       1.25378849E-02  1.76454338E-03  6.04191453E-04
      0.0741454       0.0078681      -0.0124199      -9.07918928E-03 -5.46157278E-03 -7.26285633E-04
      0.0583663       0.0256994       0.0405785      -1.09302109E-03 -2.20754768E-02 -1.55782877E-02
      0.0592907      -0.0462451       0.0077263      -8.56932553E-03  1.86070898E-02  8.44485685E-03
     -0.0388351       0.0466334      -0.0450652       7.31947044E-03  8.37364239E-04  2.93477940E-03
      0.0350917      -0.0666670      -0.0061480      -5.70878804E-03  8.19812841E-03  4.13675181E-03
      0.0077043       0.0562153      -0.0499416      -1.14851628E-02 -2.85159087E-02  2.75677221E-03
      0.0607724       0.0443891      -0.0070732      -1.47004014E-02 -7.00255440E-03  7.95212002E-03
      0.0586674      -0.0264484      -0.0396524      -1.19890037E-02 -4.86333559E-03  2.82344021E-03
      0.0413355       0.0540870       0.0328586      -1.20634464E-02 -1.91247110E-02 -3.40734689E-03
      0.0114448      -0.0527221       0.0529441      -5.67504108E-03  2.65109395E-03 -6.20217436E-03
     -0.0299754      -0.0375958      -0.0583243       9.62523738E-03 -1.77639902E-03  3.67356719E-03
      0.0740577       0.0089331      -0.0122213      -1.10173845E-02  3.84577099E-03  2.65440101E-03
     -0.0462979      -0.0405431      -0.0438917       4.64653957E-03 -3.87025750E-05  8.16854691E-03
     -0.0750501       0.0056276      -0.0070363       1.53254873E-02 -6.96790146E-03 -5.83726174E-03
      0.0266745      -0.0052298       0.0705325       3.83601698E-04  5.31068593E-03 -1.17762170E-02
     -0.0317951       0.0377122       0.0572761       7.95156856E-03 -1.45007396E-02 -6.66959752E-03
      0.0290808      -0.0273826       0.0641733      -1.19574386E-03 -1.16294820E-02 -9.71120748E-03
     -0.0016805       0.0461315       0.0598562      -1.46419019E-03 -5.12539471E-03 -8.29695050E-03
      0.0248946      -0.0541951      -0.0464420      -2.41726540E-04  2.07445011E-02  2.92121499E-03
      0.0489958      -0.0271058      -0.0507779      -8.69768212E-03  8.43124756E-03 -4.04607975E-03
     -0.0560746      -0.0501499       0.0073699       2.89874187E-04  2.48355202E-02  3.72864179E-03
      0.0485864      -0.0295609       0.0497917      -6.41889713E-03  5.06131250E-03 -3.66021935E-03
     -0.0217225       0.0047684       0.0722433       1.25409971E-03  1.40878807E-03 -7.10085873E-03
      0.0341013       0.0527774       0.0420161      -9.35774777E-03 -3.58746060E-02 -3.34448257E-03
      0.0358614       0.0588603      -0.0310343       2.35732053E-03 -3.84387419E-03 -2.22103486E-03
      0.0102019       0.0608210      -0.0437084       1.17113751E-02 -1.79648428E-02  8.56677853E-04
      0.0632245      -0.0381691       0.0161091      -1.21514146E-02  1.04051563E-02  4.11441260E-03
      0.0609798      -0.0148418       0.0421293      -2.51174853E-02 -7.09909362E-03 -7.43461170E-03
      0.0300780      -0.0671304       0.0173934      -1.92404139E-02  1.04914768E-02 -1.25196037E-02
     -0.0593307      -0.0186755      -0.0429510       4.76206535E-03  4.92637000E-03  1.21218211E-02
     -0.0093715       0.0659394      -0.0357476      -5.06212930E-03 -4.73940772E-03  1.33020149E-02
      0.0297136       0.0221406      -0.0658832      -2.06929535E-02  2.57499378E-04  1.52661826E-02
     -0.0484121       0.0213451       0.0539849      -2.69311041E-04 -5.86640810E-03 -1.39052359E-02
     -0.0618984      -0.0005688      -0.0433816       2.01652988E-02 -8.67709233E-03  1.15752946E-02
      0.0499034       0.0486649       0.0292418      -1.41935722E-02 -1.49396885E-02 -1.15879401E-02
     -0.0486158      -0.0096287       0.0570745       2.95507141E-02 -1.38173319E-03 -4.22156040E-04
     -0.0715394      -0.0230766      -0.0079551       2.68233656E-02  2.47639961E-03 -5.39072389E-03
      0.0300665      -0.0387028      -0.0575483       8.81991776E-03 -1.17719524E-03 -1.98341839E-03
     -0.0520798       0.0523011       0.0163091       9.92593212E-03 -5.19062035E-03  6.12335453E-04
      0.0292898      -0.0466640      -0.0517522      -2.35614784E-03  1.89839408E-02  1.35311449E-02
     -0.0437804      -0.0301735      -0.0537264       1.79864128E-02  1.46690713E-02  3.25295603E-03
     -0.0552783      -0.0491573       0.0155422       3.05874067E-02  6.29967616E-03 -6.32107355E-03
      0.0646874      -0.0381952      -0.0083887      -2.13401660E-02  1.03226038E-02  3.45254862E-03
      0.0414748      -0.0606740      -0.0176695      -1.02655753E-02  5.55601643E-03 -4.83621996E-04
     -0.0419674      -0.0353971       0.0519568       3.68355859E-03  5.15369841E-03 -4.46918281E-03
     -0.0248005       0.0116233      -0.0704525       2.36048073E-03 -5.16150943E-03  4.49813298E-03
      0.0025503      -0.0702744       0.0277257       2.38507427E-03  9.55715723E-03 -8.30422069E-03
     -0.0420816       0.0622609       0.0081507       1.57373217E-02 -1.40314404E-03  3.96416843E-04
     -0.0342570      -0.0554610       0.0382653       5.78766394E-03  1.53898584E-03 -2.74404738E-03
     -0.0328737       0.0157336      -0.0662230       1.92304181E-02 -2.23043983E-03  1.05691403E-02
      0.0628282       0.0386632       0.0164768      -3.53865127E-02 -7.55130731E-03 -5.11437706E-03
      0.0022642      -0.0374085      -0.0656445      -5.80474774E-03  2.99879405E-02  1.29847069E-02
      0.0403081      -0.0368542      -0.0522564      -1.66122281E-02  2.52435243E-02  5.17975561E-02
      0.0232187       0.0611190       0.0379350      -2.72817682E-02 -2.01809801E-02 -4.41548674E-02
      0.0424992      -0.0413805       0.0468526      -1.73734206E-02  1.53745230E-02 -2.20243070E-02
      0.0177699      -0.0303652      -0.0669021      -8.20756960E-03  1.82754640E-02  2.89229140E-02
     -0.0201700       0.0714439       0.0142353       2.06516379E-02 -2.37169206E-03 -2.94770523E-02
      0.0194469       0.0428519      -0.0591545      -2.03437651E-02 -4.93662784E-02  2.19444505E-02
     -0.0065449       0.0704744       0.0265375       1.85659800E-02 -3.56803785E-02 -1.47174620E-02
      0.0738034       0.0023991      -0.0161552      -1.52686072E-02  3.01426079E-02  1.27188119E-02
     -0.0500132      -0.0539723       0.0173027       3.04062636E-02  2.57591125E-02 -7.23129267E-03
     -0.0061553       0.0608531      -0.0444151       5.58458177E-03 -2.15725657E-03  2.41937173E-02
     -0.0366322       0.0091664       0.0654811       1.84860571E-02 -1.88165499E-03 -2.17708909E-02
     -0.0096533       0.0159004      -0.0732646       1.73847987E-02 -8.02297281E-03  1.97940686E-02
     -0.0689593      -0.0059486      -0.0303798       8.54621772E-03  1.47978751E-02  5.31822714E-03
      0.0621471       0.0305400       0.0303110      -2.16997510E-02 -1.85311314E-02 -2.54489972E-02
     -0.0108356       0.0096572       0.0741824       1.56530769E-03 -7.56504912E-03 -7.02581244E-02
      0.0312736       0.0672542      -0.0145793      -2.56219299E-02 -1.57127666E-02  5.50665617E-03
      0.0315396      -0.0194643      -0.0658793       1.25539968E-02  1.31451401E-02  4.90773845E-02
      0.0621497       0.0428763       0.0035704      -2.84938035E-02 -3.25553584E-02 -1.79985527E-02
      0.0246989      -0.0685810      -0.0200080       2.59632164E-03  5.18313306E-02  1.06596069E-02
     -0.0476023      -0.0029975       0.0586408       1.33656172E-02 -9.65108983E-03 -5.87215189E-02
      0.0347555      -0.0645125      -0.0185449       2.25772765E-03  1.60942374E-02 -8.01939164E-03
      0.0341417       0.0246175      -0.0627856      -4.68930109E-03 -3.45754128E-02  4.18015314E-02
     -0.0340427       0.0465625       0.0488542       1.96528118E-02 -1.54060696E-02 -2.36191599E-02
     -0.0334854      -0.0622527       0.0267770       2.31432709E-02  1.83782050E-02 -2.05497193E-02
     -0.0402179       0.0494596       0.0406199       1.64051705E-02 -1.35618831E-02 -1.54667880E-03
      0.0684973      -0.0188193       0.0258393       3.95520380E-03  2.13488670E-02  1.59251241E-02
# Displacement: 26,  E_pot (hartree): -29718.648705734
      0.0718710      -0.0229967       0.0044061      -1.16031749E-02  1.56904537E-03 -6.95918117E-03
      0.0013572       0.0704154       0.0274506       5.35611328E-03 -1.04508784E-02 -2.84530071E-03
     -0.0373446      -0.0248107      -0.0608565       3.21271458E-03 -1.92603530E-03  1.33628159E-02
     -0.0714484      -0.0136256      -0.0205710       1.71015604E-02 -2.52954974E-03  7.24718380E-03
     -0.0151995       0.0672644      -0.0309548       4.31271075E-03 -1.78573813E-02 -7.12313343E-03
      0.0322891      -0.0056997       0.0681075      -1.64395944E-02  5.02803373E-03 -6.61130745E-03
     -0.0447281      -0.0606815       0.0055561       6.56041483E-03  1.84839943E-02 -5.68474938E-03
      0.0462826       0.0287070      -0.0524169      -5.69734361E-03  1.25319271E-02  1.20109866E-02
      0.0605390      -0.0431672      -0.0136136      -1.10941965E-02  1.34061207E-02 -2.91440486E-03
      0.0746330      -0.0115648       0.0031447      -1.59525987E-02  1.00474010E-02 -6.64154876E-03
      0.0456886      -0.0313918       0.0513889      -1.13163396E-02  1.31009467E-02 -1.16545127E-02
     -0.0208449       0.0724778       0.0051151       1.77757212E-02 -1.25657099E-02  9.08058077E-03
      0.0123356      -0.0488326      -0.0563640      -2.06209116E-02  5.35004475E-03  1.49437503E-02
     -0.0537242      -0.0286381      -0.0448025       2.14608200E-03 -8.71108272E-04 -9.74784129E-04
     -0.0185568       0.0198965       0.0705229       9.09408456E-03  3.70451939E-04 -1.29811511E-02
     -0.0495737      -0.0395810       0.0411036      -4.49158624E-03 -1.54491301E-03 -9.67444405E-03
     -0.0036324       0.0376360      -0.0654526      -1.33360646E-03 -8.43027481E-03  1.06297450E-02
      0.0607922       0.0031083      -0.0448147      -8.01937114E-03 -3.52908286E-03  9.45157754E-03
     -0.0239927      -0.0230209      -0.0678829       1.10482927E-02  5.86221898E-03  1.36473500E-02
     -0.0716259      -0.0070553      -0.0231012       1.21653479E-02 -3.45640791E-04  7.37151106E-03
      0.0693065      -0.0119349      -0.0277103      -2.84503935E-02  2.66855996E-03 -1.84096983E-03
      0.0134322       0.0282697       0.0688049       1.01954115E-02  3.50158289E-03  1.41797015E-04
      0.0166140       0.0222708      -0.0702973      -1.24275874E-05  3.23419696E-03  6.35784009E-03
     -0.0690024      -0.0076050       0.0299090       1.19272178E-02  1.15767821E-02 -1.03469983E-02
     -0.0126723       0.0705304      -0.0240535       1.12443722E-02 -2.31812140E-02  1.21677872E-03
      0.0501331      -0.0544008      -0.0155220      -1.04189276E-02  4.88889004E-03  9.64916320E-03
     -0.0668044       0.0167969       0.0311246       4.01463008E-03 -1.27881322E-02 -1.23724785E-02
      0.0405048       0.0566042       0.0294792      -1.57103311E-04 -8.73491412E-03 -2.21240993E-02
     -0.0344972      -0.0177698      -0.0648683       1.07775954E-03  4.34580381E-03  6.54508208E-02
      0.0137265       0.0284516      -0.0686716       5.16734547E-03 -4.04923097E-03  2.46002922E-03
     -0.0564582      -0.0141181      -0.0482374       6.47333037E-03  8.39376729E-03  4.17550658E-02
     -0.0244397       0.0693455       0.0175386       5.99203208E-03 -1.50625077E-02 -2.29962074E-02
      0.0016877      -0.0535769       0.0532951      -2.43782106E-03  1.91214658E-02 -2.94875293E-02
     -0.0019072       0.0439895      -0.0614409       1.13680758E-02 -4.04499207E-03  1.29122826E-02
     -0.0463556       0.0550427      -0.0231339       1.03305667E-02  1.42835675E-03 -3.51458569E-03
     -0.0567896      -0.0229909      -0.0442726       9.87416190E-03 -5.98986107E-04  4.14255608E-02
     -0.0033893      -0.0533085      -0.0534829      -2.98378419E-03  7.55613803E-03  4.99382252E-02
     -0.0632284      -0.0409905       0.0059718       1.54154059E-02  4.15249832E-03 -2.53951570E-02
      0.0058357       0.0348801       0.0668059       4.39952646E-03 -5.38512262E-03 -2.53630673E-02
      0.0326374       0.0051090       0.0679883      -8.35593102E-03 -1.08402886E-03 -2.06293928E-02
      0.0438992       0.0599905       0.0137004      -1.76726058E-02 -1.55927848E-02 -1.10521525E-02
      0.0470049       0.0478599      -0.0348378      -7.82802913E-03 -8.70722226E-03  2.20116359E-02
     -0.0189359       0.0296206      -0.0669160       3.74746077E-04 -7.29897171E-03  2.14001615E-02
      0.0038540       0.0346282       0.0670800      -2.19693481E-03 -7.76090570E-03 -3.91481143E-02
     -0.0226497      -0.0715656      -0.0088913       5.72614659E-03  9.50775008E-03  3.01158101E-02
      0.0293917       0.0508954      -0.0475340      -9.33663518E-03 -6.50799248E-03  3.85807628E-02
     -0.0540332       0.0501926      -0.0165775       1.09672861E-02 -6.42342082E-03 -7.50025876E-03
     -0.0337692       0.0140770       0.0661451      -5.19113162E-03 -4.62282801E-03 -3.06272953E-02
      0.0180984       0.0359649      -0.0639740       3.81858306E-03  3.18716138E-03  3.15616233E-02
     -0.0668112       0.0071728       0.0346193       1.29859702E-02 -4.01087973E-03 -2.35369443E-02
      0.0728608       0.0157320       0.0125506      -7.62817792E-03  3.37714568E-03 -2.02357171E-02
     -0.0226168       0.0704610       0.0154089      -6.14413678E-03 -9.91641058E-03 -6.92301555E-03
     -0.0745755       0.0107193       0.0061057       6.40949618E-03  9.99912470E-04  9.81993764E-03
      0.0085318       0.0458767      -0.0594663      -8.07949945E-03 -7.20165505E-03  2.70038912E-03
     -0.0732898       0.0066672       0.0172589       1.42806361E-02 -9.01142410E-03 -6.33657046E-03
     -0.0169876       0.0255196      -0.0690932       1.15963235E-02 -1.19941980E-02  1.18047054E-02
      0.0444816      -0.0041343       0.0609755      -6.83128957E-03  1.41756567E-02 -1.49078740E-02
      0.0233538       0.0658720      -0.0287956      -2.75627489E-03 -9.47443139E-03  6.70404085E-03
      0.0302106      -0.0351900      -0.0596882      -6.16767207E-03  2.71678410E-02  1.47241135E-02
      0.0260048       0.0587503       0.0398229      -1.71996936E-03 -9.52342881E-03 -2.01857108E-02
     -0.0431542       0.0176703       0.0594910       1.16545274E-02  9.20765591E-03 -6.41523180E-03
     -0.0103585       0.0511148       0.0547145       3.96973628E-03 -5.83287035E-03 -1.49099470E-02
      0.0334041       0.0650767      -0.0190494       9.33944089E-04 -1.85168119E-02  1.22770469E-03
      0.0195321       0.0635650       0.0359401       1.48590919E-03 -2.42356514E-02 -1.08441537E-02
     -0.0402246      -0.0639364      -0.0027957       5.63091414E-03  6.69913389E-03 -8.77533093E-03
     -0.0134288      -0.0150989      -0.0728380       9.85764894E-03 -3.54760222E-03  2.63938958E-02
     -0.0747513      -0.0004568       0.0112132       8.28572797E-03  1.72455220E-02  2.03086533E-03
     -0.0522829      -0.0516408       0.0177036       4.88515417E-03  3.60586706E-03 -6.13389547E-03
      0.0334706      -0.0442695      -0.0513188      -3.23389857E-03  8.96858835E-03  1.35375702E-02
     -0.0024471      -0.0019833       0.0755233      -1.46365471E-03  1.52383310E-03 -9.62611886E-03
     -0.0159921      -0.0525843       0.0518927      -4.96236871E-03  2.25370549E-02 -1.37458126E-02
     -0.0671003      -0.0204227       0.0281811       2.83190435E-03  8.33435326E-03  4.05607333E-03
      0.0166313       0.0722881      -0.0145444      -1.65148800E-02 -2.38910891E-02  4.39427839E-03
      0.0618829      -0.0306572      -0.0307303      -1.47393728E-02  1.47958395E-02  8.23400352E-03
     -0.0731173      -0.0018377       0.0190836       8.28850652E-03  1.03979925E-02 -8.23989896E-03
      0.0650134       0.0359750       0.0138842      -8.04480962E-03 -3.49168981E-03 -1.26007435E-04
     -0.0156456       0.0451246      -0.0585892       6.17627058E-03 -1.44739967E-02  2.71085553E-04
      0.0690284      -0.0042766      -0.0305042      -1.04930707E-02 -7.09672355E-03  5.15905600E-03
     -0.0655657       0.0070314      -0.0369513       6.92688235E-03  1.57724423E-02  7.66639528E-03
     -0.0186749      -0.0692335      -0.0239100       3.72273334E-03  6.47440321E-03 -2.12372184E-03
     -0.0010162      -0.0277168      -0.0703167       2.58288910E-03  2.61168172E-03  8.61720044E-03
      0.0071334      -0.0673127       0.0336426      -3.37580543E-03  9.26354119E-03 -3.17187044E-03
      0.0374059      -0.0115546      -0.0646606      -1.41043748E-02  8.24188476E-03  1.41468152E-02
      0.0523162      -0.0036731       0.0544356      -1.64652419E-02 -4.26791145E-03 -1.61011232E-02
      0.0292459       0.0426628      -0.0551206      -3.54716618E-03  4.78353854E-03  1.08648170E-02
      0.0077394       0.0334949       0.0673194       6.52509259E-03 -6.97828758E-03 -1.38778792E-02
      0.0601196       0.0306767      -0.0340335      -1.06142134E-02  9.74520241E-04 -5.98600217E-04
     -0.0491106       0.0209383       0.0535111      -3.68290957E-03 -5.52881518E-03 -4.68388192E-03
     -0.0568027       0.0126553      -0.0482390       1.26184825E-02 -3.72834709E-03  8.93822052E-03
      0.0035027      -0.0608557      -0.0446990      -1.28616008E-02  1.04029317E-02 -3.68171779E-03
     -0.0560854      -0.0437281      -0.0256123      -7.53311466E-04 -5.37855810E-04  2.30590360E-03
      0.0247002       0.0634349       0.0328574       1.49142783E-03 -1.41122926E-02 -5.29173934E-03
      0.0239664      -0.0460406      -0.0549507       6.00565343E-03  1.26075181E-02  5.06158950E-03
      0.0372251       0.0212125      -0.0622739       1.34366110E-02  7.68992000E-03  1.35463940E-02
     -0.0238186       0.0342106      -0.0630556      -9.22207672E-03 -4.72784671E-03  2.06681255E-03
     -0.0751953       0.0076028      -0.0012476       3.48805598E-02 -2.05924941E-03  2.07804962E-03
      0.0406438       0.0601721      -0.0210028      -1.46245875E-02 -7.56919210E-03 -3.14231806E-03
      0.0497533      -0.0507127       0.0258175      -1.41845791E-02  4.96661078E-03 -7.78586866E-03
     -0.0530365       0.0497937       0.0205286       2.67271323E-02 -8.35694853E-03  1.68816432E-03
     -0.0689986      -0.0065452       0.0301674       1.24699785E-02  4.41247753E-03 -1.27568540E-03
      0.0305205       0.0649251      -0.0238102      -1.60773148E-03 -1.28993873E-02 -5.29557803E-03
      0.0125174      -0.0729009      -0.0155720      -3.29016159E-03  9.41719642E-03  7.27015061E-03
      0.0523529      -0.0375477      -0.0395354      -1.76223152E-02  6.71825537E-03  4.34452456E-03
     -0.0650849       0.0378863      -0.0065032       1.15242405E-02 -1.17011233E-02 -7.98363100E-03
      0.0311707       0.0670491      -0.0157001      -9.05803144E-03 -1.17477492E-02  1.04096986E-02
     -0.0360899      -0.0663831      -0.0021222       3.80147638E-03  1.46591683E-02 -3.30522327E-03
      0.0168282      -0.0134182      -0.0724601      -8.07586838E-03  5.73417603E-04  4.62123230E-03
      0.0362284      -0.0593857      -0.0295723      -2.14875512E-02  4.71923764E-03  1.11302290E-02
      0.0502943      -0.0563780       0.0023910      -4.79259779E-03  2.94139850E-02  1.20889612E-02
     -0.0174542       0.0116327       0.0726205      -2.87140775E-03  7.61634026E-04 -9.13758703E-02
      0.0068556      -0.0175185      -0.0732106      -7.02004861E-03 -1.74777678E-02  4.93043455E-02
     -0.0601212       0.0457562       0.0023501      -2.46458565E-03 -3.73087950E-02 -5.16851743E-02
     -0.0335245      -0.0272846      -0.0620110       1.16247831E-02  7.95502662E-03  3.14844979E-02
     -0.0525563       0.0089374      -0.0535879       1.12285662E-02 -8.50840308E-03  4.12197590E-02
      0.0565300       0.0471347      -0.0172156      -2.37478832E-02 -6.78447099E-04 -9.46523928E-04
      0.0605630       0.0308087       0.0331156      -3.96084177E-02 -8.89510924E-03 -9.46097611E-03
      0.0481570      -0.0545405       0.0204922      -2.23912303E-02  1.28205881E-02 -2.13861193E-02
      0.0636380      -0.0344521       0.0218396      -1.00807325E-02  2.04375091E-03 -3.79376585E-02
     -0.0280360       0.0133957      -0.0689075      -1.08289062E-02  1.16135405E-02  4.77806270E-02
      0.0560309       0.0315471       0.0397369      -2.51960699E-02 -2.24644233E-02 -1.78629980E-02
     -0.0674605      -0.0051989       0.0337009       6.42786490E-03 -1.79221563E-02  3.66000058E-03
     -0.0528265      -0.0157818      -0.0517107       2.59922326E-02  7.74937222E-03  2.19006390E-02
     -0.0540699      -0.0235095       0.0473018       1.20880950E-02  2.09592479E-02 -4.01815686E-02
      0.0438798      -0.0535944      -0.0302639      -6.28660895E-03  9.98951779E-03  6.85305817E-03
     -0.0661447      -0.0150966      -0.0333268       3.17762047E-02  1.98773871E-03  4.74746181E-02
     -0.0034029      -0.0372240       0.0657001      -1.71409474E-02  1.06123190E-02 -6.93866101E-02
      0.0264404      -0.0609292       0.0360867       1.94848142E-02  2.05675406E-02 -4.06169943E-02
     -0.0227789       0.0670911      -0.0263361       8.10182402E-04  5.96603013E-03  5.51570337E-03
     -0.0566588      -0.0442349       0.0233830       2.37673796E-02  1.68253912E-02  1.51358505E-02
      0.0154750       0.0699084      -0.0242290      -1.25331663E-02 -3.17943597E-02 -2.92776505E-02
      0.0182451       0.0478884      -0.0555655      -2.64993756E-02  5.89538625E-03  4.45252180E-02
      0.0087520       0.0474990      -0.0581459      -2.26197540E-02 -8.39263547E-03  8.36625798E-03
     -0.0279354       0.0091788       0.0696352       3.32882874E-02  5.76428488E-03 -2.13928385E-02
     -0.0412789       0.0462362       0.0432662       1.40213214E-02 -6.88444342E-03 -3.19747485E-02
     -0.0483596      -0.0113177      -0.0569820       3.94135803E-02 -4.90939537E-03  1.53631116E-02
# Displacement: 27,  E_pot (hartree): -29718.645886207
     -0.0187394      -0.0593223      -0.0429348       2.14133457E-03  1.44221095E-02  3.15307081E-03
      0.0408952      -0.0593110      -0.0228799      -2.62772463E-03  2.57538135E-02  1.25740929E-02
     -0.0416508       0.0579643       0.0248808       1.46074028E-02 -2.04760424E-02 -1.16987261E-02
     -0.0366374      -0.0470559       0.0464451       1.14807008E-02  7.84298462E-03 -1.56458002E-02
      0.0569096       0.0486717       0.0102990      -6.12099576E-03 -1.64779436E-02 -4.62483009E-03
      0.0479072      -0.0582493      -0.0050614      -4.90552655E-03  2.05494113E-02  1.24891648E-02
     -0.0008202       0.0450824       0.0606680       6.29725878E-03 -1.70325160E-02 -1.75445006E-02
     -0.0478169      -0.0170541      -0.0560038      -1.64740790E-03 -1.05666009E-03  1.03420395E-02
     -0.0489023       0.0429036       0.0384909       2.60217986E-02 -2.35656222E-03 -2.08407246E-03
     -0.0584731      -0.0154958       0.0453264       1.21016275E-02  6.94229324E-03 -2.30194217E-03
      0.0147761       0.0487453       0.0558503      -3.85103445E-03 -1.93327031E-03 -1.02276246E-02
     -0.0466871      -0.0195054       0.0561565       7.39286112E-03 -7.01196793E-03 -4.67503106E-03
     -0.0496227      -0.0469887       0.0323008       8.45368606E-03  1.75916951E-02 -1.16633126E-02
      0.0488647      -0.0152065      -0.0556302      -1.06527063E-02  1.09767907E-03  4.04151396E-03
     -0.0087124      -0.0470720      -0.0584980       7.13642383E-03  1.70876563E-02  2.03255833E-02
     -0.0020246       0.0755509       0.0012879      -2.76295717E-03 -2.53548847E-02 -3.32644603E-03
     -0.0637552       0.0163796       0.0371574       9.26410647E-03  1.17266411E-03 -8.14902544E-03
     -0.0277627      -0.0683307      -0.0165487      -6.53062503E-03  1.12831690E-02  1.22241713E-02
      0.0401767      -0.0206422       0.0606089      -7.81984081E-03  7.12277743E-03 -4.06450611E-05
      0.0179702       0.0156152      -0.0717423      -6.25136872E-03  1.51929385E-03  1.73938516E-02
      0.0075857       0.0692025       0.0294479      -3.99004701E-03 -1.61116828E-02 -1.39779411E-02
      0.0134111       0.0159570       0.0726583      -1.05931544E-02 -7.45887885E-03 -1.67354944E-02
      0.0018210       0.0499994      -0.0566609       8.12350648E-04  2.66124358E-03  1.85592450E-02
      0.0742103      -0.0053414      -0.0133412      -1.49821669E-02  3.61498368E-03  1.13846106E-03
      0.0705913       0.0068813      -0.0261382      -1.19182906E-02  4.46076510E-03  9.99082519E-03
     -0.0629809       0.0166902       0.0383216       2.07444647E-02 -5.95872789E-03  1.97791651E-03
     -0.0113880      -0.0591870       0.0456172       1.33282708E-03  1.78248256E-02 -2.09275886E-02
      0.0662558       0.0357695      -0.0066635      -4.50614292E-03 -5.73493940E-03 -2.97152679E-02
      0.0108786      -0.0076233      -0.0744127      -2.65571095E-03  1.69141708E-03  7.53396832E-02
     -0.0619394      -0.0349703      -0.0255794       5.78590104E-03  3.29746381E-03  9.50830789E-03
      0.0746074       0.0083219       0.0088421      -5.93034485E-03 -8.84640837E-03  3.65948998E-02
      0.0251060      -0.0373757       0.0607160      -2.96559241E-03  2.31996802E-03 -5.85499085E-02
     -0.0051100       0.0088240       0.0748981      -4.53759331E-03  6.39123721E-04 -1.47773132E-02
     -0.0554461       0.0134859      -0.0495738       5.17826970E-03 -2.71482366E-03  2.97997533E-02
      0.0312235      -0.0323114       0.0607845       4.91442375E-04  5.57928035E-03 -4.29968666E-02
     -0.0425031      -0.0514358      -0.0355183       9.01517488E-03  1.02065944E-02  4.68652917E-02
      0.0546435      -0.0460972      -0.0245528      -1.23109996E-02  1.20320029E-02  2.74315035E-02
      0.0573811      -0.0432253       0.0235093      -6.52613731E-03  8.08029188E-03 -2.54674007E-03
     -0.0225415      -0.0007939       0.0721454       8.43537698E-03 -3.40960849E-03 -2.34730893E-02
     -0.0269419       0.0521758      -0.0475974       4.81468117E-03 -6.22119711E-03  3.27018046E-02
     -0.0051325      -0.0619860      -0.0429546       1.41524056E-03  8.31671028E-03  1.20684630E-02
     -0.0596330       0.0331617      -0.0325256       1.49664558E-02 -2.03674517E-03 -4.99598376E-03
      0.0139728      -0.0740658      -0.0057190      -4.99260484E-04  6.79737635E-03  1.99490074E-02
      0.0388002      -0.0064431      -0.0645503      -6.03875192E-03 -2.11436832E-03  1.66317629E-02
      0.0010829       0.0569755      -0.0496621       5.16186103E-03  2.48735668E-04  1.90746355E-02
      0.0447125      -0.0498103      -0.0351204      -1.10387493E-02  1.21564729E-02  3.34425799E-02
      0.0755286       0.0022794       0.0019873      -1.28599173E-02  3.79996016E-03  9.13763870E-04
     -0.0158301      -0.0343621       0.0654398      -5.40038819E-03  2.60640579E-05 -2.65888253E-02
      0.0640616      -0.0081643       0.0392833      -1.63557512E-02 -4.71129928E-03 -3.21234054E-02
     -0.0013959       0.0749683      -0.0095658       7.95279301E-04 -9.10127297E-03  1.74136710E-02
     -0.0482048       0.0470518      -0.0342946       4.98536125E-03 -8.63418867E-03  9.64849012E-03
     -0.0295110      -0.0635857       0.0282781       8.76142230E-03  1.29924148E-02 -7.24480155E-03
      0.0228010      -0.0239274      -0.0679802      -8.22060817E-03  9.51094140E-03  3.16893143E-02
     -0.0485837       0.0338475      -0.0469858       9.15858166E-03 -8.80538186E-04 -3.21490322E-03
      0.0292743      -0.0617494       0.0323067      -8.25794610E-03  8.35655408E-03 -5.40337824E-03
     -0.0046326      -0.0351952       0.0667349       3.88479625E-03 -9.16047576E-04 -1.06751793E-02
     -0.0097958       0.0740936       0.0113086       1.78742871E-03 -1.92383694E-03 -4.42843553E-03
      0.0442246       0.0245358      -0.0561773      -8.96136098E-03 -1.84383445E-02  1.37000403E-02
     -0.0295886      -0.0502194       0.0481272       7.29522917E-03  2.87367346E-02 -8.43765218E-03
      0.0539830       0.0528155       0.0031726      -5.76005285E-03 -2.57512499E-02 -4.46249113E-03
     -0.0100813      -0.0680378       0.0313518       4.83777750E-03  1.87889748E-02  4.65072908E-03
      0.0500893       0.0082605      -0.0560047      -1.00083775E-02 -1.73465201E-02  3.87904049E-04
     -0.0414953       0.0426899      -0.0465769       5.84459689E-03  5.14703107E-03  1.16739874E-02
     -0.0471247      -0.0041357       0.0589564       1.40569557E-02 -4.10921763E-03 -1.32775027E-03
     -0.0559052      -0.0089602       0.0500803       3.21825492E-03  2.44640994E-03 -1.12603080E-02
      0.0112657       0.0251207      -0.0703969       4.23363333E-03 -3.84910439E-03  1.17124518E-02
      0.0512074       0.0467981      -0.0300242      -6.95974850E-03 -1.44459881E-02  1.46532241E-02
      0.0269447      -0.0684828       0.0172565      -7.10820158E-03  7.32245926E-03 -9.58011796E-03
     -0.0268322       0.0668545      -0.0228958       6.25960962E-03 -1.40028168E-02  5.56111677E-04
      0.0343593       0.0340776      -0.0580677       3.25910954E-03  3.13056494E-03  5.86152275E-03
      0.0410880      -0.0618049      -0.0143400      -9.27787293E-03 -3.98149475E-04  1.84116339E-03
      0.0342052       0.0273101       0.0616268       1.77175829E-03  9.01801727E-03 -1.22723135E-02
      0.0187108       0.0366522       0.0634052      -4.14189976E-03 -3.33095339E-02 -1.34498987E-03
      0.0266651       0.0282213       0.0648555      -5.47648049E-03  9.73498676E-03 -1.34216166E-02
     -0.0445042       0.0591659      -0.0152471       1.86784402E-03 -1.01253219E-02 -4.48358795E-03
      0.0447552      -0.0376526       0.0478848      -1.17714109E-02  1.51130200E-02 -5.96726431E-03
      0.0067335       0.0644073       0.0389882       1.81224125E-03 -1.98367152E-02 -2.76460177E-03
      0.0467885      -0.0576697      -0.0140975      -1.08582009E-02  1.64741038E-02  6.71950315E-04
     -0.0126180      -0.0745051      -0.0018678       4.24024032E-04  1.49576548E-02 -3.87524702E-05
     -0.0094264       0.0728743      -0.0177250       1.47838920E-03 -1.38765204E-02 -1.78125128E-03
      0.0482931       0.0305739      -0.0494642      -1.11769507E-02 -8.08736121E-03  5.68033055E-03
     -0.0503313      -0.0559359      -0.0071872       2.17450961E-02  5.70771454E-03  2.11288673E-03
      0.0543057       0.0079274      -0.0519783      -1.86767806E-02  2.12285745E-03  5.83048449E-03
      0.0302692      -0.0129742       0.0680379      -1.59951999E-02  1.12989626E-03 -1.55835764E-02
     -0.0043990       0.0523407       0.0543580      -4.44532231E-03 -1.34902735E-02 -2.51495705E-03
     -0.0091320       0.0037187      -0.0749432       1.60758773E-02  1.58270655E-03  7.79951358E-03
      0.0478776      -0.0134638      -0.0569224      -3.33151940E-02 -1.04846850E-03  9.37192548E-03
      0.0483872      -0.0362220      -0.0453911      -1.71591519E-02  5.01056717E-03  9.24812795E-03
      0.0000590      -0.0231070       0.0719706      -3.33943404E-03  5.23456259E-03 -1.85783112E-02
      0.0594122       0.0313322       0.0346728      -3.97775901E-02  9.09199395E-03 -5.05135383E-03
     -0.0108370      -0.0430104      -0.0612077      -4.63773986E-03  8.14832418E-03  1.10470170E-02
     -0.0287963       0.0405490       0.0569231       1.95215275E-02 -2.61701768E-03 -5.80834652E-03
     -0.0158840      -0.0262963       0.0690646       6.13225924E-03  3.86369220E-03 -1.37839030E-02
      0.0453042       0.0246086      -0.0552781      -1.39663889E-03 -8.51926852E-05  1.60364524E-02
     -0.0089388       0.0688850      -0.0298105      -1.13007935E-03 -1.77090833E-02 -2.02652458E-03
     -0.0531720       0.0271460       0.0463631       1.62674050E-02  3.57877136E-03 -1.07430693E-02
      0.0494549       0.0517477      -0.0242922      -6.31524834E-03 -1.31532737E-02  8.11116782E-03
     -0.0353285      -0.0240990      -0.0623284       5.38442855E-03  1.76744616E-03 -7.97903893E-04
     -0.0557357       0.0035025      -0.0509406       2.98026997E-02  4.97913390E-03  1.29678798E-02
     -0.0545549       0.0151364       0.0500835       1.58030360E-02  5.59814830E-04 -2.62754502E-03
     -0.0053072       0.0743994      -0.0122578       1.92961601E-02 -8.88869778E-03  1.35598713E-03
     -0.0471662       0.0425736       0.0409456       1.05655115E-02 -4.86390843E-03 -3.14282886E-03
     -0.0367810       0.0108761      -0.0651351       2.13126837E-02 -5.64837791E-03  9.71473429E-03
      0.0364470       0.0631496       0.0199360      -1.08160135E-02 -1.14137728E-02 -4.72671693E-03
     -0.0156201      -0.0337652       0.0658000       1.96915641E-02  7.25635900E-03 -1.35350323E-02
      0.0646202       0.0373018      -0.0121039       3.36202242E-03 -2.05446202E-03  4.66325240E-03
     -0.0524629       0.0482127      -0.0252369      -6.47505329E-05  4.27288325E-04 -3.98429481E-03
      0.0613295      -0.0437603       0.0061171      -1.20640857E-02  1.03389471E-02 -5.31435547E-03
     -0.0044566      -0.0069645      -0.0751355      -3.12867794E-03  1.38785551E-02  3.10405886E-02
      0.0098167       0.0356752       0.0659136      -1.73376615E-02 -1.77030575E-02 -8.00382510E-02
      0.0156392      -0.0337448      -0.0658058      -1.19565081E-04 -2.43294048E-03  4.36658805E-02
     -0.0076305       0.0441213       0.0608997       7.40727870E-03 -2.70841942E-03 -6.88634458E-02
     -0.0055702      -0.0101013      -0.0747037       5.07795954E-03  1.51434518E-02  5.74860080E-02
      0.0325069      -0.0667161       0.0143513      -4.55210627E-03  2.05006084E-02  1.16536333E-02
     -0.0600575       0.0344367       0.0303468       2.12333424E-02 -5.03309428E-03 -2.97248102E-02
      0.0665324       0.0098031      -0.0345113      -1.65873029E-02  4.53636981E-03  5.93431121E-02
      0.0523209      -0.0180955       0.0514662      -1.11250536E-02 -3.23717187E-02 -6.40651179E-02
      0.0116079       0.0643248       0.0379641      -7.97265324E-03 -2.20260535E-02 -4.02586122E-02
     -0.0399825       0.0537599       0.0349996       7.64812448E-03 -1.90217992E-03  3.91340796E-03
      0.0381481      -0.0509600       0.0407617      -1.55356275E-02  1.56048238E-02  1.14018049E-02
     -0.0055213       0.0694377       0.0293534      -2.30672863E-02 -3.12157762E-03 -5.10539813E-02
     -0.0178021       0.0730645      -0.0076397       1.87738942E-02  2.12990743E-03 -1.28667737E-03
      0.0727069      -0.0111198      -0.0174284      -5.43701227E-02 -1.82949756E-02  3.10296601E-02
     -0.0120333      -0.0240663       0.0706378      -1.98812577E-02  1.95094630E-02 -3.07064725E-02
      0.0285543       0.0698837      -0.0038245       1.53489565E-02  1.89177335E-03  3.52323932E-03
      0.0532525      -0.0027796       0.0535739      -1.47309132E-02 -8.89848143E-03 -3.61537423E-02
     -0.0433414       0.0515904       0.0342583       2.87480193E-02 -1.88698801E-02 -2.60369705E-02
     -0.0416030       0.0629549      -0.0044226       1.61727778E-02 -1.91538630E-02 -8.19854545E-03
     -0.0120902      -0.0720582      -0.0193690       1.37152209E-02  3.53340738E-02  3.70846957E-02
     -0.0378195      -0.0373868      -0.0537180       1.65892451E-02  3.73437393E-02  4.42475174E-02
      0.0718957       0.0162263       0.0167757      -2.66476277E-02  1.77805563E-02 -2.37666246E-02
     -0.0664958       0.0288699      -0.0214132       5.64038322E-02 -2.07598212E-02 -4.46784069E-03
     -0.0148655       0.0563647       0.0481221      -1.57524178E-02 -1.11543529E-02 -1.75976413E-02
      0.0497806       0.0345585      -0.0451809       9.09715340E-04 -1.45072964E-02  1.01829065E-02
      0.0138726      -0.0002391      -0.0743047       1.24276228E-02 -1.03605966E-02  2.04330612E-02
# Displacement: 28,  E_pot (hartree): -29718.648775176
     -0.0291264       0.0685085       0.0131127       1.20533050E-02 -1.33458501E-02  3.37630277E-03
      0.0223432       0.0646573       0.0321546      -1.56859022E-03 -1.02562794E-02 -1.13783935E-02
      0.0137395       0.0001978      -0.0743296      -8.71277794E-03 -2.82015176E-04  1.18655916E-02
     -0.0148271       0.0335216       0.0661073      -8.81300090E-03 -1.00662906E-02 -5.93998847E-03
      0.0257288       0.0575299      -0.0417380       1.32799504E-04 -2.09048985E-02  1.61992428E-02
      0.0129252      -0.0330259       0.0667527      -9.97650247E-03  7.73297780E-03 -2.06405364E-02
     -0.0516555       0.0464617      -0.0297775       4.92018477E-03  2.05438579E-03  6.03779960E-03
      0.0672227       0.0336648       0.0078417      -1.03400321E-02  1.01623244E-02  1.46867261E-03
     -0.0482396       0.0313111       0.0490536       2.32081835E-03 -4.12460695E-03 -1.09302432E-02
     -0.0074505      -0.0101178       0.0745375      -9.78015423E-03  6.40958596E-03 -1.20627886E-02
      0.0419731       0.0092804       0.0621758      -1.85852430E-02 -4.14593869E-03 -4.35302716E-03
     -0.0294443       0.0629454       0.0297424       1.58398376E-02 -6.00568471E-04 -3.63468455E-03
      0.0210503       0.0603784      -0.0403119      -1.70554394E-03 -5.28664159E-03  1.80062829E-02
      0.0106260      -0.0745307       0.0067786      -1.23443077E-03  1.43087279E-02  2.13764978E-03
      0.0516995       0.0259792       0.0486411      -1.71846780E-03  1.76638683E-03 -1.46833212E-02
      0.0545047       0.0522664       0.0033409      -4.75602040E-03 -1.07293736E-02  1.12981798E-02
     -0.0260794      -0.0369917       0.0605407       9.41144442E-03  7.64992011E-03 -1.91817869E-02
     -0.0304978       0.0196036      -0.0663271       3.08710978E-03 -1.64252886E-02  7.11441148E-03
     -0.0382673      -0.0648528       0.0065905       6.38973439E-04  1.61000711E-02 -4.13106516E-04
     -0.0281802      -0.0570881       0.0407495       8.42995173E-03  5.13114552E-03  9.43310742E-04
      0.0474315       0.0580862       0.0094837      -1.03099948E-02 -4.27967695E-03 -5.63252651E-03
     -0.0457884      -0.0491874      -0.0346081       1.13089930E-02  1.13219026E-02  3.15453800E-03
      0.0239531      -0.0585869      -0.0413221      -1.02755854E-02 -1.13444349E-03  6.63003393E-03
     -0.0290478       0.0438935      -0.0542522       2.10865454E-03 -1.35555943E-02  1.24595473E-02
      0.0508714       0.0552555       0.0085220      -1.15280119E-02 -2.19448022E-02  3.84439246E-03
      0.0429572       0.0598932       0.0167678      -1.54330595E-02  2.31363627E-04 -7.62447488E-03
     -0.0710101      -0.0122127       0.0228503       1.56088230E-02 -1.86429312E-03 -5.51401538E-04
     -0.0553165      -0.0511522      -0.0061043       3.11200349E-03  1.03882080E-02  8.06777505E-04
      0.0044128      -0.0345816       0.0670697      -1.74837647E-03  1.03664047E-02 -4.53889538E-03
     -0.0411732      -0.0109037       0.0624467      -1.04430106E-03  1.24894536E-02 -3.15097483E-02
     -0.0454720       0.0366263       0.0480055      -4.38256634E-03 -1.42125670E-03 -3.01592145E-02
      0.0126098      -0.0299135      -0.0682634      -2.89273392E-03  1.15002233E-02  1.74375579E-02
     -0.0415506       0.0581959       0.0245051      -5.53464358E-03 -7.67033542E-03  2.76026373E-03
      0.0630244      -0.0138179      -0.0393786      -9.77230760E-03  4.72184929E-03 -1.19566369E-02
     -0.0275951       0.0274293      -0.0648064       3.19382934E-03 -3.73924276E-03  5.26106549E-02
      0.0559909      -0.0446514       0.0241859      -9.68043548E-03  7.29600523E-03 -8.92634539E-03
      0.0255691      -0.0385040       0.0598112       7.44105380E-05  5.73208589E-03 -2.82114242E-02
     -0.0630081       0.0341746       0.0239953       1.32251702E-02 -7.19881422E-03 -1.02980143E-02
      0.0143615      -0.0100712       0.0735257      -2.81098410E-03 -1.71443728E-03  4.76918810E-03
      0.0052747       0.0173916      -0.0733717       9.34442360E-03 -2.24941781E-03  3.67451288E-02
     -0.0358084      -0.0218961      -0.0628652       1.49056072E-03  5.84797626E-03  2.69216741E-02
     -0.0223441       0.0510877      -0.0510343       8.64401007E-03 -5.18101605E-03  3.14940457E-02
     -0.0616231      -0.0354303       0.0257096       1.51137429E-02  9.93482815E-03 -2.03015520E-02
     -0.0261495      -0.0687058       0.0175902       4.33437766E-03  7.16237710E-03  1.26050404E-02
     -0.0491386       0.0219622      -0.0530732       9.53247395E-03 -5.33846335E-03  6.90027684E-03
      0.0266774      -0.0543037       0.0453117      -8.88519848E-03  6.32856600E-03 -2.76469120E-02
      0.0128790       0.0661199       0.0342926      -4.15141949E-03 -1.46449653E-02  9.48549199E-04
     -0.0266965      -0.0360753       0.0608242       8.99623940E-04  2.73346415E-03 -3.44283550E-03
     -0.0396106      -0.0194994      -0.0613552       6.53529771E-03  7.85624308E-03  4.65398202E-02
     -0.0741890      -0.0090154      -0.0113320       6.77319585E-03  4.70246397E-03 -8.00256979E-03
     -0.0601670      -0.0116264      -0.0442544       1.49780727E-02  2.76861437E-03 -3.79165428E-05
     -0.0688793       0.0242607       0.0195129       4.81481834E-03 -2.44550911E-03 -2.66582696E-02
     -0.0327299       0.0547459      -0.0405629       1.55937469E-03 -2.93278077E-03  2.98231867E-02
     -0.0150572       0.0519629       0.0527906      -6.06791039E-03 -3.60375126E-03 -1.45879577E-02
     -0.0215600       0.0694334      -0.0206854      -3.42344886E-03 -2.34123251E-02 -6.70934110E-03
     -0.0754883      -0.0016660      -0.0035294       8.99490229E-03  6.32908160E-03  9.83940446E-03
      0.0184647       0.0306510      -0.0665827      -8.88228404E-03  3.27354653E-03  1.22469738E-02
      0.0059421      -0.0270076       0.0703489      -5.12203099E-03  2.91295524E-02 -1.49458164E-02
      0.0230832       0.0325527      -0.0641965      -7.26399205E-03 -2.26908253E-02  1.26307551E-02
     -0.0332006       0.0360887      -0.0575241       1.56869252E-03 -7.15424348E-03  1.74805230E-02
     -0.0058361       0.0246465       0.0712192      -5.27930204E-03 -1.08991697E-02 -1.54195360E-02
     -0.0027604       0.0754656       0.0033192      -3.59355413E-03 -2.34332620E-03  5.18232830E-03
      0.0599144       0.0329501       0.0322218      -1.57784475E-02 -1.23696376E-02 -8.52297310E-03
     -0.0244821       0.0607159       0.0377876       5.76289415E-03 -3.39137092E-03 -8.11322303E-03
     -0.0441523       0.0188514      -0.0583858       1.30641461E-02 -1.21099285E-02  1.79488024E-02
     -0.0636791      -0.0347391       0.0212572       1.12935946E-02 -1.45025055E-03 -1.32042458E-03
     -0.0331152       0.0678609      -0.0034632       6.36941335E-03 -2.12701787E-02 -3.85663583E-03
      0.0461841       0.0494815      -0.0336499      -6.56167224E-06 -1.76141240E-02  2.88561843E-04
      0.0635880      -0.0403319      -0.0066034      -9.83912828E-03  1.63375911E-03  1.29709951E-02
     -0.0616731       0.0121521       0.0419815       1.68384239E-02  1.40481434E-02 -1.30385287E-02
     -0.0416259      -0.0613035      -0.0149291       1.53101057E-02  2.96959164E-02  5.19111187E-03
      0.0056642      -0.0408237      -0.0633644      -6.21027291E-03  2.41987338E-02  7.84104572E-03
      0.0437580      -0.0379356      -0.0485782      -1.21835823E-02  1.62803496E-02  1.52261353E-04
     -0.0044937       0.0617148      -0.0434142       1.44696612E-03  1.62350252E-03  1.10282351E-02
      0.0724940       0.0189622       0.0099386      -1.56687847E-02 -9.89424241E-03  2.54446515E-03
      0.0073581       0.0060988       0.0749824      -2.15009644E-03  3.52512881E-03 -1.03241492E-02
     -0.0679133      -0.0194492       0.0268925       3.73623716E-03  3.52977156E-02 -9.74427418E-03
     -0.0689772      -0.0125219       0.0282673       1.01827247E-02  9.66422019E-03  8.47978672E-04
     -0.0138920       0.0727694      -0.0150109       2.26278704E-03 -1.67975777E-02 -5.92663981E-05
     -0.0386034       0.0648791       0.0037635      -1.15102205E-03 -2.59456423E-02 -2.75425465E-04
     -0.0703371       0.0265754       0.0077545       9.91283628E-03  1.34828755E-02  3.15435480E-03
     -0.0255561       0.0617836       0.0352614      -1.49224648E-02 -1.14718191E-03 -1.21547954E-02
     -0.0448006       0.0367274       0.0485562       2.52005672E-02  1.21683940E-03  2.47003420E-03
     -0.0675242       0.0339342      -0.0016293       2.27361392E-02 -1.70172322E-03  7.78059727E-03
      0.0186051      -0.0421480      -0.0599258      -5.14889211E-03  9.40310829E-03  4.93033099E-03
     -0.0034608       0.0737169       0.0163568      -2.27109899E-02 -4.02803983E-03 -4.63178039E-03
     -0.0293966       0.0317693      -0.0619697       8.05826288E-03  1.44416962E-03  9.01514290E-03
     -0.0190796      -0.0684295      -0.0258276       8.13909281E-03  8.21354832E-03 -2.04506685E-03
     -0.0750111      -0.0092818      -0.0009379       2.14526645E-02  2.29158601E-03  2.62865682E-03
     -0.0158134       0.0404689      -0.0618539      -1.04533926E-02 -8.26747744E-03  1.22632463E-02
     -0.0656396       0.0358642       0.0109033       3.11721421E-02 -1.74690191E-03 -3.47214691E-03
      0.0631494      -0.0024576      -0.0414707      -3.06847198E-02  8.41460109E-04  1.25603072E-02
      0.0264960      -0.0699829       0.0106803      -1.40902914E-02  1.83902901E-02  1.14091865E-02
      0.0181907       0.0688957      -0.0252229      -2.71302215E-02 -9.73430957E-03 -3.39570719E-03
     -0.0091231       0.0384946      -0.0644099      -8.20862047E-03 -9.30505186E-04  5.58525776E-03
     -0.0060237       0.0333983       0.0675425      -1.54196089E-02 -7.78905365E-03 -3.91426139E-03
      0.0642285       0.0298790      -0.0263756      -1.00896462E-02  5.02779146E-03 -6.95001055E-03
      0.0682721      -0.0318955       0.0059421      -1.78659573E-02  5.75633034E-03  1.21871458E-02
     -0.0737386       0.0123917      -0.0110799       1.00859191E-02 -4.45074318E-03 -6.41880330E-03
     -0.0250245       0.0462814       0.0542724       4.62548449E-03 -8.34945312E-03 -8.55063643E-03
      0.0158205      -0.0440584       0.0593488      -8.48968696E-03  3.19871960E-03 -4.79690484E-03
     -0.0047173      -0.0611927       0.0441240       1.06329722E-03 -3.61411326E-03  1.55286085E-03
      0.0381569       0.0356849      -0.0546291       9.38613377E-03 -2.24426406E-03  4.45500010E-03
     -0.0717459      -0.0067556      -0.0228166       3.70527668E-02  8.81179685E-03 -3.38131257E-03
     -0.0290105       0.0511452      -0.0475001      -1.53258088E-03 -4.97173560E-03  5.45120311E-03
     -0.0644140      -0.0069449      -0.0389399       1.02263438E-02  9.07266330E-03 -2.44836860E-03
      0.0388395       0.0638343       0.0114188      -3.01374965E-02 -8.68087446E-03  3.47735423E-03
     -0.0451002      -0.0111308      -0.0596303       1.14813495E-02  7.42872969E-03  1.26486426E-02
     -0.0284500       0.0552143      -0.0430776       5.99827095E-03 -2.97381015E-02  3.27445791E-02
     -0.0173064       0.0190192       0.0710807       1.13871698E-02  1.38739394E-02 -3.87049593E-02
     -0.0541573       0.0509435       0.0136180       1.79452649E-02 -2.50770279E-02  7.27704361E-03
     -0.0639743       0.0238999      -0.0324007       4.98460466E-02  2.45537926E-03  3.31912865E-02
     -0.0123906       0.0530079      -0.0524437       1.53151634E-02 -2.13766984E-02  4.64677935E-03
     -0.0321645       0.0412485       0.0545685       3.14975604E-02  6.18195883E-03 -2.56230387E-02
     -0.0309412      -0.0328014      -0.0606665       3.42438040E-03  2.28911637E-02  3.13586134E-02
      0.0187673       0.0135888       0.0719502       3.05082068E-03 -1.12711203E-03 -7.20084343E-02
      0.0753300      -0.0004173      -0.0062380      -1.38217874E-02  1.42211449E-02  1.72355974E-02
     -0.0242181      -0.0709361      -0.0097608      -8.37852066E-03  3.22010026E-02  2.33282245E-02
      0.0723474      -0.0107227      -0.0190941      -2.59994622E-02  9.17682321E-03  1.18973161E-02
     -0.0056442      -0.0209118       0.0724193      -4.28120457E-03 -3.16220293E-03 -3.15112243E-02
      0.0600736      -0.0058711       0.0455015      -2.84722540E-02  1.25512775E-02 -2.55294456E-02
      0.0554822       0.0500960       0.0112169      -3.69973309E-02 -2.99948473E-02 -2.61486260E-02
      0.0200265       0.0041012       0.0727725       1.19082166E-02 -7.28269927E-04 -4.91189518E-02
     -0.0219764       0.0663175      -0.0288573      -2.22352431E-02 -5.76653086E-02  4.37682222E-02
      0.0312708      -0.0398132       0.0561315      -8.18200274E-03  1.75782629E-02 -3.57916694E-02
      0.0223675      -0.0621076      -0.0368244      -1.25986053E-02  2.01171342E-02 -6.13327650E-03
     -0.0392211      -0.0240903      -0.0599589       1.65313408E-02 -7.24736495E-03  3.89728182E-02
     -0.0087166      -0.0693436      -0.0287958       8.29979513E-03  3.67113578E-03  7.64808624E-03
     -0.0002528      -0.0755784      -0.0012503      -1.38321760E-02  2.82583662E-02 -3.83497759E-03
      0.0047969      -0.0390832       0.0645228      -2.55627086E-02  5.00281107E-03 -5.78618637E-02
     -0.0645068      -0.0386833      -0.0074942       2.21336520E-02 -1.22417546E-02  1.59603640E-02
      0.0672678      -0.0253877      -0.0233285      -4.54171999E-02 -1.24941259E-02  7.00681959E-03
     -0.0519759      -0.0143857      -0.0529647       2.06656311E-02  3.42066770E-03  4.28152828E-02
      0.0375571      -0.0649595       0.0091337      -7.83394173E-03  1.14950779E-02 -2.25854392E-02
     -0.0524657       0.0249279       0.0483701       3.38443254E-02 -1.21346737E-02 -2.78660499E-02
# Displacement: 29,  E_pot (hartree): -29718.645926916
      0.0485091      -0.0033189       0.0578754      -1.29449088E-02 -9.92301556E-03 -1.76291502E-02
      0.0127673       0.0152343      -0.0729289       4.45571041E-04 -1.10569794E-02  7.80363292E-03
      0.0234671       0.0711243      -0.0102142      -1.94563929E-03 -1.14195751E-02  8.39582058E-03
      0.0046349      -0.0564348      -0.0500732      -9.29915557E-03 -3.50135386E-03  4.00125453E-03
     -0.0129635       0.0268689      -0.0694531      -3.80301395E-03 -9.14613151E-03  2.31952581E-02
      0.0614586      -0.0113453       0.0425185      -9.50353809E-04  3.18871154E-03 -1.22341284E-02
     -0.0616340      -0.0415289      -0.0137953       2.15332283E-03  2.60100242E-02  7.78956070E-03
      0.0736708       0.0100291      -0.0136282      -1.92023792E-02  1.57830383E-02 -6.67356970E-03
      0.0540099       0.0390583      -0.0356522      -2.07000693E-02 -2.06312715E-03  6.69227390E-03
      0.0513981       0.0235573       0.0501698      -1.86969407E-02 -1.06175826E-02 -1.19212671E-02
      0.0378322       0.0526158       0.0389102      -6.30909975E-03 -6.77782132E-04 -6.35042878E-03
     -0.0144199       0.0025696      -0.0741564       9.78935961E-03  4.83827706E-03  1.49693344E-02
     -0.0517665      -0.0150306      -0.0529905       1.02197999E-02  9.02478241E-03  9.94790454E-03
     -0.0443514       0.0610463      -0.0044739       1.22362752E-02 -1.46412608E-02  3.60102321E-03
      0.0050949       0.0711115       0.0251179      -1.79465241E-03 -1.82215231E-02 -4.98491082E-03
     -0.0017426       0.0751707      -0.0077470      -5.51809573E-03  6.94629190E-04  6.04320297E-03
     -0.0181506      -0.0117714      -0.0724272       2.80905328E-03  3.02591686E-03  6.41902739E-03
     -0.0106663       0.0637025       0.0392673       1.63217510E-02 -4.74187843E-03 -3.74565335E-03
     -0.0179641      -0.0713097      -0.0174905       1.48013151E-02  9.20364921E-03 -1.95839195E-03
      0.0490590       0.0510218      -0.0265272      -1.44542678E-02 -4.28278796E-04  6.82975969E-03
      0.0658852      -0.0306916      -0.0207571      -2.32373913E-02  9.83973811E-04  4.18498572E-03
     -0.0181209       0.0678976       0.0278438       1.61932669E-03 -6.62364777E-03  2.83895805E-03
     -0.0499907      -0.0421299       0.0379434       4.81234173E-03  7.82335661E-03 -3.04123877E-03
     -0.0098837      -0.0396871       0.0635685      -5.85803340E-03  5.48329677E-03 -1.67729730E-02
     -0.0742341       0.0105880      -0.0095343       1.86392591E-02  4.15887117E-03  4.91702201E-03
      0.0478555      -0.0374830       0.0449285      -4.21449899E-04 -6.67881079E-03 -1.66346449E-02
      0.0679383       0.0003691      -0.0331353      -1.15034793E-02  7.65574561E-04  6.24750637E-03
      0.0035805       0.0652073       0.0380642      -2.64933779E-04 -5.45506066E-03 -3.86893107E-02
     -0.0409133       0.0353200       0.0528422       7.83470693E-03 -5.10196286E-03 -2.17711358E-02
     -0.0716691       0.0024064      -0.0239052       1.76613041E-02  7.89092441E-03  3.45230576E-02
     -0.0079487       0.0064520      -0.0748925      -5.73614210E-03  3.31610760E-03  3.67396472E-02
     -0.0280602       0.0650534      -0.0263514       1.42600788E-02 -2.32804128E-03  1.36353567E-02
     -0.0623745      -0.0261964       0.0337177       7.04230725E-03 -1.77454713E-03 -9.56916349E-03
     -0.0361497      -0.0639771      -0.0177150       1.04435987E-02  1.10628802E-02  1.28136882E-02
     -0.0133030       0.0705236      -0.0237311       3.77174533E-03 -9.88885154E-03  2.97890908E-02
     -0.0029800      -0.0650901       0.0383157      -1.83027425E-03  6.11290149E-03 -3.00228264E-02
     -0.0360025      -0.0162164       0.0644559       3.86120883E-03  7.27476557E-03 -3.67856281E-02
     -0.0569003      -0.0332129       0.0370535      -5.10383871E-04  8.28304099E-03 -9.33897505E-03
      0.0713220      -0.0130655       0.0213582      -1.22864665E-02  9.24722538E-03  2.84660179E-02
      0.0025756       0.0435920       0.0616994       6.45307077E-04 -4.34136235E-03 -2.60749126E-02
     -0.0144776      -0.0295276      -0.0680605      -7.57749324E-03  2.48032551E-03  2.76757795E-02
     -0.0163165       0.0737836      -0.0018574      -2.96958123E-03 -1.22530623E-02 -1.58318656E-03
     -0.0335925      -0.0079814      -0.0672424       5.17156701E-03  3.73297868E-03  6.16842158E-02
     -0.0206222      -0.0094879       0.0720999       1.92455482E-03  1.59057511E-03 -3.63893349E-02
      0.0292378       0.0669682      -0.0193422      -1.19246416E-02 -4.47959321E-03 -1.70261324E-03
      0.0735163      -0.0059327      -0.0165491      -1.07448934E-02  1.52852347E-03 -4.14440118E-03
     -0.0664505      -0.0327223      -0.0150760       1.52177958E-02  7.69166623E-03  3.70218501E-02
      0.0170937      -0.0735102       0.0042164      -9.43131355E-03  1.88981110E-02 -2.25515479E-02
      0.0120591      -0.0743197      -0.0066983       4.79141204E-03  1.14544491E-02  7.92917236E-03
      0.0306994       0.0668757       0.0172885       1.24130962E-03 -1.41405955E-02 -4.58342214E-03
     -0.0501341       0.0304101      -0.0477021       8.96840219E-03 -9.13038100E-03  9.30523780E-04
      0.0662064       0.0345794      -0.0116057      -1.51421112E-02 -1.22517916E-03  2.89910491E-02
     -0.0319984      -0.0677244       0.0101588       9.77911263E-04  1.97057066E-02 -1.27501089E-02
     -0.0322485       0.0464045       0.0502032       6.24071677E-03 -6.25346594E-03 -3.80888253E-02
     -0.0374709      -0.0583226      -0.0301350       9.91849963E-03  3.70852579E-02  9.01756142E-03
     -0.0126975       0.0734706      -0.0124319       1.09569221E-03 -6.43285402E-03  2.02584717E-03
      0.0048694      -0.0615263       0.0436408      -3.61417837E-03  5.26519546E-03 -1.00232801E-02
     -0.0283529       0.0629039       0.0308694       3.27615449E-03 -2.97794839E-02 -8.81432640E-03
      0.0656291       0.0370470      -0.0058345      -8.33812148E-03  1.45070299E-02  4.29857477E-03
     -0.0164280      -0.0665064      -0.0319485       9.61315194E-03  3.81187133E-02  7.89692520E-03
      0.0630918      -0.0007574      -0.0416240      -1.03619687E-02 -2.40958974E-02  6.00971307E-03
     -0.0022361       0.0695402      -0.0295441       9.69748105E-03 -1.15877165E-02  8.43824461E-03
     -0.0480822       0.0582923       0.0019533       8.22802450E-03 -2.97265955E-02 -5.56775857E-03
     -0.0445271       0.0369700       0.0486236       7.94895215E-03 -1.96002451E-03 -5.14307763E-03
     -0.0609431       0.0408525       0.0181855       1.13276793E-02 -2.67980441E-02 -4.68365173E-03
     -0.0018972       0.0755080       0.0029394      -2.46688211E-03 -2.41250770E-02  3.56670637E-03
      0.0162860       0.0720019       0.0162543      -9.56873044E-03 -3.56282742E-03 -8.17977438E-03
      0.0420990      -0.0626845      -0.0034665      -7.71066281E-03  2.26013431E-02  5.07169101E-03
      0.0390680      -0.0520287      -0.0384759      -1.45763310E-02  1.29772523E-02  1.12971413E-02
      0.0064008       0.0750918       0.0058266      -3.99479711E-03 -6.96721877E-03  3.83607968E-04
     -0.0697088       0.0284654      -0.0066413       2.33321929E-03  1.49900725E-02 -6.44023315E-04
      0.0747517      -0.0077541      -0.0081093      -1.91927134E-02 -6.69643955E-03 -1.15582266E-03
     -0.0695992      -0.0190553      -0.0225067       2.94604814E-03  2.97826666E-02  8.75322751E-03
     -0.0038259       0.0323011      -0.0682327       8.81588765E-04 -1.26885278E-02  1.18195537E-02
      0.0132286       0.0736432      -0.0107418      -4.23227059E-03 -6.37037969E-03 -1.11304887E-02
     -0.0738586       0.0034448      -0.0157080       1.63330017E-02 -1.40240000E-02 -2.84670181E-03
     -0.0752409       0.0072323      -0.0004394       1.45647135E-02  4.92674239E-03  8.05940126E-03
      0.0544246       0.0187475       0.0489920      -7.45219624E-03 -2.59022395E-03 -1.09055648E-02
     -0.0337846       0.0589256      -0.0331673       3.78464910E-03 -2.35304261E-02  7.42203219E-03
      0.0294664       0.0599937       0.0353013      -1.31572731E-03 -1.24021270E-02 -1.21784464E-02
     -0.0263602      -0.0218740      -0.0673822       6.93826017E-03  4.91239156E-03  9.19704185E-03
     -0.0040064      -0.0587138      -0.0474380       1.89709152E-02  1.42804950E-02  1.02394001E-02
      0.0192050      -0.0301789      -0.0665891      -5.14655486E-03  9.62190836E-03  1.45426054E-02
      0.0632706       0.0345953       0.0226650      -2.92244557E-02  1.76137067E-03 -1.08029175E-02
     -0.0716379      -0.0144656      -0.0192994       2.43530093E-02 -1.48754900E-03 -1.55706634E-04
      0.0285377       0.0635300       0.0293810      -3.23852193E-03 -5.91993831E-03 -5.51218477E-03
      0.0440371       0.0265258      -0.0554149       8.92627019E-04 -8.81826400E-03  1.03818359E-02
     -0.0288162      -0.0279531       0.0640464       1.24509979E-02  5.37920070E-03 -9.14413514E-03
      0.0099055      -0.0106924       0.0741704      -7.13990570E-05  7.28127130E-03 -7.03273961E-03
     -0.0568070       0.0389292       0.0311640       2.19002426E-03 -6.05803793E-03 -1.23954800E-02
      0.0742777      -0.0075405       0.0118185      -3.37777459E-02  1.02765369E-02 -1.10303933E-02
      0.0034575      -0.0572065      -0.0492866      -9.20760251E-03  1.27163237E-02  1.10401720E-02
     -0.0594086      -0.0191678       0.0426253       1.70826260E-02  7.64724467E-03  3.71743990E-03
      0.0119355       0.0507047       0.0547748       2.81481240E-03 -8.74196549E-03 -9.23379785E-03
      0.0333150      -0.0053780      -0.0676380      -1.90369021E-02  4.57563041E-03  1.03941960E-02
     -0.0039162       0.0191436       0.0730199      -1.03441268E-02 -2.25690392E-03 -1.00079286E-02
     -0.0345943       0.0481613      -0.0468768       2.00872714E-02 -2.71790547E-03  9.37590117E-03
     -0.0121884       0.0745995      -0.0002567      -4.60399011E-04 -8.62279657E-03  1.54032578E-04
     -0.0580092       0.0480644       0.0062005       1.80925600E-02 -1.15147307E-02 -3.98414513E-03
     -0.0657006       0.0176260       0.0329614       1.85699395E-02 -1.21513482E-03 -9.85779953E-04
      0.0101907      -0.0742639       0.0097335       1.02083200E-02  5.43171019E-03  3.02704128E-03
     -0.0518841      -0.0268804      -0.0479499       2.10577643E-02  1.03950034E-02  5.19085353E-03
      0.0575426      -0.0444636      -0.0206285      -1.94621969E-02  9.45103246E-03  1.54236048E-03
     -0.0087638       0.0618770       0.0425222       1.72432729E-03 -3.25214454E-03 -3.21130262E-03
     -0.0567576      -0.0151859      -0.0475570       1.19632778E-02 -7.85339998E-03  3.37881701E-03
      0.0507174       0.0036342      -0.0559307      -3.25090978E-02  6.06614857E-03  1.59254206E-02
     -0.0132225      -0.0721688      -0.0181802      -5.21733690E-03  1.42192606E-02 -5.26005992E-03
     -0.0062964      -0.0462517       0.0594545      -7.46392954E-03  1.38703755E-02 -9.77335793E-03
     -0.0321803       0.0606173      -0.0316808      -6.09134386E-03 -1.50267990E-02  2.23415324E-02
     -0.0144164      -0.0705258      -0.0230650      -2.50900819E-03  1.53950213E-02  8.20573375E-03
      0.0599223       0.0429503      -0.0166816      -2.17876396E-02 -2.93241684E-02 -1.49480107E-02
     -0.0684805       0.0121208       0.0296178       1.60861526E-02  3.37817758E-02 -4.25583202E-02
      0.0550285       0.0374967       0.0357709      -5.60993478E-03 -3.18324305E-02 -1.68885821E-02
     -0.0092722       0.0260944       0.0703337      -1.44512460E-02  7.91214822E-03 -1.45893136E-02
      0.0360782       0.0661566      -0.0059480      -2.95447712E-02 -2.01126802E-02 -1.71889610E-02
      0.0231724      -0.0553550       0.0459625      -1.29908641E-02  1.67289314E-02 -5.04958469E-02
     -0.0104117       0.0017719      -0.0748475       3.10400454E-03  3.06066152E-02  6.69962582E-02
     -0.0201430      -0.0012525      -0.0728451       4.99427985E-03 -8.32354460E-03  5.80222326E-02
     -0.0729775      -0.0020201       0.0195935       1.55474845E-02 -1.64870324E-02 -4.02770850E-03
      0.0018431       0.0298482       0.0694219       9.45548440E-03 -7.19083300E-03 -5.01846939E-02
     -0.0698943      -0.0123231      -0.0260121       2.45225892E-02  1.82722517E-03  2.57648215E-02
      0.0181279      -0.0714859      -0.0165788       1.26155492E-02  1.20787325E-02 -2.15186236E-02
     -0.0129495       0.0720189      -0.0189548       1.68654444E-02  5.26744338E-03  9.87701495E-03
     -0.0206773       0.0042099       0.0725839       7.63827219E-03 -5.90366481E-03 -6.52267160E-02
      0.0095112      -0.0515256      -0.0544825      -5.56286492E-03  2.97295496E-03  4.93651624E-02
      0.0000616       0.0755423      -0.0026598       1.26393128E-02  2.75233274E-03 -1.71337919E-02
     -0.0659657      -0.0279386       0.0241175       1.98085944E-03 -8.12921824E-04 -2.54472287E-02
     -0.0048890      -0.0315573       0.0685124      -1.49042449E-02  1.60696188E-02 -5.54650819E-02
     -0.0293422       0.0450051      -0.0531720       1.38679830E-02 -5.20266284E-02  5.04782028E-02
      0.0574042      -0.0490555      -0.0034693      -5.12959579E-02  2.12151700E-02  4.40945705E-03
      0.0690271       0.0207141       0.0228015      -1.07569949E-02 -1.38483155E-02 -1.52197332E-03
     -0.0115372      -0.0741878      -0.0087615      -4.30793110E-03  4.40791500E-02 -1.05208818E-02
     -0.0679152       0.0234094      -0.0235208       2.94407613E-02 -2.77072129E-02 -1.72808876E-02
     -0.0202655       0.0185604      -0.0704168       2.47538027E-02 -1.17108565E-02  1.77975291E-02
      0.0324540      -0.0176709      -0.0659407      -3.90405529E-03 -1.86480822E-03  4.12899527E-02
# Displacement: 30,  E_pot (hartree): -29718.645123637
      0.0413460      -0.0502279       0.0384886      -1.32554995E-03  1.60089996E-02 -1.06538451E-02
      0.0212512      -0.0239957      -0.0684566      -6.32358225E-03 -9.07278760E-03  1.60301975E-02
     -0.0457001      -0.0276647      -0.0534777       1.37843326E-02  8.69423972E-03  4.57948307E-03
      0.0434185      -0.0416149       0.0457901      -4.45058878E-03  2.38937619E-03 -3.52272976E-04
      0.0628252      -0.0182857       0.0378460      -1.06604720E-02  1.34087456E-02 -1.85252160E-03
      0.0010002       0.0470192       0.0591769      -9.81898411E-03 -2.44817365E-02 -1.75757453E-02
     -0.0429570      -0.0594337      -0.0183316       1.46493340E-02  4.51114770E-03  1.34070331E-03
     -0.0426054      -0.0530734       0.0328892       3.81065110E-03  1.57681006E-02 -1.87919250E-03
      0.0135775      -0.0291375      -0.0684132      -3.47983495E-03  1.72697818E-02  8.94214916E-03
     -0.0106020       0.0270557       0.0697804       1.84942670E-05  2.24077176E-03 -1.37780580E-02
     -0.0493959      -0.0494276       0.0288211       2.25984206E-03 -1.36442060E-04  2.99038031E-04
      0.0142038      -0.0223487       0.0707989      -7.80528724E-03  7.29165666E-03 -1.17704355E-02
      0.0539959       0.0511758      -0.0133864      -7.68960906E-03 -8.32920583E-03  5.92974039E-03
      0.0089222      -0.0730604       0.0172121      -4.61809224E-03  2.83023126E-02 -4.24087581E-03
      0.0221583      -0.0718749       0.0075306      -5.80138956E-03 -4.13995970E-03 -7.93723988E-03
      0.0468378       0.0404580      -0.0433944      -3.78150706E-04 -1.11246502E-02  1.75573049E-02
      0.0073638      -0.0433317       0.0614967      -2.16841059E-04 -4.33416003E-03 -2.16175637E-02
      0.0075823      -0.0739090       0.0139170       2.81548891E-03  1.83421489E-02 -3.59851275E-04
      0.0071750       0.0562513       0.0499802      -8.16564969E-03 -5.98111337E-03 -3.66506317E-04
      0.0492485       0.0352117       0.0452593      -4.08188132E-03 -8.49034484E-03 -6.67548861E-03
      0.0682987      -0.0296581      -0.0130143      -1.53921185E-02  1.47192712E-02 -3.32027633E-03
     -0.0674580      -0.0109496       0.0322993       1.37569993E-02  7.05190073E-03  2.00314991E-04
     -0.0022867      -0.0541422       0.0526981       5.80288074E-03  1.07836551E-02 -1.45303507E-02
     -0.0606533       0.0250401       0.0375218       2.03525689E-02 -1.52233727E-02  3.95182889E-04
      0.0326269       0.0498587      -0.0465110      -1.93079017E-02 -1.87711334E-02  1.59015858E-02
      0.0497613      -0.0462039      -0.0332072      -6.69241189E-03  6.40205925E-03 -9.70192449E-04
     -0.0615593       0.0008068       0.0438579       2.51779148E-03 -3.07905950E-03 -5.23096438E-03
      0.0673265       0.0337499      -0.0064636      -1.29598533E-02 -3.74282718E-03  1.63739547E-02
     -0.0105205      -0.0593230       0.0456487       9.06382474E-04  1.08114760E-02 -3.79829444E-02
     -0.0000580      -0.0175156      -0.0735317       2.90559720E-03  6.95628661E-03  2.86389816E-02
      0.0333020       0.0572005      -0.0365071      -1.94161309E-03 -1.04083341E-02  1.51969795E-02
      0.0553492      -0.0171734      -0.0485309      -2.70272955E-03  1.09988158E-02  3.77429912E-02
      0.0604700       0.0284185       0.0353477      -1.11814379E-02 -2.23818543E-03 -4.80910793E-02
     -0.0050157      -0.0216919       0.0722359      -1.58983820E-03  2.41904698E-03 -3.29241862E-02
     -0.0087987       0.0748341       0.0060129       3.87111006E-03 -1.69883773E-02 -2.11324824E-02
      0.0232086       0.0323756       0.0642408      -6.14431390E-03 -1.53950002E-02  1.04594298E-02
      0.0724944      -0.0213990       0.0005981      -1.42477437E-02  3.63634567E-03  1.02693989E-02
      0.0687123       0.0278423      -0.0147355      -8.26005928E-03  5.67803555E-04 -7.76285674E-03
      0.0743843      -0.0076599       0.0110453      -1.88360591E-02  3.17705273E-03 -4.87080339E-03
      0.0028240       0.0471867      -0.0589842      -1.43149548E-03 -1.36847608E-02  3.12424408E-02
      0.0543903      -0.0257604      -0.0457363      -6.95017011E-03  4.56543028E-03  3.33088247E-02
      0.0666242      -0.0240225       0.0264165      -1.17301243E-02  5.50553063E-03 -2.35688148E-02
      0.0056794      -0.0025697      -0.0753315      -7.00333980E-03  6.22841928E-03  7.38621444E-02
      0.0327391       0.0638976      -0.0236425      -7.90089317E-03 -1.70241440E-02 -2.53812522E-02
     -0.0104306       0.0644528       0.0380887      -3.60024028E-03 -6.79477913E-03 -1.52653001E-02
     -0.0707680       0.0003327       0.0265608       1.40974236E-02 -1.05853187E-03  7.14382738E-03
     -0.0266591      -0.0605924       0.0364905       1.21286186E-03  1.37740911E-02 -1.89921215E-02
      0.0001407       0.0755576       0.0021731       2.68279761E-03 -1.34224430E-02  3.47492913E-03
     -0.0330425       0.0644257      -0.0217074       8.20041621E-03 -1.31234914E-02  4.12833258E-03
      0.0373280       0.0108870      -0.0648214      -6.45471996E-03  2.61691396E-03  3.83084630E-02
      0.0367269      -0.0527330       0.0398004       8.73775490E-03  1.31867568E-02 -4.54044526E-03
     -0.0625213       0.0147522       0.0398392       1.14277814E-02  3.77546826E-04 -4.50819328E-02
     -0.0194915      -0.0039694      -0.0729249      -4.42119434E-03 -2.53398063E-03  6.46514912E-02
     -0.0482859       0.0473774       0.0337278       8.32819724E-03 -1.40418606E-02 -1.59212890E-02
     -0.0177387      -0.0332507      -0.0655244      -3.77256727E-03  1.35412456E-02  1.50099744E-02
      0.0415374       0.0550244      -0.0309946      -3.86520646E-03  6.92987894E-03 -6.10583551E-03
      0.0457545      -0.0237018       0.0553033      -8.93834359E-03 -1.14150516E-02  8.44646916E-04
      0.0395380       0.0149810      -0.0626580      -3.86081031E-03 -2.50475572E-02  9.70995109E-03
      0.0240632       0.0629536       0.0342274      -3.05885040E-03 -1.23533350E-02 -6.79847908E-03
     -0.0348226      -0.0392073      -0.0544414       1.01197057E-02  3.80155597E-02  4.26740737E-03
     -0.0206013      -0.0607273       0.0400186      -1.18926183E-03  3.24918611E-02 -1.42531406E-02
      0.0184732       0.0276197      -0.0678940      -5.16304592E-03 -1.30284745E-02  1.77662743E-02
     -0.0097888       0.0257696      -0.0703832       7.27050579E-03 -2.44883279E-02  8.72872620E-03
      0.0465035       0.0594174      -0.0045495      -1.13500296E-02  2.24493728E-03  5.94509280E-03
     -0.0623738       0.0424486       0.0046185       2.44472484E-03 -1.98702730E-02 -9.88406549E-03
      0.0691158      -0.0124917       0.0279405      -1.00031680E-02  8.38747676E-03 -2.21291528E-03
      0.0323665      -0.0019221       0.0682818      -1.03157354E-02 -3.48153207E-03 -4.59603378E-03
     -0.0643508      -0.0002651       0.0396562       9.83986556E-03 -6.23799133E-03 -1.17331282E-02
      0.0059570       0.0673746       0.0337475      -1.86998372E-03 -6.10742311E-03 -6.20782410E-03
      0.0668116       0.0291654       0.0199820      -1.41436814E-02  1.37023442E-02 -4.80239027E-03
      0.0264693      -0.0588520      -0.0393640      -2.49107490E-03  3.57900720E-02  6.34521641E-03
     -0.0663064       0.0265746       0.0247174       1.77543984E-03 -1.47812946E-03 -4.80491821E-03
      0.0353254      -0.0235716      -0.0625317       1.24058109E-04 -1.58587219E-02  6.96209615E-03
     -0.0391883       0.0643258       0.0063372       4.71328358E-03 -1.07447748E-02 -2.93132993E-03
      0.0682264       0.0320645      -0.0055444      -9.90048729E-03 -1.65058438E-02  1.05060980E-02
     -0.0086073      -0.0750937       0.0007335       3.64948987E-03  1.46735625E-02  6.33193641E-03
     -0.0564007       0.0199920       0.0461842       7.22289092E-03  1.34103158E-03 -8.02554637E-03
     -0.0238047       0.0542089       0.0469941       6.62201303E-03 -7.87528810E-03 -7.60257357E-03
      0.0341388      -0.0660341      -0.0137024       3.96362856E-03  1.24576390E-02 -6.66328159E-03
      0.0734633       0.0131501       0.0119970      -1.32420911E-02 -7.39984585E-03  4.43669309E-03
      0.0008901      -0.0347199      -0.0671374       4.74083828E-03  3.23662845E-02  1.27821821E-02
     -0.0546893       0.0513493      -0.0092752       2.07919849E-02 -1.05604564E-02  8.21683376E-03
     -0.0449813      -0.0588593       0.0150325       2.27943012E-02  1.37166711E-02 -1.41330284E-02
      0.0626895       0.0409462       0.0103507      -2.43298634E-02 -2.65112623E-03  3.31871224E-03
      0.0593867      -0.0231117       0.0406542      -2.16423653E-02 -4.83374688E-04 -6.99729160E-03
     -0.0075806      -0.0652006      -0.0374850       1.67006665E-02  1.24686494E-02  8.20453426E-03
      0.0205954      -0.0017678      -0.0727076       1.53822635E-02  3.02931356E-03  8.15446182E-03
      0.0089311      -0.0567708       0.0491019      -6.52083791E-03  1.39635363E-03 -1.15474965E-02
     -0.0386303       0.0648443       0.0040789       1.30673640E-02 -7.08295681E-03  6.39250382E-04
      0.0486598       0.0088117      -0.0571688      -2.83311020E-02 -7.26411427E-03  1.77289340E-02
     -0.0545169       0.0496539       0.0166157       1.27595288E-02 -8.50533896E-03  1.08445737E-03
     -0.0021919       0.0406453      -0.0636934       2.08953829E-03  5.00865677E-04  2.90794742E-03
      0.0054697      -0.0568975      -0.0494617       1.90745406E-02  1.24091862E-02  6.28873704E-03
     -0.0082730       0.0701497      -0.0269125       1.14720052E-02 -7.97988165E-03 -1.85726652E-03
      0.0752938       0.0013969      -0.0065275      -1.92726206E-02  3.62568725E-03  3.06063483E-03
      0.0379034      -0.0627117       0.0185548      -1.65378379E-02  6.70254547E-03 -8.52505988E-03
     -0.0464950       0.0592632       0.0063080       9.79412479E-04 -8.34888650E-03  2.36171299E-03
     -0.0740908      -0.0069562      -0.0132609       3.33015879E-02 -5.56471775E-03 -3.58225101E-04
     -0.0211350       0.0579385      -0.0437052       1.17480168E-02 -1.17724971E-02  1.07358216E-02
      0.0191700       0.0192318      -0.0705433      -8.22867716E-03 -6.02032540E-03  1.22294274E-02
      0.0256556      -0.0446937      -0.0552989      -1.84449610E-02  1.17270996E-02  1.40134666E-03
     -0.0563113      -0.0435785       0.0253708       1.95186325E-02  7.23661995E-03  1.51475793E-04
     -0.0050334       0.0713338       0.0244920       1.23111425E-02 -1.19069253E-02 -4.85709183E-03
     -0.0397944      -0.0572962      -0.0291077       1.26902538E-02  5.99573508E-03  4.64520091E-03
      0.0679073       0.0096013       0.0317822      -9.49130546E-03  7.37704093E-03 -8.68137466E-03
     -0.0274163      -0.0636312       0.0302177       2.02283512E-02  1.23615829E-02 -6.37559087E-03
      0.0394094       0.0341558      -0.0547173      -2.89559150E-02 -6.34388795E-03  6.88760917E-03
     -0.0738535       0.0062242      -0.0148536       4.05086853E-02 -6.88906420E-03  3.75258293E-03
      0.0600747       0.0232192       0.0395675      -1.42156581E-02  1.21674593E-02 -4.05846350E-02
     -0.0318482      -0.0121152      -0.0674732       4.07276203E-03 -1.59150724E-02  5.76385368E-02
     -0.0462464       0.0496294      -0.0333450       7.60473602E-03 -3.61319696E-02 -1.23750253E-02
     -0.0181436       0.0639311      -0.0360185       2.69110777E-02 -1.44322270E-02  1.02066315E-02
     -0.0108371       0.0709177       0.0238107       1.95004689E-04 -4.36334375E-02 -4.77620888E-02
      0.0076789      -0.0375259      -0.0651655      -3.64727134E-03  1.65514469E-02  4.53797945E-02
     -0.0229387      -0.0479014      -0.0537864       1.83766583E-02  2.75148954E-03  3.98139596E-02
      0.0247184      -0.0660869      -0.0271149      -2.67272128E-02  3.41130937E-02  1.27379751E-02
     -0.0056826       0.0299803       0.0691564      -6.47175643E-03  1.91434656E-02 -4.12939317E-02
     -0.0439794      -0.0563367       0.0246109       4.14049593E-02  1.51796910E-03 -1.62583921E-02
     -0.0248396       0.0327710      -0.0634252       9.19809678E-03 -3.09661518E-02  3.06942642E-02
      0.0247958      -0.0697245      -0.0154069      -1.08574717E-02 -9.52099626E-03  7.42483919E-03
      0.0150736      -0.0730430       0.0122965      -4.02373961E-04  2.54670132E-02 -1.89404691E-02
      0.0086068      -0.0750631      -0.0022698      -7.00835892E-03  1.67633857E-02 -2.05634881E-02
     -0.0494386      -0.0518312      -0.0241466       3.44816348E-02 -3.63890908E-03  3.37795616E-02
      0.0000746      -0.0146135       0.0741629       8.62349109E-03 -2.98148856E-02 -7.08335018E-02
     -0.0379308      -0.0386807      -0.0527139       1.70576252E-02  1.12886668E-02  3.33402957E-02
     -0.0624741      -0.0113774       0.0410031       3.98838610E-03  1.32142093E-02  2.37210947E-03
      0.0354607       0.0592688       0.0307156      -1.84843587E-02  1.62487795E-02 -1.60425080E-02
     -0.0064793      -0.0222402      -0.0719521      -8.26297512E-03 -4.08922581E-03  5.04015120E-02
     -0.0177532      -0.0396460       0.0618606       7.72471062E-03  1.04907704E-02 -3.68761963E-02
      0.0410321       0.0628690       0.0088068      -2.42300565E-02 -1.29805896E-02 -5.35669484E-03
     -0.0568164      -0.0080949       0.0491942       7.16825892E-03 -1.10650932E-02 -4.11987512E-02
      0.0595020      -0.0182946       0.0428783      -3.98735553E-02 -2.95454937E-02  1.57925107E-03
      0.0050083       0.0546181      -0.0520144      -1.90638835E-02  2.89476989E-03  5.17234300E-02
     -0.0527803      -0.0233198       0.0488275       1.92878192E-02  1.86130808E-03 -7.12597029E-02
     -0.0517854      -0.0493538       0.0244164       1.15902799E-02  1.56521013E-02 -1.05498647E-02
# Displacement: 31,  E_pot (hartree): -29718.648546187
      0.0001178      -0.0696649      -0.0293340      -4.59511378E-03  8.87516468E-03  6.91131810E-03
      0.0663417       0.0045374      -0.0359429      -2.18611628E-02 -3.98570036E-03  1.19588192E-03
     -0.0657127      -0.0270395      -0.0257761       1.24952511E-02 -3.59240600E-03  5.12068260E-03
     -0.0659141       0.0347356       0.0127470       1.65604386E-02 -1.38849372E-02  3.43638589E-04
      0.0023246       0.0741232      -0.0146310      -6.58598830E-04 -1.05701282E-02  7.61533136E-05
     -0.0399966      -0.0639889       0.0044028       6.55191578E-03  2.86381333E-02 -1.45654067E-03
      0.0082033      -0.0409296      -0.0630172      -4.80590677E-03  1.38106202E-02  2.30366201E-02
     -0.0308793      -0.0672747      -0.0153070       4.78653297E-03  8.22068566E-03  3.18724584E-03
     -0.0466236       0.0191421       0.0563341       1.31503951E-02 -1.47579344E-02 -2.29603721E-02
      0.0491778       0.0122616       0.0560796      -5.16614215E-03  2.08738782E-04 -1.20897584E-02
      0.0609744       0.0050805      -0.0443850      -1.85070691E-03  4.66068579E-03  2.00393062E-02
     -0.0613378       0.0300447       0.0323833       9.15925725E-03 -9.75695610E-03 -1.47513932E-02
     -0.0123243      -0.0147709       0.0731002       2.87457618E-03 -7.93299383E-03 -1.47548593E-02
      0.0749505      -0.0086869      -0.0045476      -5.63182428E-03  1.24824919E-03  6.33801849E-03
     -0.0483453      -0.0080954       0.0575403       4.72129774E-03  4.72207072E-03 -9.23741438E-03
      0.0103802      -0.0748295       0.0025522       1.00728541E-03  2.25327407E-02  1.56940498E-03
      0.0288367       0.0491886       0.0496247      -1.06955434E-02 -1.56938362E-02  3.93246118E-03
     -0.0304638      -0.0655647       0.0220667      -1.22321198E-04  1.06417654E-02 -1.51624849E-02
      0.0480478      -0.0011919      -0.0583410      -7.26651593E-03 -7.53732953E-03  8.84484775E-03
     -0.0663357      -0.0326200      -0.0157870       8.88754037E-03  8.75271243E-03  1.76784571E-02
     -0.0365494       0.0660580      -0.0037670       3.70202808E-03 -2.31922153E-02 -2.10461130E-02
     -0.0048027       0.0340100       0.0673348      -5.36149473E-03 -9.59704950E-03 -1.50821791E-02
     -0.0374006      -0.0516264      -0.0406156       1.92366789E-03  2.45635258E-04  9.09375625E-03
     -0.0528204      -0.0401528       0.0362142       9.31415814E-03  1.89243222E-02 -4.98773828E-03
     -0.0595352      -0.0289767      -0.0364640       1.11360401E-02  1.24863633E-02  3.77813615E-03
      0.0267725       0.0452885      -0.0542761      -8.50808588E-04 -7.28341511E-03  1.08262224E-02
      0.0623598       0.0052710      -0.0423930      -1.09799234E-02 -1.88988589E-03  2.68877140E-03
     -0.0732236       0.0183298       0.0040047       9.73183868E-03 -1.03742491E-02  1.40974459E-02
      0.0603134      -0.0335228       0.0308579      -1.92835241E-02  2.43536594E-03 -1.14392798E-02
      0.0091178       0.0483499      -0.0573834      -4.73528058E-03 -1.43290925E-02  7.06424678E-03
     -0.0649669       0.0385736       0.0022572       6.33246271E-03 -8.05976862E-03 -2.68408165E-02
      0.0226850      -0.0105843      -0.0713237      -2.74413123E-03 -1.27771450E-03  3.90443493E-02
      0.0555491       0.0501439      -0.0106573      -5.45072115E-03 -1.76111807E-03  1.67150852E-02
      0.0554291      -0.0315537      -0.0405668      -6.82177350E-03  9.27374280E-03  5.26498920E-03
      0.0077082      -0.0400292       0.0636548      -9.03065626E-03  6.60851856E-03 -2.79864693E-02
     -0.0347119      -0.0007281      -0.0671436      -4.15051729E-04 -3.38351392E-03  2.82659596E-02
     -0.0507084       0.0422783       0.0368090       1.16433558E-02 -1.15118718E-02 -3.03010116E-02
     -0.0727046       0.0098830       0.0181676       1.79197352E-02  2.76559316E-03  3.26041641E-02
      0.0640831       0.0154077      -0.0370089      -2.52789022E-03 -7.73849746E-03  5.66477306E-03
     -0.0440423      -0.0535430       0.0301186       8.12187461E-03  1.14685023E-02 -2.73496148E-02
     -0.0377255       0.0230242       0.0613218       9.04224335E-03 -8.05593288E-03 -1.19139286E-02
      0.0618901      -0.0208094       0.0380826      -1.75403907E-02  8.54504001E-03  8.35621666E-03
     -0.0389103       0.0241335       0.0601438       5.16283474E-04 -2.19055098E-03 -3.62487108E-02
      0.0106678       0.0561230      -0.0494988      -3.83528944E-03 -1.23590119E-02  4.22862196E-02
     -0.0689295       0.0037935       0.0307902       6.17145114E-03  1.61671522E-03 -5.45676720E-03
      0.0251406      -0.0669347       0.0245239       4.81289917E-03  1.86535790E-03 -1.95705687E-02
      0.0062286      -0.0054802      -0.0751325       3.55634945E-03 -2.69139738E-03  3.70310643E-02
     -0.0334020      -0.0418696       0.0533380       8.61330410E-03  3.92230908E-03 -3.01998077E-02
      0.0353215      -0.0150899       0.0651030      -9.19909945E-03 -6.88412240E-03 -3.19656843E-02
      0.0217707       0.0715752      -0.0108046      -1.09065939E-02 -1.73115324E-02 -9.36993220E-04
     -0.0195177      -0.0167745       0.0710730       5.72531650E-03  1.48737281E-03 -5.25844121E-03
      0.0477451       0.0471286       0.0348284      -5.57138220E-03 -1.40067138E-03 -4.55149357E-03
     -0.0017896       0.0039535      -0.0754644       4.25333382E-03 -1.32805693E-03  3.74685434E-02
      0.0000516      -0.0265392       0.0707769       9.78725453E-03  1.54681008E-03 -3.49616890E-02
      0.0088417      -0.0080268      -0.0746399      -1.11773880E-03  3.45613866E-03  6.46424614E-03
      0.0157911      -0.0725474      -0.0141851      -1.04808667E-02  2.67695226E-02 -2.95771173E-04
     -0.0029983      -0.0610297      -0.0444982      -9.21341002E-03  2.76062766E-02  9.74525284E-03
      0.0499118      -0.0563153      -0.0071475      -7.45077922E-03  1.33908377E-02 -1.50736013E-03
     -0.0428066       0.0622514      -0.0024660       3.86168755E-03 -4.65548236E-02 -9.32224246E-04
      0.0101973       0.0579623       0.0474353      -6.87552864E-03 -1.12573839E-02 -4.94068363E-03
     -0.0425242      -0.0416403      -0.0465994       8.09118677E-03 -4.75186538E-03 -3.73247277E-03
      0.0150936      -0.0605478      -0.0426598      -6.62244496E-03  2.91349409E-02  2.61042337E-03
     -0.0320418      -0.0051369      -0.0682688       7.06578362E-03 -7.45700042E-03  1.32913207E-02
     -0.0480893       0.0580931       0.0051301       8.16648350E-03 -1.93578367E-02 -1.18172309E-03
     -0.0378392       0.0006339       0.0654331       5.13203847E-03  1.09664770E-02 -6.29244311E-03
      0.0334127      -0.0651827      -0.0186683      -2.83647870E-03  1.57020374E-02  3.78347657E-05
      0.0188847      -0.0087828       0.0726631       1.36855889E-03  6.69070300E-03 -1.87748126E-02
      0.0684559      -0.0312867      -0.0069733      -6.64032132E-03 -1.09643134E-03  1.13502531E-02
      0.0114289       0.0066933       0.0744197       7.55069211E-03 -3.54156161E-03 -1.06113722E-02
      0.0225525       0.0456737       0.0558479      -4.16525000E-03  2.12078347E-03 -8.01110213E-03
      0.0173209      -0.0697222       0.0235056      -3.94626493E-03  1.12971103E-02 -1.60344576E-03
      0.0643692       0.0358966      -0.0167849      -1.71686213E-02 -1.30112785E-02  5.82574167E-03
     -0.0691161      -0.0287427      -0.0105126       1.87062764E-02  8.20869225E-03 -3.73192478E-03
      0.0174432      -0.0694649       0.0241676       1.03560595E-02  1.81526476E-02 -1.24050434E-03
     -0.0651214       0.0172884       0.0342638       1.25408772E-02  1.40193370E-03 -8.50357530E-03
     -0.0104282      -0.0717178      -0.0214828       1.09293722E-04  2.67323554E-02  2.74426583E-03
      0.0328125      -0.0100189      -0.0673548      -3.42960842E-03 -1.04384669E-02  1.04561471E-02
      0.0273061      -0.0340030      -0.0617403      -4.58453698E-03  9.94453969E-03  1.29253176E-02
     -0.0053673       0.0288671       0.0696532      -4.18324256E-03 -1.92171882E-02 -6.91005852E-03
     -0.0179066      -0.0668205      -0.0304645       2.19056211E-03  2.19431921E-02 -7.62842013E-04
     -0.0613773       0.0231954      -0.0375298       1.41014232E-02 -1.45802991E-03  1.30781442E-02
      0.0229455       0.0717280       0.0065037       7.31748568E-03 -1.77669237E-02 -6.61693524E-03
      0.0469267       0.0507342       0.0306206       2.99087049E-03 -1.23591510E-02  4.39022878E-04
     -0.0149495       0.0624845      -0.0398232       3.56659241E-03 -1.78547350E-02  4.45767187E-03
     -0.0589798       0.0469379      -0.0056502      -1.88595800E-03 -1.57076290E-02 -4.98676739E-03
     -0.0432259      -0.0502530       0.0363298      -2.43119490E-03  2.54033820E-03 -6.10445477E-03
      0.0184591       0.0731820       0.0041674      -1.06382989E-02 -5.91347005E-03  1.10165499E-02
      0.0299296      -0.0306626       0.0622713       9.98138358E-03  1.12562142E-02 -1.20657673E-02
      0.0401561       0.0631304      -0.0107589      -6.48959797E-03 -9.18773812E-03  1.03711791E-03
     -0.0463658       0.0443927      -0.0399150      -1.61656040E-02 -3.22078659E-03  6.37502433E-03
      0.0669260       0.0241644       0.0255089      -1.17608515E-02 -8.25213322E-03 -7.20408464E-03
     -0.0053023      -0.0464964       0.0593606      -1.31811587E-02  9.94960577E-03 -7.23102945E-03
      0.0635219       0.0286022      -0.0293359      -7.33926089E-03 -1.05802635E-02  7.98085078E-03
      0.0124868      -0.0290390       0.0686623      -9.03420378E-03  7.56066125E-03 -1.53623175E-02
     -0.0121086      -0.0222598      -0.0712151       9.96880304E-03 -3.06164034E-03  8.29193919E-03
      0.0300437      -0.0673361      -0.0166411      -2.46450068E-04  1.78522985E-02  1.13917489E-02
     -0.0445566      -0.0592278      -0.0148480       2.57272956E-02  7.54009855E-03 -2.65400028E-03
     -0.0126324       0.0407369       0.0624070      -1.77147736E-03 -1.06667306E-02 -9.15164802E-03
     -0.0363005       0.0492341       0.0444071       4.66791645E-03 -9.71890243E-03 -3.47241333E-03
      0.0701914      -0.0276553       0.0046951      -1.57090078E-02  1.73015097E-03 -2.47285403E-03
      0.0587249       0.0380435      -0.0285966      -4.76595104E-03 -9.37604461E-03  1.29365285E-02
      0.0126666      -0.0735323      -0.0120943       4.96926085E-03  9.59076399E-03 -8.44081698E-03
     -0.0581822      -0.0330259       0.0351827       1.21825230E-02  4.19949093E-03 -4.92289190E-03
     -0.0432796       0.0064998      -0.0616307       4.29265729E-03 -6.17690898E-03  8.33959092E-03
      0.0233545       0.0427148       0.0578249       1.24305248E-02 -8.76568352E-03 -1.00886962E-03
      0.0655604       0.0090924      -0.0365085      -2.98235273E-02  2.06690919E-03  9.66481215E-03
     -0.0553922       0.0511305      -0.0055761       1.43987464E-02 -1.19332833E-02 -1.57836267E-03
     -0.0063189      -0.0289881       0.0695232      -1.68349764E-04  8.71973677E-03 -9.08213164E-03
     -0.0421768      -0.0266568       0.0567824      -1.98478395E-03  3.18500255E-02 -2.19526701E-02
     -0.0714368      -0.0166929       0.0182168       4.22371184E-02  1.14320484E-02  2.07041382E-03
     -0.0707834      -0.0262093       0.0040623       2.14362292E-02  2.09286593E-02 -8.36184136E-03
      0.0678140       0.0327221      -0.0066496      -6.90201107E-03  3.90645540E-03  2.64382218E-02
      0.0000568      -0.0749480      -0.0098234       2.78842871E-03  3.34012277E-02 -1.59817787E-02
     -0.0123342       0.0664213       0.0339086      -2.75720978E-03 -2.76021831E-02 -2.89264133E-02
     -0.0601773       0.0395255      -0.0230250      -4.99082964E-03 -2.44362279E-02  8.08438317E-03
     -0.0613909       0.0333843      -0.0288161       3.14323758E-02 -3.72293473E-02  3.24370256E-02
      0.0694711       0.0283316      -0.0092073       9.64752144E-03 -1.87788380E-03 -3.25562149E-02
      0.0087680      -0.0414974      -0.0625684      -1.33195315E-02  1.41627734E-02  4.28877336E-02
     -0.0096340       0.0422288       0.0619485      -6.37001005E-03 -1.72435314E-02 -4.88177876E-02
      0.0314935      -0.0182285      -0.0662539      -3.13126593E-02  2.37593415E-02  2.50789060E-02
      0.0171424      -0.0064469      -0.0733368       9.08558815E-03 -1.85580188E-02  5.72668989E-02
      0.0649395       0.0302439      -0.0241220      -2.60452434E-02 -6.23452171E-03  5.51572550E-03
     -0.0720137       0.0220732      -0.0063647       2.54161812E-02 -6.54271660E-03 -1.79031856E-02
     -0.0663895      -0.0361376       0.0004509       1.69915963E-03 -4.01338558E-03  2.82939521E-03
     -0.0568182      -0.0432565       0.0247843       1.78327271E-02  3.18848793E-02 -1.58394677E-02
      0.0304477       0.0634874      -0.0274954       6.72635647E-03 -2.20492255E-02  1.65081266E-02
     -0.0368497      -0.0373946      -0.0543825       2.82195911E-03 -5.36576393E-03  3.31879794E-02
      0.0727861       0.0056975      -0.0195815      -5.02575791E-02  3.10530815E-03 -4.33169171E-02
     -0.0248827      -0.0561848      -0.0440207      -1.43421098E-03  1.43836438E-02  3.58894173E-02
      0.0269091      -0.0706304      -0.0009765       3.94751983E-03  3.13063527E-02  2.20866652E-02
     -0.0355350      -0.0400006      -0.0533940       2.95883295E-02  1.39918822E-02  1.83312949E-02
      0.0202965       0.0056172       0.0725963      -3.25836111E-02 -1.00634191E-02 -4.07518018E-02
     -0.0650474       0.0371123       0.0102571       6.68545212E-03 -2.26075850E-02  1.80562254E-03
      0.0734092       0.0085816      -0.0158481      -4.19620804E-02  3.72530643E-04 -3.51503845E-02
      0.0632218      -0.0409267      -0.0064586      -1.76244243E-02 -3.67321023E-03  2.80546591E-02
# Displacement: 32,  E_pot (hartree): -29718.63681137
     -0.0463793       0.0593191       0.0066263      -1.05501966E-03 -3.97932393E-03  8.70525179E-03
     -0.0110911      -0.0501151      -0.0554903       1.27796305E-03  8.37735759E-03  8.01941632E-03
      0.0681580       0.0183875       0.0270202      -2.27468527E-02  2.96794394E-03 -1.37488755E-02
     -0.0031689       0.0235663      -0.0717516       1.45087948E-03 -1.01725614E-02  2.15284118E-02
      0.0162357      -0.0686514      -0.0271494       2.79908721E-04  2.13621038E-02  2.24141126E-03
     -0.0639044      -0.0372832       0.0154882       9.69075328E-03  9.88996207E-03 -1.51615851E-02
      0.0054693      -0.0122124      -0.0743951      -3.05010457E-03 -3.95283879E-03  2.59135346E-02
      0.0194956      -0.0179405       0.0707937      -1.58073210E-03 -1.30552306E-02 -2.19809326E-02
      0.0517696       0.0550781       0.0000407      -2.11707978E-02 -1.95557541E-02 -6.45729573E-04
      0.0010162       0.0187697      -0.0732145       4.51460941E-03 -4.58526758E-03  1.54638269E-02
     -0.0218504       0.0657662       0.0301838       4.33261501E-03 -1.12996116E-02 -2.41513745E-03
     -0.0468099       0.0356421      -0.0474571       2.18316707E-02 -1.25922867E-02 -2.21288758E-03
      0.0003634      -0.0682361       0.0325178      -4.06159257E-03  1.46114058E-02 -1.18348207E-03
     -0.0138202       0.0595814      -0.0444160       1.23137846E-03 -4.70788034E-03  2.34518925E-02
     -0.0431705       0.0191750       0.0590112       2.40366364E-02  1.12391859E-02 -2.64117474E-02
      0.0264188       0.0686890       0.0172503      -7.99881447E-03 -1.98085370E-02  4.08628476E-03
     -0.0654889      -0.0352973       0.0133791       1.87719056E-02  4.16124335E-03 -1.16207815E-02
     -0.0694625      -0.0294177      -0.0048222       3.43754483E-02 -3.56148001E-03  2.24747587E-03
     -0.0685446      -0.0305121      -0.0091849       7.54147880E-03  5.82398293E-03 -1.55752079E-03
     -0.0072373      -0.0662362      -0.0356946      -1.13012048E-03  8.92474408E-03  3.16925792E-03
      0.0564063      -0.0405688       0.0297690      -1.54233668E-02 -3.39822047E-03 -5.86440770E-03
      0.0444617       0.0277894       0.0544483      -9.25862232E-04 -9.13743191E-03 -1.22936618E-02
     -0.0377670      -0.0402924       0.0516127       5.52722627E-03  6.63440611E-03 -1.26120099E-02
      0.0657223      -0.0372301      -0.0028616      -2.61392062E-02  1.38844370E-02  2.05168854E-03
     -0.0456805      -0.0597636      -0.0074382       9.49389513E-03  1.15235529E-02 -1.71038365E-02
     -0.0145168      -0.0218345      -0.0708960      -9.15946099E-03  3.89216903E-03  1.97558076E-02
      0.0593462       0.0442142      -0.0153887      -2.40023739E-02 -7.22566581E-03  2.95224139E-03
      0.0124775       0.0404559      -0.0626204      -3.69052695E-03 -1.10266939E-02  2.51346239E-02
     -0.0619718       0.0086936      -0.0423985       9.63653880E-03 -3.58056931E-03  7.13317789E-02
      0.0676332       0.0293556       0.0166639      -4.83542561E-03 -8.39822266E-03 -4.02637047E-02
     -0.0578940       0.0451556       0.0179714       1.48830834E-02 -1.09835672E-02 -1.40268509E-02
      0.0064133       0.0607126       0.0445707      -5.47170119E-03 -1.37323972E-03  2.39048105E-03
      0.0601932       0.0426954       0.0163579      -9.83291629E-03 -1.62344440E-02  4.32454646E-03
      0.0375286      -0.0592989       0.0280880      -1.57754269E-02  1.58596882E-02 -1.54954953E-02
     -0.0588696       0.0039770      -0.0472470       2.59822899E-03 -8.17805987E-04  2.29608210E-02
      0.0185925      -0.0309904       0.0663898      -4.00941308E-03  1.11645271E-02 -2.79662312E-02
     -0.0141696       0.0630790       0.0391659       9.62312126E-03 -1.42971600E-02 -2.83063729E-02
      0.0508097       0.0557595       0.0047901      -6.94188787E-03 -1.55780305E-02  1.48266708E-02
      0.0323562       0.0682250       0.0034807      -1.12431527E-02 -5.83745300E-03 -9.68639289E-03
      0.0171862       0.0659393       0.0327162       3.14173772E-03 -2.11108275E-02 -4.24933581E-02
      0.0675102      -0.0337529       0.0041007      -1.14919665E-02  2.93136374E-03 -1.57722699E-02
      0.0523668       0.0307942      -0.0449793      -5.85429564E-03 -1.07697464E-02  6.71727254E-02
      0.0136022      -0.0547543       0.0503056      -1.48062762E-03  1.80559767E-02 -4.40796390E-02
     -0.0695807      -0.0050222       0.0291033       2.49029365E-03  4.17912326E-03 -1.62496489E-02
      0.0282191      -0.0264593      -0.0649406      -1.34325257E-02  6.00922702E-04  5.38755162E-02
     -0.0027846      -0.0475901      -0.0586611      -3.03469657E-03  8.49263940E-04  3.30338476E-02
      0.0404201      -0.0575670       0.0276762       3.22317773E-03  6.37574001E-03 -1.76407191E-02
      0.0050966       0.0559075       0.0506169      -3.15812701E-04 -5.11570222E-03 -3.21185299E-02
      0.0254618       0.0615679       0.0357044      -9.80628036E-03 -1.16233584E-02 -2.70493264E-02
     -0.0518052      -0.0253698      -0.0488498       1.52223800E-02  3.09618058E-03  1.41264457E-02
      0.0299471      -0.0609989      -0.0331061       8.07429528E-04  8.16699566E-03  1.11102201E-02
      0.0567049       0.0396121      -0.0304819      -1.00604724E-02 -8.85704086E-04  9.84102275E-04
     -0.0492326       0.0355192      -0.0450361       1.81501671E-02 -5.17546937E-04  2.08908382E-02
     -0.0361446      -0.0151354       0.0646389       7.57927415E-03  1.39957547E-03 -2.39950372E-02
      0.0709783       0.0173853       0.0193266      -1.44124358E-02 -1.79111980E-02 -6.83502583E-03
     -0.0099862       0.0698807      -0.0270310       8.93188567E-04 -2.49681791E-02  9.01400575E-03
     -0.0714612       0.0010840      -0.0246136       1.01698631E-02  3.76619101E-03  4.09864289E-03
      0.0326282      -0.0485267       0.0478983      -2.08271837E-03  1.31961048E-02 -1.47206379E-02
     -0.0612315       0.0441557      -0.0038345       1.34332347E-02 -3.96175678E-03  1.12564816E-02
      0.0341745       0.0167363      -0.0653122      -5.32027235E-03 -1.80724324E-02  1.03832741E-02
     -0.0156083      -0.0582597       0.0455621      -5.89412169E-04  1.94760191E-02 -1.42671247E-02
      0.0755629       0.0011615      -0.0016110      -1.73981681E-02  2.19653268E-02  1.29197742E-02
     -0.0098008      -0.0445739       0.0602564      -7.41329707E-03  4.55095967E-02 -5.93832950E-03
     -0.0705704      -0.0135774      -0.0234345       4.61999157E-03 -6.92004624E-03 -1.50646047E-03
     -0.0729393      -0.0001420       0.0198379       9.86585885E-03 -2.33114818E-04 -1.51659665E-03
      0.0099527      -0.0523451       0.0536158      -8.39981256E-03  3.35479079E-02 -3.58545922E-03
      0.0478693      -0.0479036       0.0335778      -1.00608117E-02  1.10957080E-02 -1.08663629E-02
     -0.0350235      -0.0662652       0.0097964       1.35883252E-02 -2.14722170E-04 -6.70425102E-03
      0.0335184       0.0665116      -0.0129010      -1.10306579E-02 -3.91891913E-02  8.22929320E-03
     -0.0432849      -0.0375085       0.0493278       1.43744920E-02 -1.89977408E-03 -1.87814326E-02
      0.0226094      -0.0386483      -0.0609002      -3.05399743E-03  7.71874608E-03  1.14667135E-02
     -0.0439304      -0.0593577       0.0161399      -4.71839885E-04  1.79659744E-02  2.87950292E-03
     -0.0384321       0.0098964      -0.0643331       4.23770187E-03 -1.73516572E-02  3.40336811E-03
     -0.0637144       0.0124134      -0.0387308       1.28855045E-02  1.77698974E-03 -1.24708229E-03
     -0.0187627      -0.0287321       0.0673508       9.70134280E-03  6.98345160E-03 -3.64390071E-03
      0.0694524      -0.0217198       0.0204529      -7.05734855E-03  1.02580773E-02 -6.43334360E-03
      0.0333604       0.0090882      -0.0672175      -8.18748445E-03 -2.12142844E-02  7.93841767E-03
     -0.0467213       0.0499685      -0.0321553       1.29866421E-02 -1.49062305E-02  2.64724340E-03
      0.0086300      -0.0242100       0.0710851      -6.97074297E-03  3.06258048E-03 -1.69487545E-02
     -0.0157474      -0.0162742      -0.0721171       4.79300466E-03  2.79709640E-03  1.35033008E-02
     -0.0663546       0.0085821       0.0351727       2.22602340E-02  3.46898545E-03 -6.28360692E-03
     -0.0389410      -0.0302185       0.0573074       1.61682206E-02 -6.04005060E-03 -1.45469608E-02
      0.0732674      -0.0185875      -0.0003107      -2.77467719E-02 -1.59425659E-03 -9.94299505E-05
     -0.0242129       0.0413060       0.0584915       2.03539461E-02 -6.53248264E-03 -5.72873052E-03
      0.0403696      -0.0176798       0.0614118      -9.91117886E-03 -2.02477168E-03 -2.08056392E-02
      0.0296681      -0.0611854      -0.0330128      -3.51953678E-03  1.72474028E-02  1.73780156E-02
      0.0528707       0.0423561       0.0335313      -1.67905909E-02 -7.70608271E-03 -6.91387629E-03
     -0.0316916      -0.0541528      -0.0421523       1.26212103E-02  1.37876671E-02 -1.42796516E-04
     -0.0648895      -0.0043852       0.0385205       2.81119955E-02  1.06926981E-04 -1.54787926E-03
     -0.0201459      -0.0043403       0.0727256       1.66444995E-02  1.35227858E-03 -8.07321925E-03
     -0.0432327      -0.0017656       0.0619799       2.34287215E-02 -4.65624695E-04 -1.47183087E-02
      0.0413032       0.0518555      -0.0363148      -1.85579932E-02 -1.10983253E-02  1.28166537E-02
      0.0667584      -0.0233301      -0.0266972      -2.32846493E-02 -1.14380928E-03  1.98078343E-04
      0.0342959       0.0540195      -0.0402418       1.16788622E-02 -2.23241408E-02 -2.80745473E-03
      0.0701313       0.0232574      -0.0159502      -3.60077345E-02 -5.03120633E-03  7.49582983E-03
     -0.0254013       0.0700362      -0.0127831      -3.61884195E-03 -1.53748488E-02  7.16863346E-03
     -0.0314952      -0.0685905      -0.0041338       7.48872494E-03  1.40416901E-02 -9.26904617E-03
      0.0356943      -0.0214318      -0.0630897      -3.37545346E-02  7.13971766E-03  1.44385492E-02
      0.0270873       0.0035969      -0.0704772      -4.63277696E-02  4.37374566E-03  1.31668756E-02
      0.0163481      -0.0024740      -0.0737586      -2.53031006E-02 -1.63663451E-03  8.84930615E-03
      0.0253367      -0.0393144       0.0593813       1.45028433E-02  2.12889943E-03 -1.15991340E-02
      0.0299485      -0.0431819      -0.0543333       7.75415507E-03  3.94824287E-03  9.67910313E-03
      0.0340971      -0.0650780       0.0177745      -4.23931255E-03  5.27586651E-03 -1.03198942E-02
     -0.0645473      -0.0377717       0.0109842       4.10528582E-02 -4.53008378E-03 -8.89669413E-03
     -0.0182872       0.0058786      -0.0731076       2.22141761E-02 -7.70743713E-04  1.65555473E-02
     -0.0384020      -0.0216766      -0.0613932       3.09315817E-03  4.57736203E-04  7.39666574E-03
     -0.0328776      -0.0625475      -0.0268434       7.66419572E-03  1.49284168E-02  1.38866683E-03
     -0.0639663      -0.0259357       0.0308118       2.55471367E-02  4.33302055E-03 -3.58365827E-03
      0.0206306      -0.0643653       0.0338406       4.03051292E-04  2.63402188E-02 -1.41291161E-02
     -0.0103242      -0.0125590       0.0738200       1.13364905E-02  2.17971053E-02 -7.79175818E-02
      0.0127866      -0.0587523      -0.0458080      -2.60248217E-02  2.25001670E-02  3.74930732E-02
     -0.0024978      -0.0712627      -0.0250819      -1.97490374E-02  3.16179173E-02  2.87058828E-02
      0.0166764       0.0446051       0.0587025      -5.99136593E-03 -5.14002751E-02 -3.29583255E-02
     -0.0393537      -0.0516193       0.0387356       3.81535205E-02  9.87685424E-03 -1.10980523E-02
     -0.0403373       0.0336857      -0.0543314       1.21722632E-02 -4.32125536E-02  3.64638450E-02
     -0.0193913      -0.0730403       0.0016692       2.63459551E-02  2.00074308E-02 -4.28364446E-02
     -0.0476334      -0.0410937       0.0419055       2.73267973E-02 -1.89365673E-02  8.28725055E-03
     -0.0085835       0.0661622      -0.0355329       1.92703695E-02 -1.06999024E-02  3.06145385E-02
      0.0625175      -0.0401662      -0.0138546      -3.46937873E-02  4.21493671E-02  4.07737805E-03
     -0.0630601       0.0151369      -0.0388329       3.17101764E-02 -2.17072498E-03  4.90058191E-05
      0.0078905      -0.0129666      -0.0740494      -2.20956162E-02  3.46693047E-02  5.70529305E-02
      0.0580729       0.0128351      -0.0466530      -2.65467378E-02  1.00694631E-02  3.39246822E-02
     -0.0464638      -0.0199021       0.0562026       2.01608538E-02  1.78211791E-02 -8.20169233E-02
     -0.0080447       0.0578151      -0.0480252      -2.23076150E-02 -1.78039358E-02  5.04199585E-02
     -0.0508604       0.0547553      -0.0113483       2.55291008E-02 -3.94923446E-02  5.19824148E-03
     -0.0630018      -0.0397353       0.0128677       3.38638670E-02 -8.78841739E-03 -5.40898332E-02
      0.0594098      -0.0055378      -0.0464062      -1.95133475E-02  6.96701471E-03 -2.87952021E-03
     -0.0127967       0.0184775      -0.0721701       7.49885479E-03 -1.92826477E-02  2.13988255E-02
     -0.0718719      -0.0194636      -0.0130110      -5.60853809E-03  8.20615464E-03  1.53299365E-02
     -0.0360535       0.0416777      -0.0517380       3.08146434E-02 -2.28263711E-02  5.31158330E-02
     -0.0659755      -0.0223117      -0.0293788       2.01289340E-02  1.96427219E-02 -2.32652242E-02
      0.0528262      -0.0374218      -0.0390220      -5.41866625E-02  1.95417722E-02 -2.02166383E-03
     -0.0627769      -0.0392354      -0.0152754       2.04959511E-02  1.31997453E-02 -1.20118999E-02
      0.0694830       0.0155287      -0.0253908      -4.91709244E-02 -7.62203030E-03 -8.78282979E-03
      0.0506964       0.0522225       0.0204060      -5.59358168E-02 -3.15550545E-02  2.41422341E-02
# Displacement: 33,  E_pot (hartree): -29718.649407273
     -0.0196224       0.0726697      -0.0069122      -7.38222875E-04 -1.05327214E-02  3.63013811E-03
     -0.0304329      -0.0579292       0.0378384      -3.20943459E-03  1.67296001E-02 -3.83327690E-03
     -0.0697612      -0.0192365       0.0218412       6.08362485E-03  9.12083666E-03 -1.46924915E-03
     -0.0135711      -0.0742809       0.0034439       3.05187544E-03  1.74493829E-02 -1.14544688E-05
      0.0602302      -0.0209026      -0.0406093      -9.79209321E-03 -1.47619442E-03  1.23101779E-02
      0.0232550       0.0496244       0.0520609      -2.37401324E-03 -4.70813244E-03 -1.13900569E-02
      0.0749040       0.0100219       0.0016277      -1.67063299E-02 -5.53051654E-03 -4.81875480E-03
      0.0641654       0.0399403      -0.0011300      -1.31728696E-02 -6.78890126E-03 -3.50095932E-03
     -0.0217689      -0.0721288      -0.0061039       1.36996341E-02  7.69711368E-03  1.35246372E-02
     -0.0237637       0.0279529      -0.0660879       1.76738499E-03  2.77253642E-03  1.83500620E-02
      0.0228290      -0.0114983       0.0711359      -4.11133518E-03  4.36700305E-03 -1.33961791E-02
     -0.0529920      -0.0536273      -0.0054455       2.34545412E-02  1.01189985E-02  5.01291022E-03
      0.0121204       0.0573804       0.0476897      -4.22035693E-03 -1.61699009E-02 -5.39902107E-03
      0.0109136      -0.0086027       0.0743006      -1.15599877E-02  1.12785594E-03 -1.98283508E-03
     -0.0147243       0.0045009       0.0740043       5.63410371E-03  8.56806857E-03 -1.50570155E-02
     -0.0652455       0.0105092      -0.0366915       1.03632118E-02  6.94974742E-03  1.94097466E-03
      0.0626713      -0.0014946      -0.0422350      -1.69420845E-02  4.78171672E-03  6.59885237E-03
      0.0411530       0.0174908      -0.0609443      -3.94464918E-03 -1.35499598E-02  1.22562995E-02
      0.0519796       0.0341812      -0.0429354      -7.09282257E-03  8.74165389E-04  7.09733598E-03
     -0.0459276      -0.0600010      -0.0020599       1.19504291E-02  9.15321435E-03  8.33418678E-03
     -0.0510393      -0.0013638      -0.0557390      -2.77770785E-03  5.79047308E-03  1.29789983E-03
      0.0315625      -0.0549954      -0.0411460      -8.12451621E-03  4.22917865E-03  1.63900052E-02
     -0.0128230      -0.0020453       0.0744653       1.89885518E-03 -9.76009224E-03 -1.14224078E-02
     -0.0726399       0.0115346      -0.0174389       6.66299568E-03 -2.54097644E-03  2.10683531E-03
     -0.0550066       0.0201239      -0.0477808       1.50021695E-02 -3.16460232E-03  1.50328114E-02
     -0.0419857       0.0007135      -0.0628523       1.64014849E-02  1.00899524E-02  1.07702847E-02
     -0.0395483       0.0600944       0.0232012       5.47709659E-04 -1.35596884E-02 -1.10509373E-02
     -0.0190722       0.0663081       0.0308738       1.24888464E-02 -1.33157403E-02 -9.93063656E-03
      0.0525318       0.0364847      -0.0402862      -6.21327392E-03 -1.01749506E-02  5.73939812E-02
     -0.0720356      -0.0213944      -0.0081772       1.48450511E-02 -3.44083829E-04 -2.47291036E-02
      0.0127793      -0.0188584       0.0720747       3.77509015E-03  5.03085324E-03 -4.55801328E-02
      0.0487714       0.0336859      -0.0469075      -8.97227378E-03 -2.21050594E-03  2.03803965E-02
      0.0266751       0.0393191      -0.0587890       6.89538715E-03 -3.62754077E-03  3.67094747E-02
     -0.0543099       0.0385942       0.0357022       8.46806130E-03 -5.41486958E-03 -8.24566110E-03
     -0.0075856       0.0405231      -0.0633566       1.02008623E-03 -4.57426761E-03  2.95177638E-02
      0.0091676       0.0665325       0.0346856       2.61436476E-03 -7.66219128E-03  4.75189465E-03
     -0.0635851       0.0391880       0.0116160       8.88922259E-03 -6.74178061E-03  9.44713375E-03
     -0.0527073      -0.0466397       0.0275750      -4.92456617E-04  9.80440569E-03  1.37148516E-03
     -0.0271008      -0.0686677      -0.0162484       3.36320028E-03  7.82899018E-03  1.44991959E-02
      0.0463268      -0.0164829      -0.0574094      -1.14494649E-02  5.44419387E-03  2.60048989E-02
      0.0679893       0.0059563       0.0324912      -7.96675072E-03  2.59463013E-03 -3.43233982E-02
      0.0230478       0.0090401      -0.0714198      -7.62645804E-04 -1.13198224E-05  5.07216517E-02
      0.0415177      -0.0490540      -0.0397955      -6.21930610E-03  1.19189164E-02  1.87579802E-02
      0.0280783       0.0284804      -0.0641420      -5.23218582E-03 -6.62276347E-03  2.26392847E-02
      0.0022081      -0.0291624      -0.0697021      -3.62069090E-04  7.18662285E-03  3.60732066E-02
     -0.0711389       0.0045569       0.0251433       5.90075504E-04 -3.55936508E-03 -1.16643604E-02
      0.0404791      -0.0597823       0.0223884      -1.07656238E-02  8.42616585E-03  2.28972092E-02
     -0.0579358      -0.0473185      -0.0108680       4.83786571E-03  8.26700557E-03 -1.02424173E-02
     -0.0442702       0.0166354      -0.0589669       1.74988971E-03 -4.27205856E-03  2.85543439E-02
      0.0154310      -0.0311150       0.0671374       3.18567405E-04  1.17905011E-02 -2.02816128E-02
     -0.0059828       0.0059167       0.0751192      -1.13522437E-02  5.12614486E-03 -2.60835626E-02
      0.0731464      -0.0181122      -0.0059385      -1.34327782E-02 -7.23503666E-04 -1.25691288E-02
      0.0404516      -0.0328840      -0.0547359      -4.60159450E-03 -3.90387996E-04  6.79604987E-02
     -0.0580316      -0.0244938      -0.0417861       3.93980838E-03 -5.38907581E-03 -8.46036793E-03
     -0.0753568       0.0039411       0.0044201       1.24033018E-02 -1.90665614E-02  2.54676346E-03
      0.0164865       0.0735355       0.0058667       5.32875880E-04 -3.56323220E-02  4.13561185E-03
      0.0316338      -0.0635620      -0.0259398      -1.76161452E-03  3.00014040E-02 -4.35359726E-03
     -0.0288500      -0.0698649      -0.0005209       1.26528841E-02  1.96949615E-02 -5.25579616E-03
     -0.0111942      -0.0723587      -0.0187777       5.12532274E-03  6.56411167E-03  8.02941881E-03
     -0.0476494       0.0583888       0.0058313       1.17853077E-02 -2.67752301E-02 -4.66133472E-03
     -0.0206983      -0.0432053      -0.0584688       5.84748830E-03  2.02361241E-03  9.92656358E-03
     -0.0146348      -0.0615416      -0.0413784      -8.19979750E-04  2.77477009E-02  8.49882659E-03
      0.0620243       0.0276489      -0.0331996      -2.42667154E-03  6.02273171E-03  3.53484609E-03
     -0.0555634       0.0508910       0.0060433       8.26446704E-03 -2.54571579E-02 -9.24401589E-04
      0.0232921       0.0616161       0.0370762      -1.02851641E-02 -1.64050963E-02 -9.49939010E-03
      0.0527177       0.0425397      -0.0335398      -7.81351543E-03 -3.35407859E-02  6.51853434E-03
     -0.0244730      -0.0714483      -0.0031471       9.10719277E-04  3.31041993E-02 -4.78676803E-03
     -0.0754733       0.0040565      -0.0010159       8.47327022E-03  2.44606977E-02  1.12363742E-03
      0.0030547      -0.0737090       0.0164727       4.67051905E-04  1.91610201E-02  3.89684620E-03
      0.0084436       0.0726342       0.0191487      -3.20650795E-03 -2.88717294E-02 -9.47599660E-03
      0.0290053       0.0606339      -0.0345821       8.56967921E-04 -1.76754567E-02  3.01076621E-05
     -0.0745034      -0.0052517       0.0116349       1.12539747E-02  6.74731322E-03  1.29789363E-03
      0.0270482      -0.0687943       0.0157940      -2.96216999E-03  1.85045790E-02 -5.71087916E-03
      0.0069089      -0.0370567       0.0655193      -2.04108992E-03  7.08223234E-03 -2.52359434E-03
      0.0372859      -0.0056157       0.0655129      -1.10059608E-02 -5.50409635E-03 -1.50168241E-02
      0.0387549      -0.0301101      -0.0574905      -9.21511929E-03  5.62836638E-03  9.04867933E-03
     -0.0275418       0.0255096       0.0656080      -2.30915997E-03  3.76465002E-03 -2.84760012E-03
      0.0169449       0.0706243       0.0209475      -8.75177091E-03 -2.28638793E-02  2.61097063E-04
      0.0323847       0.0082012       0.0678061      -1.36115323E-02 -3.53225813E-03 -1.44130090E-02
     -0.0678210       0.0332246       0.0031819       8.16119310E-03 -2.71192968E-02  4.64851009E-03
      0.0371060      -0.0617703      -0.0228319      -8.01851672E-03  1.69270018E-02 -1.34901092E-03
      0.0449375       0.0136952       0.0592178      -1.26123906E-02 -5.49146425E-03 -5.48640412E-03
     -0.0742252      -0.0083418       0.0116076       5.54059632E-03 -4.28252201E-03  4.89197566E-03
      0.0056093       0.0342877       0.0671312      -1.23269193E-03 -5.63154316E-03 -1.60343014E-02
      0.0293460       0.0151939      -0.0679829       7.35437443E-03 -3.13418583E-03  1.05231480E-02
      0.0144982      -0.0348528      -0.0654888      -2.50793954E-02  1.06072030E-02  1.36005001E-02
      0.0620860       0.0271363       0.0335060      -1.75240480E-02  2.04570800E-03 -3.59342791E-03
     -0.0292258      -0.0358691       0.0597742       1.27465244E-02 -2.15480995E-04 -1.43319751E-02
      0.0015505      -0.0522469       0.0546036       1.35067884E-02  5.56510931E-03  4.13757001E-04
      0.0330603       0.0676303       0.0068462      -1.36964437E-02 -1.33657461E-02 -5.00580057E-03
      0.0724442      -0.0182351      -0.0115345      -2.53994359E-02  1.47177233E-04 -7.70407674E-04
      0.0493842      -0.0365325       0.0440488      -2.02261020E-02  9.05042349E-04 -4.73997776E-03
     -0.0066237       0.0115197       0.0744119      -2.23034889E-02 -3.81728984E-03 -1.00249932E-02
     -0.0170642       0.0443409      -0.0587912       9.85975176E-03 -3.58697103E-03  4.39675321E-03
     -0.0178371       0.0729021       0.0089897       2.39519215E-02 -5.28074772E-03 -4.48339888E-03
      0.0348039      -0.0668742      -0.0054985      -1.16741888E-03  6.11020773E-03  2.40726225E-03
      0.0026188      -0.0190873       0.0730924      -1.42973475E-02  3.56995587E-03 -9.32599344E-03
      0.0146773      -0.0737112       0.0080582      -1.18563896E-02  1.15155182E-02 -8.74845056E-04
     -0.0244410      -0.0031455      -0.0714593       1.15827056E-02  5.62221707E-03  1.05765968E-02
      0.0135582      -0.0072777      -0.0740062       1.24676038E-02 -3.30671035E-03  8.76611102E-03
     -0.0695164       0.0241239       0.0172977       1.93816908E-02  3.89758044E-04  4.42250391E-03
     -0.0527857       0.0221516      -0.0493628       3.41399722E-02  9.87589149E-04  6.41042387E-03
     -0.0716702       0.0076065       0.0227868       8.23737568E-03  1.11006543E-03 -8.30424772E-03
     -0.0078193      -0.0269300       0.0701950      -3.47434522E-03  7.00666679E-03 -1.30241420E-02
     -0.0457914       0.0382695      -0.0463928       1.61395823E-02 -1.37870334E-03  1.14829378E-02
     -0.0524107       0.0496578       0.0223817       6.46418094E-03 -5.84044123E-03 -1.00280727E-02
      0.0056969       0.0753663      -0.0010879      -3.06139108E-03 -1.13692803E-02  1.61965250E-03
      0.0146919      -0.0707870      -0.0220689      -1.69553647E-03  4.56183002E-03 -2.88058881E-03
     -0.0185308       0.0715021       0.0160545      -1.00339797E-02 -1.03730967E-02  1.02055290E-02
      0.0365566      -0.0475734       0.0459792      -2.38346434E-02  4.71648113E-02 -5.04838257E-02
      0.0091876      -0.0190388      -0.0725728      -8.24156843E-03  1.49811451E-02  4.53614023E-02
      0.0076039       0.0716686      -0.0227924      -3.22718906E-02 -5.41921480E-03  3.05959734E-02
     -0.0266683       0.0705499      -0.0050220       2.30430812E-02 -2.34106828E-02 -2.46375928E-02
      0.0751228      -0.0019444       0.0081534      -2.34188957E-02  3.60062511E-03 -2.41571154E-02
     -0.0106571       0.0693402       0.0281438       8.92730245E-03  2.04436047E-02 -4.49436488E-04
      0.0020874       0.0372916       0.0657167      -1.09945813E-02 -1.51107229E-02 -5.16420154E-02
      0.0400657       0.0321830       0.0554320      -1.11876111E-02 -1.84447265E-02 -1.42203982E-02
     -0.0677833       0.0010551       0.0334366       2.20539322E-03  7.59614842E-03 -1.03175084E-02
     -0.0631971      -0.0187577       0.0369862       1.10955464E-02 -1.54987420E-02  8.62636632E-04
     -0.0514416       0.0379817       0.0403096       1.38057626E-02 -7.42377224E-03 -2.25018788E-02
     -0.0552977       0.0513868       0.0039067       2.33036603E-02 -1.73234786E-02 -1.84403981E-02
      0.0546052      -0.0228682      -0.0470002      -2.26496980E-02 -9.82899050E-03  4.76913471E-02
      0.0556110       0.0242910       0.0450674      -2.46411616E-02 -3.37665048E-03 -5.85003089E-02
      0.0506485       0.0558895       0.0049811      -1.60100716E-02  3.60784586E-03 -3.35600834E-03
     -0.0370820      -0.0658647       0.0006829       3.19165921E-02  1.99853588E-02 -1.52639369E-02
      0.0509374       0.0171337       0.0531558      -2.37439351E-02  1.08158007E-02 -5.18935547E-02
     -0.0602908      -0.0410199       0.0199019      -2.11018231E-03  5.92965067E-03  1.21982564E-02
     -0.0494989       0.0028122       0.0570582       2.36858992E-02  3.90902495E-03 -2.71138676E-02
     -0.0401753       0.0582069      -0.0266756      -4.08301650E-03 -8.99757800E-03  1.97119509E-03
     -0.0696111      -0.0197962       0.0218195       1.89266401E-02 -4.60712341E-03 -3.40124339E-02
      0.0261683       0.0550426       0.0447129       9.07793341E-04 -2.38428555E-02  3.12948138E-03
     -0.0528186       0.0427418       0.0331215       3.54664980E-02 -5.89222671E-03  1.05736676E-02
      0.0192215      -0.0559458      -0.0470564       1.14592251E-02  8.49708195E-03  3.41762436E-02
      0.0434067      -0.0114216       0.0608203      -2.53767857E-02  1.33222460E-02 -6.89940509E-02
     -0.0191816       0.0015306      -0.0730987       2.58774862E-02  1.08406612E-02  3.90451368E-02
# Displacement: 34,  E_pot (hartree): -29718.643026144
      0.0613877       0.0417476      -0.0142264      -6.01131122E-03 -4.59392359E-03 -6.10990016E-03
     -0.0235799       0.0182095       0.0694701      -1.26843838E-03 -1.30981360E-02 -4.49937492E-03
      0.0196902      -0.0596614      -0.0420299      -1.80519279E-02  1.38044146E-02  7.64741145E-03
      0.0580862       0.0063201      -0.0479556      -5.79901922E-03 -1.53605071E-04 -3.58835684E-03
     -0.0600691      -0.0076618      -0.0452406       9.32683376E-03  9.83330874E-03  1.52350023E-02
      0.0406737      -0.0491514      -0.0405400      -2.13305986E-02  1.49169634E-02  3.61564830E-03
      0.0677288      -0.0232784       0.0241793      -1.32798489E-02  2.85909145E-03 -3.92895728E-03
      0.0706400       0.0240238      -0.0121058      -2.07778491E-02  2.73145193E-03  4.53085094E-03
      0.0116477       0.0686988       0.0293000      -1.42788588E-02 -2.55468938E-02 -1.35188556E-02
      0.0334255       0.0472291       0.0486402      -1.71593339E-02 -5.50914720E-03 -1.18105961E-02
     -0.0512831       0.0136867      -0.0538185       3.86292763E-03 -4.02025744E-03  2.07309767E-02
      0.0480007      -0.0221016       0.0540478       7.95617932E-04  1.37824796E-02 -1.26917855E-02
     -0.0638549       0.0376662      -0.0147483       1.65466018E-02  6.59771851E-04  8.17029469E-04
      0.0134111      -0.0735746      -0.0109829      -3.07633676E-03  1.17422699E-02 -2.44262758E-03
     -0.0199571       0.0470004       0.0557350       1.62388718E-02 -1.28615469E-02  1.06403879E-03
      0.0431161      -0.0246967       0.0569631      -9.72264826E-03 -6.63709716E-03 -1.10981414E-02
      0.0527382      -0.0537603      -0.0064987      -1.20490621E-02  1.04528784E-02  6.70609659E-03
      0.0338326       0.0043387       0.0674554       8.59162538E-03 -4.44861577E-03 -5.93955616E-03
     -0.0118285      -0.0745244      -0.0044611       1.77830063E-02  1.54813736E-02 -1.30427846E-02
     -0.0062650      -0.0181950      -0.0730986       1.23468305E-02  1.68267407E-02  1.71264773E-02
      0.0089032       0.0459507      -0.0593546       5.74894740E-03 -4.22802395E-03  8.90234436E-03
      0.0540977       0.0259825      -0.0459570      -1.53301568E-02 -9.31580287E-03  9.36009088E-03
     -0.0715702       0.0229683      -0.0079930       1.86200928E-02 -1.48720422E-02 -4.22003738E-03
     -0.0430864      -0.0298408       0.0544683       9.36921216E-03 -4.48381121E-03 -8.37359178E-03
     -0.0355135      -0.0666193       0.0037919       1.60988290E-02  1.15281468E-02  2.28471249E-03
      0.0118954       0.0005269      -0.0746454       1.80663292E-02  1.44186072E-03  6.99569948E-03
     -0.0414146      -0.0393562       0.0494938       9.41779981E-03  1.52643567E-02 -7.28004293E-03
      0.0609364       0.0441114       0.0073910      -6.70781199E-03 -3.94305193E-03  1.00053599E-02
     -0.0396511      -0.0643499      -0.0007718       7.44846664E-04  1.27166883E-02  1.75185933E-03
     -0.0191136       0.0387051      -0.0620506       5.21462195E-03 -5.71257613E-03  1.71411112E-02
     -0.0345951       0.0630950      -0.0231495       9.59606058E-03 -9.26556439E-03  3.04642021E-02
      0.0727763      -0.0124265       0.0162134      -9.19145633E-03  3.80719520E-03 -5.46915117E-03
     -0.0177510       0.0051891      -0.0732918      -1.17426076E-03 -5.30676155E-03  5.23961148E-03
      0.0089879       0.0195372      -0.0724652       4.96789766E-03 -5.61512188E-03  2.31387248E-02
     -0.0300809      -0.0500417       0.0480069       1.27824020E-02  6.94958854E-04  6.37335819E-03
      0.0724993      -0.0014419       0.0213417      -5.26243909E-03 -1.88669380E-03 -3.37510521E-02
      0.0630638       0.0383773      -0.0162431      -1.77890506E-02 -1.47559373E-03  1.76468457E-02
      0.0297951      -0.0674486       0.0166327      -8.20316366E-03  1.32180379E-02 -2.17540184E-02
     -0.0149070      -0.0241174      -0.0700702       1.82890079E-03 -2.06631888E-03  5.37742276E-02
      0.0655967      -0.0010773      -0.0375447      -1.26808088E-02  7.90940885E-04  8.23883189E-02
      0.0479156       0.0284620       0.0510658      -1.08115804E-02 -3.41583606E-03 -4.78039122E-02
      0.0721745       0.0199661       0.0102906      -5.63154980E-03 -4.17375024E-03 -8.65097940E-03
     -0.0653336      -0.0282169       0.0254760       8.61925938E-03  2.22069907E-03 -1.42356758E-03
      0.0157048       0.0687959       0.0270960      -5.28101002E-03 -1.14677933E-02 -3.43317543E-02
      0.0503618      -0.0147206      -0.0544123      -1.21797803E-02  2.85387715E-03  4.35801487E-02
     -0.0205485       0.0672171      -0.0278085       1.12683955E-02 -4.49570598E-03 -1.26301874E-02
      0.0119903      -0.0160976      -0.0728754       2.14599284E-03  5.94553887E-03  3.49367493E-02
     -0.0192016       0.0230421      -0.0693834       3.23222226E-03  6.45050939E-04  2.99952057E-02
      0.0282892      -0.0252989       0.0653713      -8.16022836E-03 -9.13717990E-04 -2.30957591E-02
     -0.0512280      -0.0389296       0.0396720       3.83230009E-03  8.50141208E-03 -1.64444008E-02
      0.0248338       0.0641283      -0.0313776      -8.57919971E-03 -1.80939432E-02  7.91440449E-03
     -0.0442690       0.0173366       0.0587657       6.37210758E-03 -1.35176309E-03 -2.54304159E-02
      0.0525658       0.0386787      -0.0381381      -4.48396194E-03 -1.52419574E-02 -4.39339001E-03
      0.0002060       0.0755249       0.0031083       5.00534345E-03 -1.04637392E-02  1.11484708E-03
      0.0743364      -0.0037453      -0.0131819      -4.28786227E-03  2.93538883E-02  6.67267418E-03
      0.0727023       0.0157818      -0.0133792      -1.00946363E-02 -9.69027089E-03  2.50504653E-03
      0.0749962      -0.0089370       0.0030650      -1.20669498E-02 -1.87016194E-02 -4.71009283E-03
     -0.0183588       0.0589938      -0.0435478       5.63515099E-03 -1.55330898E-02  1.27185875E-02
     -0.0044249       0.0086535      -0.0749616      -2.06866286E-03 -2.32328352E-03  9.11705952E-03
      0.0499345      -0.0563048      -0.0070714      -1.20050128E-02  1.65796647E-02 -9.58155684E-03
     -0.0159073      -0.0621523      -0.0399721       5.93542742E-03  1.49830980E-02  5.49733181E-03
     -0.0373855      -0.0072366      -0.0652968       1.33235370E-02  4.15021938E-04  1.27963712E-02
      0.0118273      -0.0323596       0.0672807       3.26639128E-03  1.79479839E-02 -1.68726846E-02
     -0.0084105       0.0202793       0.0723305      -5.78497407E-03 -2.17232962E-02 -5.34277089E-03
      0.0182397       0.0732947       0.0029843      -8.60406365E-03 -2.92877199E-02 -1.35887741E-02
     -0.0473628       0.0392337      -0.0439452      -2.59340292E-04 -1.82495662E-02  1.52480369E-02
     -0.0326326       0.0674179       0.0101807       2.37325622E-04 -1.30594856E-02  1.06025381E-03
      0.0292976      -0.0323718       0.0617042      -6.08421336E-03  3.69978544E-02 -1.29634218E-02
      0.0034025      -0.0713106      -0.0248376       1.81849969E-04  1.39920520E-02  4.31760480E-03
     -0.0127173      -0.0720286       0.0190751       2.45810299E-04  4.72787657E-02  5.10003739E-03
      0.0588368       0.0454767       0.0135574      -3.92141404E-03 -2.32719527E-02 -6.59154913E-03
      0.0330976      -0.0588377       0.0340058      -9.22937423E-03  1.47472387E-02 -3.18305343E-03
      0.0109285      -0.0313449       0.0679099       4.28975746E-03  1.80399175E-02 -8.69005474E-03
     -0.0360780       0.0664076       0.0014530       1.22893982E-02 -3.64331524E-02 -1.02441806E-02
     -0.0340348      -0.0374419      -0.0561554       1.41234282E-02 -2.08424463E-03  2.95942677E-03
     -0.0666098      -0.0032614       0.0355834       1.34440013E-02  5.24252382E-03 -8.46867806E-03
     -0.0157081      -0.0560255       0.0482504       5.89035522E-04  2.22306223E-02 -1.45050723E-02
     -0.0076723      -0.0026384      -0.0751523      -5.16703322E-03  2.77394038E-03  7.53664016E-03
     -0.0182022       0.0611177      -0.0405833      -1.30117780E-03 -9.88277861E-03  7.86130320E-03
      0.0155449      -0.0460562      -0.0578870      -9.94249428E-03  1.23776664E-02  6.56162662E-03
     -0.0139923      -0.0604523       0.0431677      -2.30952310E-03  1.29390240E-02 -1.02834210E-02
      0.0511842       0.0554830      -0.0039386      -7.68341903E-03 -5.60972524E-03  6.10884650E-03
     -0.0692039      -0.0118694       0.0279935       4.81512221E-02  2.92063306E-03 -1.23954106E-02
     -0.0528379       0.0016338       0.0540296       1.29462171E-02 -4.47526140E-04 -1.53277962E-02
     -0.0365692       0.0431110       0.0501780      -7.95507177E-03 -1.01299326E-02 -4.45366723E-03
     -0.0631941       0.0095857      -0.0403525       2.12588814E-02 -6.79665594E-03  7.70327492E-03
     -0.0427358      -0.0457088      -0.0424034       1.52508804E-02  1.06651149E-03 -2.34407963E-03
      0.0537925       0.0376689      -0.0374318      -1.52382501E-02 -2.65559445E-03  4.42973506E-03
      0.0380176      -0.0580131      -0.0300473       1.28955858E-02  1.25008573E-02  5.00231967E-03
     -0.0267485      -0.0469132      -0.0528901       2.41359336E-02  1.24989360E-03  6.78219782E-03
      0.0688695       0.0214192       0.0226255      -2.07998241E-02 -6.23277863E-04  1.55633613E-03
     -0.0140644       0.0364215       0.0647253       1.61986480E-03  3.79643685E-03 -1.08773559E-02
     -0.0612441       0.0189127       0.0400645       7.70799306E-03 -4.44837203E-03 -8.88801675E-03
     -0.0024673       0.0657520       0.0372060      -7.66504521E-03 -4.92556489E-03  4.66360719E-03
     -0.0527284       0.0259355       0.0475475       2.82776970E-02 -3.90663164E-03 -1.30602752E-02
     -0.0112987      -0.0629569       0.0402800      -2.79650636E-04  8.40055586E-03 -7.01430986E-03
     -0.0622612       0.0428246       0.0018159       4.26572577E-02 -1.11566481E-02  1.94134542E-04
      0.0178717      -0.0438327      -0.0589321      -4.40652066E-03  2.99260034E-03  9.53288037E-03
      0.0499665       0.0555199      -0.0116021      -1.23069827E-02 -1.62228937E-02  3.01374768E-06
     -0.0241840      -0.0151978       0.0699847       8.03368550E-03  1.13309822E-03 -1.54233657E-02
      0.0476519      -0.0546005      -0.0214892      -2.84205987E-02  1.50108858E-02 -5.01506508E-03
      0.0324581      -0.0673228       0.0113060      -1.41059363E-02  9.50400032E-03 -1.20859512E-03
     -0.0177962      -0.0162986       0.0716334       1.55882459E-02  4.75693509E-03 -4.43320022E-03
      0.0544193       0.0004981       0.0524594      -4.73935957E-02 -2.24360189E-03 -1.56706293E-02
     -0.0487257      -0.0265225      -0.0513426       1.00046067E-02 -5.69690533E-04  9.18792852E-03
     -0.0111318       0.0637332      -0.0390882      -2.73575276E-02 -9.64817614E-03  1.13831626E-02
      0.0375603       0.0603658      -0.0256691      -1.68607812E-02 -9.93833191E-03 -2.22640934E-03
      0.0182365       0.0625107      -0.0383868      -9.68285841E-03 -1.64457120E-02  6.14956667E-03
      0.0240973      -0.0100476       0.0709370      -8.55427378E-03  1.17714454E-04 -4.35180303E-02
     -0.0552803       0.0401495       0.0323390       1.43899015E-02 -1.39874381E-02 -5.55947355E-03
      0.0543686       0.0095543      -0.0516378      -5.36223756E-03 -1.03518847E-02  1.70971155E-02
      0.0163714       0.0351711       0.0648742       6.65111192E-03 -1.30018628E-02 -3.62131612E-02
      0.0726114       0.0198793       0.0067893      -3.72513190E-02  2.56180647E-03 -2.00705690E-03
     -0.0068702      -0.0413222      -0.0629204       3.83926747E-03  6.66049159E-03  1.90248189E-02
      0.0617122      -0.0426736      -0.0091794      -2.99299008E-02  1.37654481E-02 -1.99015361E-02
      0.0335544      -0.0123281       0.0666019      -1.30247100E-02  4.10352748E-03 -3.76832481E-02
      0.0227447      -0.0350650      -0.0629826      -3.20244516E-03  1.49192417E-02  5.11849099E-02
     -0.0236720      -0.0675121       0.0244022       3.07597035E-02  3.63522097E-02 -1.16691539E-02
     -0.0316976       0.0668042      -0.0156892       1.82788721E-02 -4.11919796E-02  3.41333018E-02
      0.0165028      -0.0584950       0.0449412       1.14615655E-02  2.25310531E-02 -5.12293447E-02
      0.0064159       0.0102700       0.0746127       6.55325611E-03 -3.55076551E-02 -7.83182780E-02
      0.0462476      -0.0182501      -0.0569368       1.23723441E-02  1.76591773E-02  5.73266048E-02
      0.0716023       0.0239365      -0.0037223      -2.26911019E-02 -2.06208548E-02  1.10388111E-02
      0.0037260      -0.0067744       0.0751925       8.63893310E-03 -4.30679502E-03 -2.70611663E-02
      0.0283186       0.0533461      -0.0454529      -4.49987890E-03  7.89948123E-03  4.32554526E-02
     -0.0567736       0.0184046       0.0463868       4.14788251E-02  7.22793104E-03 -5.27675448E-02
      0.0572759       0.0474927      -0.0133275      -3.09177991E-02 -1.56555990E-02  4.41320589E-03
      0.0017969       0.0713055      -0.0250198      -3.05416310E-02 -1.72435041E-02  3.79593147E-03
      0.0080432       0.0458134      -0.0595829       2.47849810E-03 -3.05996750E-02  7.65334171E-04
      0.0450527      -0.0605958       0.0034800      -8.31219002E-03  3.21781637E-02  8.47555317E-03
     -0.0325299       0.0193527      -0.0654292       3.73301841E-02  1.97271022E-03  3.69069788E-02
     -0.0367887      -0.0023021      -0.0659922       3.00827714E-02  2.17684477E-04 -3.28680938E-03
      0.0226015       0.0541957      -0.0475996       1.99012934E-02 -2.05507619E-02  1.73897597E-02
     -0.0588312       0.0058410      -0.0471006       1.29243295E-02  1.27966531E-02  4.96537569E-04
      0.0542808      -0.0486682      -0.0199674      -3.58119445E-02  4.07711261E-02  7.86681350E-03
# Displacement: 35,  E_pot (hartree): -29718.648493903
     -0.0556293       0.0451329      -0.0241267       9.93096346E-03 -2.50185711E-02  1.29322497E-02
      0.0613965       0.0279063      -0.0341383      -1.32174827E-02 -6.98999623E-03  5.78086561E-03
     -0.0286940       0.0145607       0.0683984       1.23622418E-02 -1.12029054E-02 -2.03965507E-02
     -0.0020579      -0.0744747      -0.0127663       1.17274372E-02  9.05780824E-03  1.85856373E-02
     -0.0081391       0.0251259       0.0708247       1.29179178E-02  7.85080632E-03 -1.86925322E-02
      0.0326658       0.0420971       0.0536143       5.87612524E-03 -7.57066098E-03 -1.45860765E-02
      0.0014272      -0.0550151      -0.0518171      -7.03354838E-03  2.80669917E-02  1.48308559E-02
     -0.0488930       0.0330446      -0.0472360       6.57358235E-03 -4.03550895E-03  6.43700764E-03
     -0.0648154      -0.0240226       0.0305874       1.00610572E-02  1.91325722E-02 -1.35420716E-02
      0.0223140       0.0123420       0.0711581      -7.43679207E-03 -9.15952906E-03 -1.46554458E-02
      0.0726484      -0.0180432      -0.0105057       1.39288756E-03  8.04945050E-04  1.29866000E-02
     -0.0445769      -0.0342932       0.0505032      -1.08334707E-03  1.13383060E-02 -1.22455582E-02
      0.0361540       0.0298872      -0.0592735      -1.37983779E-02 -5.90523043E-03  1.67758388E-03
      0.0653286       0.0356658      -0.0131851      -1.70447063E-02 -1.10287900E-02  8.21470407E-03
      0.0549612       0.0502959       0.0127793      -1.24881267E-02 -1.01946879E-02 -2.84588670E-03
     -0.0598968      -0.0386422       0.0251567       1.03495065E-02  8.46474766E-03 -1.40769329E-02
     -0.0253952      -0.0555784       0.0444953       1.86684986E-03  8.64090367E-03  3.79812605E-03
     -0.0290236      -0.0360787      -0.0597466       3.73645971E-04 -3.88911031E-03  1.01183237E-02
     -0.0306221       0.0688873       0.0055256       7.53556566E-03 -3.00538754E-02 -4.04255521E-03
      0.0629202      -0.0273914      -0.0316932      -1.66706278E-02  1.53092024E-03  1.05415216E-02
     -0.0499341       0.0450404      -0.0345205       9.75399275E-03 -6.01289985E-03  2.47293199E-03
     -0.0747148       0.0047116       0.0104510       1.11436771E-02  8.04933512E-03  5.57916615E-03
     -0.0473105       0.0437341       0.0395317       4.86756230E-03 -9.54361381E-03 -1.31679709E-02
     -0.0127156      -0.0116116      -0.0736016      -3.60627921E-04 -1.89295404E-03  1.29837906E-02
     -0.0594690      -0.0214333      -0.0414459       1.87657566E-02  1.49479518E-02  2.93690055E-03
      0.0732506      -0.0140639      -0.0122577      -9.09549986E-03  9.04998619E-03 -8.68008455E-03
     -0.0663794      -0.0162379      -0.0323083       1.70818276E-02  2.68415069E-03  1.54759896E-02
      0.0150344       0.0680637      -0.0292401       7.42830349E-04 -1.24774587E-02  4.32783837E-03
      0.0279652      -0.0133143      -0.0689521      -1.18508835E-02 -5.92543861E-03  1.65815911E-02
      0.0009873       0.0672205      -0.0345560      -6.48595544E-03 -2.13246986E-02  9.15831085E-03
     -0.0262016       0.0635949      -0.0313508       2.79595075E-03 -1.03381983E-02 -6.91510255E-03
      0.0683586       0.0313234       0.0077231      -1.81659040E-02 -3.32511873E-03  8.40182453E-03
      0.0681743      -0.0269389      -0.0184460      -1.67796002E-02  6.89840571E-03  2.05226701E-02
      0.0083406       0.0001487       0.0751274       2.43068825E-03  1.30937991E-03 -2.26613973E-02
     -0.0134027       0.0434009      -0.0604190      -5.04771439E-03 -1.16878287E-03  1.78856821E-02
     -0.0018242      -0.0728282      -0.0201600       3.04672668E-03  4.86977516E-03  9.80924819E-03
      0.0044818      -0.0751945       0.0062785      -1.94787548E-03  1.51154673E-02 -1.82503204E-02
      0.0527496      -0.0509284      -0.0183709      -9.52336625E-03  4.02426407E-03  2.73631782E-02
     -0.0586178      -0.0074125       0.0471456       1.10469599E-02 -3.55570609E-03 -5.91702178E-03
      0.0436679      -0.0478716       0.0389247      -5.40597552E-03  8.66114493E-03 -4.88154448E-03
      0.0423174       0.0312516       0.0542796       4.32167098E-03 -2.00042567E-03 -3.52107277E-02
     -0.0548497       0.0231988      -0.0465514       4.35935685E-03  5.04210033E-03  3.47875007E-02
      0.0287495      -0.0699062      -0.0005280      -3.83232716E-03  1.01887913E-02 -2.01420466E-02
      0.0261099      -0.0661920      -0.0255067      -6.52373307E-03  8.25971101E-03  3.92914970E-02
      0.0027652       0.0470681       0.0590818      -2.61388307E-03 -8.81441816E-03 -2.50617208E-02
      0.0248037       0.0392839      -0.0596259      -7.95853929E-03 -2.01031968E-03  2.75372628E-02
     -0.0479352       0.0228261      -0.0538042       1.17757975E-02 -4.63810664E-03  1.28351108E-02
     -0.0381088      -0.0513761      -0.0402731       2.38616228E-03  5.59968237E-03  9.91236170E-03
      0.0199234       0.0575057      -0.0448314      -6.00976892E-03 -1.05851963E-02  2.17071310E-02
      0.0475787      -0.0421185      -0.0409392      -9.20380413E-03  2.24222534E-04  7.24044261E-03
      0.0376544       0.0327207      -0.0567910      -1.20351771E-03 -1.08633535E-02  1.26136683E-02
     -0.0091847       0.0747181      -0.0068240      -4.17412566E-03 -1.18579152E-02  1.82701363E-02
     -0.0220784       0.0480737      -0.0539924      -2.79653673E-05 -3.87818031E-03  2.04311108E-02
     -0.0003832      -0.0743906       0.0134008       2.05861704E-04  2.08018953E-02 -1.42621162E-02
     -0.0373733      -0.0654489      -0.0057779       7.84961185E-03  6.71048770E-03  2.47510661E-03
      0.0267125       0.0058563      -0.0704688      -4.15825547E-03  1.93452236E-03 -2.39224849E-03
      0.0250318      -0.0661536       0.0266611      -9.53508069E-03  2.32174307E-02 -4.25819820E-05
      0.0447425      -0.0078223      -0.0604204      -7.94934617E-03  5.77205394E-03  3.89540599E-03
      0.0595292      -0.0337310       0.0321278      -1.64352952E-02  1.57943959E-02 -5.86886949E-03
     -0.0435622      -0.0253705       0.0563239      -9.49091585E-03  7.39508018E-03 -1.12196059E-02
     -0.0598696      -0.0121078       0.0445280       9.46314404E-03  1.58874615E-02 -7.99994804E-03
      0.0034391       0.0736993       0.0164403      -4.64708820E-04 -2.47580235E-02 -2.80111754E-03
      0.0608405      -0.0424012      -0.0146381      -1.30344745E-02  1.81355558E-03  1.19948688E-03
      0.0065817       0.0450422       0.0603454      -8.16612012E-04 -7.80877436E-03 -1.04770972E-02
      0.0714203       0.0162217       0.0187002      -1.17230152E-02 -1.42220433E-02  1.26524217E-03
      0.0058475      -0.0729642       0.0188612      -3.00803054E-03  1.58463088E-02 -2.76994110E-03
      0.0170031       0.0513853      -0.0527652      -5.72485726E-03 -3.20110668E-03  8.78622702E-03
      0.0094806      -0.0046803       0.0748459       2.54785319E-03  2.11636825E-02 -7.99030709E-03
     -0.0100455       0.0445765       0.0602142       5.54204745E-03 -3.20167957E-02 -2.00760172E-03
      0.0515339      -0.0072206       0.0548253      -1.18744471E-02 -1.10456825E-02 -7.59236404E-03
     -0.0572285       0.0216232      -0.0443964       1.26673422E-02 -1.35398663E-02  6.23624992E-03
      0.0012813      -0.0028974      -0.0755226       8.57453642E-05  1.42710282E-02  1.06684008E-02
     -0.0311788      -0.0505835       0.0467213      -1.26521935E-03  3.06161174E-02 -1.02895221E-02
     -0.0552293      -0.0170480      -0.0487112       2.29645130E-03  1.04080595E-02  3.45020593E-03
      0.0164092      -0.0592820      -0.0439327      -3.01327375E-04  3.72387075E-02  3.09740159E-03
      0.0446458       0.0488069      -0.0365837      -1.18705590E-02 -2.88761801E-02 -1.94654879E-03
      0.0125359      -0.0589144      -0.0456688       2.10234674E-03  5.88949612E-03  3.72826169E-05
      0.0102071      -0.0416359      -0.0622572       5.35235945E-03  3.62112736E-03  1.20308554E-02
      0.0718231       0.0133981       0.0193816      -1.15255946E-02 -8.65300696E-03 -2.58689983E-03
      0.0209564      -0.0544950       0.0480088      -1.46118399E-02 -5.19705454E-03 -5.65909984E-03
      0.0019035       0.0647597       0.0389391       2.07463657E-04 -4.00886992E-02 -1.55726935E-02
     -0.0070051       0.0395155       0.0640558      -7.39326750E-03 -1.12671042E-02 -1.36728593E-02
      0.0396631      -0.0572826      -0.0293130      -2.66267315E-02  5.39002275E-03  1.78457225E-05
     -0.0025469       0.0638467       0.0403833      -1.78133319E-02 -1.58192547E-02 -6.50133420E-03
     -0.0514541       0.0514850      -0.0203834       1.29033925E-02 -1.13603957E-02 -9.22547581E-03
      0.0377132       0.0631144       0.0175497      -4.10732007E-03 -1.27417491E-02  1.97411713E-03
      0.0045150       0.0639671      -0.0400190      -1.08678994E-02 -1.06083339E-02  5.55079764E-03
     -0.0512693       0.0498374      -0.0245237       3.12230768E-02 -2.04072468E-03  8.14656432E-03
     -0.0653727       0.0246096      -0.0288874      -6.43727936E-03  1.12642129E-03  7.01445926E-04
     -0.0006221      -0.0087296       0.0750808       2.64406657E-03  1.26195056E-03 -1.63710218E-02
     -0.0481374      -0.0049561      -0.0580683       9.44251028E-03 -7.84669060E-03  7.43739926E-03
     -0.0065180      -0.0124635      -0.0742690       1.17925110E-02 -4.02472645E-03  3.53834130E-03
     -0.0464207       0.0411373      -0.0432033       1.66934804E-02 -1.09342095E-02  7.41938738E-03
     -0.0720437       0.0085527       0.0212189       3.09692992E-02  8.17523047E-03 -1.54037997E-03
     -0.0010653      -0.0638910       0.0403795       1.25418236E-02  1.31190659E-02 -7.33284993E-03
     -0.0217462      -0.0626943      -0.0361970      -2.23779271E-03  7.53012708E-03  5.73106151E-03
      0.0513486      -0.0304138      -0.0463900      -1.73084119E-02  2.54704358E-03  1.00641623E-02
     -0.0615678      -0.0105605       0.0425625       2.28370287E-02  5.99136230E-03 -7.06131273E-03
     -0.0576246      -0.0429497       0.0234183       2.54374408E-02  2.68438701E-03 -6.68398307E-03
     -0.0338320      -0.0615698       0.0278974       9.42504695E-03  1.16247156E-02 -6.49949470E-03
     -0.0609503       0.0390155      -0.0218304       2.48514594E-02 -2.42454806E-03 -2.87938012E-03
     -0.0480546       0.0526150      -0.0252212      -1.71828802E-03 -9.99230556E-03  1.07356318E-02
      0.0131938      -0.0213864      -0.0712900      -1.65607033E-02  6.08381716E-03  4.97315997E-03
      0.0114267      -0.0743018       0.0078973       7.50722945E-04  1.06522045E-02 -2.21866860E-03
     -0.0219151      -0.0717250       0.0094319       1.81714776E-02  7.15246773E-03  2.35611597E-03
      0.0315885      -0.0648054      -0.0227184      -1.94245015E-02  9.98893319E-03  1.43241191E-03
     -0.0622569       0.0122969       0.0410680       6.90404394E-03 -9.85831135E-03 -4.86943272E-03
      0.0431423      -0.0437211       0.0440557      -2.91369688E-02  8.36174848E-03 -1.33026724E-02
      0.0468427      -0.0590269       0.0059404      -6.57745080E-03  4.47027806E-02 -5.60419225E-03
     -0.0318990      -0.0153416      -0.0667892       3.76902129E-02  9.91261634E-03  1.85509588E-02
     -0.0389302      -0.0647627       0.0019894       4.74424701E-02  2.38471710E-02 -5.70528779E-03
      0.0442008       0.0166636      -0.0590112      -2.89943045E-02 -2.13842152E-02  3.33339480E-02
     -0.0433219       0.0369653       0.0497040       1.07972675E-02 -7.95135108E-03 -2.42602148E-02
     -0.0711253       0.0025699       0.0254618       6.28047896E-02 -1.38279804E-02 -2.44050876E-02
      0.0120762       0.0089417       0.0740804      -1.80239659E-02 -1.41812036E-02 -2.23490102E-02
      0.0349078       0.0280455      -0.0608982      -1.28029535E-02 -3.48508805E-03  1.90267508E-02
      0.0506145      -0.0557908       0.0062646      -1.62337906E-02  2.52105849E-03  3.75561736E-03
      0.0335847      -0.0673873      -0.0066884      -1.15443486E-02  1.46937660E-02  2.23813734E-02
      0.0035910      -0.0691609       0.0302917      -1.12253351E-02 -8.29496172E-04 -2.44058431E-02
      0.0452611       0.0113263       0.0594715      -1.88446128E-02  8.51231294E-03 -3.01263060E-02
     -0.0554634       0.0471997       0.0202409       3.80728293E-02 -2.29003103E-02 -7.62488123E-03
      0.0640594      -0.0333244      -0.0223512      -4.45879554E-02 -1.10764598E-02  2.93891447E-02
      0.0713320      -0.0193953       0.0157886      -3.18590456E-02  8.49309393E-03 -3.80619714E-02
      0.0142724      -0.0408875      -0.0619534       1.07324192E-02 -4.54619880E-03  2.74997279E-02
      0.0265587      -0.0551561       0.0443411      -4.65996993E-03  1.03815219E-02 -4.90195733E-02
     -0.0125452      -0.0053022      -0.0743518       1.73404549E-02 -1.20397582E-02  4.52177790E-02
     -0.0432192       0.0465272       0.0410000       2.83824099E-02  8.91322234E-03 -1.91292495E-02
      0.0491201       0.0562120      -0.0118798      -1.81280819E-02 -9.19289617E-03 -4.37577026E-03
      0.0701656       0.0201187       0.0196403      -2.49919199E-02  5.92057383E-03 -2.44964405E-02
      0.0536498       0.0377563      -0.0375484      -4.63195470E-03  1.23801615E-02  5.43604725E-03
     -0.0600520       0.0447069      -0.0104281       3.23552781E-02  1.25234470E-02 -2.17187577E-03
      0.0666748      -0.0107898       0.0339378      -3.10589174E-02  2.04384578E-02 -2.76965723E-02
     -0.0061863       0.0746877       0.0098582       8.07308897E-03 -2.43007114E-02 -2.82356592E-02
     -0.0252073       0.0705723      -0.0098918       3.04672039E-02  6.66114610E-03 -1.12930646E-02
      0.0351682       0.0541954      -0.0392398      -1.19820151E-02 -3.04817007E-02  4.27295008E-02
# Displacement: 36,  E_pot (hartree): -29718.644614978
     -0.0011539      -0.0748155      -0.0107243       1.26975454E-02  1.36299380E-02  1.61845193E-03
     -0.0442833      -0.0079543       0.0607405       8.51599652E-03 -3.40373662E-03 -2.21093919E-02
     -0.0495187       0.0463009       0.0334340       6.51789242E-03 -1.07888303E-02  1.03212956E-02
      0.0743101      -0.0130722      -0.0045642      -2.86136546E-02 -8.94930980E-03 -3.76256511E-04
     -0.0178231       0.0450364      -0.0580325       4.91769256E-03 -7.91101242E-03  9.41287744E-03
      0.0005229       0.0754466      -0.0046097      -1.12658319E-02 -1.38488562E-02  2.60386764E-03
     -0.0436261      -0.0227231       0.0573946       6.32866377E-03  9.02965511E-03  4.08974249E-03
      0.0057525      -0.0701691       0.0275121       1.14636645E-02  1.42807232E-02 -1.05786466E-02
      0.0133675      -0.0580345      -0.0465513       7.73942377E-03  1.01710215E-02  3.68764228E-03
     -0.0310577      -0.0676760      -0.0130030      -2.06434859E-04  2.05402752E-02 -2.93682084E-03
     -0.0287214       0.0643403       0.0273696       1.17801490E-02 -8.69787177E-03 -2.22005466E-03
     -0.0414977      -0.0630907      -0.0033464       1.81841860E-02  9.95707939E-03  1.10706672E-02
      0.0372629      -0.0637086       0.0163215       3.93291247E-03 -2.42930929E-03  4.30568207E-03
     -0.0370875      -0.0547575       0.0366035       8.93992995E-03  1.17848528E-02 -2.71002351E-03
      0.0093658       0.0481550       0.0575073       6.09822455E-03 -2.00564808E-02 -7.57516100E-03
      0.0383993       0.0626813       0.0176139      -1.50475592E-02 -2.01673875E-03  1.81836358E-03
      0.0567954      -0.0296717       0.0400946      -1.63894009E-02  1.67935854E-04 -3.57275638E-03
     -0.0242990      -0.0507874      -0.0504372      -5.01309843E-04  1.71554553E-02  4.69603727E-03
      0.0713206      -0.0104721      -0.0227463      -1.78067936E-02  8.67053165E-03 -5.93799092E-03
      0.0292377       0.0696756      -0.0020413      -9.02854914E-03 -6.27557545E-03  1.03248738E-02
     -0.0487505      -0.0409166       0.0407790       4.42699073E-04  9.28997050E-03 -4.81067307E-03
      0.0117944       0.0029063       0.0746067       9.13366966E-03  1.63525738E-03 -1.34359946E-02
      0.0043115       0.0752057      -0.0062636      -4.50033577E-03 -1.20578341E-02 -6.59961613E-03
      0.0434986       0.0545010       0.0291756      -1.71421983E-03 -1.09581052E-02  2.80893634E-03
     -0.0516504      -0.0084712      -0.0545361       1.33235139E-02 -2.40884996E-03  1.55529217E-02
     -0.0575983       0.0487416      -0.0045168       1.05021811E-02 -1.11563488E-02 -3.96939702E-03
      0.0285651       0.0288664       0.0637531      -7.84122671E-03 -1.06683678E-02 -1.47553743E-02
      0.0424020       0.0486593       0.0393451      -9.22983425E-03 -5.03584200E-03  2.03984787E-02
     -0.0545792      -0.0204306      -0.0481397       6.93924881E-03  8.07162006E-03  1.60949949E-03
     -0.0333260       0.0307571       0.0604738       1.33888408E-03  4.61219670E-03 -1.98964956E-02
     -0.0697212      -0.0264074      -0.0124628       1.50221343E-02 -2.92818004E-03 -6.58968973E-03
     -0.0362951       0.0121452       0.0651833       4.65658888E-03 -7.87814102E-03 -1.82224347E-02
     -0.0619454       0.0427587       0.0069409       1.18942498E-02 -9.75445006E-03  8.20250236E-03
     -0.0341871       0.0049370      -0.0672352       8.73247769E-03 -1.67779585E-04  5.52564813E-02
      0.0437758      -0.0514422       0.0339272      -1.23581876E-02  9.26321153E-03 -2.74929936E-02
      0.0085142       0.0309173       0.0684495       8.64197400E-04 -1.23582448E-02 -1.92118452E-02
     -0.0425939       0.0331820       0.0529001       8.70932399E-03 -1.63335153E-03 -5.27952149E-03
      0.0060927      -0.0737417       0.0154515      -1.53814618E-03  1.65476662E-02  4.60566675E-03
     -0.0536840      -0.0460947       0.0265899       1.24522874E-02  1.57294044E-02 -8.08640280E-03
      0.0285174       0.0639817      -0.0284042      -1.11284239E-02 -1.29702926E-02  1.83929523E-02
     -0.0094722       0.0326737       0.0675011       5.33255373E-04 -2.68820156E-03 -2.90804684E-02
      0.0748495       0.0089383       0.0056004      -1.41168645E-02  8.52014912E-03 -1.08066653E-02
     -0.0470709      -0.0415649      -0.0420759       9.25677747E-03  4.83791963E-03  3.72255457E-02
      0.0698532       0.0281327       0.0065413      -8.72091733E-03 -1.75242759E-02 -1.80203121E-02
      0.0077743       0.0533591      -0.0529724       1.83993586E-03 -1.61646799E-02  3.64849992E-02
     -0.0154584      -0.0088006      -0.0734662      -1.03774100E-04  4.16929211E-03  3.41020279E-02
     -0.0228135       0.0578147       0.0430197       7.36017545E-03 -8.04467641E-03 -3.32882539E-02
      0.0692621      -0.0085594      -0.0290382      -3.62589786E-03 -3.70869676E-03  7.02018119E-03
     -0.0611547      -0.0267693       0.0354572       1.19601059E-02  4.90235413E-03  7.35715157E-03
      0.0379211      -0.0497740      -0.0424059      -6.67511177E-03  1.00426052E-02  9.80072484E-04
     -0.0618196      -0.0427569      -0.0079922       1.63440655E-02  1.27142890E-02 -6.10456001E-03
     -0.0110694       0.0058423      -0.0745455       4.36130919E-03 -2.80671271E-04  4.54130705E-02
      0.0573816       0.0349705       0.0346140       1.33719457E-03 -1.64963510E-02 -2.12662896E-02
     -0.0258573       0.0708119      -0.0055479       2.09525614E-03 -1.84030992E-02 -4.08196024E-03
      0.0456198       0.0527974       0.0290683      -5.19205467E-03 -5.55729604E-03  8.68906035E-03
      0.0611551      -0.0176947       0.0407511      -1.27902305E-02  1.75536254E-02 -9.78399264E-03
     -0.0022663       0.0692204      -0.0302837      -4.68503839E-03 -1.45306929E-02  3.69487094E-03
      0.0345894      -0.0671752       0.0021813      -1.22020441E-03  2.02918621E-02  5.45370035E-04
      0.0566259       0.0210991      -0.0454096      -1.27440176E-02  3.33856338E-03  1.18720403E-02
     -0.0429690      -0.0605324      -0.0142545       5.84295134E-03  3.68553913E-02  3.81731508E-03
     -0.0597248      -0.0463241      -0.0008663       1.70958985E-02  1.27772588E-03 -2.71147959E-04
      0.0743453       0.0134611       0.0022942      -1.18231897E-02 -8.80165749E-03 -3.10556515E-03
      0.0212196       0.0256890      -0.0678490       2.03737447E-04 -1.59992217E-02  1.72814116E-02
     -0.0691113      -0.0134051       0.0275252       1.65258936E-02 -7.60052015E-03  9.56337777E-03
      0.0172072      -0.0392246       0.0622820       3.68637139E-03 -1.30991124E-02 -1.98552830E-02
     -0.0126176       0.0123722       0.0734945       5.69994568E-03 -3.90047161E-03 -7.86068808E-03
      0.0111599       0.0706848      -0.0243483      -4.14941036E-03 -1.95861364E-02  7.67615413E-03
      0.0077744      -0.0706509       0.0257235      -5.13913734E-03  4.35686144E-02 -3.31546677E-03
     -0.0480143       0.0521883      -0.0261672       5.30601347E-03 -2.37096842E-03  8.49153068E-03
     -0.0411016      -0.0478011       0.0417064       3.89700045E-03  2.44370596E-02 -1.31465301E-02
      0.0372111      -0.0291450      -0.0589882      -7.10627945E-03  7.86894238E-03  6.90285539E-03
     -0.0062191       0.0752902      -0.0025286      -3.94058165E-03 -2.96316311E-02  5.61421903E-03
      0.0192431       0.0318695       0.0657855      -4.70657253E-03 -1.03770875E-02 -8.30777139E-03
     -0.0413135      -0.0129884       0.0619531       7.93107887E-03  5.24371667E-03 -1.34959450E-02
     -0.0503650      -0.0422119       0.0373528       1.06549868E-02 -8.83751844E-03 -8.02796945E-03
     -0.0537839      -0.0020286      -0.0530743       1.31638708E-02  8.98350496E-03  1.35003257E-02
     -0.0551460       0.0457926       0.0239928       7.27430924E-03 -1.99702983E-02 -1.54938685E-02
     -0.0698247      -0.0246223       0.0152296       1.94728332E-02  1.68628251E-03 -5.60827906E-03
     -0.0361863       0.0168335      -0.0641942       9.03167584E-03 -1.65985622E-02  1.03788053E-02
     -0.0079553      -0.0751189      -0.0027528       1.82458809E-03  3.42755701E-02 -2.96999224E-03
     -0.0079418      -0.0698606      -0.0277512       5.78097760E-03  2.71722141E-02  3.33629352E-03
     -0.0048215      -0.0696167       0.0290513      -9.24658561E-04  1.39539382E-02  4.90657231E-03
     -0.0659237      -0.0308830       0.0203472       9.46721612E-03  4.21043870E-03 -8.76459645E-03
      0.0275397      -0.0500698      -0.0494801      -7.93064702E-03  1.08623844E-02  1.99162439E-04
      0.0720034      -0.0172716       0.0151956      -2.73864957E-02 -5.91714237E-03  1.22604364E-03
     -0.0605532       0.0441715       0.0097928       1.70953043E-02 -9.05059701E-03 -4.46446262E-03
      0.0190249       0.0591433      -0.0430560       1.04972636E-02 -9.88823535E-03  9.46696142E-03
      0.0459297      -0.0394653       0.0452399      -1.47981468E-02  7.13095940E-03 -4.89034327E-03
      0.0654043       0.0372536      -0.0069394      -2.24970284E-02 -5.74546392E-03 -5.29716486E-03
      0.0635280      -0.0032056       0.0408366      -2.41481673E-02 -6.65844353E-03 -2.56520108E-03
      0.0343894      -0.0432129      -0.0516114      -7.24542637E-04  1.34906675E-02  1.78195411E-02
      0.0709285       0.0261139       0.0009590      -4.22968318E-02 -4.12552716E-03  1.41222902E-03
      0.0038413      -0.0463832       0.0595614      -4.29060934E-03  1.99524183E-02 -8.76081052E-03
      0.0066896       0.0441597      -0.0609827      -1.19830067E-02 -7.21365406E-03  1.66355241E-03
     -0.0119864       0.0649640       0.0367384       8.42222124E-04 -1.49459710E-02 -1.87779210E-03
     -0.0113487      -0.0149908      -0.0732132       7.53885129E-04  4.92233475E-03  2.15333560E-02
      0.0220597       0.0403739       0.0599752       4.81497132E-03 -1.56069554E-02 -5.38450640E-03
     -0.0181214       0.0594808       0.0429809       1.01391493E-02 -1.10212374E-02 -1.28074639E-02
     -0.0489728       0.0575788       0.0002066       1.95841322E-02 -1.45377580E-02  4.30347144E-03
     -0.0352269      -0.0315454      -0.0589718      -1.40816938E-03 -1.35356705E-03  1.19285274E-02
     -0.0643082       0.0047946       0.0394358       2.90026498E-02  1.17679946E-03 -1.48306680E-02
      0.0422076      -0.0602398      -0.0174181      -1.78408318E-02  9.58555991E-03  7.24650051E-03
      0.0066927       0.0611519       0.0439243       8.04080870E-03 -3.34970092E-03 -2.37180169E-03
     -0.0747856      -0.0093721      -0.0057439      -2.41392096E-03 -1.03129874E-03 -1.24463045E-03
      0.0690253      -0.0270303      -0.0147837      -2.48230784E-02  1.54844126E-02 -1.52568665E-03
      0.0432131      -0.0240896       0.0571489      -1.91657688E-02  6.13879718E-03 -6.70509941E-03
      0.0626584      -0.0375510      -0.0194304       2.36036012E-03 -2.50871661E-03 -2.42159418E-03
      0.0158156      -0.0440176      -0.0593802       1.35856586E-02 -5.87645679E-03  1.14103173E-02
     -0.0041899       0.0236247       0.0716799       6.90442071E-03 -3.90077930E-02 -4.60889701E-02
      0.0066580      -0.0716539       0.0231324       2.85764170E-02  2.47449930E-02 -7.66088745E-03
      0.0152269       0.0719999       0.0172581      -4.86403087E-04 -6.09474969E-02  2.34324450E-02
      0.0460672      -0.0453055      -0.0392292      -3.32736357E-03  2.59213649E-02  2.59521719E-02
      0.0394980      -0.0387215       0.0515194      -4.85581591E-03  1.17270766E-02 -1.52668326E-02
     -0.0151792      -0.0353384       0.0650731      -6.06947342E-03  2.69672341E-02 -3.79539037E-02
      0.0560271      -0.0357654       0.0359929      -3.13839766E-02  1.22574246E-02 -4.39949196E-02
      0.0036113       0.0669204      -0.0349619       1.66566156E-02 -4.05523650E-02  4.39246517E-02
     -0.0583122      -0.0479570       0.0036775       1.46630730E-02  1.89915325E-02  1.35254779E-03
      0.0021674       0.0140449       0.0742411      -5.59125299E-03  3.01143791E-04 -3.62988833E-02
      0.0617719       0.0420901       0.0112405      -8.40187359E-03 -3.60607009E-02  2.54062676E-02
      0.0360263       0.0567971       0.0344949      -8.46468414E-03 -3.96800725E-02 -5.63085834E-03
     -0.0123553       0.0618023      -0.0417317       1.52018668E-02 -1.60869792E-02  9.93109951E-03
      0.0174161      -0.0679127      -0.0282532       1.58195817E-02  1.45823825E-02  2.68858139E-02
     -0.0467010       0.0591438      -0.0058934       2.00270754E-02 -2.64871421E-02 -9.51153916E-03
     -0.0013403       0.0411668       0.0633814      -1.04017693E-02  1.41979106E-02 -3.49622740E-02
      0.0281322      -0.0688463      -0.0135075      -6.11524767E-03  3.95728184E-02  2.95455846E-02
     -0.0581248      -0.0380513       0.0297878      -4.50855399E-03  4.96856088E-02 -3.81779115E-02
      0.0386039      -0.0415440      -0.0499755      -2.19312224E-03  1.70057137E-02 -1.81122358E-02
      0.0549410      -0.0159908      -0.0493912      -2.69150003E-02  5.68433400E-03  4.87029514E-02
      0.0132011      -0.0246831      -0.0702152       3.38171014E-04  1.94754947E-02  1.77663199E-02
      0.0298802       0.0277349       0.0636526      -2.65059004E-02  3.57017506E-04 -4.88419380E-02
      0.0008198      -0.0113383      -0.0747293       3.61512545E-03 -8.04487393E-03  3.25777199E-02
      0.0187041       0.0668124      -0.0299993      -2.18887528E-02 -4.92518495E-02  2.23637552E-02
     -0.0533605       0.0525246       0.0103696       2.74523605E-02 -2.07814580E-02 -2.26386055E-02
      0.0441684      -0.0611963       0.0042269      -2.18602828E-02  1.39140590E-02  2.02887287E-02
     -0.0180612      -0.0733924      -0.0010225      -9.53570633E-03  3.96854962E-02 -2.65978078E-03
# Displacement: 37,  E_pot (hartree): -29718.646038515
     -0.0193782      -0.0440613       0.0582821      -4.99327974E-03  4.34599390E-04 -7.36319685E-03
     -0.0222736      -0.0634702      -0.0344838      -9.29661594E-04  1.60429126E-02  1.08319954E-02
      0.0102116      -0.0701043       0.0263594      -1.00838969E-02  1.07273329E-02 -5.20873796E-03
     -0.0453823      -0.0385738      -0.0465425       5.79253883E-03  1.40656550E-02  1.85268108E-02
     -0.0269590      -0.0130626       0.0693994       1.29993603E-02 -4.25457913E-03 -1.05636782E-02
     -0.0665234      -0.0226361      -0.0278559       1.13261019E-02  6.45275734E-03 -5.96468277E-03
     -0.0218728       0.0723515       0.0007278      -2.42915402E-03 -1.14092152E-02 -2.72003419E-03
      0.0613359       0.0200313      -0.0393747      -4.26881699E-03 -5.39257944E-03  1.59367663E-02
     -0.0383321      -0.0627971      -0.0173461       2.15091363E-02  2.57848043E-03 -1.54924735E-03
     -0.0557493      -0.0509011      -0.0038455       3.19267934E-02  9.98021326E-03 -8.36034414E-03
      0.0672236      -0.0281212       0.0200973       2.40796989E-03  1.38927821E-02 -2.54270116E-03
     -0.0415611       0.0486024      -0.0403010       2.32579731E-02 -1.00380240E-02  1.88729134E-02
      0.0386428       0.0175784      -0.0625415      -2.86227107E-03 -1.03695286E-02  2.33647317E-02
     -0.0384797      -0.0019668      -0.0650319       8.97228751E-03  5.13557339E-03  4.37629049E-03
     -0.0217269      -0.0306866      -0.0655742       2.23219463E-03  1.04356468E-02  6.57164299E-03
     -0.0310648       0.0418617      -0.0547381       1.72023423E-02  6.90550725E-05 -4.83705563E-03
      0.0424117       0.0625533       0.0014281      -1.19208118E-03 -2.98666531E-02  7.32404587E-03
     -0.0193947       0.0520020      -0.0513160      -1.48995462E-03 -1.18161819E-02  1.17300608E-02
     -0.0618842      -0.0113240       0.0419027      -5.77301717E-03 -5.24749100E-03 -1.19332148E-02
      0.0398781      -0.0535664       0.0354129      -7.62478530E-03  1.81536900E-02 -6.50879715E-03
      0.0696649      -0.0290235      -0.0042574      -1.69164331E-02  1.52014640E-02  9.05720740E-03
     -0.0655805       0.0007656       0.0375810       8.84224120E-03 -9.47544910E-03 -6.21129846E-03
     -0.0067118       0.0535133      -0.0529623      -1.06098295E-02 -2.35728822E-02  1.20206949E-02
      0.0289851       0.0026538       0.0697605       1.24925577E-03 -1.12529961E-02 -1.51342630E-02
      0.0575234      -0.0408802       0.0270846      -1.18229571E-02  1.47779727E-02 -5.99213454E-03
      0.0695759       0.0251828       0.0154502      -1.50279494E-02 -3.39410215E-03 -1.81038562E-02
     -0.0088419      -0.0139471      -0.0737632      -3.59007729E-04  3.28283296E-05  2.45853137E-02
      0.0497972      -0.0567094      -0.0042412      -1.02531774E-02 -1.05800103E-03  8.04224689E-03
      0.0432221       0.0613822      -0.0088189      -1.18104557E-02 -7.13090358E-03  1.66479313E-02
      0.0710205      -0.0133152      -0.0221920      -1.22992128E-02 -7.14959966E-04  4.46943887E-03
     -0.0533141       0.0422101       0.0330095       8.46692283E-03 -1.77188607E-03 -3.05514358E-02
     -0.0019326      -0.0753825      -0.0052398       1.44026521E-03  3.62136918E-03  1.22573960E-02
     -0.0174220       0.0375586       0.0632419       6.20170657E-04  9.16144900E-04 -8.06734297E-03
      0.0208903       0.0394143       0.0610232       4.30864889E-03 -1.01847265E-03 -2.45802117E-02
      0.0442977       0.0057915       0.0609742      -7.88380344E-03  3.16428993E-03 -1.83224829E-02
     -0.0150382      -0.0374618      -0.0639075      -2.66971689E-03  1.01418856E-02  3.25477295E-02
     -0.0234721      -0.0646278       0.0314010      -5.77606330E-04  1.29643245E-02  1.15323007E-02
      0.0519774      -0.0111246       0.0537428      -1.29139203E-02  7.43061489E-03 -1.13898775E-02
     -0.0594642      -0.0409419      -0.0223936       3.85367231E-04  1.21989592E-02 -7.81593496E-04
      0.0556732      -0.0171338      -0.0481728      -4.88556118E-03  2.61833046E-03 -1.13042474E-02
      0.0429068      -0.0088745      -0.0615952       1.91411830E-03  3.84071445E-03  4.58613533E-02
      0.0433333       0.0593854      -0.0175871      -1.22593567E-02 -1.16498854E-02  7.46222953E-03
      0.0138564      -0.0199459      -0.0715811      -3.14696364E-03 -1.45886182E-03  3.97448457E-02
      0.0648081       0.0017661       0.0388650      -1.24593545E-02 -7.15452512E-03 -4.02733762E-02
      0.0584666      -0.0424286       0.0222524      -7.88687253E-03  2.84578699E-03 -1.11312302E-03
     -0.0376434      -0.0654972      -0.0026080       7.72838069E-03  6.52728986E-03 -8.21458279E-03
     -0.0269967       0.0024464      -0.0705614       7.17514420E-03  3.99731371E-03  2.22510958E-02
      0.0437394       0.0059114       0.0613647      -1.10037505E-03  1.55782250E-04 -1.72630315E-02
      0.0262238      -0.0708847       0.0011723      -8.68257237E-03  1.05494689E-02  1.69857146E-02
      0.0447684      -0.0599377       0.0108153      -1.03872916E-02  1.65326249E-02 -2.45089659E-02
     -0.0246186      -0.0195628      -0.0687381       1.33336922E-02  4.84530125E-04  1.13333575E-02
      0.0321834       0.0678272       0.0087994       9.79713981E-04 -1.21218191E-02  3.46753331E-03
     -0.0406190       0.0506191      -0.0387494       8.47867398E-03 -1.81492792E-02  8.78260269E-03
     -0.0626407      -0.0031135       0.0421917       1.81131816E-02 -2.35848258E-03  1.70573504E-03
     -0.0374288       0.0656156      -0.0027181       5.19326384E-03 -3.05010831E-02 -2.64691204E-03
     -0.0031127       0.0318710       0.0684708      -4.45026338E-04 -1.24621576E-02 -5.70161674E-03
      0.0403708      -0.0167678      -0.0616663      -1.32105355E-02  2.27318138E-02  1.00450514E-02
     -0.0724130      -0.0210387       0.0052385       3.70585272E-03  1.37318871E-02 -2.47641159E-03
     -0.0555821      -0.0257528      -0.0442846       7.23687130E-03 -7.86300711E-03  1.30428118E-03
     -0.0560999       0.0345578       0.0370443       7.12197808E-03 -9.10239453E-03  6.15993565E-03
      0.0173242       0.0457861       0.0575950      -2.60406745E-03  1.05521785E-02 -5.72419937E-03
     -0.0288705      -0.0687333       0.0124881       8.32667226E-03  2.80310468E-02  4.07266863E-04
     -0.0204126       0.0699432      -0.0201237      -2.29016188E-04 -2.79305665E-02  3.51662533E-03
     -0.0289982       0.0669649       0.0197106      -3.16813241E-03 -2.78550290E-02  7.14589450E-04
      0.0113169       0.0548565      -0.0507582      -9.67557387E-03 -2.52955325E-02  8.69915030E-03
     -0.0683486      -0.0235767      -0.0220522       7.03555922E-03  4.91496891E-03 -1.35404972E-03
     -0.0406496      -0.0625558      -0.0121688       8.36323538E-03  2.31902195E-02 -4.23225003E-03
      0.0623779       0.0422732      -0.0059742      -1.77269199E-02 -1.56440023E-02  3.14370585E-03
      0.0755222       0.0030050       0.0010317      -1.13536282E-02  2.20396897E-02  1.08510510E-03
     -0.0699570      -0.0180385       0.0222335       1.99039292E-03  8.23184329E-03 -3.94765226E-03
     -0.0148575      -0.0500345      -0.0546764       2.78949047E-03  3.91853872E-02  5.59972882E-03
      0.0035953       0.0754765       0.0020158      -1.72524192E-03 -3.10077129E-02 -1.04722331E-02
     -0.0533069      -0.0216098      -0.0490417       1.49830847E-02 -6.14861120E-03  3.09971591E-03
      0.0247668      -0.0042550       0.0712896      -4.38146748E-03 -8.49821738E-03 -1.06207998E-02
      0.0177167      -0.0730184       0.0082547       6.24012036E-03  4.37396068E-02  2.48475330E-03
     -0.0493840      -0.0534265      -0.0205067       6.31463247E-04  1.97336290E-02  5.64254012E-04
      0.0452950       0.0593318      -0.0119090      -3.25857818E-03  5.70522570E-03 -4.19921563E-03
     -0.0416226       0.0630426      -0.0026262       8.40702372E-03 -2.63542022E-02  2.36132660E-03
     -0.0408004      -0.0390483      -0.0502422       1.56100726E-02 -5.23938841E-03  1.60578817E-02
      0.0690619       0.0206133      -0.0227871      -1.26493426E-02 -1.41729855E-03  9.63154539E-04
      0.0093934       0.0744050       0.0094531       3.13122804E-03 -2.24437399E-02 -6.76797087E-03
     -0.0748464       0.0055888      -0.0089711       1.22532806E-02 -6.10600345E-03 -2.15798243E-03
     -0.0378707      -0.0568548       0.0323581       9.96651366E-03  4.54026222E-03 -6.20686265E-03
     -0.0377917       0.0269804       0.0596453       1.47823824E-02 -3.30402998E-03 -2.86440362E-03
     -0.0446332      -0.0206679       0.0573970       7.43499141E-03  6.65330175E-03 -1.00285173E-02
      0.0608449       0.0371010      -0.0252016      -3.72795206E-02 -3.62176592E-03  6.10864502E-04
     -0.0134416      -0.0232325      -0.0706631       1.14283285E-02  6.56666678E-03  1.38827011E-02
      0.0259062       0.0568243       0.0425860       1.59124971E-02 -8.28002024E-03 -4.53440175E-03
      0.0539701       0.0527396       0.0044139      -1.45926409E-02 -6.31284591E-03  4.46703466E-03
     -0.0726027       0.0120304       0.0172577       2.28993520E-02  6.57511144E-04 -1.64918712E-03
      0.0280436       0.0580264       0.0394992      -3.36063636E-02 -8.73515367E-03 -4.12543298E-03
     -0.0412929      -0.0411997       0.0480747       3.30028996E-03  7.91180299E-03 -1.83137446E-03
      0.0726692      -0.0089824      -0.0187673      -4.46341098E-02  1.42324394E-02 -1.00274008E-03
      0.0251335      -0.0336833       0.0628286      -2.49610852E-02  5.47789472E-03 -1.36205960E-02
      0.0290810      -0.0117386       0.0687765      -1.01748017E-02 -2.34112714E-03 -1.05470864E-02
      0.0547054      -0.0109535      -0.0510005      -2.35749669E-02 -1.71491579E-03  1.15951972E-02
      0.0697294       0.0281689       0.0076187      -4.51847714E-02 -1.59735935E-03  1.07051315E-03
     -0.0690669       0.0114762       0.0284912       1.75620395E-02 -6.02752364E-04 -5.08667200E-03
      0.0458462       0.0057544       0.0598225      -2.87178908E-02 -1.52463684E-03 -7.91660330E-03
     -0.0294425      -0.0646408      -0.0258541       9.33523558E-03  1.16412885E-02  1.97717795E-03
     -0.0567800       0.0440240      -0.0234867       1.11987266E-02 -1.44892717E-03  1.51258141E-03
     -0.0460964      -0.0081264       0.0593533       3.59583978E-02  3.61674061E-03 -2.50847798E-03
     -0.0542508       0.0183714      -0.0493261       2.38295304E-02 -7.87442983E-03  6.00331401E-03
     -0.0570510      -0.0245578      -0.0430791       4.33923766E-02  1.46227195E-02  2.95899940E-03
     -0.0064616       0.0587519       0.0471187      -6.59172635E-03 -2.46390960E-03 -1.44086519E-02
      0.0473680      -0.0495802      -0.0318082      -5.30290997E-03  2.91080045E-03  1.49101327E-02
     -0.0739689       0.0149580       0.0043101       1.05030244E-02 -1.22068758E-02 -2.85602936E-03
      0.0107780       0.0205686      -0.0719337       7.86196608E-03 -6.43992178E-03  2.22349784E-03
      0.0256317      -0.0622135       0.0344412       1.90964619E-02  3.36454138E-02  3.00946465E-05
      0.0111799      -0.0683262       0.0303356      -6.11709167E-03  2.92276635E-02 -1.56861431E-02
     -0.0484496       0.0134972       0.0564285       3.03125076E-02 -4.18685473E-03 -2.88143851E-02
     -0.0510251       0.0542926      -0.0127463       1.38862697E-02 -4.76418822E-02  2.72417261E-02
      0.0604353      -0.0453883       0.0010797      -6.09786981E-03  1.37258912E-02 -2.26282487E-03
      0.0362019      -0.0267933       0.0607062      -4.41127744E-03  1.90643101E-02 -3.36438638E-02
      0.0634424      -0.0221688       0.0346020      -1.05950647E-02  9.76969771E-03  5.96317270E-03
      0.0439364       0.0615022       0.0008800      -1.38887454E-02 -3.24862699E-02  1.91481543E-02
     -0.0186685       0.0608619      -0.0407557       1.99254870E-02 -2.92081717E-02 -1.72520517E-02
      0.0283122      -0.0252244       0.0653900      -2.58419027E-03 -9.43314499E-03 -1.95028280E-02
     -0.0550738       0.0146842       0.0496483       5.14674370E-02 -5.43898823E-03 -1.58121513E-02
     -0.0397155       0.0611583      -0.0199006       1.78845395E-02 -5.96282956E-02  1.06219863E-02
     -0.0063855      -0.0097815      -0.0746811      -8.02742205E-03 -3.85260563E-04  4.12829903E-02
      0.0630672      -0.0221968       0.0352639      -2.41389523E-02 -2.00294847E-02 -4.45014841E-02
      0.0500552      -0.0564049       0.0051638       9.58914245E-03  3.06943702E-02 -1.02966288E-02
     -0.0483041      -0.0566654      -0.0130167       5.02637871E-02  9.72897184E-03 -4.33622049E-02
      0.0445163      -0.0593400      -0.0145173       4.84267814E-03  2.15387964E-02  2.75324028E-02
      0.0201305      -0.0403284      -0.0606801       7.68991592E-03  2.51982652E-02  2.77575712E-02
      0.0311304       0.0022610      -0.0688441      -1.69393713E-02 -8.32723724E-03  3.15315316E-02
      0.0486729      -0.0199655      -0.0542774      -3.00972399E-02 -1.22529752E-02  1.94954842E-03
      0.0551720      -0.0091352       0.0508558      -5.17561856E-02 -2.04742620E-02 -5.14402602E-03
     -0.0202987      -0.0585409       0.0432969       2.28886741E-03  2.08718208E-02 -3.43623740E-02
      0.0021122       0.0054075      -0.0753658       2.17276924E-02 -3.32956385E-02  3.18909653E-02
      0.0610771      -0.0052728      -0.0442209      -1.54228837E-02 -4.20976611E-03  7.76562040E-03
      0.0642582       0.0396893       0.0030587      -5.16803192E-02 -5.36361841E-03 -1.48678689E-02
      0.0248554      -0.0576823       0.0420555       1.71951098E-02  3.42445497E-02 -2.65526535E-02
      0.0194294      -0.0642962       0.0346727      -3.28133460E-02  2.10771583E-02  4.48904362E-03
# Displacement: 38,  E_pot (hartree): -29718.646957314
     -0.0005626      -0.0752417       0.0072166      -2.67621645E-04  1.22690978E-02  2.70906086E-03
     -0.0622814      -0.0141838       0.0404171       2.61264574E-02  7.46107646E-03 -7.24364988E-03
     -0.0200997      -0.0305092       0.0661732      -5.22156978E-05  1.07294183E-02 -5.27996471E-03
     -0.0393631      -0.0163479      -0.0624258      -2.02107539E-04  3.13948730E-03  1.74038490E-02
     -0.0054128      -0.0470872      -0.0588830       4.19905434E-03  1.83176868E-03  6.81357807E-03
     -0.0347631       0.0610910      -0.0278051       5.88395376E-03 -2.03403515E-02 -1.20791730E-03
     -0.0486100       0.0552389       0.0173040       1.49534199E-02 -4.82537519E-03 -1.08456567E-03
      0.0344695       0.0064975      -0.0669578      -5.83319996E-03  3.34160024E-04  1.66054605E-02
      0.0119684      -0.0578895       0.0471091      -7.66200686E-03  1.81461967E-02 -1.31666939E-02
     -0.0448233      -0.0404537      -0.0454760       5.88225077E-03  1.14160158E-04  1.05243798E-02
      0.0232583      -0.0719178       0.0007637      -1.59702183E-02  1.68321988E-02 -1.82185270E-03
     -0.0608429       0.0299537      -0.0333858       1.86395126E-02 -2.46090829E-04  9.61824809E-03
     -0.0419227      -0.0341608       0.0528132       3.69151319E-03  5.85427107E-03 -1.08912242E-02
     -0.0466788       0.0576257      -0.0146312      -8.31743570E-03 -1.89968271E-02  1.55437653E-02
     -0.0449339       0.0587302       0.0156657      -3.04127439E-03 -9.25879459E-03 -6.64712934E-03
      0.0208969      -0.0262007       0.0677537      -1.04576863E-02  1.37408358E-02 -1.30820093E-02
     -0.0680539       0.0312725       0.0102171       1.28170674E-02 -3.15117966E-03  5.63633294E-03
     -0.0275882      -0.0049615      -0.0701995       1.30740841E-02  5.09044606E-03  4.22802822E-03
     -0.0281050       0.0607196      -0.0351702       5.54742092E-03 -8.08940063E-03  9.25910622E-03
      0.0500027      -0.0362381      -0.0435917      -1.14829494E-02  3.16206469E-03 -2.39565009E-03
     -0.0506177       0.0519843      -0.0211940       4.44283695E-04 -1.22659409E-02  1.57161444E-02
      0.0049476      -0.0737086      -0.0160079       7.31580199E-03  1.78671041E-02  4.37518594E-03
     -0.0432288      -0.0454175      -0.0422165       1.71000912E-02  2.15198927E-02 -8.32647890E-03
     -0.0395993      -0.0566909       0.0305245       1.19483648E-02  1.06794031E-02  1.53660235E-02
     -0.0666021      -0.0211140       0.0288457       6.78803493E-03  2.27759229E-03  6.44216442E-03
      0.0116677       0.0483132       0.0569507      -4.77167127E-03 -1.56071179E-02 -1.28548966E-02
     -0.0616649      -0.0327154      -0.0289976       9.67112745E-04  1.05891178E-02  8.36588996E-03
     -0.0588910      -0.0041170      -0.0472081       1.58538681E-02 -4.55765893E-03  9.65789581E-04
     -0.0121823      -0.0310872       0.0678150      -5.59323647E-04 -1.19716306E-03 -2.97747282E-03
     -0.0551908       0.0067858       0.0512020       1.24452035E-02  9.28193655E-04 -1.21937846E-02
     -0.0146869      -0.0034035      -0.0740703       1.03095259E-02  5.71977867E-03  3.57100835E-02
     -0.0012490       0.0641989      -0.0398829      -8.08087997E-03 -7.22251162E-03  2.11395072E-02
     -0.0408150       0.0572761      -0.0277001       7.61624118E-03 -1.32920176E-02 -9.65776846E-03
     -0.0686339       0.0050364      -0.0312687       9.39987603E-03 -8.38271951E-04  1.00537830E-02
      0.0106567       0.0626231      -0.0409695      -3.15995014E-03 -1.13928399E-02  4.50743625E-02
     -0.0333793      -0.0161629       0.0658657       1.31612496E-02  4.37616972E-03 -4.20595447E-02
      0.0604030      -0.0330459       0.0311955      -7.04901457E-03  3.42323120E-03  2.19365518E-02
     -0.0745505       0.0020024       0.0123253       1.78759319E-02  6.84308194E-03 -2.60915476E-02
      0.0674108      -0.0315944      -0.0130878      -1.76756668E-02  1.08908738E-02  6.21760884E-03
     -0.0145838       0.0573963      -0.0469753      -3.24703996E-04 -1.33822887E-02  1.50308670E-02
      0.0393655      -0.0613458      -0.0200189       1.66224738E-03  4.80533797E-03 -8.05254890E-04
      0.0484641       0.0171609      -0.0554115      -1.71702733E-02 -1.25404244E-03  3.03756080E-02
     -0.0522409      -0.0451185      -0.0308042       5.41765101E-03  8.04227235E-03  6.36495897E-02
     -0.0086199      -0.0724610       0.0197178      -6.86720069E-04  1.40490988E-02 -3.94939875E-02
     -0.0154348      -0.0227809       0.0704024      -1.15479327E-03  3.04567545E-03 -2.16129233E-02
      0.0599063      -0.0391157       0.0243909      -1.68784884E-02 -4.11833035E-05  1.60012038E-02
      0.0573922       0.0396509      -0.0291145      -1.54924044E-02 -9.92918036E-03 -1.37878101E-02
      0.0242278       0.0603067      -0.0385981      -5.78723120E-03 -1.27966429E-02  2.67400878E-02
     -0.0473293      -0.0051254      -0.0587142       3.57699307E-03  6.74657271E-03  2.03906333E-02
     -0.0371756      -0.0658135       0.0005055       8.39442299E-04  6.39866674E-03  3.97234319E-03
      0.0596049       0.0458669       0.0075631      -7.03844940E-03 -5.45085865E-03  2.40493297E-03
      0.0172876       0.0728773       0.0101864      -8.48568183E-03 -1.39645705E-02  2.04307946E-02
      0.0198197      -0.0669681      -0.0289162      -8.62959546E-03  8.71981574E-03  8.54027991E-03
      0.0182944       0.0256510       0.0687099      -1.35495668E-02 -4.47316835E-03 -3.79394123E-02
     -0.0326182       0.0675648      -0.0092062       1.07127565E-02 -1.24260261E-02 -1.44130512E-04
     -0.0585321      -0.0395056       0.0269630       1.46017790E-02  5.30865248E-03 -3.46612238E-03
     -0.0467277      -0.0350690      -0.0479625       6.92321213E-03 -2.32785212E-03  9.24731717E-03
     -0.0420271      -0.0371949       0.0506356       1.84147401E-02  3.48862128E-02 -1.07793610E-02
     -0.0303871      -0.0646214       0.0247871       2.51644234E-03  2.12058732E-02 -1.55023027E-03
     -0.0467647      -0.0481811      -0.0347181       1.94488175E-03  1.34433027E-02  6.95467043E-03
     -0.0203050       0.0495281      -0.0533702       4.13076357E-03 -2.11499256E-02  1.26725796E-02
      0.0507226       0.0296790       0.0475401      -9.02076236E-03 -1.27226364E-02 -9.24387071E-03
      0.0683960      -0.0134455       0.0292388      -1.00195096E-02  9.18995300E-04 -1.39228957E-02
      0.0256079      -0.0676839       0.0218364      -8.66663389E-03  2.12952837E-02  6.39643783E-03
      0.0682236      -0.0000597       0.0325460      -1.05513458E-02  8.49045535E-03 -8.41986894E-03
      0.0057189       0.0587014       0.0472774      -3.01542051E-03 -7.88462770E-03 -4.59338402E-03
     -0.0282514      -0.0622738       0.0322106      -5.32235577E-03  1.49829056E-02  6.99074116E-04
     -0.0530052       0.0514157       0.0161427       1.88691492E-02 -2.61018672E-02 -9.73330072E-03
     -0.0399718       0.0595687       0.0238233       1.58763581E-03 -1.97336209E-02 -1.80858029E-03
     -0.0536420       0.0491704       0.0204574       5.11627707E-03 -3.23228825E-02 -1.44672673E-03
     -0.0639672      -0.0333669      -0.0225512       9.57107679E-03  6.06321441E-03 -2.20123545E-03
     -0.0373646       0.0277748      -0.0595495       5.30201617E-04 -4.61723893E-03  1.15615671E-02
     -0.0677657      -0.0275763       0.0190013       2.20039935E-03  7.26689037E-03  4.10081760E-03
     -0.0124769      -0.0513246      -0.0540723      -8.78753753E-03  7.38049777E-03  1.04190262E-02
      0.0716084       0.0086156       0.0226213      -1.72442806E-02 -3.45673068E-02 -5.44987168E-03
     -0.0621280      -0.0170472       0.0395373       5.46181065E-03 -8.44030053E-03  1.78816868E-04
     -0.0502178      -0.0419530      -0.0378392      -3.68405288E-04  1.53706340E-03  1.37064619E-03
      0.0129496      -0.0637246       0.0385382      -7.25124689E-03  2.57300700E-02 -8.39349074E-03
      0.0271024       0.0526758      -0.0469513      -6.94443530E-03 -9.45481952E-03  1.43211314E-02
      0.0613799      -0.0277224      -0.0343176      -1.28759340E-02 -2.75048030E-03  3.68336255E-03
     -0.0381820      -0.0521849       0.0391481       2.24871436E-03  2.41163572E-02 -6.06579048E-03
     -0.0170744       0.0337841      -0.0654279      -1.76108784E-02 -6.17178914E-03  8.44707116E-03
      0.0744492      -0.0089461      -0.0095385      -2.77620710E-02 -6.08174835E-03  2.57026340E-03
     -0.0707665      -0.0048288       0.0261246       2.57370878E-02  2.10234960E-04 -4.54053024E-03
      0.0202992      -0.0237679       0.0688238      -1.65115750E-03  6.76288166E-03 -7.76468662E-03
      0.0361696       0.0580343      -0.0322100      -8.36834399E-03 -8.97432965E-03  3.55014399E-03
     -0.0562042       0.0205758      -0.0461673       1.80792818E-02  1.78846491E-04 -2.20117331E-03
      0.0008438      -0.0383226      -0.0651489      -1.61499197E-02  7.01056451E-03  1.68079914E-02
     -0.0053829       0.0365482      -0.0659467      -1.22959254E-02 -6.26470329E-03  1.08293494E-02
      0.0280814      -0.0044055       0.0700410      -1.12948513E-02 -1.12740805E-02 -1.34203954E-02
      0.0418803       0.0389288      -0.0494399       5.26196899E-03 -7.31943582E-03  6.90958331E-03
     -0.0504354       0.0526740       0.0198847       3.30189860E-02 -1.32454820E-02 -8.28290137E-03
     -0.0718997       0.0081321      -0.0218630       6.79196080E-03  1.89783053E-03  1.45327725E-02
      0.0226456       0.0570642       0.0440971      -9.25589101E-03 -1.37742354E-02 -9.78509290E-03
     -0.0292874      -0.0290740       0.0633297       1.03507110E-02  5.88410265E-05 -1.37721476E-02
     -0.0221545       0.0415118      -0.0591578      -4.22603805E-03 -7.83834052E-03  6.87035200E-03
     -0.0267584      -0.0691685      -0.0146081      -7.12446566E-03  1.41997973E-02  9.32584031E-03
     -0.0570141      -0.0089060      -0.0488238       1.57262529E-02  1.00959439E-02 -4.78778988E-04
      0.0312270       0.0643161      -0.0245363      -1.47297238E-02 -3.47784776E-03  5.06447492E-03
     -0.0348361       0.0332703      -0.0582516       3.70712029E-03 -8.46201852E-03  1.74299348E-02
      0.0349410      -0.0621511      -0.0251012      -2.05355838E-02  9.75961872E-03  4.77493507E-03
      0.0242374      -0.0185326       0.0691578      -2.79417051E-02  4.90534822E-03 -1.77657112E-02
      0.0012216      -0.0755738       0.0009046      -1.27624342E-02  1.36130527E-02 -2.80356914E-03
      0.0428796       0.0572521      -0.0244384      -1.30174426E-02 -1.10692246E-02  1.45065600E-03
     -0.0179652       0.0687483       0.0257804       4.31602754E-03 -9.99064673E-03 -6.64135809E-03
     -0.0575834      -0.0379250      -0.0309768       1.65679721E-02  1.46959500E-03  1.71036657E-02
     -0.0741767       0.0143478      -0.0023815       1.27225873E-02 -4.07588684E-03 -7.11738223E-03
     -0.0732797       0.0005756      -0.0185329       2.98947711E-02  2.31079578E-03  6.24149505E-03
      0.0261180      -0.0531669      -0.0469558      -3.04333955E-02 -1.10427692E-02  1.98062096E-02
      0.0007854      -0.0435238       0.0617962      -2.08773360E-02  3.12893480E-02 -1.13562802E-02
      0.0323281       0.0541288       0.0416973      -1.31681226E-02 -7.45029245E-03 -2.18767667E-02
      0.0647209      -0.0318849       0.0225443      -4.99403981E-02 -8.86206944E-03 -3.91699194E-02
     -0.0471263       0.0574571      -0.0138384       5.53854299E-03 -1.45647190E-02  1.59600637E-04
     -0.0363832       0.0489048      -0.0447022       9.17031766E-03  6.92493562E-03  2.53744083E-02
      0.0175532      -0.0735203      -0.0005808      -2.01715809E-03  1.56111842E-02 -2.75813065E-02
      0.0213341       0.0623829       0.0369722      -2.01572674E-02 -8.63980907E-03 -4.06215614E-02
      0.0297555       0.0176293      -0.0672124      -8.68783086E-03  6.98693589E-03  5.34635060E-02
     -0.0121059       0.0258334       0.0699984      -1.12143471E-03 -1.48475706E-02 -3.66221662E-02
      0.0543887       0.0439353      -0.0287272      -4.60052078E-02 -2.10374512E-02  2.14955148E-02
      0.0177594       0.0668624       0.0304586       7.13426572E-03 -1.83439356E-02 -8.12369291E-03
     -0.0747088      -0.0096304       0.0062895       5.02426197E-02  2.38536170E-02 -1.65224210E-03
      0.0350570      -0.0665569       0.0074085      -2.94336637E-02  3.55505878E-02 -1.42964738E-04
     -0.0481317       0.0577366       0.0079704       1.10089236E-02 -1.22450043E-03 -1.78492078E-02
      0.0139783       0.0188478       0.0718545       3.11316957E-03 -8.36894062E-03 -7.07000295E-02
      0.0226990       0.0152126      -0.0704772      -1.16883737E-02 -1.54141825E-02  5.67288853E-02
     -0.0029372       0.0264407       0.0707530      -1.06403031E-02 -1.86924009E-03 -1.95796488E-02
     -0.0279527      -0.0116689       0.0692544       2.98382254E-02  1.96069402E-02 -4.90856804E-02
     -0.0705555       0.0084615      -0.0257685       5.21350312E-02  1.74272387E-02  1.30543516E-02
      0.0698550       0.0211529       0.0196607       1.66287730E-03  6.30371267E-03 -4.48691043E-03
      0.0259902       0.0704900       0.0083294      -1.10983661E-02 -2.84059555E-02 -1.24872421E-02
     -0.0571754       0.0173172       0.0463119       1.62641009E-02  1.01266523E-02 -3.00604859E-02
     -0.0125461       0.0658681       0.0348955      -1.50420592E-02 -1.91158064E-02  2.02323735E-03
      0.0180315       0.0028940       0.0733498      -6.14782457E-07  5.39354210E-03 -5.46696500E-02
     -0.0210555       0.0725961       0.0004303       3.58926866E-02 -2.30841017E-02  1.91871666E-03
     -0.0612169       0.0006502       0.0443370       1.23449788E-02  1.75632936E-02  1.37002309E-02
# Displacement: 39,  E_pot (hartree): -29718.643278201
     -0.0564561       0.0445717      -0.0232331       4.95708992E-03 -1.39919620E-02  1.62079740E-02
     -0.0478606       0.0101642       0.0576173       1.25719410E-02 -1.45047179E-02 -1.73481813E-02
     -0.0680315       0.0291924      -0.0152718       1.71744134E-02 -1.02460255E-02  6.49660870E-04
     -0.0209157       0.0410644      -0.0599162       2.76045498E-03 -7.24331470E-03  1.62138550E-02
      0.0530316      -0.0265704      -0.0468548      -1.99379150E-02  2.30472923E-02  1.36868800E-03
     -0.0556234      -0.0420912      -0.0291215       1.21923111E-02  1.29817421E-02  9.74238730E-03
      0.0716144      -0.0239103       0.0036583      -2.95969748E-02  9.95499442E-03  1.35063796E-02
     -0.0453408       0.0124065       0.0591944       7.62404571E-03 -1.06508243E-02 -3.18620900E-02
      0.0650048      -0.0361008      -0.0135949      -1.83894493E-02  6.71793867E-03  1.68425767E-02
     -0.0287864       0.0285185       0.0638102       9.30573730E-03 -9.00144951E-03 -9.70099766E-03
      0.0261912       0.0662983      -0.0251450       1.60397863E-03 -2.07656388E-02  1.00771045E-02
      0.0264854      -0.0388275       0.0592001      -1.59663010E-02  7.01752518E-03 -1.19581814E-02
      0.0166867      -0.0180808       0.0714727      -5.51069670E-03  3.82796334E-03 -1.49572951E-02
      0.0175889      -0.0299342      -0.0671438       9.19450459E-03  8.71948847E-03  1.69282963E-02
      0.0061048      -0.0209207      -0.0723793      -2.23261984E-03  3.49369816E-03  8.30860600E-03
     -0.0614803      -0.0267696       0.0348894       2.32424459E-02  2.44524419E-03 -6.99792744E-03
     -0.0748427      -0.0048366      -0.0094270       1.63550938E-02  1.76516298E-03  3.42264140E-03
     -0.0117821       0.0746294      -0.0023072       7.89336778E-03 -1.28837076E-02  5.22897759E-03
      0.0440573       0.0023363      -0.0613774      -6.77589617E-03 -6.45005570E-03  1.90135757E-02
      0.0022692       0.0212016       0.0725192      -8.53654799E-03 -1.54491037E-02 -2.02712384E-02
     -0.0595122      -0.0453207      -0.0108651       1.42616109E-02 -7.71209771E-05  2.46074969E-03
      0.0033992      -0.0739358       0.0153505       3.39240950E-03  4.53695812E-03  5.36852219E-03
     -0.0237800      -0.0715804       0.0049450       1.11554609E-03  2.18936010E-02 -1.92650079E-03
      0.0549008       0.0041108      -0.0517948      -1.37176859E-02  5.69883699E-03  2.76340806E-03
     -0.0689351      -0.0299665      -0.0079802       1.29932907E-02  1.66080406E-02  1.84238936E-03
      0.0654358      -0.0274332       0.0260629      -1.80538616E-02  4.15775968E-06 -2.87506934E-03
      0.0164752      -0.0282137      -0.0681635      -6.46529208E-03  1.11696992E-02  6.86601010E-03
      0.0178173       0.0691976       0.0246561      -2.61754035E-03 -7.90772510E-03  6.35434918E-03
     -0.0604654       0.0244357       0.0382169       4.71250725E-03 -4.18950307E-04 -1.97288846E-02
      0.0141429       0.0741416       0.0040849      -2.47821587E-03 -1.74072156E-02 -1.16866346E-02
     -0.0292320      -0.0664080      -0.0211939       1.12300569E-02  2.50931353E-03  8.87003807E-03
     -0.0511292      -0.0292075      -0.0473966       7.66122959E-03  4.38951638E-03  2.48943630E-02
     -0.0536236      -0.0419852       0.0327943       1.51706941E-02  3.49832099E-03 -8.92878576E-03
      0.0173004      -0.0601150       0.0424332       7.13231682E-04  1.00218197E-02 -1.46467618E-02
     -0.0616296      -0.0248561       0.0360232       5.82482904E-03 -3.18508676E-03 -1.99345243E-02
     -0.0540143      -0.0361242       0.0386162       1.80934708E-02  5.96690063E-03  9.46547733E-03
      0.0634854      -0.0078408      -0.0402718      -1.56443594E-02 -5.58194904E-04  1.75191370E-02
      0.0450865       0.0375045      -0.0476899      -2.11259569E-03 -2.57280885E-03  1.46915278E-02
     -0.0613713       0.0436680      -0.0063530       1.41526226E-02 -6.34694558E-03 -1.46376335E-03
      0.0641793       0.0130586      -0.0377384      -8.33330332E-03 -3.74318664E-03 -4.67864050E-03
     -0.0468954      -0.0590181       0.0056021       4.11323154E-03  7.71864303E-03  1.69085553E-03
      0.0376894      -0.0447043       0.0479034       3.11274529E-04 -1.41279229E-04 -1.27744727E-02
      0.0081953      -0.0680489      -0.0318727      -5.25631078E-03  1.45030808E-02  1.02672934E-02
      0.0259135       0.0531399       0.0470993      -4.12433638E-03 -8.48688612E-03  4.97764075E-03
      0.0725331      -0.0210602       0.0030197      -1.31727298E-02  8.45636485E-03 -1.32296430E-02
      0.0374169      -0.0164484      -0.0635856      -5.96616114E-03  1.27555957E-04  5.65356737E-02
      0.0670541       0.0343207      -0.0062886      -1.65282357E-02 -6.33461711E-03  7.41470859E-03
     -0.0201774       0.0635250       0.0356530       3.06516846E-03 -9.05788091E-03 -2.46152713E-02
      0.0203864       0.0297522       0.0664298      -6.10170820E-03 -1.16094488E-02 -4.53223735E-02
     -0.0455561       0.0023869      -0.0602715       9.02516155E-03  1.45634015E-03  6.09977141E-02
     -0.0652835       0.0159753      -0.0345912       1.87882900E-03 -8.41466319E-03  2.37521655E-02
      0.0631170       0.0092854      -0.0405430      -9.55463862E-03  1.73183051E-03  5.43507966E-02
     -0.0135221      -0.0237913      -0.0704616       1.12293471E-02  1.23217428E-03  1.19562997E-02
     -0.0085722       0.0238083       0.0712277      -5.13992580E-03  5.67176399E-03 -5.12329182E-02
     -0.0127609      -0.0292534       0.0685207       1.01005455E-02  2.96262671E-02 -4.08694399E-03
      0.0671094      -0.0347702       0.0010261      -1.54347585E-02  6.06623719E-03  4.99519651E-04
     -0.0228519      -0.0574524      -0.0434823       7.18811201E-03  2.11536248E-02  1.07115102E-02
     -0.0644214       0.0201053      -0.0340496       1.42744879E-02 -2.74495351E-02  6.64334949E-03
     -0.0343916       0.0383050      -0.0553503       3.28986965E-03 -2.51797005E-02  8.59942324E-03
      0.0218546      -0.0700751      -0.0180430      -5.61924586E-03  1.69511681E-02  4.26658806E-05
     -0.0605223      -0.0359160       0.0275827       1.95341573E-02  3.75074761E-03 -6.84886049E-03
      0.0153625      -0.0138170      -0.0727103      -6.48992944E-03 -2.97486144E-04  1.83930338E-02
     -0.0678770       0.0323894      -0.0075727       1.74931360E-02 -2.03123785E-02  5.24053666E-03
     -0.0671723       0.0321523       0.0129540       6.41564079E-04 -4.60503884E-03 -9.15388615E-03
     -0.0109207      -0.0500527       0.0555803       8.68349748E-03  2.77875536E-02 -5.60832274E-03
     -0.0495037      -0.0011702      -0.0571114       9.12813800E-03  1.24972466E-02  8.59254031E-03
     -0.0569785      -0.0460699       0.0185662       4.15991539E-03  1.76129980E-02 -6.18328969E-03
     -0.0082429       0.0750363       0.0039152      -3.59161180E-03 -2.41993022E-02 -2.86459726E-03
     -0.0582471       0.0178589       0.0447443       1.53702753E-02 -1.85966406E-02 -8.91775918E-03
      0.0045162       0.0556936      -0.0509071      -8.52005748E-03 -2.12704873E-02 -1.46475993E-03
     -0.0431935       0.0512663      -0.0349254       5.04078243E-03 -1.64548858E-02  1.42331888E-02
      0.0003376      -0.0742350      -0.0142396       2.29088814E-03  1.14370506E-03 -1.21095771E-03
     -0.0075862      -0.0751501       0.0029356      -9.64577704E-03  3.43953244E-02  4.01510613E-03
      0.0639293      -0.0302512      -0.0266762      -1.38650474E-02  1.26214011E-02  4.12287750E-03
      0.0568114      -0.0069761      -0.0493710      -7.97822130E-03  3.25279829E-03  2.45229774E-03
     -0.0704686      -0.0088109       0.0258888       7.27196097E-03  2.87886972E-03 -1.96239942E-03
     -0.0696542       0.0061260       0.0287134       9.69982594E-03 -3.64032254E-02  1.50899518E-03
     -0.0540312       0.0122565      -0.0514208       7.31708300E-03  2.26918318E-03  4.05454098E-03
     -0.0257355       0.0366027       0.0609230      -3.74834382E-03 -2.78718961E-02 -8.47080401E-03
     -0.0099386      -0.0637126      -0.0394416       1.03066446E-02  2.40623885E-02  9.62603401E-03
      0.0059582       0.0594589       0.0462908      -3.00423476E-03 -4.64098505E-03 -1.29676492E-02
     -0.0576684      -0.0392286      -0.0291407       2.48158063E-02  4.75821870E-03  1.10965153E-02
     -0.0552203      -0.0183460       0.0482478       1.27461365E-02  5.26098831E-03 -8.79877070E-03
     -0.0731067      -0.0178333       0.0071482       1.36889769E-02  3.14995188E-03 -5.09424719E-04
      0.0409390       0.0064614       0.0632135      -1.90038182E-02 -8.42803814E-03 -1.35206326E-02
     -0.0366670      -0.0549063      -0.0368039       2.28719385E-02  5.49442656E-03  1.29321149E-02
     -0.0193824       0.0534173       0.0498460       1.06367631E-02 -1.34263047E-02 -7.70229911E-03
     -0.0124345       0.0635076      -0.0390625       1.44672269E-02 -6.51111811E-03  6.19601940E-03
      0.0108818       0.0120870      -0.0738187       6.87827801E-03 -6.25371411E-03  1.22672539E-02
      0.0492937       0.0006690       0.0573009      -1.21508018E-02  3.32747442E-03 -8.65449849E-03
      0.0541272      -0.0150770      -0.0505634      -4.50108812E-02  3.28442720E-03  1.06077970E-02
     -0.0354283      -0.0659789       0.0102628       1.87406326E-03  1.40863523E-02  3.68547415E-04
      0.0398689      -0.0111215       0.0632496      -1.08950528E-02 -2.56036833E-03 -1.19309949E-02
      0.0558798      -0.0262626       0.0436054      -1.26248525E-02  1.15944846E-03 -8.21384324E-03
      0.0028311      -0.0060568      -0.0752928      -3.63852834E-03 -5.24201340E-04  1.08756894E-02
      0.0308348      -0.0303623       0.0619763      -2.81099720E-02  4.03535482E-03 -3.72384867E-03
     -0.0284218      -0.0399188       0.0575532      -7.87494366E-03  4.92535698E-03 -1.58031970E-02
      0.0735303      -0.0085951       0.0152688      -1.58983019E-02  1.61590399E-03  7.73738549E-03
      0.0685120      -0.0226498       0.0225125      -1.96778452E-02 -5.79548452E-04  1.62522044E-03
     -0.0653534      -0.0296422       0.0237484       1.70163773E-02  9.17617412E-04 -8.18114989E-03
     -0.0405232       0.0335488      -0.0542776       1.03784900E-02 -1.10786871E-02  1.12363853E-02
      0.0718697      -0.0026101      -0.0232728      -2.98813429E-02 -1.83628863E-03  1.45262806E-03
     -0.0200499      -0.0728429       0.0023706       8.00831923E-03  5.38157630E-03 -5.28983021E-03
      0.0521610      -0.0373194      -0.0400023      -1.87066825E-02  6.65416367E-03  1.27553246E-02
      0.0303064       0.0566068      -0.0398859      -1.09512295E-02 -1.39097895E-02 -3.51275049E-05
     -0.0499271      -0.0396193       0.0406361       5.06895990E-03  1.05510259E-02 -1.97926941E-03
      0.0297033      -0.0646522       0.0255244       7.51528449E-03  1.13893334E-02 -5.64065165E-03
     -0.0284648       0.0641666      -0.0280377       1.51950327E-02 -9.02708643E-04 -2.97576730E-03
      0.0133962      -0.0205429       0.0714998      -1.66336069E-02  2.40949292E-03 -4.56080016E-02
     -0.0428710       0.0570591      -0.0249006       2.26343172E-02 -1.68188880E-02  2.81420668E-02
      0.0615754      -0.0399170      -0.0181330       7.82835339E-04  1.31368576E-02  9.81812086E-03
      0.0654110      -0.0340816       0.0165390      -4.93961109E-02  1.63172937E-02  6.24229886E-03
     -0.0653603       0.0236268       0.0297241       4.62238367E-03 -7.23148262E-03 -4.22887329E-02
      0.0364710      -0.0189152       0.0634491      -5.15515557E-03 -9.70481516E-03 -1.67373831E-02
      0.0698296       0.0034266      -0.0287364      -5.42600521E-02 -1.45118264E-02  3.77682898E-02
     -0.0742899      -0.0130318       0.0049895       1.88040964E-02  2.27931646E-02 -1.07123127E-02
     -0.0171404      -0.0349255       0.0648084      -1.27196513E-02  1.03251960E-02 -2.43311682E-02
     -0.0243098      -0.0182932      -0.0691962       3.26351179E-02 -2.31013215E-02  2.53511961E-02
      0.0595052      -0.0464091       0.0043632      -2.75035916E-02  1.56554269E-02 -1.96214517E-02
      0.0311403       0.0660927       0.0193839      -2.00641492E-03 -9.98152636E-03 -6.04880157E-03
      0.0004078      -0.0634107      -0.0411415       1.06160730E-02  1.23085699E-02  1.90056014E-02
     -0.0754963      -0.0008003      -0.0036577       1.40452836E-02  2.28872341E-03 -1.25329929E-02
      0.0683463      -0.0295244      -0.0130687      -2.35998238E-02  3.21108956E-02  1.16774731E-02
     -0.0258331      -0.0702668      -0.0104368       3.11487325E-02  3.68543384E-03  7.22414989E-03
     -0.0598020       0.0268655       0.0376255       4.68890584E-03 -3.19170761E-02 -2.37844333E-02
      0.0024889       0.0643508      -0.0395788       7.43642459E-04 -1.84607696E-02  2.47292102E-02
      0.0089561      -0.0187177       0.0726852      -7.75075142E-03 -5.22771457E-03 -6.89349148E-02
     -0.0300966       0.0463391       0.0515807       1.65258074E-02  4.04224755E-03 -2.16269019E-02
      0.0750218       0.0091483      -0.0013229      -1.50777708E-02  8.03666802E-03  1.83683555E-02
     -0.0703237      -0.0262852      -0.0087955       2.96990030E-02  1.66528946E-02  4.69004282E-02
     -0.0063677       0.0343516       0.0670308      -1.88976440E-02 -6.90766719E-03 -8.22643465E-02
     -0.0656172      -0.0148872       0.0344450       2.28957454E-02  2.37960260E-02 -1.74874448E-02
     -0.0657317       0.0114571       0.0355214       2.51792850E-02 -9.89019489E-03 -5.28746217E-02
      0.0337125      -0.0234565      -0.0634584      -3.44357881E-02  4.11357092E-03  1.17580394E-02
      0.0038083       0.0666309      -0.0354899       1.77481832E-04 -4.24051429E-02  4.82716249E-02
# Displacement: 40,  E_pot (hartree): -29718.647453722
      0.0119048       0.0595682      -0.0449845      -3.23166957E-03 -1.19714878E-02 -1.74138540E-03
      0.0534563      -0.0296621       0.0444554      -2.91857177E-03 -9.91902255E-04 -2.22405464E-03
      0.0662474       0.0258188      -0.0256588      -1.47526310E-02  2.74837596E-03  9.91585813E-03
      0.0730509      -0.0146765       0.0127230      -2.62000096E-02  9.93111819E-03  8.19893758E-03
      0.0738469      -0.0156777      -0.0038134      -3.93423658E-03  1.33861599E-02 -5.04974191E-03
      0.0621614      -0.0020754       0.0429576      -9.58593289E-03 -9.57022171E-03 -6.74416790E-03
     -0.0717811      -0.0099842      -0.0214822       5.94298846E-03 -9.63463549E-04  1.48582643E-02
     -0.0227383       0.0501608      -0.0517742       5.60180821E-03 -7.36132314E-03  2.27716807E-03
     -0.0382285      -0.0302136      -0.0577877       3.22403088E-03  6.85641672E-03  4.79472560E-03
      0.0646136      -0.0218446      -0.0325823      -1.27744669E-02  1.45383147E-02  6.19451736E-03
      0.0577743      -0.0075574      -0.0481533      -1.75236804E-02 -1.22267728E-03  1.76008502E-02
      0.0695578      -0.0091340      -0.0281423      -1.63266163E-02  2.66940583E-03 -3.53252306E-03
     -0.0398138       0.0632658      -0.0112250       1.75942962E-02 -1.14214598E-02  2.13984956E-03
      0.0245561      -0.0254481      -0.0668065      -6.70667478E-03  8.72638583E-03  1.68971187E-02
     -0.0368014       0.0411578      -0.0516275       2.03104321E-02  1.00683811E-03  4.49914358E-04
     -0.0383653       0.0200626       0.0619621       1.09212113E-02 -1.11525607E-02 -4.88727562E-03
      0.0625665       0.0419348       0.0063724      -8.34953089E-03 -1.02592481E-02 -3.24968911E-03
     -0.0456358       0.0069705       0.0598538       1.39564485E-02 -1.15948248E-02 -2.74468485E-03
      0.0035211      -0.0096677      -0.0748854       4.05397593E-03  1.50696431E-02  1.32467096E-02
     -0.0125608       0.0426002      -0.0611651       5.66225544E-03 -2.59416756E-03  1.78567555E-02
     -0.0648653      -0.0341461       0.0184460       1.59424849E-02  1.22127467E-02 -1.52898379E-02
      0.0261434       0.0237008      -0.0668468      -3.29407770E-03 -1.00226194E-02  1.92299534E-02
     -0.0667506       0.0183473       0.0303554       4.94482511E-03 -6.11425166E-03 -9.41744013E-03
      0.0750351      -0.0078772       0.0046227      -2.92151810E-02 -2.40175210E-03 -6.25033943E-03
     -0.0245594       0.0459872       0.0547332       8.45684907E-03 -1.57488162E-02 -1.35423698E-03
     -0.0636445       0.0076850      -0.0400504       7.91474465E-03 -1.41486677E-03  5.47755017E-03
      0.0478422      -0.0375875       0.0448554      -1.21109719E-02  3.56538710E-03 -9.16868995E-03
      0.0207635       0.0669738       0.0282326      -1.40855614E-02 -1.77945112E-02 -2.15256365E-02
     -0.0293772      -0.0447739       0.0533477       6.20159042E-03  2.51730085E-03 -1.52118453E-02
     -0.0350091      -0.0392163       0.0543154       7.28145333E-03  9.29409468E-03 -3.62500717E-03
     -0.0586377      -0.0434281      -0.0197314       9.43281932E-03  1.02457967E-02  2.60992794E-03
      0.0741133      -0.0032364      -0.0145068      -1.88606892E-02  8.62437896E-03  1.98100381E-02
      0.0566265      -0.0477823      -0.0149662      -1.41735792E-02  3.16534290E-03  5.86599123E-03
      0.0613494      -0.0438888       0.0048699      -1.96869611E-03  5.67979499E-03 -2.52128268E-02
      0.0458301      -0.0320175      -0.0508742      -5.93007003E-03 -1.39667826E-03  5.28878314E-02
      0.0445490       0.0142653       0.0593766      -4.96450010E-03 -2.85922983E-03 -1.30031874E-02
      0.0589477      -0.0413780       0.0229510      -1.22216454E-02 -1.97220011E-03 -8.58003535E-03
      0.0371359       0.0584790       0.0302459      -9.11861888E-03 -1.78951720E-02  4.58035856E-03
     -0.0468213       0.0585360       0.0097468       5.25482657E-03 -1.57938062E-02 -2.05472140E-02
      0.0507341      -0.0040482       0.0558871      -9.22732392E-03  2.35093954E-03 -3.00503855E-02
     -0.0705133       0.0193320       0.0191795       1.17036554E-02  2.76492776E-03 -2.28782800E-03
     -0.0228601      -0.0283498       0.0662375       8.59089673E-03  5.33032683E-03 -1.02883728E-02
      0.0705111      -0.0209186       0.0174443      -6.37517722E-03  1.36995176E-02 -1.57519651E-02
     -0.0059023      -0.0266229      -0.0704989      -2.49267749E-03  2.94850374E-03  5.05823062E-02
     -0.0372705      -0.0382516      -0.0534923       9.89024936E-03  7.68065076E-03  2.17904219E-02
      0.0299641       0.0625247      -0.0301083       6.30614226E-03 -1.45828149E-02  6.13732063E-03
      0.0168645       0.0446817      -0.0585905      -2.61333992E-03 -6.23563594E-03  9.84087127E-03
     -0.0144415      -0.0692192      -0.0267182      -9.72991701E-04  8.56389964E-03  3.27233106E-03
      0.0658726       0.0339773      -0.0148344      -9.00847041E-03 -1.02364079E-02  1.90481795E-02
      0.0391071       0.0646805      -0.0008813      -2.04714948E-03 -1.17857473E-02  9.01181219E-03
     -0.0405786      -0.0124851       0.0625396       5.46764598E-03  1.54050680E-03 -4.51482161E-02
     -0.0555189      -0.0478844      -0.0183963       1.96968565E-03  1.61327983E-02 -1.09625088E-02
      0.0164752       0.0504406       0.0538332       4.21839305E-03 -7.72393989E-03 -6.46156147E-03
      0.0063373      -0.0699655      -0.0278992      -5.05489041E-03  9.85654138E-03  5.11071697E-03
      0.0054928      -0.0492699       0.0570614      -2.15089802E-03  1.24261066E-02 -8.32507077E-03
      0.0278466      -0.0701564      -0.0040422      -2.47217816E-03  2.28610216E-02  4.86758027E-03
     -0.0707211       0.0077612       0.0255344       1.69401067E-02 -1.46470864E-02  1.24945450E-03
     -0.0059796       0.0418934       0.0626330      -6.45027703E-04 -2.89963399E-02 -1.78486851E-02
      0.0720186      -0.0229558       0.0002105      -1.21845676E-02 -1.50907725E-02  1.15221788E-02
     -0.0019075       0.0310461      -0.0688927      -8.40849398E-03 -1.61199334E-02  1.45541322E-02
     -0.0548062      -0.0518715      -0.0043997       1.31349004E-02  2.28451965E-02 -8.10246869E-03
      0.0438998      -0.0019672      -0.0615032      -1.18410836E-02 -8.77964678E-03  1.55848118E-02
     -0.0440606      -0.0455210       0.0412337      -3.92605870E-03  1.76339567E-02 -4.18800868E-03
     -0.0121290       0.0311730      -0.0677853       2.27046471E-03 -3.91182397E-03  4.20750366E-03
     -0.0674557       0.0039548      -0.0338790       8.47577975E-03 -2.44145550E-03  1.13837096E-02
      0.0248793      -0.0090622       0.0707998      -5.96785530E-03 -1.33346155E-02 -1.03225725E-02
     -0.0607022      -0.0349949       0.0283601      -9.42254562E-04  1.03120408E-02 -9.11185864E-04
     -0.0321441       0.0640908      -0.0239339       4.52581107E-03 -1.65983932E-02  3.89188184E-03
      0.0019295      -0.0745678      -0.0122313       6.95014156E-03  2.27065530E-02  2.78770994E-03
     -0.0004593       0.0706668       0.0268269       3.28788269E-04 -4.93316301E-03 -9.60753576E-03
      0.0088017      -0.0742210      -0.0112908      -3.46254057E-04  2.46672727E-02  2.74265290E-03
     -0.0702555      -0.0152996      -0.0233194       1.19924689E-02  6.78109010E-03  9.05073431E-03
     -0.0425825      -0.0170860      -0.0600708       4.55458858E-03 -6.01268313E-03  5.92738513E-03
      0.0685861       0.0298134       0.0109920      -6.69258577E-03 -2.28545964E-02 -4.92197891E-03
      0.0038599       0.0754778      -0.0013815      -5.09925103E-03 -2.96955808E-02 -2.45970031E-03
     -0.0413158      -0.0271169      -0.0571960       1.42999633E-02  3.85483957E-04  4.88832089E-03
      0.0078648      -0.0641140       0.0392587      -5.30610689E-03  3.26679546E-02 -4.90367135E-03
      0.0127208      -0.0423777      -0.0612863      -1.17886583E-03  1.85068407E-02  5.05419906E-03
      0.0652938      -0.0349585       0.0151107      -1.65081474E-02  1.53048713E-02 -4.90913985E-03
     -0.0246806       0.0143523      -0.0699898       8.65525252E-03  5.38902964E-03  2.03754450E-02
      0.0395990      -0.0553370      -0.0329159       9.38162932E-04  9.23967515E-03 -9.00165871E-04
     -0.0135524       0.0203058      -0.0715382       1.19551622E-02 -9.33024758E-03  5.20416520E-03
     -0.0283774       0.0641647       0.0281303       2.80022240E-02 -1.02721838E-02 -3.10087232E-03
     -0.0018376      -0.0724286      -0.0215505       1.58279775E-02  1.69561813E-02  6.28482146E-03
      0.0406897       0.0605317      -0.0198485      -1.35414810E-02 -1.13062712E-02 -4.21146962E-03
     -0.0161020      -0.0660500      -0.0330428      -8.47846967E-04  7.42984983E-03  1.42577049E-02
     -0.0518197      -0.0441200       0.0328915       1.41366849E-02  2.24067662E-03 -5.39404811E-03
      0.0162185       0.0615698       0.0407410      -7.69652714E-03 -3.34703092E-03 -6.28537181E-03
      0.0589576       0.0395716      -0.0259190      -1.49862203E-02 -9.40366227E-03  1.06284931E-02
     -0.0501258      -0.0033316       0.0564802       1.40414336E-02 -1.36890987E-03 -9.33439320E-03
     -0.0663552      -0.0340988       0.0121637       7.94346482E-03 -2.59844003E-03 -1.54582861E-03
      0.0559487      -0.0365554      -0.0353153      -1.88268381E-02 -1.24295694E-03  1.08673140E-02
      0.0058373       0.0737646      -0.0154400      -1.52151931E-02 -1.83759320E-02  2.33519701E-03
      0.0332675       0.0565719       0.0375047      -2.70508926E-03 -3.84913281E-03 -7.10929008E-03
     -0.0314450      -0.0225234      -0.0649431      -7.20929174E-03  1.08054335E-02  7.73704339E-03
     -0.0104070      -0.0438242       0.0607029      -2.41410430E-03  5.46741737E-03 -2.28509529E-03
      0.0694584       0.0289067      -0.0073248      -1.57155250E-02  2.93050751E-03 -4.53565386E-03
      0.0641090      -0.0372717      -0.0146480      -4.84503648E-03 -3.78196713E-04  6.29025742E-03
     -0.0231601      -0.0044314       0.0718170      -7.18126231E-03  4.44471674E-03 -9.77637979E-03
      0.0166070       0.0715279       0.0179349      -1.22708422E-02 -1.88191021E-02 -3.75721106E-03
     -0.0543860      -0.0489144      -0.0190595       1.77325332E-02  4.23557917E-03  5.66608454E-04
     -0.0112643       0.0166417      -0.0728688       3.20551171E-03 -8.74923643E-03  8.00607023E-03
     -0.0656397      -0.0213835       0.0307877       1.10892398E-02  6.32071789E-03 -3.34371509E-03
      0.0015449       0.0136414      -0.0743319       2.39703142E-02 -4.10019398E-03  1.78038607E-02
      0.0194001       0.0665168      -0.0302133      -1.10105641E-02 -1.07245248E-02  4.93456085E-03
     -0.0616909       0.0237556      -0.0366555       2.18911053E-02  4.68081304E-03 -7.09255856E-03
     -0.0423459      -0.0084644       0.0620394       2.80774480E-02  5.02325866E-03 -6.72009699E-04
      0.0432946      -0.0019820      -0.0619301      -2.30228620E-02 -4.14511076E-04  1.10562885E-02
     -0.0614695       0.0033572      -0.0438629       3.55541664E-02  1.84079095E-02  3.47939809E-02
     -0.0662140       0.0028919       0.0363464       2.36812053E-02  1.59657561E-02 -1.68271862E-02
      0.0267669       0.0549843       0.0444292      -1.76452369E-02 -2.09924242E-02 -2.49411798E-02
      0.0351763       0.0668381      -0.0029992      -2.49855090E-02 -6.34262123E-03  2.49946313E-02
     -0.0058980       0.0661143       0.0361638       2.41722961E-02 -1.47707078E-02 -5.00763160E-02
     -0.0674601      -0.0097816       0.0326677       4.81520239E-02  6.82191158E-03 -8.70808623E-03
      0.0356624       0.0550727      -0.0375353      -1.70751232E-02 -1.04466421E-02  3.37784408E-02
     -0.0476192      -0.0216223       0.0545765       1.87575761E-02  7.51367010E-03 -6.33310288E-02
      0.0534141      -0.0176237       0.0504979      -3.31255351E-03  1.47571728E-02  4.87717450E-03
     -0.0379390      -0.0561572       0.0334770       2.39066092E-02  3.37698120E-02 -2.51492730E-02
     -0.0530818      -0.0536454       0.0042663       1.28342232E-02  2.35928017E-02 -6.61322000E-03
     -0.0265690      -0.0393663      -0.0588055       3.19729958E-03  5.73962400E-02  2.83136004E-02
     -0.0080921      -0.0594212      -0.0460147       7.24138490E-03  8.16636010E-03  3.51266221E-02
     -0.0049621       0.0698742      -0.0284021      -1.26193869E-02 -4.29060512E-02  5.51355210E-03
      0.0635782       0.0213846       0.0348457      -3.07223256E-02 -1.13023289E-02 -1.95780237E-02
      0.0001474       0.0750498      -0.0090122       2.92718043E-03 -4.55278927E-02  2.52967240E-02
     -0.0271440      -0.0648128       0.0278604      -5.84133784E-03  1.25826033E-02 -4.44960070E-02
      0.0527787       0.0313078       0.0441355       3.48438230E-04 -2.93874960E-02 -3.25954630E-02
      0.0724317      -0.0153410      -0.0152322      -4.67593152E-02  4.25952032E-02 -1.60539913E-03
      0.0074667       0.0660626      -0.0359677      -2.18986162E-02 -2.55080877E-02  1.07145733E-02
     -0.0732679      -0.0140546      -0.0121645       2.19640094E-02 -8.62294864E-04 -7.20667490E-03
     -0.0120241       0.0553062       0.0501033       1.59033542E-02 -2.15001445E-02 -3.36957780E-02
     -0.0097096      -0.0712913       0.0231729      -2.16473425E-03  2.80433389E-02 -3.58268745E-02
      0.0576118      -0.0136801      -0.0469834      -2.02144439E-02  3.30085590E-03  5.08477965E-02
     -0.0293240       0.0671045      -0.0187296       1.47978010E-02 -1.16184397E-02  1.37498078E-02
     -0.0350335       0.0352863       0.0569318      -1.33590271E-02 -4.49134958E-03 -2.28934587E-02
      0.0715682       0.0096190      -0.0223423      -1.42525047E-03  1.52896577E-04 -2.05456120E-03
