Date: 2026-03-25 17:13:28
Running on: nid002426
Temporary directory: /scratch/project_462000878/zeitzsab/rdm_disp9_180334
Executable: /project/project_462000878/jchem/crystal/23-1.0.1-gnu/install/bin/Pcrystal
Output: /users/zeitzsab/tetra_script_walkthrough/oldPyro_tetra/rdm/rdm_disp9.out
Input data rdm_disp9.d12
converted and standardized from ase Atoms() object for Ba27Ti27O81 in space group 1
EXTERNAL
ENDGEOM 
256 6 
INPUT 
10. 0 2 2 2 1 0 
9.526986 427.845816 0 
4.487510 204.417530 0 
8.315930 293.605864 0 
4.292217 294.193316 0 
5.916108 112.550402 0 
2.874842 181.782621 0 
3.589465 -33.473174 0 
0 0 3 2.0 1.0 
2.3961900000 -5.9554766710 
2.2433050000 6.6805648241 
0.71740200000 -0.57055347037 
0 0 1 2.0 1.0 
0.27420073547 1.0000000000 
0 1 1 0.0 1.0 
0.13 1.0 1.0 
0 2 4 6.0 1.0 
2.9267420000 0.79815276764 
2.5207180000 -1.0707548832 
0.67578180854 0.34940781448 
0.31985844531 0.65041110673 
0 3 2 0.0 1.0 
0.966315 -0.908938 
0.893828 0.947240 
0 3 1 0.0 1.0 
0.273195 0.322057 
22 12 
0 0 8 2.0 1.0 
211575.69025 .23318151011E-03 
31714.945058 .18079690851E-02 
7217.5476543 .93984311352E-02 
2042.9394247 .38156853618E-01 
665.12896208 .12374757197 
238.74942264 .29208551143 
92.508691001 .41226800855 
36.403919209 .21090534061 
0 0 4 2.0 1.0 
232.72624607 -.24920140738E-01 
71.791209711 -.11746490087 
11.158534615 .56503342318 
4.6548135416 .56211101812 
0 0 2 2.0 1.0 
6.8034629174 -.23011425503 
1.1201076403 .72103186735 
0 0 1 2.0 1.0 
0.48080118839 1.0000000000 
0 0 1 0.0 1.0 
0.24 1.0 
0 1 1 0.0 1.0 
0.12 1.0 1.0 
0 2 6 6.0 1.0 
1063.1474732 .24690839320E-02 
251.56507061 .19773345523E-01 
80.408554854 .90987976672E-01 
29.768193269 .25559900413 
11.736830556 .40489386764 
4.7142375230 .23693402558 
0 2 3 6.0 1.0 
17.796803704 -.27878639615E-01 
2.4272698680 .55672914668 
0.96823445537 1.0055447350 
0 2 1 0.0 1.0 
0.37056694165 1.0000000000 
0 3 4 2.0 1.0 
37.713384723 .11513835092E-01 
10.692931184 .67246343996E-01 
3.6728446990 .21484207775 
1.3588590303 .38890892779 
0 3 1 0.0 1.0 
0.54 1.0 
0 3 1 0.0 1.0 
0.22 1.0 
8 7 
0 0 6 2.0 1.0 
27032.382631 0.21726302465E-03 
4052.3871392 0.16838662199E-02 
922.32722710 0.87395616265E-02 
261.24070989 0.35239968808E-01 
85.354641351 0.11153519115 
31.035035245 0.25588953961 
0 0 2 2.0 1.0 
12.271113873 0.39768730901 
4.9159842006 0.24627849430 
0 0 1 0.0 1.0 
0.90086482370 1.0000000000 
0 1 1 0.0 1.0 
0.25000000000 1.0 1.0 
0 2 4 4.0 1.0 
75.300554155 0.60685103418E-02 
17.743733858 0.41912575824E-01 
5.5355828651 0.16153841088 
2.0685535103 0.35706951311 
0 2 1 0.0 1.0 
0.78238772422 1.0000000000 
0 3 1 0.0 1.0 
1.2000000000 1.0000000000 
99 0 
ENDBAS 
DFT 
PBE0 
ENDDFT 
SHRINK 
0 2 
2 2 2 
TOLINTEG 
8 8 8 8 16 
MAXCYCLE 
100 
FMIXING 
80 
EXCHSIZE 
30000000 
BIPOSIZE 
30000000 
GRADCAL 
ENDEXTERNAL geometry rdm_disp9.ext is available as /scratch/project_462000878/zeitzsab/rdm_disp9_180334/fort.34
 PROCESS            1  OF           32  WORKING
 PROCESS            3  OF           32  WORKING
 PROCESS            6  OF           32  WORKING
 PROCESS           25  OF           32  WORKING
 PROCESS            0  OF           32  WORKING
 PROCESS            4  OF           32  WORKING
 PROCESS           19  OF           32  WORKING
 PROCESS           24  OF           32  WORKING
 PROCESS           26  OF           32  WORKING

         
 *******************************************************************************
 *                                                                             *
 *                               CRYSTAL23                                     *
 *                      public : 1.0.1 - October 2022                          *
 *                       HTTP://WWW.CRYSTAL.UNITO.IT                           *
 *                                                                             *
 *                              MAIN AUTHORS                                   *
 *                                                                             *
 *  R. DOVESI(1,11), V.R. SAUNDERS(2), C. ROETTI(1,11), R. ORLANDO(1,11),      *
 *  C.M. ZICOVICH-WILSON(1,3), F. PASCALE(4), B. CIVALLERI(1,11),              *
 *  K. DOLL(5), N.M. HARRISON(6), I.J. BUSH(7), Ph. D'ARCO(8),                 *
 *  M. LLUNELL(9), M. CAUSA'(10), Y. NOEL(8), L. MASCHIO(1,11), A. ERBA(1,11)  *
 *  M. RE'RAT(14), S. CASASSA(1,11), B.G. SEARLE(2), J.K. DESMARAIS(1)         *
 *                                                                             *
 *        CONTRIBUTIONS TO THE CODE HAVE ALSO BEEN GIVEN BY                    *
 *                                                                             *
 *  M. FERRABONE(1,11), M. DE LA PIERRE(1,11), M. FERRERO(1,11),               *
 *  J. BAIMA(1,11), E. ALBANESE(1,11), M.F. PEINTINGER(12), R. BAST(13),       *
 *  B. KIRTMAN(15), V. LACIVITA(1,11), R. DEMICHELIS(1,16)                     *
 *  G. BRANDEBURG(17), S. SALUSTRO(1,11), G. SANSONE(1,11)                     *
 *  M.T. RUGGIERO(18), L.E. DAGA(1), L. DONA'(1), A. COSSARD(1)                *
 *                                                                             *
 * (1) THEORETICAL CHEMISTRY GROUP - UNIVERSITA' DI TORINO - TORINO (ITALY)    *
 * (2) SCIENTIFIC COMPUTING DEPARTMENT - STFC DARESBURY (UK)                   *
 * (3) UNIVERSIDAD AUTONOMA DEL ESTADO DE MORELOS - CUERNAVACA (MEXICO)        *
 * (4) UNIVERSITE' DE LORRAINE - NANCY (FRANCE)                                *
 * (5) UNIVERSITAET STUTTGART- STUTTGART (GERMANY)                             *
 * (6) IMPERIAL COLLEGE - LONDON (UK)                                          *
 * (7) SCIENTIFIC COMPUTING DEPARTMENT - STFC RAL (UK)                         *
 * (8) UPMC - SORBONNE UNIVERSITES - PARIS (FRANCE)                            *
 * (9) UNIVERSIDAD DE BARCELONA - BARCELONA (SPAIN)                            *
 *(10) UNIVERSITA' DI NAPOLI "FEDERICO II" - NAPOLI (ITALY)                    *
 *(11) NIS - NANOSTRUCTURED INTERFACES AND SURFACES - TORINO (ITALY)           *
 *(12) MPI FUER CHEMISCHE ENERGIEKONVERSION - MUELHEIM AN DER RUHR (GERMANY)   *
 *(13) UNIVERSITY OF TROMSO - TROMSO (NORWAY)                                  *
 *(14) UNIVERSITE' DE PAU ET DES PAYS DE L'ADOUR - PAU (FRANCE)                *
 *(15) UNIVERSITY OF CALIFORNIA SANTA BARBARA - SANTA BARBARA (USA)            *
 *(16) CURTIN UNIVERSITY - PERTH (AUSTRALIA)                                   *
 *(17) UNIVERSITY COLLEGE LONDON - LONDON (UK)                                 *
 *(18) UNIVERSITY OF VERMONT - BURLINGTON (USA)                                *
 *                                                                             *
 *******************************************************************************
 EEEEEEEEEE STARTING  DATE 25 03 2026 TIME 17:13:31.0
 converted and standardized from ase Atoms() object for Ba27Ti27O81 in space grou
 PROCESS           18  OF           32  WORKING
 PROCESS           20  OF           32  WORKING
 PROCESS           27  OF           32  WORKING
 PROCESS           17  OF           32  WORKING
 PROCESS           16  OF           32  WORKING
 PROCESS           23  OF           32  WORKING
 PROCESS           29  OF           32  WORKING
 PROCESS           22  OF           32  WORKING
 PROCESS            2  OF           32  WORKING
 PROCESS           10  OF           32  WORKING
 PROCESS           13  OF           32  WORKING
 PROCESS            8  OF           32  WORKING
 PROCESS           14  OF           32  WORKING
 PROCESS           30  OF           32  WORKING
 PROCESS            9  OF           32  WORKING
 PROCESS           15  OF           32  WORKING
 PROCESS           21  OF           32  WORKING
 PROCESS            5  OF           32  WORKING
 PROCESS            7  OF           32  WORKING
 PROCESS           11  OF           32  WORKING
 PROCESS           12  OF           32  WORKING
 PROCESS           28  OF           32  WORKING
 PROCESS           31  OF           32  WORKING
 filename=fort.34                        0           0

 GEOMETRY INPUT FROM EXTERNAL FILE (FORTRAN UNIT 34)
 3D - CRYSTAL 

 *******************************************************************************
 LATTICE PARAMETERS  (ANGSTROMS AND DEGREES) - PRIMITIVE CELL
       A          B          C        ALPHA      BETA     GAMMA        VOLUME
   11.90773   11.90773   12.27480    90.00000  90.00000  90.00000   1740.493702
 INFORMATION **** CHKGRP **** SPGR WITH NO INVERSION

 NUMBER OF IRREDUCIBLE ATOMS IN THE CELL:  135

 CARTESIAN COORDINATES (ANGSTROM) - IRREDUCIBLE ATOMS AND SYMMETRY RELATED

 AT.IRR.  AT  AT.N.          X                   Y                   Z
     1     1   256   -1.560161037623E-02 -1.308203976761E-02 -8.244133308739E-03
     2     2   256   -2.293227401449E-02 -2.369091738308E-02  4.095138611884E+00
     3     3   256   -1.243159584304E-02  3.733343774574E-02  8.216571605417E+00
     4     4   256    3.635215899838E-02  3.952621196932E+00  2.766654122325E-02
     5     5   256   -1.303049289992E-02  3.972085234243E+00  4.080073617436E+00
     6     6   256   -7.375153277409E-03  3.944822563443E+00  8.240192252106E+00
     7     7   256    3.905910728862E-02  7.935155460154E+00  1.823163174500E-02
     8     8   256    8.003838220674E-04  7.975918566771E+00  4.131869022862E+00
     9     9   256   -5.666530501230E-03  7.907475339991E+00  8.184765105893E+00
    10    10   256    3.933442999256E+00  1.645565195864E-02  1.929603484976E-02
    11    11   256    3.950455799775E+00  3.531273232680E-02  4.117821108605E+00
    12    12   256    3.947610964437E+00 -3.311061151503E-02  8.203409819553E+00
    13    13   256    3.953910620704E+00  3.987274586383E+00  5.843196442964E-02
    14    14   256    4.006576533498E+00  3.955571078873E+00  4.113385998019E+00
    15    15   256    3.961857174644E+00  3.981609678062E+00  8.172066835507E+00
    16    16   256    3.952351442326E+00  7.919965056238E+00  5.735519464296E-02
    17    17   256    3.978067844942E+00  7.972937793055E+00  4.099470740162E+00
    18    18   256    3.998190272162E+00  7.964100453245E+00  8.199079466468E+00
    19    19   256    7.953625265553E+00  6.549635927084E-03  6.262778222097E-02
    20    20   256    7.942410974612E+00  3.974126757203E-02  4.115494107652E+00
    21    21   256    7.951968818652E+00 -2.849233793845E-02  8.184756756885E+00
    22    22   256    7.940425827175E+00  4.008105885845E+00  3.546138980324E-02
    23    23   256    7.959059192695E+00  3.935226498708E+00  4.113353056705E+00
    24    24   256    7.954676306386E+00  3.975773082894E+00  8.245374222172E+00
    25    25   256    7.917113164683E+00  7.904856357595E+00  2.964340246867E-02
    26    26   256    7.967438450637E+00  7.915633616178E+00  4.133262462691E+00
    27    27   256    7.968307194667E+00  7.962394537226E+00  8.221188867174E+00
    28    28     8    2.021533215820E+00  1.969217467517E+00  3.960106862593E+00
    29    29     8    2.004055956587E+00  1.997021600248E+00  8.084914307249E+00
    30    30     8    1.956180429569E+00  2.010095443406E+00  1.215574764233E+01
    31    31     8    2.011050962032E+00  5.977426582447E+00  3.979239505715E+00
    32    32     8    1.954340744434E+00  5.933712477697E+00  8.035586338589E+00
    33    33     8    2.013523485792E+00  5.978823721473E+00  1.215573391684E+01
    34    34     8    1.967227808503E+00  9.890335163756E+00  3.975566032373E+00
    35    35     8    1.965557116555E+00  9.956391211044E+00  8.040869831403E+00
    36    36     8    2.005900538941E+00  9.889240198301E+00  1.214373159895E+01
    37    37     8    5.983560918098E+00  2.011407812607E+00  3.961505526288E+00
    38    38     8    5.980071172001E+00  2.012570965941E+00  8.040728104828E+00
    39    39     8    5.978841489578E+00  1.956504264261E+00  1.215744849450E+01
    40    40     8    5.984457237977E+00  5.978113989902E+00  3.951893332068E+00
    41    41     8    5.989721043520E+00  5.963826900023E+00  8.066896339777E+00
    42    42     8    5.979363992111E+00  5.976351281878E+00  1.212274495088E+01
    43    43     8    5.923609605175E+00  9.906079455723E+00  3.980487283082E+00
    44    44     8    5.949771200006E+00  9.931892056985E+00  8.013416377789E+00
    45    45     8    5.918766941380E+00  9.931477268956E+00  1.212656039536E+01
    46    46     8    9.884312527696E+00  1.976922454158E+00  3.954676524994E+00
    47    47     8    9.891098323762E+00  1.975087809194E+00  8.030218483637E+00
    48    48     8    9.940352645598E+00  1.949247640063E+00  1.213665688679E+01
    49    49     8    9.937573413010E+00  5.919175743646E+00  3.974315381336E+00
    50    50     8    9.936482759568E+00  5.989015072227E+00  8.038595296426E+00
    51    51     8    9.959513141823E+00  5.957464784632E+00  1.212763955451E+01
    52    52     8    9.886123554047E+00  9.913975966237E+00  3.972812238914E+00
    53    53     8    9.910846856185E+00  9.888215749299E+00  8.067454181471E+00
    54    54     8    9.924401023529E+00  9.941416341946E+00  1.210828156517E+01
    55    55     8    1.995601414990E+00  2.807692907290E-02  1.959485962328E+00
    56    56     8    1.966309935746E+00 -2.781823434342E-02  6.099528329442E+00
    57    57     8    1.964508588285E+00  2.227677355316E-02  1.014253056653E+01
    58    58     8    2.018378926414E+00  3.990697738652E+00  1.985291968827E+00
    59    59     8    1.955411208056E+00  3.945933183273E+00  6.091632792091E+00
    60    60     8    1.949281291042E+00  3.972482350199E+00  1.018742640064E+01
    61    61     8    1.968061719112E+00  7.904131182459E+00  1.997830103246E+00
    62    62     8    1.994686040856E+00  7.916222297361E+00  6.109043154167E+00
    63    63     8    1.947971355809E+00  7.944805121260E+00  1.015424793020E+01
    64    64     8    5.943206147982E+00  2.972547407888E-02  2.010326567918E+00
    65    65     8    5.963808907721E+00  2.679747065808E-02  6.105357082483E+00
    66    66     8    5.972979925040E+00 -1.316747806714E-02  1.020155027853E+01
    67    67     8    5.926337607028E+00  3.964168181048E+00  1.957202988553E+00
    68    68     8    5.958195581652E+00  3.963260887901E+00  6.116686455133E+00
    69    69     8    5.967660191143E+00  3.933513427892E+00  1.015743862613E+01
    70    70     8    5.916333860070E+00  7.930709876225E+00  1.997211848812E+00
    71    71     8    5.980333147317E+00  7.940655222514E+00  6.107287758874E+00
    72    72     8    5.975708808528E+00  7.905106481155E+00  1.016605005881E+01
    73    73     8    9.943812279108E+00 -3.338724649695E-02  1.993308385939E+00
    74    74     8    9.917705884150E+00  2.321160614602E-02  6.045249276335E+00
    75    75     8    9.956586419750E+00  1.370596959305E-02  1.015189837296E+01
    76    76     8    9.924436421556E+00  3.989529406396E+00  2.020224923182E+00
    77    77     8    9.958941119195E+00  3.976193568582E+00  6.061006437579E+00
    78    78     8    9.895895498708E+00  3.979086174728E+00  1.014136003807E+01
    79    79     8    9.905484410668E+00  7.929937124800E+00  1.950901800291E+00
    80    80     8    9.891562759628E+00  7.956904524226E+00  6.061077712284E+00
    81    81     8    9.917212920137E+00  7.978049487089E+00  1.016857493783E+01
    82    82     8    3.297356300467E-02  1.989114246223E+00  2.007969363868E+00
    83    83     8   -6.492865032108E-03  1.967908143076E+00  6.041618256149E+00
    84    84     8    3.912809116634E-02  1.991793040637E+00  1.017316454621E+01
    85    85     8   -3.192579457522E-02  5.963178517209E+00  2.008002344120E+00
    86    86     8    3.090273616699E-02  5.953099673188E+00  6.051988466832E+00
    87    87     8   -4.488910899467E-03  5.936276345286E+00  1.013332958290E+01
    88    88     8    3.975824992609E-02  9.918773985953E+00  1.985087830420E+00
    89    89     8    2.719832820935E-02  9.893812419136E+00  6.076013477158E+00
    90    90     8   -1.359566846388E-02  9.885779420026E+00  1.016433375419E+01
    91    91     8    3.995865531727E+00  2.010605362606E+00  1.971072261652E+00
    92    92     8    3.957930468936E+00  1.994966013128E+00  6.040428227139E+00
    93    93     8    3.945529593295E+00  2.010032517820E+00  1.014917565804E+01
    94    94     8    3.930895533244E+00  5.942729498119E+00  1.988085285677E+00
    95    95     8    3.996803742709E+00  5.982457127582E+00  6.072572344970E+00
    96    96     8    4.006879884657E+00  5.947037677345E+00  1.018067460184E+01
    97    97     8    3.959823501077E+00  9.934671244343E+00  2.022891656446E+00
    98    98     8    3.988479874303E+00  9.894305633824E+00  6.057367832396E+00
    99    99     8    3.999867454052E+00  9.940414800926E+00  1.018802004876E+01
   100   100     8    7.938020050006E+00  1.988550872732E+00  1.945971708255E+00
   101   101     8    7.932916142340E+00  2.015175520305E+00  6.052166219393E+00
   102   102     8    7.953699819250E+00  2.007572643042E+00  1.019798822489E+01
   103   103     8    7.899147851171E+00  5.951637871025E+00  1.978895816361E+00
   104   104     8    7.953643060431E+00  5.947325454445E+00  6.040938455105E+00
   105   105     8    7.908364570734E+00  5.963668740795E+00  1.019339514403E+01
   106   106     8    7.965224245551E+00  9.945331766697E+00  2.005560456329E+00
   107   107     8    7.907351687024E+00  9.942271946187E+00  6.093601895575E+00
   108   108     8    7.945818534665E+00  9.934238207003E+00  1.020668820964E+01
   109   109    22    1.950693829658E+00  1.977962127185E+00  2.127322146782E+00
   110   110    22    1.972381470305E+00  1.952514616099E+00  6.218557130254E+00
   111   111    22    1.993464123447E+00  1.977013400949E+00  1.036889310174E+01
   112   112    22    2.008682914506E+00  5.977192185382E+00  2.125594408168E+00
   113   113    22    1.982586972682E+00  5.920036611976E+00  6.260279266184E+00
   114   114    22    1.962271707305E+00  5.955898020950E+00  1.029752094065E+01
   115   115    22    1.974880488143E+00  9.934042843470E+00  2.184658144824E+00
   116   116    22    2.023319799772E+00  9.914930786621E+00  6.233068312653E+00
   117   117    22    1.951753443552E+00  9.908599008053E+00  1.031305192837E+01
   118   118    22    5.921795173304E+00  1.987605938773E+00  2.171152230397E+00
   119   119    22    5.982253181867E+00  1.957740647447E+00  6.230572642554E+00
   120   120    22    5.956042207024E+00  1.972967226050E+00  1.029242934107E+01
   121   121    22    5.977656513702E+00  5.924211535622E+00  2.135000058869E+00
   122   122    22    5.988595668656E+00  5.937167852853E+00  6.228307495752E+00
   123   123    22    5.932605387068E+00  5.941473150080E+00  1.036216541466E+01
   124   124    22    5.928629823133E+00  9.953805461010E+00  2.142857353654E+00
   125   125    22    5.982401379365E+00  9.898250120775E+00  6.251983305198E+00
   126   126    22    5.983499587152E+00  9.948396251006E+00  1.033971648796E+01
   127   127    22    9.884578829392E+00  1.994583823714E+00  2.151440481937E+00
   128   128    22    9.931500309292E+00  1.996842586086E+00  6.276185314752E+00
   129   129    22    9.955971022594E+00  1.965256605150E+00  1.031858251860E+01
   130   130    22    9.927027588371E+00  5.915558354165E+00  2.136611328591E+00
   131   131    22    9.952037856914E+00  5.978122764743E+00  6.225809573156E+00
   132   132    22    9.907612943374E+00  5.923887454117E+00  1.030915928202E+01
   133   133    22    9.931334078780E+00  9.959879880647E+00  2.134002589893E+00
   134   134    22    9.949163369809E+00  9.933620731193E+00  6.210558475914E+00
   135   135    22    9.908343414313E+00  9.953878907855E+00  1.035149446148E+01
 NUMBER OF SYMMETRY OPERATORS         :    1
 *******************************************************************************
 LATTICE PARAMETERS (ANGSTROMS AND DEGREES) - BOHR = 0.5291772083 ANGSTROM
 PRIMITIVE CELL - CENTRING CODE 1/0 VOLUME=  1740.493702 - DENSITY  6.022 g/cm^3
         A              B              C           ALPHA      BETA       GAMMA 
    11.90773305    11.90773305    12.27479580    90.000000  90.000000  90.000000
 *******************************************************************************
 ATOMS IN THE ASYMMETRIC UNIT  135 - ATOMS IN THE UNIT CELL:  135
     ATOM                 X/A                 Y/B                 Z/C    
 *******************************************************************************
      1 T 256 BA   -1.310208274801E-03 -1.098617151786E-03 -6.716309943616E-04
      2 T 256 BA   -1.925830375790E-03 -1.989540518216E-03  3.336217301378E-01
      3 T 256 BA   -1.043993494886E-03  3.135226292778E-03 -3.306143956042E-01
      4 T 256 BA    3.052819444788E-03  3.319373368831E-01  2.253930873803E-03
      5 T 256 BA   -1.094288295279E-03  3.335719080672E-01  3.323944189308E-01
      6 T 256 BA   -6.193582982118E-04  3.312824151229E-01 -3.286900746564E-01
      7 T 256 BA    3.280146365778E-03 -3.336132556185E-01  1.485290023725E-03
      8 T 256 BA    6.721546567316E-05 -3.301900090235E-01  3.366140740901E-01
      9 T 256 BA   -4.758697963278E-04 -3.359378055598E-01 -3.332055995674E-01
     10 T 256 BA    3.303267702375E-01  1.381929867720E-03  1.572004550150E-03
     11 T 256 BA    3.317554889069E-01  2.965529389895E-03  3.354696221183E-01
     12 T 256 BA    3.315165823639E-01 -2.780597396331E-03 -3.316866566894E-01
     13 T 256 BA    3.320456214547E-01  3.348474952907E-01  4.760320691415E-03
     14 T 256 BA    3.364684542956E-01  3.321850651390E-01  3.351083036362E-01
     15 T 256 BA    3.327129654325E-01  3.343717617236E-01 -3.342400990893E-01
     16 T 256 BA    3.319146831500E-01 -3.348889311692E-01  4.672598679235E-03
     17 T 256 BA    3.340743219753E-01 -3.304403315411E-01  3.339746588829E-01
     18 T 256 BA    3.357641841124E-01 -3.311824828618E-01 -3.320394408135E-01
     19 T 256 BA   -3.320621790767E-01  5.500321429430E-04  5.102144527811E-03
     20 T 256 BA   -3.330039444736E-01  3.337433532072E-03  3.352800465856E-01
     21 T 256 BA   -3.322012858986E-01 -2.392759211078E-03 -3.332062797423E-01
     22 T 256 BA   -3.331706552513E-01  3.365968878388E-01  2.888959652041E-03
     23 T 256 BA   -3.316058430874E-01  3.304765468107E-01  3.351056199815E-01
     24 T 256 BA   -3.319739136757E-01  3.338816100596E-01 -3.282679112127E-01
     25 T 256 BA   -3.351284302865E-01 -3.361577451894E-01  2.414981312249E-03
     26 T 256 BA   -3.309021610425E-01 -3.352526813508E-01  3.367275944982E-01
     27 T 256 BA   -3.308292047522E-01 -3.313257440529E-01 -3.302382376761E-01
     28 T   8 O     1.697664204707E-01  1.653729941080E-01  3.226209972954E-01
     29 T   8 O     1.682986970041E-01  1.677079585058E-01 -3.413402195050E-01
     30 T   8 O     1.642781561658E-01  1.688058873142E-01 -9.698585590358E-03
     31 T   8 O     1.688861308519E-01 -4.980214489737E-01  3.241796906890E-01
     32 T   8 O     1.641236611727E-01  4.983074824387E-01 -3.453588581418E-01
     33 T   8 O     1.690937710257E-01 -4.979041185784E-01 -9.699703775327E-03
     34 T   8 O     1.652059044524E-01 -1.694191394595E-01  3.238804210799E-01
     35 T   8 O     1.650656013451E-01 -1.638718159672E-01 -3.449284238681E-01
     36 T   8 O     1.684536032609E-01 -1.695110936081E-01 -1.067750561292E-02
     37 T   8 O    -4.975062933496E-01  1.689160988209E-01  3.227349432801E-01
     38 T   8 O    -4.977993588796E-01  1.690137793222E-01 -3.449399700134E-01
     39 T   8 O    -4.979026264300E-01  1.643053514926E-01 -9.560020990307E-03
     40 T   8 O    -4.974310212659E-01 -4.979637211550E-01  3.219518594410E-01
     41 T   8 O    -4.969889719253E-01 -4.991635372593E-01 -3.428081027811E-01
     42 T   8 O    -4.978587471684E-01 -4.981117516841E-01 -1.238724061844E-02
     43 T   8 O     4.974590528946E-01 -1.680969489215E-01  3.242813443040E-01
     44 T   8 O     4.996560785351E-01 -1.659292314262E-01 -3.471649949738E-01
     45 T   8 O     4.970523706341E-01 -1.659640649271E-01 -1.207640494013E-02
     46 T   8 O    -1.699249146590E-01  1.660200514957E-01  3.221785999074E-01
     47 T   8 O    -1.693550500141E-01  1.658659797714E-01 -3.457961652089E-01
     48 T   8 O    -1.652187193097E-01  1.636959471528E-01 -1.125386649705E-02
     49 T   8 O    -1.654521165966E-01  4.970867014563E-01  3.237785333534E-01
     50 T   8 O    -1.655437086265E-01 -4.970482587173E-01 -3.451137251158E-01
     51 T   8 O    -1.636096392149E-01 -4.996978216075E-01 -1.198848827178E-02
     52 T   8 O    -1.697728264031E-01 -1.674338075426E-01  3.236560757218E-01
     53 T   8 O    -1.676965872035E-01 -1.695971258527E-01 -3.427626566732E-01
     54 T   8 O    -1.665583212306E-01 -1.651293911106E-01 -1.356554011532E-02
     55 T   8 O     1.675886927101E-01  2.357873572997E-03  1.596349132202E-01
     56 T   8 O     1.651288223787E-01 -2.336148637748E-03  4.969148512794E-01
     57 T   8 O     1.649775469467E-01  1.870782075784E-03 -1.737108517498E-01
     58 T   8 O     1.695015262719E-01  3.351349683349E-01  1.617372705155E-01
     59 T   8 O     1.642135576810E-01  3.313756839109E-01  4.962716196135E-01
     60 T   8 O     1.636987731298E-01  3.336052574842E-01 -1.700532891443E-01
     61 T   8 O     1.652759354655E-01 -3.362186447017E-01  1.627587241203E-01
     62 T   8 O     1.675118204683E-01 -3.352032444697E-01  4.976900026449E-01
     63 T   8 O     1.635887660254E-01 -3.328028863344E-01 -1.727562644912E-01
     64 T   8 O     4.991047517631E-01  2.496316801364E-03  1.637767829847E-01
     65 T   8 O    -4.991650482356E-01  2.250425882539E-03  4.973897066771E-01
     66 T   8 O    -4.983948749976E-01 -1.105792178230E-03 -1.689026485860E-01
     67 T   8 O     4.976881478737E-01  3.329070415337E-01  1.594489244826E-01
     68 T   8 O    -4.996364499747E-01  3.328308479254E-01  4.983126851799E-01
     69 T   8 O    -4.988416211478E-01  3.303326847667E-01 -1.724963256715E-01
     70 T   8 O     4.968480427994E-01 -3.339865914928E-01  1.627083563224E-01
     71 T   8 O    -4.977773584438E-01 -3.331513908507E-01  4.975469945393E-01
     72 T   8 O    -4.981657059798E-01 -3.361367400527E-01 -1.717947716238E-01
     73 T   8 O    -1.649281826059E-01 -2.803828936772E-03  1.623903499836E-01
     74 T   8 O    -1.671205726139E-01  1.949288420269E-03  4.924928589309E-01
     75 T   8 O    -1.638554225273E-01  1.151014180071E-03 -1.729476776335E-01
     76 T   8 O    -1.665553485383E-01  3.350368529126E-01  1.645831797203E-01
     77 T   8 O    -1.636576771265E-01  3.339169220443E-01  4.937765594096E-01
     78 T   8 O    -1.689521878635E-01  3.341598403340E-01 -1.738062120698E-01
     79 T   8 O    -1.681469202345E-01 -3.340514864162E-01  1.589355808503E-01
     80 T   8 O    -1.693160471356E-01 -3.317867900787E-01  4.937823659994E-01
     81 T   8 O    -1.671619712589E-01 -3.300110563791E-01 -1.715890754102E-01
     82 T   8 O     2.769088193883E-03  1.670439064993E-01  1.635847468736E-01
     83 T   8 O    -5.452645776358E-04  1.652630382973E-01  4.921970478848E-01
     84 T   8 O     3.285939565663E-03  1.672688690848E-01 -1.712151703406E-01
     85 T   8 O    -2.681097606166E-03 -4.992179878260E-01  1.635874337005E-01
     86 T   8 O     2.595182142330E-03  4.999356005204E-01  4.930418856199E-01
     87 T   8 O    -3.769744317091E-04  4.985227935796E-01 -1.744604351869E-01
     88 T   8 O     3.338859693877E-03 -1.670308744490E-01  1.617206398187E-01
     89 T   8 O     2.284089515204E-03 -1.691271228879E-01  4.949991491637E-01
     90 T   8 O    -1.141751197041E-03 -1.698017264481E-01 -1.719345951003E-01
     91 T   8 O     3.355689546405E-01  1.688487098395E-01  1.605788229611E-01
     92 T   8 O     3.323832044535E-01  1.675353322711E-01  4.921000988985E-01
     93 T   8 O     3.313417908117E-01  1.688006028839E-01 -1.731694910932E-01
     94 T   8 O     3.301128364852E-01  4.990647231648E-01  1.619648357553E-01
     95 T   8 O     3.356477446989E-01 -4.975989886184E-01  4.947188078656E-01
     96 T   8 O     3.364939294350E-01  4.994265199239E-01 -1.706033430029E-01
     97 T   8 O     3.325421794769E-01 -1.656958379376E-01  1.648004324802E-01
     98 T   8 O     3.349487142141E-01 -1.690857031915E-01  4.934801304308E-01
     99 T   8 O     3.359050322389E-01 -1.652134995648E-01 -1.700049259671E-01
    100 T   8 O    -3.333726901103E-01  1.669965949339E-01  1.585339373429E-01
    101 T   8 O    -3.338013113806E-01  1.692325072996E-01  4.930563667212E-01
    102 T   8 O    -3.320559181288E-01  1.685940249595E-01 -1.691928410827E-01
    103 T   8 O    -3.366371400835E-01  4.998128397768E-01  1.612161903631E-01
    104 T   8 O    -3.320606846800E-01  4.994506871688E-01  4.921416660231E-01
    105 T   8 O    -3.358631288150E-01 -4.991768193195E-01 -1.695670290476E-01
    106 T   8 O    -3.310881078619E-01 -1.648005774956E-01  1.633884985956E-01
    107 T   8 O    -3.359481898174E-01 -1.650575382871E-01  4.964320380446E-01
    108 T   8 O    -3.327177808488E-01 -1.657322039981E-01 -1.684840728966E-01
    109 T  22 TI    1.638173967679E-01  1.661073622393E-01  1.733081495972E-01
    110 T  22 TI    1.656387040273E-01  1.639703046668E-01 -4.933881400900E-01
    111 T  22 TI    1.674092050163E-01  1.660276891199E-01 -1.552696052393E-01
    112 T  22 TI    1.686872644921E-01 -4.980411334144E-01  1.731673946192E-01
    113 T  22 TI    1.664957523281E-01  4.971589963529E-01 -4.899891315354E-01
    114 T  22 TI    1.647896958275E-01 -4.998293969187E-01 -1.610841346423E-01
    115 T  22 TI    1.658485691483E-01 -1.657486104402E-01  1.779791843726E-01
    116 T  22 TI    1.699164560774E-01 -1.673536226426E-01 -4.922059467048E-01
    117 T  22 TI    1.639063821264E-01 -1.678853593335E-01 -1.598188600113E-01
    118 T  22 TI    4.973066786464E-01  1.669172402864E-01  1.768788879076E-01
    119 T  22 TI   -4.976161157840E-01  1.644091817668E-01 -4.924092633334E-01
    120 T  22 TI   -4.998172883105E-01  1.656878952330E-01 -1.614989358051E-01
    121 T  22 TI   -4.980021395674E-01  4.975096024362E-01  1.739336518224E-01
    122 T  22 TI   -4.970834798269E-01  4.985976615300E-01 -4.925937997476E-01
    123 T  22 TI    4.982145100295E-01  4.989592162616E-01 -1.558176947708E-01
    124 T  22 TI    4.978806459835E-01 -1.640889647749E-01  1.745737679525E-01
    125 T  22 TI   -4.976036703002E-01 -1.687544489608E-01 -4.906649848140E-01
    126 T  22 TI   -4.975114438636E-01 -1.645432250426E-01 -1.576465583275E-01
    127 T  22 TI   -1.699025508980E-01  1.675032363707E-01  1.752730161049E-01
    128 T  22 TI   -1.659621300217E-01  1.676929250682E-01 -4.886933015414E-01
    129 T  22 TI   -1.639071029902E-01  1.650403646856E-01 -1.593682952671E-01
    130 T  22 TI   -1.663377448346E-01  4.967829165573E-01  1.740649183419E-01
    131 T  22 TI   -1.642374064714E-01 -4.979629842523E-01 -4.927972998821E-01
    132 T  22 TI   -1.679681680995E-01  4.974823863823E-01 -1.601359851522E-01
    133 T  22 TI   -1.659760899007E-01 -1.635788408402E-01  1.738523902689E-01
    134 T  22 TI   -1.644788031414E-01 -1.657840590243E-01 -4.940397724649E-01
    135 T  22 TI   -1.679068238507E-01 -1.640827967793E-01 -1.566870333209E-01

 T = ATOM BELONGING TO THE ASYMMETRIC UNIT
 *******************************************************************************
 * GEOMETRY EDITING - INPUT COORDINATES ARE GIVEN IN ANGSTROM         
 *******************************************************************************

 GCALCO - MAX INDICES DIRECT LATTICE VECTOR    15    15    14
 NO.OF VECTORS CREATED 6999 STARS  514 RMAX   270.02825 BOHR

 GEOMETRY FOR WAVE FUNCTION - DIMENSIONALITY OF THE SYSTEM    3
 (NON PERIODIC DIRECTION: LATTICE PARAMETER FORMALLY SET TO 500)
 *******************************************************************************
 LATTICE PARAMETERS (ANGSTROMS AND DEGREES) - BOHR = 0.5291772083 ANGSTROM
 PRIMITIVE CELL - CENTRING CODE 1/0 VOLUME=  1740.493702 - DENSITY  6.022 g/cm^3
         A              B              C           ALPHA      BETA       GAMMA 
    11.90773305    11.90773305    12.27479580    90.000000  90.000000  90.000000
 *******************************************************************************
 ATOMS IN THE ASYMMETRIC UNIT  135 - ATOMS IN THE UNIT CELL:  135
     ATOM                 X/A                 Y/B                 Z/C    
 *******************************************************************************
      1 T 256 BA   -1.310208274801E-03 -1.098617151786E-03 -6.716309943616E-04
      2 T 256 BA   -1.925830375790E-03 -1.989540518216E-03  3.336217301378E-01
      3 T 256 BA   -1.043993494886E-03  3.135226292778E-03 -3.306143956042E-01
      4 T 256 BA    3.052819444788E-03  3.319373368831E-01  2.253930873803E-03
      5 T 256 BA   -1.094288295279E-03  3.335719080672E-01  3.323944189308E-01
      6 T 256 BA   -6.193582982118E-04  3.312824151229E-01 -3.286900746564E-01
      7 T 256 BA    3.280146365778E-03 -3.336132556185E-01  1.485290023725E-03
      8 T 256 BA    6.721546567316E-05 -3.301900090235E-01  3.366140740901E-01
      9 T 256 BA   -4.758697963278E-04 -3.359378055598E-01 -3.332055995674E-01
     10 T 256 BA    3.303267702375E-01  1.381929867720E-03  1.572004550150E-03
     11 T 256 BA    3.317554889069E-01  2.965529389895E-03  3.354696221183E-01
     12 T 256 BA    3.315165823639E-01 -2.780597396331E-03 -3.316866566894E-01
     13 T 256 BA    3.320456214547E-01  3.348474952907E-01  4.760320691415E-03
     14 T 256 BA    3.364684542956E-01  3.321850651390E-01  3.351083036362E-01
     15 T 256 BA    3.327129654325E-01  3.343717617236E-01 -3.342400990893E-01
     16 T 256 BA    3.319146831500E-01 -3.348889311692E-01  4.672598679235E-03
     17 T 256 BA    3.340743219753E-01 -3.304403315411E-01  3.339746588829E-01
     18 T 256 BA    3.357641841124E-01 -3.311824828618E-01 -3.320394408135E-01
     19 T 256 BA   -3.320621790767E-01  5.500321429430E-04  5.102144527811E-03
     20 T 256 BA   -3.330039444736E-01  3.337433532072E-03  3.352800465856E-01
     21 T 256 BA   -3.322012858986E-01 -2.392759211078E-03 -3.332062797423E-01
     22 T 256 BA   -3.331706552513E-01  3.365968878388E-01  2.888959652041E-03
     23 T 256 BA   -3.316058430874E-01  3.304765468107E-01  3.351056199815E-01
     24 T 256 BA   -3.319739136757E-01  3.338816100596E-01 -3.282679112127E-01
     25 T 256 BA   -3.351284302865E-01 -3.361577451894E-01  2.414981312249E-03
     26 T 256 BA   -3.309021610425E-01 -3.352526813508E-01  3.367275944982E-01
     27 T 256 BA   -3.308292047522E-01 -3.313257440529E-01 -3.302382376761E-01
     28 T   8 O     1.697664204707E-01  1.653729941080E-01  3.226209972954E-01
     29 T   8 O     1.682986970041E-01  1.677079585058E-01 -3.413402195050E-01
     30 T   8 O     1.642781561658E-01  1.688058873142E-01 -9.698585590358E-03
     31 T   8 O     1.688861308519E-01 -4.980214489737E-01  3.241796906890E-01
     32 T   8 O     1.641236611727E-01  4.983074824387E-01 -3.453588581418E-01
     33 T   8 O     1.690937710257E-01 -4.979041185784E-01 -9.699703775327E-03
     34 T   8 O     1.652059044524E-01 -1.694191394595E-01  3.238804210799E-01
     35 T   8 O     1.650656013451E-01 -1.638718159672E-01 -3.449284238681E-01
     36 T   8 O     1.684536032609E-01 -1.695110936081E-01 -1.067750561292E-02
     37 T   8 O    -4.975062933496E-01  1.689160988209E-01  3.227349432801E-01
     38 T   8 O    -4.977993588796E-01  1.690137793222E-01 -3.449399700134E-01
     39 T   8 O    -4.979026264300E-01  1.643053514926E-01 -9.560020990307E-03
     40 T   8 O    -4.974310212659E-01 -4.979637211550E-01  3.219518594410E-01
     41 T   8 O    -4.969889719253E-01 -4.991635372593E-01 -3.428081027811E-01
     42 T   8 O    -4.978587471684E-01 -4.981117516841E-01 -1.238724061844E-02
     43 T   8 O     4.974590528946E-01 -1.680969489215E-01  3.242813443040E-01
     44 T   8 O     4.996560785351E-01 -1.659292314262E-01 -3.471649949738E-01
     45 T   8 O     4.970523706341E-01 -1.659640649271E-01 -1.207640494013E-02
     46 T   8 O    -1.699249146590E-01  1.660200514957E-01  3.221785999074E-01
     47 T   8 O    -1.693550500141E-01  1.658659797714E-01 -3.457961652089E-01
     48 T   8 O    -1.652187193097E-01  1.636959471528E-01 -1.125386649705E-02
     49 T   8 O    -1.654521165966E-01  4.970867014563E-01  3.237785333534E-01
     50 T   8 O    -1.655437086265E-01 -4.970482587173E-01 -3.451137251158E-01
     51 T   8 O    -1.636096392149E-01 -4.996978216075E-01 -1.198848827178E-02
     52 T   8 O    -1.697728264031E-01 -1.674338075426E-01  3.236560757218E-01
     53 T   8 O    -1.676965872035E-01 -1.695971258527E-01 -3.427626566732E-01
     54 T   8 O    -1.665583212306E-01 -1.651293911106E-01 -1.356554011532E-02
     55 T   8 O     1.675886927101E-01  2.357873572997E-03  1.596349132202E-01
     56 T   8 O     1.651288223787E-01 -2.336148637748E-03  4.969148512794E-01
     57 T   8 O     1.649775469467E-01  1.870782075784E-03 -1.737108517498E-01
     58 T   8 O     1.695015262719E-01  3.351349683349E-01  1.617372705155E-01
     59 T   8 O     1.642135576810E-01  3.313756839109E-01  4.962716196135E-01
     60 T   8 O     1.636987731298E-01  3.336052574842E-01 -1.700532891443E-01
     61 T   8 O     1.652759354655E-01 -3.362186447017E-01  1.627587241203E-01
     62 T   8 O     1.675118204683E-01 -3.352032444697E-01  4.976900026449E-01
     63 T   8 O     1.635887660254E-01 -3.328028863344E-01 -1.727562644912E-01
     64 T   8 O     4.991047517631E-01  2.496316801364E-03  1.637767829847E-01
     65 T   8 O    -4.991650482356E-01  2.250425882539E-03  4.973897066771E-01
     66 T   8 O    -4.983948749976E-01 -1.105792178230E-03 -1.689026485860E-01
     67 T   8 O     4.976881478737E-01  3.329070415337E-01  1.594489244826E-01
     68 T   8 O    -4.996364499747E-01  3.328308479254E-01  4.983126851799E-01
     69 T   8 O    -4.988416211478E-01  3.303326847667E-01 -1.724963256715E-01
     70 T   8 O     4.968480427994E-01 -3.339865914928E-01  1.627083563224E-01
     71 T   8 O    -4.977773584438E-01 -3.331513908507E-01  4.975469945393E-01
     72 T   8 O    -4.981657059798E-01 -3.361367400527E-01 -1.717947716238E-01
     73 T   8 O    -1.649281826059E-01 -2.803828936772E-03  1.623903499836E-01
     74 T   8 O    -1.671205726139E-01  1.949288420269E-03  4.924928589309E-01
     75 T   8 O    -1.638554225273E-01  1.151014180071E-03 -1.729476776335E-01
     76 T   8 O    -1.665553485383E-01  3.350368529126E-01  1.645831797203E-01
     77 T   8 O    -1.636576771265E-01  3.339169220443E-01  4.937765594096E-01
     78 T   8 O    -1.689521878635E-01  3.341598403340E-01 -1.738062120698E-01
     79 T   8 O    -1.681469202345E-01 -3.340514864162E-01  1.589355808503E-01
     80 T   8 O    -1.693160471356E-01 -3.317867900787E-01  4.937823659994E-01
     81 T   8 O    -1.671619712589E-01 -3.300110563791E-01 -1.715890754102E-01
     82 T   8 O     2.769088193883E-03  1.670439064993E-01  1.635847468736E-01
     83 T   8 O    -5.452645776358E-04  1.652630382973E-01  4.921970478848E-01
     84 T   8 O     3.285939565663E-03  1.672688690848E-01 -1.712151703406E-01
     85 T   8 O    -2.681097606166E-03 -4.992179878260E-01  1.635874337005E-01
     86 T   8 O     2.595182142330E-03  4.999356005204E-01  4.930418856199E-01
     87 T   8 O    -3.769744317091E-04  4.985227935796E-01 -1.744604351869E-01
     88 T   8 O     3.338859693877E-03 -1.670308744490E-01  1.617206398187E-01
     89 T   8 O     2.284089515204E-03 -1.691271228879E-01  4.949991491637E-01
     90 T   8 O    -1.141751197041E-03 -1.698017264481E-01 -1.719345951003E-01
     91 T   8 O     3.355689546405E-01  1.688487098395E-01  1.605788229611E-01
     92 T   8 O     3.323832044535E-01  1.675353322711E-01  4.921000988985E-01
     93 T   8 O     3.313417908117E-01  1.688006028839E-01 -1.731694910932E-01
     94 T   8 O     3.301128364852E-01  4.990647231648E-01  1.619648357553E-01
     95 T   8 O     3.356477446989E-01 -4.975989886184E-01  4.947188078656E-01
     96 T   8 O     3.364939294350E-01  4.994265199239E-01 -1.706033430029E-01
     97 T   8 O     3.325421794769E-01 -1.656958379376E-01  1.648004324802E-01
     98 T   8 O     3.349487142141E-01 -1.690857031915E-01  4.934801304308E-01
     99 T   8 O     3.359050322389E-01 -1.652134995648E-01 -1.700049259671E-01
    100 T   8 O    -3.333726901103E-01  1.669965949339E-01  1.585339373429E-01
    101 T   8 O    -3.338013113806E-01  1.692325072996E-01  4.930563667212E-01
    102 T   8 O    -3.320559181288E-01  1.685940249595E-01 -1.691928410827E-01
    103 T   8 O    -3.366371400835E-01  4.998128397768E-01  1.612161903631E-01
    104 T   8 O    -3.320606846800E-01  4.994506871688E-01  4.921416660231E-01
    105 T   8 O    -3.358631288150E-01 -4.991768193195E-01 -1.695670290476E-01
    106 T   8 O    -3.310881078619E-01 -1.648005774956E-01  1.633884985956E-01
    107 T   8 O    -3.359481898174E-01 -1.650575382871E-01  4.964320380446E-01
    108 T   8 O    -3.327177808488E-01 -1.657322039981E-01 -1.684840728966E-01
    109 T  22 TI    1.638173967679E-01  1.661073622393E-01  1.733081495972E-01
    110 T  22 TI    1.656387040273E-01  1.639703046668E-01 -4.933881400900E-01
    111 T  22 TI    1.674092050163E-01  1.660276891199E-01 -1.552696052393E-01
    112 T  22 TI    1.686872644921E-01 -4.980411334144E-01  1.731673946192E-01
    113 T  22 TI    1.664957523281E-01  4.971589963529E-01 -4.899891315354E-01
    114 T  22 TI    1.647896958275E-01 -4.998293969187E-01 -1.610841346423E-01
    115 T  22 TI    1.658485691483E-01 -1.657486104402E-01  1.779791843726E-01
    116 T  22 TI    1.699164560774E-01 -1.673536226426E-01 -4.922059467048E-01
    117 T  22 TI    1.639063821264E-01 -1.678853593335E-01 -1.598188600113E-01
    118 T  22 TI    4.973066786464E-01  1.669172402864E-01  1.768788879076E-01
    119 T  22 TI   -4.976161157840E-01  1.644091817668E-01 -4.924092633334E-01
    120 T  22 TI   -4.998172883105E-01  1.656878952330E-01 -1.614989358051E-01
    121 T  22 TI   -4.980021395674E-01  4.975096024362E-01  1.739336518224E-01
    122 T  22 TI   -4.970834798269E-01  4.985976615300E-01 -4.925937997476E-01
    123 T  22 TI    4.982145100295E-01  4.989592162616E-01 -1.558176947708E-01
    124 T  22 TI    4.978806459835E-01 -1.640889647749E-01  1.745737679525E-01
    125 T  22 TI   -4.976036703002E-01 -1.687544489608E-01 -4.906649848140E-01
    126 T  22 TI   -4.975114438636E-01 -1.645432250426E-01 -1.576465583275E-01
    127 T  22 TI   -1.699025508980E-01  1.675032363707E-01  1.752730161049E-01
    128 T  22 TI   -1.659621300217E-01  1.676929250682E-01 -4.886933015414E-01
    129 T  22 TI   -1.639071029902E-01  1.650403646856E-01 -1.593682952671E-01
    130 T  22 TI   -1.663377448346E-01  4.967829165573E-01  1.740649183419E-01
    131 T  22 TI   -1.642374064714E-01 -4.979629842523E-01 -4.927972998821E-01
    132 T  22 TI   -1.679681680995E-01  4.974823863823E-01 -1.601359851522E-01
    133 T  22 TI   -1.659760899007E-01 -1.635788408402E-01  1.738523902689E-01
    134 T  22 TI   -1.644788031414E-01 -1.657840590243E-01 -4.940397724649E-01
    135 T  22 TI   -1.679068238507E-01 -1.640827967793E-01 -1.566870333209E-01

 T = ATOM BELONGING TO THE ASYMMETRIC UNIT

 ****    1 SYMMOPS - TRANSLATORS IN FRACTIONAL UNITS
 **** MATRICES AND TRANSLATORS IN THE CRYSTALLOGRAPHIC REFERENCE FRAME
   V INV                    ROTATION MATRICES                   TRANSLATORS
   1   1  1.00  0.00  0.00  0.00  1.00  0.00  0.00  0.00  1.00  0.00  0.00  0.00

 DIRECT LATTICE VECTORS CARTESIAN COMPONENTS (ANGSTROM)
          X                    Y                    Z
   0.119077330500E+02   0.000000000000E+00   0.000000000000E+00
   0.000000000000E+00   0.119077330500E+02   0.000000000000E+00
   0.000000000000E+00   0.000000000000E+00   0.122747958000E+02


 CARTESIAN COORDINATES - PRIMITIVE CELL
 *******************************************************************************
 *      ATOM          X(ANGSTROM)         Y(ANGSTROM)         Z(ANGSTROM)
 *******************************************************************************
    1   256 BA   -1.560161037623E-02 -1.308203976761E-02 -8.244133308739E-03
    2   256 BA   -2.293227401449E-02 -2.369091738308E-02  4.095138611884E+00
    3   256 BA   -1.243159584304E-02  3.733343774574E-02  8.216571605417E+00
    4   256 BA    3.635215899838E-02  3.952621196932E+00  2.766654122325E-02
    5   256 BA   -1.303049289992E-02  3.972085234243E+00  4.080073617436E+00
    6   256 BA   -7.375153277409E-03  3.944822563443E+00  8.240192252106E+00
    7   256 BA    3.905910728862E-02  7.935155460154E+00  1.823163174500E-02
    8   256 BA    8.003838220674E-04  7.975918566771E+00  4.131869022862E+00
    9   256 BA   -5.666530501230E-03  7.907475339991E+00  8.184765105893E+00
   10   256 BA    3.933442999256E+00  1.645565195864E-02  1.929603484976E-02
   11   256 BA    3.950455799775E+00  3.531273232680E-02  4.117821108605E+00
   12   256 BA    3.947610964437E+00 -3.311061151503E-02  8.203409819553E+00
   13   256 BA    3.953910620704E+00  3.987274586383E+00  5.843196442964E-02
   14   256 BA    4.006576533498E+00  3.955571078873E+00  4.113385998019E+00
   15   256 BA    3.961857174644E+00  3.981609678062E+00  8.172066835507E+00
   16   256 BA    3.952351442326E+00  7.919965056238E+00  5.735519464296E-02
   17   256 BA    3.978067844942E+00  7.972937793055E+00  4.099470740162E+00
   18   256 BA    3.998190272162E+00  7.964100453245E+00  8.199079466468E+00
   19   256 BA    7.953625265553E+00  6.549635927084E-03  6.262778222097E-02
   20   256 BA    7.942410974612E+00  3.974126757203E-02  4.115494107652E+00
   21   256 BA    7.951968818652E+00 -2.849233793845E-02  8.184756756885E+00
   22   256 BA    7.940425827175E+00  4.008105885845E+00  3.546138980324E-02
   23   256 BA    7.959059192695E+00  3.935226498708E+00  4.113353056705E+00
   24   256 BA    7.954676306386E+00  3.975773082894E+00  8.245374222172E+00
   25   256 BA    7.917113164683E+00  7.904856357595E+00  2.964340246867E-02
   26   256 BA    7.967438450637E+00  7.915633616178E+00  4.133262462691E+00
   27   256 BA    7.968307194667E+00  7.962394537226E+00  8.221188867174E+00
   28     8 O     2.021533215820E+00  1.969217467517E+00  3.960106862593E+00
   29     8 O     2.004055956587E+00  1.997021600248E+00  8.084914307249E+00
   30     8 O     1.956180429569E+00  2.010095443406E+00  1.215574764233E+01
   31     8 O     2.011050962032E+00  5.977426582447E+00  3.979239505715E+00
   32     8 O     1.954340744434E+00  5.933712477697E+00  8.035586338589E+00
   33     8 O     2.013523485792E+00  5.978823721473E+00  1.215573391684E+01
   34     8 O     1.967227808503E+00  9.890335163756E+00  3.975566032373E+00
   35     8 O     1.965557116555E+00  9.956391211044E+00  8.040869831403E+00
   36     8 O     2.005900538941E+00  9.889240198301E+00  1.214373159895E+01
   37     8 O     5.983560918098E+00  2.011407812607E+00  3.961505526288E+00
   38     8 O     5.980071172001E+00  2.012570965941E+00  8.040728104828E+00
   39     8 O     5.978841489578E+00  1.956504264261E+00  1.215744849450E+01
   40     8 O     5.984457237977E+00  5.978113989902E+00  3.951893332068E+00
   41     8 O     5.989721043520E+00  5.963826900023E+00  8.066896339777E+00
   42     8 O     5.979363992111E+00  5.976351281878E+00  1.212274495088E+01
   43     8 O     5.923609605175E+00  9.906079455723E+00  3.980487283082E+00
   44     8 O     5.949771200006E+00  9.931892056985E+00  8.013416377789E+00
   45     8 O     5.918766941380E+00  9.931477268956E+00  1.212656039536E+01
   46     8 O     9.884312527696E+00  1.976922454158E+00  3.954676524994E+00
   47     8 O     9.891098323762E+00  1.975087809194E+00  8.030218483637E+00
   48     8 O     9.940352645598E+00  1.949247640063E+00  1.213665688679E+01
   49     8 O     9.937573413010E+00  5.919175743646E+00  3.974315381336E+00
   50     8 O     9.936482759568E+00  5.989015072227E+00  8.038595296426E+00
   51     8 O     9.959513141823E+00  5.957464784632E+00  1.212763955451E+01
   52     8 O     9.886123554047E+00  9.913975966237E+00  3.972812238914E+00
   53     8 O     9.910846856185E+00  9.888215749299E+00  8.067454181471E+00
   54     8 O     9.924401023529E+00  9.941416341946E+00  1.210828156517E+01
   55     8 O     1.995601414990E+00  2.807692907290E-02  1.959485962328E+00
   56     8 O     1.966309935746E+00 -2.781823434342E-02  6.099528329442E+00
   57     8 O     1.964508588285E+00  2.227677355316E-02  1.014253056653E+01
   58     8 O     2.018378926414E+00  3.990697738652E+00  1.985291968827E+00
   59     8 O     1.955411208056E+00  3.945933183273E+00  6.091632792091E+00
   60     8 O     1.949281291042E+00  3.972482350199E+00  1.018742640064E+01
   61     8 O     1.968061719112E+00  7.904131182459E+00  1.997830103246E+00
   62     8 O     1.994686040856E+00  7.916222297361E+00  6.109043154167E+00
   63     8 O     1.947971355809E+00  7.944805121260E+00  1.015424793020E+01
   64     8 O     5.943206147982E+00  2.972547407888E-02  2.010326567918E+00
   65     8 O     5.963808907721E+00  2.679747065808E-02  6.105357082483E+00
   66     8 O     5.972979925040E+00 -1.316747806714E-02  1.020155027853E+01
   67     8 O     5.926337607028E+00  3.964168181048E+00  1.957202988553E+00
   68     8 O     5.958195581652E+00  3.963260887901E+00  6.116686455133E+00
   69     8 O     5.967660191143E+00  3.933513427892E+00  1.015743862613E+01
   70     8 O     5.916333860070E+00  7.930709876225E+00  1.997211848812E+00
   71     8 O     5.980333147317E+00  7.940655222514E+00  6.107287758874E+00
   72     8 O     5.975708808528E+00  7.905106481155E+00  1.016605005881E+01
   73     8 O     9.943812279108E+00 -3.338724649695E-02  1.993308385939E+00
   74     8 O     9.917705884150E+00  2.321160614602E-02  6.045249276335E+00
   75     8 O     9.956586419750E+00  1.370596959305E-02  1.015189837296E+01
   76     8 O     9.924436421556E+00  3.989529406396E+00  2.020224923182E+00
   77     8 O     9.958941119195E+00  3.976193568582E+00  6.061006437579E+00
   78     8 O     9.895895498708E+00  3.979086174728E+00  1.014136003807E+01
   79     8 O     9.905484410668E+00  7.929937124800E+00  1.950901800291E+00
   80     8 O     9.891562759628E+00  7.956904524226E+00  6.061077712284E+00
   81     8 O     9.917212920137E+00  7.978049487089E+00  1.016857493783E+01
   82     8 O     3.297356300467E-02  1.989114246223E+00  2.007969363868E+00
   83     8 O    -6.492865032108E-03  1.967908143076E+00  6.041618256149E+00
   84     8 O     3.912809116634E-02  1.991793040637E+00  1.017316454621E+01
   85     8 O    -3.192579457522E-02  5.963178517209E+00  2.008002344120E+00
   86     8 O     3.090273616699E-02  5.953099673188E+00  6.051988466832E+00
   87     8 O    -4.488910899467E-03  5.936276345286E+00  1.013332958290E+01
   88     8 O     3.975824992609E-02  9.918773985953E+00  1.985087830420E+00
   89     8 O     2.719832820935E-02  9.893812419136E+00  6.076013477158E+00
   90     8 O    -1.359566846388E-02  9.885779420026E+00  1.016433375419E+01
   91     8 O     3.995865531727E+00  2.010605362606E+00  1.971072261652E+00
   92     8 O     3.957930468936E+00  1.994966013128E+00  6.040428227139E+00
   93     8 O     3.945529593295E+00  2.010032517820E+00  1.014917565804E+01
   94     8 O     3.930895533244E+00  5.942729498119E+00  1.988085285677E+00
   95     8 O     3.996803742709E+00  5.982457127582E+00  6.072572344970E+00
   96     8 O     4.006879884657E+00  5.947037677345E+00  1.018067460184E+01
   97     8 O     3.959823501077E+00  9.934671244343E+00  2.022891656446E+00
   98     8 O     3.988479874303E+00  9.894305633824E+00  6.057367832396E+00
   99     8 O     3.999867454052E+00  9.940414800926E+00  1.018802004876E+01
  100     8 O     7.938020050006E+00  1.988550872732E+00  1.945971708255E+00
  101     8 O     7.932916142340E+00  2.015175520305E+00  6.052166219393E+00
  102     8 O     7.953699819250E+00  2.007572643042E+00  1.019798822489E+01
  103     8 O     7.899147851171E+00  5.951637871025E+00  1.978895816361E+00
  104     8 O     7.953643060431E+00  5.947325454445E+00  6.040938455105E+00
  105     8 O     7.908364570734E+00  5.963668740795E+00  1.019339514403E+01
  106     8 O     7.965224245551E+00  9.945331766697E+00  2.005560456329E+00
  107     8 O     7.907351687024E+00  9.942271946187E+00  6.093601895575E+00
  108     8 O     7.945818534665E+00  9.934238207003E+00  1.020668820964E+01
  109    22 TI    1.950693829658E+00  1.977962127185E+00  2.127322146782E+00
  110    22 TI    1.972381470305E+00  1.952514616099E+00  6.218557130254E+00
  111    22 TI    1.993464123447E+00  1.977013400949E+00  1.036889310174E+01
  112    22 TI    2.008682914506E+00  5.977192185382E+00  2.125594408168E+00
  113    22 TI    1.982586972682E+00  5.920036611976E+00  6.260279266184E+00
  114    22 TI    1.962271707305E+00  5.955898020950E+00  1.029752094065E+01
  115    22 TI    1.974880488143E+00  9.934042843470E+00  2.184658144824E+00
  116    22 TI    2.023319799772E+00  9.914930786621E+00  6.233068312653E+00
  117    22 TI    1.951753443552E+00  9.908599008053E+00  1.031305192837E+01
  118    22 TI    5.921795173304E+00  1.987605938773E+00  2.171152230397E+00
  119    22 TI    5.982253181867E+00  1.957740647447E+00  6.230572642554E+00
  120    22 TI    5.956042207024E+00  1.972967226050E+00  1.029242934107E+01
  121    22 TI    5.977656513702E+00  5.924211535622E+00  2.135000058869E+00
  122    22 TI    5.988595668656E+00  5.937167852853E+00  6.228307495752E+00
  123    22 TI    5.932605387068E+00  5.941473150080E+00  1.036216541466E+01
  124    22 TI    5.928629823133E+00  9.953805461010E+00  2.142857353654E+00
  125    22 TI    5.982401379365E+00  9.898250120775E+00  6.251983305198E+00
  126    22 TI    5.983499587152E+00  9.948396251006E+00  1.033971648796E+01
  127    22 TI    9.884578829392E+00  1.994583823714E+00  2.151440481937E+00
  128    22 TI    9.931500309292E+00  1.996842586086E+00  6.276185314752E+00
  129    22 TI    9.955971022594E+00  1.965256605150E+00  1.031858251860E+01
  130    22 TI    9.927027588371E+00  5.915558354165E+00  2.136611328591E+00
  131    22 TI    9.952037856914E+00  5.978122764743E+00  6.225809573156E+00
  132    22 TI    9.907612943374E+00  5.923887454117E+00  1.030915928202E+01
  133    22 TI    9.931334078780E+00  9.959879880647E+00  2.134002589893E+00
  134    22 TI    9.949163369809E+00  9.933620731193E+00  6.210558475914E+00
  135    22 TI    9.908343414313E+00  9.953878907855E+00  1.035149446148E+01

 *******************************************************************************
 *** PSEUDOPOTENTIAL INFORMATION ***
 *******************************************************************************

 ATOMIC NUMBER  56, NUCLEAR CHARGE 10.000, GIVEN IN INPUT       PSEUDOPOTENTIAL
   TYPE       EXPONENT      COEFF.    N      EXPONENT      COEFF.    N
  P0 TMS     9.5269860  427.8458160   0     4.4875100  204.4175300   0
  P1 TMS     8.3159300  293.6058640   0     4.2922170  294.1933160   0
  P2 TMS     5.9161080  112.5504020   0     2.8748420  181.7826210   0
  P3 TMS     3.5894650  -33.4731740   0

 *******************************************************************************
 LOCAL ATOMIC FUNCTIONS BASIS SET
 *******************************************************************************
   ATOM   X(AU)   Y(AU)   Z(AU)  N. TYPE  EXPONENT  S COEF   P COEF   D/F/G COEF
 *******************************************************************************
   1 BA  -0.029  -0.025  -0.016
                                  1 S  
                                         2.396E+00-5.955E+00 0.000E+00 0.000E+00
                                         2.243E+00 6.681E+00 0.000E+00 0.000E+00
                                         7.174E-01-5.706E-01 0.000E+00 0.000E+00
                                  2 S  
                                         2.742E-01 1.000E+00 0.000E+00 0.000E+00
                           3-     6 SP 
                                         1.300E-01 1.000E+00 1.000E+00 0.000E+00
                           7-     9 P  
                                         2.927E+00 0.000E+00 7.982E-01 0.000E+00
                                         2.521E+00 0.000E+00-1.071E+00 0.000E+00
                                         6.758E-01 0.000E+00 3.494E-01 0.000E+00
                                         3.199E-01 0.000E+00 6.504E-01 0.000E+00
                          10-    14 D  
                                         9.663E-01 0.000E+00 0.000E+00-9.089E-01
                                         8.938E-01 0.000E+00 0.000E+00 9.472E-01
                          15-    19 D  
                                         2.732E-01 0.000E+00 0.000E+00 3.221E-01
   2 BA  -0.043  -0.045   7.739
   3 BA  -0.023   0.071  15.527
   4 BA   0.069   7.469   0.052
   5 BA  -0.025   7.506   7.710
   6 BA  -0.014   7.455  15.572
   7 BA   0.074  14.995   0.034
   8 BA   0.002  15.072   7.808
   9 BA  -0.011  14.943  15.467
  10 BA   7.433   0.031   0.036
  11 BA   7.465   0.067   7.782
  12 BA   7.460  -0.063  15.502
  13 BA   7.472   7.535   0.110
  14 BA   7.571   7.475   7.773
  15 BA   7.487   7.524  15.443
  16 BA   7.469  14.967   0.108
  17 BA   7.517  15.067   7.747
  18 BA   7.555  15.050  15.494
  19 BA  15.030   0.012   0.118
  20 BA  15.009   0.075   7.777
  21 BA  15.027  -0.054  15.467
  22 BA  15.005   7.574   0.067
  23 BA  15.040   7.437   7.773
  24 BA  15.032   7.513  15.581
  25 BA  14.961  14.938   0.056
  26 BA  15.056  14.958   7.811
  27 BA  15.058  15.047  15.536
  28 O    3.820   3.721   7.484
                                514 S  
                                         2.703E+04 2.173E-04 0.000E+00 0.000E+00
                                         4.052E+03 1.684E-03 0.000E+00 0.000E+00
                                         9.223E+02 8.740E-03 0.000E+00 0.000E+00
                                         2.612E+02 3.524E-02 0.000E+00 0.000E+00
                                         8.535E+01 1.115E-01 0.000E+00 0.000E+00
                                         3.104E+01 2.559E-01 0.000E+00 0.000E+00
                                515 S  
                                         1.227E+01 3.977E-01 0.000E+00 0.000E+00
                                         4.916E+00 2.463E-01 0.000E+00 0.000E+00
                                516 S  
                                         9.009E-01 1.000E+00 0.000E+00 0.000E+00
                         517-   520 SP 
                                         2.500E-01 1.000E+00 1.000E+00 0.000E+00
                         521-   523 P  
                                         7.530E+01 0.000E+00 6.069E-03 0.000E+00
                                         1.774E+01 0.000E+00 4.191E-02 0.000E+00
                                         5.536E+00 0.000E+00 1.615E-01 0.000E+00
                                         2.069E+00 0.000E+00 3.571E-01 0.000E+00
                         524-   526 P  
                                         7.824E-01 0.000E+00 1.000E+00 0.000E+00
                         527-   531 D  
                                         1.200E+00 0.000E+00 0.000E+00 1.000E+00
  29 O    3.787   3.774  15.278
  30 O    3.697   3.799  22.971
  31 O    3.800  11.296   7.520
  32 O    3.693  11.213  15.185
  33 O    3.805  11.298  22.971
  34 O    3.718  18.690   7.513
  35 O    3.714  18.815  15.195
  36 O    3.791  18.688  22.948
  37 O   11.307   3.801   7.486
  38 O   11.301   3.803  15.195
  39 O   11.298   3.697  22.974
  40 O   11.309  11.297   7.468
  41 O   11.319  11.270  15.244
  42 O   11.299  11.294  22.909
  43 O   11.194  18.720   7.522
  44 O   11.243  18.769  15.143
  45 O   11.185  18.768  22.916
  46 O   18.679   3.736   7.473
  47 O   18.691   3.732  15.175
  48 O   18.785   3.684  22.935
  49 O   18.779  11.186   7.510
  50 O   18.777  11.318  15.191
  51 O   18.821  11.258  22.918
  52 O   18.682  18.735   7.508
  53 O   18.729  18.686  15.245
  54 O   18.754  18.787  22.881
  55 O    3.771   0.053   3.703
  56 O    3.716  -0.053  11.526
  57 O    3.712   0.042  19.167
  58 O    3.814   7.541   3.752
  59 O    3.695   7.457  11.512
  60 O    3.684   7.507  19.251
  61 O    3.719  14.937   3.775
  62 O    3.769  14.959  11.544
  63 O    3.681  15.014  19.189
  64 O   11.231   0.056   3.799
  65 O   11.270   0.051  11.537
  66 O   11.287  -0.025  19.278
  67 O   11.199   7.491   3.699
  68 O   11.259   7.489  11.559
  69 O   11.277   7.433  19.195
  70 O   11.180  14.987   3.774
  71 O   11.301  15.006  11.541
  72 O   11.292  14.938  19.211
  73 O   18.791  -0.063   3.767
  74 O   18.742   0.044  11.424
  75 O   18.815   0.026  19.184
  76 O   18.754   7.539   3.818
  77 O   18.820   7.514  11.454
  78 O   18.701   7.519  19.164
  79 O   18.719  14.985   3.687
  80 O   18.692  15.036  11.454
  81 O   18.741  15.076  19.216
  82 O    0.062   3.759   3.795
  83 O   -0.012   3.719  11.417
  84 O    0.074   3.764  19.224
  85 O   -0.060  11.269   3.795
  86 O    0.058  11.250  11.437
  87 O   -0.008  11.218  19.149
  88 O    0.075  18.744   3.751
  89 O    0.051  18.697  11.482
  90 O   -0.026  18.681  19.208
  91 O    7.551   3.799   3.725
  92 O    7.479   3.770  11.415
  93 O    7.456   3.798  19.179
  94 O    7.428  11.230   3.757
  95 O    7.553  11.305  11.475
  96 O    7.572  11.238  19.239
  97 O    7.483  18.774   3.823
  98 O    7.537  18.698  11.447
  99 O    7.559  18.785  19.253
 100 O   15.001   3.758   3.677
 101 O   14.991   3.808  11.437
 102 O   15.030   3.794  19.271
 103 O   14.927  11.247   3.740
 104 O   15.030  11.239  11.416
 105 O   14.945  11.270  19.263
 106 O   15.052  18.794   3.790
 107 O   14.943  18.788  11.515
 108 O   15.015  18.773  19.288
 109 TI   3.686   3.738   4.020
                               1972 S  
                                         2.116E+05 2.332E-04 0.000E+00 0.000E+00
                                         3.171E+04 1.808E-03 0.000E+00 0.000E+00
                                         7.218E+03 9.398E-03 0.000E+00 0.000E+00
                                         2.043E+03 3.816E-02 0.000E+00 0.000E+00
                                         6.651E+02 1.237E-01 0.000E+00 0.000E+00
                                         2.387E+02 2.921E-01 0.000E+00 0.000E+00
                                         9.251E+01 4.123E-01 0.000E+00 0.000E+00
                                         3.640E+01 2.109E-01 0.000E+00 0.000E+00
                               1973 S  
                                         2.327E+02-2.492E-02 0.000E+00 0.000E+00
                                         7.179E+01-1.175E-01 0.000E+00 0.000E+00
                                         1.116E+01 5.650E-01 0.000E+00 0.000E+00
                                         4.655E+00 5.621E-01 0.000E+00 0.000E+00
                               1974 S  
                                         6.803E+00-2.301E-01 0.000E+00 0.000E+00
                                         1.120E+00 7.210E-01 0.000E+00 0.000E+00
                               1975 S  
                                         4.808E-01 1.000E+00 0.000E+00 0.000E+00
                               1976 S  
                                         2.400E-01 1.000E+00 0.000E+00 0.000E+00
                        1977-  1980 SP 
                                         1.200E-01 1.000E+00 1.000E+00 0.000E+00
                        1981-  1983 P  
                                         1.063E+03 0.000E+00 2.469E-03 0.000E+00
                                         2.516E+02 0.000E+00 1.977E-02 0.000E+00
                                         8.041E+01 0.000E+00 9.099E-02 0.000E+00
                                         2.977E+01 0.000E+00 2.556E-01 0.000E+00
                                         1.174E+01 0.000E+00 4.049E-01 0.000E+00
                                         4.714E+00 0.000E+00 2.369E-01 0.000E+00
                        1984-  1986 P  
                                         1.780E+01 0.000E+00-2.788E-02 0.000E+00
                                         2.427E+00 0.000E+00 5.567E-01 0.000E+00
                                         9.682E-01 0.000E+00 1.006E+00 0.000E+00
                        1987-  1989 P  
                                         3.706E-01 0.000E+00 1.000E+00 0.000E+00
                        1990-  1994 D  
                                         3.771E+01 0.000E+00 0.000E+00 1.151E-02
                                         1.069E+01 0.000E+00 0.000E+00 6.725E-02
                                         3.673E+00 0.000E+00 0.000E+00 2.148E-01
                                         1.359E+00 0.000E+00 0.000E+00 3.889E-01
                        1995-  1999 D  
                                         5.400E-01 0.000E+00 0.000E+00 1.000E+00
                        2000-  2004 D  
                                         2.200E-01 0.000E+00 0.000E+00 1.000E+00
 110 TI   3.727   3.690  11.751
 111 TI   3.767   3.736  19.594
 112 TI   3.796  11.295   4.017
 113 TI   3.747  11.187  11.830
 114 TI   3.708  11.255  19.459
 115 TI   3.732  18.773   4.128
 116 TI   3.824  18.737  11.779
 117 TI   3.688  18.725  19.489
 118 TI  11.191   3.756   4.103
 119 TI  11.305   3.700  11.774
 120 TI  11.255   3.728  19.450
 121 TI  11.296  11.195   4.035
 122 TI  11.317  11.220  11.770
 123 TI  11.211  11.228  19.582
 124 TI  11.203  18.810   4.049
 125 TI  11.305  18.705  11.815
 126 TI  11.307  18.800  19.539
 127 TI  18.679   3.769   4.066
 128 TI  18.768   3.773  11.860
 129 TI  18.814   3.714  19.499
 130 TI  18.759  11.179   4.038
 131 TI  18.807  11.297  11.765
 132 TI  18.723  11.195  19.481
 133 TI  18.768  18.821   4.033
 134 TI  18.801  18.772  11.736
 135 TI  18.724  18.810  19.561
 INFORMATION **** SET_MPP **** PCRYSTAL CALCULATION
 INFORMATION **** READM2 **** NEW DEFAULT: FOCK/KS MATRIX MIXING SET TO 30 %
 INFORMATION **** READM2 **** NEW DEFAULT: FULL DIRECT SCF MODE
 INFORMATION **** READM2 **** NEW DEFAULT: COULOMB BIPOLAR BUFFER SET TO 32 Mb
 INFORMATION **** READM2 **** NEW DEFAULT: EXCHANGE BIPOLAR BUFFER SET TO 32 Mb

 *******************************************************************************
 NEW DEFAULT: DFT INTEGRATION GRID INCREASED TO XLGRID
 NEW DEFAULT: DIIS ACCELERATOR ACTIVE
 USE KEYWORD NODIIS TO TURN IT OFF
 *******************************************************************************

 INFORMATION **** TOLINTEG **** COULOMB AND EXCHANGE SERIES TOLERANCES MODIFIED
 INFORMATION **** MAXCYCLE **** MAX NUMBER OF SCF CYCLES SET TO         100
 INFORMATION **** EXCHSIZE **** EXCHANGE BIPOLAR BUFFER SIZE SET TO    30000000
 INFORMATION **** BIPOSIZE **** COULOMB BIPOLAR BUFFER SET TO    30000000
 INFORMATION **** GRADCAL **** ANALYTICAL GRADIENT AFTER SCF COMPLETED
 *******************************************************************************
 N. OF ATOMS PER CELL       135  COULOMB OVERLAP TOL         (T1) 10**   -8
 NUMBER OF SHELLS          1053  COULOMB PENETRATION TOL     (T2) 10**   -8
 NUMBER OF AO              2862  EXCHANGE OVERLAP TOL        (T3) 10**   -8
 N. OF ELECTRONS PER CELL  1512  EXCHANGE PSEUDO OVP (F(G))  (T4) 10**   -8
 CORE ELECTRONS PER CELL    648  EXCHANGE PSEUDO OVP (P(G))  (T5) 10**  -16
 N. OF SYMMETRY OPERATORS     1  POLE ORDER IN MONO ZONE                  4
 *******************************************************************************
 TYPE OF CALCULATION :  RESTRICTED CLOSED SHELL
 KOHN-SHAM HAMILTONIAN

 (EXCHANGE)[CORRELATION] FUNCTIONAL:(PERDEW-BURKE-ERNZERHOF)[PERDEW-BURKE-ERNZERHOF]


 HYBRID EXCHANGE - PERCENTAGE OF FOCK EXCHANGE    25.0000
 CORE  PSEUDO POTENTIAL         TOL. ON PSEUDO              (TP) 10**- 6

 CAPPA:IS1  2;IS2  2;IS3  2; K PTS MONK NET   8; SYMMOPS:K SPACE   2;G SPACE   1

 *******************************************************************************
 MAX NUMBER OF SCF CYCLES     100  CONVERGENCE ON DELTAP        10**-16
 WEIGHT OF F(I) IN F(I+1)      80% CONVERGENCE ON ENERGY        10**- 6
 SHRINK. FACT.(MONKH.)    2  2  2  NUMBER OF K POINTS IN THE IBZ      8
 SHRINKING FACTOR(GILAT NET)    2  NUMBER OF K POINTS(GILAT NET)      8
 *******************************************************************************
 *** K POINTS COORDINATES (OBLIQUE COORDINATES IN UNITS OF IS =  2)
   1-R(  0  0  0)   2-R(  1  0  0)   3-R(  0  1  0)   4-R(  1  1  0)
   5-R(  0  0  1)   6-R(  1  0  1)   7-R(  0  1  1)   8-R(  1  1  1)

 DIRECT LATTICE VECTORS COMPON. (A.U.)     RECIP. LATTICE VECTORS COMPON. (A.U.) 
        X            Y            Z              X            Y            Z
   22.5023543    0.0000000    0.0000000      0.2792235    0.0000000    0.0000000
    0.0000000   22.5023543    0.0000000      0.0000000    0.2792235    0.0000000
    0.0000000    0.0000000   23.1960024      0.0000000    0.0000000    0.2708736

 DISK SPACE FOR EIGENVECTORS (FTN 10)    65528352 REALS

 SYMMETRY ADAPTION OF THE BLOCH FUNCTIONS DISABLED
 TTTTTTTTTTTTTTTTTTTTTTTTTTTTTT gordsh1     TELAPSE        1.10 TCPU        0.83

 MATRIX SIZE: P(G) 7082684, F(G) 1249612, P(G) IRR 3549145, F(G) IRR 1253392
 MAX G-VECTOR INDEX FOR 1- AND 2-ELECTRON INTEGRALS  27

 TTTTTTTTTTTTTTTTTTTTTTTTTTTTTT INPUT       TELAPSE        4.26 TCPU        3.99

 NEIGHBORS OF THE NON-EQUIVALENT ATOMS

 N = NUMBER OF NEIGHBORS AT DISTANCE R
    ATOM  N     R/ANG      R/AU   NEIGHBORS (ATOM LABELS AND CELL INDICES)
   1 BA   1     2.7707     5.2360   48 O   -1 0-1
   1 BA   1     2.7771     5.2479   54 O   -1-1-1
   1 BA   1     2.7933     5.2786   73 O   -1 0 0
   1 BA   1     2.8072     5.3049   88 O    0-1 0
   1 BA   1     2.8140     5.3177   55 O    0 0 0
   1 BA   1     2.8273     5.3428   30 O    0 0-1

   2 BA   1     2.7703     5.2351   74 O   -1 0 0
   2 BA   1     2.7849     5.2626   83 O    0 0 0
   2 BA   1     2.8085     5.3072   89 O    0-1 0
   2 BA   1     2.8091     5.3084   52 O   -1-1 0
   2 BA   1     2.8196     5.3282   34 O    0-1 0
   2 BA   1     2.8239     5.3365   56 O    0 0 0

   3 BA   1     2.7395     5.1768   75 O   -1 0 0
   3 BA   1     2.7600     5.2157   57 O    0 0 0
   3 BA   1     2.7660     5.2270   84 O    0 0 0
   3 BA   1     2.7940     5.2799   47 O   -1 0 0
   3 BA   1     2.8104     5.3108   35 O    0-1 0
   3 BA   1     2.8149     5.3195   29 O    0 0 0

   4 BA   1     2.7351     5.1686   30 O    0 0-1
   4 BA   1     2.7861     5.2649   58 O    0 0 0
   4 BA   1     2.7887     5.2699   82 O    0 0 0
   4 BA   1     2.8229     5.3345   85 O    0 0 0
   4 BA   1     2.8264     5.3411   51 O   -1 0-1
   4 BA   1     2.8348     5.3570   33 O    0 0-1

   5 BA   1     2.7627     5.2208   49 O   -1 0 0
   5 BA   1     2.7697     5.2340   77 O   -1 0 0
   5 BA   1     2.7955     5.2827   86 O    0 0 0
   5 BA   1     2.8044     5.2995   83 O    0 0 0
   5 BA   1     2.8146     5.3188   59 O    0 0 0
   5 BA   1     2.8351     5.3577   46 O   -1 0 0

   6 BA   1     2.7477     5.1924   87 O    0 0 0
   6 BA   1     2.7482     5.1934   84 O    0 0 0
   6 BA   1     2.7606     5.2168   60 O    0 0 0
   6 BA   1     2.7629     5.2211   78 O   -1 0 0
   6 BA   1     2.8010     5.2932   32 O    0 0 0
   6 BA   1     2.8043     5.2993   29 O    0 0 0

   7 BA   1     2.7642     5.2236   61 O    0 0 0
   7 BA   1     2.7765     5.2469   36 O    0 0-1
   7 BA   1     2.7829     5.2589   33 O    0 0-1
   7 BA   1     2.7934     5.2788   88 O    0 0 0
   7 BA   1     2.8023     5.2956   85 O    0 0 0
   7 BA   1     2.8085     5.3074   51 O   -1 0-1

   8 BA   1     2.7311     5.1610   89 O    0 0 0
   8 BA   1     2.7489     5.1946   34 O    0 0 0
   8 BA   1     2.7892     5.2708   86 O    0 0 0
   8 BA   1     2.7911     5.2745   80 O   -1 0 0
   8 BA   1     2.8056     5.3019   52 O   -1 0 0
   8 BA   1     2.8086     5.3075   62 O    0 0 0

   9 BA   1     2.7505     5.1977   50 O   -1 0 0
   9 BA   1     2.7717     5.2378   87 O    0 0 0
   9 BA   1     2.7743     5.2427   63 O    0 0 0
   9 BA   1     2.7856     5.2640   32 O    0 0 0
   9 BA   1     2.7987     5.2887   90 O    0 0 0
   9 BA   1     2.8072     5.3048   81 O   -1 0 0

  10 BA   1     2.7422     5.1820   55 O    0 0 0
  10 BA   1     2.7910     5.2743   91 O    0 0 0
  10 BA   1     2.8070     5.3044   36 O    0-1-1
  10 BA   1     2.8113     5.3126   30 O    0 0-1
  10 BA   1     2.8179     5.3250   45 O    0-1-1
  10 BA   1     2.8224     5.3336   39 O    0 0-1

  11 BA   1     2.7360     5.1703   28 O    0 0 0
  11 BA   1     2.7453     5.1879   92 O    0 0 0
  11 BA   1     2.8050     5.3007   56 O    0 0 0
  11 BA   1     2.8215     5.3318   98 O    0-1 0
  11 BA   1     2.8291     5.3463   65 O    0 0 0
  11 BA   1     2.8393     5.3654   43 O    0-1 0

  12 BA   1     2.7631     5.2214   35 O    0-1 0
  12 BA   1     2.7717     5.2378   99 O    0-1 0
  12 BA   1     2.7742     5.2424   57 O    0 0 0
  12 BA   1     2.7962     5.2841   44 O    0-1 0
  12 BA   1     2.8130     5.3158   29 O    0 0 0
  12 BA   1     2.8214     5.3317   93 O    0 0 0

  13 BA   1     2.7311     5.1611   58 O    0 0 0
  13 BA   1     2.7379     5.1740   67 O    0 0 0
  13 BA   1     2.7473     5.1917   94 O    0 0 0
  13 BA   1     2.7508     5.1984   91 O    0 0 0
  13 BA   1     2.7862     5.2651   33 O    0 0-1
  13 BA   1     2.8163     5.3221   30 O    0 0-1

  14 BA   1     2.7495     5.1958   92 O    0 0 0
  14 BA   1     2.7769     5.2476   37 O    0 0 0
  14 BA   1     2.7968     5.2852   68 O    0 0 0
  14 BA   1     2.8124     5.3146   28 O    0 0 0
  14 BA   1     2.8190     5.3271   95 O    0 0 0
  14 BA   1     2.8335     5.3546   40 O    0 0 0

  15 BA   1     2.7891     5.2707   29 O    0 0 0
  15 BA   1     2.7922     5.2765   93 O    0 0 0
  15 BA   1     2.8035     5.2978   32 O    0 0 0
  15 BA   1     2.8106     5.3113   96 O    0 0 0
  15 BA   1     2.8226     5.3340   69 O    0 0 0
  15 BA   1     2.8227     5.3341   38 O    0 0 0

  16 BA   1     2.7492     5.1953   33 O    0 0-1
  16 BA   1     2.7605     5.2166   70 O    0 0 0
  16 BA   1     2.7636     5.2225   94 O    0 0 0
  16 BA   1     2.7753     5.2445   36 O    0 0-1
  16 BA   1     2.7754     5.2448   61 O    0 0 0
  16 BA   1     2.8147     5.3190   97 O    0 0 0

  17 BA   1     2.7432     5.1839   98 O    0 0 0
  17 BA   1     2.7452     5.1877   43 O    0 0 0
  17 BA   1     2.7812     5.2558   34 O    0 0 0
  17 BA   1     2.8028     5.2965   95 O    0 0 0
  17 BA   1     2.8046     5.2999   31 O    0 0 0
  17 BA   1     2.8241     5.3367   62 O    0 0 0

  18 BA   1     2.7777     5.2490   44 O    0 0 0
  18 BA   1     2.7898     5.2720   72 O    0 0 0
  18 BA   1     2.8039     5.2986   99 O    0 0 0
  18 BA   1     2.8257     5.3399   41 O    0 0 0
  18 BA   1     2.8276     5.3434   96 O    0 0 0
  18 BA   1     2.8331     5.3538   63 O    0 0 0

  19 BA   1     2.7341     5.1668  100 O    0 0 0
  19 BA   1     2.7662     5.2274  106 O    0-1 0
  19 BA   1     2.7731     5.2404   73 O    0 0 0
  19 BA   1     2.7811     5.2555   39 O    0 0-1
  19 BA   1     2.7859     5.2647   48 O    0 0-1
  19 BA   1     2.7980     5.2874   54 O    0-1-1

  20 BA   1     2.7476     5.1923   46 O    0 0 0
  20 BA   1     2.7615     5.2185   74 O    0 0 0
  20 BA   1     2.7664     5.2278  101 O    0 0 0
  20 BA   1     2.7836     5.2602   37 O    0 0 0
  20 BA   1     2.8062     5.3029   65 O    0 0 0
  20 BA   1     2.8166     5.3227   52 O    0-1 0

  21 BA   1     2.7926     5.2772   47 O    0 0 0
  21 BA   1     2.7956     5.2828   53 O    0-1 0
  21 BA   1     2.7983     5.2880   44 O    0-1 0
  21 BA   1     2.8056     5.3018  108 O    0-1 0
  21 BA   1     2.8089     5.3081   75 O    0 0 0
  21 BA   1     2.8256     5.3396   66 O    0 0 0

  22 BA   1     2.7488     5.1945  103 O    0 0 0
  22 BA   1     2.7800     5.2535  100 O    0 0 0
  22 BA   1     2.7842     5.2613   67 O    0 0 0
  22 BA   1     2.7848     5.2624   42 O    0 0-1
  22 BA   1     2.8064     5.3033   76 O    0 0 0
  22 BA   1     2.8125     5.3148   51 O    0 0-1

  23 BA   1     2.7288     5.1567  101 O    0 0 0
  23 BA   1     2.7508     5.1982   46 O    0 0 0
  23 BA   1     2.7617     5.2188   37 O    0 0 0
  23 BA   1     2.7864     5.2656  104 O    0 0 0
  23 BA   1     2.7919     5.2759   77 O    0 0 0
  23 BA   1     2.8053     5.3013   49 O    0 0 0

  24 BA   1     2.7135     5.1278   78 O    0 0 0
  24 BA   1     2.7579     5.2117   69 O    0 0 0
  24 BA   1     2.7725     5.2392  102 O    0 0 0
  24 BA   1     2.7836     5.2603  105 O    0 0 0
  24 BA   1     2.7920     5.2761   38 O    0 0 0
  24 BA   1     2.7926     5.2773   47 O    0 0 0

  25 BA   1     2.7399     5.1776   42 O    0 0-1
  25 BA   1     2.7595     5.2147  103 O    0 0 0
  25 BA   1     2.7650     5.2252   79 O    0 0 0
  25 BA   1     2.8063     5.3031   70 O    0 0 0
  25 BA   1     2.8275     5.3433   51 O    0 0-1
  25 BA   1     2.8408     5.3683  106 O    0 0 0

  26 BA   1     2.7240     5.1477   80 O    0 0 0
  26 BA   1     2.7411     5.1799  104 O    0 0 0
  26 BA   1     2.7750     5.2439   52 O    0 0 0
  26 BA   1     2.7783     5.2503   40 O    0 0 0
  26 BA   1     2.8011     5.2933   71 O    0 0 0
  26 BA   1     2.8094     5.3089   49 O    0 0 0

  27 BA   1     2.7397     5.1773   53 O    0 0 0
  27 BA   1     2.7551     5.2065   81 O    0 0 0
  27 BA   1     2.7850     5.2629   72 O    0 0 0
  27 BA   1     2.7931     5.2782   50 O    0 0 0
  27 BA   1     2.7984     5.2882  108 O    0 0 0
  27 BA   1     2.8086     5.3074  105 O    0 0 0

  28 O    1     1.8342     3.4661  109 TI   0 0 0
  28 O    1     2.2590     4.2690  110 TI   0 0 0
  28 O    1     2.7360     5.1703   11 BA   0 0 0
  28 O    1     2.7867     5.2661   82 O    0 0 0
  28 O    1     2.7877     5.2680   55 O    0 0 0
  28 O    1     2.8028     5.2966   91 O    0 0 0

  29 O    1     1.8672     3.5284  110 TI   0 0 0
  29 O    1     2.2841     4.3163  111 TI   0 0 0
  29 O    1     2.7882     5.2688   59 O    0 0 0
  29 O    1     2.7891     5.2707   15 BA   0 0 0
  29 O    1     2.8043     5.2993    6 BA   0 0 0
  29 O    1     2.8130     5.3158   12 BA   0 0 0

  30 O    1     1.7875     3.3780  111 TI   0 0 0
  30 O    1     2.2466     4.2455  109 TI   0 0 1
  30 O    1     2.7351     5.1686    4 BA   0 0 1
  30 O    1     2.7579     5.2117   84 O    0 0 0
  30 O    1     2.7794     5.2524   60 O    0 0 0
  30 O    1     2.8113     5.3126   10 BA   0 0 1

  31 O    1     1.8536     3.5029  112 TI   0 0 0
  31 O    1     2.2819     4.3122  113 TI   0 0 0
  31 O    1     2.7641     5.2233   61 O    0 0 0
  31 O    1     2.7662     5.2273   94 O    0 0 0
  31 O    1     2.8046     5.2999   17 BA   0 0 0
  31 O    1     2.8148     5.3192   58 O    0 0 0

  32 O    1     1.7756     3.3554  113 TI   0 0 0
  32 O    1     2.2621     4.2747  114 TI   0 0 0
  32 O    1     2.7631     5.2215   86 O    0 0 0
  32 O    1     2.7647     5.2245   62 O    0 0 0
  32 O    1     2.7803     5.2541   59 O    0 0 0
  32 O    1     2.7856     5.2640    9 BA   0 0 0

  33 O    1     1.8591     3.5131  114 TI   0 0 0
  33 O    1     2.2447     4.2418  112 TI   0 0 1
  33 O    1     2.7492     5.1953   16 BA   0 0 1
  33 O    1     2.7829     5.2589    7 BA   0 0 1
  33 O    1     2.7862     5.2651   13 BA   0 0 1
  33 O    1     2.8063     5.3031   63 O    0 0 0

  34 O    1     1.7915     3.3854  115 TI   0 0 0
  34 O    1     2.2583     4.2676  116 TI   0 0 0
  34 O    1     2.7489     5.1946    8 BA   0 0 0
  34 O    1     2.7709     5.2363   88 O    0 0 0
  34 O    1     2.7812     5.2558   17 BA   0 0 0
  34 O    1     2.7902     5.2728   97 O    0 0 0

  35 O    1     1.8092     3.4189  116 TI   0 0 0
  35 O    1     2.2727     4.2948  117 TI   0 0 0
  35 O    1     2.7329     5.1644   56 O    0 1 0
  35 O    1     2.7608     5.2171   89 O    0 0 0
  35 O    1     2.7631     5.2214   12 BA   0 1 0
  35 O    1     2.8098     5.3098   62 O    0 0 0

  36 O    1     1.8316     3.4612  117 TI   0 0 0
  36 O    1     2.3164     4.3773  115 TI   0 0 1
  36 O    1     2.7753     5.2445   16 BA   0 0 1
  36 O    1     2.7765     5.2469    7 BA   0 0 1
  36 O    1     2.7825     5.2581   63 O    0 0 0
  36 O    1     2.7934     5.2788   99 O    0 0 0

  37 O    1     1.7916     3.3856  118 TI   0 0 0
  37 O    1     2.2697     4.2891  119 TI   0 0 0
  37 O    1     2.7617     5.2188   23 BA   0 0 0
  37 O    1     2.7769     5.2476   14 BA   0 0 0
  37 O    1     2.7813     5.2560   64 O    0 0 0
  37 O    1     2.7836     5.2602   20 BA   0 0 0

  38 O    1     1.8110     3.4223  119 TI   0 0 0
  38 O    1     2.2522     4.2560  120 TI   0 0 0
  38 O    1     2.7400     5.1779   68 O    0 0 0
  38 O    1     2.7729     5.2401   65 O    0 0 0
  38 O    1     2.7871     5.2669  101 O    0 0 0
  38 O    1     2.7920     5.2761   24 BA   0 0 0

  39 O    1     1.8652     3.5248  120 TI   0 0 0
  39 O    1     2.2894     4.3264  118 TI   0 0 1
  39 O    1     2.7758     5.2455   66 O    0 0 0
  39 O    1     2.7811     5.2555   19 BA   0 0 1
  39 O    1     2.7825     5.2581  102 O    0 0 0
  39 O    1     2.8122     5.3144   69 O    0 0 0

  40 O    1     1.8177     3.4350  121 TI   0 0 0
  40 O    1     2.2768     4.3025  122 TI   0 0 0
  40 O    1     2.7494     5.1957  103 O    0 0 0
  40 O    1     2.7637     5.2226   70 O    0 0 0
  40 O    1     2.7783     5.2503   26 BA   0 0 0
  40 O    1     2.8331     5.3539   17 BA   0 0 0

  41 O    1     1.8388     3.4748  122 TI   0 0 0
  41 O    1     2.2961     4.3390  123 TI   0 0 0
  41 O    1     2.7835     5.2601   71 O    0 0 0
  41 O    1     2.7940     5.2799   68 O    0 0 0
  41 O    1     2.8009     5.2930   24 BA   0 0 0
  41 O    1     2.8165     5.3225   27 BA   0 0 0

  42 O    1     1.7615     3.3288  123 TI   0 0 0
  42 O    1     2.2876     4.3230  121 TI   0 0 1
  42 O    1     2.7283     5.1557  105 O    0 0 0
  42 O    1     2.7399     5.1776   25 BA   0 0 1
  42 O    1     2.7475     5.1920   72 O    0 0 0
  42 O    1     2.7682     5.2312   96 O    0 0 0

  43 O    1     1.8383     3.4738  124 TI   0 0 0
  43 O    1     2.2723     4.2940  125 TI   0 0 0
  43 O    1     2.7452     5.1877   17 BA   0 0 0
  43 O    1     2.7730     5.2402   97 O    0 0 0
  43 O    1     2.7992     5.2897   70 O    0 0 0
  43 O    1     2.8299     5.3478   64 O    0 1 0

  44 O    1     1.7621     3.3298  125 TI   0 0 0
  44 O    1     2.3266     4.3966  126 TI   0 0 0
  44 O    1     2.7419     5.1814  107 O    0 0 0
  44 O    1     2.7567     5.2094   71 O    0 0 0
  44 O    1     2.7661     5.2272   65 O    0 1 0
  44 O    1     2.7702     5.2350   98 O    0 0 0

  45 O    1     1.7881     3.3790  126 TI   0 0 0
  45 O    1     2.2912     4.3298  124 TI   0 0 1
  45 O    1     2.7277     5.1546   99 O    0 0 0
  45 O    1     2.7500     5.1967   66 O    0 1 0
  45 O    1     2.7919     5.2760  108 O    0 0 0
  45 O    1     2.8179     5.3250   10 BA   0 1 1

  46 O    1     1.8033     3.4078  127 TI   0 0 0
  46 O    1     2.3221     4.3881  128 TI   0 0 0
  46 O    1     2.7476     5.1923   20 BA   0 0 0
  46 O    1     2.7508     5.1982   23 BA   0 0 0
  46 O    1     2.7918     5.2758   76 O    0 0 0
  46 O    1     2.7970     5.2855  100 O    0 0 0

  47 O    1     1.7546     3.3158  128 TI   0 0 0
  47 O    1     2.2893     4.3262  129 TI   0 0 0
  47 O    1     2.7837     5.2604  101 O    0 0 0
  47 O    1     2.7840     5.2610   74 O    0 0 0
  47 O    1     2.7926     5.2772   21 BA   0 0 0
  47 O    1     2.7926     5.2773   24 BA   0 0 0

  48 O    1     1.8182     3.4359  129 TI   0 0 0
  48 O    1     2.2907     4.3288  127 TI   0 0 1
  48 O    1     2.7707     5.2360    1 BA   1 0 1
  48 O    1     2.7723     5.2390   75 O    0 0 0
  48 O    1     2.7764     5.2467  102 O    0 0 0
  48 O    1     2.7859     5.2647   19 BA   0 0 1

  49 O    1     1.8377     3.4728  130 TI   0 0 0
  49 O    1     2.2523     4.2563  131 TI   0 0 0
  49 O    1     2.7463     5.1898   76 O    0 0 0
  49 O    1     2.7614     5.2182   85 O    1 0 0
  49 O    1     2.7627     5.2208    5 BA   1 0 0
  49 O    1     2.8053     5.3013   23 BA   0 0 0

  50 O    1     1.8129     3.4259  131 TI   0 0 0
  50 O    1     2.2717     4.2929  132 TI   0 0 0
  50 O    1     2.7505     5.1977    9 BA   1 0 0
  50 O    1     2.7902     5.2727   80 O    0 0 0
  50 O    1     2.7931     5.2782   27 BA   0 0 0
  50 O    1     2.8150     5.3195  104 O    0 0 0

  51 O    1     1.8195     3.4384  132 TI   0 0 0
  51 O    1     2.2844     4.3169  130 TI   0 0 1
  51 O    1     2.7849     5.2627   87 O    1 0 0
  51 O    1     2.8042     5.2991   78 O    0 0 0
  51 O    1     2.8085     5.3074    7 BA   1 0 1
  51 O    1     2.8125     5.3148   22 BA   0 0 1

  52 O    1     1.8399     3.4770  133 TI   0 0 0
  52 O    1     2.2387     4.2306  134 TI   0 0 0
  52 O    1     2.7497     5.1962  106 O    0 0 0
  52 O    1     2.7750     5.2439   26 BA   0 0 0
  52 O    1     2.7865     5.2658   73 O    0 1 0
  52 O    1     2.8056     5.3019    8 BA   1 0 0

  53 O    1     1.8578     3.5108  134 TI   0 0 0
  53 O    1     2.2850     4.3180  135 TI   0 0 0
  53 O    1     2.7397     5.1773   27 BA   0 0 0
  53 O    1     2.7849     5.2628   80 O    0 0 0
  53 O    1     2.7956     5.2828   21 BA   0 1 0
  53 O    1     2.8111     5.3121    9 BA   1 0 0

  54 O    1     1.7569     3.3201  135 TI   0 0 0
  54 O    1     2.3006     4.3475  133 TI   0 0 1
  54 O    1     2.7442     5.1859  108 O    0 0 0
  54 O    1     2.7599     5.2155   81 O    0 0 0
  54 O    1     2.7680     5.2308   90 O    1 0 0
  54 O    1     2.7771     5.2479    1 BA   1 1 1

  55 O    1     1.9576     3.6993  109 TI   0 0 0
  55 O    1     2.0145     3.8069  115 TI   0-1 0
  55 O    1     2.7422     5.1820   10 BA   0 0 0
  55 O    1     2.7749     5.2438   82 O    0 0 0
  55 O    1     2.7877     5.2680   28 O    0 0 0
  55 O    1     2.8048     5.3003   97 O    0-1 0

  56 O    1     1.9703     3.7234  116 TI   0-1 0
  56 O    1     1.9839     3.7491  110 TI   0 0 0
  56 O    1     2.7329     5.1644   35 O    0-1 0
  56 O    1     2.7758     5.2456   89 O    0-1 0
  56 O    1     2.8050     5.3007   11 BA   0 0 0
  56 O    1     2.8068     5.3041   83 O    0 0 0

  57 O    1     1.9680     3.7190  111 TI   0 0 0
  57 O    1     2.0286     3.8336  117 TI   0-1 0
  57 O    1     2.7545     5.2052   84 O    0 0 0
  57 O    1     2.7600     5.2157    3 BA   0 0 0
  57 O    1     2.7742     5.2424   12 BA   0 0 0
  57 O    1     2.8064     5.3033   93 O    0 0 0

  58 O    1     1.9915     3.7633  112 TI   0 0 0
  58 O    1     2.0189     3.8151  109 TI   0 0 0
  58 O    1     2.7311     5.1611   13 BA   0 0 0
  58 O    1     2.7328     5.1642   94 O    0 0 0
  58 O    1     2.7861     5.2649    4 BA   0 0 0
  58 O    1     2.7985     5.2883   91 O    0 0 0

  59 O    1     1.9815     3.7445  113 TI   0 0 0
  59 O    1     1.9975     3.7748  110 TI   0 0 0
  59 O    1     2.7803     5.2541   32 O    0 0 0
  59 O    1     2.7810     5.2553   86 O    0 0 0
  59 O    1     2.7864     5.2656   83 O    0 0 0
  59 O    1     2.7882     5.2688   29 O    0 0 0

  60 O    1     1.9865     3.7540  114 TI   0 0 0
  60 O    1     2.0042     3.7874  111 TI   0 0 0
  60 O    1     2.7517     5.2000   84 O    0 0 0
  60 O    1     2.7606     5.2168    6 BA   0 0 0
  60 O    1     2.7707     5.2358   87 O    0 0 0
  60 O    1     2.7794     5.2524   30 O    0 0 0

  61 O    1     1.9316     3.6502  112 TI   0 0 0
  61 O    1     2.0385     3.8522  115 TI   0 0 0
  61 O    1     2.7641     5.2233   31 O    0 0 0
  61 O    1     2.7642     5.2236    7 BA   0 0 0
  61 O    1     2.7749     5.2437   94 O    0 0 0
  61 O    1     2.7754     5.2448   16 BA   0 0 0

  62 O    1     2.0019     3.7831  113 TI   0 0 0
  62 O    1     2.0028     3.7847  116 TI   0 0 0
  62 O    1     2.7647     5.2245   32 O    0 0 0
  62 O    1     2.7773     5.2484   86 O    0 0 0
  62 O    1     2.7837     5.2605   95 O    0 0 0
  62 O    1     2.7898     5.2720   89 O    0 0 0

  63 O    1     1.9702     3.7232  117 TI   0 0 0
  63 O    1     1.9941     3.7683  114 TI   0 0 0
  63 O    1     2.7596     5.2148   90 O    0 0 0
  63 O    1     2.7743     5.2427    9 BA   0 0 0
  63 O    1     2.7825     5.2581   36 O    0 0 0
  63 O    1     2.8012     5.2935   87 O    0 0 0

  64 O    1     1.9646     3.7125  118 TI   0 0 0
  64 O    1     1.9881     3.7570  124 TI   0-1 0
  64 O    1     2.7780     5.2498   91 O    0 0 0
  64 O    1     2.7813     5.2560   37 O    0 0 0
  64 O    1     2.7965     5.2846  100 O    0 0 0
  64 O    1     2.7993     5.2898   19 BA   0 0 0

  65 O    1     1.9351     3.6568  119 TI   0 0 0
  65 O    1     2.0416     3.8581  125 TI   0-1 0
  65 O    1     2.7661     5.2272   44 O    0-1 0
  65 O    1     2.7729     5.2401   38 O    0 0 0
  65 O    1     2.7833     5.2596  107 O    0-1 0
  65 O    1     2.7989     5.2892  101 O    0 0 0

  66 O    1     1.9511     3.6870  126 TI   0-1 0
  66 O    1     1.9883     3.7573  120 TI   0 0 0
  66 O    1     2.7500     5.1967   45 O    0-1 0
  66 O    1     2.7758     5.2455   39 O    0 0 0
  66 O    1     2.7771     5.2479   99 O    0-1 0
  66 O    1     2.7812     5.2557  108 O    0-1 0

  67 O    1     1.9688     3.7204  121 TI   0 0 0
  67 O    1     1.9881     3.7570  118 TI   0 0 0
  67 O    1     2.7379     5.1740   13 BA   0 0 0
  67 O    1     2.7465     5.1902   91 O    0 0 0
  67 O    1     2.7842     5.2613   22 BA   0 0 0
  67 O    1     2.7989     5.2891   37 O    0 0 0

  68 O    1     1.9773     3.7365  122 TI   0 0 0
  68 O    1     2.0089     3.7963  119 TI   0 0 0
  68 O    1     2.7400     5.1779   38 O    0 0 0
  68 O    1     2.7747     5.2433  101 O    0 0 0
  68 O    1     2.7940     5.2799   41 O    0 0 0
  68 O    1     2.7968     5.2852   14 BA   0 0 0

  69 O    1     1.9652     3.7137  120 TI   0 0 0
  69 O    1     2.0187     3.8147  123 TI   0 0 0
  69 O    1     2.7579     5.2117   24 BA   0 0 0
  69 O    1     2.7668     5.2285  102 O    0 0 0
  69 O    1     2.7909     5.2739   93 O    0 0 0
  69 O    1     2.8088     5.3078  105 O    0 0 0

  70 O    1     2.0122     3.8024  121 TI   0 0 0
  70 O    1     2.0284     3.8331  124 TI   0 0 0
  70 O    1     2.7605     5.2166   16 BA   0 0 0
  70 O    1     2.7637     5.2226   40 O    0 0 0
  70 O    1     2.7992     5.2897   43 O    0 0 0
  70 O    1     2.8008     5.2927   97 O    0 0 0

  71 O    1     1.9629     3.7094  125 TI   0 0 0
  71 O    1     2.0072     3.7930  122 TI   0 0 0
  71 O    1     2.7567     5.2094   44 O    0 0 0
  71 O    1     2.7785     5.2506  107 O    0 0 0
  71 O    1     2.7835     5.2601   41 O    0 0 0
  71 O    1     2.7875     5.2676   95 O    0 0 0

  72 O    1     1.9739     3.7301  123 TI   0 0 0
  72 O    1     2.0507     3.8752  126 TI   0 0 0
  72 O    1     2.7395     5.1770  105 O    0 0 0
  72 O    1     2.7475     5.1920   42 O    0 0 0
  72 O    1     2.7768     5.2474   96 O    0 0 0
  72 O    1     2.7850     5.2629   27 BA   0 0 0

  73 O    1     1.9197     3.6276  133 TI   0-1 0
  73 O    1     2.0350     3.8456  127 TI   0 0 0
  73 O    1     2.7633     5.2220  106 O    0-1 0
  73 O    1     2.7731     5.2404   19 BA   0 0 0
  73 O    1     2.7865     5.2658   52 O    0-1 0
  73 O    1     2.7933     5.2786    1 BA   1 0 0

  74 O    1     1.9871     3.7552  128 TI   0 0 0
  74 O    1     2.0044     3.7878  134 TI   0-1 0
  74 O    1     2.7615     5.2185   20 BA   0 0 0
  74 O    1     2.7703     5.2351    2 BA   1 0 0
  74 O    1     2.7778     5.2493   83 O    1 0 0
  74 O    1     2.7840     5.2610   47 O    0 0 0

  75 O    1     1.9587     3.7013  129 TI   0 0 0
  75 O    1     1.9782     3.7383  135 TI   0-1 0
  75 O    1     2.7395     5.1768    3 BA   1 0 0
  75 O    1     2.7723     5.2390   48 O    0 0 0
  75 O    1     2.7837     5.2604   54 O    0-1 0
  75 O    1     2.8061     5.3029   84 O    1 0 0

  76 O    1     1.9295     3.6463  130 TI   0 0 0
  76 O    1     1.9997     3.7788  127 TI   0 0 0
  76 O    1     2.7463     5.1898   49 O    0 0 0
  76 O    1     2.7755     5.2449   85 O    1 0 0
  76 O    1     2.7918     5.2758   46 O    0 0 0
  76 O    1     2.8064     5.3033   22 BA   0 0 0

  77 O    1     1.9912     3.7628  128 TI   0 0 0
  77 O    1     2.0087     3.7959  131 TI   0 0 0
  77 O    1     2.7697     5.2340    5 BA   1 0 0
  77 O    1     2.7919     5.2759   23 BA   0 0 0
  77 O    1     2.7939     5.2798   83 O    1 0 0
  77 O    1     2.7978     5.2870   86 O    1 0 0

  78 O    1     1.9521     3.6889  132 TI   0 0 0
  78 O    1     2.0225     3.8220  129 TI   0 0 0
  78 O    1     2.7135     5.1278   24 BA   0 0 0
  78 O    1     2.7629     5.2211    6 BA   1 0 0
  78 O    1     2.7681     5.2309  102 O    0 0 0
  78 O    1     2.8036     5.2980   87 O    1 0 0

  79 O    1     2.0230     3.8230  130 TI   0 0 0
  79 O    1     2.0383     3.8519  133 TI   0 0 0
  79 O    1     2.7650     5.2252   25 BA   0 0 0
  79 O    1     2.7845     5.2620   85 O    1 0 0
  79 O    1     2.7981     5.2877  106 O    0 0 0
  79 O    1     2.8111     5.3122    7 BA   1 0 0

  80 O    1     1.9832     3.7477  134 TI   0 0 0
  80 O    1     1.9865     3.7540  131 TI   0 0 0
  80 O    1     2.7240     5.1477   26 BA   0 0 0
  80 O    1     2.7849     5.2628   53 O    0 0 0
  80 O    1     2.7902     5.2727   50 O    0 0 0
  80 O    1     2.7911     5.2745    8 BA   1 0 0

  81 O    1     1.9843     3.7498  135 TI   0 0 0
  81 O    1     2.0590     3.8909  132 TI   0 0 0
  81 O    1     2.7473     5.1917   90 O    1 0 0
  81 O    1     2.7551     5.2065   27 BA   0 0 0
  81 O    1     2.7599     5.2155   54 O    0 0 0
  81 O    1     2.7775     5.2487  108 O    0 0 0

  82 O    1     1.9215     3.6310  109 TI   0 0 0
  82 O    1     2.0611     3.8950  127 TI  -1 0 0
  82 O    1     2.7749     5.2438   55 O    0 0 0
  82 O    1     2.7867     5.2661   28 O    0 0 0
  82 O    1     2.7887     5.2699    4 BA   0 0 0
  82 O    1     2.8193     5.3278   58 O    0 0 0

  83 O    1     1.9839     3.7490  128 TI  -1 0 0
  83 O    1     1.9868     3.7546  110 TI   0 0 0
  83 O    1     2.7778     5.2493   74 O   -1 0 0
  83 O    1     2.7849     5.2626    2 BA   0 0 0
  83 O    1     2.7864     5.2656   59 O    0 0 0
  83 O    1     2.7939     5.2798   77 O   -1 0 0

  84 O    1     1.9642     3.7117  111 TI   0 0 0
  84 O    1     1.9964     3.7726  129 TI  -1 0 0
  84 O    1     2.7482     5.1934    6 BA   0 0 0
  84 O    1     2.7517     5.2000   60 O    0 0 0
  84 O    1     2.7545     5.2052   57 O    0 0 0
  84 O    1     2.7579     5.2117   30 O    0 0 0

  85 O    1     1.9536     3.6918  130 TI  -1 0 0
  85 O    1     2.0440     3.8627  112 TI   0 0 0
  85 O    1     2.7614     5.2182   49 O   -1 0 0
  85 O    1     2.7755     5.2449   76 O   -1 0 0
  85 O    1     2.7845     5.2620   79 O   -1 0 0
  85 O    1     2.7870     5.2667   61 O    0 0 0

  86 O    1     1.9630     3.7096  113 TI   0 0 0
  86 O    1     1.9943     3.7688  131 TI  -1 0 0
  86 O    1     2.7631     5.2215   32 O    0 0 0
  86 O    1     2.7773     5.2484   62 O    0 0 0
  86 O    1     2.7810     5.2553   59 O    0 0 0
  86 O    1     2.7892     5.2708    8 BA   0 0 0

  87 O    1     1.9737     3.7298  114 TI   0 0 0
  87 O    1     2.0034     3.7859  132 TI  -1 0 0
  87 O    1     2.7477     5.1924    6 BA   0 0 0
  87 O    1     2.7707     5.2358   60 O    0 0 0
  87 O    1     2.7717     5.2378    9 BA   0 0 0
  87 O    1     2.7849     5.2627   51 O   -1 0 0

  88 O    1     1.9454     3.6764  115 TI   0 0 0
  88 O    1     2.0221     3.8212  133 TI  -1 0 0
  88 O    1     2.7709     5.2363   34 O    0 0 0
  88 O    1     2.7888     5.2700   61 O    0 0 0
  88 O    1     2.7934     5.2788    7 BA   0 0 0
  88 O    1     2.7998     5.2909   73 O   -1 1 0

  89 O    1     1.9907     3.7619  134 TI  -1 0 0
  89 O    1     2.0024     3.7840  116 TI   0 0 0
  89 O    1     2.7311     5.1610    8 BA   0 0 0
  89 O    1     2.7608     5.2171   35 O    0 0 0
  89 O    1     2.7758     5.2456   56 O    0 1 0
  89 O    1     2.7898     5.2720   62 O    0 0 0

  90 O    1     1.9711     3.7248  117 TI   0 0 0
  90 O    1     1.9958     3.7714  135 TI  -1 0 0
  90 O    1     2.7473     5.1917   81 O   -1 0 0
  90 O    1     2.7596     5.2148   63 O    0 0 0
  90 O    1     2.7680     5.2308   54 O   -1 0 0
  90 O    1     2.7987     5.2887    9 BA   0 0 0

  91 O    1     1.9364     3.6593  118 TI   0 0 0
  91 O    1     2.0514     3.8766  109 TI   0 0 0
  91 O    1     2.7465     5.1902   67 O    0 0 0
  91 O    1     2.7508     5.1984   13 BA   0 0 0
  91 O    1     2.7780     5.2498   64 O    0 0 0
  91 O    1     2.7910     5.2743   10 BA   0 0 0

  92 O    1     1.9940     3.7681  110 TI   0 0 0
  92 O    1     2.0336     3.8429  119 TI   0 0 0
  92 O    1     2.7453     5.1879   11 BA   0 0 0
  92 O    1     2.7495     5.1958   14 BA   0 0 0
  92 O    1     2.7962     5.2841   59 O    0 0 0
  92 O    1     2.8073     5.3051   68 O    0 0 0

  93 O    1     1.9647     3.7127  111 TI   0 0 0
  93 O    1     2.0160     3.8096  120 TI   0 0 0
  93 O    1     2.7909     5.2739   69 O    0 0 0
  93 O    1     2.7922     5.2765   15 BA   0 0 0
  93 O    1     2.7996     5.2905   60 O    0 0 0
  93 O    1     2.8064     5.3033   57 O    0 0 0

  94 O    1     1.9274     3.6423  112 TI   0 0 0
  94 O    1     2.0521     3.8779  121 TI   0 0 0
  94 O    1     2.7328     5.1642   58 O    0 0 0
  94 O    1     2.7473     5.1917   13 BA   0 0 0
  94 O    1     2.7636     5.2225   16 BA   0 0 0
  94 O    1     2.7662     5.2273   31 O    0 0 0

  95 O    1     1.9984     3.7764  122 TI   0 0 0
  95 O    1     2.0239     3.8246  113 TI   0 0 0
  95 O    1     2.7837     5.2605   62 O    0 0 0
  95 O    1     2.7875     5.2676   71 O    0 0 0
  95 O    1     2.8028     5.2965   17 BA   0 0 0
  95 O    1     2.8153     5.3202   68 O    0 0 0

  96 O    1     1.9343     3.6552  123 TI   0 0 0
  96 O    1     2.0480     3.8701  114 TI   0 0 0
  96 O    1     2.7682     5.2312   42 O    0 0 0
  96 O    1     2.7768     5.2474   72 O    0 0 0
  96 O    1     2.8063     5.3031   33 O    0 0 0
  96 O    1     2.8106     5.3113   15 BA   0 0 0

  97 O    1     1.9726     3.7276  124 TI   0 0 0
  97 O    1     1.9915     3.7634  115 TI   0 0 0
  97 O    1     2.7730     5.2402   43 O    0 0 0
  97 O    1     2.7902     5.2728   34 O    0 0 0
  97 O    1     2.8008     5.2927   70 O    0 0 0
  97 O    1     2.8048     5.3003   55 O    0 1 0

  98 O    1     1.9731     3.7286  116 TI   0 0 0
  98 O    1     2.0034     3.7859  125 TI   0 0 0
  98 O    1     2.7432     5.1839   17 BA   0 0 0
  98 O    1     2.7702     5.2350   44 O    0 0 0
  98 O    1     2.7905     5.2732   71 O    0 0 0
  98 O    1     2.8090     5.3083   62 O    0 0 0

  99 O    1     1.9894     3.7595  126 TI   0 0 0
  99 O    1     2.0522     3.8780  117 TI   0 0 0
  99 O    1     2.7277     5.1546   45 O    0 0 0
  99 O    1     2.7717     5.2378   12 BA   0 1 0
  99 O    1     2.7771     5.2479   66 O    0 1 0
  99 O    1     2.7934     5.2788   36 O    0 0 0

 100 O    1     1.9574     3.6989  127 TI   0 0 0
 100 O    1     2.0288     3.8338  118 TI   0 0 0
 100 O    1     2.7341     5.1668   19 BA   0 0 0
 100 O    1     2.7800     5.2535   22 BA   0 0 0
 100 O    1     2.7965     5.2846   64 O    0 0 0
 100 O    1     2.7970     5.2855   46 O    0 0 0

 101 O    1     1.9596     3.7032  119 TI   0 0 0
 101 O    1     2.0112     3.8006  128 TI   0 0 0
 101 O    1     2.7288     5.1567   23 BA   0 0 0
 101 O    1     2.7664     5.2278   20 BA   0 0 0
 101 O    1     2.7747     5.2433   68 O    0 0 0
 101 O    1     2.7837     5.2604   47 O    0 0 0

 102 O    1     2.0002     3.7798  120 TI   0 0 0
 102 O    1     2.0063     3.7914  129 TI   0 0 0
 102 O    1     2.7668     5.2285   69 O    0 0 0
 102 O    1     2.7681     5.2309   78 O    0 0 0
 102 O    1     2.7725     5.2392   24 BA   0 0 0
 102 O    1     2.7764     5.2467   48 O    0 0 0

 103 O    1     1.9280     3.6434  121 TI   0 0 0
 103 O    1     2.0343     3.8443  130 TI   0 0 0
 103 O    1     2.7488     5.1945   22 BA   0 0 0
 103 O    1     2.7494     5.1957   40 O    0 0 0
 103 O    1     2.7595     5.2147   25 BA   0 0 0
 103 O    1     2.8004     5.2921   67 O    0 0 0

 104 O    1     1.9740     3.7303  122 TI   0 0 0
 104 O    1     2.0072     3.7930  131 TI   0 0 0
 104 O    1     2.7411     5.1799   26 BA   0 0 0
 104 O    1     2.7864     5.2656   23 BA   0 0 0
 104 O    1     2.7918     5.2758   80 O    0 0 0
 104 O    1     2.8057     5.3019   71 O    0 0 0

 105 O    1     1.9831     3.7475  123 TI   0 0 0
 105 O    1     2.0030     3.7851  132 TI   0 0 0
 105 O    1     2.7283     5.1557   42 O    0 0 0
 105 O    1     2.7395     5.1770   72 O    0 0 0
 105 O    1     2.7836     5.2603   24 BA   0 0 0
 105 O    1     2.8086     5.3074   27 BA   0 0 0

 106 O    1     1.9704     3.7234  133 TI   0 0 0
 106 O    1     2.0412     3.8574  124 TI   0 0 0
 106 O    1     2.7497     5.1962   52 O    0 0 0
 106 O    1     2.7633     5.2220   73 O    0 1 0
 106 O    1     2.7662     5.2274   19 BA   0 1 0
 106 O    1     2.7981     5.2877   79 O    0 0 0

 107 O    1     1.9320     3.6509  125 TI   0 0 0
 107 O    1     2.0452     3.8648  134 TI   0 0 0
 107 O    1     2.7419     5.1814   44 O    0 0 0
 107 O    1     2.7785     5.2506   71 O    0 0 0
 107 O    1     2.7833     5.2596   65 O    0 1 0
 107 O    1     2.8071     5.3047   80 O    0 0 0

 108 O    1     1.9669     3.7169  126 TI   0 0 0
 108 O    1     1.9680     3.7189  135 TI   0 0 0
 108 O    1     2.7442     5.1859   54 O    0 0 0
 108 O    1     2.7775     5.2487   81 O    0 0 0
 108 O    1     2.7812     5.2557   66 O    0 1 0
 108 O    1     2.7919     5.2760   45 O    0 0 0

 109 TI   1     1.8342     3.4661   28 O    0 0 0
 109 TI   1     1.9215     3.6310   82 O    0 0 0
 109 TI   1     1.9576     3.6993   55 O    0 0 0
 109 TI   1     2.0189     3.8151   58 O    0 0 0
 109 TI   1     2.0514     3.8766   91 O    0 0 0
 109 TI   1     2.2466     4.2455   30 O    0 0-1

 110 TI   1     1.8672     3.5284   29 O    0 0 0
 110 TI   1     1.9839     3.7491   56 O    0 0 0
 110 TI   1     1.9868     3.7546   83 O    0 0 0
 110 TI   1     1.9940     3.7681   92 O    0 0 0
 110 TI   1     1.9975     3.7748   59 O    0 0 0
 110 TI   1     2.2590     4.2690   28 O    0 0 0

 111 TI   1     1.7875     3.3780   30 O    0 0 0
 111 TI   1     1.9642     3.7117   84 O    0 0 0
 111 TI   1     1.9647     3.7127   93 O    0 0 0
 111 TI   1     1.9680     3.7190   57 O    0 0 0
 111 TI   1     2.0042     3.7874   60 O    0 0 0
 111 TI   1     2.2841     4.3163   29 O    0 0 0

 112 TI   1     1.8536     3.5029   31 O    0 0 0
 112 TI   1     1.9274     3.6423   94 O    0 0 0
 112 TI   1     1.9316     3.6502   61 O    0 0 0
 112 TI   1     1.9915     3.7633   58 O    0 0 0
 112 TI   1     2.0440     3.8627   85 O    0 0 0
 112 TI   1     2.2447     4.2418   33 O    0 0-1

 113 TI   1     1.7756     3.3554   32 O    0 0 0
 113 TI   1     1.9630     3.7096   86 O    0 0 0
 113 TI   1     1.9815     3.7445   59 O    0 0 0
 113 TI   1     2.0019     3.7831   62 O    0 0 0
 113 TI   1     2.0239     3.8246   95 O    0 0 0
 113 TI   1     2.2819     4.3122   31 O    0 0 0

 114 TI   1     1.8591     3.5131   33 O    0 0 0
 114 TI   1     1.9737     3.7298   87 O    0 0 0
 114 TI   1     1.9865     3.7540   60 O    0 0 0
 114 TI   1     1.9941     3.7683   63 O    0 0 0
 114 TI   1     2.0480     3.8701   96 O    0 0 0
 114 TI   1     2.2621     4.2747   32 O    0 0 0

 115 TI   1     1.7915     3.3854   34 O    0 0 0
 115 TI   1     1.9454     3.6764   88 O    0 0 0
 115 TI   1     1.9915     3.7634   97 O    0 0 0
 115 TI   1     2.0145     3.8069   55 O    0 1 0
 115 TI   1     2.0385     3.8522   61 O    0 0 0
 115 TI   1     2.3164     4.3773   36 O    0 0-1

 116 TI   1     1.8092     3.4189   35 O    0 0 0
 116 TI   1     1.9703     3.7234   56 O    0 1 0
 116 TI   1     1.9731     3.7286   98 O    0 0 0
 116 TI   1     2.0024     3.7840   89 O    0 0 0
 116 TI   1     2.0028     3.7847   62 O    0 0 0
 116 TI   1     2.2583     4.2676   34 O    0 0 0

 117 TI   1     1.8316     3.4612   36 O    0 0 0
 117 TI   1     1.9702     3.7232   63 O    0 0 0
 117 TI   1     1.9711     3.7248   90 O    0 0 0
 117 TI   1     2.0286     3.8336   57 O    0 1 0
 117 TI   1     2.0522     3.8780   99 O    0 0 0
 117 TI   1     2.2727     4.2948   35 O    0 0 0

 118 TI   1     1.7916     3.3856   37 O    0 0 0
 118 TI   1     1.9364     3.6593   91 O    0 0 0
 118 TI   1     1.9646     3.7125   64 O    0 0 0
 118 TI   1     1.9881     3.7570   67 O    0 0 0
 118 TI   1     2.0288     3.8338  100 O    0 0 0
 118 TI   1     2.2894     4.3264   39 O    0 0-1

 119 TI   1     1.8110     3.4223   38 O    0 0 0
 119 TI   1     1.9351     3.6568   65 O    0 0 0
 119 TI   1     1.9596     3.7032  101 O    0 0 0
 119 TI   1     2.0089     3.7963   68 O    0 0 0
 119 TI   1     2.0336     3.8429   92 O    0 0 0
 119 TI   1     2.2697     4.2891   37 O    0 0 0

 120 TI   1     1.8652     3.5248   39 O    0 0 0
 120 TI   1     1.9652     3.7137   69 O    0 0 0
 120 TI   1     1.9883     3.7573   66 O    0 0 0
 120 TI   1     2.0002     3.7798  102 O    0 0 0
 120 TI   1     2.0160     3.8096   93 O    0 0 0
 120 TI   1     2.2522     4.2560   38 O    0 0 0

 121 TI   1     1.8177     3.4350   40 O    0 0 0
 121 TI   1     1.9280     3.6434  103 O    0 0 0
 121 TI   1     1.9688     3.7204   67 O    0 0 0
 121 TI   1     2.0122     3.8024   70 O    0 0 0
 121 TI   1     2.0521     3.8779   94 O    0 0 0
 121 TI   1     2.2876     4.3230   42 O    0 0-1

 122 TI   1     1.8388     3.4748   41 O    0 0 0
 122 TI   1     1.9740     3.7303  104 O    0 0 0
 122 TI   1     1.9773     3.7365   68 O    0 0 0
 122 TI   1     1.9984     3.7764   95 O    0 0 0
 122 TI   1     2.0072     3.7930   71 O    0 0 0
 122 TI   1     2.2768     4.3025   40 O    0 0 0

 123 TI   1     1.7615     3.3288   42 O    0 0 0
 123 TI   1     1.9343     3.6552   96 O    0 0 0
 123 TI   1     1.9739     3.7301   72 O    0 0 0
 123 TI   1     1.9831     3.7475  105 O    0 0 0
 123 TI   1     2.0187     3.8147   69 O    0 0 0
 123 TI   1     2.2961     4.3390   41 O    0 0 0

 124 TI   1     1.8383     3.4738   43 O    0 0 0
 124 TI   1     1.9726     3.7276   97 O    0 0 0
 124 TI   1     1.9881     3.7570   64 O    0 1 0
 124 TI   1     2.0284     3.8331   70 O    0 0 0
 124 TI   1     2.0412     3.8574  106 O    0 0 0
 124 TI   1     2.2912     4.3298   45 O    0 0-1

 125 TI   1     1.7621     3.3298   44 O    0 0 0
 125 TI   1     1.9320     3.6509  107 O    0 0 0
 125 TI   1     1.9629     3.7094   71 O    0 0 0
 125 TI   1     2.0034     3.7859   98 O    0 0 0
 125 TI   1     2.0416     3.8581   65 O    0 1 0
 125 TI   1     2.2723     4.2940   43 O    0 0 0

 126 TI   1     1.7881     3.3790   45 O    0 0 0
 126 TI   1     1.9511     3.6870   66 O    0 1 0
 126 TI   1     1.9669     3.7169  108 O    0 0 0
 126 TI   1     1.9894     3.7595   99 O    0 0 0
 126 TI   1     2.0507     3.8752   72 O    0 0 0
 126 TI   1     2.3266     4.3966   44 O    0 0 0

 127 TI   1     1.8033     3.4078   46 O    0 0 0
 127 TI   1     1.9574     3.6989  100 O    0 0 0
 127 TI   1     1.9997     3.7788   76 O    0 0 0
 127 TI   1     2.0350     3.8456   73 O    0 0 0
 127 TI   1     2.0611     3.8950   82 O    1 0 0
 127 TI   1     2.2907     4.3288   48 O    0 0-1

 128 TI   1     1.7546     3.3158   47 O    0 0 0
 128 TI   1     1.9839     3.7490   83 O    1 0 0
 128 TI   1     1.9871     3.7552   74 O    0 0 0
 128 TI   1     1.9912     3.7628   77 O    0 0 0
 128 TI   1     2.0112     3.8006  101 O    0 0 0
 128 TI   1     2.3221     4.3881   46 O    0 0 0

 129 TI   1     1.8182     3.4359   48 O    0 0 0
 129 TI   1     1.9587     3.7013   75 O    0 0 0
 129 TI   1     1.9964     3.7726   84 O    1 0 0
 129 TI   1     2.0063     3.7914  102 O    0 0 0
 129 TI   1     2.0225     3.8220   78 O    0 0 0
 129 TI   1     2.2893     4.3262   47 O    0 0 0

 130 TI   1     1.8377     3.4728   49 O    0 0 0
 130 TI   1     1.9295     3.6463   76 O    0 0 0
 130 TI   1     1.9536     3.6918   85 O    1 0 0
 130 TI   1     2.0230     3.8230   79 O    0 0 0
 130 TI   1     2.0343     3.8443  103 O    0 0 0
 130 TI   1     2.2844     4.3169   51 O    0 0-1

 131 TI   1     1.8129     3.4259   50 O    0 0 0
 131 TI   1     1.9865     3.7540   80 O    0 0 0
 131 TI   1     1.9943     3.7688   86 O    1 0 0
 131 TI   1     2.0072     3.7930  104 O    0 0 0
 131 TI   1     2.0087     3.7959   77 O    0 0 0
 131 TI   1     2.2523     4.2563   49 O    0 0 0

 132 TI   1     1.8195     3.4384   51 O    0 0 0
 132 TI   1     1.9521     3.6889   78 O    0 0 0
 132 TI   1     2.0030     3.7851  105 O    0 0 0
 132 TI   1     2.0034     3.7859   87 O    1 0 0
 132 TI   1     2.0590     3.8909   81 O    0 0 0
 132 TI   1     2.2717     4.2929   50 O    0 0 0

 133 TI   1     1.8399     3.4770   52 O    0 0 0
 133 TI   1     1.9197     3.6276   73 O    0 1 0
 133 TI   1     1.9704     3.7234  106 O    0 0 0
 133 TI   1     2.0221     3.8212   88 O    1 0 0
 133 TI   1     2.0383     3.8519   79 O    0 0 0
 133 TI   1     2.3006     4.3475   54 O    0 0-1

 134 TI   1     1.8578     3.5108   53 O    0 0 0
 134 TI   1     1.9832     3.7477   80 O    0 0 0
 134 TI   1     1.9907     3.7619   89 O    1 0 0
 134 TI   1     2.0044     3.7878   74 O    0 1 0
 134 TI   1     2.0452     3.8648  107 O    0 0 0
 134 TI   1     2.2387     4.2306   52 O    0 0 0

 135 TI   1     1.7569     3.3201   54 O    0 0 0
 135 TI   1     1.9680     3.7189  108 O    0 0 0
 135 TI   1     1.9782     3.7383   75 O    0 1 0
 135 TI   1     1.9843     3.7498   81 O    0 0 0
 135 TI   1     1.9958     3.7714   90 O    1 0 0
 135 TI   1     2.2850     4.3180   53 O    0 0 0


 SYMMETRY ALLOWED INTERNAL DEGREE(S) OF FREEDOM: 402
 TTTTTTTTTTTTTTTTTTTTTTTTTTTTTT SYMM        TELAPSE        4.30 TCPU        4.03
 TTTTTTTTTTTTTTTTTTTTTTTTTTTTTT INT_SCREEN  TELAPSE        4.40 TCPU        4.13

 DFT PARAMETERS

     ATOM       ELECTRONS   NET CHARGE   R(ANGSTROM)
   1 256  BA     10.0000      0.0000     2.24000000
  28   8  O       8.0000      0.0000     0.74000000
 109  22  TI     22.0000      0.0000     1.47000000

 SIZE OF GRID=    2837962
 TTTTTTTTTTTTTTTTTTTTTTTTTTTTTT MAKE_GRID2  TELAPSE       44.74 TCPU       44.47
 BECKE WEIGHT FUNCTION
 RADSAFE =     2.00
 TOLERANCES - DENSITY:10**- 6; POTENTIAL:10**- 9; GRID WGT:10**-14

 RADIAL INTEGRATION  - INTERVALS (POINTS,UPPER LIMIT):            1( 75,  4.0*R)

 ANGULAR INTEGRATION - INTERVALS (ACCURACY LEVEL [N. POINTS] UPPER LIMIT):
  1(  4[  86]   0.2)  2(  8[ 194]   0.5)  3( 12[ 350]   0.9)  4( 16[ 974]   3.5)
  5( 12[ 350]9999.0)
 TTTTTTTTTTTTTTTTTTTTTTTTTTTTTT INT_CALC    TELAPSE       44.86 TCPU       44.58
 EEEEEEEEEE INT_CALC TERMINATION  DATE 25 03 2026 TIME 17:14:15.3

 *******************************************************************************
 converted and standardized from ase Atoms() object for Ba27Ti27O81 in space grou
 CRYSTAL - SCF - TYPE OF CALCULATION :  RESTRICTED CLOSED SHELL
 *******************************************************************************

 CAPPA:IS1  2;IS2  2;IS3  2; K PTS MONK NET   8; SYMMOPS:K SPACE   2;G SPACE   1

 TTTTTTTTTTTTTTTTTTTTTTTTTTTTTT SDIK        TELAPSE       47.22 TCPU       46.95

 AAAAAAAAAAAAAAAAAAAAAAAAAAAAAAAAAAAAAAAAAAAAAAAAAAAAAAAAAAAAAAAAAAAAAAAAAAAAAAA
         ATOMIC WAVEFUNCTION(S)


 NUCLEAR CHARGE 10.0  SYMMETRY SPECIES            S    P
 N. ELECTRONS   10.0  NUMBER OF PRIMITIVE GTOS    5    5
                      NUMBER OF CONTRACTED GTOS   3    2
                      NUMBER OF CLOSED SHELLS     2    1
                      OPEN SHELL OCCUPATION       0    0

  ZNUC  SCFIT    TOTAL HF ENERGY   KINETIC ENERGY   VIRIAL THEOREM             ACCURACY
  10.0     4    -2.474305552E+01  8.075374960E+00 -4.064013205E+00  1.0E-06

 NUCLEAR CHARGE  8.0  SYMMETRY SPECIES            S    P
 N. ELECTRONS    8.0  NUMBER OF PRIMITIVE GTOS   10    6
                      NUMBER OF CONTRACTED GTOS   4    3
                      NUMBER OF CLOSED SHELLS     2    0
                      OPEN SHELL OCCUPATION       0    4

  ZNUC  SCFIT    TOTAL HF ENERGY   KINETIC ENERGY   VIRIAL THEOREM             ACCURACY
   8.0    13    -7.480154908E+01  7.478929754E+01 -2.000163814E+00  2.2E-06

 NUCLEAR CHARGE 22.0  SYMMETRY SPECIES            S    P    D
 N. ELECTRONS   22.0  NUMBER OF PRIMITIVE GTOS   17   11    6
                      NUMBER OF CONTRACTED GTOS   6    4    3
                      NUMBER OF CLOSED SHELLS     4    2    0
                      OPEN SHELL OCCUPATION       0    0    2

  ZNUC  SCFIT    TOTAL HF ENERGY   KINETIC ENERGY   VIRIAL THEOREM             ACCURACY
  22.0    51    -8.483283897E+02  8.486954851E+02 -1.999567459E+00  4.0E-06

 AAAAAAAAAAAAAAAAAAAAAAAAAAAAAAAAAAAAAAAAAAAAAAAAAAAAAAAAAAAAAAAAAAAAAAAAAAAAAAA

 CHARGE NORMALIZATION FACTOR   1.00000000
 TOTAL ATOMIC CHARGES:
  10.0000000  10.0000000  10.0000000  10.0000000  10.0000000  10.0000000
  10.0000000  10.0000000  10.0000000  10.0000000  10.0000000  10.0000000
  10.0000000  10.0000000  10.0000000  10.0000000  10.0000000  10.0000000
  10.0000000  10.0000000  10.0000000  10.0000000  10.0000000  10.0000000
  10.0000000  10.0000000  10.0000000   8.0000000   8.0000000   8.0000000
   8.0000000   8.0000000   8.0000000   8.0000000   8.0000000   8.0000000
   8.0000000   8.0000000   8.0000000   8.0000000   8.0000000   8.0000000
   8.0000000   8.0000000   8.0000000   8.0000000   8.0000000   8.0000000
   8.0000000   8.0000000   8.0000000   8.0000000   8.0000000   8.0000000
   8.0000000   8.0000000   8.0000000   8.0000000   8.0000000   8.0000000
   8.0000000   8.0000000   8.0000000   8.0000000   8.0000000   8.0000000
   8.0000000   8.0000000   8.0000000   8.0000000   8.0000000   8.0000000
   8.0000000   8.0000000   8.0000000   8.0000000   8.0000000   8.0000000
   8.0000000   8.0000000   8.0000000   8.0000000   8.0000000   8.0000000
   8.0000000   8.0000000   8.0000000   8.0000000   8.0000000   8.0000000
   8.0000000   8.0000000   8.0000000   8.0000000   8.0000000   8.0000000
   8.0000000   8.0000000   8.0000000   8.0000000   8.0000000   8.0000000
   8.0000000   8.0000000   8.0000000   8.0000000   8.0000000   8.0000000
  22.0000000  22.0000000  22.0000000  22.0000000  22.0000000  22.0000000
  22.0000000  22.0000000  22.0000000  22.0000000  22.0000000  22.0000000
  22.0000000  22.0000000  22.0000000  22.0000000  22.0000000  22.0000000
  22.0000000  22.0000000  22.0000000  22.0000000  22.0000000  22.0000000
  22.0000000  22.0000000  22.0000000
 TTTTTTTTTTTTTTTTTTTTTTTTTTTTTT MOQGAD      TELAPSE       47.32 TCPU       47.05
 TTTTTTTTTTTTTTTTTTTTTTTTTTTTTT SHELLXN     TELAPSE      406.02 TCPU      405.13
 TTTTTTTTTTTTTTTTTTTTTTTTTTTTTT MONMO3      TELAPSE      418.55 TCPU      417.66
 NUMERICALLY INTEGRATED DENSITY   1511.9951597026
 TTTTTTTTTTTTTTTTTTTTTTTTTTTTTT NUMDFT      TELAPSE      436.02 TCPU      435.12
 CYC   0 ETOT(AU) -2.971201315659E+04 DETOT -2.97E+04 tst  0.00E+00 PX  1.00E+00
 TTTTTTTTTTTTTTTTTTTTTTTTTTTTTT DIIS        TELAPSE      436.30 TCPU      435.40
 TTTTTTTTTTTTTTTTTTTTTTTTTTTTTT FDIK        TELAPSE      452.57 TCPU      451.55
 INSULATING STATE
 TOP OF VALENCE BANDS -    BAND    756; K    8; EIG -3.4798794E-01 AU
 TOP OF VALENCE BANDS -    BAND    756; K    1; EIG -3.5288746E-01 AU
 BOTTOM OF VIRTUAL BANDS - BAND    757; K    1; EIG -8.3304717E-02 AU
 INDIRECT ENERGY BAND GAP:   7.2024 eV
 TTTTTTTTTTTTTTTTTTTTTTTTTTTTTT PDIG        TELAPSE      455.10 TCPU      454.07
 CHARGE NORMALIZATION FACTOR   1.00000000
 TOTAL ATOMIC CHARGES:
   8.1570602   8.1597111   8.1620052   8.1619584   8.1679359   8.1622770
   8.1691258   8.1678997   8.1677403   8.1636625   8.1602879   8.1632269
   8.1656197   8.1667832   8.1669517   8.1684893   8.1715527   8.1635717
   8.1646115   8.1640235   8.1574320   8.1635816   8.1630505   8.1665342
   8.1672266   8.1717592   8.1692375   9.4609250   9.4740690   9.4403221
   9.4729737   9.4383375   9.4656242   9.4440669   9.4544256   9.4658885
   9.4432504   9.4521055   9.4782256   9.4565355   9.4690095   9.4331195
   9.4685988   9.4366030   9.4464449   9.4580301   9.4269924   9.4579736
   9.4639613   9.4542208   9.4581462   9.4602061   9.4733659   9.4318839
   9.4749727   9.4754040   9.4782180   9.4841903   9.4784920   9.4821541
   9.4767423   9.4830312   9.4789039   9.4762277   9.4725730   9.4762938
   9.4765152   9.4808443   9.4813802   9.4862262   9.4770054   9.4822536
   9.4737087   9.4805493   9.4734414   9.4705076   9.4829529   9.4790847
   9.4907549   9.4802534   9.4884439   9.4748933   9.4787861   9.4764714
   9.4798681   9.4783843   9.4810716   9.4759230   9.4809362   9.4773264
   9.4789784   9.4857120   9.4783242   9.4786860   9.4828101   9.4754145
   9.4796386   9.4768264   9.4847493   9.4776513   9.4801689   9.4847897
   9.4748774   9.4835629   9.4798071   9.4820556   9.4765037   9.4739356
  19.4227627  19.4008820  19.4544820  19.4446196  19.4441511  19.3790939
  19.4110440  19.4283084  19.4020084  19.4437824  19.4328757  19.3951162
  19.4168860  19.4173902  19.4760562  19.3858575  19.4678861  19.4302358
  19.3932441  19.4419612  19.3985990  19.4191415  19.4067643  19.4066467
  19.4114254  19.3872305  19.4636506
 TTTTTTTTTTTTTTTTTTTTTTTTTTTTTT MOQGAD      TELAPSE      455.15 TCPU      454.13
 TTTTTTTTTTTTTTTTTTTTTTTTTTTTTT SHELLXN     TELAPSE      833.86 TCPU      832.62
 TTTTTTTTTTTTTTTTTTTTTTTTTTTTTT MONMO3      TELAPSE      846.36 TCPU      845.12
 NUMERICALLY INTEGRATED DENSITY   1511.9949587831
 TTTTTTTTTTTTTTTTTTTTTTTTTTTTTT NUMDFT      TELAPSE      863.60 TCPU      862.35
 CYC   1 ETOT(AU) -2.970520503676E+04 DETOT  6.81E+00 tst  0.00E+00 PX  1.00E+00
 TTTTTTTTTTTTTTTTTTTTTTTTTTTTTT DIIS        TELAPSE      867.78 TCPU      866.53
 DIIS TEST: 0.75894E+02 AT SCF   CYCLE   1 - MIX   80 %
 TTTTTTTTTTTTTTTTTTTTTTTTTTTTTT FDIK        TELAPSE      883.89 TCPU      882.59
 INSULATING STATE
 TOP OF VALENCE BANDS -    BAND    756; K    8; EIG -2.5895741E-01 AU
 TOP OF VALENCE BANDS -    BAND    756; K    1; EIG -2.6703664E-01 AU
 BOTTOM OF VIRTUAL BANDS - BAND    757; K    1; EIG -1.0226488E-01 AU
 INDIRECT ENERGY BAND GAP:   4.2638 eV
 TTTTTTTTTTTTTTTTTTTTTTTTTTTTTT PDIG        TELAPSE      886.41 TCPU      885.11
 CHARGE NORMALIZATION FACTOR   1.00000000
 TOTAL ATOMIC CHARGES:
   8.2496261   8.2516423   8.2526143   8.2537191   8.2543239   8.2521756
   8.2552245   8.2556775   8.2538801   8.2527284   8.2520358   8.2539559
   8.2540681   8.2550937   8.2544439   8.2554562   8.2552957   8.2531553
   8.2524062   8.2530205   8.2495234   8.2528619   8.2521014   8.2535895
   8.2541412   8.2564929   8.2553128   9.1967001   9.2049580   9.1907760
   9.2011553   9.1836615   9.2056835   9.1790232   9.1905007   9.1966572
   9.1894885   9.1879937   9.2052974   9.1847094   9.1971853   9.1834704
   9.1909776   9.1786948   9.1788125   9.1769253   9.1701728   9.1899296
   9.1987827   9.1931913   9.1897649   9.2012420   9.2018899   9.1701726
   9.2343458   9.2352537   9.2373570   9.2424894   9.2289637   9.2335366
   9.2323104   9.2336475   9.2284282   9.2325140   9.2323091   9.2332052
   9.2366580   9.2361510   9.2331540   9.2351734   9.2293833   9.2355615
   9.2334779   9.2390232   9.2379119   9.2308832   9.2334171   9.2378119
   9.2353879   9.2341037   9.2349392   9.2307526   9.2331284   9.2411657
   9.2324023   9.2318929   9.2334678   9.2332552   9.2352565   9.2299092
   9.2339456   9.2404271   9.2288944   9.2352507   9.2344338   9.2299069
   9.2315932   9.2358505   9.2380771   9.2303575   9.2381389   9.2306834
   9.2349611   9.2359164   9.2358129   9.2299798   9.2306145   9.2345956
  20.0895359  20.0875394  20.0897263  20.1038873  20.0869606  20.0679412
  20.0803521  20.0879266  20.0922831  20.0860846  20.0932485  20.0761741
  20.0907415  20.0957231  20.1031045  20.0800313  20.1039138  20.0936560
  20.0882117  20.0935758  20.0795697  20.0862683  20.0717585  20.0897874
  20.0824577  20.0846648  20.0944258
 TTTTTTTTTTTTTTTTTTTTTTTTTTTTTT MOQGAD      TELAPSE      886.47 TCPU      885.17
 TTTTTTTTTTTTTTTTTTTTTTTTTTTTTT SHELLXN     TELAPSE     1265.39 TCPU     1263.79
 TTTTTTTTTTTTTTTTTTTTTTTTTTTTTT MONMO3      TELAPSE     1277.97 TCPU     1276.37
 NUMERICALLY INTEGRATED DENSITY   1511.9941447624
 TTTTTTTTTTTTTTTTTTTTTTTTTTTTTT NUMDFT      TELAPSE     1295.01 TCPU     1293.41
 CYC   2 ETOT(AU) -2.971621726067E+04 DETOT -1.10E+01 tst  3.33E-03 PX  6.98E-02
 TTTTTTTTTTTTTTTTTTTTTTTTTTTTTT DIIS        TELAPSE     1299.33 TCPU     1297.73
 DIIS TEST: 0.14272E+02 AT SCF   CYCLE   2 - DIIS ACTIVE - HISTORY:     2 CYCLES
 TTTTTTTTTTTTTTTTTTTTTTTTTTTTTT FDIK        TELAPSE     1315.14 TCPU     1313.50
 INSULATING STATE
 TOP OF VALENCE BANDS -    BAND    756; K    8; EIG -1.5159452E-01 AU
 TOP OF VALENCE BANDS -    BAND    756; K    1; EIG -1.6058621E-01 AU
 BOTTOM OF VIRTUAL BANDS - BAND    757; K    1; EIG -2.3601102E-02 AU
 INDIRECT ENERGY BAND GAP:   3.4829 eV
 TTTTTTTTTTTTTTTTTTTTTTTTTTTTTT PDIG        TELAPSE     1317.68 TCPU     1316.04
 CHARGE NORMALIZATION FACTOR   1.00000000
 TOTAL ATOMIC CHARGES:
   8.3446901   8.3431770   8.3416110   8.3450352   8.3346810   8.3417329
   8.3356838   8.3390911   8.3343111   8.3382579   8.3437791   8.3428779
   8.3397102   8.3387581   8.3359461   8.3392512   8.3320852   8.3414189
   8.3374130   8.3411464   8.3447314   8.3409330   8.3408126   8.3372670
   8.3384213   8.3331978   8.3380838   9.0518143   9.0580302   9.0520353
   9.0510139   9.0482946   9.0562761   9.0594184   9.0478934   9.0653620
   9.0544667   9.0518581   9.0484593   9.0589656   9.0568674   9.0538571
   9.0507176   9.0526729   9.0561619   9.0715119   9.0479720   9.0581559
   9.0610665   9.0510519   9.0521699   9.0515206   9.0609757   9.0422483
   9.0403437   9.0367691   9.0389162   9.0344587   9.0284210   9.0299361
   9.0481423   9.0279535   9.0415407   9.0419430   9.0342161   9.0344610
   9.0431687   9.0322808   9.0326756   9.0376141   9.0404848   9.0312032
   9.0492078   9.0440901   9.0457919   9.0451183   9.0361034   9.0459520
   9.0200103   9.0499237   9.0305849   9.0406134   9.0393035   9.0431398
   9.0271341   9.0377187   9.0436891   9.0385096   9.0381142   9.0357396
   9.0317632   9.0400668   9.0292341   9.0410646   9.0304734   9.0278489
   9.0415032   9.0419863   9.0284948   9.0469671   9.0527362   9.0287144
   9.0478111   9.0397414   9.0377069   9.0289087   9.0366571   9.0443866
  20.5255075  20.5382391  20.5056986  20.5030311  20.5234116  20.5929764
  20.5386105  20.5333805  20.5453745  20.5131661  20.5086762  20.5473219
  20.5187067  20.5201179  20.4915839  20.5586801  20.5008245  20.5103958
  20.5421691  20.5157685  20.5464126  20.5329631  20.5558476  20.5475538
  20.5530960  20.5602889  20.4939183
 TTTTTTTTTTTTTTTTTTTTTTTTTTTTTT MOQGAD      TELAPSE     1317.74 TCPU     1316.10
 TTTTTTTTTTTTTTTTTTTTTTTTTTTTTT SHELLXN     TELAPSE     1696.41 TCPU     1694.64
 TTTTTTTTTTTTTTTTTTTTTTTTTTTTTT MONMO3      TELAPSE     1708.96 TCPU     1707.18
 NUMERICALLY INTEGRATED DENSITY   1511.9936336637
 TTTTTTTTTTTTTTTTTTTTTTTTTTTTTT NUMDFT      TELAPSE     1726.03 TCPU     1724.25
 CYC   3 ETOT(AU) -2.971860903675E+04 DETOT -2.39E+00 tst  2.38E-03 PX  5.98E-02
 TTTTTTTTTTTTTTTTTTTTTTTTTTTTTT DIIS        TELAPSE     1730.33 TCPU     1728.55
 DIIS TEST: 0.19923E+00 AT SCF   CYCLE   3 - DIIS ACTIVE - HISTORY:     3 CYCLES
 TTTTTTTTTTTTTTTTTTTTTTTTTTTTTT FDIK        TELAPSE     1746.36 TCPU     1744.57
 INSULATING STATE
 TOP OF VALENCE BANDS -    BAND    756; K    8; EIG -1.5289298E-01 AU
 TOP OF VALENCE BANDS -    BAND    756; K    1; EIG -1.6279724E-01 AU
 BOTTOM OF VIRTUAL BANDS - BAND    757; K    1; EIG -6.2836153E-03 AU
 INDIRECT ENERGY BAND GAP:   3.9894 eV
 TTTTTTTTTTTTTTTTTTTTTTTTTTTTTT PDIG        TELAPSE     1748.92 TCPU     1747.13
 CHARGE NORMALIZATION FACTOR   1.00000000
 TOTAL ATOMIC CHARGES:
   8.3449745   8.3453277   8.3445377   8.3474222   8.3410876   8.3432347
   8.3409353   8.3441014   8.3394076   8.3429506   8.3460319   8.3467158
   8.3436458   8.3454828   8.3424874   8.3435950   8.3393502   8.3446119
   8.3410978   8.3434714   8.3455448   8.3443085   8.3436880   8.3412152
   8.3418192   8.3411705   8.3426274   9.0145418   9.0119104   9.0395498
   8.9924738   9.0154907   9.0610710   8.9961738   9.0190627   8.9927312
   9.0305673   8.9988893   9.0129352   8.9755488   8.9946368   9.0232404
   8.9929244   9.0075004   8.9692896   8.9417047   9.0063878   8.9993983
   9.0064160   9.0342652   9.0035147   9.0404569   9.0104243   8.9835796
   9.1011411   9.1093486   9.1098357   9.1185726   9.0898787   9.1004085
   9.0870818   9.0905470   9.0816770   9.0953788   9.0993250   9.0996702
   9.1103926   9.1014672   9.0932420   9.0863502   9.0801705   9.0926597
   9.0991273   9.1059235   9.1157698   9.1038148   9.0870125   9.1059377
   9.0898088   9.0963327   9.0822290   9.0900633   9.0895307   9.1217807
   9.0968692   9.0935330   9.0907186   9.1015924   9.0977727   9.0839090
   9.1064752   9.1080137   9.0905201   9.1002929   9.0964962   9.0983292
   9.0912575   9.1043447   9.1014471   9.0821675   9.0930848   9.0790922
   9.0997430   9.0935772   9.1025143   9.0869166   9.0882864   9.1027908
  20.4629266  20.4738106  20.4391133  20.5129564  20.4357630  20.3641381
  20.4419194  20.4321231  20.4969640  20.4272221  20.4755712  20.4323181
  20.4956604  20.4993144  20.4685122  20.4547468  20.4687150  20.4946774
  20.5120641  20.4521958  20.4419362  20.4536642  20.3856118  20.4665403
  20.4231394  20.4620960  20.4565498
 TTTTTTTTTTTTTTTTTTTTTTTTTTTTTT MOQGAD      TELAPSE     1748.98 TCPU     1747.19
 TTTTTTTTTTTTTTTTTTTTTTTTTTTTTT SHELLXN     TELAPSE     2127.11 TCPU     2125.22
 TTTTTTTTTTTTTTTTTTTTTTTTTTTTTT MONMO3      TELAPSE     2139.68 TCPU     2137.78
 NUMERICALLY INTEGRATED DENSITY   1511.9935284713
 TTTTTTTTTTTTTTTTTTTTTTTTTTTTTT NUMDFT      TELAPSE     2156.96 TCPU     2155.06
 CYC   4 ETOT(AU) -2.971858592863E+04 DETOT  2.31E-02 tst  7.95E-05 PX  3.30E-02
 TTTTTTTTTTTTTTTTTTTTTTTTTTTTTT DIIS        TELAPSE     2161.51 TCPU     2159.61
 DIIS TEST: 0.36800E+00 AT SCF   CYCLE   4 - DIIS ACTIVE - HISTORY:     4 CYCLES
 TTTTTTTTTTTTTTTTTTTTTTTTTTTTTT FDIK        TELAPSE     2177.74 TCPU     2175.72
 INSULATING STATE
 TOP OF VALENCE BANDS -    BAND    756; K    8; EIG -1.4688026E-01 AU
 TOP OF VALENCE BANDS -    BAND    756; K    1; EIG -1.5623888E-01 AU
 BOTTOM OF VIRTUAL BANDS - BAND    757; K    1; EIG -7.5953371E-03 AU
 INDIRECT ENERGY BAND GAP:   3.7901 eV
 TTTTTTTTTTTTTTTTTTTTTTTTTTTTTT PDIG        TELAPSE     2180.29 TCPU     2178.28
 CHARGE NORMALIZATION FACTOR   1.00000000
 TOTAL ATOMIC CHARGES:
   8.3419837   8.3428843   8.3413804   8.3443034   8.3377894   8.3416128
   8.3384071   8.3418153   8.3372820   8.3397533   8.3430647   8.3429053
   8.3400136   8.3408794   8.3394210   8.3404045   8.3357187   8.3419304
   8.3382389   8.3407146   8.3422548   8.3407626   8.3404318   8.3385974
   8.3392897   8.3380757   8.3389875   9.0500020   9.0511656   9.0511071
   9.0543667   9.0485971   9.0376436   9.0402825   9.0374246   9.0555072
   9.0479767   9.0467434   9.0401466   9.0464852   9.0459461   9.0496220
   9.0309636   9.0392171   9.0478108   9.0469705   9.0333146   9.0413104
   9.0579136   9.0378904   9.0390501   9.0503562   9.0447735   9.0367595
   9.0773297   9.0742227   9.0750749   9.0743409   9.0618863   9.0624338
   9.0799892   9.0652147   9.0679949   9.0746552   9.0721931   9.0715263
   9.0771358   9.0711397   9.0661312   9.0685133   9.0711850   9.0685476
   9.0799341   9.0776039   9.0829757   9.0777222   9.0676955   9.0801884
   9.0567544   9.0763701   9.0638746   9.0734045   9.0726862   9.0838650
   9.0644705   9.0701090   9.0711448   9.0725395   9.0724333   9.0692716
   9.0661354   9.0731003   9.0616463   9.0752481   9.0642158   9.0639414
   9.0694752   9.0752699   9.0687617   9.0749541   9.0843987   9.0596377
   9.0837763   9.0720754   9.0715828   9.0603137   9.0698838   9.0799081
  20.4654947  20.4815319  20.4513418  20.4491643  20.4579218  20.5242601
  20.4742797  20.4786344  20.4784673  20.4603540  20.4556642  20.4854231
  20.4564574  20.4732587  20.4475319  20.4969089  20.4553961  20.4515074
  20.4645176  20.4718424  20.4809417  20.4714564  20.4878520  20.4872622
  20.4926304  20.4949731  20.4397952
 TTTTTTTTTTTTTTTTTTTTTTTTTTTTTT MOQGAD      TELAPSE     2180.37 TCPU     2178.36
 TTTTTTTTTTTTTTTTTTTTTTTTTTTTTT SHELLXN     TELAPSE     2559.72 TCPU     2557.42
 TTTTTTTTTTTTTTTTTTTTTTTTTTTTTT MONMO3      TELAPSE     2572.34 TCPU     2570.03
 NUMERICALLY INTEGRATED DENSITY   1511.9935476397
 TTTTTTTTTTTTTTTTTTTTTTTTTTTTTT NUMDFT      TELAPSE     2589.30 TCPU     2586.99
 CYC   5 ETOT(AU) -2.971863923520E+04 DETOT -5.33E-02 tst  2.35E-05 PX  1.76E-02
 TTTTTTTTTTTTTTTTTTTTTTTTTTTTTT DIIS        TELAPSE     2593.87 TCPU     2591.56
 DIIS TEST: 0.32617E-01 AT SCF   CYCLE   5 - DIIS ACTIVE - HISTORY:     5 CYCLES
 TTTTTTTTTTTTTTTTTTTTTTTTTTTTTT FDIK        TELAPSE     2609.91 TCPU     2607.59
 INSULATING STATE
 TOP OF VALENCE BANDS -    BAND    756; K    8; EIG -1.4625570E-01 AU
 TOP OF VALENCE BANDS -    BAND    756; K    1; EIG -1.5584247E-01 AU
 BOTTOM OF VIRTUAL BANDS - BAND    757; K    1; EIG -9.9839025E-03 AU
 INDIRECT ENERGY BAND GAP:   3.7081 eV
 TTTTTTTTTTTTTTTTTTTTTTTTTTTTTT PDIG        TELAPSE     2612.47 TCPU     2610.14
 CHARGE NORMALIZATION FACTOR   1.00000000
 TOTAL ATOMIC CHARGES:
   8.3409672   8.3409988   8.3398352   8.3430136   8.3357007   8.3393220
   8.3362067   8.3391986   8.3348509   8.3378630   8.3414271   8.3414726
   8.3386064   8.3392556   8.3369626   8.3386338   8.3336395   8.3400562
   8.3365187   8.3390096   8.3411737   8.3394885   8.3388111   8.3365223
   8.3375105   8.3354354   8.3374381   9.0410258   9.0459447   9.0524116
   9.0302792   9.0388316   9.0679274   9.0386524   9.0434777   9.0410252
   9.0496450   9.0356624   9.0417547   9.0295901   9.0387164   9.0474247
   9.0348968   9.0402854   9.0260476   9.0218150   9.0374666   9.0428194
   9.0427949   9.0513716   9.0386187   9.0527394   9.0483697   9.0225143
   9.0701610   9.0715377   9.0727842   9.0740639   9.0582138   9.0645891
   9.0693719   9.0591114   9.0634028   9.0690036   9.0663730   9.0659692
   9.0757480   9.0654497   9.0627423   9.0629600   9.0626694   9.0620860
   9.0752663   9.0748240   9.0793871   9.0738695   9.0627441   9.0755602
   9.0536863   9.0739720   9.0577637   9.0662938   9.0654812   9.0803068
   9.0608857   9.0653696   9.0690485   9.0692371   9.0673110   9.0607413
   9.0673651   9.0729582   9.0592421   9.0702172   9.0625299   9.0620220
   9.0674636   9.0733650   9.0631248   9.0657927   9.0752429   9.0553726
   9.0733576   9.0673981   9.0696911   9.0581443   9.0636529   9.0732441
  20.4873603  20.4988726  20.4635657  20.4988445  20.4745124  20.4787363
  20.4835491  20.4762637  20.5150796  20.4625050  20.4835795  20.4857086
  20.4972994  20.4962038  20.4660299  20.4989412  20.4715801  20.4922775
  20.5205962  20.4721534  20.4890264  20.4885602  20.4696271  20.5019017
  20.4845310  20.5069074  20.4655907
 TTTTTTTTTTTTTTTTTTTTTTTTTTTTTT MOQGAD      TELAPSE     2612.53 TCPU     2610.20
 TTTTTTTTTTTTTTTTTTTTTTTTTTTTTT SHELLXN     TELAPSE     2991.12 TCPU     2988.43
 TTTTTTTTTTTTTTTTTTTTTTTTTTTTTT MONMO3      TELAPSE     3003.89 TCPU     3001.20
 NUMERICALLY INTEGRATED DENSITY   1511.9935563196
 TTTTTTTTTTTTTTTTTTTTTTTTTTTTTT NUMDFT      TELAPSE     3021.11 TCPU     3018.41
 CYC   6 ETOT(AU) -2.971864402545E+04 DETOT -4.79E-03 tst  2.51E-06 PX  4.41E-03
 TTTTTTTTTTTTTTTTTTTTTTTTTTTTTT DIIS        TELAPSE     3026.01 TCPU     3023.32
 DIIS TEST: 0.55553E-02 AT SCF   CYCLE   6 - DIIS ACTIVE - HISTORY:     6 CYCLES
 TTTTTTTTTTTTTTTTTTTTTTTTTTTTTT FDIK        TELAPSE     3042.12 TCPU     3039.35
 INSULATING STATE
 TOP OF VALENCE BANDS -    BAND    756; K    8; EIG -1.4642953E-01 AU
 TOP OF VALENCE BANDS -    BAND    756; K    1; EIG -1.5597887E-01 AU
 BOTTOM OF VIRTUAL BANDS - BAND    757; K    1; EIG -1.0397833E-02 AU
 INDIRECT ENERGY BAND GAP:   3.7016 eV
 TTTTTTTTTTTTTTTTTTTTTTTTTTTTTT PDIG        TELAPSE     3044.67 TCPU     3041.90
 CHARGE NORMALIZATION FACTOR   1.00000000
 TOTAL ATOMIC CHARGES:
   8.3409859   8.3410396   8.3398059   8.3427310   8.3353808   8.3394855
   8.3358693   8.3390211   8.3346033   8.3377106   8.3415188   8.3413810
   8.3384712   8.3389777   8.3368154   8.3383854   8.3333204   8.3399789
   8.3363393   8.3390595   8.3412972   8.3392370   8.3388374   8.3364840
   8.3372493   8.3350590   8.3372662   9.0399271   9.0410408   9.0463138
   9.0358216   9.0375474   9.0486286   9.0335356   9.0338490   9.0403238
   9.0440794   9.0334502   9.0337942   9.0298556   9.0332177   9.0410552
   9.0255004   9.0329283   9.0267650   9.0267518   9.0283747   9.0329674
   9.0438448   9.0396032   9.0321737   9.0467200   9.0391835   9.0220130
   9.0707164   9.0705514   9.0721328   9.0730810   9.0579172   9.0617725
   9.0698578   9.0589611   9.0617032   9.0683637   9.0660255   9.0660641
   9.0744781   9.0659437   9.0617434   9.0623152   9.0618465   9.0617833
   9.0738023   9.0735973   9.0788472   9.0731907   9.0616524   9.0750552
   9.0536072   9.0719941   9.0570182   9.0659271   9.0651588   9.0800740
   9.0602131   9.0648027   9.0659451   9.0684508   9.0672890   9.0610526
   9.0657586   9.0715743   9.0583550   9.0702020   9.0616029   9.0607750
   9.0653113   9.0714578   9.0641607   9.0670564   9.0748055   9.0537630
   9.0749729   9.0661801   9.0684124   9.0564051   9.0627453   9.0733453
  20.4902413  20.5046922  20.4713935  20.4880803  20.4784800  20.5102568
  20.4921814  20.4895422  20.5110145  20.4738927  20.4843052  20.4977117
  20.4939854  20.5035770  20.4744593  20.5131886  20.4802736  20.4889797
  20.5072669  20.4873108  20.4984507  20.4910449  20.4879991  20.5064408
  20.4986667  20.5138514  20.4673183
 TTTTTTTTTTTTTTTTTTTTTTTTTTTTTT MOQGAD      TELAPSE     3044.73 TCPU     3041.96
 TTTTTTTTTTTTTTTTTTTTTTTTTTTTTT SHELLXN     TELAPSE     3424.12 TCPU     3420.75
 TTTTTTTTTTTTTTTTTTTTTTTTTTTTTT MONMO3      TELAPSE     3436.75 TCPU     3433.38
 NUMERICALLY INTEGRATED DENSITY   1511.9935567429
 TTTTTTTTTTTTTTTTTTTTTTTTTTTTTT NUMDFT      TELAPSE     3453.68 TCPU     3450.31
 CYC   7 ETOT(AU) -2.971864479205E+04 DETOT -7.67E-04 tst  5.11E-07 PX  2.54E-03
 TTTTTTTTTTTTTTTTTTTTTTTTTTTTTT DIIS        TELAPSE     3458.54 TCPU     3455.17
 DIIS TEST: 0.64075E-03 AT SCF   CYCLE   7 - DIIS ACTIVE - HISTORY:     7 CYCLES
 TTTTTTTTTTTTTTTTTTTTTTTTTTTTTT FDIK        TELAPSE     3474.19 TCPU     3470.80
 INSULATING STATE
 TOP OF VALENCE BANDS -    BAND    756; K    8; EIG -1.4584775E-01 AU
 TOP OF VALENCE BANDS -    BAND    756; K    1; EIG -1.5535637E-01 AU
 BOTTOM OF VIRTUAL BANDS - BAND    757; K    1; EIG -9.9582025E-03 AU
 INDIRECT ENERGY BAND GAP:   3.6977 eV
 TTTTTTTTTTTTTTTTTTTTTTTTTTTTTT PDIG        TELAPSE     3476.74 TCPU     3473.36
 CHARGE NORMALIZATION FACTOR   1.00000000
 TOTAL ATOMIC CHARGES:
   8.3421740   8.3421460   8.3409085   8.3440055   8.3364367   8.3405711
   8.3370379   8.3401699   8.3356989   8.3387792   8.3425862   8.3424737
   8.3395419   8.3400319   8.3378045   8.3394842   8.3342987   8.3410423
   8.3374481   8.3401173   8.3423808   8.3404208   8.3398961   8.3375088
   8.3383780   8.3360854   8.3383160   9.0390209   9.0427120   9.0478472
   9.0329837   9.0379131   9.0525278   9.0334670   9.0365112   9.0404761
   9.0441592   9.0345947   9.0358196   9.0296378   9.0362012   9.0440067
   9.0277503   9.0350267   9.0283321   9.0229618   9.0314509   9.0371106
   9.0425224   9.0417777   9.0333249   9.0469891   9.0416186   9.0226273
   9.0702316   9.0702603   9.0712334   9.0718125   9.0567367   9.0610728
   9.0703304   9.0587019   9.0622381   9.0685149   9.0659958   9.0656679
   9.0737604   9.0651096   9.0612079   9.0622929   9.0627742   9.0618861
   9.0742293   9.0732498   9.0783986   9.0726767   9.0615894   9.0746390
   9.0520796   9.0720028   9.0569656   9.0664405   9.0653605   9.0795888
   9.0596758   9.0644653   9.0671476   9.0682025   9.0665948   9.0610728
   9.0642030   9.0702278   9.0572115   9.0690177   9.0603976   9.0601618
   9.0653330   9.0712658   9.0626652   9.0658757   9.0756570   9.0540421
   9.0747525   9.0664818   9.0676325   9.0561839   9.0631936   9.0731640
  20.4896572  20.5023661  20.4692959  20.4934025  20.4785092  20.5030928
  20.4905976  20.4866944  20.5127141  20.4723906  20.4836935  20.4951236
  20.4933885  20.4978473  20.4696129  20.5078989  20.4762804  20.4878396
  20.5131866  20.4816651  20.4949701  20.4933834  20.4854153  20.5074438
  20.4976784  20.5122796  20.4667865
 TTTTTTTTTTTTTTTTTTTTTTTTTTTTTT MOQGAD      TELAPSE     3476.80 TCPU     3473.42
 TTTTTTTTTTTTTTTTTTTTTTTTTTTTTT SHELLXN     TELAPSE     3855.29 TCPU     3851.73
 TTTTTTTTTTTTTTTTTTTTTTTTTTTTTT MONMO3      TELAPSE     3867.86 TCPU     3864.30
 NUMERICALLY INTEGRATED DENSITY   1511.9935528841
 TTTTTTTTTTTTTTTTTTTTTTTTTTTTTT NUMDFT      TELAPSE     3885.11 TCPU     3881.55
 CYC   8 ETOT(AU) -2.971864486881E+04 DETOT -7.68E-05 tst  6.26E-08 PX  1.30E-03
 TTTTTTTTTTTTTTTTTTTTTTTTTTTTTT DIIS        TELAPSE     3890.07 TCPU     3886.50
 DIIS TEST: 0.12588E-03 AT SCF   CYCLE   8 - DIIS ACTIVE - HISTORY:     8 CYCLES
 TTTTTTTTTTTTTTTTTTTTTTTTTTTTTT FDIK        TELAPSE     3906.15 TCPU     3902.58
 INSULATING STATE
 TOP OF VALENCE BANDS -    BAND    756; K    8; EIG -1.4585370E-01 AU
 TOP OF VALENCE BANDS -    BAND    756; K    1; EIG -1.5540455E-01 AU
 BOTTOM OF VIRTUAL BANDS - BAND    757; K    1; EIG -9.8577661E-03 AU
 INDIRECT ENERGY BAND GAP:   3.7006 eV
 TTTTTTTTTTTTTTTTTTTTTTTTTTTTTT PDIG        TELAPSE     3908.72 TCPU     3905.15
 CHARGE NORMALIZATION FACTOR   1.00000000
 TOTAL ATOMIC CHARGES:
   8.3421942   8.3422362   8.3409927   8.3440154   8.3365390   8.3406478
   8.3370565   8.3402317   8.3357704   8.3388673   8.3426887   8.3425765
   8.3396174   8.3401663   8.3379356   8.3395726   8.3344381   8.3411519
   8.3375011   8.3402148   8.3424661   8.3404575   8.3399968   8.3376112
   8.3384321   8.3362193   8.3384122   9.0399982   9.0421474   9.0477398
   9.0342162   9.0377623   9.0531902   9.0347223   9.0362843   9.0405056
   9.0453543   9.0340581   9.0357564   9.0299737   9.0347409   9.0430070
   9.0279721   9.0348355   9.0270806   9.0255367   9.0307899   9.0357942
   9.0435573   9.0423760   9.0337177   9.0481882   9.0414445   9.0221709
   9.0699735   9.0701277   9.0714147   9.0723473   9.0571235   9.0615535
   9.0695324   9.0583156   9.0616918   9.0680126   9.0655609   9.0653519
   9.0739616   9.0650090   9.0612617   9.0618322   9.0618235   9.0612398
   9.0738751   9.0732476   9.0782697   9.0727702   9.0613572   9.0745901
   9.0525962   9.0718933   9.0566139   9.0655724   9.0647889   9.0793304
   9.0596343   9.0642756   9.0663722   9.0678965   9.0665293   9.0604494
   9.0651080   9.0709255   9.0577275   9.0695521   9.0608737   9.0603085
   9.0652901   9.0713482   9.0629443   9.0661032   9.0747436   9.0535564
   9.0740532   9.0659536   9.0679015   9.0561677   9.0625315   9.0727597
  20.4897095  20.5035402  20.4694372  20.4911465  20.4780529  20.5028391
  20.4900666  20.4866805  20.5124997  20.4709798  20.4844198  20.4949657
  20.4945510  20.5012985  20.4716255  20.5092319  20.4775608  20.4897713
  20.5104866  20.4834681  20.4965530  20.4911396  20.4839793  20.5059004
  20.4954804  20.5126343  20.4670081
 TTTTTTTTTTTTTTTTTTTTTTTTTTTTTT MOQGAD      TELAPSE     3908.78 TCPU     3905.21
 TTTTTTTTTTTTTTTTTTTTTTTTTTTTTT SHELLXN     TELAPSE     4287.42 TCPU     4283.73
 TTTTTTTTTTTTTTTTTTTTTTTTTTTTTT MONMO3      TELAPSE     4300.00 TCPU     4296.32
 NUMERICALLY INTEGRATED DENSITY   1511.9935528134
 TTTTTTTTTTTTTTTTTTTTTTTTTTTTTT NUMDFT      TELAPSE     4317.10 TCPU     4313.41
 CYC   9 ETOT(AU) -2.971864488299E+04 DETOT -1.42E-05 tst  1.80E-08 PX  2.98E-04
 TTTTTTTTTTTTTTTTTTTTTTTTTTTTTT DIIS        TELAPSE     4322.20 TCPU     4318.52
 DIIS TEST: 0.22106E-04 AT SCF   CYCLE   9 - DIIS ACTIVE - HISTORY:     9 CYCLES
 TTTTTTTTTTTTTTTTTTTTTTTTTTTTTT FDIK        TELAPSE     4338.31 TCPU     4334.49
 INSULATING STATE
 TOP OF VALENCE BANDS -    BAND    756; K    8; EIG -1.4582265E-01 AU
 TOP OF VALENCE BANDS -    BAND    756; K    1; EIG -1.5537334E-01 AU
 BOTTOM OF VIRTUAL BANDS - BAND    757; K    1; EIG -9.9621071E-03 AU
 INDIRECT ENERGY BAND GAP:   3.6970 eV
 TTTTTTTTTTTTTTTTTTTTTTTTTTTTTT PDIG        TELAPSE     4340.87 TCPU     4337.04
 CHARGE NORMALIZATION FACTOR   1.00000000
 TOTAL ATOMIC CHARGES:
   8.3421774   8.3422064   8.3409481   8.3440070   8.3365242   8.3406129
   8.3370636   8.3402200   8.3357605   8.3388643   8.3426520   8.3425374
   8.3396040   8.3401333   8.3379267   8.3395600   8.3344154   8.3411248
   8.3375008   8.3401794   8.3424166   8.3404506   8.3399613   8.3375798
   8.3384235   8.3362125   8.3383781   9.0395398   9.0423231   9.0476650
   9.0337137   9.0378224   9.0528481   9.0342036   9.0361828   9.0404927
   9.0446996   9.0341672   9.0355922   9.0295726   9.0350614   9.0429222
   9.0274861   9.0347571   9.0272009   9.0244863   9.0308765   9.0360163
   9.0430112   9.0420950   9.0335423   9.0473745   9.0414101   9.0223328
   9.0699055   9.0700212   9.0713604   9.0721995   9.0570252   9.0614036
   9.0693726   9.0582824   9.0616209   9.0679476   9.0654958   9.0653331
   9.0738902   9.0649991   9.0611597   9.0618202   9.0617253   9.0612412
   9.0736234   9.0731115   9.0782280   9.0725672   9.0612291   9.0744378
   9.0524800   9.0718136   9.0565239   9.0655986   9.0647282   9.0793507
   9.0595161   9.0642102   9.0662672   9.0679257   9.0665069   9.0604536
   9.0648944   9.0708292   9.0575753   9.0692443   9.0607894   9.0601731
   9.0651064   9.0711429   9.0629012   9.0659426   9.0746055   9.0535312
   9.0740967   9.0658813   9.0677815   9.0559990   9.0624516   9.0727168
  20.4900783  20.5033319  20.4698137  20.4918475  20.4781840  20.5038564
  20.4909947  20.4869173  20.5126242  20.4721500  20.4842034  20.4955447
  20.4948320  20.5006877  20.4717935  20.5099864  20.4778912  20.4893808
  20.5123532  20.4832982  20.4962274  20.4919374  20.4849653  20.5065355
  20.4969150  20.5127160  20.4670607
 TTTTTTTTTTTTTTTTTTTTTTTTTTTTTT MOQGAD      TELAPSE     4340.95 TCPU     4337.12
 TTTTTTTTTTTTTTTTTTTTTTTTTTTTTT SHELLXN     TELAPSE     4719.79 TCPU     4715.85
 TTTTTTTTTTTTTTTTTTTTTTTTTTTTTT MONMO3      TELAPSE     4732.34 TCPU     4728.40
 NUMERICALLY INTEGRATED DENSITY   1511.9935530554
 TTTTTTTTTTTTTTTTTTTTTTTTTTTTTT NUMDFT      TELAPSE     4749.59 TCPU     4745.65
 CYC  10 ETOT(AU) -2.971864488585E+04 DETOT -2.86E-06 tst  3.10E-09 PX  2.54E-04
 TTTTTTTTTTTTTTTTTTTTTTTTTTTTTT DIIS        TELAPSE     4754.86 TCPU     4750.92
 DIIS TEST: 0.33610E-05 AT SCF   CYCLE  10 - DIIS ACTIVE - HISTORY:    10 CYCLES
 TTTTTTTTTTTTTTTTTTTTTTTTTTTTTT FDIK        TELAPSE     4770.68 TCPU     4766.73
 INSULATING STATE
 TOP OF VALENCE BANDS -    BAND    756; K    8; EIG -1.4584004E-01 AU
 TOP OF VALENCE BANDS -    BAND    756; K    1; EIG -1.5538236E-01 AU
 BOTTOM OF VIRTUAL BANDS - BAND    757; K    1; EIG -9.9507554E-03 AU
 INDIRECT ENERGY BAND GAP:   3.6977 eV
 TTTTTTTTTTTTTTTTTTTTTTTTTTTTTT PDIG        TELAPSE     4773.24 TCPU     4769.29
 CHARGE NORMALIZATION FACTOR   1.00000000
 TOTAL ATOMIC CHARGES:
   8.3421658   8.3422012   8.3409540   8.3439989   8.3365223   8.3406116
   8.3370546   8.3402165   8.3357573   8.3388478   8.3426486   8.3425362
   8.3395903   8.3401334   8.3379149   8.3395448   8.3344114   8.3411187
   8.3374840   8.3401729   8.3424214   8.3404385   8.3399574   8.3375793
   8.3384134   8.3362028   8.3383786   9.0395867   9.0421098   9.0475947
   9.0337118   9.0376112   9.0528304   9.0342630   9.0361176   9.0402906
   9.0448778   9.0339937   9.0355222   9.0297165   9.0349248   9.0430405
   9.0277442   9.0347094   9.0271501   9.0247481   9.0307702   9.0358647
   9.0430645   9.0420110   9.0333990   9.0476368   9.0412858   9.0221001
   9.0698892   9.0700143   9.0712738   9.0720878   9.0568985   9.0613071
   9.0695274   9.0582809   9.0616892   9.0680028   9.0655158   9.0653109
   9.0738100   9.0649192   9.0611082   9.0618543   9.0618726   9.0612825
   9.0737544   9.0731102   9.0781786   9.0725964   9.0612570   9.0744321
   9.0523681   9.0717815   9.0565391   9.0656682   9.0647711   9.0792989
   9.0594959   9.0641979   9.0664025   9.0678924   9.0664270   9.0604741
   9.0647704   9.0706297   9.0574597   9.0692184   9.0606468   9.0601318
   9.0651546   9.0711500   9.0627614   9.0659388   9.0747689   9.0535429
   9.0741106   9.0659462   9.0677147   9.0560309   9.0625504   9.0727259
  20.4901074  20.5036488  20.4698724  20.4921206  20.4786031  20.5035433
  20.4907511  20.4871211  20.5129946  20.4719338  20.4845943  20.4955551
  20.4946666  20.5008254  20.4715728  20.5094404  20.4777410  20.4896317
  20.5117425  20.4834581  20.4965846  20.4921787  20.4849582  20.5068196
  20.4966294  20.5130294  20.4673823
 TTTTTTTTTTTTTTTTTTTTTTTTTTTTTT MOQGAD      TELAPSE     4773.30 TCPU     4769.35
 TTTTTTTTTTTTTTTTTTTTTTTTTTTTTT SHELLXN     TELAPSE     5152.32 TCPU     5148.26
 TTTTTTTTTTTTTTTTTTTTTTTTTTTTTT MONMO3      TELAPSE     5164.78 TCPU     5160.72
 NUMERICALLY INTEGRATED DENSITY   1511.9935530613
 TTTTTTTTTTTTTTTTTTTTTTTTTTTTTT NUMDFT      TELAPSE     5181.71 TCPU     5177.65
 CYC  11 ETOT(AU) -2.971864488597E+04 DETOT -1.14E-07 tst  3.65E-10 PX  1.25E-04
 TTTTTTTTTTTTTTTTTTTTTTTTTTTTTT DIIS        TELAPSE     5187.00 TCPU     5182.94
 DIIS TEST: 0.68062E-06 AT SCF   CYCLE  11 - DIIS ACTIVE - HISTORY:    11 CYCLES
 TTTTTTTTTTTTTTTTTTTTTTTTTTTTTT FDIK        TELAPSE     5202.88 TCPU     5198.81
 INSULATING STATE
 TOP OF VALENCE BANDS -    BAND    756; K    8; EIG -1.4584320E-01 AU
 TOP OF VALENCE BANDS -    BAND    756; K    1; EIG -1.5538882E-01 AU
 BOTTOM OF VIRTUAL BANDS - BAND    757; K    1; EIG -9.9557207E-03 AU
 INDIRECT ENERGY BAND GAP:   3.6977 eV
 TTTTTTTTTTTTTTTTTTTTTTTTTTTTTT PDIG        TELAPSE     5205.44 TCPU     5201.36
 CHARGE NORMALIZATION FACTOR   1.00000000
 TOTAL ATOMIC CHARGES:
   8.3421700   8.3421998   8.3409524   8.3439979   8.3365170   8.3406101
   8.3370515   8.3402095   8.3357515   8.3388487   8.3426492   8.3425368
   8.3395946   8.3401310   8.3379131   8.3395471   8.3344088   8.3411192
   8.3374859   8.3401739   8.3424243   8.3404401   8.3399577   8.3375777
   8.3384157   8.3361960   8.3383788   9.0395610   9.0421781   9.0476056
   9.0337453   9.0377034   9.0528022   9.0342051   9.0361496   9.0403936
   9.0448136   9.0340732   9.0355763   9.0296482   9.0349571   9.0430000
   9.0275979   9.0347118   9.0272122   9.0246417   9.0307915   9.0359476
   9.0430952   9.0420533   9.0334777   9.0475857   9.0413399   9.0221879
   9.0699030   9.0700217   9.0712770   9.0721206   9.0569386   9.0613332
   9.0695189   9.0582765   9.0616605   9.0679809   9.0655161   9.0653052
   9.0738125   9.0649332   9.0611278   9.0618037   9.0618479   9.0612491
   9.0737594   9.0731115   9.0781881   9.0725970   9.0612603   9.0744628
   9.0523835   9.0717879   9.0565485   9.0656259   9.0647653   9.0792908
   9.0595089   9.0641913   9.0663581   9.0678618   9.0664397   9.0604588
   9.0648029   9.0706872   9.0575060   9.0692780   9.0606800   9.0601505
   9.0651424   9.0711778   9.0628032   9.0659237   9.0747478   9.0535312
   9.0740870   9.0659194   9.0677325   9.0560171   9.0625165   9.0727237
  20.4901597  20.5035897  20.4698756  20.4920180  20.4784601  20.5036051
  20.4908022  20.4870827  20.5128404  20.4719373  20.4845184  20.4955083
  20.4947907  20.5008655  20.4717140  20.5096693  20.4777769  20.4896215
  20.5118520  20.4834497  20.4964931  20.4920672  20.4848619  20.5066333
  20.4966612  20.5128928  20.4672875
 TTTTTTTTTTTTTTTTTTTTTTTTTTTTTT MOQGAD      TELAPSE     5205.50 TCPU     5201.42
 TTTTTTTTTTTTTTTTTTTTTTTTTTTTTT SHELLXN     TELAPSE     5583.65 TCPU     5579.53
 +++ ENERGIES IN A.U. +++
 ::: EXT EL-POLE                                  -3.9305828077972E+04
 ::: EXT EL-SPHEROPOLE                             3.7460661142120E+02
 ::: BIELET ZONE E-E                               4.6933421318971E+04
 ::: TOTAL E-E                                     8.0021998524196E+03
 ::: TOTAL E-N + N-E                              -5.9836328933474E+04
 ::: TOTAL N-N                                    -5.6002918308848E+03
 ::: KINETIC ENERGY                                2.9177113603151E+04
 ::: PSEUDO TOTAL   ENERGY                        -2.8257307308788E+04
 ::: VIRIAL COEFFICIENT                            1.0160148962897E+00
 TTTTTTTTTTTTTTTTTTTTTTTTTTTTTT MONMO3      TELAPSE     5595.68 TCPU     5591.56
 NUMERICALLY INTEGRATED DENSITY   1511.9935530485
 EXCHANGE ENERGY: -0.140334852992E+04  CORRELATION ENERGY: -0.579890469706E+02
 TTTTTTTTTTTTTTTTTTTTTTTTTTTTTT NUMDFT      TELAPSE     5612.01 TCPU     5607.88
 CYC  12 ETOT(AU) -2.971864488568E+04 DETOT  2.88E-07 tst  3.45E-11 PX  1.25E-04

 == SCF ENDED - CONVERGENCE ON ENERGY      E(AU) -2.9718644885681E+04 CYCLES  12


 ENERGY EXPRESSION=HARTREE+FOCK EXCH*0.25000+(PBE        EXCH)*0.75000+PBE        CORR


 TOTAL ENERGY(DFT)(AU)( 12) -2.9718644885681E+04 DE 2.9E-07 tester 3.5E-11
 TTTTTTTTTTTTTTTTTTTTTTTTTTTTTT EDFT        TELAPSE     5612.03 TCPU     5607.90

 *******************************************************************************
 *                             FORCE CALCULATION                               *
 *******************************************************************************

 TTTTTTTTTTTTTTTTTTTTTTTTTTTTTT NUMDFG      TELAPSE     5729.71 TCPU     5725.57
 INFORMATION **** EXCPOG **** EXCH. BIPO BUFFER LENGTH (WORDS) =    90673704
 INFORMATION **** GENPOG **** BIPO BUFFER LENGTH (WORDS) =    12711200
 TTTTTTTTTTTTTTTTTTTTTTTTTTTTTT SHELXG      TELAPSE     7405.24 TCPU     7400.88

 CARTESIAN FORCES IN HARTREE/BOHR (ANALYTICAL)
   ATOM                     X                   Y                   Z
   1 256             6.093515283491E-03  1.463914910179E-04  4.545265230416E-03
   2 256             3.015080979876E-03  6.288386063374E-03  5.980121538896E-03
   3 256             7.421638423011E-03 -1.062026276179E-02 -3.293451192512E-03
   4 256            -3.636893953997E-03  7.466362547964E-03  7.012894484384E-04
   5 256             8.760184234985E-03  3.627437858980E-03  7.021897440305E-03
   6 256             5.966140723210E-03  3.162407893451E-03 -7.195284822423E-03
   7 256            -1.048446593375E-02 -2.211730795238E-03  1.540917774099E-03
   8 256             1.880994633531E-03 -1.389255657147E-02 -4.122010713175E-03
   9 256            -1.796192359827E-04  9.445992220147E-03  2.982750250511E-03
  10 256             8.266489016409E-03 -3.509081414944E-03 -1.734780584384E-03
  11 256             4.848161770463E-03 -4.894993290096E-03  3.177455761927E-03
  12 256             2.847051911333E-03  7.719756751441E-03  1.571366032549E-03
  13 256             3.706139509161E-03 -3.610923830879E-03 -6.411479541469E-03
  14 256            -1.036684229687E-02  8.131218701739E-03  3.221167561433E-03
  15 256             4.514401062856E-03 -4.137111043452E-03  3.598334394471E-03
  16 256             4.389683237473E-03  5.535199816970E-03 -6.405966989565E-03
  17 256             1.896686288456E-03 -1.267527519811E-02  5.512608468201E-03
  18 256             1.352771831729E-03 -7.659444041942E-03  1.700518697677E-03
  19 256            -8.788462304332E-03  3.209654420773E-03 -6.469382996557E-03
  20 256            -3.961522048318E-03 -1.104642180302E-02  3.060403538617E-03
  21 256            -3.347445392723E-03  2.986079798639E-03  2.753408318175E-03
  22 256            -3.782639760042E-03 -1.167872916797E-02 -6.969051847490E-03
  23 256            -3.114539948458E-03  9.834835156761E-03  6.823830791616E-03
  24 256            -8.893627318647E-03  3.088723179912E-03 -6.303716624606E-03
  25 256             4.560033854175E-03  6.887361094317E-03 -7.439331641002E-04
  26 256            -6.189901411802E-03  4.693265797512E-03 -6.378260564201E-03
  27 256            -5.368147916414E-03 -6.316615333628E-03  1.693102495317E-03
  28   8            -5.604782792477E-03 -9.955237316311E-04 -3.911673846242E-03
  29   8            -5.286227456809E-03 -3.936539958344E-03 -1.990347177268E-02
  30   8             3.283861067684E-03 -4.549167579356E-03  1.336532858959E-02
  31   8            -3.916786588853E-03 -4.074581052800E-03 -1.106063207005E-02
  32   8             4.394460018041E-03 -4.095815406142E-04  2.309353601558E-02
  33   8            -7.249265030807E-03 -2.149166224063E-03 -1.332002801291E-02
  34   8             1.522960452913E-03  7.878532541517E-03  1.586497224906E-03
  35   8             4.254119913619E-03 -3.779057704021E-03  6.570323094151E-03
  36   8            -4.333869237333E-03  5.615278012228E-03 -6.964104799755E-03
  37   8            -1.906831655487E-03 -2.484326832529E-03  7.026908883672E-03
  38   8            -1.702118148352E-03 -7.545992159043E-03  8.039450379253E-03
  39   8            -4.479540628502E-03  2.197711271410E-03 -1.499917648270E-02
  40   8            -2.899606194871E-03 -7.478400375619E-03 -2.904681919177E-03
  41   8            -1.149659125427E-03 -2.672661716535E-03 -1.225269003699E-02
  42   8            -4.532596037488E-03 -6.524882474820E-03  2.816848056212E-02
  43   8             5.317484110779E-03  6.875377341947E-03 -1.604337254139E-02
  44   8             1.136603669408E-03  1.455333402129E-03  2.456838494492E-02
  45   8             5.825810722482E-03  4.841754456160E-04  1.552292431839E-02
  46   8             4.067263285455E-03 -4.648576607202E-04 -1.123766526649E-02
  47   8             5.527859852548E-03  1.044375186483E-04  2.315629586757E-02
  48   8             3.490151563335E-03  4.987878526812E-03  6.111661593957E-04
  49   8            -3.617003980636E-03  4.684455771324E-03 -6.546007069661E-03
  50   8            -6.517311213516E-04 -3.996217453799E-03  2.384350863444E-03
  51   8            -4.049692854897E-03 -5.570447329902E-03 -1.427904850062E-03
  52   8             8.703141453683E-03  4.125625466917E-03 -3.117873453308E-03
  53   8             2.581712539129E-03  1.021343090763E-02 -1.929355625178E-02
  54   8             2.493945554138E-03  3.808286519188E-03  2.661697952755E-02
  55   8            -1.465304094499E-03 -8.638366119072E-03  3.839911533912E-03
  56   8             2.438186353282E-03  6.169087569659E-03 -5.556897120595E-03
  57   8            -2.589327125145E-04 -6.993786112725E-03  8.073774249211E-03
  58   8            -7.651893989142E-03 -1.097155079393E-02 -1.969549138202E-03
  59   8             2.549321430209E-03  5.489337535926E-04 -1.340505250653E-03
  60   8             2.958911647258E-03  8.662388253010E-03  6.150193110308E-04
  61   8             1.862177964559E-03  1.735600508915E-02 -1.188470192028E-03
  62   8            -7.664913114663E-04  8.827591577920E-03 -1.970524394266E-04
  63   8             5.012621026103E-03 -3.211774854931E-03 -2.416309710758E-03
  64   8             8.735404963505E-04 -9.367266151617E-03  2.170360095384E-04
  65   8            -1.157579144180E-03  1.238618708553E-03 -4.815873105681E-03
  66   8            -1.657121053305E-04  3.943958481768E-03 -9.137323613934E-03
  67   8             4.757494371165E-03  4.123905933536E-03  3.653073377313E-03
  68   8             6.899346313094E-04  4.730779546217E-03 -7.507892333108E-03
  69   8            -1.368151398818E-03  3.591715711585E-04  3.248318466767E-03
  70   8             2.945238652314E-03  6.946765959324E-03 -4.705728750145E-03
  71   8             3.142409784325E-04  2.746359220723E-03 -2.813804173815E-03
  72   8            -1.393581158853E-03  1.124806308782E-02  8.743751070825E-04
  73   8             2.168979217178E-03  1.181696342872E-02 -1.102894909065E-03
  74   8             1.049126942410E-03 -7.979067304344E-03  4.814898195161E-03
  75   8            -1.125735852969E-03  6.913385261500E-03 -5.858926493854E-04
  76   8            -2.043497440693E-03 -1.612455419290E-02 -6.990326765616E-03
  77   8            -1.955939467382E-03 -3.790320278923E-03  5.201485502506E-03
  78   8             6.522666154659E-03 -3.141070251835E-03  2.327043924356E-03
  79   8             1.839335787174E-03  4.037160417819E-03  3.339547890931E-03
  80   8             5.838538337729E-03 -8.473982992826E-04  5.241724714922E-05
  81   8            -8.991413176311E-05 -1.007799683745E-02  1.357693219801E-03
  82   8            -1.034214345871E-02 -4.853892966387E-04 -2.376268482487E-03
  83   8            -1.361153141147E-03 -1.921914290421E-03  5.190777133585E-03
  84   8            -1.864261394169E-02  2.838368808921E-04 -4.803093943622E-04
  85   8            -2.029541644773E-03 -4.780772190556E-03 -4.901289887875E-03
  86   8            -1.213753750912E-02  2.570805270988E-03  3.485076255777E-03
  87   8             4.853429764299E-03  1.056000391860E-03  3.172423934303E-03
  88   8            -5.450971908778E-03  3.536662539233E-03  9.570128316583E-04
  89   8            -1.632742973895E-02  4.900249833243E-03 -1.973204803638E-03
  90   8             1.120991003744E-02  9.589229436342E-03  1.835253219495E-03
  91   8            -8.243422864955E-04 -4.320719936620E-03  3.031443658329E-03
  92   8            -2.005963774601E-03 -4.102499565740E-03  3.153617842218E-03
  93   8             4.852671488798E-03 -5.688961873156E-03  5.074965347548E-03
  94   8             1.031683279087E-02  1.185059857373E-03 -3.045557124869E-03
  95   8            -2.452321785795E-03 -6.200010900324E-03  2.998615553134E-03
  96   8            -1.760955803398E-02 -2.502185744864E-04 -2.299260788690E-03
  97   8            -2.616917199341E-04  2.199144780232E-03 -3.359444938093E-03
  98   8            -1.084249996727E-02  6.505352678531E-03  2.996845248876E-03
  99   8            -1.018016912260E-02 -1.426530317451E-03 -6.329477802954E-03
 100   8             1.563448362981E-02  3.740987048440E-04  6.429355528444E-03
 101   8             5.843018148656E-03 -3.808364139741E-03  2.792413483428E-03
 102   8             6.105852545135E-03 -6.545765558490E-03 -5.818755203986E-03
 103   8             6.042989987273E-03 -3.705469249316E-03 -1.722845009885E-03
 104   8             5.271006281869E-03 -1.104373103115E-03  3.135206729906E-03
 105   8             2.046449338327E-02 -4.589548975947E-03 -1.230284988168E-03
 106   8            -5.614310928156E-03  1.335628309599E-03 -4.635401014109E-03
 107   8             1.259751397863E-02  2.077742443579E-03 -2.435710298503E-03
 108   8            -1.951168118588E-03  4.019447610599E-03 -4.485733011935E-03
 109  22             6.101300765786E-03  9.873658312473E-03  1.133689898175E-02
 110  22             8.938589215619E-03  1.261476694401E-02  1.468304210607E-02
 111  22             9.304062347257E-03  3.815103385332E-03 -2.860867018803E-02
 112  22             7.155735991156E-04 -5.594355507875E-03  2.463189929407E-02
 113  22             7.671900108724E-03  7.027773399066E-03 -3.052082724653E-02
 114  22             5.287913818307E-03 -6.080700557621E-03  1.262020955385E-02
 115  22             2.579984194376E-03 -6.270033296927E-03 -1.654885072486E-02
 116  22            -3.269604512886E-03 -1.038198460089E-02  4.442196117213E-03
 117  22             7.512156968830E-03 -5.794939071827E-04  5.259609288525E-03
 118  22            -5.741923365860E-03  9.424752513053E-04 -2.489521544486E-02
 119  22            -5.646883009688E-03  6.514490870476E-03  6.224257857414E-03
 120  22             3.220893800519E-03  1.114215841642E-02  2.362727004363E-02
 121  22            -4.440946618100E-03  1.359768598752E-02  1.206874417513E-02
 122  22            -7.018404069873E-03  1.303847334885E-03  1.478424090386E-02
 123  22             2.152951849388E-03  9.237042454084E-03 -3.317194278796E-02
 124  22             4.740677791351E-03 -1.320488157652E-02  1.636161911499E-02
 125  22            -2.584698907037E-04 -5.413438702338E-03 -2.328251014624E-02
 126  22            -1.377292593768E-02 -1.088127885278E-02  9.065945858380E-04
 127  22            -1.159925005410E-03  5.917537346811E-04 -8.695738397346E-04
 128  22            -1.637032195848E-03  6.145519623956E-03 -3.232224420299E-02
 129  22            -1.646335670705E-02  2.518433796044E-03  1.072064922854E-02
 130  22             1.514834587700E-02  2.525521893741E-02  8.618270338300E-03
 131  22            -5.497412319394E-03 -9.644250794375E-03 -6.274822404528E-03
 132  22            -3.805254119483E-03  1.672917345340E-02  7.297612475547E-03
 133  22            -1.542805716743E-02 -2.480425173878E-02  7.575598856763E-03
 134  22            -1.165613637921E-03 -3.331859819624E-03  1.529569491333E-02
 135  22             1.770563495307E-03 -2.612032644250E-02 -2.399019549311E-02

 RESULTANT FORCE     9.723055693911E-13  4.442946011096E-12  1.498361851260E-11

 SYMMETRY ALLOWED FORCES (ANALYTICAL) (DIRECTION, FORCE)

    1  6.1162100E-03    2  1.4693671E-04    3  4.5621937E-03    4  3.0720393E-03
    5  6.3130789E-03    6  6.0366083E-03    7  7.5184423E-03    8 -1.0611850E-02
    9 -3.2264654E-03   10 -3.5250427E-03   11  7.4629769E-03   12  7.5895714E-04
   13  8.8926130E-03   14  3.6665038E-03   15  7.1096444E-03   16  6.1564306E-03
   17  3.2279881E-03   18 -7.1076353E-03   19 -1.0310401E-02   20 -2.1419816E-03
   21  1.6073136E-03   22  2.0227804E-03   23 -1.3885505E-02   24 -4.0652596E-03
   25 -3.0003780E-05   26  9.4357057E-03   27  3.0355022E-03   28  8.4495825E-03
   29 -3.4958989E-03   30 -1.6766735E-03   31  5.0853686E-03   32 -4.9154679E-03
   33  3.2418630E-03   34  3.1173184E-03   35  7.7106558E-03   36  1.6555080E-03
   37  4.0053675E-03   38 -3.6034220E-03   39 -6.3464728E-03   40 -1.0092681E-02
   41  8.1574836E-03   42  3.2736615E-03   43  4.7666809E-03   44 -4.0941600E-03
   45  3.6795643E-03   46  4.6813294E-03   47  5.5844445E-03   48 -6.3358921E-03
   49  2.2172968E-03   50 -1.2655904E-02   51  5.5796108E-03   52  1.6899338E-03
   53 -7.7263949E-03   54  1.7987517E-03   55 -8.4804126E-03   56  3.1231304E-03
   57 -6.3908493E-03   58 -3.7059560E-03   59 -1.1167754E-02   60  3.1249483E-03
   61 -3.1215589E-03   62  2.8286225E-03   63  2.8439022E-03   64 -3.5861779E-03
   65 -1.1876010E-02   66 -6.8964261E-03   67 -2.9469799E-03   68  9.6278171E-03
   69  6.8965923E-03   70 -8.7784717E-03   71  2.9377353E-03   72 -6.2281015E-03
   73  4.6567593E-03   74  6.7801870E-03   75 -6.9946753E-04   76 -6.0998466E-03
   77  4.6379709E-03   78 -6.3659694E-03   79 -5.3305184E-03   80 -6.3800173E-03
   81  1.6840012E-03   82 -5.6178438E-03   83 -1.0934689E-03   84 -3.9312393E-03
   85 -5.3505402E-03   86 -4.0585928E-03   87 -2.0035207E-02   88  3.2095444E-03
   89 -4.7126017E-03   90  1.3201729E-02   91 -3.9949249E-03   92 -4.2808367E-03
   93 -1.1215048E-02   94  4.3179709E-03   95 -6.3945060E-04   96  2.2996156E-02
   97 -7.3405645E-03   98 -2.3937806E-03   99 -1.3371112E-02  100  1.4026583E-03
  101  7.6598534E-03  102  1.4772878E-03  103  4.1613967E-03  104 -3.9796605E-03
  105  6.5006706E-03  106 -4.4280330E-03  107  5.4220046E-03  108 -7.0366063E-03
  109 -2.0335998E-03  110 -2.6637728E-03  111  6.9541695E-03  112 -1.8486917E-03
  113 -7.7787837E-03  114  8.0432436E-03  115 -4.6597004E-03  116  1.9349254E-03
  117 -1.5031713E-02  118 -3.1202663E-03  119 -7.7717183E-03  120 -3.0311346E-03
  121 -1.3940553E-03  122 -3.0227275E-03  123 -1.2460811E-02  124 -4.8100415E-03
  125 -6.9279333E-03  126  2.8043822E-02  127  5.0414251E-03  128  6.4700584E-03
  129 -1.6104478E-02  130  8.9273470E-04  131  1.0910285E-03  132  2.4553801E-02
  133  5.6177857E-03  134  1.2654607E-04  135  1.5729547E-02  136  3.9121569E-03
  137 -8.2638983E-04  138 -1.1005208E-02  139  5.4252354E-03  140 -2.6320719E-04
  141  2.3459265E-02  142  3.4378543E-03  143  4.6452112E-03  144  1.0530500E-03
  145 -3.6707572E-03  146  4.3937331E-03  147 -6.1334400E-03  148 -7.3102681E-04
  149 -4.2864632E-03  150  2.7775573E-03  151 -4.1578062E-03  152 -5.9207649E-03
  153 -1.0244517E-03  154  8.6218266E-03  155  3.7626332E-03  156 -2.7368396E-03
  157  2.5676958E-03  158  9.9330563E-03  159 -1.9044031E-02  160  2.5108953E-03
  161  3.6103778E-03  162  2.6915356E-02  163 -1.4418303E-03  164 -8.8689737E-03
  165  4.3307387E-03  166  2.4681511E-03  167  5.9203396E-03  168 -5.0708796E-03
  169 -2.1475943E-04  170 -7.2512214E-03  171  8.5822898E-03  172 -7.6583433E-03
  173 -1.1348300E-02  174 -1.4152957E-03  175  2.5096527E-03  176  9.9378986E-05
  177 -8.0062832E-04  178  2.9552064E-03  179  8.2680604E-03  180  1.1572851E-03
  181  1.8907562E-03  182  1.7131206E-02  183 -6.4281453E-04  184 -7.3013066E-04
  185  8.7776662E-03  186  3.4662448E-04  187  5.0789048E-03  188 -3.2239417E-03
  189 -1.8832099E-03  190  9.8181478E-04  191 -9.4677222E-03  192  7.4227578E-04
  193 -1.0498343E-03  194  1.0793497E-03  195 -4.3159259E-03  196 -6.5911938E-05
  197  3.8197538E-03  198 -8.7306815E-03  199  4.8924002E-03  200  4.0567854E-03
  201  4.0259573E-03  202  8.6708191E-04  203  4.7282749E-03  204 -7.1583436E-03
  205 -1.1934975E-03  206  3.9477908E-04  207  3.5713970E-03  208  3.1347234E-03
  209  7.0388814E-03  210 -4.3890734E-03  211  5.3185403E-04  212  2.9149226E-03
  213 -2.5504771E-03  214 -1.1810927E-03  215  1.1529742E-02  216  1.1266907E-03
  217  2.3911844E-03  218  1.2287699E-02  219 -8.4843308E-04  220  1.3010739E-03
  221 -7.4701213E-03  222  5.1038728E-03  223 -8.7033106E-04  224  7.4224407E-03
  225 -2.5737142E-04  226 -1.8104660E-03  227 -1.5685160E-02  228 -6.7201782E-03
  229 -1.7531069E-03  230 -3.5131922E-03  231  5.4614035E-03  232  6.7690580E-03
  233 -2.9193754E-03  234  2.6568452E-03  235  2.1639129E-03  236  4.2709887E-03
  237  3.7253769E-03  238  6.2383006E-03  239 -5.8081414E-04  240  4.7562716E-04
  241  3.6968063E-04  242 -9.9071471E-03  243  1.8016614E-03  244 -9.9719054E-03
  245 -4.0966254E-04  246 -1.9336829E-03  247 -1.0949287E-03  248 -1.8677383E-03
  249  5.6689409E-03  250 -1.8566256E-02  251  3.2326276E-04  252  5.2612203E-05
  253 -2.1555596E-03  254 -4.7853398E-03  255 -4.4113173E-03  256 -1.2409728E-02
  257  2.5441916E-03  258  3.9710653E-03  259  4.5014182E-03  260  1.0661519E-03
  261  3.7370592E-03  262 -5.8172508E-03  263  3.5955129E-03  264  1.5768875E-03
  265 -1.6936412E-02  266  5.0511738E-03  267 -1.3510937E-03  268  1.0532944E-02
  269  9.9029950E-03  270  2.4697501E-03  271 -1.4005681E-03  272 -3.9415669E-03
  273  3.7349642E-03  274 -2.6280515E-03  275 -3.8114463E-03  276  3.9444233E-03
  277  4.2499089E-03  278 -5.5063773E-03  279  5.9813321E-03  280  9.8827270E-03
  281  1.3182661E-03  282 -2.0934753E-03  283 -2.8010020E-03  284 -6.1259935E-03
  285  3.9740846E-03  286 -1.8222255E-02  287 -2.5551753E-04  288 -1.2906577E-03
  289 -1.1209933E-03  290  2.2192271E-03  291 -2.3982302E-03  292 -1.1873731E-02
  293  6.6424288E-03  294  3.9794191E-03  295 -1.1527632E-02  296 -1.2168466E-03
  297 -5.3665036E-03  298  1.4328419E-02  299  5.7504045E-04  300  7.4221164E-03
  301  4.8094076E-03  302 -3.6518122E-03  303  3.9472559E-03  304  5.2197905E-03
  305 -6.5394131E-03  306 -4.6755569E-03  307  5.3165997E-03  308 -3.8563382E-03
  309 -6.6003729E-04  310  4.7010863E-03  311 -1.3360757E-03  312  4.2547895E-03
  313  2.0299897E-02  314 -4.9226790E-03  315 -4.3325844E-05  316 -5.5364044E-03
  317  9.3687305E-04  318 -3.5081223E-03  319  1.2803460E-02  320  1.7250057E-03
  321 -1.3926252E-03  322 -1.5464609E-03  323  3.7650893E-03  324 -3.5309236E-03
  325  6.6010247E-03  326  9.8729473E-03  327  1.2459830E-02  328  9.7534640E-03
  329  1.3055661E-02  330  1.6361045E-02  331  1.0524737E-02  332  4.6076439E-03
  333 -2.7155303E-02  334  2.1995879E-03  335 -4.8080352E-03  336  2.6074298E-02
  337  9.4100626E-03  338  7.8839787E-03  339 -2.9158552E-02  340  7.4078837E-03
  341 -5.1660815E-03  342  1.3640777E-02  343  4.9946518E-03  344 -5.6122403E-03
  345 -1.5582824E-02  346 -7.5059917E-04  347 -1.0119005E-02  348  5.1539032E-03
  349  1.0286006E-02  350 -5.9526622E-04  351  6.2725032E-03  352 -2.7640913E-03
  353  9.3678487E-04  354 -2.4397842E-02  355 -2.8337961E-03  356  6.7371126E-03
  357  6.1993998E-03  358  6.1417941E-03  359  1.1951639E-02  360  2.4573519E-02
  361 -1.3649042E-03  362  1.5318552E-02  363  1.4305986E-02  364 -4.1408963E-03
  365  3.6968447E-03  366  1.8185098E-02  367  5.0731707E-03  368  1.2250180E-02
  369 -3.0272228E-02  370  8.2179096E-03  371 -1.0122476E-02  372  1.8826737E-02
  373  3.7591186E-03  374 -2.9168822E-03  375 -2.0955457E-02  376 -1.0089625E-02
  377 -8.9883442E-03  378  2.3304259E-03  379  2.0975635E-03  380  2.1197144E-03
  381  7.2158427E-04  382  1.8683644E-03  383  8.3407556E-03  384 -3.2806119E-02
  385 -1.3856859E-02  386  5.7133746E-03  387  8.6103949E-03  388  1.8233228E-02
  389  3.1667056E-02  390  7.8849160E-03  391 -7.5160681E-04  392 -2.3472869E-04
  393 -6.9939735E-03  394  9.8361576E-04  395  3.0150374E-02  396  6.6429169E-03
  397 -1.2843926E-02  398 -8.2287820E-03  399  9.7349656E-03  400 -2.0761908E-03
  401  1.6113879E-02  402  2.7779320E-02
 TTTTTTTTTTTTTTTTTTTTTTTTTTTTTT TOTGRA      TELAPSE     7434.66 TCPU     7430.30
 EIGENVECTORS IN FORTRAN UNIT  8
 TTTTTTTTTTTTTTTTTTTTTTTTTTTTTT END         TELAPSE     7439.76 TCPU     7434.02
 EEEEEEEEEE TERMINATION  DATE 25 03 2026 TIME 19:17:30.2
NODE    0 CPU TIME =      7434.020
NODE    1 CPU TIME =      7435.500
NODE    2 CPU TIME =      7436.921
NODE    3 CPU TIME =      7437.480
NODE    4 CPU TIME =      7434.473
NODE    5 CPU TIME =      7436.833
NODE    6 CPU TIME =      7437.119
NODE    7 CPU TIME =      7434.944
NODE    8 CPU TIME =      7437.954
NODE    9 CPU TIME =      7437.810
NODE   10 CPU TIME =      7437.017
NODE   11 CPU TIME =      7434.326
NODE   12 CPU TIME =      7437.898
NODE   13 CPU TIME =      7434.204
NODE   14 CPU TIME =      7438.084
NODE   15 CPU TIME =      7437.532
NODE   16 CPU TIME =      7435.874
NODE   17 CPU TIME =      7437.843
NODE   18 CPU TIME =      7435.693
NODE   19 CPU TIME =      7437.670
NODE   20 CPU TIME =      7437.733
NODE   21 CPU TIME =      7435.211
NODE   22 CPU TIME =      7437.534
NODE   23 CPU TIME =      7437.905
NODE   24 CPU TIME =      7435.765
NODE   25 CPU TIME =      7436.343
NODE   26 CPU TIME =      7436.840
NODE   27 CPU TIME =      7435.129
NODE   28 CPU TIME =      7437.539
NODE   29 CPU TIME =      7436.760
NODE   30 CPU TIME =      7437.140
NODE   31 CPU TIME =      7436.322
    TOTAL CPU TIME =    237969.416
------------------------------------------------------
Pcrystal finished normally
------------------------------------------------------
SCF wavefunction fort.9 saved as /users/zeitzsab/tetra_script_walkthrough/oldPyro_tetra/rdm/rdm_disp9.w
Date: 2026-03-25 19:17:30