Date: 2026-03-25 17:18:12
Running on: nid002395
Temporary directory: /scratch/project_462000878/zeitzsab/rdm_disp24_241155
Executable: /project/project_462000878/jchem/crystal/23-1.0.1-gnu/install/bin/Pcrystal
Output: /users/zeitzsab/tetra_script_walkthrough/oldPyro_tetra/rdm/rdm_disp24.out
Input data rdm_disp24.d12
converted and standardized from ase Atoms() object for Ba27Ti27O81 in space group 1
EXTERNAL
ENDGEOM 
256 6 
INPUT 
10. 0 2 2 2 1 0 
9.526986 427.845816 0 
4.487510 204.417530 0 
8.315930 293.605864 0 
4.292217 294.193316 0 
5.916108 112.550402 0 
2.874842 181.782621 0 
3.589465 -33.473174 0 
0 0 3 2.0 1.0 
2.3961900000 -5.9554766710 
2.2433050000 6.6805648241 
0.71740200000 -0.57055347037 
0 0 1 2.0 1.0 
0.27420073547 1.0000000000 
0 1 1 0.0 1.0 
0.13 1.0 1.0 
0 2 4 6.0 1.0 
2.9267420000 0.79815276764 
2.5207180000 -1.0707548832 
0.67578180854 0.34940781448 
0.31985844531 0.65041110673 
0 3 2 0.0 1.0 
0.966315 -0.908938 
0.893828 0.947240 
0 3 1 0.0 1.0 
0.273195 0.322057 
22 12 
0 0 8 2.0 1.0 
211575.69025 .23318151011E-03 
31714.945058 .18079690851E-02 
7217.5476543 .93984311352E-02 
2042.9394247 .38156853618E-01 
665.12896208 .12374757197 
238.74942264 .29208551143 
92.508691001 .41226800855 
36.403919209 .21090534061 
0 0 4 2.0 1.0 
232.72624607 -.24920140738E-01 
71.791209711 -.11746490087 
11.158534615 .56503342318 
4.6548135416 .56211101812 
0 0 2 2.0 1.0 
6.8034629174 -.23011425503 
1.1201076403 .72103186735 
0 0 1 2.0 1.0 
0.48080118839 1.0000000000 
0 0 1 0.0 1.0 
0.24 1.0 
0 1 1 0.0 1.0 
0.12 1.0 1.0 
0 2 6 6.0 1.0 
1063.1474732 .24690839320E-02 
251.56507061 .19773345523E-01 
80.408554854 .90987976672E-01 
29.768193269 .25559900413 
11.736830556 .40489386764 
4.7142375230 .23693402558 
0 2 3 6.0 1.0 
17.796803704 -.27878639615E-01 
2.4272698680 .55672914668 
0.96823445537 1.0055447350 
0 2 1 0.0 1.0 
0.37056694165 1.0000000000 
0 3 4 2.0 1.0 
37.713384723 .11513835092E-01 
10.692931184 .67246343996E-01 
3.6728446990 .21484207775 
1.3588590303 .38890892779 
0 3 1 0.0 1.0 
0.54 1.0 
0 3 1 0.0 1.0 
0.22 1.0 
8 7 
0 0 6 2.0 1.0 
27032.382631 0.21726302465E-03 
4052.3871392 0.16838662199E-02 
922.32722710 0.87395616265E-02 
261.24070989 0.35239968808E-01 
85.354641351 0.11153519115 
31.035035245 0.25588953961 
0 0 2 2.0 1.0 
12.271113873 0.39768730901 
4.9159842006 0.24627849430 
0 0 1 0.0 1.0 
0.90086482370 1.0000000000 
0 1 1 0.0 1.0 
0.25000000000 1.0 1.0 
0 2 4 4.0 1.0 
75.300554155 0.60685103418E-02 
17.743733858 0.41912575824E-01 
5.5355828651 0.16153841088 
2.0685535103 0.35706951311 
0 2 1 0.0 1.0 
0.78238772422 1.0000000000 
0 3 1 0.0 1.0 
1.2000000000 1.0000000000 
99 0 
ENDBAS 
DFT 
PBE0 
ENDDFT 
SHRINK 
0 2 
2 2 2 
TOLINTEG 
8 8 8 8 16 
MAXCYCLE 
100 
FMIXING 
80 
EXCHSIZE 
30000000 
BIPOSIZE 
30000000 
GRADCAL 
ENDEXTERNAL geometry rdm_disp24.ext is available as /scratch/project_462000878/zeitzsab/rdm_disp24_241155/fort.34
 PROCESS           27  OF           32  WORKING
 PROCESS           23  OF           32  WORKING
 PROCESS            7  OF           32  WORKING
 PROCESS           17  OF           32  WORKING
 PROCESS            8  OF           32  WORKING
 PROCESS           16  OF           32  WORKING
 PROCESS            5  OF           32  WORKING
 PROCESS            6  OF           32  WORKING
 PROCESS            9  OF           32  WORKING
 PROCESS           19  OF           32  WORKING
 PROCESS            4  OF           32  WORKING
 PROCESS           25  OF           32  WORKING
 PROCESS            2  OF           32  WORKING
 PROCESS            1  OF           32  WORKING
 PROCESS           29  OF           32  WORKING
 PROCESS           30  OF           32  WORKING
 PROCESS            0  OF           32  WORKING
 PROCESS           22  OF           32  WORKING
 PROCESS           28  OF           32  WORKING
 PROCESS           24  OF           32  WORKING
 PROCESS           11  OF           32  WORKING
 PROCESS           21  OF           32  WORKING
 PROCESS           26  OF           32  WORKING
 PROCESS            3  OF           32  WORKING
 PROCESS           18  OF           32  WORKING
 PROCESS           20  OF           32  WORKING
 PROCESS           15  OF           32  WORKING
 PROCESS           14  OF           32  WORKING
 PROCESS           31  OF           32  WORKING
 PROCESS           13  OF           32  WORKING
 PROCESS           12  OF           32  WORKING
 PROCESS           10  OF           32  WORKING

         
 *******************************************************************************
 *                                                                             *
 *                               CRYSTAL23                                     *
 *                      public : 1.0.1 - October 2022                          *
 *                       HTTP://WWW.CRYSTAL.UNITO.IT                           *
 *                                                                             *
 *                              MAIN AUTHORS                                   *
 *                                                                             *
 *  R. DOVESI(1,11), V.R. SAUNDERS(2), C. ROETTI(1,11), R. ORLANDO(1,11),      *
 *  C.M. ZICOVICH-WILSON(1,3), F. PASCALE(4), B. CIVALLERI(1,11),              *
 *  K. DOLL(5), N.M. HARRISON(6), I.J. BUSH(7), Ph. D'ARCO(8),                 *
 *  M. LLUNELL(9), M. CAUSA'(10), Y. NOEL(8), L. MASCHIO(1,11), A. ERBA(1,11)  *
 *  M. RE'RAT(14), S. CASASSA(1,11), B.G. SEARLE(2), J.K. DESMARAIS(1)         *
 *                                                                             *
 *        CONTRIBUTIONS TO THE CODE HAVE ALSO BEEN GIVEN BY                    *
 *                                                                             *
 *  M. FERRABONE(1,11), M. DE LA PIERRE(1,11), M. FERRERO(1,11),               *
 *  J. BAIMA(1,11), E. ALBANESE(1,11), M.F. PEINTINGER(12), R. BAST(13),       *
 *  B. KIRTMAN(15), V. LACIVITA(1,11), R. DEMICHELIS(1,16)                     *
 *  G. BRANDEBURG(17), S. SALUSTRO(1,11), G. SANSONE(1,11)                     *
 *  M.T. RUGGIERO(18), L.E. DAGA(1), L. DONA'(1), A. COSSARD(1)                *
 *                                                                             *
 * (1) THEORETICAL CHEMISTRY GROUP - UNIVERSITA' DI TORINO - TORINO (ITALY)    *
 * (2) SCIENTIFIC COMPUTING DEPARTMENT - STFC DARESBURY (UK)                   *
 * (3) UNIVERSIDAD AUTONOMA DEL ESTADO DE MORELOS - CUERNAVACA (MEXICO)        *
 * (4) UNIVERSITE' DE LORRAINE - NANCY (FRANCE)                                *
 * (5) UNIVERSITAET STUTTGART- STUTTGART (GERMANY)                             *
 * (6) IMPERIAL COLLEGE - LONDON (UK)                                          *
 * (7) SCIENTIFIC COMPUTING DEPARTMENT - STFC RAL (UK)                         *
 * (8) UPMC - SORBONNE UNIVERSITES - PARIS (FRANCE)                            *
 * (9) UNIVERSIDAD DE BARCELONA - BARCELONA (SPAIN)                            *
 *(10) UNIVERSITA' DI NAPOLI "FEDERICO II" - NAPOLI (ITALY)                    *
 *(11) NIS - NANOSTRUCTURED INTERFACES AND SURFACES - TORINO (ITALY)           *
 *(12) MPI FUER CHEMISCHE ENERGIEKONVERSION - MUELHEIM AN DER RUHR (GERMANY)   *
 *(13) UNIVERSITY OF TROMSO - TROMSO (NORWAY)                                  *
 *(14) UNIVERSITE' DE PAU ET DES PAYS DE L'ADOUR - PAU (FRANCE)                *
 *(15) UNIVERSITY OF CALIFORNIA SANTA BARBARA - SANTA BARBARA (USA)            *
 *(16) CURTIN UNIVERSITY - PERTH (AUSTRALIA)                                   *
 *(17) UNIVERSITY COLLEGE LONDON - LONDON (UK)                                 *
 *(18) UNIVERSITY OF VERMONT - BURLINGTON (USA)                                *
 *                                                                             *
 *******************************************************************************
 EEEEEEEEEE STARTING  DATE 25 03 2026 TIME 17:18:14.6
 converted and standardized from ase Atoms() object for Ba27Ti27O81 in space grou
 filename=fort.34                        0           0

 GEOMETRY INPUT FROM EXTERNAL FILE (FORTRAN UNIT 34)
 3D - CRYSTAL 

 *******************************************************************************
 LATTICE PARAMETERS  (ANGSTROMS AND DEGREES) - PRIMITIVE CELL
       A          B          C        ALPHA      BETA     GAMMA        VOLUME
   11.90773   11.90773   12.27480    90.00000  90.00000  90.00000   1740.493702
 INFORMATION **** CHKGRP **** SPGR WITH NO INVERSION

 NUMBER OF IRREDUCIBLE ATOMS IN THE CELL:  135

 CARTESIAN COORDINATES (ANGSTROM) - IRREDUCIBLE ATOMS AND SYMMETRY RELATED

 AT.IRR.  AT  AT.N.          X                   Y                   Z
     1     1   256    1.885775771923E-02 -3.506716657776E-02  3.001752351256E-02
     2     2   256    4.204663827627E-03  3.815762756710E-02  4.106545780344E+00
     3     3   256    1.573762404733E-02  2.499605051767E-02  8.182410766213E+00
     4     4   256    4.430387758099E-04  3.959047130912E+00 -1.248960688896E-02
     5     5   256   -1.455824227815E-02  3.994742780418E+00  4.090620743940E+00
     6     6   256   -8.445819704050E-03  3.973723675849E+00  8.170542682213E+00
     7     7   256   -1.718503712285E-02  7.941536259999E+00  6.217771443727E-02
     8     8   256   -3.952939420454E-02  7.943951595188E+00  4.115030966485E+00
     9     9   256    2.157287523528E-02  7.957976703937E+00  8.181909283981E+00
    10    10   256    3.959804592234E+00  1.804402402194E-02 -8.242015654008E-03
    11    11   256    3.968906078777E+00  1.604868019884E-02  4.154422590748E+00
    12    12   256    4.007274646765E+00  2.840815169975E-04  8.196989245885E+00
    13    13   256    3.970004564097E+00  3.931771148776E+00  4.015695988807E-02
    14    14   256    3.937743675781E+00  3.956391157830E+00  4.138820585715E+00
    15    15   256    3.972539725492E+00  3.972092663273E+00  8.249145568959E+00
    16    16   256    3.965726916246E+00  7.948214636928E+00 -1.245356464608E-02
    17    17   256    3.955377999286E+00  7.902509085183E+00  4.128423986811E+00
    18    18   256    3.992637209718E+00  7.970854140100E+00  8.211675242844E+00
    19    19   256    7.918277565762E+00  1.988389462774E-02  5.440219792494E-02
    20    20   256    7.956271214702E+00  3.525637954675E-02  4.111399702058E+00
    21    21   256    7.903428131273E+00 -2.200187257590E-03  8.190254508003E+00
    22    22   256    7.973158983265E+00  3.951545777901E+00  3.539122989867E-02
    23    23   256    7.934404925053E+00  3.975301974514E+00  4.078457639843E+00
    24    24   256    7.919824712023E+00  4.001664141186E+00  8.223547212040E+00
    25    25   256    7.917088818336E+00  7.912329377073E+00  4.758097078546E-02
    26    26   256    7.929661069587E+00  7.955228582563E+00  4.082544949186E+00
    27    27   256    7.910528057604E+00  7.910967662370E+00  8.201586318462E+00
    28    28     8    1.989645409688E+00  2.007151603530E+00  3.927958624636E+00
    29    29     8    1.980581536458E+00  2.021586797653E+00  8.066965885656E+00
    30    30     8    1.976729718799E+00  1.945461870097E+00  1.214177930836E+01
    31    31     8    1.949656786105E+00  5.965538039052E+00  3.945095999551E+00
    32    32     8    1.977022180708E+00  5.966630078771E+00  8.015085772574E+00
    33    33     8    1.957054828544E+00  5.972033859063E+00  1.212124078431E+01
    34    34     8    1.986263479195E+00  9.923531277959E+00  4.000590629979E+00
    35    35     8    1.954025172690E+00  9.947389651810E+00  8.060848611071E+00
    36    36     8    1.983668545062E+00  9.933424907845E+00  1.210518810644E+01
    37    37     8    5.985056676992E+00  2.006338181638E+00  3.973100079809E+00
    38    38     8    5.963990549040E+00  1.955773790128E+00  8.078018050857E+00
    39    39     8    5.989790695606E+00  2.002010336606E+00  1.214115805775E+01
    40    40     8    5.919616535633E+00  5.945914018458E+00  3.941555716874E+00
    41    41     8    5.973616659834E+00  5.953336267988E+00  8.017445091414E+00
    42    42     8    5.949987613076E+00  5.929775812479E+00  1.211212843559E+01
    43    43     8    5.915300505803E+00  9.931163755424E+00  3.953711814056E+00
    44    44     8    5.974923980067E+00  9.947569979286E+00  8.075854259218E+00
    45    45     8    5.940961442633E+00  9.891866650136E+00  1.216520730339E+01
    46    46     8    9.940003016363E+00  1.989648983240E+00  3.924718496856E+00
    47    47     8    9.923776219225E+00  1.944629918542E+00  8.052645533951E+00
    48    48     8    9.893658987037E+00  1.957854404659E+00  1.214783281430E+01
    49    49     8    9.937626551638E+00  5.988554084738E+00  3.974267215423E+00
    50    50     8    9.927120898967E+00  5.936365252976E+00  8.016481245626E+00
    51    51     8    9.910407173118E+00  5.991514194165E+00  1.213921190001E+01
    52    52     8    9.908848442480E+00  9.887068426639E+00  3.950751057447E+00
    53    53     8    9.953533400698E+00  9.915308459461E+00  8.027454334682E+00
    54    54     8    9.894331462227E+00  9.947063523478E+00  1.215789554573E+01
    55    55     8    2.008121943058E+00  2.809753422777E-02  1.969704161805E+00
    56    56     8    1.951905057362E+00  1.211724037580E-02  6.057809826440E+00
    57    57     8    1.975896107815E+00  1.632766933314E-02  1.020443065267E+01
    58    58     8    2.016695812535E+00  3.983229940075E+00  1.966392952079E+00
    59    59     8    1.953618649277E+00  3.990056159921E+00  6.063033647830E+00
    60    60     8    1.967460252905E+00  3.965391878460E+00  1.020489804454E+01
    61    61     8    1.983718685547E+00  7.929664536937E+00  2.024779623364E+00
    62    62     8    1.974509074452E+00  7.964022869366E+00  6.106455609851E+00
    63    63     8    2.010762485054E+00  7.921024854028E+00  1.014424021381E+01
    64    64     8    5.917786841417E+00 -1.403786127372E-02  1.975715981779E+00
    65    65     8    5.979916411576E+00 -2.955319378563E-02  6.084303228308E+00
    66    66     8    5.927454062392E+00  2.995611766206E-02  1.017121168436E+01
    67    67     8    5.923716071447E+00  3.966355246156E+00  2.011902225126E+00
    68    68     8    5.989891439079E+00  3.983146054296E+00  6.087811973180E+00
    69    69     8    5.960199751907E+00  4.007704348178E+00  1.017795711146E+01
    70    70     8    5.972853624316E+00  7.906003466538E+00  1.972203530764E+00
    71    71     8    5.937550350273E+00  7.974494866651E+00  6.071263632574E+00
    72    72     8    5.989818809136E+00  7.934950014048E+00  1.018614572053E+01
    73    73     8    9.958949139547E+00  1.307395939482E-02  1.997804279976E+00
    74    74     8    9.891987899623E+00  4.450301977720E-03  6.052644506082E+00
    75    75     8    9.936769093014E+00  2.531749735486E-02  1.019676622634E+01
    76    76     8    9.914664125709E+00  3.999162251306E+00  1.960604700164E+00
    77    77     8    9.961422770625E+00  3.979943304207E+00  6.073163325280E+00
    78    78     8    9.922023042395E+00  4.001592470628E+00  1.019247627406E+01
    79    79     8    9.928843600933E+00  7.933686177145E+00  2.025070225373E+00
    80    80     8    9.915269283154E+00  7.904191305515E+00  6.058342643899E+00
    81    81     8    9.937091826533E+00  7.941711988013E+00  1.013163451868E+01
    82    82     8   -1.121049312579E-02  1.975414686173E+00  2.023052176515E+00
    83    83     8   -1.614218171253E-02  1.951956099440E+00  6.060870891979E+00
    84    84     8    2.085213769778E-02  2.001532181538E+00  1.019862473047E+01
    85    85     8    2.791485418055E-02  5.928969443540E+00  1.999949335994E+00
    86    86     8    5.284964944279E-03  5.919658412694E+00  6.057327348344E+00
    87    87     8    1.783508262600E-02  5.933596448514E+00  1.013945946633E+01
    88    88     8   -3.130487480892E-03  9.956591093534E+00  1.964112792133E+00
    89    89     8   -2.017456996128E-02  9.942094876650E+00  6.048519436475E+00
    90    90     8    3.814562407939E-02  9.917099350759E+00  1.017940217517E+01
    91    91     8    3.930508409496E+00  1.990313599782E+00  1.977581978056E+00
    92    92     8    3.953696682346E+00  2.011129737913E+00  6.102979209344E+00
    93    93     8    3.983207328374E+00  1.976304792753E+00  1.013242337936E+01
    94    94     8    3.999900937491E+00  5.947536597699E+00  2.010677469423E+00
    95    95     8    3.984438203785E+00  5.990506850885E+00  6.082534897145E+00
    96    96     8    3.955464391270E+00  5.962358326251E+00  1.020555145886E+01
    97    97     8    3.972413507093E+00  9.905419634157E+00  2.021510355670E+00
    98    98     8    3.943694863529E+00  9.892369667659E+00  6.078858032734E+00
    99    99     8    3.980918571856E+00  9.893541611809E+00  1.019324971743E+01
   100   100     8    7.907861264858E+00  1.977408283620E+00  2.010472106755E+00
   101   101     8    7.949647315967E+00  1.946705676768E+00  6.071223989878E+00
   102   102     8    7.948822782431E+00  1.959559329462E+00  1.019838465963E+01
   103   103     8    7.903583884398E+00  5.946864877760E+00  2.004013716859E+00
   104   104     8    7.900431981561E+00  5.961180435804E+00  6.067464915955E+00
   105   105     8    7.905823865188E+00  5.931655514971E+00  1.016267357397E+01
   106   106     8    7.905125366251E+00  9.906804183648E+00  1.970910159936E+00
   107   107     8    7.963846095257E+00  9.953370825092E+00  6.083803606230E+00
   108   108     8    7.946591209357E+00  9.902656803252E+00  1.020237903973E+01
   109   109    22    1.972530495717E+00  2.022743046515E+00  2.148203014755E+00
   110   110    22    1.973556793396E+00  1.976260820001E+00  6.276551805580E+00
   111   111    22    2.019561654596E+00  1.977090200150E+00  1.031267346519E+01
   112   112    22    2.020514494950E+00  5.949831771324E+00  2.130245597287E+00
   113   113    22    1.948655849355E+00  5.958389705891E+00  6.255943686869E+00
   114   114    22    1.973893794816E+00  5.915901926212E+00  1.032402945377E+01
   115   115    22    1.964771865585E+00  9.904219910681E+00  2.118295345623E+00
   116   116    22    2.000029033858E+00  9.886841900102E+00  6.232163699783E+00
   117   117    22    1.981701968597E+00  9.957566311768E+00  1.035073890428E+01
   118   118    22    5.966324601652E+00  2.022610261297E+00  2.146130145509E+00
   119   119    22    5.980804598468E+00  1.957912278515E+00  6.251718698084E+00
   120   120    22    5.955855560694E+00  2.021200867651E+00  1.034669552551E+01
   121   121    22    5.915857587151E+00  5.958372495630E+00  2.159054285306E+00
   122   122    22    5.917023513557E+00  5.938582707341E+00  6.242032780127E+00
   123   123    22    5.932002373232E+00  5.958664961378E+00  1.029748163764E+01
   124   124    22    5.971683255086E+00  9.887367800091E+00  2.145199273652E+00
   125   125    22    5.950279621724E+00  9.943713422244E+00  6.273131144234E+00
   126   126    22    5.935150419115E+00  9.887774289551E+00  1.033164822908E+01
   127   127    22    9.962503735598E+00  1.978489184517E+00  2.144180540747E+00
   128   128    22    9.922062215329E+00  2.016159619205E+00  6.263615518430E+00
   129   129    22    9.912617543413E+00  1.954235914324E+00  1.035443443837E+01
   130   130    22    9.891887022453E+00  5.960436920625E+00  2.123311986368E+00
   131   131    22    9.916702988561E+00  5.968357139008E+00  6.275761414966E+00
   132   132    22    9.934858255964E+00  5.919916728118E+00  1.034822187267E+01
   133   133    22    9.928891092984E+00  9.959670216515E+00  2.132268738723E+00
   134   134    22    9.887534569909E+00  9.908725187393E+00  6.227747000466E+00
   135   135    22    9.960096429924E+00  9.938344035654E+00  1.033077160712E+01
 NUMBER OF SYMMETRY OPERATORS         :    1
 *******************************************************************************
 LATTICE PARAMETERS (ANGSTROMS AND DEGREES) - BOHR = 0.5291772083 ANGSTROM
 PRIMITIVE CELL - CENTRING CODE 1/0 VOLUME=  1740.493702 - DENSITY  6.022 g/cm^3
         A              B              C           ALPHA      BETA       GAMMA 
    11.90773305    11.90773305    12.27479580    90.000000  90.000000  90.000000
 *******************************************************************************
 ATOMS IN THE ASYMMETRIC UNIT  135 - ATOMS IN THE UNIT CELL:  135
     ATOM                 X/A                 Y/B                 Z/C    
 *******************************************************************************
      1 T 256 BA    1.583656405468E-03 -2.944907013830E-03  2.445460112058E-03
      2 T 256 BA    3.531036352571E-04  3.204440963438E-03  3.345510464902E-01
      3 T 256 BA    1.321630572440E-03  2.099144347015E-03 -3.333974023248E-01
      4 T 256 BA    3.720597144306E-05  3.324769806552E-01 -1.017500176171E-03
      5 T 256 BA   -1.222587222691E-03  3.354746670625E-01  3.332536695999E-01
      6 T 256 BA   -7.092718377702E-04  3.337095028217E-01 -3.343642684294E-01
      7 T 256 BA   -1.443182934207E-03 -3.330774021677E-01  5.065478517962E-03
      8 T 256 BA   -3.319640609893E-03 -3.328745646353E-01  3.352423155166E-01
      9 T 256 BA    1.811669370206E-03 -3.316967494550E-01 -3.334382569541E-01
     10 T 256 BA    3.325405915305E-01  1.515319830078E-03 -6.714584737946E-04
     11 T 256 BA    3.333049256405E-01  1.347752769688E-03  3.384514625285E-01
     12 T 256 BA    3.365270811781E-01  2.385689331501E-05 -3.322097263822E-01
     13 T 256 BA    3.333971753840E-01  3.301863698377E-01  3.271497183527E-03
     14 T 256 BA    3.306879369269E-01  3.322539345832E-01  3.371804022773E-01
     15 T 256 BA    3.336100758064E-01  3.335725319499E-01 -3.279606680741E-01
     16 T 256 BA    3.330379426205E-01 -3.325165584790E-01 -1.014563895725E-03
     17 T 256 BA    3.321688505005E-01 -3.363548668751E-01  3.363334147531E-01
     18 T 256 BA    3.352978432547E-01 -3.306153147177E-01 -3.310132912480E-01
     19 T 256 BA   -3.350306450007E-01  1.669830398805E-03  4.432024679786E-03
     20 T 256 BA   -3.318399748051E-01  2.960796937478E-03  3.349464845727E-01
     21 T 256 BA   -3.362776862660E-01 -1.847696155390E-04 -3.327583903267E-01
     22 T 256 BA   -3.304217561995E-01  3.318470242244E-01  2.883243882450E-03
     23 T 256 BA   -3.336762848363E-01  3.338420468297E-01  3.322627688717E-01
     24 T 256 BA   -3.349007171417E-01  3.360559163011E-01 -3.300461086253E-01
     25 T 256 BA   -3.351304748694E-01 -3.355301681815E-01  3.876314650013E-03
     26 T 256 BA   -3.340746692682E-01 -3.319275340521E-01  3.325957527689E-01
     27 T 256 BA   -3.356814412628E-01 -3.356445236761E-01 -3.318352132211E-01
     28 T   8 O     1.670885130977E-01  1.685586664651E-01  3.200019526709E-01
     29 T   8 O     1.663273377176E-01  1.697709202217E-01 -3.428024370348E-01
     30 T   8 O     1.660038657651E-01  1.633780218223E-01 -1.083655433494E-02
     31 T   8 O     1.637303068450E-01 -4.990198374448E-01  3.213980960524E-01
     32 T   8 O     1.660284264357E-01 -4.989281289967E-01 -3.470289931361E-01
     33 T   8 O     1.643515873530E-01 -4.984743247109E-01 -1.250978168518E-02
     34 T   8 O     1.668045018187E-01 -1.666313616294E-01  3.259191187505E-01
     35 T   8 O     1.640971597604E-01 -1.646277582776E-01 -3.433007976336E-01
     36 T   8 O     1.665865817391E-01 -1.658005040813E-01 -1.381755723891E-02
     37 T   8 O    -4.973806809524E-01  1.684903560748E-01  3.236795254720E-01
     38 T   8 O    -4.991497941718E-01  1.642440069756E-01 -3.419020419992E-01
     39 T   8 O    -4.969831226099E-01  1.681269078001E-01 -1.088716622483E-02
     40 T   8 O     4.971237187445E-01  4.993321561284E-01  3.211096771870E-01
     41 T   8 O    -4.983414026204E-01  4.999554695247E-01 -3.468367847379E-01
     42 T   8 O     4.996742526972E-01  4.979768850696E-01 -1.325214423602E-02
     43 T   8 O     4.967612626992E-01 -1.659903934927E-01  3.221000070776E-01
     44 T   8 O    -4.982316151211E-01 -1.646126145492E-01 -3.420783212363E-01
     45 T   8 O     4.989162435609E-01 -1.692905267022E-01 -8.927928284371E-03
     46 T   8 O    -1.652480808374E-01  1.670888132011E-01  3.197379867497E-01
     47 T   8 O    -1.666107916968E-01  1.633081553287E-01 -3.439690838726E-01
     48 T   8 O    -1.691400079684E-01  1.644187349883E-01 -1.034338882468E-02
     49 T   8 O    -1.654476540656E-01 -4.970869720045E-01  3.237746093848E-01
     50 T   8 O    -1.663299087002E-01  4.985302599621E-01 -3.469153070859E-01
     51 T   8 O    -1.677335113657E-01 -4.968383848540E-01 -1.104571531798E-02
     52 T   8 O    -1.678644120696E-01 -1.696934769092E-01  3.218588008973E-01
     53 T   8 O    -1.641118121389E-01 -1.673219060398E-01 -3.460213542060E-01
     54 T   8 O    -1.690835341470E-01 -1.646551462222E-01 -9.523600732206E-03
     55 T   8 O     1.686401546479E-01  2.359603974139E-03  1.604673669443E-01
     56 T   8 O     1.639191145087E-01  1.017594224267E-03  4.935161386913E-01
     57 T   8 O     1.659338599143E-01  1.371182009588E-03 -1.686679909842E-01
     58 T   8 O     1.693601799828E-01  3.345078297733E-01  1.601976101369E-01
     59 T   8 O     1.640630203141E-01  3.350810891684E-01  4.939417116682E-01
     60 T   8 O     1.652254249103E-01  3.330098064686E-01 -1.686299136200E-01
     61 T   8 O     1.665907924890E-01 -3.340743780835E-01  1.649542408978E-01
     62 T   8 O     1.658173781828E-01 -3.311889982816E-01  4.974792012304E-01
     63 T   8 O     1.688619048320E-01 -3.347999303673E-01 -1.735715706318E-01
     64 T   8 O     4.969700627792E-01 -1.178886125073E-03  1.609571363932E-01
     65 T   8 O    -4.978123555116E-01 -2.481848867584E-03  4.956744965409E-01
     66 T   8 O     4.977819067242E-01  2.515686028254E-03 -1.713742656022E-01
     67 T   8 O     4.974679938300E-01  3.330907091637E-01  1.639051482328E-01
     68 T   8 O    -4.969746622696E-01  3.345007851260E-01  4.959603460922E-01
     69 T   8 O    -4.994681416790E-01  3.365631670906E-01 -1.708247308310E-01
     70 T   8 O    -4.984054816113E-01 -3.360614120806E-01  1.606709849107E-01
     71 T   8 O     4.986297832964E-01 -3.303095699940E-01  4.946121900109E-01
     72 T   8 O    -4.969807616626E-01 -3.336305087854E-01 -1.701576232712E-01
     73 T   8 O    -1.636570035850E-01  1.097938569829E-03  1.627566203566E-01
     74 T   8 O    -1.692803442866E-01  3.737320914933E-04  4.930953316618E-01
     75 T   8 O    -1.655196626184E-01  2.126139144080E-03 -1.692923945553E-01
     76 T   8 O    -1.673760165702E-01  3.358458099887E-01  1.597260542749E-01
     77 T   8 O    -1.634492704197E-01  3.342318212456E-01  4.947669537020E-01
     78 T   8 O    -1.667580218054E-01  3.360498974764E-01 -1.696418873166E-01
     79 T   8 O    -1.661852378415E-01 -3.337366445963E-01  1.649779155897E-01
     80 T   8 O    -1.673251960285E-01 -3.362135956252E-01  4.935595461310E-01
     81 T   8 O    -1.654925597670E-01 -3.330626446977E-01 -1.745985282554E-01
     82 T   8 O    -9.414464599367E-04  1.658934305865E-01  1.648135096891E-01
     83 T   8 O    -1.355604937123E-03  1.639234009734E-01  4.937655168144E-01
     84 T   8 O     1.751142523117E-03  1.680867527962E-01 -1.691409864051E-01
     85 T   8 O     2.344262678995E-03  4.979091669795E-01  1.629313732448E-01
     86 T   8 O     4.438262868413E-04  4.971272355399E-01  4.934768322862E-01
     87 T   8 O     1.497773132057E-03  4.982977384192E-01 -1.739610473744E-01
     88 T   8 O    -2.628953359760E-04 -1.638550300274E-01  1.600118506357E-01
     89 T   8 O    -1.694241034508E-03 -1.650724084169E-01  4.927592715209E-01
     90 T   8 O     3.203432922053E-03 -1.671715087063E-01 -1.707070047413E-01
     91 T   8 O     3.300803262042E-01  1.671446270608E-01  1.611091549121E-01
     92 T   8 O     3.320276551166E-01  1.688927463749E-01  4.971959867018E-01
     93 T   8 O     3.345059308643E-01  1.659681808833E-01 -1.745342615510E-01
     94 T   8 O     3.359078441460E-01  4.994684187767E-01  1.638053701409E-01
     95 T   8 O     3.346092986007E-01 -4.969229805764E-01  4.955304345792E-01
     96 T   8 O     3.321761056165E-01 -4.992868666760E-01 -1.685766814254E-01
     97 T   8 O     3.335994761063E-01 -1.681523601037E-01  1.646879010134E-01
     98 T   8 O     3.311877119658E-01 -1.692482837731E-01  4.952308887073E-01
     99 T   8 O     3.343137232873E-01 -1.691498650275E-01 -1.695788766257E-01
    100 T   8 O    -3.359053959596E-01  1.660608509879E-01  1.637886397064E-01
    101 T   8 O    -3.323962434675E-01  1.634824755135E-01  4.946089604096E-01
    102 T   8 O    -3.324654870029E-01  1.645619129379E-01 -1.691605444365E-01
    103 T   8 O    -3.362646062679E-01  4.994120083805E-01  1.632624892106E-01
    104 T   8 O    -3.365293000450E-01 -4.993857847859E-01  4.943027171137E-01
    105 T   8 O    -3.360764948297E-01  4.981347406819E-01 -1.720698462477E-01
    106 T   8 O    -3.361351541005E-01 -1.680360869655E-01  1.605656168990E-01
    107 T   8 O    -3.312038436017E-01 -1.641254650824E-01  4.956337934542E-01
    108 T   8 O    -3.326528923692E-01 -1.683843799931E-01 -1.688351312754E-01
    109 T  22 TI    1.656512190384E-01  1.698680208921E-01  1.750092669366E-01
    110 T  22 TI    1.657374065331E-01  1.659644880938E-01 -4.886634443581E-01
    111 T  22 TI    1.696008506503E-01  1.660341386432E-01 -1.598496925553E-01
    112 T  22 TI    1.696808692693E-01  4.996611652563E-01  1.735463165332E-01
    113 T  22 TI    1.636462491368E-01 -4.996201476072E-01 -4.903423414287E-01
    114 T  22 TI    1.657657075891E-01  4.968117694083E-01 -1.589245457124E-01
    115 T  22 TI    1.649996567218E-01 -1.682531117306E-01  1.725727564139E-01
    116 T  22 TI    1.679605198958E-01 -1.697125003905E-01 -4.922796434802E-01
    117 T  22 TI    1.664214305339E-01 -1.637731321355E-01 -1.567485868659E-01
    118 T  22 TI   -4.989537826721E-01  1.698568697169E-01  1.748403949424E-01
    119 T  22 TI   -4.977377664284E-01  1.644235951792E-01 -4.906865417603E-01
    120 T  22 TI   -4.998329626902E-01  1.697385101903E-01 -1.570779918382E-01
    121 T  22 TI    4.968080458564E-01 -4.996215929085E-01  1.758932955370E-01
    122 T  22 TI    4.969059592378E-01  4.987164796528E-01 -4.914756317064E-01
    123 T  22 TI    4.981638695059E-01 -4.995970319155E-01 -1.610873365695E-01
    124 T  22 TI   -4.985037680967E-01 -1.696683358138E-01  1.747645589063E-01
    125 T  22 TI    4.996987753033E-01 -1.649364845105E-01 -4.889421179427E-01
    126 T  22 TI    4.984282393797E-01 -1.696341992189E-01 -1.583038612272E-01
    127 T  22 TI   -1.633584920181E-01  1.661516240085E-01  1.746815650283E-01
    128 T  22 TI   -1.667547321000E-01  1.693151509812E-01 -4.897173345702E-01
    129 T  22 TI   -1.675478865884E-01  1.641148576407E-01 -1.564475200173E-01
    130 T  22 TI   -1.692888158546E-01 -4.994482244775E-01  1.729814508497E-01
    131 T  22 TI   -1.672047948235E-01 -4.987830921346E-01 -4.887278357033E-01
    132 T  22 TI   -1.656801328811E-01  4.971489286215E-01 -1.569536437686E-01
    133 T  22 TI   -1.661812495046E-01 -1.635964482329E-01  1.737111373147E-01
    134 T  22 TI   -1.696543306445E-01 -1.678747629136E-01 -4.926394620377E-01
    135 T  22 TI   -1.635606552396E-01 -1.653874004461E-01 -1.583752776469E-01

 T = ATOM BELONGING TO THE ASYMMETRIC UNIT
 *******************************************************************************
 * GEOMETRY EDITING - INPUT COORDINATES ARE GIVEN IN ANGSTROM         
 *******************************************************************************

 GCALCO - MAX INDICES DIRECT LATTICE VECTOR    15    15    14
 NO.OF VECTORS CREATED 6999 STARS  514 RMAX   270.02825 BOHR

 GEOMETRY FOR WAVE FUNCTION - DIMENSIONALITY OF THE SYSTEM    3
 (NON PERIODIC DIRECTION: LATTICE PARAMETER FORMALLY SET TO 500)
 *******************************************************************************
 LATTICE PARAMETERS (ANGSTROMS AND DEGREES) - BOHR = 0.5291772083 ANGSTROM
 PRIMITIVE CELL - CENTRING CODE 1/0 VOLUME=  1740.493702 - DENSITY  6.022 g/cm^3
         A              B              C           ALPHA      BETA       GAMMA 
    11.90773305    11.90773305    12.27479580    90.000000  90.000000  90.000000
 *******************************************************************************
 ATOMS IN THE ASYMMETRIC UNIT  135 - ATOMS IN THE UNIT CELL:  135
     ATOM                 X/A                 Y/B                 Z/C    
 *******************************************************************************
      1 T 256 BA    1.583656405468E-03 -2.944907013830E-03  2.445460112058E-03
      2 T 256 BA    3.531036352571E-04  3.204440963438E-03  3.345510464902E-01
      3 T 256 BA    1.321630572440E-03  2.099144347015E-03 -3.333974023248E-01
      4 T 256 BA    3.720597144306E-05  3.324769806552E-01 -1.017500176171E-03
      5 T 256 BA   -1.222587222691E-03  3.354746670625E-01  3.332536695999E-01
      6 T 256 BA   -7.092718377702E-04  3.337095028217E-01 -3.343642684294E-01
      7 T 256 BA   -1.443182934207E-03 -3.330774021677E-01  5.065478517962E-03
      8 T 256 BA   -3.319640609893E-03 -3.328745646353E-01  3.352423155166E-01
      9 T 256 BA    1.811669370206E-03 -3.316967494550E-01 -3.334382569541E-01
     10 T 256 BA    3.325405915305E-01  1.515319830078E-03 -6.714584737946E-04
     11 T 256 BA    3.333049256405E-01  1.347752769688E-03  3.384514625285E-01
     12 T 256 BA    3.365270811781E-01  2.385689331501E-05 -3.322097263822E-01
     13 T 256 BA    3.333971753840E-01  3.301863698377E-01  3.271497183527E-03
     14 T 256 BA    3.306879369269E-01  3.322539345832E-01  3.371804022773E-01
     15 T 256 BA    3.336100758064E-01  3.335725319499E-01 -3.279606680741E-01
     16 T 256 BA    3.330379426205E-01 -3.325165584790E-01 -1.014563895725E-03
     17 T 256 BA    3.321688505005E-01 -3.363548668751E-01  3.363334147531E-01
     18 T 256 BA    3.352978432547E-01 -3.306153147177E-01 -3.310132912480E-01
     19 T 256 BA   -3.350306450007E-01  1.669830398805E-03  4.432024679786E-03
     20 T 256 BA   -3.318399748051E-01  2.960796937478E-03  3.349464845727E-01
     21 T 256 BA   -3.362776862660E-01 -1.847696155390E-04 -3.327583903267E-01
     22 T 256 BA   -3.304217561995E-01  3.318470242244E-01  2.883243882450E-03
     23 T 256 BA   -3.336762848363E-01  3.338420468297E-01  3.322627688717E-01
     24 T 256 BA   -3.349007171417E-01  3.360559163011E-01 -3.300461086253E-01
     25 T 256 BA   -3.351304748694E-01 -3.355301681815E-01  3.876314650013E-03
     26 T 256 BA   -3.340746692682E-01 -3.319275340521E-01  3.325957527689E-01
     27 T 256 BA   -3.356814412628E-01 -3.356445236761E-01 -3.318352132211E-01
     28 T   8 O     1.670885130977E-01  1.685586664651E-01  3.200019526709E-01
     29 T   8 O     1.663273377176E-01  1.697709202217E-01 -3.428024370348E-01
     30 T   8 O     1.660038657651E-01  1.633780218223E-01 -1.083655433494E-02
     31 T   8 O     1.637303068450E-01 -4.990198374448E-01  3.213980960524E-01
     32 T   8 O     1.660284264357E-01 -4.989281289967E-01 -3.470289931361E-01
     33 T   8 O     1.643515873530E-01 -4.984743247109E-01 -1.250978168518E-02
     34 T   8 O     1.668045018187E-01 -1.666313616294E-01  3.259191187505E-01
     35 T   8 O     1.640971597604E-01 -1.646277582776E-01 -3.433007976336E-01
     36 T   8 O     1.665865817391E-01 -1.658005040813E-01 -1.381755723891E-02
     37 T   8 O    -4.973806809524E-01  1.684903560748E-01  3.236795254720E-01
     38 T   8 O    -4.991497941718E-01  1.642440069756E-01 -3.419020419992E-01
     39 T   8 O    -4.969831226099E-01  1.681269078001E-01 -1.088716622483E-02
     40 T   8 O     4.971237187445E-01  4.993321561284E-01  3.211096771870E-01
     41 T   8 O    -4.983414026204E-01  4.999554695247E-01 -3.468367847379E-01
     42 T   8 O     4.996742526972E-01  4.979768850696E-01 -1.325214423602E-02
     43 T   8 O     4.967612626992E-01 -1.659903934927E-01  3.221000070776E-01
     44 T   8 O    -4.982316151211E-01 -1.646126145492E-01 -3.420783212363E-01
     45 T   8 O     4.989162435609E-01 -1.692905267022E-01 -8.927928284371E-03
     46 T   8 O    -1.652480808374E-01  1.670888132011E-01  3.197379867497E-01
     47 T   8 O    -1.666107916968E-01  1.633081553287E-01 -3.439690838726E-01
     48 T   8 O    -1.691400079684E-01  1.644187349883E-01 -1.034338882468E-02
     49 T   8 O    -1.654476540656E-01 -4.970869720045E-01  3.237746093848E-01
     50 T   8 O    -1.663299087002E-01  4.985302599621E-01 -3.469153070859E-01
     51 T   8 O    -1.677335113657E-01 -4.968383848540E-01 -1.104571531798E-02
     52 T   8 O    -1.678644120696E-01 -1.696934769092E-01  3.218588008973E-01
     53 T   8 O    -1.641118121389E-01 -1.673219060398E-01 -3.460213542060E-01
     54 T   8 O    -1.690835341470E-01 -1.646551462222E-01 -9.523600732206E-03
     55 T   8 O     1.686401546479E-01  2.359603974139E-03  1.604673669443E-01
     56 T   8 O     1.639191145087E-01  1.017594224267E-03  4.935161386913E-01
     57 T   8 O     1.659338599143E-01  1.371182009588E-03 -1.686679909842E-01
     58 T   8 O     1.693601799828E-01  3.345078297733E-01  1.601976101369E-01
     59 T   8 O     1.640630203141E-01  3.350810891684E-01  4.939417116682E-01
     60 T   8 O     1.652254249103E-01  3.330098064686E-01 -1.686299136200E-01
     61 T   8 O     1.665907924890E-01 -3.340743780835E-01  1.649542408978E-01
     62 T   8 O     1.658173781828E-01 -3.311889982816E-01  4.974792012304E-01
     63 T   8 O     1.688619048320E-01 -3.347999303673E-01 -1.735715706318E-01
     64 T   8 O     4.969700627792E-01 -1.178886125073E-03  1.609571363932E-01
     65 T   8 O    -4.978123555116E-01 -2.481848867584E-03  4.956744965409E-01
     66 T   8 O     4.977819067242E-01  2.515686028254E-03 -1.713742656022E-01
     67 T   8 O     4.974679938300E-01  3.330907091637E-01  1.639051482328E-01
     68 T   8 O    -4.969746622696E-01  3.345007851260E-01  4.959603460922E-01
     69 T   8 O    -4.994681416790E-01  3.365631670906E-01 -1.708247308310E-01
     70 T   8 O    -4.984054816113E-01 -3.360614120806E-01  1.606709849107E-01
     71 T   8 O     4.986297832964E-01 -3.303095699940E-01  4.946121900109E-01
     72 T   8 O    -4.969807616626E-01 -3.336305087854E-01 -1.701576232712E-01
     73 T   8 O    -1.636570035850E-01  1.097938569829E-03  1.627566203566E-01
     74 T   8 O    -1.692803442866E-01  3.737320914933E-04  4.930953316618E-01
     75 T   8 O    -1.655196626184E-01  2.126139144080E-03 -1.692923945553E-01
     76 T   8 O    -1.673760165702E-01  3.358458099887E-01  1.597260542749E-01
     77 T   8 O    -1.634492704197E-01  3.342318212456E-01  4.947669537020E-01
     78 T   8 O    -1.667580218054E-01  3.360498974764E-01 -1.696418873166E-01
     79 T   8 O    -1.661852378415E-01 -3.337366445963E-01  1.649779155897E-01
     80 T   8 O    -1.673251960285E-01 -3.362135956252E-01  4.935595461310E-01
     81 T   8 O    -1.654925597670E-01 -3.330626446977E-01 -1.745985282554E-01
     82 T   8 O    -9.414464599367E-04  1.658934305865E-01  1.648135096891E-01
     83 T   8 O    -1.355604937123E-03  1.639234009734E-01  4.937655168144E-01
     84 T   8 O     1.751142523117E-03  1.680867527962E-01 -1.691409864051E-01
     85 T   8 O     2.344262678995E-03  4.979091669795E-01  1.629313732448E-01
     86 T   8 O     4.438262868413E-04  4.971272355399E-01  4.934768322862E-01
     87 T   8 O     1.497773132057E-03  4.982977384192E-01 -1.739610473744E-01
     88 T   8 O    -2.628953359760E-04 -1.638550300274E-01  1.600118506357E-01
     89 T   8 O    -1.694241034508E-03 -1.650724084169E-01  4.927592715209E-01
     90 T   8 O     3.203432922053E-03 -1.671715087063E-01 -1.707070047413E-01
     91 T   8 O     3.300803262042E-01  1.671446270608E-01  1.611091549121E-01
     92 T   8 O     3.320276551166E-01  1.688927463749E-01  4.971959867018E-01
     93 T   8 O     3.345059308643E-01  1.659681808833E-01 -1.745342615510E-01
     94 T   8 O     3.359078441460E-01  4.994684187767E-01  1.638053701409E-01
     95 T   8 O     3.346092986007E-01 -4.969229805764E-01  4.955304345792E-01
     96 T   8 O     3.321761056165E-01 -4.992868666760E-01 -1.685766814254E-01
     97 T   8 O     3.335994761063E-01 -1.681523601037E-01  1.646879010134E-01
     98 T   8 O     3.311877119658E-01 -1.692482837731E-01  4.952308887073E-01
     99 T   8 O     3.343137232873E-01 -1.691498650275E-01 -1.695788766257E-01
    100 T   8 O    -3.359053959596E-01  1.660608509879E-01  1.637886397064E-01
    101 T   8 O    -3.323962434675E-01  1.634824755135E-01  4.946089604096E-01
    102 T   8 O    -3.324654870029E-01  1.645619129379E-01 -1.691605444365E-01
    103 T   8 O    -3.362646062679E-01  4.994120083805E-01  1.632624892106E-01
    104 T   8 O    -3.365293000450E-01 -4.993857847859E-01  4.943027171137E-01
    105 T   8 O    -3.360764948297E-01  4.981347406819E-01 -1.720698462477E-01
    106 T   8 O    -3.361351541005E-01 -1.680360869655E-01  1.605656168990E-01
    107 T   8 O    -3.312038436017E-01 -1.641254650824E-01  4.956337934542E-01
    108 T   8 O    -3.326528923692E-01 -1.683843799931E-01 -1.688351312754E-01
    109 T  22 TI    1.656512190384E-01  1.698680208921E-01  1.750092669366E-01
    110 T  22 TI    1.657374065331E-01  1.659644880938E-01 -4.886634443581E-01
    111 T  22 TI    1.696008506503E-01  1.660341386432E-01 -1.598496925553E-01
    112 T  22 TI    1.696808692693E-01  4.996611652563E-01  1.735463165332E-01
    113 T  22 TI    1.636462491368E-01 -4.996201476072E-01 -4.903423414287E-01
    114 T  22 TI    1.657657075891E-01  4.968117694083E-01 -1.589245457124E-01
    115 T  22 TI    1.649996567218E-01 -1.682531117306E-01  1.725727564139E-01
    116 T  22 TI    1.679605198958E-01 -1.697125003905E-01 -4.922796434802E-01
    117 T  22 TI    1.664214305339E-01 -1.637731321355E-01 -1.567485868659E-01
    118 T  22 TI   -4.989537826721E-01  1.698568697169E-01  1.748403949424E-01
    119 T  22 TI   -4.977377664284E-01  1.644235951792E-01 -4.906865417603E-01
    120 T  22 TI   -4.998329626902E-01  1.697385101903E-01 -1.570779918382E-01
    121 T  22 TI    4.968080458564E-01 -4.996215929085E-01  1.758932955370E-01
    122 T  22 TI    4.969059592378E-01  4.987164796528E-01 -4.914756317064E-01
    123 T  22 TI    4.981638695059E-01 -4.995970319155E-01 -1.610873365695E-01
    124 T  22 TI   -4.985037680967E-01 -1.696683358138E-01  1.747645589063E-01
    125 T  22 TI    4.996987753033E-01 -1.649364845105E-01 -4.889421179427E-01
    126 T  22 TI    4.984282393797E-01 -1.696341992189E-01 -1.583038612272E-01
    127 T  22 TI   -1.633584920181E-01  1.661516240085E-01  1.746815650283E-01
    128 T  22 TI   -1.667547321000E-01  1.693151509812E-01 -4.897173345702E-01
    129 T  22 TI   -1.675478865884E-01  1.641148576407E-01 -1.564475200173E-01
    130 T  22 TI   -1.692888158546E-01 -4.994482244775E-01  1.729814508497E-01
    131 T  22 TI   -1.672047948235E-01 -4.987830921346E-01 -4.887278357033E-01
    132 T  22 TI   -1.656801328811E-01  4.971489286215E-01 -1.569536437686E-01
    133 T  22 TI   -1.661812495046E-01 -1.635964482329E-01  1.737111373147E-01
    134 T  22 TI   -1.696543306445E-01 -1.678747629136E-01 -4.926394620377E-01
    135 T  22 TI   -1.635606552396E-01 -1.653874004461E-01 -1.583752776469E-01

 T = ATOM BELONGING TO THE ASYMMETRIC UNIT

 ****    1 SYMMOPS - TRANSLATORS IN FRACTIONAL UNITS
 **** MATRICES AND TRANSLATORS IN THE CRYSTALLOGRAPHIC REFERENCE FRAME
   V INV                    ROTATION MATRICES                   TRANSLATORS
   1   1  1.00  0.00  0.00  0.00  1.00  0.00  0.00  0.00  1.00  0.00  0.00  0.00

 DIRECT LATTICE VECTORS CARTESIAN COMPONENTS (ANGSTROM)
          X                    Y                    Z
   0.119077330500E+02   0.000000000000E+00   0.000000000000E+00
   0.000000000000E+00   0.119077330500E+02   0.000000000000E+00
   0.000000000000E+00   0.000000000000E+00   0.122747958000E+02


 CARTESIAN COORDINATES - PRIMITIVE CELL
 *******************************************************************************
 *      ATOM          X(ANGSTROM)         Y(ANGSTROM)         Z(ANGSTROM)
 *******************************************************************************
    1   256 BA    1.885775771923E-02 -3.506716657776E-02  3.001752351256E-02
    2   256 BA    4.204663827627E-03  3.815762756710E-02  4.106545780344E+00
    3   256 BA    1.573762404733E-02  2.499605051767E-02  8.182410766213E+00
    4   256 BA    4.430387758099E-04  3.959047130912E+00 -1.248960688896E-02
    5   256 BA   -1.455824227815E-02  3.994742780418E+00  4.090620743940E+00
    6   256 BA   -8.445819704050E-03  3.973723675849E+00  8.170542682213E+00
    7   256 BA   -1.718503712285E-02  7.941536259999E+00  6.217771443727E-02
    8   256 BA   -3.952939420454E-02  7.943951595188E+00  4.115030966485E+00
    9   256 BA    2.157287523528E-02  7.957976703937E+00  8.181909283981E+00
   10   256 BA    3.959804592234E+00  1.804402402194E-02 -8.242015654008E-03
   11   256 BA    3.968906078777E+00  1.604868019884E-02  4.154422590748E+00
   12   256 BA    4.007274646765E+00  2.840815169975E-04  8.196989245885E+00
   13   256 BA    3.970004564097E+00  3.931771148776E+00  4.015695988807E-02
   14   256 BA    3.937743675781E+00  3.956391157830E+00  4.138820585715E+00
   15   256 BA    3.972539725492E+00  3.972092663273E+00  8.249145568959E+00
   16   256 BA    3.965726916246E+00  7.948214636928E+00 -1.245356464608E-02
   17   256 BA    3.955377999286E+00  7.902509085183E+00  4.128423986811E+00
   18   256 BA    3.992637209718E+00  7.970854140100E+00  8.211675242844E+00
   19   256 BA    7.918277565762E+00  1.988389462774E-02  5.440219792494E-02
   20   256 BA    7.956271214702E+00  3.525637954675E-02  4.111399702058E+00
   21   256 BA    7.903428131273E+00 -2.200187257590E-03  8.190254508003E+00
   22   256 BA    7.973158983265E+00  3.951545777901E+00  3.539122989867E-02
   23   256 BA    7.934404925053E+00  3.975301974514E+00  4.078457639843E+00
   24   256 BA    7.919824712023E+00  4.001664141186E+00  8.223547212040E+00
   25   256 BA    7.917088818336E+00  7.912329377073E+00  4.758097078546E-02
   26   256 BA    7.929661069587E+00  7.955228582563E+00  4.082544949186E+00
   27   256 BA    7.910528057604E+00  7.910967662370E+00  8.201586318462E+00
   28     8 O     1.989645409688E+00  2.007151603530E+00  3.927958624636E+00
   29     8 O     1.980581536458E+00  2.021586797653E+00  8.066965885656E+00
   30     8 O     1.976729718799E+00  1.945461870097E+00  1.214177930836E+01
   31     8 O     1.949656786105E+00  5.965538039052E+00  3.945095999551E+00
   32     8 O     1.977022180708E+00  5.966630078771E+00  8.015085772574E+00
   33     8 O     1.957054828544E+00  5.972033859063E+00  1.212124078431E+01
   34     8 O     1.986263479195E+00  9.923531277959E+00  4.000590629979E+00
   35     8 O     1.954025172690E+00  9.947389651810E+00  8.060848611071E+00
   36     8 O     1.983668545062E+00  9.933424907845E+00  1.210518810644E+01
   37     8 O     5.985056676992E+00  2.006338181638E+00  3.973100079809E+00
   38     8 O     5.963990549040E+00  1.955773790128E+00  8.078018050857E+00
   39     8 O     5.989790695606E+00  2.002010336606E+00  1.214115805775E+01
   40     8 O     5.919616535633E+00  5.945914018458E+00  3.941555716874E+00
   41     8 O     5.973616659834E+00  5.953336267988E+00  8.017445091414E+00
   42     8 O     5.949987613076E+00  5.929775812479E+00  1.211212843559E+01
   43     8 O     5.915300505803E+00  9.931163755424E+00  3.953711814056E+00
   44     8 O     5.974923980067E+00  9.947569979286E+00  8.075854259218E+00
   45     8 O     5.940961442633E+00  9.891866650136E+00  1.216520730339E+01
   46     8 O     9.940003016363E+00  1.989648983240E+00  3.924718496856E+00
   47     8 O     9.923776219225E+00  1.944629918542E+00  8.052645533951E+00
   48     8 O     9.893658987037E+00  1.957854404659E+00  1.214783281430E+01
   49     8 O     9.937626551638E+00  5.988554084738E+00  3.974267215423E+00
   50     8 O     9.927120898967E+00  5.936365252976E+00  8.016481245627E+00
   51     8 O     9.910407173118E+00  5.991514194165E+00  1.213921190001E+01
   52     8 O     9.908848442480E+00  9.887068426639E+00  3.950751057447E+00
   53     8 O     9.953533400698E+00  9.915308459461E+00  8.027454334682E+00
   54     8 O     9.894331462227E+00  9.947063523478E+00  1.215789554573E+01
   55     8 O     2.008121943058E+00  2.809753422777E-02  1.969704161805E+00
   56     8 O     1.951905057362E+00  1.211724037580E-02  6.057809826440E+00
   57     8 O     1.975896107815E+00  1.632766933314E-02  1.020443065267E+01
   58     8 O     2.016695812535E+00  3.983229940075E+00  1.966392952079E+00
   59     8 O     1.953618649277E+00  3.990056159921E+00  6.063033647830E+00
   60     8 O     1.967460252905E+00  3.965391878460E+00  1.020489804454E+01
   61     8 O     1.983718685547E+00  7.929664536937E+00  2.024779623364E+00
   62     8 O     1.974509074452E+00  7.964022869366E+00  6.106455609851E+00
   63     8 O     2.010762485054E+00  7.921024854028E+00  1.014424021381E+01
   64     8 O     5.917786841417E+00 -1.403786127372E-02  1.975715981779E+00
   65     8 O     5.979916411576E+00 -2.955319378563E-02  6.084303228308E+00
   66     8 O     5.927454062392E+00  2.995611766206E-02  1.017121168436E+01
   67     8 O     5.923716071447E+00  3.966355246156E+00  2.011902225126E+00
   68     8 O     5.989891439079E+00  3.983146054296E+00  6.087811973180E+00
   69     8 O     5.960199751907E+00  4.007704348178E+00  1.017795711146E+01
   70     8 O     5.972853624316E+00  7.906003466538E+00  1.972203530764E+00
   71     8 O     5.937550350273E+00  7.974494866651E+00  6.071263632574E+00
   72     8 O     5.989818809136E+00  7.934950014048E+00  1.018614572053E+01
   73     8 O     9.958949139547E+00  1.307395939482E-02  1.997804279976E+00
   74     8 O     9.891987899623E+00  4.450301977720E-03  6.052644506082E+00
   75     8 O     9.936769093014E+00  2.531749735486E-02  1.019676622634E+01
   76     8 O     9.914664125709E+00  3.999162251306E+00  1.960604700164E+00
   77     8 O     9.961422770625E+00  3.979943304207E+00  6.073163325280E+00
   78     8 O     9.922023042395E+00  4.001592470628E+00  1.019247627406E+01
   79     8 O     9.928843600933E+00  7.933686177145E+00  2.025070225373E+00
   80     8 O     9.915269283154E+00  7.904191305515E+00  6.058342643899E+00
   81     8 O     9.937091826533E+00  7.941711988013E+00  1.013163451868E+01
   82     8 O    -1.121049312579E-02  1.975414686173E+00  2.023052176515E+00
   83     8 O    -1.614218171253E-02  1.951956099440E+00  6.060870891979E+00
   84     8 O     2.085213769778E-02  2.001532181538E+00  1.019862473047E+01
   85     8 O     2.791485418055E-02  5.928969443540E+00  1.999949335994E+00
   86     8 O     5.284964944279E-03  5.919658412694E+00  6.057327348344E+00
   87     8 O     1.783508262600E-02  5.933596448514E+00  1.013945946633E+01
   88     8 O    -3.130487480892E-03  9.956591093534E+00  1.964112792133E+00
   89     8 O    -2.017456996128E-02  9.942094876650E+00  6.048519436475E+00
   90     8 O     3.814562407939E-02  9.917099350759E+00  1.017940217517E+01
   91     8 O     3.930508409496E+00  1.990313599782E+00  1.977581978056E+00
   92     8 O     3.953696682346E+00  2.011129737913E+00  6.102979209344E+00
   93     8 O     3.983207328374E+00  1.976304792753E+00  1.013242337936E+01
   94     8 O     3.999900937491E+00  5.947536597699E+00  2.010677469423E+00
   95     8 O     3.984438203785E+00  5.990506850885E+00  6.082534897145E+00
   96     8 O     3.955464391270E+00  5.962358326251E+00  1.020555145886E+01
   97     8 O     3.972413507093E+00  9.905419634157E+00  2.021510355670E+00
   98     8 O     3.943694863529E+00  9.892369667659E+00  6.078858032734E+00
   99     8 O     3.980918571856E+00  9.893541611809E+00  1.019324971743E+01
  100     8 O     7.907861264858E+00  1.977408283620E+00  2.010472106755E+00
  101     8 O     7.949647315967E+00  1.946705676768E+00  6.071223989878E+00
  102     8 O     7.948822782431E+00  1.959559329462E+00  1.019838465963E+01
  103     8 O     7.903583884398E+00  5.946864877760E+00  2.004013716859E+00
  104     8 O     7.900431981561E+00  5.961180435804E+00  6.067464915955E+00
  105     8 O     7.905823865188E+00  5.931655514971E+00  1.016267357397E+01
  106     8 O     7.905125366251E+00  9.906804183648E+00  1.970910159936E+00
  107     8 O     7.963846095257E+00  9.953370825092E+00  6.083803606230E+00
  108     8 O     7.946591209357E+00  9.902656803252E+00  1.020237903973E+01
  109    22 TI    1.972530495717E+00  2.022743046515E+00  2.148203014755E+00
  110    22 TI    1.973556793396E+00  1.976260820001E+00  6.276551805580E+00
  111    22 TI    2.019561654596E+00  1.977090200150E+00  1.031267346519E+01
  112    22 TI    2.020514494950E+00  5.949831771324E+00  2.130245597287E+00
  113    22 TI    1.948655849355E+00  5.958389705891E+00  6.255943686869E+00
  114    22 TI    1.973893794816E+00  5.915901926212E+00  1.032402945377E+01
  115    22 TI    1.964771865585E+00  9.904219910681E+00  2.118295345623E+00
  116    22 TI    2.000029033858E+00  9.886841900102E+00  6.232163699783E+00
  117    22 TI    1.981701968597E+00  9.957566311768E+00  1.035073890428E+01
  118    22 TI    5.966324601652E+00  2.022610261297E+00  2.146130145509E+00
  119    22 TI    5.980804598468E+00  1.957912278515E+00  6.251718698084E+00
  120    22 TI    5.955855560694E+00  2.021200867651E+00  1.034669552551E+01
  121    22 TI    5.915857587151E+00  5.958372495630E+00  2.159054285306E+00
  122    22 TI    5.917023513557E+00  5.938582707341E+00  6.242032780127E+00
  123    22 TI    5.932002373232E+00  5.958664961378E+00  1.029748163764E+01
  124    22 TI    5.971683255086E+00  9.887367800091E+00  2.145199273652E+00
  125    22 TI    5.950279621724E+00  9.943713422244E+00  6.273131144234E+00
  126    22 TI    5.935150419115E+00  9.887774289551E+00  1.033164822908E+01
  127    22 TI    9.962503735598E+00  1.978489184517E+00  2.144180540747E+00
  128    22 TI    9.922062215329E+00  2.016159619205E+00  6.263615518430E+00
  129    22 TI    9.912617543413E+00  1.954235914324E+00  1.035443443837E+01
  130    22 TI    9.891887022453E+00  5.960436920625E+00  2.123311986368E+00
  131    22 TI    9.916702988561E+00  5.968357139008E+00  6.275761414966E+00
  132    22 TI    9.934858255964E+00  5.919916728118E+00  1.034822187267E+01
  133    22 TI    9.928891092984E+00  9.959670216515E+00  2.132268738723E+00
  134    22 TI    9.887534569909E+00  9.908725187393E+00  6.227747000466E+00
  135    22 TI    9.960096429924E+00  9.938344035654E+00  1.033077160712E+01

 *******************************************************************************
 *** PSEUDOPOTENTIAL INFORMATION ***
 *******************************************************************************

 ATOMIC NUMBER  56, NUCLEAR CHARGE 10.000, GIVEN IN INPUT       PSEUDOPOTENTIAL
   TYPE       EXPONENT      COEFF.    N      EXPONENT      COEFF.    N
  P0 TMS     9.5269860  427.8458160   0     4.4875100  204.4175300   0
  P1 TMS     8.3159300  293.6058640   0     4.2922170  294.1933160   0
  P2 TMS     5.9161080  112.5504020   0     2.8748420  181.7826210   0
  P3 TMS     3.5894650  -33.4731740   0

 *******************************************************************************
 LOCAL ATOMIC FUNCTIONS BASIS SET
 *******************************************************************************
   ATOM   X(AU)   Y(AU)   Z(AU)  N. TYPE  EXPONENT  S COEF   P COEF   D/F/G COEF
 *******************************************************************************
   1 BA   0.036  -0.066   0.057
                                  1 S  
                                         2.396E+00-5.955E+00 0.000E+00 0.000E+00
                                         2.243E+00 6.681E+00 0.000E+00 0.000E+00
                                         7.174E-01-5.706E-01 0.000E+00 0.000E+00
                                  2 S  
                                         2.742E-01 1.000E+00 0.000E+00 0.000E+00
                           3-     6 SP 
                                         1.300E-01 1.000E+00 1.000E+00 0.000E+00
                           7-     9 P  
                                         2.927E+00 0.000E+00 7.982E-01 0.000E+00
                                         2.521E+00 0.000E+00-1.071E+00 0.000E+00
                                         6.758E-01 0.000E+00 3.494E-01 0.000E+00
                                         3.199E-01 0.000E+00 6.504E-01 0.000E+00
                          10-    14 D  
                                         9.663E-01 0.000E+00 0.000E+00-9.089E-01
                                         8.938E-01 0.000E+00 0.000E+00 9.472E-01
                          15-    19 D  
                                         2.732E-01 0.000E+00 0.000E+00 3.221E-01
   2 BA   0.008   0.072   7.760
   3 BA   0.030   0.047  15.463
   4 BA   0.001   7.482  -0.024
   5 BA  -0.028   7.549   7.730
   6 BA  -0.016   7.509  15.440
   7 BA  -0.032  15.007   0.117
   8 BA  -0.075  15.012   7.776
   9 BA   0.041  15.038  15.462
  10 BA   7.483   0.034  -0.016
  11 BA   7.500   0.030   7.851
  12 BA   7.573   0.001  15.490
  13 BA   7.502   7.430   0.076
  14 BA   7.441   7.476   7.821
  15 BA   7.507   7.506  15.589
  16 BA   7.494  15.020  -0.024
  17 BA   7.475  14.934   7.802
  18 BA   7.545  15.063  15.518
  19 BA  14.963   0.038   0.103
  20 BA  15.035   0.067   7.769
  21 BA  14.935  -0.004  15.477
  22 BA  15.067   7.467   0.067
  23 BA  14.994   7.512   7.707
  24 BA  14.966   7.562  15.540
  25 BA  14.961  14.952   0.090
  26 BA  14.985  15.033   7.715
  27 BA  14.949  14.950  15.499
  28 O    3.760   3.793   7.423
                                514 S  
                                         2.703E+04 2.173E-04 0.000E+00 0.000E+00
                                         4.052E+03 1.684E-03 0.000E+00 0.000E+00
                                         9.223E+02 8.740E-03 0.000E+00 0.000E+00
                                         2.612E+02 3.524E-02 0.000E+00 0.000E+00
                                         8.535E+01 1.115E-01 0.000E+00 0.000E+00
                                         3.104E+01 2.559E-01 0.000E+00 0.000E+00
                                515 S  
                                         1.227E+01 3.977E-01 0.000E+00 0.000E+00
                                         4.916E+00 2.463E-01 0.000E+00 0.000E+00
                                516 S  
                                         9.009E-01 1.000E+00 0.000E+00 0.000E+00
                         517-   520 SP 
                                         2.500E-01 1.000E+00 1.000E+00 0.000E+00
                         521-   523 P  
                                         7.530E+01 0.000E+00 6.069E-03 0.000E+00
                                         1.774E+01 0.000E+00 4.191E-02 0.000E+00
                                         5.536E+00 0.000E+00 1.615E-01 0.000E+00
                                         2.069E+00 0.000E+00 3.571E-01 0.000E+00
                         524-   526 P  
                                         7.824E-01 0.000E+00 1.000E+00 0.000E+00
                         527-   531 D  
                                         1.200E+00 0.000E+00 0.000E+00 1.000E+00
  29 O    3.743   3.820  15.244
  30 O    3.735   3.676  22.945
  31 O    3.684  11.273   7.455
  32 O    3.736  11.275  15.146
  33 O    3.698  11.286  22.906
  34 O    3.753  18.753   7.560
  35 O    3.693  18.798  15.233
  36 O    3.749  18.771  22.875
  37 O   11.310   3.791   7.508
  38 O   11.270   3.696  15.265
  39 O   11.319   3.783  22.943
  40 O   11.186  11.236   7.448
  41 O   11.288  11.250  15.151
  42 O   11.244  11.206  22.889
  43 O   11.178  18.767   7.471
  44 O   11.291  18.798  15.261
  45 O   11.227  18.693  22.989
  46 O   18.784   3.760   7.417
  47 O   18.753   3.675  15.217
  48 O   18.696   3.700  22.956
  49 O   18.779  11.317   7.510
  50 O   18.760  11.218  15.149
  51 O   18.728  11.322  22.940
  52 O   18.725  18.684   7.466
  53 O   18.809  18.737  15.170
  54 O   18.698  18.797  22.975
  55 O    3.795   0.053   3.722
  56 O    3.689   0.023  11.448
  57 O    3.734   0.031  19.284
  58 O    3.811   7.527   3.716
  59 O    3.692   7.540  11.457
  60 O    3.718   7.494  19.284
  61 O    3.749  14.985   3.826
  62 O    3.731  15.050  11.540
  63 O    3.800  14.969  19.170
  64 O   11.183  -0.027   3.734
  65 O   11.300  -0.056  11.498
  66 O   11.201   0.057  19.221
  67 O   11.194   7.495   3.802
  68 O   11.319   7.527  11.504
  69 O   11.263   7.573  19.234
  70 O   11.287  14.940   3.727
  71 O   11.220  15.070  11.473
  72 O   11.319  14.995  19.249
  73 O   18.820   0.025   3.775
  74 O   18.693   0.008  11.438
  75 O   18.778   0.048  19.269
  76 O   18.736   7.557   3.705
  77 O   18.824   7.521  11.477
  78 O   18.750   7.562  19.261
  79 O   18.763  14.992   3.827
  80 O   18.737  14.937  11.449
  81 O   18.778  15.008  19.146
  82 O   -0.021   3.733   3.823
  83 O   -0.031   3.689  11.453
  84 O    0.039   3.782  19.273
  85 O    0.053  11.204   3.779
  86 O    0.010  11.187  11.447
  87 O    0.034  11.213  19.161
  88 O   -0.006  18.815   3.712
  89 O   -0.038  18.788  11.430
  90 O    0.072  18.741  19.236
  91 O    7.428   3.761   3.737
  92 O    7.471   3.800  11.533
  93 O    7.527   3.735  19.148
  94 O    7.559  11.239   3.800
  95 O    7.529  11.320  11.494
  96 O    7.475  11.267  19.286
  97 O    7.507  18.719   3.820
  98 O    7.453  18.694  11.487
  99 O    7.523  18.696  19.262
 100 O   14.944   3.737   3.799
 101 O   15.023   3.679  11.473
 102 O   15.021   3.703  19.272
 103 O   14.936  11.238   3.787
 104 O   14.930  11.265  11.466
 105 O   14.940  11.209  19.205
 106 O   14.939  18.721   3.724
 107 O   15.049  18.809  11.497
 108 O   15.017  18.713  19.280
 109 TI   3.728   3.822   4.060
                               1972 S  
                                         2.116E+05 2.332E-04 0.000E+00 0.000E+00
                                         3.171E+04 1.808E-03 0.000E+00 0.000E+00
                                         7.218E+03 9.398E-03 0.000E+00 0.000E+00
                                         2.043E+03 3.816E-02 0.000E+00 0.000E+00
                                         6.651E+02 1.237E-01 0.000E+00 0.000E+00
                                         2.387E+02 2.921E-01 0.000E+00 0.000E+00
                                         9.251E+01 4.123E-01 0.000E+00 0.000E+00
                                         3.640E+01 2.109E-01 0.000E+00 0.000E+00
                               1973 S  
                                         2.327E+02-2.492E-02 0.000E+00 0.000E+00
                                         7.179E+01-1.175E-01 0.000E+00 0.000E+00
                                         1.116E+01 5.650E-01 0.000E+00 0.000E+00
                                         4.655E+00 5.621E-01 0.000E+00 0.000E+00
                               1974 S  
                                         6.803E+00-2.301E-01 0.000E+00 0.000E+00
                                         1.120E+00 7.210E-01 0.000E+00 0.000E+00
                               1975 S  
                                         4.808E-01 1.000E+00 0.000E+00 0.000E+00
                               1976 S  
                                         2.400E-01 1.000E+00 0.000E+00 0.000E+00
                        1977-  1980 SP 
                                         1.200E-01 1.000E+00 1.000E+00 0.000E+00
                        1981-  1983 P  
                                         1.063E+03 0.000E+00 2.469E-03 0.000E+00
                                         2.516E+02 0.000E+00 1.977E-02 0.000E+00
                                         8.041E+01 0.000E+00 9.099E-02 0.000E+00
                                         2.977E+01 0.000E+00 2.556E-01 0.000E+00
                                         1.174E+01 0.000E+00 4.049E-01 0.000E+00
                                         4.714E+00 0.000E+00 2.369E-01 0.000E+00
                        1984-  1986 P  
                                         1.780E+01 0.000E+00-2.788E-02 0.000E+00
                                         2.427E+00 0.000E+00 5.567E-01 0.000E+00
                                         9.682E-01 0.000E+00 1.006E+00 0.000E+00
                        1987-  1989 P  
                                         3.706E-01 0.000E+00 1.000E+00 0.000E+00
                        1990-  1994 D  
                                         3.771E+01 0.000E+00 0.000E+00 1.151E-02
                                         1.069E+01 0.000E+00 0.000E+00 6.725E-02
                                         3.673E+00 0.000E+00 0.000E+00 2.148E-01
                                         1.359E+00 0.000E+00 0.000E+00 3.889E-01
                        1995-  1999 D  
                                         5.400E-01 0.000E+00 0.000E+00 1.000E+00
                        2000-  2004 D  
                                         2.200E-01 0.000E+00 0.000E+00 1.000E+00
 110 TI   3.729   3.735  11.861
 111 TI   3.816   3.736  19.488
 112 TI   3.818  11.244   4.026
 113 TI   3.682  11.260  11.822
 114 TI   3.730  11.179  19.510
 115 TI   3.713  18.716   4.003
 116 TI   3.780  18.683  11.777
 117 TI   3.745  18.817  19.560
 118 TI  11.275   3.822   4.056
 119 TI  11.302   3.700  11.814
 120 TI  11.255   3.820  19.552
 121 TI  11.179  11.260   4.080
 122 TI  11.182  11.222  11.796
 123 TI  11.210  11.260  19.459
 124 TI  11.285  18.684   4.054
 125 TI  11.244  18.791  11.854
 126 TI  11.216  18.685  19.524
 127 TI  18.826   3.739   4.052
 128 TI  18.750   3.810  11.837
 129 TI  18.732   3.693  19.567
 130 TI  18.693  11.264   4.012
 131 TI  18.740  11.279  11.859
 132 TI  18.774  11.187  19.555
 133 TI  18.763  18.821   4.029
 134 TI  18.685  18.725  11.769
 135 TI  18.822  18.781  19.522
 INFORMATION **** SET_MPP **** PCRYSTAL CALCULATION
 INFORMATION **** READM2 **** NEW DEFAULT: FOCK/KS MATRIX MIXING SET TO 30 %
 INFORMATION **** READM2 **** NEW DEFAULT: FULL DIRECT SCF MODE
 INFORMATION **** READM2 **** NEW DEFAULT: COULOMB BIPOLAR BUFFER SET TO 32 Mb
 INFORMATION **** READM2 **** NEW DEFAULT: EXCHANGE BIPOLAR BUFFER SET TO 32 Mb

 *******************************************************************************
 NEW DEFAULT: DFT INTEGRATION GRID INCREASED TO XLGRID
 NEW DEFAULT: DIIS ACCELERATOR ACTIVE
 USE KEYWORD NODIIS TO TURN IT OFF
 *******************************************************************************

 INFORMATION **** TOLINTEG **** COULOMB AND EXCHANGE SERIES TOLERANCES MODIFIED
 INFORMATION **** MAXCYCLE **** MAX NUMBER OF SCF CYCLES SET TO         100
 INFORMATION **** EXCHSIZE **** EXCHANGE BIPOLAR BUFFER SIZE SET TO    30000000
 INFORMATION **** BIPOSIZE **** COULOMB BIPOLAR BUFFER SET TO    30000000
 INFORMATION **** GRADCAL **** ANALYTICAL GRADIENT AFTER SCF COMPLETED
 *******************************************************************************
 N. OF ATOMS PER CELL       135  COULOMB OVERLAP TOL         (T1) 10**   -8
 NUMBER OF SHELLS          1053  COULOMB PENETRATION TOL     (T2) 10**   -8
 NUMBER OF AO              2862  EXCHANGE OVERLAP TOL        (T3) 10**   -8
 N. OF ELECTRONS PER CELL  1512  EXCHANGE PSEUDO OVP (F(G))  (T4) 10**   -8
 CORE ELECTRONS PER CELL    648  EXCHANGE PSEUDO OVP (P(G))  (T5) 10**  -16
 N. OF SYMMETRY OPERATORS     1  POLE ORDER IN MONO ZONE                  4
 *******************************************************************************
 TYPE OF CALCULATION :  RESTRICTED CLOSED SHELL
 KOHN-SHAM HAMILTONIAN

 (EXCHANGE)[CORRELATION] FUNCTIONAL:(PERDEW-BURKE-ERNZERHOF)[PERDEW-BURKE-ERNZERHOF]


 HYBRID EXCHANGE - PERCENTAGE OF FOCK EXCHANGE    25.0000
 CORE  PSEUDO POTENTIAL         TOL. ON PSEUDO              (TP) 10**- 6

 CAPPA:IS1  2;IS2  2;IS3  2; K PTS MONK NET   8; SYMMOPS:K SPACE   2;G SPACE   1

 *******************************************************************************
 MAX NUMBER OF SCF CYCLES     100  CONVERGENCE ON DELTAP        10**-16
 WEIGHT OF F(I) IN F(I+1)      80% CONVERGENCE ON ENERGY        10**- 6
 SHRINK. FACT.(MONKH.)    2  2  2  NUMBER OF K POINTS IN THE IBZ      8
 SHRINKING FACTOR(GILAT NET)    2  NUMBER OF K POINTS(GILAT NET)      8
 *******************************************************************************
 *** K POINTS COORDINATES (OBLIQUE COORDINATES IN UNITS OF IS =  2)
   1-R(  0  0  0)   2-R(  1  0  0)   3-R(  0  1  0)   4-R(  1  1  0)
   5-R(  0  0  1)   6-R(  1  0  1)   7-R(  0  1  1)   8-R(  1  1  1)

 DIRECT LATTICE VECTORS COMPON. (A.U.)     RECIP. LATTICE VECTORS COMPON. (A.U.) 
        X            Y            Z              X            Y            Z
   22.5023543    0.0000000    0.0000000      0.2792235    0.0000000    0.0000000
    0.0000000   22.5023543    0.0000000      0.0000000    0.2792235    0.0000000
    0.0000000    0.0000000   23.1960024      0.0000000    0.0000000    0.2708736

 DISK SPACE FOR EIGENVECTORS (FTN 10)    65528352 REALS

 SYMMETRY ADAPTION OF THE BLOCH FUNCTIONS DISABLED
 TTTTTTTTTTTTTTTTTTTTTTTTTTTTTT gordsh1     TELAPSE        0.73 TCPU        0.27

 MATRIX SIZE: P(G) 7083622, F(G) 1249827, P(G) IRR 3549614, F(G) IRR 1253607
 MAX G-VECTOR INDEX FOR 1- AND 2-ELECTRON INTEGRALS  27

 TTTTTTTTTTTTTTTTTTTTTTTTTTTTTT INPUT       TELAPSE        3.83 TCPU        3.37

 NEIGHBORS OF THE NON-EQUIVALENT ATOMS

 N = NUMBER OF NEIGHBORS AT DISTANCE R
    ATOM  N     R/ANG      R/AU   NEIGHBORS (ATOM LABELS AND CELL INDICES)
   1 BA   1     2.7226     5.1450   88 O    0-1 0
   1 BA   1     2.7678     5.2305   36 O    0-1-1
   1 BA   1     2.7791     5.2518   55 O    0 0 0
   1 BA   1     2.7832     5.2595   73 O   -1 0 0
   1 BA   1     2.7897     5.2717   30 O    0 0-1
   1 BA   1     2.8035     5.2978   54 O   -1-1-1

   2 BA   1     2.7354     5.1692   83 O    0 0 0
   2 BA   1     2.7571     5.2102   56 O    0 0 0
   2 BA   1     2.7803     5.2540   46 O   -1 0 0
   2 BA   1     2.7905     5.2733   89 O    0-1 0
   2 BA   1     2.8019     5.2949   28 O    0 0 0
   2 BA   1     2.8051     5.3009   74 O   -1 0 0

   3 BA   1     2.7750     5.2440   47 O   -1 0 0
   3 BA   1     2.7773     5.2483   35 O    0-1 0
   3 BA   1     2.8036     5.2981   29 O    0 0 0
   3 BA   1     2.8162     5.3218   57 O    0 0 0
   3 BA   1     2.8234     5.3355   84 O    0 0 0
   3 BA   1     2.8239     5.3365   53 O   -1-1 0

   4 BA   1     2.8051     5.3009   76 O   -1 0 0
   4 BA   1     2.8108     5.3116   33 O    0 0-1
   4 BA   1     2.8162     5.3219   85 O    0 0 0
   4 BA   1     2.8240     5.3365   30 O    0 0-1
   4 BA   1     2.8252     5.3389   58 O    0 0 0
   4 BA   1     2.8419     5.3703   48 O   -1 0-1

   5 BA   1     2.7520     5.2006   86 O    0 0 0
   5 BA   1     2.7681     5.2309   77 O   -1 0 0
   5 BA   1     2.7863     5.2653   31 O    0 0 0
   5 BA   1     2.7864     5.2656   59 O    0 0 0
   5 BA   1     2.7952     5.2821   49 O   -1 0 0
   5 BA   1     2.8041     5.2989   46 O   -1 0 0

   6 BA   1     2.7782     5.2500   87 O    0 0 0
   6 BA   1     2.7866     5.2659   50 O   -1 0 0
   6 BA   1     2.7889     5.2702   29 O    0 0 0
   6 BA   1     2.8174     5.3242   32 O    0 0 0
   6 BA   1     2.8282     5.3445   78 O   -1 0 0
   6 BA   1     2.8290     5.3461   84 O    0 0 0

   7 BA   1     2.7709     5.2363   88 O    0 0 0
   7 BA   1     2.7751     5.2442   79 O   -1 0 0
   7 BA   1     2.7862     5.2651   51 O   -1 0-1
   7 BA   1     2.7942     5.2802   85 O    0 0 0
   7 BA   1     2.7970     5.2855   33 O    0 0-1
   7 BA   1     2.8028     5.2965   61 O    0 0 0

   8 BA   1     2.7515     5.1995   49 O   -1 0 0
   8 BA   1     2.7554     5.2069   80 O   -1 0 0
   8 BA   1     2.7644     5.2239   52 O   -1 0 0
   8 BA   1     2.7805     5.2544   89 O    0 0 0
   8 BA   1     2.8058     5.3021   86 O    0 0 0
   8 BA   1     2.8107     5.3114   31 O    0 0 0

   9 BA   1     2.7761     5.2461   35 O    0 0 0
   9 BA   1     2.7854     5.2637   53 O   -1 0 0
   9 BA   1     2.7876     5.2678   81 O   -1 0 0
   9 BA   1     2.7945     5.2808   63 O    0 0 0
   9 BA   1     2.7959     5.2835   32 O    0 0 0
   9 BA   1     2.7979     5.2873   90 O    0 0 0

  10 BA   1     2.7682     5.2312   30 O    0 0-1
  10 BA   1     2.7787     5.2511   55 O    0 0 0
  10 BA   1     2.7876     5.2678   64 O    0 0 0
  10 BA   1     2.7990     5.2893   91 O    0 0 0
  10 BA   1     2.8108     5.3116   36 O    0-1-1
  10 BA   1     2.8411     5.3690   45 O    0-1-1

  11 BA   1     2.7733     5.2408   56 O    0 0 0
  11 BA   1     2.7876     5.2678   65 O    0 0 0
  11 BA   1     2.7888     5.2701   92 O    0 0 0
  11 BA   1     2.7927     5.2775   43 O    0-1 0
  11 BA   1     2.7983     5.2881   98 O    0-1 0
  11 BA   1     2.8166     5.3226   28 O    0 0 0

  12 BA   1     2.7542     5.2047   66 O    0 0 0
  12 BA   1     2.7661     5.2271   93 O    0 0 0
  12 BA   1     2.7689     5.2325   38 O    0 0 0
  12 BA   1     2.7802     5.2539   44 O    0-1 0
  12 BA   1     2.8362     5.3596   99 O    0-1 0
  12 BA   1     2.8423     5.3711   35 O    0-1 0

  13 BA   1     2.7431     5.1837   91 O    0 0 0
  13 BA   1     2.7438     5.1850   58 O    0 0 0
  13 BA   1     2.7760     5.2458   67 O    0 0 0
  13 BA   1     2.7989     5.2891   39 O    0 0-1
  13 BA   1     2.8191     5.3273   94 O    0 0 0
  13 BA   1     2.8193     5.3277   30 O    0 0-1

  14 BA   1     2.7639     5.2230   28 O    0 0 0
  14 BA   1     2.7641     5.2235   59 O    0 0 0
  14 BA   1     2.7645     5.2241   92 O    0 0 0
  14 BA   1     2.8139     5.3174   95 O    0 0 0
  14 BA   1     2.8151     5.3198   40 O    0 0 0
  14 BA   1     2.8303     5.3485   68 O    0 0 0

  15 BA   1     2.7441     5.1856   93 O    0 0 0
  15 BA   1     2.7699     5.2344   69 O    0 0 0
  15 BA   1     2.7909     5.2740   96 O    0 0 0
  15 BA   1     2.7938     5.2796   29 O    0 0 0
  15 BA   1     2.8010     5.2930   60 O    0 0 0
  15 BA   1     2.8255     5.3394   41 O    0 0 0

  16 BA   1     2.7729     5.2400   45 O    0 0-1
  16 BA   1     2.8097     5.3095   36 O    0 0-1
  16 BA   1     2.8213     5.3316   33 O    0 0-1
  16 BA   1     2.8227     5.3342   97 O    0 0 0
  16 BA   1     2.8230     5.3347   70 O    0 0 0
  16 BA   1     2.8344     5.3563   42 O    0 0-1

  17 BA   1     2.7341     5.1666   95 O    0 0 0
  17 BA   1     2.7765     5.2468   71 O    0 0 0
  17 BA   1     2.7787     5.2511   40 O    0 0 0
  17 BA   1     2.7864     5.2655   98 O    0 0 0
  17 BA   1     2.7943     5.2806   31 O    0 0 0
  17 BA   1     2.8000     5.2913   62 O    0 0 0

  18 BA   1     2.7611     5.2177   99 O    0 0 0
  18 BA   1     2.7686     5.2319   63 O    0 0 0
  18 BA   1     2.8027     5.2964   44 O    0 0 0
  18 BA   1     2.8087     5.3076   72 O    0 0 0
  18 BA   1     2.8304     5.3486   96 O    0 0 0
  18 BA   1     2.8341     5.3558   41 O    0 0 0

  19 BA   1     2.7673     5.2295  100 O    0 0 0
  19 BA   1     2.7719     5.2381   39 O    0 0-1
  19 BA   1     2.7732     5.2406   48 O    0 0-1
  19 BA   1     2.7739     5.2419   64 O    0 0 0
  19 BA   1     2.7851     5.2631  106 O    0-1 0
  19 BA   1     2.8030     5.2969   54 O    0-1-1

  20 BA   1     2.7376     5.1734  101 O    0 0 0
  20 BA   1     2.7416     5.1809   74 O    0 0 0
  20 BA   1     2.7910     5.2742   46 O    0 0 0
  20 BA   1     2.7911     5.2743   37 O    0 0 0
  20 BA   1     2.7933     5.2786   65 O    0 0 0
  20 BA   1     2.8016     5.2943  107 O    0-1 0

  21 BA   1     2.7506     5.1979   44 O    0-1 0
  21 BA   1     2.7582     5.2122   38 O    0 0 0
  21 BA   1     2.7982     5.2878   66 O    0 0 0
  21 BA   1     2.8077     5.3058  102 O    0 0 0
  21 BA   1     2.8091     5.3084   47 O    0 0 0
  21 BA   1     2.8394     5.3656  108 O    0-1 0

  22 BA   1     2.7346     5.1677   76 O    0 0 0
  22 BA   1     2.7730     5.2402   48 O    0 0-1
  22 BA   1     2.7862     5.2652   39 O    0 0-1
  22 BA   1     2.7933     5.2785  100 O    0 0 0
  22 BA   1     2.8039     5.2985  103 O    0 0 0
  22 BA   1     2.8184     5.3261   51 O    0 0-1

  23 BA   1     2.7727     5.2396   37 O    0 0 0
  23 BA   1     2.7962     5.2840   68 O    0 0 0
  23 BA   1     2.8109     5.3118  104 O    0 0 0
  23 BA   1     2.8216     5.3321   40 O    0 0 0
  23 BA   1     2.8265     5.3412   46 O    0 0 0
  23 BA   1     2.8420     5.3706   49 O    0 0 0

  24 BA   1     2.7359     5.1701  105 O    0 0 0
  24 BA   1     2.7639     5.2230   41 O    0 0 0
  24 BA   1     2.7676     5.2301   69 O    0 0 0
  24 BA   1     2.7956     5.2829   50 O    0 0 0
  24 BA   1     2.8081     5.3066   78 O    0 0 0
  24 BA   1     2.8341     5.3557   38 O    0 0 0

  25 BA   1     2.7357     5.1698   70 O    0 0 0
  25 BA   1     2.7708     5.2360  106 O    0 0 0
  25 BA   1     2.7732     5.2407  103 O    0 0 0
  25 BA   1     2.7742     5.2426   51 O    0 0-1
  25 BA   1     2.8008     5.2927   42 O    0 0-1
  25 BA   1     2.8015     5.2940   45 O    0 0-1

  26 BA   1     2.7689     5.2324   52 O    0 0 0
  26 BA   1     2.8016     5.2943   80 O    0 0 0
  26 BA   1     2.8127     5.3153   49 O    0 0 0
  26 BA   1     2.8137     5.3171  104 O    0 0 0
  26 BA   1     2.8149     5.3195   71 O    0 0 0
  26 BA   1     2.8246     5.3378   43 O    0 0 0

  27 BA   1     2.7600     5.2157   41 O    0 0 0
  27 BA   1     2.7619     5.2193   72 O    0 0 0
  27 BA   1     2.7863     5.2654  105 O    0 0 0
  27 BA   1     2.7987     5.2889   81 O    0 0 0
  27 BA   1     2.8125     5.3148   44 O    0 0 0
  27 BA   1     2.8233     5.3354  108 O    0 0 0

  28 O    1     1.7799     3.3635  109 TI   0 0 0
  28 O    1     2.3489     4.4387  110 TI   0 0 0
  28 O    1     2.7516     5.1997   91 O    0 0 0
  28 O    1     2.7628     5.2209   82 O    0 0 0
  28 O    1     2.7639     5.2230   14 BA   0 0 0
  28 O    1     2.7842     5.2614   55 O    0 0 0

  29 O    1     1.7910     3.3845  110 TI   0 0 0
  29 O    1     2.2465     4.2452  111 TI   0 0 0
  29 O    1     2.7840     5.2610   92 O    0 0 0
  29 O    1     2.7889     5.2702    6 BA   0 0 0
  29 O    1     2.7938     5.2796   15 BA   0 0 0
  29 O    1     2.8036     5.2981    3 BA   0 0 0

  30 O    1     1.8299     3.4580  111 TI   0 0 0
  30 O    1     2.2825     4.3134  109 TI   0 0 1
  30 O    1     2.7340     5.1666   57 O    0 0 0
  30 O    1     2.7576     5.2111   84 O    0 0 0
  30 O    1     2.7682     5.2312   10 BA   0 0 1
  30 O    1     2.7897     5.2717    1 BA   0 0 1

  31 O    1     1.8163     3.4323  112 TI   0 0 0
  31 O    1     2.3109     4.3669  113 TI   0 0 0
  31 O    1     2.7346     5.1676   85 O    0 0 0
  31 O    1     2.7471     5.1913   61 O    0 0 0
  31 O    1     2.7863     5.2653    5 BA   0 0 0
  31 O    1     2.7943     5.2806   17 BA   0 0 0

  32 O    1     1.7594     3.3248  113 TI   0 0 0
  32 O    1     2.3095     4.3643  114 TI   0 0 0
  32 O    1     2.7627     5.2207   62 O    0 0 0
  32 O    1     2.7781     5.2499   59 O    0 0 0
  32 O    1     2.7790     5.2515   86 O    0 0 0
  32 O    1     2.7866     5.2659   95 O    0 0 0

  33 O    1     1.7982     3.3980  114 TI   0 0 0
  33 O    1     2.2848     4.3176  112 TI   0 0 1
  33 O    1     2.7683     5.2314   96 O    0 0 0
  33 O    1     2.7730     5.2402   87 O    0 0 0
  33 O    1     2.7747     5.2435   60 O    0 0 0
  33 O    1     2.7767     5.2472   63 O    0 0 0

  34 O    1     1.8825     3.5574  115 TI   0 0 0
  34 O    1     2.2319     4.2177  116 TI   0 0 0
  34 O    1     2.8039     5.2986   97 O    0 0 0
  34 O    1     2.8070     5.3045   61 O    0 0 0
  34 O    1     2.8206     5.3301   11 BA   0 1 0
  34 O    1     2.8246     5.3377   17 BA   0 0 0

  35 O    1     1.8303     3.4587  116 TI   0 0 0
  35 O    1     2.2901     4.3276  117 TI   0 0 0
  35 O    1     2.7761     5.2461    9 BA   0 0 0
  35 O    1     2.7773     5.2483    3 BA   0 1 0
  35 O    1     2.7846     5.2621   62 O    0 0 0
  35 O    1     2.8089     5.3081   98 O    0 0 0

  36 O    1     1.7546     3.3157  117 TI   0 0 0
  36 O    1     2.2882     4.3240  115 TI   0 0 1
  36 O    1     2.7375     5.1731   90 O    0 0 0
  36 O    1     2.7524     5.2012   57 O    0 1 0
  36 O    1     2.7652     5.2254   99 O    0 0 0
  36 O    1     2.7678     5.2305    1 BA   0 1 1

  37 O    1     1.8271     3.4528  118 TI   0 0 0
  37 O    1     2.2791     4.3069  119 TI   0 0 0
  37 O    1     2.7477     5.1924  100 O    0 0 0
  37 O    1     2.7727     5.2396   23 BA   0 0 0
  37 O    1     2.7734     5.2410   67 O    0 0 0
  37 O    1     2.7911     5.2743   20 BA   0 0 0

  38 O    1     1.8264     3.4514  119 TI   0 0 0
  38 O    1     2.2696     4.2890  120 TI   0 0 0
  38 O    1     2.7582     5.2122   21 BA   0 0 0
  38 O    1     2.7689     5.2325   12 BA   0 0 0
  38 O    1     2.8137     5.3170   65 O    0 0 0
  38 O    1     2.8187     5.3266   92 O    0 0 0

  39 O    1     1.7949     3.3918  120 TI   0 0 0
  39 O    1     2.2800     4.3085  118 TI   0 0 1
  39 O    1     2.7593     5.2144  102 O    0 0 0
  39 O    1     2.7719     5.2381   19 BA   0 0 1
  39 O    1     2.7862     5.2652   22 BA   0 0 1
  39 O    1     2.7881     5.2688   66 O    0 0 0

  40 O    1     1.7825     3.3685  121 TI   0 0 0
  40 O    1     2.3005     4.3473  122 TI   0 0 0
  40 O    1     2.7228     5.1453   94 O    0 0 0
  40 O    1     2.7645     5.2241   67 O    0 0 0
  40 O    1     2.7731     5.2404  103 O    0 0 0
  40 O    1     2.7787     5.2511   17 BA   0 0 0

  41 O    1     1.7764     3.3569  122 TI   0 0 0
  41 O    1     2.2804     4.3094  123 TI   0 0 0
  41 O    1     2.7414     5.1804  104 O    0 0 0
  41 O    1     2.7578     5.2115   68 O    0 0 0
  41 O    1     2.7600     5.2157   27 BA   0 0 0
  41 O    1     2.7639     5.2230   24 BA   0 0 0

  42 O    1     1.8150     3.4298  123 TI   0 0 0
  42 O    1     2.3221     4.3882  121 TI   0 0 1
  42 O    1     2.7268     5.1529   69 O    0 0 0
  42 O    1     2.7594     5.2145   96 O    0 0 0
  42 O    1     2.7615     5.2184  105 O    0 0 0
  42 O    1     2.7806     5.2546   72 O    0 0 0

  43 O    1     1.8099     3.4203  124 TI   0 0 0
  43 O    1     2.3197     4.3836  125 TI   0 0 0
  43 O    1     2.7402     5.1783   97 O    0 0 0
  43 O    1     2.7864     5.2655   64 O    0 1 0
  43 O    1     2.7927     5.2775   11 BA   0 1 0
  43 O    1     2.8092     5.3086  106 O    0 0 0

  44 O    1     1.8029     3.4070  125 TI   0 0 0
  44 O    1     2.2569     4.2650  126 TI   0 0 0
  44 O    1     2.7506     5.1979   21 BA   0 1 0
  44 O    1     2.7737     5.2416   65 O    0 1 0
  44 O    1     2.7802     5.2539   12 BA   0 1 0
  44 O    1     2.8027     5.2964   18 BA   0 0 0

  45 O    1     1.8336     3.4650  126 TI   0 0 0
  45 O    1     2.2550     4.2613  124 TI   0 0 1
  45 O    1     2.7729     5.2400   16 BA   0 0 1
  45 O    1     2.7804     5.2541   99 O    0 0 0
  45 O    1     2.7836     5.2603   72 O    0 0 0
  45 O    1     2.8015     5.2940   25 BA   0 0 1

  46 O    1     1.7807     3.3651  127 TI   0 0 0
  46 O    1     2.3391     4.4203  128 TI   0 0 0
  46 O    1     2.7285     5.1560   82 O    1 0 0
  46 O    1     2.7605     5.2165   73 O    0 0 0
  46 O    1     2.7803     5.2540    2 BA   1 0 0
  46 O    1     2.7910     5.2742   20 BA   0 0 0

  47 O    1     1.7905     3.3835  128 TI   0 0 0
  47 O    1     2.3018     4.3498  129 TI   0 0 0
  47 O    1     2.7750     5.2440    3 BA   1 0 0
  47 O    1     2.7866     5.2660   74 O    0 0 0
  47 O    1     2.7970     5.2856  101 O    0 0 0
  47 O    1     2.7999     5.2911   83 O    1 0 0

  48 O    1     1.7935     3.3892  129 TI   0 0 0
  48 O    1     2.2723     4.2940  127 TI   0 0 1
  48 O    1     2.7465     5.1901   75 O    0 0 0
  48 O    1     2.7537     5.2037  102 O    0 0 0
  48 O    1     2.7730     5.2402   22 BA   0 0 1
  48 O    1     2.7732     5.2406   19 BA   0 0 1

  49 O    1     1.8517     3.4993  130 TI   0 0 0
  49 O    1     2.3017     4.3495  131 TI   0 0 0
  49 O    1     2.7515     5.1995    8 BA   1 0 0
  49 O    1     2.7537     5.2038   79 O    0 0 0
  49 O    1     2.7952     5.2821    5 BA   1 0 0
  49 O    1     2.8095     5.3093   85 O    1 0 0

  50 O    1     1.7410     3.2901  131 TI   0 0 0
  50 O    1     2.3318     4.4065  132 TI   0 0 0
  50 O    1     2.7578     5.2114   77 O    0 0 0
  50 O    1     2.7761     5.2461   80 O    0 0 0
  50 O    1     2.7866     5.2659    6 BA   1 0 0
  50 O    1     2.7897     5.2717   86 O    1 0 0

  51 O    1     1.7926     3.3875  132 TI   0 0 0
  51 O    1     2.2592     4.2692  130 TI   0 0 1
  51 O    1     2.7742     5.2426   25 BA   0 0 1
  51 O    1     2.7838     5.2607   78 O    0 0 0
  51 O    1     2.7862     5.2651    7 BA   1 0 1
  51 O    1     2.7990     5.2893   81 O    0 0 0

  52 O    1     1.8200     3.4394  133 TI   0 0 0
  52 O    1     2.2772     4.3033  134 TI   0 0 0
  52 O    1     2.7431     5.1836   79 O    0 0 0
  52 O    1     2.7644     5.2239    8 BA   1 0 0
  52 O    1     2.7689     5.2324   26 BA   0 0 0
  52 O    1     2.8168     5.3231   88 O    1 0 0

  53 O    1     1.8009     3.4033  134 TI   0 0 0
  53 O    1     2.3034     4.3529  135 TI   0 0 0
  53 O    1     2.7672     5.2292   89 O    1 0 0
  53 O    1     2.7817     5.2567  107 O    0 0 0
  53 O    1     2.7854     5.2637    9 BA   1 0 0
  53 O    1     2.8091     5.3085   74 O    0 1 0

  54 O    1     1.8283     3.4550  135 TI   0 0 0
  54 O    1     2.2495     4.2509  133 TI   0 0 1
  54 O    1     2.7604     5.2164  108 O    0 0 0
  54 O    1     2.7914     5.2750   75 O    0 1 0
  54 O    1     2.8030     5.2969   19 BA   0 1 1
  54 O    1     2.8035     5.2978    1 BA   1 1 1

  55 O    1     2.0029     3.7850  109 TI   0 0 0
  55 O    1     2.0375     3.8503  115 TI   0-1 0
  55 O    1     2.7470     5.1910   91 O    0 0 0
  55 O    1     2.7787     5.2511   10 BA   0 0 0
  55 O    1     2.7791     5.2518    1 BA   0 0 0
  55 O    1     2.7842     5.2614   28 O    0 0 0

  56 O    1     1.9764     3.7349  110 TI   0 0 0
  56 O    1     2.0410     3.8570  116 TI   0-1 0
  56 O    1     2.7571     5.2102    2 BA   0 0 0
  56 O    1     2.7634     5.2220   83 O    0 0 0
  56 O    1     2.7733     5.2408   11 BA   0 0 0
  56 O    1     2.7930     5.2780   89 O    0-1 0

  57 O    1     1.9642     3.7119  111 TI   0 0 0
  57 O    1     1.9719     3.7264  117 TI   0-1 0
  57 O    1     2.7340     5.1666   30 O    0 0 0
  57 O    1     2.7524     5.2012   36 O    0-1 0
  57 O    1     2.7863     5.2653   84 O    0 0 0
  57 O    1     2.7899     5.2721   90 O    0-1 0

  58 O    1     1.9694     3.7216  109 TI   0 0 0
  58 O    1     1.9734     3.7292  112 TI   0 0 0
  58 O    1     2.7438     5.1850   13 BA   0 0 0
  58 O    1     2.7631     5.2214   91 O    0 0 0
  58 O    1     2.7825     5.2582   85 O    0 0 0
  58 O    1     2.7845     5.2619   28 O    0 0 0

  59 O    1     1.9778     3.7374  113 TI   0 0 0
  59 O    1     2.0252     3.8270  110 TI   0 0 0
  59 O    1     2.7422     5.1819   86 O    0 0 0
  59 O    1     2.7641     5.2235   14 BA   0 0 0
  59 O    1     2.7781     5.2499   32 O    0 0 0
  59 O    1     2.7864     5.2656    5 BA   0 0 0

  60 O    1     1.9542     3.6928  114 TI   0 0 0
  60 O    1     1.9919     3.7641  111 TI   0 0 0
  60 O    1     2.7652     5.2254   84 O    0 0 0
  60 O    1     2.7711     5.2367   87 O    0 0 0
  60 O    1     2.7747     5.2435   33 O    0 0 0
  60 O    1     2.7985     5.2884   30 O    0 0 0

  61 O    1     1.9769     3.7357  115 TI   0 0 0
  61 O    1     1.9830     3.7473  112 TI   0 0 0
  61 O    1     2.7471     5.1913   31 O    0 0 0
  61 O    1     2.7980     5.2874   85 O    0 0 0
  61 O    1     2.8028     5.2965    7 BA   0 0 0
  61 O    1     2.8033     5.2975   97 O    0 0 0

  62 O    1     1.9271     3.6417  116 TI   0 0 0
  62 O    1     2.0114     3.8009  113 TI   0 0 0
  62 O    1     2.7563     5.2086   98 O    0 0 0
  62 O    1     2.7627     5.2207   32 O    0 0 0
  62 O    1     2.7846     5.2621   35 O    0 0 0
  62 O    1     2.8000     5.2913   17 BA   0 0 0

  63 O    1     2.0135     3.8050  114 TI   0 0 0
  63 O    1     2.0472     3.8686  117 TI   0 0 0
  63 O    1     2.7608     5.2171   96 O    0 0 0
  63 O    1     2.7686     5.2319   18 BA   0 0 0
  63 O    1     2.7767     5.2472   33 O    0 0 0
  63 O    1     2.7883     5.2692   99 O    0 0 0

  64 O    1     2.0142     3.8063  124 TI   0-1 0
  64 O    1     2.0443     3.8632  118 TI   0 0 0
  64 O    1     2.7739     5.2419   19 BA   0 0 0
  64 O    1     2.7821     5.2573   97 O    0-1 0
  64 O    1     2.7864     5.2655   43 O    0-1 0
  64 O    1     2.7876     5.2678   10 BA   0 0 0

  65 O    1     1.9439     3.6734  125 TI   0-1 0
  65 O    1     1.9945     3.7691  119 TI   0 0 0
  65 O    1     2.7642     5.2236  107 O    0-1 0
  65 O    1     2.7737     5.2416   44 O    0-1 0
  65 O    1     2.7876     5.2678   11 BA   0 0 0
  65 O    1     2.7903     5.2728  101 O    0 0 0

  66 O    1     1.9992     3.7779  120 TI   0 0 0
  66 O    1     2.0562     3.8857  126 TI   0-1 0
  66 O    1     2.7513     5.1993   93 O    0 0 0
  66 O    1     2.7542     5.2047   12 BA   0 0 0
  66 O    1     2.7881     5.2688   39 O    0 0 0
  66 O    1     2.7946     5.2811  102 O    0 0 0

  67 O    1     1.9488     3.6828  118 TI   0 0 0
  67 O    1     1.9975     3.7747  121 TI   0 0 0
  67 O    1     2.7615     5.2186   94 O    0 0 0
  67 O    1     2.7645     5.2241   40 O    0 0 0
  67 O    1     2.7734     5.2410   37 O    0 0 0
  67 O    1     2.7760     5.2458   13 BA   0 0 0

  68 O    1     1.9629     3.7093  122 TI   0 0 0
  68 O    1     2.0319     3.8397  119 TI   0 0 0
  68 O    1     2.7501     5.1970  104 O    0 0 0
  68 O    1     2.7578     5.2115   41 O    0 0 0
  68 O    1     2.7962     5.2840   23 BA   0 0 0
  68 O    1     2.8263     5.3409  101 O    0 0 0

  69 O    1     1.9548     3.6941  123 TI   0 0 0
  69 O    1     1.9937     3.7675  120 TI   0 0 0
  69 O    1     2.7268     5.1529   42 O    0 0 0
  69 O    1     2.7363     5.1708  105 O    0 0 0
  69 O    1     2.7676     5.2301   24 BA   0 0 0
  69 O    1     2.7699     5.2344   15 BA   0 0 0

  70 O    1     1.9574     3.6990  121 TI   0 0 0
  70 O    1     1.9889     3.7585  124 TI   0 0 0
  70 O    1     2.7357     5.1698   25 BA   0 0 0
  70 O    1     2.7508     5.1983  103 O    0 0 0
  70 O    1     2.7791     5.2516   40 O    0 0 0
  70 O    1     2.7802     5.2539   94 O    0 0 0

  71 O    1     1.9796     3.7409  125 TI   0 0 0
  71 O    1     2.0432     3.8610  122 TI   0 0 0
  71 O    1     2.7665     5.2280   98 O    0 0 0
  71 O    1     2.7765     5.2468   17 BA   0 0 0
  71 O    1     2.7841     5.2611   95 O    0 0 0
  71 O    1     2.8061     5.3027   41 O    0 0 0

  72 O    1     1.9590     3.7020  126 TI   0 0 0
  72 O    1     1.9803     3.7422  123 TI   0 0 0
  72 O    1     2.7619     5.2193   27 BA   0 0 0
  72 O    1     2.7721     5.2386  105 O    0 0 0
  72 O    1     2.7751     5.2441  108 O    0 0 0
  72 O    1     2.7806     5.2546   42 O    0 0 0

  73 O    1     1.9660     3.7151  133 TI   0-1 0
  73 O    1     1.9709     3.7244  127 TI   0 0 0
  73 O    1     2.7578     5.2115   82 O    1 0 0
  73 O    1     2.7605     5.2165   46 O    0 0 0
  73 O    1     2.7649     5.2250   88 O    1-1 0
  73 O    1     2.7832     5.2595    1 BA   1 0 0

  74 O    1     2.0111     3.8004  134 TI   0-1 0
  74 O    1     2.0230     3.8228  128 TI   0 0 0
  74 O    1     2.7416     5.1809   20 BA   0 0 0
  74 O    1     2.7469     5.1909  101 O    0 0 0
  74 O    1     2.7488     5.1944  107 O    0-1 0
  74 O    1     2.7866     5.2660   47 O    0 0 0

  75 O    1     1.9355     3.6576  129 TI   0 0 0
  75 O    1     1.9993     3.7782  135 TI   0-1 0
  75 O    1     2.7465     5.1901   48 O    0 0 0
  75 O    1     2.7737     5.2415  102 O    0 0 0
  75 O    1     2.7914     5.2750   54 O    0-1 0
  75 O    1     2.8058     5.3023   84 O    1 0 0

  76 O    1     1.9681     3.7193  130 TI   0 0 0
  76 O    1     2.0296     3.8353  127 TI   0 0 0
  76 O    1     2.7346     5.1677   22 BA   0 0 0
  76 O    1     2.7947     5.2811   85 O    1 0 0
  76 O    1     2.8000     5.2912  103 O    0 0 0
  76 O    1     2.8051     5.3009    4 BA   1 0 0

  77 O    1     1.9734     3.7292  128 TI   0 0 0
  77 O    1     1.9992     3.7780  131 TI   0 0 0
  77 O    1     2.7516     5.1998   86 O    1 0 0
  77 O    1     2.7578     5.2114   50 O    0 0 0
  77 O    1     2.7681     5.2309    5 BA   1 0 0
  77 O    1     2.7997     5.2907   83 O    1 0 0

  78 O    1     1.9247     3.6371  132 TI   0 0 0
  78 O    1     2.0538     3.8811  129 TI   0 0 0
  78 O    1     2.7838     5.2607   87 O    1 0 0
  78 O    1     2.7838     5.2607   51 O    0 0 0
  78 O    1     2.7913     5.2747  105 O    0 0 0
  78 O    1     2.8081     5.3066   24 BA   0 0 0

  79 O    1     1.9760     3.7342  130 TI   0 0 0
  79 O    1     2.0288     3.8339  133 TI   0 0 0
  79 O    1     2.7431     5.1836   52 O    0 0 0
  79 O    1     2.7537     5.2038   49 O    0 0 0
  79 O    1     2.7751     5.2442    7 BA   1 0 0
  79 O    1     2.8210     5.3309   25 BA   0 0 0

  80 O    1     1.9480     3.6812  131 TI   0 0 0
  80 O    1     2.0119     3.8019  134 TI   0 0 0
  80 O    1     2.7554     5.2069    8 BA   1 0 0
  80 O    1     2.7761     5.2461   50 O    0 0 0
  80 O    1     2.7991     5.2895  104 O    0 0 0
  80 O    1     2.8016     5.2943   26 BA   0 0 0

  81 O    1     2.0067     3.7921  135 TI   0 0 0
  81 O    1     2.0334     3.8425  132 TI   0 0 0
  81 O    1     2.7876     5.2678    9 BA   1 0 0
  81 O    1     2.7951     5.2819  108 O    0 0 0
  81 O    1     2.7987     5.2889   27 BA   0 0 0
  81 O    1     2.7990     5.2893   51 O    0 0 0

  82 O    1     1.9378     3.6619  127 TI  -1 0 0
  82 O    1     1.9882     3.7572  109 TI   0 0 0
  82 O    1     2.7285     5.1560   46 O   -1 0 0
  82 O    1     2.7578     5.2115   73 O   -1 0 0
  82 O    1     2.7628     5.2209   28 O    0 0 0
  82 O    1     2.8058     5.3022   55 O    0 0 0

  83 O    1     1.9810     3.7435  128 TI  -1 0 0
  83 O    1     2.0015     3.7823  110 TI   0 0 0
  83 O    1     2.7354     5.1692    2 BA   0 0 0
  83 O    1     2.7634     5.2220   56 O    0 0 0
  83 O    1     2.7913     5.2748   74 O   -1 0 0
  83 O    1     2.7997     5.2907   77 O   -1 0 0

  84 O    1     2.0021     3.7834  111 TI   0 0 0
  84 O    1     2.0225     3.8220  129 TI  -1 0 0
  84 O    1     2.7576     5.2111   30 O    0 0 0
  84 O    1     2.7652     5.2254   60 O    0 0 0
  84 O    1     2.7863     5.2653   57 O    0 0 0
  84 O    1     2.8058     5.3023   75 O   -1 0 0

  85 O    1     1.9970     3.7737  112 TI   0 0 0
  85 O    1     2.0477     3.8696  130 TI  -1 0 0
  85 O    1     2.7346     5.1676   31 O    0 0 0
  85 O    1     2.7825     5.2582   58 O    0 0 0
  85 O    1     2.7942     5.2802    7 BA   0 0 0
  85 O    1     2.7947     5.2811   76 O   -1 0 0

  86 O    1     1.9539     3.6923  113 TI   0 0 0
  86 O    1     2.0088     3.7961  131 TI  -1 0 0
  86 O    1     2.7422     5.1819   59 O    0 0 0
  86 O    1     2.7516     5.1998   77 O   -1 0 0
  86 O    1     2.7520     5.2006    5 BA   0 0 0
  86 O    1     2.7790     5.2515   32 O    0 0 0

  87 O    1     1.9648     3.7130  114 TI   0 0 0
  87 O    1     2.0017     3.7826  132 TI  -1 0 0
  87 O    1     2.7711     5.2367   60 O    0 0 0
  87 O    1     2.7730     5.2402   33 O    0 0 0
  87 O    1     2.7782     5.2500    6 BA   0 0 0
  87 O    1     2.7838     5.2607   78 O   -1 0 0

  88 O    1     1.9746     3.7315  115 TI   0 0 0
  88 O    1     1.9829     3.7471  133 TI  -1 0 0
  88 O    1     2.7226     5.1450    1 BA   0 1 0
  88 O    1     2.7649     5.2250   73 O   -1 1 0
  88 O    1     2.7709     5.2363    7 BA   0 0 0
  88 O    1     2.8168     5.3231   52 O   -1 0 0

  89 O    1     2.0083     3.7952  134 TI  -1 0 0
  89 O    1     2.0293     3.8348  116 TI   0 0 0
  89 O    1     2.7672     5.2292   53 O   -1 0 0
  89 O    1     2.7805     5.2544    8 BA   0 0 0
  89 O    1     2.7905     5.2733    2 BA   0 1 0
  89 O    1     2.7930     5.2780   56 O    0 1 0

  90 O    1     1.9515     3.6878  117 TI   0 0 0
  90 O    1     1.9917     3.7637  135 TI  -1 0 0
  90 O    1     2.7375     5.1731   36 O    0 0 0
  90 O    1     2.7899     5.2721   57 O    0 1 0
  90 O    1     2.7979     5.2873    9 BA   0 0 0
  90 O    1     2.8066     5.3036   63 O    0 0 0

  91 O    1     1.9657     3.7146  109 TI   0 0 0
  91 O    1     2.0430     3.8608  118 TI   0 0 0
  91 O    1     2.7431     5.1837   13 BA   0 0 0
  91 O    1     2.7470     5.1910   55 O    0 0 0
  91 O    1     2.7516     5.1997   28 O    0 0 0
  91 O    1     2.7631     5.2214   58 O    0 0 0

  92 O    1     1.9880     3.7568  110 TI   0 0 0
  92 O    1     2.0333     3.8423  119 TI   0 0 0
  92 O    1     2.7645     5.2241   14 BA   0 0 0
  92 O    1     2.7840     5.2610   29 O    0 0 0
  92 O    1     2.7888     5.2701   11 BA   0 0 0
  92 O    1     2.8139     5.3175   59 O    0 0 0

  93 O    1     1.9719     3.7264  111 TI   0 0 0
  93 O    1     1.9848     3.7507  120 TI   0 0 0
  93 O    1     2.7441     5.1856   15 BA   0 0 0
  93 O    1     2.7513     5.1993   66 O    0 0 0
  93 O    1     2.7661     5.2271   12 BA   0 0 0
  93 O    1     2.8064     5.3034   57 O    0 0 0

  94 O    1     1.9217     3.6315  121 TI   0 0 0
  94 O    1     1.9830     3.7473  112 TI   0 0 0
  94 O    1     2.7228     5.1453   40 O    0 0 0
  94 O    1     2.7615     5.2186   67 O    0 0 0
  94 O    1     2.7802     5.2539   70 O    0 0 0
  94 O    1     2.7917     5.2755   58 O    0 0 0

  95 O    1     1.9399     3.6658  122 TI   0 0 0
  95 O    1     2.0434     3.8615  113 TI   0 0 0
  95 O    1     2.7341     5.1666   17 BA   0 0 0
  95 O    1     2.7753     5.2445   41 O    0 0 0
  95 O    1     2.7841     5.2611   71 O    0 0 0
  95 O    1     2.7866     5.2659   32 O    0 0 0

  96 O    1     1.9787     3.7392  123 TI   0 0 0
  96 O    1     1.9857     3.7523  114 TI   0 0 0
  96 O    1     2.7594     5.2145   42 O    0 0 0
  96 O    1     2.7608     5.2171   63 O    0 0 0
  96 O    1     2.7683     5.2314   33 O    0 0 0
  96 O    1     2.7909     5.2740   15 BA   0 0 0

  97 O    1     2.0032     3.7854  124 TI   0 0 0
  97 O    1     2.0100     3.7983  115 TI   0 0 0
  97 O    1     2.7402     5.1783   43 O    0 0 0
  97 O    1     2.7821     5.2573   64 O    0 1 0
  97 O    1     2.8033     5.2975   61 O    0 0 0
  97 O    1     2.8039     5.2986   34 O    0 0 0

  98 O    1     1.9497     3.6844  116 TI   0 0 0
  98 O    1     2.0166     3.8109  125 TI   0 0 0
  98 O    1     2.7563     5.2086   62 O    0 0 0
  98 O    1     2.7665     5.2280   71 O    0 0 0
  98 O    1     2.7864     5.2655   17 BA   0 0 0
  98 O    1     2.7983     5.2881   11 BA   0 1 0

  99 O    1     1.9591     3.7022  126 TI   0 0 0
  99 O    1     2.0064     3.7916  117 TI   0 0 0
  99 O    1     2.7611     5.2177   18 BA   0 0 0
  99 O    1     2.7652     5.2254   36 O    0 0 0
  99 O    1     2.7804     5.2541   45 O    0 0 0
  99 O    1     2.7883     5.2692   63 O    0 0 0

 100 O    1     1.9468     3.6789  118 TI   0 0 0
 100 O    1     2.0590     3.8909  127 TI   0 0 0
 100 O    1     2.7477     5.1924   37 O    0 0 0
 100 O    1     2.7673     5.2295   19 BA   0 0 0
 100 O    1     2.7918     5.2757   46 O    0 0 0
 100 O    1     2.7933     5.2785   22 BA   0 0 0

 101 O    1     1.9771     3.7362  119 TI   0 0 0
 101 O    1     1.9830     3.7473  128 TI   0 0 0
 101 O    1     2.7376     5.1734   20 BA   0 0 0
 101 O    1     2.7469     5.1909   74 O    0 0 0
 101 O    1     2.7903     5.2728   65 O    0 0 0
 101 O    1     2.7970     5.2856   47 O    0 0 0

 102 O    1     1.9700     3.7227  129 TI   0 0 0
 102 O    1     1.9994     3.7784  120 TI   0 0 0
 102 O    1     2.7537     5.2037   48 O    0 0 0
 102 O    1     2.7593     5.2144   39 O    0 0 0
 102 O    1     2.7737     5.2415   75 O    0 0 0
 102 O    1     2.7946     5.2811   66 O    0 0 0

 103 O    1     1.9919     3.7642  130 TI   0 0 0
 103 O    1     1.9938     3.7677  121 TI   0 0 0
 103 O    1     2.7508     5.1983   70 O    0 0 0
 103 O    1     2.7731     5.2404   40 O    0 0 0
 103 O    1     2.7732     5.2407   25 BA   0 0 0
 103 O    1     2.8000     5.2912   76 O    0 0 0

 104 O    1     1.9912     3.7628  122 TI   0 0 0
 104 O    1     2.0270     3.8305  131 TI   0 0 0
 104 O    1     2.7414     5.1804   41 O    0 0 0
 104 O    1     2.7501     5.1970   68 O    0 0 0
 104 O    1     2.7991     5.2895   80 O    0 0 0
 104 O    1     2.8109     5.3118   23 BA   0 0 0

 105 O    1     1.9786     3.7390  123 TI   0 0 0
 105 O    1     2.0375     3.8504  132 TI   0 0 0
 105 O    1     2.7359     5.1701   24 BA   0 0 0
 105 O    1     2.7363     5.1708   69 O    0 0 0
 105 O    1     2.7615     5.2184   42 O    0 0 0
 105 O    1     2.7721     5.2386   72 O    0 0 0

 106 O    1     1.9414     3.6687  124 TI   0 0 0
 106 O    1     2.0309     3.8378  133 TI   0 0 0
 106 O    1     2.7708     5.2360   25 BA   0 0 0
 106 O    1     2.7815     5.2563   70 O    0 0 0
 106 O    1     2.7851     5.2631   19 BA   0 1 0
 106 O    1     2.8092     5.3086   43 O    0 0 0

 107 O    1     1.9296     3.6464  134 TI   0 0 0
 107 O    1     2.0225     3.8219  125 TI   0 0 0
 107 O    1     2.7488     5.1944   74 O    0 1 0
 107 O    1     2.7642     5.2236   65 O    0 1 0
 107 O    1     2.7817     5.2567   53 O    0 0 0
 107 O    1     2.8016     5.2943   20 BA   0 1 0

 108 O    1     2.0156     3.8090  126 TI   0 0 0
 108 O    1     2.0179     3.8133  135 TI   0 0 0
 108 O    1     2.7604     5.2164   54 O    0 0 0
 108 O    1     2.7751     5.2441   72 O    0 0 0
 108 O    1     2.7951     5.2819   81 O    0 0 0
 108 O    1     2.8063     5.3032   45 O    0 0 0

 109 TI   1     1.7799     3.3635   28 O    0 0 0
 109 TI   1     1.9657     3.7146   91 O    0 0 0
 109 TI   1     1.9694     3.7216   58 O    0 0 0
 109 TI   1     1.9882     3.7572   82 O    0 0 0
 109 TI   1     2.0029     3.7850   55 O    0 0 0
 109 TI   1     2.2825     4.3134   30 O    0 0-1

 110 TI   1     1.7910     3.3845   29 O    0 0 0
 110 TI   1     1.9764     3.7349   56 O    0 0 0
 110 TI   1     1.9880     3.7568   92 O    0 0 0
 110 TI   1     2.0015     3.7823   83 O    0 0 0
 110 TI   1     2.0252     3.8270   59 O    0 0 0
 110 TI   1     2.3489     4.4387   28 O    0 0 0

 111 TI   1     1.8299     3.4580   30 O    0 0 0
 111 TI   1     1.9642     3.7119   57 O    0 0 0
 111 TI   1     1.9719     3.7264   93 O    0 0 0
 111 TI   1     1.9919     3.7641   60 O    0 0 0
 111 TI   1     2.0021     3.7834   84 O    0 0 0
 111 TI   1     2.2465     4.2452   29 O    0 0 0

 112 TI   1     1.8163     3.4323   31 O    0 0 0
 112 TI   1     1.9734     3.7292   58 O    0 0 0
 112 TI   1     1.9830     3.7473   61 O    0 0 0
 112 TI   1     1.9830     3.7473   94 O    0 0 0
 112 TI   1     1.9970     3.7737   85 O    0 0 0
 112 TI   1     2.2848     4.3176   33 O    0 0-1

 113 TI   1     1.7594     3.3248   32 O    0 0 0
 113 TI   1     1.9539     3.6923   86 O    0 0 0
 113 TI   1     1.9778     3.7374   59 O    0 0 0
 113 TI   1     2.0114     3.8009   62 O    0 0 0
 113 TI   1     2.0434     3.8615   95 O    0 0 0
 113 TI   1     2.3109     4.3669   31 O    0 0 0

 114 TI   1     1.7982     3.3980   33 O    0 0 0
 114 TI   1     1.9542     3.6928   60 O    0 0 0
 114 TI   1     1.9648     3.7130   87 O    0 0 0
 114 TI   1     1.9857     3.7523   96 O    0 0 0
 114 TI   1     2.0135     3.8050   63 O    0 0 0
 114 TI   1     2.3095     4.3643   32 O    0 0 0

 115 TI   1     1.8825     3.5574   34 O    0 0 0
 115 TI   1     1.9746     3.7315   88 O    0 0 0
 115 TI   1     1.9769     3.7357   61 O    0 0 0
 115 TI   1     2.0100     3.7983   97 O    0 0 0
 115 TI   1     2.0375     3.8503   55 O    0 1 0
 115 TI   1     2.2882     4.3240   36 O    0 0-1

 116 TI   1     1.8303     3.4587   35 O    0 0 0
 116 TI   1     1.9271     3.6417   62 O    0 0 0
 116 TI   1     1.9497     3.6844   98 O    0 0 0
 116 TI   1     2.0293     3.8348   89 O    0 0 0
 116 TI   1     2.0410     3.8570   56 O    0 1 0
 116 TI   1     2.2319     4.2177   34 O    0 0 0

 117 TI   1     1.7546     3.3157   36 O    0 0 0
 117 TI   1     1.9515     3.6878   90 O    0 0 0
 117 TI   1     1.9719     3.7264   57 O    0 1 0
 117 TI   1     2.0064     3.7916   99 O    0 0 0
 117 TI   1     2.0472     3.8686   63 O    0 0 0
 117 TI   1     2.2901     4.3276   35 O    0 0 0

 118 TI   1     1.8271     3.4528   37 O    0 0 0
 118 TI   1     1.9468     3.6789  100 O    0 0 0
 118 TI   1     1.9488     3.6828   67 O    0 0 0
 118 TI   1     2.0430     3.8608   91 O    0 0 0
 118 TI   1     2.0443     3.8632   64 O    0 0 0
 118 TI   1     2.2800     4.3085   39 O    0 0-1

 119 TI   1     1.8264     3.4514   38 O    0 0 0
 119 TI   1     1.9771     3.7362  101 O    0 0 0
 119 TI   1     1.9945     3.7691   65 O    0 0 0
 119 TI   1     2.0319     3.8397   68 O    0 0 0
 119 TI   1     2.0333     3.8423   92 O    0 0 0
 119 TI   1     2.2791     4.3069   37 O    0 0 0

 120 TI   1     1.7949     3.3918   39 O    0 0 0
 120 TI   1     1.9848     3.7507   93 O    0 0 0
 120 TI   1     1.9937     3.7675   69 O    0 0 0
 120 TI   1     1.9992     3.7779   66 O    0 0 0
 120 TI   1     1.9994     3.7784  102 O    0 0 0
 120 TI   1     2.2696     4.2890   38 O    0 0 0

 121 TI   1     1.7825     3.3685   40 O    0 0 0
 121 TI   1     1.9217     3.6315   94 O    0 0 0
 121 TI   1     1.9574     3.6990   70 O    0 0 0
 121 TI   1     1.9938     3.7677  103 O    0 0 0
 121 TI   1     1.9975     3.7747   67 O    0 0 0
 121 TI   1     2.3221     4.3882   42 O    0 0-1

 122 TI   1     1.7764     3.3569   41 O    0 0 0
 122 TI   1     1.9399     3.6658   95 O    0 0 0
 122 TI   1     1.9629     3.7093   68 O    0 0 0
 122 TI   1     1.9912     3.7628  104 O    0 0 0
 122 TI   1     2.0432     3.8610   71 O    0 0 0
 122 TI   1     2.3005     4.3473   40 O    0 0 0

 123 TI   1     1.8150     3.4298   42 O    0 0 0
 123 TI   1     1.9548     3.6941   69 O    0 0 0
 123 TI   1     1.9786     3.7390  105 O    0 0 0
 123 TI   1     1.9787     3.7392   96 O    0 0 0
 123 TI   1     1.9803     3.7422   72 O    0 0 0
 123 TI   1     2.2804     4.3094   41 O    0 0 0

 124 TI   1     1.8099     3.4203   43 O    0 0 0
 124 TI   1     1.9414     3.6687  106 O    0 0 0
 124 TI   1     1.9889     3.7585   70 O    0 0 0
 124 TI   1     2.0032     3.7854   97 O    0 0 0
 124 TI   1     2.0142     3.8063   64 O    0 1 0
 124 TI   1     2.2550     4.2613   45 O    0 0-1

 125 TI   1     1.8029     3.4070   44 O    0 0 0
 125 TI   1     1.9439     3.6734   65 O    0 1 0
 125 TI   1     1.9796     3.7409   71 O    0 0 0
 125 TI   1     2.0166     3.8109   98 O    0 0 0
 125 TI   1     2.0225     3.8219  107 O    0 0 0
 125 TI   1     2.3197     4.3836   43 O    0 0 0

 126 TI   1     1.8336     3.4650   45 O    0 0 0
 126 TI   1     1.9590     3.7020   72 O    0 0 0
 126 TI   1     1.9591     3.7022   99 O    0 0 0
 126 TI   1     2.0156     3.8090  108 O    0 0 0
 126 TI   1     2.0562     3.8857   66 O    0 1 0
 126 TI   1     2.2569     4.2650   44 O    0 0 0

 127 TI   1     1.7807     3.3651   46 O    0 0 0
 127 TI   1     1.9378     3.6619   82 O    1 0 0
 127 TI   1     1.9709     3.7244   73 O    0 0 0
 127 TI   1     2.0296     3.8353   76 O    0 0 0
 127 TI   1     2.0590     3.8909  100 O    0 0 0
 127 TI   1     2.2723     4.2940   48 O    0 0-1

 128 TI   1     1.7905     3.3835   47 O    0 0 0
 128 TI   1     1.9734     3.7292   77 O    0 0 0
 128 TI   1     1.9810     3.7435   83 O    1 0 0
 128 TI   1     1.9830     3.7473  101 O    0 0 0
 128 TI   1     2.0230     3.8228   74 O    0 0 0
 128 TI   1     2.3391     4.4203   46 O    0 0 0

 129 TI   1     1.7935     3.3892   48 O    0 0 0
 129 TI   1     1.9355     3.6576   75 O    0 0 0
 129 TI   1     1.9700     3.7227  102 O    0 0 0
 129 TI   1     2.0225     3.8220   84 O    1 0 0
 129 TI   1     2.0538     3.8811   78 O    0 0 0
 129 TI   1     2.3018     4.3498   47 O    0 0 0

 130 TI   1     1.8517     3.4993   49 O    0 0 0
 130 TI   1     1.9681     3.7193   76 O    0 0 0
 130 TI   1     1.9760     3.7342   79 O    0 0 0
 130 TI   1     1.9919     3.7642  103 O    0 0 0
 130 TI   1     2.0477     3.8696   85 O    1 0 0
 130 TI   1     2.2592     4.2692   51 O    0 0-1

 131 TI   1     1.7410     3.2901   50 O    0 0 0
 131 TI   1     1.9480     3.6812   80 O    0 0 0
 131 TI   1     1.9992     3.7780   77 O    0 0 0
 131 TI   1     2.0088     3.7961   86 O    1 0 0
 131 TI   1     2.0270     3.8305  104 O    0 0 0
 131 TI   1     2.3017     4.3495   49 O    0 0 0

 132 TI   1     1.7926     3.3875   51 O    0 0 0
 132 TI   1     1.9247     3.6371   78 O    0 0 0
 132 TI   1     2.0017     3.7826   87 O    1 0 0
 132 TI   1     2.0334     3.8425   81 O    0 0 0
 132 TI   1     2.0375     3.8504  105 O    0 0 0
 132 TI   1     2.3318     4.4065   50 O    0 0 0

 133 TI   1     1.8200     3.4394   52 O    0 0 0
 133 TI   1     1.9660     3.7151   73 O    0 1 0
 133 TI   1     1.9829     3.7471   88 O    1 0 0
 133 TI   1     2.0288     3.8339   79 O    0 0 0
 133 TI   1     2.0309     3.8378  106 O    0 0 0
 133 TI   1     2.2495     4.2509   54 O    0 0-1

 134 TI   1     1.8009     3.4033   53 O    0 0 0
 134 TI   1     1.9296     3.6464  107 O    0 0 0
 134 TI   1     2.0083     3.7952   89 O    1 0 0
 134 TI   1     2.0111     3.8004   74 O    0 1 0
 134 TI   1     2.0119     3.8019   80 O    0 0 0
 134 TI   1     2.2772     4.3033   52 O    0 0 0

 135 TI   1     1.8283     3.4550   54 O    0 0 0
 135 TI   1     1.9917     3.7637   90 O    1 0 0
 135 TI   1     1.9993     3.7782   75 O    0 1 0
 135 TI   1     2.0067     3.7921   81 O    0 0 0
 135 TI   1     2.0179     3.8133  108 O    0 0 0
 135 TI   1     2.3034     4.3529   53 O    0 0 0


 SYMMETRY ALLOWED INTERNAL DEGREE(S) OF FREEDOM: 402
 TTTTTTTTTTTTTTTTTTTTTTTTTTTTTT SYMM        TELAPSE        3.88 TCPU        3.41
 TTTTTTTTTTTTTTTTTTTTTTTTTTTTTT INT_SCREEN  TELAPSE        3.98 TCPU        3.51

 DFT PARAMETERS

     ATOM       ELECTRONS   NET CHARGE   R(ANGSTROM)
   1 256  BA     10.0000      0.0000     2.24000000
  28   8  O       8.0000      0.0000     0.74000000
 109  22  TI     22.0000      0.0000     1.47000000

 SIZE OF GRID=    2837948
 TTTTTTTTTTTTTTTTTTTTTTTTTTTTTT MAKE_GRID2  TELAPSE       49.65 TCPU       49.19
 BECKE WEIGHT FUNCTION
 RADSAFE =     2.00
 TOLERANCES - DENSITY:10**- 6; POTENTIAL:10**- 9; GRID WGT:10**-14

 RADIAL INTEGRATION  - INTERVALS (POINTS,UPPER LIMIT):            1( 75,  4.0*R)

 ANGULAR INTEGRATION - INTERVALS (ACCURACY LEVEL [N. POINTS] UPPER LIMIT):
  1(  4[  86]   0.2)  2(  8[ 194]   0.5)  3( 12[ 350]   0.9)  4( 16[ 974]   3.5)
  5( 12[ 350]9999.0)
 TTTTTTTTTTTTTTTTTTTTTTTTTTTTTT INT_CALC    TELAPSE       49.77 TCPU       49.31
 EEEEEEEEEE INT_CALC TERMINATION  DATE 25 03 2026 TIME 17:19:04.3

 *******************************************************************************
 converted and standardized from ase Atoms() object for Ba27Ti27O81 in space grou
 CRYSTAL - SCF - TYPE OF CALCULATION :  RESTRICTED CLOSED SHELL
 *******************************************************************************

 CAPPA:IS1  2;IS2  2;IS3  2; K PTS MONK NET   8; SYMMOPS:K SPACE   2;G SPACE   1

 TTTTTTTTTTTTTTTTTTTTTTTTTTTTTT SDIK        TELAPSE       52.15 TCPU       51.68

 AAAAAAAAAAAAAAAAAAAAAAAAAAAAAAAAAAAAAAAAAAAAAAAAAAAAAAAAAAAAAAAAAAAAAAAAAAAAAAA
         ATOMIC WAVEFUNCTION(S)


 NUCLEAR CHARGE 10.0  SYMMETRY SPECIES            S    P
 N. ELECTRONS   10.0  NUMBER OF PRIMITIVE GTOS    5    5
                      NUMBER OF CONTRACTED GTOS   3    2
                      NUMBER OF CLOSED SHELLS     2    1
                      OPEN SHELL OCCUPATION       0    0

  ZNUC  SCFIT    TOTAL HF ENERGY   KINETIC ENERGY   VIRIAL THEOREM             ACCURACY
  10.0     4    -2.474305552E+01  8.075374960E+00 -4.064013205E+00  1.0E-06

 NUCLEAR CHARGE  8.0  SYMMETRY SPECIES            S    P
 N. ELECTRONS    8.0  NUMBER OF PRIMITIVE GTOS   10    6
                      NUMBER OF CONTRACTED GTOS   4    3
                      NUMBER OF CLOSED SHELLS     2    0
                      OPEN SHELL OCCUPATION       0    4

  ZNUC  SCFIT    TOTAL HF ENERGY   KINETIC ENERGY   VIRIAL THEOREM             ACCURACY
   8.0    13    -7.480154908E+01  7.478929754E+01 -2.000163814E+00  2.2E-06

 NUCLEAR CHARGE 22.0  SYMMETRY SPECIES            S    P    D
 N. ELECTRONS   22.0  NUMBER OF PRIMITIVE GTOS   17   11    6
                      NUMBER OF CONTRACTED GTOS   6    4    3
                      NUMBER OF CLOSED SHELLS     4    2    0
                      OPEN SHELL OCCUPATION       0    0    2

  ZNUC  SCFIT    TOTAL HF ENERGY   KINETIC ENERGY   VIRIAL THEOREM             ACCURACY
  22.0    51    -8.483283897E+02  8.486954851E+02 -1.999567459E+00  4.0E-06

 AAAAAAAAAAAAAAAAAAAAAAAAAAAAAAAAAAAAAAAAAAAAAAAAAAAAAAAAAAAAAAAAAAAAAAAAAAAAAAA

 CHARGE NORMALIZATION FACTOR   1.00000000
 TOTAL ATOMIC CHARGES:
  10.0000000  10.0000000  10.0000000  10.0000000  10.0000000  10.0000000
  10.0000000  10.0000000  10.0000000  10.0000000  10.0000000  10.0000000
  10.0000000  10.0000000  10.0000000  10.0000000  10.0000000  10.0000000
  10.0000000  10.0000000  10.0000000  10.0000000  10.0000000  10.0000000
  10.0000000  10.0000000  10.0000000   8.0000000   8.0000000   8.0000000
   8.0000000   8.0000000   8.0000000   8.0000000   8.0000000   8.0000000
   8.0000000   8.0000000   8.0000000   8.0000000   8.0000000   8.0000000
   8.0000000   8.0000000   8.0000000   8.0000000   8.0000000   8.0000000
   8.0000000   8.0000000   8.0000000   8.0000000   8.0000000   8.0000000
   8.0000000   8.0000000   8.0000000   8.0000000   8.0000000   8.0000000
   8.0000000   8.0000000   8.0000000   8.0000000   8.0000000   8.0000000
   8.0000000   8.0000000   8.0000000   8.0000000   8.0000000   8.0000000
   8.0000000   8.0000000   8.0000000   8.0000000   8.0000000   8.0000000
   8.0000000   8.0000000   8.0000000   8.0000000   8.0000000   8.0000000
   8.0000000   8.0000000   8.0000000   8.0000000   8.0000000   8.0000000
   8.0000000   8.0000000   8.0000000   8.0000000   8.0000000   8.0000000
   8.0000000   8.0000000   8.0000000   8.0000000   8.0000000   8.0000000
   8.0000000   8.0000000   8.0000000   8.0000000   8.0000000   8.0000000
  22.0000000  22.0000000  22.0000000  22.0000000  22.0000000  22.0000000
  22.0000000  22.0000000  22.0000000  22.0000000  22.0000000  22.0000000
  22.0000000  22.0000000  22.0000000  22.0000000  22.0000000  22.0000000
  22.0000000  22.0000000  22.0000000  22.0000000  22.0000000  22.0000000
  22.0000000  22.0000000  22.0000000
 TTTTTTTTTTTTTTTTTTTTTTTTTTTTTT MOQGAD      TELAPSE       52.23 TCPU       51.76
 TTTTTTTTTTTTTTTTTTTTTTTTTTTTTT SHELLXN     TELAPSE      430.61 TCPU      429.93
 TTTTTTTTTTTTTTTTTTTTTTTTTTTTTT MONMO3      TELAPSE      443.33 TCPU      442.65
 NUMERICALLY INTEGRATED DENSITY   1511.9952206831
 TTTTTTTTTTTTTTTTTTTTTTTTTTTTTT NUMDFT      TELAPSE      461.02 TCPU      460.34
 CYC   0 ETOT(AU) -2.971210593181E+04 DETOT -2.97E+04 tst  0.00E+00 PX  1.00E+00
 TTTTTTTTTTTTTTTTTTTTTTTTTTTTTT DIIS        TELAPSE      461.21 TCPU      460.52
 TTTTTTTTTTTTTTTTTTTTTTTTTTTTTT FDIK        TELAPSE      471.10 TCPU      470.40
 INSULATING STATE
 TOP OF VALENCE BANDS -    BAND    756; K    8; EIG -3.4771472E-01 AU
 TOP OF VALENCE BANDS -    BAND    756; K    1; EIG -3.5267530E-01 AU
 BOTTOM OF VIRTUAL BANDS - BAND    757; K    1; EIG -8.3510278E-02 AU
 INDIRECT ENERGY BAND GAP:   7.1894 eV
 TTTTTTTTTTTTTTTTTTTTTTTTTTTTTT PDIG        TELAPSE      473.70 TCPU      473.00
 CHARGE NORMALIZATION FACTOR   1.00000000
 TOTAL ATOMIC CHARGES:
   8.1622523   8.1706448   8.1636868   8.1604099   8.1681893   8.1568003
   8.1610341   8.1727624   8.1627145   8.1668255   8.1717955   8.1583344
   8.1586299   8.1634426   8.1565037   8.1613511   8.1670985   8.1591891
   8.1682708   8.1664311   8.1647296   8.1628097   8.1649616   8.1584207
   8.1693641   8.1659445   8.1615310   9.4476374   9.4411540   9.4634398
   9.4620449   9.4332782   9.4491792   9.4761359   9.4635393   9.4278613
   9.4604516   9.4600051   9.4472082   9.4445765   9.4384351   9.4611524
   9.4591925   9.4458442   9.4630089   9.4484125   9.4454510   9.4486018
   9.4751346   9.4256270   9.4427375   9.4610657   9.4521330   9.4601021
   9.4872107   9.4834454   9.4710555   9.4745510   9.4810229   9.4743135
   9.4773373   9.4730120   9.4876601   9.4877156   9.4735539   9.4860234
   9.4757850   9.4786289   9.4753498   9.4747222   9.4835700   9.4737669
   9.4737621   9.4873465   9.4758513   9.4791619   9.4771248   9.4747169
   9.4808350   9.4772626   9.4891151   9.4701703   9.4807598   9.4843864
   9.4842777   9.4760226   9.4769950   9.4778102   9.4884027   9.4752922
   9.4830442   9.4802653   9.4743200   9.4700043   9.4778472   9.4757753
   9.4883860   9.4740419   9.4751709   9.4775777   9.4808926   9.4771114
   9.4767762   9.4810218   9.4820420   9.4763845   9.4750127   9.4869265
  19.4591058  19.4196160  19.4214274  19.4207424  19.4405199  19.4386583
  19.3708987  19.4389385  19.4499700  19.4206985  19.3867866  19.4261962
  19.4530800  19.4591053  19.4414286  19.4440010  19.4145920  19.4118015
  19.4304259  19.4271267  19.4208575  19.4164775  19.4618575  19.4146317
  19.3981045  19.4384279  19.3863690
 TTTTTTTTTTTTTTTTTTTTTTTTTTTTTT MOQGAD      TELAPSE      473.76 TCPU      473.06
 TTTTTTTTTTTTTTTTTTTTTTTTTTTTTT SHELLXN     TELAPSE      873.38 TCPU      872.57
 TTTTTTTTTTTTTTTTTTTTTTTTTTTTTT MONMO3      TELAPSE      886.23 TCPU      885.42
 NUMERICALLY INTEGRATED DENSITY   1511.9952449899
 TTTTTTTTTTTTTTTTTTTTTTTTTTTTTT NUMDFT      TELAPSE      903.33 TCPU      902.52
 CYC   1 ETOT(AU) -2.970523609395E+04 DETOT  6.87E+00 tst  0.00E+00 PX  1.00E+00
 TTTTTTTTTTTTTTTTTTTTTTTTTTTTTT DIIS        TELAPSE      907.43 TCPU      906.62
 DIIS TEST: 0.75870E+02 AT SCF   CYCLE   1 - MIX   80 %
 TTTTTTTTTTTTTTTTTTTTTTTTTTTTTT FDIK        TELAPSE      916.83 TCPU      915.98
 INSULATING STATE
 TOP OF VALENCE BANDS -    BAND    756; K    8; EIG -2.5853240E-01 AU
 TOP OF VALENCE BANDS -    BAND    756; K    1; EIG -2.6626423E-01 AU
 BOTTOM OF VIRTUAL BANDS - BAND    757; K    1; EIG -1.0196303E-01 AU
 INDIRECT ENERGY BAND GAP:   4.2605 eV
 TTTTTTTTTTTTTTTTTTTTTTTTTTTTTT PDIG        TELAPSE      919.44 TCPU      918.59
 CHARGE NORMALIZATION FACTOR   1.00000000
 TOTAL ATOMIC CHARGES:
   8.2509004   8.2550774   8.2521286   8.2515426   8.2528883   8.2477134
   8.2531183   8.2570414   8.2507811   8.2551304   8.2566494   8.2516793
   8.2505869   8.2520101   8.2495475   8.2514033   8.2522856   8.2509647
   8.2545374   8.2534640   8.2526017   8.2520410   8.2528165   8.2500473
   8.2554273   8.2530028   8.2513890   9.1800276   9.1844252   9.1955170
   9.1898086   9.1685364   9.1852150   9.1990857   9.2071497   9.1693272
   9.1971771   9.1949680   9.1811505   9.1782581   9.1910484   9.1879170
   9.1889111   9.1934988   9.1913846   9.1712181   9.1808191   9.1854931
   9.1983004   9.1641512   9.1820982   9.1844944   9.1876269   9.1953502
   9.2350767   9.2354599   9.2301035   9.2368727   9.2363095   9.2370132
   9.2316096   9.2293213   9.2384121   9.2374986   9.2319262   9.2380473
   9.2348829   9.2298708   9.2381358   9.2366541   9.2342458   9.2344402
   9.2296735   9.2381226   9.2247725   9.2387935   9.2354195   9.2331636
   9.2361274   9.2341552   9.2334981   9.2296486   9.2336128   9.2357103
   9.2359893   9.2305259   9.2312283   9.2370911   9.2387826   9.2296163
   9.2373729   9.2367506   9.2383700   9.2305443   9.2379684   9.2384560
   9.2306928   9.2306893   9.2377623   9.2373390   9.2316452   9.2301911
   9.2372887   9.2355305   9.2376099   9.2340379   9.2294305   9.2299774
  20.1049203  20.0993538  20.0864499  20.0841379  20.0989496  20.0963267
  20.0763883  20.0932074  20.0939453  20.1013690  20.0767208  20.0910585
  20.0895043  20.1070051  20.1001075  20.0977366  20.0813473  20.0952931
  20.0961799  20.0967262  20.0838625  20.1108098  20.1077373  20.0907685
  20.0722584  20.0976768  20.0669582
 TTTTTTTTTTTTTTTTTTTTTTTTTTTTTT MOQGAD      TELAPSE      919.50 TCPU      918.65
 TTTTTTTTTTTTTTTTTTTTTTTTTTTTTT SHELLXN     TELAPSE     1318.87 TCPU     1317.67
 TTTTTTTTTTTTTTTTTTTTTTTTTTTTTT MONMO3      TELAPSE     1331.79 TCPU     1330.59
 NUMERICALLY INTEGRATED DENSITY   1511.9943980772
 TTTTTTTTTTTTTTTTTTTTTTTTTTTTTT NUMDFT      TELAPSE     1348.85 TCPU     1347.65
 CYC   2 ETOT(AU) -2.971622631680E+04 DETOT -1.10E+01 tst  4.51E-03 PX  6.94E-02
 TTTTTTTTTTTTTTTTTTTTTTTTTTTTTT DIIS        TELAPSE     1352.93 TCPU     1351.73
 DIIS TEST: 0.14234E+02 AT SCF   CYCLE   2 - DIIS ACTIVE - HISTORY:     2 CYCLES
 TTTTTTTTTTTTTTTTTTTTTTTTTTTTTT FDIK        TELAPSE     1362.54 TCPU     1361.17
 INSULATING STATE
 TOP OF VALENCE BANDS -    BAND    756; K    8; EIG -1.5037605E-01 AU
 TOP OF VALENCE BANDS -    BAND    756; K    1; EIG -1.5855884E-01 AU
 BOTTOM OF VIRTUAL BANDS - BAND    757; K    1; EIG -2.1031266E-02 AU
 INDIRECT ENERGY BAND GAP:   3.5197 eV
 TTTTTTTTTTTTTTTTTTTTTTTTTTTTTT PDIG        TELAPSE     1365.16 TCPU     1363.78
 CHARGE NORMALIZATION FACTOR   1.00000000
 TOTAL ATOMIC CHARGES:
   8.3389098   8.3346650   8.3381995   8.3422206   8.3348347   8.3420504
   8.3455587   8.3351649   8.3377321   8.3394531   8.3348240   8.3464706
   8.3445094   8.3403211   8.3470109   8.3418619   8.3333134   8.3453366
   8.3361769   8.3396735   8.3369569   8.3418588   8.3390145   8.3452855
   8.3365315   8.3375682   8.3413897   9.0620695   9.0534439   9.0564964
   9.0660980   9.0400051   9.0551201   9.0549960   9.0432587   9.0561650
   9.0657800   9.0500739   9.0627297   9.0523158   9.0500835   9.0617959
   9.0531657   9.0522857   9.0608533   9.0648503   9.0494808   9.0527918
   9.0754079   9.0452174   9.0570765   9.0557151   9.0459658   9.0469758
   9.0314021   9.0389964   9.0399461   9.0392472   9.0406659   9.0378634
   9.0387803   9.0467741   9.0224750   9.0263334   9.0548399   9.0334881
   9.0430383   9.0300929   9.0390690   9.0448961   9.0266103   9.0487291
   9.0491763   9.0343358   9.0374806   9.0406382   9.0433434   9.0416356
   9.0403784   9.0479232   9.0235958   9.0427104   9.0493680   9.0246545
   9.0268387   9.0541461   9.0421698   9.0525360   9.0262867   9.0383894
   9.0304254   9.0379076   9.0461041   9.0393607   9.0408726   9.0321252
   9.0160804   9.0400276   9.0400844   9.0486730   9.0456857   9.0375886
   9.0459674   9.0297751   9.0418011   9.0397932   9.0392823   9.0200931
  20.4911989  20.5386873  20.5276684  20.5219330  20.5226282  20.5033112
  20.5808749  20.5355103  20.5124117  20.5358031  20.5866571  20.5257431
  20.4919539  20.5118165  20.4988288  20.5037327  20.5609486  20.5327731
  20.5168131  20.5235970  20.5290824  20.5291328  20.5040912  20.5312484
  20.5562140  20.5200731  20.5696552
 TTTTTTTTTTTTTTTTTTTTTTTTTTTTTT MOQGAD      TELAPSE     1365.21 TCPU     1363.83
 TTTTTTTTTTTTTTTTTTTTTTTTTTTTTT SHELLXN     TELAPSE     1764.45 TCPU     1762.50
 TTTTTTTTTTTTTTTTTTTTTTTTTTTTTT MONMO3      TELAPSE     1777.36 TCPU     1775.42
 NUMERICALLY INTEGRATED DENSITY   1511.9938567011
 TTTTTTTTTTTTTTTTTTTTTTTTTTTTTT NUMDFT      TELAPSE     1794.40 TCPU     1792.46
 CYC   3 ETOT(AU) -2.971860588798E+04 DETOT -2.38E+00 tst  2.42E-03 PX  6.01E-02
 TTTTTTTTTTTTTTTTTTTTTTTTTTTTTT DIIS        TELAPSE     1798.56 TCPU     1796.61
 DIIS TEST: 0.21638E+00 AT SCF   CYCLE   3 - DIIS ACTIVE - HISTORY:     3 CYCLES
 TTTTTTTTTTTTTTTTTTTTTTTTTTTTTT FDIK        TELAPSE     1808.21 TCPU     1806.26
 INSULATING STATE
 TOP OF VALENCE BANDS -    BAND    756; K    8; EIG -1.5116456E-01 AU
 TOP OF VALENCE BANDS -    BAND    756; K    1; EIG -1.5952883E-01 AU
 BOTTOM OF VIRTUAL BANDS - BAND    757; K    1; EIG -7.4408804E-03 AU
 INDIRECT ENERGY BAND GAP:   3.9109 eV
 TTTTTTTTTTTTTTTTTTTTTTTTTTTTTT PDIG        TELAPSE     1810.86 TCPU     1808.91
 CHARGE NORMALIZATION FACTOR   1.00000000
 TOTAL ATOMIC CHARGES:
   8.3405390   8.3389087   8.3414369   8.3450570   8.3392724   8.3418686
   8.3469861   8.3409226   8.3395864   8.3437836   8.3407845   8.3471804
   8.3461664   8.3425139   8.3456859   8.3442809   8.3382433   8.3456004
   8.3405071   8.3415231   8.3401077   8.3439017   8.3421089   8.3441334
   8.3417312   8.3415848   8.3429784   8.9693445   9.0232144   9.0110154
   8.9802395   8.9979172   8.9935857   9.0018953   9.0632982   8.9815865
   9.0009612   9.0411948   8.9924282   8.9859354   9.0504033   8.9675241
   8.9795593   9.0583977   8.9878978   8.9421419   9.0001644   9.0138989
   8.9641269   8.9826890   9.0125792   8.9887161   9.0069584   9.0290359
   9.0855228   9.0913551   9.0975357   9.1159786   9.0955909   9.1138954
   9.0956954   9.0923001   9.0969790   9.0923516   9.0961996   9.0934044
   9.1021044   9.0904049   9.1165461   9.1085564   9.0999952   9.1057829
   9.0885122   9.0879688   9.0773048   9.1107432   9.0980266   9.0999323
   9.0986680   9.0935629   9.0875457   9.0973199   9.0852811   9.0962645
   9.0945031   9.0772235   9.0830641   9.1065727   9.0979649   9.0930016
   9.1020484   9.1084027   9.1190707   9.1016730   9.1056640   9.1188321
   9.0854082   9.0994352   9.1195768   9.0989930   9.0848597   9.0868134
   9.1048945   9.0954317   9.0948950   9.1034588   9.0886912   9.0793127
  20.5086668  20.4804713  20.4389211  20.4566223  20.4599945  20.4798808
  20.4296148  20.4212179  20.4645248  20.4915528  20.3930517  20.4614096
  20.4467332  20.4668466  20.5037794  20.4940133  20.3938071  20.4954974
  20.4983664  20.4734062  20.4390812  20.5557885  20.4801895  20.4661487
  20.4111484  20.4662023  20.3878409
 TTTTTTTTTTTTTTTTTTTTTTTTTTTTTT MOQGAD      TELAPSE     1810.92 TCPU     1808.97
 TTTTTTTTTTTTTTTTTTTTTTTTTTTTTT SHELLXN     TELAPSE     2209.98 TCPU     2207.70
 TTTTTTTTTTTTTTTTTTTTTTTTTTTTTT MONMO3      TELAPSE     2222.72 TCPU     2220.44
 NUMERICALLY INTEGRATED DENSITY   1511.9937580111
 TTTTTTTTTTTTTTTTTTTTTTTTTTTTTT NUMDFT      TELAPSE     2239.80 TCPU     2237.52
 CYC   4 ETOT(AU) -2.971857704277E+04 DETOT  2.88E-02 tst  7.76E-05 PX  2.92E-02
 TTTTTTTTTTTTTTTTTTTTTTTTTTTTTT DIIS        TELAPSE     2244.13 TCPU     2241.86
 DIIS TEST: 0.42260E+00 AT SCF   CYCLE   4 - DIIS ACTIVE - HISTORY:     4 CYCLES
 TTTTTTTTTTTTTTTTTTTTTTTTTTTTTT FDIK        TELAPSE     2253.97 TCPU     2251.69
 INSULATING STATE
 TOP OF VALENCE BANDS -    BAND    756; K    8; EIG -1.4617585E-01 AU
 TOP OF VALENCE BANDS -    BAND    756; K    1; EIG -1.5475844E-01 AU
 BOTTOM OF VIRTUAL BANDS - BAND    757; K    1; EIG -6.7257269E-03 AU
 INDIRECT ENERGY BAND GAP:   3.7946 eV
 TTTTTTTTTTTTTTTTTTTTTTTTTTTTTT PDIG        TELAPSE     2256.57 TCPU     2254.29
 CHARGE NORMALIZATION FACTOR   1.00000000
 TOTAL ATOMIC CHARGES:
   8.3384649   8.3374342   8.3394510   8.3412098   8.3360456   8.3391155
   8.3449949   8.3388079   8.3375060   8.3407580   8.3394722   8.3449367
   8.3419674   8.3401772   8.3431282   8.3409834   8.3360023   8.3422191
   8.3383352   8.3403765   8.3386582   8.3401755   8.3397630   8.3422021
   8.3384831   8.3389780   8.3406337   9.0525592   9.0391743   9.0404591
   9.0491241   9.0150747   9.0446822   9.0384064   9.0401129   9.0453810
   9.0622324   9.0263554   9.0419942   9.0385231   9.0448687   9.0489426
   9.0498499   9.0370812   9.0463876   9.0426564   9.0321418   9.0354694
   9.0630254   9.0237881   9.0381673   9.0314962   9.0368789   9.0360032
   9.0643177   9.0728710   9.0760502   9.0777272   9.0738215   9.0788735
   9.0712924   9.0740452   9.0640505   9.0670510   9.0819037   9.0715240
   9.0763845   9.0630103   9.0808768   9.0820221   9.0602487   9.0815791
   9.0772996   9.0711889   9.0646711   9.0785851   9.0769270   9.0735910
   9.0777791   9.0788449   9.0554962   9.0767722   9.0753823   9.0646952
   9.0675229   9.0786999   9.0738480   9.0830031   9.0664850   9.0713703
   9.0709396   9.0733942   9.0823061   9.0750766   9.0783966   9.0762700
   9.0501660   9.0717544   9.0787090   9.0835692   9.0713913   9.0701713
   9.0821644   9.0688649   9.0764696   9.0754663   9.0704265   9.0542780
  20.4403348  20.4945721  20.4704775  20.4560767  20.4782519  20.4573830
  20.5154373  20.4871313  20.4431123  20.4846835  20.5173959  20.4670837
  20.4424367  20.4750308  20.4426889  20.4499168  20.5000892  20.4756503
  20.4503554  20.4837758  20.4716268  20.4735797  20.4675332  20.4865391
  20.4772130  20.4726946  20.4981891
 TTTTTTTTTTTTTTTTTTTTTTTTTTTTTT MOQGAD      TELAPSE     2256.63 TCPU     2254.34
 TTTTTTTTTTTTTTTTTTTTTTTTTTTTTT SHELLXN     TELAPSE     2655.46 TCPU     2652.62
 TTTTTTTTTTTTTTTTTTTTTTTTTTTTTT MONMO3      TELAPSE     2668.32 TCPU     2665.48
 NUMERICALLY INTEGRATED DENSITY   1511.9937741461
 TTTTTTTTTTTTTTTTTTTTTTTTTTTTTT NUMDFT      TELAPSE     2685.38 TCPU     2682.54
 CYC   5 ETOT(AU) -2.971863708985E+04 DETOT -6.00E-02 tst  3.01E-05 PX  1.52E-02
 TTTTTTTTTTTTTTTTTTTTTTTTTTTTTT DIIS        TELAPSE     2689.82 TCPU     2686.97
 DIIS TEST: 0.39019E-01 AT SCF   CYCLE   5 - DIIS ACTIVE - HISTORY:     5 CYCLES
 TTTTTTTTTTTTTTTTTTTTTTTTTTTTTT FDIK        TELAPSE     2699.99 TCPU     2697.14
 INSULATING STATE
 TOP OF VALENCE BANDS -    BAND    756; K    8; EIG -1.4541898E-01 AU
 TOP OF VALENCE BANDS -    BAND    756; K    1; EIG -1.5398999E-01 AU
 BOTTOM OF VIRTUAL BANDS - BAND    757; K    1; EIG -8.5813670E-03 AU
 INDIRECT ENERGY BAND GAP:   3.7235 eV
 TTTTTTTTTTTTTTTTTTTTTTTTTTTTTT PDIG        TELAPSE     2702.53 TCPU     2699.69
 CHARGE NORMALIZATION FACTOR   1.00000000
 TOTAL ATOMIC CHARGES:
   8.3371564   8.3349515   8.3375527   8.3405537   8.3342759   8.3381060
   8.3434509   8.3362777   8.3360076   8.3393979   8.3363329   8.3434889
   8.3414506   8.3381727   8.3423146   8.3398962   8.3335155   8.3416121
   8.3367822   8.3379937   8.3365828   8.3395091   8.3377700   8.3410049
   8.3370936   8.3368914   8.3392083   9.0293897   9.0480440   9.0449098
   9.0368212   9.0297537   9.0367878   9.0388121   9.0577317   9.0303526
   9.0448718   9.0537127   9.0389325   9.0304237   9.0566884   9.0307668
   9.0284711   9.0608433   9.0373190   9.0200000   9.0374400   9.0435878
   9.0369961   9.0276340   9.0454742   9.0318638   9.0365377   9.0453947
   9.0593907   9.0660407   9.0688589   9.0748684   9.0690489   9.0741195
   9.0668592   9.0713124   9.0587471   9.0588649   9.0768492   9.0641388
   9.0725616   9.0604633   9.0754323   9.0760485   9.0620640   9.0766634
   9.0707204   9.0628620   9.0593903   9.0738193   9.0716353   9.0710902
   9.0692064   9.0725759   9.0552965   9.0700237   9.0702258   9.0596536
   9.0600647   9.0704927   9.0654963   9.0794149   9.0615484   9.0655595
   9.0643016   9.0715715   9.0806313   9.0694154   9.0733988   9.0723449
   9.0490136   9.0694113   9.0767502   9.0757092   9.0675270   9.0639415
   9.0750013   9.0626345   9.0695704   9.0707881   9.0650444   9.0501079
  20.4839162  20.4978275  20.4768200  20.4815824  20.4787301  20.4797098
  20.5073921  20.4744943  20.4797558  20.5057026  20.4919515  20.4866956
  20.4573680  20.4774403  20.4860980  20.4864539  20.4772071  20.5038875
  20.4949117  20.4861409  20.4768768  20.5265153  20.4751438  20.4882913
  20.4849966  20.4851714  20.4834391
 TTTTTTTTTTTTTTTTTTTTTTTTTTTTTT MOQGAD      TELAPSE     2702.59 TCPU     2699.74
 TTTTTTTTTTTTTTTTTTTTTTTTTTTTTT SHELLXN     TELAPSE     3101.47 TCPU     3098.53
 TTTTTTTTTTTTTTTTTTTTTTTTTTTTTT MONMO3      TELAPSE     3114.57 TCPU     3111.62
 NUMERICALLY INTEGRATED DENSITY   1511.9937826252
 TTTTTTTTTTTTTTTTTTTTTTTTTTTTTT NUMDFT      TELAPSE     3131.75 TCPU     3128.80
 CYC   6 ETOT(AU) -2.971864265808E+04 DETOT -5.57E-03 tst  2.78E-06 PX  4.12E-03
 TTTTTTTTTTTTTTTTTTTTTTTTTTTTTT DIIS        TELAPSE     3136.34 TCPU     3133.39
 DIIS TEST: 0.63139E-02 AT SCF   CYCLE   6 - DIIS ACTIVE - HISTORY:     6 CYCLES
 TTTTTTTTTTTTTTTTTTTTTTTTTTTTTT FDIK        TELAPSE     3146.15 TCPU     3143.19
 INSULATING STATE
 TOP OF VALENCE BANDS -    BAND    756; K    8; EIG -1.4554295E-01 AU
 TOP OF VALENCE BANDS -    BAND    756; K    1; EIG -1.5401210E-01 AU
 BOTTOM OF VIRTUAL BANDS - BAND    757; K    1; EIG -9.1555742E-03 AU
 INDIRECT ENERGY BAND GAP:   3.7113 eV
 TTTTTTTTTTTTTTTTTTTTTTTTTTTTTT PDIG        TELAPSE     3148.68 TCPU     3145.73
 CHARGE NORMALIZATION FACTOR   1.00000000
 TOTAL ATOMIC CHARGES:
   8.3366442   8.3344723   8.3370965   8.3400921   8.3340774   8.3381913
   8.3429109   8.3357702   8.3357349   8.3387213   8.3358234   8.3433103
   8.3412824   8.3381965   8.3423648   8.3395632   8.3332840   8.3415400
   8.3358404   8.3377425   8.3360644   8.3391421   8.3376316   8.3410187
   8.3363221   8.3366743   8.3389504   9.0313743   9.0378882   9.0370382
   9.0354614   9.0176135   9.0323602   9.0341513   9.0470328   9.0297021
   9.0456573   9.0380528   9.0349060   9.0278767   9.0464929   9.0290398
   9.0303174   9.0475648   9.0340977   9.0222501   9.0269226   9.0344677
   9.0393016   9.0171759   9.0360878   9.0290820   9.0298996   9.0372782
   9.0582071   9.0650496   9.0682005   9.0746661   9.0677700   9.0737486
   9.0660751   9.0685593   9.0584626   9.0589965   9.0751498   9.0633707
   9.0713996   9.0587508   9.0757810   9.0754517   9.0600093   9.0761557
   9.0694289   9.0617973   9.0572611   9.0740822   9.0703867   9.0691831
   9.0698934   9.0708535   9.0533431   9.0696129   9.0681699   9.0591948
   9.0600454   9.0681126   9.0639594   9.0778969   9.0606384   9.0650953
   9.0652951   9.0705763   9.0794851   9.0693093   9.0720944   9.0725587
   9.0486374   9.0677382   9.0765252   9.0743053   9.0650889   9.0621140
   9.0751883   9.0619438   9.0685189   9.0699968   9.0636116   9.0487312
  20.4825006  20.5122847  20.4871157  20.4842810  20.4952235  20.4852543
  20.5174877  20.4896599  20.4782266  20.5082113  20.5126440  20.4898145
  20.4659655  20.4912096  20.4864859  20.4857174  20.4961584  20.5062328
  20.4917052  20.5009303  20.4877903  20.5214658  20.4909931  20.5020963
  20.4891455  20.4917054  20.4956626
 TTTTTTTTTTTTTTTTTTTTTTTTTTTTTT MOQGAD      TELAPSE     3148.74 TCPU     3145.78
 TTTTTTTTTTTTTTTTTTTTTTTTTTTTTT SHELLXN     TELAPSE     3547.80 TCPU     3544.75
 TTTTTTTTTTTTTTTTTTTTTTTTTTTTTT MONMO3      TELAPSE     3560.55 TCPU     3557.50
 NUMERICALLY INTEGRATED DENSITY   1511.9937835000
 TTTTTTTTTTTTTTTTTTTTTTTTTTTTTT NUMDFT      TELAPSE     3577.85 TCPU     3574.80
 CYC   7 ETOT(AU) -2.971864355976E+04 DETOT -9.02E-04 tst  7.39E-07 PX  1.97E-03
 TTTTTTTTTTTTTTTTTTTTTTTTTTTTTT DIIS        TELAPSE     3582.49 TCPU     3579.43
 DIIS TEST: 0.59815E-03 AT SCF   CYCLE   7 - DIIS ACTIVE - HISTORY:     7 CYCLES
 TTTTTTTTTTTTTTTTTTTTTTTTTTTTTT FDIK        TELAPSE     3592.62 TCPU     3589.56
 INSULATING STATE
 TOP OF VALENCE BANDS -    BAND    756; K    8; EIG -1.4505021E-01 AU
 TOP OF VALENCE BANDS -    BAND    756; K    1; EIG -1.5356312E-01 AU
 BOTTOM OF VIRTUAL BANDS - BAND    757; K    1; EIG -8.7228606E-03 AU
 INDIRECT ENERGY BAND GAP:   3.7097 eV
 TTTTTTTTTTTTTTTTTTTTTTTTTTTTTT PDIG        TELAPSE     3595.16 TCPU     3592.10
 CHARGE NORMALIZATION FACTOR   1.00000000
 TOTAL ATOMIC CHARGES:
   8.3378539   8.3355130   8.3382213   8.3411943   8.3349338   8.3391760
   8.3442040   8.3367637   8.3367657   8.3398832   8.3368514   8.3444384
   8.3423670   8.3391195   8.3433861   8.3406583   8.3342206   8.3425534
   8.3370602   8.3388267   8.3372196   8.3402443   8.3385425   8.3420733
   8.3374604   8.3376498   8.3400142   9.0306678   9.0411643   9.0382255
   9.0341958   9.0207750   9.0341294   9.0323356   9.0482889   9.0300826
   9.0443169   9.0411292   9.0342473   9.0272162   9.0492088   9.0308907
   9.0293235   9.0495254   9.0345935   9.0199565   9.0315164   9.0360021
   9.0380006   9.0221541   9.0383542   9.0250554   9.0321243   9.0374936
   9.0579707   9.0656306   9.0685672   9.0732964   9.0675424   9.0731787
   9.0654737   9.0689684   9.0576954   9.0588151   9.0758336   9.0638222
   9.0706736   9.0583079   9.0747496   9.0753268   9.0585681   9.0753883
   9.0698146   9.0626492   9.0581978   9.0727461   9.0702404   9.0691650
   9.0692050   9.0715802   9.0523640   9.0692959   9.0687150   9.0586467
   9.0598777   9.0697192   9.0652047   9.0778984   9.0603663   9.0646468
   9.0637051   9.0696006   9.0786319   9.0685535   9.0722289   9.0712787
   9.0462014   9.0670811   9.0749069   9.0753254   9.0658301   9.0630939
   9.0746299   9.0619029   9.0690023   9.0696832   9.0637028   9.0485346
  20.4819479  20.5066946  20.4846143  20.4846329  20.4882731  20.4830922
  20.5210339  20.4885223  20.4785771  20.5108179  20.5081328  20.4917589
  20.4636736  20.4867778  20.4826603  20.4865005  20.4935815  20.5061031
  20.4932992  20.4948664  20.4853833  20.5226731  20.4823341  20.4981479
  20.4941380  20.4913501  20.4982102
 TTTTTTTTTTTTTTTTTTTTTTTTTTTTTT MOQGAD      TELAPSE     3595.21 TCPU     3592.15
 TTTTTTTTTTTTTTTTTTTTTTTTTTTTTT SHELLXN     TELAPSE     3994.35 TCPU     3991.19
 TTTTTTTTTTTTTTTTTTTTTTTTTTTTTT MONMO3      TELAPSE     4007.21 TCPU     4004.05
 NUMERICALLY INTEGRATED DENSITY   1511.9937796507
 TTTTTTTTTTTTTTTTTTTTTTTTTTTTTT NUMDFT      TELAPSE     4024.60 TCPU     4021.43
 CYC   8 ETOT(AU) -2.971864361775E+04 DETOT -5.80E-05 tst  9.41E-08 PX  1.31E-03
 TTTTTTTTTTTTTTTTTTTTTTTTTTTTTT DIIS        TELAPSE     4029.34 TCPU     4026.18
 DIIS TEST: 0.21929E-03 AT SCF   CYCLE   8 - DIIS ACTIVE - HISTORY:     8 CYCLES
 TTTTTTTTTTTTTTTTTTTTTTTTTTTTTT FDIK        TELAPSE     4039.10 TCPU     4035.93
 INSULATING STATE
 TOP OF VALENCE BANDS -    BAND    756; K    8; EIG -1.4497302E-01 AU
 TOP OF VALENCE BANDS -    BAND    756; K    1; EIG -1.5346112E-01 AU
 BOTTOM OF VIRTUAL BANDS - BAND    757; K    1; EIG -8.6006630E-03 AU
 INDIRECT ENERGY BAND GAP:   3.7109 eV
 TTTTTTTTTTTTTTTTTTTTTTTTTTTTTT PDIG        TELAPSE     4041.66 TCPU     4038.49
 CHARGE NORMALIZATION FACTOR   1.00000000
 TOTAL ATOMIC CHARGES:
   8.3379320   8.3356847   8.3383456   8.3413409   8.3351656   8.3393310
   8.3442976   8.3369611   8.3369071   8.3400039   8.3370393   8.3445873
   8.3424865   8.3393201   8.3435586   8.3407872   8.3344047   8.3427218
   8.3371713   8.3389865   8.3373345   8.3403675   8.3387606   8.3422226
   8.3375912   8.3378359   8.3401642   9.0309857   9.0403511   9.0386487
   9.0355786   9.0202286   9.0336138   9.0346373   9.0489009   9.0297160
   9.0453896   9.0411784   9.0353256   9.0282182   9.0489319   9.0296695
   9.0297935   9.0501499   9.0346406   9.0214901   9.0297714   9.0364923
   9.0389446   9.0201900   9.0384130   9.0285368   9.0313520   9.0386808
   9.0578577   9.0648447   9.0679568   9.0737006   9.0674867   9.0731213
   9.0656078   9.0688967   9.0576480   9.0583805   9.0752371   9.0631452
   9.0710360   9.0584051   9.0748351   9.0750789   9.0592954   9.0755390
   9.0694405   9.0617722   9.0575174   9.0730943   9.0702102   9.0690562
   9.0690945   9.0710180   9.0528550   9.0692085   9.0682963   9.0584693
   9.0594592   9.0687693   9.0642633   9.0778189   9.0601880   9.0645216
   9.0640165   9.0698277   9.0789457   9.0686080   9.0719728   9.0714848
   9.0473687   9.0674485   9.0754940   9.0746196   9.0653022   9.0623558
   9.0744757   9.0615007   9.0683590   9.0695624   9.0635400   9.0483846
  20.4825226  20.5085523  20.4847335  20.4836860  20.4905569  20.4838453
  20.5166461  20.4870567  20.4791451  20.5086498  20.5084350  20.4899630
  20.4634384  20.4876114  20.4856096  20.4862304  20.4924879  20.5061529
  20.4923607  20.4972195  20.4852843  20.5223852  20.4859586  20.4985121
  20.4895878  20.4913686  20.4944705
 TTTTTTTTTTTTTTTTTTTTTTTTTTTTTT MOQGAD      TELAPSE     4041.72 TCPU     4038.55
 TTTTTTTTTTTTTTTTTTTTTTTTTTTTTT SHELLXN     TELAPSE     4440.52 TCPU     4437.26
 TTTTTTTTTTTTTTTTTTTTTTTTTTTTTT MONMO3      TELAPSE     4453.45 TCPU     4450.19
 NUMERICALLY INTEGRATED DENSITY   1511.9937792983
 TTTTTTTTTTTTTTTTTTTTTTTTTTTTTT NUMDFT      TELAPSE     4471.26 TCPU     4467.59
 CYC   9 ETOT(AU) -2.971864364501E+04 DETOT -2.73E-05 tst  2.94E-08 PX  3.97E-04
 TTTTTTTTTTTTTTTTTTTTTTTTTTTTTT DIIS        TELAPSE     4476.13 TCPU     4472.42
 DIIS TEST: 0.20683E-04 AT SCF   CYCLE   9 - DIIS ACTIVE - HISTORY:     9 CYCLES
 TTTTTTTTTTTTTTTTTTTTTTTTTTTTTT FDIK        TELAPSE     4485.65 TCPU     4481.89
 INSULATING STATE
 TOP OF VALENCE BANDS -    BAND    756; K    8; EIG -1.4497787E-01 AU
 TOP OF VALENCE BANDS -    BAND    756; K    1; EIG -1.5348205E-01 AU
 BOTTOM OF VIRTUAL BANDS - BAND    757; K    1; EIG -8.6630120E-03 AU
 INDIRECT ENERGY BAND GAP:   3.7093 eV
 TTTTTTTTTTTTTTTTTTTTTTTTTTTTTT PDIG        TELAPSE     4488.27 TCPU     4484.51
 CHARGE NORMALIZATION FACTOR   1.00000000
 TOTAL ATOMIC CHARGES:
   8.3379262   8.3356643   8.3383331   8.3413280   8.3351361   8.3393007
   8.3442941   8.3369488   8.3368837   8.3399927   8.3370356   8.3445523
   8.3424642   8.3392969   8.3435148   8.3407764   8.3343986   8.3426740
   8.3371749   8.3389545   8.3373221   8.3403516   8.3387356   8.3421835
   8.3375924   8.3378092   8.3401340   9.0307711   9.0403523   9.0383704
   9.0349985   9.0203614   9.0335516   9.0337705   9.0486927   9.0301078
   9.0449467   9.0411490   9.0352335   9.0277785   9.0486228   9.0299975
   9.0295982   9.0498688   9.0346932   9.0210440   9.0299774   9.0361046
   9.0383026   9.0203906   9.0380408   9.0277715   9.0316699   9.0382801
   9.0577035   9.0648353   9.0678987   9.0736910   9.0673605   9.0730657
   9.0654387   9.0685851   9.0576488   9.0583121   9.0751351   9.0630438
   9.0708407   9.0582815   9.0748533   9.0749806   9.0592267   9.0755023
   9.0692186   9.0616747   9.0573471   9.0730476   9.0700369   9.0689164
   9.0690135   9.0708454   9.0526911   9.0690708   9.0681565   9.0584804
   9.0593506   9.0684925   9.0640775   9.0775781   9.0600632   9.0645104
   9.0640829   9.0698728   9.0788342   9.0685606   9.0717891   9.0715419
   9.0472758   9.0672589   9.0754900   9.0743041   9.0651649   9.0621410
   9.0744556   9.0614503   9.0682998   9.0694432   9.0633643   9.0482600
  20.4826023  20.5087231  20.4853723  20.4846181  20.4908799  20.4839736
  20.5183781  20.4875266  20.4785581  20.5091053  20.5089570  20.4903984
  20.4645051  20.4880802  20.4851256  20.4861749  20.4933686  20.5060661
  20.4931362  20.4970025  20.4859913  20.5229037  20.4859829  20.4993989
  20.4911838  20.4905651  20.4956340
 TTTTTTTTTTTTTTTTTTTTTTTTTTTTTT MOQGAD      TELAPSE     4488.33 TCPU     4484.56
 TTTTTTTTTTTTTTTTTTTTTTTTTTTTTT SHELLXN     TELAPSE     4885.66 TCPU     4881.61
 TTTTTTTTTTTTTTTTTTTTTTTTTTTTTT MONMO3      TELAPSE     4898.31 TCPU     4894.26
 NUMERICALLY INTEGRATED DENSITY   1511.9937795444
 TTTTTTTTTTTTTTTTTTTTTTTTTTTTTT NUMDFT      TELAPSE     4915.82 TCPU     4911.77
 CYC  10 ETOT(AU) -2.971864364752E+04 DETOT -2.51E-06 tst  3.38E-09 PX  2.71E-04
 TTTTTTTTTTTTTTTTTTTTTTTTTTTTTT DIIS        TELAPSE     4920.82 TCPU     4916.76
 DIIS TEST: 0.49625E-05 AT SCF   CYCLE  10 - DIIS ACTIVE - HISTORY:    10 CYCLES
 TTTTTTTTTTTTTTTTTTTTTTTTTTTTTT FDIK        TELAPSE     4930.27 TCPU     4926.21
 INSULATING STATE
 TOP OF VALENCE BANDS -    BAND    756; K    8; EIG -1.4497890E-01 AU
 TOP OF VALENCE BANDS -    BAND    756; K    1; EIG -1.5347331E-01 AU
 BOTTOM OF VIRTUAL BANDS - BAND    757; K    1; EIG -8.6782488E-03 AU
 INDIRECT ENERGY BAND GAP:   3.7089 eV
 TTTTTTTTTTTTTTTTTTTTTTTTTTTTTT PDIG        TELAPSE     4932.93 TCPU     4928.87
 CHARGE NORMALIZATION FACTOR   1.00000000
 TOTAL ATOMIC CHARGES:
   8.3379120   8.3356611   8.3383283   8.3413125   8.3351295   8.3392887
   8.3442719   8.3369415   8.3368807   8.3399849   8.3370240   8.3445471
   8.3424529   8.3392832   8.3435074   8.3407620   8.3343854   8.3426745
   8.3371647   8.3389504   8.3373169   8.3403370   8.3387274   8.3421763
   8.3375775   8.3378056   8.3401318   9.0307675   9.0402900   9.0383679
   9.0351538   9.0202140   9.0334665   9.0340215   9.0485856   9.0296795
   9.0449521   9.0410259   9.0350248   9.0279027   9.0487172   9.0297362
   9.0295266   9.0498585   9.0344750   9.0210974   9.0298513   9.0361468
   9.0385237   9.0203212   9.0381289   9.0278603   9.0312822   9.0382151
   9.0577335   9.0648683   9.0679159   9.0735686   9.0673353   9.0730043
   9.0654423   9.0686674   9.0575541   9.0583131   9.0752010   9.0630944
   9.0707766   9.0582509   9.0747310   9.0749610   9.0591041   9.0753974
   9.0693247   9.0617241   9.0574515   9.0729543   9.0700168   9.0689346
   9.0689964   9.0709124   9.0526402   9.0690615   9.0682046   9.0584140
   9.0594024   9.0686904   9.0642032   9.0776481   9.0600599   9.0644341
   9.0638971   9.0697213   9.0787692   9.0684971   9.0718160   9.0713916
   9.0470969   9.0671977   9.0753246   9.0744728   9.0652387   9.0622710
   9.0744099   9.0614464   9.0683205   9.0694530   9.0633554   9.0482563
  20.4827918  20.5087135  20.4852429  20.4843838  20.4907806  20.4841240
  20.5179701  20.4878027  20.4793148  20.5093811  20.5089857  20.4907007
  20.4640840  20.4879846  20.4854862  20.4865789  20.4932666  20.5065032
  20.4930419  20.4972273  20.4858753  20.5228602  20.4858885  20.4990858
  20.4909848  20.4915639  20.4957219
 TTTTTTTTTTTTTTTTTTTTTTTTTTTTTT MOQGAD      TELAPSE     4932.98 TCPU     4928.92
 TTTTTTTTTTTTTTTTTTTTTTTTTTTTTT SHELLXN     TELAPSE     5330.18 TCPU     5326.04
 TTTTTTTTTTTTTTTTTTTTTTTTTTTTTT MONMO3      TELAPSE     5343.06 TCPU     5338.91
 NUMERICALLY INTEGRATED DENSITY   1511.9937795697
 TTTTTTTTTTTTTTTTTTTTTTTTTTTTTT NUMDFT      TELAPSE     5360.16 TCPU     5356.01
 CYC  11 ETOT(AU) -2.971864364796E+04 DETOT -4.45E-07 tst  3.33E-10 PX  1.33E-04
 TTTTTTTTTTTTTTTTTTTTTTTTTTTTTT DIIS        TELAPSE     5365.49 TCPU     5361.34
 DIIS TEST: 0.54969E-06 AT SCF   CYCLE  11 - DIIS ACTIVE - HISTORY:    11 CYCLES
 TTTTTTTTTTTTTTTTTTTTTTTTTTTTTT FDIK        TELAPSE     5375.35 TCPU     5371.19
 INSULATING STATE
 TOP OF VALENCE BANDS -    BAND    756; K    8; EIG -1.4498432E-01 AU
 TOP OF VALENCE BANDS -    BAND    756; K    1; EIG -1.5348119E-01 AU
 BOTTOM OF VIRTUAL BANDS - BAND    757; K    1; EIG -8.6786192E-03 AU
 INDIRECT ENERGY BAND GAP:   3.7091 eV
 TTTTTTTTTTTTTTTTTTTTTTTTTTTTTT PDIG        TELAPSE     5378.01 TCPU     5373.85
 CHARGE NORMALIZATION FACTOR   1.00000000
 TOTAL ATOMIC CHARGES:
   8.3379120   8.3356560   8.3383241   8.3413155   8.3351315   8.3392951
   8.3442710   8.3369356   8.3368806   8.3399844   8.3370178   8.3445454
   8.3424592   8.3392858   8.3435116   8.3407658   8.3343839   8.3426776
   8.3371581   8.3389468   8.3373111   8.3403412   8.3387279   8.3421801
   8.3375752   8.3378043   8.3401318   9.0307590   9.0402924   9.0383749
   9.0350972   9.0201870   9.0335270   9.0339356   9.0486369   9.0298074
   9.0450138   9.0410064   9.0350852   9.0278186   9.0487063   9.0298094
   9.0295630   9.0498355   9.0345533   9.0210620   9.0298776   9.0361723
   9.0385038   9.0203144   9.0381362   9.0277791   9.0314408   9.0383045
   9.0577134   9.0648144   9.0679011   9.0735661   9.0673560   9.0730171
   9.0654365   9.0686977   9.0575625   9.0583008   9.0751641   9.0630811
   9.0708380   9.0582586   9.0747488   9.0749726   9.0591061   9.0754225
   9.0693046   9.0617233   9.0574214   9.0729562   9.0700610   9.0689221
   9.0689861   9.0709106   9.0526578   9.0690732   9.0681885   9.0583996
   9.0593610   9.0686646   9.0641942   9.0776420   9.0600675   9.0644455
   9.0639203   9.0697305   9.0787805   9.0684966   9.0718388   9.0713961
   9.0471276   9.0672532   9.0753488   9.0744818   9.0652069   9.0622550
   9.0743920   9.0614256   9.0683051   9.0694383   9.0633993   9.0482626
  20.4828054  20.5087820  20.4852918  20.4844582  20.4907831  20.4841268
  20.5180875  20.4876791  20.4791317  20.5093307  20.5089451  20.4905747
  20.4642098  20.4880432  20.4854307  20.4865466  20.4932670  20.5063955
  20.4930355  20.4972385  20.4858795  20.5229206  20.4859569  20.4991384
  20.4909343  20.4913214  20.4955619
 TTTTTTTTTTTTTTTTTTTTTTTTTTTTTT MOQGAD      TELAPSE     5378.07 TCPU     5373.90
 TTTTTTTTTTTTTTTTTTTTTTTTTTTTTT SHELLXN     TELAPSE     5775.23 TCPU     5771.04
 +++ ENERGIES IN A.U. +++
 ::: EXT EL-POLE                                  -3.9296117002439E+04
 ::: EXT EL-SPHEROPOLE                             3.7451370933861E+02
 ::: BIELET ZONE E-E                               4.6927380908210E+04
 ::: TOTAL E-E                                     8.0057776151090E+03
 ::: TOTAL E-N + N-E                              -5.9843285802364E+04
 ::: TOTAL N-N                                    -5.5972045589102E+03
 ::: KINETIC ENERGY                                2.9177462978797E+04
 ::: PSEUDO TOTAL   ENERGY                        -2.8257249767368E+04
 ::: VIRIAL COEFFICIENT                            1.0160218997785E+00
 TTTTTTTTTTTTTTTTTTTTTTTTTTTTTT MONMO3      TELAPSE     5788.17 TCPU     5783.97
 NUMERICALLY INTEGRATED DENSITY   1511.9937795581
 EXCHANGE ENERGY: -0.140340064847E+04  CORRELATION ENERGY: -0.579932317876E+02
 TTTTTTTTTTTTTTTTTTTTTTTTTTTTTT NUMDFT      TELAPSE     5805.27 TCPU     5801.06
 CYC  12 ETOT(AU) -2.971864364763E+04 DETOT  3.35E-07 tst  2.02E-11 PX  1.33E-04

 == SCF ENDED - CONVERGENCE ON ENERGY      E(AU) -2.9718643647629E+04 CYCLES  12


 ENERGY EXPRESSION=HARTREE+FOCK EXCH*0.25000+(PBE        EXCH)*0.75000+PBE        CORR


 TOTAL ENERGY(DFT)(AU)( 12) -2.9718643647629E+04 DE 3.3E-07 tester 2.0E-11
 TTTTTTTTTTTTTTTTTTTTTTTTTTTTTT EDFT        TELAPSE     5805.30 TCPU     5801.08

 *******************************************************************************
 *                             FORCE CALCULATION                               *
 *******************************************************************************

 TTTTTTTTTTTTTTTTTTTTTTTTTTTTTT NUMDFG      TELAPSE     5936.65 TCPU     5932.40
 INFORMATION **** EXCPOG **** EXCH. BIPO BUFFER LENGTH (WORDS) =    90688896
 INFORMATION **** GENPOG **** BIPO BUFFER LENGTH (WORDS) =    12708400
 TTTTTTTTTTTTTTTTTTTTTTTTTTTTTT SHELXG      TELAPSE     7679.52 TCPU     7675.07

 CARTESIAN FORCES IN HARTREE/BOHR (ANALYTICAL)
   ATOM                     X                   Y                   Z
   1 256             1.390803980655E-04  1.179178873244E-02 -4.625296459433E-04
   2 256             3.053659644436E-03 -8.942014016078E-03  6.578431391105E-03
   3 256            -3.965975847174E-03 -7.500008982461E-03 -1.262665982756E-03
   4 256             3.114297528816E-03  6.260289090390E-05  6.065024640346E-03
   5 256             9.546905797855E-04  3.008876198610E-03  2.557297003421E-03
   6 256            -1.223838086706E-05 -1.650811081222E-03  5.969557791271E-03
   7 256             2.248465144303E-03 -5.035186342552E-03 -6.200656939970E-03
   8 256             5.023886910276E-03 -1.948989832460E-03 -7.797228820815E-05
   9 256            -2.493137051257E-03  2.069152128737E-03  6.639931068589E-03
  10 256             6.207673801159E-03 -3.130852185688E-03  1.381524233117E-02
  11 256            -2.300380017868E-03 -5.376274352390E-03 -1.389036045501E-02
  12 256            -8.016911689179E-03 -1.086089011219E-03  4.481745911586E-03
  13 256             6.005495714243E-04  7.840860040373E-03  2.692913867152E-04
  14 256             3.675492181068E-03  6.689369700555E-04  4.141845669435E-04
  15 256            -4.269242327373E-04  9.448451193769E-04 -8.625024091744E-03
  16 256            -8.881203575173E-05 -3.838623812951E-03  4.918293488447E-03
  17 256             4.663395063657E-05  1.056306312281E-02 -1.438618306333E-03
  18 256            -8.594266981072E-03 -4.936594751767E-03 -1.017095671928E-04
  19 256            -3.678070424067E-03 -7.630952296460E-03 -3.765845482528E-03
  20 256            -3.928438619060E-03 -5.930606802218E-03 -1.377767013853E-03
  21 256             1.097917191498E-02 -1.952995083631E-03  8.170382015705E-03
  22 256            -8.870953664905E-03  6.547216884460E-03 -1.438147779371E-04
  23 256             1.353856720994E-03  4.515476233291E-03  7.182922886518E-03
  24 256             2.072039245451E-03 -4.351176970145E-03 -2.436481771892E-03
  25 256             1.705407963024E-03  4.267363765939E-03 -6.800102750526E-03
  26 256            -5.393479389556E-04 -5.210793557351E-03  7.267923118314E-03
  27 256             7.540220697442E-03  5.117965838858E-03  2.500888753686E-03
  28   8            -2.084405018494E-03  1.230250051751E-03  1.321902532264E-02
  29   8             7.953032744805E-05 -3.266839213732E-03  7.377547521562E-03
  30   8             2.917966466900E-03  7.765609093752E-03 -7.701411974908E-03
  31   8             8.499117691676E-03 -2.150776727886E-03 -1.015460624906E-03
  32   8             2.001103581708E-03 -4.241642495564E-03  1.917451182341E-02
  33   8             2.785434646531E-03 -2.692373531455E-03  8.929240431509E-03
  34   8            -2.860608919034E-03  4.933668435214E-05 -2.206518680812E-02
  35   8             6.162278453902E-03  7.003552958439E-04 -1.487933997038E-03
  36   8             1.519241702896E-04 -2.746341577119E-03  2.889712269528E-02
  37   8            -6.025986935783E-03 -2.554345348319E-03  2.766139885192E-03
  38   8             9.685144186006E-04  5.226489451516E-03 -1.026937528481E-02
  39   8            -6.566651839682E-03  3.352255559414E-03  4.302933867327E-03
  40   8             2.098845359054E-03  1.481052801591E-04  1.051424534231E-02
  41   8            -6.764034651080E-03  1.175045748205E-03  2.328457709222E-02
  42   8            -1.919085880744E-03  2.225245109171E-03  8.617287002819E-04
  43   8             7.258048514928E-03 -2.295617949029E-03  4.133289884947E-03
  44   8            -4.114562755717E-03 -2.480827791244E-03  3.410802680171E-03
  45   8            -5.948433213297E-04  1.614936418488E-03 -1.124727629269E-02
  46   8            -4.059974021292E-03  2.914617411983E-03  5.862019967478E-03
  47   8            -8.101784765680E-04  8.278929408805E-03  6.305473099985E-03
  48   8             4.797330046600E-03  4.061820692881E-03  6.489093418221E-03
  49   8            -4.968224281356E-03 -6.910221467844E-03 -1.739013317839E-02
  50   8            -1.200312568047E-03  5.024530196005E-04  2.817400683651E-02
  51   8             2.683818167534E-03 -3.317482873924E-03  6.511534214910E-03
  52   8            -5.666557080183E-04  7.490074487946E-03 -8.859753172808E-03
  53   8            -3.917988130426E-03  2.019103273973E-03  1.015467645914E-02
  54   8             7.665827092204E-03 -2.634625595479E-03 -3.108657489499E-03
  55   8            -6.246456470930E-03 -1.233569200413E-02  1.970504174899E-04
  56   8             6.637188403805E-03  1.109063027822E-02  6.833453788887E-03
  57   8             5.075904798308E-03 -3.271249899684E-03 -7.479874523612E-03
  58   8            -3.251506307039E-03  3.904091364334E-04 -2.025797502273E-03
  59   8             3.481494018420E-03 -4.477979954117E-03  4.301708484711E-03
  60   8             6.311726114428E-03 -1.539289622834E-03 -6.343950870364E-03
  61   8            -3.266108768931E-04  7.975633483514E-03 -1.065665467923E-02
  62   8            -9.390130254109E-04 -6.262685767592E-03 -9.749935307151E-04
  63   8            -2.788399849653E-03  4.840393771866E-03  1.934260976996E-03
  64   8             4.048767523060E-03  6.474052437962E-03 -1.688756468452E-04
  65   8            -5.819584231399E-03  1.154241576556E-02  2.371369690878E-03
  66   8             1.837043026719E-03 -3.487083210078E-03  1.773367778827E-03
  67   8             2.683791512153E-03 -5.905341275539E-03 -5.143850749959E-03
  68   8            -5.499427835811E-03 -1.126667354031E-02  2.310362171659E-03
  69   8            -3.329546542936E-03 -1.576345121926E-02 -6.315308904715E-03
  70   8            -3.506764959381E-03  3.093231947892E-03  1.005574396879E-03
  71   8             3.129259494768E-03  3.560185513940E-03  4.390285647678E-03
  72   8            -7.124836971489E-03  3.971620011432E-03 -6.229621632864E-03
  73   8            -6.666325903264E-03 -4.717344458324E-03 -1.505142775787E-03
  74   8             2.695699329517E-03  1.954717990024E-03  1.440528289011E-03
  75   8             1.763605089227E-03 -6.093055408690E-03 -4.289692043925E-03
  76   8             3.495499193887E-05 -7.124430969976E-03 -6.332841675303E-04
  77   8            -7.087358894633E-03 -1.029489896996E-02  3.048519036883E-03
  78   8            -3.264166411071E-04 -4.807413179721E-03 -1.553265739462E-03
  79   8            -3.290646134545E-04  3.560834840275E-03 -9.920954535539E-03
  80   8            -5.197133764126E-04  5.297192466109E-03  5.235023550645E-03
  81   8             1.846973087139E-03  2.400640690802E-03  4.217643342759E-03
  82   8            -4.858005724501E-03  5.162553973523E-03 -8.730294082437E-03
  83   8             4.088684734362E-03  6.302203589057E-03  5.539256542753E-03
  84   8            -6.510049344471E-03 -2.934291652689E-04 -4.503800157161E-03
  85   8            -5.760467004994E-03  2.232277697272E-03 -7.544789458380E-03
  86   8             1.743022890777E-03  7.270378183283E-03  6.273838433677E-03
  87   8            -9.156737010320E-03 -2.157162335792E-04  1.497585296555E-03
  88   8            -1.829404113146E-05 -5.203068942260E-03 -9.148083012214E-04
  89   8             1.818496751006E-03 -3.814357462422E-03  2.534595983281E-03
  90   8            -1.114777892282E-02  3.634783305750E-03  1.952409122537E-03
  91   8             1.025310108641E-02  3.218352932041E-03 -1.276316452226E-04
  92   8             6.797241889502E-03 -4.258460067663E-03  1.867747003412E-03
  93   8            -2.863351545000E-03  5.354411164491E-03  4.361011332444E-03
  94   8            -1.296534004253E-02  9.568605352486E-04 -6.974676421270E-03
  95   8            -5.288169532436E-03 -5.500160923875E-03  1.099875545465E-03
  96   8             3.652103159440E-03 -3.149244727688E-03 -1.038012918846E-02
  97   8            -1.232611270217E-02 -2.875898856724E-03 -9.039917421187E-03
  98   8             9.740159999289E-03  7.947206348941E-03  6.933953038289E-03
  99   8             1.546173530679E-03  4.479246966981E-03 -4.592073182954E-03
 100   8             5.058474816363E-03  1.901873740217E-03 -3.872768638115E-03
 101   8            -9.432125256917E-03  6.776172390292E-03  3.085941115678E-03
 102   8            -9.253259524750E-05  7.161584751579E-03 -4.237446794517E-03
 103   8             1.326485833801E-02 -1.791926286143E-03 -3.132925194314E-03
 104   8             9.285105900544E-03 -7.785301337966E-04  2.250282985176E-03
 105   8             1.166167133927E-02  2.367687616101E-03 -2.804376837263E-03
 106   8             1.374523155433E-02  2.959089434847E-03  1.955542266775E-03
 107   8            -1.248010597675E-02 -5.003988929502E-03  5.006610439207E-04
 108   8             1.065033535514E-03  5.124959681105E-03 -5.403884219570E-03
 109  22             1.553124587564E-02 -1.565619818102E-02 -7.763526349734E-03
 110  22             4.730553202982E-04 -2.318009607643E-03 -1.976122350899E-02
 111  22            -1.800365620883E-02 -3.002827371545E-04  1.417311587547E-02
 112  22            -2.007331293120E-02  4.940179072475E-04  1.009684702882E-02
 113  22             9.247810410709E-04 -5.079560308098E-03 -2.177689721871E-02
 114  22            -2.940785671644E-04  2.063577093140E-02  3.294231684765E-03
 115  22             2.286112347018E-02  1.156029439136E-02  3.429965676514E-02
 116  22            -1.487630794509E-02  8.047540171106E-03 -5.678923609419E-03
 117  22            -8.903573964885E-04 -1.753612296838E-02 -3.128967247980E-02
 118  22            -6.118850168296E-03 -1.477319040371E-02  6.509446406737E-03
 119  22            -8.968438389487E-04  1.598514992709E-02 -4.223803191505E-03
 120  22             7.529930582883E-03 -1.601901781652E-02 -7.508678113031E-03
 121  22             7.513100474232E-03  7.348545643516E-04 -6.069263010628E-03
 122  22             1.001026490289E-02  2.914685493893E-03 -1.952828097953E-02
 123  22             7.419306275837E-03 -2.760919659529E-03  2.205095680635E-02
 124  22            -1.664333528168E-02  1.756451986919E-02  1.935543964863E-03
 125  22             2.311522503920E-03 -2.115069310062E-02 -2.251117862405E-02
 126  22             1.439374398945E-02  1.131189782392E-02  1.473457221825E-02
 127  22            -2.681099532165E-03  5.691952385849E-03 -2.086096191575E-03
 128  22             3.389426854015E-03 -1.251926202163E-02 -1.026518370937E-02
 129  22             5.470827377962E-03 -3.723463738595E-03 -8.331146991682E-03
 130  22             8.591399128751E-03  1.906934287048E-03  2.372359589926E-02
 131  22            -7.722712004761E-03  2.338215086025E-03 -4.111876017462E-02
 132  22            -4.052406156083E-03  1.396201051934E-02 -1.064649434041E-02
 133  22            -5.788528664365E-03 -9.737334885346E-03  8.431313240326E-03
 134  22             1.623135252797E-02  1.159136638904E-02 -2.369357494372E-03
 135  22            -1.863115814647E-02 -1.427509501247E-02  7.977999739173E-04

 RESULTANT FORCE    -1.790609327479E-12  5.271609537782E-12  1.472336141894E-11

 SYMMETRY ALLOWED FORCES (ANALYTICAL) (DIRECTION, FORCE)

    1  1.3959839E-04    2  1.1835706E-02    3 -4.6425230E-04    4  3.0661599E-03
    5 -8.8872390E-03    6  6.5996514E-03    7 -3.9568738E-03    8 -7.5068566E-03
    9 -1.2212817E-03   10  3.1202814E-03   11  2.7478125E-05   12  6.1250366E-03
   13  9.7629473E-04   14  2.9852721E-03   15  2.6507794E-03   16  1.3164290E-05
   17 -1.6693885E-03   18  6.0967101E-03   19  2.2827840E-03   20 -5.0799498E-03
   21 -6.0735061E-03   22  5.0870156E-03   23 -2.0214701E-03   24  2.5600239E-05
   25 -2.4195647E-03   26  1.9966051E-03   27  6.7703116E-03   28  6.2967004E-03
   29 -3.2082483E-03   30  1.4028215E-02   31 -2.1950145E-03   32 -5.4884759E-03
   33 -1.3676202E-02   34 -7.9525107E-03   35 -1.2253279E-03   36  4.6596964E-03
   37  6.3527638E-04   38  7.7281295E-03   39  4.6805194E-04   40  3.7281279E-03
   41  5.9023845E-04   42  6.1739497E-04   43 -3.6040708E-04   44  8.7219216E-04
   45 -8.4542752E-03   46 -2.3893228E-05   47 -3.9240345E-03   48  5.0750797E-03
   49  1.1192384E-04   50  1.0505433E-02   51 -1.2658829E-03   52 -8.5648729E-03
   53 -4.9709123E-03   54  6.5953303E-05   55 -3.7010509E-03   56 -7.7195281E-03
   57 -3.6133763E-03   58 -3.9845496E-03   59 -6.0786428E-03   60 -1.2462226E-03
   61  1.0953502E-02   62 -2.1367131E-03   63  8.3328286E-03   64 -8.8877538E-03
   65  6.3822016E-03   66  5.5342802E-05   67  1.3035978E-03   68  4.3981426E-03
   69  7.4152084E-03   70  2.0366998E-03   71 -4.4689149E-03   72 -2.1809243E-03
   73  1.6868378E-03   74  4.1482689E-03   75 -6.5840724E-03   76 -5.5278637E-04
   77 -5.3353824E-03   78  7.4882086E-03   79  7.5590066E-03   80  4.9919101E-03
   81  2.7681727E-03   82 -2.0401716E-03   83  1.1325070E-03   84  1.3562029E-02
   85  1.1479009E-04   86 -3.3751111E-03   87  7.8204071E-03   88  2.9677986E-03
   89  7.6777559E-03   90 -7.2560581E-03   91  8.6041188E-03   92 -2.2127177E-03
   93 -6.0747717E-04   94  2.1577706E-03   95 -4.3350882E-03   96  1.9674399E-02
   97  2.9669890E-03   98 -2.8205379E-03   99  9.5709777E-03  100 -2.6777043E-03
  101 -9.3077505E-05  102 -2.1482212E-02  103  6.3635408E-03  104  5.6026193E-04
  105 -1.0160872E-03  106  3.8686422E-04  107 -2.8981678E-03  108  2.9511832E-02
  109 -5.8185592E-03  110 -2.7346183E-03  111  3.5474860E-03  112  1.1522248E-03
  113  5.0581729E-03  114 -9.5186648E-03  115 -6.4101450E-03  116  3.2266204E-03
  117  5.0307035E-03  118  2.2337169E-03  119  3.9437849E-05  120  1.1327299E-02
  121 -6.6525435E-03  122  1.0722437E-03  123  2.4285248E-02  124 -1.8527685E-03
  125  2.1395423E-03  126  2.0019114E-03  127  7.3540763E-03  128 -2.3826934E-03
  129  5.3128477E-03  130 -4.0004763E-03  131 -2.5949592E-03  132  4.6444672E-03
  133 -5.0546236E-04  134  1.4948219E-03  135 -1.0043499E-02  136 -3.9956535E-03
  137  2.8184866E-03  138  7.0494272E-03  139 -7.7259544E-04  140  8.2450398E-03
  141  7.5750499E-03  142  4.8582181E-03  143  4.0979962E-03  144  7.8462973E-03
  145 -4.9077824E-03  146 -6.8902753E-03  147 -1.6080649E-02  148 -1.1751742E-03
  149  4.8528489E-04  150  2.9562647E-02  151  2.7181001E-03  152 -3.3515782E-03
  153  8.1214789E-03  154 -5.1934305E-04  155  7.4807499E-03  156 -7.2448626E-03
  157 -3.8973438E-03  158  2.0671992E-03  159  1.1797338E-02  160  7.7099352E-03
  161 -2.5898029E-03  162 -1.4028596E-03  163 -6.1932509E-03  164 -1.2383485E-02
  165  1.9060173E-03  166  6.6937740E-03  167  1.1034865E-02  168  8.6082671E-03
  169  5.2077885E-03  170 -3.2782078E-03  171 -5.6868572E-03  172 -3.1063222E-03
  173  3.6485033E-04  174 -2.7086019E-04  175  3.6302222E-03  176 -4.5306935E-03
  177  6.0945973E-03  178  6.5273445E-03  179 -1.6324885E-03  180 -4.5410715E-03
  181 -6.8076290E-05  182  7.9245953E-03  183 -8.9437741E-03  184 -6.8558496E-04
  185 -6.3030924E-03  186  6.8228465E-04  187 -2.5572273E-03  188  4.7898826E-03
  189  3.6210839E-03  190  4.2921537E-03  191  6.5020003E-03  192  1.5538352E-03
  193 -5.5855517E-03  194  1.1698669E-02  195  4.1342022E-03  196  2.0459870E-03
  197 -3.2710124E-03  198  3.5913705E-03  199  2.9288089E-03  200 -5.7547414E-03
  201 -3.3240928E-03  202 -5.2718610E-03  203 -1.1241195E-02  204  4.1362941E-03
  205 -3.1648835E-03  206 -1.5940962E-02  207 -4.4922739E-03  208 -3.3917816E-03
  209  2.8168318E-03  210  2.8161206E-03  211  3.2432970E-03  212  3.3310937E-03
  213  6.2708358E-03  214 -7.0407821E-03  215  3.7982421E-03  216 -4.3342652E-03
  217 -6.6912479E-03  218 -4.8997386E-03  219  3.5880921E-04  220  2.6383954E-03
  221  1.7471148E-03  222  3.3343616E-03  223  1.7421786E-03  224 -6.3385664E-03
  225 -2.3882960E-03  226  2.8222873E-05  227 -7.4851837E-03  228  1.2588259E-03
  229 -7.1547454E-03  230 -1.0810828E-02  231  4.9937531E-03  232 -4.5919418E-04
  233 -5.4634438E-03  234  4.3863169E-04  235 -4.6999365E-04  236  2.8824845E-03
  237 -7.9956740E-03  238 -6.7083681E-04  239  4.6864969E-03  240  7.1533872E-03
  241  1.7053529E-03  242  1.8492462E-03  243  6.2578958E-03  244 -5.0307063E-03
  245  4.6716619E-03  246 -6.6946410E-03  247  3.9057688E-03  248  5.9112095E-03
  249  7.5839350E-03  250 -6.7205228E-03  251 -6.3398093E-04  252 -2.4098304E-03
  253 -6.0965743E-03  254  1.9043027E-03  255 -5.5288031E-03  256  1.3599196E-03
  257  7.0320273E-03  258  8.3184147E-03  259 -9.6247517E-03  260 -3.8663974E-04
  261  3.6641972E-03  262 -5.9225152E-04  263 -5.4349108E-03  264  1.3034243E-03
  265  1.2516590E-03  266 -4.1480790E-03  267  4.8181544E-03  268 -1.1830383E-02
  269  3.2921978E-03  270  4.3354405E-03  271  9.5464385E-03  272  2.9450530E-03
  273  2.3293335E-03  274  6.2701129E-03  275 -4.5504888E-03  276  4.4013358E-03
  277 -3.3572588E-03  278  5.0690632E-03  279  7.0276822E-03  280 -1.3662610E-02
  281  7.4037064E-04  282 -4.2760468E-03  283 -6.2274660E-03  284 -5.7785818E-03
  285  3.7932167E-03  286  2.6690178E-03  287 -3.5440328E-03  288 -7.7369900E-03
  289 -1.3448736E-02  290 -3.3591818E-03  291 -6.5802526E-03  292  8.5550459E-03
  293  7.5196126E-03  294  9.4325376E-03  295  4.8246176E-04  296  4.2098720E-03
  297 -1.9940023E-03  298  4.0581785E-03  299  1.7145496E-03  300 -1.3206744E-03
  301 -1.0526322E-02  302  6.7097170E-03  303  5.7013394E-03  304 -1.3605636E-03
  305  7.3012594E-03  306 -1.5619542E-03  307  1.2162058E-02  308 -1.5663675E-03
  309 -4.8837858E-04  310  8.5048181E-03  311 -5.8649425E-04  312  4.9654585E-03
  313  1.1199589E-02  314  2.5924962E-03  315 -9.9101214E-06  316  1.3698522E-02
  317  3.2819143E-03  318  4.8310450E-03  319 -1.2510221E-02  320 -4.7069247E-03
  321  3.5199733E-03  322  8.2840865E-04  323  5.4366751E-03  324 -2.3648807E-03
  325  1.5601464E-02  326 -1.5535121E-02  327 -4.8587444E-03  328  8.5711579E-04
  329 -2.5422341E-03  330 -1.7284654E-02  331 -1.7965600E-02  332 -5.8670732E-04
  333  1.6643652E-02  334 -2.0844604E-02  335  1.9969967E-04  336  1.3188266E-02
  337 -3.0145833E-04  338 -5.4902633E-03  339 -1.8815403E-02  340 -1.5630296E-03
  341  2.0574721E-02  342  5.9701178E-03  343  2.2087702E-02  344  1.2279353E-02
  345  3.8032619E-02  346 -1.5496656E-02  347  9.3054583E-03  348 -1.0328966E-03
  349 -1.9657113E-03  350 -1.6475901E-02  351 -2.7401312E-02  352 -7.4582016E-03
  353 -1.4575095E-02  354  9.9266268E-03  355 -2.5278964E-03  356  1.6245749E-02
  357 -5.3480279E-04  358  6.0119839E-03  359 -1.5758842E-02  360 -3.9619453E-03
  361  6.4096603E-03  362  4.9499441E-04  363 -2.7455615E-03  364  9.4765097E-03
  365  2.7938267E-03  366 -1.6916289E-02  367  7.5390451E-03  368 -2.8896794E-03
  369  2.5005362E-02  370 -1.6936803E-02  371  1.8087817E-02  372  6.1738312E-03
  373  1.3266840E-03  374 -2.0790648E-02  375 -1.8876846E-02  376  1.4202484E-02
  377  1.1233650E-02  378  1.8391330E-02  379 -2.2317465E-03  380  6.5987498E-03
  381  2.7211194E-03  382  3.9591030E-03  383 -1.1986328E-02  384 -5.6583529E-03
  385  6.8197479E-03  386 -4.3400716E-03  387 -4.4447048E-03  388  1.1487650E-02
  389  1.0325500E-03  390  2.9855166E-02  391 -4.1702908E-03  392  1.7467969E-03
  393 -3.5930997E-02  394 -1.1457182E-03  395  1.5677108E-02  396 -1.1200375E-02
  397 -3.7465973E-03  398 -6.8548730E-03  399  7.5257241E-03  400  2.4651518E-02
  401  1.8290350E-02  402 -2.2395185E-03
 TTTTTTTTTTTTTTTTTTTTTTTTTTTTTT TOTGRA      TELAPSE     7711.78 TCPU     7707.32
 EIGENVECTORS IN FORTRAN UNIT  8
 TTTTTTTTTTTTTTTTTTTTTTTTTTTTTT END         TELAPSE     7716.11 TCPU     7711.48
 EEEEEEEEEE TERMINATION  DATE 25 03 2026 TIME 19:26:50.6
NODE    0 CPU TIME =      7711.482
NODE    1 CPU TIME =      7714.145
NODE    2 CPU TIME =      7714.351
NODE    3 CPU TIME =      7713.920
NODE    4 CPU TIME =      7713.868
NODE    5 CPU TIME =      7713.980
NODE    6 CPU TIME =      7713.942
NODE    7 CPU TIME =      7713.327
NODE    8 CPU TIME =      7713.919
NODE    9 CPU TIME =      7714.210
NODE   10 CPU TIME =      7713.910
NODE   11 CPU TIME =      7714.267
NODE   12 CPU TIME =      7713.477
NODE   13 CPU TIME =      7713.751
NODE   14 CPU TIME =      7713.617
NODE   15 CPU TIME =      7714.050
NODE   16 CPU TIME =      7714.142
NODE   17 CPU TIME =      7714.161
NODE   18 CPU TIME =      7713.845
NODE   19 CPU TIME =      7714.179
NODE   20 CPU TIME =      7713.106
NODE   21 CPU TIME =      7713.844
NODE   22 CPU TIME =      7713.902
NODE   23 CPU TIME =      7713.480
NODE   24 CPU TIME =      7714.013
NODE   25 CPU TIME =      7713.749
NODE   26 CPU TIME =      7712.134
NODE   27 CPU TIME =      7713.604
NODE   28 CPU TIME =      7713.551
NODE   29 CPU TIME =      7713.418
NODE   30 CPU TIME =      7713.749
NODE   31 CPU TIME =      7713.306
    TOTAL CPU TIME =    246838.398
------------------------------------------------------
Pcrystal finished normally
------------------------------------------------------
SCF wavefunction fort.9 saved as /users/zeitzsab/tetra_script_walkthrough/oldPyro_tetra/rdm/rdm_disp24.w
Date: 2026-03-25 19:26:51