Date: 2026-03-25 17:23:22
Running on: nid002405
Temporary directory: /scratch/project_462000878/zeitzsab/rdm_disp29_254275
Executable: /project/project_462000878/jchem/crystal/23-1.0.1-gnu/install/bin/Pcrystal
Output: /users/zeitzsab/tetra_script_walkthrough/oldPyro_tetra/rdm/rdm_disp29.out
Input data rdm_disp29.d12
converted and standardized from ase Atoms() object for Ba27Ti27O81 in space group 1
EXTERNAL
ENDGEOM 
256 6 
INPUT 
10. 0 2 2 2 1 0 
9.526986 427.845816 0 
4.487510 204.417530 0 
8.315930 293.605864 0 
4.292217 294.193316 0 
5.916108 112.550402 0 
2.874842 181.782621 0 
3.589465 -33.473174 0 
0 0 3 2.0 1.0 
2.3961900000 -5.9554766710 
2.2433050000 6.6805648241 
0.71740200000 -0.57055347037 
0 0 1 2.0 1.0 
0.27420073547 1.0000000000 
0 1 1 0.0 1.0 
0.13 1.0 1.0 
0 2 4 6.0 1.0 
2.9267420000 0.79815276764 
2.5207180000 -1.0707548832 
0.67578180854 0.34940781448 
0.31985844531 0.65041110673 
0 3 2 0.0 1.0 
0.966315 -0.908938 
0.893828 0.947240 
0 3 1 0.0 1.0 
0.273195 0.322057 
22 12 
0 0 8 2.0 1.0 
211575.69025 .23318151011E-03 
31714.945058 .18079690851E-02 
7217.5476543 .93984311352E-02 
2042.9394247 .38156853618E-01 
665.12896208 .12374757197 
238.74942264 .29208551143 
92.508691001 .41226800855 
36.403919209 .21090534061 
0 0 4 2.0 1.0 
232.72624607 -.24920140738E-01 
71.791209711 -.11746490087 
11.158534615 .56503342318 
4.6548135416 .56211101812 
0 0 2 2.0 1.0 
6.8034629174 -.23011425503 
1.1201076403 .72103186735 
0 0 1 2.0 1.0 
0.48080118839 1.0000000000 
0 0 1 0.0 1.0 
0.24 1.0 
0 1 1 0.0 1.0 
0.12 1.0 1.0 
0 2 6 6.0 1.0 
1063.1474732 .24690839320E-02 
251.56507061 .19773345523E-01 
80.408554854 .90987976672E-01 
29.768193269 .25559900413 
11.736830556 .40489386764 
4.7142375230 .23693402558 
0 2 3 6.0 1.0 
17.796803704 -.27878639615E-01 
2.4272698680 .55672914668 
0.96823445537 1.0055447350 
0 2 1 0.0 1.0 
0.37056694165 1.0000000000 
0 3 4 2.0 1.0 
37.713384723 .11513835092E-01 
10.692931184 .67246343996E-01 
3.6728446990 .21484207775 
1.3588590303 .38890892779 
0 3 1 0.0 1.0 
0.54 1.0 
0 3 1 0.0 1.0 
0.22 1.0 
8 7 
0 0 6 2.0 1.0 
27032.382631 0.21726302465E-03 
4052.3871392 0.16838662199E-02 
922.32722710 0.87395616265E-02 
261.24070989 0.35239968808E-01 
85.354641351 0.11153519115 
31.035035245 0.25588953961 
0 0 2 2.0 1.0 
12.271113873 0.39768730901 
4.9159842006 0.24627849430 
0 0 1 0.0 1.0 
0.90086482370 1.0000000000 
0 1 1 0.0 1.0 
0.25000000000 1.0 1.0 
0 2 4 4.0 1.0 
75.300554155 0.60685103418E-02 
17.743733858 0.41912575824E-01 
5.5355828651 0.16153841088 
2.0685535103 0.35706951311 
0 2 1 0.0 1.0 
0.78238772422 1.0000000000 
0 3 1 0.0 1.0 
1.2000000000 1.0000000000 
99 0 
ENDBAS 
DFT 
PBE0 
ENDDFT 
SHRINK 
0 2 
2 2 2 
TOLINTEG 
8 8 8 8 16 
MAXCYCLE 
100 
FMIXING 
80 
EXCHSIZE 
30000000 
BIPOSIZE 
30000000 
GRADCAL 
ENDEXTERNAL geometry rdm_disp29.ext is available as /scratch/project_462000878/zeitzsab/rdm_disp29_254275/fort.34
 PROCESS            1  OF           32  WORKING
 PROCESS           20  OF           32  WORKING
 PROCESS           29  OF           32  WORKING
 PROCESS           17  OF           32  WORKING
 PROCESS           13  OF           32  WORKING
 PROCESS           14  OF           32  WORKING
 PROCESS           10  OF           32  WORKING
 PROCESS            7  OF           32  WORKING
 PROCESS            3  OF           32  WORKING
 PROCESS            5  OF           32  WORKING
 PROCESS           23  OF           32  WORKING
 PROCESS            9  OF           32  WORKING
 PROCESS           25  OF           32  WORKING
 PROCESS           21  OF           32  WORKING
 PROCESS           15  OF           32  WORKING
 PROCESS           19  OF           32  WORKING
 PROCESS           11  OF           32  WORKING
 PROCESS           27  OF           32  WORKING
 PROCESS            8  OF           32  WORKING
 PROCESS           26  OF           32  WORKING
 PROCESS           24  OF           32  WORKING
 PROCESS            6  OF           32  WORKING
 PROCESS           22  OF           32  WORKING
 PROCESS            0  OF           32  WORKING
 PROCESS            4  OF           32  WORKING
 PROCESS           16  OF           32  WORKING
 PROCESS           18  OF           32  WORKING
 PROCESS           12  OF           32  WORKING
 PROCESS           28  OF           32  WORKING
 PROCESS           31  OF           32  WORKING

         
 *******************************************************************************
 *                                                                             *
 *                               CRYSTAL23                                     *
 *                      public : 1.0.1 - October 2022                          *
 *                       HTTP://WWW.CRYSTAL.UNITO.IT                           *
 *                                                                             *
 *                              MAIN AUTHORS                                   *
 *                                                                             *
 *  R. DOVESI(1,11), V.R. SAUNDERS(2), C. ROETTI(1,11), R. ORLANDO(1,11),      *
 *  C.M. ZICOVICH-WILSON(1,3), F. PASCALE(4), B. CIVALLERI(1,11),              *
 *  K. DOLL(5), N.M. HARRISON(6), I.J. BUSH(7), Ph. D'ARCO(8),                 *
 *  M. LLUNELL(9), M. CAUSA'(10), Y. NOEL(8), L. MASCHIO(1,11), A. ERBA(1,11)  *
 *  M. RE'RAT(14), S. CASASSA(1,11), B.G. SEARLE(2), J.K. DESMARAIS(1)         *
 *                                                                             *
 *        CONTRIBUTIONS TO THE CODE HAVE ALSO BEEN GIVEN BY                    *
 *                                                                             *
 *  M. FERRABONE(1,11), M. DE LA PIERRE(1,11), M. FERRERO(1,11),               *
 *  J. BAIMA(1,11), E. ALBANESE(1,11), M.F. PEINTINGER(12), R. BAST(13),       *
 *  B. KIRTMAN(15), V. LACIVITA(1,11), R. DEMICHELIS(1,16)                     *
 *  G. BRANDEBURG(17), S. SALUSTRO(1,11), G. SANSONE(1,11)                     *
 *  M.T. RUGGIERO(18), L.E. DAGA(1), L. DONA'(1), A. COSSARD(1)                *
 *                                                                             *
 * (1) THEORETICAL CHEMISTRY GROUP - UNIVERSITA' DI TORINO - TORINO (ITALY)    *
 * (2) SCIENTIFIC COMPUTING DEPARTMENT - STFC DARESBURY (UK)                   *
 * (3) UNIVERSIDAD AUTONOMA DEL ESTADO DE MORELOS - CUERNAVACA (MEXICO)        *
 * (4) UNIVERSITE' DE LORRAINE - NANCY (FRANCE)                                *
 * (5) UNIVERSITAET STUTTGART- STUTTGART (GERMANY)                             *
 * (6) IMPERIAL COLLEGE - LONDON (UK)                                          *
 * (7) SCIENTIFIC COMPUTING DEPARTMENT - STFC RAL (UK)                         *
 * (8) UPMC - SORBONNE UNIVERSITES - PARIS (FRANCE)                            *
 * (9) UNIVERSIDAD DE BARCELONA - BARCELONA (SPAIN)                            *
 *(10) UNIVERSITA' DI NAPOLI "FEDERICO II" - NAPOLI (ITALY)                    *
 *(11) NIS - NANOSTRUCTURED INTERFACES AND SURFACES - TORINO (ITALY)           *
 *(12) MPI FUER CHEMISCHE ENERGIEKONVERSION - MUELHEIM AN DER RUHR (GERMANY)   *
 *(13) UNIVERSITY OF TROMSO - TROMSO (NORWAY)                                  *
 *(14) UNIVERSITE' DE PAU ET DES PAYS DE L'ADOUR - PAU (FRANCE)                *
 *(15) UNIVERSITY OF CALIFORNIA SANTA BARBARA - SANTA BARBARA (USA)            *
 *(16) CURTIN UNIVERSITY - PERTH (AUSTRALIA)                                   *
 *(17) UNIVERSITY COLLEGE LONDON - LONDON (UK)                                 *
 *(18) UNIVERSITY OF VERMONT - BURLINGTON (USA)                                *
 *                                                                             *
 *******************************************************************************
 EEEEEEEEEE STARTING  DATE 25 03 2026 TIME 17:23:23.6
 converted and standardized from ase Atoms() object for Ba27Ti27O81 in space grou
 PROCESS            2  OF           32  WORKING
 PROCESS           30  OF           32  WORKING
 filename=fort.34                        0           0

 GEOMETRY INPUT FROM EXTERNAL FILE (FORTRAN UNIT 34)
 3D - CRYSTAL 

 *******************************************************************************
 LATTICE PARAMETERS  (ANGSTROMS AND DEGREES) - PRIMITIVE CELL
       A          B          C        ALPHA      BETA     GAMMA        VOLUME
   11.90773   11.90773   12.27480    90.00000  90.00000  90.00000   1740.493702
 INFORMATION **** CHKGRP **** SPGR WITH NO INVERSION

 NUMBER OF IRREDUCIBLE ATOMS IN THE CELL:  135

 CARTESIAN COORDINATES (ANGSTROM) - IRREDUCIBLE ATOMS AND SYMMETRY RELATED

 AT.IRR.  AT  AT.N.          X                   Y                   Z
     1     1   256    2.566991948672E-02 -1.756262162283E-03  5.681253961225E-02
     2     2   256    6.756174217643E-03  8.061626217246E-03  4.079192548228E+00
     3     3   256    1.241822942104E-02  3.763737491843E-02  8.203978286519E+00
     4     4   256    2.452667886522E-03  3.939380311967E+00 -3.113849395798E-04
     5     5   256   -6.859963507542E-03  3.983462695656E+00  4.081031878132E+00
     6     6   256    3.252251540382E-02  3.963240637497E+00  8.231883240550E+00
     7     7   256   -3.261529612060E-02  7.916512585548E+00  1.888603566342E-02
     8     8   256    3.898493454850E-02  7.943795924127E+00  4.110573156455E+00
     9     9   256    2.858081199404E-02  7.959157505756E+00  8.190517121003E+00
    10    10   256    3.996443035780E+00  1.246596408640E-02  5.273488884483E-02
    11    11   256    3.989264263254E+00  2.784309730314E-02  4.138375241571E+00
    12    12   256    3.961613644171E+00  1.359785390819E-03  8.170141574404E+00
    13    13   256    3.941850637917E+00  3.961290459507E+00 -1.855169858321E-03
    14    14   256    3.945774584578E+00  4.001548610054E+00  4.115417365428E+00
    15    15   256    3.971940419294E+00  4.006874899673E+00  8.222675268448E+00
    16    16   256    3.968322168388E+00  7.978267376748E+00  2.208666310750E-02
    17    17   256    3.959639409316E+00  7.932259560523E+00  4.079458039681E+00
    18    18   256    3.963599958204E+00  7.972198630544E+00  8.230162781943E+00
    19    19   256    7.928982557793E+00 -3.773548406395E-02  1.693061097449E-02
    20    20   256    7.964449625539E+00  2.699957630937E-02  4.103747266285E+00
    21    21   256    7.973353702614E+00 -1.624128311569E-02  8.198399246251E+00
    22    22   256    7.928899566491E+00  4.005174146860E+00  4.092048419752E-02
    23    23   256    7.912034812867E+00  3.946950108820E+00  4.137863642403E+00
    24    24   256    7.933258532840E+00  3.948242821262E+00  8.243022413518E+00
    25    25   256    7.899205738777E+00  7.944091653194E+00  2.114084968470E-02
    26    26   256    7.963812805680E+00  7.918653612922E+00  4.141560007003E+00
    27    27   256    7.974440130348E+00  7.938684039140E+00  8.191848993538E+00
    28    28     8    1.986516928344E+00  2.019128448124E+00  3.980769195590E+00
    29    29     8    1.962971843192E+00  2.003312744166E+00  8.080188064226E+00
    30    30     8    1.946696540791E+00  1.985895608563E+00  1.213117364435E+01
    31    31     8    1.980415954136E+00  5.957280784649E+00  3.920995095114E+00
    32    32     8    1.969773378632E+00  5.988291275658E+00  8.038280603418E+00
    33    33     8    1.951615061368E+00  5.940003977201E+00  1.216166638047E+01
    34    34     8    1.965492596082E+00  9.889255601210E+00  3.951252114325E+00
    35    35     8    1.977582564558E+00  9.960430337522E+00  8.039667198973E+00
    36    36     8    1.983045257285E+00  9.888666644912E+00  1.216409953568E+01
    37    37     8    5.934814834305E+00  1.976040863748E+00  3.994735093411E+00
    38    38     8    5.923756161685E+00  1.967046719954E+00  8.071833020107E+00
    39    39     8    5.991608488056E+00  1.977708245978E+00  1.215512602107E+01
    40    40     8    5.955229475717E+00  5.976934442704E+00  3.993276391572E+00
    41    41     8    5.946205313829E+00  5.938241181869E+00  8.016209097725E+00
    42    42     8    5.945232226043E+00  5.992911150893E+00  1.214284084000E+01
    43    43     8    5.936090163076E+00  9.918887248917E+00  3.925043359486E+00
    44    44     8    5.942953749384E+00  9.918090079816E+00  8.090378804182E+00
    45    45     8    5.969338519081E+00  9.958548886032E+00  1.213358826237E+01
    46    46     8    9.962013980666E+00  1.981482780384E+00  3.951869099339E+00
    47    47     8    9.887946749271E+00  1.967306341801E+00  8.044247273063E+00
    48    48     8    9.932156454218E+00  1.945722315923E+00  1.214605497519E+01
    49    49     8    9.929492238405E+00  5.914538243026E+00  3.957081893699E+00
    50    50     8    9.939356241156E+00  5.989255627979E+00  8.061373870193E+00
    51    51     8    9.896581015530E+00  5.969958863002E+00  1.211858084439E+01
    52    52     8    9.958145761473E+00  9.941409462654E+00  3.954484996458E+00
    53    53     8    9.906178032073E+00  9.887272641620E+00  8.057600987687E+00
    54    54     8    9.906045689145E+00  9.947667053214E+00  1.217039012758E+01
    55    55     8    1.964793475579E+00 -3.086299665442E-02  1.969828821075E+00
    56    56     8    1.977903008899E+00  3.887896055545E-02  6.070795453148E+00
    57    57     8    1.987199007600E+00 -3.255830233395E-02  1.019206640314E+01
    58    58     8    1.969618487086E+00  4.002531626323E+00  2.002110988048E+00
    59    59     8    2.019351643972E+00  3.988848724866E+00  6.074286678533E+00
    60    60     8    1.975928911578E+00  3.934050620254E+00  1.015206628357E+01
    61    61     8    2.018008932496E+00  7.938087958342E+00  1.963749113738E+00
    62    62     8    1.983438915826E+00  7.975287831350E+00  6.061740088616E+00
    63    63     8    1.959178208460E+00  7.969335681379E+00  1.017000633768E+01
    64    64     8    5.930303794869E+00  1.956366837352E-02  2.011506087369E+00
    65    65     8    5.921616817895E+00  2.161822586354E-02  6.086997490066E+00
    66    66     8    5.952862579722E+00  3.995713624888E-02  1.017052817667E+01
    67    67     8    5.962484685156E+00  4.007346087193E+00  1.994376998323E+00
    68    68     8    5.976144357524E+00  3.936073078537E+00  6.075539774655E+00
    69    69     8    5.974540408472E+00  3.941711911805E+00  1.014861211522E+01
    70    70     8    5.957253679056E+00  7.978225584750E+00  1.988858919708E+00
    71    71     8    5.916978233758E+00  7.953551989185E+00  6.073859708588E+00
    72    72     8    5.993423423294E+00  7.934385437632E+00  1.016468147421E+01
    73    73     8    9.886280545500E+00 -1.008362616874E-02  1.973865581611E+00
    74    74     8    9.921086277571E+00  1.709300212908E-02  6.041266943115E+00
    75    75     8    9.930111112432E+00  3.897030368867E-02  1.016328837467E+01
    76    76     8    9.884026565771E+00  3.971067234192E+00  1.977463276569E+00
    77    77     8    9.883295062883E+00  3.973071495692E+00  6.077141637566E+00
    78    78     8    9.951911077773E+00  3.979165056958E+00  1.019489817802E+01
    79    79     8    9.905232772027E+00  7.969670810915E+00  1.968224212606E+00
    80    80     8    9.938703787922E+00  7.970236049485E+00  6.096054803432E+00
    81    81     8    9.909161641916E+00  7.926913496078E+00  1.013331558165E+01
    82    82     8   -2.120071959100E-03  1.953552215969E+00  1.960672502095E+00
    83    83     8    1.016285864144E-02  1.968652213135E+00  6.042136716420E+00
    84    84     8    3.348133752559E-02  2.002929280158E+00  1.018096649433E+01
    85    85     8   -3.790913026802E-02  5.946211666095E+00  1.975562763537E+00
    86    86     8    1.510147873588E-02  5.987485156731E+00  6.092921911738E+00
    87    87     8    2.330343553809E-02  5.967903372637E+00  1.013964841051E+01
    88    88     8   -1.524887104688E-02  9.908318672425E+00  2.019667474933E+00
    89    89     8    5.241768821391E-03  9.917452650051E+00  6.116623458724E+00
    90    90     8   -3.006096896269E-02  9.943711279487E+00  1.018546400319E+01
    91    91     8    4.008550377037E+00  1.980631939181E+00  1.992029687700E+00
    92    92     8    3.971073920227E+00  1.954349814770E+00  6.051292797367E+00
    93    93     8    3.937806623601E+00  1.974479059317E+00  1.019152904618E+01
    94    94     8    3.975560280974E+00  5.980698300729E+00  2.014761145429E+00
    95    95     8    3.986873843882E+00  5.951020586170E+00  6.041581669193E+00
    96    96     8    3.967171936124E+00  5.963996855877E+00  1.020761316128E+01
    97    97     8    3.950937794341E+00  9.948596698049E+00  1.960969443576E+00
    98    98     8    3.962794501863E+00  9.962587209736E+00  6.077238300049E+00
    99    99     8    3.938547154702E+00  9.948545428793E+00  1.017225385722E+01
   100   100     8    7.903721467722E+00  1.993949517233E+00  2.003218032496E+00
   101   101     8    7.943881447887E+00  1.945323471173E+00  6.082524890981E+00
   102   102     8    7.911032845737E+00  1.970397714338E+00  1.014359873062E+01
   103   103     8    7.968938964566E+00  5.930337392210E+00  1.974859445843E+00
   104   104     8    7.933851110193E+00  5.986610426533E+00  6.099875918984E+00
   105   105     8    7.908453898920E+00  5.945830505161E+00  1.014380663821E+01
   106   106     8    7.965327218237E+00  9.925033993887E+00  1.956178326496E+00
   107   107     8    7.931491699318E+00  9.884920735092E+00  6.067753587469E+00
   108   108     8    7.935156832278E+00  9.898635485249E+00  1.020043469307E+01
   109   109    22    1.967593109875E+00  2.016699510597E+00  2.130669899804E+00
   110   110    22    1.976993380032E+00  1.947301565724E+00  6.226827734607E+00
   111   111    22    2.016331730735E+00  2.007350526929E+00  1.032180423347E+01
   112   112    22    1.948383882707E+00  5.960280591461E+00  2.163107704742E+00
   113   113    22    2.013742045836E+00  5.973708912631E+00  6.257962360699E+00
   114   114    22    1.979715589723E+00  5.967675112490E+00  1.036785073361E+01
   115   115    22    2.003713972780E+00  9.958119392888E+00  2.144287081176E+00
   116   116    22    1.996884516020E+00  9.893818226480E+00  6.263355539199E+00
   117   117    22    1.979112593471E+00  9.924048504614E+00  1.029102416650E+01
   118   118    22    5.943207301053E+00  1.983959425299E+00  2.108886694784E+00
   119   119    22    5.915248483201E+00  1.983553227834E+00  6.249401632419E+00
   120   120    22    5.954841864783E+00  2.000417202535E+00  1.036736824642E+01
   121   121    22    5.916880042909E+00  5.947345399418E+00  2.133669615084E+00
   122   122    22    5.963459389587E+00  5.916037841471E+00  6.230260088260E+00
   123   123    22    5.947013936681E+00  5.991977306207E+00  1.032060133620E+01
   124   124    22    5.942924543857E+00  9.925338643279E+00  2.185844374872E+00
   125   125    22    5.958899634933E+00  9.895844646392E+00  6.210202312916E+00
   126   126    22    5.953899125103E+00  9.963086089952E+00  1.032922428417E+01
   127   127    22    9.888203286036E+00  1.969837736341E+00  2.160197077883E+00
   128   128    22    9.920523703319E+00  1.967922826176E+00  6.275288392185E+00
   129   129    22    9.907583587587E+00  2.008437871945E+00  1.030249436221E+01
   130   130    22    9.953487817324E+00  5.927907498601E+00  2.145598765144E+00
   131   131    22    9.959638382719E+00  5.964827934839E+00  6.251099222410E+00
   132   132    22    9.917005590366E+00  5.914608035288E+00  1.032599537902E+01
   133   133    22    9.887171658334E+00  9.935498558519E+00  2.134988003163E+00
   134   134    22    9.912386792780E+00  9.932932580931E+00  6.201770249691E+00
   135   135    22    9.940284771261E+00  9.913759813577E+00  1.029573746960E+01
 NUMBER OF SYMMETRY OPERATORS         :    1
 *******************************************************************************
 LATTICE PARAMETERS (ANGSTROMS AND DEGREES) - BOHR = 0.5291772083 ANGSTROM
 PRIMITIVE CELL - CENTRING CODE 1/0 VOLUME=  1740.493702 - DENSITY  6.022 g/cm^3
         A              B              C           ALPHA      BETA       GAMMA 
    11.90773305    11.90773305    12.27479580    90.000000  90.000000  90.000000
 *******************************************************************************
 ATOMS IN THE ASYMMETRIC UNIT  135 - ATOMS IN THE UNIT CELL:  135
     ATOM                 X/A                 Y/B                 Z/C    
 *******************************************************************************
      1 T 256 BA    2.155735216681E-03 -1.474892118347E-04  4.628389794660E-03
      2 T 256 BA    5.673770304788E-04  6.770076372552E-04  3.323226402045E-01
      3 T 256 BA    1.042870995587E-03  3.160750645013E-03 -3.316403449645E-01
      4 T 256 BA    2.059726965850E-04  3.308253800640E-01 -2.536783052471E-05
      5 T 256 BA   -5.760931554930E-04  3.345273763637E-01  3.324724862740E-01
      6 T 256 BA    2.731209648995E-03  3.328291473159E-01 -3.293669911356E-01
      7 T 256 BA   -2.739001284598E-03 -3.351788663462E-01  1.538602838788E-03
      8 T 256 BA    3.273917410208E-03 -3.328876377417E-01  3.348791477619E-01
      9 T 256 BA    2.400189177405E-03 -3.315975868509E-01 -3.327369958363E-01
     10 T 256 BA    3.356174528770E-01  1.046879706998E-03  4.296192759869E-03
     11 T 256 BA    3.350145864459E-01  2.338236605258E-03  3.371441210917E-01
     12 T 256 BA    3.326925139770E-01  1.141934728558E-04 -3.343969457802E-01
     13 T 256 BA    3.310328356678E-01  3.326653732389E-01 -1.511365149000E-04
     14 T 256 BA    3.313623649447E-01  3.360462141074E-01  3.352737945692E-01
     15 T 256 BA    3.335597466466E-01  3.364935108008E-01 -3.301171439082E-01
     16 T 256 BA    3.332558894061E-01 -3.299927582145E-01  1.799350756410E-03
     17 T 256 BA    3.325267196275E-01 -3.338564504918E-01  3.323442691960E-01
     18 T 256 BA    3.328593227242E-01 -3.305024056998E-01 -3.295071530279E-01
     19 T 256 BA   -3.341316500379E-01 -3.168989756951E-03  1.379298788375E-03
     20 T 256 BA   -3.311531597075E-01  2.267398521280E-03  3.343230578455E-01
     21 T 256 BA   -3.304054038553E-01 -1.363927377906E-03 -3.320948568243E-01
     22 T 256 BA   -3.341386195678E-01  3.363506832109E-01  3.333699791366E-03
     23 T 256 BA   -3.355549054010E-01  3.314610843430E-01  3.371024422584E-01
     24 T 256 BA   -3.337725577548E-01  3.315696450939E-01 -3.284595077730E-01
     25 T 256 BA   -3.366322787378E-01 -3.328628026983E-01  1.722297464590E-03
     26 T 256 BA   -3.312066392284E-01 -3.349990649210E-01  3.374035767669E-01
     27 T 256 BA   -3.303141666962E-01 -3.333169289398E-01 -3.326284911772E-01
     28 T   8 O     1.668257862351E-01  1.695644703863E-01  3.243043110819E-01
     29 T   8 O     1.648484925678E-01  1.682362827378E-01 -3.417252558918E-01
     30 T   8 O     1.634817082830E-01  1.667736083958E-01 -1.170057392283E-02
     31 T   8 O     1.663134322730E-01 -4.997132737495E-01  3.194346495861E-01
     32 T   8 O     1.654196789902E-01 -4.971090424589E-01 -3.451393624472E-01
     33 T   8 O     1.638947609232E-01  4.988358365324E-01 -9.216399308923E-03
     34 T   8 O     1.650601829776E-01 -1.695098000866E-01  3.218996208740E-01
     35 T   8 O     1.660754869339E-01 -1.635326139998E-01 -3.450263996267E-01
     36 T   8 O     1.665342386295E-01 -1.695592600716E-01 -9.018175627604E-03
     37 T   8 O     4.984000572892E-01  1.659460163787E-01  3.254420813592E-01
     38 T   8 O     4.974713605698E-01  1.651906968098E-01 -3.424059225403E-01
     39 T   8 O    -4.968304661435E-01  1.660860415390E-01 -9.749227676171E-03
     40 T   8 O    -4.998855407061E-01 -4.980627783972E-01  3.253232442019E-01
     41 T   8 O     4.993566188342E-01  4.986877986713E-01 -3.469374783632E-01
     42 T   8 O     4.992748998554E-01 -4.967210697680E-01 -1.075007374028E-02
     43 T   8 O     4.985071581761E-01 -1.670213627339E-01  3.197644525773E-01
     44 T   8 O     4.990835555709E-01 -1.670883082304E-01 -3.408950392330E-01
     45 T   8 O    -4.987006767774E-01 -1.636906164913E-01 -1.150386042496E-02
     46 T   8 O    -1.633996211675E-01  1.664030233180E-01  3.219498852550E-01
     47 T   8 O    -1.696197162170E-01  1.652124996035E-01 -3.446532712941E-01
     48 T   8 O    -1.659070276002E-01  1.633998938129E-01 -1.048822537700E-02
     49 T   8 O    -1.661307658887E-01  4.966972486024E-01  3.223745598847E-01
     50 T   8 O    -1.653023963990E-01 -4.970280570760E-01 -3.432580059545E-01
     51 T   8 O    -1.688946188183E-01 -4.986485808899E-01 -1.272648100688E-02
     52 T   8 O    -1.637244705050E-01 -1.651299688270E-01  3.221629965085E-01
     53 T   8 O    -1.680886705742E-01 -1.696763271310E-01 -3.435653742047E-01
     54 T   8 O    -1.680997846064E-01 -1.646044623738E-01 -8.505695257474E-03
     55 T   8 O     1.650014715084E-01 -2.591844856181E-03  1.604775226546E-01
     56 T   8 O     1.661023975423E-01  3.265017815919E-03  4.945740484863E-01
     57 T   8 O     1.668830665968E-01 -2.734215001062E-03 -1.696752785786E-01
     58 T   8 O     1.654066713467E-01  3.361287668708E-01  1.631074781748E-01
     59 T   8 O     1.695832141595E-01  3.349796899306E-01  4.948584707644E-01
     60 T   8 O     1.659366147428E-01  3.303777976660E-01 -1.729339983340E-01
     61 T   8 O     1.694704545376E-01 -3.333669872334E-01  1.599822225750E-01
     62 T   8 O     1.665672976962E-01 -3.302429775792E-01  4.938363283091E-01
     63 T   8 O     1.645299067617E-01 -3.307428334246E-01 -1.714724624847E-01
     64 T   8 O     4.980212245243E-01  1.642938105127E-03  1.638728757809E-01
     65 T   8 O     4.972917005303E-01  1.815477872469E-03  4.958939919853E-01
     66 T   8 O     4.999156896385E-01  3.355561976499E-03 -1.714299494361E-01
     67 T   8 O    -4.992762551764E-01  3.365330806768E-01  1.624774074306E-01
     68 T   8 O    -4.981291289928E-01  3.305476417728E-01  4.949605576864E-01
     69 T   8 O    -4.982638270958E-01  3.310211855820E-01 -1.732154016593E-01
     70 T   8 O    -4.997155500512E-01 -3.299962678665E-01  1.620278619794E-01
     71 T   8 O     4.969021566836E-01 -3.320683327558E-01  4.948236864835E-01
     72 T   8 O    -4.966780496231E-01 -3.336779213713E-01 -1.719062671321E-01
     73 T   8 O    -1.697596424116E-01 -8.468132537405E-04  1.608063884543E-01
     74 T   8 O    -1.668366904168E-01  1.435453923707E-03  4.921684272023E-01
     75 T   8 O    -1.660787934416E-01  3.272688724632E-03 -1.720197598182E-01
     76 T   8 O    -1.699489294672E-01  3.334864173993E-01  1.610994845689E-01
     77 T   8 O    -1.700103603781E-01  3.336547333576E-01  4.950910578542E-01
     78 T   8 O    -1.642480532621E-01  3.341664647881E-01 -1.694445802498E-01
     79 T   8 O    -1.681680526062E-01 -3.307146895677E-01  1.603467988124E-01
     80 T   8 O    -1.653571887957E-01 -3.306672213747E-01  4.966318709295E-01
     81 T   8 O    -1.678381098814E-01 -3.343054078561E-01 -1.744615758374E-01
     82 T   8 O    -1.780416096160E-04  1.640574413086E-01  1.597315779457E-01
     83 T   8 O     8.534671207999E-04  1.653255245871E-01  4.922392856768E-01
     84 T   8 O     2.811730611108E-03  1.682040797982E-01 -1.705795631782E-01
     85 T   8 O    -3.183572398612E-03  4.993571522915E-01  1.609446540477E-01
     86 T   8 O     1.268207699356E-03 -4.971767395532E-01  4.963766412911E-01
     87 T   8 O     1.957000164535E-03 -4.988211989992E-01 -1.739456545164E-01
     88 T   8 O    -1.280585564259E-03 -1.679089016506E-01  1.645377656656E-01
     89 T   8 O     4.401987178736E-04 -1.671418389707E-01  4.983075530042E-01
     90 T   8 O    -2.524491339911E-03 -1.649366644571E-01 -1.702131612495E-01
     91 T   8 O     3.366342157828E-01  1.663315704899E-01  1.622861773146E-01
     92 T   8 O     3.334869788861E-01  1.641244228909E-01  4.929852109937E-01
     93 T   8 O     3.306932232245E-01  1.658148575406E-01 -1.697190558416E-01
     94 T   8 O     3.338637391585E-01 -4.977466932105E-01  1.641380580383E-01
     95 T   8 O     3.348138413198E-01  4.997610007868E-01  4.921940672278E-01
     96 T   8 O     3.331592940038E-01 -4.991492645296E-01 -1.684087191673E-01
     97 T   8 O     3.317959663482E-01 -1.645263916922E-01  1.597557691001E-01
     98 T   8 O     3.327916812733E-01 -1.633514819400E-01  4.950989327292E-01
     99 T   8 O     3.307554123160E-01 -1.645306972352E-01 -1.712893621238E-01
    100 T   8 O    -3.362530521523E-01  1.674499679209E-01  1.631976665955E-01
    101 T   8 O    -3.328804555383E-01  1.633663992134E-01  4.955296193995E-01
    102 T   8 O    -3.356390496395E-01  1.654721101039E-01 -1.736238308245E-01
    103 T   8 O    -3.307761493221E-01  4.980240459967E-01  1.608873563374E-01
    104 T   8 O    -3.337227936771E-01 -4.972501985562E-01  4.969431686174E-01
    105 T   8 O    -3.358556271196E-01  4.993251427618E-01 -1.736068930608E-01
    106 T   8 O    -3.310794603145E-01 -1.665051649871E-01  1.593654475699E-01
    107 T   8 O    -3.339209347393E-01 -1.698738379853E-01  4.943262345325E-01
    108 T   8 O    -3.336131403888E-01 -1.687220864219E-01 -1.689935328232E-01
    109 T  22 TI    1.652365821113E-01  1.693604905425E-01  1.735808835047E-01
    110 T  22 TI    1.660260077825E-01  1.635325176965E-01 -4.927143525592E-01
    111 T  22 TI    1.693296047424E-01  1.685753718613E-01 -1.591058294045E-01
    112 T  22 TI    1.636234096386E-01 -4.994613528508E-01  1.762235184998E-01
    113 T  22 TI    1.691121254886E-01 -4.983336553189E-01 -4.901778846130E-01
    114 T  22 TI    1.662546163414E-01 -4.988403680673E-01 -1.553545246260E-01
    115 T  22 TI    1.682699775320E-01 -1.637266849136E-01  1.746902446374E-01
    116 T  22 TI    1.676964463038E-01 -1.691266351928E-01 -4.897385144933E-01
    117 T  22 TI    1.662039772945E-01 -1.665879254310E-01 -1.616134122165E-01
    118 T  22 TI    4.991048485970E-01  1.666110095825E-01  1.718062547960E-01
    119 T  22 TI    4.967568938910E-01  1.665768975089E-01 -4.908753078875E-01
    120 T  22 TI   -4.999180919006E-01  1.679931179289E-01 -1.553938317723E-01
    121 T  22 TI    4.968939107103E-01  4.994523621285E-01  1.738252635603E-01
    122 T  22 TI   -4.991944004332E-01  4.968231834413E-01 -4.924347264286E-01
    123 T  22 TI    4.994245262057E-01 -4.967994931490E-01 -1.592038267392E-01
    124 T  22 TI    4.990811029188E-01 -1.664795808234E-01  1.780758238660E-01
    125 T  22 TI   -4.995773242554E-01 -1.689564583922E-01 -4.940687882632E-01
    126 T  22 TI   -4.999972622746E-01 -1.633095864580E-01 -1.585013345667E-01
    127 T  22 TI   -1.695981725055E-01  1.654250836888E-01  1.759863962774E-01
    128 T  22 TI   -1.668839348629E-01  1.652642713699E-01 -4.887663718051E-01
    129 T  22 TI   -1.679706333703E-01  1.686666860528E-01 -1.606789611761E-01
    130 T  22 TI   -1.641156401870E-01  4.978199858622E-01  1.747971045794E-01
    131 T  22 TI   -1.635991216045E-01 -4.990794713156E-01 -4.907370090499E-01
    132 T  22 TI   -1.671793826143E-01  4.967031096895E-01 -1.587643862053E-01
    133 T  22 TI   -1.696848076105E-01 -1.656263608866E-01  1.739326696712E-01
    134 T  22 TI   -1.675672648053E-01 -1.658418492233E-01 -4.947557294850E-01
    135 T  22 TI   -1.652244193314E-01 -1.674519598357E-01 -1.612294300159E-01

 T = ATOM BELONGING TO THE ASYMMETRIC UNIT
 *******************************************************************************
 * GEOMETRY EDITING - INPUT COORDINATES ARE GIVEN IN ANGSTROM         
 *******************************************************************************

 GCALCO - MAX INDICES DIRECT LATTICE VECTOR    15    15    14
 NO.OF VECTORS CREATED 6999 STARS  514 RMAX   270.02825 BOHR

 GEOMETRY FOR WAVE FUNCTION - DIMENSIONALITY OF THE SYSTEM    3
 (NON PERIODIC DIRECTION: LATTICE PARAMETER FORMALLY SET TO 500)
 *******************************************************************************
 LATTICE PARAMETERS (ANGSTROMS AND DEGREES) - BOHR = 0.5291772083 ANGSTROM
 PRIMITIVE CELL - CENTRING CODE 1/0 VOLUME=  1740.493702 - DENSITY  6.022 g/cm^3
         A              B              C           ALPHA      BETA       GAMMA 
    11.90773305    11.90773305    12.27479580    90.000000  90.000000  90.000000
 *******************************************************************************
 ATOMS IN THE ASYMMETRIC UNIT  135 - ATOMS IN THE UNIT CELL:  135
     ATOM                 X/A                 Y/B                 Z/C    
 *******************************************************************************
      1 T 256 BA    2.155735216681E-03 -1.474892118347E-04  4.628389794660E-03
      2 T 256 BA    5.673770304788E-04  6.770076372552E-04  3.323226402045E-01
      3 T 256 BA    1.042870995587E-03  3.160750645013E-03 -3.316403449645E-01
      4 T 256 BA    2.059726965850E-04  3.308253800640E-01 -2.536783052471E-05
      5 T 256 BA   -5.760931554930E-04  3.345273763637E-01  3.324724862740E-01
      6 T 256 BA    2.731209648995E-03  3.328291473159E-01 -3.293669911356E-01
      7 T 256 BA   -2.739001284598E-03 -3.351788663462E-01  1.538602838788E-03
      8 T 256 BA    3.273917410208E-03 -3.328876377417E-01  3.348791477619E-01
      9 T 256 BA    2.400189177405E-03 -3.315975868509E-01 -3.327369958363E-01
     10 T 256 BA    3.356174528770E-01  1.046879706998E-03  4.296192759869E-03
     11 T 256 BA    3.350145864459E-01  2.338236605258E-03  3.371441210917E-01
     12 T 256 BA    3.326925139770E-01  1.141934728558E-04 -3.343969457802E-01
     13 T 256 BA    3.310328356678E-01  3.326653732389E-01 -1.511365149000E-04
     14 T 256 BA    3.313623649447E-01  3.360462141074E-01  3.352737945692E-01
     15 T 256 BA    3.335597466466E-01  3.364935108008E-01 -3.301171439082E-01
     16 T 256 BA    3.332558894061E-01 -3.299927582145E-01  1.799350756410E-03
     17 T 256 BA    3.325267196275E-01 -3.338564504918E-01  3.323442691960E-01
     18 T 256 BA    3.328593227242E-01 -3.305024056998E-01 -3.295071530279E-01
     19 T 256 BA   -3.341316500379E-01 -3.168989756951E-03  1.379298788375E-03
     20 T 256 BA   -3.311531597075E-01  2.267398521280E-03  3.343230578455E-01
     21 T 256 BA   -3.304054038553E-01 -1.363927377906E-03 -3.320948568243E-01
     22 T 256 BA   -3.341386195678E-01  3.363506832109E-01  3.333699791366E-03
     23 T 256 BA   -3.355549054010E-01  3.314610843430E-01  3.371024422584E-01
     24 T 256 BA   -3.337725577548E-01  3.315696450939E-01 -3.284595077730E-01
     25 T 256 BA   -3.366322787378E-01 -3.328628026983E-01  1.722297464590E-03
     26 T 256 BA   -3.312066392284E-01 -3.349990649210E-01  3.374035767669E-01
     27 T 256 BA   -3.303141666962E-01 -3.333169289398E-01 -3.326284911772E-01
     28 T   8 O     1.668257862351E-01  1.695644703863E-01  3.243043110819E-01
     29 T   8 O     1.648484925678E-01  1.682362827378E-01 -3.417252558918E-01
     30 T   8 O     1.634817082830E-01  1.667736083958E-01 -1.170057392283E-02
     31 T   8 O     1.663134322730E-01 -4.997132737495E-01  3.194346495861E-01
     32 T   8 O     1.654196789902E-01 -4.971090424589E-01 -3.451393624472E-01
     33 T   8 O     1.638947609232E-01  4.988358365324E-01 -9.216399308923E-03
     34 T   8 O     1.650601829776E-01 -1.695098000866E-01  3.218996208740E-01
     35 T   8 O     1.660754869339E-01 -1.635326139998E-01 -3.450263996267E-01
     36 T   8 O     1.665342386295E-01 -1.695592600716E-01 -9.018175627604E-03
     37 T   8 O     4.984000572892E-01  1.659460163787E-01  3.254420813592E-01
     38 T   8 O     4.974713605698E-01  1.651906968098E-01 -3.424059225403E-01
     39 T   8 O    -4.968304661435E-01  1.660860415390E-01 -9.749227676171E-03
     40 T   8 O    -4.998855407061E-01 -4.980627783972E-01  3.253232442019E-01
     41 T   8 O     4.993566188342E-01  4.986877986713E-01 -3.469374783632E-01
     42 T   8 O     4.992748998554E-01 -4.967210697680E-01 -1.075007374028E-02
     43 T   8 O     4.985071581761E-01 -1.670213627339E-01  3.197644525773E-01
     44 T   8 O     4.990835555709E-01 -1.670883082304E-01 -3.408950392330E-01
     45 T   8 O    -4.987006767774E-01 -1.636906164913E-01 -1.150386042496E-02
     46 T   8 O    -1.633996211675E-01  1.664030233180E-01  3.219498852550E-01
     47 T   8 O    -1.696197162170E-01  1.652124996035E-01 -3.446532712941E-01
     48 T   8 O    -1.659070276002E-01  1.633998938129E-01 -1.048822537700E-02
     49 T   8 O    -1.661307658887E-01  4.966972486024E-01  3.223745598847E-01
     50 T   8 O    -1.653023963990E-01 -4.970280570760E-01 -3.432580059545E-01
     51 T   8 O    -1.688946188183E-01 -4.986485808899E-01 -1.272648100688E-02
     52 T   8 O    -1.637244705050E-01 -1.651299688270E-01  3.221629965085E-01
     53 T   8 O    -1.680886705742E-01 -1.696763271310E-01 -3.435653742047E-01
     54 T   8 O    -1.680997846064E-01 -1.646044623738E-01 -8.505695257473E-03
     55 T   8 O     1.650014715084E-01 -2.591844856181E-03  1.604775226546E-01
     56 T   8 O     1.661023975423E-01  3.265017815919E-03  4.945740484863E-01
     57 T   8 O     1.668830665968E-01 -2.734215001062E-03 -1.696752785786E-01
     58 T   8 O     1.654066713467E-01  3.361287668708E-01  1.631074781748E-01
     59 T   8 O     1.695832141595E-01  3.349796899306E-01  4.948584707644E-01
     60 T   8 O     1.659366147428E-01  3.303777976660E-01 -1.729339983340E-01
     61 T   8 O     1.694704545376E-01 -3.333669872334E-01  1.599822225750E-01
     62 T   8 O     1.665672976962E-01 -3.302429775792E-01  4.938363283091E-01
     63 T   8 O     1.645299067617E-01 -3.307428334246E-01 -1.714724624847E-01
     64 T   8 O     4.980212245243E-01  1.642938105127E-03  1.638728757809E-01
     65 T   8 O     4.972917005303E-01  1.815477872469E-03  4.958939919853E-01
     66 T   8 O     4.999156896385E-01  3.355561976499E-03 -1.714299494361E-01
     67 T   8 O    -4.992762551764E-01  3.365330806768E-01  1.624774074306E-01
     68 T   8 O    -4.981291289928E-01  3.305476417728E-01  4.949605576864E-01
     69 T   8 O    -4.982638270958E-01  3.310211855820E-01 -1.732154016593E-01
     70 T   8 O    -4.997155500512E-01 -3.299962678665E-01  1.620278619794E-01
     71 T   8 O     4.969021566836E-01 -3.320683327558E-01  4.948236864835E-01
     72 T   8 O    -4.966780496231E-01 -3.336779213713E-01 -1.719062671321E-01
     73 T   8 O    -1.697596424116E-01 -8.468132537405E-04  1.608063884543E-01
     74 T   8 O    -1.668366904168E-01  1.435453923707E-03  4.921684272023E-01
     75 T   8 O    -1.660787934416E-01  3.272688724632E-03 -1.720197598182E-01
     76 T   8 O    -1.699489294672E-01  3.334864173993E-01  1.610994845689E-01
     77 T   8 O    -1.700103603781E-01  3.336547333576E-01  4.950910578542E-01
     78 T   8 O    -1.642480532621E-01  3.341664647881E-01 -1.694445802498E-01
     79 T   8 O    -1.681680526062E-01 -3.307146895677E-01  1.603467988124E-01
     80 T   8 O    -1.653571887957E-01 -3.306672213747E-01  4.966318709295E-01
     81 T   8 O    -1.678381098814E-01 -3.343054078561E-01 -1.744615758374E-01
     82 T   8 O    -1.780416096160E-04  1.640574413086E-01  1.597315779457E-01
     83 T   8 O     8.534671207999E-04  1.653255245871E-01  4.922392856768E-01
     84 T   8 O     2.811730611108E-03  1.682040797982E-01 -1.705795631782E-01
     85 T   8 O    -3.183572398612E-03  4.993571522915E-01  1.609446540477E-01
     86 T   8 O     1.268207699356E-03 -4.971767395532E-01  4.963766412911E-01
     87 T   8 O     1.957000164535E-03 -4.988211989992E-01 -1.739456545164E-01
     88 T   8 O    -1.280585564259E-03 -1.679089016506E-01  1.645377656656E-01
     89 T   8 O     4.401987178736E-04 -1.671418389707E-01  4.983075530042E-01
     90 T   8 O    -2.524491339911E-03 -1.649366644571E-01 -1.702131612495E-01
     91 T   8 O     3.366342157828E-01  1.663315704899E-01  1.622861773146E-01
     92 T   8 O     3.334869788861E-01  1.641244228909E-01  4.929852109937E-01
     93 T   8 O     3.306932232245E-01  1.658148575406E-01 -1.697190558416E-01
     94 T   8 O     3.338637391585E-01 -4.977466932105E-01  1.641380580383E-01
     95 T   8 O     3.348138413198E-01  4.997610007868E-01  4.921940672278E-01
     96 T   8 O     3.331592940038E-01 -4.991492645296E-01 -1.684087191673E-01
     97 T   8 O     3.317959663482E-01 -1.645263916922E-01  1.597557691001E-01
     98 T   8 O     3.327916812733E-01 -1.633514819400E-01  4.950989327292E-01
     99 T   8 O     3.307554123160E-01 -1.645306972352E-01 -1.712893621238E-01
    100 T   8 O    -3.362530521523E-01  1.674499679209E-01  1.631976665955E-01
    101 T   8 O    -3.328804555383E-01  1.633663992134E-01  4.955296193995E-01
    102 T   8 O    -3.356390496395E-01  1.654721101039E-01 -1.736238308245E-01
    103 T   8 O    -3.307761493221E-01  4.980240459967E-01  1.608873563374E-01
    104 T   8 O    -3.337227936771E-01 -4.972501985562E-01  4.969431686174E-01
    105 T   8 O    -3.358556271196E-01  4.993251427618E-01 -1.736068930608E-01
    106 T   8 O    -3.310794603145E-01 -1.665051649871E-01  1.593654475699E-01
    107 T   8 O    -3.339209347393E-01 -1.698738379853E-01  4.943262345325E-01
    108 T   8 O    -3.336131403888E-01 -1.687220864219E-01 -1.689935328232E-01
    109 T  22 TI    1.652365821113E-01  1.693604905425E-01  1.735808835047E-01
    110 T  22 TI    1.660260077825E-01  1.635325176965E-01 -4.927143525592E-01
    111 T  22 TI    1.693296047424E-01  1.685753718613E-01 -1.591058294045E-01
    112 T  22 TI    1.636234096386E-01 -4.994613528508E-01  1.762235184998E-01
    113 T  22 TI    1.691121254886E-01 -4.983336553189E-01 -4.901778846130E-01
    114 T  22 TI    1.662546163414E-01 -4.988403680673E-01 -1.553545246260E-01
    115 T  22 TI    1.682699775320E-01 -1.637266849136E-01  1.746902446374E-01
    116 T  22 TI    1.676964463038E-01 -1.691266351928E-01 -4.897385144933E-01
    117 T  22 TI    1.662039772945E-01 -1.665879254310E-01 -1.616134122165E-01
    118 T  22 TI    4.991048485970E-01  1.666110095825E-01  1.718062547960E-01
    119 T  22 TI    4.967568938910E-01  1.665768975089E-01 -4.908753078875E-01
    120 T  22 TI   -4.999180919006E-01  1.679931179289E-01 -1.553938317723E-01
    121 T  22 TI    4.968939107103E-01  4.994523621285E-01  1.738252635603E-01
    122 T  22 TI   -4.991944004332E-01  4.968231834413E-01 -4.924347264286E-01
    123 T  22 TI    4.994245262057E-01 -4.967994931490E-01 -1.592038267392E-01
    124 T  22 TI    4.990811029188E-01 -1.664795808234E-01  1.780758238660E-01
    125 T  22 TI   -4.995773242554E-01 -1.689564583922E-01 -4.940687882632E-01
    126 T  22 TI   -4.999972622746E-01 -1.633095864580E-01 -1.585013345667E-01
    127 T  22 TI   -1.695981725055E-01  1.654250836888E-01  1.759863962774E-01
    128 T  22 TI   -1.668839348629E-01  1.652642713699E-01 -4.887663718051E-01
    129 T  22 TI   -1.679706333703E-01  1.686666860528E-01 -1.606789611761E-01
    130 T  22 TI   -1.641156401870E-01  4.978199858622E-01  1.747971045794E-01
    131 T  22 TI   -1.635991216045E-01 -4.990794713156E-01 -4.907370090499E-01
    132 T  22 TI   -1.671793826143E-01  4.967031096895E-01 -1.587643862053E-01
    133 T  22 TI   -1.696848076105E-01 -1.656263608866E-01  1.739326696712E-01
    134 T  22 TI   -1.675672648053E-01 -1.658418492233E-01 -4.947557294850E-01
    135 T  22 TI   -1.652244193314E-01 -1.674519598357E-01 -1.612294300159E-01

 T = ATOM BELONGING TO THE ASYMMETRIC UNIT

 ****    1 SYMMOPS - TRANSLATORS IN FRACTIONAL UNITS
 **** MATRICES AND TRANSLATORS IN THE CRYSTALLOGRAPHIC REFERENCE FRAME
   V INV                    ROTATION MATRICES                   TRANSLATORS
   1   1  1.00  0.00  0.00  0.00  1.00  0.00  0.00  0.00  1.00  0.00  0.00  0.00

 DIRECT LATTICE VECTORS CARTESIAN COMPONENTS (ANGSTROM)
          X                    Y                    Z
   0.119077330500E+02   0.000000000000E+00   0.000000000000E+00
   0.000000000000E+00   0.119077330500E+02   0.000000000000E+00
   0.000000000000E+00   0.000000000000E+00   0.122747958000E+02


 CARTESIAN COORDINATES - PRIMITIVE CELL
 *******************************************************************************
 *      ATOM          X(ANGSTROM)         Y(ANGSTROM)         Z(ANGSTROM)
 *******************************************************************************
    1   256 BA    2.566991948672E-02 -1.756262162283E-03  5.681253961225E-02
    2   256 BA    6.756174217643E-03  8.061626217246E-03  4.079192548228E+00
    3   256 BA    1.241822942104E-02  3.763737491843E-02  8.203978286519E+00
    4   256 BA    2.452667886522E-03  3.939380311967E+00 -3.113849395798E-04
    5   256 BA   -6.859963507542E-03  3.983462695656E+00  4.081031878132E+00
    6   256 BA    3.252251540382E-02  3.963240637497E+00  8.231883240550E+00
    7   256 BA   -3.261529612060E-02  7.916512585548E+00  1.888603566342E-02
    8   256 BA    3.898493454850E-02  7.943795924127E+00  4.110573156455E+00
    9   256 BA    2.858081199404E-02  7.959157505756E+00  8.190517121003E+00
   10   256 BA    3.996443035780E+00  1.246596408640E-02  5.273488884483E-02
   11   256 BA    3.989264263254E+00  2.784309730314E-02  4.138375241571E+00
   12   256 BA    3.961613644171E+00  1.359785390819E-03  8.170141574404E+00
   13   256 BA    3.941850637917E+00  3.961290459507E+00 -1.855169858321E-03
   14   256 BA    3.945774584578E+00  4.001548610054E+00  4.115417365428E+00
   15   256 BA    3.971940419294E+00  4.006874899673E+00  8.222675268448E+00
   16   256 BA    3.968322168388E+00  7.978267376748E+00  2.208666310750E-02
   17   256 BA    3.959639409316E+00  7.932259560523E+00  4.079458039681E+00
   18   256 BA    3.963599958204E+00  7.972198630544E+00  8.230162781943E+00
   19   256 BA    7.928982557793E+00 -3.773548406395E-02  1.693061097449E-02
   20   256 BA    7.964449625539E+00  2.699957630937E-02  4.103747266285E+00
   21   256 BA    7.973353702614E+00 -1.624128311569E-02  8.198399246251E+00
   22   256 BA    7.928899566491E+00  4.005174146860E+00  4.092048419752E-02
   23   256 BA    7.912034812867E+00  3.946950108820E+00  4.137863642403E+00
   24   256 BA    7.933258532840E+00  3.948242821262E+00  8.243022413518E+00
   25   256 BA    7.899205738777E+00  7.944091653194E+00  2.114084968470E-02
   26   256 BA    7.963812805680E+00  7.918653612922E+00  4.141560007003E+00
   27   256 BA    7.974440130348E+00  7.938684039140E+00  8.191848993538E+00
   28     8 O     1.986516928344E+00  2.019128448124E+00  3.980769195590E+00
   29     8 O     1.962971843192E+00  2.003312744166E+00  8.080188064226E+00
   30     8 O     1.946696540791E+00  1.985895608563E+00  1.213117364435E+01
   31     8 O     1.980415954136E+00  5.957280784649E+00  3.920995095114E+00
   32     8 O     1.969773378632E+00  5.988291275658E+00  8.038280603418E+00
   33     8 O     1.951615061368E+00  5.940003977201E+00  1.216166638047E+01
   34     8 O     1.965492596082E+00  9.889255601210E+00  3.951252114325E+00
   35     8 O     1.977582564558E+00  9.960430337522E+00  8.039667198973E+00
   36     8 O     1.983045257285E+00  9.888666644912E+00  1.216409953568E+01
   37     8 O     5.934814834305E+00  1.976040863748E+00  3.994735093411E+00
   38     8 O     5.923756161685E+00  1.967046719954E+00  8.071833020107E+00
   39     8 O     5.991608488056E+00  1.977708245978E+00  1.215512602107E+01
   40     8 O     5.955229475717E+00  5.976934442704E+00  3.993276391572E+00
   41     8 O     5.946205313829E+00  5.938241181869E+00  8.016209097725E+00
   42     8 O     5.945232226043E+00  5.992911150893E+00  1.214284084000E+01
   43     8 O     5.936090163076E+00  9.918887248917E+00  3.925043359486E+00
   44     8 O     5.942953749384E+00  9.918090079816E+00  8.090378804182E+00
   45     8 O     5.969338519081E+00  9.958548886032E+00  1.213358826237E+01
   46     8 O     9.962013980666E+00  1.981482780384E+00  3.951869099339E+00
   47     8 O     9.887946749271E+00  1.967306341801E+00  8.044247273063E+00
   48     8 O     9.932156454218E+00  1.945722315923E+00  1.214605497519E+01
   49     8 O     9.929492238405E+00  5.914538243026E+00  3.957081893699E+00
   50     8 O     9.939356241156E+00  5.989255627979E+00  8.061373870193E+00
   51     8 O     9.896581015530E+00  5.969958863002E+00  1.211858084439E+01
   52     8 O     9.958145761473E+00  9.941409462654E+00  3.954484996458E+00
   53     8 O     9.906178032073E+00  9.887272641620E+00  8.057600987687E+00
   54     8 O     9.906045689145E+00  9.947667053214E+00  1.217039012758E+01
   55     8 O     1.964793475579E+00 -3.086299665442E-02  1.969828821075E+00
   56     8 O     1.977903008899E+00  3.887896055545E-02  6.070795453148E+00
   57     8 O     1.987199007600E+00 -3.255830233395E-02  1.019206640314E+01
   58     8 O     1.969618487086E+00  4.002531626323E+00  2.002110988048E+00
   59     8 O     2.019351643972E+00  3.988848724866E+00  6.074286678533E+00
   60     8 O     1.975928911578E+00  3.934050620254E+00  1.015206628357E+01
   61     8 O     2.018008932496E+00  7.938087958342E+00  1.963749113738E+00
   62     8 O     1.983438915826E+00  7.975287831350E+00  6.061740088616E+00
   63     8 O     1.959178208460E+00  7.969335681379E+00  1.017000633768E+01
   64     8 O     5.930303794869E+00  1.956366837352E-02  2.011506087369E+00
   65     8 O     5.921616817895E+00  2.161822586354E-02  6.086997490066E+00
   66     8 O     5.952862579722E+00  3.995713624888E-02  1.017052817667E+01
   67     8 O     5.962484685156E+00  4.007346087193E+00  1.994376998323E+00
   68     8 O     5.976144357524E+00  3.936073078537E+00  6.075539774655E+00
   69     8 O     5.974540408472E+00  3.941711911805E+00  1.014861211522E+01
   70     8 O     5.957253679056E+00  7.978225584750E+00  1.988858919708E+00
   71     8 O     5.916978233758E+00  7.953551989185E+00  6.073859708588E+00
   72     8 O     5.993423423294E+00  7.934385437632E+00  1.016468147421E+01
   73     8 O     9.886280545500E+00 -1.008362616874E-02  1.973865581611E+00
   74     8 O     9.921086277571E+00  1.709300212908E-02  6.041266943115E+00
   75     8 O     9.930111112432E+00  3.897030368867E-02  1.016328837467E+01
   76     8 O     9.884026565771E+00  3.971067234192E+00  1.977463276569E+00
   77     8 O     9.883295062883E+00  3.973071495692E+00  6.077141637566E+00
   78     8 O     9.951911077773E+00  3.979165056958E+00  1.019489817802E+01
   79     8 O     9.905232772027E+00  7.969670810915E+00  1.968224212606E+00
   80     8 O     9.938703787922E+00  7.970236049485E+00  6.096054803432E+00
   81     8 O     9.909161641916E+00  7.926913496078E+00  1.013331558165E+01
   82     8 O    -2.120071959099E-03  1.953552215969E+00  1.960672502095E+00
   83     8 O     1.016285864144E-02  1.968652213135E+00  6.042136716420E+00
   84     8 O     3.348133752559E-02  2.002929280158E+00  1.018096649433E+01
   85     8 O    -3.790913026802E-02  5.946211666095E+00  1.975562763537E+00
   86     8 O     1.510147873588E-02  5.987485156731E+00  6.092921911738E+00
   87     8 O     2.330343553809E-02  5.967903372637E+00  1.013964841051E+01
   88     8 O    -1.524887104688E-02  9.908318672425E+00  2.019667474933E+00
   89     8 O     5.241768821391E-03  9.917452650051E+00  6.116623458724E+00
   90     8 O    -3.006096896269E-02  9.943711279487E+00  1.018546400319E+01
   91     8 O     4.008550377037E+00  1.980631939181E+00  1.992029687700E+00
   92     8 O     3.971073920227E+00  1.954349814770E+00  6.051292797367E+00
   93     8 O     3.937806623601E+00  1.974479059317E+00  1.019152904618E+01
   94     8 O     3.975560280974E+00  5.980698300729E+00  2.014761145429E+00
   95     8 O     3.986873843882E+00  5.951020586170E+00  6.041581669193E+00
   96     8 O     3.967171936124E+00  5.963996855877E+00  1.020761316128E+01
   97     8 O     3.950937794341E+00  9.948596698049E+00  1.960969443576E+00
   98     8 O     3.962794501863E+00  9.962587209736E+00  6.077238300049E+00
   99     8 O     3.938547154702E+00  9.948545428793E+00  1.017225385722E+01
  100     8 O     7.903721467722E+00  1.993949517233E+00  2.003218032496E+00
  101     8 O     7.943881447887E+00  1.945323471173E+00  6.082524890981E+00
  102     8 O     7.911032845737E+00  1.970397714338E+00  1.014359873062E+01
  103     8 O     7.968938964566E+00  5.930337392210E+00  1.974859445843E+00
  104     8 O     7.933851110193E+00  5.986610426533E+00  6.099875918984E+00
  105     8 O     7.908453898920E+00  5.945830505161E+00  1.014380663821E+01
  106     8 O     7.965327218237E+00  9.925033993887E+00  1.956178326496E+00
  107     8 O     7.931491699318E+00  9.884920735092E+00  6.067753587469E+00
  108     8 O     7.935156832278E+00  9.898635485249E+00  1.020043469307E+01
  109    22 TI    1.967593109875E+00  2.016699510597E+00  2.130669899804E+00
  110    22 TI    1.976993380032E+00  1.947301565724E+00  6.226827734607E+00
  111    22 TI    2.016331730735E+00  2.007350526929E+00  1.032180423347E+01
  112    22 TI    1.948383882707E+00  5.960280591461E+00  2.163107704742E+00
  113    22 TI    2.013742045836E+00  5.973708912631E+00  6.257962360699E+00
  114    22 TI    1.979715589723E+00  5.967675112490E+00  1.036785073361E+01
  115    22 TI    2.003713972780E+00  9.958119392888E+00  2.144287081176E+00
  116    22 TI    1.996884516020E+00  9.893818226480E+00  6.263355539199E+00
  117    22 TI    1.979112593471E+00  9.924048504614E+00  1.029102416650E+01
  118    22 TI    5.943207301053E+00  1.983959425299E+00  2.108886694784E+00
  119    22 TI    5.915248483201E+00  1.983553227834E+00  6.249401632419E+00
  120    22 TI    5.954841864783E+00  2.000417202535E+00  1.036736824642E+01
  121    22 TI    5.916880042909E+00  5.947345399418E+00  2.133669615084E+00
  122    22 TI    5.963459389587E+00  5.916037841471E+00  6.230260088260E+00
  123    22 TI    5.947013936681E+00  5.991977306207E+00  1.032060133620E+01
  124    22 TI    5.942924543857E+00  9.925338643279E+00  2.185844374872E+00
  125    22 TI    5.958899634933E+00  9.895844646392E+00  6.210202312916E+00
  126    22 TI    5.953899125103E+00  9.963086089952E+00  1.032922428417E+01
  127    22 TI    9.888203286036E+00  1.969837736341E+00  2.160197077883E+00
  128    22 TI    9.920523703319E+00  1.967922826176E+00  6.275288392185E+00
  129    22 TI    9.907583587587E+00  2.008437871945E+00  1.030249436221E+01
  130    22 TI    9.953487817324E+00  5.927907498601E+00  2.145598765144E+00
  131    22 TI    9.959638382719E+00  5.964827934839E+00  6.251099222410E+00
  132    22 TI    9.917005590366E+00  5.914608035288E+00  1.032599537902E+01
  133    22 TI    9.887171658334E+00  9.935498558519E+00  2.134988003163E+00
  134    22 TI    9.912386792780E+00  9.932932580931E+00  6.201770249691E+00
  135    22 TI    9.940284771261E+00  9.913759813577E+00  1.029573746960E+01

 *******************************************************************************
 *** PSEUDOPOTENTIAL INFORMATION ***
 *******************************************************************************

 ATOMIC NUMBER  56, NUCLEAR CHARGE 10.000, GIVEN IN INPUT       PSEUDOPOTENTIAL
   TYPE       EXPONENT      COEFF.    N      EXPONENT      COEFF.    N
  P0 TMS     9.5269860  427.8458160   0     4.4875100  204.4175300   0
  P1 TMS     8.3159300  293.6058640   0     4.2922170  294.1933160   0
  P2 TMS     5.9161080  112.5504020   0     2.8748420  181.7826210   0
  P3 TMS     3.5894650  -33.4731740   0

 *******************************************************************************
 LOCAL ATOMIC FUNCTIONS BASIS SET
 *******************************************************************************
   ATOM   X(AU)   Y(AU)   Z(AU)  N. TYPE  EXPONENT  S COEF   P COEF   D/F/G COEF
 *******************************************************************************
   1 BA   0.049  -0.003   0.107
                                  1 S  
                                         2.396E+00-5.955E+00 0.000E+00 0.000E+00
                                         2.243E+00 6.681E+00 0.000E+00 0.000E+00
                                         7.174E-01-5.706E-01 0.000E+00 0.000E+00
                                  2 S  
                                         2.742E-01 1.000E+00 0.000E+00 0.000E+00
                           3-     6 SP 
                                         1.300E-01 1.000E+00 1.000E+00 0.000E+00
                           7-     9 P  
                                         2.927E+00 0.000E+00 7.982E-01 0.000E+00
                                         2.521E+00 0.000E+00-1.071E+00 0.000E+00
                                         6.758E-01 0.000E+00 3.494E-01 0.000E+00
                                         3.199E-01 0.000E+00 6.504E-01 0.000E+00
                          10-    14 D  
                                         9.663E-01 0.000E+00 0.000E+00-9.089E-01
                                         8.938E-01 0.000E+00 0.000E+00 9.472E-01
                          15-    19 D  
                                         2.732E-01 0.000E+00 0.000E+00 3.221E-01
   2 BA   0.013   0.015   7.709
   3 BA   0.023   0.071  15.503
   4 BA   0.005   7.444  -0.001
   5 BA  -0.013   7.528   7.712
   6 BA   0.061   7.489  15.556
   7 BA  -0.062  14.960   0.036
   8 BA   0.074  15.012   7.768
   9 BA   0.054  15.041  15.478
  10 BA   7.552   0.024   0.100
  11 BA   7.539   0.053   7.820
  12 BA   7.486   0.003  15.439
  13 BA   7.449   7.486  -0.004
  14 BA   7.456   7.562   7.777
  15 BA   7.506   7.572  15.539
  16 BA   7.499  15.077   0.042
  17 BA   7.483  14.990   7.709
  18 BA   7.490  15.065  15.553
  19 BA  14.984  -0.071   0.032
  20 BA  15.051   0.051   7.755
  21 BA  15.067  -0.031  15.493
  22 BA  14.983   7.569   0.077
  23 BA  14.952   7.459   7.819
  24 BA  14.992   7.461  15.577
  25 BA  14.927  15.012   0.040
  26 BA  15.049  14.964   7.826
  27 BA  15.070  15.002  15.480
  28 O    3.754   3.816   7.523
                                514 S  
                                         2.703E+04 2.173E-04 0.000E+00 0.000E+00
                                         4.052E+03 1.684E-03 0.000E+00 0.000E+00
                                         9.223E+02 8.740E-03 0.000E+00 0.000E+00
                                         2.612E+02 3.524E-02 0.000E+00 0.000E+00
                                         8.535E+01 1.115E-01 0.000E+00 0.000E+00
                                         3.104E+01 2.559E-01 0.000E+00 0.000E+00
                                515 S  
                                         1.227E+01 3.977E-01 0.000E+00 0.000E+00
                                         4.916E+00 2.463E-01 0.000E+00 0.000E+00
                                516 S  
                                         9.009E-01 1.000E+00 0.000E+00 0.000E+00
                         517-   520 SP 
                                         2.500E-01 1.000E+00 1.000E+00 0.000E+00
                         521-   523 P  
                                         7.530E+01 0.000E+00 6.069E-03 0.000E+00
                                         1.774E+01 0.000E+00 4.191E-02 0.000E+00
                                         5.536E+00 0.000E+00 1.615E-01 0.000E+00
                                         2.069E+00 0.000E+00 3.571E-01 0.000E+00
                         524-   526 P  
                                         7.824E-01 0.000E+00 1.000E+00 0.000E+00
                         527-   531 D  
                                         1.200E+00 0.000E+00 0.000E+00 1.000E+00
  29 O    3.709   3.786  15.269
  30 O    3.679   3.753  22.925
  31 O    3.742  11.258   7.410
  32 O    3.722  11.316  15.190
  33 O    3.688  11.225  22.982
  34 O    3.714  18.688   7.467
  35 O    3.737  18.822  15.193
  36 O    3.747  18.687  22.987
  37 O   11.215   3.734   7.549
  38 O   11.194   3.717  15.254
  39 O   11.322   3.737  22.970
  40 O   11.254  11.295   7.546
  41 O   11.237  11.222  15.148
  42 O   11.235  11.325  22.947
  43 O   11.218  18.744   7.417
  44 O   11.231  18.742  15.289
  45 O   11.280  18.819  22.929
  46 O   18.825   3.744   7.468
  47 O   18.686   3.718  15.201
  48 O   18.769   3.677  22.953
  49 O   18.764  11.177   7.478
  50 O   18.783  11.318  15.234
  51 O   18.702  11.282  22.901
  52 O   18.818  18.787   7.473
  53 O   18.720  18.684  15.227
  54 O   18.720  18.798  22.999
  55 O    3.713  -0.058   3.722
  56 O    3.738   0.073  11.472
  57 O    3.755  -0.062  19.260
  58 O    3.722   7.564   3.783
  59 O    3.816   7.538  11.479
  60 O    3.734   7.434  19.185
  61 O    3.813  15.001   3.711
  62 O    3.748  15.071  11.455
  63 O    3.702  15.060  19.219
  64 O   11.207   0.037   3.801
  65 O   11.190   0.041  11.503
  66 O   11.249   0.076  19.220
  67 O   11.267   7.573   3.769
  68 O   11.293   7.438  11.481
  69 O   11.290   7.449  19.178
  70 O   11.258  15.077   3.758
  71 O   11.181  15.030  11.478
  72 O   11.326  14.994  19.208
  73 O   18.682  -0.019   3.730
  74 O   18.748   0.032  11.416
  75 O   18.765   0.074  19.206
  76 O   18.678   7.504   3.737
  77 O   18.677   7.508  11.484
  78 O   18.806   7.520  19.266
  79 O   18.718  15.060   3.719
  80 O   18.781  15.062  11.520
  81 O   18.726  14.980  19.149
  82 O   -0.004   3.692   3.705
  83 O    0.019   3.720  11.418
  84 O    0.063   3.785  19.239
  85 O   -0.072  11.237   3.733
  86 O    0.029  11.315  11.514
  87 O    0.044  11.278  19.161
  88 O   -0.029  18.724   3.817
  89 O    0.010  18.741  11.559
  90 O   -0.057  18.791  19.248
  91 O    7.575   3.743   3.764
  92 O    7.504   3.693  11.435
  93 O    7.441   3.731  19.259
  94 O    7.513  11.302   3.807
  95 O    7.534  11.246  11.417
  96 O    7.497  11.270  19.290
  97 O    7.466  18.800   3.706
  98 O    7.489  18.827  11.484
  99 O    7.443  18.800  19.223
 100 O   14.936   3.768   3.786
 101 O   15.012   3.676  11.494
 102 O   14.950   3.724  19.169
 103 O   15.059  11.207   3.732
 104 O   14.993  11.313  11.527
 105 O   14.945  11.236  19.169
 106 O   15.052  18.756   3.697
 107 O   14.988  18.680  11.466
 108 O   14.995  18.706  19.276
 109 TI   3.718   3.811   4.026
                               1972 S  
                                         2.116E+05 2.332E-04 0.000E+00 0.000E+00
                                         3.171E+04 1.808E-03 0.000E+00 0.000E+00
                                         7.218E+03 9.398E-03 0.000E+00 0.000E+00
                                         2.043E+03 3.816E-02 0.000E+00 0.000E+00
                                         6.651E+02 1.237E-01 0.000E+00 0.000E+00
                                         2.387E+02 2.921E-01 0.000E+00 0.000E+00
                                         9.251E+01 4.123E-01 0.000E+00 0.000E+00
                                         3.640E+01 2.109E-01 0.000E+00 0.000E+00
                               1973 S  
                                         2.327E+02-2.492E-02 0.000E+00 0.000E+00
                                         7.179E+01-1.175E-01 0.000E+00 0.000E+00
                                         1.116E+01 5.650E-01 0.000E+00 0.000E+00
                                         4.655E+00 5.621E-01 0.000E+00 0.000E+00
                               1974 S  
                                         6.803E+00-2.301E-01 0.000E+00 0.000E+00
                                         1.120E+00 7.210E-01 0.000E+00 0.000E+00
                               1975 S  
                                         4.808E-01 1.000E+00 0.000E+00 0.000E+00
                               1976 S  
                                         2.400E-01 1.000E+00 0.000E+00 0.000E+00
                        1977-  1980 SP 
                                         1.200E-01 1.000E+00 1.000E+00 0.000E+00
                        1981-  1983 P  
                                         1.063E+03 0.000E+00 2.469E-03 0.000E+00
                                         2.516E+02 0.000E+00 1.977E-02 0.000E+00
                                         8.041E+01 0.000E+00 9.099E-02 0.000E+00
                                         2.977E+01 0.000E+00 2.556E-01 0.000E+00
                                         1.174E+01 0.000E+00 4.049E-01 0.000E+00
                                         4.714E+00 0.000E+00 2.369E-01 0.000E+00
                        1984-  1986 P  
                                         1.780E+01 0.000E+00-2.788E-02 0.000E+00
                                         2.427E+00 0.000E+00 5.567E-01 0.000E+00
                                         9.682E-01 0.000E+00 1.006E+00 0.000E+00
                        1987-  1989 P  
                                         3.706E-01 0.000E+00 1.000E+00 0.000E+00
                        1990-  1994 D  
                                         3.771E+01 0.000E+00 0.000E+00 1.151E-02
                                         1.069E+01 0.000E+00 0.000E+00 6.725E-02
                                         3.673E+00 0.000E+00 0.000E+00 2.148E-01
                                         1.359E+00 0.000E+00 0.000E+00 3.889E-01
                        1995-  1999 D  
                                         5.400E-01 0.000E+00 0.000E+00 1.000E+00
                        2000-  2004 D  
                                         2.200E-01 0.000E+00 0.000E+00 1.000E+00
 110 TI   3.736   3.680  11.767
 111 TI   3.810   3.793  19.505
 112 TI   3.682  11.263   4.088
 113 TI   3.805  11.289  11.826
 114 TI   3.741  11.277  19.592
 115 TI   3.786  18.818   4.052
 116 TI   3.774  18.697  11.836
 117 TI   3.740  18.754  19.447
 118 TI  11.231   3.749   3.985
 119 TI  11.178   3.748  11.810
 120 TI  11.253   3.780  19.591
 121 TI  11.181  11.239   4.032
 122 TI  11.269  11.180  11.773
 123 TI  11.238  11.323  19.503
 124 TI  11.230  18.756   4.131
 125 TI  11.261  18.700  11.736
 126 TI  11.251  18.828  19.519
 127 TI  18.686   3.722   4.082
 128 TI  18.747   3.719  11.859
 129 TI  18.723   3.795  19.469
 130 TI  18.809  11.202   4.055
 131 TI  18.821  11.272  11.813
 132 TI  18.740  11.177  19.513
 133 TI  18.684  18.775   4.035
 134 TI  18.732  18.771  11.720
 135 TI  18.784  18.734  19.456
 INFORMATION **** SET_MPP **** PCRYSTAL CALCULATION
 INFORMATION **** READM2 **** NEW DEFAULT: FOCK/KS MATRIX MIXING SET TO 30 %
 INFORMATION **** READM2 **** NEW DEFAULT: FULL DIRECT SCF MODE
 INFORMATION **** READM2 **** NEW DEFAULT: COULOMB BIPOLAR BUFFER SET TO 32 Mb
 INFORMATION **** READM2 **** NEW DEFAULT: EXCHANGE BIPOLAR BUFFER SET TO 32 Mb

 *******************************************************************************
 NEW DEFAULT: DFT INTEGRATION GRID INCREASED TO XLGRID
 NEW DEFAULT: DIIS ACCELERATOR ACTIVE
 USE KEYWORD NODIIS TO TURN IT OFF
 *******************************************************************************

 INFORMATION **** TOLINTEG **** COULOMB AND EXCHANGE SERIES TOLERANCES MODIFIED
 INFORMATION **** MAXCYCLE **** MAX NUMBER OF SCF CYCLES SET TO         100
 INFORMATION **** EXCHSIZE **** EXCHANGE BIPOLAR BUFFER SIZE SET TO    30000000
 INFORMATION **** BIPOSIZE **** COULOMB BIPOLAR BUFFER SET TO    30000000
 INFORMATION **** GRADCAL **** ANALYTICAL GRADIENT AFTER SCF COMPLETED
 *******************************************************************************
 N. OF ATOMS PER CELL       135  COULOMB OVERLAP TOL         (T1) 10**   -8
 NUMBER OF SHELLS          1053  COULOMB PENETRATION TOL     (T2) 10**   -8
 NUMBER OF AO              2862  EXCHANGE OVERLAP TOL        (T3) 10**   -8
 N. OF ELECTRONS PER CELL  1512  EXCHANGE PSEUDO OVP (F(G))  (T4) 10**   -8
 CORE ELECTRONS PER CELL    648  EXCHANGE PSEUDO OVP (P(G))  (T5) 10**  -16
 N. OF SYMMETRY OPERATORS     1  POLE ORDER IN MONO ZONE                  4
 *******************************************************************************
 TYPE OF CALCULATION :  RESTRICTED CLOSED SHELL
 KOHN-SHAM HAMILTONIAN

 (EXCHANGE)[CORRELATION] FUNCTIONAL:(PERDEW-BURKE-ERNZERHOF)[PERDEW-BURKE-ERNZERHOF]


 HYBRID EXCHANGE - PERCENTAGE OF FOCK EXCHANGE    25.0000
 CORE  PSEUDO POTENTIAL         TOL. ON PSEUDO              (TP) 10**- 6

 CAPPA:IS1  2;IS2  2;IS3  2; K PTS MONK NET   8; SYMMOPS:K SPACE   2;G SPACE   1

 *******************************************************************************
 MAX NUMBER OF SCF CYCLES     100  CONVERGENCE ON DELTAP        10**-16
 WEIGHT OF F(I) IN F(I+1)      80% CONVERGENCE ON ENERGY        10**- 6
 SHRINK. FACT.(MONKH.)    2  2  2  NUMBER OF K POINTS IN THE IBZ      8
 SHRINKING FACTOR(GILAT NET)    2  NUMBER OF K POINTS(GILAT NET)      8
 *******************************************************************************
 *** K POINTS COORDINATES (OBLIQUE COORDINATES IN UNITS OF IS =  2)
   1-R(  0  0  0)   2-R(  1  0  0)   3-R(  0  1  0)   4-R(  1  1  0)
   5-R(  0  0  1)   6-R(  1  0  1)   7-R(  0  1  1)   8-R(  1  1  1)

 DIRECT LATTICE VECTORS COMPON. (A.U.)     RECIP. LATTICE VECTORS COMPON. (A.U.) 
        X            Y            Z              X            Y            Z
   22.5023543    0.0000000    0.0000000      0.2792235    0.0000000    0.0000000
    0.0000000   22.5023543    0.0000000      0.0000000    0.2792235    0.0000000
    0.0000000    0.0000000   23.1960024      0.0000000    0.0000000    0.2708736

 DISK SPACE FOR EIGENVECTORS (FTN 10)    65528352 REALS

 SYMMETRY ADAPTION OF THE BLOCH FUNCTIONS DISABLED
 TTTTTTTTTTTTTTTTTTTTTTTTTTTTTT gordsh1     TELAPSE        0.33 TCPU        0.30

 MATRIX SIZE: P(G) 7084592, F(G) 1250408, P(G) IRR 3550099, F(G) IRR 1254188
 MAX G-VECTOR INDEX FOR 1- AND 2-ELECTRON INTEGRALS  27

 TTTTTTTTTTTTTTTTTTTTTTTTTTTTTT INPUT       TELAPSE        3.09 TCPU        3.04

 NEIGHBORS OF THE NON-EQUIVALENT ATOMS

 N = NUMBER OF NEIGHBORS AT DISTANCE R
    ATOM  N     R/ANG      R/AU   NEIGHBORS (ATOM LABELS AND CELL INDICES)
   1 BA   1     2.7241     5.1478   55 O    0 0 0
   1 BA   1     2.7292     5.1575   82 O    0 0 0
   1 BA   1     2.7715     5.2374   30 O    0 0-1
   1 BA   1     2.7986     5.2886   48 O   -1 0-1
   1 BA   1     2.8009     5.2930   88 O    0-1 0
   1 BA   1     2.8046     5.3000   73 O   -1 0 0

   2 BA   1     2.7744     5.2428   83 O    0 0 0
   2 BA   1     2.7790     5.2515   46 O   -1 0 0
   2 BA   1     2.7823     5.2577   52 O   -1-1 0
   2 BA   1     2.7970     5.2857   74 O   -1 0 0
   2 BA   1     2.8023     5.2956   56 O    0 0 0
   2 BA   1     2.8213     5.3315   34 O    0-1 0

   3 BA   1     2.7720     5.2383   29 O    0 0 0
   3 BA   1     2.7877     5.2680   84 O    0 0 0
   3 BA   1     2.7927     5.2774   75 O   -1 0 0
   3 BA   1     2.7980     5.2875   35 O    0-1 0
   3 BA   1     2.8031     5.2970   57 O    0 0 0
   3 BA   1     2.8070     5.3044   47 O   -1 0 0

   4 BA   1     2.7598     5.2153   30 O    0 0-1
   4 BA   1     2.7909     5.2740   82 O    0 0 0
   4 BA   1     2.7954     5.2826   33 O    0 0-1
   4 BA   1     2.8077     5.3059   58 O    0 0 0
   4 BA   1     2.8114     5.3127   48 O   -1 0-1
   4 BA   1     2.8166     5.3226   85 O    0 0 0

   5 BA   1     2.7624     5.2201   49 O   -1 0 0
   5 BA   1     2.7899     5.2722   46 O   -1 0 0
   5 BA   1     2.8004     5.2920   28 O    0 0 0
   5 BA   1     2.8055     5.3016   31 O    0 0 0
   5 BA   1     2.8117     5.3134   83 O    0 0 0
   5 BA   1     2.8382     5.3634   77 O   -1 0 0

   6 BA   1     2.7322     5.1631   60 O    0 0 0
   6 BA   1     2.7552     5.2065   29 O    0 0 0
   6 BA   1     2.7644     5.2239   84 O    0 0 0
   6 BA   1     2.7674     5.2296   87 O    0 0 0
   6 BA   1     2.7941     5.2802   78 O   -1 0 0
   6 BA   1     2.8091     5.3085   32 O    0 0 0

   7 BA   1     2.7719     5.2381   79 O   -1 0 0
   7 BA   1     2.7768     5.2474   85 O    0 0 0
   7 BA   1     2.7811     5.2555   51 O   -1 0-1
   7 BA   1     2.8038     5.2984   33 O    0 0-1
   7 BA   1     2.8230     5.3346   36 O    0 0-1
   7 BA   1     2.8232     5.3352   88 O    0 0 0

   8 BA   1     2.7426     5.1827   34 O    0 0 0
   8 BA   1     2.7548     5.2058   62 O    0 0 0
   8 BA   1     2.7841     5.2612   31 O    0 0 0
   8 BA   1     2.7852     5.2633   86 O    0 0 0
   8 BA   1     2.8144     5.3184   89 O    0 0 0
   8 BA   1     2.8230     5.3347   52 O   -1 0 0

   9 BA   1     2.7651     5.2253   63 O    0 0 0
   9 BA   1     2.7705     5.2355   32 O    0 0 0
   9 BA   1     2.7864     5.2656   87 O    0 0 0
   9 BA   1     2.7976     5.2867   35 O    0 0 0
   9 BA   1     2.8030     5.2969   53 O   -1 0 0
   9 BA   1     2.8080     5.3063   81 O   -1 0 0

  10 BA   1     2.7442     5.1858   97 O    0-1 0
  10 BA   1     2.7526     5.2016   64 O    0 0 0
  10 BA   1     2.7631     5.2215   91 O    0 0 0
  10 BA   1     2.7889     5.2703   45 O    0-1-1
  10 BA   1     2.7937     5.2793   55 O    0 0 0
  10 BA   1     2.8058     5.3022   39 O    0 0-1

  11 BA   1     2.7150     5.1305   92 O    0 0 0
  11 BA   1     2.7443     5.1860   65 O    0 0 0
  11 BA   1     2.7570     5.2101   37 O    0 0 0
  11 BA   1     2.7663     5.2276   98 O    0-1 0
  11 BA   1     2.7893     5.2709   56 O    0 0 0
  11 BA   1     2.8112     5.3123   43 O    0-1 0

  12 BA   1     2.7791     5.2518   38 O    0 0 0
  12 BA   1     2.7840     5.2610   35 O    0-1 0
  12 BA   1     2.8023     5.2955   99 O    0-1 0
  12 BA   1     2.8100     5.3102   44 O    0-1 0
  12 BA   1     2.8228     5.3343   66 O    0 0 0
  12 BA   1     2.8248     5.3382   93 O    0 0 0

  13 BA   1     2.8087     5.3077   33 O    0 0-1
  13 BA   1     2.8112     5.3124   30 O    0 0-1
  13 BA   1     2.8112     5.3125   91 O    0 0 0
  13 BA   1     2.8120     5.3139   58 O    0 0 0
  13 BA   1     2.8408     5.3683   67 O    0 0 0
  13 BA   1     2.8541     5.3935   94 O    0 0 0

  14 BA   1     2.7408     5.1794   95 O    0 0 0
  14 BA   1     2.7474     5.1919   59 O    0 0 0
  14 BA   1     2.7794     5.2524   31 O    0 0 0
  14 BA   1     2.7905     5.2733   28 O    0 0 0
  14 BA   1     2.8177     5.3246   92 O    0 0 0
  14 BA   1     2.8205     5.3299   40 O    0 0 0

  15 BA   1     2.7696     5.2337   41 O    0 0 0
  15 BA   1     2.7770     5.2478   60 O    0 0 0
  15 BA   1     2.7792     5.2519   69 O    0 0 0
  15 BA   1     2.7875     5.2677   96 O    0 0 0
  15 BA   1     2.8229     5.3345   32 O    0 0 0
  15 BA   1     2.8272     5.3427   38 O    0 0 0

  16 BA   1     2.7523     5.2012   61 O    0 0 0
  16 BA   1     2.7584     5.2126   36 O    0 0-1
  16 BA   1     2.7644     5.2239   97 O    0 0 0
  16 BA   1     2.7971     5.2858   70 O    0 0 0
  16 BA   1     2.8060     5.3025   42 O    0 0-1
  16 BA   1     2.8200     5.3290   45 O    0 0-1

  17 BA   1     2.7885     5.2696   95 O    0 0 0
  17 BA   1     2.7945     5.2809   71 O    0 0 0
  17 BA   1     2.7952     5.2821   40 O    0 0 0
  17 BA   1     2.7969     5.2855   34 O    0 0 0
  17 BA   1     2.7994     5.2901   62 O    0 0 0
  17 BA   1     2.8005     5.2922   31 O    0 0 0

  18 BA   1     2.7710     5.2364   99 O    0 0 0
  18 BA   1     2.7792     5.2519   44 O    0 0 0
  18 BA   1     2.7894     5.2712   63 O    0 0 0
  18 BA   1     2.8043     5.2993   72 O    0 0 0
  18 BA   1     2.8167     5.3227   35 O    0 0 0
  18 BA   1     2.8184     5.3259   96 O    0 0 0

  19 BA   1     2.7421     5.1817   45 O    0-1-1
  19 BA   1     2.7468     5.1907  106 O    0-1 0
  19 BA   1     2.7602     5.2161   54 O    0-1-1
  19 BA   1     2.7679     5.2306   73 O    0 0 0
  19 BA   1     2.7989     5.2892   39 O    0 0-1
  19 BA   1     2.8228     5.3343   48 O    0 0-1

  20 BA   1     2.7536     5.2036   74 O    0 0 0
  20 BA   1     2.7561     5.2082  101 O    0 0 0
  20 BA   1     2.7988     5.2890   46 O    0 0 0
  20 BA   1     2.8160     5.3215   37 O    0 0 0
  20 BA   1     2.8232     5.3351   52 O    0-1 0
  20 BA   1     2.8390     5.3650  107 O    0-1 0

  21 BA   1     2.7611     5.2178   47 O    0 0 0
  21 BA   1     2.7736     5.2413   75 O    0 0 0
  21 BA   1     2.7811     5.2555  102 O    0 0 0
  21 BA   1     2.7879     5.2684   53 O    0-1 0
  21 BA   1     2.8240     5.3365   66 O    0 0 0
  21 BA   1     2.8251     5.3386  108 O    0-1 0

  22 BA   1     2.7291     5.1572  103 O    0 0 0
  22 BA   1     2.7521     5.2007   76 O    0 0 0
  22 BA   1     2.7718     5.2379   67 O    0 0 0
  22 BA   1     2.7877     5.2679   51 O    0 0-1
  22 BA   1     2.8088     5.3079   39 O    0 0-1
  22 BA   1     2.8100     5.3102  100 O    0 0 0

  23 BA   1     2.7390     5.1760   68 O    0 0 0
  23 BA   1     2.7654     5.2258   77 O    0 0 0
  23 BA   1     2.7909     5.2741  101 O    0 0 0
  23 BA   1     2.7954     5.2826   37 O    0 0 0
  23 BA   1     2.8233     5.3352   40 O    0 0 0
  23 BA   1     2.8239     5.3363   49 O    0 0 0

  24 BA   1     2.7327     5.1641   69 O    0 0 0
  24 BA   1     2.7431     5.1837  102 O    0 0 0
  24 BA   1     2.7575     5.2110  105 O    0 0 0
  24 BA   1     2.7901     5.2724   47 O    0 0 0
  24 BA   1     2.8082     5.3066   78 O    0 0 0
  24 BA   1     2.8213     5.3315   41 O    0 0 0

  25 BA   1     2.7648     5.2248   70 O    0 0 0
  25 BA   1     2.7656     5.2262   42 O    0 0-1
  25 BA   1     2.7700     5.2345  106 O    0 0 0
  25 BA   1     2.7944     5.2807   45 O    0 0-1
  25 BA   1     2.7957     5.2831   79 O    0 0 0
  25 BA   1     2.8066     5.3037  103 O    0 0 0

  26 BA   1     2.7511     5.1989  104 O    0 0 0
  26 BA   1     2.7527     5.2019  107 O    0 0 0
  26 BA   1     2.7790     5.2516   80 O    0 0 0
  26 BA   1     2.7976     5.2867   40 O    0 0 0
  26 BA   1     2.8133     5.3163   49 O    0 0 0
  26 BA   1     2.8151     5.3197   71 O    0 0 0

  27 BA   1     2.7409     5.1796   81 O    0 0 0
  27 BA   1     2.7471     5.1913   53 O    0 0 0
  27 BA   1     2.7710     5.2363   50 O    0 0 0
  27 BA   1     2.7903     5.2730  105 O    0 0 0
  27 BA   1     2.7958     5.2833   72 O    0 0 0
  27 BA   1     2.8067     5.3038  108 O    0 0 0

  28 O    1     1.8502     3.4964  109 TI   0 0 0
  28 O    1     2.2472     4.2466  110 TI   0 0 0
  28 O    1     2.7905     5.2733   14 BA   0 0 0
  28 O    1     2.8004     5.2920    5 BA   0 0 0
  28 O    1     2.8017     5.2944   58 O    0 0 0
  28 O    1     2.8237     5.3361    2 BA   0 0 0

  29 O    1     1.8543     3.5040  110 TI   0 0 0
  29 O    1     2.2423     4.2372  111 TI   0 0 0
  29 O    1     2.7552     5.2065    6 BA   0 0 0
  29 O    1     2.7720     5.2383    3 BA   0 0 0
  29 O    1     2.8101     5.3104   56 O    0 0 0
  29 O    1     2.8228     5.3344   83 O    0 0 0

  30 O    1     1.8108     3.4220  111 TI   0 0 0
  30 O    1     2.2746     4.2984  109 TI   0 0 1
  30 O    1     2.7320     5.1628   84 O    0 0 0
  30 O    1     2.7598     5.2153    4 BA   0 0 1
  30 O    1     2.7715     5.2374    1 BA   0 0 1
  30 O    1     2.7772     5.2482   60 O    0 0 0

  31 O    1     1.7582     3.3225  112 TI   0 0 0
  31 O    1     2.3373     4.4168  113 TI   0 0 0
  31 O    1     2.7392     5.1764   58 O    0 0 0
  31 O    1     2.7595     5.2147   94 O    0 0 0
  31 O    1     2.7794     5.2524   14 BA   0 0 0
  31 O    1     2.7841     5.2612    8 BA   0 0 0

  32 O    1     1.7809     3.3655  113 TI   0 0 0
  32 O    1     2.3297     4.4025  114 TI   0 0 0
  32 O    1     2.7577     5.2114   86 O    0 0 0
  32 O    1     2.7705     5.2355    9 BA   0 0 0
  32 O    1     2.8027     5.2963   62 O    0 0 0
  32 O    1     2.8031     5.2971   59 O    0 0 0

  33 O    1     1.7942     3.3906  114 TI   0 0 0
  33 O    1     2.2763     4.3016  112 TI   0 0 1
  33 O    1     2.7942     5.2803   87 O    0 0 0
  33 O    1     2.7954     5.2826    4 BA   0 0 1
  33 O    1     2.8038     5.2984    7 BA   0 0 1
  33 O    1     2.8074     5.3052   96 O    0 0 0

  34 O    1     1.8087     3.4179  115 TI   0 0 0
  34 O    1     2.3123     4.3697  116 TI   0 0 0
  34 O    1     2.7426     5.1827    8 BA   0 0 0
  34 O    1     2.7667     5.2283   88 O    0 0 0
  34 O    1     2.7857     5.2642   61 O    0 0 0
  34 O    1     2.7969     5.2855   17 BA   0 0 0

  35 O    1     1.7777     3.3593  116 TI   0 0 0
  35 O    1     2.2517     4.2550  117 TI   0 0 0
  35 O    1     2.7550     5.2062   89 O    0 0 0
  35 O    1     2.7840     5.2610   12 BA   0 1 0
  35 O    1     2.7915     5.2751   98 O    0 0 0
  35 O    1     2.7967     5.2849   56 O    0 1 0

  36 O    1     1.8734     3.5402  117 TI   0 0 0
  36 O    1     2.2561     4.2635  115 TI   0 0 1
  36 O    1     2.7584     5.2126   16 BA   0 0 1
  36 O    1     2.7678     5.2304   63 O    0 0 0
  36 O    1     2.7920     5.2760   99 O    0 0 0
  36 O    1     2.7991     5.2896   57 O    0 1 0

  37 O    1     1.8859     3.5638  118 TI   0 0 0
  37 O    1     2.2548     4.2609  119 TI   0 0 0
  37 O    1     2.7570     5.2101   11 BA   0 0 0
  37 O    1     2.7787     5.2510   91 O    0 0 0
  37 O    1     2.7859     5.2645   64 O    0 0 0
  37 O    1     2.7954     5.2826   23 BA   0 0 0

  38 O    1     1.8225     3.4441  119 TI   0 0 0
  38 O    1     2.2960     4.3388  120 TI   0 0 0
  38 O    1     2.7791     5.2518   12 BA   0 0 0
  38 O    1     2.7793     5.2520   65 O    0 0 0
  38 O    1     2.8045     5.2997   68 O    0 0 0
  38 O    1     2.8099     5.3100   92 O    0 0 0

  39 O    1     1.7883     3.3794  120 TI   0 0 0
  39 O    1     2.2291     4.2124  118 TI   0 0 1
  39 O    1     2.7740     5.2421   66 O    0 0 0
  39 O    1     2.7804     5.2541  102 O    0 0 0
  39 O    1     2.7989     5.2892   19 BA   0 0 1
  39 O    1     2.8058     5.3022   10 BA   0 0 1

  40 O    1     1.8602     3.5153  121 TI   0 0 0
  40 O    1     2.2378     4.2289  122 TI   0 0 0
  40 O    1     2.7952     5.2821   17 BA   0 0 0
  40 O    1     2.7976     5.2867   26 BA   0 0 0
  40 O    1     2.7989     5.2891   94 O    0 0 0
  40 O    1     2.8062     5.3030   67 O    0 0 0

  41 O    1     1.7862     3.3754  122 TI   0 0 0
  41 O    1     2.3050     4.3559  123 TI   0 0 0
  41 O    1     2.7614     5.2183  104 O    0 0 0
  41 O    1     2.7696     5.2337   15 BA   0 0 0
  41 O    1     2.7818     5.2568   95 O    0 0 0
  41 O    1     2.7885     5.2695   68 O    0 0 0

  42 O    1     1.8222     3.4435  123 TI   0 0 0
  42 O    1     2.2663     4.2826  121 TI   0 0 1
  42 O    1     2.7656     5.2262   25 BA   0 0 1
  42 O    1     2.7674     5.2297   96 O    0 0 0
  42 O    1     2.7721     5.2386   72 O    0 0 0
  42 O    1     2.8022     5.2955  105 O    0 0 0

  43 O    1     1.7392     3.2867  124 TI   0 0 0
  43 O    1     2.2854     4.3188  125 TI   0 0 0
  43 O    1     2.7414     5.1805   70 O    0 0 0
  43 O    1     2.7741     5.2422   64 O    0 1 0
  43 O    1     2.7927     5.2775   97 O    0 0 0
  43 O    1     2.8066     5.3037   17 BA   0 0 0

  44 O    1     1.8804     3.5534  125 TI   0 0 0
  44 O    1     2.2393     4.2317  126 TI   0 0 0
  44 O    1     2.7792     5.2519   18 BA   0 0 0
  44 O    1     2.8100     5.3102   12 BA   0 1 0
  44 O    1     2.8154     5.3203   71 O    0 0 0
  44 O    1     2.8241     5.3368   98 O    0 0 0

  45 O    1     1.8044     3.4099  126 TI   0 0 0
  45 O    1     2.3274     4.3982  124 TI   0 0 1
  45 O    1     2.7421     5.1817   19 BA   0 1 1
  45 O    1     2.7577     5.2114  108 O    0 0 0
  45 O    1     2.7889     5.2703   10 BA   0 1 1
  45 O    1     2.7944     5.2807   25 BA   0 0 1

  46 O    1     1.7932     3.3887  127 TI   0 0 0
  46 O    1     2.3238     4.3914  128 TI   0 0 0
  46 O    1     2.7790     5.2515    2 BA   1 0 0
  46 O    1     2.7827     5.2585   82 O    1 0 0
  46 O    1     2.7899     5.2722    5 BA   1 0 0
  46 O    1     2.7988     5.2890   20 BA   0 0 0

  47 O    1     1.7693     3.3434  128 TI   0 0 0
  47 O    1     2.2587     4.2683  129 TI   0 0 0
  47 O    1     2.7611     5.2178   21 BA   0 0 0
  47 O    1     2.7619     5.2193  101 O    0 0 0
  47 O    1     2.7901     5.2724   24 BA   0 0 0
  47 O    1     2.7958     5.2832   74 O    0 0 0

  48 O    1     1.8448     3.4861  129 TI   0 0 0
  48 O    1     2.2895     4.3265  127 TI   0 0 1
  48 O    1     2.7508     5.1983   75 O    0 0 0
  48 O    1     2.7986     5.2886    1 BA   1 0 1
  48 O    1     2.8109     5.3118   84 O    1 0 0
  48 O    1     2.8114     5.3127    4 BA   1 0 1

  49 O    1     1.8117     3.4236  130 TI   0 0 0
  49 O    1     2.2948     4.3365  131 TI   0 0 0
  49 O    1     2.7624     5.2201    5 BA   1 0 0
  49 O    1     2.7735     5.2412   85 O    1 0 0
  49 O    1     2.7745     5.2431   76 O    0 0 0
  49 O    1     2.7881     5.2687  103 O    0 0 0

  50 O    1     1.8106     3.4214  131 TI   0 0 0
  50 O    1     2.2660     4.2820  132 TI   0 0 0
  50 O    1     2.7710     5.2363   27 BA   0 0 0
  50 O    1     2.7905     5.2732   80 O    0 0 0
  50 O    1     2.7945     5.2808   86 O    1 0 0
  50 O    1     2.8053     5.3012  104 O    0 0 0

  51 O    1     1.7936     3.3893  132 TI   0 0 0
  51 O    1     2.3029     4.3519  130 TI   0 0 1
  51 O    1     2.7689     5.2325   78 O    0 0 0
  51 O    1     2.7811     5.2555    7 BA   1 0 1
  51 O    1     2.7877     5.2679   22 BA   0 0 1
  51 O    1     2.7877     5.2679   81 O    0 0 0

  52 O    1     1.8209     3.4410  133 TI   0 0 0
  52 O    1     2.2478     4.2477  134 TI   0 0 0
  52 O    1     2.7361     5.1705   88 O    1 0 0
  52 O    1     2.7823     5.2577    2 BA   1 1 0
  52 O    1     2.7848     5.2624   73 O    0 1 0
  52 O    1     2.7992     5.2898   79 O    0 0 0

  53 O    1     1.8564     3.5081  134 TI   0 0 0
  53 O    1     2.2386     4.2303  135 TI   0 0 0
  53 O    1     2.7429     5.1834   80 O    0 0 0
  53 O    1     2.7471     5.1913   27 BA   0 0 0
  53 O    1     2.7879     5.2684   21 BA   0 1 0
  53 O    1     2.7920     5.2762   89 O    1 0 0

  54 O    1     1.8753     3.5438  135 TI   0 0 0
  54 O    1     2.2395     4.2321  133 TI   0 0 1
  54 O    1     2.7602     5.2161   19 BA   0 1 1
  54 O    1     2.7870     5.2667  108 O    0 0 0
  54 O    1     2.7977     5.2869   90 O    1 0 0
  54 O    1     2.8233     5.3353    1 BA   1 1 1

  55 O    1     1.9271     3.6416  115 TI   0-1 0
  55 O    1     2.0539     3.8813  109 TI   0 0 0
  55 O    1     2.7241     5.1478    1 BA   0 0 0
  55 O    1     2.7682     5.2312   97 O    0-1 0
  55 O    1     2.7925     5.2771   88 O    0-1 0
  55 O    1     2.7937     5.2793   10 BA   0 0 0

  56 O    1     1.9148     3.6184  110 TI   0 0 0
  56 O    1     2.0619     3.8964  116 TI   0-1 0
  56 O    1     2.7562     5.2085   83 O    0 0 0
  56 O    1     2.7644     5.2240   92 O    0 0 0
  56 O    1     2.7893     5.2709   11 BA   0 0 0
  56 O    1     2.7967     5.2849   35 O    0-1 0

  57 O    1     1.9537     3.6919  117 TI   0-1 0
  57 O    1     2.0442     3.8630  111 TI   0 0 0
  57 O    1     2.7423     5.1821   99 O    0-1 0
  57 O    1     2.7928     5.2777   90 O    0-1 0
  57 O    1     2.7988     5.2889   93 O    0 0 0
  57 O    1     2.7991     5.2896   36 O    0-1 0

  58 O    1     1.9645     3.7123  112 TI   0 0 0
  58 O    1     1.9900     3.7605  109 TI   0 0 0
  58 O    1     2.7392     5.1764   31 O    0 0 0
  58 O    1     2.7944     5.2807   85 O    0 0 0
  58 O    1     2.8017     5.2944   28 O    0 0 0
  58 O    1     2.8077     5.3059    4 BA   0 0 0

  59 O    1     1.9933     3.7669  113 TI   0 0 0
  59 O    1     2.0477     3.8695  110 TI   0 0 0
  59 O    1     2.7474     5.1919   14 BA   0 0 0
  59 O    1     2.7789     5.2514   95 O    0 0 0
  59 O    1     2.8031     5.2971   32 O    0 0 0
  59 O    1     2.8194     5.3279   92 O    0 0 0

  60 O    1     1.9346     3.6558  111 TI   0 0 0
  60 O    1     2.0450     3.8646  114 TI   0 0 0
  60 O    1     2.7322     5.1631    6 BA   0 0 0
  60 O    1     2.7392     5.1763   84 O    0 0 0
  60 O    1     2.7732     5.2405   93 O    0 0 0
  60 O    1     2.7770     5.2478   15 BA   0 0 0

  61 O    1     1.9890     3.7588  112 TI   0 0 0
  61 O    1     2.0281     3.8326  115 TI   0 0 0
  61 O    1     2.7523     5.2012   16 BA   0 0 0
  61 O    1     2.7688     5.2322   94 O    0 0 0
  61 O    1     2.7849     5.2628   31 O    0 0 0
  61 O    1     2.7857     5.2642   34 O    0 0 0

  62 O    1     1.9291     3.6455  116 TI   0 0 0
  62 O    1     2.0114     3.8010  113 TI   0 0 0
  62 O    1     2.7548     5.2058    8 BA   0 0 0
  62 O    1     2.7728     5.2398   89 O    0 0 0
  62 O    1     2.7976     5.2867   86 O    0 0 0
  62 O    1     2.7994     5.2901   17 BA   0 0 0

  63 O    1     1.9586     3.7011  117 TI   0 0 0
  63 O    1     2.0115     3.8012  114 TI   0 0 0
  63 O    1     2.7651     5.2253    9 BA   0 0 0
  63 O    1     2.7678     5.2304   36 O    0 0 0
  63 O    1     2.7846     5.2622   87 O    0 0 0
  63 O    1     2.7894     5.2712   18 BA   0 0 0

  64 O    1     1.9669     3.7168  118 TI   0 0 0
  64 O    1     2.0096     3.7975  124 TI   0-1 0
  64 O    1     2.7458     5.1888   91 O    0 0 0
  64 O    1     2.7526     5.2016   10 BA   0 0 0
  64 O    1     2.7741     5.2422   43 O    0-1 0
  64 O    1     2.7859     5.2645   37 O    0 0 0

  65 O    1     1.9687     3.7202  119 TI   0 0 0
  65 O    1     2.0376     3.8505  125 TI   0-1 0
  65 O    1     2.7443     5.1860   11 BA   0 0 0
  65 O    1     2.7462     5.1895   92 O    0 0 0
  65 O    1     2.7758     5.2456   98 O    0-1 0
  65 O    1     2.7793     5.2520   38 O    0 0 0

  66 O    1     1.9703     3.7234  120 TI   0 0 0
  66 O    1     1.9909     3.7623  126 TI   0-1 0
  66 O    1     2.7499     5.1965  102 O    0 0 0
  66 O    1     2.7740     5.2421   39 O    0 0 0
  66 O    1     2.7934     5.2788   93 O    0 0 0
  66 O    1     2.7947     5.2813   45 O    0-1 0

  67 O    1     1.9455     3.6765  121 TI   0 0 0
  67 O    1     2.0267     3.8299  118 TI   0 0 0
  67 O    1     2.7718     5.2379   22 BA   0 0 0
  67 O    1     2.7792     5.2520  103 O    0 0 0
  67 O    1     2.7968     5.2852  100 O    0 0 0
  67 O    1     2.8004     5.2920   94 O    0 0 0

  68 O    1     1.9612     3.7061  119 TI   0 0 0
  68 O    1     1.9860     3.7531  122 TI   0 0 0
  68 O    1     2.7390     5.1760   23 BA   0 0 0
  68 O    1     2.7885     5.2695   41 O    0 0 0
  68 O    1     2.7991     5.2896  101 O    0 0 0
  68 O    1     2.8045     5.2997   38 O    0 0 0

  69 O    1     1.9537     3.6919  120 TI   0 0 0
  69 O    1     2.0577     3.8884  123 TI   0 0 0
  69 O    1     2.7327     5.1641   24 BA   0 0 0
  69 O    1     2.7634     5.2220  102 O    0 0 0
  69 O    1     2.7792     5.2519   15 BA   0 0 0
  69 O    1     2.7851     5.2630  105 O    0 0 0

  70 O    1     1.9571     3.6984  124 TI   0 0 0
  70 O    1     2.0364     3.8483  121 TI   0 0 0
  70 O    1     2.7414     5.1805   43 O    0 0 0
  70 O    1     2.7648     5.2248   25 BA   0 0 0
  70 O    1     2.7971     5.2857  106 O    0 0 0
  70 O    1     2.7971     5.2858   16 BA   0 0 0

  71 O    1     1.9475     3.6803  125 TI   0 0 0
  71 O    1     2.0440     3.8627  122 TI   0 0 0
  71 O    1     2.7815     5.2562   95 O    0 0 0
  71 O    1     2.7908     5.2738  107 O    0 0 0
  71 O    1     2.7945     5.2809   17 BA   0 0 0
  71 O    1     2.7991     5.2896   41 O    0 0 0

  72 O    1     1.9492     3.6835  123 TI   0 0 0
  72 O    1     2.0357     3.8470  126 TI   0 0 0
  72 O    1     2.7608     5.2172  105 O    0 0 0
  72 O    1     2.7622     5.2198  108 O    0 0 0
  72 O    1     2.7721     5.2386   42 O    0 0 0
  72 O    1     2.7958     5.2833   27 BA   0 0 0

  73 O    1     1.9688     3.7204  133 TI   0-1 0
  73 O    1     1.9887     3.7580  127 TI   0 0 0
  73 O    1     2.7535     5.2033  106 O    0-1 0
  73 O    1     2.7679     5.2306   19 BA   0 0 0
  73 O    1     2.7848     5.2624   52 O    0-1 0
  73 O    1     2.8046     5.3000    1 BA   1 0 0

  74 O    1     1.9648     3.7130  128 TI   0 0 0
  74 O    1     1.9984     3.7764  134 TI   0-1 0
  74 O    1     2.7536     5.2036   20 BA   0 0 0
  74 O    1     2.7621     5.2196  101 O    0 0 0
  74 O    1     2.7921     5.2763   83 O    1 0 0
  74 O    1     2.7958     5.2832   47 O    0 0 0

  75 O    1     1.9745     3.7313  129 TI   0 0 0
  75 O    1     2.0373     3.8499  135 TI   0-1 0
  75 O    1     2.7508     5.1983   48 O    0 0 0
  75 O    1     2.7736     5.2413   21 BA   0 0 0
  75 O    1     2.7927     5.2774    3 BA   1 0 0
  75 O    1     2.7938     5.2796   90 O    1-1 0

  76 O    1     1.9653     3.7138  130 TI   0 0 0
  76 O    1     2.0096     3.7975  127 TI   0 0 0
  76 O    1     2.7398     5.1774  103 O    0 0 0
  76 O    1     2.7521     5.2007   22 BA   0 0 0
  76 O    1     2.7745     5.2431   49 O    0 0 0
  76 O    1     2.7984     5.2883  100 O    0 0 0

  77 O    1     2.0008     3.7810  131 TI   0 0 0
  77 O    1     2.0153     3.8083  128 TI   0 0 0
  77 O    1     2.7654     5.2258   23 BA   0 0 0
  77 O    1     2.8027     5.2964  104 O    0 0 0
  77 O    1     2.8059     5.3024  101 O    0 0 0
  77 O    1     2.8094     5.3090   47 O    0 0 0

  78 O    1     1.9402     3.6664  132 TI   0 0 0
  78 O    1     1.9742     3.7306  129 TI   0 0 0
  78 O    1     2.7689     5.2325   51 O    0 0 0
  78 O    1     2.7941     5.2802    6 BA   1 0 0
  78 O    1     2.8041     5.2990   84 O    1 0 0
  78 O    1     2.8063     5.3031   87 O    1 0 0

  79 O    1     1.9730     3.7284  133 TI   0 0 0
  79 O    1     2.0500     3.8740  130 TI   0 0 0
  79 O    1     2.7544     5.2051  106 O    0 0 0
  79 O    1     2.7719     5.2381    7 BA   1 0 0
  79 O    1     2.7767     5.2472   88 O    1 0 0
  79 O    1     2.7957     5.2831   25 BA   0 0 0

  80 O    1     1.9657     3.7147  134 TI   0 0 0
  80 O    1     2.0115     3.8012  131 TI   0 0 0
  80 O    1     2.7429     5.1834   53 O    0 0 0
  80 O    1     2.7731     5.2403   89 O    1 0 0
  80 O    1     2.7741     5.2423  107 O    0 0 0
  80 O    1     2.7790     5.2516   26 BA   0 0 0

  81 O    1     1.9937     3.7676  135 TI   0 0 0
  81 O    1     2.0215     3.8201  132 TI   0 0 0
  81 O    1     2.7409     5.1796   27 BA   0 0 0
  81 O    1     2.7877     5.2679   51 O    0 0 0
  81 O    1     2.7909     5.2740  108 O    0 0 0
  81 O    1     2.8080     5.3063    9 BA   1 0 0

  82 O    1     1.9780     3.7380  109 TI   0 0 0
  82 O    1     2.0273     3.8311  127 TI  -1 0 0
  82 O    1     2.7292     5.1575    1 BA   0 0 0
  82 O    1     2.7827     5.2585   46 O   -1 0 0
  82 O    1     2.7909     5.2740    4 BA   0 0 0
  82 O    1     2.7941     5.2800   55 O    0 0 0

  83 O    1     1.9756     3.7333  110 TI   0 0 0
  83 O    1     2.0109     3.8001  128 TI  -1 0 0
  83 O    1     2.7562     5.2085   56 O    0 0 0
  83 O    1     2.7744     5.2428    2 BA   0 0 0
  83 O    1     2.7921     5.2763   74 O   -1 0 0
  83 O    1     2.8117     5.3134    5 BA   0 0 0

  84 O    1     1.9879     3.7565  111 TI   0 0 0
  84 O    1     2.0373     3.8499  129 TI  -1 0 0
  84 O    1     2.7320     5.1628   30 O    0 0 0
  84 O    1     2.7392     5.1763   60 O    0 0 0
  84 O    1     2.7644     5.2239    6 BA   0 0 0
  84 O    1     2.7877     5.2680    3 BA   0 0 0

  85 O    1     1.9240     3.6357  130 TI  -1 0 0
  85 O    1     1.9952     3.7703  112 TI   0 0 0
  85 O    1     2.7735     5.2412   49 O   -1 0 0
  85 O    1     2.7768     5.2474    7 BA   0 0 0
  85 O    1     2.7944     5.2807   58 O    0 0 0
  85 O    1     2.8008     5.2928   76 O   -1 0 0

  86 O    1     1.9697     3.7222  131 TI  -1 0 0
  86 O    1     2.0055     3.7898  113 TI   0 0 0
  86 O    1     2.7577     5.2114   32 O    0 0 0
  86 O    1     2.7852     5.2633    8 BA   0 0 0
  86 O    1     2.7945     5.2808   50 O   -1 0 0
  86 O    1     2.7976     5.2867   62 O    0 0 0

  87 O    1     1.9697     3.7221  114 TI   0 0 0
  87 O    1     2.0233     3.8235  132 TI  -1 0 0
  87 O    1     2.7674     5.2296    6 BA   0 0 0
  87 O    1     2.7846     5.2622   63 O    0 0 0
  87 O    1     2.7864     5.2656    9 BA   0 0 0
  87 O    1     2.7942     5.2803   33 O    0 0 0

  88 O    1     2.0088     3.7961  133 TI  -1 0 0
  88 O    1     2.0234     3.8237  115 TI   0 0 0
  88 O    1     2.7361     5.1705   52 O   -1 0 0
  88 O    1     2.7667     5.2283   34 O    0 0 0
  88 O    1     2.7767     5.2472   79 O   -1 0 0
  88 O    1     2.7925     5.2771   55 O    0 1 0

  89 O    1     1.9972     3.7741  116 TI   0 0 0
  89 O    1     2.0025     3.7841  134 TI  -1 0 0
  89 O    1     2.7550     5.2062   35 O    0 0 0
  89 O    1     2.7728     5.2398   62 O    0 0 0
  89 O    1     2.7731     5.2403   80 O   -1 0 0
  89 O    1     2.7920     5.2762   53 O   -1 0 0

  90 O    1     1.9408     3.6675  135 TI  -1 0 0
  90 O    1     2.0120     3.8022  117 TI   0 0 0
  90 O    1     2.7928     5.2777   57 O    0 1 0
  90 O    1     2.7938     5.2796   75 O   -1 1 0
  90 O    1     2.7977     5.2869   54 O   -1 0 0
  90 O    1     2.8028     5.2965   63 O    0 0 0

  91 O    1     1.9382     3.6626  118 TI   0 0 0
  91 O    1     2.0460     3.8663  109 TI   0 0 0
  91 O    1     2.7458     5.1888   64 O    0 0 0
  91 O    1     2.7631     5.2215   10 BA   0 0 0
  91 O    1     2.7787     5.2510   37 O    0 0 0
  91 O    1     2.8112     5.3125   13 BA   0 0 0

  92 O    1     1.9545     3.6934  119 TI   0 0 0
  92 O    1     2.0018     3.7829  110 TI   0 0 0
  92 O    1     2.7150     5.1305   11 BA   0 0 0
  92 O    1     2.7462     5.1895   65 O    0 0 0
  92 O    1     2.7644     5.2240   56 O    0 0 0
  92 O    1     2.8099     5.3100   38 O    0 0 0

  93 O    1     1.9262     3.6399  111 TI   0 0 0
  93 O    1     2.0249     3.8264  120 TI   0 0 0
  93 O    1     2.7732     5.2405   60 O    0 0 0
  93 O    1     2.7797     5.2529   30 O    0 0 0
  93 O    1     2.7934     5.2788   66 O    0 0 0
  93 O    1     2.7988     5.2889   57 O    0 0 0

  94 O    1     1.9452     3.6760  121 TI   0 0 0
  94 O    1     2.0327     3.8412  112 TI   0 0 0
  94 O    1     2.7595     5.2147   31 O    0 0 0
  94 O    1     2.7688     5.2322   61 O    0 0 0
  94 O    1     2.7989     5.2891   40 O    0 0 0
  94 O    1     2.8004     5.2920   67 O    0 0 0

  95 O    1     1.9851     3.7513  113 TI   0 0 0
  95 O    1     1.9859     3.7528  122 TI   0 0 0
  95 O    1     2.7408     5.1794   14 BA   0 0 0
  95 O    1     2.7789     5.2514   59 O    0 0 0
  95 O    1     2.7815     5.2562   71 O    0 0 0
  95 O    1     2.7818     5.2568   41 O    0 0 0

  96 O    1     1.9833     3.7478  123 TI   0 0 0
  96 O    1     1.9939     3.7679  114 TI   0 0 0
  96 O    1     2.7674     5.2297   42 O    0 0 0
  96 O    1     2.7875     5.2677   15 BA   0 0 0
  96 O    1     2.8074     5.3052   33 O    0 0 0
  96 O    1     2.8184     5.3259   18 BA   0 0 0

  97 O    1     1.9559     3.6960  115 TI   0 0 0
  97 O    1     2.0048     3.7885  124 TI   0 0 0
  97 O    1     2.7442     5.1858   10 BA   0 1 0
  97 O    1     2.7644     5.2239   16 BA   0 0 0
  97 O    1     2.7682     5.2312   55 O    0 1 0
  97 O    1     2.7890     5.2704   61 O    0 0 0

  98 O    1     1.9759     3.7339  116 TI   0 0 0
  98 O    1     2.0016     3.7826  125 TI   0 0 0
  98 O    1     2.7663     5.2276   11 BA   0 1 0
  98 O    1     2.7758     5.2456   65 O    0 1 0
  98 O    1     2.7915     5.2751   35 O    0 0 0
  98 O    1     2.8027     5.2963   71 O    0 0 0

  99 O    1     1.9632     3.7099  117 TI   0 0 0
  99 O    1     2.0215     3.8201  126 TI   0 0 0
  99 O    1     2.7423     5.1821   57 O    0 1 0
  99 O    1     2.7710     5.2364   18 BA   0 0 0
  99 O    1     2.7920     5.2760   36 O    0 0 0
  99 O    1     2.7991     5.2896   63 O    0 0 0

 100 O    1     1.9634     3.7103  118 TI   0 0 0
 100 O    1     1.9908     3.7621  127 TI   0 0 0
 100 O    1     2.7915     5.2752   64 O    0 0 0
 100 O    1     2.7968     5.2852   67 O    0 0 0
 100 O    1     2.7984     5.2883   76 O    0 0 0
 100 O    1     2.8005     5.2923   37 O    0 0 0

 101 O    1     1.9861     3.7533  128 TI   0 0 0
 101 O    1     2.0358     3.8472  119 TI   0 0 0
 101 O    1     2.7561     5.2082   20 BA   0 0 0
 101 O    1     2.7619     5.2193   47 O    0 0 0
 101 O    1     2.7621     5.2196   74 O    0 0 0
 101 O    1     2.7909     5.2741   23 BA   0 0 0

 102 O    1     1.9692     3.7212  120 TI   0 0 0
 102 O    1     2.0032     3.7855  129 TI   0 0 0
 102 O    1     2.7431     5.1837   24 BA   0 0 0
 102 O    1     2.7499     5.1965   66 O    0 0 0
 102 O    1     2.7634     5.2220   69 O    0 0 0
 102 O    1     2.7804     5.2541   39 O    0 0 0

 103 O    1     1.9919     3.7641  130 TI   0 0 0
 103 O    1     2.0583     3.8896  121 TI   0 0 0
 103 O    1     2.7291     5.1572   22 BA   0 0 0
 103 O    1     2.7398     5.1774   76 O    0 0 0
 103 O    1     2.7792     5.2520   67 O    0 0 0
 103 O    1     2.7881     5.2687   49 O    0 0 0

 104 O    1     1.9760     3.7340  122 TI   0 0 0
 104 O    1     2.0315     3.8391  131 TI   0 0 0
 104 O    1     2.7511     5.1989   26 BA   0 0 0
 104 O    1     2.7614     5.2183   41 O    0 0 0
 104 O    1     2.8027     5.2964   77 O    0 0 0
 104 O    1     2.8053     5.3012   50 O    0 0 0

 105 O    1     1.9699     3.7226  123 TI   0 0 0
 105 O    1     2.0170     3.8117  132 TI   0 0 0
 105 O    1     2.7575     5.2110   24 BA   0 0 0
 105 O    1     2.7608     5.2172   72 O    0 0 0
 105 O    1     2.7851     5.2630   69 O    0 0 0
 105 O    1     2.7903     5.2730   27 BA   0 0 0

 106 O    1     1.9302     3.6475  133 TI   0 0 0
 106 O    1     2.0354     3.8464  124 TI   0 0 0
 106 O    1     2.7468     5.1907   19 BA   0 1 0
 106 O    1     2.7535     5.2033   73 O    0 1 0
 106 O    1     2.7544     5.2051   79 O    0 0 0
 106 O    1     2.7700     5.2345   25 BA   0 0 0

 107 O    1     1.9778     3.7374  125 TI   0 0 0
 107 O    1     1.9860     3.7530  134 TI   0 0 0
 107 O    1     2.7527     5.2019   26 BA   0 0 0
 107 O    1     2.7741     5.2423   80 O    0 0 0
 107 O    1     2.7908     5.2738   71 O    0 0 0
 107 O    1     2.8034     5.2976   53 O    0 0 0

 108 O    1     1.9865     3.7539  126 TI   0 0 0
 108 O    1     2.0074     3.7935  135 TI   0 0 0
 108 O    1     2.7577     5.2114   45 O    0 0 0
 108 O    1     2.7622     5.2198   72 O    0 0 0
 108 O    1     2.7870     5.2667   54 O    0 0 0
 108 O    1     2.7909     5.2740   81 O    0 0 0

 109 TI   1     1.8502     3.4964   28 O    0 0 0
 109 TI   1     1.9780     3.7380   82 O    0 0 0
 109 TI   1     1.9900     3.7605   58 O    0 0 0
 109 TI   1     2.0460     3.8663   91 O    0 0 0
 109 TI   1     2.0539     3.8813   55 O    0 0 0
 109 TI   1     2.2746     4.2984   30 O    0 0-1

 110 TI   1     1.8543     3.5040   29 O    0 0 0
 110 TI   1     1.9148     3.6184   56 O    0 0 0
 110 TI   1     1.9756     3.7333   83 O    0 0 0
 110 TI   1     2.0018     3.7829   92 O    0 0 0
 110 TI   1     2.0477     3.8695   59 O    0 0 0
 110 TI   1     2.2472     4.2466   28 O    0 0 0

 111 TI   1     1.8108     3.4220   30 O    0 0 0
 111 TI   1     1.9262     3.6399   93 O    0 0 0
 111 TI   1     1.9346     3.6558   60 O    0 0 0
 111 TI   1     1.9879     3.7565   84 O    0 0 0
 111 TI   1     2.0442     3.8630   57 O    0 0 0
 111 TI   1     2.2423     4.2372   29 O    0 0 0

 112 TI   1     1.7582     3.3225   31 O    0 0 0
 112 TI   1     1.9645     3.7123   58 O    0 0 0
 112 TI   1     1.9890     3.7588   61 O    0 0 0
 112 TI   1     1.9952     3.7703   85 O    0 0 0
 112 TI   1     2.0327     3.8412   94 O    0 0 0
 112 TI   1     2.2763     4.3016   33 O    0 0-1

 113 TI   1     1.7809     3.3655   32 O    0 0 0
 113 TI   1     1.9851     3.7513   95 O    0 0 0
 113 TI   1     1.9933     3.7669   59 O    0 0 0
 113 TI   1     2.0055     3.7898   86 O    0 0 0
 113 TI   1     2.0114     3.8010   62 O    0 0 0
 113 TI   1     2.3373     4.4168   31 O    0 0 0

 114 TI   1     1.7942     3.3906   33 O    0 0 0
 114 TI   1     1.9697     3.7221   87 O    0 0 0
 114 TI   1     1.9939     3.7679   96 O    0 0 0
 114 TI   1     2.0115     3.8012   63 O    0 0 0
 114 TI   1     2.0450     3.8646   60 O    0 0 0
 114 TI   1     2.3297     4.4025   32 O    0 0 0

 115 TI   1     1.8087     3.4179   34 O    0 0 0
 115 TI   1     1.9271     3.6416   55 O    0 1 0
 115 TI   1     1.9559     3.6960   97 O    0 0 0
 115 TI   1     2.0234     3.8237   88 O    0 0 0
 115 TI   1     2.0281     3.8326   61 O    0 0 0
 115 TI   1     2.2561     4.2635   36 O    0 0-1

 116 TI   1     1.7777     3.3593   35 O    0 0 0
 116 TI   1     1.9291     3.6455   62 O    0 0 0
 116 TI   1     1.9759     3.7339   98 O    0 0 0
 116 TI   1     1.9972     3.7741   89 O    0 0 0
 116 TI   1     2.0619     3.8964   56 O    0 1 0
 116 TI   1     2.3123     4.3697   34 O    0 0 0

 117 TI   1     1.8734     3.5402   36 O    0 0 0
 117 TI   1     1.9537     3.6919   57 O    0 1 0
 117 TI   1     1.9586     3.7011   63 O    0 0 0
 117 TI   1     1.9632     3.7099   99 O    0 0 0
 117 TI   1     2.0120     3.8022   90 O    0 0 0
 117 TI   1     2.2517     4.2550   35 O    0 0 0

 118 TI   1     1.8859     3.5638   37 O    0 0 0
 118 TI   1     1.9382     3.6626   91 O    0 0 0
 118 TI   1     1.9634     3.7103  100 O    0 0 0
 118 TI   1     1.9669     3.7168   64 O    0 0 0
 118 TI   1     2.0267     3.8299   67 O    0 0 0
 118 TI   1     2.2291     4.2124   39 O    0 0-1

 119 TI   1     1.8225     3.4441   38 O    0 0 0
 119 TI   1     1.9545     3.6934   92 O    0 0 0
 119 TI   1     1.9612     3.7061   68 O    0 0 0
 119 TI   1     1.9687     3.7202   65 O    0 0 0
 119 TI   1     2.0358     3.8472  101 O    0 0 0
 119 TI   1     2.2548     4.2609   37 O    0 0 0

 120 TI   1     1.7883     3.3794   39 O    0 0 0
 120 TI   1     1.9537     3.6919   69 O    0 0 0
 120 TI   1     1.9692     3.7212  102 O    0 0 0
 120 TI   1     1.9703     3.7234   66 O    0 0 0
 120 TI   1     2.0249     3.8264   93 O    0 0 0
 120 TI   1     2.2960     4.3388   38 O    0 0 0

 121 TI   1     1.8602     3.5153   40 O    0 0 0
 121 TI   1     1.9452     3.6760   94 O    0 0 0
 121 TI   1     1.9455     3.6765   67 O    0 0 0
 121 TI   1     2.0364     3.8483   70 O    0 0 0
 121 TI   1     2.0583     3.8896  103 O    0 0 0
 121 TI   1     2.2663     4.2826   42 O    0 0-1

 122 TI   1     1.7862     3.3754   41 O    0 0 0
 122 TI   1     1.9760     3.7340  104 O    0 0 0
 122 TI   1     1.9859     3.7528   95 O    0 0 0
 122 TI   1     1.9860     3.7531   68 O    0 0 0
 122 TI   1     2.0440     3.8627   71 O    0 0 0
 122 TI   1     2.2378     4.2289   40 O    0 0 0

 123 TI   1     1.8222     3.4435   42 O    0 0 0
 123 TI   1     1.9492     3.6835   72 O    0 0 0
 123 TI   1     1.9699     3.7226  105 O    0 0 0
 123 TI   1     1.9833     3.7478   96 O    0 0 0
 123 TI   1     2.0577     3.8884   69 O    0 0 0
 123 TI   1     2.3050     4.3559   41 O    0 0 0

 124 TI   1     1.7392     3.2867   43 O    0 0 0
 124 TI   1     1.9571     3.6984   70 O    0 0 0
 124 TI   1     2.0048     3.7885   97 O    0 0 0
 124 TI   1     2.0096     3.7975   64 O    0 1 0
 124 TI   1     2.0354     3.8464  106 O    0 0 0
 124 TI   1     2.3274     4.3982   45 O    0 0-1

 125 TI   1     1.8804     3.5534   44 O    0 0 0
 125 TI   1     1.9475     3.6803   71 O    0 0 0
 125 TI   1     1.9778     3.7374  107 O    0 0 0
 125 TI   1     2.0016     3.7826   98 O    0 0 0
 125 TI   1     2.0376     3.8505   65 O    0 1 0
 125 TI   1     2.2854     4.3188   43 O    0 0 0

 126 TI   1     1.8044     3.4099   45 O    0 0 0
 126 TI   1     1.9865     3.7539  108 O    0 0 0
 126 TI   1     1.9909     3.7623   66 O    0 1 0
 126 TI   1     2.0215     3.8201   99 O    0 0 0
 126 TI   1     2.0357     3.8470   72 O    0 0 0
 126 TI   1     2.2393     4.2317   44 O    0 0 0

 127 TI   1     1.7932     3.3887   46 O    0 0 0
 127 TI   1     1.9887     3.7580   73 O    0 0 0
 127 TI   1     1.9908     3.7621  100 O    0 0 0
 127 TI   1     2.0096     3.7975   76 O    0 0 0
 127 TI   1     2.0273     3.8311   82 O    1 0 0
 127 TI   1     2.2895     4.3265   48 O    0 0-1

 128 TI   1     1.7693     3.3434   47 O    0 0 0
 128 TI   1     1.9648     3.7130   74 O    0 0 0
 128 TI   1     1.9861     3.7533  101 O    0 0 0
 128 TI   1     2.0109     3.8001   83 O    1 0 0
 128 TI   1     2.0153     3.8083   77 O    0 0 0
 128 TI   1     2.3238     4.3914   46 O    0 0 0

 129 TI   1     1.8448     3.4861   48 O    0 0 0
 129 TI   1     1.9742     3.7306   78 O    0 0 0
 129 TI   1     1.9745     3.7313   75 O    0 0 0
 129 TI   1     2.0032     3.7855  102 O    0 0 0
 129 TI   1     2.0373     3.8499   84 O    1 0 0
 129 TI   1     2.2587     4.2683   47 O    0 0 0

 130 TI   1     1.8117     3.4236   49 O    0 0 0
 130 TI   1     1.9240     3.6357   85 O    1 0 0
 130 TI   1     1.9653     3.7138   76 O    0 0 0
 130 TI   1     1.9919     3.7641  103 O    0 0 0
 130 TI   1     2.0500     3.8740   79 O    0 0 0
 130 TI   1     2.3029     4.3519   51 O    0 0-1

 131 TI   1     1.8106     3.4214   50 O    0 0 0
 131 TI   1     1.9697     3.7222   86 O    1 0 0
 131 TI   1     2.0008     3.7810   77 O    0 0 0
 131 TI   1     2.0115     3.8012   80 O    0 0 0
 131 TI   1     2.0315     3.8391  104 O    0 0 0
 131 TI   1     2.2948     4.3365   49 O    0 0 0

 132 TI   1     1.7936     3.3893   51 O    0 0 0
 132 TI   1     1.9402     3.6664   78 O    0 0 0
 132 TI   1     2.0170     3.8117  105 O    0 0 0
 132 TI   1     2.0215     3.8201   81 O    0 0 0
 132 TI   1     2.0233     3.8235   87 O    1 0 0
 132 TI   1     2.2660     4.2820   50 O    0 0 0

 133 TI   1     1.8209     3.4410   52 O    0 0 0
 133 TI   1     1.9302     3.6475  106 O    0 0 0
 133 TI   1     1.9688     3.7204   73 O    0 1 0
 133 TI   1     1.9730     3.7284   79 O    0 0 0
 133 TI   1     2.0088     3.7961   88 O    1 0 0
 133 TI   1     2.2395     4.2321   54 O    0 0-1

 134 TI   1     1.8564     3.5081   53 O    0 0 0
 134 TI   1     1.9657     3.7147   80 O    0 0 0
 134 TI   1     1.9860     3.7530  107 O    0 0 0
 134 TI   1     1.9984     3.7764   74 O    0 1 0
 134 TI   1     2.0025     3.7841   89 O    1 0 0
 134 TI   1     2.2478     4.2477   52 O    0 0 0

 135 TI   1     1.8753     3.5438   54 O    0 0 0
 135 TI   1     1.9408     3.6675   90 O    1 0 0
 135 TI   1     1.9937     3.7676   81 O    0 0 0
 135 TI   1     2.0074     3.7935  108 O    0 0 0
 135 TI   1     2.0373     3.8499   75 O    0 1 0
 135 TI   1     2.2386     4.2303   53 O    0 0 0


 SYMMETRY ALLOWED INTERNAL DEGREE(S) OF FREEDOM: 402
 TTTTTTTTTTTTTTTTTTTTTTTTTTTTTT SYMM        TELAPSE        3.13 TCPU        3.08
 TTTTTTTTTTTTTTTTTTTTTTTTTTTTTT INT_SCREEN  TELAPSE        3.23 TCPU        3.18

 DFT PARAMETERS

     ATOM       ELECTRONS   NET CHARGE   R(ANGSTROM)
   1 256  BA     10.0000      0.0000     2.24000000
  28   8  O       8.0000      0.0000     0.74000000
 109  22  TI     22.0000      0.0000     1.47000000

 SIZE OF GRID=    2838046
 TTTTTTTTTTTTTTTTTTTTTTTTTTTTTT MAKE_GRID2  TELAPSE       43.19 TCPU       43.14
 BECKE WEIGHT FUNCTION
 RADSAFE =     2.00
 TOLERANCES - DENSITY:10**- 6; POTENTIAL:10**- 9; GRID WGT:10**-14

 RADIAL INTEGRATION  - INTERVALS (POINTS,UPPER LIMIT):            1( 75,  4.0*R)

 ANGULAR INTEGRATION - INTERVALS (ACCURACY LEVEL [N. POINTS] UPPER LIMIT):
  1(  4[  86]   0.2)  2(  8[ 194]   0.5)  3( 12[ 350]   0.9)  4( 16[ 974]   3.5)
  5( 12[ 350]9999.0)
 TTTTTTTTTTTTTTTTTTTTTTTTTTTTTT INT_CALC    TELAPSE       43.30 TCPU       43.24
 EEEEEEEEEE INT_CALC TERMINATION  DATE 25 03 2026 TIME 17:24:06.8

 *******************************************************************************
 converted and standardized from ase Atoms() object for Ba27Ti27O81 in space grou
 CRYSTAL - SCF - TYPE OF CALCULATION :  RESTRICTED CLOSED SHELL
 *******************************************************************************

 CAPPA:IS1  2;IS2  2;IS3  2; K PTS MONK NET   8; SYMMOPS:K SPACE   2;G SPACE   1

 TTTTTTTTTTTTTTTTTTTTTTTTTTTTTT SDIK        TELAPSE       45.57 TCPU       45.49

 AAAAAAAAAAAAAAAAAAAAAAAAAAAAAAAAAAAAAAAAAAAAAAAAAAAAAAAAAAAAAAAAAAAAAAAAAAAAAAA
         ATOMIC WAVEFUNCTION(S)


 NUCLEAR CHARGE 10.0  SYMMETRY SPECIES            S    P
 N. ELECTRONS   10.0  NUMBER OF PRIMITIVE GTOS    5    5
                      NUMBER OF CONTRACTED GTOS   3    2
                      NUMBER OF CLOSED SHELLS     2    1
                      OPEN SHELL OCCUPATION       0    0

  ZNUC  SCFIT    TOTAL HF ENERGY   KINETIC ENERGY   VIRIAL THEOREM             ACCURACY
  10.0     4    -2.474305552E+01  8.075374960E+00 -4.064013205E+00  1.0E-06

 NUCLEAR CHARGE  8.0  SYMMETRY SPECIES            S    P
 N. ELECTRONS    8.0  NUMBER OF PRIMITIVE GTOS   10    6
                      NUMBER OF CONTRACTED GTOS   4    3
                      NUMBER OF CLOSED SHELLS     2    0
                      OPEN SHELL OCCUPATION       0    4

  ZNUC  SCFIT    TOTAL HF ENERGY   KINETIC ENERGY   VIRIAL THEOREM             ACCURACY
   8.0    13    -7.480154908E+01  7.478929754E+01 -2.000163814E+00  2.2E-06

 NUCLEAR CHARGE 22.0  SYMMETRY SPECIES            S    P    D
 N. ELECTRONS   22.0  NUMBER OF PRIMITIVE GTOS   17   11    6
                      NUMBER OF CONTRACTED GTOS   6    4    3
                      NUMBER OF CLOSED SHELLS     4    2    0
                      OPEN SHELL OCCUPATION       0    0    2

  ZNUC  SCFIT    TOTAL HF ENERGY   KINETIC ENERGY   VIRIAL THEOREM             ACCURACY
  22.0    51    -8.483283897E+02  8.486954851E+02 -1.999567459E+00  4.0E-06

 AAAAAAAAAAAAAAAAAAAAAAAAAAAAAAAAAAAAAAAAAAAAAAAAAAAAAAAAAAAAAAAAAAAAAAAAAAAAAAA

 CHARGE NORMALIZATION FACTOR   1.00000000
 TOTAL ATOMIC CHARGES:
  10.0000000  10.0000000  10.0000000  10.0000000  10.0000000  10.0000000
  10.0000000  10.0000000  10.0000000  10.0000000  10.0000000  10.0000000
  10.0000000  10.0000000  10.0000000  10.0000000  10.0000000  10.0000000
  10.0000000  10.0000000  10.0000000  10.0000000  10.0000000  10.0000000
  10.0000000  10.0000000  10.0000000   8.0000000   8.0000000   8.0000000
   8.0000000   8.0000000   8.0000000   8.0000000   8.0000000   8.0000000
   8.0000000   8.0000000   8.0000000   8.0000000   8.0000000   8.0000000
   8.0000000   8.0000000   8.0000000   8.0000000   8.0000000   8.0000000
   8.0000000   8.0000000   8.0000000   8.0000000   8.0000000   8.0000000
   8.0000000   8.0000000   8.0000000   8.0000000   8.0000000   8.0000000
   8.0000000   8.0000000   8.0000000   8.0000000   8.0000000   8.0000000
   8.0000000   8.0000000   8.0000000   8.0000000   8.0000000   8.0000000
   8.0000000   8.0000000   8.0000000   8.0000000   8.0000000   8.0000000
   8.0000000   8.0000000   8.0000000   8.0000000   8.0000000   8.0000000
   8.0000000   8.0000000   8.0000000   8.0000000   8.0000000   8.0000000
   8.0000000   8.0000000   8.0000000   8.0000000   8.0000000   8.0000000
   8.0000000   8.0000000   8.0000000   8.0000000   8.0000000   8.0000000
   8.0000000   8.0000000   8.0000000   8.0000000   8.0000000   8.0000000
  22.0000000  22.0000000  22.0000000  22.0000000  22.0000000  22.0000000
  22.0000000  22.0000000  22.0000000  22.0000000  22.0000000  22.0000000
  22.0000000  22.0000000  22.0000000  22.0000000  22.0000000  22.0000000
  22.0000000  22.0000000  22.0000000  22.0000000  22.0000000  22.0000000
  22.0000000  22.0000000  22.0000000
 TTTTTTTTTTTTTTTTTTTTTTTTTTTTTT MOQGAD      TELAPSE       45.66 TCPU       45.58
 TTTTTTTTTTTTTTTTTTTTTTTTTTTTTT SHELLXN     TELAPSE      373.38 TCPU      373.25
 TTTTTTTTTTTTTTTTTTTTTTTTTTTTTT MONMO3      TELAPSE      384.63 TCPU      384.47
 NUMERICALLY INTEGRATED DENSITY   1511.9949383075
 TTTTTTTTTTTTTTTTTTTTTTTTTTTTTT NUMDFT      TELAPSE      406.88 TCPU      406.72
 CYC   0 ETOT(AU) -2.971198373575E+04 DETOT -2.97E+04 tst  0.00E+00 PX  1.00E+00
 TTTTTTTTTTTTTTTTTTTTTTTTTTTTTT DIIS        TELAPSE      407.16 TCPU      406.99
 TTTTTTTTTTTTTTTTTTTTTTTTTTTTTT FDIK        TELAPSE      422.28 TCPU      421.68
 INSULATING STATE
 TOP OF VALENCE BANDS -    BAND    756; K    8; EIG -3.4805243E-01 AU
 TOP OF VALENCE BANDS -    BAND    756; K    1; EIG -3.5271463E-01 AU
 BOTTOM OF VIRTUAL BANDS - BAND    757; K    1; EIG -8.3274635E-02 AU
 INDIRECT ENERGY BAND GAP:   7.2050 eV
 TTTTTTTTTTTTTTTTTTTTTTTTTTTTTT PDIG        TELAPSE      424.61 TCPU      424.01
 CHARGE NORMALIZATION FACTOR   1.00000000
 TOTAL ATOMIC CHARGES:
   8.1765116   8.1672136   8.1617817   8.1621398   8.1619092   8.1623368
   8.1671819   8.1639607   8.1665241   8.1643344   8.1671131   8.1658388
   8.1537493   8.1679653   8.1604043   8.1663157   8.1628387   8.1578878
   8.1683621   8.1604731   8.1653447   8.1635682   8.1707590   8.1633424
   8.1731758   8.1643832   8.1731044   9.4661972   9.4637073   9.4538419
   9.4359744   9.4448647   9.4480692   9.4576165   9.4353597   9.4752995
   9.4770188   9.4611542   9.4372786   9.4700209   9.4477947   9.4559467
   9.4198504   9.4739205   9.4593950   9.4519430   9.4323356   9.4707084
   9.4547072   9.4571150   9.4498876   9.4548282   9.4662800   9.4745986
   9.4768533   9.4754682   9.4828081   9.4746316   9.4861915   9.4721923
   9.4836418   9.4725256   9.4779170   9.4790993   9.4850378   9.4792967
   9.4775378   9.4739425   9.4814125   9.4802644   9.4809326   9.4773053
   9.4778833   9.4788121   9.4849322   9.4773117   9.4830044   9.4712940
   9.4834651   9.4804461   9.4857768   9.4807098   9.4800365   9.4843639
   9.4697972   9.4782240   9.4813087   9.4843879   9.4816747   9.4777689
   9.4787997   9.4795970   9.4721296   9.4742877   9.4805649   9.4771356
   9.4760494   9.4796635   9.4771629   9.4776360   9.4829019   9.4791565
   9.4914547   9.4826656   9.4803720   9.4769957   9.4759385   9.4817004
  19.3650877  19.4197257  19.4651937  19.4462528  19.4198187  19.4004240
  19.4556550  19.4326293  19.4182174  19.4123111  19.4420433  19.4361286
  19.4002687  19.4326642  19.4167329  19.4378924  19.3803763  19.4175116
  19.4140624  19.4353475  19.3946358  19.4356079  19.4061376  19.4165257
  19.4616773  19.4017858  19.3985857
 TTTTTTTTTTTTTTTTTTTTTTTTTTTTTT MOQGAD      TELAPSE      424.67 TCPU      424.06
 TTTTTTTTTTTTTTTTTTTTTTTTTTTTTT SHELLXN     TELAPSE      772.92 TCPU      772.25
 TTTTTTTTTTTTTTTTTTTTTTTTTTTTTT MONMO3      TELAPSE      784.43 TCPU      783.76
 NUMERICALLY INTEGRATED DENSITY   1511.9946535031
 TTTTTTTTTTTTTTTTTTTTTTTTTTTTTT NUMDFT      TELAPSE      807.41 TCPU      806.74
 CYC   1 ETOT(AU) -2.970519998688E+04 DETOT  6.78E+00 tst  0.00E+00 PX  1.00E+00
 TTTTTTTTTTTTTTTTTTTTTTTTTTTTTT DIIS        TELAPSE      811.26 TCPU      810.59
 DIIS TEST: 0.75907E+02 AT SCF   CYCLE   1 - MIX   80 %
 TTTTTTTTTTTTTTTTTTTTTTTTTTTTTT FDIK        TELAPSE      826.43 TCPU      825.72
 INSULATING STATE
 TOP OF VALENCE BANDS -    BAND    756; K    8; EIG -2.5922895E-01 AU
 TOP OF VALENCE BANDS -    BAND    756; K    1; EIG -2.6619750E-01 AU
 BOTTOM OF VIRTUAL BANDS - BAND    757; K    1; EIG -1.0192753E-01 AU
 INDIRECT ENERGY BAND GAP:   4.2804 eV
 TTTTTTTTTTTTTTTTTTTTTTTTTTTTTT PDIG        TELAPSE      828.78 TCPU      828.06
 CHARGE NORMALIZATION FACTOR   1.00000000
 TOTAL ATOMIC CHARGES:
   8.2591566   8.2537647   8.2531073   8.2525626   8.2512050   8.2530028
   8.2546014   8.2521099   8.2528414   8.2529840   8.2542544   8.2537972
   8.2495649   8.2554079   8.2521013   8.2549106   8.2507110   8.2511055
   8.2541146   8.2519529   8.2551594   8.2535010   8.2572926   8.2520930
   8.2570774   8.2537903   8.2574378   9.1898324   9.2087140   9.2026847
   9.1684208   9.1756085   9.1737533   9.1976034   9.1798400   9.2076510
   9.2132600   9.1948104   9.1854755   9.2064411   9.1831607   9.1928411
   9.1539326   9.2081040   9.1900247   9.1777959   9.1775133   9.1928261
   9.1923988   9.1867081   9.1776018   9.2058049   9.2067044   9.2046384
   9.2321404   9.2270398   9.2314138   9.2343247   9.2372795   9.2369609
   9.2361237   9.2316945   9.2356441   9.2351589   9.2381405   9.2288517
   9.2316592   9.2335608   9.2419041   9.2340573   9.2274801   9.2273389
   9.2346083   9.2352401   9.2321701   9.2345671   9.2329956   9.2369501
   9.2359382   9.2326443   9.2322538   9.2301187   9.2337504   9.2399004
   9.2336952   9.2321181   9.2314531   9.2392728   9.2303471   9.2289054
   9.2338489   9.2362107   9.2315254   9.2287357   9.2370812   9.2395913
   9.2372644   9.2335790   9.2349181   9.2299972   9.2378053   9.2321084
   9.2402809   9.2351019   9.2310998   9.2342079   9.2319895   9.2321646
  20.0741820  20.0877944  20.1003783  20.0979322  20.0983129  20.0902522
  20.1064681  20.0857412  20.0842646  20.0761677  20.0963372  20.0780249
  20.0861434  20.0828151  20.0907984  20.0938384  20.0730015  20.0921226
  20.0895348  20.0945522  20.0830564  20.0971866  20.0851718  20.0799457
  20.0954363  20.0701171  20.0814550
 TTTTTTTTTTTTTTTTTTTTTTTTTTTTTT MOQGAD      TELAPSE      828.83 TCPU      828.12
 TTTTTTTTTTTTTTTTTTTTTTTTTTTTTT SHELLXN     TELAPSE     1176.06 TCPU     1175.16
 TTTTTTTTTTTTTTTTTTTTTTTTTTTTTT MONMO3      TELAPSE     1187.30 TCPU     1186.38
 NUMERICALLY INTEGRATED DENSITY   1511.9938240462
 TTTTTTTTTTTTTTTTTTTTTTTTTTTTTT NUMDFT      TELAPSE     1202.43 TCPU     1201.48
 CYC   2 ETOT(AU) -2.971621690183E+04 DETOT -1.10E+01 tst  4.39E-03 PX  7.00E-02
 TTTTTTTTTTTTTTTTTTTTTTTTTTTTTT DIIS        TELAPSE     1206.64 TCPU     1205.69
 DIIS TEST: 0.14275E+02 AT SCF   CYCLE   2 - DIIS ACTIVE - HISTORY:     2 CYCLES
 TTTTTTTTTTTTTTTTTTTTTTTTTTTTTT FDIK        TELAPSE     1222.10 TCPU     1220.86
 INSULATING STATE
 TOP OF VALENCE BANDS -    BAND    756; K    8; EIG -1.5145459E-01 AU
 TOP OF VALENCE BANDS -    BAND    756; K    1; EIG -1.5748793E-01 AU
 BOTTOM OF VIRTUAL BANDS - BAND    757; K    1; EIG -2.2719764E-02 AU
 INDIRECT ENERGY BAND GAP:   3.5031 eV
 TTTTTTTTTTTTTTTTTTTTTTTTTTTTTT PDIG        TELAPSE     1224.45 TCPU     1223.18
 CHARGE NORMALIZATION FACTOR   1.00000000
 TOTAL ATOMIC CHARGES:
   8.3311589   8.3367386   8.3428073   8.3429792   8.3388978   8.3430360
   8.3363036   8.3401054   8.3354877   8.3392407   8.3379430   8.3367299
   8.3487439   8.3378714   8.3444891   8.3402289   8.3386905   8.3458399
   8.3345790   8.3438355   8.3398786   8.3407263   8.3372945   8.3398572
   8.3350003   8.3402982   8.3329865   9.0631667   9.0502409   9.0544939
   9.0572032   9.0574907   9.0643420   9.0587750   9.0528079   9.0468151
   9.0446557   9.0534206   9.0464331   9.0601119   9.0454057   9.0544353
   9.0451413   9.0503330   9.0706423   9.0605160   9.0510129   9.0574131
   9.0547140   9.0559488   9.0489284   9.0429894   9.0500777   9.0560089
   9.0418091   9.0398464   9.0213885   9.0471200   9.0326606   9.0465141
   9.0318406   9.0509363   9.0446288   9.0374325   9.0293680   9.0343396
   9.0318726   9.0415262   9.0346712   9.0433013   9.0306263   9.0409734
   9.0419981   9.0393123   9.0287226   9.0403904   9.0309825   9.0462564
   9.0270677   9.0390347   9.0380158   9.0494245   9.0387704   9.0301138
   9.0497789   9.0400640   9.0448659   9.0235198   9.0260451   9.0315098
   9.0299617   9.0441597   9.0290514   9.0396124   9.0411182   9.0420788
   9.0495174   9.0353367   9.0337650   9.0356555   9.0353966   9.0412050
   9.0279787   9.0367879   9.0434199   9.0424122   9.0384285   9.0334511
  20.5876276  20.5423457  20.5092404  20.5185627  20.5210930  20.5213730
  20.4988161  20.5266154  20.5393557  20.5521787  20.4944963  20.5061433
  20.5490189  20.5228660  20.5294852  20.5140147  20.5754502  20.5390624
  20.5361039  20.5189353  20.5398758  20.5100134  20.5327949  20.5333040
  20.5155996  20.5668084  20.5574830
 TTTTTTTTTTTTTTTTTTTTTTTTTTTTTT MOQGAD      TELAPSE     1224.53 TCPU     1223.24
 TTTTTTTTTTTTTTTTTTTTTTTTTTTTTT SHELLXN     TELAPSE     1571.71 TCPU     1570.23
 TTTTTTTTTTTTTTTTTTTTTTTTTTTTTT MONMO3      TELAPSE     1582.94 TCPU     1581.46
 NUMERICALLY INTEGRATED DENSITY   1511.9933087964
 TTTTTTTTTTTTTTTTTTTTTTTTTTTTTT NUMDFT      TELAPSE     1597.96 TCPU     1596.48
 CYC   3 ETOT(AU) -2.971860910663E+04 DETOT -2.39E+00 tst  2.20E-03 PX  6.04E-02
 TTTTTTTTTTTTTTTTTTTTTTTTTTTTTT DIIS        TELAPSE     1602.00 TCPU     1600.52
 DIIS TEST: 0.20423E+00 AT SCF   CYCLE   3 - DIIS ACTIVE - HISTORY:     3 CYCLES
 TTTTTTTTTTTTTTTTTTTTTTTTTTTTTT FDIK        TELAPSE     1617.34 TCPU     1615.71
 INSULATING STATE
 TOP OF VALENCE BANDS -    BAND    756; K    8; EIG -1.5390253E-01 AU
 TOP OF VALENCE BANDS -    BAND    756; K    1; EIG -1.6253597E-01 AU
 BOTTOM OF VIRTUAL BANDS - BAND    757; K    1; EIG -6.2389926E-03 AU
 INDIRECT ENERGY BAND GAP:   4.0181 eV
 TTTTTTTTTTTTTTTTTTTTTTTTTTTTTT PDIG        TELAPSE     1619.70 TCPU     1618.07
 CHARGE NORMALIZATION FACTOR   1.00000000
 TOTAL ATOMIC CHARGES:
   8.3407582   8.3404729   8.3458198   8.3452023   8.3424293   8.3453084
   8.3431647   8.3425309   8.3394223   8.3434522   8.3416752   8.3422672
   8.3485686   8.3430018   8.3466192   8.3447989   8.3401690   8.3477892
   8.3403779   8.3448798   8.3455454   8.3447902   8.3440254   8.3430494
   8.3409615   8.3441834   8.3402788   8.9817244   9.0665119   9.0385109
   8.9719210   8.9751527   8.9515219   9.0012814   9.0182433   9.0365716
   9.0546010   8.9967854   9.0239580   9.0275871   9.0060614   9.0095947
   8.9546280   9.0437200   8.9893437   8.9695703   9.0161064   8.9742610
   9.0074256   8.9826403   8.9896576   9.0563995   9.0487860   9.0211178
   9.0971352   9.0821552   9.0938762   9.1003860   9.0916352   9.1111059
   9.0964919   9.0935614   9.0962390   9.1012973   9.1027265   9.0844257
   9.1002550   9.1078553   9.1171651   9.0893787   9.0760090   9.0743488
   9.0991981   9.1026827   9.0887493   9.0947585   9.0878363   9.1205167
   9.0986441   9.0943963   9.0776622   9.0805192   9.0874439   9.1071892
   9.1034272   9.0876657   9.0745786   9.1096443   9.0904492   9.0935646
   9.1082672   9.0996854   9.1063500   9.0850002   9.0985930   9.1164830
   9.1017399   9.0964797   9.1076208   9.0940323   9.1009260   9.0873882
   9.0963459   9.0956560   9.0812308   9.0937135   9.1039470   9.0883030
  20.4470782  20.4188680  20.4558561  20.4684948  20.5093445  20.5228768
  20.5116505  20.4389070  20.4233171  20.3953413  20.5044984  20.4223673
  20.4569042  20.4297604  20.4764710  20.4816109  20.4067344  20.4855632
  20.4831845  20.4649673  20.4831601  20.4864253  20.4805110  20.4354840
  20.4223844  20.3823810  20.4438985
 TTTTTTTTTTTTTTTTTTTTTTTTTTTTTT MOQGAD      TELAPSE     1619.76 TCPU     1618.12
 TTTTTTTTTTTTTTTTTTTTTTTTTTTTTT SHELLXN     TELAPSE     1964.82 TCPU     1963.04
 TTTTTTTTTTTTTTTTTTTTTTTTTTTTTT MONMO3      TELAPSE     1976.40 TCPU     1974.58
 NUMERICALLY INTEGRATED DENSITY   1511.9931949382
 TTTTTTTTTTTTTTTTTTTTTTTTTTTTTT NUMDFT      TELAPSE     1993.85 TCPU     1992.00
 CYC   4 ETOT(AU) -2.971858626492E+04 DETOT  2.28E-02 tst  7.27E-05 PX  2.80E-02
 TTTTTTTTTTTTTTTTTTTTTTTTTTTTTT DIIS        TELAPSE     1998.22 TCPU     1996.37
 DIIS TEST: 0.37378E+00 AT SCF   CYCLE   4 - DIIS ACTIVE - HISTORY:     4 CYCLES
 TTTTTTTTTTTTTTTTTTTTTTTTTTTTTT FDIK        TELAPSE     2013.50 TCPU     2011.55
 INSULATING STATE
 TOP OF VALENCE BANDS -    BAND    756; K    8; EIG -1.4722658E-01 AU
 TOP OF VALENCE BANDS -    BAND    756; K    1; EIG -1.5457326E-01 AU
 BOTTOM OF VIRTUAL BANDS - BAND    757; K    1; EIG -7.2689097E-03 AU
 INDIRECT ENERGY BAND GAP:   3.8084 eV
 TTTTTTTTTTTTTTTTTTTTTTTTTTTTTT PDIG        TELAPSE     2015.88 TCPU     2013.93
 CHARGE NORMALIZATION FACTOR   1.00000000
 TOTAL ATOMIC CHARGES:
   8.3368130   8.3384459   8.3434890   8.3419149   8.3395633   8.3423339
   8.3394217   8.3394928   8.3368087   8.3399519   8.3395037   8.3387562
   8.3461748   8.3400285   8.3426522   8.3409357   8.3378133   8.3445420
   8.3372226   8.3431256   8.3424951   8.3416589   8.3404215   8.3396158
   8.3379610   8.3420179   8.3375444   9.0436807   9.0452014   9.0647985
   9.0344502   9.0366637   9.0444136   9.0644796   9.0415706   9.0401908
   9.0431091   9.0507669   9.0498736   9.0547125   9.0337369   9.0510084
   9.0293166   9.0396169   9.0517862   9.0377788   9.0394541   9.0453287
   9.0497507   9.0449394   9.0268017   9.0576766   9.0484870   9.0457892
   9.0745646   9.0662890   9.0569926   9.0805632   9.0679732   9.0841598
   9.0665065   9.0800153   9.0795792   9.0720852   9.0690615   9.0643752
   9.0662480   9.0755259   9.0760550   9.0740649   9.0590850   9.0692496
   9.0765504   9.0741410   9.0616073   9.0759673   9.0639287   9.0836478
   9.0651251   9.0699984   9.0663142   9.0711689   9.0730549   9.0719036
   9.0843551   9.0730178   9.0730579   9.0677620   9.0587452   9.0627781
   9.0661228   9.0779747   9.0693311   9.0697151   9.0762192   9.0807887
   9.0840961   9.0683354   9.0703377   9.0663173   9.0712647   9.0727665
   9.0659910   9.0705935   9.0717089   9.0768677   9.0703705   9.0683226
  20.4996243  20.4996828  20.4502360  20.4645336  20.4723865  20.4595328
  20.4453223  20.4647931  20.4874356  20.4866258  20.4385936  20.4480954
  20.4918785  20.4625432  20.4704521  20.4526881  20.5150167  20.4693357
  20.4713003  20.4753814  20.4691171  20.4640831  20.4673660  20.4737909
  20.4643731  20.4853816  20.4917031
 TTTTTTTTTTTTTTTTTTTTTTTTTTTTTT MOQGAD      TELAPSE     2015.94 TCPU     2013.99
 TTTTTTTTTTTTTTTTTTTTTTTTTTTTTT SHELLXN     TELAPSE     2361.87 TCPU     2359.80
 TTTTTTTTTTTTTTTTTTTTTTTTTTTTTT MONMO3      TELAPSE     2373.25 TCPU     2371.17
 NUMERICALLY INTEGRATED DENSITY   1511.9932170493
 TTTTTTTTTTTTTTTTTTTTTTTTTTTTTT NUMDFT      TELAPSE     2392.84 TCPU     2390.76
 CYC   5 ETOT(AU) -2.971864024411E+04 DETOT -5.40E-02 tst  1.89E-05 PX  1.49E-02
 TTTTTTTTTTTTTTTTTTTTTTTTTTTTTT DIIS        TELAPSE     2397.28 TCPU     2395.20
 DIIS TEST: 0.32728E-01 AT SCF   CYCLE   5 - DIIS ACTIVE - HISTORY:     5 CYCLES
 TTTTTTTTTTTTTTTTTTTTTTTTTTTTTT FDIK        TELAPSE     2412.75 TCPU     2410.58
 INSULATING STATE
 TOP OF VALENCE BANDS -    BAND    756; K    8; EIG -1.4674714E-01 AU
 TOP OF VALENCE BANDS -    BAND    756; K    1; EIG -1.5407852E-01 AU
 BOTTOM OF VIRTUAL BANDS - BAND    757; K    1; EIG -9.3103603E-03 AU
 INDIRECT ENERGY BAND GAP:   3.7398 eV
 TTTTTTTTTTTTTTTTTTTTTTTTTTTTTT PDIG        TELAPSE     2415.12 TCPU     2412.95
 CHARGE NORMALIZATION FACTOR   1.00000000
 TOTAL ATOMIC CHARGES:
   8.3344631   8.3360371   8.3413665   8.3406109   8.3376826   8.3409146
   8.3374547   8.3378718   8.3349366   8.3383633   8.3371466   8.3368763
   8.3447304   8.3378732   8.3416767   8.3395367   8.3361296   8.3431348
   8.3351724   8.3410006   8.3403201   8.3397993   8.3382801   8.3383128
   8.3358299   8.3395775   8.3350896   9.0343895   9.0650397   9.0525484
   9.0290711   9.0319634   9.0236667   9.0390740   9.0441289   9.0505884
   9.0564549   9.0350569   9.0415172   9.0534979   9.0359795   9.0404351
   9.0113215   9.0574603   9.0420073   9.0284387   9.0435946   9.0294796
   9.0414952   9.0322718   9.0310994   9.0527355   9.0559146   9.0470486
   9.0689742   9.0633972   9.0570028   9.0737042   9.0629508   9.0781436
   9.0641610   9.0742767   9.0713688   9.0694422   9.0647080   9.0600916
   9.0647688   9.0736702   9.0736276   9.0677450   9.0560189   9.0607396
   9.0706341   9.0702020   9.0581527   9.0684467   9.0601856   9.0811529
   9.0621019   9.0667130   9.0601063   9.0673190   9.0652428   9.0669997
   9.0775006   9.0648809   9.0629201   9.0639503   9.0578294   9.0616714
   9.0665113   9.0723180   9.0656082   9.0644168   9.0702546   9.0773539
   9.0764677   9.0661031   9.0694216   9.0644128   9.0686175   9.0654696
   9.0617452   9.0660661   9.0646022   9.0691852   9.0702530   9.0610115
  20.5184113  20.4728496  20.4765925  20.4798623  20.4999741  20.5100940
  20.4941774  20.4745566  20.4742239  20.4708000  20.4886048  20.4572917
  20.4970176  20.4685275  20.4953561  20.4881629  20.4861743  20.5054889
  20.4997877  20.4788628  20.5057891  20.4869944  20.4985011  20.4747409
  20.4645007  20.4779531  20.4976197
 TTTTTTTTTTTTTTTTTTTTTTTTTTTTTT MOQGAD      TELAPSE     2415.17 TCPU     2413.01
 TTTTTTTTTTTTTTTTTTTTTTTTTTTTTT SHELLXN     TELAPSE     2761.51 TCPU     2759.27
 TTTTTTTTTTTTTTTTTTTTTTTTTTTTTT MONMO3      TELAPSE     2772.84 TCPU     2770.60
 NUMERICALLY INTEGRATED DENSITY   1511.9932264034
 TTTTTTTTTTTTTTTTTTTTTTTTTTTTTT NUMDFT      TELAPSE     2793.49 TCPU     2791.24
 CYC   6 ETOT(AU) -2.971864508529E+04 DETOT -4.84E-03 tst  1.59E-06 PX  4.25E-03
 TTTTTTTTTTTTTTTTTTTTTTTTTTTTTT DIIS        TELAPSE     2797.88 TCPU     2795.64
 DIIS TEST: 0.53930E-02 AT SCF   CYCLE   6 - DIIS ACTIVE - HISTORY:     6 CYCLES
 TTTTTTTTTTTTTTTTTTTTTTTTTTTTTT FDIK        TELAPSE     2813.31 TCPU     2810.92
 INSULATING STATE
 TOP OF VALENCE BANDS -    BAND    756; K    8; EIG -1.4682062E-01 AU
 TOP OF VALENCE BANDS -    BAND    756; K    1; EIG -1.5417863E-01 AU
 BOTTOM OF VIRTUAL BANDS - BAND    757; K    1; EIG -9.8909968E-03 AU
 INDIRECT ENERGY BAND GAP:   3.7260 eV
 TTTTTTTTTTTTTTTTTTTTTTTTTTTTTT PDIG        TELAPSE     2815.64 TCPU     2813.26
 CHARGE NORMALIZATION FACTOR   1.00000000
 TOTAL ATOMIC CHARGES:
   8.3338464   8.3360333   8.3413470   8.3405430   8.3376580   8.3408113
   8.3370874   8.3379393   8.3347603   8.3381510   8.3371500   8.3367740
   8.3448850   8.3377971   8.3416844   8.3392965   8.3363070   8.3431311
   8.3348902   8.3411995   8.3400229   8.3396997   8.3380620   8.3381193
   8.3354617   8.3395479   8.3346245   9.0329795   9.0512253   9.0525863
   9.0226117   9.0236754   9.0244372   9.0439207   9.0369442   9.0395949
   9.0453679   9.0354011   9.0400063   9.0476102   9.0276565   9.0397785
   9.0129799   9.0416779   9.0401973   9.0254852   9.0340612   9.0286240
   9.0378234   9.0295038   9.0221668   9.0514137   9.0475553   9.0416400
   9.0693742   9.0606844   9.0549300   9.0741145   9.0621466   9.0782184
   9.0628807   9.0729016   9.0713362   9.0679328   9.0649028   9.0593992
   9.0636789   9.0724370   9.0736397   9.0672436   9.0527284   9.0596214
   9.0704576   9.0699532   9.0578466   9.0681202   9.0589537   9.0807174
   9.0612072   9.0657261   9.0589004   9.0658454   9.0641479   9.0673331
   9.0767090   9.0651779   9.0630050   9.0644821   9.0564823   9.0603522
   9.0657270   9.0718490   9.0659408   9.0627304   9.0699429   9.0775626
   9.0762198   9.0645352   9.0678435   9.0633383   9.0666866   9.0652151
   9.0614587   9.0654981   9.0638238   9.0688305   9.0681109   9.0613023
  20.5186678  20.4975856  20.4754049  20.4905677  20.5063651  20.5030100
  20.4861496  20.4842213  20.4932337  20.4896824  20.4800759  20.4654502
  20.5067853  20.4796853  20.4966129  20.4852813  20.5130407  20.5013336
  20.5018657  20.4934682  20.5013252  20.4905520  20.4985771  20.4900147
  20.4734261  20.4889330  20.5047281
 TTTTTTTTTTTTTTTTTTTTTTTTTTTTTT MOQGAD      TELAPSE     2815.70 TCPU     2813.31
 TTTTTTTTTTTTTTTTTTTTTTTTTTTTTT SHELLXN     TELAPSE     3162.53 TCPU     3160.04
 TTTTTTTTTTTTTTTTTTTTTTTTTTTTTT MONMO3      TELAPSE     3173.82 TCPU     3171.33
 NUMERICALLY INTEGRATED DENSITY   1511.9932267820
 TTTTTTTTTTTTTTTTTTTTTTTTTTTTTT NUMDFT      TELAPSE     3193.12 TCPU     3190.63
 CYC   7 ETOT(AU) -2.971864583132E+04 DETOT -7.46E-04 tst  5.76E-07 PX  2.24E-03
 TTTTTTTTTTTTTTTTTTTTTTTTTTTTTT DIIS        TELAPSE     3197.55 TCPU     3195.06
 DIIS TEST: 0.65321E-03 AT SCF   CYCLE   7 - DIIS ACTIVE - HISTORY:     7 CYCLES
 TTTTTTTTTTTTTTTTTTTTTTTTTTTTTT FDIK        TELAPSE     3213.51 TCPU     3210.86
 INSULATING STATE
 TOP OF VALENCE BANDS -    BAND    756; K    8; EIG -1.4630755E-01 AU
 TOP OF VALENCE BANDS -    BAND    756; K    1; EIG -1.5368498E-01 AU
 BOTTOM OF VIRTUAL BANDS - BAND    757; K    1; EIG -9.3542419E-03 AU
 INDIRECT ENERGY BAND GAP:   3.7267 eV
 TTTTTTTTTTTTTTTTTTTTTTTTTTTTTT PDIG        TELAPSE     3215.90 TCPU     3213.25
 CHARGE NORMALIZATION FACTOR   1.00000000
 TOTAL ATOMIC CHARGES:
   8.3349388   8.3370462   8.3424814   8.3416342   8.3386511   8.3419066
   8.3381452   8.3389626   8.3358081   8.3392715   8.3381527   8.3377956
   8.3460218   8.3387636   8.3427894   8.3403869   8.3372459   8.3442549
   8.3359592   8.3422660   8.3411763   8.3407837   8.3390563   8.3392113
   8.3365649   8.3406094   8.3357122   9.0311238   9.0537068   9.0526782
   9.0253497   9.0286116   9.0244571   9.0430364   9.0386876   9.0420098
   9.0471407   9.0356545   9.0399975   9.0487457   9.0305224   9.0389041
   9.0117188   9.0469199   9.0392828   9.0256511   9.0378579   9.0288431
   9.0392169   9.0313561   9.0241838   9.0503570   9.0488162   9.0410213
   9.0683147   9.0612309   9.0542791   9.0736008   9.0620977   9.0777896
   9.0624156   9.0734634   9.0717849   9.0677367   9.0638618   9.0585298
   9.0626119   9.0716885   9.0721972   9.0671639   9.0543010   9.0608261
   9.0700455   9.0690632   9.0566084   9.0684053   9.0586984   9.0799922
   9.0604912   9.0651150   9.0592932   9.0654497   9.0652168   9.0664084
   9.0773878   9.0651443   9.0634806   9.0628435   9.0552841   9.0592308
   9.0641216   9.0714030   9.0644169   9.0631875   9.0698207   9.0764118
   9.0763830   9.0642622   9.0672801   9.0624373   9.0668107   9.0651845
   9.0606243   9.0651112   9.0641463   9.0690362   9.0679781   9.0610116
  20.5224610  20.4924325  20.4774591  20.4842185  20.4997883  20.5034483
  20.4879463  20.4809913  20.4885338  20.4853499  20.4817613  20.4639182
  20.5055601  20.4761447  20.4973405  20.4866933  20.5044291  20.5041845
  20.5003159  20.4875113  20.5034108  20.4897808  20.4976781  20.4842237
  20.4750673  20.4896839  20.5065422
 TTTTTTTTTTTTTTTTTTTTTTTTTTTTTT MOQGAD      TELAPSE     3215.97 TCPU     3213.33
 TTTTTTTTTTTTTTTTTTTTTTTTTTTTTT SHELLXN     TELAPSE     3560.66 TCPU     3557.95
 TTTTTTTTTTTTTTTTTTTTTTTTTTTTTT MONMO3      TELAPSE     3571.92 TCPU     3569.21
 NUMERICALLY INTEGRATED DENSITY   1511.9932228713
 TTTTTTTTTTTTTTTTTTTTTTTTTTTTTT NUMDFT      TELAPSE     3590.59 TCPU     3587.87
 CYC   8 ETOT(AU) -2.971864590991E+04 DETOT -7.86E-05 tst  4.26E-08 PX  1.24E-03
 TTTTTTTTTTTTTTTTTTTTTTTTTTTTTT DIIS        TELAPSE     3595.14 TCPU     3592.43
 DIIS TEST: 0.12755E-03 AT SCF   CYCLE   8 - DIIS ACTIVE - HISTORY:     8 CYCLES
 TTTTTTTTTTTTTTTTTTTTTTTTTTTTTT FDIK        TELAPSE     3610.86 TCPU     3607.65
 INSULATING STATE
 TOP OF VALENCE BANDS -    BAND    756; K    8; EIG -1.4625849E-01 AU
 TOP OF VALENCE BANDS -    BAND    756; K    1; EIG -1.5361507E-01 AU
 BOTTOM OF VIRTUAL BANDS - BAND    757; K    1; EIG -9.3224179E-03 AU
 INDIRECT ENERGY BAND GAP:   3.7262 eV
 TTTTTTTTTTTTTTTTTTTTTTTTTTTTTT PDIG        TELAPSE     3613.22 TCPU     3610.01
 CHARGE NORMALIZATION FACTOR   1.00000000
 TOTAL ATOMIC CHARGES:
   8.3350213   8.3371403   8.3425388   8.3417378   8.3388015   8.3420076
   8.3382573   8.3390707   8.3359003   8.3393360   8.3382657   8.3378736
   8.3461057   8.3389067   8.3428613   8.3404822   8.3373810   8.3443580
   8.3360427   8.3423584   8.3412526   8.3408818   8.3391969   8.3393017
   8.3366290   8.3407132   8.3357992   9.0331376   9.0543281   9.0525559
   9.0247461   9.0263379   9.0246889   9.0427783   9.0386610   9.0423167
   9.0478746   9.0351044   9.0403259   9.0491675   9.0298421   9.0397987
   9.0126398   9.0456803   9.0406282   9.0262213   9.0367447   9.0291435
   9.0390974   9.0304780   9.0244478   9.0513329   9.0493566   9.0426099
   9.0684311   9.0610040   9.0545396   9.0734567   9.0616528   9.0775801
   9.0622629   9.0729071   9.0709817   9.0676116   9.0639076   9.0588196
   9.0631012   9.0719371   9.0726000   9.0668104   9.0532425   9.0597321
   9.0698546   9.0691839   9.0569637   9.0678766   9.0585797   9.0800095
   9.0606095   9.0652033   9.0587649   9.0655952   9.0642879   9.0663496
   9.0766514   9.0645599   9.0626461   9.0632673   9.0557831   9.0598662
   9.0647599   9.0714057   9.0648774   9.0628670   9.0693770   9.0765788
   9.0759609   9.0641946   9.0674234   9.0626635   9.0665710   9.0647929
   9.0606387   9.0648656   9.0635758   9.0685878   9.0678716   9.0605999
  20.5193385  20.4915687  20.4764216  20.4871155  20.5042475  20.5044148
  20.4883246  20.4816491  20.4885750  20.4851656  20.4825150  20.4636343
  20.5046327  20.4768709  20.4965380  20.4862607  20.5067141  20.5025930
  20.5012769  20.4896414  20.5028769  20.4897160  20.4987115  20.4856491
  20.4720931  20.4873020  20.5036463
 TTTTTTTTTTTTTTTTTTTTTTTTTTTTTT MOQGAD      TELAPSE     3613.34 TCPU     3610.12
 TTTTTTTTTTTTTTTTTTTTTTTTTTTTTT SHELLXN     TELAPSE     3959.10 TCPU     3955.83
 TTTTTTTTTTTTTTTTTTTTTTTTTTTTTT MONMO3      TELAPSE     3970.73 TCPU     3967.43
 NUMERICALLY INTEGRATED DENSITY   1511.9932228303
 TTTTTTTTTTTTTTTTTTTTTTTTTTTTTT NUMDFT      TELAPSE     3995.97 TCPU     3991.48
 CYC   9 ETOT(AU) -2.971864592440E+04 DETOT -1.45E-05 tst  5.47E-09 PX  3.11E-04
 TTTTTTTTTTTTTTTTTTTTTTTTTTTTTT DIIS        TELAPSE     4002.28 TCPU     3997.70
 DIIS TEST: 0.20375E-04 AT SCF   CYCLE   9 - DIIS ACTIVE - HISTORY:     9 CYCLES
 TTTTTTTTTTTTTTTTTTTTTTTTTTTTTT FDIK        TELAPSE     4019.77 TCPU     4014.20
 INSULATING STATE
 TOP OF VALENCE BANDS -    BAND    756; K    8; EIG -1.4624696E-01 AU
 TOP OF VALENCE BANDS -    BAND    756; K    1; EIG -1.5360181E-01 AU
 BOTTOM OF VIRTUAL BANDS - BAND    757; K    1; EIG -9.3809888E-03 AU
 INDIRECT ENERGY BAND GAP:   3.7243 eV
 TTTTTTTTTTTTTTTTTTTTTTTTTTTTTT PDIG        TELAPSE     4022.28 TCPU     4016.66
 CHARGE NORMALIZATION FACTOR   1.00000000
 TOTAL ATOMIC CHARGES:
   8.3350306   8.3371246   8.3425271   8.3417082   8.3387644   8.3419764
   8.3382516   8.3390240   8.3358888   8.3393260   8.3382435   8.3378659
   8.3460804   8.3388811   8.3428254   8.3404601   8.3373311   8.3443288
   8.3360372   8.3423180   8.3412491   8.3408668   8.3391692   8.3392779
   8.3366249   8.3406887   8.3358070   9.0323711   9.0540876   9.0524499
   9.0245710   9.0268990   9.0242630   9.0427109   9.0386830   9.0418551
   9.0473293   9.0354674   9.0400687   9.0486947   9.0299800   9.0393877
   9.0123138   9.0459649   9.0400488   9.0260044   9.0369429   9.0286924
   9.0387066   9.0306329   9.0241583   9.0509583   9.0491543   9.0420109
   9.0684233   9.0607988   9.0544271   9.0732994   9.0616865   9.0775039
   9.0623278   9.0728021   9.0709325   9.0675176   9.0639160   9.0586737
   9.0629117   9.0718312   9.0725302   9.0667545   9.0532529   9.0596756
   9.0698004   9.0691275   9.0568920   9.0676850   9.0584794   9.0799541
   9.0604780   9.0651319   9.0586651   9.0654337   9.0641042   9.0663135
   9.0765307   9.0645784   9.0626338   9.0631849   9.0557126   9.0595941
   9.0647035   9.0712342   9.0647964   9.0626117   9.0693922   9.0765581
   9.0757726   9.0641089   9.0672941   9.0626431   9.0664580   9.0647134
   9.0606046   9.0648943   9.0635373   9.0683911   9.0678585   9.0605554
  20.5211263  20.4923872  20.4764861  20.4871077  20.5031634  20.5049013
  20.4881133  20.4820785  20.4892159  20.4859682  20.4820119  20.4640846
  20.5054556  20.4771012  20.4971805  20.4866508  20.5062873  20.5036722
  20.5014873  20.4893177  20.5033865  20.4900752  20.4986088  20.4862502
  20.4728901  20.4882302  20.5049862
 TTTTTTTTTTTTTTTTTTTTTTTTTTTTTT MOQGAD      TELAPSE     4022.41 TCPU     4016.72
 TTTTTTTTTTTTTTTTTTTTTTTTTTTTTT SHELLXN     TELAPSE     4384.88 TCPU     4376.45
 TTTTTTTTTTTTTTTTTTTTTTTTTTTTTT MONMO3      TELAPSE     4396.92 TCPU     4388.03
 NUMERICALLY INTEGRATED DENSITY   1511.9932230477
 TTTTTTTTTTTTTTTTTTTTTTTTTTTTTT NUMDFT      TELAPSE     4416.99 TCPU     4407.94
 CYC  10 ETOT(AU) -2.971864592700E+04 DETOT -2.60E-06 tst  2.46E-09 PX  2.44E-04
 TTTTTTTTTTTTTTTTTTTTTTTTTTTTTT DIIS        TELAPSE     4423.45 TCPU     4414.32
 DIIS TEST: 0.34558E-05 AT SCF   CYCLE  10 - DIIS ACTIVE - HISTORY:    10 CYCLES
 TTTTTTTTTTTTTTTTTTTTTTTTTTTTTT FDIK        TELAPSE     4441.91 TCPU     4430.24
 INSULATING STATE
 TOP OF VALENCE BANDS -    BAND    756; K    8; EIG -1.4626174E-01 AU
 TOP OF VALENCE BANDS -    BAND    756; K    1; EIG -1.5362128E-01 AU
 BOTTOM OF VIRTUAL BANDS - BAND    757; K    1; EIG -9.3868227E-03 AU
 INDIRECT ENERGY BAND GAP:   3.7246 eV
 TTTTTTTTTTTTTTTTTTTTTTTTTTTTTT PDIG        TELAPSE     4444.38 TCPU     4432.64
 CHARGE NORMALIZATION FACTOR   1.00000000
 TOTAL ATOMIC CHARGES:
   8.3350222   8.3371190   8.3425183   8.3416951   8.3387604   8.3419682
   8.3382435   8.3390276   8.3358738   8.3393157   8.3382389   8.3378582
   8.3460646   8.3388750   8.3428226   8.3404506   8.3373337   8.3443159
   8.3360278   8.3423205   8.3412376   8.3408513   8.3391676   8.3392709
   8.3366177   8.3406889   8.3357912   9.0324936   9.0539760   9.0523571
   9.0247192   9.0266872   9.0244431   9.0426478   9.0385105   9.0420252
   9.0475009   9.0350954   9.0400550   9.0488403   9.0298108   9.0393970
   9.0122456   9.0457440   9.0401435   9.0259509   9.0368059   9.0288235
   9.0388662   9.0304548   9.0242572   9.0508780   9.0489905   9.0420600
   9.0683139   9.0608553   9.0543528   9.0733610   9.0616512   9.0774892
   9.0622653   9.0728831   9.0710213   9.0675198   9.0637965   9.0586189
   9.0628350   9.0717585   9.0724106   9.0667831   9.0533262   9.0598216
   9.0697711   9.0690491   9.0567832   9.0677945   9.0584800   9.0799242
   9.0604418   9.0650643   9.0587424   9.0654689   9.0642841   9.0662610
   9.0766468   9.0645850   9.0627219   9.0630495   9.0555791   9.0595640
   9.0645560   9.0712224   9.0646491   9.0627277   9.0693746   9.0764684
   9.0758496   9.0640979   9.0672668   9.0625588   9.0664564   9.0647285
   9.0605295   9.0648301   9.0635773   9.0684844   9.0677955   9.0605859
  20.5206697  20.4923671  20.4770329  20.4868572  20.5035209  20.5045710
  20.4885587  20.4820360  20.4890304  20.4857305  20.4826600  20.4641326
  20.5053568  20.4772094  20.4971916  20.4867710  20.5066352  20.5034662
  20.5014991  20.4895095  20.5033914  20.4901086  20.4989133  20.4858563
  20.4732781  20.4884544  20.5049029
 TTTTTTTTTTTTTTTTTTTTTTTTTTTTTT MOQGAD      TELAPSE     4444.46 TCPU     4432.71
 TTTTTTTTTTTTTTTTTTTTTTTTTTTTTT SHELLXN     TELAPSE     4795.31 TCPU     4782.18
 TTTTTTTTTTTTTTTTTTTTTTTTTTTTTT MONMO3      TELAPSE     4806.77 TCPU     4793.40
 NUMERICALLY INTEGRATED DENSITY   1511.9932230652
 TTTTTTTTTTTTTTTTTTTTTTTTTTTTTT NUMDFT      TELAPSE     4821.78 TCPU     4808.22
 CYC  11 ETOT(AU) -2.971864592716E+04 DETOT -1.51E-07 tst  2.66E-10 PX  1.25E-04
 TTTTTTTTTTTTTTTTTTTTTTTTTTTTTT DIIS        TELAPSE     4827.37 TCPU     4813.75
 DIIS TEST: 0.62559E-06 AT SCF   CYCLE  11 - DIIS ACTIVE - HISTORY:    11 CYCLES
 TTTTTTTTTTTTTTTTTTTTTTTTTTTTTT FDIK        TELAPSE     4846.63 TCPU     4829.01
 INSULATING STATE
 TOP OF VALENCE BANDS -    BAND    756; K    8; EIG -1.4626257E-01 AU
 TOP OF VALENCE BANDS -    BAND    756; K    1; EIG -1.5362151E-01 AU
 BOTTOM OF VIRTUAL BANDS - BAND    757; K    1; EIG -9.3909017E-03 AU
 INDIRECT ENERGY BAND GAP:   3.7245 eV
 TTTTTTTTTTTTTTTTTTTTTTTTTTTTTT PDIG        TELAPSE     4849.05 TCPU     4831.37
 CHARGE NORMALIZATION FACTOR   1.00000000
 TOTAL ATOMIC CHARGES:
   8.3350158   8.3371153   8.3425175   8.3416988   8.3387594   8.3419709
   8.3382411   8.3390275   8.3358761   8.3393166   8.3382354   8.3378582
   8.3460685   8.3388726   8.3428264   8.3404528   8.3373349   8.3443187
   8.3360257   8.3423174   8.3412332   8.3408527   8.3391637   8.3392729
   8.3366149   8.3406827   8.3357868   9.0324494   9.0540288   9.0524403
   9.0246212   9.0267512   9.0243718   9.0426995   9.0385637   9.0419509
   9.0474211   9.0352296   9.0400724   9.0488104   9.0298763   9.0394159
   9.0122759   9.0458272   9.0400989   9.0259370   9.0368487   9.0288131
   9.0388475   9.0305694   9.0241537   9.0509609   9.0491053   9.0420369
   9.0683272   9.0608733   9.0543682   9.0733416   9.0616401   9.0775014
   9.0622148   9.0728626   9.0709915   9.0675062   9.0638250   9.0586386
   9.0628747   9.0717781   9.0724364   9.0667552   9.0533063   9.0597778
   9.0697777   9.0690637   9.0567951   9.0678026   9.0584755   9.0799090
   9.0604566   9.0650788   9.0587172   9.0654242   9.0642717   9.0662613
   9.0766271   9.0645705   9.0626722   9.0630937   9.0556024   9.0595924
   9.0645615   9.0712577   9.0647050   9.0627319   9.0693629   9.0764664
   9.0758709   9.0640907   9.0672707   9.0625360   9.0664740   9.0647316
   9.0605344   9.0648263   9.0635540   9.0684988   9.0677942   9.0605580
  20.5207210  20.4923029  20.4768628  20.4870374  20.5035037  20.5047622
  20.4884635  20.4820030  20.4891582  20.4858436  20.4824646  20.4641582
  20.5053730  20.4771361  20.4971709  20.4867246  20.5065582  20.5034991
  20.5015022  20.4895363  20.5034280  20.4901538  20.4987788  20.4860125
  20.4730920  20.4882459  20.5048377
 TTTTTTTTTTTTTTTTTTTTTTTTTTTTTT MOQGAD      TELAPSE     4849.14 TCPU     4831.43
 TTTTTTTTTTTTTTTTTTTTTTTTTTTTTT SHELLXN     TELAPSE     5195.72 TCPU     5177.58
 +++ ENERGIES IN A.U. +++
 ::: EXT EL-POLE                                  -3.9300696967049E+04
 ::: EXT EL-SPHEROPOLE                             3.7465146566994E+02
 ::: BIELET ZONE E-E                               4.6927176164717E+04
 ::: TOTAL E-E                                     8.0011306633379E+03
 ::: TOTAL E-N + N-E                              -5.9834228068052E+04
 ::: TOTAL N-N                                    -5.6012571616882E+03
 ::: KINETIC ENERGY                                2.9177030399110E+04
 ::: PSEUDO TOTAL   ENERGY                        -2.8257324167292E+04
 ::: VIRIAL COEFFICIENT                            1.0160131725822E+00
 TTTTTTTTTTTTTTTTTTTTTTTTTTTTTT MONMO3      TELAPSE     5206.98 TCPU     5188.82
 NUMERICALLY INTEGRATED DENSITY   1511.9932230599
 EXCHANGE ENERGY: -0.140333374687E+04  CORRELATION ENERGY: -0.579880127521E+02
 TTTTTTTTTTTTTTTTTTTTTTTTTTTTTT NUMDFT      TELAPSE     5221.98 TCPU     5203.64
 CYC  12 ETOT(AU) -2.971864592692E+04 DETOT  2.39E-07 tst  3.18E-11 PX  1.25E-04

 == SCF ENDED - CONVERGENCE ON ENERGY      E(AU) -2.9718645926916E+04 CYCLES  12


 ENERGY EXPRESSION=HARTREE+FOCK EXCH*0.25000+(PBE        EXCH)*0.75000+PBE        CORR


 TOTAL ENERGY(DFT)(AU)( 12) -2.9718645926916E+04 DE 2.4E-07 tester 3.2E-11
 TTTTTTTTTTTTTTTTTTTTTTTTTTTTTT EDFT        TELAPSE     5222.08 TCPU     5203.66

 *******************************************************************************
 *                             FORCE CALCULATION                               *
 *******************************************************************************

 TTTTTTTTTTTTTTTTTTTTTTTTTTTTTT NUMDFG      TELAPSE     5335.64 TCPU     5316.93
 INFORMATION **** EXCPOG **** EXCH. BIPO BUFFER LENGTH (WORDS) =    90730440
 INFORMATION **** GENPOG **** BIPO BUFFER LENGTH (WORDS) =    12717700
 TTTTTTTTTTTTTTTTTTTTTTTTTTTTTT SHELXG      TELAPSE     6804.84 TCPU     6771.78

 CARTESIAN FORCES IN HARTREE/BOHR (ANALYTICAL)
   ATOM                     X                   Y                   Z
   1 256            -6.472454380838E-03 -4.961507779198E-03 -8.814575116629E-03
   2 256             2.227855203238E-04 -5.528489692604E-03  3.901816461051E-03
   3 256            -9.728196460560E-04 -5.709787546255E-03  4.197910288835E-03
   4 256            -4.649577786883E-03 -1.750676929144E-03  2.000627267234E-03
   5 256            -1.901506975787E-03 -4.573065756666E-03  1.159762903425E-02
   6 256            -4.751769046020E-04  1.594355769622E-03 -6.117064220134E-03
   7 256             1.076661415515E-03  1.300501210475E-02  3.894780347666E-03
   8 256            -9.601189619146E-03  7.891519150750E-03 -3.336784850381E-03
   9 256            -1.035003466545E-02 -1.031563575441E-03  3.346136947590E-03
  10 256            -9.348470369795E-03 -5.308791315477E-03 -5.960633559068E-03
  11 256            -3.154549876880E-03 -3.388910658696E-04 -3.175214388253E-03
  12 256             4.894679806839E-03  2.419138529266E-03  7.484667190129E-03
  13 256             5.109899951481E-03  4.512391202854E-03  4.973952268943E-03
  14 256             6.118137587261E-03 -7.320630414991E-03  1.800511604060E-03
  15 256            -8.973262034154E-04 -9.110761571165E-03 -2.492455409198E-03
  16 256            -2.759047862549E-03  3.473145949260E-04  3.021601487332E-03
  17 256             1.404526642474E-03  1.512958428039E-03  3.209513693112E-03
  18 256             8.160875510188E-03 -2.370939216746E-03 -1.872826673430E-03
  19 256             7.400657568980E-03  4.601824607475E-03 -9.791959725924E-04
  20 256            -7.227133892498E-03 -2.141393981860E-04  3.414879846508E-03
  21 256            -1.161869565973E-02  4.919869056780E-04  2.092492858591E-03
  22 256             8.096633449404E-04 -3.311823884210E-03  1.419479023902E-03
  23 256             2.406170862911E-03  3.911678305434E-03 -1.520619386633E-03
  24 256            -2.929016698830E-03  2.741648387021E-03 -8.386486481101E-03
  25 256             9.319629567859E-03  2.079435583967E-03  2.458511007410E-03
  26 256            -2.107249497352E-04 -3.339405396153E-03 -8.317322455646E-03
  27 256            -5.751739666105E-03  3.827872802554E-04  3.123753185554E-03
  28   8            -1.324668892911E-04 -2.727530327674E-03 -1.934465535398E-02
  29   8             3.917353463476E-03 -2.550981431217E-03 -1.088556789197E-02
  30   8             8.830652060195E-03  3.945462203960E-03  1.726152881065E-02
  31   8            -2.868071049753E-03  1.658053798948E-03  1.836982358217E-02
  32   8             7.130039397083E-03 -1.164020641831E-03  6.817678352815E-03
  33   8             3.521153624266E-03 -8.872735668102E-04 -4.784581743484E-03
  34   8             5.221799357856E-03  5.531440118167E-03  6.406844084007E-03
  35   8             1.885872667317E-03 -4.944425770140E-03  1.489454542086E-02
  36   8            -9.151371258291E-04  3.056450746996E-03 -1.501141321480E-02
  37   8             1.930604417255E-03  3.637382786683E-03 -1.839281407261E-02
  38   8            -2.551919356331E-04  4.141520495387E-03 -4.669487525671E-03
  39   8            -6.143233272411E-03  4.623612689564E-03  1.423300894240E-02
  40   8             3.226535386314E-04 -2.170681175556E-03 -1.303745629403E-02
  41   8            -3.788746619778E-03  1.240162755777E-03  1.383788974662E-02
  42   8            -1.484790616285E-03 -6.126531157885E-03 -7.915932805060E-04
  43   8             2.585783506431E-03  1.866489342383E-03  3.084210788428E-02
  44   8             9.622774111025E-04  7.952875544868E-04 -1.819466746994E-02
  45   8            -5.962320805250E-03 -2.239796606223E-03 -8.513066206408E-04
  46   8            -5.372446692996E-03  7.642617327834E-04 -2.072200589603E-03
  47   8             7.608897894901E-03  3.845833115458E-03  1.851092503312E-02
  48   8            -4.715656775138E-03  9.449055520866E-03 -1.127577393094E-02
  49   8             2.395706022194E-03  5.727224567165E-03  3.964586180261E-03
  50   8             6.206548107111E-04 -7.070297752864E-03 -2.291711068997E-03
  51   8             4.484201096306E-03 -4.565190501732E-03  4.652618899765E-04
  52   8            -7.571055579268E-03 -6.125895794385E-04  1.449552454061E-02
  53   8             4.889556315744E-04  9.852853320575E-03 -6.375054466724E-03
  54   8             3.120358384156E-03 -3.126732972283E-03 -1.904441266802E-02
  55   8             4.959249812698E-03  1.854262897153E-02  4.508780711328E-03
  56   8             5.478461040795E-04 -3.216427010236E-03  1.012923583803E-03
  57   8            -1.807089187033E-03  2.632597728177E-03 -5.011640074199E-03
  58   8             1.638077243553E-03 -1.488974196414E-02 -4.407163199514E-03
  59   8            -4.169060738634E-03  7.253514946758E-03  2.149287386867E-03
  60   8             4.806575968780E-03  1.905935663087E-02  3.948462598593E-03
  61   8            -5.180984372712E-03 -1.204794870096E-02  3.004856534131E-03
  62   8             4.848740525230E-03 -5.793858270153E-03  4.219122306491E-03
  63   8             4.114012249717E-03 -1.486329772978E-02 -2.783879285070E-03
  64   8             3.974476076301E-03 -9.800122573008E-04 -2.571538815467E-03
  65   8             5.663839629978E-03 -1.339902205816E-02 -2.341825864058E-03
  66   8            -1.233441056084E-03 -1.206253849318E-02  1.783353183328E-03
  67   8            -4.784365218896E-03 -1.781413710978E-03 -4.089887189105E-03
  68   8            -3.855331402557E-03  1.130067152766E-02  2.535845504980E-03
  69   8            -7.288165499222E-03  6.488626171494E-03  5.648570660987E-03
  70   8            -1.997398553477E-03 -3.483609385533E-03  1.918039838147E-04
  71   8             1.166609647364E-03  7.495036270124E-03 -3.220116576024E-04
  72   8            -9.596356711185E-03 -3.348219773320E-03 -5.779113291680E-04
  73   8             1.473024069377E-03  1.489133331098E-02  4.376613752780E-03
  74   8             4.407943824698E-04 -6.344263876884E-03  5.909776866091E-03
  75   8            -2.116135294027E-03 -3.185189845417E-03 -5.565244374572E-03
  76   8             8.166500862402E-03 -7.011999983567E-03 -1.423350905964E-03
  77   8             7.282356751120E-03  2.463371195095E-03  4.029700629269E-03
  78   8            -3.726098121651E-03 -1.295111974814E-03 -5.452782387382E-03
  79   8             1.892324549578E-03 -1.176521302772E-02  3.711016094397E-03
  80   8            -6.578636571239E-04 -6.201063523205E-03 -6.089223211221E-03
  81   8             3.469130084987E-03  2.456195781287E-03  4.598520927340E-03
  82   8             9.485457602519E-03  7.140247521777E-03  5.119700049973E-03
  83   8            -2.573277427643E-03  4.810954180673E-03  7.271302701569E-03
  84   8            -1.461222784956E-02  8.806853348239E-04 -5.401458738376E-03
  85   8             1.217650466404E-02 -7.437745014812E-04 -7.785331677357E-05
  86   8            -1.619260967258E-03 -2.959969154176E-03 -2.756092387440E-03
  87   8             4.463135095086E-04 -4.409131999872E-03  5.190917959964E-03
  88   8             6.225498961295E-03  2.689600349904E-03 -4.572067567837E-03
  89   8            -3.569952852123E-05  3.640635648861E-03 -3.516369803315E-03
  90   8             1.095012131807E-03 -3.029018965657E-03 -6.197740023461E-03
  91   8            -1.688887297303E-02  5.138268469898E-03 -5.515196641226E-03
  92   8            -4.603801252876E-03  6.358161837865E-03  5.520086006689E-03
  93   8             8.541313018220E-03  3.823622337066E-03  1.858719951901E-03
  94   8             1.407406201669E-03 -4.370982746235E-03 -4.616898923341E-03
  95   8            -9.518451025185E-03  2.287815202551E-03  5.197098003220E-03
  96   8            -5.172063408054E-03 -1.128451961250E-03 -5.003964316182E-03
  97   8             1.004363570417E-02 -1.358952736395E-03  4.687950586749E-03
  98   8            -2.301995055811E-04 -4.311398287042E-03  7.701628901358E-05
  99   8             9.046279985350E-03 -5.757365367498E-03 -1.992072565732E-03
 100   8             9.284969728813E-03 -6.075674085306E-04 -4.928899764900E-04
 101   8             5.104160018433E-03  2.715855092955E-03  1.513520639824E-03
 102   8             1.052888212607E-02  5.197501699327E-03  2.595426765825E-03
 103   8            -9.731098428014E-03  4.725516228593E-03  7.711802412482E-04
 104   8             8.621636447831E-04 -1.626072271557E-03 -1.605651311928E-03
 105   8             5.981638892824E-03 -3.926699991700E-03  1.689408502655E-03
 106   8            -1.625454892374E-02  3.033074284549E-03  7.962710282065E-03
 107   8            -2.608668452130E-03  7.109630292964E-03 -2.630029960471E-03
 108   8            -3.731964769268E-03  6.935187772144E-03 -4.886678963525E-03
 109  22            -3.045671931166E-03 -7.513399521892E-03  1.117076619790E-02
 110  22            -1.254504093181E-03  7.697510645467E-03  4.102866874912E-03
 111  22            -1.089381980288E-02 -1.466208421561E-02 -7.474005330691E-03
 112  22             8.043076303698E-03  1.689088790844E-02 -2.127916010558E-02
 113  22            -2.804967391371E-03 -1.591621523964E-02 -8.444291070359E-03
 114  22            -7.225623012414E-03  3.956074111550E-03 -7.294656803335E-03
 115  22            -1.477238558555E-02 -1.005634009106E-02 -8.594480495162E-03
 116  22            -6.495432051052E-03  8.364465680388E-03 -2.524792345063E-02
 117  22             1.552002268976E-03  1.530330759877E-02  3.349812912250E-02
 118  22             2.497139925347E-03 -4.161772300734E-03  2.901111628028E-02
 119  22             7.773742252518E-03 -8.243516214632E-03 -2.013854247611E-03
 120  22             4.727742198117E-03 -3.595416499682E-03 -2.509234694998E-02
 121  22             1.226129458824E-02  9.136125851047E-04  1.288241076189E-02
 122  22             6.307774586708E-03  6.039366266652E-03 -1.075931181357E-02
 123  22             8.432722210211E-03  2.633721688240E-03  4.938507475423E-03
 124  22             3.819136095206E-03 -2.951832407049E-03 -3.261335800050E-02
 125  22            -2.781432457948E-03  1.486477481012E-03  2.468258118016E-02
 126  22             6.319656380765E-03  1.376166367717E-03 -8.566895943597E-03
 127  22             9.904297186769E-04 -4.064609122066E-04 -1.272361437471E-02
 128  22            -7.452122452661E-03  8.034809394763E-03 -2.773254093539E-02
 129  22             6.933991489970E-03 -2.601331422146E-02  2.523910140615E-02
 130  22            -2.564797896046E-02  1.060758501915E-02  2.204728526038E-03
 131  22            -5.378497443939E-03 -6.924157751257E-03 -7.609866603691E-04
 132  22            -2.153965551734E-03  2.203957500493E-02 -5.260440911524E-03
 133  22             1.472038062632E-02 -1.385360642731E-02 -8.640443815779E-03
 134  22             1.237690136704E-02 -5.855428229296E-03  8.898764560696E-03
 135  22            -1.952027645069E-03 -9.324041097915E-04  2.064497634054E-02

 RESULTANT FORCE    -1.666958238111E-12 -4.766305405912E-12  8.119505068294E-12

 SYMMETRY ALLOWED FORCES (ANALYTICAL) (DIRECTION, FORCE)

    1 -6.4965604E-03    2 -4.9799865E-03    3 -8.8474042E-03    4  1.7513835E-04
    5 -5.5863997E-03    6  3.8504302E-03    7 -1.0236653E-03    8 -5.8105451E-03
    9  4.1767038E-03   10 -4.7222148E-03   11 -1.8805394E-03   12  2.0028126E-03
   13 -1.9997808E-03   14 -4.7281732E-03   15  1.1652003E-02   16 -5.8337555E-04
   17  1.4265954E-03   18 -6.0412415E-03   19  9.6997289E-04   20  1.2892840E-02
   21  3.9626215E-03   22 -9.7422268E-03   23  7.8603765E-03   24 -3.2662787E-03
   25 -1.0571052E-02   26 -1.0359070E-03   27  3.4172894E-03   28 -9.6497226E-03
   29 -5.3384640E-03   30 -5.8994042E-03   31 -3.5083859E-03   32 -3.9144395E-04
   33 -3.1501616E-03   34  4.5450896E-03   35  2.3746048E-03   36  7.5274573E-03
   37  4.7982934E-03   38  4.4958037E-03   39  5.0679232E-03   40  5.8501815E-03
   41 -7.3490109E-03   42  1.9231082E-03   43 -1.1459027E-03   44 -9.2075742E-03
   45 -2.3717494E-03   46 -3.0250197E-03   47  2.1310649E-04   48  3.1455797E-03
   49  1.1306318E-03   50  1.3854775E-03   51  3.3608319E-03   52  7.9254151E-03
   53 -2.5031912E-03   54 -1.7145783E-03   55  7.2299580E-03   56  4.4780761E-03
   57 -8.3182171E-04   58 -7.3986967E-03   59 -3.2000958E-04   60  3.5741154E-03
   61 -1.1874096E-02   62  3.8641211E-04   63  2.2771567E-03   64  5.0451469E-04
   65 -3.4307881E-03   66  1.6212349E-03   67  2.1126183E-03   68  3.7943938E-03
   69 -1.3175485E-03   70 -3.2276001E-03   71  2.6531364E-03   72 -8.2260904E-03
   73  9.0473862E-03   74  2.0119311E-03   75  2.5936452E-03   76 -4.4395949E-04
   77 -3.4133360E-03   78 -8.2078191E-03   79 -6.0146598E-03   80  2.9458934E-04
   81  3.2104528E-03   82 -4.2514136E-04   83 -2.8274882E-03   84 -1.9332839E-02
   85  3.6397451E-03   86 -2.6766583E-03   87 -1.1015477E-02   88  8.6108856E-03
   89  3.8252757E-03   90  1.7160922E-02   91 -3.0615441E-03   92  1.5635028E-03
   93  1.8438755E-02   94  6.9554028E-03   95 -1.2571312E-03   96  7.0088234E-03
   97  3.3967287E-03   98 -9.9129586E-04   99 -4.5817914E-03  100  5.1392389E-03
  101  5.4493487E-03  102  6.6197592E-03  103  1.8378120E-03  104 -5.0245425E-03
  105  1.5215663E-02  106 -9.5883781E-04  107  2.9661417E-03  108 -1.4688031E-02
  109  1.8916513E-03  110  3.5801441E-03  111 -1.8235761E-02  112 -2.8598106E-04
  113  4.1235942E-03  114 -4.6289153E-03  115 -6.2075734E-03  116  4.6509234E-03
  117  1.4323807E-02  118  2.2725272E-04  119 -2.1303342E-03  120 -1.2939819E-02
  121 -3.9035539E-03  122  1.2760607E-03  123  1.3941169E-02  124 -1.6289946E-03
  125 -6.1164851E-03  126 -6.1764885E-04  127  2.4460312E-03  128  1.8537322E-03
  129  3.1180832E-02  130  8.4036248E-04  131  7.9692079E-04  132 -1.7783855E-02
  133 -6.1133134E-03  134 -2.2461724E-03  135 -5.4092128E-04  136 -5.5884419E-03
  137  7.4961790E-04  138 -1.7746990E-03  139  7.4033037E-03  140  3.8571193E-03
  141  1.8904992E-02  142 -4.9072674E-03  143  9.5365349E-03  144 -1.0836342E-02
  145  2.1885877E-03  146  5.9033806E-03  147  4.3670893E-03  148  4.2872391E-04
  149 -6.9001535E-03  150 -1.8748233E-03  151  4.3202733E-03  152 -4.4618404E-03
  153  8.7632367E-04  154 -7.7556463E-03  155 -5.3893707E-04  156  1.5001348E-02
  157  2.5935109E-04  158  9.9835933E-03  159 -5.8142636E-03  160  2.9101296E-03
  161 -2.9533654E-03  162 -1.8632931E-02  163  4.7966305E-03  164  1.8814320E-02
  165  4.8355386E-03  166  4.1773162E-04  167 -2.8453508E-03  168  1.3784522E-03
  169 -1.9469297E-03  170  3.0048003E-03  171 -4.6670469E-03  172  1.4954131E-03
  173 -1.4592181E-02  174 -4.1188800E-03  175 -4.3302562E-03  176  7.5055240E-03
  177  2.4267204E-03  178  4.6476631E-03  179  1.9489226E-02  180  4.2699937E-03
  181 -5.3447668E-03  182 -1.1565946E-02  183  3.3773513E-03  184  4.6806999E-03
  185 -5.4265326E-03  186  4.6458581E-03  187  4.0054514E-03  188 -1.4633589E-02
  189 -2.3415239E-03  190  3.9209590E-03  191 -8.5755162E-04  192 -2.1604435E-03
  193  5.6779659E-03  194 -1.3377119E-02  195 -1.9597417E-03  196 -1.1874138E-03
  197 -1.2223472E-02  198  2.1670233E-03  199 -4.7816878E-03  200 -2.0454804E-03
  201 -3.7176080E-03  202 -3.9165903E-03  203  1.1103566E-02  204  2.9023086E-03
  205 -7.4342323E-03  206  6.4221827E-03  207  6.0821726E-03  208 -2.2164288E-03
  209 -3.5284153E-03  210  6.7645396E-04  211  9.3783713E-04  212  7.4809612E-03
  213  1.6912797E-04  214 -9.8954433E-03  215 -3.3301959E-03  216 -8.6131055E-05
  217  1.1045125E-03  218  1.5002575E-02  219  4.9068119E-03  220  8.1816994E-05
  221 -6.1624161E-03  222  6.5322816E-03  223 -2.4949799E-03  224 -3.0789903E-03
  225 -4.9299908E-03  226  7.8324957E-03  227 -6.9898461E-03  228 -8.3600678E-04
  229  7.0746607E-03  230  2.4473670E-03  231  4.6495612E-03  232 -3.9068929E-03
  233 -1.3013759E-03  234 -4.8348719E-03  235  1.6923184E-03  236 -1.1887581E-02
  237  4.3248046E-03  238 -8.5045423E-04  239 -6.4872844E-03  240 -5.4861958E-03
  241  3.2989712E-03  242  2.1307243E-03  243  5.1993825E-03  244  9.4334596E-03
  245  6.8985888E-03  246  5.8226485E-03  247 -2.5609716E-03  248  4.6784186E-03
  249  8.1057587E-03  250 -1.4767110E-02  251  8.0065631E-04  252 -4.5332343E-03
  253  1.1995737E-02  254 -8.2411158E-04  255  7.5356790E-04  256 -1.6977281E-03
  257 -3.0794567E-03  258 -1.9366370E-03  259  3.5424346E-04  260 -4.6071378E-03
  261  6.0527931E-03  262  6.2020446E-03  263  2.4697125E-03  264 -3.6860661E-03
  265  6.5480633E-06  266  3.4841478E-03  267 -2.6982343E-03  268  1.1498981E-03
  269 -3.1826231E-03  270 -5.4685428E-03  271 -1.7011358E-02  272  5.0054244E-03
  273 -4.9011908E-03  274 -4.9753740E-03  275  6.3545034E-03  276  6.1489859E-03
  277  8.2082256E-03  278  3.9395064E-03  279  2.5889903E-03  280  1.1856609E-03
  281 -4.2594893E-03  282 -3.9027295E-03  283 -9.8466465E-03  284  2.3768414E-03
  285  5.9368069E-03  286 -5.6942103E-03  287 -1.0227642E-03  288 -4.2438878E-03
  289  9.5724691E-03  290 -1.2828479E-03  291  5.4644750E-03  292 -5.8396543E-04
  293 -4.3091406E-03  294  9.3739109E-04  295  8.8044695E-03  296 -5.8931335E-03
  297 -1.1345516E-03  298  9.2946069E-03  299 -8.3632138E-04  300  3.5393164E-04
  301  5.3222249E-03  302  2.5113746E-03  303  2.3998955E-03  304  1.0987434E-02
  305  5.1053241E-03  306  3.5697262E-03  307 -9.2485202E-03  308  4.7831442E-03
  309  1.8270584E-03  310  1.2205682E-03  311 -1.5181927E-03  312 -5.2978860E-04
  313  6.4646978E-03  314 -3.9066399E-03  315  2.8023640E-03  316 -1.5932419E-02
  317  3.0396476E-03  318  9.2779317E-03  319 -2.6042013E-03  320  7.2950473E-03
  321 -1.1766652E-03  322 -3.8428392E-03  323  7.3827643E-03  324 -3.5175258E-03
  325 -3.2885365E-03  326 -7.0623666E-03  327  1.2713020E-02  328 -1.5909074E-03
  329  8.1727189E-03  330  6.0038863E-03  331 -1.1493954E-02  332 -1.4314230E-02
  333 -5.5665527E-03  334  7.3609120E-03  335  1.7307991E-02  336 -1.9905606E-02
  337 -3.4036286E-03  338 -1.5466826E-02  339 -7.6673985E-03  340 -8.0867059E-03
  341  4.1533427E-03  342 -6.8475222E-03  343 -1.6214539E-02  344 -1.0002389E-02
  345 -8.5136648E-03  346 -8.5546125E-03  347  8.3836865E-03  348 -2.6036615E-02
  349 -7.4940057E-04  350  1.5966164E-02  351  3.2910829E-02  352  1.8028113E-04
  353 -3.1501607E-03  354  3.0175845E-02  355  5.6302142E-03  356 -7.5486153E-03
  357  2.6509216E-05  358  2.8479254E-03  359 -3.2355779E-03  360 -2.3807144E-02
  361  1.0842528E-02  362  1.2083102E-03  363  1.3856702E-02  364  5.4684835E-03
  365  6.6171794E-03  366 -9.6496898E-03  367  8.1183529E-03  368  3.6026634E-03
  369  5.9159521E-03  370  4.0068465E-03  371 -1.9174130E-03  372 -3.2790326E-02
  373 -2.5334542E-03  374  2.5545180E-03  375  2.4172485E-02  376  6.7925509E-03
  377  2.7078478E-03  378 -8.3243384E-03  379  1.9418044E-03  380  1.1367041E-03
  381 -1.3715759E-02  382 -6.8236687E-03  383  1.0312999E-02  384 -3.1597426E-02
  385  7.6594851E-03  386 -2.4867751E-02  387  2.0730348E-02  388 -2.6628935E-02
  389  1.0692265E-02  390 -7.0441263E-04  391 -9.9516828E-03  392 -6.5057877E-03
  393 -4.1784961E-03  394 -9.1241986E-03  395  2.5045502E-02  396 -1.0589938E-02
  397  7.7632036E-03  398 -8.5403013E-03  399 -1.9116075E-02  400  1.0132083E-02
  401 -3.4811037E-03  402 -8.3058260E-03
 TTTTTTTTTTTTTTTTTTTTTTTTTTTTTT TOTGRA      TELAPSE     6833.29 TCPU     6800.10
 EIGENVECTORS IN FORTRAN UNIT  8
 TTTTTTTTTTTTTTTTTTTTTTTTTTTTTT END         TELAPSE     6837.32 TCPU     6803.88
 EEEEEEEEEE TERMINATION  DATE 25 03 2026 TIME 19:17:20.9
NODE    0 CPU TIME =      6803.880
NODE    1 CPU TIME =      6811.877
NODE    2 CPU TIME =      6813.655
NODE    3 CPU TIME =      6812.075
NODE    4 CPU TIME =      6815.069
NODE    5 CPU TIME =      6811.137
NODE    6 CPU TIME =      6816.486
NODE    7 CPU TIME =      6814.334
NODE    8 CPU TIME =      6812.519
NODE    9 CPU TIME =      6815.791
NODE   10 CPU TIME =      6813.075
NODE   11 CPU TIME =      6812.178
NODE   12 CPU TIME =      6813.568
NODE   13 CPU TIME =      6812.665
NODE   14 CPU TIME =      6812.728
NODE   15 CPU TIME =      6814.441
NODE   16 CPU TIME =      6813.519
NODE   17 CPU TIME =      6812.358
NODE   18 CPU TIME =      6812.569
NODE   19 CPU TIME =      6816.661
NODE   20 CPU TIME =      6815.687
NODE   21 CPU TIME =      6811.732
NODE   22 CPU TIME =      6815.844
NODE   23 CPU TIME =      6816.470
NODE   24 CPU TIME =      6812.407
NODE   25 CPU TIME =      6813.813
NODE   26 CPU TIME =      6816.183
NODE   27 CPU TIME =      6813.846
NODE   28 CPU TIME =      6809.433
NODE   29 CPU TIME =      6811.637
NODE   30 CPU TIME =      6814.362
NODE   31 CPU TIME =      6812.105
    TOTAL CPU TIME =    218024.104
------------------------------------------------------
Pcrystal finished normally
------------------------------------------------------
SCF wavefunction fort.9 saved as /users/zeitzsab/tetra_script_walkthrough/oldPyro_tetra/rdm/rdm_disp29.w
Date: 2026-03-25 19:17:21