Date: 2026-03-25 17:16:49
Running on: nid002299
Temporary directory: /scratch/project_462000878/zeitzsab/rdm_disp14_203784
Executable: /project/project_462000878/jchem/crystal/23-1.0.1-gnu/install/bin/Pcrystal
Output: /users/zeitzsab/tetra_script_walkthrough/oldPyro_tetra/rdm/rdm_disp14.out
Input data rdm_disp14.d12
converted and standardized from ase Atoms() object for Ba27Ti27O81 in space group 1
EXTERNAL
ENDGEOM 
256 6 
INPUT 
10. 0 2 2 2 1 0 
9.526986 427.845816 0 
4.487510 204.417530 0 
8.315930 293.605864 0 
4.292217 294.193316 0 
5.916108 112.550402 0 
2.874842 181.782621 0 
3.589465 -33.473174 0 
0 0 3 2.0 1.0 
2.3961900000 -5.9554766710 
2.2433050000 6.6805648241 
0.71740200000 -0.57055347037 
0 0 1 2.0 1.0 
0.27420073547 1.0000000000 
0 1 1 0.0 1.0 
0.13 1.0 1.0 
0 2 4 6.0 1.0 
2.9267420000 0.79815276764 
2.5207180000 -1.0707548832 
0.67578180854 0.34940781448 
0.31985844531 0.65041110673 
0 3 2 0.0 1.0 
0.966315 -0.908938 
0.893828 0.947240 
0 3 1 0.0 1.0 
0.273195 0.322057 
22 12 
0 0 8 2.0 1.0 
211575.69025 .23318151011E-03 
31714.945058 .18079690851E-02 
7217.5476543 .93984311352E-02 
2042.9394247 .38156853618E-01 
665.12896208 .12374757197 
238.74942264 .29208551143 
92.508691001 .41226800855 
36.403919209 .21090534061 
0 0 4 2.0 1.0 
232.72624607 -.24920140738E-01 
71.791209711 -.11746490087 
11.158534615 .56503342318 
4.6548135416 .56211101812 
0 0 2 2.0 1.0 
6.8034629174 -.23011425503 
1.1201076403 .72103186735 
0 0 1 2.0 1.0 
0.48080118839 1.0000000000 
0 0 1 0.0 1.0 
0.24 1.0 
0 1 1 0.0 1.0 
0.12 1.0 1.0 
0 2 6 6.0 1.0 
1063.1474732 .24690839320E-02 
251.56507061 .19773345523E-01 
80.408554854 .90987976672E-01 
29.768193269 .25559900413 
11.736830556 .40489386764 
4.7142375230 .23693402558 
0 2 3 6.0 1.0 
17.796803704 -.27878639615E-01 
2.4272698680 .55672914668 
0.96823445537 1.0055447350 
0 2 1 0.0 1.0 
0.37056694165 1.0000000000 
0 3 4 2.0 1.0 
37.713384723 .11513835092E-01 
10.692931184 .67246343996E-01 
3.6728446990 .21484207775 
1.3588590303 .38890892779 
0 3 1 0.0 1.0 
0.54 1.0 
0 3 1 0.0 1.0 
0.22 1.0 
8 7 
0 0 6 2.0 1.0 
27032.382631 0.21726302465E-03 
4052.3871392 0.16838662199E-02 
922.32722710 0.87395616265E-02 
261.24070989 0.35239968808E-01 
85.354641351 0.11153519115 
31.035035245 0.25588953961 
0 0 2 2.0 1.0 
12.271113873 0.39768730901 
4.9159842006 0.24627849430 
0 0 1 0.0 1.0 
0.90086482370 1.0000000000 
0 1 1 0.0 1.0 
0.25000000000 1.0 1.0 
0 2 4 4.0 1.0 
75.300554155 0.60685103418E-02 
17.743733858 0.41912575824E-01 
5.5355828651 0.16153841088 
2.0685535103 0.35706951311 
0 2 1 0.0 1.0 
0.78238772422 1.0000000000 
0 3 1 0.0 1.0 
1.2000000000 1.0000000000 
99 0 
ENDBAS 
DFT 
PBE0 
ENDDFT 
SHRINK 
0 2 
2 2 2 
TOLINTEG 
8 8 8 8 16 
MAXCYCLE 
100 
FMIXING 
80 
EXCHSIZE 
30000000 
BIPOSIZE 
30000000 
GRADCAL 
ENDEXTERNAL geometry rdm_disp14.ext is available as /scratch/project_462000878/zeitzsab/rdm_disp14_203784/fort.34
 PROCESS            8  OF           32  WORKING
 PROCESS           13  OF           32  WORKING
 PROCESS           11  OF           32  WORKING
 PROCESS           30  OF           32  WORKING
 PROCESS           27  OF           32  WORKING
 PROCESS            9  OF           32  WORKING
 PROCESS           14  OF           32  WORKING
 PROCESS            0  OF           32  WORKING
 PROCESS           29  OF           32  WORKING
 PROCESS           31  OF           32  WORKING

         
 *******************************************************************************
 *                                                                             *
 *                               CRYSTAL23                                     *
 *                      public : 1.0.1 - October 2022                          *
 *                       HTTP://WWW.CRYSTAL.UNITO.IT                           *
 *                                                                             *
 *                              MAIN AUTHORS                                   *
 *                                                                             *
 *  R. DOVESI(1,11), V.R. SAUNDERS(2), C. ROETTI(1,11), R. ORLANDO(1,11),      *
 *  C.M. ZICOVICH-WILSON(1,3), F. PASCALE(4), B. CIVALLERI(1,11),              *
 *  K. DOLL(5), N.M. HARRISON(6), I.J. BUSH(7), Ph. D'ARCO(8),                 *
 *  M. LLUNELL(9), M. CAUSA'(10), Y. NOEL(8), L. MASCHIO(1,11), A. ERBA(1,11)  *
 *  M. RE'RAT(14), S. CASASSA(1,11), B.G. SEARLE(2), J.K. DESMARAIS(1)         *
 *                                                                             *
 *        CONTRIBUTIONS TO THE CODE HAVE ALSO BEEN GIVEN BY                    *
 *                                                                             *
 *  M. FERRABONE(1,11), M. DE LA PIERRE(1,11), M. FERRERO(1,11),               *
 *  J. BAIMA(1,11), E. ALBANESE(1,11), M.F. PEINTINGER(12), R. BAST(13),       *
 *  B. KIRTMAN(15), V. LACIVITA(1,11), R. DEMICHELIS(1,16)                     *
 *  G. BRANDEBURG(17), S. SALUSTRO(1,11), G. SANSONE(1,11)                     *
 *  M.T. RUGGIERO(18), L.E. DAGA(1), L. DONA'(1), A. COSSARD(1)                *
 *                                                                             *
 * (1) THEORETICAL CHEMISTRY GROUP - UNIVERSITA' DI TORINO - TORINO (ITALY)    *
 PROCESS            6  OF           32  WORKING
 * (2) SCIENTIFIC COMPUTING DEPARTMENT - STFC DARESBURY (UK)                   *
 * (3) UNIVERSIDAD AUTONOMA DEL ESTADO DE MORELOS - CUERNAVACA (MEXICO)        *
 * (4) UNIVERSITE' DE LORRAINE - NANCY (FRANCE)                                *
 * (5) UNIVERSITAET STUTTGART- STUTTGART (GERMANY)                             *
 * (6) IMPERIAL COLLEGE - LONDON (UK)                                          *
 * (7) SCIENTIFIC COMPUTING DEPARTMENT - STFC RAL (UK)                         *
 * (8) UPMC - SORBONNE UNIVERSITES - PARIS (FRANCE)                            *
 * (9) UNIVERSIDAD DE BARCELONA - BARCELONA (SPAIN)                            *
 *(10) UNIVERSITA' DI NAPOLI "FEDERICO II" - NAPOLI (ITALY)                    *
 *(11) NIS - NANOSTRUCTURED INTERFACES AND SURFACES - TORINO (ITALY)           *
 *(12) MPI FUER CHEMISCHE ENERGIEKONVERSION - MUELHEIM AN DER RUHR (GERMANY)   *
 *(13) UNIVERSITY OF TROMSO - TROMSO (NORWAY)                                  *
 *(14) UNIVERSITE' DE PAU ET DES PAYS DE L'ADOUR - PAU (FRANCE)                *
 *(15) UNIVERSITY OF CALIFORNIA SANTA BARBARA - SANTA BARBARA (USA)            *
 *(16) CURTIN UNIVERSITY - PERTH (AUSTRALIA)                                   *
 *(17) UNIVERSITY COLLEGE LONDON - LONDON (UK)                                 *
 *(18) UNIVERSITY OF VERMONT - BURLINGTON (USA)                                *
 *                                                                             *
 *******************************************************************************
 EEEEEEEEEE STARTING  DATE 25 03 2026 TIME 17:16:52.8
 converted and standardized from ase Atoms() object for Ba27Ti27O81 in space grou
 PROCESS           17  OF           32  WORKING
 PROCESS           22  OF           32  WORKING
 PROCESS           23  OF           32  WORKING
 PROCESS           20  OF           32  WORKING
 PROCESS           21  OF           32  WORKING
 PROCESS            4  OF           32  WORKING
 PROCESS           24  OF           32  WORKING
 PROCESS           16  OF           32  WORKING
 PROCESS           28  OF           32  WORKING
 PROCESS            3  OF           32  WORKING
 PROCESS            2  OF           32  WORKING
 PROCESS           19  OF           32  WORKING
 PROCESS            7  OF           32  WORKING
 PROCESS            5  OF           32  WORKING
 PROCESS           12  OF           32  WORKING
 PROCESS            1  OF           32  WORKING
 PROCESS           10  OF           32  WORKING
 PROCESS           15  OF           32  WORKING
 PROCESS           25  OF           32  WORKING
 PROCESS           18  OF           32  WORKING
 PROCESS           26  OF           32  WORKING
 filename=fort.34                        0           0

 GEOMETRY INPUT FROM EXTERNAL FILE (FORTRAN UNIT 34)
 3D - CRYSTAL 

 *******************************************************************************
 LATTICE PARAMETERS  (ANGSTROMS AND DEGREES) - PRIMITIVE CELL
       A          B          C        ALPHA      BETA     GAMMA        VOLUME
   11.90773   11.90773   12.27480    90.00000  90.00000  90.00000   1740.493702
 INFORMATION **** CHKGRP **** SPGR WITH NO INVERSION

 NUMBER OF IRREDUCIBLE ATOMS IN THE CELL:  135

 CARTESIAN COORDINATES (ANGSTROM) - IRREDUCIBLE ATOMS AND SYMMETRY RELATED

 AT.IRR.  AT  AT.N.          X                   Y                   Z
     1     1   256    3.284699089724E-02  1.877484378187E-02  1.320237837744E-02
     2     2   256    2.224758330161E-02 -1.002444144801E-02  4.086090105755E+00
     3     3   256    2.886362083444E-02  5.347796083178E-03  8.182211893185E+00
     4     4   256    2.667152228040E-02  3.967991636263E+00  5.596979374731E-02
     5     5   256    3.512294248396E-03  3.998048616954E+00  4.090253430888E+00
     6     6   256   -3.159388830185E-02  3.967731700709E+00  8.184897963634E+00
     7     7   256   -1.803868083207E-02  7.906508773904E+00  1.031517812146E-02
     8     8   256    1.076637771936E-02  7.910028696746E+00  4.143748523489E+00
     9     9   256    2.425718715764E-02  7.906934711655E+00  8.205391603044E+00
    10    10   256    3.993163335471E+00  2.742896673389E-02  4.278544541723E-02
    11    11   256    3.979662357586E+00 -3.661329579499E-02  4.105499405163E+00
    12    12   256    3.999601812310E+00  1.992279938689E-02  8.226161587873E+00
    13    13   256    3.935332403191E+00  3.989300321777E+00  3.309549002587E-02
    14    14   256    3.960519561649E+00  3.930225427665E+00  4.116600868182E+00
    15    15   256    3.938915634319E+00  3.988105633798E+00  8.227395121095E+00
    16    16   256    3.987739939545E+00  7.956347177330E+00  5.682914139209E-02
    17    17   256    3.985300308705E+00  7.975124699720E+00  4.117686268546E+00
    18    18   256    3.976320143241E+00  7.928256331089E+00  8.247399635170E+00
    19    19   256    7.927896591761E+00  9.010462006158E-03  6.369114828424E-02
    20    20   256    7.911964988200E+00  2.719353132989E-02  4.130314977335E+00
    21    21   256    7.942175092673E+00 -6.646992498405E-03  8.170112220213E+00
    22    22   256    7.976930393990E+00  3.958600059614E+00  2.917541911446E-02
    23    23   256    7.950763517308E+00  4.006980650476E+00  4.122814789931E+00
    24    24   256    7.921274906471E+00  3.995409214900E+00  8.184502009113E+00
    25    25   256    7.941908711389E+00  7.899980990712E+00  1.591686652763E-02
    26    26   256    7.941452887500E+00  7.920022205503E+00  4.082426632932E+00
    27    27   256    7.942972241117E+00  7.973855847504E+00  8.191243344589E+00
    28    28     8    2.004332957947E+00  2.004795628844E+00  3.988990534096E+00
    29    29     8    2.019147856073E+00  1.977475358711E+00  8.033333322034E+00
    30    30     8    2.000328563967E+00  1.956445463336E+00  1.212017246531E+01
    31    31     8    1.988217537046E+00  5.977953494477E+00  3.928894978691E+00
    32    32     8    1.960182552843E+00  5.961234400866E+00  8.021428712236E+00
    33    33     8    1.991351441200E+00  5.992516254621E+00  1.213601889847E+01
    34    34     8    1.953614469264E+00  9.908329554713E+00  3.940131779351E+00
    35    35     8    2.012991515079E+00  9.897569062669E+00  8.040275385456E+00
    36    36     8    1.954894343015E+00  9.913120210905E+00  1.216865199167E+01
    37    37     8    5.974740556776E+00  1.976796923860E+00  3.993838578465E+00
    38    38     8    5.976349309030E+00  2.015716339009E+00  8.063524570696E+00
    39    39     8    5.916802890928E+00  1.976394270500E+00  1.215641692606E+01
    40    40     8    5.918694373860E+00  5.969624162516E+00  3.971332445128E+00
    41    41     8    5.988912029711E+00  5.934895426454E+00  8.055676218428E+00
    42    42     8    5.989860876076E+00  5.970719553161E+00  1.214833838632E+01
    43    43     8    5.991691622090E+00  9.919878694320E+00  3.973228712681E+00
    44    44     8    5.948434907093E+00  9.961716556641E+00  8.061174926127E+00
    45    45     8    5.914262879083E+00  9.928606459113E+00  1.214266192621E+01
    46    46     8    9.913621097324E+00  2.016321531021E+00  3.938152211305E+00
    47    47     8    9.933930727609E+00  2.022798339169E+00  8.057275997932E+00
    48    48     8    9.928480014596E+00  1.989789564568E+00  1.218312347977E+01
    49    49     8    9.951674844214E+00  5.939681420241E+00  3.984769487741E+00
    50    50     8    9.915165032111E+00  5.917083097024E+00  8.038666256918E+00
    51    51     8    9.887630711529E+00  5.961831864755E+00  1.216048840291E+01
    52    52     8    9.898168819435E+00  9.952298975398E+00  3.971849213846E+00
    53    53     8    9.946070469169E+00  9.953896821801E+00  8.041041099344E+00
    54    54     8    9.934264899629E+00  9.946364473783E+00  1.217439917449E+01
    55    55     8    1.977860002625E+00 -8.251600573157E-03  2.024326607055E+00
    56    56     8    2.021403592371E+00 -1.036158040544E-02  6.089196372849E+00
    57    57     8    1.978626844480E+00 -2.551393068375E-02  1.013875528086E+01
    58    58     8    2.008246019642E+00  3.993610462103E+00  1.964604659438E+00
    59    59     8    1.950389966580E+00  3.979363921295E+00  6.095422699268E+00
    60    60     8    1.966220608325E+00  3.991423312482E+00  1.014123331871E+01
    61    61     8    1.988051014394E+00  7.961146860348E+00  2.018560466260E+00
    62    62     8    1.952961889000E+00  7.962760874537E+00  6.080287537225E+00
    63    63     8    1.976971683802E+00  7.969321403027E+00  1.019327942269E+01
    64    64     8    5.959403305368E+00 -3.732340592882E-02  1.972497467614E+00
    65    65     8    5.930475360132E+00  6.290324117879E-03  6.045542007099E+00
    66    66     8    5.940265795027E+00 -5.423745041747E-03  1.013174905805E+01
    67    67     8    5.935441533005E+00  4.003769460162E+00  1.977496874836E+00
    68    68     8    5.976310814072E+00  4.001974243867E+00  6.072373355049E+00
    69    69     8    5.932727509251E+00  3.959915701411E+00  1.020162421602E+01
    70    70     8    5.947874294669E+00  7.934806786297E+00  2.025152403252E+00
    71    71     8    5.944536301431E+00  7.957094740683E+00  6.043216247867E+00
    72    72     8    5.946191159190E+00  7.909093073072E+00  1.014295379627E+01
    73    73     8    9.943407597249E+00 -2.982278913475E-02  1.968494220054E+00
    74    74     8    9.919783932880E+00  3.982254930656E-02  6.075614596646E+00
    75    75     8    9.948831727311E+00 -2.333113232945E-02  1.018882460036E+01
    76    76     8    9.891599834929E+00  3.993711754429E+00  1.982877191393E+00
    77    77     8    9.935942609557E+00  3.971749836675E+00  6.039571117908E+00
    78    78     8    9.951189638140E+00  3.950555850898E+00  1.014747104949E+01
    79    79     8    9.884589500948E+00  7.927716600865E+00  1.985519381840E+00
    80    80     8    9.907053472296E+00  7.913715358776E+00  6.050384495280E+00
    81    81     8    9.943594867681E+00  7.926953842071E+00  1.013660991343E+01
    82    82     8   -2.620144395669E-02  1.986371473005E+00  1.955602310543E+00
    83    83     8    8.681807850911E-03  2.019477609615E+00  6.059775146003E+00
    84    84     8   -3.768578999238E-02  1.984181402518E+00  1.018237375418E+01
    85    85     8    3.838581388611E-02  5.954878225750E+00  1.974572613481E+00
    86    86     8   -4.899840075124E-03  5.933704422429E+00  6.111571826634E+00
    87    87     8   -2.985765361118E-02  5.979831211415E+00  1.016311138520E+01
    88    88     8    2.904389936188E-03  9.949853275332E+00  2.015379746611E+00
    89    89     8   -1.612818058242E-02  9.956915315133E+00  6.063333435651E+00
    90    90     8    3.281925219543E-02  9.941781857254E+00  1.018217468427E+01
    91    91     8    3.995670762241E+00  1.962976902379E+00  1.964963847280E+00
    92    92     8    3.936621808024E+00  1.965347014877E+00  6.064558612760E+00
    93    93     8    3.964441750362E+00  1.968807998429E+00  1.020539865767E+01
    94    94     8    3.991493102857E+00  5.987015188685E+00  1.983293796689E+00
    95    95     8    3.943472243516E+00  5.929292834910E+00  6.059155139709E+00
    96    96     8    3.939070088361E+00  5.937644171182E+00  1.018962097295E+01
    97    97     8    3.971521073140E+00  9.963013750501E+00  1.984170226619E+00
    98    98     8    3.941783194633E+00  9.894060233380E+00  6.078768841104E+00
    99    99     8    3.973842837805E+00  9.940044012940E+00  1.020491885750E+01
   100   100     8    7.959149942210E+00  1.994295998354E+00  1.952919343461E+00
   101   101     8    7.909138078131E+00  1.963010242244E+00  6.060897942711E+00
   102   102     8    7.917347427324E+00  1.961973506296E+00  1.019427263778E+01
   103   103     8    7.948030937380E+00  5.921328284655E+00  2.006993668649E+00
   104   104     8    7.967950833245E+00  5.952124581590E+00  6.050375105262E+00
   105   105     8    7.920318113641E+00  5.929668239133E+00  1.014281414092E+01
   106   106     8    7.972859596252E+00  9.939815772994E+00  1.973960817315E+00
   107   107     8    7.932163765510E+00  9.960470762101E+00  6.064558765613E+00
   108   108     8    7.948095485356E+00  9.893934073849E+00  1.014335197670E+01
   109   109    22    1.987959769028E+00  1.944833635532E+00  2.145040325795E+00
   110   110    22    1.962864696667E+00  1.952171971117E+00  6.230454374539E+00
   111   111    22    1.972179364675E+00  1.966419097987E+00  1.029725780050E+01
   112   112    22    1.975476211151E+00  5.916343523376E+00  2.157844973981E+00
   113   113    22    1.962598068726E+00  5.978522604182E+00  6.216516182285E+00
   114   114    22    2.009414333987E+00  5.960127131732E+00  1.036139142002E+01
   115   115    22    2.014466869217E+00  9.944543201179E+00  2.163244404341E+00
   116   116    22    1.948634223373E+00  9.939766257914E+00  6.244273968489E+00
   117   117    22    1.970166955191E+00  9.889350966958E+00  1.031477888428E+01
   118   118    22    5.940640875873E+00  1.948452494426E+00  2.136625519886E+00
   119   119    22    5.988688765584E+00  1.965403476554E+00  6.234784304572E+00
   120   120    22    5.959198073403E+00  1.969906103566E+00  1.029382132385E+01
   121   121    22    5.968282079809E+00  5.976913591608E+00  2.176777828207E+00
   122   122    22    5.982924161003E+00  5.981310910425E+00  6.237464930381E+00
   123   123    22    5.952812837529E+00  5.924689466768E+00  1.035797388332E+01
   124   124    22    5.940060359838E+00  9.887459411033E+00  2.159197386130E+00
   125   125    22    5.957287715488E+00  9.883288278331E+00  6.237465966375E+00
   126   126    22    5.978079139082E+00  9.902664412107E+00  1.035503860079E+01
   127   127    22    9.940181432377E+00  2.013593661903E+00  2.169096765568E+00
   128   128    22    9.911415923364E+00  1.946687894028E+00  6.243954431975E+00
   129   129    22    9.912726663587E+00  1.952220775384E+00  1.035166315384E+01
   130   130    22    9.953559417570E+00  5.961598873558E+00  2.172195405680E+00
   131   131    22    9.960108087858E+00  5.939208330139E+00  6.234990491797E+00
   132   132    22    9.934413015093E+00  5.921748262632E+00  1.030963945700E+01
   133   133    22    9.959223615227E+00  9.933351177213E+00  2.133614109815E+00
   134   134    22    9.903903090648E+00  9.927138335018E+00  6.273887772571E+00
   135   135    22    9.957296849912E+00  9.907006667153E+00  1.031751793836E+01
 NUMBER OF SYMMETRY OPERATORS         :    1
 *******************************************************************************
 LATTICE PARAMETERS (ANGSTROMS AND DEGREES) - BOHR = 0.5291772083 ANGSTROM
 PRIMITIVE CELL - CENTRING CODE 1/0 VOLUME=  1740.493702 - DENSITY  6.022 g/cm^3
         A              B              C           ALPHA      BETA       GAMMA 
    11.90773305    11.90773305    12.27479580    90.000000  90.000000  90.000000
 *******************************************************************************
 ATOMS IN THE ASYMMETRIC UNIT  135 - ATOMS IN THE UNIT CELL:  135
     ATOM                 X/A                 Y/B                 Z/C    
 *******************************************************************************
      1 T 256 BA    2.758458789705E-03  1.576693372536E-03  1.075568065860E-03
      2 T 256 BA    1.868330706458E-03 -8.418429776613E-04  3.328845686993E-01
      3 T 256 BA    2.423939192560E-03  4.491027856203E-04 -3.334136040629E-01
      4 T 256 BA    2.239848858587E-03  3.332281316353E-01  4.559733184915E-03
      5 T 256 BA    2.949591020934E-04  3.357522880440E-01  3.332237454319E-01
      6 T 256 BA   -2.653224435683E-03  3.332063024968E-01 -3.331947759462E-01
      7 T 256 BA   -1.514871114118E-03 -3.360189768527E-01  8.403543561567E-04
      8 T 256 BA    9.041500740865E-04 -3.357233771086E-01  3.375818702816E-01
      9 T 256 BA    2.037095310735E-03 -3.359832070089E-01 -3.315252052467E-01
     10 T 256 BA    3.353420267908E-01  2.303458317273E-03  3.485633986452E-03
     11 T 256 BA    3.342082276177E-01 -3.074749462493E-03  3.344658006582E-01
     12 T 256 BA    3.358827239001E-01  1.673097583161E-03 -3.298331213076E-01
     13 T 256 BA    3.304854405677E-01  3.350176146061E-01  2.696215119593E-03
     14 T 256 BA    3.326006339762E-01  3.300565616614E-01  3.353702118761E-01
     15 T 256 BA    3.307863568808E-01  3.349172858555E-01 -3.297326281310E-01
     16 T 256 BA    3.348865752029E-01 -3.318335955365E-01  4.629742304315E-03
     17 T 256 BA    3.346816973450E-01 -3.302566772170E-01  3.354586370020E-01
     18 T 256 BA    3.339275516628E-01 -3.341926378599E-01 -3.281029053721E-01
     19 T 256 BA   -3.342228484236E-01  7.566899567133E-04  5.188774568799E-03
     20 T 256 BA   -3.355607692095E-01  2.283686677867E-03  3.364874694970E-01
     21 T 256 BA   -3.330237536125E-01 -5.582080544210E-04 -3.343993372001E-01
     22 T 256 BA   -3.301050367442E-01  3.324394360364E-01  2.376855761173E-03
     23 T 256 BA   -3.323025059494E-01  3.365023916518E-01  3.358764461020E-01
     24 T 256 BA   -3.347789312030E-01  3.355306335911E-01 -3.332270334702E-01
     25 T 256 BA   -3.330461240573E-01 -3.365671738239E-01  1.296711308845E-03
     26 T 256 BA   -3.330844037103E-01 -3.348841318287E-01  3.325861138099E-01
     27 T 256 BA   -3.329568098508E-01 -3.303632342090E-01 -3.326778320346E-01
     28 T   8 O     1.683219593125E-01  1.683608139707E-01  3.249740850349E-01
     29 T   8 O     1.695661002472E-01  1.660664838897E-01 -3.455424063320E-01
     30 T   8 O     1.679856741470E-01  1.643004134474E-01 -1.259681523108E-02
     31 T   8 O     1.669686017228E-01 -4.979771994069E-01  3.200782353293E-01
     32 T   8 O     1.646142506397E-01 -4.993812528518E-01 -3.465122481112E-01
     33 T   8 O     1.672317839876E-01 -4.967542327781E-01 -1.130584196977E-02
     34 T   8 O     1.640626692806E-01 -1.679079877666E-01  3.209936722003E-01
     35 T   8 O     1.690490966355E-01 -1.688116435673E-01 -3.449768520422E-01
     36 T   8 O     1.641701518506E-01 -1.675056730546E-01 -8.647297279735E-03
     37 T   8 O    -4.982470188332E-01  1.660095095817E-01  3.253690443033E-01
     38 T   8 O    -4.981119173620E-01  1.692779247355E-01 -3.430827932228E-01
     39 T   8 O     4.968874315609E-01  1.659756951387E-01 -9.644060550490E-03
     40 T   8 O     4.970462764833E-01 -4.986766887157E-01  3.235355202510E-01
     41 T   8 O    -4.970569121290E-01  4.984068253406E-01 -3.437221808261E-01
     42 T   8 O    -4.969772289214E-01 -4.985846988599E-01 -1.030220100894E-02
     43 T   8 O    -4.968234846271E-01 -1.669381020999E-01  3.236900049027E-01
     44 T   8 O     4.995438579380E-01 -1.634245985519E-01 -3.432742134800E-01
     45 T   8 O     4.966741238025E-01 -1.662051527840E-01 -1.076464944478E-02
     46 T   8 O    -1.674636090936E-01  1.693287481802E-01  3.208324012449E-01
     47 T   8 O    -1.657580258226E-01  1.698726643162E-01 -3.435918503889E-01
     48 T   8 O    -1.662157714733E-01  1.671006190861E-01 -7.468337699917E-03
     49 T   8 O    -1.642678919298E-01  4.988087485083E-01  3.246302058842E-01
     50 T   8 O    -1.673339509311E-01  4.969109630001E-01 -3.451079441241E-01
     51 T   8 O    -1.696462567635E-01 -4.993310784075E-01 -9.312366491011E-03
     52 T   8 O    -1.687612765694E-01 -1.642154779916E-01  3.235776202359E-01
     53 T   8 O    -1.647385419705E-01 -1.640812923833E-01 -3.449144710542E-01
     54 T   8 O    -1.657299623770E-01 -1.647138517450E-01 -8.179087224479E-03
     55 T   8 O     1.660987859166E-01 -6.929615014469E-04  1.649173346781E-01
     56 T   8 O     1.697555348179E-01 -8.701555839333E-04  4.960731300189E-01
     57 T   8 O     1.661631845602E-01 -2.142635426627E-03 -1.740184157803E-01
     58 T   8 O     1.686505744805E-01  3.353795760565E-01  1.600519219585E-01
     59 T   8 O     1.637918786380E-01  3.341831652243E-01  4.965803748253E-01
     60 T   8 O     1.651213207475E-01  3.351959013292E-01 -1.738165356110E-01
     61 T   8 O     1.669546173102E-01 -3.314305227604E-01  1.644475801594E-01
     62 T   8 O     1.640078662160E-01 -3.312949793968E-01  4.953473472222E-01
     63 T   8 O     1.660241857540E-01 -3.307440325070E-01 -1.695764566044E-01
     64 T   8 O    -4.995350264954E-01 -3.134383830415E-03  1.606949312846E-01
     65 T   8 O     4.980356324105E-01  5.282553859300E-04  4.925167070477E-01
     66 T   8 O     4.988578237422E-01 -4.554809063130E-04 -1.745891969914E-01
     67 T   8 O     4.984526868449E-01  3.362327189693E-01  1.611022217442E-01
     68 T   8 O    -4.981151501316E-01  3.360819584267E-01  4.947025966044E-01
     69 T   8 O     4.982247657333E-01  3.325499223726E-01 -1.688966250649E-01
     70 T   8 O     4.994967782443E-01 -3.336425369146E-01  1.649846104366E-01
     71 T   8 O     4.992164567740E-01 -3.317708158831E-01  4.923272326752E-01
     72 T   8 O     4.993554301413E-01 -3.358019498873E-01 -1.736763721749E-01
     73 T   8 O    -1.649621674002E-01 -2.504489226415E-03  1.603687957118E-01
     74 T   8 O    -1.669460600748E-01  3.344259494175E-03  4.949666532657E-01
     75 T   8 O    -1.645066541603E-01 -1.959326114507E-03 -1.699393809585E-01
     76 T   8 O    -1.693129335874E-01  3.353880824888E-01  1.615405440303E-01
     77 T   8 O    -1.655890699064E-01  3.335437417011E-01  4.920302721377E-01
     78 T   8 O    -1.643086390705E-01  3.317638911042E-01 -1.733083617169E-01
     79 T   8 O    -1.699016547110E-01 -3.342379638864E-01  1.617557973420E-01
     80 T   8 O    -1.680151519440E-01 -3.354137747675E-01  4.929112136659E-01
     81 T   8 O    -1.649464406090E-01 -3.343020196383E-01 -1.741931940385E-01
     82 T   8 O    -2.200372131846E-03  1.668135710353E-01  1.593185208461E-01
     83 T   8 O     7.290898959908E-04  1.695937926334E-01  4.936762488548E-01
     84 T   8 O    -3.164816496485E-03  1.666296510164E-01 -1.704649168842E-01
     85 T   8 O     3.223603831638E-03 -4.999150383414E-01  1.608639887501E-01
     86 T   8 O    -4.114838697299E-04  4.983068059650E-01  4.978960079021E-01
     87 T   8 O    -2.507417111704E-03 -4.978195105394E-01 -1.720341787519E-01
     88 T   8 O     2.439078810377E-04 -1.644208655373E-01  1.641884540850E-01
     89 T   8 O    -1.354429135647E-03 -1.638278022085E-01  4.939661347076E-01
     90 T   8 O     2.756129320133E-03 -1.650986954856E-01 -1.704811346623E-01
     91 T   8 O     3.355525980859E-01  1.648489174335E-01  1.600811841840E-01
     92 T   8 O     3.305937235487E-01  1.650479572077E-01  4.940659471305E-01
     93 T   8 O     3.329300156222E-01  1.653386072867E-01 -1.685891297947E-01
     94 T   8 O     3.352017622579E-01 -4.972162070190E-01  1.615744839266E-01
     95 T   8 O     3.311690165506E-01  4.979363250765E-01  4.936257383368E-01
     96 T   8 O     3.307993277832E-01  4.986376622864E-01 -1.698745022752E-01
     97 T   8 O     3.335245303589E-01 -1.633156614557E-01  1.616458847014E-01
     98 T   8 O     3.310271718455E-01 -1.691063116854E-01  4.952236224658E-01
     99 T   8 O     3.337195099285E-01 -1.652446379843E-01 -1.686282180353E-01
    100 T   8 O    -3.315982220301E-01  1.674790650731E-01  1.590999455536E-01
    101 T   8 O    -3.357981704056E-01  1.648517172833E-01  4.937677205767E-01
    102 T   8 O    -3.351087571346E-01  1.647646531928E-01 -1.694955416058E-01
    103 T   8 O    -3.325319853908E-01  4.972674697855E-01  1.635052591791E-01
    104 T   8 O    -3.308591316426E-01  4.998537132633E-01  4.929104486823E-01
    105 T   8 O    -3.348592817471E-01  4.979678511632E-01 -1.736877495819E-01
    106 T   8 O    -3.304468984337E-01 -1.652638053560E-01  1.608141470928E-01
    107 T   8 O    -3.338644952651E-01 -1.635292191824E-01  4.940659595831E-01
    108 T   8 O    -3.325265647137E-01 -1.691169064418E-01 -1.736439333112E-01
    109 T  22 TI    1.669469546118E-01  1.633252632861E-01  1.747516097820E-01
    110 T  22 TI    1.648394945054E-01  1.639415296698E-01 -4.924188983625E-01
    111 T  22 TI    1.656217313903E-01  1.651379897189E-01 -1.611055720782E-01
    112 T  22 TI    1.658985973951E-01  4.968488543145E-01  1.757947756639E-01
    113 T  22 TI    1.648171033466E-01 -4.979294061196E-01 -4.935544115296E-01
    114 T  22 TI    1.687486883985E-01 -4.994742402516E-01 -1.558807503733E-01
    115 T  22 TI    1.691729954609E-01 -1.648668004714E-01  1.762346551086E-01
    116 T  22 TI    1.636444330076E-01 -1.652679635849E-01 -4.912930471325E-01
    117 T  22 TI    1.654527311722E-01 -1.695017913626E-01 -1.596781687985E-01
    118 T  22 TI    4.988893226720E-01  1.636291715849E-01  1.740660744748E-01
    119 T  22 TI   -4.970756616362E-01  1.650526988052E-01 -4.920661487035E-01
    120 T  22 TI   -4.995522616790E-01  1.654308251028E-01 -1.613855340996E-01
    121 T  22 TI   -4.987893955341E-01 -4.980645294523E-01  1.773371927057E-01
    122 T  22 TI   -4.975597675997E-01 -4.976952468358E-01 -4.918477641492E-01
    123 T  22 TI    4.999115123368E-01  4.975497386354E-01 -1.561591694001E-01
    124 T  22 TI    4.988405714921E-01 -1.696606424148E-01  1.759049536392E-01
    125 T  22 TI   -4.997126917044E-01 -1.700109301383E-01 -4.918476797492E-01
    126 T  22 TI   -4.979666478934E-01 -1.683837410088E-01 -1.563983002643E-01
    127 T  22 TI   -1.652330976317E-01  1.690996643482E-01  1.767114338121E-01
    128 T  22 TI   -1.676487974876E-01  1.634809821360E-01 -4.913190790535E-01
    129 T  22 TI   -1.675387227809E-01  1.639456282054E-01 -1.566732903338E-01
    130 T  22 TI   -1.641096272670E-01 -4.993506447847E-01  1.769638730512E-01
    131 T  22 TI   -1.635596762175E-01  4.987690188553E-01 -4.920493510942E-01
    132 T  22 TI   -1.657175237824E-01  4.973027391332E-01 -1.600968663770E-01
    133 T  22 TI   -1.636339533807E-01 -1.658066959090E-01  1.738207416709E-01
    134 T  22 TI   -1.682797179730E-01 -1.663284444373E-01 -4.888804771342E-01
    135 T  22 TI   -1.637957612837E-01 -1.680190825950E-01 -1.594550242241E-01

 T = ATOM BELONGING TO THE ASYMMETRIC UNIT
 *******************************************************************************
 * GEOMETRY EDITING - INPUT COORDINATES ARE GIVEN IN ANGSTROM         
 *******************************************************************************

 GCALCO - MAX INDICES DIRECT LATTICE VECTOR    15    15    14
 NO.OF VECTORS CREATED 6999 STARS  514 RMAX   270.02825 BOHR

 GEOMETRY FOR WAVE FUNCTION - DIMENSIONALITY OF THE SYSTEM    3
 (NON PERIODIC DIRECTION: LATTICE PARAMETER FORMALLY SET TO 500)
 *******************************************************************************
 LATTICE PARAMETERS (ANGSTROMS AND DEGREES) - BOHR = 0.5291772083 ANGSTROM
 PRIMITIVE CELL - CENTRING CODE 1/0 VOLUME=  1740.493702 - DENSITY  6.022 g/cm^3
         A              B              C           ALPHA      BETA       GAMMA 
    11.90773305    11.90773305    12.27479580    90.000000  90.000000  90.000000
 *******************************************************************************
 ATOMS IN THE ASYMMETRIC UNIT  135 - ATOMS IN THE UNIT CELL:  135
     ATOM                 X/A                 Y/B                 Z/C    
 *******************************************************************************
      1 T 256 BA    2.758458789705E-03  1.576693372536E-03  1.075568065860E-03
      2 T 256 BA    1.868330706458E-03 -8.418429776613E-04  3.328845686993E-01
      3 T 256 BA    2.423939192560E-03  4.491027856203E-04 -3.334136040629E-01
      4 T 256 BA    2.239848858587E-03  3.332281316353E-01  4.559733184915E-03
      5 T 256 BA    2.949591020934E-04  3.357522880440E-01  3.332237454319E-01
      6 T 256 BA   -2.653224435683E-03  3.332063024968E-01 -3.331947759462E-01
      7 T 256 BA   -1.514871114118E-03 -3.360189768527E-01  8.403543561567E-04
      8 T 256 BA    9.041500740865E-04 -3.357233771086E-01  3.375818702816E-01
      9 T 256 BA    2.037095310735E-03 -3.359832070089E-01 -3.315252052467E-01
     10 T 256 BA    3.353420267908E-01  2.303458317273E-03  3.485633986452E-03
     11 T 256 BA    3.342082276177E-01 -3.074749462493E-03  3.344658006582E-01
     12 T 256 BA    3.358827239001E-01  1.673097583161E-03 -3.298331213076E-01
     13 T 256 BA    3.304854405677E-01  3.350176146061E-01  2.696215119593E-03
     14 T 256 BA    3.326006339762E-01  3.300565616614E-01  3.353702118761E-01
     15 T 256 BA    3.307863568808E-01  3.349172858555E-01 -3.297326281310E-01
     16 T 256 BA    3.348865752029E-01 -3.318335955365E-01  4.629742304315E-03
     17 T 256 BA    3.346816973450E-01 -3.302566772170E-01  3.354586370020E-01
     18 T 256 BA    3.339275516628E-01 -3.341926378599E-01 -3.281029053721E-01
     19 T 256 BA   -3.342228484236E-01  7.566899567133E-04  5.188774568799E-03
     20 T 256 BA   -3.355607692095E-01  2.283686677867E-03  3.364874694970E-01
     21 T 256 BA   -3.330237536125E-01 -5.582080544210E-04 -3.343993372001E-01
     22 T 256 BA   -3.301050367442E-01  3.324394360364E-01  2.376855761173E-03
     23 T 256 BA   -3.323025059494E-01  3.365023916518E-01  3.358764461020E-01
     24 T 256 BA   -3.347789312030E-01  3.355306335911E-01 -3.332270334702E-01
     25 T 256 BA   -3.330461240573E-01 -3.365671738239E-01  1.296711308845E-03
     26 T 256 BA   -3.330844037103E-01 -3.348841318287E-01  3.325861138099E-01
     27 T 256 BA   -3.329568098508E-01 -3.303632342090E-01 -3.326778320346E-01
     28 T   8 O     1.683219593125E-01  1.683608139707E-01  3.249740850349E-01
     29 T   8 O     1.695661002472E-01  1.660664838897E-01 -3.455424063320E-01
     30 T   8 O     1.679856741470E-01  1.643004134474E-01 -1.259681523108E-02
     31 T   8 O     1.669686017228E-01 -4.979771994069E-01  3.200782353293E-01
     32 T   8 O     1.646142506397E-01 -4.993812528518E-01 -3.465122481112E-01
     33 T   8 O     1.672317839876E-01 -4.967542327781E-01 -1.130584196976E-02
     34 T   8 O     1.640626692806E-01 -1.679079877666E-01  3.209936722003E-01
     35 T   8 O     1.690490966355E-01 -1.688116435673E-01 -3.449768520422E-01
     36 T   8 O     1.641701518506E-01 -1.675056730546E-01 -8.647297279735E-03
     37 T   8 O    -4.982470188332E-01  1.660095095817E-01  3.253690443033E-01
     38 T   8 O    -4.981119173620E-01  1.692779247355E-01 -3.430827932228E-01
     39 T   8 O     4.968874315609E-01  1.659756951387E-01 -9.644060550490E-03
     40 T   8 O     4.970462764833E-01 -4.986766887157E-01  3.235355202510E-01
     41 T   8 O    -4.970569121290E-01  4.984068253406E-01 -3.437221808261E-01
     42 T   8 O    -4.969772289214E-01 -4.985846988599E-01 -1.030220100894E-02
     43 T   8 O    -4.968234846271E-01 -1.669381020999E-01  3.236900049027E-01
     44 T   8 O     4.995438579380E-01 -1.634245985519E-01 -3.432742134800E-01
     45 T   8 O     4.966741238025E-01 -1.662051527840E-01 -1.076464944478E-02
     46 T   8 O    -1.674636090936E-01  1.693287481802E-01  3.208324012449E-01
     47 T   8 O    -1.657580258226E-01  1.698726643162E-01 -3.435918503889E-01
     48 T   8 O    -1.662157714733E-01  1.671006190861E-01 -7.468337699917E-03
     49 T   8 O    -1.642678919298E-01  4.988087485083E-01  3.246302058842E-01
     50 T   8 O    -1.673339509311E-01  4.969109630001E-01 -3.451079441241E-01
     51 T   8 O    -1.696462567635E-01 -4.993310784075E-01 -9.312366491011E-03
     52 T   8 O    -1.687612765694E-01 -1.642154779916E-01  3.235776202359E-01
     53 T   8 O    -1.647385419705E-01 -1.640812923833E-01 -3.449144710542E-01
     54 T   8 O    -1.657299623770E-01 -1.647138517450E-01 -8.179087224479E-03
     55 T   8 O     1.660987859166E-01 -6.929615014469E-04  1.649173346781E-01
     56 T   8 O     1.697555348179E-01 -8.701555839333E-04  4.960731300189E-01
     57 T   8 O     1.661631845602E-01 -2.142635426627E-03 -1.740184157803E-01
     58 T   8 O     1.686505744805E-01  3.353795760565E-01  1.600519219585E-01
     59 T   8 O     1.637918786380E-01  3.341831652243E-01  4.965803748253E-01
     60 T   8 O     1.651213207475E-01  3.351959013292E-01 -1.738165356110E-01
     61 T   8 O     1.669546173102E-01 -3.314305227604E-01  1.644475801594E-01
     62 T   8 O     1.640078662160E-01 -3.312949793968E-01  4.953473472222E-01
     63 T   8 O     1.660241857540E-01 -3.307440325070E-01 -1.695764566044E-01
     64 T   8 O    -4.995350264954E-01 -3.134383830415E-03  1.606949312846E-01
     65 T   8 O     4.980356324105E-01  5.282553859300E-04  4.925167070477E-01
     66 T   8 O     4.988578237422E-01 -4.554809063130E-04 -1.745891969914E-01
     67 T   8 O     4.984526868449E-01  3.362327189693E-01  1.611022217442E-01
     68 T   8 O    -4.981151501316E-01  3.360819584267E-01  4.947025966044E-01
     69 T   8 O     4.982247657333E-01  3.325499223726E-01 -1.688966250649E-01
     70 T   8 O     4.994967782443E-01 -3.336425369146E-01  1.649846104366E-01
     71 T   8 O     4.992164567740E-01 -3.317708158831E-01  4.923272326752E-01
     72 T   8 O     4.993554301413E-01 -3.358019498873E-01 -1.736763721749E-01
     73 T   8 O    -1.649621674002E-01 -2.504489226415E-03  1.603687957118E-01
     74 T   8 O    -1.669460600748E-01  3.344259494175E-03  4.949666532657E-01
     75 T   8 O    -1.645066541603E-01 -1.959326114507E-03 -1.699393809585E-01
     76 T   8 O    -1.693129335874E-01  3.353880824888E-01  1.615405440303E-01
     77 T   8 O    -1.655890699064E-01  3.335437417011E-01  4.920302721377E-01
     78 T   8 O    -1.643086390705E-01  3.317638911042E-01 -1.733083617169E-01
     79 T   8 O    -1.699016547110E-01 -3.342379638864E-01  1.617557973420E-01
     80 T   8 O    -1.680151519440E-01 -3.354137747675E-01  4.929112136659E-01
     81 T   8 O    -1.649464406090E-01 -3.343020196383E-01 -1.741931940385E-01
     82 T   8 O    -2.200372131846E-03  1.668135710353E-01  1.593185208461E-01
     83 T   8 O     7.290898959908E-04  1.695937926334E-01  4.936762488548E-01
     84 T   8 O    -3.164816496485E-03  1.666296510164E-01 -1.704649168842E-01
     85 T   8 O     3.223603831638E-03 -4.999150383414E-01  1.608639887501E-01
     86 T   8 O    -4.114838697299E-04  4.983068059650E-01  4.978960079021E-01
     87 T   8 O    -2.507417111704E-03 -4.978195105394E-01 -1.720341787519E-01
     88 T   8 O     2.439078810377E-04 -1.644208655373E-01  1.641884540850E-01
     89 T   8 O    -1.354429135647E-03 -1.638278022085E-01  4.939661347076E-01
     90 T   8 O     2.756129320133E-03 -1.650986954856E-01 -1.704811346623E-01
     91 T   8 O     3.355525980859E-01  1.648489174335E-01  1.600811841840E-01
     92 T   8 O     3.305937235487E-01  1.650479572077E-01  4.940659471305E-01
     93 T   8 O     3.329300156222E-01  1.653386072867E-01 -1.685891297947E-01
     94 T   8 O     3.352017622579E-01 -4.972162070190E-01  1.615744839266E-01
     95 T   8 O     3.311690165506E-01  4.979363250765E-01  4.936257383368E-01
     96 T   8 O     3.307993277832E-01  4.986376622864E-01 -1.698745022752E-01
     97 T   8 O     3.335245303589E-01 -1.633156614557E-01  1.616458847014E-01
     98 T   8 O     3.310271718455E-01 -1.691063116854E-01  4.952236224658E-01
     99 T   8 O     3.337195099285E-01 -1.652446379843E-01 -1.686282180353E-01
    100 T   8 O    -3.315982220301E-01  1.674790650731E-01  1.590999455536E-01
    101 T   8 O    -3.357981704056E-01  1.648517172833E-01  4.937677205767E-01
    102 T   8 O    -3.351087571346E-01  1.647646531928E-01 -1.694955416058E-01
    103 T   8 O    -3.325319853908E-01  4.972674697855E-01  1.635052591791E-01
    104 T   8 O    -3.308591316426E-01  4.998537132633E-01  4.929104486823E-01
    105 T   8 O    -3.348592817471E-01  4.979678511632E-01 -1.736877495819E-01
    106 T   8 O    -3.304468984337E-01 -1.652638053560E-01  1.608141470928E-01
    107 T   8 O    -3.338644952651E-01 -1.635292191824E-01  4.940659595831E-01
    108 T   8 O    -3.325265647137E-01 -1.691169064418E-01 -1.736439333112E-01
    109 T  22 TI    1.669469546118E-01  1.633252632861E-01  1.747516097820E-01
    110 T  22 TI    1.648394945054E-01  1.639415296698E-01 -4.924188983625E-01
    111 T  22 TI    1.656217313903E-01  1.651379897189E-01 -1.611055720782E-01
    112 T  22 TI    1.658985973951E-01  4.968488543145E-01  1.757947756639E-01
    113 T  22 TI    1.648171033466E-01 -4.979294061196E-01 -4.935544115296E-01
    114 T  22 TI    1.687486883985E-01 -4.994742402516E-01 -1.558807503733E-01
    115 T  22 TI    1.691729954609E-01 -1.648668004714E-01  1.762346551086E-01
    116 T  22 TI    1.636444330076E-01 -1.652679635849E-01 -4.912930471325E-01
    117 T  22 TI    1.654527311722E-01 -1.695017913626E-01 -1.596781687985E-01
    118 T  22 TI    4.988893226720E-01  1.636291715849E-01  1.740660744748E-01
    119 T  22 TI   -4.970756616362E-01  1.650526988052E-01 -4.920661487035E-01
    120 T  22 TI   -4.995522616790E-01  1.654308251028E-01 -1.613855340995E-01
    121 T  22 TI   -4.987893955341E-01 -4.980645294523E-01  1.773371927057E-01
    122 T  22 TI   -4.975597675997E-01 -4.976952468358E-01 -4.918477641492E-01
    123 T  22 TI    4.999115123368E-01  4.975497386354E-01 -1.561591694001E-01
    124 T  22 TI    4.988405714921E-01 -1.696606424148E-01  1.759049536392E-01
    125 T  22 TI   -4.997126917044E-01 -1.700109301383E-01 -4.918476797492E-01
    126 T  22 TI   -4.979666478934E-01 -1.683837410088E-01 -1.563983002643E-01
    127 T  22 TI   -1.652330976317E-01  1.690996643482E-01  1.767114338121E-01
    128 T  22 TI   -1.676487974876E-01  1.634809821360E-01 -4.913190790535E-01
    129 T  22 TI   -1.675387227809E-01  1.639456282054E-01 -1.566732903338E-01
    130 T  22 TI   -1.641096272670E-01 -4.993506447847E-01  1.769638730512E-01
    131 T  22 TI   -1.635596762175E-01  4.987690188553E-01 -4.920493510942E-01
    132 T  22 TI   -1.657175237824E-01  4.973027391332E-01 -1.600968663770E-01
    133 T  22 TI   -1.636339533807E-01 -1.658066959090E-01  1.738207416709E-01
    134 T  22 TI   -1.682797179730E-01 -1.663284444373E-01 -4.888804771342E-01
    135 T  22 TI   -1.637957612837E-01 -1.680190825950E-01 -1.594550242241E-01

 T = ATOM BELONGING TO THE ASYMMETRIC UNIT

 ****    1 SYMMOPS - TRANSLATORS IN FRACTIONAL UNITS
 **** MATRICES AND TRANSLATORS IN THE CRYSTALLOGRAPHIC REFERENCE FRAME
   V INV                    ROTATION MATRICES                   TRANSLATORS
   1   1  1.00  0.00  0.00  0.00  1.00  0.00  0.00  0.00  1.00  0.00  0.00  0.00

 DIRECT LATTICE VECTORS CARTESIAN COMPONENTS (ANGSTROM)
          X                    Y                    Z
   0.119077330500E+02   0.000000000000E+00   0.000000000000E+00
   0.000000000000E+00   0.119077330500E+02   0.000000000000E+00
   0.000000000000E+00   0.000000000000E+00   0.122747958000E+02


 CARTESIAN COORDINATES - PRIMITIVE CELL
 *******************************************************************************
 *      ATOM          X(ANGSTROM)         Y(ANGSTROM)         Z(ANGSTROM)
 *******************************************************************************
    1   256 BA    3.284699089724E-02  1.877484378187E-02  1.320237837744E-02
    2   256 BA    2.224758330161E-02 -1.002444144801E-02  4.086090105755E+00
    3   256 BA    2.886362083444E-02  5.347796083178E-03  8.182211893185E+00
    4   256 BA    2.667152228040E-02  3.967991636263E+00  5.596979374731E-02
    5   256 BA    3.512294248396E-03  3.998048616954E+00  4.090253430888E+00
    6   256 BA   -3.159388830185E-02  3.967731700709E+00  8.184897963634E+00
    7   256 BA   -1.803868083207E-02  7.906508773904E+00  1.031517812146E-02
    8   256 BA    1.076637771936E-02  7.910028696746E+00  4.143748523489E+00
    9   256 BA    2.425718715764E-02  7.906934711655E+00  8.205391603044E+00
   10   256 BA    3.993163335471E+00  2.742896673389E-02  4.278544541723E-02
   11   256 BA    3.979662357586E+00 -3.661329579499E-02  4.105499405163E+00
   12   256 BA    3.999601812310E+00  1.992279938689E-02  8.226161587873E+00
   13   256 BA    3.935332403191E+00  3.989300321777E+00  3.309549002587E-02
   14   256 BA    3.960519561649E+00  3.930225427665E+00  4.116600868182E+00
   15   256 BA    3.938915634319E+00  3.988105633798E+00  8.227395121095E+00
   16   256 BA    3.987739939545E+00  7.956347177330E+00  5.682914139209E-02
   17   256 BA    3.985300308705E+00  7.975124699720E+00  4.117686268546E+00
   18   256 BA    3.976320143241E+00  7.928256331089E+00  8.247399635170E+00
   19   256 BA    7.927896591761E+00  9.010462006158E-03  6.369114828424E-02
   20   256 BA    7.911964988200E+00  2.719353132989E-02  4.130314977335E+00
   21   256 BA    7.942175092673E+00 -6.646992498405E-03  8.170112220213E+00
   22   256 BA    7.976930393990E+00  3.958600059614E+00  2.917541911446E-02
   23   256 BA    7.950763517308E+00  4.006980650476E+00  4.122814789931E+00
   24   256 BA    7.921274906471E+00  3.995409214900E+00  8.184502009113E+00
   25   256 BA    7.941908711389E+00  7.899980990712E+00  1.591686652763E-02
   26   256 BA    7.941452887500E+00  7.920022205503E+00  4.082426632932E+00
   27   256 BA    7.942972241117E+00  7.973855847504E+00  8.191243344589E+00
   28     8 O     2.004332957947E+00  2.004795628844E+00  3.988990534096E+00
   29     8 O     2.019147856073E+00  1.977475358711E+00  8.033333322034E+00
   30     8 O     2.000328563967E+00  1.956445463336E+00  1.212017246531E+01
   31     8 O     1.988217537046E+00  5.977953494477E+00  3.928894978691E+00
   32     8 O     1.960182552843E+00  5.961234400866E+00  8.021428712236E+00
   33     8 O     1.991351441200E+00  5.992516254621E+00  1.213601889847E+01
   34     8 O     1.953614469264E+00  9.908329554713E+00  3.940131779351E+00
   35     8 O     2.012991515079E+00  9.897569062669E+00  8.040275385456E+00
   36     8 O     1.954894343015E+00  9.913120210905E+00  1.216865199167E+01
   37     8 O     5.974740556776E+00  1.976796923860E+00  3.993838578465E+00
   38     8 O     5.976349309030E+00  2.015716339009E+00  8.063524570696E+00
   39     8 O     5.916802890928E+00  1.976394270500E+00  1.215641692606E+01
   40     8 O     5.918694373860E+00  5.969624162516E+00  3.971332445128E+00
   41     8 O     5.988912029711E+00  5.934895426454E+00  8.055676218428E+00
   42     8 O     5.989860876076E+00  5.970719553161E+00  1.214833838632E+01
   43     8 O     5.991691622090E+00  9.919878694320E+00  3.973228712681E+00
   44     8 O     5.948434907093E+00  9.961716556641E+00  8.061174926127E+00
   45     8 O     5.914262879083E+00  9.928606459113E+00  1.214266192621E+01
   46     8 O     9.913621097324E+00  2.016321531021E+00  3.938152211305E+00
   47     8 O     9.933930727609E+00  2.022798339169E+00  8.057275997932E+00
   48     8 O     9.928480014596E+00  1.989789564568E+00  1.218312347977E+01
   49     8 O     9.951674844214E+00  5.939681420241E+00  3.984769487741E+00
   50     8 O     9.915165032111E+00  5.917083097024E+00  8.038666256918E+00
   51     8 O     9.887630711529E+00  5.961831864755E+00  1.216048840291E+01
   52     8 O     9.898168819435E+00  9.952298975398E+00  3.971849213846E+00
   53     8 O     9.946070469169E+00  9.953896821801E+00  8.041041099344E+00
   54     8 O     9.934264899629E+00  9.946364473783E+00  1.217439917449E+01
   55     8 O     1.977860002625E+00 -8.251600573157E-03  2.024326607055E+00
   56     8 O     2.021403592371E+00 -1.036158040544E-02  6.089196372849E+00
   57     8 O     1.978626844480E+00 -2.551393068375E-02  1.013875528086E+01
   58     8 O     2.008246019642E+00  3.993610462103E+00  1.964604659438E+00
   59     8 O     1.950389966580E+00  3.979363921295E+00  6.095422699268E+00
   60     8 O     1.966220608325E+00  3.991423312482E+00  1.014123331871E+01
   61     8 O     1.988051014394E+00  7.961146860348E+00  2.018560466260E+00
   62     8 O     1.952961889000E+00  7.962760874537E+00  6.080287537225E+00
   63     8 O     1.976971683802E+00  7.969321403027E+00  1.019327942269E+01
   64     8 O     5.959403305368E+00 -3.732340592882E-02  1.972497467614E+00
   65     8 O     5.930475360132E+00  6.290324117879E-03  6.045542007099E+00
   66     8 O     5.940265795027E+00 -5.423745041747E-03  1.013174905805E+01
   67     8 O     5.935441533005E+00  4.003769460162E+00  1.977496874836E+00
   68     8 O     5.976310814072E+00  4.001974243867E+00  6.072373355049E+00
   69     8 O     5.932727509251E+00  3.959915701411E+00  1.020162421602E+01
   70     8 O     5.947874294669E+00  7.934806786297E+00  2.025152403252E+00
   71     8 O     5.944536301431E+00  7.957094740683E+00  6.043216247867E+00
   72     8 O     5.946191159190E+00  7.909093073072E+00  1.014295379627E+01
   73     8 O     9.943407597249E+00 -2.982278913475E-02  1.968494220054E+00
   74     8 O     9.919783932880E+00  3.982254930656E-02  6.075614596646E+00
   75     8 O     9.948831727311E+00 -2.333113232945E-02  1.018882460036E+01
   76     8 O     9.891599834929E+00  3.993711754429E+00  1.982877191393E+00
   77     8 O     9.935942609557E+00  3.971749836675E+00  6.039571117908E+00
   78     8 O     9.951189638140E+00  3.950555850898E+00  1.014747104949E+01
   79     8 O     9.884589500948E+00  7.927716600865E+00  1.985519381840E+00
   80     8 O     9.907053472296E+00  7.913715358776E+00  6.050384495280E+00
   81     8 O     9.943594867681E+00  7.926953842071E+00  1.013660991343E+01
   82     8 O    -2.620144395669E-02  1.986371473005E+00  1.955602310543E+00
   83     8 O     8.681807850911E-03  2.019477609615E+00  6.059775146003E+00
   84     8 O    -3.768578999238E-02  1.984181402518E+00  1.018237375418E+01
   85     8 O     3.838581388611E-02  5.954878225750E+00  1.974572613481E+00
   86     8 O    -4.899840075124E-03  5.933704422429E+00  6.111571826634E+00
   87     8 O    -2.985765361118E-02  5.979831211415E+00  1.016311138520E+01
   88     8 O     2.904389936188E-03  9.949853275332E+00  2.015379746611E+00
   89     8 O    -1.612818058242E-02  9.956915315133E+00  6.063333435651E+00
   90     8 O     3.281925219543E-02  9.941781857254E+00  1.018217468427E+01
   91     8 O     3.995670762241E+00  1.962976902379E+00  1.964963847280E+00
   92     8 O     3.936621808024E+00  1.965347014877E+00  6.064558612760E+00
   93     8 O     3.964441750362E+00  1.968807998429E+00  1.020539865767E+01
   94     8 O     3.991493102857E+00  5.987015188685E+00  1.983293796689E+00
   95     8 O     3.943472243516E+00  5.929292834910E+00  6.059155139709E+00
   96     8 O     3.939070088361E+00  5.937644171182E+00  1.018962097295E+01
   97     8 O     3.971521073140E+00  9.963013750501E+00  1.984170226619E+00
   98     8 O     3.941783194633E+00  9.894060233380E+00  6.078768841104E+00
   99     8 O     3.973842837805E+00  9.940044012940E+00  1.020491885750E+01
  100     8 O     7.959149942210E+00  1.994295998354E+00  1.952919343461E+00
  101     8 O     7.909138078131E+00  1.963010242244E+00  6.060897942711E+00
  102     8 O     7.917347427324E+00  1.961973506296E+00  1.019427263778E+01
  103     8 O     7.948030937380E+00  5.921328284655E+00  2.006993668649E+00
  104     8 O     7.967950833245E+00  5.952124581590E+00  6.050375105262E+00
  105     8 O     7.920318113641E+00  5.929668239133E+00  1.014281414092E+01
  106     8 O     7.972859596252E+00  9.939815772994E+00  1.973960817315E+00
  107     8 O     7.932163765510E+00  9.960470762101E+00  6.064558765613E+00
  108     8 O     7.948095485356E+00  9.893934073849E+00  1.014335197670E+01
  109    22 TI    1.987959769028E+00  1.944833635532E+00  2.145040325795E+00
  110    22 TI    1.962864696667E+00  1.952171971117E+00  6.230454374539E+00
  111    22 TI    1.972179364675E+00  1.966419097987E+00  1.029725780050E+01
  112    22 TI    1.975476211151E+00  5.916343523376E+00  2.157844973981E+00
  113    22 TI    1.962598068726E+00  5.978522604182E+00  6.216516182285E+00
  114    22 TI    2.009414333987E+00  5.960127131732E+00  1.036139142002E+01
  115    22 TI    2.014466869217E+00  9.944543201179E+00  2.163244404341E+00
  116    22 TI    1.948634223373E+00  9.939766257914E+00  6.244273968489E+00
  117    22 TI    1.970166955191E+00  9.889350966958E+00  1.031477888428E+01
  118    22 TI    5.940640875873E+00  1.948452494426E+00  2.136625519886E+00
  119    22 TI    5.988688765584E+00  1.965403476554E+00  6.234784304572E+00
  120    22 TI    5.959198073403E+00  1.969906103566E+00  1.029382132385E+01
  121    22 TI    5.968282079809E+00  5.976913591608E+00  2.176777828207E+00
  122    22 TI    5.982924161003E+00  5.981310910425E+00  6.237464930381E+00
  123    22 TI    5.952812837529E+00  5.924689466768E+00  1.035797388332E+01
  124    22 TI    5.940060359838E+00  9.887459411033E+00  2.159197386130E+00
  125    22 TI    5.957287715488E+00  9.883288278331E+00  6.237465966375E+00
  126    22 TI    5.978079139082E+00  9.902664412107E+00  1.035503860079E+01
  127    22 TI    9.940181432377E+00  2.013593661903E+00  2.169096765568E+00
  128    22 TI    9.911415923364E+00  1.946687894028E+00  6.243954431975E+00
  129    22 TI    9.912726663587E+00  1.952220775384E+00  1.035166315384E+01
  130    22 TI    9.953559417570E+00  5.961598873558E+00  2.172195405680E+00
  131    22 TI    9.960108087858E+00  5.939208330139E+00  6.234990491797E+00
  132    22 TI    9.934413015093E+00  5.921748262632E+00  1.030963945700E+01
  133    22 TI    9.959223615227E+00  9.933351177213E+00  2.133614109815E+00
  134    22 TI    9.903903090648E+00  9.927138335018E+00  6.273887772571E+00
  135    22 TI    9.957296849912E+00  9.907006667153E+00  1.031751793836E+01

 *******************************************************************************
 *** PSEUDOPOTENTIAL INFORMATION ***
 *******************************************************************************

 ATOMIC NUMBER  56, NUCLEAR CHARGE 10.000, GIVEN IN INPUT       PSEUDOPOTENTIAL
   TYPE       EXPONENT      COEFF.    N      EXPONENT      COEFF.    N
  P0 TMS     9.5269860  427.8458160   0     4.4875100  204.4175300   0
  P1 TMS     8.3159300  293.6058640   0     4.2922170  294.1933160   0
  P2 TMS     5.9161080  112.5504020   0     2.8748420  181.7826210   0
  P3 TMS     3.5894650  -33.4731740   0

 *******************************************************************************
 LOCAL ATOMIC FUNCTIONS BASIS SET
 *******************************************************************************
   ATOM   X(AU)   Y(AU)   Z(AU)  N. TYPE  EXPONENT  S COEF   P COEF   D/F/G COEF
 *******************************************************************************
   1 BA   0.062   0.035   0.025
                                  1 S  
                                         2.396E+00-5.955E+00 0.000E+00 0.000E+00
                                         2.243E+00 6.681E+00 0.000E+00 0.000E+00
                                         7.174E-01-5.706E-01 0.000E+00 0.000E+00
                                  2 S  
                                         2.742E-01 1.000E+00 0.000E+00 0.000E+00
                           3-     6 SP 
                                         1.300E-01 1.000E+00 1.000E+00 0.000E+00
                           7-     9 P  
                                         2.927E+00 0.000E+00 7.982E-01 0.000E+00
                                         2.521E+00 0.000E+00-1.071E+00 0.000E+00
                                         6.758E-01 0.000E+00 3.494E-01 0.000E+00
                                         3.199E-01 0.000E+00 6.504E-01 0.000E+00
                          10-    14 D  
                                         9.663E-01 0.000E+00 0.000E+00-9.089E-01
                                         8.938E-01 0.000E+00 0.000E+00 9.472E-01
                          15-    19 D  
                                         2.732E-01 0.000E+00 0.000E+00 3.221E-01
   2 BA   0.042  -0.019   7.722
   3 BA   0.055   0.010  15.462
   4 BA   0.050   7.498   0.106
   5 BA   0.007   7.555   7.729
   6 BA  -0.060   7.498  15.467
   7 BA  -0.034  14.941   0.019
   8 BA   0.020  14.948   7.831
   9 BA   0.046  14.942  15.506
  10 BA   7.546   0.052   0.081
  11 BA   7.520  -0.069   7.758
  12 BA   7.558   0.038  15.545
  13 BA   7.437   7.539   0.063
  14 BA   7.484   7.427   7.779
  15 BA   7.443   7.536  15.548
  16 BA   7.536  15.035   0.107
  17 BA   7.531  15.071   7.781
  18 BA   7.514  14.982  15.585
  19 BA  14.982   0.017   0.120
  20 BA  14.951   0.051   7.805
  21 BA  15.009  -0.013  15.439
  22 BA  15.074   7.481   0.055
  23 BA  15.025   7.572   7.791
  24 BA  14.969   7.550  15.466
  25 BA  15.008  14.929   0.030
  26 BA  15.007  14.967   7.715
  27 BA  15.010  15.068  15.479
  28 O    3.788   3.789   7.538
                                514 S  
                                         2.703E+04 2.173E-04 0.000E+00 0.000E+00
                                         4.052E+03 1.684E-03 0.000E+00 0.000E+00
                                         9.223E+02 8.740E-03 0.000E+00 0.000E+00
                                         2.612E+02 3.524E-02 0.000E+00 0.000E+00
                                         8.535E+01 1.115E-01 0.000E+00 0.000E+00
                                         3.104E+01 2.559E-01 0.000E+00 0.000E+00
                                515 S  
                                         1.227E+01 3.977E-01 0.000E+00 0.000E+00
                                         4.916E+00 2.463E-01 0.000E+00 0.000E+00
                                516 S  
                                         9.009E-01 1.000E+00 0.000E+00 0.000E+00
                         517-   520 SP 
                                         2.500E-01 1.000E+00 1.000E+00 0.000E+00
                         521-   523 P  
                                         7.530E+01 0.000E+00 6.069E-03 0.000E+00
                                         1.774E+01 0.000E+00 4.191E-02 0.000E+00
                                         5.536E+00 0.000E+00 1.615E-01 0.000E+00
                                         2.069E+00 0.000E+00 3.571E-01 0.000E+00
                         524-   526 P  
                                         7.824E-01 0.000E+00 1.000E+00 0.000E+00
                         527-   531 D  
                                         1.200E+00 0.000E+00 0.000E+00 1.000E+00
  29 O    3.816   3.737  15.181
  30 O    3.780   3.697  22.904
  31 O    3.757  11.297   7.425
  32 O    3.704  11.265  15.158
  33 O    3.763  11.324  22.934
  34 O    3.692  18.724   7.446
  35 O    3.804  18.704  15.194
  36 O    3.694  18.733  22.995
  37 O   11.291   3.736   7.547
  38 O   11.294   3.809  15.238
  39 O   11.181   3.735  22.972
  40 O   11.185  11.281   7.505
  41 O   11.317  11.215  15.223
  42 O   11.319  11.283  22.957
  43 O   11.323  18.746   7.508
  44 O   11.241  18.825  15.233
  45 O   11.176  18.762  22.946
  46 O   18.734   3.810   7.442
  47 O   18.772   3.823  15.226
  48 O   18.762   3.760  23.023
  49 O   18.806  11.224   7.530
  50 O   18.737  11.182  15.191
  51 O   18.685  11.266  22.980
  52 O   18.705  18.807   7.506
  53 O   18.795  18.810  15.195
  54 O   18.773  18.796  23.006
  55 O    3.738  -0.016   3.825
  56 O    3.820  -0.020  11.507
  57 O    3.739  -0.048  19.159
  58 O    3.795   7.547   3.713
  59 O    3.686   7.520  11.519
  60 O    3.716   7.543  19.164
  61 O    3.757  15.044   3.815
  62 O    3.691  15.047  11.490
  63 O    3.736  15.060  19.263
  64 O   11.262  -0.071   3.727
  65 O   11.207   0.012  11.424
  66 O   11.225  -0.010  19.146
  67 O   11.216   7.566   3.737
  68 O   11.294   7.563  11.475
  69 O   11.211   7.483  19.278
  70 O   11.240  14.995   3.827
  71 O   11.234  15.037  11.420
  72 O   11.237  14.946  19.167
  73 O   18.790  -0.056   3.720
  74 O   18.746   0.075  11.481
  75 O   18.801  -0.044  19.254
  76 O   18.692   7.547   3.747
  77 O   18.776   7.506  11.413
  78 O   18.805   7.465  19.176
  79 O   18.679  14.981   3.752
  80 O   18.722  14.955  11.434
  81 O   18.791  14.980  19.155
  82 O   -0.050   3.754   3.696
  83 O    0.016   3.816  11.451
  84 O   -0.071   3.750  19.242
  85 O    0.073  11.253   3.731
  86 O   -0.009  11.213  11.549
  87 O   -0.056  11.300  19.205
  88 O    0.005  18.802   3.809
  89 O   -0.030  18.816  11.458
  90 O    0.062  18.787  19.242
  91 O    7.551   3.709   3.713
  92 O    7.439   3.714  11.460
  93 O    7.492   3.721  19.285
  94 O    7.543  11.314   3.748
  95 O    7.452  11.205  11.450
  96 O    7.444  11.221  19.256
  97 O    7.505  18.827   3.750
  98 O    7.449  18.697  11.487
  99 O    7.509  18.784  19.285
 100 O   15.041   3.769   3.690
 101 O   14.946   3.710  11.453
 102 O   14.962   3.708  19.264
 103 O   15.020  11.190   3.793
 104 O   15.057  11.248  11.434
 105 O   14.967  11.205  19.167
 106 O   15.067  18.784   3.730
 107 O   14.990  18.823  11.460
 108 O   15.020  18.697  19.168
 109 TI   3.757   3.675   4.054
                               1972 S  
                                         2.116E+05 2.332E-04 0.000E+00 0.000E+00
                                         3.171E+04 1.808E-03 0.000E+00 0.000E+00
                                         7.218E+03 9.398E-03 0.000E+00 0.000E+00
                                         2.043E+03 3.816E-02 0.000E+00 0.000E+00
                                         6.651E+02 1.237E-01 0.000E+00 0.000E+00
                                         2.387E+02 2.921E-01 0.000E+00 0.000E+00
                                         9.251E+01 4.123E-01 0.000E+00 0.000E+00
                                         3.640E+01 2.109E-01 0.000E+00 0.000E+00
                               1973 S  
                                         2.327E+02-2.492E-02 0.000E+00 0.000E+00
                                         7.179E+01-1.175E-01 0.000E+00 0.000E+00
                                         1.116E+01 5.650E-01 0.000E+00 0.000E+00
                                         4.655E+00 5.621E-01 0.000E+00 0.000E+00
                               1974 S  
                                         6.803E+00-2.301E-01 0.000E+00 0.000E+00
                                         1.120E+00 7.210E-01 0.000E+00 0.000E+00
                               1975 S  
                                         4.808E-01 1.000E+00 0.000E+00 0.000E+00
                               1976 S  
                                         2.400E-01 1.000E+00 0.000E+00 0.000E+00
                        1977-  1980 SP 
                                         1.200E-01 1.000E+00 1.000E+00 0.000E+00
                        1981-  1983 P  
                                         1.063E+03 0.000E+00 2.469E-03 0.000E+00
                                         2.516E+02 0.000E+00 1.977E-02 0.000E+00
                                         8.041E+01 0.000E+00 9.099E-02 0.000E+00
                                         2.977E+01 0.000E+00 2.556E-01 0.000E+00
                                         1.174E+01 0.000E+00 4.049E-01 0.000E+00
                                         4.714E+00 0.000E+00 2.369E-01 0.000E+00
                        1984-  1986 P  
                                         1.780E+01 0.000E+00-2.788E-02 0.000E+00
                                         2.427E+00 0.000E+00 5.567E-01 0.000E+00
                                         9.682E-01 0.000E+00 1.006E+00 0.000E+00
                        1987-  1989 P  
                                         3.706E-01 0.000E+00 1.000E+00 0.000E+00
                        1990-  1994 D  
                                         3.771E+01 0.000E+00 0.000E+00 1.151E-02
                                         1.069E+01 0.000E+00 0.000E+00 6.725E-02
                                         3.673E+00 0.000E+00 0.000E+00 2.148E-01
                                         1.359E+00 0.000E+00 0.000E+00 3.889E-01
                        1995-  1999 D  
                                         5.400E-01 0.000E+00 0.000E+00 1.000E+00
                        2000-  2004 D  
                                         2.200E-01 0.000E+00 0.000E+00 1.000E+00
 110 TI   3.709   3.689  11.774
 111 TI   3.727   3.716  19.459
 112 TI   3.733  11.180   4.078
 113 TI   3.709  11.298  11.748
 114 TI   3.797  11.263  19.580
 115 TI   3.807  18.792   4.088
 116 TI   3.682  18.783  11.800
 117 TI   3.723  18.688  19.492
 118 TI  11.226   3.682   4.038
 119 TI  11.317   3.714  11.782
 120 TI  11.261   3.723  19.453
 121 TI  11.278  11.295   4.114
 122 TI  11.306  11.303  11.787
 123 TI  11.249  11.196  19.574
 124 TI  11.225  18.685   4.080
 125 TI  11.258  18.677  11.787
 126 TI  11.297  18.713  19.568
 127 TI  18.784   3.805   4.099
 128 TI  18.730   3.679  11.799
 129 TI  18.732   3.689  19.562
 130 TI  18.810  11.266   4.105
 131 TI  18.822  11.223  11.782
 132 TI  18.773  11.190  19.482
 133 TI  18.820  18.771   4.032
 134 TI  18.716  18.760  11.856
 135 TI  18.817  18.722  19.497
 INFORMATION **** SET_MPP **** PCRYSTAL CALCULATION
 INFORMATION **** READM2 **** NEW DEFAULT: FOCK/KS MATRIX MIXING SET TO 30 %
 INFORMATION **** READM2 **** NEW DEFAULT: FULL DIRECT SCF MODE
 INFORMATION **** READM2 **** NEW DEFAULT: COULOMB BIPOLAR BUFFER SET TO 32 Mb
 INFORMATION **** READM2 **** NEW DEFAULT: EXCHANGE BIPOLAR BUFFER SET TO 32 Mb

 *******************************************************************************
 NEW DEFAULT: DFT INTEGRATION GRID INCREASED TO XLGRID
 NEW DEFAULT: DIIS ACCELERATOR ACTIVE
 USE KEYWORD NODIIS TO TURN IT OFF
 *******************************************************************************

 INFORMATION **** TOLINTEG **** COULOMB AND EXCHANGE SERIES TOLERANCES MODIFIED
 INFORMATION **** MAXCYCLE **** MAX NUMBER OF SCF CYCLES SET TO         100
 INFORMATION **** EXCHSIZE **** EXCHANGE BIPOLAR BUFFER SIZE SET TO    30000000
 INFORMATION **** BIPOSIZE **** COULOMB BIPOLAR BUFFER SET TO    30000000
 INFORMATION **** GRADCAL **** ANALYTICAL GRADIENT AFTER SCF COMPLETED
 *******************************************************************************
 N. OF ATOMS PER CELL       135  COULOMB OVERLAP TOL         (T1) 10**   -8
 NUMBER OF SHELLS          1053  COULOMB PENETRATION TOL     (T2) 10**   -8
 NUMBER OF AO              2862  EXCHANGE OVERLAP TOL        (T3) 10**   -8
 N. OF ELECTRONS PER CELL  1512  EXCHANGE PSEUDO OVP (F(G))  (T4) 10**   -8
 CORE ELECTRONS PER CELL    648  EXCHANGE PSEUDO OVP (P(G))  (T5) 10**  -16
 N. OF SYMMETRY OPERATORS     1  POLE ORDER IN MONO ZONE                  4
 *******************************************************************************
 TYPE OF CALCULATION :  RESTRICTED CLOSED SHELL
 KOHN-SHAM HAMILTONIAN

 (EXCHANGE)[CORRELATION] FUNCTIONAL:(PERDEW-BURKE-ERNZERHOF)[PERDEW-BURKE-ERNZERHOF]


 HYBRID EXCHANGE - PERCENTAGE OF FOCK EXCHANGE    25.0000
 CORE  PSEUDO POTENTIAL         TOL. ON PSEUDO              (TP) 10**- 6

 CAPPA:IS1  2;IS2  2;IS3  2; K PTS MONK NET   8; SYMMOPS:K SPACE   2;G SPACE   1

 *******************************************************************************
 MAX NUMBER OF SCF CYCLES     100  CONVERGENCE ON DELTAP        10**-16
 WEIGHT OF F(I) IN F(I+1)      80% CONVERGENCE ON ENERGY        10**- 6
 SHRINK. FACT.(MONKH.)    2  2  2  NUMBER OF K POINTS IN THE IBZ      8
 SHRINKING FACTOR(GILAT NET)    2  NUMBER OF K POINTS(GILAT NET)      8
 *******************************************************************************
 *** K POINTS COORDINATES (OBLIQUE COORDINATES IN UNITS OF IS =  2)
   1-R(  0  0  0)   2-R(  1  0  0)   3-R(  0  1  0)   4-R(  1  1  0)
   5-R(  0  0  1)   6-R(  1  0  1)   7-R(  0  1  1)   8-R(  1  1  1)

 DIRECT LATTICE VECTORS COMPON. (A.U.)     RECIP. LATTICE VECTORS COMPON. (A.U.) 
        X            Y            Z              X            Y            Z
   22.5023543    0.0000000    0.0000000      0.2792235    0.0000000    0.0000000
    0.0000000   22.5023543    0.0000000      0.0000000    0.2792235    0.0000000
    0.0000000    0.0000000   23.1960024      0.0000000    0.0000000    0.2708736

 DISK SPACE FOR EIGENVECTORS (FTN 10)    65528352 REALS

 SYMMETRY ADAPTION OF THE BLOCH FUNCTIONS DISABLED
 TTTTTTTTTTTTTTTTTTTTTTTTTTTTTT gordsh1     TELAPSE        1.08 TCPU        0.59

 MATRIX SIZE: P(G) 7084568, F(G) 1250477, P(G) IRR 3550087, F(G) IRR 1254257
 MAX G-VECTOR INDEX FOR 1- AND 2-ELECTRON INTEGRALS  27

 TTTTTTTTTTTTTTTTTTTTTTTTTTTTTT INPUT       TELAPSE        4.10 TCPU        3.61

 NEIGHBORS OF THE NON-EQUIVALENT ATOMS

 N = NUMBER OF NEIGHBORS AT DISTANCE R
    ATOM  N     R/ANG      R/AU   NEIGHBORS (ATOM LABELS AND CELL INDICES)
   1 BA   1     2.7655     5.2260   82 O    0 0 0
   1 BA   1     2.7665     5.2280   30 O    0 0-1
   1 BA   1     2.7861     5.2649   36 O    0-1-1
   1 BA   1     2.7954     5.2825   73 O   -1 0 0
   1 BA   1     2.7979     5.2873   55 O    0 0 0
   1 BA   1     2.8137     5.3171   88 O    0-1 0

   2 BA   1     2.7709     5.2362   89 O    0-1 0
   2 BA   1     2.7765     5.2469   34 O    0-1 0
   2 BA   1     2.8153     5.3202   52 O   -1-1 0
   2 BA   1     2.8280     5.3441   28 O    0 0 0
   2 BA   1     2.8287     5.3455   74 O   -1 0 0
   2 BA   1     2.8300     5.3480   56 O    0 0 0

   3 BA   1     2.7624     5.2201   57 O    0 0 0
   3 BA   1     2.7965     5.2847   53 O   -1-1 0
   3 BA   1     2.8058     5.3023   29 O    0 0 0
   3 BA   1     2.8082     5.3067   90 O    0-1 0
   3 BA   1     2.8144     5.3184   84 O    0 0 0
   3 BA   1     2.8246     5.3378   75 O   -1 0 0

   4 BA   1     2.7456     5.1884   82 O    0 0 0
   4 BA   1     2.7514     5.1994   58 O    0 0 0
   4 BA   1     2.7620     5.2195   85 O    0 0 0
   4 BA   1     2.8083     5.3070   76 O   -1 0 0
   4 BA   1     2.8211     5.3312   48 O   -1 0-1
   4 BA   1     2.8259     5.3403   30 O    0 0-1

   5 BA   1     2.7606     5.2168   49 O   -1 0 0
   5 BA   1     2.7753     5.2446   77 O   -1 0 0
   5 BA   1     2.7917     5.2756   83 O    0 0 0
   5 BA   1     2.7949     5.2816   59 O    0 0 0
   5 BA   1     2.7987     5.2887   86 O    0 0 0
   5 BA   1     2.8080     5.3064   31 O    0 0 0

   6 BA   1     2.7491     5.1950   78 O   -1 0 0
   6 BA   1     2.7516     5.1997   47 O   -1 0 0
   6 BA   1     2.7689     5.2325   50 O   -1 0 0
   6 BA   1     2.7963     5.2842   60 O    0 0 0
   6 BA   1     2.8150     5.3196   84 O    0 0 0
   6 BA   1     2.8217     5.3322   87 O    0 0 0

   7 BA   1     2.7695     5.2337   85 O    0 0 0
   7 BA   1     2.7791     5.2517   33 O    0 0-1
   7 BA   1     2.7938     5.2796   51 O   -1 0-1
   7 BA   1     2.8147     5.3189   79 O   -1 0 0
   7 BA   1     2.8165     5.3224   36 O    0 0-1
   7 BA   1     2.8279     5.3439   54 O   -1 0-1

   8 BA   1     2.7432     5.1839   62 O    0 0 0
   8 BA   1     2.7715     5.2374   80 O   -1 0 0
   8 BA   1     2.7730     5.2402   31 O    0 0 0
   8 BA   1     2.7885     5.2696   49 O   -1 0 0
   8 BA   1     2.7890     5.2704   86 O    0 0 0
   8 BA   1     2.7945     5.2809   34 O    0 0 0

   9 BA   1     2.7476     5.1922   87 O    0 0 0
   9 BA   1     2.7509     5.1984   32 O    0 0 0
   9 BA   1     2.7720     5.2382   81 O   -1 0 0
   9 BA   1     2.7872     5.2671   63 O    0 0 0
   9 BA   1     2.8187     5.3265   35 O    0 0 0
   9 BA   1     2.8370     5.3611   90 O    0 0 0

  10 BA   1     2.7278     5.1549   91 O    0 0 0
  10 BA   1     2.7431     5.1838   39 O    0 0-1
  10 BA   1     2.7557     5.2076   64 O    0 0 0
  10 BA   1     2.7675     5.2297   97 O    0-1 0
  10 BA   1     2.7806     5.2545   30 O    0 0-1
  10 BA   1     2.7834     5.2599   45 O    0-1-1

  11 BA   1     2.7516     5.1998   65 O    0 0 0
  11 BA   1     2.7876     5.2677   56 O    0 0 0
  11 BA   1     2.7936     5.2791   98 O    0-1 0
  11 BA   1     2.8014     5.2938   92 O    0 0 0
  11 BA   1     2.8059     5.3024   43 O    0-1 0
  11 BA   1     2.8257     5.3399   34 O    0-1 0

  12 BA   1     2.7199     5.1399   66 O    0 0 0
  12 BA   1     2.7731     5.2404   44 O    0-1 0
  12 BA   1     2.7779     5.2495   93 O    0 0 0
  12 BA   1     2.7829     5.2589   57 O    0 0 0
  12 BA   1     2.7913     5.2748   29 O    0 0 0
  12 BA   1     2.8048     5.3003   99 O    0-1 0

  13 BA   1     2.7284     5.1560   58 O    0 0 0
  13 BA   1     2.7895     5.2714   67 O    0 0 0
  13 BA   1     2.7924     5.2768   94 O    0 0 0
  13 BA   1     2.7967     5.2850   33 O    0 0-1
  13 BA   1     2.8003     5.2918   91 O    0 0 0
  13 BA   1     2.8128     5.3155   30 O    0 0-1

  14 BA   1     2.7478     5.1925   28 O    0 0 0
  14 BA   1     2.7669     5.2287   92 O    0 0 0
  14 BA   1     2.7875     5.2676   95 O    0 0 0
  14 BA   1     2.8086     5.3074   37 O    0 0 0
  14 BA   1     2.8096     5.3093   68 O    0 0 0
  14 BA   1     2.8211     5.3312   59 O    0 0 0

  15 BA   1     2.7485     5.1939   60 O    0 0 0
  15 BA   1     2.7660     5.2271   96 O    0 0 0
  15 BA   1     2.7867     5.2661   29 O    0 0 0
  15 BA   1     2.8020     5.2950   32 O    0 0 0
  15 BA   1     2.8060     5.3026   69 O    0 0 0
  15 BA   1     2.8268     5.3418   93 O    0 0 0

  16 BA   1     2.7549     5.2060   94 O    0 0 0
  16 BA   1     2.7635     5.2223   45 O    0 0-1
  16 BA   1     2.7779     5.2495   70 O    0 0 0
  16 BA   1     2.7824     5.2579   97 O    0 0 0
  16 BA   1     2.8013     5.2937   61 O    0 0 0
  16 BA   1     2.8072     5.3049   33 O    0 0-1

  17 BA   1     2.7441     5.1856   98 O    0 0 0
  17 BA   1     2.7471     5.1913   71 O    0 0 0
  17 BA   1     2.7895     5.2714   40 O    0 0 0
  17 BA   1     2.7980     5.2874   43 O    0 0 0
  17 BA   1     2.8101     5.3103   34 O    0 0 0
  17 BA   1     2.8207     5.3304   95 O    0 0 0

  18 BA   1     2.7338     5.1662   72 O    0 0 0
  18 BA   1     2.7814     5.2561   96 O    0 0 0
  18 BA   1     2.7885     5.2695   35 O    0 0 0
  18 BA   1     2.7903     5.2728   63 O    0 0 0
  18 BA   1     2.8070     5.3044   99 O    0 0 0
  18 BA   1     2.8258     5.3400   32 O    0 0 0

  19 BA   1     2.7407     5.1792  100 O    0 0 0
  19 BA   1     2.7424     5.1823   64 O    0 0 0
  19 BA   1     2.7494     5.1957  106 O    0-1 0
  19 BA   1     2.7735     5.2411   73 O    0 0 0
  19 BA   1     2.8169     5.3231   54 O    0-1-1
  19 BA   1     2.8193     5.3276   39 O    0 0-1

  20 BA   1     2.7340     5.1664  101 O    0 0 0
  20 BA   1     2.7518     5.2002   37 O    0 0 0
  20 BA   1     2.7559     5.2078   65 O    0 0 0
  20 BA   1     2.7641     5.2234  107 O    0-1 0
  20 BA   1     2.7879     5.2684   43 O    0-1 0
  20 BA   1     2.7957     5.2830   74 O    0 0 0

  21 BA   1     2.7835     5.2601   44 O    0-1 0
  21 BA   1     2.7971     5.2858   53 O    0-1 0
  21 BA   1     2.8028     5.2965   66 O    0 0 0
  21 BA   1     2.8147     5.3190  108 O    0-1 0
  21 BA   1     2.8224     5.3335   38 O    0 0 0
  21 BA   1     2.8237     5.3360  102 O    0 0 0

  22 BA   1     2.7357     5.1698   76 O    0 0 0
  22 BA   1     2.7495     5.1957  100 O    0 0 0
  22 BA   1     2.7721     5.2384   51 O    0 0-1
  22 BA   1     2.7748     5.2436   48 O    0 0-1
  22 BA   1     2.7866     5.2658  103 O    0 0 0
  22 BA   1     2.8224     5.3335   67 O    0 0 0

  23 BA   1     2.7385     5.1750  104 O    0 0 0
  23 BA   1     2.7597     5.2151   77 O    0 0 0
  23 BA   1     2.7748     5.2435   68 O    0 0 0
  23 BA   1     2.7853     5.2635   49 O    0 0 0
  23 BA   1     2.8017     5.2945   46 O    0 0 0
  23 BA   1     2.8170     5.3234  101 O    0 0 0

  24 BA   1     2.7408     5.1794   41 O    0 0 0
  24 BA   1     2.7525     5.2015  105 O    0 0 0
  24 BA   1     2.7730     5.2403   50 O    0 0 0
  24 BA   1     2.7779     5.2494   38 O    0 0 0
  24 BA   1     2.8210     5.3310   47 O    0 0 0
  24 BA   1     2.8241     5.3369   78 O    0 0 0

  25 BA   1     2.7482     5.1934   42 O    0 0-1
  25 BA   1     2.7494     5.1956   51 O    0 0-1
  25 BA   1     2.7666     5.2281   79 O    0 0 0
  25 BA   1     2.8070     5.3045  103 O    0 0 0
  25 BA   1     2.8277     5.3436  106 O    0 0 0
  25 BA   1     2.8310     5.3498   70 O    0 0 0

  26 BA   1     2.7815     5.2562   80 O    0 0 0
  26 BA   1     2.7832     5.2595  104 O    0 0 0
  26 BA   1     2.7952     5.2821   43 O    0 0 0
  26 BA   1     2.7989     5.2891   71 O    0 0 0
  26 BA   1     2.8121     5.3141   40 O    0 0 0
  26 BA   1     2.8233     5.3353   52 O    0 0 0

  27 BA   1     2.7381     5.1743  108 O    0 0 0
  27 BA   1     2.7909     5.2740   81 O    0 0 0
  27 BA   1     2.7929     5.2779   72 O    0 0 0
  27 BA   1     2.8190     5.3271   44 O    0 0 0
  27 BA   1     2.8206     5.3301   53 O    0 0 0
  27 BA   1     2.8263     5.3409  105 O    0 0 0

  28 O    1     1.8450     3.4865  109 TI   0 0 0
  28 O    1     2.2425     4.2376  110 TI   0 0 0
  28 O    1     2.7478     5.1925   14 BA   0 0 0
  28 O    1     2.8130     5.3158   55 O    0 0 0
  28 O    1     2.8261     5.3405    5 BA   0 0 0
  28 O    1     2.8280     5.3441    2 BA   0 0 0

  29 O    1     1.8039     3.4089  110 TI   0 0 0
  29 O    1     2.2644     4.2792  111 TI   0 0 0
  29 O    1     2.7483     5.1935   92 O    0 0 0
  29 O    1     2.7805     5.2544   56 O    0 0 0
  29 O    1     2.7867     5.2661   15 BA   0 0 0
  29 O    1     2.7871     5.2668   59 O    0 0 0

  30 O    1     1.8232     3.4453  111 TI   0 0 0
  30 O    1     2.2997     4.3459  109 TI   0 0 1
  30 O    1     2.7430     5.1836   93 O    0 0 0
  30 O    1     2.7665     5.2280    1 BA   0 0 1
  30 O    1     2.7806     5.2545   10 BA   0 0 1
  30 O    1     2.8026     5.2962   57 O    0 0 0

  31 O    1     1.7722     3.3489  112 TI   0 0 0
  31 O    1     2.2878     4.3232  113 TI   0 0 0
  31 O    1     2.7536     5.2036   61 O    0 0 0
  31 O    1     2.7608     5.2171   85 O    0 0 0
  31 O    1     2.7730     5.2402    8 BA   0 0 0
  31 O    1     2.7922     5.2765   58 O    0 0 0

  32 O    1     1.8050     3.4109  113 TI   0 0 0
  32 O    1     2.3405     4.4229  114 TI   0 0 0
  32 O    1     2.7404     5.1786   86 O    0 0 0
  32 O    1     2.7509     5.1984    9 BA   0 0 0
  32 O    1     2.7636     5.2224   59 O    0 0 0
  32 O    1     2.7882     5.2690   62 O    0 0 0

  33 O    1     1.7750     3.3543  114 TI   0 0 0
  33 O    1     2.2979     4.3425  112 TI   0 0 1
  33 O    1     2.7541     5.2045   96 O    0 0 0
  33 O    1     2.7717     5.2377   63 O    0 0 0
  33 O    1     2.7791     5.2517    7 BA   0 0 1
  33 O    1     2.7967     5.2850   13 BA   0 0 1

  34 O    1     1.7783     3.3605  115 TI   0 0 0
  34 O    1     2.3044     4.3546  116 TI   0 0 0
  34 O    1     2.7359     5.1701   61 O    0 0 0
  34 O    1     2.7407     5.1793   88 O    0 0 0
  34 O    1     2.7633     5.2218   55 O    0 1 0
  34 O    1     2.7765     5.2469    2 BA   0 1 0

  35 O    1     1.7976     3.3971  116 TI   0 0 0
  35 O    1     2.2749     4.2990  117 TI   0 0 0
  35 O    1     2.7510     5.1986   98 O    0 0 0
  35 O    1     2.7547     5.2057   62 O    0 0 0
  35 O    1     2.7885     5.2695   18 BA   0 0 0
  35 O    1     2.7939     5.2797   56 O    0 1 0

  36 O    1     1.8541     3.5037  117 TI   0 0 0
  36 O    1     2.2704     4.2904  115 TI   0 0 1
  36 O    1     2.7643     5.2237   90 O    0 0 0
  36 O    1     2.7715     5.2373   63 O    0 0 0
  36 O    1     2.7861     5.2649    1 BA   0 1 1
  36 O    1     2.8165     5.3224    7 BA   0 0 1

  37 O    1     1.8577     3.5106  118 TI   0 0 0
  37 O    1     2.2410     4.2349  119 TI   0 0 0
  37 O    1     2.7518     5.2002   20 BA   0 0 0
  37 O    1     2.8086     5.3074   14 BA   0 0 0
  37 O    1     2.8310     5.3499  101 O    0 0 0
  37 O    1     2.8343     5.3560   91 O    0 0 0

  38 O    1     1.8295     3.4572  119 TI   0 0 0
  38 O    1     2.2308     4.2157  120 TI   0 0 0
  38 O    1     2.7779     5.2494   24 BA   0 0 0
  38 O    1     2.7837     5.2604  101 O    0 0 0
  38 O    1     2.8125     5.3148   68 O    0 0 0
  38 O    1     2.8137     5.3172   12 BA   0 0 0

  39 O    1     1.8631     3.5207  120 TI   0 0 0
  39 O    1     2.2553     4.2619  118 TI   0 0 1
  39 O    1     2.7431     5.1838   10 BA   0 0 1
  39 O    1     2.7601     5.2159   93 O    0 0 0
  39 O    1     2.7849     5.2628   69 O    0 0 0
  39 O    1     2.8022     5.2954  102 O    0 0 0

  40 O    1     1.7953     3.3925  121 TI   0 0 0
  40 O    1     2.2671     4.2841  122 TI   0 0 0
  40 O    1     2.7659     5.2269   70 O    0 0 0
  40 O    1     2.7689     5.2324   94 O    0 0 0
  40 O    1     2.7895     5.2714   17 BA   0 0 0
  40 O    1     2.8000     5.2913   67 O    0 0 0

  41 O    1     1.8188     3.4371  122 TI   0 0 0
  41 O    1     2.3026     4.3513  123 TI   0 0 0
  41 O    1     2.7408     5.1794   24 BA   0 0 0
  41 O    1     2.7694     5.2335   68 O    0 0 0
  41 O    1     2.8175     5.3242  104 O    0 0 0
  41 O    1     2.8274     5.3430   27 BA   0 0 0

  42 O    1     1.7913     3.3851  123 TI   0 0 0
  42 O    1     2.3033     4.3527  121 TI   0 0 1
  42 O    1     2.7482     5.1934   25 BA   0 0 1
  42 O    1     2.7840     5.2609  105 O    0 0 0
  42 O    1     2.7894     5.2712   72 O    0 0 0
  42 O    1     2.7993     5.2900   69 O    0 0 0

  43 O    1     1.8151     3.4300  124 TI   0 0 0
  43 O    1     2.2648     4.2798  125 TI   0 0 0
  43 O    1     2.7816     5.2565   70 O    0 0 0
  43 O    1     2.7879     5.2684   20 BA   0 1 0
  43 O    1     2.7944     5.2806   64 O    0 1 0
  43 O    1     2.7952     5.2821   26 BA   0 0 0

  44 O    1     1.8254     3.4495  125 TI   0 0 0
  44 O    1     2.2948     4.3366  126 TI   0 0 0
  44 O    1     2.7731     5.2404   12 BA   0 1 0
  44 O    1     2.7835     5.2601   21 BA   0 1 0
  44 O    1     2.8062     5.3029   65 O    0 1 0
  44 O    1     2.8145     5.3187  107 O    0 0 0

  45 O    1     1.7890     3.3806  126 TI   0 0 0
  45 O    1     2.2918     4.3310  124 TI   0 0 1
  45 O    1     2.7423     5.1822   99 O    0 0 0
  45 O    1     2.7635     5.2223   16 BA   0 0 1
  45 O    1     2.7834     5.2599   10 BA   0 1 1
  45 O    1     2.8178     5.3249   66 O    0 1 0

  46 O    1     1.7693     3.3434  127 TI   0 0 0
  46 O    1     2.3069     4.3593  128 TI   0 0 0
  46 O    1     2.7809     5.2552   76 O    0 0 0
  46 O    1     2.7860     5.2647  100 O    0 0 0
  46 O    1     2.7936     5.2791   82 O    1 0 0
  46 O    1     2.8017     5.2945   23 BA   0 0 0

  47 O    1     1.8151     3.4300  128 TI   0 0 0
  47 O    1     2.2956     4.3380  129 TI   0 0 0
  47 O    1     2.7516     5.1997    6 BA   1 0 0
  47 O    1     2.8035     5.2978   74 O    0 0 0
  47 O    1     2.8053     5.3012   77 O    0 0 0
  47 O    1     2.8143     5.3182   83 O    1 0 0

  48 O    1     1.8319     3.4618  129 TI   0 0 0
  48 O    1     2.2609     4.2725  127 TI   0 0 1
  48 O    1     2.7748     5.2436   22 BA   0 0 1
  48 O    1     2.7880     5.2685   84 O    1 0 0
  48 O    1     2.8186     5.3264    1 BA   1 0 1
  48 O    1     2.8196     5.3282   19 BA   0 0 1

  49 O    1     1.8127     3.4255  130 TI   0 0 0
  49 O    1     2.2502     4.2523  131 TI   0 0 0
  49 O    1     2.7606     5.2168    5 BA   1 0 0
  49 O    1     2.7853     5.2635   23 BA   0 0 0
  49 O    1     2.7885     5.2696    8 BA   1 0 0
  49 O    1     2.7925     5.2770   76 O    0 0 0

  50 O    1     1.8044     3.4098  131 TI   0 0 0
  50 O    1     2.2711     4.2917  132 TI   0 0 0
  50 O    1     2.7685     5.2318   86 O    1 0 0
  50 O    1     2.7689     5.2325    6 BA   1 0 0
  50 O    1     2.7730     5.2403   24 BA   0 0 0
  50 O    1     2.7832     5.2595  104 O    0 0 0

  51 O    1     1.8519     3.4995  132 TI   0 0 0
  51 O    1     2.2875     4.3227  130 TI   0 0 1
  51 O    1     2.7494     5.1956   25 BA   0 0 1
  51 O    1     2.7721     5.2384   22 BA   0 0 1
  51 O    1     2.7938     5.2796    7 BA   1 0 1
  51 O    1     2.8182     5.3257  105 O    0 0 0

  52 O    1     1.8393     3.4759  133 TI   0 0 0
  52 O    1     2.3022     4.3505  134 TI   0 0 0
  52 O    1     2.7746     5.2433  106 O    0 0 0
  52 O    1     2.7791     5.2518   73 O    0 1 0
  52 O    1     2.8067     5.3040   88 O    1 0 0
  52 O    1     2.8109     5.3118   20 BA   0 1 0

  53 O    1     1.7679     3.3408  134 TI   0 0 0
  53 O    1     2.2770     4.3029  135 TI   0 0 0
  53 O    1     2.7742     5.2426   89 O    1 0 0
  53 O    1     2.7965     5.2847    3 BA   1 1 0
  53 O    1     2.7971     5.2858   21 BA   0 1 0
  53 O    1     2.7997     5.2906   74 O    0 1 0

  54 O    1     1.8574     3.5101  135 TI   0 0 0
  54 O    1     2.2342     4.2220  133 TI   0 0 1
  54 O    1     2.7747     5.2433   75 O    0 1 0
  54 O    1     2.8169     5.3231   19 BA   0 1 1
  54 O    1     2.8212     5.3313    1 BA   1 1 1
  54 O    1     2.8274     5.3430   90 O    1 0 0

  55 O    1     1.9568     3.6979  109 TI   0 0 0
  55 O    1     1.9602     3.7043  115 TI   0-1 0
  55 O    1     2.7633     5.2218   34 O    0-1 0
  55 O    1     2.7752     5.2443   88 O    0-1 0
  55 O    1     2.7796     5.2527   97 O    0-1 0
  55 O    1     2.7979     5.2873    1 BA   0 0 0

  56 O    1     1.9651     3.7135  116 TI   0-1 0
  56 O    1     1.9685     3.7199  110 TI   0 0 0
  56 O    1     2.7517     5.2000   92 O    0 0 0
  56 O    1     2.7751     5.2442   98 O    0-1 0
  56 O    1     2.7805     5.2544   29 O    0 0 0
  56 O    1     2.7876     5.2677   11 BA   0 0 0

  57 O    1     1.9982     3.7761  111 TI   0 0 0
  57 O    1     2.0006     3.7807  117 TI   0-1 0
  57 O    1     2.7483     5.1936   90 O    0-1 0
  57 O    1     2.7624     5.2201    3 BA   0 0 0
  57 O    1     2.7829     5.2589   12 BA   0 0 0
  57 O    1     2.7852     5.2633   99 O    0-1 0

  58 O    1     1.9327     3.6523  112 TI   0 0 0
  58 O    1     2.0568     3.8868  109 TI   0 0 0
  58 O    1     2.7284     5.1560   13 BA   0 0 0
  58 O    1     2.7514     5.1994    4 BA   0 0 0
  58 O    1     2.7798     5.2530   85 O    0 0 0
  58 O    1     2.7922     5.2765   31 O    0 0 0

  59 O    1     2.0029     3.7849  113 TI   0 0 0
  59 O    1     2.0317     3.8394  110 TI   0 0 0
  59 O    1     2.7591     5.2140   83 O    0 0 0
  59 O    1     2.7636     5.2224   32 O    0 0 0
  59 O    1     2.7646     5.2243   86 O    0 0 0
  59 O    1     2.7871     5.2668   29 O    0 0 0

  60 O    1     1.9814     3.7444  114 TI   0 0 0
  60 O    1     2.0310     3.8381  111 TI   0 0 0
  60 O    1     2.7485     5.1939   15 BA   0 0 0
  60 O    1     2.7717     5.2377   96 O    0 0 0
  60 O    1     2.7963     5.2842    6 BA   0 0 0
  60 O    1     2.8175     5.3244   87 O    0 0 0

  61 O    1     1.9888     3.7584  115 TI   0 0 0
  61 O    1     2.0496     3.8731  112 TI   0 0 0
  61 O    1     2.7359     5.1701   34 O    0 0 0
  61 O    1     2.7536     5.2036   31 O    0 0 0
  61 O    1     2.7979     5.2873   85 O    0 0 0
  61 O    1     2.8013     5.2937   16 BA   0 0 0

  62 O    1     1.9838     3.7488  116 TI   0 0 0
  62 O    1     1.9889     3.7585  113 TI   0 0 0
  62 O    1     2.7432     5.1839    8 BA   0 0 0
  62 O    1     2.7547     5.2057   35 O    0 0 0
  62 O    1     2.7722     5.2388   98 O    0 0 0
  62 O    1     2.7882     5.2690   32 O    0 0 0

  63 O    1     1.9239     3.6356  117 TI   0 0 0
  63 O    1     2.0165     3.8106  114 TI   0 0 0
  63 O    1     2.7696     5.2337   90 O    0 0 0
  63 O    1     2.7715     5.2373   36 O    0 0 0
  63 O    1     2.7717     5.2377   33 O    0 0 0
  63 O    1     2.7872     5.2671    9 BA   0 0 0

  64 O    1     1.9918     3.7640  124 TI   0-1 0
  64 O    1     1.9926     3.7655  118 TI   0 0 0
  64 O    1     2.7424     5.1823   19 BA   0 0 0
  64 O    1     2.7550     5.2062   97 O    0-1 0
  64 O    1     2.7557     5.2076   10 BA   0 0 0
  64 O    1     2.7895     5.2714  106 O    0-1 0

  65 O    1     1.9691     3.7210  119 TI   0 0 0
  65 O    1     2.0400     3.8550  125 TI   0-1 0
  65 O    1     2.7516     5.1998   11 BA   0 0 0
  65 O    1     2.7559     5.2078   20 BA   0 0 0
  65 O    1     2.7828     5.2588  101 O    0 0 0
  65 O    1     2.7953     5.2824   92 O    0 0 0

  66 O    1     1.9821     3.7455  120 TI   0 0 0
  66 O    1     2.0124     3.8029  126 TI   0-1 0
  66 O    1     2.7199     5.1399   12 BA   0 0 0
  66 O    1     2.7790     5.2515   99 O    0-1 0
  66 O    1     2.7899     5.2721  102 O    0 0 0
  66 O    1     2.7941     5.2801   93 O    0 0 0

  67 O    1     1.9835     3.7482  121 TI   0 0 0
  67 O    1     2.0615     3.8956  118 TI   0 0 0
  67 O    1     2.7771     5.2479   94 O    0 0 0
  67 O    1     2.7800     5.2534  103 O    0 0 0
  67 O    1     2.7895     5.2714   13 BA   0 0 0
  67 O    1     2.8000     5.2913   40 O    0 0 0

  68 O    1     1.9862     3.7534  122 TI   0 0 0
  68 O    1     2.0431     3.8609  119 TI   0 0 0
  68 O    1     2.7694     5.2335   41 O    0 0 0
  68 O    1     2.7748     5.2435   23 BA   0 0 0
  68 O    1     2.7875     5.2676  104 O    0 0 0
  68 O    1     2.8013     5.2937   95 O    0 0 0

  69 O    1     1.9711     3.7248  123 TI   0 0 0
  69 O    1     1.9923     3.7649  120 TI   0 0 0
  69 O    1     2.7849     5.2628   39 O    0 0 0
  69 O    1     2.7989     5.2892  105 O    0 0 0
  69 O    1     2.7993     5.2900   42 O    0 0 0
  69 O    1     2.7998     5.2908   93 O    0 0 0

  70 O    1     1.9573     3.6987  124 TI   0 0 0
  70 O    1     1.9639     3.7112  121 TI   0 0 0
  70 O    1     2.7610     5.2175   94 O    0 0 0
  70 O    1     2.7659     5.2269   40 O    0 0 0
  70 O    1     2.7779     5.2495   16 BA   0 0 0
  70 O    1     2.7816     5.2565   43 O    0 0 0

  71 O    1     1.9360     3.6585  125 TI   0 0 0
  71 O    1     1.9857     3.7524  122 TI   0 0 0
  71 O    1     2.7471     5.1913   17 BA   0 0 0
  71 O    1     2.7864     5.2656   98 O    0 0 0
  71 O    1     2.7989     5.2891   26 BA   0 0 0
  71 O    1     2.8222     5.3331  107 O    0 0 0

  72 O    1     1.9960     3.7719  123 TI   0 0 0
  72 O    1     2.0051     3.7890  126 TI   0 0 0
  72 O    1     2.7338     5.1662   18 BA   0 0 0
  72 O    1     2.7894     5.2712   42 O    0 0 0
  72 O    1     2.7929     5.2779   27 BA   0 0 0
  72 O    1     2.7956     5.2829  105 O    0 0 0

  73 O    1     1.9516     3.6880  133 TI   0-1 0
  73 O    1     2.0532     3.8801  127 TI   0 0 0
  73 O    1     2.7549     5.2060   88 O    1-1 0
  73 O    1     2.7639     5.2231  106 O    0-1 0
  73 O    1     2.7735     5.2411   19 BA   0 0 0
  73 O    1     2.7791     5.2518   52 O    0-1 0

  74 O    1     1.9143     3.6175  128 TI   0 0 0
  74 O    1     2.0302     3.8365  134 TI   0-1 0
  74 O    1     2.7824     5.2579  101 O    0 0 0
  74 O    1     2.7957     5.2830   20 BA   0 0 0
  74 O    1     2.7997     5.2906   53 O    0-1 0
  74 O    1     2.8019     5.2949   89 O    1-1 0

  75 O    1     1.9816     3.7447  135 TI   0-1 0
  75 O    1     1.9826     3.7465  129 TI   0 0 0
  75 O    1     2.7747     5.2433   54 O    0-1 0
  75 O    1     2.7787     5.2510   84 O    1 0 0
  75 O    1     2.7822     5.2576   90 O    1-1 0
  75 O    1     2.8226     5.3339  108 O    0-1 0

  76 O    1     1.9779     3.7378  130 TI   0 0 0
  76 O    1     1.9894     3.7595  127 TI   0 0 0
  76 O    1     2.7357     5.1698   22 BA   0 0 0
  76 O    1     2.7375     5.1731  103 O    0 0 0
  76 O    1     2.7808     5.2550  100 O    0 0 0
  76 O    1     2.7809     5.2552   46 O    0 0 0

  77 O    1     1.9773     3.7365  131 TI   0 0 0
  77 O    1     2.0355     3.8465  128 TI   0 0 0
  77 O    1     2.7597     5.2151   23 BA   0 0 0
  77 O    1     2.7753     5.2446    5 BA   1 0 0
  77 O    1     2.7790     5.2516   86 O    1 0 0
  77 O    1     2.7810     5.2554   83 O    1 0 0

  78 O    1     1.9779     3.7377  132 TI   0 0 0
  78 O    1     2.0091     3.7967  129 TI   0 0 0
  78 O    1     2.7477     5.1924   84 O    1 0 0
  78 O    1     2.7491     5.1950    6 BA   1 0 0
  78 O    1     2.7983     5.2880   87 O    1 0 0
  78 O    1     2.8241     5.3369   24 BA   0 0 0

  79 O    1     1.9762     3.7344  130 TI   0 0 0
  79 O    1     2.0125     3.8030  133 TI   0 0 0
  79 O    1     2.7666     5.2281   25 BA   0 0 0
  79 O    1     2.7755     5.2449  106 O    0 0 0
  79 O    1     2.7886     5.2697  103 O    0 0 0
  79 O    1     2.8147     5.3189    7 BA   1 0 0

  80 O    1     1.9838     3.7489  131 TI   0 0 0
  80 O    1     2.0258     3.8282  134 TI   0 0 0
  80 O    1     2.7583     5.2123  104 O    0 0 0
  80 O    1     2.7715     5.2374    8 BA   1 0 0
  80 O    1     2.7815     5.2562   26 BA   0 0 0
  80 O    1     2.8120     5.3139   86 O    1 0 0

  81 O    1     1.9883     3.7574  135 TI   0 0 0
  81 O    1     2.0127     3.8034  132 TI   0 0 0
  81 O    1     2.7447     5.1867   87 O    1 0 0
  81 O    1     2.7720     5.2382    9 BA   1 0 0
  81 O    1     2.7909     5.2740   27 BA   0 0 0
  81 O    1     2.8020     5.2950  108 O    0 0 0

  82 O    1     1.9532     3.6911  127 TI  -1 0 0
  82 O    1     2.0235     3.8238  109 TI   0 0 0
  82 O    1     2.7456     5.1884    4 BA   0 0 0
  82 O    1     2.7655     5.2260    1 BA   0 0 0
  82 O    1     2.7936     5.2791   46 O   -1 0 0
  82 O    1     2.7967     5.2850   73 O   -1 0 0

  83 O    1     1.9628     3.7091  110 TI   0 0 0
  83 O    1     2.0148     3.8073  128 TI  -1 0 0
  83 O    1     2.7591     5.2140   59 O    0 0 0
  83 O    1     2.7810     5.2554   77 O   -1 0 0
  83 O    1     2.7917     5.2756    5 BA   0 0 0
  83 O    1     2.8117     5.3134   74 O   -1 0 0

  84 O    1     1.9649     3.7131  129 TI  -1 0 0
  84 O    1     2.0132     3.8044  111 TI   0 0 0
  84 O    1     2.7477     5.1924   78 O   -1 0 0
  84 O    1     2.7787     5.2510   75 O   -1 0 0
  84 O    1     2.7880     5.2685   48 O   -1 0 0
  84 O    1     2.8124     5.3146   30 O    0 0 0

  85 O    1     1.9461     3.6776  112 TI   0 0 0
  85 O    1     2.0023     3.7839  130 TI  -1 0 0
  85 O    1     2.7608     5.2171   31 O    0 0 0
  85 O    1     2.7620     5.2195    4 BA   0 0 0
  85 O    1     2.7695     5.2337    7 BA   0 0 0
  85 O    1     2.7798     5.2530   58 O    0 0 0

  86 O    1     1.9466     3.6786  131 TI  -1 0 0
  86 O    1     1.9708     3.7243  113 TI   0 0 0
  86 O    1     2.7404     5.1786   32 O    0 0 0
  86 O    1     2.7646     5.2243   59 O    0 0 0
  86 O    1     2.7685     5.2318   50 O   -1 0 0
  86 O    1     2.7790     5.2516   77 O   -1 0 0

  87 O    1     1.9498     3.6847  132 TI  -1 0 0
  87 O    1     2.0490     3.8720  114 TI   0 0 0
  87 O    1     2.7447     5.1867   81 O   -1 0 0
  87 O    1     2.7476     5.1922    9 BA   0 0 0
  87 O    1     2.7983     5.2880   78 O   -1 0 0
  87 O    1     2.8175     5.3244   60 O    0 0 0

  88 O    1     1.9551     3.6945  133 TI  -1 0 0
  88 O    1     2.0170     3.8116  115 TI   0 0 0
  88 O    1     2.7407     5.1793   34 O    0 0 0
  88 O    1     2.7549     5.2060   73 O   -1 1 0
  88 O    1     2.7752     5.2443   55 O    0 1 0
  88 O    1     2.8067     5.3040   52 O   -1 0 0

  89 O    1     1.9732     3.7287  116 TI   0 0 0
  89 O    1     1.9990     3.7776  134 TI  -1 0 0
  89 O    1     2.7709     5.2362    2 BA   0 1 0
  89 O    1     2.7742     5.2426   53 O   -1 0 0
  89 O    1     2.8019     5.2949   74 O   -1 1 0
  89 O    1     2.8025     5.2960   62 O    0 0 0

  90 O    1     1.9426     3.6710  117 TI   0 0 0
  90 O    1     1.9882     3.7571  135 TI  -1 0 0
  90 O    1     2.7483     5.1936   57 O    0 1 0
  90 O    1     2.7643     5.2237   36 O    0 0 0
  90 O    1     2.7696     5.2337   63 O    0 0 0
  90 O    1     2.7822     5.2576   75 O   -1 1 0

  91 O    1     1.9526     3.6899  118 TI   0 0 0
  91 O    1     2.0159     3.8094  109 TI   0 0 0
  91 O    1     2.7278     5.1549   10 BA   0 0 0
  91 O    1     2.8003     5.2918   13 BA   0 0 0
  91 O    1     2.8031     5.2971   64 O    0 0 0
  91 O    1     2.8156     5.3207   67 O    0 0 0

  92 O    1     1.9808     3.7431  110 TI   0 0 0
  92 O    1     2.0591     3.8912  119 TI   0 0 0
  92 O    1     2.7483     5.1935   29 O    0 0 0
  92 O    1     2.7517     5.2000   56 O    0 0 0
  92 O    1     2.7669     5.2287   14 BA   0 0 0
  92 O    1     2.7953     5.2824   65 O    0 0 0

  93 O    1     1.9944     3.7688  111 TI   0 0 0
  93 O    1     1.9967     3.7732  120 TI   0 0 0
  93 O    1     2.7430     5.1836   30 O    0 0 0
  93 O    1     2.7601     5.2159   39 O    0 0 0
  93 O    1     2.7779     5.2495   12 BA   0 0 0
  93 O    1     2.7941     5.2801   66 O    0 0 0

  94 O    1     1.9863     3.7535  121 TI   0 0 0
  94 O    1     2.0248     3.8263  112 TI   0 0 0
  94 O    1     2.7549     5.2060   16 BA   0 0 0
  94 O    1     2.7610     5.2175   70 O    0 0 0
  94 O    1     2.7689     5.2324   40 O    0 0 0
  94 O    1     2.7771     5.2479   67 O    0 0 0

  95 O    1     1.9877     3.7563  113 TI   0 0 0
  95 O    1     2.0479     3.8700  122 TI   0 0 0
  95 O    1     2.7875     5.2676   14 BA   0 0 0
  95 O    1     2.7885     5.2696   59 O    0 0 0
  95 O    1     2.7902     5.2726   32 O    0 0 0
  95 O    1     2.8013     5.2937   68 O    0 0 0

  96 O    1     1.9374     3.6612  114 TI   0 0 0
  96 O    1     2.0208     3.8188  123 TI   0 0 0
  96 O    1     2.7541     5.2045   33 O    0 0 0
  96 O    1     2.7660     5.2271   15 BA   0 0 0
  96 O    1     2.7717     5.2377   60 O    0 0 0
  96 O    1     2.7814     5.2561   18 BA   0 0 0

  97 O    1     1.9653     3.7139  115 TI   0 0 0
  97 O    1     1.9777     3.7374  124 TI   0 0 0
  97 O    1     2.7550     5.2062   64 O    0 1 0
  97 O    1     2.7675     5.2297   10 BA   0 1 0
  97 O    1     2.7796     5.2527   55 O    0 1 0
  97 O    1     2.7824     5.2579   16 BA   0 0 0

  98 O    1     2.0005     3.7805  116 TI   0 0 0
  98 O    1     2.0218     3.8206  125 TI   0 0 0
  98 O    1     2.7441     5.1856   17 BA   0 0 0
  98 O    1     2.7510     5.1986   35 O    0 0 0
  98 O    1     2.7722     5.2388   62 O    0 0 0
  98 O    1     2.7751     5.2442   56 O    0 1 0

  99 O    1     2.0073     3.7933  117 TI   0 0 0
  99 O    1     2.0102     3.7987  126 TI   0 0 0
  99 O    1     2.7423     5.1822   45 O    0 0 0
  99 O    1     2.7790     5.2515   66 O    0 1 0
  99 O    1     2.7852     5.2633   57 O    0 1 0
  99 O    1     2.8048     5.3003   12 BA   0 1 0

 100 O    1     1.9929     3.7660  127 TI   0 0 0
 100 O    1     2.0274     3.8312  118 TI   0 0 0
 100 O    1     2.7407     5.1792   19 BA   0 0 0
 100 O    1     2.7495     5.1957   22 BA   0 0 0
 100 O    1     2.7808     5.2550   76 O    0 0 0
 100 O    1     2.7860     5.2647   46 O    0 0 0

 101 O    1     1.9283     3.6440  119 TI   0 0 0
 101 O    1     2.0107     3.7997  128 TI   0 0 0
 101 O    1     2.7340     5.1664   20 BA   0 0 0
 101 O    1     2.7824     5.2579   74 O    0 0 0
 101 O    1     2.7828     5.2588   65 O    0 0 0
 101 O    1     2.7837     5.2604   38 O    0 0 0

 102 O    1     1.9607     3.7052  120 TI   0 0 0
 102 O    1     2.0016     3.7825  129 TI   0 0 0
 102 O    1     2.7899     5.2721   66 O    0 0 0
 102 O    1     2.8022     5.2954   39 O    0 0 0
 102 O    1     2.8161     5.3217   69 O    0 0 0
 102 O    1     2.8237     5.3360   21 BA   0 0 0

 103 O    1     1.9878     3.7564  121 TI   0 0 0
 103 O    1     2.0127     3.8035  130 TI   0 0 0
 103 O    1     2.7375     5.1731   76 O    0 0 0
 103 O    1     2.7800     5.2534   67 O    0 0 0
 103 O    1     2.7866     5.2658   22 BA   0 0 0
 103 O    1     2.7886     5.2697   79 O    0 0 0

 104 O    1     1.9940     3.7682  122 TI   0 0 0
 104 O    1     2.0007     3.7808  131 TI   0 0 0
 104 O    1     2.7385     5.1750   23 BA   0 0 0
 104 O    1     2.7583     5.2123   80 O    0 0 0
 104 O    1     2.7832     5.2595   26 BA   0 0 0
 104 O    1     2.7832     5.2595   50 O    0 0 0

 105 O    1     1.9792     3.7402  123 TI   0 0 0
 105 O    1     2.0210     3.8192  132 TI   0 0 0
 105 O    1     2.7525     5.2015   24 BA   0 0 0
 105 O    1     2.7840     5.2609   42 O    0 0 0
 105 O    1     2.7956     5.2829   72 O    0 0 0
 105 O    1     2.7989     5.2892   69 O    0 0 0

 106 O    1     1.9928     3.7658  133 TI   0 0 0
 106 O    1     2.0419     3.8586  124 TI   0 0 0
 106 O    1     2.7494     5.1957   19 BA   0 1 0
 106 O    1     2.7639     5.2231   73 O    0 1 0
 106 O    1     2.7746     5.2433   52 O    0 0 0
 106 O    1     2.7755     5.2449   79 O    0 0 0

 107 O    1     1.9831     3.7475  134 TI   0 0 0
 107 O    1     1.9839     3.7491  125 TI   0 0 0
 107 O    1     2.7641     5.2234   20 BA   0 1 0
 107 O    1     2.7970     5.2857   65 O    0 1 0
 107 O    1     2.8106     5.3112   74 O    0 1 0
 107 O    1     2.8145     5.3187   44 O    0 0 0

 108 O    1     1.9814     3.7443  126 TI   0 0 0
 108 O    1     2.0168     3.8112  135 TI   0 0 0
 108 O    1     2.7381     5.1743   27 BA   0 0 0
 108 O    1     2.8020     5.2950   81 O    0 0 0
 108 O    1     2.8147     5.3190   21 BA   0 1 0
 108 O    1     2.8191     5.3273   72 O    0 0 0

 109 TI   1     1.8450     3.4865   28 O    0 0 0
 109 TI   1     1.9568     3.6979   55 O    0 0 0
 109 TI   1     2.0159     3.8094   91 O    0 0 0
 109 TI   1     2.0235     3.8238   82 O    0 0 0
 109 TI   1     2.0568     3.8868   58 O    0 0 0
 109 TI   1     2.2997     4.3459   30 O    0 0-1

 110 TI   1     1.8039     3.4089   29 O    0 0 0
 110 TI   1     1.9628     3.7091   83 O    0 0 0
 110 TI   1     1.9685     3.7199   56 O    0 0 0
 110 TI   1     1.9808     3.7431   92 O    0 0 0
 110 TI   1     2.0317     3.8394   59 O    0 0 0
 110 TI   1     2.2425     4.2376   28 O    0 0 0

 111 TI   1     1.8232     3.4453   30 O    0 0 0
 111 TI   1     1.9944     3.7688   93 O    0 0 0
 111 TI   1     1.9982     3.7761   57 O    0 0 0
 111 TI   1     2.0132     3.8044   84 O    0 0 0
 111 TI   1     2.0310     3.8381   60 O    0 0 0
 111 TI   1     2.2644     4.2792   29 O    0 0 0

 112 TI   1     1.7722     3.3489   31 O    0 0 0
 112 TI   1     1.9327     3.6523   58 O    0 0 0
 112 TI   1     1.9461     3.6776   85 O    0 0 0
 112 TI   1     2.0248     3.8263   94 O    0 0 0
 112 TI   1     2.0496     3.8731   61 O    0 0 0
 112 TI   1     2.2979     4.3425   33 O    0 0-1

 113 TI   1     1.8050     3.4109   32 O    0 0 0
 113 TI   1     1.9708     3.7243   86 O    0 0 0
 113 TI   1     1.9877     3.7563   95 O    0 0 0
 113 TI   1     1.9889     3.7585   62 O    0 0 0
 113 TI   1     2.0029     3.7849   59 O    0 0 0
 113 TI   1     2.2878     4.3232   31 O    0 0 0

 114 TI   1     1.7750     3.3543   33 O    0 0 0
 114 TI   1     1.9374     3.6612   96 O    0 0 0
 114 TI   1     1.9814     3.7444   60 O    0 0 0
 114 TI   1     2.0165     3.8106   63 O    0 0 0
 114 TI   1     2.0490     3.8720   87 O    0 0 0
 114 TI   1     2.3405     4.4229   32 O    0 0 0

 115 TI   1     1.7783     3.3605   34 O    0 0 0
 115 TI   1     1.9602     3.7043   55 O    0 1 0
 115 TI   1     1.9653     3.7139   97 O    0 0 0
 115 TI   1     1.9888     3.7584   61 O    0 0 0
 115 TI   1     2.0170     3.8116   88 O    0 0 0
 115 TI   1     2.2704     4.2904   36 O    0 0-1

 116 TI   1     1.7976     3.3971   35 O    0 0 0
 116 TI   1     1.9651     3.7135   56 O    0 1 0
 116 TI   1     1.9732     3.7287   89 O    0 0 0
 116 TI   1     1.9838     3.7488   62 O    0 0 0
 116 TI   1     2.0005     3.7805   98 O    0 0 0
 116 TI   1     2.3044     4.3546   34 O    0 0 0

 117 TI   1     1.8541     3.5037   36 O    0 0 0
 117 TI   1     1.9239     3.6356   63 O    0 0 0
 117 TI   1     1.9426     3.6710   90 O    0 0 0
 117 TI   1     2.0006     3.7807   57 O    0 1 0
 117 TI   1     2.0073     3.7933   99 O    0 0 0
 117 TI   1     2.2749     4.2990   35 O    0 0 0

 118 TI   1     1.8577     3.5106   37 O    0 0 0
 118 TI   1     1.9526     3.6899   91 O    0 0 0
 118 TI   1     1.9926     3.7655   64 O    0 0 0
 118 TI   1     2.0274     3.8312  100 O    0 0 0
 118 TI   1     2.0615     3.8956   67 O    0 0 0
 118 TI   1     2.2553     4.2619   39 O    0 0-1

 119 TI   1     1.8295     3.4572   38 O    0 0 0
 119 TI   1     1.9283     3.6440  101 O    0 0 0
 119 TI   1     1.9691     3.7210   65 O    0 0 0
 119 TI   1     2.0431     3.8609   68 O    0 0 0
 119 TI   1     2.0591     3.8912   92 O    0 0 0
 119 TI   1     2.2410     4.2349   37 O    0 0 0

 120 TI   1     1.8631     3.5207   39 O    0 0 0
 120 TI   1     1.9607     3.7052  102 O    0 0 0
 120 TI   1     1.9821     3.7455   66 O    0 0 0
 120 TI   1     1.9923     3.7649   69 O    0 0 0
 120 TI   1     1.9967     3.7732   93 O    0 0 0
 120 TI   1     2.2308     4.2157   38 O    0 0 0

 121 TI   1     1.7953     3.3925   40 O    0 0 0
 121 TI   1     1.9639     3.7112   70 O    0 0 0
 121 TI   1     1.9835     3.7482   67 O    0 0 0
 121 TI   1     1.9863     3.7535   94 O    0 0 0
 121 TI   1     1.9878     3.7564  103 O    0 0 0
 121 TI   1     2.3033     4.3527   42 O    0 0-1

 122 TI   1     1.8188     3.4371   41 O    0 0 0
 122 TI   1     1.9857     3.7524   71 O    0 0 0
 122 TI   1     1.9862     3.7534   68 O    0 0 0
 122 TI   1     1.9940     3.7682  104 O    0 0 0
 122 TI   1     2.0479     3.8700   95 O    0 0 0
 122 TI   1     2.2671     4.2841   40 O    0 0 0

 123 TI   1     1.7913     3.3851   42 O    0 0 0
 123 TI   1     1.9711     3.7248   69 O    0 0 0
 123 TI   1     1.9792     3.7402  105 O    0 0 0
 123 TI   1     1.9960     3.7719   72 O    0 0 0
 123 TI   1     2.0208     3.8188   96 O    0 0 0
 123 TI   1     2.3026     4.3513   41 O    0 0 0

 124 TI   1     1.8151     3.4300   43 O    0 0 0
 124 TI   1     1.9573     3.6987   70 O    0 0 0
 124 TI   1     1.9777     3.7374   97 O    0 0 0
 124 TI   1     1.9918     3.7640   64 O    0 1 0
 124 TI   1     2.0419     3.8586  106 O    0 0 0
 124 TI   1     2.2918     4.3310   45 O    0 0-1

 125 TI   1     1.8254     3.4495   44 O    0 0 0
 125 TI   1     1.9360     3.6585   71 O    0 0 0
 125 TI   1     1.9839     3.7491  107 O    0 0 0
 125 TI   1     2.0218     3.8206   98 O    0 0 0
 125 TI   1     2.0400     3.8550   65 O    0 1 0
 125 TI   1     2.2648     4.2798   43 O    0 0 0

 126 TI   1     1.7890     3.3806   45 O    0 0 0
 126 TI   1     1.9814     3.7443  108 O    0 0 0
 126 TI   1     2.0051     3.7890   72 O    0 0 0
 126 TI   1     2.0102     3.7987   99 O    0 0 0
 126 TI   1     2.0124     3.8029   66 O    0 1 0
 126 TI   1     2.2948     4.3366   44 O    0 0 0

 127 TI   1     1.7693     3.3434   46 O    0 0 0
 127 TI   1     1.9532     3.6911   82 O    1 0 0
 127 TI   1     1.9894     3.7595   76 O    0 0 0
 127 TI   1     1.9929     3.7660  100 O    0 0 0
 127 TI   1     2.0532     3.8801   73 O    0 0 0
 127 TI   1     2.2609     4.2725   48 O    0 0-1

 128 TI   1     1.8151     3.4300   47 O    0 0 0
 128 TI   1     1.9143     3.6175   74 O    0 0 0
 128 TI   1     2.0107     3.7997  101 O    0 0 0
 128 TI   1     2.0148     3.8073   83 O    1 0 0
 128 TI   1     2.0355     3.8465   77 O    0 0 0
 128 TI   1     2.3069     4.3593   46 O    0 0 0

 129 TI   1     1.8319     3.4618   48 O    0 0 0
 129 TI   1     1.9649     3.7131   84 O    1 0 0
 129 TI   1     1.9826     3.7465   75 O    0 0 0
 129 TI   1     2.0016     3.7825  102 O    0 0 0
 129 TI   1     2.0091     3.7967   78 O    0 0 0
 129 TI   1     2.2956     4.3380   47 O    0 0 0

 130 TI   1     1.8127     3.4255   49 O    0 0 0
 130 TI   1     1.9762     3.7344   79 O    0 0 0
 130 TI   1     1.9779     3.7378   76 O    0 0 0
 130 TI   1     2.0023     3.7839   85 O    1 0 0
 130 TI   1     2.0127     3.8035  103 O    0 0 0
 130 TI   1     2.2875     4.3227   51 O    0 0-1

 131 TI   1     1.8044     3.4098   50 O    0 0 0
 131 TI   1     1.9466     3.6786   86 O    1 0 0
 131 TI   1     1.9773     3.7365   77 O    0 0 0
 131 TI   1     1.9838     3.7489   80 O    0 0 0
 131 TI   1     2.0007     3.7808  104 O    0 0 0
 131 TI   1     2.2502     4.2523   49 O    0 0 0

 132 TI   1     1.8519     3.4995   51 O    0 0 0
 132 TI   1     1.9498     3.6847   87 O    1 0 0
 132 TI   1     1.9779     3.7377   78 O    0 0 0
 132 TI   1     2.0127     3.8034   81 O    0 0 0
 132 TI   1     2.0210     3.8192  105 O    0 0 0
 132 TI   1     2.2711     4.2917   50 O    0 0 0

 133 TI   1     1.8393     3.4759   52 O    0 0 0
 133 TI   1     1.9516     3.6880   73 O    0 1 0
 133 TI   1     1.9551     3.6945   88 O    1 0 0
 133 TI   1     1.9928     3.7658  106 O    0 0 0
 133 TI   1     2.0125     3.8030   79 O    0 0 0
 133 TI   1     2.2342     4.2220   54 O    0 0-1

 134 TI   1     1.7679     3.3408   53 O    0 0 0
 134 TI   1     1.9831     3.7475  107 O    0 0 0
 134 TI   1     1.9990     3.7776   89 O    1 0 0
 134 TI   1     2.0258     3.8282   80 O    0 0 0
 134 TI   1     2.0302     3.8365   74 O    0 1 0
 134 TI   1     2.3022     4.3505   52 O    0 0 0

 135 TI   1     1.8574     3.5101   54 O    0 0 0
 135 TI   1     1.9816     3.7447   75 O    0 1 0
 135 TI   1     1.9882     3.7571   90 O    1 0 0
 135 TI   1     1.9883     3.7574   81 O    0 0 0
 135 TI   1     2.0168     3.8112  108 O    0 0 0
 135 TI   1     2.2770     4.3029   53 O    0 0 0


 SYMMETRY ALLOWED INTERNAL DEGREE(S) OF FREEDOM: 402
 TTTTTTTTTTTTTTTTTTTTTTTTTTTTTT SYMM        TELAPSE        4.13 TCPU        3.64
 TTTTTTTTTTTTTTTTTTTTTTTTTTTTTT INT_SCREEN  TELAPSE        4.23 TCPU        3.75

 DFT PARAMETERS

     ATOM       ELECTRONS   NET CHARGE   R(ANGSTROM)
   1 256  BA     10.0000      0.0000     2.24000000
  28   8  O       8.0000      0.0000     0.74000000
 109  22  TI     22.0000      0.0000     1.47000000

 SIZE OF GRID=    2838070
 TTTTTTTTTTTTTTTTTTTTTTTTTTTTTT MAKE_GRID2  TELAPSE       44.51 TCPU       44.02
 BECKE WEIGHT FUNCTION
 RADSAFE =     2.00
 TOLERANCES - DENSITY:10**- 6; POTENTIAL:10**- 9; GRID WGT:10**-14

 RADIAL INTEGRATION  - INTERVALS (POINTS,UPPER LIMIT):            1( 75,  4.0*R)

 ANGULAR INTEGRATION - INTERVALS (ACCURACY LEVEL [N. POINTS] UPPER LIMIT):
  1(  4[  86]   0.2)  2(  8[ 194]   0.5)  3( 12[ 350]   0.9)  4( 16[ 974]   3.5)
  5( 12[ 350]9999.0)
 TTTTTTTTTTTTTTTTTTTTTTTTTTTTTT INT_CALC    TELAPSE       44.62 TCPU       44.12
 EEEEEEEEEE INT_CALC TERMINATION  DATE 25 03 2026 TIME 17:17:36.8

 *******************************************************************************
 converted and standardized from ase Atoms() object for Ba27Ti27O81 in space grou
 CRYSTAL - SCF - TYPE OF CALCULATION :  RESTRICTED CLOSED SHELL
 *******************************************************************************

 CAPPA:IS1  2;IS2  2;IS3  2; K PTS MONK NET   8; SYMMOPS:K SPACE   2;G SPACE   1

 TTTTTTTTTTTTTTTTTTTTTTTTTTTTTT SDIK        TELAPSE       47.01 TCPU       46.51

 AAAAAAAAAAAAAAAAAAAAAAAAAAAAAAAAAAAAAAAAAAAAAAAAAAAAAAAAAAAAAAAAAAAAAAAAAAAAAAA
         ATOMIC WAVEFUNCTION(S)


 NUCLEAR CHARGE 10.0  SYMMETRY SPECIES            S    P
 N. ELECTRONS   10.0  NUMBER OF PRIMITIVE GTOS    5    5
                      NUMBER OF CONTRACTED GTOS   3    2
                      NUMBER OF CLOSED SHELLS     2    1
                      OPEN SHELL OCCUPATION       0    0

  ZNUC  SCFIT    TOTAL HF ENERGY   KINETIC ENERGY   VIRIAL THEOREM             ACCURACY
  10.0     4    -2.474305552E+01  8.075374960E+00 -4.064013205E+00  1.0E-06

 NUCLEAR CHARGE  8.0  SYMMETRY SPECIES            S    P
 N. ELECTRONS    8.0  NUMBER OF PRIMITIVE GTOS   10    6
                      NUMBER OF CONTRACTED GTOS   4    3
                      NUMBER OF CLOSED SHELLS     2    0
                      OPEN SHELL OCCUPATION       0    4

  ZNUC  SCFIT    TOTAL HF ENERGY   KINETIC ENERGY   VIRIAL THEOREM             ACCURACY
   8.0    13    -7.480154908E+01  7.478929754E+01 -2.000163814E+00  2.2E-06

 NUCLEAR CHARGE 22.0  SYMMETRY SPECIES            S    P    D
 N. ELECTRONS   22.0  NUMBER OF PRIMITIVE GTOS   17   11    6
                      NUMBER OF CONTRACTED GTOS   6    4    3
                      NUMBER OF CLOSED SHELLS     4    2    0
                      OPEN SHELL OCCUPATION       0    0    2

  ZNUC  SCFIT    TOTAL HF ENERGY   KINETIC ENERGY   VIRIAL THEOREM             ACCURACY
  22.0    51    -8.483283897E+02  8.486954851E+02 -1.999567459E+00  4.0E-06

 AAAAAAAAAAAAAAAAAAAAAAAAAAAAAAAAAAAAAAAAAAAAAAAAAAAAAAAAAAAAAAAAAAAAAAAAAAAAAAA

 CHARGE NORMALIZATION FACTOR   1.00000000
 TOTAL ATOMIC CHARGES:
  10.0000000  10.0000000  10.0000000  10.0000000  10.0000000  10.0000000
  10.0000000  10.0000000  10.0000000  10.0000000  10.0000000  10.0000000
  10.0000000  10.0000000  10.0000000  10.0000000  10.0000000  10.0000000
  10.0000000  10.0000000  10.0000000  10.0000000  10.0000000  10.0000000
  10.0000000  10.0000000  10.0000000   8.0000000   8.0000000   8.0000000
   8.0000000   8.0000000   8.0000000   8.0000000   8.0000000   8.0000000
   8.0000000   8.0000000   8.0000000   8.0000000   8.0000000   8.0000000
   8.0000000   8.0000000   8.0000000   8.0000000   8.0000000   8.0000000
   8.0000000   8.0000000   8.0000000   8.0000000   8.0000000   8.0000000
   8.0000000   8.0000000   8.0000000   8.0000000   8.0000000   8.0000000
   8.0000000   8.0000000   8.0000000   8.0000000   8.0000000   8.0000000
   8.0000000   8.0000000   8.0000000   8.0000000   8.0000000   8.0000000
   8.0000000   8.0000000   8.0000000   8.0000000   8.0000000   8.0000000
   8.0000000   8.0000000   8.0000000   8.0000000   8.0000000   8.0000000
   8.0000000   8.0000000   8.0000000   8.0000000   8.0000000   8.0000000
   8.0000000   8.0000000   8.0000000   8.0000000   8.0000000   8.0000000
   8.0000000   8.0000000   8.0000000   8.0000000   8.0000000   8.0000000
   8.0000000   8.0000000   8.0000000   8.0000000   8.0000000   8.0000000
  22.0000000  22.0000000  22.0000000  22.0000000  22.0000000  22.0000000
  22.0000000  22.0000000  22.0000000  22.0000000  22.0000000  22.0000000
  22.0000000  22.0000000  22.0000000  22.0000000  22.0000000  22.0000000
  22.0000000  22.0000000  22.0000000  22.0000000  22.0000000  22.0000000
  22.0000000  22.0000000  22.0000000
 TTTTTTTTTTTTTTTTTTTTTTTTTTTTTT MOQGAD      TELAPSE       47.11 TCPU       46.61
 TTTTTTTTTTTTTTTTTTTTTTTTTTTTTT SHELLXN     TELAPSE      400.70 TCPU      400.17
 TTTTTTTTTTTTTTTTTTTTTTTTTTTTTT MONMO3      TELAPSE      413.07 TCPU      412.54
 NUMERICALLY INTEGRATED DENSITY   1511.9950804034
 TTTTTTTTTTTTTTTTTTTTTTTTTTTTTT NUMDFT      TELAPSE      430.43 TCPU      429.90
 CYC   0 ETOT(AU) -2.971197164580E+04 DETOT -2.97E+04 tst  0.00E+00 PX  1.00E+00
 TTTTTTTTTTTTTTTTTTTTTTTTTTTTTT DIIS        TELAPSE      430.71 TCPU      430.18
 TTTTTTTTTTTTTTTTTTTTTTTTTTTTTT FDIK        TELAPSE      446.82 TCPU      446.22
 INSULATING STATE
 TOP OF VALENCE BANDS -    BAND    756; K    8; EIG -3.4780256E-01 AU
 TOP OF VALENCE BANDS -    BAND    756; K    1; EIG -3.5261637E-01 AU
 BOTTOM OF VIRTUAL BANDS - BAND    757; K    1; EIG -8.3248441E-02 AU
 INDIRECT ENERGY BAND GAP:   7.1989 eV
 TTTTTTTTTTTTTTTTTTTTTTTTTTTTTT PDIG        TELAPSE      449.39 TCPU      448.79
 CHARGE NORMALIZATION FACTOR   1.00000000
 TOTAL ATOMIC CHARGES:
   8.1686395   8.1592064   8.1549195   8.1632521   8.1584727   8.1700453
   8.1646921   8.1614392   8.1589391   8.1715043   8.1627020   8.1706323
   8.1678137   8.1700571   8.1697647   8.1629709   8.1631483   8.1633005
   8.1695737   8.1692857   8.1580329   8.1707524   8.1685339   8.1667380
   8.1643219   8.1634169   8.1593741   9.4638950   9.4518806   9.4615930
   9.4378209   9.4589618   9.4409042   9.4439725   9.4464915   9.4693908
   9.4679918   9.4552051   9.4727889   9.4482418   9.4593387   9.4482882
   9.4539880   9.4607478   9.4468586   9.4387859   9.4543874   9.4633924
   9.4528911   9.4500562   9.4674729   9.4705015   9.4339913   9.4665082
   9.4727237   9.4720608   9.4840293   9.4746466   9.4849032   9.4795925
   9.4855474   9.4786074   9.4740277   9.4810191   9.4833253   9.4832504
   9.4858613   9.4863828   9.4807062   9.4718601   9.4748594   9.4803512
   9.4817819   9.4729273   9.4805536   9.4782063   9.4861826   9.4830773
   9.4804784   9.4787506   9.4815174   9.4781913   9.4777164   9.4796851
   9.4709312   9.4727737   9.4817459   9.4787633   9.4783712   9.4767118
   9.4810556   9.4888269   9.4817536   9.4850899   9.4837267   9.4728666
   9.4710521   9.4854102   9.4850182   9.4871813   9.4740891   9.4767750
   9.4798281   9.4802772   9.4828236   9.4871174   9.4773294   9.4811527
  19.3583901  19.4453311  19.3997422  19.4535772  19.4383088  19.4283042
  19.4551818  19.4325300  19.4279702  19.3880366  19.4163103  19.4116618
  19.4463838  19.4060483  19.4282150  19.4090161  19.4101239  19.4226905
  19.4459464  19.4071780  19.4020333  19.4165262  19.4489052  19.4104891
  19.4479429  19.4127864  19.3790019
 TTTTTTTTTTTTTTTTTTTTTTTTTTTTTT MOQGAD      TELAPSE      449.45 TCPU      448.85
 TTTTTTTTTTTTTTTTTTTTTTTTTTTTTT SHELLXN     TELAPSE      822.74 TCPU      822.06
 TTTTTTTTTTTTTTTTTTTTTTTTTTTTTT MONMO3      TELAPSE      835.08 TCPU      834.41
 NUMERICALLY INTEGRATED DENSITY   1511.9948096590
 TTTTTTTTTTTTTTTTTTTTTTTTTTTTTT NUMDFT      TELAPSE      852.09 TCPU      851.41
 CYC   1 ETOT(AU) -2.970519279129E+04 DETOT  6.78E+00 tst  0.00E+00 PX  1.00E+00
 TTTTTTTTTTTTTTTTTTTTTTTTTTTTTT DIIS        TELAPSE      856.25 TCPU      855.58
 DIIS TEST: 0.75956E+02 AT SCF   CYCLE   1 - MIX   80 %
 TTTTTTTTTTTTTTTTTTTTTTTTTTTTTT FDIK        TELAPSE      871.98 TCPU      871.26
 INSULATING STATE
 TOP OF VALENCE BANDS -    BAND    756; K    8; EIG -2.5900880E-01 AU
 TOP OF VALENCE BANDS -    BAND    756; K    1; EIG -2.6678431E-01 AU
 BOTTOM OF VIRTUAL BANDS - BAND    757; K    1; EIG -1.0193877E-01 AU
 INDIRECT ENERGY BAND GAP:   4.2741 eV
 TTTTTTTTTTTTTTTTTTTTTTTTTTTTTT PDIG        TELAPSE      874.54 TCPU      873.82
 CHARGE NORMALIZATION FACTOR   1.00000000
 TOTAL ATOMIC CHARGES:
   8.2549501   8.2497454   8.2486194   8.2538813   8.2500492   8.2544730
   8.2537220   8.2508990   8.2507386   8.2558956   8.2534720   8.2564516
   8.2545465   8.2567997   8.2560733   8.2517461   8.2511965   8.2534309
   8.2571660   8.2544422   8.2506507   8.2563877   8.2548469   8.2541304
   8.2546143   8.2520437   8.2518559   9.1885037   9.1944327   9.1975709
   9.1738835   9.1921683   9.1732314   9.1836993   9.1824629   9.2037870
   9.2026805   9.1982155   9.2084195   9.1848009   9.1906832   9.1769857
   9.1890851   9.1927889   9.1785964   9.1713728   9.1847596   9.1930801
   9.1916547   9.1905656   9.2047313   9.2065096   9.1710637   9.1899078
   9.2299518   9.2334847   9.2359232   9.2377846   9.2349035   9.2323998
   9.2348409   9.2379632   9.2344088   9.2357112   9.2367394   9.2354611
   9.2302718   9.2325423   9.2321765   9.2368440   9.2337644   9.2400674
   9.2324764   9.2263968   9.2300329   9.2357706   9.2382975   9.2317697
   9.2377093   9.2345361   9.2367337   9.2365419   9.2333453   9.2313533
   9.2372595   9.2387124   9.2349885   9.2323983   9.2351149   9.2318013
   9.2313238   9.2371161   9.2321786   9.2392843   9.2300369   9.2328310
   9.2349753   9.2362333   9.2351607   9.2375602   9.2317469   9.2302445
   9.2343761   9.2372824   9.2352069   9.2369393   9.2314853   9.2361383
  20.0657075  20.0934192  20.0834606  20.1063237  20.1084714  20.0976726
  20.0953470  20.0901048  20.0820325  20.0790143  20.0842009  20.0713443
  20.1005359  20.0886666  20.0935231  20.0830342  20.0858448  20.0952527
  20.0954311  20.0837942  20.0729583  20.0933381  20.0948937  20.0905483
  20.1000442  20.0794379  20.0665323
 TTTTTTTTTTTTTTTTTTTTTTTTTTTTTT MOQGAD      TELAPSE      874.60 TCPU      873.88
 TTTTTTTTTTTTTTTTTTTTTTTTTTTTTT SHELLXN     TELAPSE     1248.02 TCPU     1247.26
 TTTTTTTTTTTTTTTTTTTTTTTTTTTTTT MONMO3      TELAPSE     1260.43 TCPU     1259.66
 NUMERICALLY INTEGRATED DENSITY   1511.9939981914
 TTTTTTTTTTTTTTTTTTTTTTTTTTTTTT NUMDFT      TELAPSE     1277.33 TCPU     1276.56
 CYC   2 ETOT(AU) -2.971621857001E+04 DETOT -1.10E+01 tst  3.58E-03 PX  6.97E-02
 TTTTTTTTTTTTTTTTTTTTTTTTTTTTTT DIIS        TELAPSE     1281.66 TCPU     1280.89
 DIIS TEST: 0.14268E+02 AT SCF   CYCLE   2 - DIIS ACTIVE - HISTORY:     2 CYCLES
 TTTTTTTTTTTTTTTTTTTTTTTTTTTTTT FDIK        TELAPSE     1297.46 TCPU     1296.68
 INSULATING STATE
 TOP OF VALENCE BANDS -    BAND    756; K    8; EIG -1.5144246E-01 AU
 TOP OF VALENCE BANDS -    BAND    756; K    1; EIG -1.5965804E-01 AU
 BOTTOM OF VIRTUAL BANDS - BAND    757; K    1; EIG -2.3203873E-02 AU
 INDIRECT ENERGY BAND GAP:   3.4896 eV
 TTTTTTTTTTTTTTTTTTTTTTTTTTTTTT PDIG        TELAPSE     1300.01 TCPU     1299.23
 CHARGE NORMALIZATION FACTOR   1.00000000
 TOTAL ATOMIC CHARGES:
   8.3344518   8.3409172   8.3448825   8.3440746   8.3433062   8.3333294
   8.3383366   8.3409179   8.3452504   8.3340889   8.3430865   8.3359556
   8.3375393   8.3356712   8.3383066   8.3407190   8.3382728   8.3432002
   8.3368076   8.3347019   8.3439576   8.3336236   8.3367964   8.3371586
   8.3416745   8.3371801   8.3434854   9.0510843   9.0513705   9.0635368
   9.0517906   9.0685975   9.0592092   9.0475446   9.0539480   9.0454764
   9.0521474   9.0524312   9.0442273   9.0470962   9.0592651   9.0582532
   9.0593262   9.0522736   9.0638050   9.0444729   9.0520971   9.0549895
   9.0646361   9.0518807   9.0613886   9.0448490   9.0476361   9.0480078
   9.0489834   9.0376046   9.0313302   9.0504573   9.0263279   9.0389222
   9.0176669   9.0378083   9.0460941   9.0471849   9.0413175   9.0378907
   9.0234029   9.0330134   9.0359357   9.0484271   9.0458890   9.0374396
   9.0343452   9.0451577   9.0357546   9.0449215   9.0408318   9.0355359
   9.0368393   9.0293328   9.0340552   9.0457514   9.0326543   9.0292762
   9.0507015   9.0488249   9.0399670   9.0270771   9.0389678   9.0378749
   9.0468866   9.0243664   9.0280043   9.0334610   9.0318912   9.0529630
   9.0506062   9.0334552   9.0274044   9.0382884   9.0488323   9.0248050
   9.0456434   9.0384243   9.0368852   9.0232601   9.0439479   9.0372366
  20.5968616  20.5237694  20.5707237  20.4998591  20.5173255  20.5146353
  20.5162243  20.5079373  20.5215441  20.5801916  20.5515378  20.5571948
  20.5101004  20.5360893  20.5005023  20.5514543  20.5428072  20.5037263
  20.5082538  20.5322907  20.5290569  20.5342095  20.5125352  20.5393825
  20.5042664  20.5392127  20.5493485
 TTTTTTTTTTTTTTTTTTTTTTTTTTTTTT MOQGAD      TELAPSE     1300.07 TCPU     1299.29
 TTTTTTTTTTTTTTTTTTTTTTTTTTTTTT SHELLXN     TELAPSE     1673.61 TCPU     1672.75
 TTTTTTTTTTTTTTTTTTTTTTTTTTTTTT MONMO3      TELAPSE     1685.95 TCPU     1685.09
 NUMERICALLY INTEGRATED DENSITY   1511.9934964923
 TTTTTTTTTTTTTTTTTTTTTTTTTTTTTT NUMDFT      TELAPSE     1702.76 TCPU     1701.90
 CYC   3 ETOT(AU) -2.971860849956E+04 DETOT -2.39E+00 tst  2.21E-03 PX  5.95E-02
 TTTTTTTTTTTTTTTTTTTTTTTTTTTTTT DIIS        TELAPSE     1707.15 TCPU     1706.27
 DIIS TEST: 0.20545E+00 AT SCF   CYCLE   3 - DIIS ACTIVE - HISTORY:     3 CYCLES
 TTTTTTTTTTTTTTTTTTTTTTTTTTTTTT FDIK        TELAPSE     1723.24 TCPU     1722.18
 INSULATING STATE
 TOP OF VALENCE BANDS -    BAND    756; K    8; EIG -1.5355446E-01 AU
 TOP OF VALENCE BANDS -    BAND    756; K    1; EIG -1.6194988E-01 AU
 BOTTOM OF VIRTUAL BANDS - BAND    757; K    1; EIG -5.9658751E-03 AU
 INDIRECT ENERGY BAND GAP:   4.0161 eV
 TTTTTTTTTTTTTTTTTTTTTTTTTTTTTT PDIG        TELAPSE     1725.76 TCPU     1724.70
 CHARGE NORMALIZATION FACTOR   1.00000000
 TOTAL ATOMIC CHARGES:
   8.3405346   8.3422446   8.3447970   8.3469992   8.3443469   8.3383303
   8.3444018   8.3433980   8.3453008   8.3397695   8.3453192   8.3408781
   8.3416143   8.3427374   8.3437246   8.3431800   8.3413745   8.3470786
   8.3438719   8.3394035   8.3453316   8.3412523   8.3413523   8.3418596
   8.3473760   8.3418531   8.3463572   9.0093027   9.0306268   9.0148661
   8.9854180   8.9875919   8.9761547   9.0128638   8.9895077   9.0286404
   9.0330078   9.0387994   9.0433838   9.0030529   8.9983344   8.9659733
   9.0092055   9.0145406   8.9659707   8.9751707   8.9891334   9.0077175
   9.0102522   9.0147160   9.0286516   9.0217715   8.9866799   9.0027688
   9.0982514   9.1039327   9.0993454   9.1060305   9.0880842   9.0872816
   9.0981977   9.1070152   9.1065143   9.0975020   9.0965528   9.0944353
   9.0793419   9.0823143   9.0884226   9.1207488   9.1075423   9.1119544
   9.0817401   9.0804981   9.0824542   9.0977992   9.0917185   9.0841026
   9.1094901   9.1073250   9.1085422   9.1075511   9.0983628   9.0943845
   9.1145169   9.1184254   9.0920268   9.0965998   9.1018708   9.0952110
   9.0896634   9.0959293   9.0975914   9.0975812   9.0727568   9.0956770
   9.1064279   9.0945887   9.0923371   9.0988628   9.0964080   9.1022498
   9.0891243   9.1031179   9.0933486   9.0970844   9.0896604   9.0985670
  20.3957130  20.4362348  20.4392016  20.5008536  20.5189651  20.5048512
  20.4424349  20.4703059  20.4251350  20.4249248  20.4237070  20.3766193
  20.4814806  20.4819313  20.5060890  20.4272565  20.4467386  20.5262043
  20.4816238  20.4638981  20.4412617  20.4688735  20.4499290  20.4681691
  20.4847965  20.4405722  20.4163775
 TTTTTTTTTTTTTTTTTTTTTTTTTTTTTT MOQGAD      TELAPSE     1725.82 TCPU     1724.76
 TTTTTTTTTTTTTTTTTTTTTTTTTTTTTT SHELLXN     TELAPSE     2099.76 TCPU     2098.63
 TTTTTTTTTTTTTTTTTTTTTTTTTTTTTT MONMO3      TELAPSE     2112.11 TCPU     2110.98
 NUMERICALLY INTEGRATED DENSITY   1511.9933798855
 TTTTTTTTTTTTTTTTTTTTTTTTTTTTTT NUMDFT      TELAPSE     2128.92 TCPU     2127.79
 CYC   4 ETOT(AU) -2.971858554617E+04 DETOT  2.30E-02 tst  9.25E-05 PX  2.45E-02
 TTTTTTTTTTTTTTTTTTTTTTTTTTTTTT DIIS        TELAPSE     2133.45 TCPU     2132.32
 DIIS TEST: 0.37171E+00 AT SCF   CYCLE   4 - DIIS ACTIVE - HISTORY:     4 CYCLES
 TTTTTTTTTTTTTTTTTTTTTTTTTTTTTT FDIK        TELAPSE     2149.64 TCPU     2148.49
 INSULATING STATE
 TOP OF VALENCE BANDS -    BAND    756; K    8; EIG -1.4681954E-01 AU
 TOP OF VALENCE BANDS -    BAND    756; K    1; EIG -1.5533040E-01 AU
 BOTTOM OF VIRTUAL BANDS - BAND    757; K    1; EIG -7.5923679E-03 AU
 INDIRECT ENERGY BAND GAP:   3.7886 eV
 TTTTTTTTTTTTTTTTTTTTTTTTTTTTTT PDIG        TELAPSE     2152.16 TCPU     2151.01
 CHARGE NORMALIZATION FACTOR   1.00000000
 TOTAL ATOMIC CHARGES:
   8.3378462   8.3397539   8.3430131   8.3438908   8.3413081   8.3353551
   8.3400832   8.3392769   8.3423468   8.3376831   8.3434696   8.3385339
   8.3393334   8.3398936   8.3406910   8.3395686   8.3376975   8.3424023
   8.3411382   8.3368916   8.3432263   8.3379730   8.3387912   8.3393315
   8.3431199   8.3384571   8.3428290   9.0239168   9.0501475   9.0556947
   9.0383121   9.0571898   9.0399777   9.0379661   9.0466469   9.0440186
   9.0454319   9.0503823   9.0460802   9.0412151   9.0436405   9.0441462
   9.0427282   9.0366234   9.0547469   9.0344586   9.0398239   9.0398411
   9.0521179   9.0486466   9.0550174   9.0520296   9.0355577   9.0260583
   9.0758482   9.0780648   9.0677195   9.0882127   9.0651832   9.0715811
   9.0552917   9.0758053   9.0771087   9.0776800   9.0737166   9.0719838
   9.0569115   9.0641660   9.0708327   9.0825934   9.0763434   9.0770199
   9.0701160   9.0715105   9.0660626   9.0797011   9.0736953   9.0668360
   9.0729553   9.0661830   9.0679715   9.0768634   9.0685052   9.0645122
   9.0869955   9.0870819   9.0723770   9.0648736   9.0730329   9.0709996
   9.0718487   9.0622856   9.0630444   9.0731599   9.0622857   9.0827279
   9.0852182   9.0670309   9.0650003   9.0697178   9.0784893   9.0623016
   9.0762228   9.0764835   9.0715547   9.0629149   9.0738944   9.0732355
  20.5199654  20.4703145  20.4926760  20.4557156  20.4667934  20.4619326
  20.4587731  20.4499713  20.4680854  20.5068926  20.4871851  20.4838365
  20.4638394  20.4777524  20.4464216  20.4884407  20.4858153  20.4447919
  20.4490537  20.4710822  20.4676518  20.4789133  20.4575326  20.4846717
  20.4571432  20.4654683  20.4892076
 TTTTTTTTTTTTTTTTTTTTTTTTTTTTTT MOQGAD      TELAPSE     2152.22 TCPU     2151.07
 TTTTTTTTTTTTTTTTTTTTTTTTTTTTTT SHELLXN     TELAPSE     2525.18 TCPU     2523.95
 TTTTTTTTTTTTTTTTTTTTTTTTTTTTTT MONMO3      TELAPSE     2537.53 TCPU     2536.30
 NUMERICALLY INTEGRATED DENSITY   1511.9934050684
 TTTTTTTTTTTTTTTTTTTTTTTTTTTTTT NUMDFT      TELAPSE     2554.18 TCPU     2552.94
 CYC   5 ETOT(AU) -2.971864018214E+04 DETOT -5.46E-02 tst  2.27E-05 PX  1.30E-02
 TTTTTTTTTTTTTTTTTTTTTTTTTTTTTT DIIS        TELAPSE     2558.93 TCPU     2557.70
 DIIS TEST: 0.30365E-01 AT SCF   CYCLE   5 - DIIS ACTIVE - HISTORY:     5 CYCLES
 TTTTTTTTTTTTTTTTTTTTTTTTTTTTTT FDIK        TELAPSE     2575.47 TCPU     2574.22
 INSULATING STATE
 TOP OF VALENCE BANDS -    BAND    756; K    8; EIG -1.4657788E-01 AU
 TOP OF VALENCE BANDS -    BAND    756; K    1; EIG -1.5538812E-01 AU
 BOTTOM OF VIRTUAL BANDS - BAND    757; K    1; EIG -9.3283665E-03 AU
 INDIRECT ENERGY BAND GAP:   3.7348 eV
 TTTTTTTTTTTTTTTTTTTTTTTTTTTTTT PDIG        TELAPSE     2578.00 TCPU     2576.75
 CHARGE NORMALIZATION FACTOR   1.00000000
 TOTAL ATOMIC CHARGES:
   8.3353756   8.3382564   8.3412040   8.3420634   8.3400592   8.3334461
   8.3383484   8.3384236   8.3411824   8.3347563   8.3411724   8.3362922
   8.3369654   8.3373251   8.3385530   8.3382735   8.3364691   8.3414776
   8.3385027   8.3346600   8.3412940   8.3354687   8.3366208   8.3370816
   8.3412868   8.3367189   8.3414307   9.0430976   9.0470165   9.0477372
   9.0307359   9.0406196   9.0299373   9.0393617   9.0311118   9.0453626
   9.0501661   9.0513416   9.0494292   9.0352563   9.0408676   9.0237867
   9.0464831   9.0447336   9.0247214   9.0200098   9.0314811   9.0425014
   9.0482326   9.0415602   9.0537969   9.0406061   9.0260799   9.0379831
   9.0749024   9.0698520   9.0637829   9.0782966   9.0570434   9.0638675
   9.0570516   9.0718796   9.0764704   9.0728705   9.0696325   9.0661503
   9.0519931   9.0582215   9.0622053   9.0831920   9.0764908   9.0732283
   9.0593531   9.0648017   9.0603706   9.0717166   9.0671803   9.0609380
   9.0717566   9.0665643   9.0703052   9.0766801   9.0654538   9.0610296
   9.0822707   9.0822016   9.0667361   9.0614960   9.0697265   9.0666007
   9.0691830   9.0595349   9.0613546   9.0652266   9.0542610   9.0754939
   9.0783813   9.0641980   9.0594308   9.0682722   9.0736064   9.0616876
   9.0690573   9.0698481   9.0648836   9.0592659   9.0679168   9.0675200
  20.4929791  20.4762852  20.5063601  20.4866022  20.5068199  20.4959776
  20.4713823  20.4828973  20.4660631  20.5027458  20.4861476  20.4682612
  20.4834153  20.4998837  20.4921771  20.4824206  20.4860578  20.5080174
  20.4860750  20.4907919  20.4776614  20.4933234  20.4738838  20.4964578
  20.4861587  20.4865511  20.4764446
 TTTTTTTTTTTTTTTTTTTTTTTTTTTTTT MOQGAD      TELAPSE     2578.05 TCPU     2576.81
 TTTTTTTTTTTTTTTTTTTTTTTTTTTTTT SHELLXN     TELAPSE     2950.72 TCPU     2949.32
 TTTTTTTTTTTTTTTTTTTTTTTTTTTTTT MONMO3      TELAPSE     2963.08 TCPU     2961.68
 NUMERICALLY INTEGRATED DENSITY   1511.9934147505
 TTTTTTTTTTTTTTTTTTTTTTTTTTTTTT NUMDFT      TELAPSE     2979.56 TCPU     2978.16
 CYC   6 ETOT(AU) -2.971864476954E+04 DETOT -4.59E-03 tst  1.66E-06 PX  5.01E-03
 TTTTTTTTTTTTTTTTTTTTTTTTTTTTTT DIIS        TELAPSE     2984.29 TCPU     2982.89
 DIIS TEST: 0.49260E-02 AT SCF   CYCLE   6 - DIIS ACTIVE - HISTORY:     6 CYCLES
 TTTTTTTTTTTTTTTTTTTTTTTTTTTTTT FDIK        TELAPSE     3000.30 TCPU     2998.88
 INSULATING STATE
 TOP OF VALENCE BANDS -    BAND    756; K    8; EIG -1.4649993E-01 AU
 TOP OF VALENCE BANDS -    BAND    756; K    1; EIG -1.5524373E-01 AU
 BOTTOM OF VIRTUAL BANDS - BAND    757; K    1; EIG -1.0009359E-02 AU
 INDIRECT ENERGY BAND GAP:   3.7141 eV
 TTTTTTTTTTTTTTTTTTTTTTTTTTTTTT PDIG        TELAPSE     3002.78 TCPU     3001.37
 CHARGE NORMALIZATION FACTOR   1.00000000
 TOTAL ATOMIC CHARGES:
   8.3352851   8.3383081   8.3414795   8.3421559   8.3401804   8.3333489
   8.3383655   8.3384063   8.3415146   8.3347830   8.3412918   8.3360964
   8.3369498   8.3370358   8.3382940   8.3384270   8.3365045   8.3413586
   8.3381911   8.3345495   8.3414439   8.3352485   8.3364834   8.3369849
   8.3412502   8.3366637   8.3414453   9.0260248   9.0441505   9.0463065
   9.0254537   9.0401953   9.0270995   9.0318631   9.0324783   9.0383116
   9.0425551   9.0467457   9.0434045   9.0300487   9.0342296   9.0265060
   9.0363558   9.0330819   9.0335634   9.0199880   9.0286755   9.0336418
   9.0430604   9.0387819   9.0481565   9.0401224   9.0252299   9.0240226
   9.0718986   9.0707395   9.0641123   9.0794652   9.0578723   9.0642987
   9.0546602   9.0712691   9.0739790   9.0720167   9.0683119   9.0660467
   9.0512531   9.0581100   9.0633722   9.0811632   9.0739843   9.0732725
   9.0601814   9.0642186   9.0593704   9.0722135   9.0671453   9.0602790
   9.0705678   9.0652411   9.0675155   9.0742574   9.0641931   9.0604704
   9.0815336   9.0822454   9.0664565   9.0602522   9.0694219   9.0656943
   9.0676215   9.0583655   9.0604973   9.0660677   9.0541210   9.0752217
   9.0785568   9.0628920   9.0596861   9.0668471   9.0725068   9.0601249
   9.0686346   9.0705206   9.0653793   9.0584955   9.0674374   9.0674979
  20.5205495  20.4815494  20.5073705  20.4893352  20.5039104  20.4981221
  20.4792556  20.4788345  20.4807541  20.5136973  20.4949385  20.4836980
  20.4906998  20.5049922  20.4853501  20.5001948  20.5014432  20.4883115
  20.4817914  20.4950711  20.4871156  20.5005765  20.4788346  20.5044352
  20.4841743  20.4879929  20.4973465
 TTTTTTTTTTTTTTTTTTTTTTTTTTTTTT MOQGAD      TELAPSE     3002.84 TCPU     3001.42
 TTTTTTTTTTTTTTTTTTTTTTTTTTTTTT SHELLXN     TELAPSE     3375.25 TCPU     3373.77
 TTTTTTTTTTTTTTTTTTTTTTTTTTTTTT MONMO3      TELAPSE     3387.69 TCPU     3386.21
 NUMERICALLY INTEGRATED DENSITY   1511.9934141250
 TTTTTTTTTTTTTTTTTTTTTTTTTTTTTT NUMDFT      TELAPSE     3404.21 TCPU     3402.73
 CYC   7 ETOT(AU) -2.971864542405E+04 DETOT -6.55E-04 tst  4.90E-07 PX  2.22E-03
 TTTTTTTTTTTTTTTTTTTTTTTTTTTTTT DIIS        TELAPSE     3409.05 TCPU     3407.56
 DIIS TEST: 0.73652E-03 AT SCF   CYCLE   7 - DIIS ACTIVE - HISTORY:     7 CYCLES
 TTTTTTTTTTTTTTTTTTTTTTTTTTTTTT FDIK        TELAPSE     3424.80 TCPU     3423.30
 INSULATING STATE
 TOP OF VALENCE BANDS -    BAND    756; K    8; EIG -1.4606160E-01 AU
 TOP OF VALENCE BANDS -    BAND    756; K    1; EIG -1.5479595E-01 AU
 BOTTOM OF VIRTUAL BANDS - BAND    757; K    1; EIG -9.4376166E-03 AU
 INDIRECT ENERGY BAND GAP:   3.7177 eV
 TTTTTTTTTTTTTTTTTTTTTTTTTTTTTT PDIG        TELAPSE     3427.49 TCPU     3425.99
 CHARGE NORMALIZATION FACTOR   1.00000000
 TOTAL ATOMIC CHARGES:
   8.3362551   8.3394164   8.3425667   8.3431671   8.3412448   8.3343055
   8.3392982   8.3394469   8.3424645   8.3357312   8.3423929   8.3372007
   8.3379295   8.3380958   8.3394021   8.3393459   8.3374518   8.3424012
   8.3392723   8.3355969   8.3425562   8.3362494   8.3375426   8.3380298
   8.3422796   8.3376236   8.3425165   9.0312725   9.0430903   9.0448889
   9.0288076   9.0411726   9.0282682   9.0342598   9.0312542   9.0400596
   9.0436686   9.0460538   9.0433060   9.0330100   9.0366201   9.0255203
   9.0400134   9.0368492   9.0298016   9.0202352   9.0289374   9.0364161
   9.0445110   9.0392372   9.0494229   9.0400166   9.0241100   9.0285219
   9.0726703   9.0706033   9.0627412   9.0799061   9.0575108   9.0641283
   9.0535574   9.0705761   9.0739658   9.0720091   9.0683823   9.0656458
   9.0510545   9.0576992   9.0627676   9.0805382   9.0737494   9.0720822
   9.0605741   9.0644062   9.0599079   9.0720074   9.0669262   9.0603836
   9.0696389   9.0637387   9.0668660   9.0742273   9.0637765   9.0596779
   9.0816582   9.0817745   9.0660183   9.0600693   9.0683053   9.0655777
   9.0672398   9.0578306   9.0592822   9.0657140   9.0544018   9.0756098
   9.0783358   9.0625947   9.0587838   9.0660945   9.0723817   9.0596203
   9.0689014   9.0699344   9.0648881   9.0582800   9.0673864   9.0672066
  20.5108795  20.4852803  20.5120204  20.4849798  20.5021559  20.4936509
  20.4765436  20.4811799  20.4763442  20.5145558  20.4974571  20.4836775
  20.4858704  20.5015555  20.4861579  20.4934234  20.4954782  20.4967022
  20.4830028  20.4935117  20.4834985  20.4981029  20.4779157  20.5023456
  20.4864904  20.4888569  20.4896473
 TTTTTTTTTTTTTTTTTTTTTTTTTTTTTT MOQGAD      TELAPSE     3427.57 TCPU     3426.07
 TTTTTTTTTTTTTTTTTTTTTTTTTTTTTT SHELLXN     TELAPSE     3800.00 TCPU     3798.42
 TTTTTTTTTTTTTTTTTTTTTTTTTTTTTT MONMO3      TELAPSE     3812.48 TCPU     3810.89
 NUMERICALLY INTEGRATED DENSITY   1511.9934106427
 TTTTTTTTTTTTTTTTTTTTTTTTTTTTTT NUMDFT      TELAPSE     3829.31 TCPU     3827.72
 CYC   8 ETOT(AU) -2.971864550704E+04 DETOT -8.30E-05 tst  8.21E-08 PX  1.19E-03
 TTTTTTTTTTTTTTTTTTTTTTTTTTTTTT DIIS        TELAPSE     3834.27 TCPU     3832.68
 DIIS TEST: 0.16284E-03 AT SCF   CYCLE   8 - DIIS ACTIVE - HISTORY:     8 CYCLES
 TTTTTTTTTTTTTTTTTTTTTTTTTTTTTT FDIK        TELAPSE     3850.23 TCPU     3848.63
 INSULATING STATE
 TOP OF VALENCE BANDS -    BAND    756; K    8; EIG -1.4598219E-01 AU
 TOP OF VALENCE BANDS -    BAND    756; K    1; EIG -1.5474531E-01 AU
 BOTTOM OF VIRTUAL BANDS - BAND    757; K    1; EIG -9.4048368E-03 AU
 INDIRECT ENERGY BAND GAP:   3.7165 eV
 TTTTTTTTTTTTTTTTTTTTTTTTTTTTTT PDIG        TELAPSE     3852.79 TCPU     3851.19
 CHARGE NORMALIZATION FACTOR   1.00000000
 TOTAL ATOMIC CHARGES:
   8.3363909   8.3394696   8.3426439   8.3433225   8.3413380   8.3344067
   8.3394540   8.3395395   8.3425937   8.3358584   8.3424614   8.3372421
   8.3380822   8.3382149   8.3394805   8.3395053   8.3375897   8.3425377
   8.3393955   8.3356796   8.3426404   8.3363799   8.3376313   8.3381274
   8.3424264   8.3377631   8.3426452   9.0304911   9.0446421   9.0466659
   9.0274363   9.0407863   9.0280742   9.0339598   9.0320383   9.0402381
   9.0443069   9.0475957   9.0446748   9.0318529   9.0363703   9.0258201
   9.0394845   9.0364926   9.0309800   9.0200410   9.0294658   9.0362398
   9.0445131   9.0396090   9.0496779   9.0401654   9.0253250   9.0279699
   9.0722168   9.0700334   9.0630236   9.0788557   9.0569717   9.0635823
   9.0541550   9.0707754   9.0741111   9.0717283   9.0681583   9.0654814
   9.0507559   9.0573716   9.0624387   9.0808899   9.0740053   9.0724233
   9.0596890   9.0639480   9.0592089   9.0716054   9.0665098   9.0599042
   9.0700085   9.0644562   9.0673254   9.0742006   9.0639109   9.0598509
   9.0812525   9.0815523   9.0659256   9.0599644   9.0685579   9.0653906
   9.0674037   9.0579275   9.0597518   9.0652231   9.0536685   9.0748935
   9.0780549   9.0624448   9.0587737   9.0663098   9.0724457   9.0597266
   9.0683273   9.0696079   9.0645405   9.0579122   9.0670433   9.0669028
  20.5131811  20.4813244  20.5083909  20.4877857  20.5041467  20.4964578
  20.4769218  20.4803693  20.4765453  20.5118711  20.4937548  20.4806796
  20.4881600  20.5032145  20.4870016  20.4951867  20.4968465  20.4946069
  20.4832191  20.4939271  20.4845191  20.4985847  20.4775299  20.5021905
  20.4852290  20.4878600  20.4915632
 TTTTTTTTTTTTTTTTTTTTTTTTTTTTTT MOQGAD      TELAPSE     3852.87 TCPU     3851.27
 TTTTTTTTTTTTTTTTTTTTTTTTTTTTTT SHELLXN     TELAPSE     4225.50 TCPU     4223.82
 TTTTTTTTTTTTTTTTTTTTTTTTTTTTTT MONMO3      TELAPSE     4238.13 TCPU     4236.44
 NUMERICALLY INTEGRATED DENSITY   1511.9934105359
 TTTTTTTTTTTTTTTTTTTTTTTTTTTTTT NUMDFT      TELAPSE     4254.59 TCPU     4252.90
 CYC   9 ETOT(AU) -2.971864552810E+04 DETOT -2.11E-05 tst  1.14E-08 PX  2.85E-04
 TTTTTTTTTTTTTTTTTTTTTTTTTTTTTT DIIS        TELAPSE     4260.35 TCPU     4258.64
 DIIS TEST: 0.17813E-04 AT SCF   CYCLE   9 - DIIS ACTIVE - HISTORY:     9 CYCLES
 TTTTTTTTTTTTTTTTTTTTTTTTTTTTTT FDIK        TELAPSE     4276.27 TCPU     4274.51
 INSULATING STATE
 TOP OF VALENCE BANDS -    BAND    756; K    8; EIG -1.4598368E-01 AU
 TOP OF VALENCE BANDS -    BAND    756; K    1; EIG -1.5473779E-01 AU
 BOTTOM OF VIRTUAL BANDS - BAND    757; K    1; EIG -9.4620144E-03 AU
 INDIRECT ENERGY BAND GAP:   3.7149 eV
 TTTTTTTTTTTTTTTTTTTTTTTTTTTTTT PDIG        TELAPSE     4278.81 TCPU     4277.06
 CHARGE NORMALIZATION FACTOR   1.00000000
 TOTAL ATOMIC CHARGES:
   8.3363726   8.3394493   8.3426159   8.3432804   8.3413002   8.3343934
   8.3394241   8.3395075   8.3425520   8.3358435   8.3424456   8.3372383
   8.3380521   8.3382091   8.3394748   8.3394566   8.3375525   8.3425006
   8.3393820   8.3356681   8.3426093   8.3363658   8.3376182   8.3381148
   8.3423883   8.3377471   8.3426074   9.0309701   9.0440549   9.0458047
   9.0275535   9.0405378   9.0279795   9.0339256   9.0317203   9.0398303
   9.0440975   9.0470687   9.0440616   9.0318989   9.0361060   9.0256599
   9.0393665   9.0362452   9.0307165   9.0201231   9.0291261   9.0359815
   9.0444588   9.0392287   9.0493459   9.0399675   9.0248526   9.0279234
   9.0721963   9.0699445   9.0629624   9.0788447   9.0569954   9.0636138
   9.0540613   9.0705368   9.0738515   9.0716033   9.0679701   9.0653286
   9.0507202   9.0574497   9.0623971   9.0807587   9.0737948   9.0722482
   9.0595676   9.0638976   9.0591855   9.0715016   9.0665162   9.0598647
   9.0698889   9.0643517   9.0672112   9.0741256   9.0636794   9.0596818
   9.0811618   9.0815059   9.0657817   9.0597884   9.0685478   9.0652497
   9.0672533   9.0577403   9.0596081   9.0651871   9.0537113   9.0749065
   9.0779066   9.0624270   9.0587288   9.0662725   9.0721044   9.0595861
   9.0682818   9.0696181   9.0645542   9.0579133   9.0669626   9.0668205
  20.5130427  20.4825170  20.5097288  20.4875234  20.5041187  20.4965621
  20.4773555  20.4807453  20.4772646  20.5128864  20.4950172  20.4818497
  20.4879743  20.5034231  20.4870892  20.4953565  20.4973130  20.4948771
  20.4831734  20.4943696  20.4847621  20.4989072  20.4781115  20.5029168
  20.4855057  20.4888086  20.4916585
 TTTTTTTTTTTTTTTTTTTTTTTTTTTTTT MOQGAD      TELAPSE     4278.89 TCPU     4277.13
 TTTTTTTTTTTTTTTTTTTTTTTTTTTTTT SHELLXN     TELAPSE     4652.82 TCPU     4650.93
 TTTTTTTTTTTTTTTTTTTTTTTTTTTTTT MONMO3      TELAPSE     4665.32 TCPU     4663.43
 NUMERICALLY INTEGRATED DENSITY   1511.9934107748
 TTTTTTTTTTTTTTTTTTTTTTTTTTTTTT NUMDFT      TELAPSE     4682.12 TCPU     4680.23
 CYC  10 ETOT(AU) -2.971864553058E+04 DETOT -2.48E-06 tst  1.34E-09 PX  2.54E-04
 TTTTTTTTTTTTTTTTTTTTTTTTTTTTTT DIIS        TELAPSE     4687.31 TCPU     4685.42
 DIIS TEST: 0.20580E-05 AT SCF   CYCLE  10 - DIIS ACTIVE - HISTORY:    10 CYCLES
 TTTTTTTTTTTTTTTTTTTTTTTTTTTTTT FDIK        TELAPSE     4703.46 TCPU     4701.56
 INSULATING STATE
 TOP OF VALENCE BANDS -    BAND    756; K    8; EIG -1.4599204E-01 AU
 TOP OF VALENCE BANDS -    BAND    756; K    1; EIG -1.5475072E-01 AU
 BOTTOM OF VIRTUAL BANDS - BAND    757; K    1; EIG -9.4728287E-03 AU
 INDIRECT ENERGY BAND GAP:   3.7149 eV
 TTTTTTTTTTTTTTTTTTTTTTTTTTTTTT PDIG        TELAPSE     4705.92 TCPU     4704.02
 CHARGE NORMALIZATION FACTOR   1.00000000
 TOTAL ATOMIC CHARGES:
   8.3363698   8.3394439   8.3426078   8.3432768   8.3412976   8.3343859
   8.3394220   8.3395049   8.3425443   8.3358374   8.3424361   8.3372316
   8.3380467   8.3381978   8.3394659   8.3394575   8.3375488   8.3424959
   8.3393794   8.3356583   8.3426029   8.3363614   8.3376110   8.3381070
   8.3423876   8.3377360   8.3425987   9.0304215   9.0441219   9.0461001
   9.0274877   9.0406487   9.0279850   9.0338151   9.0316924   9.0399950
   9.0439551   9.0470955   9.0441742   9.0318389   9.0362230   9.0256130
   9.0393259   9.0363793   9.0305788   9.0198567   9.0291821   9.0360751
   9.0443019   9.0393300   9.0494546   9.0398611   9.0249503   9.0278904
   9.0721717   9.0699886   9.0628759   9.0789293   9.0569505   9.0635972
   9.0539229   9.0705712   9.0739198   9.0716470   9.0680495   9.0653620
   9.0506855   9.0573388   9.0623712   9.0806941   9.0738057   9.0722123
   9.0596898   9.0639167   9.0592173   9.0715356   9.0664881   9.0598777
   9.0697956   9.0642156   9.0671005   9.0740844   9.0637066   9.0596814
   9.0811897   9.0814829   9.0658110   9.0598159   9.0684207   9.0652697
   9.0672269   9.0577410   9.0595437   9.0651848   9.0536993   9.0749274
   9.0779591   9.0623724   9.0586585   9.0661619   9.0722340   9.0595780
   9.0682959   9.0695642   9.0645038   9.0578627   9.0669968   9.0668216
  20.5134956  20.4825056  20.5095463  20.4876355  20.5041200  20.4963860
  20.4773810  20.4809420  20.4770138  20.5129797  20.4949970  20.4818032
  20.4881555  20.5033181  20.4872253  20.4953598  20.4970868  20.4953705
  20.4836224  20.4942901  20.4847755  20.4989895  20.4780614  20.5027064
  20.4858967  20.4885348  20.4917110
 TTTTTTTTTTTTTTTTTTTTTTTTTTTTTT MOQGAD      TELAPSE     4705.97 TCPU     4704.08
 TTTTTTTTTTTTTTTTTTTTTTTTTTTTTT SHELLXN     TELAPSE     5078.95 TCPU     5076.99
 TTTTTTTTTTTTTTTTTTTTTTTTTTTTTT MONMO3      TELAPSE     5091.48 TCPU     5089.52
 NUMERICALLY INTEGRATED DENSITY   1511.9934107812
 TTTTTTTTTTTTTTTTTTTTTTTTTTTTTT NUMDFT      TELAPSE     5107.76 TCPU     5105.80
 CYC  11 ETOT(AU) -2.971864553045E+04 DETOT  1.33E-07 tst  2.98E-10 PX  1.26E-04
 TTTTTTTTTTTTTTTTTTTTTTTTTTTTTT DIIS        TELAPSE     5113.05 TCPU     5111.08
 DIIS TEST: 0.78698E-06 AT SCF   CYCLE  11 - DIIS ACTIVE - HISTORY:    11 CYCLES
 TTTTTTTTTTTTTTTTTTTTTTTTTTTTTT FDIK        TELAPSE     5129.04 TCPU     5127.05
 INSULATING STATE
 TOP OF VALENCE BANDS -    BAND    756; K    8; EIG -1.4599489E-01 AU
 TOP OF VALENCE BANDS -    BAND    756; K    1; EIG -1.5475192E-01 AU
 BOTTOM OF VIRTUAL BANDS - BAND    757; K    1; EIG -9.4727241E-03 AU
 INDIRECT ENERGY BAND GAP:   3.7150 eV
 TTTTTTTTTTTTTTTTTTTTTTTTTTTTTT PDIG        TELAPSE     5131.61 TCPU     5129.62
 CHARGE NORMALIZATION FACTOR   1.00000000
 TOTAL ATOMIC CHARGES:
   8.3363628   8.3394451   8.3426109   8.3432737   8.3413003   8.3343890
   8.3394205   8.3395092   8.3425507   8.3358318   8.3424352   8.3372314
   8.3380420   8.3381942   8.3394653   8.3394590   8.3375540   8.3424988
   8.3393709   8.3356585   8.3426031   8.3363557   8.3376111   8.3381063
   8.3423850   8.3377383   8.3426006   9.0306263   9.0441246   9.0460175
   9.0275294   9.0406241   9.0279356   9.0338618   9.0317282   9.0399274
   9.0440439   9.0471000   9.0441618   9.0318958   9.0361593   9.0256271
   9.0393693   9.0362769   9.0306784   9.0200100   9.0291510   9.0360103
   9.0443835   9.0393090   9.0493946   9.0399925   9.0248891   9.0278485
   9.0721797   9.0699922   9.0628791   9.0789057   9.0569599   9.0635768
   9.0539584   9.0705837   9.0739106   9.0716337   9.0680340   9.0653622
   9.0506876   9.0573465   9.0623828   9.0807125   9.0738101   9.0722397
   9.0596729   9.0638971   9.0591946   9.0715361   9.0664792   9.0598606
   9.0698328   9.0642401   9.0671321   9.0740892   9.0637246   9.0596838
   9.0811823   9.0814830   9.0658036   9.0598254   9.0684374   9.0652754
   9.0672462   9.0577593   9.0595537   9.0651879   9.0536823   9.0749017
   9.0779553   9.0623652   9.0586744   9.0661835   9.0722332   9.0595742
   9.0682942   9.0695685   9.0645013   9.0578685   9.0669748   9.0668253
  20.5131442  20.4825426  20.5096060  20.4876470  20.5041877  20.4964564
  20.4773262  20.4808655  20.4771385  20.5128509  20.4949563  20.4817987
  20.4881248  20.5034098  20.4871937  20.4953727  20.4972085  20.4951523
  20.4834207  20.4943436  20.4848117  20.4989278  20.4780943  20.5027982
  20.4857470  20.4886156  20.4917252
 TTTTTTTTTTTTTTTTTTTTTTTTTTTTTT MOQGAD      TELAPSE     5131.66 TCPU     5129.68
 TTTTTTTTTTTTTTTTTTTTTTTTTTTTTT SHELLXN     TELAPSE     5504.68 TCPU     5502.66
 +++ ENERGIES IN A.U. +++
 ::: EXT EL-POLE                                  -3.9323077738446E+04
 ::: EXT EL-SPHEROPOLE                             3.7464059055295E+02
 ::: BIELET ZONE E-E                               4.6949075545953E+04
 ::: TOTAL E-E                                     8.0006383980599E+03
 ::: TOTAL E-N + N-E                              -5.9833219344724E+04
 ::: TOTAL N-N                                    -5.6017362037867E+03
 ::: KINETIC ENERGY                                2.9176988403706E+04
 ::: PSEUDO TOTAL   ENERGY                        -2.8257328746745E+04
 ::: VIRIAL COEFFICIENT                            1.0160123720902E+00
 TTTTTTTTTTTTTTTTTTTTTTTTTTTTTT MONMO3      TELAPSE     5517.20 TCPU     5515.18
 NUMERICALLY INTEGRATED DENSITY   1511.9934107769
 EXCHANGE ENERGY: -0.140332924571E+04  CORRELATION ENERGY: -0.579875377836E+02
 TTTTTTTTTTTTTTTTTTTTTTTTTTTTTT NUMDFT      TELAPSE     5533.55 TCPU     5531.54
 CYC  12 ETOT(AU) -2.971864553024E+04 DETOT  2.09E-07 tst  9.70E-11 PX  1.26E-04

 == SCF ENDED - CONVERGENCE ON ENERGY      E(AU) -2.9718645530242E+04 CYCLES  12


 ENERGY EXPRESSION=HARTREE+FOCK EXCH*0.25000+(PBE        EXCH)*0.75000+PBE        CORR


 TOTAL ENERGY(DFT)(AU)( 12) -2.9718645530242E+04 DE 2.1E-07 tester 9.7E-11
 TTTTTTTTTTTTTTTTTTTTTTTTTTTTTT EDFT        TELAPSE     5533.57 TCPU     5531.56

 *******************************************************************************
 *                             FORCE CALCULATION                               *
 *******************************************************************************

 TTTTTTTTTTTTTTTTTTTTTTTTTTTTTT NUMDFG      TELAPSE     5649.03 TCPU     5647.00
 INFORMATION **** EXCPOG **** EXCH. BIPO BUFFER LENGTH (WORDS) =    90735696
 INFORMATION **** GENPOG **** BIPO BUFFER LENGTH (WORDS) =    12715400
 TTTTTTTTTTTTTTTTTTTTTTTTTTTTTT SHELXG      TELAPSE     7306.53 TCPU     7304.40

 CARTESIAN FORCES IN HARTREE/BOHR (ANALYTICAL)
   ATOM                     X                   Y                   Z
   1 256            -6.246653714305E-03 -7.904453717570E-03  1.198308513979E-03
   2 256            -8.926272479018E-03 -1.807684371363E-03  2.887531113556E-03
   3 256            -1.974216111941E-03  1.012774195252E-03  6.539262139000E-03
   4 256            -7.013120504640E-03 -1.264494330536E-03 -8.578374462417E-03
   5 256             1.404242737869E-03 -7.741611554451E-03  9.839650039164E-03
   6 256             7.478511730605E-03 -7.323581847672E-04  1.664982910929E-03
   7 256             3.656605636985E-03  8.218453169802E-03  6.786593890000E-03
   8 256            -2.152274652414E-03  1.163737293284E-02 -6.669026969309E-03
   9 256            -2.121282574272E-03  1.267772147452E-03  8.649559034259E-04
  10 256            -3.617572730614E-03 -6.574260305414E-03 -1.093584817392E-02
  11 256             1.844833794621E-03  5.870953554582E-03  9.755180629397E-03
  12 256            -3.835469497130E-03 -5.482832978259E-03 -3.321799416101E-03
  13 256             1.226732658398E-02 -5.647386835911E-03  4.220340693483E-04
  14 256             5.578207367527E-03  7.125272286274E-03  6.169146120505E-03
  15 256             2.023479881305E-03 -2.395241620514E-03 -9.764207384230E-03
  16 256            -7.205602111718E-03 -2.448696707427E-04 -1.299593630965E-03
  17 256            -8.494128298106E-03 -1.019081759371E-02  1.487215318963E-03
  18 256            -1.967827235332E-03  2.597286318547E-03 -5.257632687795E-03
  19 256             4.958047948924E-03 -3.312363480303E-03 -1.395678519527E-03
  20 256             6.438996537716E-03 -8.636465754721E-03 -8.883751588227E-03
  21 256            -4.279764371828E-03  1.673856244429E-03  1.073421443741E-02
  22 256            -9.105878195791E-03  1.224890919703E-04  2.875448612902E-03
  23 256            -5.120944769351E-03 -5.031870056979E-03 -2.422710089419E-03
  24 256             2.071973480677E-03 -2.563615427350E-03  2.981512733424E-03
  25 256             4.829252288069E-03  5.186604522208E-03  2.530851245277E-03
  26 256             7.690735386416E-03  6.878300832923E-03  2.667199970964E-03
  27 256             6.951951964361E-05 -1.125299868974E-02  5.839930877754E-03
  28   8            -4.390773274418E-03 -4.558851259612E-03 -2.342378583298E-02
  29   8            -7.940359937658E-03 -1.540404092252E-03  1.359663606369E-02
  30   8            -4.135326759397E-03  3.794263596542E-03  5.209832323102E-03
  31   8            -2.943710641023E-03 -4.904312067989E-03  1.652746697113E-02
  32   8             2.415934390461E-03  4.906419789681E-03  6.891927671311E-03
  33   8            -2.363894742285E-03 -4.361681808561E-03  7.220249063623E-03
  34   8             5.407300562801E-03  5.798587913151E-03  1.605347677312E-02
  35   8            -7.264620280309E-03  2.424700687745E-03  7.283978315956E-03
  36   8             3.303452920770E-03  2.369310738091E-03 -9.480658802938E-03
  37   8            -3.653235643550E-03 -3.612186984452E-04 -1.644739537218E-02
  38   8            -1.652367244340E-03 -4.163025334109E-03 -5.653346700463E-05
  39   8             5.004548832105E-03 -1.473886949928E-03 -5.832025231874E-03
  40   8             6.044112388522E-03  1.571925501485E-03  6.255437328226E-03
  41   8            -5.019679681811E-03  6.972380759662E-03 -6.321619994138E-03
  42   8            -4.310636458755E-03  3.823103154624E-04  8.737680005027E-04
  43   8            -5.962870440639E-03 -7.393996890165E-04 -2.518684308067E-03
  44   8             2.706099367010E-03 -8.137406605815E-03 -9.963000572363E-03
  45   8             8.399058191495E-03 -4.017705139988E-03  6.623818451933E-03
  46   8             2.585092823099E-03 -3.711637941289E-03  1.476903832127E-02
  47   8            -4.425459545486E-03 -8.504607371827E-03 -5.986564068750E-03
  48   8            -1.889330741760E-04 -2.136381458058E-04 -1.482168905318E-02
  49   8             2.604062970318E-03  2.267938398358E-03 -4.855965080323E-03
  50   8             8.989259081809E-04  4.786342574328E-03  7.147295948515E-03
  51   8             5.767272326048E-03 -2.469102698285E-03 -1.162413797554E-02
  52   8             4.425650076474E-03 -3.562869035723E-03 -1.079318480527E-03
  53   8            -1.758329809724E-03 -2.572828364521E-03  1.324399816408E-02
  54   8             1.786558345685E-03 -7.620256957155E-03 -2.200184165003E-02
  55   8             1.748428911456E-03  2.020373520640E-02 -1.700473677826E-03
  56   8            -9.727841851190E-03 -1.027510800981E-03 -3.108398582615E-03
  57   8            -2.034837990848E-03  1.412870578094E-02 -6.482917712198E-04
  58   8            -2.783770271438E-03 -1.333083998304E-02  1.985022498542E-03
  59   8             1.051615210517E-03  6.931037730161E-04 -5.241739334940E-03
  60   8            -1.305053251438E-03 -3.438469308029E-03  5.754175700587E-03
  61   8             1.036923414706E-03  1.033424671179E-04 -4.181979147887E-03
  62   8            -2.011718878731E-03 -4.995842332984E-03 -3.175429567608E-03
  63   8             7.544564252328E-04 -1.043450431308E-02 -5.448991548235E-03
  64   8            -7.868798949712E-04  1.137799882199E-02  4.842208513379E-03
  65   8             2.666087868204E-03  6.860469716722E-04  5.823758237025E-03
  66   8             5.046146795266E-03  7.647028073735E-04  4.205294782930E-03
  67   8             8.281227657748E-04 -1.107416096314E-02  3.060673011337E-03
  68   8            -9.026680906473E-04 -3.720418629899E-03  3.232397625390E-04
  69   8             8.886506021230E-05  2.940540276603E-03 -3.800700598469E-03
  70   8             2.429868114482E-03  1.017518932118E-02 -4.993662592235E-03
  71   8             4.230469226488E-03 -3.124398980303E-05  7.117026205559E-03
  72   8             1.160857571810E-04  6.809409517435E-03  3.706270861171E-03
  73   8             3.645692552904E-04  1.263668012816E-02  4.101071679478E-03
  74   8             1.780506645049E-05 -3.863855369323E-03  3.020977427567E-03
  75   8            -3.354050414860E-03  3.568722144665E-03 -5.401353353682E-03
  76   8             1.062916767900E-02 -2.361553023721E-03  2.480813081211E-03
  77   8            -2.604393025591E-03 -3.259684429075E-03  2.656916984832E-03
  78   8            -5.655926480403E-03  4.365471405215E-03  5.245083675052E-03
  79   8             7.932017120377E-03 -8.763230149802E-03  2.051625982982E-03
  80   8             2.955934358655E-03  1.444526655373E-02  8.157904103324E-03
  81   8            -2.267541217641E-03  7.670685839236E-03  7.327926250353E-04
  82   8             1.967103840272E-02  2.705647471332E-03  6.283706610571E-03
  83   8            -7.292280067062E-03 -9.673299359485E-03  1.179589751799E-03
  84   8             1.003902174777E-02 -2.576663188081E-03 -2.224708191047E-03
  85   8            -1.079442619969E-02 -1.904906461741E-03  1.446213207701E-03
  86   8            -1.652022218656E-03  5.355629452162E-03 -7.406563345531E-03
  87   8             2.889724179211E-03 -2.121757618537E-03  2.585821388113E-03
  88   8             5.819918783080E-04 -3.516438347046E-03 -2.226970704304E-03
  89   8            -2.193066227519E-03 -6.347798957981E-04  4.260061024461E-03
  90   8            -1.335646893966E-02 -4.299141962341E-03 -6.757668088641E-03
  91   8            -1.229434891321E-02  2.603800023734E-04  6.017379735447E-03
  92   8             8.368904460071E-03  2.843134997430E-03  1.017229259983E-03
  93   8            -6.084287406954E-03  2.442979014792E-03 -8.125450302928E-03
  94   8            -4.958184908500E-03 -1.725201994678E-03 -1.747663782563E-03
  95   8             5.717234634123E-03  7.900018415645E-03  2.728076317731E-03
  96   8             1.059346889196E-03  3.165928155334E-03 -6.437125819319E-04
  97   8             5.645575881083E-03 -3.659906790306E-03  4.487414008193E-03
  98   8             9.691273792900E-03  2.359340864142E-03 -2.439173317139E-03
  99   8             1.355246035853E-03 -5.170945066650E-03 -4.412166313845E-03
 100   8            -8.427924864056E-03 -2.858690209871E-03  5.564505007958E-03
 101   8             9.181690412083E-03  1.817096243314E-03  4.216557244937E-03
 102   8             6.875861519538E-03  8.160449693252E-04 -3.391952722873E-03
 103   8             3.234139429701E-04  7.197280249220E-03  3.391172039006E-03
 104   8            -1.178179872334E-02  3.763247691756E-03  2.372102633026E-03
 105   8             3.432380671440E-03  2.144287064123E-03  2.013307125563E-03
 106   8            -1.768895094942E-02 -5.490254324764E-03 -8.091537194892E-04
 107   8             3.394870266290E-03 -3.911726146109E-03  7.863542644073E-03
 108   8             1.167787260619E-03  1.923696216261E-03  2.864821254396E-03
 109  22             1.235726630798E-03  3.990837374149E-03  9.692579529614E-03
 110  22             1.594652775131E-02  1.783161205820E-02 -4.543312290715E-03
 111  22             7.145242213573E-03 -3.150657484848E-03  3.344479824662E-03
 112  22             1.669761850961E-02  2.289095396979E-02 -9.080368410288E-03
 113  22             1.858760244482E-02 -1.463270323260E-02  8.041534990268E-03
 114  22            -5.158389931863E-03 -5.675127711638E-03 -1.590840196948E-02
 115  22            -1.700002484988E-02 -2.891530583158E-02 -1.885799179499E-02
 116  22             1.517945627570E-02 -7.714144997721E-03 -1.734979727305E-03
 117  22             1.365460724949E-02  1.053273891509E-02  2.099165835256E-02
 118  22             1.218905853400E-02  1.537865141377E-02  2.528595736560E-03
 119  22            -1.819632567483E-02  6.648540275858E-03 -6.348207047348E-03
 120  22            -2.693341758127E-03  9.069645502076E-04  1.982353429770E-02
 121  22            -8.717230505133E-03 -2.301476379122E-02 -7.230015414255E-03
 122  22            -7.909557514926E-03 -2.210793576812E-02 -1.818352125923E-03
 123  22             1.127394354443E-02  8.878165122529E-04 -7.214427497962E-03
 124  22             2.002494576449E-02  9.479041096816E-03 -2.014856378116E-03
 125  22            -1.207869150791E-02  1.344619239807E-02  2.491249054055E-03
 126  22            -1.084683309447E-02  5.113436825373E-03 -1.288330314249E-02
 127  22            -1.419031735636E-02 -9.902594031774E-03 -2.100623520247E-02
 128  22             9.012826412073E-03  1.659547207076E-02 -1.005042533018E-03
 129  22             3.861729583965E-03  5.804791326319E-03  5.025768311831E-03
 130  22            -1.379035273371E-02  3.975015542270E-03 -1.063665560927E-02
 131  22            -1.121869374700E-02 -3.451198072657E-03 -4.194338636263E-03
 132  22            -8.772510089139E-04 -2.085299360672E-03  8.133183117017E-03
 133  22            -7.614358310192E-03  8.652432624763E-03  8.592086977892E-03
 134  22             6.157278508686E-03 -9.051564790437E-03 -3.752027787843E-02
 135  22            -5.597276863185E-03  2.978352112037E-03  2.366284522349E-02

 RESULTANT FORCE     1.366830260086E-12 -5.745466602480E-12  8.502573645153E-12

 SYMMETRY ALLOWED FORCES (ANALYTICAL) (DIRECTION, FORCE)

    1 -6.2699188E-03    2 -7.9338931E-03    3  1.2027715E-03    4 -9.0065588E-03
    5 -1.8736773E-03    6  2.9073423E-03    7 -2.0961936E-03    8  9.4330355E-04
    9  6.5948221E-03   10 -7.1702347E-03   11 -1.3354668E-03   12 -8.5302543E-03
   13  1.2244959E-03   14 -7.8476819E-03   15  9.8931062E-03   16  7.3317188E-03
   17 -8.7191410E-04   18  1.7632113E-03   19  3.5519694E-03   20  8.1070079E-03
   21  6.9185113E-03   22 -2.2518766E-03   23  1.1602947E-02   24 -6.5357169E-03
   25 -2.2385634E-03   26  1.2840026E-03   27  9.7643709E-04   28 -3.7586643E-03
   29 -6.5791042E-03   30 -1.0863696E-02   31  1.6955333E-03   32  5.8633461E-03
   33  9.8233372E-03   34 -3.9940847E-03   35 -5.4890233E-03   36 -3.2271512E-03
   37  1.2141966E-02   38 -5.6990593E-03   39  5.0564998E-04   40  5.5251987E-03
   41  7.0793642E-03   42  6.2806234E-03   43  2.0015436E-03   44 -2.4219853E-03
   45 -9.6668591E-03   46 -7.2494853E-03   47 -2.8286512E-04   48 -1.2476498E-03
   49 -8.6046380E-03   50 -1.0273255E-02   51  1.5404139E-03   52 -2.1237384E-03
   53  2.4819490E-03   54 -5.2200868E-03   55  4.8136958E-03   56 -3.4318140E-03
   57 -1.3863304E-03   58  6.3427472E-03   59 -8.8087277E-03   60 -8.9188930E-03
   61 -4.3675270E-03   62  1.4697827E-03   63  1.0707033E-02   64 -9.2534294E-03
   65 -7.5483931E-05   66  2.9079075E-03   67 -5.3330000E-03   68 -5.2534735E-03
   69 -2.3880025E-03   70  1.8444156E-03   71 -2.8212428E-03   72  3.0190916E-03
   73  4.6308910E-03   74  4.9385936E-03   75  2.5937089E-03   76  7.5477624E-03
   77  6.6831345E-03   78  2.7543690E-03   79 -3.9089505E-05   80 -1.1470316E-02
   81  5.9671411E-03   82 -4.5205399E-03   83 -4.8516629E-03   84 -2.3377494E-02
   85 -8.1292780E-03   86 -1.8645678E-03   87  1.3597630E-02   88 -4.3832250E-03
   89  3.4777689E-03   90  5.2998744E-03   91 -3.2278394E-03   92 -5.2292460E-03
   93  1.6722508E-02   94  2.1265729E-03   95  4.5784705E-03   96  7.2018814E-03
   97 -2.6558820E-03   98 -4.6902831E-03   99  7.6020722E-03  100  5.1275228E-03
  101  5.4739503E-03  102  1.6553820E-02  103 -7.5565786E-03  104  2.1377041E-03
  105  7.9053019E-03  106  2.9887872E-03  107  2.1035201E-03  108 -8.8643401E-03
  109 -3.9729608E-03  110 -6.1954917E-04  111 -1.5956527E-02  112 -2.0025545E-03
  113 -4.4472570E-03  114  3.5494665E-04  115  4.6681908E-03  116 -1.7902358E-03
  117 -5.4468696E-03  118  5.7620943E-03  119  1.2528189E-03  120  6.6470078E-03
  121 -5.2994158E-03  122  6.6951817E-03  123 -5.9264311E-03  124 -4.6432506E-03
  125  1.4138372E-04  126  1.2441523E-03  127 -6.3546386E-03  128 -9.8487754E-04
  129 -2.1532368E-03  130  2.2923811E-03  131 -8.4341858E-03  132 -9.6618775E-03
  133  8.0422111E-03  134 -4.3848586E-03  135  6.9100717E-03  136  2.2855341E-03
  137 -4.1260711E-03  138  1.5178133E-02  139 -4.7389123E-03  140 -8.9928201E-03
  141 -5.5235557E-03  142 -5.3226835E-04  143 -7.5711618E-04  144 -1.4472441E-02
  145  2.2707655E-03  146  1.7300934E-03  147 -4.6162609E-03  148  5.8218713E-04
  149  4.2835041E-03  150  7.4034079E-03  151  5.4863161E-03  152 -2.9643065E-03
  153 -1.1391813E-02  154  4.2023427E-03  155 -4.1001440E-03  156 -9.2009424E-04
  157 -1.9682908E-03  158 -3.1537853E-03  159  1.3479142E-02  160  1.5742606E-03
  161 -8.2709735E-03  162 -2.1818203E-02  163  1.5554504E-03  164  1.9623630E-02
  165 -1.6613894E-03  166 -9.9736604E-03  167 -1.4947210E-03  168 -3.0990960E-03
  169 -2.3585576E-03  170  1.3739300E-02  171 -6.6275004E-04  172 -3.1427717E-03
  173 -1.3720691E-02  174  1.9790565E-03  175  6.7668043E-04  176  2.1585088E-04
  177 -5.2692233E-03  178 -1.6866841E-03  179 -3.9403157E-03  180  5.7299610E-03
  181  6.4842258E-04  182 -4.2754562E-04  183 -4.1961890E-03  184 -2.4122073E-03
  185 -5.5673548E-03  186 -3.2398624E-03  187  3.3983790E-04  188 -1.1120450E-02
  189 -5.5738484E-03  190 -1.2075617E-03  191  1.0689587E-02  192  4.7116118E-03
  193  2.2528532E-03  194  7.3167984E-05  195  5.7669824E-03  196  4.6825137E-03
  197  1.5344457E-04  198  4.2198156E-03  199  5.0194950E-04  200 -1.1769912E-02
  201  3.1284146E-03  202 -1.2342732E-03  203 -4.5358726E-03  204  4.1697784E-04
  205 -2.5381819E-04  206  2.1071460E-03  207 -3.7318163E-03  208  2.1012485E-03
  209  9.4294058E-03  210 -4.9908975E-03  211  3.9484418E-03  212 -7.1025516E-04
  213  7.1366564E-03  214 -1.3628298E-04  215  6.1732897E-03  216  3.8113334E-03
  217  1.1201574E-04  218  1.2146145E-02  219  4.2702905E-03  220 -2.3575771E-04
  221 -4.2915794E-03  222  3.2508192E-03  223 -3.6394930E-03  224  3.1317403E-03
  225 -5.1876714E-03  226  1.0400557E-02  227 -2.7959423E-03  228  2.6738185E-03
  229 -2.7687986E-03  230 -3.7495804E-03  231  2.8971436E-03  232 -5.8951401E-03
  233  3.8769569E-03  234  5.5583037E-03  235  7.7092407E-03  236 -9.2998225E-03
  237  2.4348439E-03  238  2.8270410E-03  239  1.3951132E-02  240  8.6402582E-03
  241 -2.3927016E-03  242  7.3701172E-03  243  1.3052611E-03  244  1.9707151E-02
  245  2.4962288E-03  246  6.9326970E-03  247 -7.1387871E-03  248 -9.9536280E-03
  249  1.9117990E-03  250  1.0222974E-02  251 -2.9810471E-03  252 -1.4885866E-03
  253 -1.0615322E-02  254 -2.3616425E-03  255  2.1893825E-03  256 -1.5945718E-03
  257  4.9248916E-03  258 -6.7090379E-03  259  2.9613593E-03  260 -2.5284286E-03
  261  3.2485524E-03  262  6.9155715E-04  263 -3.9911041E-03  264 -1.5467720E-03
  265 -2.0986286E-03  266 -1.1641317E-03  267  4.9771241E-03  268 -1.3431517E-02
  269 -4.8945736E-03  270 -6.0529512E-03  271 -1.2659265E-02  272 -3.9353413E-04
  273  6.7304137E-03  274  7.9518227E-03  275  2.2100324E-03  276  1.8271985E-03
  277 -6.4852914E-03  278  1.8571485E-03  279 -7.3806835E-03  280 -5.5018332E-03
  281 -2.3168008E-03  282 -1.1034609E-03  283  5.1703371E-03  284  7.3707786E-03
  285  3.4006305E-03  286  5.8402616E-04  287  2.7630106E-03  288  7.1992696E-05
  289  5.2453804E-03  290 -4.0802763E-03  291  5.2720659E-03  292  9.4852868E-03
  293  1.9109438E-03  294 -1.6068868E-03  295  1.2941929E-03  296 -5.6708488E-03
  297 -3.6511272E-03  298 -8.5912900E-03  299 -3.4855678E-03  300  6.3641955E-03
  301  9.0263391E-03  302  1.1574300E-03  303  5.1810762E-03  304  6.9553362E-03
  305  1.7588226E-04  306 -2.3871609E-03  307  5.1535450E-04  308  6.6614703E-03
  309  4.4276666E-03  310 -1.1767189E-02  311  3.3840175E-03  312  3.5328868E-03
  313  3.3125696E-03  314  1.8492761E-03  315  3.2840234E-03  316 -1.8057514E-02
  317 -5.8530747E-03  318  5.2466616E-04  319  2.7657120E-03  320 -4.4520390E-03
  321  9.3692884E-03  322  5.9836573E-04  323  1.3285194E-03  324  4.6196518E-03
  325  6.9018703E-04  326  3.4851885E-03  327  1.1751862E-02  328  1.5719396E-02
  329  1.7736790E-02  330 -2.3049251E-03  331  7.3784914E-03  332 -2.9539026E-03
  333  5.6514020E-03  334  1.7450436E-02  335  2.3522054E-02  336 -6.8000859E-03
  337  2.0158847E-02  338 -1.3799007E-02  339  1.0404255E-02  340 -3.2078341E-03
  341 -5.2727898E-03  342 -1.3625112E-02  343 -1.5498470E-02  344 -2.9344245E-02
  345 -1.7312568E-02  346  1.6721678E-02  347 -9.0981116E-03  348 -6.3312223E-04
  349  1.6059563E-02  350  9.1566395E-03  351  2.2682032E-02  352  1.5469944E-02
  353  1.4666695E-02  354  4.9808432E-03  355 -1.4912183E-02  356  6.5575864E-03
  357 -3.8670168E-03  358  1.3618135E-04  359  1.0512099E-03  360  2.2913304E-02
  361 -6.0897332E-03  362 -2.3637551E-02  363 -3.5077316E-03  364 -5.7032610E-03
  365 -2.4449742E-02  366  1.8480403E-03  367  1.3806595E-02  368 -2.4740024E-03
  369 -3.6203017E-03  370  2.4149475E-02  371  6.2837173E-03  372  1.4950921E-03
  373 -7.2161545E-03  374  1.1044251E-02  375  6.3638346E-03  376 -6.6792661E-03
  377  3.4263831E-03  378 -9.1707172E-03  379 -1.1013947E-02  380 -1.2096093E-02
  381 -1.8868844E-02  382  1.2316562E-02  383  1.4611944E-02  384 -1.3083672E-05
  385  8.6581202E-03  386  5.2171521E-03  387  6.4989125E-03  388 -9.0924614E-03
  389  4.1685987E-03  390 -9.4677088E-03  391 -8.2607433E-03  392 -3.1972894E-03
  393 -4.3927985E-03  394  1.2766957E-03  395 -2.5504789E-03  396  8.5635176E-03
  397 -6.4457172E-03  398  9.5440603E-03  399  1.2672683E-02  400  8.3117258E-03
  401 -8.5064358E-03  402 -4.3263001E-02
 TTTTTTTTTTTTTTTTTTTTTTTTTTTTTT TOTGRA      TELAPSE     7336.99 TCPU     7334.86
 EIGENVECTORS IN FORTRAN UNIT  8
 TTTTTTTTTTTTTTTTTTTTTTTTTTTTTT END         TELAPSE     7341.15 TCPU     7338.89
 EEEEEEEEEE TERMINATION  DATE 25 03 2026 TIME 19:19:13.3
NODE    0 CPU TIME =      7338.887
NODE    1 CPU TIME =      7337.964
NODE    2 CPU TIME =      7339.440
NODE    3 CPU TIME =      7339.406
NODE    4 CPU TIME =      7339.149
NODE    5 CPU TIME =      7339.551
NODE    6 CPU TIME =      7339.459
NODE    7 CPU TIME =      7339.199
NODE    8 CPU TIME =      7339.220
NODE    9 CPU TIME =      7339.402
NODE   10 CPU TIME =      7339.262
NODE   11 CPU TIME =      7339.393
NODE   12 CPU TIME =      7339.395
NODE   13 CPU TIME =      7335.996
NODE   14 CPU TIME =      7338.530
NODE   15 CPU TIME =      7339.815
NODE   16 CPU TIME =      7338.659
NODE   17 CPU TIME =      7339.145
NODE   18 CPU TIME =      7339.341
NODE   19 CPU TIME =      7338.890
NODE   20 CPU TIME =      7339.354
NODE   21 CPU TIME =      7339.146
NODE   22 CPU TIME =      7339.454
NODE   23 CPU TIME =      7339.414
NODE   24 CPU TIME =      7339.223
NODE   25 CPU TIME =      7338.162
NODE   26 CPU TIME =      7337.849
NODE   27 CPU TIME =      7338.530
NODE   28 CPU TIME =      7339.296
NODE   29 CPU TIME =      7339.490
NODE   30 CPU TIME =      7337.829
NODE   31 CPU TIME =      7338.332
    TOTAL CPU TIME =    234846.183
------------------------------------------------------
Pcrystal finished normally
------------------------------------------------------
SCF wavefunction fort.9 saved as /users/zeitzsab/tetra_script_walkthrough/oldPyro_tetra/rdm/rdm_disp14.w
Date: 2026-03-25 19:19:13