Date: 2026-03-25 17:13:27
Running on: nid002369
Temporary directory: /scratch/project_462000878/zeitzsab/rdm_disp6_166208
Executable: /project/project_462000878/jchem/crystal/23-1.0.1-gnu/install/bin/Pcrystal
Output: /users/zeitzsab/tetra_script_walkthrough/oldPyro_tetra/rdm/rdm_disp6.out
Input data rdm_disp6.d12
converted and standardized from ase Atoms() object for Ba27Ti27O81 in space group 1
EXTERNAL
ENDGEOM 
256 6 
INPUT 
10. 0 2 2 2 1 0 
9.526986 427.845816 0 
4.487510 204.417530 0 
8.315930 293.605864 0 
4.292217 294.193316 0 
5.916108 112.550402 0 
2.874842 181.782621 0 
3.589465 -33.473174 0 
0 0 3 2.0 1.0 
2.3961900000 -5.9554766710 
2.2433050000 6.6805648241 
0.71740200000 -0.57055347037 
0 0 1 2.0 1.0 
0.27420073547 1.0000000000 
0 1 1 0.0 1.0 
0.13 1.0 1.0 
0 2 4 6.0 1.0 
2.9267420000 0.79815276764 
2.5207180000 -1.0707548832 
0.67578180854 0.34940781448 
0.31985844531 0.65041110673 
0 3 2 0.0 1.0 
0.966315 -0.908938 
0.893828 0.947240 
0 3 1 0.0 1.0 
0.273195 0.322057 
22 12 
0 0 8 2.0 1.0 
211575.69025 .23318151011E-03 
31714.945058 .18079690851E-02 
7217.5476543 .93984311352E-02 
2042.9394247 .38156853618E-01 
665.12896208 .12374757197 
238.74942264 .29208551143 
92.508691001 .41226800855 
36.403919209 .21090534061 
0 0 4 2.0 1.0 
232.72624607 -.24920140738E-01 
71.791209711 -.11746490087 
11.158534615 .56503342318 
4.6548135416 .56211101812 
0 0 2 2.0 1.0 
6.8034629174 -.23011425503 
1.1201076403 .72103186735 
0 0 1 2.0 1.0 
0.48080118839 1.0000000000 
0 0 1 0.0 1.0 
0.24 1.0 
0 1 1 0.0 1.0 
0.12 1.0 1.0 
0 2 6 6.0 1.0 
1063.1474732 .24690839320E-02 
251.56507061 .19773345523E-01 
80.408554854 .90987976672E-01 
29.768193269 .25559900413 
11.736830556 .40489386764 
4.7142375230 .23693402558 
0 2 3 6.0 1.0 
17.796803704 -.27878639615E-01 
2.4272698680 .55672914668 
0.96823445537 1.0055447350 
0 2 1 0.0 1.0 
0.37056694165 1.0000000000 
0 3 4 2.0 1.0 
37.713384723 .11513835092E-01 
10.692931184 .67246343996E-01 
3.6728446990 .21484207775 
1.3588590303 .38890892779 
0 3 1 0.0 1.0 
0.54 1.0 
0 3 1 0.0 1.0 
0.22 1.0 
8 7 
0 0 6 2.0 1.0 
27032.382631 0.21726302465E-03 
4052.3871392 0.16838662199E-02 
922.32722710 0.87395616265E-02 
261.24070989 0.35239968808E-01 
85.354641351 0.11153519115 
31.035035245 0.25588953961 
0 0 2 2.0 1.0 
12.271113873 0.39768730901 
4.9159842006 0.24627849430 
0 0 1 0.0 1.0 
0.90086482370 1.0000000000 
0 1 1 0.0 1.0 
0.25000000000 1.0 1.0 
0 2 4 4.0 1.0 
75.300554155 0.60685103418E-02 
17.743733858 0.41912575824E-01 
5.5355828651 0.16153841088 
2.0685535103 0.35706951311 
0 2 1 0.0 1.0 
0.78238772422 1.0000000000 
0 3 1 0.0 1.0 
1.2000000000 1.0000000000 
99 0 
ENDBAS 
DFT 
PBE0 
ENDDFT 
SHRINK 
0 2 
2 2 2 
TOLINTEG 
8 8 8 8 16 
MAXCYCLE 
100 
FMIXING 
80 
EXCHSIZE 
30000000 
BIPOSIZE 
30000000 
GRADCAL 
ENDEXTERNAL geometry rdm_disp6.ext is available as /scratch/project_462000878/zeitzsab/rdm_disp6_166208/fort.34
 PROCESS           24  OF           32  WORKING
 PROCESS           20  OF           32  WORKING
 PROCESS           15  OF           32  WORKING
 PROCESS           19  OF           32  WORKING
 PROCESS           14  OF           32  WORKING
 PROCESS            3  OF           32  WORKING
 PROCESS            2  OF           32  WORKING
 PROCESS           10  OF           32  WORKING
 PROCESS           30  OF           32  WORKING
 PROCESS            1  OF           32  WORKING
 PROCESS            5  OF           32  WORKING
 PROCESS           25  OF           32  WORKING
 PROCESS           26  OF           32  WORKING
 PROCESS           17  OF           32  WORKING
 PROCESS           18  OF           32  WORKING
 PROCESS           16  OF           32  WORKING
 PROCESS            6  OF           32  WORKING
 PROCESS           23  OF           32  WORKING
 PROCESS            0  OF           32  WORKING
 PROCESS            8  OF           32  WORKING
 PROCESS            9  OF           32  WORKING
 PROCESS           13  OF           32  WORKING
 PROCESS           31  OF           32  WORKING
 PROCESS           22  OF           32  WORKING
 PROCESS           28  OF           32  WORKING
 PROCESS            7  OF           32  WORKING
 PROCESS           11  OF           32  WORKING
 PROCESS           12  OF           32  WORKING
 PROCESS            4  OF           32  WORKING
 PROCESS           21  OF           32  WORKING
 PROCESS           27  OF           32  WORKING
 PROCESS           29  OF           32  WORKING

         
 *******************************************************************************
 *                                                                             *
 *                               CRYSTAL23                                     *
 *                      public : 1.0.1 - October 2022                          *
 *                       HTTP://WWW.CRYSTAL.UNITO.IT                           *
 *                                                                             *
 *                              MAIN AUTHORS                                   *
 *                                                                             *
 *  R. DOVESI(1,11), V.R. SAUNDERS(2), C. ROETTI(1,11), R. ORLANDO(1,11),      *
 *  C.M. ZICOVICH-WILSON(1,3), F. PASCALE(4), B. CIVALLERI(1,11),              *
 *  K. DOLL(5), N.M. HARRISON(6), I.J. BUSH(7), Ph. D'ARCO(8),                 *
 *  M. LLUNELL(9), M. CAUSA'(10), Y. NOEL(8), L. MASCHIO(1,11), A. ERBA(1,11)  *
 *  M. RE'RAT(14), S. CASASSA(1,11), B.G. SEARLE(2), J.K. DESMARAIS(1)         *
 *                                                                             *
 *        CONTRIBUTIONS TO THE CODE HAVE ALSO BEEN GIVEN BY                    *
 *                                                                             *
 *  M. FERRABONE(1,11), M. DE LA PIERRE(1,11), M. FERRERO(1,11),               *
 *  J. BAIMA(1,11), E. ALBANESE(1,11), M.F. PEINTINGER(12), R. BAST(13),       *
 *  B. KIRTMAN(15), V. LACIVITA(1,11), R. DEMICHELIS(1,16)                     *
 *  G. BRANDEBURG(17), S. SALUSTRO(1,11), G. SANSONE(1,11)                     *
 *  M.T. RUGGIERO(18), L.E. DAGA(1), L. DONA'(1), A. COSSARD(1)                *
 *                                                                             *
 * (1) THEORETICAL CHEMISTRY GROUP - UNIVERSITA' DI TORINO - TORINO (ITALY)    *
 * (2) SCIENTIFIC COMPUTING DEPARTMENT - STFC DARESBURY (UK)                   *
 * (3) UNIVERSIDAD AUTONOMA DEL ESTADO DE MORELOS - CUERNAVACA (MEXICO)        *
 * (4) UNIVERSITE' DE LORRAINE - NANCY (FRANCE)                                *
 * (5) UNIVERSITAET STUTTGART- STUTTGART (GERMANY)                             *
 * (6) IMPERIAL COLLEGE - LONDON (UK)                                          *
 * (7) SCIENTIFIC COMPUTING DEPARTMENT - STFC RAL (UK)                         *
 * (8) UPMC - SORBONNE UNIVERSITES - PARIS (FRANCE)                            *
 * (9) UNIVERSIDAD DE BARCELONA - BARCELONA (SPAIN)                            *
 *(10) UNIVERSITA' DI NAPOLI "FEDERICO II" - NAPOLI (ITALY)                    *
 *(11) NIS - NANOSTRUCTURED INTERFACES AND SURFACES - TORINO (ITALY)           *
 *(12) MPI FUER CHEMISCHE ENERGIEKONVERSION - MUELHEIM AN DER RUHR (GERMANY)   *
 *(13) UNIVERSITY OF TROMSO - TROMSO (NORWAY)                                  *
 *(14) UNIVERSITE' DE PAU ET DES PAYS DE L'ADOUR - PAU (FRANCE)                *
 *(15) UNIVERSITY OF CALIFORNIA SANTA BARBARA - SANTA BARBARA (USA)            *
 *(16) CURTIN UNIVERSITY - PERTH (AUSTRALIA)                                   *
 *(17) UNIVERSITY COLLEGE LONDON - LONDON (UK)                                 *
 *(18) UNIVERSITY OF VERMONT - BURLINGTON (USA)                                *
 *                                                                             *
 *******************************************************************************
 EEEEEEEEEE STARTING  DATE 25 03 2026 TIME 17:13:29.9
 converted and standardized from ase Atoms() object for Ba27Ti27O81 in space grou
 filename=fort.34                        0           0

 GEOMETRY INPUT FROM EXTERNAL FILE (FORTRAN UNIT 34)
 3D - CRYSTAL 

 *******************************************************************************
 LATTICE PARAMETERS  (ANGSTROMS AND DEGREES) - PRIMITIVE CELL
       A          B          C        ALPHA      BETA     GAMMA        VOLUME
   11.90773   11.90773   12.27480    90.00000  90.00000  90.00000   1740.493702
 INFORMATION **** CHKGRP **** SPGR WITH NO INVERSION

 NUMBER OF IRREDUCIBLE ATOMS IN THE CELL:  135

 CARTESIAN COORDINATES (ANGSTROM) - IRREDUCIBLE ATOMS AND SYMMETRY RELATED

 AT.IRR.  AT  AT.N.          X                   Y                   Z
     1     1   256    2.271629469977E-02  2.276017916493E-03  5.903116516319E-02
     2     2   256    3.820903976006E-02 -1.056616077561E-02  4.112453271505E+00
     3     3   256    1.598798063158E-02 -1.282368037650E-02  8.243733652246E+00
     4     4   256    3.071342258444E-02  3.993553448490E+00  1.807738378729E-02
     5     5   256    1.008037085302E-02  4.005163861462E+00  4.132213095655E+00
     6     6   256    2.176773133938E-02  3.945265188761E+00  8.185906512618E+00
     7     7   256    6.058301870592E-03  7.912625230298E+00  5.609238280542E-02
     8     8   256    3.007695910854E-02  7.912341242697E+00  4.114366204506E+00
     9     9   256   -4.198293720600E-03  7.899348418426E+00  8.216483620343E+00
    10    10   256    3.930929723172E+00  1.070460785438E-03  3.762491473823E-02
    11    11   256    3.955532871606E+00 -7.278587380100E-03  4.080919976151E+00
    12    12   256    3.988382155737E+00  1.506107949121E-02  8.177651613000E+00
    13    13   256    3.934398721239E+00  3.981806776983E+00  4.128482648885E-02
    14    14   256    3.973069309802E+00  4.008847703622E+00  4.121901147892E+00
    15    15   256    3.954306284197E+00  3.956474356853E+00  8.174544064440E+00
    16    16   256    3.978746210356E+00  7.976563299621E+00  3.393474789880E-02
    17    17   256    3.940107203698E+00  7.954647853271E+00  4.095650954945E+00
    18    18   256    4.005544018371E+00  7.941922231926E+00  8.225831681241E+00
    19    19   256    7.911261141920E+00 -1.656073904964E-02  2.011823019983E-03
    20    20   256    7.953448743237E+00 -7.731080959031E-03  4.081502225103E+00
    21    21   256    7.948750416794E+00  3.987201064865E-03  8.247838591891E+00
    22    22   256    7.941012560382E+00  3.947957869358E+00  5.995775559337E-02
    23    23   256    7.923392908675E+00  3.943476784609E+00  4.144395912530E+00
    24    24   256    7.938781641680E+00  3.999291215229E+00  8.182980778236E+00
    25    25   256    7.901670259722E+00  7.939167322351E+00  4.180487141554E-02
    26    26   256    7.917014042703E+00  7.959614249876E+00  4.144101180263E+00
    27    27   256    7.969711196504E+00  7.913874442941E+00  8.213775931642E+00
    28    28     8    2.019073426368E+00  1.984714891988E+00  3.980951456433E+00
    29    29     8    1.985439876951E+00  2.006414037000E+00  8.085757890616E+00
    30    30     8    1.961173467123E+00  1.998619721678E+00  1.211459657045E+01
    31    31     8    2.022178345604E+00  5.942122127860E+00  3.967810064529E+00
    32    32     8    1.957033800997E+00  5.981154871184E+00  8.042518029225E+00
    33    33     8    2.010002629831E+00  5.980675513158E+00  1.212842533063E+01
    34    34     8    1.970336377361E+00  9.944276932649E+00  3.991414740672E+00
    35    35     8    1.971160692154E+00  9.956440563321E+00  8.069772788373E+00
    36    36     8    1.975405795968E+00  9.885996054979E+00  1.215555183575E+01
    37    37     8    5.988833764713E+00  2.002536722623E+00  3.953119123780E+00
    38    38     8    5.916731803561E+00  1.997869264502E+00  8.045477752778E+00
    39    39     8    5.969701109455E+00  1.948618042040E+00  1.215110166430E+01
    40    40     8    5.933937766322E+00  5.957772424395E+00  3.926165122466E+00
    41    41     8    5.951513592882E+00  5.957447289944E+00  8.012455267954E+00
    42    42     8    5.940245589989E+00  5.922993420778E+00  1.212234533118E+01
    43    43     8    5.966787788722E+00  9.917025868254E+00  3.997989794688E+00
    44    44     8    5.961130347724E+00  9.930192100159E+00  8.013532841085E+00
    45    45     8    5.977423819463E+00  9.893195039786E+00  1.213157233375E+01
    46    46     8    9.897039963396E+00  1.965772187509E+00  3.936857104342E+00
    47    47     8    9.940210204428E+00  2.012233144152E+00  8.075575660192E+00
    48    48     8    9.906433714081E+00  1.958162634050E+00  1.216875894480E+01
    49    49     8    9.910505886651E+00  5.917261509709E+00  3.950567347720E+00
    50    50     8    9.939272256506E+00  5.981625658362E+00  8.076062919459E+00
    51    51     8    9.899562645710E+00  5.946898110459E+00  1.217539780198E+01
    52    52     8    9.957703883882E+00  9.942485958001E+00  3.965911403002E+00
    53    53     8    9.930583496726E+00  9.908944763179E+00  8.088878657981E+00
    54    54     8    9.909115978114E+00  9.907327671784E+00  1.217780951051E+01
    55    55     8    2.022166519246E+00  1.379353386894E-02  1.986176345955E+00
    56    56     8    1.984498749970E+00 -3.375577842178E-02  6.098834162271E+00
    57    57     8    2.020596225383E+00  1.681712883755E-02  1.016417151154E+01
    58    58     8    2.012149338954E+00  3.940557738460E+00  1.990172543308E+00
    59    59     8    2.007291451266E+00  3.937299069219E+00  6.085473713305E+00
    60    60     8    1.953393694557E+00  3.973739757180E+00  1.014438467575E+01
    61    61     8    1.997293504508E+00  7.901522016556E+00  1.994313799160E+00
    62    62     8    1.973897522535E+00  7.947230903086E+00  6.114904878809E+00
    63    63     8    1.995694719562E+00  7.956734218310E+00  1.013514229157E+01
    64    64     8    5.955208136734E+00  3.997697040867E-02  1.985980279821E+00
    65    65     8    5.957097045486E+00 -1.691379526535E-02  6.041270308478E+00
    66    66     8    5.934043470269E+00  3.286782463320E-02  1.015771430260E+01
    67    67     8    5.958165612483E+00  3.962073387570E+00  2.024891979161E+00
    68    68     8    5.974827978109E+00  3.947924312413E+00  6.103946191757E+00
    69    69     8    5.920598668002E+00  3.951883507277E+00  1.018282377127E+01
    70    70     8    5.928864645207E+00  7.907396069914E+00  1.988631132750E+00
    71    71     8    5.982149370652E+00  7.920420392119E+00  6.099136889453E+00
    72    72     8    5.989948791051E+00  7.954713300230E+00  1.017487464857E+01
    73    73     8    9.961692065029E+00 -1.958239953030E-03  1.996151341144E+00
    74    74     8    9.888763815293E+00  8.662758243997E-03  6.058793618160E+00
    75    75     8    9.962506255894E+00 -4.694524442866E-03  1.017406837455E+01
    76    76     8    9.948759923630E+00  3.976012241918E+00  2.015714184836E+00
    77    77     8    9.945126929202E+00  3.992112287199E+00  6.053035890473E+00
    78    78     8    9.935120845176E+00  4.003173980348E+00  1.015152165113E+01
    79    79     8    9.897685981876E+00  7.919684145648E+00  1.961281395251E+00
    80    80     8    9.948864234705E+00  7.958380448182E+00  6.100635335485E+00
    81    81     8    9.909903601023E+00  7.919112335672E+00  1.013656712527E+01
    82    82     8    3.648599520419E-02  1.968296060131E+00  1.984282187485E+00
    83    83     8   -2.383634623424E-02  1.985672634145E+00  6.045269240287E+00
    84    84     8   -2.867462535055E-02  1.981756727485E+00  1.014123189290E+01
    85    85     8   -2.230231128782E-02  5.949529640094E+00  1.952854455899E+00
    86    86     8   -2.276019940814E-02  5.923160063419E+00  6.089167644207E+00
    87    87     8   -3.508056880065E-02  5.939719776818E+00  1.015596416643E+01
    88    88     8   -2.833109570630E-03  9.958348499304E+00  2.004491406082E+00
    89    89     8    5.065179347328E-03  9.919370985865E+00  6.037872791758E+00
    90    90     8   -3.822884151604E-03  9.914208916747E+00  1.020778177708E+01
    91    91     8    4.007405136203E+00  1.977870740086E+00  1.995683753371E+00
    92    92     8    3.942875518211E+00  2.006360815559E+00  6.098161553781E+00
    93    93     8    3.959686707940E+00  2.002480030251E+00  1.013448001765E+01
    94    94     8    3.959212208529E+00  5.968524375763E+00  1.949935577158E+00
    95    95     8    3.944879827503E+00  5.936419395771E+00  6.050879475014E+00
    96    96     8    3.998766292975E+00  5.936540217322E+00  1.014827845113E+01
    97    97     8    3.948110316343E+00  9.923109720039E+00  1.951814502911E+00
    98    98     8    3.989654094518E+00  9.906472166387E+00  6.107483876275E+00
    99    99     8    3.934109055509E+00  9.942226695452E+00  1.016928337601E+01
   100   100     8    7.958514680564E+00  1.956835039186E+00  2.006435538511E+00
   101   101     8    7.927766288638E+00  1.995914498312E+00  6.114218596272E+00
   102   102     8    7.970371670067E+00  2.005980482867E+00  1.018025543017E+01
   103   103     8    7.910995892164E+00  5.928254591768E+00  1.972057881337E+00
   104   104     8    7.934717098367E+00  5.918109504945E+00  6.094901570994E+00
   105   105     8    7.927940032530E+00  5.916178936745E+00  1.016070405420E+01
   106   106     8    7.932992427343E+00  9.907313973091E+00  1.949440319394E+00
   107   107     8    7.958938188760E+00  9.937613770651E+00  6.108542793475E+00
   108   108     8    7.924383909413E+00  9.909316324474E+00  1.013417669620E+01
   109   109    22    1.995998179065E+00  2.001541302297E+00  2.113020518171E+00
   110   110    22    1.991749415384E+00  1.945488358234E+00  6.243245907869E+00
   111   111    22    1.947589593433E+00  1.990795320298E+00  1.034443326493E+01
   112   112    22    1.947914529305E+00  5.969049027840E+00  2.152129324872E+00
   113   113    22    1.970741478919E+00  5.939517002767E+00  6.273694679014E+00
   114   114    22    1.970527758425E+00  5.917399731104E+00  1.033908878057E+01
   115   115    22    1.997149727209E+00  9.929438518191E+00  2.109977682397E+00
   116   116    22    1.975225588350E+00  9.946724531316E+00  6.269921708617E+00
   117   117    22    1.969151628808E+00  9.934908743945E+00  1.036558137988E+01
   118   118    22    5.946697753688E+00  1.994778648885E+00  2.109415472515E+00
   119   119    22    5.978945006723E+00  1.970308180761E+00  6.266713153650E+00
   120   120    22    5.976582979049E+00  2.007391927560E+00  1.035441207591E+01
   121   121    22    5.945703550341E+00  5.914931863780E+00  2.151612886432E+00
   122   122    22    5.926090079099E+00  5.969983908725E+00  6.215185798568E+00
   123   123    22    5.964880637519E+00  5.992171665991E+00  1.032725460638E+01
   124   124    22    5.984036394897E+00  9.930071769119E+00  2.172759002672E+00
   125   125    22    5.961333523637E+00  9.896541465236E+00  6.267986799608E+00
   126   126    22    5.933953659361E+00  9.896453630219E+00  1.035283246423E+01
   127   127    22    9.886693841356E+00  1.969404123413E+00  2.153931575168E+00
   128   128    22    9.939001932842E+00  1.957995940174E+00  6.213764297502E+00
   129   129    22    9.938985094797E+00  1.948504267411E+00  1.032403590919E+01
   130   130    22    9.934016671109E+00  5.986479832242E+00  2.167865854952E+00
   131   131    22    9.912235404682E+00  5.978871202088E+00  6.209767354221E+00
   132   132    22    9.925221304260E+00  5.993774490814E+00  1.032892876696E+01
   133   133    22    9.920169149818E+00  9.883914394170E+00  2.154849603728E+00
   134   134    22    9.940429311157E+00  9.912015619770E+00  6.273340163045E+00
   135   135    22    9.949077532031E+00  9.923133732906E+00  1.030020596166E+01
 NUMBER OF SYMMETRY OPERATORS         :    1
 *******************************************************************************
 LATTICE PARAMETERS (ANGSTROMS AND DEGREES) - BOHR = 0.5291772083 ANGSTROM
 PRIMITIVE CELL - CENTRING CODE 1/0 VOLUME=  1740.493702 - DENSITY  6.022 g/cm^3
         A              B              C           ALPHA      BETA       GAMMA 
    11.90773305    11.90773305    12.27479580    90.000000  90.000000  90.000000
 *******************************************************************************
 ATOMS IN THE ASYMMETRIC UNIT  135 - ATOMS IN THE UNIT CELL:  135
     ATOM                 X/A                 Y/B                 Z/C    
 *******************************************************************************
      1 T 256 BA    1.907692640101E-03  1.911378015393E-04  4.809136227194E-03
      2 T 256 BA    3.208758510090E-03 -8.873360471926E-04  3.350323165054E-01
      3 T 256 BA    1.342655278250E-03 -1.076920377930E-03 -3.284015647538E-01
      4 T 256 BA    2.579283769251E-03  3.353747881079E-01  1.472723789612E-03
      5 T 256 BA    8.465398754488E-04  3.363498194530E-01  3.366421049265E-01
      6 T 256 BA    1.828033198928E-03  3.313195863726E-01 -3.331126117293E-01
      7 T 256 BA    5.087703801516E-04 -3.355053227114E-01  4.569720239698E-03
      8 T 256 BA    2.525834177022E-03 -3.355291717178E-01  3.351881588536E-01
      9 T 256 BA   -3.525686797791E-04 -3.366202966377E-01 -3.306215635503E-01
     10 T 256 BA    3.301157077226E-01  8.989627000735E-05  3.065217161350E-03
     11 T 256 BA    3.321818565295E-01 -6.112487867790E-04  3.324633698713E-01
     12 T 256 BA    3.349405079027E-01  1.264815009538E-03 -3.337851198307E-01
     13 T 256 BA    3.304070308528E-01  3.343883139018E-01  3.363381938203E-03
     14 T 256 BA    3.336545497887E-01  3.366591849841E-01  3.358020137404E-01
     15 T 256 BA    3.320788488953E-01  3.322609215574E-01 -3.340382848210E-01
     16 T 256 BA    3.341312904521E-01 -3.301358649772E-01  2.764587570475E-03
     17 T 256 BA    3.308864237344E-01 -3.319763031410E-01  3.336634695744E-01
     18 T 256 BA    3.363817446656E-01 -3.330449886155E-01 -3.298599980587E-01
     19 T 256 BA   -3.356198775451E-01 -1.390754980826E-03  1.638986955680E-04
     20 T 256 BA   -3.320770032515E-01 -6.492487635193E-04  3.325108043837E-01
     21 T 256 BA   -3.324715641997E-01  3.348413210242E-04 -3.280671445556E-01
     22 T 256 BA   -3.331213819593E-01  3.315457151064E-01  4.884623465049E-03
     23 T 256 BA   -3.346010634094E-01  3.311693979072E-01  3.376346116104E-01
     24 T 256 BA   -3.333087323720E-01  3.358566402552E-01 -3.333509647276E-01
     25 T 256 BA   -3.364253106328E-01 -3.332763432792E-01  3.405748828469E-03
     26 T 256 BA   -3.351367544553E-01 -3.315592299178E-01  3.376106004356E-01
     27 T 256 BA   -3.307112980246E-01 -3.354004150319E-01 -3.308421528575E-01
     28 T   8 O     1.695598497120E-01  1.666744529504E-01  3.243191594628E-01
     29 T   8 O     1.667353364922E-01  1.684967263353E-01 -3.412714946658E-01
     30 T   8 O     1.646974666705E-01  1.678421672106E-01 -1.305107084127E-02
     31 T   8 O     1.698205978512E-01  4.990137167930E-01  3.232485598277E-01
     32 T   8 O     1.643498214798E-01 -4.977083508616E-01 -3.447941488994E-01
     33 T   8 O     1.687980929192E-01 -4.977486068889E-01 -1.192447285898E-02
     34 T   8 O     1.654669590834E-01 -1.648891614471E-01  3.251715796911E-01
     35 T   8 O     1.655361842491E-01 -1.638676714103E-01 -3.425737649849E-01
     36 T   8 O     1.658926839956E-01 -1.697835336526E-01 -9.714537511726E-03
     37 T   8 O    -4.970634847484E-01  1.681711131929E-01  3.220517219341E-01
     38 T   8 O     4.968814617120E-01  1.677791445368E-01 -3.445530268798E-01
     39 T   8 O    -4.986702267855E-01  1.636430741147E-01 -1.007708296881E-02
     40 T   8 O     4.983264019613E-01 -4.996719863152E-01  3.198558400838E-01
     41 T   8 O     4.998024030176E-01 -4.996992907945E-01 -3.472432944299E-01
     42 T   8 O     4.988561269426E-01  4.974073063200E-01 -1.241979673698E-02
     43 T   8 O    -4.989148846663E-01 -1.671776796967E-01  3.257072345503E-01
     44 T   8 O    -4.993899911349E-01 -1.660719921699E-01 -3.471555069710E-01
     45 T   8 O    -4.980216810065E-01 -1.691789698136E-01 -1.166809359473E-02
     46 T   8 O    -1.688560768167E-01  1.650836627975E-01  3.207268917941E-01
     47 T   8 O    -1.652306813825E-01  1.689854093724E-01 -3.421010180722E-01
     48 T   8 O    -1.680671986444E-01  1.644446197968E-01 -8.638584048624E-03
     49 T   8 O    -1.677252214979E-01  4.969259459263E-01  3.218438344791E-01
     50 T   8 O    -1.653094493493E-01 -4.976688146060E-01 -3.420613221559E-01
     51 T   8 O    -1.686442243757E-01  4.994147992307E-01 -8.097731289595E-03
     52 T   8 O    -1.637615789613E-01 -1.650395657802E-01  3.230938801444E-01
     53 T   8 O    -1.660391230616E-01 -1.678563231497E-01 -3.410172527692E-01
     54 T   8 O    -1.678419446837E-01 -1.679921249340E-01 -7.901254821017E-03
     55 T   8 O     1.698196046850E-01  1.158367743971E-03  1.618093187305E-01
     56 T   8 O     1.666563015511E-01 -2.834777894335E-03  4.968582990416E-01
     57 T   8 O     1.696877329126E-01  1.412286349294E-03 -1.719478126437E-01
     58 T   8 O     1.689783714923E-01  3.309242592115E-01  1.621348799389E-01
     59 T   8 O     1.685704107438E-01  3.306505992943E-01  4.957698533205E-01
     60 T   8 O     1.640441288325E-01  3.337108533164E-01 -1.735598016426E-01
     61 T   8 O     1.677307927648E-01 -3.364377599516E-01  1.624722587369E-01
     62 T   8 O     1.657660206394E-01 -3.325991715034E-01  4.981675441647E-01
     63 T   8 O     1.675965283385E-01 -3.318010922062E-01 -1.743127578894E-01
     64 T   8 O    -4.998873327334E-01  3.357227630214E-03  1.617933456637E-01
     65 T   8 O    -4.997287039882E-01 -1.420404303181E-03  4.921687013708E-01
     66 T   8 O     4.983352788774E-01  2.760208386868E-03 -1.724738669301E-01
     67 T   8 O    -4.996389667568E-01  3.327311227867E-01  1.649633942717E-01
     68 T   8 O    -4.982396772735E-01  3.315428970263E-01  4.972747645836E-01
     69 T   8 O     4.972061972788E-01  3.318753864134E-01 -1.704282550046E-01
     70 T   8 O     4.979003661160E-01 -3.359444625848E-01  1.620093046884E-01
     71 T   8 O    -4.976248337502E-01 -3.348506924986E-01  4.968829615441E-01
     72 T   8 O    -4.969698459060E-01 -3.319708069682E-01 -1.710758521482E-01
     73 T   8 O    -1.634266553339E-01 -1.644511129707E-04  1.626219591485E-01
     74 T   8 O    -1.695510997962E-01  7.274901282740E-04  4.935962859896E-01
     75 T   8 O    -1.633582803660E-01 -3.942416598654E-04 -1.711415374787E-01
     76 T   8 O    -1.645126841645E-01  3.339016944051E-01  1.642157000148E-01
     77 T   8 O    -1.648177795519E-01  3.352537607651E-01  4.931272168677E-01
     78 T   8 O    -1.656580808909E-01  3.361827111456E-01 -1.729783683141E-01
     79 T   8 O    -1.688018248044E-01 -3.349125217711E-01  1.597811831013E-01
     80 T   8 O    -1.645039242205E-01 -3.316628434006E-01  4.970050365713E-01
     81 T   8 O    -1.677758008672E-01 -3.349605418244E-01 -1.741966798936E-01
     82 T   8 O     3.064058880980E-03  1.652956151995E-01  1.616550059012E-01
     83 T   8 O    -2.001753493646E-03  1.667548832181E-01  4.924944853492E-01
     84 T   8 O    -2.408067533102E-03  1.664260291328E-01 -1.738166517687E-01
     85 T   8 O    -1.872926710246E-03  4.996357925654E-01  1.590946593099E-01
     86 T   8 O    -1.911379715398E-03  4.974213008092E-01  4.960707895611E-01
     87 T   8 O    -2.946032519654E-03  4.988119696569E-01 -1.726164465866E-01
     88 T   8 O    -2.379218243081E-04 -1.637074447765E-01  1.633014054769E-01
     89 T   8 O     4.253689032211E-04 -1.669807389690E-01  4.918919133268E-01
     90 T   8 O    -3.210421442563E-04 -1.674142445822E-01 -1.683949824179E-01
     91 T   8 O     3.365380395559E-01  1.660996876384E-01  1.625838658245E-01
     92 T   8 O     3.311189041319E-01  1.684922568498E-01  4.968035031410E-01
     93 T   8 O     3.325306917205E-01  1.681663522219E-01 -1.743667118560E-01
     94 T   8 O     3.324908437151E-01 -4.987690477523E-01  1.588568648252E-01
     95 T   8 O     3.312872241038E-01  4.985348068221E-01  4.929515385514E-01
     96 T   8 O     3.358125577878E-01  4.985449533001E-01 -1.732425845219E-01
     97 T   8 O     3.315585174580E-01 -1.666667636592E-01  1.590099366795E-01
     98 T   8 O     3.350473241015E-01 -1.680639694567E-01  4.975629717828E-01
     99 T   8 O     3.303827050027E-01 -1.650613384004E-01 -1.715313605451E-01
    100 T   8 O    -3.316515706939E-01  1.643331296536E-01  1.634597895723E-01
    101 T   8 O    -3.342337911549E-01  1.676149851471E-01  4.981116342703E-01
    102 T   8 O    -3.306558320883E-01  1.684603168751E-01 -1.706374919763E-01
    103 T   8 O    -3.356421529651E-01  4.978491344134E-01  1.606591191795E-01
    104 T   8 O    -3.336500688209E-01  4.969971597529E-01  4.965379196771E-01
    105 T   8 O    -3.342192003095E-01  4.968350324871E-01 -1.722302985931E-01
    106 T   8 O    -3.337949050392E-01 -1.679932753371E-01  1.588165172894E-01
    107 T   8 O    -3.316160048818E-01 -1.654487274006E-01  4.976492393849E-01
    108 T   8 O    -3.345178401179E-01 -1.678251197885E-01 -1.743914227722E-01
    109 T  22 TI    1.676220125765E-01  1.680875187487E-01  1.721430280877E-01
    110 T  22 TI    1.672652054779E-01  1.633802462707E-01 -4.913768009184E-01
    111 T  22 TI    1.635567059872E-01  1.671850814877E-01 -1.572622931185E-01
    112 T  22 TI    1.635839937900E-01 -4.987249879741E-01  1.753291345891E-01
    113 T  22 TI    1.655009791237E-01  4.987949408865E-01 -4.888962080319E-01
    114 T  22 TI    1.654830310817E-01  4.969375536264E-01 -1.576976962363E-01
    115 T  22 TI    1.677187184851E-01 -1.661352772608E-01  1.718951351025E-01
    116 T  22 TI    1.658775503327E-01 -1.646836144588E-01 -4.892035834424E-01
    117 T  22 TI    1.653674650364E-01 -1.656758929488E-01 -1.555394037693E-01
    118 T  22 TI    4.993979734613E-01  1.675195976018E-01  1.718493331282E-01
    119 T  22 TI   -4.978939331594E-01  1.654645911600E-01 -4.894649771975E-01
    120 T  22 TI   -4.980922939779E-01  1.685788486466E-01 -1.564493418365E-01
    121 T  22 TI    4.993144812178E-01  4.967303044957E-01  1.752870615112E-01
    122 T  22 TI    4.976673607156E-01 -4.986464775741E-01 -4.936627948981E-01
    123 T  22 TI   -4.990750453951E-01 -4.967831710007E-01 -1.586617997849E-01
    124 T  22 TI   -4.974663632641E-01 -1.660820974552E-01  1.770097880302E-01
    125 T  22 TI   -4.993729286166E-01 -1.688979402141E-01 -4.893612161264E-01
    126 T  22 TI    4.983277366435E-01 -1.689053165145E-01 -1.565780292466E-01
    127 T  22 TI   -1.697249342220E-01  1.653886692911E-01  1.754759598663E-01
    128 T  22 TI   -1.653321508713E-01  1.644306210050E-01 -4.937786013922E-01
    129 T  22 TI   -1.653335649142E-01  1.636335194306E-01 -1.589240198040E-01
    130 T  22 TI   -1.657508083699E-01 -4.972611657395E-01  1.766111542932E-01
    131 T  22 TI   -1.675799782326E-01 -4.979001312018E-01 -4.941042233696E-01
    132 T  22 TI   -1.664894348417E-01 -4.966485673095E-01 -1.585254096884E-01
    133 T  22 TI   -1.669137099258E-01 -1.699583495307E-01  1.755507495879E-01
    134 T  22 TI   -1.652122810095E-01 -1.675984355587E-01 -4.889250896504E-01
    135 T  22 TI   -1.644860117157E-01 -1.666647470816E-01 -1.608653920209E-01

 T = ATOM BELONGING TO THE ASYMMETRIC UNIT
 *******************************************************************************
 * GEOMETRY EDITING - INPUT COORDINATES ARE GIVEN IN ANGSTROM         
 *******************************************************************************

 GCALCO - MAX INDICES DIRECT LATTICE VECTOR    15    15    14
 NO.OF VECTORS CREATED 6999 STARS  514 RMAX   270.02825 BOHR

 GEOMETRY FOR WAVE FUNCTION - DIMENSIONALITY OF THE SYSTEM    3
 (NON PERIODIC DIRECTION: LATTICE PARAMETER FORMALLY SET TO 500)
 *******************************************************************************
 LATTICE PARAMETERS (ANGSTROMS AND DEGREES) - BOHR = 0.5291772083 ANGSTROM
 PRIMITIVE CELL - CENTRING CODE 1/0 VOLUME=  1740.493702 - DENSITY  6.022 g/cm^3
         A              B              C           ALPHA      BETA       GAMMA 
    11.90773305    11.90773305    12.27479580    90.000000  90.000000  90.000000
 *******************************************************************************
 ATOMS IN THE ASYMMETRIC UNIT  135 - ATOMS IN THE UNIT CELL:  135
     ATOM                 X/A                 Y/B                 Z/C    
 *******************************************************************************
      1 T 256 BA    1.907692640101E-03  1.911378015393E-04  4.809136227194E-03
      2 T 256 BA    3.208758510090E-03 -8.873360471926E-04  3.350323165054E-01
      3 T 256 BA    1.342655278250E-03 -1.076920377930E-03 -3.284015647538E-01
      4 T 256 BA    2.579283769251E-03  3.353747881079E-01  1.472723789612E-03
      5 T 256 BA    8.465398754488E-04  3.363498194530E-01  3.366421049265E-01
      6 T 256 BA    1.828033198928E-03  3.313195863726E-01 -3.331126117293E-01
      7 T 256 BA    5.087703801516E-04 -3.355053227114E-01  4.569720239698E-03
      8 T 256 BA    2.525834177022E-03 -3.355291717178E-01  3.351881588536E-01
      9 T 256 BA   -3.525686797791E-04 -3.366202966377E-01 -3.306215635503E-01
     10 T 256 BA    3.301157077226E-01  8.989627000735E-05  3.065217161350E-03
     11 T 256 BA    3.321818565295E-01 -6.112487867790E-04  3.324633698713E-01
     12 T 256 BA    3.349405079027E-01  1.264815009538E-03 -3.337851198307E-01
     13 T 256 BA    3.304070308528E-01  3.343883139018E-01  3.363381938203E-03
     14 T 256 BA    3.336545497887E-01  3.366591849841E-01  3.358020137404E-01
     15 T 256 BA    3.320788488953E-01  3.322609215574E-01 -3.340382848210E-01
     16 T 256 BA    3.341312904521E-01 -3.301358649772E-01  2.764587570475E-03
     17 T 256 BA    3.308864237344E-01 -3.319763031410E-01  3.336634695744E-01
     18 T 256 BA    3.363817446656E-01 -3.330449886155E-01 -3.298599980587E-01
     19 T 256 BA   -3.356198775451E-01 -1.390754980826E-03  1.638986955680E-04
     20 T 256 BA   -3.320770032515E-01 -6.492487635193E-04  3.325108043837E-01
     21 T 256 BA   -3.324715641997E-01  3.348413210242E-04 -3.280671445556E-01
     22 T 256 BA   -3.331213819593E-01  3.315457151064E-01  4.884623465049E-03
     23 T 256 BA   -3.346010634094E-01  3.311693979072E-01  3.376346116104E-01
     24 T 256 BA   -3.333087323720E-01  3.358566402552E-01 -3.333509647276E-01
     25 T 256 BA   -3.364253106328E-01 -3.332763432792E-01  3.405748828469E-03
     26 T 256 BA   -3.351367544553E-01 -3.315592299178E-01  3.376106004356E-01
     27 T 256 BA   -3.307112980246E-01 -3.354004150319E-01 -3.308421528575E-01
     28 T   8 O     1.695598497120E-01  1.666744529504E-01  3.243191594628E-01
     29 T   8 O     1.667353364922E-01  1.684967263353E-01 -3.412714946658E-01
     30 T   8 O     1.646974666705E-01  1.678421672106E-01 -1.305107084127E-02
     31 T   8 O     1.698205978512E-01  4.990137167930E-01  3.232485598277E-01
     32 T   8 O     1.643498214798E-01 -4.977083508616E-01 -3.447941488994E-01
     33 T   8 O     1.687980929192E-01 -4.977486068889E-01 -1.192447285898E-02
     34 T   8 O     1.654669590834E-01 -1.648891614471E-01  3.251715796911E-01
     35 T   8 O     1.655361842491E-01 -1.638676714103E-01 -3.425737649849E-01
     36 T   8 O     1.658926839956E-01 -1.697835336526E-01 -9.714537511726E-03
     37 T   8 O    -4.970634847484E-01  1.681711131929E-01  3.220517219341E-01
     38 T   8 O     4.968814617120E-01  1.677791445368E-01 -3.445530268798E-01
     39 T   8 O    -4.986702267855E-01  1.636430741147E-01 -1.007708296881E-02
     40 T   8 O     4.983264019613E-01 -4.996719863152E-01  3.198558400838E-01
     41 T   8 O     4.998024030176E-01 -4.996992907945E-01 -3.472432944299E-01
     42 T   8 O     4.988561269426E-01  4.974073063200E-01 -1.241979673698E-02
     43 T   8 O    -4.989148846663E-01 -1.671776796967E-01  3.257072345503E-01
     44 T   8 O    -4.993899911349E-01 -1.660719921699E-01 -3.471555069710E-01
     45 T   8 O    -4.980216810065E-01 -1.691789698136E-01 -1.166809359473E-02
     46 T   8 O    -1.688560768167E-01  1.650836627975E-01  3.207268917941E-01
     47 T   8 O    -1.652306813825E-01  1.689854093724E-01 -3.421010180722E-01
     48 T   8 O    -1.680671986444E-01  1.644446197968E-01 -8.638584048624E-03
     49 T   8 O    -1.677252214979E-01  4.969259459263E-01  3.218438344791E-01
     50 T   8 O    -1.653094493493E-01 -4.976688146060E-01 -3.420613221559E-01
     51 T   8 O    -1.686442243757E-01  4.994147992307E-01 -8.097731289595E-03
     52 T   8 O    -1.637615789613E-01 -1.650395657802E-01  3.230938801444E-01
     53 T   8 O    -1.660391230616E-01 -1.678563231497E-01 -3.410172527692E-01
     54 T   8 O    -1.678419446837E-01 -1.679921249340E-01 -7.901254821017E-03
     55 T   8 O     1.698196046850E-01  1.158367743971E-03  1.618093187305E-01
     56 T   8 O     1.666563015511E-01 -2.834777894335E-03  4.968582990416E-01
     57 T   8 O     1.696877329126E-01  1.412286349294E-03 -1.719478126437E-01
     58 T   8 O     1.689783714923E-01  3.309242592115E-01  1.621348799389E-01
     59 T   8 O     1.685704107438E-01  3.306505992943E-01  4.957698533205E-01
     60 T   8 O     1.640441288325E-01  3.337108533164E-01 -1.735598016426E-01
     61 T   8 O     1.677307927648E-01 -3.364377599516E-01  1.624722587369E-01
     62 T   8 O     1.657660206394E-01 -3.325991715034E-01  4.981675441647E-01
     63 T   8 O     1.675965283385E-01 -3.318010922062E-01 -1.743127578894E-01
     64 T   8 O    -4.998873327334E-01  3.357227630214E-03  1.617933456637E-01
     65 T   8 O    -4.997287039882E-01 -1.420404303181E-03  4.921687013708E-01
     66 T   8 O     4.983352788774E-01  2.760208386868E-03 -1.724738669301E-01
     67 T   8 O    -4.996389667568E-01  3.327311227867E-01  1.649633942717E-01
     68 T   8 O    -4.982396772735E-01  3.315428970263E-01  4.972747645836E-01
     69 T   8 O     4.972061972788E-01  3.318753864134E-01 -1.704282550046E-01
     70 T   8 O     4.979003661160E-01 -3.359444625848E-01  1.620093046884E-01
     71 T   8 O    -4.976248337502E-01 -3.348506924986E-01  4.968829615441E-01
     72 T   8 O    -4.969698459060E-01 -3.319708069682E-01 -1.710758521482E-01
     73 T   8 O    -1.634266553339E-01 -1.644511129707E-04  1.626219591485E-01
     74 T   8 O    -1.695510997962E-01  7.274901282740E-04  4.935962859896E-01
     75 T   8 O    -1.633582803660E-01 -3.942416598654E-04 -1.711415374787E-01
     76 T   8 O    -1.645126841645E-01  3.339016944051E-01  1.642157000148E-01
     77 T   8 O    -1.648177795519E-01  3.352537607651E-01  4.931272168677E-01
     78 T   8 O    -1.656580808909E-01  3.361827111456E-01 -1.729783683141E-01
     79 T   8 O    -1.688018248044E-01 -3.349125217711E-01  1.597811831013E-01
     80 T   8 O    -1.645039242205E-01 -3.316628434006E-01  4.970050365713E-01
     81 T   8 O    -1.677758008672E-01 -3.349605418244E-01 -1.741966798936E-01
     82 T   8 O     3.064058880980E-03  1.652956151995E-01  1.616550059012E-01
     83 T   8 O    -2.001753493646E-03  1.667548832181E-01  4.924944853492E-01
     84 T   8 O    -2.408067533102E-03  1.664260291328E-01 -1.738166517687E-01
     85 T   8 O    -1.872926710246E-03  4.996357925654E-01  1.590946593099E-01
     86 T   8 O    -1.911379715398E-03  4.974213008092E-01  4.960707895611E-01
     87 T   8 O    -2.946032519654E-03  4.988119696569E-01 -1.726164465866E-01
     88 T   8 O    -2.379218243081E-04 -1.637074447765E-01  1.633014054769E-01
     89 T   8 O     4.253689032211E-04 -1.669807389690E-01  4.918919133268E-01
     90 T   8 O    -3.210421442563E-04 -1.674142445822E-01 -1.683949824179E-01
     91 T   8 O     3.365380395559E-01  1.660996876384E-01  1.625838658245E-01
     92 T   8 O     3.311189041319E-01  1.684922568498E-01  4.968035031410E-01
     93 T   8 O     3.325306917205E-01  1.681663522219E-01 -1.743667118560E-01
     94 T   8 O     3.324908437151E-01 -4.987690477523E-01  1.588568648252E-01
     95 T   8 O     3.312872241038E-01  4.985348068221E-01  4.929515385514E-01
     96 T   8 O     3.358125577878E-01  4.985449533001E-01 -1.732425845219E-01
     97 T   8 O     3.315585174580E-01 -1.666667636592E-01  1.590099366795E-01
     98 T   8 O     3.350473241015E-01 -1.680639694567E-01  4.975629717828E-01
     99 T   8 O     3.303827050027E-01 -1.650613384004E-01 -1.715313605451E-01
    100 T   8 O    -3.316515706939E-01  1.643331296536E-01  1.634597895723E-01
    101 T   8 O    -3.342337911549E-01  1.676149851471E-01  4.981116342703E-01
    102 T   8 O    -3.306558320883E-01  1.684603168751E-01 -1.706374919763E-01
    103 T   8 O    -3.356421529651E-01  4.978491344134E-01  1.606591191795E-01
    104 T   8 O    -3.336500688209E-01  4.969971597529E-01  4.965379196771E-01
    105 T   8 O    -3.342192003095E-01  4.968350324871E-01 -1.722302985931E-01
    106 T   8 O    -3.337949050392E-01 -1.679932753371E-01  1.588165172894E-01
    107 T   8 O    -3.316160048818E-01 -1.654487274006E-01  4.976492393849E-01
    108 T   8 O    -3.345178401179E-01 -1.678251197885E-01 -1.743914227722E-01
    109 T  22 TI    1.676220125765E-01  1.680875187487E-01  1.721430280877E-01
    110 T  22 TI    1.672652054779E-01  1.633802462707E-01 -4.913768009184E-01
    111 T  22 TI    1.635567059872E-01  1.671850814877E-01 -1.572622931185E-01
    112 T  22 TI    1.635839937900E-01 -4.987249879741E-01  1.753291345891E-01
    113 T  22 TI    1.655009791237E-01  4.987949408865E-01 -4.888962080319E-01
    114 T  22 TI    1.654830310817E-01  4.969375536264E-01 -1.576976962363E-01
    115 T  22 TI    1.677187184851E-01 -1.661352772608E-01  1.718951351025E-01
    116 T  22 TI    1.658775503327E-01 -1.646836144588E-01 -4.892035834424E-01
    117 T  22 TI    1.653674650364E-01 -1.656758929488E-01 -1.555394037693E-01
    118 T  22 TI    4.993979734613E-01  1.675195976018E-01  1.718493331282E-01
    119 T  22 TI   -4.978939331594E-01  1.654645911600E-01 -4.894649771975E-01
    120 T  22 TI   -4.980922939779E-01  1.685788486466E-01 -1.564493418365E-01
    121 T  22 TI    4.993144812178E-01  4.967303044957E-01  1.752870615112E-01
    122 T  22 TI    4.976673607156E-01 -4.986464775741E-01 -4.936627948981E-01
    123 T  22 TI   -4.990750453951E-01 -4.967831710007E-01 -1.586617997849E-01
    124 T  22 TI   -4.974663632641E-01 -1.660820974552E-01  1.770097880302E-01
    125 T  22 TI   -4.993729286166E-01 -1.688979402141E-01 -4.893612161264E-01
    126 T  22 TI    4.983277366435E-01 -1.689053165145E-01 -1.565780292466E-01
    127 T  22 TI   -1.697249342220E-01  1.653886692911E-01  1.754759598663E-01
    128 T  22 TI   -1.653321508713E-01  1.644306210050E-01 -4.937786013922E-01
    129 T  22 TI   -1.653335649142E-01  1.636335194306E-01 -1.589240198040E-01
    130 T  22 TI   -1.657508083699E-01 -4.972611657395E-01  1.766111542932E-01
    131 T  22 TI   -1.675799782326E-01 -4.979001312018E-01 -4.941042233696E-01
    132 T  22 TI   -1.664894348417E-01 -4.966485673095E-01 -1.585254096884E-01
    133 T  22 TI   -1.669137099258E-01 -1.699583495307E-01  1.755507495879E-01
    134 T  22 TI   -1.652122810095E-01 -1.675984355587E-01 -4.889250896504E-01
    135 T  22 TI   -1.644860117157E-01 -1.666647470816E-01 -1.608653920209E-01

 T = ATOM BELONGING TO THE ASYMMETRIC UNIT

 ****    1 SYMMOPS - TRANSLATORS IN FRACTIONAL UNITS
 **** MATRICES AND TRANSLATORS IN THE CRYSTALLOGRAPHIC REFERENCE FRAME
   V INV                    ROTATION MATRICES                   TRANSLATORS
   1   1  1.00  0.00  0.00  0.00  1.00  0.00  0.00  0.00  1.00  0.00  0.00  0.00

 DIRECT LATTICE VECTORS CARTESIAN COMPONENTS (ANGSTROM)
          X                    Y                    Z
   0.119077330500E+02   0.000000000000E+00   0.000000000000E+00
   0.000000000000E+00   0.119077330500E+02   0.000000000000E+00
   0.000000000000E+00   0.000000000000E+00   0.122747958000E+02


 CARTESIAN COORDINATES - PRIMITIVE CELL
 *******************************************************************************
 *      ATOM          X(ANGSTROM)         Y(ANGSTROM)         Z(ANGSTROM)
 *******************************************************************************
    1   256 BA    2.271629469977E-02  2.276017916493E-03  5.903116516319E-02
    2   256 BA    3.820903976006E-02 -1.056616077561E-02  4.112453271505E+00
    3   256 BA    1.598798063158E-02 -1.282368037650E-02  8.243733652246E+00
    4   256 BA    3.071342258444E-02  3.993553448490E+00  1.807738378729E-02
    5   256 BA    1.008037085302E-02  4.005163861462E+00  4.132213095655E+00
    6   256 BA    2.176773133938E-02  3.945265188761E+00  8.185906512618E+00
    7   256 BA    6.058301870592E-03  7.912625230298E+00  5.609238280542E-02
    8   256 BA    3.007695910854E-02  7.912341242697E+00  4.114366204506E+00
    9   256 BA   -4.198293720600E-03  7.899348418426E+00  8.216483620343E+00
   10   256 BA    3.930929723172E+00  1.070460785438E-03  3.762491473823E-02
   11   256 BA    3.955532871606E+00 -7.278587380100E-03  4.080919976151E+00
   12   256 BA    3.988382155737E+00  1.506107949121E-02  8.177651613000E+00
   13   256 BA    3.934398721239E+00  3.981806776983E+00  4.128482648885E-02
   14   256 BA    3.973069309802E+00  4.008847703622E+00  4.121901147892E+00
   15   256 BA    3.954306284197E+00  3.956474356853E+00  8.174544064440E+00
   16   256 BA    3.978746210356E+00  7.976563299621E+00  3.393474789880E-02
   17   256 BA    3.940107203698E+00  7.954647853271E+00  4.095650954945E+00
   18   256 BA    4.005544018371E+00  7.941922231926E+00  8.225831681241E+00
   19   256 BA    7.911261141920E+00 -1.656073904964E-02  2.011823019983E-03
   20   256 BA    7.953448743237E+00 -7.731080959031E-03  4.081502225103E+00
   21   256 BA    7.948750416794E+00  3.987201064865E-03  8.247838591891E+00
   22   256 BA    7.941012560382E+00  3.947957869358E+00  5.995775559337E-02
   23   256 BA    7.923392908675E+00  3.943476784609E+00  4.144395912530E+00
   24   256 BA    7.938781641680E+00  3.999291215229E+00  8.182980778236E+00
   25   256 BA    7.901670259722E+00  7.939167322351E+00  4.180487141554E-02
   26   256 BA    7.917014042703E+00  7.959614249876E+00  4.144101180263E+00
   27   256 BA    7.969711196504E+00  7.913874442941E+00  8.213775931642E+00
   28     8 O     2.019073426368E+00  1.984714891988E+00  3.980951456433E+00
   29     8 O     1.985439876951E+00  2.006414037000E+00  8.085757890616E+00
   30     8 O     1.961173467123E+00  1.998619721678E+00  1.211459657045E+01
   31     8 O     2.022178345604E+00  5.942122127860E+00  3.967810064529E+00
   32     8 O     1.957033800997E+00  5.981154871184E+00  8.042518029225E+00
   33     8 O     2.010002629831E+00  5.980675513158E+00  1.212842533063E+01
   34     8 O     1.970336377361E+00  9.944276932649E+00  3.991414740672E+00
   35     8 O     1.971160692154E+00  9.956440563321E+00  8.069772788373E+00
   36     8 O     1.975405795968E+00  9.885996054979E+00  1.215555183575E+01
   37     8 O     5.988833764713E+00  2.002536722623E+00  3.953119123780E+00
   38     8 O     5.916731803561E+00  1.997869264502E+00  8.045477752778E+00
   39     8 O     5.969701109455E+00  1.948618042040E+00  1.215110166430E+01
   40     8 O     5.933937766322E+00  5.957772424395E+00  3.926165122466E+00
   41     8 O     5.951513592882E+00  5.957447289944E+00  8.012455267954E+00
   42     8 O     5.940245589989E+00  5.922993420778E+00  1.212234533118E+01
   43     8 O     5.966787788722E+00  9.917025868254E+00  3.997989794688E+00
   44     8 O     5.961130347724E+00  9.930192100159E+00  8.013532841085E+00
   45     8 O     5.977423819463E+00  9.893195039786E+00  1.213157233375E+01
   46     8 O     9.897039963396E+00  1.965772187509E+00  3.936857104342E+00
   47     8 O     9.940210204428E+00  2.012233144152E+00  8.075575660192E+00
   48     8 O     9.906433714081E+00  1.958162634050E+00  1.216875894480E+01
   49     8 O     9.910505886651E+00  5.917261509709E+00  3.950567347720E+00
   50     8 O     9.939272256506E+00  5.981625658362E+00  8.076062919459E+00
   51     8 O     9.899562645710E+00  5.946898110459E+00  1.217539780198E+01
   52     8 O     9.957703883882E+00  9.942485958001E+00  3.965911403002E+00
   53     8 O     9.930583496726E+00  9.908944763179E+00  8.088878657981E+00
   54     8 O     9.909115978114E+00  9.907327671784E+00  1.217780951051E+01
   55     8 O     2.022166519246E+00  1.379353386894E-02  1.986176345955E+00
   56     8 O     1.984498749970E+00 -3.375577842178E-02  6.098834162271E+00
   57     8 O     2.020596225383E+00  1.681712883755E-02  1.016417151154E+01
   58     8 O     2.012149338954E+00  3.940557738460E+00  1.990172543308E+00
   59     8 O     2.007291451266E+00  3.937299069219E+00  6.085473713305E+00
   60     8 O     1.953393694557E+00  3.973739757180E+00  1.014438467575E+01
   61     8 O     1.997293504508E+00  7.901522016556E+00  1.994313799160E+00
   62     8 O     1.973897522535E+00  7.947230903086E+00  6.114904878809E+00
   63     8 O     1.995694719562E+00  7.956734218310E+00  1.013514229157E+01
   64     8 O     5.955208136734E+00  3.997697040867E-02  1.985980279821E+00
   65     8 O     5.957097045486E+00 -1.691379526535E-02  6.041270308478E+00
   66     8 O     5.934043470269E+00  3.286782463320E-02  1.015771430260E+01
   67     8 O     5.958165612483E+00  3.962073387570E+00  2.024891979161E+00
   68     8 O     5.974827978109E+00  3.947924312413E+00  6.103946191757E+00
   69     8 O     5.920598668002E+00  3.951883507277E+00  1.018282377127E+01
   70     8 O     5.928864645207E+00  7.907396069914E+00  1.988631132750E+00
   71     8 O     5.982149370652E+00  7.920420392119E+00  6.099136889453E+00
   72     8 O     5.989948791051E+00  7.954713300230E+00  1.017487464857E+01
   73     8 O     9.961692065029E+00 -1.958239953030E-03  1.996151341144E+00
   74     8 O     9.888763815293E+00  8.662758243997E-03  6.058793618160E+00
   75     8 O     9.962506255894E+00 -4.694524442866E-03  1.017406837455E+01
   76     8 O     9.948759923630E+00  3.976012241918E+00  2.015714184836E+00
   77     8 O     9.945126929202E+00  3.992112287199E+00  6.053035890473E+00
   78     8 O     9.935120845176E+00  4.003173980348E+00  1.015152165113E+01
   79     8 O     9.897685981876E+00  7.919684145648E+00  1.961281395251E+00
   80     8 O     9.948864234705E+00  7.958380448182E+00  6.100635335485E+00
   81     8 O     9.909903601023E+00  7.919112335672E+00  1.013656712527E+01
   82     8 O     3.648599520419E-02  1.968296060131E+00  1.984282187485E+00
   83     8 O    -2.383634623424E-02  1.985672634145E+00  6.045269240287E+00
   84     8 O    -2.867462535055E-02  1.981756727485E+00  1.014123189290E+01
   85     8 O    -2.230231128782E-02  5.949529640094E+00  1.952854455899E+00
   86     8 O    -2.276019940814E-02  5.923160063419E+00  6.089167644207E+00
   87     8 O    -3.508056880065E-02  5.939719776818E+00  1.015596416643E+01
   88     8 O    -2.833109570630E-03  9.958348499304E+00  2.004491406082E+00
   89     8 O     5.065179347328E-03  9.919370985865E+00  6.037872791758E+00
   90     8 O    -3.822884151604E-03  9.914208916747E+00  1.020778177708E+01
   91     8 O     4.007405136203E+00  1.977870740086E+00  1.995683753371E+00
   92     8 O     3.942875518211E+00  2.006360815559E+00  6.098161553781E+00
   93     8 O     3.959686707940E+00  2.002480030251E+00  1.013448001765E+01
   94     8 O     3.959212208529E+00  5.968524375763E+00  1.949935577158E+00
   95     8 O     3.944879827503E+00  5.936419395771E+00  6.050879475014E+00
   96     8 O     3.998766292975E+00  5.936540217322E+00  1.014827845113E+01
   97     8 O     3.948110316343E+00  9.923109720039E+00  1.951814502911E+00
   98     8 O     3.989654094518E+00  9.906472166387E+00  6.107483876275E+00
   99     8 O     3.934109055509E+00  9.942226695452E+00  1.016928337601E+01
  100     8 O     7.958514680564E+00  1.956835039186E+00  2.006435538511E+00
  101     8 O     7.927766288638E+00  1.995914498312E+00  6.114218596272E+00
  102     8 O     7.970371670067E+00  2.005980482867E+00  1.018025543017E+01
  103     8 O     7.910995892164E+00  5.928254591768E+00  1.972057881337E+00
  104     8 O     7.934717098367E+00  5.918109504945E+00  6.094901570994E+00
  105     8 O     7.927940032530E+00  5.916178936745E+00  1.016070405420E+01
  106     8 O     7.932992427343E+00  9.907313973091E+00  1.949440319394E+00
  107     8 O     7.958938188760E+00  9.937613770651E+00  6.108542793475E+00
  108     8 O     7.924383909413E+00  9.909316324474E+00  1.013417669620E+01
  109    22 TI    1.995998179065E+00  2.001541302297E+00  2.113020518171E+00
  110    22 TI    1.991749415384E+00  1.945488358234E+00  6.243245907869E+00
  111    22 TI    1.947589593433E+00  1.990795320298E+00  1.034443326493E+01
  112    22 TI    1.947914529305E+00  5.969049027840E+00  2.152129324872E+00
  113    22 TI    1.970741478919E+00  5.939517002767E+00  6.273694679014E+00
  114    22 TI    1.970527758425E+00  5.917399731104E+00  1.033908878057E+01
  115    22 TI    1.997149727209E+00  9.929438518191E+00  2.109977682397E+00
  116    22 TI    1.975225588350E+00  9.946724531316E+00  6.269921708617E+00
  117    22 TI    1.969151628808E+00  9.934908743945E+00  1.036558137988E+01
  118    22 TI    5.946697753688E+00  1.994778648885E+00  2.109415472515E+00
  119    22 TI    5.978945006723E+00  1.970308180761E+00  6.266713153650E+00
  120    22 TI    5.976582979049E+00  2.007391927560E+00  1.035441207591E+01
  121    22 TI    5.945703550341E+00  5.914931863780E+00  2.151612886432E+00
  122    22 TI    5.926090079099E+00  5.969983908725E+00  6.215185798568E+00
  123    22 TI    5.964880637519E+00  5.992171665991E+00  1.032725460638E+01
  124    22 TI    5.984036394897E+00  9.930071769119E+00  2.172759002672E+00
  125    22 TI    5.961333523637E+00  9.896541465236E+00  6.267986799608E+00
  126    22 TI    5.933953659361E+00  9.896453630219E+00  1.035283246423E+01
  127    22 TI    9.886693841356E+00  1.969404123413E+00  2.153931575168E+00
  128    22 TI    9.939001932842E+00  1.957995940174E+00  6.213764297502E+00
  129    22 TI    9.938985094797E+00  1.948504267411E+00  1.032403590919E+01
  130    22 TI    9.934016671109E+00  5.986479832242E+00  2.167865854952E+00
  131    22 TI    9.912235404682E+00  5.978871202088E+00  6.209767354221E+00
  132    22 TI    9.925221304260E+00  5.993774490814E+00  1.032892876696E+01
  133    22 TI    9.920169149818E+00  9.883914394170E+00  2.154849603728E+00
  134    22 TI    9.940429311157E+00  9.912015619770E+00  6.273340163045E+00
  135    22 TI    9.949077532031E+00  9.923133732906E+00  1.030020596166E+01

 *******************************************************************************
 *** PSEUDOPOTENTIAL INFORMATION ***
 *******************************************************************************

 ATOMIC NUMBER  56, NUCLEAR CHARGE 10.000, GIVEN IN INPUT       PSEUDOPOTENTIAL
   TYPE       EXPONENT      COEFF.    N      EXPONENT      COEFF.    N
  P0 TMS     9.5269860  427.8458160   0     4.4875100  204.4175300   0
  P1 TMS     8.3159300  293.6058640   0     4.2922170  294.1933160   0
  P2 TMS     5.9161080  112.5504020   0     2.8748420  181.7826210   0
  P3 TMS     3.5894650  -33.4731740   0

 *******************************************************************************
 LOCAL ATOMIC FUNCTIONS BASIS SET
 *******************************************************************************
   ATOM   X(AU)   Y(AU)   Z(AU)  N. TYPE  EXPONENT  S COEF   P COEF   D/F/G COEF
 *******************************************************************************
   1 BA   0.043   0.004   0.112
                                  1 S  
                                         2.396E+00-5.955E+00 0.000E+00 0.000E+00
                                         2.243E+00 6.681E+00 0.000E+00 0.000E+00
                                         7.174E-01-5.706E-01 0.000E+00 0.000E+00
                                  2 S  
                                         2.742E-01 1.000E+00 0.000E+00 0.000E+00
                           3-     6 SP 
                                         1.300E-01 1.000E+00 1.000E+00 0.000E+00
                           7-     9 P  
                                         2.927E+00 0.000E+00 7.982E-01 0.000E+00
                                         2.521E+00 0.000E+00-1.071E+00 0.000E+00
                                         6.758E-01 0.000E+00 3.494E-01 0.000E+00
                                         3.199E-01 0.000E+00 6.504E-01 0.000E+00
                          10-    14 D  
                                         9.663E-01 0.000E+00 0.000E+00-9.089E-01
                                         8.938E-01 0.000E+00 0.000E+00 9.472E-01
                          15-    19 D  
                                         2.732E-01 0.000E+00 0.000E+00 3.221E-01
   2 BA   0.072  -0.020   7.771
   3 BA   0.030  -0.024  15.578
   4 BA   0.058   7.547   0.034
   5 BA   0.019   7.569   7.809
   6 BA   0.041   7.455  15.469
   7 BA   0.011  14.953   0.106
   8 BA   0.057  14.952   7.775
   9 BA  -0.008  14.928  15.527
  10 BA   7.428   0.002   0.071
  11 BA   7.475  -0.014   7.712
  12 BA   7.537   0.028  15.454
  13 BA   7.435   7.525   0.078
  14 BA   7.508   7.576   7.789
  15 BA   7.473   7.477  15.448
  16 BA   7.519  15.074   0.064
  17 BA   7.446  15.032   7.740
  18 BA   7.569  15.008  15.545
  19 BA  14.950  -0.031   0.004
  20 BA  15.030  -0.015   7.713
  21 BA  15.021   0.008  15.586
  22 BA  15.006   7.461   0.113
  23 BA  14.973   7.452   7.832
  24 BA  15.002   7.558  15.464
  25 BA  14.932  15.003   0.079
  26 BA  14.961  15.041   7.831
  27 BA  15.061  14.955  15.522
  28 O    3.815   3.751   7.523
                                514 S  
                                         2.703E+04 2.173E-04 0.000E+00 0.000E+00
                                         4.052E+03 1.684E-03 0.000E+00 0.000E+00
                                         9.223E+02 8.740E-03 0.000E+00 0.000E+00
                                         2.612E+02 3.524E-02 0.000E+00 0.000E+00
                                         8.535E+01 1.115E-01 0.000E+00 0.000E+00
                                         3.104E+01 2.559E-01 0.000E+00 0.000E+00
                                515 S  
                                         1.227E+01 3.977E-01 0.000E+00 0.000E+00
                                         4.916E+00 2.463E-01 0.000E+00 0.000E+00
                                516 S  
                                         9.009E-01 1.000E+00 0.000E+00 0.000E+00
                         517-   520 SP 
                                         2.500E-01 1.000E+00 1.000E+00 0.000E+00
                         521-   523 P  
                                         7.530E+01 0.000E+00 6.069E-03 0.000E+00
                                         1.774E+01 0.000E+00 4.191E-02 0.000E+00
                                         5.536E+00 0.000E+00 1.615E-01 0.000E+00
                                         2.069E+00 0.000E+00 3.571E-01 0.000E+00
                         524-   526 P  
                                         7.824E-01 0.000E+00 1.000E+00 0.000E+00
                         527-   531 D  
                                         1.200E+00 0.000E+00 0.000E+00 1.000E+00
  29 O    3.752   3.792  15.280
  30 O    3.706   3.777  22.893
  31 O    3.821  11.229   7.498
  32 O    3.698  11.303  15.198
  33 O    3.798  11.302  22.919
  34 O    3.723  18.792   7.543
  35 O    3.725  18.815  15.250
  36 O    3.733  18.682  22.971
  37 O   11.317   3.784   7.470
  38 O   11.181   3.775  15.204
  39 O   11.281   3.682  22.962
  40 O   11.214  11.259   7.419
  41 O   11.247  11.258  15.141
  42 O   11.225  11.193  22.908
  43 O   11.276  18.740   7.555
  44 O   11.265  18.765  15.143
  45 O   11.296  18.695  22.925
  46 O   18.703   3.715   7.440
  47 O   18.784   3.803  15.261
  48 O   18.720   3.700  22.996
  49 O   18.728  11.182   7.465
  50 O   18.783  11.304  15.262
  51 O   18.707  11.238  23.008
  52 O   18.817  18.789   7.494
  53 O   18.766  18.725  15.286
  54 O   18.726  18.722  23.013
  55 O    3.821   0.026   3.753
  56 O    3.750  -0.064  11.525
  57 O    3.818   0.032  19.208
  58 O    3.802   7.447   3.761
  59 O    3.793   7.440  11.500
  60 O    3.691   7.509  19.170
  61 O    3.774  14.932   3.769
  62 O    3.730  15.018  11.555
  63 O    3.771  15.036  19.153
  64 O   11.254   0.076   3.753
  65 O   11.257  -0.032  11.416
  66 O   11.214   0.062  19.195
  67 O   11.259   7.487   3.826
  68 O   11.291   7.460  11.535
  69 O   11.188   7.468  19.243
  70 O   11.204  14.943   3.758
  71 O   11.305  14.967  11.526
  72 O   11.319  15.032  19.228
  73 O   18.825  -0.004   3.772
  74 O   18.687   0.016  11.449
  75 O   18.826  -0.009  19.226
  76 O   18.800   7.514   3.809
  77 O   18.794   7.544  11.439
  78 O   18.775   7.565  19.184
  79 O   18.704  14.966   3.706
  80 O   18.801  15.039  11.529
  81 O   18.727  14.965  19.155
  82 O    0.069   3.720   3.750
  83 O   -0.045   3.752  11.424
  84 O   -0.054   3.745  19.164
  85 O   -0.042  11.243   3.690
  86 O   -0.043  11.193  11.507
  87 O   -0.066  11.224  19.192
  88 O   -0.005  18.819   3.788
  89 O    0.010  18.745  11.410
  90 O   -0.007  18.735  19.290
  91 O    7.573   3.738   3.771
  92 O    7.451   3.791  11.524
  93 O    7.483   3.784  19.151
  94 O    7.482  11.279   3.685
  95 O    7.455  11.218  11.435
  96 O    7.557  11.218  19.177
  97 O    7.461  18.752   3.688
  98 O    7.539  18.721  11.541
  99 O    7.434  18.788  19.217
 100 O   15.039   3.698   3.792
 101 O   14.981   3.772  11.554
 102 O   15.062   3.791  19.238
 103 O   14.950  11.203   3.727
 104 O   14.994  11.184  11.518
 105 O   14.982  11.180  19.201
 106 O   14.991  18.722   3.684
 107 O   15.040  18.779  11.543
 108 O   14.975  18.726  19.151
 109 TI   3.772   3.782   3.993
                               1972 S  
                                         2.116E+05 2.332E-04 0.000E+00 0.000E+00
                                         3.171E+04 1.808E-03 0.000E+00 0.000E+00
                                         7.218E+03 9.398E-03 0.000E+00 0.000E+00
                                         2.043E+03 3.816E-02 0.000E+00 0.000E+00
                                         6.651E+02 1.237E-01 0.000E+00 0.000E+00
                                         2.387E+02 2.921E-01 0.000E+00 0.000E+00
                                         9.251E+01 4.123E-01 0.000E+00 0.000E+00
                                         3.640E+01 2.109E-01 0.000E+00 0.000E+00
                               1973 S  
                                         2.327E+02-2.492E-02 0.000E+00 0.000E+00
                                         7.179E+01-1.175E-01 0.000E+00 0.000E+00
                                         1.116E+01 5.650E-01 0.000E+00 0.000E+00
                                         4.655E+00 5.621E-01 0.000E+00 0.000E+00
                               1974 S  
                                         6.803E+00-2.301E-01 0.000E+00 0.000E+00
                                         1.120E+00 7.210E-01 0.000E+00 0.000E+00
                               1975 S  
                                         4.808E-01 1.000E+00 0.000E+00 0.000E+00
                               1976 S  
                                         2.400E-01 1.000E+00 0.000E+00 0.000E+00
                        1977-  1980 SP 
                                         1.200E-01 1.000E+00 1.000E+00 0.000E+00
                        1981-  1983 P  
                                         1.063E+03 0.000E+00 2.469E-03 0.000E+00
                                         2.516E+02 0.000E+00 1.977E-02 0.000E+00
                                         8.041E+01 0.000E+00 9.099E-02 0.000E+00
                                         2.977E+01 0.000E+00 2.556E-01 0.000E+00
                                         1.174E+01 0.000E+00 4.049E-01 0.000E+00
                                         4.714E+00 0.000E+00 2.369E-01 0.000E+00
                        1984-  1986 P  
                                         1.780E+01 0.000E+00-2.788E-02 0.000E+00
                                         2.427E+00 0.000E+00 5.567E-01 0.000E+00
                                         9.682E-01 0.000E+00 1.006E+00 0.000E+00
                        1987-  1989 P  
                                         3.706E-01 0.000E+00 1.000E+00 0.000E+00
                        1990-  1994 D  
                                         3.771E+01 0.000E+00 0.000E+00 1.151E-02
                                         1.069E+01 0.000E+00 0.000E+00 6.725E-02
                                         3.673E+00 0.000E+00 0.000E+00 2.148E-01
                                         1.359E+00 0.000E+00 0.000E+00 3.889E-01
                        1995-  1999 D  
                                         5.400E-01 0.000E+00 0.000E+00 1.000E+00
                        2000-  2004 D  
                                         2.200E-01 0.000E+00 0.000E+00 1.000E+00
 110 TI   3.764   3.676  11.798
 111 TI   3.680   3.762  19.548
 112 TI   3.681  11.280   4.067
 113 TI   3.724  11.224  11.856
 114 TI   3.724  11.182  19.538
 115 TI   3.774  18.764   3.987
 116 TI   3.733  18.797  11.848
 117 TI   3.721  18.774  19.588
 118 TI  11.238   3.770   3.986
 119 TI  11.299   3.723  11.842
 120 TI  11.294   3.793  19.567
 121 TI  11.236  11.178   4.066
 122 TI  11.199  11.282  11.745
 123 TI  11.272  11.324  19.516
 124 TI  11.308  18.765   4.106
 125 TI  11.265  18.702  11.845
 126 TI  11.214  18.702  19.564
 127 TI  18.683   3.722   4.070
 128 TI  18.782   3.700  11.742
 129 TI  18.782   3.682  19.510
 130 TI  18.773  11.313   4.097
 131 TI  18.731  11.298  11.735
 132 TI  18.756  11.327  19.519
 133 TI  18.746  18.678   4.072
 134 TI  18.785  18.731  11.855
 135 TI  18.801  18.752  19.465
 INFORMATION **** SET_MPP **** PCRYSTAL CALCULATION
 INFORMATION **** READM2 **** NEW DEFAULT: FOCK/KS MATRIX MIXING SET TO 30 %
 INFORMATION **** READM2 **** NEW DEFAULT: FULL DIRECT SCF MODE
 INFORMATION **** READM2 **** NEW DEFAULT: COULOMB BIPOLAR BUFFER SET TO 32 Mb
 INFORMATION **** READM2 **** NEW DEFAULT: EXCHANGE BIPOLAR BUFFER SET TO 32 Mb

 *******************************************************************************
 NEW DEFAULT: DFT INTEGRATION GRID INCREASED TO XLGRID
 NEW DEFAULT: DIIS ACCELERATOR ACTIVE
 USE KEYWORD NODIIS TO TURN IT OFF
 *******************************************************************************

 INFORMATION **** TOLINTEG **** COULOMB AND EXCHANGE SERIES TOLERANCES MODIFIED
 INFORMATION **** MAXCYCLE **** MAX NUMBER OF SCF CYCLES SET TO         100
 INFORMATION **** EXCHSIZE **** EXCHANGE BIPOLAR BUFFER SIZE SET TO    30000000
 INFORMATION **** BIPOSIZE **** COULOMB BIPOLAR BUFFER SET TO    30000000
 INFORMATION **** GRADCAL **** ANALYTICAL GRADIENT AFTER SCF COMPLETED
 *******************************************************************************
 N. OF ATOMS PER CELL       135  COULOMB OVERLAP TOL         (T1) 10**   -8
 NUMBER OF SHELLS          1053  COULOMB PENETRATION TOL     (T2) 10**   -8
 NUMBER OF AO              2862  EXCHANGE OVERLAP TOL        (T3) 10**   -8
 N. OF ELECTRONS PER CELL  1512  EXCHANGE PSEUDO OVP (F(G))  (T4) 10**   -8
 CORE ELECTRONS PER CELL    648  EXCHANGE PSEUDO OVP (P(G))  (T5) 10**  -16
 N. OF SYMMETRY OPERATORS     1  POLE ORDER IN MONO ZONE                  4
 *******************************************************************************
 TYPE OF CALCULATION :  RESTRICTED CLOSED SHELL
 KOHN-SHAM HAMILTONIAN

 (EXCHANGE)[CORRELATION] FUNCTIONAL:(PERDEW-BURKE-ERNZERHOF)[PERDEW-BURKE-ERNZERHOF]


 HYBRID EXCHANGE - PERCENTAGE OF FOCK EXCHANGE    25.0000
 CORE  PSEUDO POTENTIAL         TOL. ON PSEUDO              (TP) 10**- 6

 CAPPA:IS1  2;IS2  2;IS3  2; K PTS MONK NET   8; SYMMOPS:K SPACE   2;G SPACE   1

 *******************************************************************************
 MAX NUMBER OF SCF CYCLES     100  CONVERGENCE ON DELTAP        10**-16
 WEIGHT OF F(I) IN F(I+1)      80% CONVERGENCE ON ENERGY        10**- 6
 SHRINK. FACT.(MONKH.)    2  2  2  NUMBER OF K POINTS IN THE IBZ      8
 SHRINKING FACTOR(GILAT NET)    2  NUMBER OF K POINTS(GILAT NET)      8
 *******************************************************************************
 *** K POINTS COORDINATES (OBLIQUE COORDINATES IN UNITS OF IS =  2)
   1-R(  0  0  0)   2-R(  1  0  0)   3-R(  0  1  0)   4-R(  1  1  0)
   5-R(  0  0  1)   6-R(  1  0  1)   7-R(  0  1  1)   8-R(  1  1  1)

 DIRECT LATTICE VECTORS COMPON. (A.U.)     RECIP. LATTICE VECTORS COMPON. (A.U.) 
        X            Y            Z              X            Y            Z
   22.5023543    0.0000000    0.0000000      0.2792235    0.0000000    0.0000000
    0.0000000   22.5023543    0.0000000      0.0000000    0.2792235    0.0000000
    0.0000000    0.0000000   23.1960024      0.0000000    0.0000000    0.2708736

 DISK SPACE FOR EIGENVECTORS (FTN 10)    65528352 REALS

 SYMMETRY ADAPTION OF THE BLOCH FUNCTIONS DISABLED
 TTTTTTTTTTTTTTTTTTTTTTTTTTTTTT gordsh1     TELAPSE        0.65 TCPU        0.39

 MATRIX SIZE: P(G) 7085372, F(G) 1249772, P(G) IRR 3550489, F(G) IRR 1253552
 MAX G-VECTOR INDEX FOR 1- AND 2-ELECTRON INTEGRALS  27

 TTTTTTTTTTTTTTTTTTTTTTTTTTTTTT INPUT       TELAPSE        3.72 TCPU        3.45

 NEIGHBORS OF THE NON-EQUIVALENT ATOMS

 N = NUMBER OF NEIGHBORS AT DISTANCE R
    ATOM  N     R/ANG      R/AU   NEIGHBORS (ATOM LABELS AND CELL INDICES)
   1 BA   1     2.7517     5.2000   82 O    0 0 0
   1 BA   1     2.7558     5.2077   88 O    0-1 0
   1 BA   1     2.7620     5.2194   73 O   -1 0 0
   1 BA   1     2.7770     5.2478   55 O    0 0 0
   1 BA   1     2.7912     5.2747   30 O    0 0-1
   1 BA   1     2.8181     5.3253   36 O    0-1-1

   2 BA   1     2.7498     5.1964   34 O    0-1 0
   2 BA   1     2.7604     5.2165   89 O    0-1 0
   2 BA   1     2.7793     5.2521   83 O    0 0 0
   2 BA   1     2.7811     5.2554   56 O    0 0 0
   2 BA   1     2.7920     5.2761   52 O   -1-1 0
   2 BA   1     2.8147     5.3189   28 O    0 0 0

   3 BA   1     2.7518     5.2002   75 O   -1 0 0
   3 BA   1     2.7533     5.2030   84 O    0 0 0
   3 BA   1     2.7587     5.2133   35 O    0-1 0
   3 BA   1     2.7762     5.2463   57 O    0 0 0
   3 BA   1     2.7895     5.2713   90 O    0-1 0
   3 BA   1     2.8179     5.3251   53 O   -1-1 0

   4 BA   1     2.7517     5.2000   85 O    0 0 0
   4 BA   1     2.7818     5.2568   30 O    0 0-1
   4 BA   1     2.7961     5.2838   58 O    0 0 0
   4 BA   1     2.8095     5.3092   33 O    0 0-1
   4 BA   1     2.8195     5.3281   76 O   -1 0 0
   4 BA   1     2.8227     5.3341   82 O    0 0 0

   5 BA   1     2.7403     5.1785   86 O    0 0 0
   5 BA   1     2.7534     5.2032   77 O   -1 0 0
   5 BA   1     2.7782     5.2500   49 O   -1 0 0
   5 BA   1     2.7820     5.2571   83 O    0 0 0
   5 BA   1     2.7944     5.2807   59 O    0 0 0
   5 BA   1     2.7977     5.2870   31 O    0 0 0

   6 BA   1     2.7509     5.1985   60 O    0 0 0
   6 BA   1     2.7614     5.2182   29 O    0 0 0
   6 BA   1     2.7715     5.2374   84 O    0 0 0
   6 BA   1     2.7760     5.2458   47 O   -1 0 0
   6 BA   1     2.8008     5.2928   78 O   -1 0 0
   6 BA   1     2.8040     5.2987   87 O    0 0 0

   7 BA   1     2.7299     5.1587   85 O    0 0 0
   7 BA   1     2.7739     5.2419   79 O   -1 0 0
   7 BA   1     2.7788     5.2512   61 O    0 0 0
   7 BA   1     2.7909     5.2741   33 O    0 0-1
   7 BA   1     2.7934     5.2788   36 O    0 0-1
   7 BA   1     2.8188     5.3267   51 O   -1 0-1

   8 BA   1     2.7800     5.2535   89 O    0 0 0
   8 BA   1     2.7896     5.2716   62 O    0 0 0
   8 BA   1     2.8035     5.2978   86 O    0 0 0
   8 BA   1     2.8057     5.3019   31 O    0 0 0
   8 BA   1     2.8113     5.3125   80 O   -1 0 0
   8 BA   1     2.8122     5.3143   34 O    0 0 0

   9 BA   1     2.7488     5.1944   50 O   -1 0 0
   9 BA   1     2.7488     5.1946   32 O    0 0 0
   9 BA   1     2.7573     5.2105   87 O    0 0 0
   9 BA   1     2.7680     5.2307   81 O   -1 0 0
   9 BA   1     2.7720     5.2384   63 O    0 0 0
   9 BA   1     2.8191     5.3273   53 O   -1 0 0

  10 BA   1     2.7277     5.1546   55 O    0 0 0
  10 BA   1     2.7582     5.2121   97 O    0-1 0
  10 BA   1     2.7834     5.2600   91 O    0 0 0
  10 BA   1     2.8099     5.3099   64 O    0 0 0
  10 BA   1     2.8123     5.3146   30 O    0 0-1
  10 BA   1     2.8179     5.3250   36 O    0-1-1

  11 BA   1     2.7799     5.2533   28 O    0 0 0
  11 BA   1     2.7885     5.2695   34 O    0-1 0
  11 BA   1     2.8017     5.2944   65 O    0 0 0
  11 BA   1     2.8209     5.3308   56 O    0 0 0
  11 BA   1     2.8260     5.3403   43 O    0-1 0
  11 BA   1     2.8433     5.3730   98 O    0-1 0

  12 BA   1     2.7690     5.2327   38 O    0 0 0
  12 BA   1     2.7761     5.2460   66 O    0 0 0
  12 BA   1     2.7892     5.2709   93 O    0 0 0
  12 BA   1     2.7961     5.2840   57 O    0 0 0
  12 BA   1     2.8088     5.3078   44 O    0-1 0
  12 BA   1     2.8093     5.3088   99 O    0-1 0

  13 BA   1     2.7377     5.1735   58 O    0 0 0
  13 BA   1     2.7551     5.2064   94 O    0 0 0
  13 BA   1     2.7810     5.2553   33 O    0 0-1
  13 BA   1     2.7981     5.2876   42 O    0 0-1
  13 BA   1     2.8001     5.2915   91 O    0 0 0
  13 BA   1     2.8049     5.3004   30 O    0 0-1

  14 BA   1     2.7271     5.1535   95 O    0 0 0
  14 BA   1     2.7509     5.1984   31 O    0 0 0
  14 BA   1     2.7716     5.2375   40 O    0 0 0
  14 BA   1     2.7794     5.2523   59 O    0 0 0
  14 BA   1     2.8136     5.3170   92 O    0 0 0
  14 BA   1     2.8169     5.3232   28 O    0 0 0

  15 BA   1     2.7676     5.2300   93 O    0 0 0
  15 BA   1     2.7726     5.2394   29 O    0 0 0
  15 BA   1     2.7756     5.2451   38 O    0 0 0
  15 BA   1     2.7961     5.2839   96 O    0 0 0
  15 BA   1     2.8079     5.3061   60 O    0 0 0
  15 BA   1     2.8106     5.3113   69 O    0 0 0

  16 BA   1     2.7328     5.1643   97 O    0 0 0
  16 BA   1     2.7620     5.2194   70 O    0 0 0
  16 BA   1     2.7718     5.2379   36 O    0 0-1
  16 BA   1     2.7748     5.2436   45 O    0 0-1
  16 BA   1     2.7755     5.2450   94 O    0 0 0
  16 BA   1     2.7883     5.2692   61 O    0 0 0

  17 BA   1     2.7830     5.2591   31 O    0 0 0
  17 BA   1     2.8017     5.2944   34 O    0 0 0
  17 BA   1     2.8035     5.2978   98 O    0 0 0
  17 BA   1     2.8100     5.3102   95 O    0 0 0
  17 BA   1     2.8184     5.3260   62 O    0 0 0
  17 BA   1     2.8227     5.3342   43 O    0 0 0

  18 BA   1     2.7722     5.2387   63 O    0 0 0
  18 BA   1     2.7780     5.2497   96 O    0 0 0
  18 BA   1     2.7815     5.2563   72 O    0 0 0
  18 BA   1     2.7876     5.2677   41 O    0 0 0
  18 BA   1     2.7899     5.2721   99 O    0 0 0
  18 BA   1     2.7969     5.2854   44 O    0 0 0

  19 BA   1     2.7654     5.2258   39 O    0 0-1
  19 BA   1     2.7800     5.2535  106 O    0-1 0
  19 BA   1     2.7844     5.2617   45 O    0-1-1
  19 BA   1     2.7867     5.2660   64 O    0 0 0
  19 BA   1     2.8093     5.3087   48 O    0 0-1
  19 BA   1     2.8132     5.3162  100 O    0 0 0

  20 BA   1     2.7668     5.2286   74 O    0 0 0
  20 BA   1     2.7737     5.2415   46 O    0 0 0
  20 BA   1     2.7975     5.2866   65 O    0 0 0
  20 BA   1     2.8040     5.2987   52 O    0-1 0
  20 BA   1     2.8082     5.3067   43 O    0-1 0
  20 BA   1     2.8138     5.3173   37 O    0 0 0

  21 BA   1     2.7511     5.1988  108 O    0-1 0
  21 BA   1     2.7762     5.2463   66 O    0 0 0
  21 BA   1     2.7826     5.2583  102 O    0 0 0
  21 BA   1     2.7867     5.2661   75 O    0 0 0
  21 BA   1     2.8164     5.3222   44 O    0-1 0
  21 BA   1     2.8221     5.3329   53 O    0-1 0

  22 BA   1     2.7529     5.2023  103 O    0 0 0
  22 BA   1     2.7845     5.2620  100 O    0 0 0
  22 BA   1     2.7916     5.2753   67 O    0 0 0
  22 BA   1     2.8017     5.2945   48 O    0 0-1
  22 BA   1     2.8030     5.2969   76 O    0 0 0
  22 BA   1     2.8030     5.2970   51 O    0 0-1

  23 BA   1     2.7471     5.1912   37 O    0 0 0
  23 BA   1     2.7635     5.2222   68 O    0 0 0
  23 BA   1     2.7701     5.2347  101 O    0 0 0
  23 BA   1     2.7756     5.2451  104 O    0 0 0
  23 BA   1     2.7808     5.2549   77 O    0 0 0
  23 BA   1     2.8017     5.2945   46 O    0 0 0

  24 BA   1     2.7543     5.2048  105 O    0 0 0
  24 BA   1     2.7951     5.2820   41 O    0 0 0
  24 BA   1     2.8037     5.2982   78 O    0 0 0
  24 BA   1     2.8183     5.3259   50 O    0 0 0
  24 BA   1     2.8219     5.3327  102 O    0 0 0
  24 BA   1     2.8223     5.3335   47 O    0 0 0

  25 BA   1     2.7411     5.1799  106 O    0 0 0
  25 BA   1     2.7487     5.1942   45 O    0 0-1
  25 BA   1     2.7693     5.2332   79 O    0 0 0
  25 BA   1     2.7718     5.2380   70 O    0 0 0
  25 BA   1     2.7874     5.2675  103 O    0 0 0
  25 BA   1     2.8147     5.3191   54 O    0 0-1

  26 BA   1     2.7509     5.1984   71 O    0 0 0
  26 BA   1     2.7670     5.2288   43 O    0 0 0
  26 BA   1     2.7881     5.2687  107 O    0 0 0
  26 BA   1     2.8207     5.3304   80 O    0 0 0
  26 BA   1     2.8238     5.3362  104 O    0 0 0
  26 BA   1     2.8262     5.3408   40 O    0 0 0

  27 BA   1     2.7316     5.1619   81 O    0 0 0
  27 BA   1     2.7626     5.2205   50 O    0 0 0
  27 BA   1     2.7698     5.2342  108 O    0 0 0
  27 BA   1     2.7869     5.2666   72 O    0 0 0
  27 BA   1     2.7898     5.2720  105 O    0 0 0
  27 BA   1     2.8002     5.2915   53 O    0 0 0

  28 O    1     1.8681     3.5303  109 TI   0 0 0
  28 O    1     2.2628     4.2761  110 TI   0 0 0
  28 O    1     2.7799     5.2533   11 BA   0 0 0
  28 O    1     2.7908     5.2738   58 O    0 0 0
  28 O    1     2.8042     5.2992   55 O    0 0 0
  28 O    1     2.8098     5.3097   91 O    0 0 0

  29 O    1     1.8435     3.4838  110 TI   0 0 0
  29 O    1     2.2590     4.2690  111 TI   0 0 0
  29 O    1     2.7614     5.2182    6 BA   0 0 0
  29 O    1     2.7726     5.2394   15 BA   0 0 0
  29 O    1     2.7803     5.2540   59 O    0 0 0
  29 O    1     2.7896     5.2717   92 O    0 0 0

  30 O    1     1.7702     3.3453  111 TI   0 0 0
  30 O    1     2.2735     4.2963  109 TI   0 0 1
  30 O    1     2.7812     5.2558   57 O    0 0 0
  30 O    1     2.7818     5.2568    4 BA   0 0 1
  30 O    1     2.7898     5.2719   60 O    0 0 0
  30 O    1     2.7912     5.2747    1 BA   0 0 1

  31 O    1     1.8174     3.4344  112 TI   0 0 0
  31 O    1     2.3065     4.3586  113 TI   0 0 0
  31 O    1     2.7509     5.1984   14 BA   0 0 0
  31 O    1     2.7811     5.2555   61 O    0 0 0
  31 O    1     2.7830     5.2591   17 BA   0 0 0
  31 O    1     2.7973     5.2860   94 O    0 0 0

  32 O    1     1.7694     3.3436  113 TI   0 0 0
  32 O    1     2.2975     4.3416  114 TI   0 0 0
  32 O    1     2.7488     5.1946    9 BA   0 0 0
  32 O    1     2.7534     5.2032   62 O    0 0 0
  32 O    1     2.7818     5.2569   86 O    0 0 0
  32 O    1     2.8126     5.3150    6 BA   0 0 0

  33 O    1     1.7909     3.3843  114 TI   0 0 0
  33 O    1     2.2994     4.3452  112 TI   0 0 1
  33 O    1     2.7810     5.2553   13 BA   0 0 1
  33 O    1     2.7909     5.2741    7 BA   0 0 1
  33 O    1     2.8068     5.3041   96 O    0 0 0
  33 O    1     2.8068     5.3041   63 O    0 0 0

  34 O    1     1.8817     3.5559  115 TI   0 0 0
  34 O    1     2.2785     4.3058  116 TI   0 0 0
  34 O    1     2.7498     5.1964    2 BA   0 1 0
  34 O    1     2.7885     5.2695   11 BA   0 1 0
  34 O    1     2.8003     5.2917   88 O    0 0 0
  34 O    1     2.8017     5.2944   17 BA   0 0 0

  35 O    1     1.7999     3.4013  116 TI   0 0 0
  35 O    1     2.2959     4.3386  117 TI   0 0 0
  35 O    1     2.7499     5.1965   56 O    0 1 0
  35 O    1     2.7587     5.2133    3 BA   0 1 0
  35 O    1     2.8033     5.2975   62 O    0 0 0
  35 O    1     2.8156     5.3206   98 O    0 0 0

  36 O    1     1.7906     3.3838  117 TI   0 0 0
  36 O    1     2.2298     4.2136  115 TI   0 0 1
  36 O    1     2.7718     5.2379   16 BA   0 0 1
  36 O    1     2.7770     5.2478   90 O    0 0 0
  36 O    1     2.7902     5.2726   99 O    0 0 0
  36 O    1     2.7934     5.2788    7 BA   0 0 1

  37 O    1     1.8442     3.4850  118 TI   0 0 0
  37 O    1     2.3138     4.3725  119 TI   0 0 0
  37 O    1     2.7471     5.1912   23 BA   0 0 0
  37 O    1     2.7493     5.1955   67 O    0 0 0
  37 O    1     2.7697     5.2340  100 O    0 0 0
  37 O    1     2.7789     5.2514   64 O    0 0 0

  38 O    1     1.7801     3.3638  119 TI   0 0 0
  38 O    1     2.3097     4.3648  120 TI   0 0 0
  38 O    1     2.7524     5.2013   68 O    0 0 0
  38 O    1     2.7690     5.2327   12 BA   0 0 0
  38 O    1     2.7728     5.2398   92 O    0 0 0
  38 O    1     2.7756     5.2451   15 BA   0 0 0

  39 O    1     1.7977     3.3971  120 TI   0 0 0
  39 O    1     2.2337     4.2211  118 TI   0 0 1
  39 O    1     2.7650     5.2250   66 O    0 0 0
  39 O    1     2.7654     5.2258   19 BA   0 0 1
  39 O    1     2.8088     5.3079   69 O    0 0 0
  39 O    1     2.8090     5.3081  102 O    0 0 0

  40 O    1     1.7751     3.3545  121 TI   0 0 0
  40 O    1     2.2891     4.3257  122 TI   0 0 0
  40 O    1     2.7487     5.1942   70 O    0 0 0
  40 O    1     2.7565     5.2090   67 O    0 0 0
  40 O    1     2.7716     5.2375   14 BA   0 0 0
  40 O    1     2.7800     5.2534  103 O    0 0 0

  41 O    1     1.7975     3.3968  122 TI   0 0 0
  41 O    1     2.3151     4.3749  123 TI   0 0 0
  41 O    1     2.7413     5.1804   71 O    0 0 0
  41 O    1     2.7589     5.2136  104 O    0 0 0
  41 O    1     2.7715     5.2373   68 O    0 0 0
  41 O    1     2.7876     5.2677   18 BA   0 0 0

  42 O    1     1.7966     3.3951  123 TI   0 0 0
  42 O    1     2.3041     4.3541  121 TI   0 0 1
  42 O    1     2.7654     5.2258   69 O    0 0 0
  42 O    1     2.7688     5.2323   96 O    0 0 0
  42 O    1     2.7927     5.2774  105 O    0 0 0
  42 O    1     2.7981     5.2876   13 BA   0 0 1

  43 O    1     1.8254     3.4494  124 TI   0 0 0
  43 O    1     2.2701     4.2899  125 TI   0 0 0
  43 O    1     2.7670     5.2288   26 BA   0 0 0
  43 O    1     2.8082     5.3067   20 BA   0 1 0
  43 O    1     2.8227     5.3342   17 BA   0 0 0
  43 O    1     2.8260     5.3403   11 BA   0 1 0

  44 O    1     1.7459     3.2992  125 TI   0 0 0
  44 O    1     2.3397     4.4214  126 TI   0 0 0
  44 O    1     2.7423     5.1822   98 O    0 0 0
  44 O    1     2.7605     5.2166  107 O    0 0 0
  44 O    1     2.7757     5.2453   71 O    0 0 0
  44 O    1     2.7810     5.2553   65 O    0 1 0

  45 O    1     1.7793     3.3623  126 TI   0 0 0
  45 O    1     2.3163     4.3771  124 TI   0 0 1
  45 O    1     2.7487     5.1942   25 BA   0 0 1
  45 O    1     2.7544     5.2050   72 O    0 0 0
  45 O    1     2.7748     5.2436   16 BA   0 0 1
  45 O    1     2.7844     5.2617   19 BA   0 1 1

  46 O    1     1.7830     3.3693  127 TI   0 0 0
  46 O    1     2.2773     4.3035  128 TI   0 0 0
  46 O    1     2.7358     5.1699  100 O    0 0 0
  46 O    1     2.7645     5.2242   73 O    0 0 0
  46 O    1     2.7737     5.2415   20 BA   0 0 0
  46 O    1     2.7811     5.2555   76 O    0 0 0

  47 O    1     1.8626     3.5198  128 TI   0 0 0
  47 O    1     2.2494     4.2507  129 TI   0 0 0
  47 O    1     2.7760     5.2458    6 BA   1 0 0
  47 O    1     2.8102     5.3105  101 O    0 0 0
  47 O    1     2.8108     5.3117   83 O    1 0 0
  47 O    1     2.8223     5.3335   24 BA   0 0 0

  48 O    1     1.8450     3.4866  129 TI   0 0 0
  48 O    1     2.2601     4.2709  127 TI   0 0 1
  48 O    1     2.7757     5.2454  102 O    0 0 0
  48 O    1     2.7991     5.2895   75 O    0 0 0
  48 O    1     2.8017     5.2945   22 BA   0 0 1
  48 O    1     2.8093     5.3087   19 BA   0 0 1

  49 O    1     1.7842     3.3716  130 TI   0 0 0
  49 O    1     2.2600     4.2709  131 TI   0 0 0
  49 O    1     2.7411     5.1799   76 O    0 0 0
  49 O    1     2.7782     5.2500    5 BA   1 0 0
  49 O    1     2.8075     5.3054   23 BA   0 0 0
  49 O    1     2.8093     5.3088   85 O    1 0 0

  50 O    1     1.8665     3.5272  131 TI   0 0 0
  50 O    1     2.2529     4.2574  132 TI   0 0 0
  50 O    1     2.7488     5.1944    9 BA   1 0 0
  50 O    1     2.7626     5.2205   27 BA   0 0 0
  50 O    1     2.7815     5.2563   86 O    1 0 0
  50 O    1     2.7946     5.2811   80 O    0 0 0

  51 O    1     1.8472     3.4908  132 TI   0 0 0
  51 O    1     2.2679     4.2857  130 TI   0 0 1
  51 O    1     2.8030     5.2970   22 BA   0 0 1
  51 O    1     2.8063     5.3032   78 O    0 0 0
  51 O    1     2.8188     5.3267    7 BA   1 0 1
  51 O    1     2.8191     5.3273  105 O    0 0 0

  52 O    1     1.8124     3.4249  133 TI   0 0 0
  52 O    1     2.3077     4.3609  134 TI   0 0 0
  52 O    1     2.7639     5.2230   88 O    1 0 0
  52 O    1     2.7811     5.2555   73 O    0 1 0
  52 O    1     2.7920     5.2761    2 BA   1 1 0
  52 O    1     2.8040     5.2987   20 BA   0 1 0

  53 O    1     1.8156     3.4309  134 TI   0 0 0
  53 O    1     2.2115     4.1790  135 TI   0 0 0
  53 O    1     2.7853     5.2635   80 O    0 0 0
  53 O    1     2.7946     5.2811  107 O    0 0 0
  53 O    1     2.8002     5.2915   27 BA   0 0 0
  53 O    1     2.8179     5.3251    3 BA   1 1 0

  54 O    1     1.8781     3.5491  135 TI   0 0 0
  54 O    1     2.2520     4.2556  133 TI   0 0 1
  54 O    1     2.8036     5.2981   90 O    1 0 0
  54 O    1     2.8147     5.3191   25 BA   0 0 1
  54 O    1     2.8172     5.3238   19 BA   0 1 1
  54 O    1     2.8285     5.3452   75 O    0 1 0

  55 O    1     1.9920     3.7643  109 TI   0 0 0
  55 O    1     1.9961     3.7721  115 TI   0-1 0
  55 O    1     2.7277     5.1546   10 BA   0 0 0
  55 O    1     2.7756     5.2452   97 O    0-1 0
  55 O    1     2.7770     5.2478    1 BA   0 0 0
  55 O    1     2.7862     5.2652   82 O    0 0 0

  56 O    1     1.9349     3.6563  116 TI   0-1 0
  56 O    1     1.9845     3.7502  110 TI   0 0 0
  56 O    1     2.7499     5.1965   35 O    0-1 0
  56 O    1     2.7811     5.2554    2 BA   0 0 0
  56 O    1     2.7825     5.2582   89 O    0-1 0
  56 O    1     2.8092     5.3087   98 O    0-1 0

  57 O    1     1.9835     3.7483  111 TI   0 0 0
  57 O    1     2.0005     3.7803  117 TI   0-1 0
  57 O    1     2.7552     5.2066   99 O    0-1 0
  57 O    1     2.7756     5.2451   93 O    0 0 0
  57 O    1     2.7762     5.2463    3 BA   0 0 0
  57 O    1     2.7812     5.2558   30 O    0 0 0

  58 O    1     1.9430     3.6717  109 TI   0 0 0
  58 O    1     2.0360     3.8474  112 TI   0 0 0
  58 O    1     2.7377     5.1735   13 BA   0 0 0
  58 O    1     2.7908     5.2738   28 O    0 0 0
  58 O    1     2.7916     5.2754   82 O    0 0 0
  58 O    1     2.7961     5.2838    4 BA   0 0 0

  59 O    1     1.9981     3.7759  110 TI   0 0 0
  59 O    1     2.0114     3.8010  113 TI   0 0 0
  59 O    1     2.7341     5.1667   92 O    0 0 0
  59 O    1     2.7794     5.2523   14 BA   0 0 0
  59 O    1     2.7803     5.2540   29 O    0 0 0
  59 O    1     2.7842     5.2614   95 O    0 0 0

  60 O    1     1.9535     3.6915  114 TI   0 0 0
  60 O    1     1.9930     3.7663  111 TI   0 0 0
  60 O    1     2.7509     5.1985    6 BA   0 0 0
  60 O    1     2.7898     5.2719   30 O    0 0 0
  60 O    1     2.7963     5.2842   87 O    0 0 0
  60 O    1     2.8079     5.3061   15 BA   0 0 0

  61 O    1     1.9395     3.6652  112 TI   0 0 0
  61 O    1     2.0312     3.8384  115 TI   0 0 0
  61 O    1     2.7546     5.2054   94 O    0 0 0
  61 O    1     2.7788     5.2512    7 BA   0 0 0
  61 O    1     2.7811     5.2555   31 O    0 0 0
  61 O    1     2.7883     5.2692   16 BA   0 0 0

  62 O    1     2.0055     3.7898  116 TI   0 0 0
  62 O    1     2.0140     3.8059  113 TI   0 0 0
  62 O    1     2.7534     5.2032   32 O    0 0 0
  62 O    1     2.7878     5.2681   89 O    0 0 0
  62 O    1     2.7896     5.2716    8 BA   0 0 0
  62 O    1     2.8033     5.2975   35 O    0 0 0

  63 O    1     1.9917     3.7638  117 TI   0 0 0
  63 O    1     2.0497     3.8733  114 TI   0 0 0
  63 O    1     2.7720     5.2384    9 BA   0 0 0
  63 O    1     2.7722     5.2387   18 BA   0 0 0
  63 O    1     2.7750     5.2440   99 O    0 0 0
  63 O    1     2.7937     5.2792   36 O    0 0 0

  64 O    1     1.9587     3.7014  118 TI   0 0 0
  64 O    1     2.0265     3.8295  124 TI   0-1 0
  64 O    1     2.7476     5.1923   91 O    0 0 0
  64 O    1     2.7727     5.2397  100 O    0 0 0
  64 O    1     2.7789     5.2514   37 O    0 0 0
  64 O    1     2.7867     5.2660   19 BA   0 0 0

  65 O    1     2.0001     3.7796  119 TI   0 0 0
  65 O    1     2.0071     3.7929  125 TI   0-1 0
  65 O    1     2.7810     5.2553   44 O    0-1 0
  65 O    1     2.7951     5.2821   98 O    0-1 0
  65 O    1     2.7975     5.2866   20 BA   0 0 0
  65 O    1     2.7977     5.2868  107 O    0-1 0

  66 O    1     1.9848     3.7506  120 TI   0 0 0
  66 O    1     2.0534     3.8804  126 TI   0-1 0
  66 O    1     2.7650     5.2250   39 O    0 0 0
  66 O    1     2.7761     5.2460   12 BA   0 0 0
  66 O    1     2.7762     5.2463   21 BA   0 0 0
  66 O    1     2.7889     5.2703   93 O    0 0 0

  67 O    1     1.9570     3.6982  121 TI   0 0 0
  67 O    1     1.9691     3.7211  118 TI   0 0 0
  67 O    1     2.7493     5.1955   37 O    0 0 0
  67 O    1     2.7565     5.2090   40 O    0 0 0
  67 O    1     2.7717     5.2377  103 O    0 0 0
  67 O    1     2.7827     5.2585   91 O    0 0 0

  68 O    1     1.9843     3.7498  119 TI   0 0 0
  68 O    1     2.0257     3.8280  122 TI   0 0 0
  68 O    1     2.7524     5.2013   38 O    0 0 0
  68 O    1     2.7612     5.2180  101 O    0 0 0
  68 O    1     2.7635     5.2222   23 BA   0 0 0
  68 O    1     2.7715     5.2373   41 O    0 0 0

  69 O    1     1.9529     3.6904  120 TI   0 0 0
  69 O    1     2.0459     3.8661  123 TI   0 0 0
  69 O    1     2.7629     5.2211   96 O    0 0 0
  69 O    1     2.7654     5.2258   42 O    0 0 0
  69 O    1     2.7654     5.2259   93 O    0 0 0
  69 O    1     2.8086     5.3075  105 O    0 0 0

  70 O    1     1.9992     3.7779  121 TI   0 0 0
  70 O    1     2.0318     3.8395  124 TI   0 0 0
  70 O    1     2.7487     5.1942   40 O    0 0 0
  70 O    1     2.7620     5.2194   16 BA   0 0 0
  70 O    1     2.7641     5.2234   94 O    0 0 0
  70 O    1     2.7718     5.2380   25 BA   0 0 0

  71 O    1     1.9547     3.6938  122 TI   0 0 0
  71 O    1     1.9834     3.7481  125 TI   0 0 0
  71 O    1     2.7413     5.1804   41 O    0 0 0
  71 O    1     2.7509     5.1984   26 BA   0 0 0
  71 O    1     2.7757     5.2453   44 O    0 0 0
  71 O    1     2.7967     5.2851  104 O    0 0 0

  72 O    1     1.9507     3.6863  126 TI   0 0 0
  72 O    1     1.9686     3.7201  123 TI   0 0 0
  72 O    1     2.7503     5.1973  108 O    0 0 0
  72 O    1     2.7544     5.2050   45 O    0 0 0
  72 O    1     2.7815     5.2563   18 BA   0 0 0
  72 O    1     2.7869     5.2666   27 BA   0 0 0

  73 O    1     1.9791     3.7399  127 TI   0 0 0
  73 O    1     2.0285     3.8333  133 TI   0-1 0
  73 O    1     2.7511     5.1988   88 O    1-1 0
  73 O    1     2.7620     5.2194    1 BA   1 0 0
  73 O    1     2.7645     5.2242   46 O    0 0 0
  73 O    1     2.7811     5.2555   52 O    0-1 0

  74 O    1     1.9561     3.6965  128 TI   0 0 0
  74 O    1     2.0165     3.8106  134 TI   0-1 0
  74 O    1     2.7645     5.2241  107 O    0-1 0
  74 O    1     2.7668     5.2286   20 BA   0 0 0
  74 O    1     2.7924     5.2770  101 O    0 0 0
  74 O    1     2.8088     5.3078   83 O    1 0 0

  75 O    1     1.9591     3.7021  129 TI   0 0 0
  75 O    1     1.9840     3.7491  135 TI   0-1 0
  75 O    1     2.7518     5.2002    3 BA   1 0 0
  75 O    1     2.7605     5.2165   84 O    1 0 0
  75 O    1     2.7795     5.2525   90 O    1-1 0
  75 O    1     2.7867     5.2661   21 BA   0 0 0

  76 O    1     2.0123     3.8027  127 TI   0 0 0
  76 O    1     2.0163     3.8102  130 TI   0 0 0
  76 O    1     2.7411     5.1799   49 O    0 0 0
  76 O    1     2.7658     5.2265   85 O    1 0 0
  76 O    1     2.7811     5.2555   46 O    0 0 0
  76 O    1     2.8030     5.2969   22 BA   0 0 0

  77 O    1     1.9932     3.7666  131 TI   0 0 0
  77 O    1     2.0405     3.8559  128 TI   0 0 0
  77 O    1     2.7374     5.1729   86 O    1 0 0
  77 O    1     2.7534     5.2032    5 BA   1 0 0
  77 O    1     2.7808     5.2549   23 BA   0 0 0
  77 O    1     2.7844     5.2618  104 O    0 0 0

  78 O    1     1.9985     3.7766  132 TI   0 0 0
  78 O    1     2.0619     3.8964  129 TI   0 0 0
  78 O    1     2.7394     5.1767   87 O    1 0 0
  78 O    1     2.7728     5.2398  105 O    0 0 0
  78 O    1     2.8008     5.2928    6 BA   1 0 0
  78 O    1     2.8018     5.2946  102 O    0 0 0

  79 O    1     1.9446     3.6747  130 TI   0 0 0
  79 O    1     1.9739     3.7301  133 TI   0 0 0
  79 O    1     2.7693     5.2332   25 BA   0 0 0
  79 O    1     2.7739     5.2419    7 BA   1 0 0
  79 O    1     2.7948     5.2814  106 O    0 0 0
  79 O    1     2.7987     5.2888   85 O    1 0 0

  80 O    1     1.9613     3.7063  134 TI   0 0 0
  80 O    1     1.9829     3.7471  131 TI   0 0 0
  80 O    1     2.7761     5.2460   89 O    1 0 0
  80 O    1     2.7853     5.2635   53 O    0 0 0
  80 O    1     2.7946     5.2811   50 O    0 0 0
  80 O    1     2.8066     5.3038  107 O    0 0 0

  81 O    1     1.9350     3.6566  132 TI   0 0 0
  81 O    1     2.0111     3.8004  135 TI   0 0 0
  81 O    1     2.7316     5.1619   27 BA   0 0 0
  81 O    1     2.7680     5.2307    9 BA   1 0 0
  81 O    1     2.7876     5.2678   87 O    1 0 0
  81 O    1     2.8113     5.3125  108 O    0 0 0

  82 O    1     1.9640     3.7115  109 TI   0 0 0
  82 O    1     2.0645     3.9014  127 TI  -1 0 0
  82 O    1     2.7517     5.2000    1 BA   0 0 0
  82 O    1     2.7862     5.2652   55 O    0 0 0
  82 O    1     2.7916     5.2754   58 O    0 0 0
  82 O    1     2.7951     5.2819   73 O   -1 0 0

  83 O    1     1.9524     3.6895  128 TI  -1 0 0
  83 O    1     2.0257     3.8280  110 TI   0 0 0
  83 O    1     2.7793     5.2521    2 BA   0 0 0
  83 O    1     2.7820     5.2571    5 BA   0 0 0
  83 O    1     2.7901     5.2725   77 O   -1 0 0
  83 O    1     2.8088     5.3078   74 O   -1 0 0

  84 O    1     1.9490     3.6830  129 TI  -1 0 0
  84 O    1     1.9867     3.7543  111 TI   0 0 0
  84 O    1     2.7533     5.2030    3 BA   0 0 0
  84 O    1     2.7605     5.2165   75 O   -1 0 0
  84 O    1     2.7715     5.2374    6 BA   0 0 0
  84 O    1     2.8025     5.2959   30 O    0 0 0

  85 O    1     1.9636     3.7106  130 TI  -1 0 0
  85 O    1     1.9804     3.7423  112 TI   0 0 0
  85 O    1     2.7299     5.1587    7 BA   0 0 0
  85 O    1     2.7517     5.2000    4 BA   0 0 0
  85 O    1     2.7658     5.2265   76 O   -1 0 0
  85 O    1     2.7987     5.2888   79 O   -1 0 0

  86 O    1     1.9772     3.7364  131 TI  -1 0 0
  86 O    1     2.0021     3.7834  113 TI   0 0 0
  86 O    1     2.7374     5.1729   77 O   -1 0 0
  86 O    1     2.7403     5.1785    5 BA   0 0 0
  86 O    1     2.7815     5.2563   50 O   -1 0 0
  86 O    1     2.7818     5.2569   32 O    0 0 0

  87 O    1     1.9558     3.6960  132 TI  -1 0 0
  87 O    1     2.0141     3.8060  114 TI   0 0 0
  87 O    1     2.7394     5.1767   78 O   -1 0 0
  87 O    1     2.7573     5.2105    9 BA   0 0 0
  87 O    1     2.7876     5.2678   81 O   -1 0 0
  87 O    1     2.7963     5.2842   60 O    0 0 0

  88 O    1     1.9918     3.7640  133 TI  -1 0 0
  88 O    1     2.0030     3.7851  115 TI   0 0 0
  88 O    1     2.7511     5.1988   73 O   -1 1 0
  88 O    1     2.7558     5.2077    1 BA   0 1 0
  88 O    1     2.7639     5.2230   52 O   -1 0 0
  88 O    1     2.8003     5.2917   34 O    0 0 0

  89 O    1     1.9840     3.7492  116 TI   0 0 0
  89 O    1     1.9864     3.7537  134 TI  -1 0 0
  89 O    1     2.7604     5.2165    2 BA   0 1 0
  89 O    1     2.7761     5.2460   80 O   -1 0 0
  89 O    1     2.7800     5.2535    8 BA   0 0 0
  89 O    1     2.7825     5.2582   56 O    0 1 0

  90 O    1     1.9570     3.6983  135 TI  -1 0 0
  90 O    1     1.9794     3.7405  117 TI   0 0 0
  90 O    1     2.7770     5.2478   36 O    0 0 0
  90 O    1     2.7795     5.2525   75 O   -1 1 0
  90 O    1     2.7895     5.2713    3 BA   0 1 0
  90 O    1     2.7991     5.2896   63 O    0 0 0

  91 O    1     1.9427     3.6712  118 TI   0 0 0
  91 O    1     2.0150     3.8077  109 TI   0 0 0
  91 O    1     2.7476     5.1923   64 O    0 0 0
  91 O    1     2.7827     5.2585   67 O    0 0 0
  91 O    1     2.7834     5.2600   10 BA   0 0 0
  91 O    1     2.7854     5.2636   37 O    0 0 0

  92 O    1     1.9575     3.6991  110 TI   0 0 0
  92 O    1     2.0434     3.8614  119 TI   0 0 0
  92 O    1     2.7341     5.1667   59 O    0 0 0
  92 O    1     2.7728     5.2398   38 O    0 0 0
  92 O    1     2.7896     5.2717   29 O    0 0 0
  92 O    1     2.8104     5.3109   68 O    0 0 0

  93 O    1     2.0231     3.8230  111 TI   0 0 0
  93 O    1     2.0289     3.8340  120 TI   0 0 0
  93 O    1     2.7654     5.2259   69 O    0 0 0
  93 O    1     2.7676     5.2300   15 BA   0 0 0
  93 O    1     2.7756     5.2451   57 O    0 0 0
  93 O    1     2.7889     5.2703   66 O    0 0 0

  94 O    1     1.9974     3.7746  121 TI   0 0 0
  94 O    1     2.0214     3.8200  112 TI   0 0 0
  94 O    1     2.7546     5.2054   61 O    0 0 0
  94 O    1     2.7551     5.2064   13 BA   0 0 0
  94 O    1     2.7641     5.2234   70 O    0 0 0
  94 O    1     2.7755     5.2450   16 BA   0 0 0

  95 O    1     1.9867     3.7543  113 TI   0 0 0
  95 O    1     1.9883     3.7573  122 TI   0 0 0
  95 O    1     2.7271     5.1535   14 BA   0 0 0
  95 O    1     2.7842     5.2614   59 O    0 0 0
  95 O    1     2.8062     5.3030   41 O    0 0 0
  95 O    1     2.8100     5.3102   17 BA   0 0 0

  96 O    1     1.9750     3.7323  123 TI   0 0 0
  96 O    1     2.0373     3.8499  114 TI   0 0 0
  96 O    1     2.7629     5.2211   69 O    0 0 0
  96 O    1     2.7688     5.2323   42 O    0 0 0
  96 O    1     2.7780     5.2497   18 BA   0 0 0
  96 O    1     2.7961     5.2839   15 BA   0 0 0

  97 O    1     1.9574     3.6989  115 TI   0 0 0
  97 O    1     2.0479     3.8700  124 TI   0 0 0
  97 O    1     2.7328     5.1643   16 BA   0 0 0
  97 O    1     2.7582     5.2121   10 BA   0 1 0
  97 O    1     2.7756     5.2452   55 O    0 1 0
  97 O    1     2.8097     5.3095   61 O    0 0 0

  98 O    1     1.9782     3.7383  125 TI   0 0 0
  98 O    1     2.0214     3.8198  116 TI   0 0 0
  98 O    1     2.7423     5.1822   44 O    0 0 0
  98 O    1     2.7951     5.2821   65 O    0 1 0
  98 O    1     2.8035     5.2978   17 BA   0 0 0
  98 O    1     2.8092     5.3087   56 O    0 1 0

  99 O    1     1.9748     3.7317  117 TI   0 0 0
  99 O    1     2.0088     3.7960  126 TI   0 0 0
  99 O    1     2.7552     5.2066   57 O    0 1 0
  99 O    1     2.7750     5.2440   63 O    0 0 0
  99 O    1     2.7899     5.2721   18 BA   0 0 0
  99 O    1     2.7902     5.2726   36 O    0 0 0

 100 O    1     1.9339     3.6545  127 TI   0 0 0
 100 O    1     2.0148     3.8074  118 TI   0 0 0
 100 O    1     2.7358     5.1699   46 O    0 0 0
 100 O    1     2.7697     5.2340   37 O    0 0 0
 100 O    1     2.7727     5.2397   64 O    0 0 0
 100 O    1     2.7845     5.2620   22 BA   0 0 0

 101 O    1     1.9549     3.6943  119 TI   0 0 0
 101 O    1     2.0141     3.8060  128 TI   0 0 0
 101 O    1     2.7612     5.2180   68 O    0 0 0
 101 O    1     2.7701     5.2347   23 BA   0 0 0
 101 O    1     2.7882     5.2689   38 O    0 0 0
 101 O    1     2.7924     5.2770   74 O    0 0 0

 102 O    1     1.9747     3.7316  129 TI   0 0 0
 102 O    1     2.0014     3.7821  120 TI   0 0 0
 102 O    1     2.7757     5.2454   48 O    0 0 0
 102 O    1     2.7826     5.2583   21 BA   0 0 0
 102 O    1     2.8018     5.2946   78 O    0 0 0
 102 O    1     2.8090     5.3081   39 O    0 0 0

 103 O    1     1.9735     3.7294  121 TI   0 0 0
 103 O    1     2.0333     3.8424  130 TI   0 0 0
 103 O    1     2.7529     5.2023   22 BA   0 0 0
 103 O    1     2.7717     5.2377   67 O    0 0 0
 103 O    1     2.7800     5.2534   40 O    0 0 0
 103 O    1     2.7874     5.2675   25 BA   0 0 0

 104 O    1     1.9818     3.7450  131 TI   0 0 0
 104 O    1     2.0129     3.8038  122 TI   0 0 0
 104 O    1     2.7589     5.2136   41 O    0 0 0
 104 O    1     2.7756     5.2451   23 BA   0 0 0
 104 O    1     2.7790     5.2516   68 O    0 0 0
 104 O    1     2.7844     5.2618   77 O    0 0 0

 105 O    1     1.9716     3.7257  123 TI   0 0 0
 105 O    1     2.0059     3.7905  132 TI   0 0 0
 105 O    1     2.7543     5.2048   24 BA   0 0 0
 105 O    1     2.7728     5.2398   78 O    0 0 0
 105 O    1     2.7898     5.2720   27 BA   0 0 0
 105 O    1     2.7927     5.2774   42 O    0 0 0

 106 O    1     1.9618     3.7073  124 TI   0 0 0
 106 O    1     1.9979     3.7755  133 TI   0 0 0
 106 O    1     2.7411     5.1799   25 BA   0 0 0
 106 O    1     2.7800     5.2535   19 BA   0 1 0
 106 O    1     2.7948     5.2814   79 O    0 0 0
 106 O    1     2.8316     5.3509   70 O    0 0 0

 107 O    1     1.9885     3.7577  134 TI   0 0 0
 107 O    1     2.0044     3.7877  125 TI   0 0 0
 107 O    1     2.7605     5.2166   44 O    0 0 0
 107 O    1     2.7645     5.2241   74 O    0 1 0
 107 O    1     2.7881     5.2687   26 BA   0 0 0
 107 O    1     2.7946     5.2811   53 O    0 0 0

 108 O    1     2.0024     3.7841  126 TI   0 0 0
 108 O    1     2.0315     3.8390  135 TI   0 0 0
 108 O    1     2.7503     5.1973   72 O    0 0 0
 108 O    1     2.7511     5.1988   21 BA   0 1 0
 108 O    1     2.7698     5.2342   27 BA   0 0 0
 108 O    1     2.7894     5.2711   45 O    0 0 0

 109 TI   1     1.8681     3.5303   28 O    0 0 0
 109 TI   1     1.9430     3.6717   58 O    0 0 0
 109 TI   1     1.9640     3.7115   82 O    0 0 0
 109 TI   1     1.9920     3.7643   55 O    0 0 0
 109 TI   1     2.0150     3.8077   91 O    0 0 0
 109 TI   1     2.2735     4.2963   30 O    0 0-1

 110 TI   1     1.8435     3.4838   29 O    0 0 0
 110 TI   1     1.9575     3.6991   92 O    0 0 0
 110 TI   1     1.9845     3.7502   56 O    0 0 0
 110 TI   1     1.9981     3.7759   59 O    0 0 0
 110 TI   1     2.0257     3.8280   83 O    0 0 0
 110 TI   1     2.2628     4.2761   28 O    0 0 0

 111 TI   1     1.7702     3.3453   30 O    0 0 0
 111 TI   1     1.9835     3.7483   57 O    0 0 0
 111 TI   1     1.9867     3.7543   84 O    0 0 0
 111 TI   1     1.9930     3.7663   60 O    0 0 0
 111 TI   1     2.0231     3.8230   93 O    0 0 0
 111 TI   1     2.2590     4.2690   29 O    0 0 0

 112 TI   1     1.8174     3.4344   31 O    0 0 0
 112 TI   1     1.9395     3.6652   61 O    0 0 0
 112 TI   1     1.9804     3.7423   85 O    0 0 0
 112 TI   1     2.0214     3.8200   94 O    0 0 0
 112 TI   1     2.0360     3.8474   58 O    0 0 0
 112 TI   1     2.2994     4.3452   33 O    0 0-1

 113 TI   1     1.7694     3.3436   32 O    0 0 0
 113 TI   1     1.9867     3.7543   95 O    0 0 0
 113 TI   1     2.0021     3.7834   86 O    0 0 0
 113 TI   1     2.0114     3.8010   59 O    0 0 0
 113 TI   1     2.0140     3.8059   62 O    0 0 0
 113 TI   1     2.3065     4.3586   31 O    0 0 0

 114 TI   1     1.7909     3.3843   33 O    0 0 0
 114 TI   1     1.9535     3.6915   60 O    0 0 0
 114 TI   1     2.0141     3.8060   87 O    0 0 0
 114 TI   1     2.0373     3.8499   96 O    0 0 0
 114 TI   1     2.0497     3.8733   63 O    0 0 0
 114 TI   1     2.2975     4.3416   32 O    0 0 0

 115 TI   1     1.8817     3.5559   34 O    0 0 0
 115 TI   1     1.9574     3.6989   97 O    0 0 0
 115 TI   1     1.9961     3.7721   55 O    0 1 0
 115 TI   1     2.0030     3.7851   88 O    0 0 0
 115 TI   1     2.0312     3.8384   61 O    0 0 0
 115 TI   1     2.2298     4.2136   36 O    0 0-1

 116 TI   1     1.7999     3.4013   35 O    0 0 0
 116 TI   1     1.9349     3.6563   56 O    0 1 0
 116 TI   1     1.9840     3.7492   89 O    0 0 0
 116 TI   1     2.0055     3.7898   62 O    0 0 0
 116 TI   1     2.0214     3.8198   98 O    0 0 0
 116 TI   1     2.2785     4.3058   34 O    0 0 0

 117 TI   1     1.7906     3.3838   36 O    0 0 0
 117 TI   1     1.9748     3.7317   99 O    0 0 0
 117 TI   1     1.9794     3.7405   90 O    0 0 0
 117 TI   1     1.9917     3.7638   63 O    0 0 0
 117 TI   1     2.0005     3.7803   57 O    0 1 0
 117 TI   1     2.2959     4.3386   35 O    0 0 0

 118 TI   1     1.8442     3.4850   37 O    0 0 0
 118 TI   1     1.9427     3.6712   91 O    0 0 0
 118 TI   1     1.9587     3.7014   64 O    0 0 0
 118 TI   1     1.9691     3.7211   67 O    0 0 0
 118 TI   1     2.0148     3.8074  100 O    0 0 0
 118 TI   1     2.2337     4.2211   39 O    0 0-1

 119 TI   1     1.7801     3.3638   38 O    0 0 0
 119 TI   1     1.9549     3.6943  101 O    0 0 0
 119 TI   1     1.9843     3.7498   68 O    0 0 0
 119 TI   1     2.0001     3.7796   65 O    0 0 0
 119 TI   1     2.0434     3.8614   92 O    0 0 0
 119 TI   1     2.3138     4.3725   37 O    0 0 0

 120 TI   1     1.7977     3.3971   39 O    0 0 0
 120 TI   1     1.9529     3.6904   69 O    0 0 0
 120 TI   1     1.9848     3.7506   66 O    0 0 0
 120 TI   1     2.0014     3.7821  102 O    0 0 0
 120 TI   1     2.0289     3.8340   93 O    0 0 0
 120 TI   1     2.3097     4.3648   38 O    0 0 0

 121 TI   1     1.7751     3.3545   40 O    0 0 0
 121 TI   1     1.9570     3.6982   67 O    0 0 0
 121 TI   1     1.9735     3.7294  103 O    0 0 0
 121 TI   1     1.9974     3.7746   94 O    0 0 0
 121 TI   1     1.9992     3.7779   70 O    0 0 0
 121 TI   1     2.3041     4.3541   42 O    0 0-1

 122 TI   1     1.7975     3.3968   41 O    0 0 0
 122 TI   1     1.9547     3.6938   71 O    0 0 0
 122 TI   1     1.9883     3.7573   95 O    0 0 0
 122 TI   1     2.0129     3.8038  104 O    0 0 0
 122 TI   1     2.0257     3.8280   68 O    0 0 0
 122 TI   1     2.2891     4.3257   40 O    0 0 0

 123 TI   1     1.7966     3.3951   42 O    0 0 0
 123 TI   1     1.9686     3.7201   72 O    0 0 0
 123 TI   1     1.9716     3.7257  105 O    0 0 0
 123 TI   1     1.9750     3.7323   96 O    0 0 0
 123 TI   1     2.0459     3.8661   69 O    0 0 0
 123 TI   1     2.3151     4.3749   41 O    0 0 0

 124 TI   1     1.8254     3.4494   43 O    0 0 0
 124 TI   1     1.9618     3.7073  106 O    0 0 0
 124 TI   1     2.0265     3.8295   64 O    0 1 0
 124 TI   1     2.0318     3.8395   70 O    0 0 0
 124 TI   1     2.0479     3.8700   97 O    0 0 0
 124 TI   1     2.3163     4.3771   45 O    0 0-1

 125 TI   1     1.7459     3.2992   44 O    0 0 0
 125 TI   1     1.9782     3.7383   98 O    0 0 0
 125 TI   1     1.9834     3.7481   71 O    0 0 0
 125 TI   1     2.0044     3.7877  107 O    0 0 0
 125 TI   1     2.0071     3.7929   65 O    0 1 0
 125 TI   1     2.2701     4.2899   43 O    0 0 0

 126 TI   1     1.7793     3.3623   45 O    0 0 0
 126 TI   1     1.9507     3.6863   72 O    0 0 0
 126 TI   1     2.0024     3.7841  108 O    0 0 0
 126 TI   1     2.0088     3.7960   99 O    0 0 0
 126 TI   1     2.0534     3.8804   66 O    0 1 0
 126 TI   1     2.3397     4.4214   44 O    0 0 0

 127 TI   1     1.7830     3.3693   46 O    0 0 0
 127 TI   1     1.9339     3.6545  100 O    0 0 0
 127 TI   1     1.9791     3.7399   73 O    0 0 0
 127 TI   1     2.0123     3.8027   76 O    0 0 0
 127 TI   1     2.0645     3.9014   82 O    1 0 0
 127 TI   1     2.2601     4.2709   48 O    0 0-1

 128 TI   1     1.8626     3.5198   47 O    0 0 0
 128 TI   1     1.9524     3.6895   83 O    1 0 0
 128 TI   1     1.9561     3.6965   74 O    0 0 0
 128 TI   1     2.0141     3.8060  101 O    0 0 0
 128 TI   1     2.0405     3.8559   77 O    0 0 0
 128 TI   1     2.2773     4.3035   46 O    0 0 0

 129 TI   1     1.8450     3.4866   48 O    0 0 0
 129 TI   1     1.9490     3.6830   84 O    1 0 0
 129 TI   1     1.9591     3.7021   75 O    0 0 0
 129 TI   1     1.9747     3.7316  102 O    0 0 0
 129 TI   1     2.0619     3.8964   78 O    0 0 0
 129 TI   1     2.2494     4.2507   47 O    0 0 0

 130 TI   1     1.7842     3.3716   49 O    0 0 0
 130 TI   1     1.9446     3.6747   79 O    0 0 0
 130 TI   1     1.9636     3.7106   85 O    1 0 0
 130 TI   1     2.0163     3.8102   76 O    0 0 0
 130 TI   1     2.0333     3.8424  103 O    0 0 0
 130 TI   1     2.2679     4.2857   51 O    0 0-1

 131 TI   1     1.8665     3.5272   50 O    0 0 0
 131 TI   1     1.9772     3.7364   86 O    1 0 0
 131 TI   1     1.9818     3.7450  104 O    0 0 0
 131 TI   1     1.9829     3.7471   80 O    0 0 0
 131 TI   1     1.9932     3.7666   77 O    0 0 0
 131 TI   1     2.2600     4.2709   49 O    0 0 0

 132 TI   1     1.8472     3.4908   51 O    0 0 0
 132 TI   1     1.9350     3.6566   81 O    0 0 0
 132 TI   1     1.9558     3.6960   87 O    1 0 0
 132 TI   1     1.9985     3.7766   78 O    0 0 0
 132 TI   1     2.0059     3.7905  105 O    0 0 0
 132 TI   1     2.2529     4.2574   50 O    0 0 0

 133 TI   1     1.8124     3.4249   52 O    0 0 0
 133 TI   1     1.9739     3.7301   79 O    0 0 0
 133 TI   1     1.9918     3.7640   88 O    1 0 0
 133 TI   1     1.9979     3.7755  106 O    0 0 0
 133 TI   1     2.0285     3.8333   73 O    0 1 0
 133 TI   1     2.2520     4.2556   54 O    0 0-1

 134 TI   1     1.8156     3.4309   53 O    0 0 0
 134 TI   1     1.9613     3.7063   80 O    0 0 0
 134 TI   1     1.9864     3.7537   89 O    1 0 0
 134 TI   1     1.9885     3.7577  107 O    0 0 0
 134 TI   1     2.0165     3.8106   74 O    0 1 0
 134 TI   1     2.3077     4.3609   52 O    0 0 0

 135 TI   1     1.8781     3.5491   54 O    0 0 0
 135 TI   1     1.9570     3.6983   90 O    1 0 0
 135 TI   1     1.9840     3.7491   75 O    0 1 0
 135 TI   1     2.0111     3.8004   81 O    0 0 0
 135 TI   1     2.0315     3.8390  108 O    0 0 0
 135 TI   1     2.2115     4.1790   53 O    0 0 0


 SYMMETRY ALLOWED INTERNAL DEGREE(S) OF FREEDOM: 402
 TTTTTTTTTTTTTTTTTTTTTTTTTTTTTT SYMM        TELAPSE        3.92 TCPU        3.50
 TTTTTTTTTTTTTTTTTTTTTTTTTTTTTT INT_SCREEN  TELAPSE        4.02 TCPU        3.60

 DFT PARAMETERS

     ATOM       ELECTRONS   NET CHARGE   R(ANGSTROM)
   1 256  BA     10.0000      0.0000     2.24000000
  28   8  O       8.0000      0.0000     0.74000000
 109  22  TI     22.0000      0.0000     1.47000000

 SIZE OF GRID=    2838050
 TTTTTTTTTTTTTTTTTTTTTTTTTTTTTT MAKE_GRID2  TELAPSE       44.40 TCPU       43.96
 BECKE WEIGHT FUNCTION
 RADSAFE =     2.00
 TOLERANCES - DENSITY:10**- 6; POTENTIAL:10**- 9; GRID WGT:10**-14

 RADIAL INTEGRATION  - INTERVALS (POINTS,UPPER LIMIT):            1( 75,  4.0*R)

 ANGULAR INTEGRATION - INTERVALS (ACCURACY LEVEL [N. POINTS] UPPER LIMIT):
  1(  4[  86]   0.2)  2(  8[ 194]   0.5)  3( 12[ 350]   0.9)  4( 16[ 974]   3.5)
  5( 12[ 350]9999.0)
 TTTTTTTTTTTTTTTTTTTTTTTTTTTTTT INT_CALC    TELAPSE       44.55 TCPU       44.11
 EEEEEEEEEE INT_CALC TERMINATION  DATE 25 03 2026 TIME 17:14:14.2

 *******************************************************************************
 converted and standardized from ase Atoms() object for Ba27Ti27O81 in space grou
 CRYSTAL - SCF - TYPE OF CALCULATION :  RESTRICTED CLOSED SHELL
 *******************************************************************************

 CAPPA:IS1  2;IS2  2;IS3  2; K PTS MONK NET   8; SYMMOPS:K SPACE   2;G SPACE   1

 TTTTTTTTTTTTTTTTTTTTTTTTTTTTTT SDIK        TELAPSE       46.93 TCPU       46.49

 AAAAAAAAAAAAAAAAAAAAAAAAAAAAAAAAAAAAAAAAAAAAAAAAAAAAAAAAAAAAAAAAAAAAAAAAAAAAAAA
         ATOMIC WAVEFUNCTION(S)


 NUCLEAR CHARGE 10.0  SYMMETRY SPECIES            S    P
 N. ELECTRONS   10.0  NUMBER OF PRIMITIVE GTOS    5    5
                      NUMBER OF CONTRACTED GTOS   3    2
                      NUMBER OF CLOSED SHELLS     2    1
                      OPEN SHELL OCCUPATION       0    0

  ZNUC  SCFIT    TOTAL HF ENERGY   KINETIC ENERGY   VIRIAL THEOREM             ACCURACY
  10.0     4    -2.474305552E+01  8.075374960E+00 -4.064013205E+00  1.0E-06

 NUCLEAR CHARGE  8.0  SYMMETRY SPECIES            S    P
 N. ELECTRONS    8.0  NUMBER OF PRIMITIVE GTOS   10    6
                      NUMBER OF CONTRACTED GTOS   4    3
                      NUMBER OF CLOSED SHELLS     2    0
                      OPEN SHELL OCCUPATION       0    4

  ZNUC  SCFIT    TOTAL HF ENERGY   KINETIC ENERGY   VIRIAL THEOREM             ACCURACY
   8.0    13    -7.480154908E+01  7.478929754E+01 -2.000163814E+00  2.2E-06

 NUCLEAR CHARGE 22.0  SYMMETRY SPECIES            S    P    D
 N. ELECTRONS   22.0  NUMBER OF PRIMITIVE GTOS   17   11    6
                      NUMBER OF CONTRACTED GTOS   6    4    3
                      NUMBER OF CLOSED SHELLS     4    2    0
                      OPEN SHELL OCCUPATION       0    0    2

  ZNUC  SCFIT    TOTAL HF ENERGY   KINETIC ENERGY   VIRIAL THEOREM             ACCURACY
  22.0    51    -8.483283897E+02  8.486954851E+02 -1.999567459E+00  4.0E-06

 AAAAAAAAAAAAAAAAAAAAAAAAAAAAAAAAAAAAAAAAAAAAAAAAAAAAAAAAAAAAAAAAAAAAAAAAAAAAAAA

 CHARGE NORMALIZATION FACTOR   1.00000000
 TOTAL ATOMIC CHARGES:
  10.0000000  10.0000000  10.0000000  10.0000000  10.0000000  10.0000000
  10.0000000  10.0000000  10.0000000  10.0000000  10.0000000  10.0000000
  10.0000000  10.0000000  10.0000000  10.0000000  10.0000000  10.0000000
  10.0000000  10.0000000  10.0000000  10.0000000  10.0000000  10.0000000
  10.0000000  10.0000000  10.0000000   8.0000000   8.0000000   8.0000000
   8.0000000   8.0000000   8.0000000   8.0000000   8.0000000   8.0000000
   8.0000000   8.0000000   8.0000000   8.0000000   8.0000000   8.0000000
   8.0000000   8.0000000   8.0000000   8.0000000   8.0000000   8.0000000
   8.0000000   8.0000000   8.0000000   8.0000000   8.0000000   8.0000000
   8.0000000   8.0000000   8.0000000   8.0000000   8.0000000   8.0000000
   8.0000000   8.0000000   8.0000000   8.0000000   8.0000000   8.0000000
   8.0000000   8.0000000   8.0000000   8.0000000   8.0000000   8.0000000
   8.0000000   8.0000000   8.0000000   8.0000000   8.0000000   8.0000000
   8.0000000   8.0000000   8.0000000   8.0000000   8.0000000   8.0000000
   8.0000000   8.0000000   8.0000000   8.0000000   8.0000000   8.0000000
   8.0000000   8.0000000   8.0000000   8.0000000   8.0000000   8.0000000
   8.0000000   8.0000000   8.0000000   8.0000000   8.0000000   8.0000000
   8.0000000   8.0000000   8.0000000   8.0000000   8.0000000   8.0000000
  22.0000000  22.0000000  22.0000000  22.0000000  22.0000000  22.0000000
  22.0000000  22.0000000  22.0000000  22.0000000  22.0000000  22.0000000
  22.0000000  22.0000000  22.0000000  22.0000000  22.0000000  22.0000000
  22.0000000  22.0000000  22.0000000  22.0000000  22.0000000  22.0000000
  22.0000000  22.0000000  22.0000000
 TTTTTTTTTTTTTTTTTTTTTTTTTTTTTT MOQGAD      TELAPSE       47.04 TCPU       46.59
 TTTTTTTTTTTTTTTTTTTTTTTTTTTTTT SHELLXN     TELAPSE      402.75 TCPU      402.03
 TTTTTTTTTTTTTTTTTTTTTTTTTTTTTT MONMO3      TELAPSE      415.25 TCPU      414.45
 NUMERICALLY INTEGRATED DENSITY   1511.9951321326
 TTTTTTTTTTTTTTTTTTTTTTTTTTTTTT NUMDFT      TELAPSE      432.82 TCPU      431.88
 CYC   0 ETOT(AU) -2.971198851306E+04 DETOT -2.97E+04 tst  0.00E+00 PX  1.00E+00
 TTTTTTTTTTTTTTTTTTTTTTTTTTTTTT DIIS        TELAPSE      433.27 TCPU      432.26
 TTTTTTTTTTTTTTTTTTTTTTTTTTTTTT FDIK        TELAPSE      449.67 TCPU      448.61
 INSULATING STATE
 TOP OF VALENCE BANDS -    BAND    756; K    8; EIG -3.4764657E-01 AU
 TOP OF VALENCE BANDS -    BAND    756; K    1; EIG -3.5230221E-01 AU
 BOTTOM OF VIRTUAL BANDS - BAND    757; K    1; EIG -8.3273574E-02 AU
 INDIRECT ENERGY BAND GAP:   7.1940 eV
 TTTTTTTTTTTTTTTTTTTTTTTTTTTTTT PDIG        TELAPSE      452.32 TCPU      451.25
 CHARGE NORMALIZATION FACTOR   1.00000000
 TOTAL ATOMIC CHARGES:
   8.1628568   8.1727930   8.1575134   8.1611896   8.1674105   8.1711073
   8.1598288   8.1574563   8.1655400   8.1611519   8.1686407   8.1661905
   8.1609106   8.1699916   8.1700856   8.1647144   8.1663718   8.1615039
   8.1648390   8.1656342   8.1628997   8.1665694   8.1680308   8.1727906
   8.1663466   8.1550111   8.1640261   9.4720818   9.4667747   9.4334166
   9.4575975   9.4407630   9.4462729   9.4759916   9.4538499   9.4399162
   9.4720780   9.4457216   9.4437319   9.4397801   9.4540742   9.4524757
   9.4592337   9.4315332   9.4434820   9.4446316   9.4692358   9.4657988
   9.4403246   9.4706699   9.4665563   9.4577863   9.4489086   9.4756404
   9.4797370   9.4737303   9.4785419   9.4786655   9.4816591   9.4765037
   9.4748288   9.4818968   9.4879008   9.4781618   9.4808805   9.4855143
   9.4733146   9.4829792   9.4847720   9.4828636   9.4731300   9.4694957
   9.4835701   9.4807029   9.4747090   9.4849333   9.4882812   9.4927947
   9.4730546   9.4734271   9.4795335   9.4831650   9.4794294   9.4783386
   9.4723117   9.4786301   9.4774180   9.4824718   9.4812627   9.4766764
   9.4766040   9.4796260   9.4896016   9.4857512   9.4782579   9.4839185
   9.4817576   9.4785693   9.4784318   9.4735427   9.4796477   9.4776383
   9.4831612   9.4790014   9.4819211   9.4770792   9.4814249   9.4857506
  19.4138941  19.4084181  19.4352913  19.4119177  19.4349407  19.4020590
  19.3933409  19.4394534  19.4287192  19.4311247  19.4440199  19.4309704
  19.4567107  19.4235501  19.4236355  19.3764816  19.4671671  19.4189793
  19.4468909  19.3942426  19.4140462  19.4325551  19.4083840  19.4351656
  19.4126971  19.4009620  19.3776813
 TTTTTTTTTTTTTTTTTTTTTTTTTTTTTT MOQGAD      TELAPSE      452.39 TCPU      451.31
 TTTTTTTTTTTTTTTTTTTTTTTTTTTTTT SHELLXN     TELAPSE      828.05 TCPU      826.89
 TTTTTTTTTTTTTTTTTTTTTTTTTTTTTT MONMO3      TELAPSE      840.47 TCPU      839.31
 NUMERICALLY INTEGRATED DENSITY   1511.9948224570
 TTTTTTTTTTTTTTTTTTTTTTTTTTTTTT NUMDFT      TELAPSE      857.73 TCPU      856.56
 CYC   1 ETOT(AU) -2.970518646999E+04 DETOT  6.80E+00 tst  0.00E+00 PX  1.00E+00
 TTTTTTTTTTTTTTTTTTTTTTTTTTTTTT DIIS        TELAPSE      861.95 TCPU      860.79
 DIIS TEST: 0.75969E+02 AT SCF   CYCLE   1 - MIX   80 %
 TTTTTTTTTTTTTTTTTTTTTTTTTTTTTT FDIK        TELAPSE      877.93 TCPU      876.68
 INSULATING STATE
 TOP OF VALENCE BANDS -    BAND    756; K    8; EIG -2.5806414E-01 AU
 TOP OF VALENCE BANDS -    BAND    756; K    1; EIG -2.6528599E-01 AU
 BOTTOM OF VIRTUAL BANDS - BAND    757; K    1; EIG -1.0268095E-01 AU
 INDIRECT ENERGY BAND GAP:   4.2282 eV
 TTTTTTTTTTTTTTTTTTTTTTTTTTTTTT PDIG        TELAPSE      880.56 TCPU      879.31
 CHARGE NORMALIZATION FACTOR   1.00000000
 TOTAL ATOMIC CHARGES:
   8.2539719   8.2568926   8.2507338   8.2524216   8.2548943   8.2559378
   8.2519854   8.2520034   8.2532516   8.2520229   8.2564124   8.2520483
   8.2509010   8.2550603   8.2539470   8.2527636   8.2553413   8.2498394
   8.2544560   8.2529888   8.2529147   8.2538669   8.2542433   8.2568324
   8.2539305   8.2496086   8.2526390   9.2013919   9.2019737   9.1831338
   9.1882031   9.1678501   9.1822327   9.2053874   9.1846456   9.1924790
   9.1998597   9.1756917   9.1914906   9.1815455   9.1818783   9.1825947
   9.1809784   9.1635491   9.1779034   9.1793831   9.2033529   9.2022583
   9.1811778   9.2028261   9.2066225   9.1836652   9.1920152   9.2058005
   9.2383525   9.2337479   9.2337414   9.2351917   9.2341777   9.2301718
   9.2320919   9.2377219   9.2363738   9.2326195   9.2338166   9.2401779
   9.2333389   9.2373522   9.2275398   9.2380353   9.2377734   9.2336445
   9.2343250   9.2284183   9.2351198   9.2347324   9.2346711   9.2329917
   9.2356938   9.2346310   9.2377653   9.2328337   9.2331435   9.2370129
   9.2390184   9.2387062   9.2333856   9.2338098   9.2342727   9.2319276
   9.2354480   9.2282221   9.2336536   9.2387097   9.2336624   9.2334468
   9.2361412   9.2350341   9.2305425   9.2330838   9.2332766   9.2334556
   9.2353071   9.2344805   9.2352064   9.2303961   9.2364470   9.2362442
  20.0935046  20.0827388  20.0842931  20.0957560  20.1082291  20.0881056
  20.0905779  20.0956914  20.0769909  20.0811940  20.1092096  20.0962348
  20.1014554  20.0959641  20.0894195  20.0912639  20.1093345  20.0976167
  20.1009388  20.0739898  20.0770476  20.0796140  20.0897294  20.0880752
  20.0795035  20.0637690  20.0568684
 TTTTTTTTTTTTTTTTTTTTTTTTTTTTTT MOQGAD      TELAPSE      880.64 TCPU      879.38
 TTTTTTTTTTTTTTTTTTTTTTTTTTTTTT SHELLXN     TELAPSE     1255.61 TCPU     1254.26
 TTTTTTTTTTTTTTTTTTTTTTTTTTTTTT MONMO3      TELAPSE     1268.12 TCPU     1266.77
 NUMERICALLY INTEGRATED DENSITY   1511.9940257532
 TTTTTTTTTTTTTTTTTTTTTTTTTTTTTT NUMDFT      TELAPSE     1285.22 TCPU     1283.85
 CYC   2 ETOT(AU) -2.971621351821E+04 DETOT -1.10E+01 tst  4.08E-03 PX  7.01E-02
 TTTTTTTTTTTTTTTTTTTTTTTTTTTTTT DIIS        TELAPSE     1289.67 TCPU     1288.30
 DIIS TEST: 0.14267E+02 AT SCF   CYCLE   2 - DIIS ACTIVE - HISTORY:     2 CYCLES
 TTTTTTTTTTTTTTTTTTTTTTTTTTTTTT FDIK        TELAPSE     1305.53 TCPU     1304.06
 INSULATING STATE
 TOP OF VALENCE BANDS -    BAND    756; K    8; EIG -1.5159940E-01 AU
 TOP OF VALENCE BANDS -    BAND    756; K    1; EIG -1.5904460E-01 AU
 BOTTOM OF VIRTUAL BANDS - BAND    757; K    1; EIG -2.3222840E-02 AU
 INDIRECT ENERGY BAND GAP:   3.4933 eV
 TTTTTTTTTTTTTTTTTTTTTTTTTTTTTT PDIG        TELAPSE     1308.27 TCPU     1306.80
 CHARGE NORMALIZATION FACTOR   1.00000000
 TOTAL ATOMIC CHARGES:
   8.3419334   8.3336255   8.3442417   8.3427096   8.3375446   8.3340702
   8.3427168   8.3481462   8.3374602   8.3430509   8.3374218   8.3350014
   8.3419236   8.3342416   8.3341228   8.3391337   8.3414545   8.3390011
   8.3401073   8.3367009   8.3419098   8.3364927   8.3375702   8.3341666
   8.3367631   8.3477363   8.3413491   9.0619277   9.0624343   9.0391099
   9.0694602   9.0661021   9.0519650   9.0627317   9.0521030   9.0397328
   9.0508230   9.0643345   9.0482818   9.0512823   9.0641843   9.0487894
   9.0711293   9.0487789   9.0575979   9.0592944   9.0460439   9.0430092
   9.0423125   9.0616475   9.0441375   9.0509314   9.0493810   9.0343239
   9.0432601   9.0456246   9.0335035   9.0397628   9.0389063   9.0513400
   9.0481059   9.0329671   9.0296600   9.0398578   9.0328441   9.0365134
   9.0386901   9.0427222   9.0295880   9.0367253   9.0457542   9.0570669
   9.0302994   9.0329765   9.0424354   9.0230147   9.0352787   9.0139361
   9.0395279   9.0373483   9.0392491   9.0275961   9.0354742   9.0423494
   9.0537032   9.0431479   9.0402922   9.0332503   9.0362219   9.0329543
   9.0327029   9.0356888   9.0278509   9.0375466   9.0497527   9.0369734
   9.0470552   9.0332424   9.0380240   9.0406336   9.0397686   9.0363441
   9.0321833   9.0393543   9.0367743   9.0539361   9.0328976   9.0337306
  20.5309468  20.5534223  20.5369839  20.5361913  20.5152679  20.5594284
  20.5812549  20.4952968  20.5365875  20.5222842  20.5019279  20.5229766
  20.5015390  20.5289547  20.5233940  20.5557168  20.4870229  20.5353207
  20.4991737  20.5649709  20.5333535  20.5097664  20.5490503  20.5174937
  20.5311577  20.5441181  20.5775463
 TTTTTTTTTTTTTTTTTTTTTTTTTTTTTT MOQGAD      TELAPSE     1308.33 TCPU     1306.86
 TTTTTTTTTTTTTTTTTTTTTTTTTTTTTT SHELLXN     TELAPSE     1682.74 TCPU     1681.14
 TTTTTTTTTTTTTTTTTTTTTTTTTTTTTT MONMO3      TELAPSE     1695.30 TCPU     1693.69
 NUMERICALLY INTEGRATED DENSITY   1511.9935337238
 TTTTTTTTTTTTTTTTTTTTTTTTTTTTTT NUMDFT      TELAPSE     1712.63 TCPU     1711.02
 CYC   3 ETOT(AU) -2.971860172758E+04 DETOT -2.39E+00 tst  2.44E-03 PX  6.06E-02
 TTTTTTTTTTTTTTTTTTTTTTTTTTTTTT DIIS        TELAPSE     1717.05 TCPU     1715.44
 DIIS TEST: 0.21571E+00 AT SCF   CYCLE   3 - DIIS ACTIVE - HISTORY:     3 CYCLES
 TTTTTTTTTTTTTTTTTTTTTTTTTTTTTT FDIK        TELAPSE     1733.13 TCPU     1731.51
 INSULATING STATE
 TOP OF VALENCE BANDS -    BAND    756; K    8; EIG -1.5041929E-01 AU
 TOP OF VALENCE BANDS -    BAND    756; K    1; EIG -1.5850983E-01 AU
 BOTTOM OF VIRTUAL BANDS - BAND    757; K    1; EIG -9.3807961E-03 AU
 INDIRECT ENERGY BAND GAP:   3.8379 eV
 TTTTTTTTTTTTTTTTTTTTTTTTTTTTTT PDIG        TELAPSE     1735.72 TCPU     1734.10
 CHARGE NORMALIZATION FACTOR   1.00000000
 TOTAL ATOMIC CHARGES:
   8.3450506   8.3400934   8.3450083   8.3463301   8.3435824   8.3396338
   8.3450572   8.3499825   8.3397001   8.3446330   8.3462569   8.3380890
   8.3435806   8.3417985   8.3382111   8.3414855   8.3466235   8.3406218
   8.3450189   8.3414280   8.3436127   8.3426984   8.3419669   8.3407521
   8.3418594   8.3485091   8.3421462   8.9939364   9.0160520   9.0546913
   8.9896521   8.9355443   9.0182035   9.0196428   8.9722627   9.0641964
   9.0070923   8.9536594   9.0420979   9.0047004   8.9653682   9.0010446
   8.9620784   8.9547060   8.9925777   8.9651996   9.0376373   9.0459253
   9.0052039   9.0129930   9.0496058   8.9710202   9.0351103   9.0505197
   9.1131333   9.1053863   9.1017571   9.1029273   9.0904144   9.0858612
   9.0931771   9.1004574   9.0888472   9.0925627   9.0860996   9.1001564
   9.1088542   9.0927654   9.0644464   9.0971140   9.1113123   9.1018273
   9.0902237   9.0817405   9.1138178   9.0969666   9.0882086   9.0819022
   9.1137514   9.1144763   9.1096074   9.0887552   9.0994575   9.1074259
   9.1192346   9.1091671   9.0970977   9.0991366   9.0931973   9.1061851
   9.1094784   9.0833482   9.0743118   9.0919073   9.0887312   9.0792992
   9.0998102   9.0989317   9.0870169   9.1015973   9.0938427   9.1020831
   9.0946697   9.0983697   9.0996105   9.0851424   9.0991480   9.0951042
  20.4937802  20.4303575  20.3982292  20.4943208  20.5456032  20.4453519
  20.4510279  20.4999362  20.3896974  20.4210484  20.5478013  20.4645525
  20.4758850  20.4876727  20.4573533  20.5245222  20.5050844  20.4940378
  20.5170675  20.4042516  20.4199437  20.4303972  20.4619998  20.4424558
  20.4593784  20.3768650  20.3470739
 TTTTTTTTTTTTTTTTTTTTTTTTTTTTTT MOQGAD      TELAPSE     1735.78 TCPU     1734.16
 TTTTTTTTTTTTTTTTTTTTTTTTTTTTTT SHELLXN     TELAPSE     2111.52 TCPU     2109.80
 TTTTTTTTTTTTTTTTTTTTTTTTTTTTTT MONMO3      TELAPSE     2124.12 TCPU     2122.40
 NUMERICALLY INTEGRATED DENSITY   1511.9934217776
 TTTTTTTTTTTTTTTTTTTTTTTTTTTTTT NUMDFT      TELAPSE     2141.29 TCPU     2139.56
 CYC   4 ETOT(AU) -2.971857254901E+04 DETOT  2.92E-02 tst  7.05E-05 PX  3.02E-02
 TTTTTTTTTTTTTTTTTTTTTTTTTTTTTT DIIS        TELAPSE     2145.84 TCPU     2144.12
 DIIS TEST: 0.43066E+00 AT SCF   CYCLE   4 - DIIS ACTIVE - HISTORY:     4 CYCLES
 TTTTTTTTTTTTTTTTTTTTTTTTTTTTTT FDIK        TELAPSE     2162.08 TCPU     2160.35
 INSULATING STATE
 TOP OF VALENCE BANDS -    BAND    756; K    8; EIG -1.4687904E-01 AU
 TOP OF VALENCE BANDS -    BAND    756; K    1; EIG -1.5488913E-01 AU
 BOTTOM OF VIRTUAL BANDS - BAND    757; K    1; EIG -7.7631358E-03 AU
 INDIRECT ENERGY BAND GAP:   3.7855 eV
 TTTTTTTTTTTTTTTTTTTTTTTTTTTTTT PDIG        TELAPSE     2164.72 TCPU     2162.98
 CHARGE NORMALIZATION FACTOR   1.00000000
 TOTAL ATOMIC CHARGES:
   8.3426897   8.3376062   8.3447307   8.3425318   8.3399623   8.3380124
   8.3429610   8.3465132   8.3390377   8.3420386   8.3413808   8.3361720
   8.3406064   8.3368616   8.3365186   8.3389748   8.3420282   8.3386184
   8.3417163   8.3384107   8.3424988   8.3388377   8.3384002   8.3385039
   8.3387094   8.3451839   8.3406561   9.0572437   9.0541019   9.0288155
   9.0465804   9.0483087   9.0248911   9.0476099   9.0486286   9.0416824
   9.0393124   9.0495952   9.0424114   9.0430603   9.0470107   9.0240100
   9.0398341   9.0325378   9.0339370   9.0549043   9.0400982   9.0321753
   9.0403562   9.0535573   9.0422369   9.0407343   9.0451760   9.0219199
   9.0802242   9.0826430   9.0699174   9.0763386   9.0740177   9.0757425
   9.0793466   9.0739319   9.0654243   9.0728394   9.0705866   9.0749274
   9.0769346   9.0779957   9.0582582   9.0751499   9.0860641   9.0887048
   9.0691294   9.0622819   9.0797867   9.0628196   9.0646985   9.0503735
   9.0816980   9.0757002   9.0792444   9.0641569   9.0706791   9.0794677
   9.0908497   9.0832403   9.0747032   9.0682347   9.0717261   9.0699622
   9.0747925   9.0616531   9.0607475   9.0740098   9.0785801   9.0694750
   9.0766061   9.0724880   9.0695213   9.0792798   9.0740092   9.0723002
   9.0689680   9.0743462   9.0710359   9.0781475   9.0722102   9.0680440
  20.4668502  20.4850107  20.4773824  20.4784446  20.4568113  20.5071762
  20.5088316  20.4418068  20.4721264  20.4555188  20.4505901  20.4848826
  20.4577739  20.4644946  20.4780436  20.4945192  20.4478352  20.4826986
  20.4399536  20.4960434  20.4730590  20.4460940  20.4817768  20.4682092
  20.4526799  20.4724372  20.4940450
 TTTTTTTTTTTTTTTTTTTTTTTTTTTTTT MOQGAD      TELAPSE     2164.78 TCPU     2163.04
 TTTTTTTTTTTTTTTTTTTTTTTTTTTTTT SHELLXN     TELAPSE     2539.17 TCPU     2537.37
 TTTTTTTTTTTTTTTTTTTTTTTTTTTTTT MONMO3      TELAPSE     2551.81 TCPU     2550.01
 NUMERICALLY INTEGRATED DENSITY   1511.9934414447
 TTTTTTTTTTTTTTTTTTTTTTTTTTTTTT NUMDFT      TELAPSE     2569.04 TCPU     2567.24
 CYC   5 ETOT(AU) -2.971863247772E+04 DETOT -5.99E-02 tst  2.18E-05 PX  1.57E-02
 TTTTTTTTTTTTTTTTTTTTTTTTTTTTTT DIIS        TELAPSE     2573.88 TCPU     2572.07
 DIIS TEST: 0.43680E-01 AT SCF   CYCLE   5 - DIIS ACTIVE - HISTORY:     5 CYCLES
 TTTTTTTTTTTTTTTTTTTTTTTTTTTTTT FDIK        TELAPSE     2589.93 TCPU     2588.11
 INSULATING STATE
 TOP OF VALENCE BANDS -    BAND    756; K    8; EIG -1.4531758E-01 AU
 TOP OF VALENCE BANDS -    BAND    756; K    1; EIG -1.5340494E-01 AU
 BOTTOM OF VIRTUAL BANDS - BAND    757; K    1; EIG -1.0354261E-02 AU
 INDIRECT ENERGY BAND GAP:   3.6725 eV
 TTTTTTTTTTTTTTTTTTTTTTTTTTTTTT PDIG        TELAPSE     2592.55 TCPU     2590.73
 CHARGE NORMALIZATION FACTOR   1.00000000
 TOTAL ATOMIC CHARGES:
   8.3409941   8.3353195   8.3418789   8.3412524   8.3383010   8.3351547
   8.3411574   8.3453880   8.3364367   8.3406996   8.3397161   8.3340058
   8.3393129   8.3356213   8.3340727   8.3374541   8.3410063   8.3366997
   8.3401968   8.3367246   8.3400806   8.3372190   8.3369791   8.3357662
   8.3369664   8.3441692   8.3385767   9.0414654   9.0495885   9.0503681
   9.0445691   9.0212281   9.0466004   9.0514517   9.0267476   9.0552605
   9.0404114   9.0267891   9.0530132   9.0393312   9.0314559   9.0380872
   9.0345157   9.0186999   9.0408373   9.0282263   9.0474097   9.0510876
   9.0328698   9.0476666   9.0531660   9.0236295   9.0471659   9.0482809
   9.0763628   9.0750339   9.0666675   9.0708433   9.0661924   9.0720979
   9.0727642   9.0661829   9.0601042   9.0672025   9.0613417   9.0686879
   9.0721754   9.0694661   9.0516747   9.0677823   9.0780487   9.0813497
   9.0608087   9.0587037   9.0762394   9.0581204   9.0623072   9.0477692
   9.0747286   9.0733300   9.0731436   9.0580854   9.0661887   9.0744402
   9.0855757   9.0749882   9.0693886   9.0646696   9.0655046   9.0672297
   9.0689213   9.0613452   9.0541321   9.0669076   9.0720660   9.0617025
   9.0736594   9.0665695   9.0638824   9.0709247   9.0671528   9.0685381
   9.0637462   9.0686501   9.0679333   9.0726242   9.0664611   9.0647075
  20.5019488  20.4883950  20.4656732  20.5017819  20.5088126  20.4930742
  20.5138869  20.4813207  20.4627422  20.4652327  20.5013346  20.4808875
  20.4741349  20.4958649  20.4763208  20.5240005  20.4747784  20.4977447
  20.4896060  20.4858422  20.4711030  20.4626613  20.4999233  20.4704640
  20.4891025  20.4655393  20.4716278
 TTTTTTTTTTTTTTTTTTTTTTTTTTTTTT MOQGAD      TELAPSE     2592.61 TCPU     2590.79
 TTTTTTTTTTTTTTTTTTTTTTTTTTTTTT SHELLXN     TELAPSE     2967.06 TCPU     2965.15
 TTTTTTTTTTTTTTTTTTTTTTTTTTTTTT MONMO3      TELAPSE     2979.70 TCPU     2977.79
 NUMERICALLY INTEGRATED DENSITY   1511.9934515914
 TTTTTTTTTTTTTTTTTTTTTTTTTTTTTT NUMDFT      TELAPSE     2996.93 TCPU     2995.02
 CYC   6 ETOT(AU) -2.971863877143E+04 DETOT -6.29E-03 tst  2.10E-06 PX  4.17E-03
 TTTTTTTTTTTTTTTTTTTTTTTTTTTTTT DIIS        TELAPSE     3001.68 TCPU     2999.76
 DIIS TEST: 0.65053E-02 AT SCF   CYCLE   6 - DIIS ACTIVE - HISTORY:     6 CYCLES
 TTTTTTTTTTTTTTTTTTTTTTTTTTTTTT FDIK        TELAPSE     3017.38 TCPU     3015.46
 INSULATING STATE
 TOP OF VALENCE BANDS -    BAND    756; K    8; EIG -1.4570962E-01 AU
 TOP OF VALENCE BANDS -    BAND    756; K    1; EIG -1.5382783E-01 AU
 BOTTOM OF VIRTUAL BANDS - BAND    757; K    1; EIG -1.0703167E-02 AU
 INDIRECT ENERGY BAND GAP:   3.6737 eV
 TTTTTTTTTTTTTTTTTTTTTTTTTTTTTT PDIG        TELAPSE     3020.02 TCPU     3018.10
 CHARGE NORMALIZATION FACTOR   1.00000000
 TOTAL ATOMIC CHARGES:
   8.3405219   8.3345765   8.3417789   8.3409208   8.3376102   8.3347530
   8.3408069   8.3450489   8.3362075   8.3403943   8.3389449   8.3338510
   8.3391297   8.3349355   8.3337596   8.3371541   8.3405117   8.3366470
   8.3395770   8.3361657   8.3399190   8.3367094   8.3365458   8.3353342
   8.3364827   8.3439521   8.3386063   9.0403821   9.0462891   9.0391040
   9.0382040   9.0220309   9.0310455   9.0451471   9.0275433   9.0460881
   9.0337703   9.0267288   9.0426086   9.0337732   9.0298158   9.0244275
   9.0291649   9.0150223   9.0281030   9.0296383   9.0418082   9.0390274
   9.0302600   9.0450961   9.0436651   9.0251476   9.0442156   9.0337403
   9.0761125   9.0749928   9.0658187   9.0705322   9.0653281   9.0689978
   9.0711915   9.0663669   9.0589383   9.0659880   9.0606804   9.0678805
   9.0717533   9.0689518   9.0487907   9.0670753   9.0779849   9.0798704
   9.0605398   9.0568765   9.0752296   9.0585062   9.0608814   9.0463400
   9.0749730   9.0728260   9.0727967   9.0578427   9.0657573   9.0734219
   9.0849270   9.0758177   9.0680284   9.0645173   9.0645452   9.0667063
   9.0690543   9.0581066   9.0523322   9.0652414   9.0702655   9.0595134
   9.0724688   9.0653514   9.0628084   9.0709866   9.0669276   9.0672822
   9.0628284   9.0685591   9.0663458   9.0706266   9.0654473   9.0631520
  20.5010249  20.4974914  20.4798021  20.5081645  20.5076031  20.5148849
  20.5224159  20.4811095  20.4752683  20.4741508  20.5017278  20.4980176
  20.4828042  20.4986447  20.4947836  20.5299866  20.4828836  20.5120605
  20.4876148  20.4980442  20.4844039  20.4681633  20.5040060  20.4831868
  20.4846392  20.4725824  20.4867589
 TTTTTTTTTTTTTTTTTTTTTTTTTTTTTT MOQGAD      TELAPSE     3020.08 TCPU     3018.16
 TTTTTTTTTTTTTTTTTTTTTTTTTTTTTT SHELLXN     TELAPSE     3394.97 TCPU     3392.78
 TTTTTTTTTTTTTTTTTTTTTTTTTTTTTT MONMO3      TELAPSE     3407.79 TCPU     3405.43
 NUMERICALLY INTEGRATED DENSITY   1511.9934528890
 TTTTTTTTTTTTTTTTTTTTTTTTTTTTTT NUMDFT      TELAPSE     3425.26 TCPU     3422.83
 CYC   7 ETOT(AU) -2.971863972257E+04 DETOT -9.51E-04 tst  8.65E-07 PX  2.03E-03
 TTTTTTTTTTTTTTTTTTTTTTTTTTTTTT DIIS        TELAPSE     3430.65 TCPU     3428.14
 DIIS TEST: 0.57641E-03 AT SCF   CYCLE   7 - DIIS ACTIVE - HISTORY:     7 CYCLES
 TTTTTTTTTTTTTTTTTTTTTTTTTTTTTT FDIK        TELAPSE     3446.64 TCPU     3443.89
 INSULATING STATE
 TOP OF VALENCE BANDS -    BAND    756; K    8; EIG -1.4510587E-01 AU
 TOP OF VALENCE BANDS -    BAND    756; K    1; EIG -1.5314402E-01 AU
 BOTTOM OF VIRTUAL BANDS - BAND    757; K    1; EIG -1.0354599E-02 AU
 INDIRECT ENERGY BAND GAP:   3.6668 eV
 TTTTTTTTTTTTTTTTTTTTTTTTTTTTTT PDIG        TELAPSE     3449.26 TCPU     3446.45
 CHARGE NORMALIZATION FACTOR   1.00000000
 TOTAL ATOMIC CHARGES:
   8.3417121   8.3357195   8.3429854   8.3420456   8.3387560   8.3357283
   8.3419731   8.3463428   8.3372486   8.3415248   8.3400075   8.3347921
   8.3402183   8.3359714   8.3346499   8.3382018   8.3415894   8.3375500
   8.3406948   8.3372772   8.3409605   8.3377204   8.3376301   8.3362346
   8.3375470   8.3452136   8.3395923   9.0403117   9.0451848   9.0399776
   9.0389488   9.0223422   9.0358263   9.0445959   9.0271511   9.0475534
   9.0342954   9.0272362   9.0458621   9.0350481   9.0291678   9.0293765
   9.0291577   9.0165107   9.0343645   9.0305338   9.0397298   9.0412763
   9.0299894   9.0433010   9.0460701   9.0221029   9.0410600   9.0363575
   9.0749398   9.0746598   9.0647963   9.0697553   9.0654732   9.0699076
   9.0717775   9.0658146   9.0586880   9.0661033   9.0611468   9.0679774
   9.0710402   9.0689808   9.0501725   9.0673707   9.0779079   9.0807832
   9.0603478   9.0565863   9.0748750   9.0565645   9.0596277   9.0452955
   9.0744810   9.0714733   9.0724668   9.0569036   9.0649599   9.0732458
   9.0846597   9.0749815   9.0681955   9.0629744   9.0642934   9.0656016
   9.0683436   9.0579964   9.0526194   9.0660746   9.0708639   9.0610437
   9.0716199   9.0653877   9.0625315   9.0706803   9.0662804   9.0668942
   9.0622735   9.0673858   9.0660978   9.0711543   9.0650652   9.0629093
  20.5031054  20.4985501  20.4793419  20.5064634  20.5059277  20.5063224
  20.5230922  20.4816561  20.4754648  20.4727850  20.4988803  20.4927109
  20.4810559  20.4985368  20.4865703  20.5276222  20.4784998  20.5026097
  20.4865690  20.4997320  20.4812322  20.4686519  20.5058453  20.4800433
  20.4909466  20.4783850  20.4861310
 TTTTTTTTTTTTTTTTTTTTTTTTTTTTTT MOQGAD      TELAPSE     3449.35 TCPU     3446.52
 TTTTTTTTTTTTTTTTTTTTTTTTTTTTTT SHELLXN     TELAPSE     3825.09 TCPU     3821.80
 TTTTTTTTTTTTTTTTTTTTTTTTTTTTTT MONMO3      TELAPSE     3837.95 TCPU     3834.42
 NUMERICALLY INTEGRATED DENSITY   1511.9934490796
 TTTTTTTTTTTTTTTTTTTTTTTTTTTTTT NUMDFT      TELAPSE     3855.44 TCPU     3851.79
 CYC   8 ETOT(AU) -2.971863977666E+04 DETOT -5.41E-05 tst  4.03E-08 PX  1.33E-03
 TTTTTTTTTTTTTTTTTTTTTTTTTTTTTT DIIS        TELAPSE     3860.58 TCPU     3856.83
 DIIS TEST: 0.21737E-03 AT SCF   CYCLE   8 - DIIS ACTIVE - HISTORY:     8 CYCLES
 TTTTTTTTTTTTTTTTTTTTTTTTTTTTTT FDIK        TELAPSE     3876.56 TCPU     3872.54
 INSULATING STATE
 TOP OF VALENCE BANDS -    BAND    756; K    8; EIG -1.4508332E-01 AU
 TOP OF VALENCE BANDS -    BAND    756; K    1; EIG -1.5317709E-01 AU
 BOTTOM OF VIRTUAL BANDS - BAND    757; K    1; EIG -1.0210785E-02 AU
 INDIRECT ENERGY BAND GAP:   3.6701 eV
 TTTTTTTTTTTTTTTTTTTTTTTTTTTTTT PDIG        TELAPSE     3879.16 TCPU     3875.11
 CHARGE NORMALIZATION FACTOR   1.00000000
 TOTAL ATOMIC CHARGES:
   8.3418190   8.3358131   8.3430741   8.3421891   8.3388798   8.3359042
   8.3420847   8.3464216   8.3373866   8.3416542   8.3401901   8.3349639
   8.3403521   8.3361332   8.3348636   8.3383566   8.3417494   8.3377733
   8.3408486   8.3373990   8.3411392   8.3378848   8.3377403   8.3364476
   8.3376851   8.3452893   8.3397664   9.0404455   9.0464328   9.0409896
   9.0396332   9.0222267   9.0347007   9.0459647   9.0272396   9.0478338
   9.0350924   9.0269034   9.0450906   9.0353108   9.0301987   9.0277117
   9.0302238   9.0163722   9.0317551   9.0295032   9.0421741   9.0412737
   9.0305386   9.0450358   9.0454461   9.0239596   9.0438061   9.0363534
   9.0752010   9.0744188   9.0650487   9.0698135   9.0650873   9.0694131
   9.0712252   9.0656241   9.0585450   9.0657513   9.0604408   9.0674396
   9.0710221   9.0685612   9.0493021   9.0666962   9.0775206   9.0800105
   9.0600337   9.0566391   9.0747367   9.0571668   9.0602403   9.0456330
   9.0742388   9.0719638   9.0722248   9.0570289   9.0649915   9.0730701
   9.0844866   9.0748259   9.0677805   9.0634112   9.0641947   9.0657638
   9.0682112   9.0582515   9.0522449   9.0653406   9.0703731   9.0598952
   9.0719132   9.0651249   9.0623540   9.0703264   9.0662286   9.0668836
   9.0622361   9.0676560   9.0659683   9.0706685   9.0651377   9.0627398
  20.5022915  20.4963948  20.4776573  20.5066340  20.5074415  20.5094186
  20.5214829  20.4816678  20.4735936  20.4722169  20.5009104  20.4937845
  20.4806285  20.4979167  20.4898171  20.5281636  20.4801800  20.5077241
  20.4882011  20.4964456  20.4820241  20.4676163  20.5039875  20.4806820
  20.4872845  20.4734120  20.4852931
 TTTTTTTTTTTTTTTTTTTTTTTTTTTTTT MOQGAD      TELAPSE     3879.22 TCPU     3875.17
 TTTTTTTTTTTTTTTTTTTTTTTTTTTTTT SHELLXN     TELAPSE     4254.45 TCPU     4250.29
 TTTTTTTTTTTTTTTTTTTTTTTTTTTTTT MONMO3      TELAPSE     4267.17 TCPU     4263.00
 NUMERICALLY INTEGRATED DENSITY   1511.9934488103
 TTTTTTTTTTTTTTTTTTTTTTTTTTTTTT NUMDFT      TELAPSE     4284.58 TCPU     4280.41
 CYC   9 ETOT(AU) -2.971863980390E+04 DETOT -2.72E-05 tst  1.06E-08 PX  3.58E-04
 TTTTTTTTTTTTTTTTTTTTTTTTTTTTTT DIIS        TELAPSE     4289.63 TCPU     4285.46
 DIIS TEST: 0.19698E-04 AT SCF   CYCLE   9 - DIIS ACTIVE - HISTORY:     9 CYCLES
 TTTTTTTTTTTTTTTTTTTTTTTTTTTTTT FDIK        TELAPSE     4305.19 TCPU     4301.00
 INSULATING STATE
 TOP OF VALENCE BANDS -    BAND    756; K    8; EIG -1.4505829E-01 AU
 TOP OF VALENCE BANDS -    BAND    756; K    1; EIG -1.5314590E-01 AU
 BOTTOM OF VIRTUAL BANDS - BAND    757; K    1; EIG -1.0294112E-02 AU
 INDIRECT ENERGY BAND GAP:   3.6671 eV
 TTTTTTTTTTTTTTTTTTTTTTTTTTTTTT PDIG        TELAPSE     4307.76 TCPU     4303.58
 CHARGE NORMALIZATION FACTOR   1.00000000
 TOTAL ATOMIC CHARGES:
   8.3417898   8.3358133   8.3430556   8.3421517   8.3388724   8.3358947
   8.3420662   8.3463907   8.3373612   8.3416281   8.3401888   8.3349349
   8.3403259   8.3361233   8.3348472   8.3383346   8.3417258   8.3377355
   8.3408347   8.3373951   8.3411041   8.3378768   8.3377308   8.3364407
   8.3376733   8.3452669   8.3397172   9.0404028   9.0461423   9.0407508
   9.0391706   9.0220630   9.0347701   9.0455256   9.0272664   9.0475895
   9.0345067   9.0269057   9.0449510   9.0347149   9.0296473   9.0280033
   9.0297264   9.0159061   9.0320861   9.0298690   9.0414077   9.0412532
   9.0303738   9.0445457   9.0455908   9.0238233   9.0432991   9.0364728
   9.0751705   9.0743454   9.0650055   9.0697556   9.0649088   9.0692075
   9.0710657   9.0655414   9.0583743   9.0655935   9.0603198   9.0674279
   9.0709601   9.0684602   9.0490470   9.0666355   9.0773577   9.0798624
   9.0598927   9.0564279   9.0746757   9.0572113   9.0600952   9.0455432
   9.0741867   9.0718347   9.0721321   9.0569848   9.0649586   9.0729120
   9.0843627   9.0748474   9.0676932   9.0634354   9.0640359   9.0658485
   9.0681660   9.0579088   9.0520520   9.0651041   9.0701450   9.0597304
   9.0718090   9.0649049   9.0623279   9.0703377   9.0661783   9.0667300
   9.0621788   9.0676225   9.0659019   9.0705819   9.0648278   9.0626783
  20.5021132  20.4974053  20.4783415  20.5073982  20.5074677  20.5096457
  20.5223529  20.4813877  20.4742964  20.4732599  20.5007988  20.4943913
  20.4815214  20.4989260  20.4898233  20.5292375  20.4806533  20.5071786
  20.4874600  20.4980861  20.4819508  20.4680544  20.5047730  20.4806769
  20.4878965  20.4743904  20.4851674
 TTTTTTTTTTTTTTTTTTTTTTTTTTTTTT MOQGAD      TELAPSE     4307.82 TCPU     4303.64
 TTTTTTTTTTTTTTTTTTTTTTTTTTTTTT SHELLXN     TELAPSE     4682.77 TCPU     4678.33
 TTTTTTTTTTTTTTTTTTTTTTTTTTTTTT MONMO3      TELAPSE     4695.57 TCPU     4690.97
 NUMERICALLY INTEGRATED DENSITY   1511.9934490761
 TTTTTTTTTTTTTTTTTTTTTTTTTTTTTT NUMDFT      TELAPSE     4713.03 TCPU     4708.32
 CYC  10 ETOT(AU) -2.971863980630E+04 DETOT -2.40E-06 tst  2.43E-09 PX  2.68E-04
 TTTTTTTTTTTTTTTTTTTTTTTTTTTTTT DIIS        TELAPSE     4718.36 TCPU     4713.56
 DIIS TEST: 0.44127E-05 AT SCF   CYCLE  10 - DIIS ACTIVE - HISTORY:    10 CYCLES
 TTTTTTTTTTTTTTTTTTTTTTTTTTTTTT FDIK        TELAPSE     4734.29 TCPU     4729.20
 INSULATING STATE
 TOP OF VALENCE BANDS -    BAND    756; K    8; EIG -1.4507358E-01 AU
 TOP OF VALENCE BANDS -    BAND    756; K    1; EIG -1.5315875E-01 AU
 BOTTOM OF VIRTUAL BANDS - BAND    757; K    1; EIG -1.0296187E-02 AU
 INDIRECT ENERGY BAND GAP:   3.6675 eV
 TTTTTTTTTTTTTTTTTTTTTTTTTTTTTT PDIG        TELAPSE     4736.83 TCPU     4731.72
 CHARGE NORMALIZATION FACTOR   1.00000000
 TOTAL ATOMIC CHARGES:
   8.3417905   8.3358069   8.3430513   8.3421497   8.3388620   8.3358854
   8.3420593   8.3463844   8.3373606   8.3416156   8.3401781   8.3349312
   8.3403126   8.3361125   8.3348389   8.3383170   8.3417144   8.3377311
   8.3408248   8.3373822   8.3411000   8.3378680   8.3377172   8.3364313
   8.3376644   8.3452541   8.3397174   9.0402340   9.0460878   9.0406471
   9.0393132   9.0220446   9.0346952   9.0455913   9.0270481   9.0475359
   9.0347189   9.0268084   9.0449672   9.0349560   9.0298067   9.0278087
   9.0299072   9.0161219   9.0319455   9.0295406   9.0415736   9.0411043
   9.0302762   9.0445773   9.0453884   9.0235608   9.0431882   9.0361603
   9.0750730   9.0743132   9.0649082   9.0696848   9.0649548   9.0693062
   9.0711357   9.0655228   9.0584058   9.0656655   9.0603885   9.0674081
   9.0709362   9.0684762   9.0492106   9.0666894   9.0774279   9.0799503
   9.0599033   9.0564797   9.0746182   9.0569980   9.0599993   9.0454383
   9.0741465   9.0717743   9.0721093   9.0568788   9.0649032   9.0729272
   9.0843710   9.0747683   9.0677009   9.0632991   9.0640118   9.0656767
   9.0681282   9.0580139   9.0521103   9.0652454   9.0702757   9.0598813
   9.0717530   9.0649702   9.0622741   9.0702551   9.0661232   9.0667222
   9.0621147   9.0675254   9.0658607   9.0706248   9.0648866   9.0626480
  20.5027341  20.4973042  20.4784754  20.5071143  20.5075910  20.5094779
  20.5222725  20.4819662  20.4744184  20.4728831  20.5010283  20.4941721
  20.4812601  20.4986073  20.4898687  20.5286616  20.4803539  20.5073360
  20.4881653  20.4976014  20.4822843  20.4682255  20.5047862  20.4810003
  20.4883279  20.4747039  20.4858382
 TTTTTTTTTTTTTTTTTTTTTTTTTTTTTT MOQGAD      TELAPSE     4736.89 TCPU     4731.78
 TTTTTTTTTTTTTTTTTTTTTTTTTTTTTT SHELLXN     TELAPSE     5112.17 TCPU     5107.01
 TTTTTTTTTTTTTTTTTTTTTTTTTTTTTT MONMO3      TELAPSE     5124.85 TCPU     5119.69
 NUMERICALLY INTEGRATED DENSITY   1511.9934490883
 TTTTTTTTTTTTTTTTTTTTTTTTTTTTTT NUMDFT      TELAPSE     5142.28 TCPU     5137.12
 CYC  11 ETOT(AU) -2.971863980666E+04 DETOT -3.65E-07 tst  4.77E-10 PX  1.27E-04
 TTTTTTTTTTTTTTTTTTTTTTTTTTTTTT DIIS        TELAPSE     5147.57 TCPU     5142.41
 DIIS TEST: 0.55182E-06 AT SCF   CYCLE  11 - DIIS ACTIVE - HISTORY:    11 CYCLES
 TTTTTTTTTTTTTTTTTTTTTTTTTTTTTT FDIK        TELAPSE     5163.22 TCPU     5158.06
 INSULATING STATE
 TOP OF VALENCE BANDS -    BAND    756; K    8; EIG -1.4507827E-01 AU
 TOP OF VALENCE BANDS -    BAND    756; K    1; EIG -1.5316524E-01 AU
 BOTTOM OF VIRTUAL BANDS - BAND    757; K    1; EIG -1.0299382E-02 AU
 INDIRECT ENERGY BAND GAP:   3.6675 eV
 TTTTTTTTTTTTTTTTTTTTTTTTTTTTTT PDIG        TELAPSE     5165.77 TCPU     5160.61
 CHARGE NORMALIZATION FACTOR   1.00000000
 TOTAL ATOMIC CHARGES:
   8.3417864   8.3358022   8.3430455   8.3421502   8.3388609   8.3358819
   8.3420569   8.3463845   8.3373573   8.3416197   8.3401734   8.3349324
   8.3403174   8.3361119   8.3348374   8.3383220   8.3417172   8.3377336
   8.3408222   8.3373815   8.3410987   8.3378671   8.3377207   8.3364281
   8.3376627   8.3452566   8.3397193   9.0403207   9.0460798   9.0406740
   9.0392553   9.0220740   9.0346887   9.0455323   9.0271441   9.0476015
   9.0346564   9.0268368   9.0449876   9.0349450   9.0297764   9.0278512
   9.0297912   9.0160815   9.0320004   9.0296407   9.0415095   9.0411308
   9.0303134   9.0445639   9.0454335   9.0236321   9.0432380   9.0362651
   9.0750704   9.0743277   9.0649160   9.0697028   9.0649729   9.0692920
   9.0711287   9.0655208   9.0584074   9.0656312   9.0603749   9.0673957
   9.0709098   9.0684760   9.0491982   9.0666475   9.0774093   9.0799427
   9.0599272   9.0564602   9.0746369   9.0570351   9.0600336   9.0454749
   9.0741595   9.0717763   9.0721276   9.0569105   9.0648798   9.0729382
   9.0843668   9.0747602   9.0676960   9.0632807   9.0640541   9.0656862
   9.0681137   9.0580040   9.0521196   9.0652354   9.0702449   9.0598608
   9.0717588   9.0649766   9.0622745   9.0702792   9.0661263   9.0667366
   9.0621231   9.0675264   9.0658634   9.0705877   9.0649336   9.0626430
  20.5025732  20.4972941  20.4783794  20.5072325  20.5075894  20.5095504
  20.5222935  20.4818333  20.4743544  20.4729965  20.5009419  20.4942462
  20.4813187  20.4986542  20.4898042  20.5288644  20.4805229  20.5073414
  20.4880556  20.4977296  20.4822384  20.4681873  20.5047692  20.4809395
  20.4881211  20.4745395  20.4856223
 TTTTTTTTTTTTTTTTTTTTTTTTTTTTTT MOQGAD      TELAPSE     5165.83 TCPU     5160.67
 TTTTTTTTTTTTTTTTTTTTTTTTTTTTTT SHELLXN     TELAPSE     5540.17 TCPU     5534.83
 +++ ENERGIES IN A.U. +++
 ::: EXT EL-POLE                                  -3.9303254481232E+04
 ::: EXT EL-SPHEROPOLE                             3.7463002277475E+02
 ::: BIELET ZONE E-E                               4.6929653738801E+04
 ::: TOTAL E-E                                     8.0010292803433E+03
 ::: TOTAL E-N + N-E                              -5.9833978544668E+04
 ::: TOTAL N-N                                    -5.6014247982415E+03
 ::: KINETIC ENERGY                                2.9177061180673E+04
 ::: PSEUDO TOTAL   ENERGY                        -2.8257312881893E+04
 ::: VIRIAL COEFFICIENT                            1.0160138995818E+00
 TTTTTTTTTTTTTTTTTTTTTTTTTTTTTT MONMO3      TELAPSE     5553.01 TCPU     5547.44
 NUMERICALLY INTEGRATED DENSITY   1511.9934490731
 EXCHANGE ENERGY: -0.140333859266E+04  CORRELATION ENERGY: -0.579883318104E+02
 TTTTTTTTTTTTTTTTTTTTTTTTTTTTTT NUMDFT      TELAPSE     5570.62 TCPU     5564.83
 CYC  12 ETOT(AU) -2.971863980636E+04 DETOT  3.01E-07 tst  4.14E-11 PX  1.27E-04

 == SCF ENDED - CONVERGENCE ON ENERGY      E(AU) -2.9718639806361E+04 CYCLES  12


 ENERGY EXPRESSION=HARTREE+FOCK EXCH*0.25000+(PBE        EXCH)*0.75000+PBE        CORR


 TOTAL ENERGY(DFT)(AU)( 12) -2.9718639806361E+04 DE 3.0E-07 tester 4.1E-11
 TTTTTTTTTTTTTTTTTTTTTTTTTTTTTT EDFT        TELAPSE     5570.74 TCPU     5564.85

 *******************************************************************************
 *                             FORCE CALCULATION                               *
 *******************************************************************************

 TTTTTTTTTTTTTTTTTTTTTTTTTTTTTT NUMDFG      TELAPSE     5687.89 TCPU     5681.84
 INFORMATION **** EXCPOG **** EXCH. BIPO BUFFER LENGTH (WORDS) =    90684936
 INFORMATION **** GENPOG **** BIPO BUFFER LENGTH (WORDS) =    12710000
 TTTTTTTTTTTTTTTTTTTTTTTTTTTTTT SHELXG      TELAPSE     7357.40 TCPU     7340.05

 CARTESIAN FORCES IN HARTREE/BOHR (ANALYTICAL)
   ATOM                     X                   Y                   Z
   1 256            -1.209556695830E-02  7.921952102254E-04  1.632931499165E-03
   2 256            -5.451601720888E-03  3.177420424682E-03 -3.080905543917E-03
   3 256            -3.414454095811E-04  4.750610493941E-03 -4.477545017337E-03
   4 256            -1.822906686630E-02 -5.543330354607E-03  2.269222737064E-03
   5 256            -1.571577697825E-03 -1.370798371342E-02 -1.713941435580E-03
   6 256            -1.289261384102E-02  2.441914898950E-03  1.281822342709E-03
   7 256            -5.221651279543E-03  4.852052185191E-03 -7.525869219254E-03
   8 256             8.148111674670E-05  9.719223421018E-03  7.974216252289E-03
   9 256             4.587275850670E-03  3.795281536128E-03 -5.041551714325E-04
  10 256             1.033922250867E-02  4.614656941595E-03 -7.524051077669E-03
  11 256             5.401117037043E-03  5.816870487718E-03  8.785836712329E-03
  12 256            -1.183696247266E-03  7.754887135585E-04  8.070525741436E-03
  13 256             1.121774767929E-02  3.177821500540E-04 -6.628907821744E-03
  14 256            -8.407283684726E-04 -1.336986064890E-02  2.152016769454E-03
  15 256             5.397115896147E-03 -2.017934072484E-03  5.888598085545E-03
  16 256            -1.316305255170E-03 -1.225406064357E-02 -2.077940267953E-04
  17 256             1.903687617823E-03 -1.448920580520E-03  5.464983933930E-03
  18 256            -1.096674561325E-02  3.021316447866E-04 -2.504629862889E-03
  19 256             8.328892057773E-03  1.984217764641E-03  2.277475281845E-03
  20 256            -3.772699190186E-03  4.327910144270E-03  9.204422011750E-03
  21 256            -3.127327072859E-03  1.805854300064E-03 -5.960878616565E-03
  22 256             7.145638968730E-03  5.873209235754E-03 -7.203113888538E-03
  23 256             1.785964364930E-03  1.306764677092E-03 -2.569252032886E-03
  24 256             4.129664829327E-03 -4.141261662393E-03  5.303789907388E-03
  25 256             7.519265514087E-03 -5.412834726604E-03 -1.577271197833E-03
  26 256             1.009218106998E-03 -5.783099662866E-03 -1.265372636436E-03
  27 256            -4.237065637896E-03  1.323491278614E-03 -6.787556889875E-04
  28   8            -2.366372642051E-03 -1.986000186140E-03 -1.329222273296E-02
  29   8            -5.549071758867E-03 -7.266883674527E-03 -1.203681493452E-02
  30   8             2.328912016002E-03 -4.524965813794E-04  2.109462992485E-02
  31   8            -1.037268897529E-02  2.619090617460E-03 -8.692010238327E-03
  32   8             3.385109315707E-03 -5.189906641995E-03  1.196807115290E-02
  33   8            -5.839331304875E-03 -4.229294822457E-03  4.931445724263E-03
  34   8             4.469352144650E-03 -5.177164124130E-03 -2.424155367936E-02
  35   8            -2.171693085408E-03 -1.770010352102E-03  1.853684629205E-03
  36   8            -7.204976987738E-04  4.652495723375E-03  1.564054096493E-02
  37   8            -4.106494826263E-03 -3.058934863958E-03 -8.425887710059E-03
  38   8             6.600232364398E-03 -4.378463231494E-03  8.240447538733E-03
  39   8            -1.926152887523E-03  5.095683092361E-03  1.076953541287E-02
  40   8             1.029265182835E-03  9.892251111501E-04  2.020669218063E-02
  41   8            -2.055293996449E-03  2.675810670601E-03  5.694576064426E-03
  42   8             5.700530043672E-04  5.762376967340E-03  2.759286580752E-03
  43   8            -4.423300317882E-05 -1.806341970243E-03 -2.143629611235E-02
  44   8            -4.831283072204E-04 -2.704394837341E-03  2.726980337605E-02
  45   8            -5.578154118613E-03  4.578191259716E-03  9.126662378952E-03
  46   8             2.996331457851E-03  1.168210617592E-03  1.738329265477E-02
  47   8            -5.039777603614E-04 -7.553898935034E-03 -1.394354239728E-02
  48   8             4.964688607726E-03  9.443910775338E-04 -9.916660290910E-03
  49   8             2.299791806301E-03  1.352625906449E-02  1.403225353318E-02
  50   8            -3.397522093593E-03  2.384559518026E-04 -1.731913668057E-02
  51   8             3.718068812436E-03  5.850995291819E-03 -8.071919229109E-03
  52   8            -7.125632957126E-03 -9.423645664634E-03 -4.912562665695E-03
  53   8             4.361017919069E-03  3.407285896973E-03  1.706728994249E-03
  54   8             2.128941153360E-03 -8.217480823701E-04 -1.873562964901E-02
  55   8            -1.374494559480E-03 -1.178274304348E-02 -5.048451382919E-03
  56   8            -7.476277948449E-04  1.049482908677E-02  1.667476891820E-04
  57   8            -9.800005470327E-03 -5.096216970166E-03  6.742029934232E-03
  58   8            -3.222746108862E-03  9.338366361575E-03 -3.929872497968E-03
  59   8            -6.723140478402E-03  9.214009743965E-03  2.078075724900E-03
  60   8             6.649662178599E-04  8.111234602440E-03  6.879141885866E-03
  61   8            -5.781652491692E-03  8.160347397468E-03  3.128932219987E-07
  62   8            -7.429302906168E-04 -6.224402824000E-03 -3.722158009157E-03
  63   8            -2.728736047662E-03 -2.996704770798E-03  5.880760174000E-03
  64   8             1.795467593467E-04 -2.457692083510E-02 -1.058738962391E-03
  65   8            -3.037255111921E-04  3.850034748667E-03  5.492471187944E-03
  66   8             4.022231057585E-03 -1.257598371358E-02  2.687256224119E-03
  67   8            -1.985816503055E-03  6.968747745311E-04 -8.852594556085E-03
  68   8            -5.112488042659E-03  7.663157004835E-03 -5.035884688980E-03
  69   8             5.729793005425E-03 -1.322113846010E-04 -7.295162809748E-04
  70   8             2.934873874161E-03  2.008477767764E-02  8.764595375041E-04
  71   8            -2.114616103348E-03 -1.023507388486E-03 -5.690890911385E-03
  72   8            -6.222256037812E-03  4.443610967597E-04 -1.254682690412E-03
  73   8            -6.366007997816E-03 -7.258768133735E-03 -1.132034108427E-03
  74   8             6.183350820501E-03 -1.376600429322E-03  5.482257058314E-03
  75   8            -3.893275893152E-03 -7.553064597715E-03 -1.214484640588E-03
  76   8            -1.072163024587E-03 -1.318209034185E-03 -2.688211833319E-03
  77   8            -3.213034289860E-03 -2.426927308199E-03  6.059575910919E-04
  78   8             9.578008370983E-04 -7.525429532906E-03  5.151868097524E-03
  79   8             4.206898217093E-03  7.307939962923E-03  8.401646325623E-03
  80   8            -3.395045161185E-03 -2.221614878336E-03 -6.008210956203E-03
  81   8             2.107918766743E-03  1.186931593040E-02  5.564994464952E-03
  82   8             6.668234295315E-03  1.788809425882E-03 -1.295579131207E-03
  83   8             3.331065534563E-03 -3.884425083650E-03  3.058736901411E-03
  84   8             1.068916238740E-02 -1.905128491053E-03  5.989461309479E-03
  85   8             1.270577130498E-02  3.367428918676E-03  6.473186426859E-03
  86   8             6.983330805824E-03  6.600445181100E-03 -4.814799764703E-03
  87   8             1.812917970632E-02  5.386813451035E-03  6.365929898153E-03
  88   8             6.326103756287E-03 -1.058650834029E-02 -4.175803374276E-03
  89   8            -5.977214660827E-03  1.454246920497E-03  8.825295281915E-03
  90   8            -2.837906666156E-03  1.088981230001E-03 -2.307853941271E-03
  91   8            -7.044454478203E-03  1.107132989524E-03 -7.717041651177E-03
  92   8            -2.567446786562E-03 -7.708247830111E-03 -1.647993302369E-03
  93   8            -4.990746068230E-03 -5.233109340076E-05  9.829614943520E-03
  94   8            -5.927746603393E-03 -3.989026527999E-03  2.253566318261E-03
  95   8             5.106139826640E-03  4.497222365265E-03  3.291820508211E-03
  96   8            -1.156985115179E-02  4.476459436921E-03  5.310790248709E-04
  97   8             3.687769649378E-03 -5.025798690454E-05  4.178784075525E-03
  98   8            -4.103470276734E-03 -1.022415504912E-03 -2.233167402841E-03
  99   8             1.142893540851E-02 -3.907589456991E-03  4.044076683447E-03
 100   8            -1.025479891710E-03  2.259121157552E-03 -5.785639564458E-03
 101   8             4.583050264716E-03 -3.098236818919E-03 -2.405017613753E-03
 102   8            -6.261964189008E-03 -5.532485478642E-03 -1.129818651622E-03
 103   8             4.171538229363E-03  4.669787829176E-03  3.838681567111E-03
 104   8             4.595486526255E-03  9.061900100019E-03 -6.597291089498E-03
 105   8            -4.803695765353E-03  8.509378367895E-03  3.231745827235E-04
 106   8            -7.266731188062E-03  1.312629037744E-03  9.368782851116E-03
 107   8             5.788158784109E-03 -5.918993366496E-03 -2.280461684135E-03
 108   8             2.935531248781E-03  3.529197343632E-03  4.170120522305E-03
 109  22            -1.365002965415E-02  2.877163024969E-03  3.037664275584E-02
 110  22             1.075191439352E-02  1.501514757611E-02 -7.994640586144E-04
 111  22             2.027655258238E-02 -5.653932611484E-03 -3.102427312698E-02
 112  22             2.220929506097E-02 -5.133537911844E-03  2.588054435563E-03
 113  22             3.886425176458E-03  3.891215363538E-03 -1.504380714343E-02
 114  22             6.889554472089E-03  1.207301870323E-02 -1.431075941724E-02
 115  22            -4.799087104790E-03  7.160207058113E-03  2.558214038337E-02
 116  22             6.104945485251E-03 -1.359344221267E-02 -5.356568269998E-03
 117  22             8.025237996329E-03 -9.350550745359E-03 -2.566018923939E-02
 118  22            -5.354881248656E-04 -8.186609796533E-04  2.520013844395E-02
 119  22            -1.348291563444E-03  1.402000109900E-03 -1.671565215193E-02
 120  22            -1.292383119822E-02  4.516049311975E-03 -1.528268069302E-02
 121  22             3.545452113590E-03  7.338441957397E-03 -1.260910005619E-02
 122  22             3.594907651358E-03 -1.131168527966E-02  7.364265316298E-03
 123  22            -1.064637336307E-03 -2.499193830006E-02  2.041086040848E-03
 124  22            -3.058539929686E-03 -5.275281639662E-03  2.050500239423E-03
 125  22            -3.426709803657E-03  1.634273477576E-02 -2.263249140027E-02
 126  22             6.915168781736E-03  1.674039841699E-02 -1.541207282157E-02
 127  22             8.526306495245E-03  4.715013107856E-03 -1.283254693038E-02
 128  22            -2.200585177420E-03  6.901548695665E-03  1.571766199788E-02
 129  22            -8.244937870452E-03  2.555724060439E-02  6.325073930351E-03
 130  22            -1.928207737792E-02 -2.656002332412E-02 -2.110138616385E-02
 131  22            -5.333749911063E-05 -2.041641680010E-02  2.215453631744E-02
 132  22            -5.612000258720E-03 -2.907187241321E-02  4.370353468965E-03
 133  22             9.619555338998E-03  2.011058608423E-02 -5.078890439126E-03
 134  22            -4.348983508520E-03  6.707582467071E-03 -1.127311654923E-02
 135  22            -8.946865647147E-03 -3.757933177819E-03  2.302964131758E-02

 RESULTANT FORCE     3.996240838244E-12 -2.209576271950E-12  7.189873696412E-12

 SYMMETRY ALLOWED FORCES (ANALYTICAL) (DIRECTION, FORCE)

    1 -1.2140616E-02    2  7.9514567E-04    3  1.6390132E-03    4 -5.5626622E-03
    5  3.1952773E-03    6 -3.0802344E-03    7 -4.7516873E-04    8  4.7985309E-03
    9 -4.5054016E-03   10 -1.8434547E-02   11 -5.4981339E-03   12  2.2328061E-03
   13 -1.8543765E-03   14 -1.3736262E-02   15 -1.7485387E-03   16 -1.3233528E-02
   17  2.3700397E-03   18  1.2453117E-03   19 -5.6356449E-03   20  4.8080174E-03
   21 -7.5870267E-03   22 -3.5587678E-04   23  9.7320237E-03   24  7.9144561E-03
   25  4.1649495E-03   26  3.8615547E-03   27 -5.3492730E-04   28  9.9730454E-03
   29  4.7149710E-03   30 -7.5871093E-03   31  5.0951743E-03   32  5.9598943E-03
   33  8.7274705E-03   34 -1.4750952E-03   35  9.4631959E-04   36  8.0799266E-03
   37  1.0965029E-02   38  4.9446620E-04   39 -6.6136679E-03   40 -1.0529244E-03
   41 -1.3245551E-02   42  2.1490324E-03   43  5.2021188E-03   44 -1.9563463E-03
   45  5.9189851E-03   46 -1.4959179E-03   47 -1.2251763E-02   48 -1.5343639E-04
   49  1.7250663E-03   50 -1.5043275E-03   51  5.5420332E-03   52 -1.1185570E-02
   53  2.4138891E-04   54 -2.4143992E-03   55  8.0970447E-03   56  1.9327819E-03
   57  2.3675494E-03   58 -3.9869427E-03   59  4.3033765E-03   60  9.3450467E-03
   61 -3.3735673E-03   62  1.8078680E-03   63 -5.8050055E-03   64  6.9150306E-03
   65  5.9091091E-03   66 -7.1038717E-03   67  1.5929502E-03   68  1.3748504E-03
   69 -2.5125157E-03   70  3.9614710E-03   71 -4.0853309E-03   72  5.3733767E-03
   73  7.4022953E-03   74 -5.3996428E-03   75 -1.4902624E-03   76  9.3005572E-04
   77 -5.8209152E-03   78 -1.1905463E-03   79 -4.3318883E-03   80  1.2648507E-03
   81 -6.1219283E-04   82 -2.4927716E-03   83 -2.0483034E-03   84 -1.3290159E-02
   85 -5.7138550E-03   86 -7.3732715E-03   87 -1.2153637E-02   88  2.1473931E-03
   89 -5.9640226E-04   90  2.1020000E-02   91 -1.0594577E-02   92  2.4842095E-03
   93 -8.7083493E-03   94  3.1274795E-03   95 -5.3386013E-03   96  1.1967641E-02
   97 -6.1115560E-03   98 -4.4253773E-03   99  5.0133666E-03  100  4.1878210E-03
  101 -5.4215283E-03  102 -2.4254304E-02  103 -2.4446760E-03  104 -2.0513280E-03
  105  1.7297437E-03  106 -1.0107399E-03  107  4.3829166E-03  108  1.5603440E-02
  109 -4.4242303E-03  110 -3.3232604E-03  111 -8.4270498E-03  112  6.2921668E-03
  113 -4.6836586E-03  114  8.2385405E-03  115 -2.2133061E-03  116  4.7911677E-03
  117  1.0866142E-02  118  7.3444944E-04  119  7.1332407E-04  120  2.0466623E-02
  121 -2.3587014E-03  122  2.4164057E-03  123  6.0941031E-03  124  2.5549517E-04
  125  5.5453667E-03  126  3.2082541E-03  127 -3.5935814E-04  128 -2.0044237E-03
  129 -2.1083786E-02  130 -8.0458589E-04  131 -2.9293044E-03  132  2.7658767E-02
  133 -5.9367299E-03  134  4.3612598E-03  135  9.7207407E-03  136  2.6194581E-03
  137  9.8090611E-04  138  1.8132242E-02  139 -8.7108370E-04  140 -7.7795368E-03
  141 -1.3167193E-02  142  4.6189664E-03  143  6.7854249E-04  144 -9.2677212E-03
  145  1.9920210E-03  146  1.3341194E-02  147  1.4712883E-02  148 -3.7154092E-03
  149  1.3149868E-04  150 -1.6650301E-02  151  3.3984402E-03  152  5.7789034E-03
  153 -7.5452556E-03  154 -7.4696881E-03  155 -9.5182671E-03  156 -4.4572893E-03
  157  3.9962461E-03  158  3.2752876E-03  159  2.1482118E-03  160  1.7994689E-03
  161 -9.3958232E-04  162 -1.8393588E-02  163 -1.7034408E-03  164 -1.1980543E-02
  165 -4.8496308E-03  166 -1.0940468E-03  167  1.0286878E-02  168  3.3746801E-04
  169 -1.0218205E-02  170 -5.2727436E-03  171  6.9590644E-03  172 -3.7302274E-03
  173  9.1872302E-03  174 -3.6921145E-03  175 -7.3023386E-03  176  9.1821577E-03
  177  2.3069656E-03  178  3.8135100E-05  179  8.1936784E-03  180  7.1704900E-03
  181 -6.4513838E-03  182  8.3531091E-03  183  3.4159093E-04  184 -1.4660451E-03
  185 -6.0161787E-03  186 -3.4016419E-03  187 -3.4858159E-03  188 -2.8491291E-03
  189  6.2208118E-03  190 -6.0587889E-04  191 -2.4620637E-02  192 -6.8037756E-04
  193 -1.1011853E-03  194  3.6594019E-03  195  5.9078098E-03  196  3.2401608E-03
  197 -1.2832562E-02  198  3.1673491E-03  199 -2.7645982E-03  200  3.5018869E-04
  201 -8.4108027E-03  202 -5.9554760E-03  203  7.3734538E-03  204 -4.6903267E-03
  205  4.8790737E-03  206 -3.6986315E-04  207 -4.2199211E-04  208  2.1372313E-03
  209  1.9996401E-02  210  1.1898472E-03  211 -2.9184176E-03  212 -9.6611361E-04
  213 -5.4101634E-03  214 -7.1044917E-03  215  4.9814343E-04  216 -1.0240905E-03
  217 -7.3630774E-03  218 -7.2588885E-03  219 -9.1684327E-04  220  5.1689942E-03
  221 -1.4467408E-03  222  5.7365340E-03  223 -4.9058137E-03  224 -7.6983775E-03
  225 -9.2095810E-04  226 -2.1433500E-03  227 -1.5402997E-03  228 -2.4226014E-03
  229 -4.3392393E-03  230 -2.6848669E-03  231  8.5842969E-04  232 -2.0744763E-04
  233 -7.8745952E-03  234  5.4589736E-03  235  3.0668593E-03  236  6.9512449E-03
  237  8.8342658E-03  238 -4.5486182E-03  239 -2.5392943E-03  240 -5.5468114E-03
  241  9.2159750E-04  242  1.1634913E-02  243  6.0312770E-03  244  5.5419614E-03
  245  1.6772458E-03  246 -7.8097267E-04  247  2.2784280E-03  248 -4.0183289E-03
  249  3.6001354E-03  250  9.7525583E-03  251 -2.0977547E-03  252  6.6293650E-03
  253  1.1982372E-02  254  3.1857235E-03  255  7.2491907E-03  256  6.4439269E-03
  257  6.5159277E-03  258 -4.0069342E-03  259  1.7838158E-02  260  5.4240823E-03
  261  7.2070352E-03  262  6.2857601E-03  263 -1.0604070E-02  264 -3.2945102E-03
  265 -6.0153780E-03  266  1.3387884E-03  267  9.7762871E-03  268 -2.9736023E-03
  269  9.9891392E-04  270 -1.2649949E-03  271 -7.2945141E-03  272  1.0397211E-03
  273 -6.7637357E-03  274 -2.9334593E-03  275 -7.8536703E-03  276 -7.8003114E-04
  277 -5.4544697E-03  278 -2.9196534E-04  279  1.0815055E-02  280 -6.5342801E-03
  281 -4.2834164E-03  282  3.4078136E-03  283  4.4753140E-03  284  4.2024765E-03
  285  4.5431221E-03  286 -1.2299802E-02  287  4.2878577E-03  288  1.8622444E-03
  289  2.8377451E-03  290 -1.8664350E-04  291  5.6060120E-03  292 -4.9823934E-03
  293 -1.1768287E-03  294 -7.4248994E-04  295  1.0627733E-02  296 -4.1340479E-03
  297  5.6009950E-03  298 -1.7039178E-03  299  2.0036633E-03  300 -4.2103515E-03
  301  3.9370938E-03  302 -3.3738192E-03  303 -9.0243922E-04  304 -6.9534617E-03
  305 -5.9454083E-03  306  3.6499234E-04  307  3.4278075E-03  308  4.2320709E-03
  309  5.4217613E-03  310  3.9673857E-03  311  8.8288463E-03  312 -5.0090354E-03
  313 -5.4570528E-03  314  8.5567383E-03  315  1.8615518E-03  316 -8.1472316E-03
  317  1.5270996E-03  318  1.1124918E-02  319  4.8527820E-03  320 -5.7789274E-03
  321 -3.4005738E-04  322  2.1243304E-03  323  3.6324280E-03  324  6.2165243E-03
  325 -1.4696983E-02  326  3.1050935E-03  327  3.3156931E-02  328  9.6116452E-03
  329  1.5605272E-02  330  2.6641781E-03  331  1.9725161E-02  332 -4.8528097E-03
  333 -2.8075102E-02  334  2.2539213E-02  335 -4.5278166E-03  336  5.0649387E-03
  337  4.8067691E-03  338  4.4984318E-03  339 -1.2737977E-02  340  8.1042589E-03
  341  1.3082115E-02  342 -1.2580456E-02  343 -3.4774750E-03  344  8.6865037E-03
  345  2.7683565E-02  346  7.5313799E-03  347 -1.2160544E-02  348 -2.6382996E-03
  349  9.9116844E-03  350 -8.4591818E-03  351 -2.3641000E-02  352  1.6696021E-03
  353 -1.6370576E-04  354  2.7341858E-02  355  9.3306185E-04  356  2.1153689E-03
  357 -1.4205388E-02  358 -1.0961846E-02  359  5.4681583E-03  360 -1.3642824E-02
  361  5.3286218E-03  362  8.7671611E-03  363 -1.1817374E-02  364  5.7751804E-03
  365 -9.9367100E-03  366  8.0334451E-03  367  1.3880996E-03  368 -2.4971732E-02
  369  3.1365718E-03  370 -5.7353998E-04  371 -6.5537588E-03  372  3.4196459E-03
  373 -1.0144214E-03  374  1.5493884E-02  375 -2.2141706E-02  376  9.7798122E-03
  377  1.7548307E-02  378 -1.6867587E-02  379  1.2643032E-02  380  6.8647568E-03
  381 -1.6122535E-02  382  2.8683212E-03  383  1.0121407E-02  384  1.2240220E-02
  385 -3.2165950E-03  386  3.1837645E-02  387  3.9886345E-03  388 -1.5896507E-02
  389 -1.9420793E-02  390 -2.5324766E-02  391  2.0292192E-03  392 -1.6916755E-02
  393  1.7345215E-02  394 -3.7988802E-03  395 -3.1833897E-02  396  1.8571701E-03
  397  1.3282342E-02  398  1.5216035E-02  399 -8.9464778E-03  400  3.2511936E-03
  401  7.4002371E-03  402 -2.4255713E-02
 TTTTTTTTTTTTTTTTTTTTTTTTTTTTTT TOTGRA      TELAPSE     7388.76 TCPU     7371.26
 EIGENVECTORS IN FORTRAN UNIT  8
 TTTTTTTTTTTTTTTTTTTTTTTTTTTTTT END         TELAPSE     7393.00 TCPU     7375.37
 EEEEEEEEEE TERMINATION  DATE 25 03 2026 TIME 19:16:42.7
NODE    0 CPU TIME =      7375.368
NODE    1 CPU TIME =      7376.527
NODE    2 CPU TIME =      7376.658
NODE    3 CPU TIME =      7376.496
NODE    4 CPU TIME =      7376.076
NODE    5 CPU TIME =      7376.563
NODE    6 CPU TIME =      7373.920
NODE    7 CPU TIME =      7375.896
NODE    8 CPU TIME =      7376.723
NODE    9 CPU TIME =      7374.362
NODE   10 CPU TIME =      7376.578
NODE   11 CPU TIME =      7376.555
NODE   12 CPU TIME =      7376.126
NODE   13 CPU TIME =      7376.567
NODE   14 CPU TIME =      7376.885
NODE   15 CPU TIME =      7376.280
NODE   16 CPU TIME =      7368.092
NODE   17 CPU TIME =      7375.956
NODE   18 CPU TIME =      7376.680
NODE   19 CPU TIME =      7375.871
NODE   20 CPU TIME =      7375.449
NODE   21 CPU TIME =      7375.658
NODE   22 CPU TIME =      7376.049
NODE   23 CPU TIME =      7376.647
NODE   24 CPU TIME =      7375.870
NODE   25 CPU TIME =      7375.466
NODE   26 CPU TIME =      7375.838
NODE   27 CPU TIME =      7375.559
NODE   28 CPU TIME =      7373.569
NODE   29 CPU TIME =      7375.212
NODE   30 CPU TIME =      7376.090
NODE   31 CPU TIME =      7375.304
    TOTAL CPU TIME =    236020.890
------------------------------------------------------
Pcrystal finished normally
------------------------------------------------------
SCF wavefunction fort.9 saved as /users/zeitzsab/tetra_script_walkthrough/oldPyro_tetra/rdm/rdm_disp6.w
Date: 2026-03-25 19:16:43