Date: 2026-03-25 17:28:42
Running on: nid002512
Temporary directory: /scratch/project_462000878/zeitzsab/rdm_disp34_10414
Executable: /project/project_462000878/jchem/crystal/23-1.0.1-gnu/install/bin/Pcrystal
Output: /users/zeitzsab/tetra_script_walkthrough/oldPyro_tetra/rdm/rdm_disp34.out
Input data rdm_disp34.d12
converted and standardized from ase Atoms() object for Ba27Ti27O81 in space group 1
EXTERNAL
ENDGEOM 
256 6 
INPUT 
10. 0 2 2 2 1 0 
9.526986 427.845816 0 
4.487510 204.417530 0 
8.315930 293.605864 0 
4.292217 294.193316 0 
5.916108 112.550402 0 
2.874842 181.782621 0 
3.589465 -33.473174 0 
0 0 3 2.0 1.0 
2.3961900000 -5.9554766710 
2.2433050000 6.6805648241 
0.71740200000 -0.57055347037 
0 0 1 2.0 1.0 
0.27420073547 1.0000000000 
0 1 1 0.0 1.0 
0.13 1.0 1.0 
0 2 4 6.0 1.0 
2.9267420000 0.79815276764 
2.5207180000 -1.0707548832 
0.67578180854 0.34940781448 
0.31985844531 0.65041110673 
0 3 2 0.0 1.0 
0.966315 -0.908938 
0.893828 0.947240 
0 3 1 0.0 1.0 
0.273195 0.322057 
22 12 
0 0 8 2.0 1.0 
211575.69025 .23318151011E-03 
31714.945058 .18079690851E-02 
7217.5476543 .93984311352E-02 
2042.9394247 .38156853618E-01 
665.12896208 .12374757197 
238.74942264 .29208551143 
92.508691001 .41226800855 
36.403919209 .21090534061 
0 0 4 2.0 1.0 
232.72624607 -.24920140738E-01 
71.791209711 -.11746490087 
11.158534615 .56503342318 
4.6548135416 .56211101812 
0 0 2 2.0 1.0 
6.8034629174 -.23011425503 
1.1201076403 .72103186735 
0 0 1 2.0 1.0 
0.48080118839 1.0000000000 
0 0 1 0.0 1.0 
0.24 1.0 
0 1 1 0.0 1.0 
0.12 1.0 1.0 
0 2 6 6.0 1.0 
1063.1474732 .24690839320E-02 
251.56507061 .19773345523E-01 
80.408554854 .90987976672E-01 
29.768193269 .25559900413 
11.736830556 .40489386764 
4.7142375230 .23693402558 
0 2 3 6.0 1.0 
17.796803704 -.27878639615E-01 
2.4272698680 .55672914668 
0.96823445537 1.0055447350 
0 2 1 0.0 1.0 
0.37056694165 1.0000000000 
0 3 4 2.0 1.0 
37.713384723 .11513835092E-01 
10.692931184 .67246343996E-01 
3.6728446990 .21484207775 
1.3588590303 .38890892779 
0 3 1 0.0 1.0 
0.54 1.0 
0 3 1 0.0 1.0 
0.22 1.0 
8 7 
0 0 6 2.0 1.0 
27032.382631 0.21726302465E-03 
4052.3871392 0.16838662199E-02 
922.32722710 0.87395616265E-02 
261.24070989 0.35239968808E-01 
85.354641351 0.11153519115 
31.035035245 0.25588953961 
0 0 2 2.0 1.0 
12.271113873 0.39768730901 
4.9159842006 0.24627849430 
0 0 1 0.0 1.0 
0.90086482370 1.0000000000 
0 1 1 0.0 1.0 
0.25000000000 1.0 1.0 
0 2 4 4.0 1.0 
75.300554155 0.60685103418E-02 
17.743733858 0.41912575824E-01 
5.5355828651 0.16153841088 
2.0685535103 0.35706951311 
0 2 1 0.0 1.0 
0.78238772422 1.0000000000 
0 3 1 0.0 1.0 
1.2000000000 1.0000000000 
99 0 
ENDBAS 
DFT 
PBE0 
ENDDFT 
SHRINK 
0 2 
2 2 2 
TOLINTEG 
8 8 8 8 16 
MAXCYCLE 
100 
FMIXING 
80 
EXCHSIZE 
30000000 
BIPOSIZE 
30000000 
GRADCAL 
ENDEXTERNAL geometry rdm_disp34.ext is available as /scratch/project_462000878/zeitzsab/rdm_disp34_10414/fort.34
 PROCESS            3  OF           32  WORKING
 PROCESS           14  OF           32  WORKING
 PROCESS           26  OF           32  WORKING
 PROCESS            2  OF           32  WORKING
 PROCESS           11  OF           32  WORKING
 PROCESS           24  OF           32  WORKING
 PROCESS            9  OF           32  WORKING
 PROCESS            0  OF           32  WORKING
 PROCESS           10  OF           32  WORKING
 PROCESS           22  OF           32  WORKING
 PROCESS           18  OF           32  WORKING
 PROCESS           23  OF           32  WORKING
 PROCESS           29  OF           32  WORKING
 PROCESS            7  OF           32  WORKING
 PROCESS           20  OF           32  WORKING
 PROCESS           17  OF           32  WORKING
 PROCESS           12  OF           32  WORKING
 PROCESS           28  OF           32  WORKING

         
 *******************************************************************************
 *                                                                             *
 *                               CRYSTAL23                                     *
 *                      public : 1.0.1 - October 2022                          *
 *                       HTTP://WWW.CRYSTAL.UNITO.IT                           *
 *                                                                             *
 *                              MAIN AUTHORS                                   *
 *                                                                             *
 *  R. DOVESI(1,11), V.R. SAUNDERS(2), C. ROETTI(1,11), R. ORLANDO(1,11),      *
 *  C.M. ZICOVICH-WILSON(1,3), F. PASCALE(4), B. CIVALLERI(1,11),              *
 *  K. DOLL(5), N.M. HARRISON(6), I.J. BUSH(7), Ph. D'ARCO(8),                 *
 *  M. LLUNELL(9), M. CAUSA'(10), Y. NOEL(8), L. MASCHIO(1,11), A. ERBA(1,11)  *
 *  M. RE'RAT(14), S. CASASSA(1,11), B.G. SEARLE(2), J.K. DESMARAIS(1)         *
 *                                                                             *
 *        CONTRIBUTIONS TO THE CODE HAVE ALSO BEEN GIVEN BY                    *
 *                                                                             *
 *  M. FERRABONE(1,11), M. DE LA PIERRE(1,11), M. FERRERO(1,11),               *
 *  J. BAIMA(1,11), E. ALBANESE(1,11), M.F. PEINTINGER(12), R. BAST(13),       *
 *  B. KIRTMAN(15), V. LACIVITA(1,11), R. DEMICHELIS(1,16)                     *
 *  G. BRANDEBURG(17), S. SALUSTRO(1,11), G. SANSONE(1,11)                     *
 *  M.T. RUGGIERO(18), L.E. DAGA(1), L. DONA'(1), A. COSSARD(1)                *
 *                                                                             *
 * (1) THEORETICAL CHEMISTRY GROUP - UNIVERSITA' DI TORINO - TORINO (ITALY)    *
 * (2) SCIENTIFIC COMPUTING DEPARTMENT - STFC DARESBURY (UK)                   *
 * (3) UNIVERSIDAD AUTONOMA DEL ESTADO DE MORELOS - CUERNAVACA (MEXICO)        *
 * (4) UNIVERSITE' DE LORRAINE - NANCY (FRANCE)                                *
 * (5) UNIVERSITAET STUTTGART- STUTTGART (GERMANY)                             *
 * (6) IMPERIAL COLLEGE - LONDON (UK)                                          *
 * (7) SCIENTIFIC COMPUTING DEPARTMENT - STFC RAL (UK)                         *
 * (8) UPMC - SORBONNE UNIVERSITES - PARIS (FRANCE)                            *
 * (9) UNIVERSIDAD DE BARCELONA - BARCELONA (SPAIN)                            *
 *(10) UNIVERSITA' DI NAPOLI "FEDERICO II" - NAPOLI (ITALY)                    *
 *(11) NIS - NANOSTRUCTURED INTERFACES AND SURFACES - TORINO (ITALY)           *
 *(12) MPI FUER CHEMISCHE ENERGIEKONVERSION - MUELHEIM AN DER RUHR (GERMANY)   *
 *(13) UNIVERSITY OF TROMSO - TROMSO (NORWAY)                                  *
 *(14) UNIVERSITE' DE PAU ET DES PAYS DE L'ADOUR - PAU (FRANCE)                *
 *(15) UNIVERSITY OF CALIFORNIA SANTA BARBARA - SANTA BARBARA (USA)            *
 *(16) CURTIN UNIVERSITY - PERTH (AUSTRALIA)                                   *
 *(17) UNIVERSITY COLLEGE LONDON - LONDON (UK)                                 *
 *(18) UNIVERSITY OF VERMONT - BURLINGTON (USA)                                *
 *                                                                             *
 *******************************************************************************
 EEEEEEEEEE STARTING  DATE 25 03 2026 TIME 17:28:45.0
 converted and standardized from ase Atoms() object for Ba27Ti27O81 in space grou
 PROCESS            8  OF           32  WORKING
 PROCESS            5  OF           32  WORKING
 PROCESS           16  OF           32  WORKING
 PROCESS            4  OF           32  WORKING
 PROCESS           27  OF           32  WORKING
 PROCESS           31  OF           32  WORKING
 PROCESS            1  OF           32  WORKING
 PROCESS           13  OF           32  WORKING
 PROCESS           21  OF           32  WORKING
 PROCESS           25  OF           32  WORKING
 PROCESS           15  OF           32  WORKING
 PROCESS            6  OF           32  WORKING
 PROCESS           30  OF           32  WORKING
 PROCESS           19  OF           32  WORKING
 filename=fort.34                        0           0

 GEOMETRY INPUT FROM EXTERNAL FILE (FORTRAN UNIT 34)
 3D - CRYSTAL 

 *******************************************************************************
 LATTICE PARAMETERS  (ANGSTROMS AND DEGREES) - PRIMITIVE CELL
       A          B          C        ALPHA      BETA     GAMMA        VOLUME
   11.90773   11.90773   12.27480    90.00000  90.00000  90.00000   1740.493702
 INFORMATION **** CHKGRP **** SPGR WITH NO INVERSION

 NUMBER OF IRREDUCIBLE ATOMS IN THE CELL:  135

 CARTESIAN COORDINATES (ANGSTROM) - IRREDUCIBLE ATOMS AND SYMMETRY RELATED

 AT.IRR.  AT  AT.N.          X                   Y                   Z
     1     1   256    3.248495261593E-02  2.209189516508E-02  1.865788317636E-02
     2     2   256   -1.247793571904E-02  9.636059215830E-03  4.154546869653E+00
     3     3   256    1.041960600638E-02 -3.157145786494E-02  8.187142143781E+00
     4     4   256    3.073791824995E-02  3.972588739542E+00  8.091657989205E-04
     5     5   256   -3.178717559697E-02  3.965189877705E+00  4.093844556982E+00
     6     6   256    2.152357710667E-02  3.943234533401E+00  8.187930574144E+00
     7     7   256    3.584051752912E-02  7.926170321261E+00  3.898134137547E-02
     8     8   256    3.738107292713E-02  7.951201600069E+00  4.111378774636E+00
     9     9   256    6.163715122966E-03  7.974842602387E+00  8.224888346297E+00
    10    10   256    3.986932321479E+00  2.499254254260E-02  5.192547116534E-02
    11    11   256    3.942106488325E+00  7.242681352976E-03  4.089305364216E+00
    12    12   256    3.994645185253E+00 -1.169566198914E-02  8.237984288704E+00
    13    13   256    3.935453758653E+00  3.989176380469E+00  1.838173888697E-02
    14    14   256    3.976341158430E+00  3.930310332568E+00  4.111972981356E+00
    15    15   256    3.958683441959E+00  3.994115826211E+00  8.238877106505E+00
    16    16   256    3.992060362601E+00  7.925419810741E+00  5.632978263100E-02
    17    17   256    3.997152168691E+00  7.910040018459E+00  4.114345910499E+00
    18    18   256    3.987147775492E+00  7.940784664418E+00  8.245079311797E+00
    19    19   256    7.932229357178E+00 -3.943662548272E-02  2.382546888095E-02
    20    20   256    7.935173452717E+00 -9.628377599379E-03  4.079102748880E+00
    21    21   256    7.943200133050E+00  2.431607648824E-02  8.177974342820E+00
    22    22   256    7.967115983599E+00  3.982993670346E+00  1.866797992499E-03
    23    23   256    7.900615441597E+00  3.981398609071E+00  4.113555140226E+00
    24    24   256    7.915688398627E+00  3.953453223918E+00  8.238206799933E+00
    25    25   256    7.919695813806E+00  7.903235315479E+00  2.819279734117E-02
    26    26   256    7.944783534761E+00  7.938767581170E+00  4.078284232556E+00
    27    27   256    7.916573058357E+00  7.917662333576E+00  8.235574404924E+00
    28    28     8    2.016868389414E+00  2.007964943866E+00  3.964537640884E+00
    29    29     8    1.963639749018E+00  1.950569700233E+00  8.051816763540E+00
    30    30     8    1.974507712638E+00  2.005104086837E+00  1.211098794135E+01
    31    31     8    1.966315251792E+00  5.987254979170E+00  3.948376316946E+00
    32    32     8    2.023133797458E+00  5.947290696355E+00  8.060804954763E+00
    33    33     8    1.975228778422E+00  5.956612454407E+00  1.210503940244E+01
    34    34     8    1.989378430464E+00  9.933449490190E+00  3.922279546274E+00
    35    35     8    1.968704089907E+00  9.896629914570E+00  8.077629327318E+00
    36    36     8    2.022987182214E+00  9.922347791698E+00  1.215511726348E+01
    37    37     8    5.987238446960E+00  2.004930599827E+00  3.952031023842E+00
    38    38     8    5.969633439054E+00  1.948929953620E+00  8.061026819231E+00
    39    39     8    5.945978087035E+00  1.971859816734E+00  1.210674415549E+01
    40    40     8    5.988578816495E+00  5.953296439077E+00  3.940758669814E+00
    41    41     8    5.979222346973E+00  5.968927949138E+00  8.079248004216E+00
    42    42     8    5.992059640282E+00  5.964432116704E+00  1.214926929738E+01
    43    43     8    5.919293471865E+00  9.908179074853E+00  3.974107824794E+00
    44    44     8    5.962177155771E+00  9.959516061465E+00  8.066563741532E+00
    45    45     8    5.980516841462E+00  9.915321009197E+00  1.211503000340E+01
    46    46     8    9.912237043920E+00  2.020191958325E+00  3.945910880276E+00
    47    47     8    9.929455809724E+00  1.976103712825E+00  8.013661187035E+00
    48    48     8    9.912949798855E+00  1.996815585274E+00  1.210710761141E+01
    49    49     8    9.938080846714E+00  5.940478927313E+00  3.995219478602E+00
    50    50     8    9.896002144987E+00  5.933265857787E+00  8.073218681811E+00
    51    51     8    9.936252294265E+00  5.987801761536E+00  1.212721942754E+01
    52    52     8    9.899684674430E+00  9.932284976351E+00  3.991723940141E+00
    53    53     8    9.950927475754E+00  9.943578699531E+00  8.032043333020E+00
    54    54     8    9.923219851578E+00  9.963076892751E+00  1.214546858421E+01
    55    55     8    2.023959361224E+00 -1.981952411566E-03  1.978800045359E+00
    56    56     8    2.023094615742E+00  8.351358000862E-03  6.070294168107E+00
    57    57     8    2.024308491803E+00 -4.729242593642E-03  1.017059463729E+01
    58    58     8    1.974907138285E+00  4.000462484240E+00  1.962731109811E+00
    59    59     8    1.982280677295E+00  3.973823561258E+00  6.037706173889E+00
    60    60     8    2.011046417807E+00  3.939449107182E+00  1.016523070397E+01
    61    61     8    1.976204413372E+00  7.905599138682E+00  1.964623289900E+00
    62    62     8    1.964838686047E+00  7.934659309722E+00  6.042820576582E+00
    63    63     8    1.990880950851E+00  7.921364790097E+00  1.020457611122E+01
    64    64     8    5.949415871684E+00  1.073131715729E-02  2.024051265607E+00
    65    65     8    5.963518539141E+00  3.878588195661E-02  6.078953383757E+00
    66    66     8    5.928803228621E+00  2.076160493707E-02  1.014571792248E+01
    67    67     8    5.936598096350E+00  4.004920350329E+00  1.991162975797E+00
    68    68     8    5.969370158218E+00  3.952113878164E+00  6.110026626111E+00
    69    69     8    5.955667025087E+00  3.931508341074E+00  1.015582923950E+01
    70    70     8    5.947136810910E+00  7.900372829726E+00  1.995869674628E+00
    71    71     8    5.985001611702E+00  7.962553947640E+00  6.084548424257E+00
    72    72     8    5.971380996657E+00  7.907353180679E+00  1.018696782340E+01
    73    73     8    9.928893957846E+00 -1.658701016902E-02  2.021711979168E+00
    74    74     8    9.904019181823E+00  3.514137291891E-02  6.078143018506E+00
    75    75     8    9.905100375611E+00 -1.981340095615E-02  1.013925657358E+01
    76    76     8    9.887862423480E+00  3.967518443169E+00  2.004605522278E+00
    77    77     8    9.914798493152E+00  3.939596906617E+00  6.102907135219E+00
    78    78     8    9.919050850060E+00  3.967848126275E+00  1.012920383157E+01
    79    79     8    9.913478633845E+00  7.970830826708E+00  1.964299823398E+00
    80    80     8    9.931336826317E+00  7.914116873802E+00  6.046741685158E+00
    81    81     8    9.915706405776E+00  7.906498752951E+00  1.019181606536E+01
    82    82     8    2.708551054725E-02  2.013982544947E+00  1.983691371247E+00
    83    83     8   -3.662114051237E-02  1.978341183027E+00  6.092187696641E+00
    84    84     8   -2.796062602949E-02  1.985486772382E+00  1.019756393360E+01
    85    85     8   -1.935160151831E-02  5.976679860120E+00  2.012328651170E+00
    86    86     8   -3.344088001985E-02  5.958939049629E+00  6.056020529702E+00
    87    87     8   -2.261481773550E-02  5.929678463906E+00  1.014653377086E+01
    88    88     8    2.846573977789E-02  9.943044353993E+00  1.965967517991E+00
    89    89     8    2.011803656328E-02  9.892411644070E+00  6.061473776682E+00
    90    90     8   -1.415469394306E-02  9.898285445724E+00  1.014098448849E+01
    91    91     8    4.005688500350E+00  1.995956752864E+00  1.997748486770E+00
    92    92     8    3.961801755317E+00  2.003895638176E+00  6.111625300367E+00
    93    93     8    3.936835323685E+00  1.994630404183E+00  1.019017393629E+01
    94    94     8    3.967938671822E+00  5.988660970415E+00  2.005464168926E+00
    95    95     8    3.941341665301E+00  5.967590991318E+00  6.102535213914E+00
    96    96     8    3.963265291148E+00  5.920551177346E+00  1.019028796531E+01
    97    97     8    3.936297092217E+00  9.945772621394E+00  1.986736514171E+00
    98    98     8    3.978701632014E+00  9.899915584406E+00  6.046188602028E+00
    99    99     8    3.995685444102E+00  9.952490693413E+00  1.016283313839E+01
   100   100     8    7.925691117587E+00  1.976579904439E+00  2.022809907836E+00
   101   101     8    7.963705023957E+00  1.955728848163E+00  6.066002575632E+00
   102   102     8    7.955664829422E+00  1.948996533602E+00  1.017495557839E+01
   103   103     8    7.929071383969E+00  5.945241663055E+00  2.023682354196E+00
   104   104     8    7.967286200875E+00  5.954130125695E+00  6.105134452175E+00
   105   105     8    7.912704185217E+00  5.939831436993E+00  1.014180337052E+01
   106   106     8    7.932598032592E+00  9.956836984721E+00  1.965091023874E+00
   107   107     8    7.958364798162E+00  9.955055028251E+00  6.063790636662E+00
   108   108     8    7.948139054031E+00  9.956190084682E+00  1.014865929108E+01
   109   109    22    1.997373982858E+00  1.979305257363E+00  2.184972880138E+00
   110   110    22    1.955369136512E+00  2.005868431642E+00  6.256146254480E+00
   111   111    22    2.013392828904E+00  1.989678145905E+00  1.030330624185E+01
   112   112    22    1.993285609403E+00  5.972478260200E+00  2.181764599279E+00
   113   113    22    2.023046503465E+00  5.964386187124E+00  6.242625936709E+00
   114   114    22    1.980986687707E+00  5.931999779975E+00  1.029733573297E+01
   115   115    22    2.017278899243E+00  9.900528950055E+00  2.142577137919E+00
   116   116    22    2.002378444275E+00  9.916587084396E+00  6.274277429425E+00
   117   117    22    1.996658209068E+00  9.904555239009E+00  1.029730280899E+01
   118   118    22    5.941339858389E+00  1.948896353125E+00  2.160347714000E+00
   119   119    22    5.937092863739E+00  2.019973482555E+00  6.230730839560E+00
   120   120    22    5.962599408533E+00  1.953667978087E+00  1.035441361821E+01
   121   121    22    5.957261689651E+00  5.959301164040E+00  2.186917992507E+00
   122   122    22    5.978339690580E+00  5.944209013146E+00  6.208903545581E+00
   123   123    22    5.991756832939E+00  5.966533196194E+00  1.032866203635E+01
   124   124    22    5.955838255437E+00  9.919525960396E+00  2.187224817396E+00
   125   125    22    5.968852070779E+00  9.951340379156E+00  6.214980589558E+00
   126   126    22    5.923823203678E+00  9.932850153879E+00  1.035517860720E+01
   127   127    22    9.953419912909E+00  2.009754289201E+00  2.140382017018E+00
   128   128    22    9.924061734772E+00  2.022355459289E+00  6.225793302788E+00
   129   129    22    9.927367089299E+00  2.008865641025E+00  1.029910183943E+01
   130   130    22    9.946951709279E+00  5.921800605576E+00  2.149276193428E+00
   131   131    22    9.905896732693E+00  5.964107534217E+00  6.204409589614E+00
   132   132    22    9.903643071904E+00  5.952648281407E+00  1.029571017517E+01
   133   133    22    9.935071029934E+00  9.951789957709E+00  2.122246022346E+00
   134   134    22    9.891978699289E+00  9.926201742557E+00  6.214108639554E+00
   135   135    22    9.951835022712E+00  9.897356726362E+00  1.032006548696E+01
 NUMBER OF SYMMETRY OPERATORS         :    1
 *******************************************************************************
 LATTICE PARAMETERS (ANGSTROMS AND DEGREES) - BOHR = 0.5291772083 ANGSTROM
 PRIMITIVE CELL - CENTRING CODE 1/0 VOLUME=  1740.493702 - DENSITY  6.022 g/cm^3
         A              B              C           ALPHA      BETA       GAMMA 
    11.90773305    11.90773305    12.27479580    90.000000  90.000000  90.000000
 *******************************************************************************
 ATOMS IN THE ASYMMETRIC UNIT  135 - ATOMS IN THE UNIT CELL:  135
     ATOM                 X/A                 Y/B                 Z/C    
 *******************************************************************************
      1 T 256 BA    2.728055162097E-03  1.855256166082E-03  1.520015768927E-03
      2 T 256 BA   -1.047885073225E-03  8.092270103276E-04  3.384615872512E-01
      3 T 256 BA    8.750285182436E-04 -2.651340749106E-03 -3.330119476382E-01
      4 T 256 BA    2.581340891745E-03  3.336141919592E-01  6.592091730931E-05
      5 T 256 BA   -2.669456517332E-03  3.329928426389E-01  3.335163063961E-01
      6 T 256 BA    1.807529360651E-03  3.311490538831E-01 -3.329477159902E-01
      7 T 256 BA    3.009852284951E-03 -3.343678189644E-01  3.175722188020E-03
      8 T 256 BA    3.139226649621E-03 -3.322657161794E-01  3.349447796628E-01
      9 T 256 BA    5.176228839767E-04 -3.302803674805E-01 -3.299368494344E-01
     10 T 256 BA    3.348187522123E-01  2.098849750633E-03  4.230251322416E-03
     11 T 256 BA    3.310543217397E-01  6.082334330610E-04  3.331465085730E-01
     12 T 256 BA    3.354664711142E-01 -9.821904757208E-04 -3.288699524677E-01
     13 T 256 BA    3.304956318829E-01  3.350072061340E-01  1.497518914895E-03
     14 T 256 BA    3.339293164982E-01  3.300636918938E-01  3.349931883475E-01
     15 T 256 BA    3.324464384057E-01  3.354220160495E-01 -3.287972166099E-01
     16 T 256 BA    3.352494001871E-01 -3.344308461180E-01  4.589060669424E-03
     17 T 256 BA    3.356770051787E-01 -3.357224263220E-01  3.351865055465E-01
     18 T 256 BA    3.348368458337E-01 -3.331405204437E-01 -3.282919368974E-01
     19 T 256 BA   -3.338589869398E-01 -3.311849981615E-03  1.941007351092E-03
     20 T 256 BA   -3.336117446202E-01 -8.085819155459E-04  3.323153244537E-01
     21 T 256 BA   -3.329376717048E-01  2.042040780234E-03 -3.337588277583E-01
     22 T 256 BA   -3.309292415151E-01  3.344879880680E-01  1.520838328324E-04
     23 T 256 BA   -3.365138932471E-01  3.343540363521E-01  3.351220832714E-01
     24 T 256 BA   -3.352480807733E-01  3.320072097113E-01 -3.288518249783E-01
     25 T 256 BA   -3.349115418903E-01 -3.362938787514E-01  2.296803775845E-03
     26 T 256 BA   -3.328046991479E-01 -3.333099131601E-01  3.322486417701E-01
     27 T 256 BA   -3.351737878977E-01 -3.350823116096E-01 -3.290662802779E-01
     28 T   8 O     1.693746728236E-01  1.686269700063E-01  3.229819628351E-01
     29 T   8 O     1.649045826584E-01  1.638069724979E-01 -3.440366019335E-01
     30 T   8 O     1.658172638190E-01  1.683867179771E-01 -1.334505773641E-02
     31 T   8 O     1.651292688151E-01 -4.971960696440E-01  3.216653361310E-01
     32 T   8 O     1.699008357815E-01  4.994477682178E-01 -3.433043542148E-01
     33 T   8 O     1.658778182320E-01 -4.997693994822E-01 -1.382967181922E-02
     34 T   8 O     1.670660924385E-01 -1.657984396795E-01  3.195392909326E-01
     35 T   8 O     1.653298811487E-01 -1.688905123239E-01 -3.419337104314E-01
     36 T   8 O     1.698885231739E-01 -1.667307496705E-01 -9.749941136727E-03
     37 T   8 O    -4.971974580031E-01  1.683721487044E-01  3.219630768800E-01
     38 T   8 O    -4.986759096809E-01  1.636692681501E-01 -3.432862794156E-01
     39 T   8 O     4.993375365461E-01  1.655948960608E-01 -1.369078942324E-02
     40 T   8 O    -4.970848950553E-01  4.999521247310E-01  3.210447435561E-01
     41 T   8 O    -4.978706423912E-01 -4.987351560474E-01 -3.418018404660E-01
     42 T   8 O    -4.967925788123E-01 -4.991127117429E-01 -1.022636177960E-02
     43 T   8 O     4.970965881592E-01 -1.679206249209E-01  3.237616241888E-01
     44 T   8 O    -4.993020811992E-01 -1.636093940261E-01 -3.428351988119E-01
     45 T   8 O    -4.977619319857E-01 -1.673208521250E-01 -1.301576003411E-02
     46 T   8 O    -1.675798405709E-01  1.696537829528E-01  3.214644825518E-01
     47 T   8 O    -1.661338251344E-01  1.659512943839E-01 -3.471450509152E-01
     48 T   8 O    -1.675199840951E-01  1.676906575659E-01 -1.366117948726E-02
     49 T   8 O    -1.654095028009E-01  4.988757223873E-01  3.254815431310E-01
     50 T   8 O    -1.689432318113E-01  4.982699757270E-01 -3.422930357985E-01
     51 T   8 O    -1.655630628817E-01 -4.971501513854E-01 -1.202271507152E-02
     52 T   8 O    -1.686339765208E-01 -1.658962344347E-01  3.251967694763E-01
     53 T   8 O    -1.643306552162E-01 -1.649477983947E-01 -3.456474988350E-01
     54 T   8 O    -1.666575149182E-01 -1.633103588302E-01 -1.053599733135E-02
     55 T   8 O     1.699701658347E-01 -1.664424624942E-04  1.612083881150E-01
     56 T   8 O     1.698975453386E-01  7.013390345413E-04  4.945332099216E-01
     57 T   8 O     1.699994854858E-01 -3.971572568670E-04 -1.714245350383E-01
     58 T   8 O     1.658508072017E-01  3.359550023033E-01  1.598992880852E-01
     59 T   8 O     1.664700299353E-01  3.337178911025E-01  4.918783393439E-01
     60 T   8 O     1.688857492322E-01  3.308311574202E-01 -1.718615226191E-01
     61 T   8 O     1.659597511192E-01 -3.360953671461E-01  1.600534397403E-01
     62 T   8 O     1.650052682401E-01 -3.336549218558E-01  4.922949982257E-01
     63 T   8 O     1.671922726594E-01 -3.347713828623E-01 -1.686561408033E-01
     64 T   8 O     4.996262384034E-01  9.012057217128E-04  1.648949032298E-01
     65 T   8 O    -4.991894331104E-01  3.257201164466E-03  4.952386567406E-01
     66 T   8 O     4.978952084100E-01  1.743539668709E-03 -1.734511850308E-01
     67 T   8 O     4.985498139253E-01  3.363293696216E-01  1.622155682457E-01
     68 T   8 O    -4.986980197529E-01  3.318947327395E-01  4.977701238917E-01
     69 T   8 O    -4.998487957297E-01  3.301642994990E-01 -1.726274387797E-01
     70 T   8 O     4.994348450657E-01 -3.365342675593E-01  1.625990124111E-01
     71 T   8 O    -4.973853052826E-01 -3.313123569192E-01  4.956944721033E-01
     72 T   8 O    -4.985291514696E-01 -3.359480643816E-01 -1.700906484003E-01
     73 T   8 O    -1.661810089163E-01 -1.392961204233E-03  1.647043268262E-01
     74 T   8 O    -1.682699687475E-01  2.951138791183E-03  4.951726381066E-01
     75 T   8 O    -1.681791711303E-01 -1.663910407880E-03 -1.739775765901E-01
     76 T   8 O    -1.696267978161E-01  3.331883933331E-01  1.633107022667E-01
     77 T   8 O    -1.673647325213E-01  3.308435694749E-01  4.971901149850E-01
     78 T   8 O    -1.670076236669E-01  3.332160798042E-01 -1.747965508664E-01
     79 T   8 O    -1.674755730399E-01 -3.306172725539E-01  1.600270876520E-01
     80 T   8 O    -1.659758591652E-01 -3.353800559207E-01  4.926144421203E-01
     81 T   8 O    -1.672884868900E-01 -3.360198184027E-01 -1.696956730345E-01
     82 T   8 O     2.274615196152E-03  1.691323223732E-01  1.616068734314E-01
     83 T   8 O    -3.075408254334E-03  1.661391949853E-01  4.963168264389E-01
     84 T   8 O    -2.348106554966E-03  1.667392747255E-01 -1.692274071392E-01
     85 T   8 O    -1.625128934034E-03 -4.980841579985E-01  1.639398882032E-01
     86 T   8 O    -2.808333028582E-03 -4.995740142471E-01  4.933703687113E-01
     87 T   8 O    -1.899170701975E-03  4.979687098298E-01 -1.733847196987E-01
     88 T   8 O     2.390525523067E-03 -1.649926722205E-01  1.601629509789E-01
     89 T   8 O     1.689493413970E-03 -1.692447586344E-01  4.938146324750E-01
     90 T   8 O    -1.188697620582E-03 -1.687514824055E-01 -1.738368072495E-01
     91 T   8 O     3.363938781236E-01  1.676185336439E-01  1.627520750097E-01
     92 T   8 O     3.327083113705E-01  1.682852336176E-01  4.979003642868E-01
     93 T   8 O     3.306116543891E-01  1.675071481539E-01 -1.698294535958E-01
     94 T   8 O     3.332236837323E-01 -4.970779958479E-01  1.633806542774E-01
     95 T   8 O     3.309900926357E-01 -4.988474324827E-01  4.971598153930E-01
     96 T   8 O     3.328312177059E-01  4.972022090591E-01 -1.698201639079E-01
     97 T   8 O     3.305664542267E-01 -1.647635549410E-01  1.618549543750E-01
     98 T   8 O     3.341275468058E-01 -1.686145849225E-01  4.925693836819E-01
     99 T   8 O     3.355538310545E-01 -1.641993776966E-01 -1.720568468935E-01
    100 T   8 O    -3.344080620294E-01  1.659912844988E-01  1.647937726048E-01
    101 T   8 O    -3.312156906341E-01  1.642402327925E-01  4.941835835373E-01
    102 T   8 O    -3.318908984593E-01  1.636748594731E-01 -1.710692589778E-01
    103 T   8 O    -3.341241905008E-01  4.992756923665E-01  1.648648488471E-01
    104 T   8 O    -3.309149468315E-01 -4.999778630664E-01  4.973715694867E-01
    105 T   8 O    -3.354986921531E-01  4.988213467712E-01 -1.737700947728E-01
    106 T   8 O    -3.338280259321E-01 -1.638343803214E-01  1.600915449749E-01
    107 T   8 O    -3.316641576742E-01 -1.639840273165E-01  4.940033818454E-01
    108 T   8 O    -3.325229058582E-01 -1.638887063662E-01 -1.732115583479E-01
    109 T  22 TI    1.677375512594E-01  1.662201570233E-01  1.780048251506E-01
    110 T  22 TI    1.642100245531E-01  1.684509069207E-01 -4.903258387011E-01
    111 T  22 TI    1.690827985856E-01  1.670912622538E-01 -1.606128191677E-01
    112 T  22 TI    1.673942135782E-01 -4.984370043298E-01  1.777434537265E-01
    113 T  22 TI    1.698935049157E-01 -4.991165688650E-01 -4.914273085741E-01
    114 T  22 TI    1.663613619308E-01  4.981636517267E-01 -1.610992230953E-01
    115 T  22 TI    1.694091470453E-01 -1.685630750636E-01  1.745509394070E-01
    116 T  22 TI    1.681578211291E-01 -1.672145283442E-01 -4.888487326669E-01
    117 T  22 TI    1.676774412631E-01 -1.682249511792E-01 -1.611019053380E-01
    118 T  22 TI    4.989480225532E-01  1.636664464127E-01  1.759986682629E-01
    119 T  22 TI    4.985913640161E-01  1.696354355673E-01 -4.923963753792E-01
    120 T  22 TI   -4.992666208173E-01  1.640671629002E-01 -1.564492161890E-01
    121 T  22 TI   -4.997148773292E-01 -4.995436042262E-01  1.781632890795E-01
    122 T  22 TI   -4.979447670285E-01  4.991889714177E-01 -4.941745959162E-01
    123 T  22 TI   -4.968180082825E-01 -4.989362651026E-01 -1.585471396313E-01
    124 T  22 TI   -4.998344159691E-01 -1.669677243566E-01  1.781882854129E-01
    125 T  22 TI   -4.987415282391E-01 -1.642959799845E-01 -4.936795128145E-01
    126 T  22 TI    4.974769906921E-01 -1.658487713681E-01 -1.563868942569E-01
    127 T  22 TI   -1.641213427346E-01  1.687772375113E-01  1.743721078454E-01
    128 T  22 TI   -1.665868143750E-01  1.698354716886E-01 -4.927986253924E-01
    129 T  22 TI   -1.663092338723E-01  1.687026096899E-01 -1.609553423745E-01
    130 T  22 TI   -1.646645362714E-01  4.973071348434E-01  1.750966963888E-01
    131 T  22 TI   -1.681122938263E-01 -4.991399698689E-01 -4.945407083990E-01
    132 T  22 TI   -1.683015540978E-01  4.998976930715E-01 -1.612316536322E-01
    133 T  22 TI   -1.656622643271E-01 -1.642582248089E-01  1.728946091589E-01
    134 T  22 TI   -1.692811169219E-01 -1.664070985739E-01 -4.937505486198E-01
    135 T  22 TI   -1.642544402932E-01 -1.688294753667E-01 -1.592474811710E-01

 T = ATOM BELONGING TO THE ASYMMETRIC UNIT
 *******************************************************************************
 * GEOMETRY EDITING - INPUT COORDINATES ARE GIVEN IN ANGSTROM         
 *******************************************************************************

 GCALCO - MAX INDICES DIRECT LATTICE VECTOR    15    15    14
 NO.OF VECTORS CREATED 6999 STARS  514 RMAX   270.02825 BOHR

 GEOMETRY FOR WAVE FUNCTION - DIMENSIONALITY OF THE SYSTEM    3
 (NON PERIODIC DIRECTION: LATTICE PARAMETER FORMALLY SET TO 500)
 *******************************************************************************
 LATTICE PARAMETERS (ANGSTROMS AND DEGREES) - BOHR = 0.5291772083 ANGSTROM
 PRIMITIVE CELL - CENTRING CODE 1/0 VOLUME=  1740.493702 - DENSITY  6.022 g/cm^3
         A              B              C           ALPHA      BETA       GAMMA 
    11.90773305    11.90773305    12.27479580    90.000000  90.000000  90.000000
 *******************************************************************************
 ATOMS IN THE ASYMMETRIC UNIT  135 - ATOMS IN THE UNIT CELL:  135
     ATOM                 X/A                 Y/B                 Z/C    
 *******************************************************************************
      1 T 256 BA    2.728055162097E-03  1.855256166082E-03  1.520015768927E-03
      2 T 256 BA   -1.047885073225E-03  8.092270103276E-04  3.384615872512E-01
      3 T 256 BA    8.750285182436E-04 -2.651340749106E-03 -3.330119476382E-01
      4 T 256 BA    2.581340891745E-03  3.336141919592E-01  6.592091730931E-05
      5 T 256 BA   -2.669456517332E-03  3.329928426389E-01  3.335163063961E-01
      6 T 256 BA    1.807529360651E-03  3.311490538831E-01 -3.329477159902E-01
      7 T 256 BA    3.009852284951E-03 -3.343678189644E-01  3.175722188020E-03
      8 T 256 BA    3.139226649621E-03 -3.322657161794E-01  3.349447796628E-01
      9 T 256 BA    5.176228839767E-04 -3.302803674805E-01 -3.299368494344E-01
     10 T 256 BA    3.348187522123E-01  2.098849750633E-03  4.230251322416E-03
     11 T 256 BA    3.310543217397E-01  6.082334330610E-04  3.331465085730E-01
     12 T 256 BA    3.354664711142E-01 -9.821904757208E-04 -3.288699524677E-01
     13 T 256 BA    3.304956318829E-01  3.350072061340E-01  1.497518914895E-03
     14 T 256 BA    3.339293164982E-01  3.300636918938E-01  3.349931883475E-01
     15 T 256 BA    3.324464384057E-01  3.354220160495E-01 -3.287972166099E-01
     16 T 256 BA    3.352494001871E-01 -3.344308461180E-01  4.589060669424E-03
     17 T 256 BA    3.356770051787E-01 -3.357224263220E-01  3.351865055465E-01
     18 T 256 BA    3.348368458337E-01 -3.331405204437E-01 -3.282919368974E-01
     19 T 256 BA   -3.338589869398E-01 -3.311849981615E-03  1.941007351092E-03
     20 T 256 BA   -3.336117446202E-01 -8.085819155459E-04  3.323153244537E-01
     21 T 256 BA   -3.329376717048E-01  2.042040780234E-03 -3.337588277583E-01
     22 T 256 BA   -3.309292415151E-01  3.344879880680E-01  1.520838328324E-04
     23 T 256 BA   -3.365138932471E-01  3.343540363521E-01  3.351220832714E-01
     24 T 256 BA   -3.352480807733E-01  3.320072097113E-01 -3.288518249783E-01
     25 T 256 BA   -3.349115418903E-01 -3.362938787514E-01  2.296803775845E-03
     26 T 256 BA   -3.328046991479E-01 -3.333099131601E-01  3.322486417701E-01
     27 T 256 BA   -3.351737878977E-01 -3.350823116096E-01 -3.290662802779E-01
     28 T   8 O     1.693746728236E-01  1.686269700063E-01  3.229819628351E-01
     29 T   8 O     1.649045826584E-01  1.638069724979E-01 -3.440366019335E-01
     30 T   8 O     1.658172638190E-01  1.683867179771E-01 -1.334505773641E-02
     31 T   8 O     1.651292688151E-01 -4.971960696440E-01  3.216653361310E-01
     32 T   8 O     1.699008357815E-01  4.994477682178E-01 -3.433043542148E-01
     33 T   8 O     1.658778182320E-01 -4.997693994822E-01 -1.382967181922E-02
     34 T   8 O     1.670660924385E-01 -1.657984396795E-01  3.195392909326E-01
     35 T   8 O     1.653298811487E-01 -1.688905123239E-01 -3.419337104314E-01
     36 T   8 O     1.698885231739E-01 -1.667307496705E-01 -9.749941136727E-03
     37 T   8 O    -4.971974580031E-01  1.683721487044E-01  3.219630768800E-01
     38 T   8 O    -4.986759096809E-01  1.636692681501E-01 -3.432862794156E-01
     39 T   8 O     4.993375365461E-01  1.655948960608E-01 -1.369078942324E-02
     40 T   8 O    -4.970848950553E-01  4.999521247310E-01  3.210447435561E-01
     41 T   8 O    -4.978706423912E-01 -4.987351560474E-01 -3.418018404660E-01
     42 T   8 O    -4.967925788123E-01 -4.991127117429E-01 -1.022636177960E-02
     43 T   8 O     4.970965881592E-01 -1.679206249209E-01  3.237616241888E-01
     44 T   8 O    -4.993020811992E-01 -1.636093940261E-01 -3.428351988119E-01
     45 T   8 O    -4.977619319857E-01 -1.673208521250E-01 -1.301576003411E-02
     46 T   8 O    -1.675798405709E-01  1.696537829528E-01  3.214644825518E-01
     47 T   8 O    -1.661338251344E-01  1.659512943839E-01 -3.471450509152E-01
     48 T   8 O    -1.675199840951E-01  1.676906575659E-01 -1.366117948726E-02
     49 T   8 O    -1.654095028009E-01  4.988757223873E-01  3.254815431310E-01
     50 T   8 O    -1.689432318113E-01  4.982699757270E-01 -3.422930357985E-01
     51 T   8 O    -1.655630628817E-01 -4.971501513854E-01 -1.202271507152E-02
     52 T   8 O    -1.686339765208E-01 -1.658962344347E-01  3.251967694763E-01
     53 T   8 O    -1.643306552162E-01 -1.649477983947E-01 -3.456474988350E-01
     54 T   8 O    -1.666575149182E-01 -1.633103588302E-01 -1.053599733135E-02
     55 T   8 O     1.699701658347E-01 -1.664424624942E-04  1.612083881150E-01
     56 T   8 O     1.698975453386E-01  7.013390345413E-04  4.945332099216E-01
     57 T   8 O     1.699994854858E-01 -3.971572568670E-04 -1.714245350383E-01
     58 T   8 O     1.658508072017E-01  3.359550023033E-01  1.598992880852E-01
     59 T   8 O     1.664700299353E-01  3.337178911025E-01  4.918783393439E-01
     60 T   8 O     1.688857492322E-01  3.308311574202E-01 -1.718615226191E-01
     61 T   8 O     1.659597511192E-01 -3.360953671461E-01  1.600534397403E-01
     62 T   8 O     1.650052682401E-01 -3.336549218558E-01  4.922949982257E-01
     63 T   8 O     1.671922726594E-01 -3.347713828623E-01 -1.686561408033E-01
     64 T   8 O     4.996262384034E-01  9.012057217128E-04  1.648949032298E-01
     65 T   8 O    -4.991894331104E-01  3.257201164466E-03  4.952386567406E-01
     66 T   8 O     4.978952084100E-01  1.743539668709E-03 -1.734511850308E-01
     67 T   8 O     4.985498139253E-01  3.363293696216E-01  1.622155682457E-01
     68 T   8 O    -4.986980197529E-01  3.318947327395E-01  4.977701238917E-01
     69 T   8 O    -4.998487957297E-01  3.301642994990E-01 -1.726274387797E-01
     70 T   8 O     4.994348450657E-01 -3.365342675593E-01  1.625990124111E-01
     71 T   8 O    -4.973853052826E-01 -3.313123569192E-01  4.956944721033E-01
     72 T   8 O    -4.985291514696E-01 -3.359480643816E-01 -1.700906484003E-01
     73 T   8 O    -1.661810089163E-01 -1.392961204233E-03  1.647043268262E-01
     74 T   8 O    -1.682699687475E-01  2.951138791183E-03  4.951726381066E-01
     75 T   8 O    -1.681791711303E-01 -1.663910407880E-03 -1.739775765901E-01
     76 T   8 O    -1.696267978161E-01  3.331883933331E-01  1.633107022667E-01
     77 T   8 O    -1.673647325213E-01  3.308435694749E-01  4.971901149850E-01
     78 T   8 O    -1.670076236669E-01  3.332160798042E-01 -1.747965508664E-01
     79 T   8 O    -1.674755730399E-01 -3.306172725539E-01  1.600270876520E-01
     80 T   8 O    -1.659758591652E-01 -3.353800559207E-01  4.926144421203E-01
     81 T   8 O    -1.672884868900E-01 -3.360198184027E-01 -1.696956730345E-01
     82 T   8 O     2.274615196152E-03  1.691323223732E-01  1.616068734314E-01
     83 T   8 O    -3.075408254334E-03  1.661391949853E-01  4.963168264389E-01
     84 T   8 O    -2.348106554966E-03  1.667392747255E-01 -1.692274071392E-01
     85 T   8 O    -1.625128934034E-03 -4.980841579985E-01  1.639398882032E-01
     86 T   8 O    -2.808333028582E-03 -4.995740142471E-01  4.933703687113E-01
     87 T   8 O    -1.899170701975E-03  4.979687098298E-01 -1.733847196987E-01
     88 T   8 O     2.390525523067E-03 -1.649926722205E-01  1.601629509789E-01
     89 T   8 O     1.689493413970E-03 -1.692447586344E-01  4.938146324750E-01
     90 T   8 O    -1.188697620582E-03 -1.687514824055E-01 -1.738368072495E-01
     91 T   8 O     3.363938781236E-01  1.676185336439E-01  1.627520750097E-01
     92 T   8 O     3.327083113705E-01  1.682852336176E-01  4.979003642868E-01
     93 T   8 O     3.306116543891E-01  1.675071481539E-01 -1.698294535958E-01
     94 T   8 O     3.332236837323E-01 -4.970779958479E-01  1.633806542774E-01
     95 T   8 O     3.309900926357E-01 -4.988474324827E-01  4.971598153930E-01
     96 T   8 O     3.328312177059E-01  4.972022090591E-01 -1.698201639079E-01
     97 T   8 O     3.305664542267E-01 -1.647635549410E-01  1.618549543750E-01
     98 T   8 O     3.341275468058E-01 -1.686145849225E-01  4.925693836819E-01
     99 T   8 O     3.355538310545E-01 -1.641993776966E-01 -1.720568468935E-01
    100 T   8 O    -3.344080620294E-01  1.659912844988E-01  1.647937726048E-01
    101 T   8 O    -3.312156906341E-01  1.642402327925E-01  4.941835835373E-01
    102 T   8 O    -3.318908984593E-01  1.636748594731E-01 -1.710692589778E-01
    103 T   8 O    -3.341241905008E-01  4.992756923665E-01  1.648648488471E-01
    104 T   8 O    -3.309149468315E-01 -4.999778630664E-01  4.973715694867E-01
    105 T   8 O    -3.354986921531E-01  4.988213467712E-01 -1.737700947728E-01
    106 T   8 O    -3.338280259321E-01 -1.638343803214E-01  1.600915449749E-01
    107 T   8 O    -3.316641576742E-01 -1.639840273165E-01  4.940033818454E-01
    108 T   8 O    -3.325229058582E-01 -1.638887063662E-01 -1.732115583479E-01
    109 T  22 TI    1.677375512594E-01  1.662201570233E-01  1.780048251506E-01
    110 T  22 TI    1.642100245531E-01  1.684509069207E-01 -4.903258387011E-01
    111 T  22 TI    1.690827985856E-01  1.670912622538E-01 -1.606128191677E-01
    112 T  22 TI    1.673942135782E-01 -4.984370043298E-01  1.777434537265E-01
    113 T  22 TI    1.698935049157E-01 -4.991165688650E-01 -4.914273085741E-01
    114 T  22 TI    1.663613619308E-01  4.981636517267E-01 -1.610992230953E-01
    115 T  22 TI    1.694091470453E-01 -1.685630750636E-01  1.745509394070E-01
    116 T  22 TI    1.681578211291E-01 -1.672145283442E-01 -4.888487326669E-01
    117 T  22 TI    1.676774412631E-01 -1.682249511792E-01 -1.611019053380E-01
    118 T  22 TI    4.989480225532E-01  1.636664464127E-01  1.759986682629E-01
    119 T  22 TI    4.985913640161E-01  1.696354355673E-01 -4.923963753792E-01
    120 T  22 TI   -4.992666208173E-01  1.640671629002E-01 -1.564492161890E-01
    121 T  22 TI   -4.997148773292E-01 -4.995436042262E-01  1.781632890795E-01
    122 T  22 TI   -4.979447670285E-01  4.991889714177E-01 -4.941745959162E-01
    123 T  22 TI   -4.968180082825E-01 -4.989362651026E-01 -1.585471396313E-01
    124 T  22 TI   -4.998344159691E-01 -1.669677243566E-01  1.781882854129E-01
    125 T  22 TI   -4.987415282391E-01 -1.642959799845E-01 -4.936795128145E-01
    126 T  22 TI    4.974769906921E-01 -1.658487713681E-01 -1.563868942569E-01
    127 T  22 TI   -1.641213427346E-01  1.687772375113E-01  1.743721078454E-01
    128 T  22 TI   -1.665868143750E-01  1.698354716886E-01 -4.927986253924E-01
    129 T  22 TI   -1.663092338723E-01  1.687026096899E-01 -1.609553423745E-01
    130 T  22 TI   -1.646645362714E-01  4.973071348434E-01  1.750966963888E-01
    131 T  22 TI   -1.681122938263E-01 -4.991399698689E-01 -4.945407083990E-01
    132 T  22 TI   -1.683015540978E-01  4.998976930715E-01 -1.612316536322E-01
    133 T  22 TI   -1.656622643271E-01 -1.642582248089E-01  1.728946091589E-01
    134 T  22 TI   -1.692811169219E-01 -1.664070985739E-01 -4.937505486198E-01
    135 T  22 TI   -1.642544402932E-01 -1.688294753667E-01 -1.592474811710E-01

 T = ATOM BELONGING TO THE ASYMMETRIC UNIT

 ****    1 SYMMOPS - TRANSLATORS IN FRACTIONAL UNITS
 **** MATRICES AND TRANSLATORS IN THE CRYSTALLOGRAPHIC REFERENCE FRAME
   V INV                    ROTATION MATRICES                   TRANSLATORS
   1   1  1.00  0.00  0.00  0.00  1.00  0.00  0.00  0.00  1.00  0.00  0.00  0.00

 DIRECT LATTICE VECTORS CARTESIAN COMPONENTS (ANGSTROM)
          X                    Y                    Z
   0.119077330500E+02   0.000000000000E+00   0.000000000000E+00
   0.000000000000E+00   0.119077330500E+02   0.000000000000E+00
   0.000000000000E+00   0.000000000000E+00   0.122747958000E+02


 CARTESIAN COORDINATES - PRIMITIVE CELL
 *******************************************************************************
 *      ATOM          X(ANGSTROM)         Y(ANGSTROM)         Z(ANGSTROM)
 *******************************************************************************
    1   256 BA    3.248495261593E-02  2.209189516508E-02  1.865788317636E-02
    2   256 BA   -1.247793571904E-02  9.636059215830E-03  4.154546869653E+00
    3   256 BA    1.041960600638E-02 -3.157145786494E-02  8.187142143781E+00
    4   256 BA    3.073791824995E-02  3.972588739542E+00  8.091657989205E-04
    5   256 BA   -3.178717559697E-02  3.965189877705E+00  4.093844556982E+00
    6   256 BA    2.152357710667E-02  3.943234533401E+00  8.187930574144E+00
    7   256 BA    3.584051752912E-02  7.926170321261E+00  3.898134137547E-02
    8   256 BA    3.738107292713E-02  7.951201600069E+00  4.111378774636E+00
    9   256 BA    6.163715122966E-03  7.974842602387E+00  8.224888346297E+00
   10   256 BA    3.986932321479E+00  2.499254254260E-02  5.192547116534E-02
   11   256 BA    3.942106488325E+00  7.242681352976E-03  4.089305364216E+00
   12   256 BA    3.994645185253E+00 -1.169566198914E-02  8.237984288704E+00
   13   256 BA    3.935453758653E+00  3.989176380469E+00  1.838173888697E-02
   14   256 BA    3.976341158430E+00  3.930310332568E+00  4.111972981356E+00
   15   256 BA    3.958683441959E+00  3.994115826211E+00  8.238877106505E+00
   16   256 BA    3.992060362601E+00  7.925419810741E+00  5.632978263100E-02
   17   256 BA    3.997152168691E+00  7.910040018459E+00  4.114345910499E+00
   18   256 BA    3.987147775492E+00  7.940784664418E+00  8.245079311797E+00
   19   256 BA    7.932229357178E+00 -3.943662548272E-02  2.382546888095E-02
   20   256 BA    7.935173452717E+00 -9.628377599379E-03  4.079102748880E+00
   21   256 BA    7.943200133050E+00  2.431607648824E-02  8.177974342820E+00
   22   256 BA    7.967115983599E+00  3.982993670346E+00  1.866797992499E-03
   23   256 BA    7.900615441597E+00  3.981398609071E+00  4.113555140226E+00
   24   256 BA    7.915688398627E+00  3.953453223918E+00  8.238206799933E+00
   25   256 BA    7.919695813806E+00  7.903235315479E+00  2.819279734117E-02
   26   256 BA    7.944783534761E+00  7.938767581170E+00  4.078284232556E+00
   27   256 BA    7.916573058357E+00  7.917662333576E+00  8.235574404924E+00
   28     8 O     2.016868389414E+00  2.007964943866E+00  3.964537640884E+00
   29     8 O     1.963639749018E+00  1.950569700233E+00  8.051816763540E+00
   30     8 O     1.974507712638E+00  2.005104086837E+00  1.211098794135E+01
   31     8 O     1.966315251792E+00  5.987254979170E+00  3.948376316946E+00
   32     8 O     2.023133797458E+00  5.947290696355E+00  8.060804954763E+00
   33     8 O     1.975228778422E+00  5.956612454407E+00  1.210503940244E+01
   34     8 O     1.989378430464E+00  9.933449490190E+00  3.922279546274E+00
   35     8 O     1.968704089907E+00  9.896629914570E+00  8.077629327318E+00
   36     8 O     2.022987182214E+00  9.922347791698E+00  1.215511726348E+01
   37     8 O     5.987238446960E+00  2.004930599827E+00  3.952031023842E+00
   38     8 O     5.969633439054E+00  1.948929953620E+00  8.061026819231E+00
   39     8 O     5.945978087035E+00  1.971859816734E+00  1.210674415549E+01
   40     8 O     5.988578816495E+00  5.953296439077E+00  3.940758669814E+00
   41     8 O     5.979222346973E+00  5.968927949138E+00  8.079248004216E+00
   42     8 O     5.992059640282E+00  5.964432116704E+00  1.214926929738E+01
   43     8 O     5.919293471865E+00  9.908179074853E+00  3.974107824794E+00
   44     8 O     5.962177155771E+00  9.959516061465E+00  8.066563741532E+00
   45     8 O     5.980516841462E+00  9.915321009197E+00  1.211503000340E+01
   46     8 O     9.912237043920E+00  2.020191958325E+00  3.945910880276E+00
   47     8 O     9.929455809724E+00  1.976103712825E+00  8.013661187035E+00
   48     8 O     9.912949798855E+00  1.996815585274E+00  1.210710761141E+01
   49     8 O     9.938080846714E+00  5.940478927313E+00  3.995219478602E+00
   50     8 O     9.896002144987E+00  5.933265857787E+00  8.073218681811E+00
   51     8 O     9.936252294265E+00  5.987801761536E+00  1.212721942754E+01
   52     8 O     9.899684674430E+00  9.932284976351E+00  3.991723940141E+00
   53     8 O     9.950927475754E+00  9.943578699531E+00  8.032043333020E+00
   54     8 O     9.923219851578E+00  9.963076892751E+00  1.214546858421E+01
   55     8 O     2.023959361224E+00 -1.981952411566E-03  1.978800045359E+00
   56     8 O     2.023094615742E+00  8.351358000862E-03  6.070294168107E+00
   57     8 O     2.024308491803E+00 -4.729242593642E-03  1.017059463729E+01
   58     8 O     1.974907138285E+00  4.000462484240E+00  1.962731109811E+00
   59     8 O     1.982280677295E+00  3.973823561258E+00  6.037706173889E+00
   60     8 O     2.011046417807E+00  3.939449107182E+00  1.016523070397E+01
   61     8 O     1.976204413372E+00  7.905599138682E+00  1.964623289900E+00
   62     8 O     1.964838686047E+00  7.934659309722E+00  6.042820576582E+00
   63     8 O     1.990880950851E+00  7.921364790097E+00  1.020457611122E+01
   64     8 O     5.949415871684E+00  1.073131715729E-02  2.024051265607E+00
   65     8 O     5.963518539141E+00  3.878588195661E-02  6.078953383757E+00
   66     8 O     5.928803228621E+00  2.076160493707E-02  1.014571792248E+01
   67     8 O     5.936598096350E+00  4.004920350329E+00  1.991162975797E+00
   68     8 O     5.969370158218E+00  3.952113878164E+00  6.110026626111E+00
   69     8 O     5.955667025087E+00  3.931508341074E+00  1.015582923950E+01
   70     8 O     5.947136810910E+00  7.900372829726E+00  1.995869674628E+00
   71     8 O     5.985001611702E+00  7.962553947640E+00  6.084548424257E+00
   72     8 O     5.971380996657E+00  7.907353180679E+00  1.018696782340E+01
   73     8 O     9.928893957846E+00 -1.658701016902E-02  2.021711979168E+00
   74     8 O     9.904019181823E+00  3.514137291891E-02  6.078143018506E+00
   75     8 O     9.905100375611E+00 -1.981340095615E-02  1.013925657358E+01
   76     8 O     9.887862423480E+00  3.967518443169E+00  2.004605522278E+00
   77     8 O     9.914798493152E+00  3.939596906617E+00  6.102907135219E+00
   78     8 O     9.919050850060E+00  3.967848126275E+00  1.012920383157E+01
   79     8 O     9.913478633845E+00  7.970830826708E+00  1.964299823398E+00
   80     8 O     9.931336826317E+00  7.914116873802E+00  6.046741685158E+00
   81     8 O     9.915706405776E+00  7.906498752951E+00  1.019181606536E+01
   82     8 O     2.708551054725E-02  2.013982544947E+00  1.983691371247E+00
   83     8 O    -3.662114051237E-02  1.978341183027E+00  6.092187696641E+00
   84     8 O    -2.796062602949E-02  1.985486772382E+00  1.019756393360E+01
   85     8 O    -1.935160151831E-02  5.976679860120E+00  2.012328651170E+00
   86     8 O    -3.344088001985E-02  5.958939049629E+00  6.056020529702E+00
   87     8 O    -2.261481773550E-02  5.929678463906E+00  1.014653377086E+01
   88     8 O     2.846573977789E-02  9.943044353993E+00  1.965967517991E+00
   89     8 O     2.011803656328E-02  9.892411644070E+00  6.061473776682E+00
   90     8 O    -1.415469394306E-02  9.898285445724E+00  1.014098448849E+01
   91     8 O     4.005688500350E+00  1.995956752864E+00  1.997748486770E+00
   92     8 O     3.961801755317E+00  2.003895638176E+00  6.111625300367E+00
   93     8 O     3.936835323685E+00  1.994630404183E+00  1.019017393629E+01
   94     8 O     3.967938671822E+00  5.988660970415E+00  2.005464168926E+00
   95     8 O     3.941341665301E+00  5.967590991318E+00  6.102535213914E+00
   96     8 O     3.963265291148E+00  5.920551177346E+00  1.019028796531E+01
   97     8 O     3.936297092217E+00  9.945772621394E+00  1.986736514171E+00
   98     8 O     3.978701632014E+00  9.899915584406E+00  6.046188602028E+00
   99     8 O     3.995685444102E+00  9.952490693413E+00  1.016283313839E+01
  100     8 O     7.925691117587E+00  1.976579904439E+00  2.022809907836E+00
  101     8 O     7.963705023957E+00  1.955728848163E+00  6.066002575632E+00
  102     8 O     7.955664829422E+00  1.948996533602E+00  1.017495557839E+01
  103     8 O     7.929071383969E+00  5.945241663055E+00  2.023682354196E+00
  104     8 O     7.967286200875E+00  5.954130125695E+00  6.105134452175E+00
  105     8 O     7.912704185217E+00  5.939831436993E+00  1.014180337052E+01
  106     8 O     7.932598032592E+00  9.956836984721E+00  1.965091023874E+00
  107     8 O     7.958364798162E+00  9.955055028251E+00  6.063790636662E+00
  108     8 O     7.948139054031E+00  9.956190084682E+00  1.014865929108E+01
  109    22 TI    1.997373982858E+00  1.979305257363E+00  2.184972880138E+00
  110    22 TI    1.955369136512E+00  2.005868431642E+00  6.256146254480E+00
  111    22 TI    2.013392828904E+00  1.989678145905E+00  1.030330624185E+01
  112    22 TI    1.993285609403E+00  5.972478260200E+00  2.181764599279E+00
  113    22 TI    2.023046503465E+00  5.964386187124E+00  6.242625936709E+00
  114    22 TI    1.980986687707E+00  5.931999779975E+00  1.029733573297E+01
  115    22 TI    2.017278899243E+00  9.900528950055E+00  2.142577137919E+00
  116    22 TI    2.002378444275E+00  9.916587084396E+00  6.274277429425E+00
  117    22 TI    1.996658209068E+00  9.904555239009E+00  1.029730280899E+01
  118    22 TI    5.941339858389E+00  1.948896353125E+00  2.160347714000E+00
  119    22 TI    5.937092863739E+00  2.019973482555E+00  6.230730839560E+00
  120    22 TI    5.962599408533E+00  1.953667978087E+00  1.035441361821E+01
  121    22 TI    5.957261689651E+00  5.959301164040E+00  2.186917992507E+00
  122    22 TI    5.978339690580E+00  5.944209013146E+00  6.208903545581E+00
  123    22 TI    5.991756832939E+00  5.966533196194E+00  1.032866203635E+01
  124    22 TI    5.955838255437E+00  9.919525960396E+00  2.187224817396E+00
  125    22 TI    5.968852070779E+00  9.951340379156E+00  6.214980589558E+00
  126    22 TI    5.923823203678E+00  9.932850153879E+00  1.035517860720E+01
  127    22 TI    9.953419912909E+00  2.009754289201E+00  2.140382017018E+00
  128    22 TI    9.924061734772E+00  2.022355459289E+00  6.225793302788E+00
  129    22 TI    9.927367089299E+00  2.008865641025E+00  1.029910183943E+01
  130    22 TI    9.946951709279E+00  5.921800605576E+00  2.149276193428E+00
  131    22 TI    9.905896732693E+00  5.964107534217E+00  6.204409589614E+00
  132    22 TI    9.903643071904E+00  5.952648281407E+00  1.029571017517E+01
  133    22 TI    9.935071029934E+00  9.951789957709E+00  2.122246022346E+00
  134    22 TI    9.891978699289E+00  9.926201742557E+00  6.214108639554E+00
  135    22 TI    9.951835022712E+00  9.897356726362E+00  1.032006548696E+01

 *******************************************************************************
 *** PSEUDOPOTENTIAL INFORMATION ***
 *******************************************************************************

 ATOMIC NUMBER  56, NUCLEAR CHARGE 10.000, GIVEN IN INPUT       PSEUDOPOTENTIAL
   TYPE       EXPONENT      COEFF.    N      EXPONENT      COEFF.    N
  P0 TMS     9.5269860  427.8458160   0     4.4875100  204.4175300   0
  P1 TMS     8.3159300  293.6058640   0     4.2922170  294.1933160   0
  P2 TMS     5.9161080  112.5504020   0     2.8748420  181.7826210   0
  P3 TMS     3.5894650  -33.4731740   0

 *******************************************************************************
 LOCAL ATOMIC FUNCTIONS BASIS SET
 *******************************************************************************
   ATOM   X(AU)   Y(AU)   Z(AU)  N. TYPE  EXPONENT  S COEF   P COEF   D/F/G COEF
 *******************************************************************************
   1 BA   0.061   0.042   0.035
                                  1 S  
                                         2.396E+00-5.955E+00 0.000E+00 0.000E+00
                                         2.243E+00 6.681E+00 0.000E+00 0.000E+00
                                         7.174E-01-5.706E-01 0.000E+00 0.000E+00
                                  2 S  
                                         2.742E-01 1.000E+00 0.000E+00 0.000E+00
                           3-     6 SP 
                                         1.300E-01 1.000E+00 1.000E+00 0.000E+00
                           7-     9 P  
                                         2.927E+00 0.000E+00 7.982E-01 0.000E+00
                                         2.521E+00 0.000E+00-1.071E+00 0.000E+00
                                         6.758E-01 0.000E+00 3.494E-01 0.000E+00
                                         3.199E-01 0.000E+00 6.504E-01 0.000E+00
                          10-    14 D  
                                         9.663E-01 0.000E+00 0.000E+00-9.089E-01
                                         8.938E-01 0.000E+00 0.000E+00 9.472E-01
                          15-    19 D  
                                         2.732E-01 0.000E+00 0.000E+00 3.221E-01
   2 BA  -0.024   0.018   7.851
   3 BA   0.020  -0.060  15.471
   4 BA   0.058   7.507   0.002
   5 BA  -0.060   7.493   7.736
   6 BA   0.041   7.452  15.473
   7 BA   0.068  14.978   0.074
   8 BA   0.071  15.026   7.769
   9 BA   0.012  15.070  15.543
  10 BA   7.534   0.047   0.098
  11 BA   7.450   0.014   7.728
  12 BA   7.549  -0.022  15.568
  13 BA   7.437   7.538   0.035
  14 BA   7.514   7.427   7.771
  15 BA   7.481   7.548  15.569
  16 BA   7.544  14.977   0.106
  17 BA   7.554  14.948   7.775
  18 BA   7.535  15.006  15.581
  19 BA  14.990  -0.075   0.045
  20 BA  14.995  -0.018   7.708
  21 BA  15.010   0.046  15.454
  22 BA  15.056   7.527   0.004
  23 BA  14.930   7.524   7.773
  24 BA  14.958   7.471  15.568
  25 BA  14.966  14.935   0.053
  26 BA  15.013  15.002   7.707
  27 BA  14.960  14.962  15.563
  28 O    3.811   3.795   7.492
                                514 S  
                                         2.703E+04 2.173E-04 0.000E+00 0.000E+00
                                         4.052E+03 1.684E-03 0.000E+00 0.000E+00
                                         9.223E+02 8.740E-03 0.000E+00 0.000E+00
                                         2.612E+02 3.524E-02 0.000E+00 0.000E+00
                                         8.535E+01 1.115E-01 0.000E+00 0.000E+00
                                         3.104E+01 2.559E-01 0.000E+00 0.000E+00
                                515 S  
                                         1.227E+01 3.977E-01 0.000E+00 0.000E+00
                                         4.916E+00 2.463E-01 0.000E+00 0.000E+00
                                516 S  
                                         9.009E-01 1.000E+00 0.000E+00 0.000E+00
                         517-   520 SP 
                                         2.500E-01 1.000E+00 1.000E+00 0.000E+00
                         521-   523 P  
                                         7.530E+01 0.000E+00 6.069E-03 0.000E+00
                                         1.774E+01 0.000E+00 4.191E-02 0.000E+00
                                         5.536E+00 0.000E+00 1.615E-01 0.000E+00
                                         2.069E+00 0.000E+00 3.571E-01 0.000E+00
                         524-   526 P  
                                         7.824E-01 0.000E+00 1.000E+00 0.000E+00
                         527-   531 D  
                                         1.200E+00 0.000E+00 0.000E+00 1.000E+00
  29 O    3.711   3.686  15.216
  30 O    3.731   3.789  22.886
  31 O    3.716  11.314   7.461
  32 O    3.823  11.239  15.233
  33 O    3.733  11.256  22.875
  34 O    3.759  18.771   7.412
  35 O    3.720  18.702  15.265
  36 O    3.823  18.751  22.970
  37 O   11.314   3.789   7.468
  38 O   11.281   3.683  15.233
  39 O   11.236   3.726  22.878
  40 O   11.317  11.250   7.447
  41 O   11.299  11.280  15.268
  42 O   11.323  11.271  22.959
  43 O   11.186  18.724   7.510
  44 O   11.267  18.821  15.244
  45 O   11.302  18.737  22.894
  46 O   18.731   3.818   7.457
  47 O   18.764   3.734  15.144
  48 O   18.733   3.773  22.879
  49 O   18.780  11.226   7.550
  50 O   18.701  11.212  15.256
  51 O   18.777  11.315  22.917
  52 O   18.708  18.769   7.543
  53 O   18.805  18.791  15.178
  54 O   18.752  18.827  22.952
  55 O    3.825  -0.004   3.739
  56 O    3.823   0.016  11.471
  57 O    3.825  -0.009  19.220
  58 O    3.732   7.560   3.709
  59 O    3.746   7.509  11.410
  60 O    3.800   7.444  19.210
  61 O    3.734  14.939   3.713
  62 O    3.713  14.994  11.419
  63 O    3.762  14.969  19.284
  64 O   11.243   0.020   3.825
  65 O   11.269   0.073  11.488
  66 O   11.204   0.039  19.173
  67 O   11.219   7.568   3.763
  68 O   11.280   7.468  11.546
  69 O   11.255   7.429  19.192
  70 O   11.238  14.930   3.772
  71 O   11.310  15.047  11.498
  72 O   11.284  14.943  19.251
  73 O   18.763  -0.031   3.820
  74 O   18.716   0.066  11.486
  75 O   18.718  -0.037  19.160
  76 O   18.685   7.498   3.788
  77 O   18.736   7.445  11.533
  78 O   18.744   7.498  19.141
  79 O   18.734  15.063   3.712
  80 O   18.768  14.956  11.427
  81 O   18.738  14.941  19.260
  82 O    0.051   3.806   3.749
  83 O   -0.069   3.739  11.513
  84 O   -0.053   3.752  19.271
  85 O   -0.037  11.294   3.803
  86 O   -0.063  11.261  11.444
  87 O   -0.043  11.205  19.174
  88 O    0.054  18.790   3.715
  89 O    0.038  18.694  11.455
  90 O   -0.027  18.705  19.164
  91 O    7.570   3.772   3.775
  92 O    7.487   3.787  11.549
  93 O    7.440   3.769  19.257
  94 O    7.498  11.317   3.790
  95 O    7.448  11.277  11.532
  96 O    7.489  11.188  19.257
  97 O    7.439  18.795   3.754
  98 O    7.519  18.708  11.426
  99 O    7.551  18.807  19.205
 100 O   14.977   3.735   3.823
 101 O   15.049   3.696  11.463
 102 O   15.034   3.683  19.228
 103 O   14.984  11.235   3.824
 104 O   15.056  11.252  11.537
 105 O   14.953  11.225  19.165
 106 O   14.990  18.816   3.713
 107 O   15.039  18.812  11.459
 108 O   15.020  18.814  19.178
 109 TI   3.774   3.740   4.129
                               1972 S  
                                         2.116E+05 2.332E-04 0.000E+00 0.000E+00
                                         3.171E+04 1.808E-03 0.000E+00 0.000E+00
                                         7.218E+03 9.398E-03 0.000E+00 0.000E+00
                                         2.043E+03 3.816E-02 0.000E+00 0.000E+00
                                         6.651E+02 1.237E-01 0.000E+00 0.000E+00
                                         2.387E+02 2.921E-01 0.000E+00 0.000E+00
                                         9.251E+01 4.123E-01 0.000E+00 0.000E+00
                                         3.640E+01 2.109E-01 0.000E+00 0.000E+00
                               1973 S  
                                         2.327E+02-2.492E-02 0.000E+00 0.000E+00
                                         7.179E+01-1.175E-01 0.000E+00 0.000E+00
                                         1.116E+01 5.650E-01 0.000E+00 0.000E+00
                                         4.655E+00 5.621E-01 0.000E+00 0.000E+00
                               1974 S  
                                         6.803E+00-2.301E-01 0.000E+00 0.000E+00
                                         1.120E+00 7.210E-01 0.000E+00 0.000E+00
                               1975 S  
                                         4.808E-01 1.000E+00 0.000E+00 0.000E+00
                               1976 S  
                                         2.400E-01 1.000E+00 0.000E+00 0.000E+00
                        1977-  1980 SP 
                                         1.200E-01 1.000E+00 1.000E+00 0.000E+00
                        1981-  1983 P  
                                         1.063E+03 0.000E+00 2.469E-03 0.000E+00
                                         2.516E+02 0.000E+00 1.977E-02 0.000E+00
                                         8.041E+01 0.000E+00 9.099E-02 0.000E+00
                                         2.977E+01 0.000E+00 2.556E-01 0.000E+00
                                         1.174E+01 0.000E+00 4.049E-01 0.000E+00
                                         4.714E+00 0.000E+00 2.369E-01 0.000E+00
                        1984-  1986 P  
                                         1.780E+01 0.000E+00-2.788E-02 0.000E+00
                                         2.427E+00 0.000E+00 5.567E-01 0.000E+00
                                         9.682E-01 0.000E+00 1.006E+00 0.000E+00
                        1987-  1989 P  
                                         3.706E-01 0.000E+00 1.000E+00 0.000E+00
                        1990-  1994 D  
                                         3.771E+01 0.000E+00 0.000E+00 1.151E-02
                                         1.069E+01 0.000E+00 0.000E+00 6.725E-02
                                         3.673E+00 0.000E+00 0.000E+00 2.148E-01
                                         1.359E+00 0.000E+00 0.000E+00 3.889E-01
                        1995-  1999 D  
                                         5.400E-01 0.000E+00 0.000E+00 1.000E+00
                        2000-  2004 D  
                                         2.200E-01 0.000E+00 0.000E+00 1.000E+00
 110 TI   3.695   3.791  11.822
 111 TI   3.805   3.760  19.470
 112 TI   3.767  11.286   4.123
 113 TI   3.823  11.271  11.797
 114 TI   3.744  11.210  19.459
 115 TI   3.812  18.709   4.049
 116 TI   3.784  18.740  11.857
 117 TI   3.773  18.717  19.459
 118 TI  11.228   3.683   4.082
 119 TI  11.219   3.817  11.774
 120 TI  11.268   3.692  19.567
 121 TI  11.258  11.261   4.133
 122 TI  11.297  11.233  11.733
 123 TI  11.323  11.275  19.518
 124 TI  11.255  18.745   4.133
 125 TI  11.279  18.805  11.745
 126 TI  11.194  18.770  19.568
 127 TI  18.809   3.798   4.045
 128 TI  18.754   3.822  11.765
 129 TI  18.760   3.796  19.462
 130 TI  18.797  11.191   4.062
 131 TI  18.719  11.271  11.725
 132 TI  18.715  11.249  19.456
 133 TI  18.775  18.806   4.010
 134 TI  18.693  18.758  11.743
 135 TI  18.806  18.703  19.502
 INFORMATION **** SET_MPP **** PCRYSTAL CALCULATION
 INFORMATION **** READM2 **** NEW DEFAULT: FOCK/KS MATRIX MIXING SET TO 30 %
 INFORMATION **** READM2 **** NEW DEFAULT: FULL DIRECT SCF MODE
 INFORMATION **** READM2 **** NEW DEFAULT: COULOMB BIPOLAR BUFFER SET TO 32 Mb
 INFORMATION **** READM2 **** NEW DEFAULT: EXCHANGE BIPOLAR BUFFER SET TO 32 Mb

 *******************************************************************************
 NEW DEFAULT: DFT INTEGRATION GRID INCREASED TO XLGRID
 NEW DEFAULT: DIIS ACCELERATOR ACTIVE
 USE KEYWORD NODIIS TO TURN IT OFF
 *******************************************************************************

 INFORMATION **** TOLINTEG **** COULOMB AND EXCHANGE SERIES TOLERANCES MODIFIED
 INFORMATION **** MAXCYCLE **** MAX NUMBER OF SCF CYCLES SET TO         100
 INFORMATION **** EXCHSIZE **** EXCHANGE BIPOLAR BUFFER SIZE SET TO    30000000
 INFORMATION **** BIPOSIZE **** COULOMB BIPOLAR BUFFER SET TO    30000000
 INFORMATION **** GRADCAL **** ANALYTICAL GRADIENT AFTER SCF COMPLETED
 *******************************************************************************
 N. OF ATOMS PER CELL       135  COULOMB OVERLAP TOL         (T1) 10**   -8
 NUMBER OF SHELLS          1053  COULOMB PENETRATION TOL     (T2) 10**   -8
 NUMBER OF AO              2862  EXCHANGE OVERLAP TOL        (T3) 10**   -8
 N. OF ELECTRONS PER CELL  1512  EXCHANGE PSEUDO OVP (F(G))  (T4) 10**   -8
 CORE ELECTRONS PER CELL    648  EXCHANGE PSEUDO OVP (P(G))  (T5) 10**  -16
 N. OF SYMMETRY OPERATORS     1  POLE ORDER IN MONO ZONE                  4
 *******************************************************************************
 TYPE OF CALCULATION :  RESTRICTED CLOSED SHELL
 KOHN-SHAM HAMILTONIAN

 (EXCHANGE)[CORRELATION] FUNCTIONAL:(PERDEW-BURKE-ERNZERHOF)[PERDEW-BURKE-ERNZERHOF]


 HYBRID EXCHANGE - PERCENTAGE OF FOCK EXCHANGE    25.0000
 CORE  PSEUDO POTENTIAL         TOL. ON PSEUDO              (TP) 10**- 6

 CAPPA:IS1  2;IS2  2;IS3  2; K PTS MONK NET   8; SYMMOPS:K SPACE   2;G SPACE   1

 *******************************************************************************
 MAX NUMBER OF SCF CYCLES     100  CONVERGENCE ON DELTAP        10**-16
 WEIGHT OF F(I) IN F(I+1)      80% CONVERGENCE ON ENERGY        10**- 6
 SHRINK. FACT.(MONKH.)    2  2  2  NUMBER OF K POINTS IN THE IBZ      8
 SHRINKING FACTOR(GILAT NET)    2  NUMBER OF K POINTS(GILAT NET)      8
 *******************************************************************************
 *** K POINTS COORDINATES (OBLIQUE COORDINATES IN UNITS OF IS =  2)
   1-R(  0  0  0)   2-R(  1  0  0)   3-R(  0  1  0)   4-R(  1  1  0)
   5-R(  0  0  1)   6-R(  1  0  1)   7-R(  0  1  1)   8-R(  1  1  1)

 DIRECT LATTICE VECTORS COMPON. (A.U.)     RECIP. LATTICE VECTORS COMPON. (A.U.) 
        X            Y            Z              X            Y            Z
   22.5023543    0.0000000    0.0000000      0.2792235    0.0000000    0.0000000
    0.0000000   22.5023543    0.0000000      0.0000000    0.2792235    0.0000000
    0.0000000    0.0000000   23.1960024      0.0000000    0.0000000    0.2708736

 DISK SPACE FOR EIGENVECTORS (FTN 10)    65528352 REALS

 SYMMETRY ADAPTION OF THE BLOCH FUNCTIONS DISABLED
 TTTTTTTTTTTTTTTTTTTTTTTTTTTTTT gordsh1     TELAPSE        0.94 TCPU        0.51

 MATRIX SIZE: P(G) 7083100, F(G) 1249217, P(G) IRR 3549353, F(G) IRR 1252997
 MAX G-VECTOR INDEX FOR 1- AND 2-ELECTRON INTEGRALS  27

 TTTTTTTTTTTTTTTTTTTTTTTTTTTTTT INPUT       TELAPSE        3.96 TCPU        3.52

 NEIGHBORS OF THE NON-EQUIVALENT ATOMS

 N = NUMBER OF NEIGHBORS AT DISTANCE R
    ATOM  N     R/ANG      R/AU   NEIGHBORS (ATOM LABELS AND CELL INDICES)
   1 BA   1     2.7816     5.2564   30 O    0 0-1
   1 BA   1     2.7820     5.2572   88 O    0-1 0
   1 BA   1     2.7944     5.2807   55 O    0 0 0
   1 BA   1     2.7980     5.2875   82 O    0 0 0
   1 BA   1     2.8210     5.3310   54 O   -1-1-1
   1 BA   1     2.8304     5.3487   36 O    0-1-1

   2 BA   1     2.7624     5.2202   83 O    0 0 0
   2 BA   1     2.7687     5.2322   74 O   -1 0 0
   2 BA   1     2.7817     5.2567   89 O    0-1 0
   2 BA   1     2.7953     5.2823   56 O    0 0 0
   2 BA   1     2.8195     5.3280   52 O   -1-1 0
   2 BA   1     2.8280     5.3441   34 O    0-1 0

   3 BA   1     2.7620     5.2195   53 O   -1-1 0
   3 BA   1     2.7803     5.2540   90 O    0-1 0
   3 BA   1     2.7861     5.2649   29 O    0 0 0
   3 BA   1     2.7866     5.2660   35 O    0-1 0
   3 BA   1     2.8042     5.2991   75 O   -1 0 0
   3 BA   1     2.8268     5.3418   57 O    0 0 0

   4 BA   1     2.7622     5.2198   58 O    0 0 0
   4 BA   1     2.7706     5.2357   30 O    0 0-1
   4 BA   1     2.7833     5.2596   33 O    0 0-1
   4 BA   1     2.7871     5.2669   82 O    0 0 0
   4 BA   1     2.8346     5.3566   48 O   -1 0-1
   4 BA   1     2.8399     5.3667   85 O    0 0 0

   5 BA   1     2.7679     5.2305   46 O   -1 0 0
   5 BA   1     2.7689     5.2325   49 O   -1 0 0
   5 BA   1     2.7974     5.2862   86 O    0 0 0
   5 BA   1     2.7991     5.2896   59 O    0 0 0
   5 BA   1     2.8077     5.3058   77 O   -1 0 0
   5 BA   1     2.8180     5.3252   83 O    0 0 0

   6 BA   1     2.7859     5.2645   29 O    0 0 0
   6 BA   1     2.7900     5.2723   87 O    0 0 0
   6 BA   1     2.7947     5.2811   78 O   -1 0 0
   6 BA   1     2.8050     5.3007   60 O    0 0 0
   6 BA   1     2.8060     5.3026   84 O    0 0 0
   6 BA   1     2.8105     5.3112   47 O   -1 0 0

   7 BA   1     2.7338     5.1661   61 O    0 0 0
   7 BA   1     2.7720     5.2383   33 O    0 0-1
   7 BA   1     2.7745     5.2430   85 O    0 0 0
   7 BA   1     2.7895     5.2713   88 O    0 0 0
   7 BA   1     2.7967     5.2850   51 O   -1 0-1
   7 BA   1     2.7982     5.2879   79 O   -1 0 0

   8 BA   1     2.7287     5.1565   62 O    0 0 0
   8 BA   1     2.7516     5.1998   89 O    0 0 0
   8 BA   1     2.7576     5.2111   31 O    0 0 0
   8 BA   1     2.7849     5.2627   86 O    0 0 0
   8 BA   1     2.7884     5.2694   34 O    0 0 0
   8 BA   1     2.7933     5.2785   80 O   -1 0 0

   9 BA   1     2.7150     5.1307   90 O    0 0 0
   9 BA   1     2.7507     5.1981   35 O    0 0 0
   9 BA   1     2.7868     5.2663   53 O   -1 0 0
   9 BA   1     2.8038     5.2984   63 O    0 0 0
   9 BA   1     2.8047     5.3001   81 O   -1 0 0
   9 BA   1     2.8065     5.3035   87 O    0 0 0

  10 BA   1     2.7508     5.1982   55 O    0 0 0
  10 BA   1     2.7697     5.2340   91 O    0 0 0
  10 BA   1     2.7707     5.2358   39 O    0 0-1
  10 BA   1     2.7738     5.2417   97 O    0-1 0
  10 BA   1     2.7822     5.2577   64 O    0 0 0
  10 BA   1     2.8157     5.3209   36 O    0-1-1

  11 BA   1     2.7581     5.2120   56 O    0 0 0
  11 BA   1     2.7794     5.2523   28 O    0 0 0
  11 BA   1     2.7870     5.2667   34 O    0-1 0
  11 BA   1     2.8091     5.3085   98 O    0-1 0
  11 BA   1     2.8195     5.3281   43 O    0-1 0
  11 BA   1     2.8365     5.3602   65 O    0 0 0

  12 BA   1     2.7169     5.1342   66 O    0 0 0
  12 BA   1     2.7354     5.1692   99 O    0-1 0
  12 BA   1     2.7599     5.2155   57 O    0 0 0
  12 BA   1     2.7660     5.2270   44 O    0-1 0
  12 BA   1     2.7885     5.2696   38 O    0 0 0
  12 BA   1     2.8000     5.2911   93 O    0 0 0

  13 BA   1     2.7612     5.2180   58 O    0 0 0
  13 BA   1     2.7836     5.2603   33 O    0 0-1
  13 BA   1     2.7955     5.2828   30 O    0 0-1
  13 BA   1     2.8099     5.3100   91 O    0 0 0
  13 BA   1     2.8101     5.3103   67 O    0 0 0
  13 BA   1     2.8191     5.3274   94 O    0 0 0

  14 BA   1     2.7489     5.1947   28 O    0 0 0
  14 BA   1     2.7725     5.2392   59 O    0 0 0
  14 BA   1     2.7767     5.2471   92 O    0 0 0
  14 BA   1     2.7886     5.2697   37 O    0 0 0
  14 BA   1     2.8222     5.3332   68 O    0 0 0
  14 BA   1     2.8485     5.3829   95 O    0 0 0

  15 BA   1     2.7399     5.1777   60 O    0 0 0
  15 BA   1     2.7421     5.1818   96 O    0 0 0
  15 BA   1     2.7555     5.2072   32 O    0 0 0
  15 BA   1     2.7689     5.2324   69 O    0 0 0
  15 BA   1     2.7939     5.2797   93 O    0 0 0
  15 BA   1     2.8298     5.3476   41 O    0 0 0

  16 BA   1     2.7479     5.1927   94 O    0 0 0
  16 BA   1     2.7540     5.2044   70 O    0 0 0
  16 BA   1     2.7759     5.2457   61 O    0 0 0
  16 BA   1     2.7949     5.2816   97 O    0 0 0
  16 BA   1     2.8069     5.3042   42 O    0 0-1
  16 BA   1     2.8100     5.3101   36 O    0 0-1

  17 BA   1     2.7734     5.2410   98 O    0 0 0
  17 BA   1     2.7761     5.2461   43 O    0 0 0
  17 BA   1     2.7801     5.2537   95 O    0 0 0
  17 BA   1     2.7973     5.2861   40 O    0 0 0
  17 BA   1     2.7993     5.2899   71 O    0 0 0
  17 BA   1     2.8016     5.2943   31 O    0 0 0

  18 BA   1     2.7766     5.2469   72 O    0 0 0
  18 BA   1     2.7794     5.2522   99 O    0 0 0
  18 BA   1     2.7973     5.2862   63 O    0 0 0
  18 BA   1     2.8045     5.2998   32 O    0 0 0
  18 BA   1     2.8046     5.2999   96 O    0 0 0
  18 BA   1     2.8079     5.3061   41 O    0 0 0

  19 BA   1     2.7244     5.1483  106 O    0-1 0
  19 BA   1     2.7600     5.2156   54 O    0-1-1
  19 BA   1     2.7671     5.2291   45 O    0-1-1
  19 BA   1     2.8169     5.3232   64 O    0 0 0
  19 BA   1     2.8247     5.3378   73 O    0 0 0
  19 BA   1     2.8333     5.3541   39 O    0 0-1

  20 BA   1     2.7776     5.2489  107 O    0-1 0
  20 BA   1     2.7805     5.2545   52 O    0-1 0
  20 BA   1     2.7949     5.2815  101 O    0 0 0
  20 BA   1     2.8052     5.3010   37 O    0 0 0
  20 BA   1     2.8062     5.3029   74 O    0 0 0
  20 BA   1     2.8088     5.3078   65 O    0 0 0

  21 BA   1     2.7591     5.2140   38 O    0 0 0
  21 BA   1     2.7735     5.2412  102 O    0 0 0
  21 BA   1     2.7745     5.2430   75 O    0 0 0
  21 BA   1     2.7896     5.2715   47 O    0 0 0
  21 BA   1     2.7906     5.2735  108 O    0-1 0
  21 BA   1     2.7978     5.2871   44 O    0-1 0

  22 BA   1     2.7750     5.2439   76 O    0 0 0
  22 BA   1     2.7857     5.2641   48 O    0 0-1
  22 BA   1     2.8006     5.2923   42 O    0 0-1
  22 BA   1     2.8141     5.3179   51 O    0 0-1
  22 BA   1     2.8177     5.3247  103 O    0 0 0
  22 BA   1     2.8427     5.3719   67 O    0 0 0

  23 BA   1     2.7521     5.2007   40 O    0 0 0
  23 BA   1     2.7556     5.2074   37 O    0 0 0
  23 BA   1     2.7779     5.2494   68 O    0 0 0
  23 BA   1     2.8040     5.2988  104 O    0 0 0
  23 BA   1     2.8141     5.3179  101 O    0 0 0
  23 BA   1     2.8144     5.3185   46 O    0 0 0

  24 BA   1     2.7422     5.1819   69 O    0 0 0
  24 BA   1     2.7513     5.1991  105 O    0 0 0
  24 BA   1     2.7549     5.2060   78 O    0 0 0
  24 BA   1     2.7876     5.2677  102 O    0 0 0
  24 BA   1     2.7994     5.2901   38 O    0 0 0
  24 BA   1     2.7995     5.2903   41 O    0 0 0

  25 BA   1     2.7383     5.1747   42 O    0 0-1
  25 BA   1     2.7800     5.2534   79 O    0 0 0
  25 BA   1     2.7862     5.2651   70 O    0 0 0
  25 BA   1     2.7868     5.2663   51 O    0 0-1
  25 BA   1     2.7957     5.2831  103 O    0 0 0
  25 BA   1     2.8008     5.2927   45 O    0 0-1

  26 BA   1     2.7907     5.2736   40 O    0 0 0
  26 BA   1     2.7934     5.2788   52 O    0 0 0
  26 BA   1     2.7968     5.2851   80 O    0 0 0
  26 BA   1     2.8047     5.3001   71 O    0 0 0
  26 BA   1     2.8237     5.3360   49 O    0 0 0
  26 BA   1     2.8270     5.3423   43 O    0 0 0

  27 BA   1     2.7469     5.1909  105 O    0 0 0
  27 BA   1     2.7523     5.2012   41 O    0 0 0
  27 BA   1     2.7553     5.2068   72 O    0 0 0
  27 BA   1     2.7958     5.2833  108 O    0 0 0
  27 BA   1     2.7971     5.2857   81 O    0 0 0
  27 BA   1     2.8075     5.3055   50 O    0 0 0

  28 O    1     1.7799     3.3635  109 TI   0 0 0
  28 O    1     2.2924     4.3321  110 TI   0 0 0
  28 O    1     2.7489     5.1947   14 BA   0 0 0
  28 O    1     2.7794     5.2523   11 BA   0 0 0
  28 O    1     2.7971     5.2858   91 O    0 0 0
  28 O    1     2.8077     5.3057   82 O    0 0 0

  29 O    1     1.7965     3.3950  110 TI   0 0 0
  29 O    1     2.2524     4.2564  111 TI   0 0 0
  29 O    1     2.7753     5.2445   56 O    0 0 0
  29 O    1     2.7856     5.2641   92 O    0 0 0
  29 O    1     2.7859     5.2645    6 BA   0 0 0
  29 O    1     2.7861     5.2649    3 BA   0 0 0

  30 O    1     1.8082     3.4169  111 TI   0 0 0
  30 O    1     2.3490     4.4390  109 TI   0 0 1
  30 O    1     2.7439     5.1852   60 O    0 0 0
  30 O    1     2.7460     5.1891   93 O    0 0 0
  30 O    1     2.7697     5.2340   84 O    0 0 0
  30 O    1     2.7706     5.2357    4 BA   0 0 1

  31 O    1     1.7669     3.3389  112 TI   0 0 0
  31 O    1     2.2951     4.3370  113 TI   0 0 0
  31 O    1     2.7576     5.2111    8 BA   0 0 0
  31 O    1     2.7596     5.2149   61 O    0 0 0
  31 O    1     2.7733     5.2408   85 O    0 0 0
  31 O    1     2.7895     5.2714   94 O    0 0 0

  32 O    1     1.8183     3.4360  113 TI   0 0 0
  32 O    1     2.2370     4.2273  114 TI   0 0 0
  32 O    1     2.7413     5.1803   95 O    0 0 0
  32 O    1     2.7555     5.2072   15 BA   0 0 0
  32 O    1     2.8045     5.2998   18 BA   0 0 0
  32 O    1     2.8265     5.3413   59 O    0 0 0

  33 O    1     1.8079     3.4164  114 TI   0 0 0
  33 O    1     2.3516     4.4440  112 TI   0 0 1
  33 O    1     2.7335     5.1656   63 O    0 0 0
  33 O    1     2.7604     5.2164   96 O    0 0 0
  33 O    1     2.7720     5.2383    7 BA   0 0 1
  33 O    1     2.7833     5.2596    4 BA   0 0 1

  34 O    1     1.7802     3.3641  115 TI   0 0 0
  34 O    1     2.3521     4.4448  116 TI   0 0 0
  34 O    1     2.7454     5.1880   97 O    0 0 0
  34 O    1     2.7692     5.2330   55 O    0 1 0
  34 O    1     2.7699     5.2344   88 O    0 0 0
  34 O    1     2.7870     5.2667   11 BA   0 1 0

  35 O    1     1.8038     3.4086  116 TI   0 0 0
  35 O    1     2.2199     4.1949  117 TI   0 0 0
  35 O    1     2.7507     5.1981    9 BA   0 0 0
  35 O    1     2.7866     5.2660    3 BA   0 1 0
  35 O    1     2.8039     5.2986   89 O    0 0 0
  35 O    1     2.8156     5.3207   18 BA   0 0 0

  36 O    1     1.8581     3.5113  117 TI   0 0 0
  36 O    1     2.2624     4.2753  115 TI   0 0 1
  36 O    1     2.7946     5.2810   63 O    0 0 0
  36 O    1     2.8038     5.2984   57 O    0 1 0
  36 O    1     2.8039     5.2985   99 O    0 0 0
  36 O    1     2.8100     5.3101   16 BA   0 0 1

  37 O    1     1.7931     3.3886  118 TI   0 0 0
  37 O    1     2.2793     4.3073  119 TI   0 0 0
  37 O    1     2.7350     5.1684  100 O    0 0 0
  37 O    1     2.7556     5.2074   23 BA   0 0 0
  37 O    1     2.7741     5.2422   64 O    0 0 0
  37 O    1     2.7831     5.2594   91 O    0 0 0

  38 O    1     1.8320     3.4619  119 TI   0 0 0
  38 O    1     2.2934     4.3339  120 TI   0 0 0
  38 O    1     2.7527     5.2018   65 O    0 0 0
  38 O    1     2.7591     5.2140   21 BA   0 0 0
  38 O    1     2.7885     5.2696   12 BA   0 0 0
  38 O    1     2.7963     5.2842   68 O    0 0 0

  39 O    1     1.7525     3.3118  120 TI   0 0 0
  39 O    1     2.3285     4.4003  118 TI   0 0 1
  39 O    1     2.7652     5.2255   69 O    0 0 0
  39 O    1     2.7664     5.2276   66 O    0 0 0
  39 O    1     2.7707     5.2358   10 BA   0 0 1
  39 O    1     2.7768     5.2473   93 O    0 0 0

  40 O    1     1.7541     3.3148  121 TI   0 0 0
  40 O    1     2.2682     4.2863  122 TI   0 0 0
  40 O    1     2.7278     5.1547  103 O    0 0 0
  40 O    1     2.7521     5.2007   23 BA   0 0 0
  40 O    1     2.7523     5.2012   70 O    0 0 0
  40 O    1     2.7568     5.2095   67 O    0 0 0

  41 O    1     1.8705     3.5347  122 TI   0 0 0
  41 O    1     2.2495     4.2508  123 TI   0 0 0
  41 O    1     2.7523     5.2012   27 BA   0 0 0
  41 O    1     2.7995     5.2903   24 BA   0 0 0
  41 O    1     2.8017     5.2945  104 O    0 0 0
  41 O    1     2.8079     5.3061   18 BA   0 0 0

  42 O    1     1.8206     3.4405  123 TI   0 0 0
  42 O    1     2.3127     4.3704  121 TI   0 0 1
  42 O    1     2.7383     5.1747   25 BA   0 0 1
  42 O    1     2.7615     5.2185   72 O    0 0 0
  42 O    1     2.7784     5.2504  105 O    0 0 0
  42 O    1     2.8006     5.2923   22 BA   0 0 1

  43 O    1     1.7873     3.3775  124 TI   0 0 0
  43 O    1     2.2418     4.2365  125 TI   0 0 0
  43 O    1     2.7761     5.2461   17 BA   0 0 0
  43 O    1     2.8009     5.2929   64 O    0 1 0
  43 O    1     2.8077     5.3058   97 O    0 0 0
  43 O    1     2.8188     5.3267   70 O    0 0 0

  44 O    1     1.8516     3.4990  125 TI   0 0 0
  44 O    1     2.2891     4.3258  126 TI   0 0 0
  44 O    1     2.7660     5.2270   12 BA   0 1 0
  44 O    1     2.7978     5.2871   21 BA   0 1 0
  44 O    1     2.8105     5.3110   65 O    0 1 0
  44 O    1     2.8137     5.3171   71 O    0 0 0

  45 O    1     1.7609     3.3275  126 TI   0 0 0
  45 O    1     2.3471     4.4354  124 TI   0 0 1
  45 O    1     2.7671     5.2291   19 BA   0 1 1
  45 O    1     2.7821     5.2573  108 O    0 0 0
  45 O    1     2.7838     5.2606   72 O    0 0 0
  45 O    1     2.7842     5.2615   99 O    0 0 0

  46 O    1     1.8060     3.4129  127 TI   0 0 0
  46 O    1     2.2799     4.3084  128 TI   0 0 0
  46 O    1     2.7498     5.1963   76 O    0 0 0
  46 O    1     2.7652     5.2256  100 O    0 0 0
  46 O    1     2.7679     5.2305    5 BA   1 0 0
  46 O    1     2.8020     5.2950   73 O    0 0 0

  47 O    1     1.7885     3.3797  128 TI   0 0 0
  47 O    1     2.2857     4.3193  129 TI   0 0 0
  47 O    1     2.7317     5.1621   83 O    1 0 0
  47 O    1     2.7398     5.1775   77 O    0 0 0
  47 O    1     2.7412     5.1801   74 O    0 0 0
  47 O    1     2.7673     5.2294  101 O    0 0 0

  48 O    1     1.8081     3.4168  129 TI   0 0 0
  48 O    1     2.3085     4.3624  127 TI   0 0 1
  48 O    1     2.7413     5.1804   84 O    1 0 0
  48 O    1     2.7507     5.1981  102 O    0 0 0
  48 O    1     2.7857     5.2641   22 BA   0 0 1
  48 O    1     2.7923     5.2767   78 O    0 0 0

  49 O    1     1.8461     3.4885  130 TI   0 0 0
  49 O    1     2.2096     4.1754  131 TI   0 0 0
  49 O    1     2.7689     5.2325    5 BA   1 0 0
  49 O    1     2.7815     5.2563   85 O    1 0 0
  49 O    1     2.8031     5.2972   76 O    0 0 0
  49 O    1     2.8148     5.3192  103 O    0 0 0

  50 O    1     1.8691     3.5321  131 TI   0 0 0
  50 O    1     2.2226     4.2001  132 TI   0 0 0
  50 O    1     2.7557     5.2075  104 O    0 0 0
  50 O    1     2.8031     5.2970   77 O    0 0 0
  50 O    1     2.8051     5.3008   24 BA   0 0 0
  50 O    1     2.8075     5.3055   27 BA   0 0 0

  51 O    1     1.8321     3.4622  132 TI   0 0 0
  51 O    1     2.2978     4.3423  130 TI   0 0 1
  51 O    1     2.7254     5.1502   81 O    0 0 0
  51 O    1     2.7793     5.2521   87 O    1 0 0
  51 O    1     2.7868     5.2663   25 BA   0 0 1
  51 O    1     2.7967     5.2850    7 BA   1 0 1

  52 O    1     1.8699     3.5336  133 TI   0 0 0
  52 O    1     2.2224     4.1997  134 TI   0 0 0
  52 O    1     2.7783     5.2502   73 O    0 1 0
  52 O    1     2.7805     5.2545   20 BA   0 1 0
  52 O    1     2.7934     5.2788   26 BA   0 0 0
  52 O    1     2.8195     5.3280    2 BA   1 1 0

  53 O    1     1.8190     3.4374  134 TI   0 0 0
  53 O    1     2.2885     4.3246  135 TI   0 0 0
  53 O    1     2.7620     5.2195    3 BA   1 1 0
  53 O    1     2.7868     5.2663    9 BA   1 0 0
  53 O    1     2.7918     5.2757   89 O    1 0 0
  53 O    1     2.7959     5.2835   74 O    0 1 0

  54 O    1     1.8268     3.4522  135 TI   0 0 0
  54 O    1     2.2516     4.2550  133 TI   0 0 1
  54 O    1     2.7600     5.2156   19 BA   0 1 1
  54 O    1     2.7803     5.2541   75 O    0 1 0
  54 O    1     2.8086     5.3075  108 O    0 0 0
  54 O    1     2.8115     5.3129   90 O    1 0 0

  55 O    1     1.9922     3.7646  109 TI   0 0 0
  55 O    1     2.0119     3.8020  115 TI   0-1 0
  55 O    1     2.7384     5.1748   97 O    0-1 0
  55 O    1     2.7508     5.1982   10 BA   0 0 0
  55 O    1     2.7692     5.2330   34 O    0-1 0
  55 O    1     2.7944     5.2807    1 BA   0 0 0

  56 O    1     2.0073     3.7932  110 TI   0 0 0
  56 O    1     2.0100     3.7983  116 TI   0-1 0
  56 O    1     2.7581     5.2120   11 BA   0 0 0
  56 O    1     2.7753     5.2445   29 O    0 0 0
  56 O    1     2.7825     5.2582   92 O    0 0 0
  56 O    1     2.7953     5.2823    2 BA   0 0 0

  57 O    1     1.9988     3.7773  111 TI   0 0 0
  57 O    1     2.0027     3.7845  117 TI   0-1 0
  57 O    1     2.7599     5.2155   12 BA   0 0 0
  57 O    1     2.7669     5.2286   93 O    0 0 0
  57 O    1     2.7732     5.2407   99 O    0-1 0
  57 O    1     2.7941     5.2801   30 O    0 0 0

  58 O    1     1.9842     3.7496  112 TI   0 0 0
  58 O    1     2.0335     3.8427  109 TI   0 0 0
  58 O    1     2.7612     5.2180   13 BA   0 0 0
  58 O    1     2.7622     5.2198    4 BA   0 0 0
  58 O    1     2.7822     5.2576   82 O    0 0 0
  58 O    1     2.8080     5.3064   85 O    0 0 0

  59 O    1     1.9802     3.7421  110 TI   0 0 0
  59 O    1     2.0015     3.7823  113 TI   0 0 0
  59 O    1     2.7725     5.2392   14 BA   0 0 0
  59 O    1     2.7937     5.2793   92 O    0 0 0
  59 O    1     2.7959     5.2835   95 O    0 0 0
  59 O    1     2.7991     5.2896    5 BA   0 0 0

  60 O    1     1.9547     3.6938  111 TI   0 0 0
  60 O    1     1.9972     3.7741  114 TI   0 0 0
  60 O    1     2.7371     5.1723   93 O    0 0 0
  60 O    1     2.7399     5.1777   15 BA   0 0 0
  60 O    1     2.7439     5.1852   30 O    0 0 0
  60 O    1     2.7815     5.2562   96 O    0 0 0

  61 O    1     1.9454     3.6762  112 TI   0 0 0
  61 O    1     2.0033     3.7856  115 TI   0 0 0
  61 O    1     2.7338     5.1661    7 BA   0 0 0
  61 O    1     2.7596     5.2149   31 O    0 0 0
  61 O    1     2.7647     5.2244   94 O    0 0 0
  61 O    1     2.7758     5.2456   85 O    0 0 0

  62 O    1     1.9812     3.7440  113 TI   0 0 0
  62 O    1     1.9958     3.7714  116 TI   0 0 0
  62 O    1     2.7287     5.1565    8 BA   0 0 0
  62 O    1     2.7595     5.2148   89 O    0 0 0
  62 O    1     2.7892     5.2708   95 O    0 0 0
  62 O    1     2.8018     5.2946   17 BA   0 0 0

  63 O    1     1.9854     3.7518  117 TI   0 0 0
  63 O    1     1.9916     3.7635  114 TI   0 0 0
  63 O    1     2.7335     5.1656   33 O    0 0 0
  63 O    1     2.7946     5.2810   36 O    0 0 0
  63 O    1     2.7973     5.2862   18 BA   0 0 0
  63 O    1     2.8038     5.2984    9 BA   0 0 0

  64 O    1     1.9430     3.6717  118 TI   0 0 0
  64 O    1     2.0056     3.7900  124 TI   0-1 0
  64 O    1     2.7741     5.2422   37 O    0 0 0
  64 O    1     2.7785     5.2505   91 O    0 0 0
  64 O    1     2.7822     5.2577   10 BA   0 0 0
  64 O    1     2.7875     5.2676  100 O    0 0 0

  65 O    1     1.9872     3.7552  119 TI   0 0 0
  65 O    1     1.9998     3.7791  125 TI   0-1 0
  65 O    1     2.7527     5.2018   38 O    0 0 0
  65 O    1     2.7705     5.2355  101 O    0 0 0
  65 O    1     2.8053     5.3012   92 O    0 0 0
  65 O    1     2.8088     5.3078   20 BA   0 0 0

  66 O    1     1.9444     3.6744  120 TI   0 0 0
  66 O    1     2.0066     3.7919  126 TI   0-1 0
  66 O    1     2.7169     5.1342   12 BA   0 0 0
  66 O    1     2.7644     5.2239   99 O    0-1 0
  66 O    1     2.7664     5.2276   39 O    0 0 0
  66 O    1     2.7977     5.2869  102 O    0 0 0

  67 O    1     1.9643     3.7119  121 TI   0 0 0
  67 O    1     2.0630     3.8985  118 TI   0 0 0
  67 O    1     2.7568     5.2095   40 O    0 0 0
  67 O    1     2.7813     5.2560  103 O    0 0 0
  67 O    1     2.7865     5.2657   91 O    0 0 0
  67 O    1     2.7948     5.2815   94 O    0 0 0

  68 O    1     1.9362     3.6588  119 TI   0 0 0
  68 O    1     1.9946     3.7692  122 TI   0 0 0
  68 O    1     2.7779     5.2494   23 BA   0 0 0
  68 O    1     2.7963     5.2842   38 O    0 0 0
  68 O    1     2.7975     5.2865   92 O    0 0 0
  68 O    1     2.8188     5.3267   41 O    0 0 0

  69 O    1     1.9878     3.7564  120 TI   0 0 0
  69 O    1     2.0427     3.8601  123 TI   0 0 0
  69 O    1     2.7422     5.1819   24 BA   0 0 0
  69 O    1     2.7652     5.2255   39 O    0 0 0
  69 O    1     2.7689     5.2324   15 BA   0 0 0
  69 O    1     2.7979     5.2873   93 O    0 0 0

  70 O    1     1.9505     3.6859  121 TI   0 0 0
  70 O    1     2.0282     3.8328  124 TI   0 0 0
  70 O    1     2.7517     5.2000   94 O    0 0 0
  70 O    1     2.7523     5.2012   40 O    0 0 0
  70 O    1     2.7540     5.2044   16 BA   0 0 0
  70 O    1     2.7841     5.2612  103 O    0 0 0

  71 O    1     1.9931     3.7665  125 TI   0 0 0
  71 O    1     2.0222     3.8214  122 TI   0 0 0
  71 O    1     2.7893     5.2710   98 O    0 0 0
  71 O    1     2.7993     5.2899   17 BA   0 0 0
  71 O    1     2.8044     5.2995  107 O    0 0 0
  71 O    1     2.8047     5.3001   26 BA   0 0 0

  72 O    1     1.9461     3.6776  123 TI   0 0 0
  72 O    1     2.0330     3.8419  126 TI   0 0 0
  72 O    1     2.7553     5.2068   27 BA   0 0 0
  72 O    1     2.7615     5.2185   42 O    0 0 0
  72 O    1     2.7644     5.2240  105 O    0 0 0
  72 O    1     2.7766     5.2469   18 BA   0 0 0

  73 O    1     1.9420     3.6698  133 TI   0-1 0
  73 O    1     2.0300     3.8361  127 TI   0 0 0
  73 O    1     2.7783     5.2502   52 O    0-1 0
  73 O    1     2.7803     5.2540  106 O    0-1 0
  73 O    1     2.7978     5.2870   88 O    1-1 0
  73 O    1     2.8020     5.2950   46 O    0 0 0

  74 O    1     1.9928     3.7658  128 TI   0 0 0
  74 O    1     2.0213     3.8197  134 TI   0-1 0
  74 O    1     2.7301     5.1592  101 O    0 0 0
  74 O    1     2.7412     5.1801   47 O    0 0 0
  74 O    1     2.7651     5.2252   83 O    1 0 0
  74 O    1     2.7687     5.2322    2 BA   1 0 0

  75 O    1     1.9993     3.7781  135 TI   0-1 0
  75 O    1     2.0351     3.8458  129 TI   0 0 0
  75 O    1     2.7498     5.1964  108 O    0-1 0
  75 O    1     2.7709     5.2362  102 O    0 0 0
  75 O    1     2.7745     5.2430   21 BA   0 0 0
  75 O    1     2.7803     5.2541   54 O    0-1 0

  76 O    1     1.9605     3.7048  130 TI   0 0 0
  76 O    1     1.9636     3.7106  127 TI   0 0 0
  76 O    1     2.7498     5.1963   46 O    0 0 0
  76 O    1     2.7750     5.2439   22 BA   0 0 0
  76 O    1     2.7836     5.2603  103 O    0 0 0
  76 O    1     2.7954     5.2825  100 O    0 0 0

  77 O    1     1.9212     3.6305  128 TI   0 0 0
  77 O    1     2.0271     3.8306  131 TI   0 0 0
  77 O    1     2.7398     5.1775   47 O    0 0 0
  77 O    1     2.7702     5.2348   83 O    1 0 0
  77 O    1     2.7828     5.2587  101 O    0 0 0
  77 O    1     2.8020     5.2950  104 O    0 0 0

  78 O    1     1.9664     3.7159  129 TI   0 0 0
  78 O    1     1.9918     3.7640  132 TI   0 0 0
  78 O    1     2.7549     5.2060   24 BA   0 0 0
  78 O    1     2.7775     5.2487   87 O    1 0 0
  78 O    1     2.7891     5.2706   84 O    1 0 0
  78 O    1     2.7923     5.2767   48 O    0 0 0

  79 O    1     1.9874     3.7556  133 TI   0 0 0
  79 O    1     2.0576     3.8884  130 TI   0 0 0
  79 O    1     2.7800     5.2534   25 BA   0 0 0
  79 O    1     2.7982     5.2879    7 BA   1 0 0
  79 O    1     2.8050     5.3007  106 O    0 0 0
  79 O    1     2.8070     5.3044   85 O    1 0 0

  80 O    1     1.9565     3.6973  131 TI   0 0 0
  80 O    1     2.0194     3.8161  134 TI   0 0 0
  80 O    1     2.7564     5.2089   86 O    1 0 0
  80 O    1     2.7753     5.2446  104 O    0 0 0
  80 O    1     2.7933     5.2785    8 BA   1 0 0
  80 O    1     2.7968     5.2851   26 BA   0 0 0

  81 O    1     1.9566     3.6975  132 TI   0 0 0
  81 O    1     1.9953     3.7706  135 TI   0 0 0
  81 O    1     2.7254     5.1502   51 O    0 0 0
  81 O    1     2.7908     5.2738   87 O    1 0 0
  81 O    1     2.7971     5.2857   27 BA   0 0 0
  81 O    1     2.8047     5.3001    9 BA   1 0 0

  82 O    1     1.9808     3.7433  109 TI   0 0 0
  82 O    1     1.9876     3.7560  127 TI  -1 0 0
  82 O    1     2.7822     5.2576   58 O    0 0 0
  82 O    1     2.7871     5.2669    4 BA   0 0 0
  82 O    1     2.7980     5.2875    1 BA   0 0 0
  82 O    1     2.8077     5.3057   28 O    0 0 0

  83 O    1     1.9521     3.6890  128 TI  -1 0 0
  83 O    1     1.9989     3.7774  110 TI   0 0 0
  83 O    1     2.7317     5.1621   47 O   -1 0 0
  83 O    1     2.7624     5.2202    2 BA   0 0 0
  83 O    1     2.7651     5.2252   74 O   -1 0 0
  83 O    1     2.7702     5.2348   77 O   -1 0 0

  84 O    1     1.9552     3.6948  129 TI  -1 0 0
  84 O    1     2.0441     3.8628  111 TI   0 0 0
  84 O    1     2.7413     5.1804   48 O   -1 0 0
  84 O    1     2.7697     5.2340   30 O    0 0 0
  84 O    1     2.7891     5.2706   78 O   -1 0 0
  84 O    1     2.8060     5.3026    6 BA   0 0 0

  85 O    1     1.9470     3.6793  130 TI  -1 0 0
  85 O    1     2.0198     3.8168  112 TI   0 0 0
  85 O    1     2.7733     5.2408   31 O    0 0 0
  85 O    1     2.7745     5.2430    7 BA   0 0 0
  85 O    1     2.7758     5.2456   61 O    0 0 0
  85 O    1     2.7815     5.2563   49 O   -1 0 0

  86 O    1     1.9740     3.7303  131 TI  -1 0 0
  86 O    1     2.0649     3.9022  113 TI   0 0 0
  86 O    1     2.7564     5.2089   80 O   -1 0 0
  86 O    1     2.7849     5.2627    8 BA   0 0 0
  86 O    1     2.7974     5.2862    5 BA   0 0 0
  86 O    1     2.8101     5.3104   62 O    0 0 0

  87 O    1     1.9872     3.7553  132 TI  -1 0 0
  87 O    1     2.0093     3.7970  114 TI   0 0 0
  87 O    1     2.7775     5.2487   78 O   -1 0 0
  87 O    1     2.7793     5.2521   51 O   -1 0 0
  87 O    1     2.7900     5.2723    6 BA   0 0 0
  87 O    1     2.7908     5.2738   81 O   -1 0 0

  88 O    1     1.9971     3.7740  115 TI   0 0 0
  88 O    1     2.0072     3.7931  133 TI  -1 0 0
  88 O    1     2.7699     5.2344   34 O    0 0 0
  88 O    1     2.7820     5.2572    1 BA   0 1 0
  88 O    1     2.7895     5.2713    7 BA   0 0 0
  88 O    1     2.7978     5.2870   73 O   -1 1 0

  89 O    1     1.9938     3.7677  116 TI   0 0 0
  89 O    1     2.0419     3.8586  134 TI  -1 0 0
  89 O    1     2.7516     5.1998    8 BA   0 0 0
  89 O    1     2.7595     5.2148   62 O    0 0 0
  89 O    1     2.7817     5.2567    2 BA   0 1 0
  89 O    1     2.7918     5.2757   53 O   -1 0 0

  90 O    1     1.9500     3.6849  135 TI  -1 0 0
  90 O    1     2.0169     3.8114  117 TI   0 0 0
  90 O    1     2.7150     5.1307    9 BA   0 0 0
  90 O    1     2.7803     5.2540    3 BA   0 1 0
  90 O    1     2.8075     5.3053   81 O   -1 0 0
  90 O    1     2.8115     5.3129   54 O   -1 0 0

  91 O    1     1.9430     3.6718  118 TI   0 0 0
  91 O    1     2.0171     3.8118  109 TI   0 0 0
  91 O    1     2.7697     5.2340   10 BA   0 0 0
  91 O    1     2.7785     5.2505   64 O    0 0 0
  91 O    1     2.7831     5.2594   37 O    0 0 0
  91 O    1     2.7865     5.2657   67 O    0 0 0

  92 O    1     1.9789     3.7397  119 TI   0 0 0
  92 O    1     2.0116     3.8014  110 TI   0 0 0
  92 O    1     2.7767     5.2471   14 BA   0 0 0
  92 O    1     2.7825     5.2582   56 O    0 0 0
  92 O    1     2.7856     5.2641   29 O    0 0 0
  92 O    1     2.7937     5.2793   59 O    0 0 0

  93 O    1     1.9268     3.6411  111 TI   0 0 0
  93 O    1     2.0328     3.8415  120 TI   0 0 0
  93 O    1     2.7371     5.1723   60 O    0 0 0
  93 O    1     2.7460     5.1891   30 O    0 0 0
  93 O    1     2.7669     5.2286   57 O    0 0 0
  93 O    1     2.7768     5.2473   39 O    0 0 0

  94 O    1     1.9826     3.7465  112 TI   0 0 0
  94 O    1     1.9978     3.7753  121 TI   0 0 0
  94 O    1     2.7479     5.1927   16 BA   0 0 0
  94 O    1     2.7517     5.2000   70 O    0 0 0
  94 O    1     2.7647     5.2244   61 O    0 0 0
  94 O    1     2.7895     5.2714   31 O    0 0 0

  95 O    1     1.9234     3.6347  113 TI   0 0 0
  95 O    1     2.0399     3.8549  122 TI   0 0 0
  95 O    1     2.7413     5.1803   32 O    0 0 0
  95 O    1     2.7801     5.2537   17 BA   0 0 0
  95 O    1     2.7892     5.2708   62 O    0 0 0
  95 O    1     2.7959     5.2835   59 O    0 0 0

  96 O    1     1.9852     3.7515  114 TI   0 0 0
  96 O    1     2.0337     3.8432  123 TI   0 0 0
  96 O    1     2.7421     5.1818   15 BA   0 0 0
  96 O    1     2.7604     5.2164   33 O    0 0 0
  96 O    1     2.7815     5.2562   60 O    0 0 0
  96 O    1     2.8046     5.2999   18 BA   0 0 0

  97 O    1     1.9259     3.6394  115 TI   0 0 0
  97 O    1     2.0296     3.8355  124 TI   0 0 0
  97 O    1     2.7384     5.1748   55 O    0 1 0
  97 O    1     2.7454     5.1880   34 O    0 0 0
  97 O    1     2.7738     5.2417   10 BA   0 1 0
  97 O    1     2.7949     5.2816   16 BA   0 0 0

  98 O    1     1.9895     3.7596  116 TI   0 0 0
  98 O    1     1.9980     3.7756  125 TI   0 0 0
  98 O    1     2.7734     5.2410   17 BA   0 0 0
  98 O    1     2.7893     5.2710   71 O    0 0 0
  98 O    1     2.8089     5.3081   56 O    0 1 0
  98 O    1     2.8091     5.3085   11 BA   0 1 0

  99 O    1     1.9378     3.6619  126 TI   0 0 0
  99 O    1     2.0041     3.7872  117 TI   0 0 0
  99 O    1     2.7354     5.1692   12 BA   0 1 0
  99 O    1     2.7644     5.2239   66 O    0 1 0
  99 O    1     2.7732     5.2407   57 O    0 1 0
  99 O    1     2.7794     5.2522   18 BA   0 0 0

 100 O    1     1.9893     3.7592  118 TI   0 0 0
 100 O    1     2.0314     3.8388  127 TI   0 0 0
 100 O    1     2.7350     5.1684   37 O    0 0 0
 100 O    1     2.7652     5.2256   46 O    0 0 0
 100 O    1     2.7875     5.2676   64 O    0 0 0
 100 O    1     2.7954     5.2825   76 O    0 0 0

 101 O    1     1.9680     3.7190  128 TI   0 0 0
 101 O    1     2.0343     3.8443  119 TI   0 0 0
 101 O    1     2.7301     5.1592   74 O    0 0 0
 101 O    1     2.7673     5.2294   47 O    0 0 0
 101 O    1     2.7705     5.2355   65 O    0 0 0
 101 O    1     2.7828     5.2587   77 O    0 0 0

 102 O    1     1.9765     3.7351  129 TI   0 0 0
 102 O    1     2.0011     3.7816  120 TI   0 0 0
 102 O    1     2.7507     5.1981   48 O    0 0 0
 102 O    1     2.7709     5.2362   75 O    0 0 0
 102 O    1     2.7735     5.2412   21 BA   0 0 0
 102 O    1     2.7876     5.2677   24 BA   0 0 0

 103 O    1     1.9786     3.7390  121 TI   0 0 0
 103 O    1     2.0219     3.8209  130 TI   0 0 0
 103 O    1     2.7278     5.1547   40 O    0 0 0
 103 O    1     2.7813     5.2560   67 O    0 0 0
 103 O    1     2.7836     5.2603   76 O    0 0 0
 103 O    1     2.7841     5.2612   70 O    0 0 0

 104 O    1     1.9412     3.6683  131 TI   0 0 0
 104 O    1     1.9917     3.7637  122 TI   0 0 0
 104 O    1     2.7557     5.2075   50 O    0 0 0
 104 O    1     2.7753     5.2446   80 O    0 0 0
 104 O    1     2.8017     5.2945   41 O    0 0 0
 104 O    1     2.8020     5.2950   77 O    0 0 0

 105 O    1     1.9302     3.6475  123 TI   0 0 0
 105 O    1     1.9969     3.7736  132 TI   0 0 0
 105 O    1     2.7469     5.1909   27 BA   0 0 0
 105 O    1     2.7513     5.1991   24 BA   0 0 0
 105 O    1     2.7644     5.2240   72 O    0 0 0
 105 O    1     2.7784     5.2504   42 O    0 0 0

 106 O    1     1.9896     3.7597  124 TI   0 0 0
 106 O    1     2.0086     3.7958  133 TI   0 0 0
 106 O    1     2.7244     5.1483   19 BA   0 1 0
 106 O    1     2.7803     5.2540   73 O    0 1 0
 106 O    1     2.7901     5.2725   64 O    0 1 0
 106 O    1     2.8050     5.3007   79 O    0 0 0

 107 O    1     1.9397     3.6654  134 TI   0 0 0
 107 O    1     1.9953     3.7705  125 TI   0 0 0
 107 O    1     2.7776     5.2489   20 BA   0 1 0
 107 O    1     2.7816     5.2564   74 O    0 1 0
 107 O    1     2.8008     5.2927   53 O    0 0 0
 107 O    1     2.8044     5.2995   71 O    0 0 0

 108 O    1     2.0119     3.8019  135 TI   0 0 0
 108 O    1     2.0350     3.8455  126 TI   0 0 0
 108 O    1     2.7498     5.1964   75 O    0 1 0
 108 O    1     2.7821     5.2573   45 O    0 0 0
 108 O    1     2.7906     5.2735   21 BA   0 1 0
 108 O    1     2.7958     5.2833   27 BA   0 0 0

 109 TI   1     1.7799     3.3635   28 O    0 0 0
 109 TI   1     1.9808     3.7433   82 O    0 0 0
 109 TI   1     1.9922     3.7646   55 O    0 0 0
 109 TI   1     2.0171     3.8118   91 O    0 0 0
 109 TI   1     2.0335     3.8427   58 O    0 0 0
 109 TI   1     2.3490     4.4390   30 O    0 0-1

 110 TI   1     1.7965     3.3950   29 O    0 0 0
 110 TI   1     1.9802     3.7421   59 O    0 0 0
 110 TI   1     1.9989     3.7774   83 O    0 0 0
 110 TI   1     2.0073     3.7932   56 O    0 0 0
 110 TI   1     2.0116     3.8014   92 O    0 0 0
 110 TI   1     2.2924     4.3321   28 O    0 0 0

 111 TI   1     1.8082     3.4169   30 O    0 0 0
 111 TI   1     1.9268     3.6411   93 O    0 0 0
 111 TI   1     1.9547     3.6938   60 O    0 0 0
 111 TI   1     1.9988     3.7773   57 O    0 0 0
 111 TI   1     2.0441     3.8628   84 O    0 0 0
 111 TI   1     2.2524     4.2564   29 O    0 0 0

 112 TI   1     1.7669     3.3389   31 O    0 0 0
 112 TI   1     1.9454     3.6762   61 O    0 0 0
 112 TI   1     1.9826     3.7465   94 O    0 0 0
 112 TI   1     1.9842     3.7496   58 O    0 0 0
 112 TI   1     2.0198     3.8168   85 O    0 0 0
 112 TI   1     2.3516     4.4440   33 O    0 0-1

 113 TI   1     1.8183     3.4360   32 O    0 0 0
 113 TI   1     1.9234     3.6347   95 O    0 0 0
 113 TI   1     1.9812     3.7440   62 O    0 0 0
 113 TI   1     2.0015     3.7823   59 O    0 0 0
 113 TI   1     2.0649     3.9022   86 O    0 0 0
 113 TI   1     2.2951     4.3370   31 O    0 0 0

 114 TI   1     1.8079     3.4164   33 O    0 0 0
 114 TI   1     1.9852     3.7515   96 O    0 0 0
 114 TI   1     1.9916     3.7635   63 O    0 0 0
 114 TI   1     1.9972     3.7741   60 O    0 0 0
 114 TI   1     2.0093     3.7970   87 O    0 0 0
 114 TI   1     2.2370     4.2273   32 O    0 0 0

 115 TI   1     1.7802     3.3641   34 O    0 0 0
 115 TI   1     1.9259     3.6394   97 O    0 0 0
 115 TI   1     1.9971     3.7740   88 O    0 0 0
 115 TI   1     2.0033     3.7856   61 O    0 0 0
 115 TI   1     2.0119     3.8020   55 O    0 1 0
 115 TI   1     2.2624     4.2753   36 O    0 0-1

 116 TI   1     1.8038     3.4086   35 O    0 0 0
 116 TI   1     1.9895     3.7596   98 O    0 0 0
 116 TI   1     1.9938     3.7677   89 O    0 0 0
 116 TI   1     1.9958     3.7714   62 O    0 0 0
 116 TI   1     2.0100     3.7983   56 O    0 1 0
 116 TI   1     2.3521     4.4448   34 O    0 0 0

 117 TI   1     1.8581     3.5113   36 O    0 0 0
 117 TI   1     1.9854     3.7518   63 O    0 0 0
 117 TI   1     2.0027     3.7845   57 O    0 1 0
 117 TI   1     2.0041     3.7872   99 O    0 0 0
 117 TI   1     2.0169     3.8114   90 O    0 0 0
 117 TI   1     2.2199     4.1949   35 O    0 0 0

 118 TI   1     1.7931     3.3886   37 O    0 0 0
 118 TI   1     1.9430     3.6717   64 O    0 0 0
 118 TI   1     1.9430     3.6718   91 O    0 0 0
 118 TI   1     1.9893     3.7592  100 O    0 0 0
 118 TI   1     2.0630     3.8985   67 O    0 0 0
 118 TI   1     2.3285     4.4003   39 O    0 0-1

 119 TI   1     1.8320     3.4619   38 O    0 0 0
 119 TI   1     1.9362     3.6588   68 O    0 0 0
 119 TI   1     1.9789     3.7397   92 O    0 0 0
 119 TI   1     1.9872     3.7552   65 O    0 0 0
 119 TI   1     2.0343     3.8443  101 O    0 0 0
 119 TI   1     2.2793     4.3073   37 O    0 0 0

 120 TI   1     1.7525     3.3118   39 O    0 0 0
 120 TI   1     1.9444     3.6744   66 O    0 0 0
 120 TI   1     1.9878     3.7564   69 O    0 0 0
 120 TI   1     2.0011     3.7816  102 O    0 0 0
 120 TI   1     2.0328     3.8415   93 O    0 0 0
 120 TI   1     2.2934     4.3339   38 O    0 0 0

 121 TI   1     1.7541     3.3148   40 O    0 0 0
 121 TI   1     1.9505     3.6859   70 O    0 0 0
 121 TI   1     1.9643     3.7119   67 O    0 0 0
 121 TI   1     1.9786     3.7390  103 O    0 0 0
 121 TI   1     1.9978     3.7753   94 O    0 0 0
 121 TI   1     2.3127     4.3704   42 O    0 0-1

 122 TI   1     1.8705     3.5347   41 O    0 0 0
 122 TI   1     1.9917     3.7637  104 O    0 0 0
 122 TI   1     1.9946     3.7692   68 O    0 0 0
 122 TI   1     2.0222     3.8214   71 O    0 0 0
 122 TI   1     2.0399     3.8549   95 O    0 0 0
 122 TI   1     2.2682     4.2863   40 O    0 0 0

 123 TI   1     1.8206     3.4405   42 O    0 0 0
 123 TI   1     1.9302     3.6475  105 O    0 0 0
 123 TI   1     1.9461     3.6776   72 O    0 0 0
 123 TI   1     2.0337     3.8432   96 O    0 0 0
 123 TI   1     2.0427     3.8601   69 O    0 0 0
 123 TI   1     2.2495     4.2508   41 O    0 0 0

 124 TI   1     1.7873     3.3775   43 O    0 0 0
 124 TI   1     1.9896     3.7597  106 O    0 0 0
 124 TI   1     2.0056     3.7900   64 O    0 1 0
 124 TI   1     2.0282     3.8328   70 O    0 0 0
 124 TI   1     2.0296     3.8355   97 O    0 0 0
 124 TI   1     2.3471     4.4354   45 O    0 0-1

 125 TI   1     1.8516     3.4990   44 O    0 0 0
 125 TI   1     1.9931     3.7665   71 O    0 0 0
 125 TI   1     1.9953     3.7705  107 O    0 0 0
 125 TI   1     1.9980     3.7756   98 O    0 0 0
 125 TI   1     1.9998     3.7791   65 O    0 1 0
 125 TI   1     2.2418     4.2365   43 O    0 0 0

 126 TI   1     1.7609     3.3275   45 O    0 0 0
 126 TI   1     1.9378     3.6619   99 O    0 0 0
 126 TI   1     2.0066     3.7919   66 O    0 1 0
 126 TI   1     2.0330     3.8419   72 O    0 0 0
 126 TI   1     2.0350     3.8455  108 O    0 0 0
 126 TI   1     2.2891     4.3258   44 O    0 0 0

 127 TI   1     1.8060     3.4129   46 O    0 0 0
 127 TI   1     1.9636     3.7106   76 O    0 0 0
 127 TI   1     1.9876     3.7560   82 O    1 0 0
 127 TI   1     2.0300     3.8361   73 O    0 0 0
 127 TI   1     2.0314     3.8388  100 O    0 0 0
 127 TI   1     2.3085     4.3624   48 O    0 0-1

 128 TI   1     1.7885     3.3797   47 O    0 0 0
 128 TI   1     1.9212     3.6305   77 O    0 0 0
 128 TI   1     1.9521     3.6890   83 O    1 0 0
 128 TI   1     1.9680     3.7190  101 O    0 0 0
 128 TI   1     1.9928     3.7658   74 O    0 0 0
 128 TI   1     2.2799     4.3084   46 O    0 0 0

 129 TI   1     1.8081     3.4168   48 O    0 0 0
 129 TI   1     1.9552     3.6948   84 O    1 0 0
 129 TI   1     1.9664     3.7159   78 O    0 0 0
 129 TI   1     1.9765     3.7351  102 O    0 0 0
 129 TI   1     2.0351     3.8458   75 O    0 0 0
 129 TI   1     2.2857     4.3193   47 O    0 0 0

 130 TI   1     1.8461     3.4885   49 O    0 0 0
 130 TI   1     1.9470     3.6793   85 O    1 0 0
 130 TI   1     1.9605     3.7048   76 O    0 0 0
 130 TI   1     2.0219     3.8209  103 O    0 0 0
 130 TI   1     2.0576     3.8884   79 O    0 0 0
 130 TI   1     2.2978     4.3423   51 O    0 0-1

 131 TI   1     1.8691     3.5321   50 O    0 0 0
 131 TI   1     1.9412     3.6683  104 O    0 0 0
 131 TI   1     1.9565     3.6973   80 O    0 0 0
 131 TI   1     1.9740     3.7303   86 O    1 0 0
 131 TI   1     2.0271     3.8306   77 O    0 0 0
 131 TI   1     2.2096     4.1754   49 O    0 0 0

 132 TI   1     1.8321     3.4622   51 O    0 0 0
 132 TI   1     1.9566     3.6975   81 O    0 0 0
 132 TI   1     1.9872     3.7553   87 O    1 0 0
 132 TI   1     1.9918     3.7640   78 O    0 0 0
 132 TI   1     1.9969     3.7736  105 O    0 0 0
 132 TI   1     2.2226     4.2001   50 O    0 0 0

 133 TI   1     1.8699     3.5336   52 O    0 0 0
 133 TI   1     1.9420     3.6698   73 O    0 1 0
 133 TI   1     1.9874     3.7556   79 O    0 0 0
 133 TI   1     2.0072     3.7931   88 O    1 0 0
 133 TI   1     2.0086     3.7958  106 O    0 0 0
 133 TI   1     2.2516     4.2550   54 O    0 0-1

 134 TI   1     1.8190     3.4374   53 O    0 0 0
 134 TI   1     1.9397     3.6654  107 O    0 0 0
 134 TI   1     2.0194     3.8161   80 O    0 0 0
 134 TI   1     2.0213     3.8197   74 O    0 1 0
 134 TI   1     2.0419     3.8586   89 O    1 0 0
 134 TI   1     2.2224     4.1997   52 O    0 0 0

 135 TI   1     1.8268     3.4522   54 O    0 0 0
 135 TI   1     1.9500     3.6849   90 O    1 0 0
 135 TI   1     1.9953     3.7706   81 O    0 0 0
 135 TI   1     1.9993     3.7781   75 O    0 1 0
 135 TI   1     2.0119     3.8019  108 O    0 0 0
 135 TI   1     2.2885     4.3246   53 O    0 0 0


 SYMMETRY ALLOWED INTERNAL DEGREE(S) OF FREEDOM: 402
 TTTTTTTTTTTTTTTTTTTTTTTTTTTTTT SYMM        TELAPSE        3.99 TCPU        3.56
 TTTTTTTTTTTTTTTTTTTTTTTTTTTTTT INT_SCREEN  TELAPSE        4.10 TCPU        3.66

 DFT PARAMETERS

     ATOM       ELECTRONS   NET CHARGE   R(ANGSTROM)
   1 256  BA     10.0000      0.0000     2.24000000
  28   8  O       8.0000      0.0000     0.74000000
 109  22  TI     22.0000      0.0000     1.47000000

 SIZE OF GRID=    2837914
 TTTTTTTTTTTTTTTTTTTTTTTTTTTTTT MAKE_GRID2  TELAPSE       44.44 TCPU       44.00
 BECKE WEIGHT FUNCTION
 RADSAFE =     2.00
 TOLERANCES - DENSITY:10**- 6; POTENTIAL:10**- 9; GRID WGT:10**-14

 RADIAL INTEGRATION  - INTERVALS (POINTS,UPPER LIMIT):            1( 75,  4.0*R)

 ANGULAR INTEGRATION - INTERVALS (ACCURACY LEVEL [N. POINTS] UPPER LIMIT):
  1(  4[  86]   0.2)  2(  8[ 194]   0.5)  3( 12[ 350]   0.9)  4( 16[ 974]   3.5)
  5( 12[ 350]9999.0)
 TTTTTTTTTTTTTTTTTTTTTTTTTTTTTT INT_CALC    TELAPSE       44.55 TCPU       44.11
 EEEEEEEEEE INT_CALC TERMINATION  DATE 25 03 2026 TIME 17:29:29.1

 *******************************************************************************
 converted and standardized from ase Atoms() object for Ba27Ti27O81 in space grou
 CRYSTAL - SCF - TYPE OF CALCULATION :  RESTRICTED CLOSED SHELL
 *******************************************************************************

 CAPPA:IS1  2;IS2  2;IS3  2; K PTS MONK NET   8; SYMMOPS:K SPACE   2;G SPACE   1

 TTTTTTTTTTTTTTTTTTTTTTTTTTTTTT SDIK        TELAPSE       46.97 TCPU       46.53

 AAAAAAAAAAAAAAAAAAAAAAAAAAAAAAAAAAAAAAAAAAAAAAAAAAAAAAAAAAAAAAAAAAAAAAAAAAAAAAA
         ATOMIC WAVEFUNCTION(S)


 NUCLEAR CHARGE 10.0  SYMMETRY SPECIES            S    P
 N. ELECTRONS   10.0  NUMBER OF PRIMITIVE GTOS    5    5
                      NUMBER OF CONTRACTED GTOS   3    2
                      NUMBER OF CLOSED SHELLS     2    1
                      OPEN SHELL OCCUPATION       0    0

  ZNUC  SCFIT    TOTAL HF ENERGY   KINETIC ENERGY   VIRIAL THEOREM             ACCURACY
  10.0     4    -2.474305552E+01  8.075374960E+00 -4.064013205E+00  1.0E-06

 NUCLEAR CHARGE  8.0  SYMMETRY SPECIES            S    P
 N. ELECTRONS    8.0  NUMBER OF PRIMITIVE GTOS   10    6
                      NUMBER OF CONTRACTED GTOS   4    3
                      NUMBER OF CLOSED SHELLS     2    0
                      OPEN SHELL OCCUPATION       0    4

  ZNUC  SCFIT    TOTAL HF ENERGY   KINETIC ENERGY   VIRIAL THEOREM             ACCURACY
   8.0    13    -7.480154908E+01  7.478929754E+01 -2.000163814E+00  2.2E-06

 NUCLEAR CHARGE 22.0  SYMMETRY SPECIES            S    P    D
 N. ELECTRONS   22.0  NUMBER OF PRIMITIVE GTOS   17   11    6
                      NUMBER OF CONTRACTED GTOS   6    4    3
                      NUMBER OF CLOSED SHELLS     4    2    0
                      OPEN SHELL OCCUPATION       0    0    2

  ZNUC  SCFIT    TOTAL HF ENERGY   KINETIC ENERGY   VIRIAL THEOREM             ACCURACY
  22.0    51    -8.483283897E+02  8.486954851E+02 -1.999567459E+00  4.0E-06

 AAAAAAAAAAAAAAAAAAAAAAAAAAAAAAAAAAAAAAAAAAAAAAAAAAAAAAAAAAAAAAAAAAAAAAAAAAAAAAA

 CHARGE NORMALIZATION FACTOR   1.00000000
 TOTAL ATOMIC CHARGES:
  10.0000000  10.0000000  10.0000000  10.0000000  10.0000000  10.0000000
  10.0000000  10.0000000  10.0000000  10.0000000  10.0000000  10.0000000
  10.0000000  10.0000000  10.0000000  10.0000000  10.0000000  10.0000000
  10.0000000  10.0000000  10.0000000  10.0000000  10.0000000  10.0000000
  10.0000000  10.0000000  10.0000000   8.0000000   8.0000000   8.0000000
   8.0000000   8.0000000   8.0000000   8.0000000   8.0000000   8.0000000
   8.0000000   8.0000000   8.0000000   8.0000000   8.0000000   8.0000000
   8.0000000   8.0000000   8.0000000   8.0000000   8.0000000   8.0000000
   8.0000000   8.0000000   8.0000000   8.0000000   8.0000000   8.0000000
   8.0000000   8.0000000   8.0000000   8.0000000   8.0000000   8.0000000
   8.0000000   8.0000000   8.0000000   8.0000000   8.0000000   8.0000000
   8.0000000   8.0000000   8.0000000   8.0000000   8.0000000   8.0000000
   8.0000000   8.0000000   8.0000000   8.0000000   8.0000000   8.0000000
   8.0000000   8.0000000   8.0000000   8.0000000   8.0000000   8.0000000
   8.0000000   8.0000000   8.0000000   8.0000000   8.0000000   8.0000000
   8.0000000   8.0000000   8.0000000   8.0000000   8.0000000   8.0000000
   8.0000000   8.0000000   8.0000000   8.0000000   8.0000000   8.0000000
   8.0000000   8.0000000   8.0000000   8.0000000   8.0000000   8.0000000
  22.0000000  22.0000000  22.0000000  22.0000000  22.0000000  22.0000000
  22.0000000  22.0000000  22.0000000  22.0000000  22.0000000  22.0000000
  22.0000000  22.0000000  22.0000000  22.0000000  22.0000000  22.0000000
  22.0000000  22.0000000  22.0000000  22.0000000  22.0000000  22.0000000
  22.0000000  22.0000000  22.0000000
 TTTTTTTTTTTTTTTTTTTTTTTTTTTTTT MOQGAD      TELAPSE       47.08 TCPU       46.64
 TTTTTTTTTTTTTTTTTTTTTTTTTTTTTT SHELLXN     TELAPSE      409.19 TCPU      403.10
 TTTTTTTTTTTTTTTTTTTTTTTTTTTTTT MONMO3      TELAPSE      421.93 TCPU      415.49
 NUMERICALLY INTEGRATED DENSITY   1511.9954528548
 TTTTTTTTTTTTTTTTTTTTTTTTTTTTTT NUMDFT      TELAPSE      443.38 TCPU      432.85
 CYC   0 ETOT(AU) -2.971205402974E+04 DETOT -2.97E+04 tst  0.00E+00 PX  1.00E+00
 TTTTTTTTTTTTTTTTTTTTTTTTTTTTTT DIIS        TELAPSE      450.82 TCPU      434.10
 TTTTTTTTTTTTTTTTTTTTTTTTTTTTTT FDIK        TELAPSE      468.84 TCPU      450.56
 INSULATING STATE
 TOP OF VALENCE BANDS -    BAND    756; K    8; EIG -3.4790880E-01 AU
 TOP OF VALENCE BANDS -    BAND    756; K    1; EIG -3.5275246E-01 AU
 BOTTOM OF VIRTUAL BANDS - BAND    757; K    1; EIG -8.3410078E-02 AU
 INDIRECT ENERGY BAND GAP:   7.1974 eV
 TTTTTTTTTTTTTTTTTTTTTTTTTTTTTT PDIG        TELAPSE      473.53 TCPU      453.36
 CHARGE NORMALIZATION FACTOR   1.00000000
 TOTAL ATOMIC CHARGES:
   8.1678892   8.1636432   8.1650290   8.1653280   8.1597942   8.1607521
   8.1699343   8.1704509   8.1652447   8.1623202   8.1610982   8.1673825
   8.1681543   8.1558505   8.1650206   8.1649291   8.1574452   8.1625010
   8.1656940   8.1672488   8.1751290   8.1614390   8.1630396   8.1677156
   8.1668316   8.1611294   8.1679329   9.4416122   9.4466735   9.4610480
   9.4362549   9.4522238   9.4620486   9.4483360   9.4441487   9.4727774
   9.4461241   9.4670110   9.4311903   9.4252813   9.4732211   9.4620183
   9.4411260   9.4714401   9.4378550   9.4547559   9.4466943   9.4553707
   9.4608943   9.4715639   9.4615758   9.4705268   9.4603973   9.4585734
   9.4794100   9.4832597   9.4814963   9.4832748   9.4801514   9.4744035
   9.4756568   9.4835531   9.4772670   9.4718994   9.4825015   9.4784927
   9.4811965   9.4741894   9.4854094   9.4757367   9.4834952   9.4729686
   9.4789699   9.4818258   9.4881945   9.4724654   9.4747366   9.4770277
   9.4869234   9.4785366   9.4754308   9.4751564   9.4724288   9.4785701
   9.4758419   9.4883321   9.4793810   9.4829890   9.4848658   9.4789983
   9.4746309   9.4795362   9.4721254   9.4742870   9.4729246   9.4818616
   9.4758756   9.4829459   9.4771482   9.4833781   9.4825921   9.4779367
   9.4796470   9.4780950   9.4735678   9.4802889   9.4782374   9.4888196
  19.4135545  19.4098626  19.4508563  19.4500041  19.4064895  19.4339600
  19.4600425  19.4029424  19.3803452  19.4418529  19.4202371  19.4587712
  19.4881708  19.3457245  19.4411290  19.3835755  19.3937602  19.4399227
  19.3999469  19.4840040  19.4411747  19.3927796  19.4186933  19.4233765
  19.4095283  19.4138213  19.4168712
 TTTTTTTTTTTTTTTTTTTTTTTTTTTTTT MOQGAD      TELAPSE      474.40 TCPU      453.42
 TTTTTTTTTTTTTTTTTTTTTTTTTTTTTT SHELLXN     TELAPSE      854.20 TCPU      829.59
 TTTTTTTTTTTTTTTTTTTTTTTTTTTTTT MONMO3      TELAPSE      868.01 TCPU      842.02
 NUMERICALLY INTEGRATED DENSITY   1511.9953926606
 TTTTTTTTTTTTTTTTTTTTTTTTTTTTTT NUMDFT      TELAPSE      887.82 TCPU      859.56
 CYC   1 ETOT(AU) -2.970521466529E+04 DETOT  6.84E+00 tst  0.00E+00 PX  1.00E+00
 TTTTTTTTTTTTTTTTTTTTTTTTTTTTTT DIIS        TELAPSE      896.31 TCPU      865.45
 DIIS TEST: 0.75860E+02 AT SCF   CYCLE   1 - MIX   80 %
 TTTTTTTTTTTTTTTTTTTTTTTTTTTTTT FDIK        TELAPSE      914.90 TCPU      881.76
 INSULATING STATE
 TOP OF VALENCE BANDS -    BAND    756; K    8; EIG -2.5856159E-01 AU
 TOP OF VALENCE BANDS -    BAND    756; K    1; EIG -2.6557808E-01 AU
 BOTTOM OF VIRTUAL BANDS - BAND    757; K    1; EIG -1.0257046E-01 AU
 INDIRECT ENERGY BAND GAP:   4.2447 eV
 TTTTTTTTTTTTTTTTTTTTTTTTTTTTTT PDIG        TELAPSE      918.35 TCPU      884.40
 CHARGE NORMALIZATION FACTOR   1.00000000
 TOTAL ATOMIC CHARGES:
   8.2557277   8.2546316   8.2542358   8.2540719   8.2505167   8.2518109
   8.2557832   8.2555003   8.2551677   8.2503706   8.2507669   8.2541301
   8.2537067   8.2487967   8.2549388   8.2525688   8.2486656   8.2550981
   8.2520254   8.2539108   8.2565332   8.2515936   8.2512534   8.2550644
   8.2546504   8.2528043   8.2565513   9.1751492   9.1790806   9.1967670
   9.1709854   9.1939588   9.1902777   9.1800058   9.1904361   9.1988952
   9.1856963   9.1945108   9.1677008   9.1837708   9.1978816   9.1957370
   9.1700226   9.1985396   9.1732725   9.1802272   9.1871510   9.1964876
   9.1972230   9.2106203   9.2015592   9.2127725   9.1912275   9.1942620
   9.2342808   9.2357073   9.2337196   9.2396722   9.2354654   9.2376576
   9.2376722   9.2339369   9.2332203   9.2315152   9.2294636   9.2334428
   9.2330517   9.2325040   9.2429967   9.2383761   9.2326603   9.2361459
   9.2301320   9.2377634   9.2332582   9.2279932   9.2349683   9.2363258
   9.2348709   9.2293628   9.2334591   9.2306964   9.2388639   9.2377609
   9.2292974   9.2347483   9.2324286   9.2348795   9.2377333   9.2373702
   9.2358288   9.2343760   9.2292246   9.2369548   9.2285312   9.2401593
   9.2347566   9.2342796   9.2355250   9.2308052   9.2341869   9.2341862
   9.2372452   9.2284094   9.2351411   9.2329149   9.2290757   9.2351663
  20.0982094  20.0857861  20.1040526  20.1059158  20.0722262  20.1046665
  20.1015404  20.0815372  20.0681964  20.1012720  20.0881309  20.1052327
  20.1132215  20.0540428  20.1087197  20.0795651  20.0713381  20.0970665
  20.0797045  20.1079554  20.0986065  20.0784404  20.0658445  20.0729026
  20.0797166  20.0860136  20.0848352
 TTTTTTTTTTTTTTTTTTTTTTTTTTTTTT MOQGAD      TELAPSE      918.86 TCPU      884.47
 TTTTTTTTTTTTTTTTTTTTTTTTTTTTTT SHELLXN     TELAPSE     1299.62 TCPU     1260.84
 TTTTTTTTTTTTTTTTTTTTTTTTTTTTTT MONMO3      TELAPSE     1312.97 TCPU     1273.01
 NUMERICALLY INTEGRATED DENSITY   1511.9945943703
 TTTTTTTTTTTTTTTTTTTTTTTTTTTTTT NUMDFT      TELAPSE     1332.21 TCPU     1289.46
 CYC   2 ETOT(AU) -2.971621556113E+04 DETOT -1.10E+01 tst  4.45E-03 PX  6.94E-02
 TTTTTTTTTTTTTTTTTTTTTTTTTTTTTT DIIS        TELAPSE     1337.95 TCPU     1294.17
 DIIS TEST: 0.14271E+02 AT SCF   CYCLE   2 - DIIS ACTIVE - HISTORY:     2 CYCLES
 TTTTTTTTTTTTTTTTTTTTTTTTTTTTTT FDIK        TELAPSE     1354.67 TCPU     1310.32
 INSULATING STATE
 TOP OF VALENCE BANDS -    BAND    756; K    8; EIG -1.4910139E-01 AU
 TOP OF VALENCE BANDS -    BAND    756; K    1; EIG -1.5687289E-01 AU
 BOTTOM OF VIRTUAL BANDS - BAND    757; K    1; EIG -2.4857477E-02 AU
 INDIRECT ENERGY BAND GAP:   3.3809 eV
 TTTTTTTTTTTTTTTTTTTTTTTTTTTTTT PDIG        TELAPSE     1357.57 TCPU     1312.84
 CHARGE NORMALIZATION FACTOR   1.00000000
 TOTAL ATOMIC CHARGES:
   8.3380787   8.3458939   8.3415516   8.3415575   8.3416034   8.3401383
   8.3349810   8.3340853   8.3403722   8.3405108   8.3413795   8.3355828
   8.3380471   8.3462855   8.3413998   8.3409211   8.3431093   8.3455956
   8.3364965   8.3367290   8.3287400   8.3414139   8.3396902   8.3378913
   8.3401320   8.3425606   8.3390190   9.0654434   9.0523905   9.0663232
   9.0540782   9.0409618   9.0757131   9.0499102   9.0569964   9.0523360
   9.0551797   9.0610152   9.0497553   9.0494836   9.0560755   9.0629317
   9.0601085   9.0490296   9.0570517   9.0577360   9.0480167   9.0563803
   9.0585699   9.0312267   9.0510580   9.0487842   9.0561554   9.0510860
   9.0429511   9.0441702   9.0324845   9.0434659   9.0389251   9.0457069
   9.0526425   9.0443433   9.0346623   9.0528285   9.0271307   9.0520654
   9.0204729   9.0413392   9.0372703   9.0458141   9.0283659   9.0514864
   9.0350973   9.0328129   9.0261992   9.0444444   9.0260045   9.0371891
   9.0225866   9.0278063   9.0371834   9.0439461   9.0436689   9.0282550
   9.0441236   9.0178244   9.0264909   9.0251250   9.0387388   9.0481153
   9.0476227   9.0330710   9.0432681   9.0382510   9.0368463   9.0406987
   9.0443306   9.0348600   9.0477674   9.0291734   9.0307936   9.0421584
   9.0321732   9.0302782   9.0537727   9.0453710   9.0407491   9.0262340
  20.5324417  20.5262105  20.5126336  20.4959913  20.5346547  20.5155219
  20.4964816  20.5378911  20.5689942  20.5248987  20.5161116  20.4951682
  20.5002262  20.6087198  20.5158448  20.5669531  20.5579643  20.5179222
  20.5485704  20.4778494  20.5134251  20.5602106  20.5369666  20.5399640
  20.5567211  20.5271456  20.5277988
 TTTTTTTTTTTTTTTTTTTTTTTTTTTTTT MOQGAD      TELAPSE     1357.66 TCPU     1312.90
 TTTTTTTTTTTTTTTTTTTTTTTTTTTTTT SHELLXN     TELAPSE     1734.73 TCPU     1689.75
 TTTTTTTTTTTTTTTTTTTTTTTTTTTTTT MONMO3      TELAPSE     1747.12 TCPU     1702.14
 NUMERICALLY INTEGRATED DENSITY   1511.9940804427
 TTTTTTTTTTTTTTTTTTTTTTTTTTTTTT NUMDFT      TELAPSE     1763.66 TCPU     1718.67
 CYC   3 ETOT(AU) -2.971860422408E+04 DETOT -2.39E+00 tst  2.30E-03 PX  6.04E-02
 TTTTTTTTTTTTTTTTTTTTTTTTTTTTTT DIIS        TELAPSE     1768.04 TCPU     1723.05
 DIIS TEST: 0.21701E+00 AT SCF   CYCLE   3 - DIIS ACTIVE - HISTORY:     3 CYCLES
 TTTTTTTTTTTTTTTTTTTTTTTTTTTTTT FDIK        TELAPSE     1784.26 TCPU     1738.99
 INSULATING STATE
 TOP OF VALENCE BANDS -    BAND    756; K    8; EIG -1.5292158E-01 AU
 TOP OF VALENCE BANDS -    BAND    756; K    1; EIG -1.6142611E-01 AU
 BOTTOM OF VIRTUAL BANDS - BAND    757; K    1; EIG -6.1902178E-03 AU
 INDIRECT ENERGY BAND GAP:   3.9928 eV
 TTTTTTTTTTTTTTTTTTTTTTTTTTTTTT PDIG        TELAPSE     1787.77 TCPU     1741.94
 CHARGE NORMALIZATION FACTOR   1.00000000
 TOTAL ATOMIC CHARGES:
   8.3442176   8.3477248   8.3454792   8.3456415   8.3428146   8.3446877
   8.3420842   8.3392351   8.3460562   8.3417198   8.3417011   8.3416982
   8.3415996   8.3446912   8.3463855   8.3427502   8.3408314   8.3493216
   8.3402146   8.3401512   8.3375112   8.3443313   8.3399676   8.3432199
   8.3427934   8.3440914   8.3451443   8.9695596   9.0000726   9.0011622
   8.9592060   9.0539322   8.9693761   8.9736185   9.0346735   9.0127778
   9.0041954   8.9990281   8.9688714   9.0266937   9.0288198   8.9999343
   8.9674518   9.0268004   8.9738948   8.9814840   9.0156350   9.0093796
   9.0151618   9.0663348   9.0320879   9.0586946   8.9998874   9.0089982
   9.0884751   9.0886091   9.0917532   9.0975303   9.0977380   9.1140171
   9.1025055   9.0832609   9.1002647   9.0905256   9.0846002   9.0815057
   9.0939537   9.1099196   9.1089163   9.1094832   9.0909012   9.1012587
   9.0904528   9.1019982   9.0796959   9.0939384   9.1079062   9.1114255
   9.0969696   9.0878815   9.1038402   9.0923666   9.1182587   9.1098125
   9.0860430   9.0963652   9.0982910   9.1030605   9.1008064   9.1088322
   9.1033430   9.0912729   9.0834723   9.1091822   9.0932794   9.1034968
   9.0962536   9.0867711   9.0999295   9.0787562   9.0851420   9.0919889
   9.1062875   9.0963192   9.1029968   9.0896776   9.0858579   9.0838813
  20.5129883  20.4585698  20.4876546  20.5171945  20.4115649  20.5306605
  20.4922627  20.4534563  20.3993589  20.4780625  20.4770984  20.4983700
  20.4704116  20.3665364  20.5094643  20.4536965  20.4022452  20.4870859
  20.4564654  20.4719668  20.4852003  20.4391873  20.3657613  20.3909558
  20.4114426  20.4762836  20.4611889
 TTTTTTTTTTTTTTTTTTTTTTTTTTTTTT MOQGAD      TELAPSE     1788.22 TCPU     1742.00
 TTTTTTTTTTTTTTTTTTTTTTTTTTTTTT SHELLXN     TELAPSE     2168.04 TCPU     2118.08
 TTTTTTTTTTTTTTTTTTTTTTTTTTTTTT MONMO3      TELAPSE     2181.16 TCPU     2130.55
 NUMERICALLY INTEGRATED DENSITY   1511.9939901446
 TTTTTTTTTTTTTTTTTTTTTTTTTTTTTT NUMDFT      TELAPSE     2198.29 TCPU     2147.12
 CYC   4 ETOT(AU) -2.971857753093E+04 DETOT  2.67E-02 tst  6.70E-05 PX  2.71E-02
 TTTTTTTTTTTTTTTTTTTTTTTTTTTTTT DIIS        TELAPSE     2204.33 TCPU     2152.76
 DIIS TEST: 0.40905E+00 AT SCF   CYCLE   4 - DIIS ACTIVE - HISTORY:     4 CYCLES
 TTTTTTTTTTTTTTTTTTTTTTTTTTTTTT FDIK        TELAPSE     2220.58 TCPU     2168.69
 INSULATING STATE
 TOP OF VALENCE BANDS -    BAND    756; K    8; EIG -1.4508337E-01 AU
 TOP OF VALENCE BANDS -    BAND    756; K    1; EIG -1.5311571E-01 AU
 BOTTOM OF VIRTUAL BANDS - BAND    757; K    1; EIG -8.9656906E-03 AU
 INDIRECT ENERGY BAND GAP:   3.7040 eV
 TTTTTTTTTTTTTTTTTTTTTTTTTTTTTT PDIG        TELAPSE     2223.42 TCPU     2171.25
 CHARGE NORMALIZATION FACTOR   1.00000000
 TOTAL ATOMIC CHARGES:
   8.3408653   8.3453078   8.3420025   8.3414643   8.3409166   8.3408756
   8.3385181   8.3374216   8.3429544   8.3384836   8.3402757   8.3383814
   8.3372192   8.3434015   8.3425252   8.3393535   8.3406562   8.3466443
   8.3375216   8.3386229   8.3335240   8.3411546   8.3390100   8.3397189
   8.3407195   8.3441032   8.3424705   9.0465519   9.0282838   9.0560460
   9.0455055   9.0301726   9.0590405   9.0432848   9.0494348   9.0329356
   9.0461074   9.0406233   9.0367308   9.0630446   9.0219020   9.0536175
   9.0346660   9.0269059   9.0426653   9.0312899   9.0394752   9.0582149
   9.0509799   9.0351892   9.0499628   9.0515189   9.0419696   9.0487391
   9.0763134   9.0734952   9.0679833   9.0784453   9.0722612   9.0823875
   9.0873143   9.0727913   9.0709467   9.0829131   9.0584644   9.0805649
   9.0603398   9.0727616   9.0760951   9.0835734   9.0625545   9.0870465
   9.0657300   9.0715073   9.0597811   9.0720661   9.0726314   9.0740653
   9.0595375   9.0638522   9.0743317   9.0738278   9.0845022   9.0726565
   9.0713593   9.0546141   9.0651257   9.0641597   9.0702985   9.0795286
   9.0813734   9.0723094   9.0741667   9.0795449   9.0689794   9.0791464
   9.0787735   9.0699976   9.0797636   9.0621179   9.0674991   9.0761815
   9.0749483   9.0607200   9.0866123   9.0735641   9.0699207   9.0617112
  20.4743259  20.4798978  20.4606499  20.4506707  20.4823243  20.4521909
  20.4410287  20.4854522  20.4968885  20.4728483  20.4636005  20.4515749
  20.4521594  20.5218714  20.4694533  20.4905251  20.4989715  20.4569188
  20.4755213  20.4475695  20.4596001  20.4862470  20.4692880  20.4602715
  20.4944884  20.4640898  20.4694464
 TTTTTTTTTTTTTTTTTTTTTTTTTTTTTT MOQGAD      TELAPSE     2223.55 TCPU     2171.31
 TTTTTTTTTTTTTTTTTTTTTTTTTTTTTT SHELLXN     TELAPSE     2598.96 TCPU     2546.62
 TTTTTTTTTTTTTTTTTTTTTTTTTTTTTT MONMO3      TELAPSE     2611.46 TCPU     2559.12
 NUMERICALLY INTEGRATED DENSITY   1511.9940029497
 TTTTTTTTTTTTTTTTTTTTTTTTTTTTTT NUMDFT      TELAPSE     2628.06 TCPU     2575.71
 CYC   5 ETOT(AU) -2.971863659853E+04 DETOT -5.91E-02 tst  2.32E-05 PX  1.32E-02
 TTTTTTTTTTTTTTTTTTTTTTTTTTTTTT DIIS        TELAPSE     2632.70 TCPU     2580.33
 DIIS TEST: 0.38213E-01 AT SCF   CYCLE   5 - DIIS ACTIVE - HISTORY:     5 CYCLES
 TTTTTTTTTTTTTTTTTTTTTTTTTTTTTT FDIK        TELAPSE     2648.70 TCPU     2596.29
 INSULATING STATE
 TOP OF VALENCE BANDS -    BAND    756; K    8; EIG -1.4575472E-01 AU
 TOP OF VALENCE BANDS -    BAND    756; K    1; EIG -1.5354578E-01 AU
 BOTTOM OF VIRTUAL BANDS - BAND    757; K    1; EIG -9.7345711E-03 AU
 INDIRECT ENERGY BAND GAP:   3.7013 eV
 TTTTTTTTTTTTTTTTTTTTTTTTTTTTTT PDIG        TELAPSE     2651.23 TCPU     2598.83
 CHARGE NORMALIZATION FACTOR   1.00000000
 TOTAL ATOMIC CHARGES:
   8.3389834   8.3435310   8.3405045   8.3402998   8.3389882   8.3395517
   8.3366046   8.3348982   8.3409300   8.3374806   8.3384108   8.3364536
   8.3364434   8.3415740   8.3410671   8.3384582   8.3385974   8.3446547
   8.3357336   8.3364023   8.3317402   8.3397368   8.3369554   8.3380657
   8.3388411   8.3412334   8.3402209   9.0318417   9.0395020   9.0466499
   9.0216803   9.0544106   9.0382925   9.0235801   9.0542399   9.0435357
   9.0406125   9.0441455   9.0229868   9.0451392   9.0546578   9.0416992
   9.0275639   9.0489359   9.0282441   9.0317356   9.0419142   9.0437931
   9.0451320   9.0515478   9.0472927   9.0584329   9.0393787   9.0389249
   9.0680229   9.0688541   9.0627229   9.0718052   9.0688893   9.0787465
   9.0789727   9.0666457   9.0672755   9.0751504   9.0569439   9.0711611
   9.0568730   9.0737907   9.0727075   9.0775127   9.0596748   9.0782060
   9.0634615   9.0670329   9.0542239   9.0695277   9.0655527   9.0724769
   9.0579529   9.0579933   9.0693321   9.0692378   9.0799020   9.0671942
   9.0675022   9.0553355   9.0606779   9.0625296   9.0696444   9.0776055
   9.0760717   9.0633328   9.0664441   9.0729968   9.0654941   9.0724022
   9.0718826   9.0622422   9.0748911   9.0555616   9.0602732   9.0685849
   9.0680820   9.0623870   9.0794040   9.0687532   9.0649843   9.0562150
  20.5081492  20.4800352  20.4866260  20.4880081  20.4647978  20.5074113
  20.4807519  20.4873694  20.4842658  20.4889292  20.4826667  20.4793554
  20.4738797  20.4901445  20.5000263  20.5067361  20.4758072  20.4912544
  20.4935827  20.4582382  20.4871427  20.4987497  20.4538986  20.4679025
  20.4822897  20.4916164  20.4869943
 TTTTTTTTTTTTTTTTTTTTTTTTTTTTTT MOQGAD      TELAPSE     2651.29 TCPU     2598.89
 TTTTTTTTTTTTTTTTTTTTTTTTTTTTTT SHELLXN     TELAPSE     3028.79 TCPU     2974.53
 TTTTTTTTTTTTTTTTTTTTTTTTTTTTTT MONMO3      TELAPSE     3042.32 TCPU     2987.00
 NUMERICALLY INTEGRATED DENSITY   1511.9940106201
 TTTTTTTTTTTTTTTTTTTTTTTTTTTTTT NUMDFT      TELAPSE     3059.14 TCPU     3003.49
 CYC   6 ETOT(AU) -2.971864200569E+04 DETOT -5.41E-03 tst  2.82E-06 PX  4.60E-03
 TTTTTTTTTTTTTTTTTTTTTTTTTTTTTT DIIS        TELAPSE     3065.36 TCPU     3009.00
 DIIS TEST: 0.64430E-02 AT SCF   CYCLE   6 - DIIS ACTIVE - HISTORY:     6 CYCLES
 TTTTTTTTTTTTTTTTTTTTTTTTTTTTTT FDIK        TELAPSE     3081.61 TCPU     3025.02
 INSULATING STATE
 TOP OF VALENCE BANDS -    BAND    756; K    8; EIG -1.4521721E-01 AU
 TOP OF VALENCE BANDS -    BAND    756; K    1; EIG -1.5303481E-01 AU
 BOTTOM OF VIRTUAL BANDS - BAND    757; K    1; EIG -1.0952619E-02 AU
 INDIRECT ENERGY BAND GAP:   3.6535 eV
 TTTTTTTTTTTTTTTTTTTTTTTTTTTTTT PDIG        TELAPSE     3084.43 TCPU     3027.53
 CHARGE NORMALIZATION FACTOR   1.00000000
 TOTAL ATOMIC CHARGES:
   8.3384130   8.3434402   8.3401563   8.3399639   8.3390477   8.3391852
   8.3359095   8.3345144   8.3403542   8.3372920   8.3384330   8.3359690
   8.3362170   8.3419058   8.3406864   8.3381289   8.3388265   8.3442559
   8.3353475   8.3360943   8.3309212   8.3394615   8.3369789   8.3376114
   8.3384247   8.3409996   8.3395376   9.0306803   9.0268176   9.0429955
   9.0225026   9.0390208   9.0387048   9.0250188   9.0461295   9.0338493
   9.0363632   9.0338316   9.0206694   9.0462564   9.0341684   9.0420568
   9.0247711   9.0328078   9.0276135   9.0265282   9.0336271   9.0420828
   9.0436306   9.0423447   9.0454052   9.0523198   9.0335007   9.0374287
   9.0670965   9.0668268   9.0619115   9.0714024   9.0675849   9.0781933
   9.0784809   9.0649110   9.0660843   9.0733565   9.0543233   9.0695763
   9.0561868   9.0723027   9.0718515   9.0774520   9.0580338   9.0772647
   9.0616147   9.0663418   9.0534976   9.0683428   9.0656692   9.0717562
   9.0574745   9.0570900   9.0690354   9.0681577   9.0792454   9.0674498
   9.0654173   9.0539649   9.0610964   9.0615505   9.0680542   9.0765827
   9.0753333   9.0629234   9.0646847   9.0730931   9.0637169   9.0721073
   9.0711160   9.0615892   9.0734504   9.0550122   9.0587649   9.0678443
   9.0686569   9.0598138   9.0788407   9.0679625   9.0632023   9.0554855
  20.5111430  20.4962754  20.4913538  20.4906865  20.4865486  20.5020503
  20.4787146  20.4992545  20.4985208  20.4975260  20.4924156  20.4851792
  20.4777802  20.5156963  20.4996651  20.5097569  20.4975632  20.4901283
  20.5008491  20.4699715  20.4907822  20.5013024  20.4662878  20.4709271
  20.4959786  20.4948014  20.4908624
 TTTTTTTTTTTTTTTTTTTTTTTTTTTTTT MOQGAD      TELAPSE     3084.56 TCPU     3027.59
 TTTTTTTTTTTTTTTTTTTTTTTTTTTTTT SHELLXN     TELAPSE     3460.49 TCPU     3403.30
 TTTTTTTTTTTTTTTTTTTTTTTTTTTTTT MONMO3      TELAPSE     3472.95 TCPU     3415.76
 NUMERICALLY INTEGRATED DENSITY   1511.9940117832
 TTTTTTTTTTTTTTTTTTTTTTTTTTTTTT NUMDFT      TELAPSE     3489.48 TCPU     3432.29
 CYC   7 ETOT(AU) -2.971864293145E+04 DETOT -9.26E-04 tst  6.72E-07 PX  2.46E-03
 TTTTTTTTTTTTTTTTTTTTTTTTTTTTTT DIIS        TELAPSE     3494.35 TCPU     3437.15
 DIIS TEST: 0.63883E-03 AT SCF   CYCLE   7 - DIIS ACTIVE - HISTORY:     7 CYCLES
 TTTTTTTTTTTTTTTTTTTTTTTTTTTTTT FDIK        TELAPSE     3511.13 TCPU     3453.46
 INSULATING STATE
 TOP OF VALENCE BANDS -    BAND    756; K    8; EIG -1.4501375E-01 AU
 TOP OF VALENCE BANDS -    BAND    756; K    1; EIG -1.5283289E-01 AU
 BOTTOM OF VIRTUAL BANDS - BAND    757; K    1; EIG -1.0260220E-02 AU
 INDIRECT ENERGY BAND GAP:   3.6668 eV
 TTTTTTTTTTTTTTTTTTTTTTTTTTTTTT PDIG        TELAPSE     3513.82 TCPU     3456.01
 CHARGE NORMALIZATION FACTOR   1.00000000
 TOTAL ATOMIC CHARGES:
   8.3394689   8.3444358   8.3412459   8.3409964   8.3399953   8.3402248
   8.3370054   8.3354968   8.3415203   8.3383776   8.3393839   8.3369979
   8.3371433   8.3428042   8.3416867   8.3392324   8.3398035   8.3454339
   8.3364097   8.3370199   8.3319198   8.3405442   8.3379079   8.3386487
   8.3396442   8.3420952   8.3407390   9.0306819   9.0311013   9.0439469
   9.0237950   9.0426153   9.0389081   9.0242646   9.0484730   9.0339900
   9.0368440   9.0383952   9.0216469   9.0465895   9.0397083   9.0392513
   9.0229852   9.0374356   9.0268839   9.0254346   9.0367804   9.0434427
   9.0414670   9.0422302   9.0429958   9.0513680   9.0356221   9.0368211
   9.0678381   9.0673326   9.0616951   9.0709512   9.0670972   9.0772791
   9.0789491   9.0656508   9.0658669   9.0746160   9.0546982   9.0708910
   9.0549031   9.0710579   9.0708658   9.0769152   9.0583193   9.0782740
   9.0611940   9.0656471   9.0528275   9.0672221   9.0653660   9.0702621
   9.0558470   9.0570385   9.0684559   9.0678839   9.0789969   9.0665705
   9.0652810   9.0523148   9.0592759   9.0602891   9.0668334   9.0753800
   9.0751848   9.0636787   9.0658376   9.0725163   9.0641200   9.0719283
   9.0712298   9.0620102   9.0736201   9.0547435   9.0596466   9.0682178
   9.0677537   9.0593846   9.0788803   9.0671540   9.0636293   9.0549859
  20.5086034  20.4896817  20.4893657  20.4870846  20.4801837  20.5005957
  20.4794231  20.4974494  20.4988637  20.4948472  20.4860536  20.4820164
  20.4774163  20.5075155  20.5031197  20.5130715  20.4923513  20.4921065
  20.4989527  20.4649996  20.4890259  20.5058693  20.4688160  20.4757562
  20.4971846  20.4927172  20.4926621
 TTTTTTTTTTTTTTTTTTTTTTTTTTTTTT MOQGAD      TELAPSE     3514.05 TCPU     3456.07
 TTTTTTTTTTTTTTTTTTTTTTTTTTTTTT SHELLXN     TELAPSE     3893.70 TCPU     3835.50
 TTTTTTTTTTTTTTTTTTTTTTTTTTTTTT MONMO3      TELAPSE     3906.93 TCPU     3847.91
 NUMERICALLY INTEGRATED DENSITY   1511.9940081544
 TTTTTTTTTTTTTTTTTTTTTTTTTTTTTT NUMDFT      TELAPSE     3925.29 TCPU     3864.50
 CYC   8 ETOT(AU) -2.971864299533E+04 DETOT -6.39E-05 tst  5.10E-08 PX  1.24E-03
 TTTTTTTTTTTTTTTTTTTTTTTTTTTTTT DIIS        TELAPSE     3946.25 TCPU     3884.42
 DIIS TEST: 0.22162E-03 AT SCF   CYCLE   8 - DIIS ACTIVE - HISTORY:     8 CYCLES
 TTTTTTTTTTTTTTTTTTTTTTTTTTTTTT FDIK        TELAPSE     3966.22 TCPU     3901.86
 INSULATING STATE
 TOP OF VALENCE BANDS -    BAND    756; K    8; EIG -1.4483022E-01 AU
 TOP OF VALENCE BANDS -    BAND    756; K    1; EIG -1.5264104E-01 AU
 BOTTOM OF VIRTUAL BANDS - BAND    757; K    1; EIG -1.0238866E-02 AU
 INDIRECT ENERGY BAND GAP:   3.6624 eV
 TTTTTTTTTTTTTTTTTTTTTTTTTTTTTT PDIG        TELAPSE     3969.26 TCPU     3904.45
 CHARGE NORMALIZATION FACTOR   1.00000000
 TOTAL ATOMIC CHARGES:
   8.3396384   8.3446403   8.3413953   8.3411678   8.3401836   8.3403964
   8.3371474   8.3356610   8.3416646   8.3384909   8.3395859   8.3371640
   8.3373021   8.3430282   8.3418914   8.3393358   8.3399716   8.3455900
   8.3365422   8.3372383   8.3320754   8.3406683   8.3381011   8.3388010
   8.3397060   8.3422619   8.3408629   9.0310246   9.0300701   9.0441248
   9.0228479   9.0425908   9.0387508   9.0245791   9.0480809   9.0357670
   9.0375447   9.0365384   9.0216302   9.0464058   9.0387339   9.0413163
   9.0251434   9.0365215   9.0277337   9.0271098   9.0357251   9.0429443
   9.0431228   9.0434035   9.0448887   9.0531556   9.0346452   9.0375305
   9.0670256   9.0669377   9.0614272   9.0708916   9.0671778   9.0774579
   9.0782756   9.0650205   9.0656929   9.0738270   9.0543151   9.0699951
   9.0553671   9.0714487   9.0712035   9.0767956   9.0576678   9.0774773
   9.0613867   9.0657030   9.0528599   9.0677460   9.0650600   9.0708253
   9.0563492   9.0567933   9.0683867   9.0677598   9.0787649   9.0665593
   9.0655111   9.0529984   9.0598527   9.0607638   9.0673807   9.0759405
   9.0748974   9.0627485   9.0650130   9.0723379   9.0636516   9.0715600
   9.0708856   9.0614108   9.0733575   9.0544499   9.0588709   9.0675831
   9.0677038   9.0593855   9.0785568   9.0674186   9.0632422   9.0548546
  20.5097590  20.4919658  20.4898011  20.4892588  20.4810050  20.5028248
  20.4793771  20.4969421  20.4960917  20.4949396  20.4894363  20.4829165
  20.4772341  20.5101370  20.5003273  20.5101155  20.4930825  20.4908471
  20.4987231  20.4668300  20.4897402  20.5025962  20.4653893  20.4722448
  20.4939684  20.4945232  20.4909090
 TTTTTTTTTTTTTTTTTTTTTTTTTTTTTT MOQGAD      TELAPSE     3970.31 TCPU     3904.51
 TTTTTTTTTTTTTTTTTTTTTTTTTTTTTT SHELLXN     TELAPSE     5197.31 TCPU     5090.75
 TTTTTTTTTTTTTTTTTTTTTTTTTTTTTT MONMO3      TELAPSE     5209.97 TCPU     5103.15
 NUMERICALLY INTEGRATED DENSITY   1511.9940077886
 TTTTTTTTTTTTTTTTTTTTTTTTTTTTTT NUMDFT      TELAPSE     5227.56 TCPU     5120.30
 CYC   9 ETOT(AU) -2.971864302373E+04 DETOT -2.84E-05 tst  1.35E-08 PX  2.80E-04
 TTTTTTTTTTTTTTTTTTTTTTTTTTTTTT DIIS        TELAPSE     5233.65 TCPU     5126.03
 DIIS TEST: 0.19873E-04 AT SCF   CYCLE   9 - DIIS ACTIVE - HISTORY:     9 CYCLES
 TTTTTTTTTTTTTTTTTTTTTTTTTTTTTT FDIK        TELAPSE     5252.41 TCPU     5143.10
 INSULATING STATE
 TOP OF VALENCE BANDS -    BAND    756; K    8; EIG -1.4484763E-01 AU
 TOP OF VALENCE BANDS -    BAND    756; K    1; EIG -1.5266272E-01 AU
 BOTTOM OF VIRTUAL BANDS - BAND    757; K    1; EIG -1.0287165E-02 AU
 INDIRECT ENERGY BAND GAP:   3.6616 eV
 TTTTTTTTTTTTTTTTTTTTTTTTTTTTTT PDIG        TELAPSE     5255.79 TCPU     5145.88
 CHARGE NORMALIZATION FACTOR   1.00000000
 TOTAL ATOMIC CHARGES:
   8.3396467   8.3446083   8.3413747   8.3411499   8.3401596   8.3403789
   8.3371473   8.3356497   8.3416547   8.3384723   8.3395484   8.3371605
   8.3372795   8.3429861   8.3418765   8.3393112   8.3399314   8.3455767
   8.3365462   8.3372167   8.3320763   8.3406632   8.3380690   8.3387935
   8.3396920   8.3422413   8.3408554   9.0308194   9.0301127   9.0437085
   9.0228923   9.0421252   9.0387609   9.0245338   9.0480236   9.0349160
   9.0368655   9.0369480   9.0212848   9.0460589   9.0390067   9.0408358
   9.0244294   9.0366293   9.0274667   9.0266660   9.0358548   9.0426888
   9.0429630   9.0432896   9.0446682   9.0523619   9.0352295   9.0372876
   9.0669514   9.0667620   9.0613701   9.0707966   9.0670733   9.0774215
   9.0782118   9.0648895   9.0655797   9.0735419   9.0542380   9.0697696
   9.0552592   9.0715947   9.0710672   9.0767258   9.0578037   9.0772160
   9.0611730   9.0656367   9.0528032   9.0676398   9.0649639   9.0707937
   9.0563555   9.0566375   9.0683293   9.0676996   9.0787140   9.0665074
   9.0651924   9.0529617   9.0598455   9.0606311   9.0673351   9.0757916
   9.0748391   9.0626870   9.0648256   9.0723253   9.0635534   9.0715434
   9.0707285   9.0612750   9.0731740   9.0544283   9.0587148   9.0675586
   9.0676991   9.0594818   9.0784461   9.0672980   9.0631026   9.0548358
  20.5102304  20.4920430  20.4903642  20.4891496  20.4820207  20.5023495
  20.4792482  20.4974121  20.4977374  20.4959100  20.4888931  20.4835701
  20.4771926  20.5100504  20.5013412  20.5113881  20.4931735  20.4912702
  20.4999386  20.4665742  20.4898945  20.5030743  20.4659842  20.4727227
  20.4952616  20.4935708  20.4913423
 TTTTTTTTTTTTTTTTTTTTTTTTTTTTTT MOQGAD      TELAPSE     5256.01 TCPU     5145.94
 TTTTTTTTTTTTTTTTTTTTTTTTTTTTTT SHELLXN     TELAPSE     5639.89 TCPU     5521.60
 TTTTTTTTTTTTTTTTTTTTTTTTTTTTTT MONMO3      TELAPSE     5652.74 TCPU     5534.08
 NUMERICALLY INTEGRATED DENSITY   1511.9940079749
 TTTTTTTTTTTTTTTTTTTTTTTTTTTTTT NUMDFT      TELAPSE     5674.12 TCPU     5550.87
 CYC  10 ETOT(AU) -2.971864302599E+04 DETOT -2.27E-06 tst  2.90E-09 PX  2.58E-04
 TTTTTTTTTTTTTTTTTTTTTTTTTTTTTT DIIS        TELAPSE     5681.78 TCPU     5557.01
 DIIS TEST: 0.51072E-05 AT SCF   CYCLE  10 - DIIS ACTIVE - HISTORY:    10 CYCLES
 TTTTTTTTTTTTTTTTTTTTTTTTTTTTTT FDIK        TELAPSE     5698.27 TCPU     5573.15
 INSULATING STATE
 TOP OF VALENCE BANDS -    BAND    756; K    8; EIG -1.4484400E-01 AU
 TOP OF VALENCE BANDS -    BAND    756; K    1; EIG -1.5265676E-01 AU
 BOTTOM OF VIRTUAL BANDS - BAND    757; K    1; EIG -1.0303719E-02 AU
 INDIRECT ENERGY BAND GAP:   3.6610 eV
 TTTTTTTTTTTTTTTTTTTTTTTTTTTTTT PDIG        TELAPSE     5700.95 TCPU     5575.70
 CHARGE NORMALIZATION FACTOR   1.00000000
 TOTAL ATOMIC CHARGES:
   8.3396260   8.3446002   8.3413619   8.3411372   8.3401484   8.3403688
   8.3371387   8.3356461   8.3416433   8.3384584   8.3395416   8.3371447
   8.3372719   8.3429750   8.3418599   8.3393071   8.3399254   8.3455575
   8.3365263   8.3372132   8.3320729   8.3406509   8.3380637   8.3387849
   8.3396853   8.3422391   8.3408501   9.0308205   9.0300416   9.0438283
   9.0228090   9.0423219   9.0386479   9.0243543   9.0479127   9.0352034
   9.0371426   9.0366949   9.0213890   9.0461297   9.0387606   9.0408240
   9.0245528   9.0364599   9.0273800   9.0267597   9.0357184   9.0427261
   9.0427461   9.0430645   9.0444487   9.0525966   9.0347310   9.0372055
   9.0670136   9.0668286   9.0613728   9.0707530   9.0670319   9.0773418
   9.0782441   9.0649615   9.0656093   9.0737107   9.0542572   9.0699044
   9.0551540   9.0713811   9.0710016   9.0767093   9.0577304   9.0773632
   9.0611986   9.0655596   9.0527286   9.0675545   9.0649244   9.0706538
   9.0562342   9.0566375   9.0682786   9.0676881   9.0786721   9.0664495
   9.0652214   9.0528212   9.0596831   9.0605648   9.0672001   9.0757160
   9.0748619   9.0627242   9.0649383   9.0722701   9.0636024   9.0715056
   9.0707853   9.0613223   9.0732315   9.0544199   9.0587955   9.0675625
   9.0676011   9.0593603   9.0784533   9.0672441   9.0631174   9.0547775
  20.5101037  20.4920622  20.4902077  20.4892472  20.4815226  20.5027232
  20.4797485  20.4975404  20.4972018  20.4955349  20.4892748  20.4832904
  20.4775454  20.5102646  20.5012489  20.5111937  20.4934615  20.4915079
  20.4994571  20.4668159  20.4900116  20.5035376  20.4663973  20.4731903
  20.4950745  20.4944613  20.4915793
 TTTTTTTTTTTTTTTTTTTTTTTTTTTTTT MOQGAD      TELAPSE     5701.29 TCPU     5575.76
 TTTTTTTTTTTTTTTTTTTTTTTTTTTTTT SHELLXN     TELAPSE     6080.11 TCPU     5952.78
 TTTTTTTTTTTTTTTTTTTTTTTTTTTTTT MONMO3      TELAPSE     6093.43 TCPU     5965.22
 NUMERICALLY INTEGRATED DENSITY   1511.9940080323
 TTTTTTTTTTTTTTTTTTTTTTTTTTTTTT NUMDFT      TELAPSE     6112.09 TCPU     5983.44
 CYC  11 ETOT(AU) -2.971864302645E+04 DETOT -4.55E-07 tst  4.04E-10 PX  1.37E-04
 TTTTTTTTTTTTTTTTTTTTTTTTTTTTTT DIIS        TELAPSE     6118.16 TCPU     5989.37
 DIIS TEST: 0.58298E-06 AT SCF   CYCLE  11 - DIIS ACTIVE - HISTORY:    11 CYCLES
 TTTTTTTTTTTTTTTTTTTTTTTTTTTTTT FDIK        TELAPSE     6134.52 TCPU     6005.41
 INSULATING STATE
 TOP OF VALENCE BANDS -    BAND    756; K    8; EIG -1.4485347E-01 AU
 TOP OF VALENCE BANDS -    BAND    756; K    1; EIG -1.5266808E-01 AU
 BOTTOM OF VIRTUAL BANDS - BAND    757; K    1; EIG -1.0302524E-02 AU
 INDIRECT ENERGY BAND GAP:   3.6613 eV
 TTTTTTTTTTTTTTTTTTTTTTTTTTTTTT PDIG        TELAPSE     6137.89 TCPU     6007.92
 CHARGE NORMALIZATION FACTOR   1.00000000
 TOTAL ATOMIC CHARGES:
   8.3396231   8.3445996   8.3413652   8.3411382   8.3401504   8.3403701
   8.3371343   8.3356417   8.3416387   8.3384627   8.3395420   8.3371440
   8.3372788   8.3429794   8.3418605   8.3393103   8.3399278   8.3455541
   8.3365271   8.3372084   8.3320705   8.3406513   8.3380625   8.3387828
   8.3396840   8.3422304   8.3408413   9.0307986   9.0300528   9.0438173
   9.0228324   9.0422646   9.0386592   9.0244384   9.0479924   9.0351153
   9.0370857   9.0367585   9.0213705   9.0461755   9.0387879   9.0408312
   9.0245425   9.0365200   9.0274473   9.0266425   9.0357505   9.0427751
   9.0427950   9.0431407   9.0445221   9.0525533   9.0348645   9.0372571
   9.0669763   9.0668127   9.0613414   9.0707778   9.0670386   9.0773405
   9.0782235   9.0649330   9.0655705   9.0737012   9.0542349   9.0699032
   9.0551948   9.0713838   9.0710303   9.0766929   9.0576887   9.0773587
   9.0611974   9.0655867   9.0527484   9.0675700   9.0649639   9.0706720
   9.0562132   9.0566637   9.0682801   9.0676610   9.0786794   9.0664551
   9.0652847   9.0528377   9.0597084   9.0605815   9.0672245   9.0757406
   9.0748181   9.0627226   9.0649219   9.0722603   9.0635655   9.0714999
   9.0707746   9.0613284   9.0732210   9.0543769   9.0587863   9.0675398
   9.0676188   9.0593259   9.0784570   9.0672575   9.0631310   9.0547728
  20.5101459  20.4921044  20.4902879  20.4893332  20.4816969  20.5027144
  20.4795868  20.4974655  20.4973410  20.4956412  20.4891991  20.4834014
  20.4775473  20.5101821  20.5012667  20.5111678  20.4933608  20.4913817
  20.4995491  20.4668748  20.4900413  20.5033460  20.4662296  20.4730268
  20.4951106  20.4942378  20.4915398
 TTTTTTTTTTTTTTTTTTTTTTTTTTTTTT MOQGAD      TELAPSE     6138.14 TCPU     6007.98
 TTTTTTTTTTTTTTTTTTTTTTTTTTTTTT SHELLXN     TELAPSE     6515.68 TCPU     6385.46
 +++ ENERGIES IN A.U. +++
 ::: EXT EL-POLE                                  -3.9314037869812E+04
 ::: EXT EL-SPHEROPOLE                             3.7458200435551E+02
 ::: BIELET ZONE E-E                               4.6943311143099E+04
 ::: TOTAL E-E                                     8.0038552776424E+03
 ::: TOTAL E-N + N-E                              -5.9839627355991E+04
 ::: TOTAL N-N                                    -5.5987661122149E+03
 ::: KINETIC ENERGY                                2.9177253046385E+04
 ::: PSEUDO TOTAL   ENERGY                        -2.8257285144179E+04
 ::: VIRIAL COEFFICIENT                            1.0160176773626E+00
 TTTTTTTTTTTTTTTTTTTTTTTTTTTTTT MONMO3      TELAPSE     6528.21 TCPU     6397.98
 NUMERICALLY INTEGRATED DENSITY   1511.9940080225
 EXCHANGE ENERGY: -0.140336720833E+04  CORRELATION ENERGY: -0.579906736348E+02
 TTTTTTTTTTTTTTTTTTTTTTTTTTTTTT NUMDFT      TELAPSE     6544.77 TCPU     6414.53
 CYC  12 ETOT(AU) -2.971864302614E+04 DETOT  3.05E-07 tst  3.30E-11 PX  1.37E-04

 == SCF ENDED - CONVERGENCE ON ENERGY      E(AU) -2.9718643026144E+04 CYCLES  12


 ENERGY EXPRESSION=HARTREE+FOCK EXCH*0.25000+(PBE        EXCH)*0.75000+PBE        CORR


 TOTAL ENERGY(DFT)(AU)( 12) -2.9718643026144E+04 DE 3.1E-07 tester 3.3E-11
 TTTTTTTTTTTTTTTTTTTTTTTTTTTTTT EDFT        TELAPSE     6544.85 TCPU     6414.55

 *******************************************************************************
 *                             FORCE CALCULATION                               *
 *******************************************************************************

 TTTTTTTTTTTTTTTTTTTTTTTTTTTTTT NUMDFG      TELAPSE     6660.00 TCPU     6529.43
 INFORMATION **** EXCPOG **** EXCH. BIPO BUFFER LENGTH (WORDS) =    90645264
 INFORMATION **** GENPOG **** BIPO BUFFER LENGTH (WORDS) =    12708600
 TTTTTTTTTTTTTTTTTTTTTTTTTTTTTT SHELXG      TELAPSE     8328.24 TCPU     8197.13

 CARTESIAN FORCES IN HARTREE/BOHR (ANALYTICAL)
   ATOM                     X                   Y                   Z
   1 256            -3.005655612258E-03 -2.296961796442E-03 -3.054950080020E-03
   2 256            -6.342191920032E-04 -6.549068008023E-03 -2.249687459509E-03
   3 256            -9.025963965936E-03  6.902207307420E-03  3.823705726930E-03
   4 256            -2.899509611593E-03 -7.680253526853E-05 -1.794178418552E-03
   5 256             4.663416880853E-03  4.916654367896E-03  7.617501163644E-03
   6 256            -1.066529931917E-02  7.458481683820E-03  1.807824150144E-03
   7 256            -6.639924459792E-03  1.429545724919E-03 -1.964478638960E-03
   8 256            -1.038892454976E-02  1.365725964012E-03  2.265425471578E-03
   9 256            -7.139429401845E-03 -1.277344690871E-02 -6.759427810368E-03
  10 256            -8.579666930486E-03 -2.754573598938E-03 -5.905298053665E-03
  11 256             1.931463815218E-03 -2.010128721287E-03  1.036548836277E-02
  12 256             3.978089661544E-04  6.891239816833E-03 -6.345892771099E-03
  13 256             8.273300883426E-03  3.298859252731E-04  4.085147346538E-04
  14 256            -1.538168380574E-03  5.871134927670E-03 -1.221313789233E-03
  15 256             8.119435922588E-03 -6.430773458148E-03  5.320193974698E-04
  16 256            -4.861324127936E-03 -3.318548580369E-03 -5.549070686715E-03
  17 256            -6.024531033850E-03  5.226439211449E-03  3.353048297374E-03
  18 256             4.295812688603E-03 -2.224307886756E-03 -2.969778080165E-03
  19 256             8.891503150988E-03  7.740686788285E-03 -6.521392319800E-03
  20 256             6.173415250469E-03  8.413370329490E-03  8.563238626783E-03
  21 256             2.874473701450E-03 -2.114011973507E-03  4.451172181092E-03
  22 256            -7.665078397736E-03 -4.657901435826E-03  4.680045440574E-03
  23 256             9.310046380780E-03 -7.436021110601E-03 -2.110018689735E-03
  24 256             4.684606077539E-03 -2.241905602857E-03 -4.186795890208E-03
  25 256             8.049414511246E-03  5.764073397543E-03  1.142356242656E-03
  26 256             9.033164616947E-03  7.209303608589E-04  3.497849739810E-03
  27 256             4.708899903518E-03  7.632178361344E-03 -3.640021463791E-03
  28   8            -3.353905993494E-03 -1.971525966695E-03  5.002679960193E-03
  29   8             3.724233318595E-04  6.358344137512E-03  8.759296644083E-04
  30   8             2.607310972943E-03 -2.856288064892E-03  8.570555593378E-03
  31   8             4.798030288564E-03 -4.632782194938E-03  1.523210104706E-02
  32   8            -4.595728162848E-03  1.903597600569E-03 -2.734575583844E-03
  33   8            -5.871303817215E-04 -2.653380774568E-03  2.619805739858E-03
  34   8             2.483948830610E-03 -2.807560939083E-03  1.156936240901E-02
  35   8             6.391200982807E-03  3.474794270022E-04  3.186679092871E-03
  36   8            -2.631219547282E-03 -9.433469024537E-04 -1.687552607182E-02
  37   8            -8.894525304241E-03 -7.377968653103E-04  8.823422856723E-03
  38   8            -4.101581828046E-03  6.609018947087E-03 -1.087700922134E-02
  39   8             9.144503942863E-04 -1.033159440929E-03  2.688711381316E-02
  40   8            -6.340404401943E-03  3.954704426556E-04  4.119415945284E-02
  41   8            -5.405790219236E-03 -1.707918030372E-03 -2.390195609624E-02
  42   8            -2.815774897768E-03 -2.086875118937E-03 -4.325489698962E-03
  43   8             4.309629689444E-03  1.110349534300E-03 -7.117837897406E-04
  44   8            -2.640505009942E-03 -5.733896664322E-03 -1.716587713518E-02
  45   8            -6.089890139184E-03  1.426938577347E-03  2.179007436089E-02
  46   8             5.634197754966E-03 -2.247852989150E-03 -6.315093682488E-03
  47   8             1.072996420105E-03  2.972769435485E-03  1.746837464891E-02
  48   8             1.616111127710E-03  3.225254697081E-04  1.499760284138E-02
  49   8            -4.080114182436E-03 -4.568589952402E-04 -1.154787957108E-02
  50   8             1.916150047101E-03  4.250706038149E-03 -8.222200380248E-03
  51   8            -4.289599856855E-03 -9.046971603949E-03  3.957202243614E-03
  52   8             3.186053788110E-03 -6.758815440581E-04 -1.271520796271E-02
  53   8            -2.241980971832E-03 -7.620978713680E-03 -2.196695006021E-03
  54   8             2.502671723383E-03 -5.231869620717E-03  5.574235412311E-04
  55   8            -2.143931135569E-03  1.467694412591E-02  3.336337087612E-03
  56   8            -5.047318127449E-03 -4.845135444096E-03  1.252523264714E-03
  57   8            -6.033474919627E-03 -9.350809679633E-03 -2.355046416008E-03
  58   8             2.817575495255E-03 -7.766544880924E-03  6.359293740160E-03
  59   8            -1.034331432449E-03 -1.161641761517E-03  4.558529758243E-03
  60   8            -6.002506377275E-03  8.289832361870E-03 -4.790778417916E-03
  61   8             2.967713710267E-03  7.491548993348E-03  2.748665905302E-03
  62   8             6.661768497046E-03  2.075109688640E-04  6.398185605365E-03
  63   8             1.633195637780E-03  8.973991933904E-03 -8.436342284912E-03
  64   8            -2.892487037212E-03 -1.086164807723E-02 -2.671385443484E-03
  65   8            -4.302031824586E-03 -1.464385992659E-02 -6.794387028420E-03
  66   8            -1.296701458817E-04 -9.124783105899E-03  7.624018429162E-03
  67   8             1.186628112170E-04 -6.529742814076E-03  5.301269048406E-04
  68   8            -3.042106681300E-03  1.849892719433E-02 -6.481710901253E-03
  69   8             9.092498440560E-05  6.996026003133E-03  2.158802399358E-03
  70   8             1.229051493894E-04  2.363938283997E-02  2.550018693164E-03
  71   8            -1.960707020972E-03 -1.163597635688E-02 -3.295774565553E-03
  72   8            -4.614687116052E-03  7.373619328777E-03 -1.591526713355E-03
  73   8             2.144878728373E-03  9.019958762160E-03 -4.345027368263E-03
  74   8             6.144699093184E-03 -1.821657618915E-02 -5.122090323286E-03
  75   8             7.061714120027E-03 -1.042122315274E-03  1.479713385583E-03
  76   8             6.722000668989E-03  2.621261910334E-03 -4.234339030453E-03
  77   8             2.945177608047E-04  1.111531112809E-02 -7.252536170073E-03
  78   8            -2.583516612467E-03  1.386970188679E-03  3.768320079950E-03
  79   8            -6.505888995072E-04 -4.941389303132E-03  3.930651598201E-03
  80   8            -4.971247139932E-03  6.188833212184E-03  3.280813309985E-03
  81   8            -1.154761549337E-03  6.469511984101E-03 -5.141710508496E-03
  82   8            -3.841709513717E-03 -2.804862618334E-03  3.054423248825E-03
  83   8             2.407561104129E-02  1.460316527753E-03 -6.197705281173E-03
  84   8             6.473108573919E-03 -2.237630698764E-04 -7.663898084498E-03
  85   8            -3.977535883422E-03 -5.064966307676E-03 -2.226833614976E-03
  86   8             1.062944072032E-02 -3.398327968995E-03  3.851637460674E-03
  87   8             7.625440220218E-03  5.332557426602E-04 -1.172039815327E-03
  88   8            -7.619125057324E-03 -1.327797225484E-03  2.214867529015E-03
  89   8             6.447792875306E-03  6.250428638181E-03  2.501159835809E-03
  90   8             1.206796677681E-02  6.249468001163E-04  3.391098910640E-03
  91   8            -1.039991202945E-02 -3.116389314967E-04  7.781680633456E-04
  92   8             8.099324018717E-04  1.898218422919E-03 -5.438677964086E-03
  93   8             3.853996532301E-03 -2.224186014156E-03 -4.444008376448E-03
  94   8            -3.832522604382E-03 -2.462782444318E-03  2.331803594821E-03
  95   8             1.413884847869E-02 -1.953315820668E-03 -6.530137602340E-03
  96   8            -1.398253181957E-04  4.200277928305E-03 -3.507154931631E-03
  97   8             2.132862885009E-02 -5.578324053978E-03  9.706727075032E-05
  98   8            -2.203260330136E-03  1.496300171446E-03  4.766440183573E-03
  99   8            -6.153491360619E-03 -8.111446855417E-03  1.506873841928E-06
 100   8             4.016842751966E-03  5.665491091146E-04 -7.711682849072E-03
 101   8            -1.421029934740E-02  7.505442901802E-03 -2.507532538473E-03
 102   8            -7.052968135851E-03  4.752000160394E-03 -6.042975585709E-04
 103   8             7.794122950225E-03  2.378467543799E-03 -2.216600111233E-03
 104   8            -2.369679782781E-02 -1.121800943341E-03 -7.835314664724E-03
 105   8             5.002303328505E-03 -2.848452665117E-04  4.593964258218E-03
 106   8            -1.367876377852E-02 -4.824088069257E-03  5.691581313648E-03
 107   8            -8.430390611243E-03 -4.969165955944E-03 -1.113204669292E-03
 108   8            -4.841429203117E-03 -8.222855979482E-03  3.074783334426E-03
 109  22            -4.277136888665E-03  5.885722716251E-05 -2.175901516330E-02
 110  22             7.194950743659E-03 -6.993719042627E-03 -2.779736776604E-03
 111  22            -2.681118781797E-03 -5.175942359473E-03  8.548557758008E-03
 112  22             3.325555962349E-03 -6.500931385826E-03 -1.810658061852E-02
 113  22            -1.862565951513E-02  1.280903236987E-03 -1.003528450243E-03
 114  22             1.919633735882E-03  3.330245794224E-03  9.512409439151E-03
 115  22            -1.496495041581E-02  6.882724038475E-03 -9.950768068746E-03
 116  22            -6.512354982152E-03  2.051763740954E-03 -1.884162405159E-02
 117  22            -1.601222578197E-03  7.459620839679E-03  2.559245496131E-02
 118  22             1.537985175127E-02  1.817610486937E-02 -5.834576928237E-03
 119  22             9.139436050263E-03 -2.059598982052E-02  1.706665088992E-02
 120  22             5.730782758838E-03  1.126552655896E-02 -2.561467237413E-02
 121  22             3.276628054224E-03 -1.775382756489E-02 -3.915913900643E-02
 122  22             6.186172046873E-03  8.829588639445E-03  2.866330238353E-02
 123  22            -1.134555094516E-02 -1.031042742219E-02  5.519405564250E-03
 124  22             4.319466551875E-03 -2.153397510063E-03 -1.353058313014E-02
 125  22            -2.249939449422E-03  3.949740616765E-03  2.162772627825E-02
 126  22             2.073941255761E-02  3.613965520525E-03 -2.638377238370E-02
 127  22            -1.545889955263E-02 -7.827799484452E-03  2.206602945090E-03
 128  22            -1.527081551965E-02 -8.621752027244E-03  1.897965736783E-03
 129  22             1.239249050326E-03 -1.529983751521E-02  3.826670853817E-04
 130  22            -4.156095007942E-03  1.608908183806E-02  4.237776582520E-03
 131  22             1.866509205157E-02  9.863551123031E-04  1.845348938513E-02
 132  22             1.504138571278E-02  1.088422386432E-04 -1.643404688310E-03
 133  22             9.950646724162E-03 -1.027538096203E-02  8.694879855101E-03
 134  22             6.462164749883E-03  6.398326533964E-03  2.482687846732E-04
 135  22            -1.790597223030E-02  2.038556305648E-02  3.933406751985E-03

 RESULTANT FORCE    -5.934940039420E-12  9.007655732418E-13  1.654115733274E-11

 SYMMETRY ALLOWED FORCES (ANALYTICAL) (DIRECTION, FORCE)

    1 -3.0168499E-03    2 -2.3055166E-03    3 -3.0663280E-03    4 -6.5911344E-04
    5 -6.5908483E-03    6 -2.2810128E-03    7 -9.0875597E-03    8  6.8615397E-03
    9  3.7981268E-03   10 -3.0068743E-03   11 -9.1877144E-05   12 -1.8122753E-03
   13  4.5620432E-03   14  4.9200445E-03   15  7.6216463E-03   16 -1.0790743E-02
   17  7.5096980E-03   18  1.8483499E-03   19 -6.8336508E-03   20  1.5156995E-03
   21 -1.9242755E-03   22 -1.0650980E-02   23  1.4635170E-03   24  2.3071565E-03
   25 -7.4728142E-03   26 -1.2720083E-02   27 -6.7352002E-03   28 -8.9783465E-03
   29 -2.7625712E-03   30 -5.9313285E-03   31  1.5029663E-03   32 -2.0373203E-03
   33  1.0357292E-02   34 -2.4740288E-05   35  6.8836627E-03   36 -6.3380178E-03
   37  7.8827604E-03   38  3.5166695E-04   39  3.9227546E-04   40 -1.9042889E-03
   41  5.9186610E-03   42 -1.2410454E-03   43  7.7776684E-03   44 -6.3852806E-03
   45  5.0927890E-04   46 -5.1924323E-03   47 -3.3134408E-03   48 -5.5930467E-03
   49 -6.4043764E-03   50  5.2397162E-03   51  3.2995140E-03   52  3.9054712E-03
   53 -2.1982099E-03   54 -3.0221940E-03   55  8.5544521E-03   56  7.7907761E-03
   57 -6.6150262E-03   58  5.8986379E-03   59  8.5338319E-03   60  8.4777742E-03
   61  2.6367764E-03   62 -1.9650896E-03   63  4.4217548E-03   64 -7.9260762E-03
   65 -4.5375243E-03   66  4.6905975E-03   67  9.0542066E-03   68 -7.3683531E-03
   69 -2.0880170E-03   70  4.4891829E-03   71 -2.2169784E-03   72 -4.1928551E-03
   73  7.9098783E-03   74  5.8052456E-03   75  1.1225205E-03   76  8.9703685E-03
   77  7.9203870E-04   78  3.4990459E-03   79  4.7088081E-03   80  7.7425095E-03
   81 -3.6395449E-03   82 -3.3477830E-03   83 -1.8339426E-03   84  5.0095921E-03
   85  3.6464682E-04   86  6.5179066E-03   87  9.1046111E-04   88  2.6136080E-03
   89 -2.6787184E-03   90  8.6502714E-03   91  4.8398456E-03   92 -4.4893672E-03
   93  1.5426547E-02   94 -4.5526406E-03   95  2.0352895E-03   96 -2.4780841E-03
   97 -5.6885780E-04   98 -2.5241156E-03   99  2.8783032E-03  100  2.5117827E-03
  101 -2.7039259E-03  102  1.1900414E-02  103  6.4635160E-03  104  4.3994503E-04
  105  3.5943363E-03  106 -2.5393963E-03  107 -8.5296257E-04  108 -1.6532814E-02
  109 -8.8603579E-03  110 -6.5502621E-04  111  9.1290695E-03  112 -4.1336497E-03
  113  6.7228443E-03  114 -1.0579017E-02  115  8.6560311E-04  116 -8.8936536E-04
  117  2.7271655E-02  118 -6.4182710E-03  119  5.3745097E-04  120  4.1939378E-02
  121 -5.5466187E-03  122 -1.5714087E-03  123 -2.3058262E-02  124 -3.0020396E-03
  125 -1.9692047E-03  126 -3.6234465E-03  127  4.1295299E-03  128  1.2240599E-03
  129 -2.9327500E-05  130 -2.8135552E-03  131 -5.6443112E-03  132 -1.6573901E-02
  133 -6.3131406E-03  134  1.4938266E-03  135  2.2414732E-02  136  5.4060889E-03
  137 -2.1848609E-03  138 -5.5974380E-03  139  8.8013253E-04  140  3.0406519E-03
  141  1.8257532E-02  142  1.4364186E-03  143  4.0997159E-04  144  1.5981265E-02
  145 -4.2762220E-03  146 -3.6919137E-04  147 -1.0533345E-02  148  1.7051953E-03
  149  4.3616661E-03  150 -7.3113610E-03  151 -4.5172038E-03  152 -8.9633111E-03
  153  4.8537956E-03  154  2.9492489E-03  155 -6.4929262E-04  156 -1.1860619E-02
  157 -2.4760336E-03  158 -7.6444801E-03  159 -1.4219332E-03  160  2.2674353E-03
  161 -5.3344695E-03  162  1.3316862E-03  163 -2.3799506E-03  164  1.4632119E-02
  165  4.1444574E-03  166 -5.3315934E-03  167 -4.8290708E-03  168  2.0996299E-03
  169 -6.3919727E-03  170 -9.4250549E-03  171 -1.5042436E-03  172  2.4338862E-03
  173 -7.9521545E-03  174  7.2470902E-03  175 -1.4114625E-03  176 -1.4078942E-03
  177  5.5292551E-03  178 -6.4313446E-03  179  8.0877327E-03  180 -3.8089371E-03
  181  2.5129510E-03  182  7.3926387E-03  183  3.7301495E-03  184  6.2664129E-03
  185  1.5946441E-04  186  7.4553336E-03  187  1.2894771E-03  188  8.9888134E-03
  189 -7.3790196E-03  190 -3.2499296E-03  191 -1.0860302E-02  192 -1.6768145E-03
  193 -4.7156074E-03  194 -1.4823488E-02  195 -5.8529475E-03  196 -5.8097396E-04
  197 -9.4778607E-03  198  8.5853440E-03  199 -3.3930351E-04  200 -7.0021791E-03
  201  1.5648220E-03  202 -3.5286005E-03  203  1.8108839E-02  204 -5.4759654E-03
  205 -4.2498758E-04  206  6.7914505E-03  207  3.1474103E-03  208 -3.9925109E-04
  209  2.3666037E-02  210  3.5896793E-03  211 -2.5052687E-03  212 -1.1516906E-02
  213 -2.2459499E-03  214 -5.2196847E-03  215  7.4615859E-03  216 -5.6360101E-04
  217  1.5106555E-03  218  9.2405421E-03  219 -3.3482367E-03  220  5.5676931E-03
  221 -1.8068073E-02  222 -4.1860896E-03  223  6.5843526E-03  224 -1.0497562E-03
  225  2.4013056E-03  226  6.3524414E-03  227  2.6268990E-03  228 -3.3206066E-03
  229 -2.1617419E-05  230  1.1238767E-02  231 -6.4214781E-03  232 -2.9251639E-03
  233  1.6209327E-03  234  4.5839457E-03  235 -1.0268311E-03  236 -4.7349887E-03
  237  4.8288583E-03  238 -5.4050941E-03  239  6.4106399E-03  240  4.2601525E-03
  241 -1.6526171E-03  242  6.8115418E-03  243 -4.1618255E-03  244 -4.3956879E-03
  245 -2.4225885E-03  246  4.0334711E-03  247  2.3705055E-02  248  1.8372580E-03
  249 -5.2303617E-03  250  6.3911523E-03  251  1.7242624E-04  252 -6.8124290E-03
  253 -4.0369115E-03  254 -4.7135346E-03  255 -1.4561758E-03  256  1.0636801E-02
  257 -3.1252082E-03  258  4.6545866E-03  259  7.8210088E-03  260  7.8267431E-04
  261 -3.2516994E-04  262 -7.4202083E-03  263 -1.0815937E-03  264  3.0907323E-03
  265  6.6391963E-03  266  6.5552985E-03  267  3.4465947E-03  268  1.2467407E-02
  269  1.0117445E-03  270  4.4221260E-03  271 -9.9741525E-03  272  8.7314218E-05
  273  1.8790556E-03  274  1.1359690E-03  275  2.3247274E-03  276 -4.3664615E-03
  277  4.2427911E-03  278 -1.7917576E-03  279 -3.4627746E-03  280 -3.4346507E-03
  281 -2.0764273E-03  282  3.3117191E-03  283  1.4675157E-02  284 -1.6119092E-03
  285 -5.5785294E-03  286  5.8616349E-04  287  4.5792631E-03  288 -2.6582868E-03
  289  2.2350491E-02  290 -5.2082074E-03  291  9.2399351E-04  292 -9.0115940E-04
  293  1.8224725E-03  294  5.6806895E-03  295 -4.9305728E-03  296 -7.8678614E-03
  297  1.0056940E-03  298  5.2451120E-03  299  7.1155959E-04  300 -6.7885731E-03
  301 -1.3096070E-02  302  7.7723856E-03  303 -1.7052568E-03  304 -6.2221171E-03
  305  5.2095979E-03  306  1.7568549E-04  307  8.6636807E-03  308  2.9595968E-03
  309 -1.4562085E-03  310 -2.3056021E-02  311 -5.0270075E-04  312 -7.2110685E-03
  313  5.3613425E-03  314  3.3160349E-04  315  5.1871759E-03  316 -1.3457290E-02
  317 -4.2739949E-03  318  6.4794432E-03  319 -8.5883471E-03  320 -4.5716508E-03
  321 -2.1837315E-04  322 -5.2459327E-03  323 -8.0513424E-03  324  4.0385217E-03
  325 -4.8689199E-03  326  8.4201418E-05  327 -2.1115894E-02  328  6.6393498E-03
  329 -7.1047401E-03  330 -2.5891383E-03  331 -3.1692669E-03  332 -5.5395874E-03
  333  8.8670316E-03  334  2.8316761E-03  335 -7.1289058E-03  336 -1.7983913E-02
  337 -1.9486974E-02  338  5.1082989E-04  339 -1.2961464E-03  340  6.3495410E-04
  341  2.6321710E-03  342  9.4069414E-03  343 -1.6635605E-02  344  6.4008512E-03
  345 -1.0077739E-02  346 -8.8170803E-03  347  1.7728499E-03  348 -1.9716703E-02
  349 -4.2483098E-03  350  7.4247929E-03  351  2.4868446E-02  352  1.2982118E-02
  353  1.8876575E-02  354 -6.0475191E-03  355  7.3371422E-03  356 -1.9943729E-02
  357  1.7191683E-02  358  4.2905424E-03  359  1.1674712E-02  360 -2.5779137E-02
  361  2.0464913E-03  362 -1.7557093E-02  363 -4.1578912E-02  364  5.2176608E-03
  365  8.7275712E-03  366  2.5719758E-02  367 -1.2611878E-02  368 -1.0494706E-02
  369  3.6915819E-03  370  2.6510202E-03  371 -2.8892084E-03  372 -1.5883892E-02
  373 -3.9860040E-03  374  3.2360560E-03  375  1.9474415E-02  376  1.9826211E-02
  377  3.2236565E-03  378 -2.9078788E-02  379 -1.6227730E-02  380 -8.5316669E-03
  381 -2.1864008E-03  382 -1.8199446E-02  383 -1.0522772E-02  384 -2.8090925E-03
  385 -3.1820017E-03  386 -1.9363807E-02  387 -4.8803703E-03  388 -9.6752984E-03
  389  1.1473273E-02  390 -1.5514711E-03  391  1.3665091E-02  392 -2.8335298E-03
  393  1.3993494E-02  394  1.3457261E-02  395 -4.6713358E-03  396 -5.1403716E-03
  397  1.2796584E-02  398 -1.9324291E-02  399  5.3921778E-03  400  1.7230875E-02
  401 -9.8904698E-03  402 -2.6057860E-03
 TTTTTTTTTTTTTTTTTTTTTTTTTTTTTT TOTGRA      TELAPSE     8359.26 TCPU     8227.79
 EIGENVECTORS IN FORTRAN UNIT  8
 TTTTTTTTTTTTTTTTTTTTTTTTTTTTTT END         TELAPSE     8363.78 TCPU     8231.66
 EEEEEEEEEE TERMINATION  DATE 25 03 2026 TIME 19:48:08.3
NODE    0 CPU TIME =      8231.663
NODE    1 CPU TIME =      8233.840
NODE    2 CPU TIME =      8232.267
NODE    3 CPU TIME =      8232.523
NODE    4 CPU TIME =      8232.256
NODE    5 CPU TIME =      8235.597
NODE    6 CPU TIME =      8233.666
NODE    7 CPU TIME =      8230.800
NODE    8 CPU TIME =      8235.762
NODE    9 CPU TIME =      8235.885
NODE   10 CPU TIME =      8233.173
NODE   11 CPU TIME =      8232.853
NODE   12 CPU TIME =      8233.288
NODE   13 CPU TIME =      8233.342
NODE   14 CPU TIME =      8233.988
NODE   15 CPU TIME =      8233.640
NODE   16 CPU TIME =      8233.813
NODE   17 CPU TIME =      8234.060
NODE   18 CPU TIME =      7816.669
NODE   19 CPU TIME =      8232.089
NODE   20 CPU TIME =      8235.818
NODE   21 CPU TIME =      8230.633
NODE   22 CPU TIME =      7974.062
NODE   23 CPU TIME =      8236.759
NODE   24 CPU TIME =      8221.604
NODE   25 CPU TIME =      8223.513
NODE   26 CPU TIME =      8222.721
NODE   27 CPU TIME =      8221.010
NODE   28 CPU TIME =      8223.849
NODE   29 CPU TIME =      8228.211
NODE   30 CPU TIME =      7454.545
NODE   31 CPU TIME =      8205.753
    TOTAL CPU TIME =    261929.650
------------------------------------------------------
Pcrystal finished normally
------------------------------------------------------
SCF wavefunction fort.9 saved as /users/zeitzsab/tetra_script_walkthrough/oldPyro_tetra/rdm/rdm_disp34.w
Date: 2026-03-25 19:48:08