Date: 2026-03-25 17:17:48
Running on: nid002570
Temporary directory: /scratch/project_462000878/zeitzsab/rdm_disp22_237354
Executable: /project/project_462000878/jchem/crystal/23-1.0.1-gnu/install/bin/Pcrystal
Output: /users/zeitzsab/tetra_script_walkthrough/oldPyro_tetra/rdm/rdm_disp22.out
Input data rdm_disp22.d12
converted and standardized from ase Atoms() object for Ba27Ti27O81 in space group 1
EXTERNAL
ENDGEOM 
256 6 
INPUT 
10. 0 2 2 2 1 0 
9.526986 427.845816 0 
4.487510 204.417530 0 
8.315930 293.605864 0 
4.292217 294.193316 0 
5.916108 112.550402 0 
2.874842 181.782621 0 
3.589465 -33.473174 0 
0 0 3 2.0 1.0 
2.3961900000 -5.9554766710 
2.2433050000 6.6805648241 
0.71740200000 -0.57055347037 
0 0 1 2.0 1.0 
0.27420073547 1.0000000000 
0 1 1 0.0 1.0 
0.13 1.0 1.0 
0 2 4 6.0 1.0 
2.9267420000 0.79815276764 
2.5207180000 -1.0707548832 
0.67578180854 0.34940781448 
0.31985844531 0.65041110673 
0 3 2 0.0 1.0 
0.966315 -0.908938 
0.893828 0.947240 
0 3 1 0.0 1.0 
0.273195 0.322057 
22 12 
0 0 8 2.0 1.0 
211575.69025 .23318151011E-03 
31714.945058 .18079690851E-02 
7217.5476543 .93984311352E-02 
2042.9394247 .38156853618E-01 
665.12896208 .12374757197 
238.74942264 .29208551143 
92.508691001 .41226800855 
36.403919209 .21090534061 
0 0 4 2.0 1.0 
232.72624607 -.24920140738E-01 
71.791209711 -.11746490087 
11.158534615 .56503342318 
4.6548135416 .56211101812 
0 0 2 2.0 1.0 
6.8034629174 -.23011425503 
1.1201076403 .72103186735 
0 0 1 2.0 1.0 
0.48080118839 1.0000000000 
0 0 1 0.0 1.0 
0.24 1.0 
0 1 1 0.0 1.0 
0.12 1.0 1.0 
0 2 6 6.0 1.0 
1063.1474732 .24690839320E-02 
251.56507061 .19773345523E-01 
80.408554854 .90987976672E-01 
29.768193269 .25559900413 
11.736830556 .40489386764 
4.7142375230 .23693402558 
0 2 3 6.0 1.0 
17.796803704 -.27878639615E-01 
2.4272698680 .55672914668 
0.96823445537 1.0055447350 
0 2 1 0.0 1.0 
0.37056694165 1.0000000000 
0 3 4 2.0 1.0 
37.713384723 .11513835092E-01 
10.692931184 .67246343996E-01 
3.6728446990 .21484207775 
1.3588590303 .38890892779 
0 3 1 0.0 1.0 
0.54 1.0 
0 3 1 0.0 1.0 
0.22 1.0 
8 7 
0 0 6 2.0 1.0 
27032.382631 0.21726302465E-03 
4052.3871392 0.16838662199E-02 
922.32722710 0.87395616265E-02 
261.24070989 0.35239968808E-01 
85.354641351 0.11153519115 
31.035035245 0.25588953961 
0 0 2 2.0 1.0 
12.271113873 0.39768730901 
4.9159842006 0.24627849430 
0 0 1 0.0 1.0 
0.90086482370 1.0000000000 
0 1 1 0.0 1.0 
0.25000000000 1.0 1.0 
0 2 4 4.0 1.0 
75.300554155 0.60685103418E-02 
17.743733858 0.41912575824E-01 
5.5355828651 0.16153841088 
2.0685535103 0.35706951311 
0 2 1 0.0 1.0 
0.78238772422 1.0000000000 
0 3 1 0.0 1.0 
1.2000000000 1.0000000000 
99 0 
ENDBAS 
DFT 
PBE0 
ENDDFT 
SHRINK 
0 2 
2 2 2 
TOLINTEG 
8 8 8 8 16 
MAXCYCLE 
100 
FMIXING 
80 
EXCHSIZE 
30000000 
BIPOSIZE 
30000000 
GRADCAL 
ENDEXTERNAL geometry rdm_disp22.ext is available as /scratch/project_462000878/zeitzsab/rdm_disp22_237354/fort.34
 PROCESS           17  OF           32  WORKING
 PROCESS           11  OF           32  WORKING
 PROCESS            9  OF           32  WORKING
 PROCESS           27  OF           32  WORKING
 PROCESS           14  OF           32  WORKING
 PROCESS            1  OF           32  WORKING
 PROCESS            5  OF           32  WORKING
 PROCESS           25  OF           32  WORKING
 PROCESS           22  OF           32  WORKING
 PROCESS           26  OF           32  WORKING
 PROCESS           28  OF           32  WORKING
 PROCESS           24  OF           32  WORKING
 PROCESS            2  OF           32  WORKING
 PROCESS           29  OF           32  WORKING
 PROCESS           10  OF           32  WORKING
 PROCESS           13  OF           32  WORKING
 PROCESS            8  OF           32  WORKING
 PROCESS           30  OF           32  WORKING
 PROCESS           18  OF           32  WORKING
 PROCESS           12  OF           32  WORKING
 PROCESS           15  OF           32  WORKING
 PROCESS           31  OF           32  WORKING
 PROCESS            0  OF           32  WORKING
 PROCESS            7  OF           32  WORKING
 PROCESS           19  OF           32  WORKING
 PROCESS            4  OF           32  WORKING
 PROCESS            3  OF           32  WORKING
 PROCESS           21  OF           32  WORKING
 PROCESS            6  OF           32  WORKING
 PROCESS           16  OF           32  WORKING
 PROCESS           20  OF           32  WORKING
 PROCESS           23  OF           32  WORKING

         
 *******************************************************************************
 *                                                                             *
 *                               CRYSTAL23                                     *
 *                      public : 1.0.1 - October 2022                          *
 *                       HTTP://WWW.CRYSTAL.UNITO.IT                           *
 *                                                                             *
 *                              MAIN AUTHORS                                   *
 *                                                                             *
 *  R. DOVESI(1,11), V.R. SAUNDERS(2), C. ROETTI(1,11), R. ORLANDO(1,11),      *
 *  C.M. ZICOVICH-WILSON(1,3), F. PASCALE(4), B. CIVALLERI(1,11),              *
 *  K. DOLL(5), N.M. HARRISON(6), I.J. BUSH(7), Ph. D'ARCO(8),                 *
 *  M. LLUNELL(9), M. CAUSA'(10), Y. NOEL(8), L. MASCHIO(1,11), A. ERBA(1,11)  *
 *  M. RE'RAT(14), S. CASASSA(1,11), B.G. SEARLE(2), J.K. DESMARAIS(1)         *
 *                                                                             *
 *        CONTRIBUTIONS TO THE CODE HAVE ALSO BEEN GIVEN BY                    *
 *                                                                             *
 *  M. FERRABONE(1,11), M. DE LA PIERRE(1,11), M. FERRERO(1,11),               *
 *  J. BAIMA(1,11), E. ALBANESE(1,11), M.F. PEINTINGER(12), R. BAST(13),       *
 *  B. KIRTMAN(15), V. LACIVITA(1,11), R. DEMICHELIS(1,16)                     *
 *  G. BRANDEBURG(17), S. SALUSTRO(1,11), G. SANSONE(1,11)                     *
 *  M.T. RUGGIERO(18), L.E. DAGA(1), L. DONA'(1), A. COSSARD(1)                *
 *                                                                             *
 * (1) THEORETICAL CHEMISTRY GROUP - UNIVERSITA' DI TORINO - TORINO (ITALY)    *
 * (2) SCIENTIFIC COMPUTING DEPARTMENT - STFC DARESBURY (UK)                   *
 * (3) UNIVERSIDAD AUTONOMA DEL ESTADO DE MORELOS - CUERNAVACA (MEXICO)        *
 * (4) UNIVERSITE' DE LORRAINE - NANCY (FRANCE)                                *
 * (5) UNIVERSITAET STUTTGART- STUTTGART (GERMANY)                             *
 * (6) IMPERIAL COLLEGE - LONDON (UK)                                          *
 * (7) SCIENTIFIC COMPUTING DEPARTMENT - STFC RAL (UK)                         *
 * (8) UPMC - SORBONNE UNIVERSITES - PARIS (FRANCE)                            *
 * (9) UNIVERSIDAD DE BARCELONA - BARCELONA (SPAIN)                            *
 *(10) UNIVERSITA' DI NAPOLI "FEDERICO II" - NAPOLI (ITALY)                    *
 *(11) NIS - NANOSTRUCTURED INTERFACES AND SURFACES - TORINO (ITALY)           *
 *(12) MPI FUER CHEMISCHE ENERGIEKONVERSION - MUELHEIM AN DER RUHR (GERMANY)   *
 *(13) UNIVERSITY OF TROMSO - TROMSO (NORWAY)                                  *
 *(14) UNIVERSITE' DE PAU ET DES PAYS DE L'ADOUR - PAU (FRANCE)                *
 *(15) UNIVERSITY OF CALIFORNIA SANTA BARBARA - SANTA BARBARA (USA)            *
 *(16) CURTIN UNIVERSITY - PERTH (AUSTRALIA)                                   *
 *(17) UNIVERSITY COLLEGE LONDON - LONDON (UK)                                 *
 *(18) UNIVERSITY OF VERMONT - BURLINGTON (USA)                                *
 *                                                                             *
 *******************************************************************************
 EEEEEEEEEE STARTING  DATE 25 03 2026 TIME 17:17:50.8
 converted and standardized from ase Atoms() object for Ba27Ti27O81 in space grou
 filename=fort.34                        0           0

 GEOMETRY INPUT FROM EXTERNAL FILE (FORTRAN UNIT 34)
 3D - CRYSTAL 

 *******************************************************************************
 LATTICE PARAMETERS  (ANGSTROMS AND DEGREES) - PRIMITIVE CELL
       A          B          C        ALPHA      BETA     GAMMA        VOLUME
   11.90773   11.90773   12.27480    90.00000  90.00000  90.00000   1740.493702
 INFORMATION **** CHKGRP **** SPGR WITH NO INVERSION

 NUMBER OF IRREDUCIBLE ATOMS IN THE CELL:  135

 CARTESIAN COORDINATES (ANGSTROM) - IRREDUCIBLE ATOMS AND SYMMETRY RELATED

 AT.IRR.  AT  AT.N.          X                   Y                   Z
     1     1   256   -1.262574411680E-02  1.500691911423E-02 -8.676112028072E-03
     2     2   256   -4.229825629520E-03 -2.356102661860E-03  4.078078945388E+00
     3     3   256    1.922145681530E-02  3.274217087360E-02  8.221972547148E+00
     4     4   256   -2.466570370336E-02  3.956509603537E+00 -2.613583079828E-03
     5     5   256    2.327329945148E-02  3.956557537272E+00  4.147741438248E+00
     6     6   256    3.937464405791E-02  3.964891484655E+00  8.203843578280E+00
     7     7   256   -3.259595719911E-02  7.922828089082E+00  4.328151810852E-02
     8     8   256   -1.241894896610E-02  7.952045816080E+00  4.082260553283E+00
     9     9   256    1.532380375912E-02  7.955756687791E+00  8.242048360796E+00
    10    10   256    3.976469027922E+00 -1.318588552897E-02  6.325287981950E-02
    11    11   256    3.952078054340E+00 -2.246343525892E-02  4.089487969559E+00
    12    12   256    3.974319677294E+00 -1.883623187199E-03  8.249015400667E+00
    13    13   256    3.982810053046E+00  3.938338800731E+00  4.765291977461E-02
    14    14   256    3.951394339557E+00  3.946870922009E+00  4.145727752274E+00
    15    15   256    3.966421503725E+00  3.936846020732E+00  8.186094382122E+00
    16    16   256    3.974112796915E+00  7.899029201489E+00  3.057328037764E-02
    17    17   256    3.968304673060E+00  7.912900146672E+00  4.148514994492E+00
    18    18   256    3.954000754463E+00  7.914278604029E+00  8.237338824941E+00
    19    19   256    7.916731191884E+00 -1.193592954380E-02 -5.184845232863E-03
    20    20   256    7.898981402426E+00 -4.166523783092E-03  4.113114336641E+00
    21    21   256    7.966919506924E+00  2.028441601710E-02  8.189883900674E+00
    22    22   256    7.924798417841E+00  3.973623943391E+00  6.351444203575E-02
    23    23   256    7.944122672044E+00  3.938713190532E+00  4.092563676020E+00
    24    24   256    7.908481251931E+00  3.993692871327E+00  8.199292699388E+00
    25    25   256    7.935497640067E+00  7.911127555561E+00  5.521072647897E-02
    26    26   256    7.918651190433E+00  7.962953262172E+00  4.142441643728E+00
    27    27   256    7.925654276234E+00  7.925999188329E+00  8.245150590067E+00
    28    28     8    2.013071211052E+00  1.958845777874E+00  3.971861727918E+00
    29    29     8    1.957961288625E+00  1.955889648213E+00  8.060202537049E+00
    30    30     8    2.008878414130E+00  1.953286429379E+00  1.213837341602E+01
    31    31     8    2.017722335836E+00  5.972301143154E+00  3.947799050258E+00
    32    32     8    1.992022184800E+00  5.931654995106E+00  8.019792309098E+00
    33    33     8    1.954971795612E+00  5.980477695454E+00  1.214738752023E+01
    34    34     8    1.986372520436E+00  9.891035485445E+00  3.984461496315E+00
    35    35     8    1.988942342673E+00  9.956730247495E+00  8.073463630274E+00
    36    36     8    2.000568915593E+00  9.923075004460E+00  1.218050751512E+01
    37    37     8    5.955823543402E+00  1.946217846506E+00  3.971639141214E+00
    38    38     8    5.959853782375E+00  2.010688329207E+00  8.081969176185E+00
    39    39     8    5.984456126664E+00  1.968512058700E+00  1.216394189033E+01
    40    40     8    5.948293006958E+00  5.986565337842E+00  3.982981025797E+00
    41    41     8    5.972817071869E+00  5.924467011121E+00  8.071629905470E+00
    42    42     8    5.952459010220E+00  5.983131045724E+00  1.217105618608E+01
    43    43     8    5.960236578962E+00  9.899199364719E+00  3.929199437180E+00
    44    44     8    5.976715221768E+00  9.924311664221E+00  8.085035114508E+00
    45    45     8    5.945401405667E+00  9.910964464528E+00  1.218098293316E+01
    46    46     8    9.895740628522E+00  1.982094495166E+00  3.989686474485E+00
    47    47     8    9.918103285622E+00  1.948221095414E+00  8.036417363203E+00
    48    48     8    9.954557621994E+00  1.972789789912E+00  1.212211896513E+01
    49    49     8    9.888487974709E+00  5.958804315705E+00  3.941213311709E+00
    50    50     8    9.962613326920E+00  5.955882379753E+00  8.058182697274E+00
    51    51     8    9.935022255104E+00  5.915681244534E+00  1.214376559281E+01
    52    52     8    9.960007125821E+00  9.930605553444E+00  3.947117403367E+00
    53    53     8    9.900029927229E+00  9.924900696942E+00  8.019605098351E+00
    54    54     8    9.918452454826E+00  9.961678960778E+00  1.213429472672E+01
    55    55     8    1.949820271765E+00 -1.680453452422E-02  1.996092289817E+00
    56    56     8    1.967147161948E+00  3.236546476705E-02  6.093093582664E+00
    57    57     8    1.951886483748E+00 -7.286390626961E-03  1.014717176164E+01
    58    58     8    1.999161346284E+00  4.006424677374E+00  1.983278399211E+00
    59    59     8    2.002337890577E+00  3.934519906284E+00  6.086338881117E+00
    60    60     8    2.009036947395E+00  3.947840817255E+00  1.019233527569E+01
    61    61     8    1.957481515562E+00  7.928599000633E+00  2.013444636916E+00
    62    62     8    1.996829895227E+00  7.972895068731E+00  6.093719586973E+00
    63    63     8    1.971228475493E+00  7.936679331972E+00  1.013132523865E+01
    64    64     8    5.923491333416E+00 -1.202500680112E-02  2.008856860192E+00
    65    65     8    5.945995784566E+00 -3.826224531043E-02  6.068768799688E+00
    66    66     8    5.967993618452E+00 -2.715284011663E-02  1.014322107861E+01
    67    67     8    5.988072025547E+00  3.967643775690E+00  1.965101364294E+00
    68    68     8    5.922352786936E+00  3.990069841929E+00  6.090534057320E+00
    69    69     8    5.924639362350E+00  3.948958769906E+00  1.015068974540E+01
    70    70     8    5.931468412093E+00  7.941940319130E+00  1.952814801223E+00
    71    71     8    5.967492791557E+00  7.976090583455E+00  6.076723594651E+00
    72    72     8    5.939425337658E+00  7.902962914219E+00  1.015759862647E+01
    73    73     8    9.915909950118E+00  5.111646621546E-03  2.024788594429E+00
    74    74     8    9.927545142135E+00  2.269274175620E-02  6.110014258013E+00
    75    75     8    9.926893590629E+00 -3.961570916724E-02  1.016493707640E+01
    76    76     8    9.914348788183E+00  3.965358534570E+00  2.024610150030E+00
    77    77     8    9.903448197725E+00  3.959813732368E+00  6.110906857546E+00
    78    78     8    9.962492570110E+00  3.971806826101E+00  1.017549316313E+01
    79    79     8    9.943924041540E+00  7.958688838813E+00  1.958229832165E+00
    80    80     8    9.930942902998E+00  7.953422599202E+00  6.113645872954E+00
    81    81     8    9.947980683239E+00  7.912082284579E+00  1.018583079892E+01
    82    82     8   -2.690267021568E-02  1.971654837503E+00  2.012385593512E+00
    83    83     8   -3.547531389405E-02  1.984864959387E+00  6.095852329181E+00
    84    84     8    3.537421731888E-02  1.979779175691E+00  1.015093916579E+01
    85    85     8    2.273419367512E-02  5.985603605101E+00  1.977062673892E+00
    86    86     8    1.582076737040E-02  5.923508829295E+00  6.056683241567E+00
    87    87     8   -1.225064326235E-02  5.990329832572E+00  1.015800238206E+01
    88    88     8   -3.886767272341E-02  9.926975573451E+00  1.994399243973E+00
    89    89     8   -3.375536741671E-02  9.904699516818E+00  6.088401254253E+00
    90    90     8    1.483415398799E-02  9.956551263207E+00  1.018514953166E+01
    91    91     8    3.985001605381E+00  2.017294931952E+00  1.968917320399E+00
    92    92     8    3.993254736697E+00  1.953413818593E+00  6.084412601567E+00
    93    93     8    3.951618692047E+00  1.961603086487E+00  1.019653100947E+01
    94    94     8    3.952722673726E+00  5.985307969655E+00  2.004173096502E+00
    95    95     8    4.000644562601E+00  5.930106748608E+00  6.070338548036E+00
    96    96     8    4.001892004041E+00  5.970807105412E+00  1.015325182551E+01
    97    97     8    4.006725547260E+00  9.935845979965E+00  1.980032992186E+00
    98    98     8    3.993969803927E+00  9.942234726587E+00  6.052415578295E+00
    99    99     8    4.002551051177E+00  9.934853313830E+00  1.015019034222E+01
   100   100     8    7.958760679967E+00  1.950447708962E+00  1.990374754905E+00
   101   101     8    7.926476187446E+00  1.946623099325E+00  6.080804861292E+00
   102   102     8    7.935665754274E+00  1.944752842216E+00  1.017054350656E+01
   103   103     8    7.938304352111E+00  5.980957653671E+00  1.956347045973E+00
   104   104     8    7.961839493248E+00  5.921678194194E+00  6.081692923200E+00
   105   105     8    7.933581286471E+00  5.992527377094E+00  1.015995854819E+01
   106   106     8    7.961099674297E+00  9.956044680660E+00  1.987802439278E+00
   107   107     8    7.940843316242E+00  9.946479494123E+00  6.044995707830E+00
   108   108     8    7.898645737747E+00  9.920547267731E+00  1.017141534483E+01
   109   109    22    1.968141818336E+00  1.986477592876E+00  2.183834544234E+00
   110   110    22    2.023604874983E+00  1.985891651265E+00  6.247906626380E+00
   111   111    22    1.965797039803E+00  1.955000602021E+00  1.034981974030E+01
   112   112    22    1.994568898417E+00  5.933616594066E+00  2.114404274826E+00
   113   113    22    1.978072076076E+00  5.973092522577E+00  6.273492710399E+00
   114   114    22    1.962642720567E+00  5.980614095632E+00  1.035066855168E+01
   115   115    22    1.977831554290E+00  9.953217155767E+00  2.121988601114E+00
   116   116    22    1.972727179435E+00  9.935677726031E+00  6.202969607966E+00
   117   117    22    2.010767728935E+00  9.910303777052E+00  1.030320211270E+01
   118   118    22    5.957834497509E+00  1.982426478991E+00  2.187176704202E+00
   119   119    22    5.958898047269E+00  1.975403060084E+00  6.277629733729E+00
   120   120    22    5.947563128542E+00  1.999804159701E+00  1.029416573549E+01
   121   121    22    5.953086767570E+00  5.927465742281E+00  2.117394791478E+00
   122   122    22    5.947729040681E+00  5.916882387556E+00  6.225086709170E+00
   123   123    22    5.958419807484E+00  5.977266007638E+00  1.029851122656E+01
   124   124    22    5.967759438884E+00  9.886979034952E+00  2.137361026021E+00
   125   125    22    5.969945576191E+00  9.934655629048E+00  6.204274285668E+00
   126   126    22    5.985555800852E+00  9.940641216052E+00  1.031364720035E+01
   127   127    22    9.920359032924E+00  2.020982478162E+00  2.163877106576E+00
   128   128    22    9.958843983723E+00  1.987992636985E+00  6.256690641851E+00
   129   129    22    9.960603567789E+00  1.992075686220E+00  1.031885288067E+01
   130   130    22    9.929694921165E+00  5.983905831330E+00  2.121855508159E+00
   131   131    22    9.958515238703E+00  5.971286082302E+00  6.245597510722E+00
   132   132    22    9.915047714149E+00  5.986233690360E+00  1.030855575786E+01
   133   133    22    9.897779193267E+00  9.892919850440E+00  2.140592976625E+00
   134   134    22    9.952216408708E+00  9.949752316808E+00  6.232468037025E+00
   135   135    22    9.940018307850E+00  9.935488634284E+00  1.036470422900E+01
 NUMBER OF SYMMETRY OPERATORS         :    1
 *******************************************************************************
 LATTICE PARAMETERS (ANGSTROMS AND DEGREES) - BOHR = 0.5291772083 ANGSTROM
 PRIMITIVE CELL - CENTRING CODE 1/0 VOLUME=  1740.493702 - DENSITY  6.022 g/cm^3
         A              B              C           ALPHA      BETA       GAMMA 
    11.90773305    11.90773305    12.27479580    90.000000  90.000000  90.000000
 *******************************************************************************
 ATOMS IN THE ASYMMETRIC UNIT  135 - ATOMS IN THE UNIT CELL:  135
     ATOM                 X/A                 Y/B                 Z/C    
 *******************************************************************************
      1 T 256 BA   -1.060297880696E-03  1.260266673028E-03 -7.068233288306E-04
      2 T 256 BA   -3.552166992457E-04 -1.978632416402E-04  3.322319174864E-01
      3 T 256 BA    1.614199506707E-03  2.749656104661E-03 -3.301743930316E-01
      4 T 256 BA   -2.071402138408E-03  3.322638815401E-01 -2.129227339023E-04
      5 T 256 BA    1.954469364887E-03  3.322679069692E-01  3.379071640645E-01
      6 T 256 BA    3.306644841010E-03  3.329677838768E-01 -3.316513193417E-01
      7 T 256 BA   -2.737377220520E-03 -3.346484964170E-01  3.526047912628E-03
      8 T 256 BA   -1.042931422291E-03 -3.321948197285E-01  3.325725836745E-01
      9 T 256 BA    1.286878341560E-03 -3.318831842815E-01 -3.285388616570E-01
     10 T 256 BA    3.339400548555E-01 -1.107338019219E-03  5.153069822921E-03
     11 T 256 BA    3.318917242892E-01 -1.886457746793E-03  3.331613850195E-01
     12 T 256 BA    3.337595544514E-01 -1.581848685463E-04 -3.279712725920E-01
     13 T 256 BA    3.344725680633E-01  3.307379149494E-01  3.882176172300E-03
     14 T 256 BA    3.318343065775E-01  3.314544343106E-01  3.377431135982E-01
     15 T 256 BA    3.330962734107E-01  3.306125527169E-01 -3.330973064235E-01
     16 T 256 BA    3.337421808356E-01 -3.366471041699E-01  2.490736373605E-03
     17 T 256 BA    3.332544201652E-01 -3.354822354981E-01  3.379701839514E-01
     18 T 256 BA    3.320531908014E-01 -3.353664739714E-01 -3.289225369483E-01
     19 T 256 BA   -3.351605079957E-01 -1.002367914504E-03 -4.223976771054E-04
     20 T 256 BA   -3.366511182894E-01 -3.499006708999E-04  3.350861719949E-01
     21 T 256 BA   -3.309457414378E-01  1.703465800915E-03 -3.327885828721E-01
     22 T 256 BA   -3.344830300977E-01  3.337011273855E-01  5.174378708260E-03
     23 T 256 BA   -3.328601977650E-01  3.307693558458E-01  3.334119559056E-01
     24 T 256 BA   -3.358533300400E-01  3.353864967041E-01 -3.320220692072E-01
     25 T 256 BA   -3.335845196776E-01 -3.356310959993E-01  4.497893682188E-03
     26 T 256 BA   -3.349992683592E-01 -3.312788228678E-01  3.374754017275E-01
     27 T 256 BA   -3.344111559308E-01 -3.343821905439E-01 -3.282861300172E-01
     28 T   8 O     1.690557894269E-01  1.645019895599E-01  3.235786397292E-01
     29 T   8 O     1.644277110012E-01  1.642537366265E-01 -3.433534318307E-01
     30 T   8 O     1.687036823630E-01  1.640351208057E-01 -1.111402472243E-02
     31 T   8 O     1.694463864250E-01 -4.984518784493E-01  3.216183075126E-01
     32 T   8 O     1.672881123918E-01  4.981346970242E-01 -3.466455621936E-01
     33 T   8 O     1.641766562455E-01 -4.977652194299E-01 -1.037966593068E-02
     34 T   8 O     1.668136589975E-01 -1.693603271157E-01  3.246051145156E-01
     35 T   8 O     1.670294702041E-01 -1.638433440112E-01 -3.422730803983E-01
     36 T   8 O     1.680058586460E-01 -1.666696790402E-01 -7.681454454793E-03
     37 T   8 O    -4.998356514717E-01  1.634415079960E-01  3.235605060912E-01
     38 T   8 O    -4.994971958685E-01  1.688556772951E-01 -3.415801527073E-01
     39 T   8 O    -4.974311145929E-01  1.653137545521E-01 -9.031018639672E-03
     40 T   8 O     4.995319413008E-01 -4.972539850612E-01  3.244845039130E-01
     41 T   8 O    -4.984085512507E-01  4.975310570236E-01 -3.424224698329E-01
     42 T   8 O     4.998817982588E-01 -4.975423936192E-01 -8.451432969407E-03
     43 T   8 O    -4.994650489782E-01 -1.686747323649E-01  3.201030388774E-01
     44 T   8 O    -4.980811883612E-01 -1.665658255397E-01 -3.413303776094E-01
     45 T   8 O     4.992891073979E-01 -1.676867105676E-01 -7.642723216962E-03
     46 T   8 O    -1.689651937132E-01  1.664543945387E-01  3.250307817328E-01
     47 T   8 O    -1.670871992195E-01  1.636097389179E-01 -3.452911564359E-01
     48 T   8 O    -1.640257990169E-01  1.656729943162E-01 -1.243823826960E-02
     49 T   8 O    -1.695742646239E-01 -4.995853290728E-01  3.210817822085E-01
     50 T   8 O    -1.633492886440E-01 -4.998307104514E-01 -3.435179836333E-01
     51 T   8 O    -1.656663603906E-01  4.967932367727E-01 -1.067473620909E-02
     52 T   8 O    -1.635681549125E-01 -1.660372707596E-01  3.215627752737E-01
     53 T   8 O    -1.686049825219E-01 -1.665163591367E-01 -3.466608138320E-01
     54 T   8 O    -1.670578763247E-01 -1.634277558163E-01 -1.144630636366E-02
     55 T   8 O     1.637440362139E-01 -1.411228690940E-03  1.626171483698E-01
     56 T   8 O     1.651991318321E-01  2.718020687158E-03  4.963906269352E-01
     57 T   8 O     1.639175547144E-01 -6.119040959657E-04 -1.733327440253E-01
     58 T   8 O     1.678876523256E-01  3.364557015639E-01  1.615732295287E-01
     59 T   8 O     1.681544154684E-01  3.304172078567E-01  4.958403365958E-01
     60 T   8 O     1.687169958344E-01  3.315358851830E-01 -1.696533741367E-01
     61 T   8 O     1.643874201195E-01 -3.341638608002E-01  1.640308050515E-01
     62 T   8 O     1.676918593021E-01 -3.304439194889E-01  4.964416260980E-01
     63 T   8 O     1.655418766289E-01 -3.334852823249E-01 -1.746237246041E-01
     64 T   8 O     4.974491205457E-01 -1.009848537134E-03  1.636570492026E-01
     65 T   8 O     4.993390227677E-01 -3.213226661176E-03  4.944089415881E-01
     66 T   8 O    -4.988136202422E-01 -2.280269468808E-03 -1.736545972840E-01
     67 T   8 O    -4.971274548729E-01  3.331989186380E-01  1.600923873857E-01
     68 T   8 O     4.973535065044E-01  3.350822381703E-01  4.961821081635E-01
     69 T   8 O     4.975455309144E-01  3.316297697743E-01 -1.730461418020E-01
     70 T   8 O     4.981190279616E-01 -3.330434696694E-01  1.590914287326E-01
     71 T   8 O    -4.988556792044E-01 -3.301755632274E-01  4.950570008383E-01
     72 T   8 O     4.987872429386E-01 -3.363167547479E-01 -1.724832908039E-01
     73 T   8 O    -1.672713934313E-01  4.292711803399E-04  1.649549717502E-01
     74 T   8 O    -1.662942811659E-01  1.905714686491E-03  4.977691162906E-01
     75 T   8 O    -1.663489978364E-01 -3.326889257670E-03 -1.718854437973E-01
     76 T   8 O    -1.674024983132E-01  3.330070062807E-01  1.649404342865E-01
     77 T   8 O    -1.683179194444E-01  3.325413591102E-01  4.978418343665E-01
     78 T   8 O    -1.633594296851E-01  3.335485276184E-01 -1.710254631581E-01
     79 T   8 O    -1.649187969040E-01 -3.316369450512E-01  1.595325791216E-01
     80 T   8 O    -1.660089404677E-01 -3.320791988025E-01  4.980649757899E-01
     81 T   8 O    -1.645781240252E-01 -3.355509187722E-01 -1.701832792263E-01
     82 T   8 O    -2.259260440481E-03  1.655776821015E-01  1.639445271677E-01
     83 T   8 O    -2.979182833969E-03  1.666870554666E-01  4.966153758078E-01
     84 T   8 O     2.970692840556E-03  1.662599562299E-01 -1.730258220842E-01
     85 T   8 O     1.909195778882E-03 -4.973347504544E-01  1.610668483700E-01
     86 T   8 O     1.328612868963E-03  4.974505898329E-01  4.934243583561E-01
     87 T   8 O    -1.028797270724E-03 -4.969378464046E-01 -1.724503977440E-01
     88 T   8 O    -3.264069874611E-03 -1.663421129976E-01  1.624792197335E-01
     89 T   8 O    -2.834743378524E-03 -1.682128348672E-01  4.960083534956E-01
     90 T   8 O     1.245758023437E-03 -1.638583749401E-01 -1.702387805379E-01
     91 T   8 O     3.346566125263E-01  1.694104934568E-01  1.604032647451E-01
     92 T   8 O     3.353497025781E-01  1.640458188298E-01  4.956834069343E-01
     93 T   8 O     3.318531474844E-01  1.647335456926E-01 -1.693115571443E-01
     94 T   8 O     3.319458588069E-01 -4.973595776355E-01  1.632754735115E-01
     95 T   8 O     3.359702930694E-01  4.980046767683E-01  4.945368254547E-01
     96 T   8 O     3.360750520051E-01 -4.985773463059E-01 -1.728374148995E-01
     97 T   8 O     3.364809683284E-01 -1.655971847668E-01  1.613088335194E-01
     98 T   8 O     3.354097532382E-01 -1.650606639534E-01  4.930766814300E-01
     99 T   8 O     3.361303981514E-01 -1.656805479167E-01 -1.730868270556E-01
    100 T   8 O    -3.316309119000E-01  1.637967277879E-01  1.621513536629E-01
    101 T   8 O    -3.343421326156E-01  1.634755407391E-01  4.953894924502E-01
    102 T   8 O    -3.335704016077E-01  1.633184783409E-01 -1.714287005446E-01
    103 T   8 O    -3.333488146922E-01 -4.977249129992E-01  1.593791927662E-01
    104 T   8 O    -3.313723561137E-01  4.972968548530E-01  4.954618408560E-01
    105 T   8 O    -3.337454532145E-01 -4.967532987235E-01 -1.722910332900E-01
    106 T   8 O    -3.314344853996E-01 -1.639009172564E-01  1.619417928955E-01
    107 T   8 O    -3.331355949198E-01 -1.647041924472E-01  4.924722012753E-01
    108 T   8 O    -3.366793070872E-01 -1.668819559462E-01 -1.713576738417E-01
    109 T  22 TI    1.652826621215E-01  1.668224828802E-01  1.779120874853E-01
    110 T  22 TI    1.699403964202E-01  1.667732760657E-01 -4.909971026663E-01
    111 T  22 TI    1.650857498693E-01  1.641790753800E-01 -1.568234690877E-01
    112 T  22 TI    1.675019829586E-01  4.982994302233E-01  1.722557596295E-01
    113 T  22 TI    1.661165956416E-01 -4.983854191644E-01 -4.889126619606E-01
    114 T  22 TI    1.648208531654E-01 -4.977537646738E-01 -1.567543183344E-01
    115 T  22 TI    1.660963968528E-01 -1.641383700849E-01  1.728736376302E-01
    116 T  22 TI    1.656677363485E-01 -1.656113145708E-01 -4.946580204645E-01
    117 T  22 TI    1.688623452081E-01 -1.677421944681E-01 -1.606213023359E-01
    118 T  22 TI   -4.996667734747E-01  1.664822742218E-01  1.781843657392E-01
    119 T  22 TI   -4.995774575859E-01  1.658924542387E-01 -4.885756279768E-01
    120 T  22 TI    4.994706468115E-01  1.679416351797E-01 -1.613574756585E-01
    121 T  22 TI    4.999345167189E-01  4.977828875901E-01  1.724993902936E-01
    122 T  22 TI    4.994845799537E-01  4.968941076115E-01 -4.928561899849E-01
    123 T  22 TI   -4.996176197044E-01 -4.980349338921E-01 -1.610034582770E-01
    124 T  22 TI   -4.988332864177E-01 -1.697009839374E-01  1.741259945050E-01
    125 T  22 TI   -4.986496967035E-01 -1.656971492951E-01 -4.945517313072E-01
    126 T  22 TI   -4.973387650094E-01 -1.651944854397E-01 -1.597703645424E-01
    127 T  22 TI   -1.668977637247E-01  1.697201700505E-01  1.762861999363E-01
    128 T  22 TI   -1.636658344702E-01  1.669497148313E-01 -4.902814886866E-01
    129 T  22 TI   -1.635180662881E-01  1.672926053898E-01 -1.593462694779E-01
    130 T  22 TI   -1.661137447850E-01 -4.974773278672E-01  1.728627948466E-01
    131 T  22 TI   -1.636934421617E-01 -4.985371222861E-01 -4.911852211242E-01
    132 T  22 TI   -1.673438031810E-01 -4.972818364987E-01 -1.601851529079E-01
    133 T  22 TI   -1.687939970012E-01 -1.692020799509E-01  1.743892942500E-01
    134 T  22 TI   -1.642224118630E-01 -1.644293439373E-01 -4.922548498098E-01
    135 T  22 TI   -1.652467966730E-01 -1.656271943144E-01 -1.556108632779E-01

 T = ATOM BELONGING TO THE ASYMMETRIC UNIT
 *******************************************************************************
 * GEOMETRY EDITING - INPUT COORDINATES ARE GIVEN IN ANGSTROM         
 *******************************************************************************

 GCALCO - MAX INDICES DIRECT LATTICE VECTOR    15    15    14
 NO.OF VECTORS CREATED 6999 STARS  514 RMAX   270.02825 BOHR

 GEOMETRY FOR WAVE FUNCTION - DIMENSIONALITY OF THE SYSTEM    3
 (NON PERIODIC DIRECTION: LATTICE PARAMETER FORMALLY SET TO 500)
 *******************************************************************************
 LATTICE PARAMETERS (ANGSTROMS AND DEGREES) - BOHR = 0.5291772083 ANGSTROM
 PRIMITIVE CELL - CENTRING CODE 1/0 VOLUME=  1740.493702 - DENSITY  6.022 g/cm^3
         A              B              C           ALPHA      BETA       GAMMA 
    11.90773305    11.90773305    12.27479580    90.000000  90.000000  90.000000
 *******************************************************************************
 ATOMS IN THE ASYMMETRIC UNIT  135 - ATOMS IN THE UNIT CELL:  135
     ATOM                 X/A                 Y/B                 Z/C    
 *******************************************************************************
      1 T 256 BA   -1.060297880696E-03  1.260266673028E-03 -7.068233288306E-04
      2 T 256 BA   -3.552166992457E-04 -1.978632416402E-04  3.322319174864E-01
      3 T 256 BA    1.614199506707E-03  2.749656104661E-03 -3.301743930316E-01
      4 T 256 BA   -2.071402138408E-03  3.322638815401E-01 -2.129227339023E-04
      5 T 256 BA    1.954469364887E-03  3.322679069692E-01  3.379071640645E-01
      6 T 256 BA    3.306644841010E-03  3.329677838768E-01 -3.316513193417E-01
      7 T 256 BA   -2.737377220520E-03 -3.346484964170E-01  3.526047912628E-03
      8 T 256 BA   -1.042931422291E-03 -3.321948197285E-01  3.325725836745E-01
      9 T 256 BA    1.286878341560E-03 -3.318831842815E-01 -3.285388616570E-01
     10 T 256 BA    3.339400548555E-01 -1.107338019219E-03  5.153069822921E-03
     11 T 256 BA    3.318917242892E-01 -1.886457746793E-03  3.331613850195E-01
     12 T 256 BA    3.337595544514E-01 -1.581848685463E-04 -3.279712725920E-01
     13 T 256 BA    3.344725680633E-01  3.307379149494E-01  3.882176172300E-03
     14 T 256 BA    3.318343065775E-01  3.314544343106E-01  3.377431135982E-01
     15 T 256 BA    3.330962734107E-01  3.306125527169E-01 -3.330973064235E-01
     16 T 256 BA    3.337421808356E-01 -3.366471041699E-01  2.490736373605E-03
     17 T 256 BA    3.332544201652E-01 -3.354822354981E-01  3.379701839514E-01
     18 T 256 BA    3.320531908014E-01 -3.353664739714E-01 -3.289225369483E-01
     19 T 256 BA   -3.351605079957E-01 -1.002367914504E-03 -4.223976771054E-04
     20 T 256 BA   -3.366511182894E-01 -3.499006708999E-04  3.350861719949E-01
     21 T 256 BA   -3.309457414378E-01  1.703465800915E-03 -3.327885828721E-01
     22 T 256 BA   -3.344830300977E-01  3.337011273855E-01  5.174378708260E-03
     23 T 256 BA   -3.328601977650E-01  3.307693558458E-01  3.334119559056E-01
     24 T 256 BA   -3.358533300400E-01  3.353864967041E-01 -3.320220692072E-01
     25 T 256 BA   -3.335845196776E-01 -3.356310959993E-01  4.497893682188E-03
     26 T 256 BA   -3.349992683592E-01 -3.312788228678E-01  3.374754017275E-01
     27 T 256 BA   -3.344111559308E-01 -3.343821905439E-01 -3.282861300172E-01
     28 T   8 O     1.690557894269E-01  1.645019895599E-01  3.235786397292E-01
     29 T   8 O     1.644277110012E-01  1.642537366265E-01 -3.433534318307E-01
     30 T   8 O     1.687036823630E-01  1.640351208057E-01 -1.111402472243E-02
     31 T   8 O     1.694463864250E-01 -4.984518784493E-01  3.216183075126E-01
     32 T   8 O     1.672881123918E-01  4.981346970242E-01 -3.466455621936E-01
     33 T   8 O     1.641766562455E-01 -4.977652194299E-01 -1.037966593068E-02
     34 T   8 O     1.668136589975E-01 -1.693603271157E-01  3.246051145156E-01
     35 T   8 O     1.670294702041E-01 -1.638433440112E-01 -3.422730803983E-01
     36 T   8 O     1.680058586460E-01 -1.666696790402E-01 -7.681454454792E-03
     37 T   8 O    -4.998356514717E-01  1.634415079960E-01  3.235605060912E-01
     38 T   8 O    -4.994971958685E-01  1.688556772951E-01 -3.415801527073E-01
     39 T   8 O    -4.974311145929E-01  1.653137545521E-01 -9.031018639671E-03
     40 T   8 O     4.995319413008E-01 -4.972539850612E-01  3.244845039130E-01
     41 T   8 O    -4.984085512507E-01  4.975310570236E-01 -3.424224698329E-01
     42 T   8 O     4.998817982588E-01 -4.975423936192E-01 -8.451432969407E-03
     43 T   8 O    -4.994650489782E-01 -1.686747323649E-01  3.201030388774E-01
     44 T   8 O    -4.980811883612E-01 -1.665658255397E-01 -3.413303776094E-01
     45 T   8 O     4.992891073979E-01 -1.676867105676E-01 -7.642723216962E-03
     46 T   8 O    -1.689651937132E-01  1.664543945387E-01  3.250307817328E-01
     47 T   8 O    -1.670871992195E-01  1.636097389179E-01 -3.452911564359E-01
     48 T   8 O    -1.640257990169E-01  1.656729943162E-01 -1.243823826960E-02
     49 T   8 O    -1.695742646239E-01 -4.995853290728E-01  3.210817822085E-01
     50 T   8 O    -1.633492886440E-01 -4.998307104514E-01 -3.435179836333E-01
     51 T   8 O    -1.656663603906E-01  4.967932367727E-01 -1.067473620909E-02
     52 T   8 O    -1.635681549125E-01 -1.660372707596E-01  3.215627752737E-01
     53 T   8 O    -1.686049825219E-01 -1.665163591367E-01 -3.466608138320E-01
     54 T   8 O    -1.670578763247E-01 -1.634277558163E-01 -1.144630636366E-02
     55 T   8 O     1.637440362139E-01 -1.411228690940E-03  1.626171483698E-01
     56 T   8 O     1.651991318321E-01  2.718020687158E-03  4.963906269352E-01
     57 T   8 O     1.639175547144E-01 -6.119040959657E-04 -1.733327440253E-01
     58 T   8 O     1.678876523256E-01  3.364557015639E-01  1.615732295287E-01
     59 T   8 O     1.681544154684E-01  3.304172078567E-01  4.958403365958E-01
     60 T   8 O     1.687169958344E-01  3.315358851830E-01 -1.696533741367E-01
     61 T   8 O     1.643874201195E-01 -3.341638608002E-01  1.640308050515E-01
     62 T   8 O     1.676918593021E-01 -3.304439194889E-01  4.964416260980E-01
     63 T   8 O     1.655418766289E-01 -3.334852823249E-01 -1.746237246041E-01
     64 T   8 O     4.974491205457E-01 -1.009848537134E-03  1.636570492026E-01
     65 T   8 O     4.993390227677E-01 -3.213226661176E-03  4.944089415881E-01
     66 T   8 O    -4.988136202422E-01 -2.280269468808E-03 -1.736545972840E-01
     67 T   8 O    -4.971274548729E-01  3.331989186380E-01  1.600923873857E-01
     68 T   8 O     4.973535065044E-01  3.350822381703E-01  4.961821081635E-01
     69 T   8 O     4.975455309144E-01  3.316297697743E-01 -1.730461418020E-01
     70 T   8 O     4.981190279616E-01 -3.330434696694E-01  1.590914287326E-01
     71 T   8 O    -4.988556792044E-01 -3.301755632274E-01  4.950570008383E-01
     72 T   8 O     4.987872429386E-01 -3.363167547479E-01 -1.724832908039E-01
     73 T   8 O    -1.672713934313E-01  4.292711803399E-04  1.649549717502E-01
     74 T   8 O    -1.662942811659E-01  1.905714686491E-03  4.977691162906E-01
     75 T   8 O    -1.663489978364E-01 -3.326889257670E-03 -1.718854437973E-01
     76 T   8 O    -1.674024983132E-01  3.330070062807E-01  1.649404342865E-01
     77 T   8 O    -1.683179194444E-01  3.325413591102E-01  4.978418343665E-01
     78 T   8 O    -1.633594296851E-01  3.335485276184E-01 -1.710254631581E-01
     79 T   8 O    -1.649187969040E-01 -3.316369450512E-01  1.595325791216E-01
     80 T   8 O    -1.660089404677E-01 -3.320791988025E-01  4.980649757899E-01
     81 T   8 O    -1.645781240252E-01 -3.355509187722E-01 -1.701832792263E-01
     82 T   8 O    -2.259260440481E-03  1.655776821015E-01  1.639445271677E-01
     83 T   8 O    -2.979182833969E-03  1.666870554666E-01  4.966153758078E-01
     84 T   8 O     2.970692840556E-03  1.662599562299E-01 -1.730258220842E-01
     85 T   8 O     1.909195778882E-03 -4.973347504544E-01  1.610668483700E-01
     86 T   8 O     1.328612868963E-03  4.974505898329E-01  4.934243583561E-01
     87 T   8 O    -1.028797270724E-03 -4.969378464046E-01 -1.724503977440E-01
     88 T   8 O    -3.264069874611E-03 -1.663421129976E-01  1.624792197335E-01
     89 T   8 O    -2.834743378524E-03 -1.682128348672E-01  4.960083534956E-01
     90 T   8 O     1.245758023437E-03 -1.638583749401E-01 -1.702387805379E-01
     91 T   8 O     3.346566125263E-01  1.694104934568E-01  1.604032647451E-01
     92 T   8 O     3.353497025781E-01  1.640458188298E-01  4.956834069343E-01
     93 T   8 O     3.318531474844E-01  1.647335456926E-01 -1.693115571443E-01
     94 T   8 O     3.319458588069E-01 -4.973595776355E-01  1.632754735115E-01
     95 T   8 O     3.359702930694E-01  4.980046767683E-01  4.945368254547E-01
     96 T   8 O     3.360750520051E-01 -4.985773463059E-01 -1.728374148995E-01
     97 T   8 O     3.364809683284E-01 -1.655971847668E-01  1.613088335194E-01
     98 T   8 O     3.354097532382E-01 -1.650606639534E-01  4.930766814300E-01
     99 T   8 O     3.361303981514E-01 -1.656805479167E-01 -1.730868270556E-01
    100 T   8 O    -3.316309119000E-01  1.637967277879E-01  1.621513536629E-01
    101 T   8 O    -3.343421326156E-01  1.634755407391E-01  4.953894924502E-01
    102 T   8 O    -3.335704016077E-01  1.633184783409E-01 -1.714287005446E-01
    103 T   8 O    -3.333488146922E-01 -4.977249129992E-01  1.593791927662E-01
    104 T   8 O    -3.313723561137E-01  4.972968548530E-01  4.954618408560E-01
    105 T   8 O    -3.337454532145E-01 -4.967532987235E-01 -1.722910332900E-01
    106 T   8 O    -3.314344853996E-01 -1.639009172564E-01  1.619417928955E-01
    107 T   8 O    -3.331355949198E-01 -1.647041924472E-01  4.924722012753E-01
    108 T   8 O    -3.366793070872E-01 -1.668819559462E-01 -1.713576738417E-01
    109 T  22 TI    1.652826621215E-01  1.668224828802E-01  1.779120874853E-01
    110 T  22 TI    1.699403964202E-01  1.667732760657E-01 -4.909971026663E-01
    111 T  22 TI    1.650857498693E-01  1.641790753800E-01 -1.568234690877E-01
    112 T  22 TI    1.675019829586E-01  4.982994302233E-01  1.722557596295E-01
    113 T  22 TI    1.661165956416E-01 -4.983854191644E-01 -4.889126619606E-01
    114 T  22 TI    1.648208531654E-01 -4.977537646738E-01 -1.567543183344E-01
    115 T  22 TI    1.660963968528E-01 -1.641383700849E-01  1.728736376302E-01
    116 T  22 TI    1.656677363485E-01 -1.656113145708E-01 -4.946580204645E-01
    117 T  22 TI    1.688623452081E-01 -1.677421944681E-01 -1.606213023359E-01
    118 T  22 TI   -4.996667734747E-01  1.664822742218E-01  1.781843657392E-01
    119 T  22 TI   -4.995774575859E-01  1.658924542387E-01 -4.885756279768E-01
    120 T  22 TI    4.994706468115E-01  1.679416351797E-01 -1.613574756585E-01
    121 T  22 TI    4.999345167189E-01  4.977828875901E-01  1.724993902936E-01
    122 T  22 TI    4.994845799537E-01  4.968941076115E-01 -4.928561899849E-01
    123 T  22 TI   -4.996176197044E-01 -4.980349338921E-01 -1.610034582770E-01
    124 T  22 TI   -4.988332864177E-01 -1.697009839374E-01  1.741259945050E-01
    125 T  22 TI   -4.986496967035E-01 -1.656971492951E-01 -4.945517313072E-01
    126 T  22 TI   -4.973387650094E-01 -1.651944854397E-01 -1.597703645424E-01
    127 T  22 TI   -1.668977637247E-01  1.697201700505E-01  1.762861999363E-01
    128 T  22 TI   -1.636658344702E-01  1.669497148313E-01 -4.902814886866E-01
    129 T  22 TI   -1.635180662881E-01  1.672926053898E-01 -1.593462694779E-01
    130 T  22 TI   -1.661137447850E-01 -4.974773278672E-01  1.728627948466E-01
    131 T  22 TI   -1.636934421617E-01 -4.985371222861E-01 -4.911852211242E-01
    132 T  22 TI   -1.673438031810E-01 -4.972818364987E-01 -1.601851529079E-01
    133 T  22 TI   -1.687939970012E-01 -1.692020799509E-01  1.743892942500E-01
    134 T  22 TI   -1.642224118630E-01 -1.644293439373E-01 -4.922548498098E-01
    135 T  22 TI   -1.652467966730E-01 -1.656271943144E-01 -1.556108632779E-01

 T = ATOM BELONGING TO THE ASYMMETRIC UNIT

 ****    1 SYMMOPS - TRANSLATORS IN FRACTIONAL UNITS
 **** MATRICES AND TRANSLATORS IN THE CRYSTALLOGRAPHIC REFERENCE FRAME
   V INV                    ROTATION MATRICES                   TRANSLATORS
   1   1  1.00  0.00  0.00  0.00  1.00  0.00  0.00  0.00  1.00  0.00  0.00  0.00

 DIRECT LATTICE VECTORS CARTESIAN COMPONENTS (ANGSTROM)
          X                    Y                    Z
   0.119077330500E+02   0.000000000000E+00   0.000000000000E+00
   0.000000000000E+00   0.119077330500E+02   0.000000000000E+00
   0.000000000000E+00   0.000000000000E+00   0.122747958000E+02


 CARTESIAN COORDINATES - PRIMITIVE CELL
 *******************************************************************************
 *      ATOM          X(ANGSTROM)         Y(ANGSTROM)         Z(ANGSTROM)
 *******************************************************************************
    1   256 BA   -1.262574411680E-02  1.500691911423E-02 -8.676112028072E-03
    2   256 BA   -4.229825629520E-03 -2.356102661860E-03  4.078078945388E+00
    3   256 BA    1.922145681530E-02  3.274217087360E-02  8.221972547148E+00
    4   256 BA   -2.466570370336E-02  3.956509603537E+00 -2.613583079828E-03
    5   256 BA    2.327329945148E-02  3.956557537272E+00  4.147741438248E+00
    6   256 BA    3.937464405791E-02  3.964891484655E+00  8.203843578280E+00
    7   256 BA   -3.259595719911E-02  7.922828089082E+00  4.328151810852E-02
    8   256 BA   -1.241894896610E-02  7.952045816080E+00  4.082260553283E+00
    9   256 BA    1.532380375912E-02  7.955756687791E+00  8.242048360796E+00
   10   256 BA    3.976469027922E+00 -1.318588552897E-02  6.325287981950E-02
   11   256 BA    3.952078054340E+00 -2.246343525892E-02  4.089487969559E+00
   12   256 BA    3.974319677294E+00 -1.883623187199E-03  8.249015400667E+00
   13   256 BA    3.982810053046E+00  3.938338800731E+00  4.765291977461E-02
   14   256 BA    3.951394339557E+00  3.946870922009E+00  4.145727752274E+00
   15   256 BA    3.966421503725E+00  3.936846020732E+00  8.186094382122E+00
   16   256 BA    3.974112796915E+00  7.899029201489E+00  3.057328037764E-02
   17   256 BA    3.968304673060E+00  7.912900146672E+00  4.148514994492E+00
   18   256 BA    3.954000754463E+00  7.914278604029E+00  8.237338824941E+00
   19   256 BA    7.916731191884E+00 -1.193592954380E-02 -5.184845232863E-03
   20   256 BA    7.898981402426E+00 -4.166523783092E-03  4.113114336641E+00
   21   256 BA    7.966919506924E+00  2.028441601710E-02  8.189883900674E+00
   22   256 BA    7.924798417841E+00  3.973623943391E+00  6.351444203575E-02
   23   256 BA    7.944122672044E+00  3.938713190532E+00  4.092563676020E+00
   24   256 BA    7.908481251931E+00  3.993692871327E+00  8.199292699388E+00
   25   256 BA    7.935497640067E+00  7.911127555561E+00  5.521072647897E-02
   26   256 BA    7.918651190433E+00  7.962953262172E+00  4.142441643728E+00
   27   256 BA    7.925654276234E+00  7.925999188329E+00  8.245150590067E+00
   28     8 O     2.013071211052E+00  1.958845777874E+00  3.971861727918E+00
   29     8 O     1.957961288625E+00  1.955889648213E+00  8.060202537049E+00
   30     8 O     2.008878414130E+00  1.953286429379E+00  1.213837341602E+01
   31     8 O     2.017722335836E+00  5.972301143154E+00  3.947799050258E+00
   32     8 O     1.992022184800E+00  5.931654995106E+00  8.019792309098E+00
   33     8 O     1.954971795612E+00  5.980477695454E+00  1.214738752023E+01
   34     8 O     1.986372520436E+00  9.891035485445E+00  3.984461496315E+00
   35     8 O     1.988942342673E+00  9.956730247495E+00  8.073463630274E+00
   36     8 O     2.000568915593E+00  9.923075004460E+00  1.218050751512E+01
   37     8 O     5.955823543402E+00  1.946217846506E+00  3.971639141214E+00
   38     8 O     5.959853782375E+00  2.010688329207E+00  8.081969176185E+00
   39     8 O     5.984456126664E+00  1.968512058700E+00  1.216394189033E+01
   40     8 O     5.948293006958E+00  5.986565337842E+00  3.982981025797E+00
   41     8 O     5.972817071869E+00  5.924467011121E+00  8.071629905470E+00
   42     8 O     5.952459010220E+00  5.983131045724E+00  1.217105618608E+01
   43     8 O     5.960236578962E+00  9.899199364719E+00  3.929199437180E+00
   44     8 O     5.976715221768E+00  9.924311664221E+00  8.085035114508E+00
   45     8 O     5.945401405667E+00  9.910964464528E+00  1.218098293316E+01
   46     8 O     9.895740628522E+00  1.982094495166E+00  3.989686474485E+00
   47     8 O     9.918103285622E+00  1.948221095414E+00  8.036417363203E+00
   48     8 O     9.954557621994E+00  1.972789789912E+00  1.212211896513E+01
   49     8 O     9.888487974709E+00  5.958804315705E+00  3.941213311709E+00
   50     8 O     9.962613326920E+00  5.955882379753E+00  8.058182697274E+00
   51     8 O     9.935022255104E+00  5.915681244534E+00  1.214376559281E+01
   52     8 O     9.960007125821E+00  9.930605553444E+00  3.947117403367E+00
   53     8 O     9.900029927229E+00  9.924900696942E+00  8.019605098351E+00
   54     8 O     9.918452454826E+00  9.961678960778E+00  1.213429472672E+01
   55     8 O     1.949820271765E+00 -1.680453452422E-02  1.996092289817E+00
   56     8 O     1.967147161948E+00  3.236546476705E-02  6.093093582664E+00
   57     8 O     1.951886483748E+00 -7.286390626961E-03  1.014717176164E+01
   58     8 O     1.999161346284E+00  4.006424677374E+00  1.983278399211E+00
   59     8 O     2.002337890577E+00  3.934519906284E+00  6.086338881117E+00
   60     8 O     2.009036947395E+00  3.947840817255E+00  1.019233527569E+01
   61     8 O     1.957481515562E+00  7.928599000633E+00  2.013444636916E+00
   62     8 O     1.996829895227E+00  7.972895068731E+00  6.093719586973E+00
   63     8 O     1.971228475493E+00  7.936679331972E+00  1.013132523865E+01
   64     8 O     5.923491333416E+00 -1.202500680112E-02  2.008856860192E+00
   65     8 O     5.945995784566E+00 -3.826224531043E-02  6.068768799688E+00
   66     8 O     5.967993618452E+00 -2.715284011663E-02  1.014322107861E+01
   67     8 O     5.988072025547E+00  3.967643775690E+00  1.965101364294E+00
   68     8 O     5.922352786936E+00  3.990069841929E+00  6.090534057320E+00
   69     8 O     5.924639362350E+00  3.948958769906E+00  1.015068974540E+01
   70     8 O     5.931468412093E+00  7.941940319130E+00  1.952814801223E+00
   71     8 O     5.967492791557E+00  7.976090583455E+00  6.076723594651E+00
   72     8 O     5.939425337658E+00  7.902962914219E+00  1.015759862647E+01
   73     8 O     9.915909950118E+00  5.111646621546E-03  2.024788594429E+00
   74     8 O     9.927545142135E+00  2.269274175620E-02  6.110014258013E+00
   75     8 O     9.926893590629E+00 -3.961570916724E-02  1.016493707640E+01
   76     8 O     9.914348788183E+00  3.965358534570E+00  2.024610150030E+00
   77     8 O     9.903448197725E+00  3.959813732368E+00  6.110906857546E+00
   78     8 O     9.962492570110E+00  3.971806826101E+00  1.017549316313E+01
   79     8 O     9.943924041540E+00  7.958688838813E+00  1.958229832165E+00
   80     8 O     9.930942902998E+00  7.953422599202E+00  6.113645872954E+00
   81     8 O     9.947980683239E+00  7.912082284579E+00  1.018583079892E+01
   82     8 O    -2.690267021568E-02  1.971654837503E+00  2.012385593512E+00
   83     8 O    -3.547531389405E-02  1.984864959387E+00  6.095852329181E+00
   84     8 O     3.537421731888E-02  1.979779175691E+00  1.015093916579E+01
   85     8 O     2.273419367512E-02  5.985603605101E+00  1.977062673892E+00
   86     8 O     1.582076737040E-02  5.923508829295E+00  6.056683241567E+00
   87     8 O    -1.225064326235E-02  5.990329832572E+00  1.015800238206E+01
   88     8 O    -3.886767272341E-02  9.926975573451E+00  1.994399243973E+00
   89     8 O    -3.375536741671E-02  9.904699516818E+00  6.088401254253E+00
   90     8 O     1.483415398799E-02  9.956551263207E+00  1.018514953166E+01
   91     8 O     3.985001605381E+00  2.017294931952E+00  1.968917320399E+00
   92     8 O     3.993254736697E+00  1.953413818593E+00  6.084412601567E+00
   93     8 O     3.951618692047E+00  1.961603086487E+00  1.019653100947E+01
   94     8 O     3.952722673726E+00  5.985307969655E+00  2.004173096502E+00
   95     8 O     4.000644562601E+00  5.930106748608E+00  6.070338548036E+00
   96     8 O     4.001892004041E+00  5.970807105412E+00  1.015325182551E+01
   97     8 O     4.006725547260E+00  9.935845979965E+00  1.980032992186E+00
   98     8 O     3.993969803927E+00  9.942234726587E+00  6.052415578295E+00
   99     8 O     4.002551051177E+00  9.934853313830E+00  1.015019034222E+01
  100     8 O     7.958760679967E+00  1.950447708962E+00  1.990374754905E+00
  101     8 O     7.926476187446E+00  1.946623099325E+00  6.080804861292E+00
  102     8 O     7.935665754274E+00  1.944752842216E+00  1.017054350656E+01
  103     8 O     7.938304352111E+00  5.980957653671E+00  1.956347045973E+00
  104     8 O     7.961839493248E+00  5.921678194194E+00  6.081692923200E+00
  105     8 O     7.933581286471E+00  5.992527377094E+00  1.015995854819E+01
  106     8 O     7.961099674297E+00  9.956044680660E+00  1.987802439278E+00
  107     8 O     7.940843316242E+00  9.946479494123E+00  6.044995707830E+00
  108     8 O     7.898645737747E+00  9.920547267731E+00  1.017141534483E+01
  109    22 TI    1.968141818336E+00  1.986477592876E+00  2.183834544234E+00
  110    22 TI    2.023604874983E+00  1.985891651265E+00  6.247906626380E+00
  111    22 TI    1.965797039803E+00  1.955000602021E+00  1.034981974030E+01
  112    22 TI    1.994568898417E+00  5.933616594066E+00  2.114404274826E+00
  113    22 TI    1.978072076076E+00  5.973092522577E+00  6.273492710399E+00
  114    22 TI    1.962642720567E+00  5.980614095632E+00  1.035066855168E+01
  115    22 TI    1.977831554290E+00  9.953217155767E+00  2.121988601114E+00
  116    22 TI    1.972727179435E+00  9.935677726031E+00  6.202969607966E+00
  117    22 TI    2.010767728935E+00  9.910303777052E+00  1.030320211270E+01
  118    22 TI    5.957834497509E+00  1.982426478991E+00  2.187176704202E+00
  119    22 TI    5.958898047269E+00  1.975403060084E+00  6.277629733729E+00
  120    22 TI    5.947563128542E+00  1.999804159701E+00  1.029416573549E+01
  121    22 TI    5.953086767570E+00  5.927465742281E+00  2.117394791478E+00
  122    22 TI    5.947729040681E+00  5.916882387556E+00  6.225086709170E+00
  123    22 TI    5.958419807484E+00  5.977266007638E+00  1.029851122656E+01
  124    22 TI    5.967759438884E+00  9.886979034952E+00  2.137361026021E+00
  125    22 TI    5.969945576191E+00  9.934655629048E+00  6.204274285668E+00
  126    22 TI    5.985555800852E+00  9.940641216052E+00  1.031364720035E+01
  127    22 TI    9.920359032924E+00  2.020982478162E+00  2.163877106576E+00
  128    22 TI    9.958843983723E+00  1.987992636985E+00  6.256690641851E+00
  129    22 TI    9.960603567789E+00  1.992075686220E+00  1.031885288067E+01
  130    22 TI    9.929694921165E+00  5.983905831330E+00  2.121855508159E+00
  131    22 TI    9.958515238703E+00  5.971286082302E+00  6.245597510722E+00
  132    22 TI    9.915047714149E+00  5.986233690360E+00  1.030855575786E+01
  133    22 TI    9.897779193267E+00  9.892919850440E+00  2.140592976625E+00
  134    22 TI    9.952216408708E+00  9.949752316808E+00  6.232468037025E+00
  135    22 TI    9.940018307850E+00  9.935488634284E+00  1.036470422900E+01

 *******************************************************************************
 *** PSEUDOPOTENTIAL INFORMATION ***
 *******************************************************************************

 ATOMIC NUMBER  56, NUCLEAR CHARGE 10.000, GIVEN IN INPUT       PSEUDOPOTENTIAL
   TYPE       EXPONENT      COEFF.    N      EXPONENT      COEFF.    N
  P0 TMS     9.5269860  427.8458160   0     4.4875100  204.4175300   0
  P1 TMS     8.3159300  293.6058640   0     4.2922170  294.1933160   0
  P2 TMS     5.9161080  112.5504020   0     2.8748420  181.7826210   0
  P3 TMS     3.5894650  -33.4731740   0

 *******************************************************************************
 LOCAL ATOMIC FUNCTIONS BASIS SET
 *******************************************************************************
   ATOM   X(AU)   Y(AU)   Z(AU)  N. TYPE  EXPONENT  S COEF   P COEF   D/F/G COEF
 *******************************************************************************
   1 BA  -0.024   0.028  -0.016
                                  1 S  
                                         2.396E+00-5.955E+00 0.000E+00 0.000E+00
                                         2.243E+00 6.681E+00 0.000E+00 0.000E+00
                                         7.174E-01-5.706E-01 0.000E+00 0.000E+00
                                  2 S  
                                         2.742E-01 1.000E+00 0.000E+00 0.000E+00
                           3-     6 SP 
                                         1.300E-01 1.000E+00 1.000E+00 0.000E+00
                           7-     9 P  
                                         2.927E+00 0.000E+00 7.982E-01 0.000E+00
                                         2.521E+00 0.000E+00-1.071E+00 0.000E+00
                                         6.758E-01 0.000E+00 3.494E-01 0.000E+00
                                         3.199E-01 0.000E+00 6.504E-01 0.000E+00
                          10-    14 D  
                                         9.663E-01 0.000E+00 0.000E+00-9.089E-01
                                         8.938E-01 0.000E+00 0.000E+00 9.472E-01
                          15-    19 D  
                                         2.732E-01 0.000E+00 0.000E+00 3.221E-01
   2 BA  -0.008  -0.004   7.706
   3 BA   0.036   0.062  15.537
   4 BA  -0.047   7.477  -0.005
   5 BA   0.044   7.477   7.838
   6 BA   0.074   7.493  15.503
   7 BA  -0.062  14.972   0.082
   8 BA  -0.023  15.027   7.714
   9 BA   0.029  15.034  15.575
  10 BA   7.514  -0.025   0.120
  11 BA   7.468  -0.042   7.728
  12 BA   7.510  -0.004  15.588
  13 BA   7.526   7.442   0.090
  14 BA   7.467   7.459   7.834
  15 BA   7.495   7.440  15.469
  16 BA   7.510  14.927   0.058
  17 BA   7.499  14.953   7.840
  18 BA   7.472  14.956  15.566
  19 BA  14.960  -0.023  -0.010
  20 BA  14.927  -0.008   7.773
  21 BA  15.055   0.038  15.477
  22 BA  14.976   7.509   0.120
  23 BA  15.012   7.443   7.734
  24 BA  14.945   7.547  15.494
  25 BA  14.996  14.950   0.104
  26 BA  14.964  15.048   7.828
  27 BA  14.977  14.978  15.581
  28 O    3.804   3.702   7.506
                                514 S  
                                         2.703E+04 2.173E-04 0.000E+00 0.000E+00
                                         4.052E+03 1.684E-03 0.000E+00 0.000E+00
                                         9.223E+02 8.740E-03 0.000E+00 0.000E+00
                                         2.612E+02 3.524E-02 0.000E+00 0.000E+00
                                         8.535E+01 1.115E-01 0.000E+00 0.000E+00
                                         3.104E+01 2.559E-01 0.000E+00 0.000E+00
                                515 S  
                                         1.227E+01 3.977E-01 0.000E+00 0.000E+00
                                         4.916E+00 2.463E-01 0.000E+00 0.000E+00
                                516 S  
                                         9.009E-01 1.000E+00 0.000E+00 0.000E+00
                         517-   520 SP 
                                         2.500E-01 1.000E+00 1.000E+00 0.000E+00
                         521-   523 P  
                                         7.530E+01 0.000E+00 6.069E-03 0.000E+00
                                         1.774E+01 0.000E+00 4.191E-02 0.000E+00
                                         5.536E+00 0.000E+00 1.615E-01 0.000E+00
                                         2.069E+00 0.000E+00 3.571E-01 0.000E+00
                         524-   526 P  
                                         7.824E-01 0.000E+00 1.000E+00 0.000E+00
                         527-   531 D  
                                         1.200E+00 0.000E+00 0.000E+00 1.000E+00
  29 O    3.700   3.696  15.232
  30 O    3.796   3.691  22.938
  31 O    3.813  11.286   7.460
  32 O    3.764  11.209  15.155
  33 O    3.694  11.301  22.955
  34 O    3.754  18.691   7.530
  35 O    3.759  18.815  15.257
  36 O    3.781  18.752  23.018
  37 O   11.255   3.678   7.505
  38 O   11.262   3.800  15.273
  39 O   11.309   3.720  22.987
  40 O   11.241  11.313   7.527
  41 O   11.287  11.196  15.253
  42 O   11.249  11.306  23.000
  43 O   11.263  18.707   7.425
  44 O   11.294  18.754  15.279
  45 O   11.235  18.729  23.019
  46 O   18.700   3.746   7.539
  47 O   18.742   3.682  15.187
  48 O   18.811   3.728  22.907
  49 O   18.687  11.261   7.448
  50 O   18.827  11.255  15.228
  51 O   18.774  11.179  22.948
  52 O   18.822  18.766   7.459
  53 O   18.708  18.755  15.155
  54 O   18.743  18.825  22.930
  55 O    3.685  -0.032   3.772
  56 O    3.717   0.061  11.514
  57 O    3.689  -0.014  19.175
  58 O    3.778   7.571   3.748
  59 O    3.784   7.435  11.502
  60 O    3.797   7.460  19.261
  61 O    3.699  14.983   3.805
  62 O    3.773  15.067  11.515
  63 O    3.725  14.998  19.145
  64 O   11.194  -0.023   3.796
  65 O   11.236  -0.072  11.468
  66 O   11.278  -0.051  19.168
  67 O   11.316   7.498   3.714
  68 O   11.192   7.540  11.509
  69 O   11.196   7.462  19.182
  70 O   11.209  15.008   3.690
  71 O   11.277  15.073  11.483
  72 O   11.224  14.934  19.195
  73 O   18.738   0.010   3.826
  74 O   18.760   0.043  11.546
  75 O   18.759  -0.075  19.209
  76 O   18.735   7.493   3.826
  77 O   18.715   7.483  11.548
  78 O   18.826   7.506  19.229
  79 O   18.791  15.040   3.701
  80 O   18.767  15.030  11.553
  81 O   18.799  14.952  19.248
  82 O   -0.051   3.726   3.803
  83 O   -0.067   3.751  11.519
  84 O    0.067   3.741  19.182
  85 O    0.043  11.311   3.736
  86 O    0.030  11.194  11.445
  87 O   -0.023  11.320  19.196
  88 O   -0.073  18.759   3.769
  89 O   -0.064  18.717  11.505
  90 O    0.028  18.815  19.247
  91 O    7.531   3.812   3.721
  92 O    7.546   3.691  11.498
  93 O    7.467   3.707  19.269
  94 O    7.470  11.311   3.787
  95 O    7.560  11.206  11.471
  96 O    7.562  11.283  19.187
  97 O    7.572  18.776   3.742
  98 O    7.548  18.788  11.437
  99 O    7.564  18.774  19.181
 100 O   15.040   3.686   3.761
 101 O   14.979   3.679  11.491
 102 O   14.996   3.675  19.220
 103 O   15.001  11.302   3.697
 104 O   15.046  11.190  11.493
 105 O   14.992  11.324  19.200
 106 O   15.044  18.814   3.756
 107 O   15.006  18.796  11.423
 108 O   14.926  18.747  19.221
 109 TI   3.719   3.754   4.127
                               1972 S  
                                         2.116E+05 2.332E-04 0.000E+00 0.000E+00
                                         3.171E+04 1.808E-03 0.000E+00 0.000E+00
                                         7.218E+03 9.398E-03 0.000E+00 0.000E+00
                                         2.043E+03 3.816E-02 0.000E+00 0.000E+00
                                         6.651E+02 1.237E-01 0.000E+00 0.000E+00
                                         2.387E+02 2.921E-01 0.000E+00 0.000E+00
                                         9.251E+01 4.123E-01 0.000E+00 0.000E+00
                                         3.640E+01 2.109E-01 0.000E+00 0.000E+00
                               1973 S  
                                         2.327E+02-2.492E-02 0.000E+00 0.000E+00
                                         7.179E+01-1.175E-01 0.000E+00 0.000E+00
                                         1.116E+01 5.650E-01 0.000E+00 0.000E+00
                                         4.655E+00 5.621E-01 0.000E+00 0.000E+00
                               1974 S  
                                         6.803E+00-2.301E-01 0.000E+00 0.000E+00
                                         1.120E+00 7.210E-01 0.000E+00 0.000E+00
                               1975 S  
                                         4.808E-01 1.000E+00 0.000E+00 0.000E+00
                               1976 S  
                                         2.400E-01 1.000E+00 0.000E+00 0.000E+00
                        1977-  1980 SP 
                                         1.200E-01 1.000E+00 1.000E+00 0.000E+00
                        1981-  1983 P  
                                         1.063E+03 0.000E+00 2.469E-03 0.000E+00
                                         2.516E+02 0.000E+00 1.977E-02 0.000E+00
                                         8.041E+01 0.000E+00 9.099E-02 0.000E+00
                                         2.977E+01 0.000E+00 2.556E-01 0.000E+00
                                         1.174E+01 0.000E+00 4.049E-01 0.000E+00
                                         4.714E+00 0.000E+00 2.369E-01 0.000E+00
                        1984-  1986 P  
                                         1.780E+01 0.000E+00-2.788E-02 0.000E+00
                                         2.427E+00 0.000E+00 5.567E-01 0.000E+00
                                         9.682E-01 0.000E+00 1.006E+00 0.000E+00
                        1987-  1989 P  
                                         3.706E-01 0.000E+00 1.000E+00 0.000E+00
                        1990-  1994 D  
                                         3.771E+01 0.000E+00 0.000E+00 1.151E-02
                                         1.069E+01 0.000E+00 0.000E+00 6.725E-02
                                         3.673E+00 0.000E+00 0.000E+00 2.148E-01
                                         1.359E+00 0.000E+00 0.000E+00 3.889E-01
                        1995-  1999 D  
                                         5.400E-01 0.000E+00 0.000E+00 1.000E+00
                        2000-  2004 D  
                                         2.200E-01 0.000E+00 0.000E+00 1.000E+00
 110 TI   3.824   3.753  11.807
 111 TI   3.715   3.694  19.558
 112 TI   3.769  11.213   3.996
 113 TI   3.738  11.288  11.855
 114 TI   3.709  11.302  19.560
 115 TI   3.738  18.809   4.010
 116 TI   3.728  18.776  11.722
 117 TI   3.800  18.728  19.470
 118 TI  11.259   3.746   4.133
 119 TI  11.261   3.733  11.863
 120 TI  11.239   3.779  19.453
 121 TI  11.250  11.201   4.001
 122 TI  11.240  11.181  11.764
 123 TI  11.260  11.295  19.461
 124 TI  11.277  18.684   4.039
 125 TI  11.282  18.774  11.724
 126 TI  11.311  18.785  19.490
 127 TI  18.747   3.819   4.089
 128 TI  18.819   3.757  11.823
 129 TI  18.823   3.764  19.500
 130 TI  18.764  11.308   4.010
 131 TI  18.819  11.284  11.802
 132 TI  18.737  11.312  19.480
 133 TI  18.704  18.695   4.045
 134 TI  18.807  18.802  11.778
 135 TI  18.784  18.775  19.586
 INFORMATION **** SET_MPP **** PCRYSTAL CALCULATION
 INFORMATION **** READM2 **** NEW DEFAULT: FOCK/KS MATRIX MIXING SET TO 30 %
 INFORMATION **** READM2 **** NEW DEFAULT: FULL DIRECT SCF MODE
 INFORMATION **** READM2 **** NEW DEFAULT: COULOMB BIPOLAR BUFFER SET TO 32 Mb
 INFORMATION **** READM2 **** NEW DEFAULT: EXCHANGE BIPOLAR BUFFER SET TO 32 Mb

 *******************************************************************************
 NEW DEFAULT: DFT INTEGRATION GRID INCREASED TO XLGRID
 NEW DEFAULT: DIIS ACCELERATOR ACTIVE
 USE KEYWORD NODIIS TO TURN IT OFF
 *******************************************************************************

 INFORMATION **** TOLINTEG **** COULOMB AND EXCHANGE SERIES TOLERANCES MODIFIED
 INFORMATION **** MAXCYCLE **** MAX NUMBER OF SCF CYCLES SET TO         100
 INFORMATION **** EXCHSIZE **** EXCHANGE BIPOLAR BUFFER SIZE SET TO    30000000
 INFORMATION **** BIPOSIZE **** COULOMB BIPOLAR BUFFER SET TO    30000000
 INFORMATION **** GRADCAL **** ANALYTICAL GRADIENT AFTER SCF COMPLETED
 *******************************************************************************
 N. OF ATOMS PER CELL       135  COULOMB OVERLAP TOL         (T1) 10**   -8
 NUMBER OF SHELLS          1053  COULOMB PENETRATION TOL     (T2) 10**   -8
 NUMBER OF AO              2862  EXCHANGE OVERLAP TOL        (T3) 10**   -8
 N. OF ELECTRONS PER CELL  1512  EXCHANGE PSEUDO OVP (F(G))  (T4) 10**   -8
 CORE ELECTRONS PER CELL    648  EXCHANGE PSEUDO OVP (P(G))  (T5) 10**  -16
 N. OF SYMMETRY OPERATORS     1  POLE ORDER IN MONO ZONE                  4
 *******************************************************************************
 TYPE OF CALCULATION :  RESTRICTED CLOSED SHELL
 KOHN-SHAM HAMILTONIAN

 (EXCHANGE)[CORRELATION] FUNCTIONAL:(PERDEW-BURKE-ERNZERHOF)[PERDEW-BURKE-ERNZERHOF]


 HYBRID EXCHANGE - PERCENTAGE OF FOCK EXCHANGE    25.0000
 CORE  PSEUDO POTENTIAL         TOL. ON PSEUDO              (TP) 10**- 6

 CAPPA:IS1  2;IS2  2;IS3  2; K PTS MONK NET   8; SYMMOPS:K SPACE   2;G SPACE   1

 *******************************************************************************
 MAX NUMBER OF SCF CYCLES     100  CONVERGENCE ON DELTAP        10**-16
 WEIGHT OF F(I) IN F(I+1)      80% CONVERGENCE ON ENERGY        10**- 6
 SHRINK. FACT.(MONKH.)    2  2  2  NUMBER OF K POINTS IN THE IBZ      8
 SHRINKING FACTOR(GILAT NET)    2  NUMBER OF K POINTS(GILAT NET)      8
 *******************************************************************************
 *** K POINTS COORDINATES (OBLIQUE COORDINATES IN UNITS OF IS =  2)
   1-R(  0  0  0)   2-R(  1  0  0)   3-R(  0  1  0)   4-R(  1  1  0)
   5-R(  0  0  1)   6-R(  1  0  1)   7-R(  0  1  1)   8-R(  1  1  1)

 DIRECT LATTICE VECTORS COMPON. (A.U.)     RECIP. LATTICE VECTORS COMPON. (A.U.) 
        X            Y            Z              X            Y            Z
   22.5023543    0.0000000    0.0000000      0.2792235    0.0000000    0.0000000
    0.0000000   22.5023543    0.0000000      0.0000000    0.2792235    0.0000000
    0.0000000    0.0000000   23.1960024      0.0000000    0.0000000    0.2708736

 DISK SPACE FOR EIGENVECTORS (FTN 10)    65528352 REALS

 SYMMETRY ADAPTION OF THE BLOCH FUNCTIONS DISABLED
 TTTTTTTTTTTTTTTTTTTTTTTTTTTTTT gordsh1     TELAPSE        0.49 TCPU        0.39

 MATRIX SIZE: P(G) 7082828, F(G) 1249862, P(G) IRR 3549217, F(G) IRR 1253642
 MAX G-VECTOR INDEX FOR 1- AND 2-ELECTRON INTEGRALS  27

 TTTTTTTTTTTTTTTTTTTTTTTTTTTTTT INPUT       TELAPSE        3.54 TCPU        3.45

 NEIGHBORS OF THE NON-EQUIVALENT ATOMS

 N = NUMBER OF NEIGHBORS AT DISTANCE R
    ATOM  N     R/ANG      R/AU   NEIGHBORS (ATOM LABELS AND CELL INDICES)
   1 BA   1     2.7603     5.2163   48 O   -1 0-1
   1 BA   1     2.7875     5.2677   54 O   -1-1-1
   1 BA   1     2.8035     5.2979   30 O    0 0-1
   1 BA   1     2.8056     5.3018   55 O    0 0 0
   1 BA   1     2.8131     5.3159   82 O    0 0 0
   1 BA   1     2.8277     5.3436   88 O    0-1 0

   2 BA   1     2.7738     5.2418   52 O   -1-1 0
   2 BA   1     2.8155     5.3205   28 O    0 0 0
   2 BA   1     2.8192     5.3275   56 O    0 0 0
   2 BA   1     2.8244     5.3373   46 O   -1 0 0
   2 BA   1     2.8322     5.3521   83 O    0 0 0
   2 BA   1     2.8335     5.3546   34 O    0-1 0

   3 BA   1     2.7282     5.1556   57 O    0 0 0
   3 BA   1     2.7356     5.1695   29 O    0 0 0
   3 BA   1     2.7408     5.1794   84 O    0 0 0
   3 BA   1     2.7819     5.2570   47 O   -1 0 0
   3 BA   1     2.7894     5.2711   75 O   -1 0 0
   3 BA   1     2.7911     5.2743   90 O    0-1 0

   4 BA   1     2.7658     5.2266   51 O   -1 0-1
   4 BA   1     2.7707     5.2359   48 O   -1 0-1
   4 BA   1     2.8259     5.3401   76 O   -1 0 0
   4 BA   1     2.8284     5.3449   82 O    0 0 0
   4 BA   1     2.8339     5.3553   33 O    0 0-1
   4 BA   1     2.8352     5.3578   85 O    0 0 0

   5 BA   1     2.7410     5.1797   86 O    0 0 0
   5 BA   1     2.7704     5.2354   59 O    0 0 0
   5 BA   1     2.7724     5.2391   83 O    0 0 0
   5 BA   1     2.8222     5.3333   77 O   -1 0 0
   5 BA   1     2.8251     5.3386   28 O    0 0 0
   5 BA   1     2.8400     5.3669   46 O   -1 0 0

   6 BA   1     2.7776     5.2488   32 O    0 0 0
   6 BA   1     2.7806     5.2546   84 O    0 0 0
   6 BA   1     2.7817     5.2566   29 O    0 0 0
   6 BA   1     2.7975     5.2866   78 O   -1 0 0
   6 BA   1     2.7989     5.2892   60 O    0 0 0
   6 BA   1     2.8149     5.3193   50 O   -1 0 0

   7 BA   1     2.7199     5.1399   79 O   -1 0 0
   7 BA   1     2.7378     5.1736   85 O    0 0 0
   7 BA   1     2.7843     5.2616   33 O    0 0-1
   7 BA   1     2.7970     5.2855   51 O   -1 0-1
   7 BA   1     2.7971     5.2857   88 O    0 0 0
   7 BA   1     2.8004     5.2919   61 O    0 0 0

   8 BA   1     2.7710     5.2364   52 O   -1 0 0
   8 BA   1     2.7865     5.2657   34 O    0 0 0
   8 BA   1     2.7996     5.2905   89 O    0 0 0
   8 BA   1     2.8258     5.3400   80 O   -1 0 0
   8 BA   1     2.8309     5.3497   86 O    0 0 0
   8 BA   1     2.8320     5.3517   49 O   -1 0 0

   9 BA   1     2.7194     5.1390   63 O    0 0 0
   9 BA   1     2.7449     5.1871   87 O    0 0 0
   9 BA   1     2.7715     5.2373   81 O   -1 0 0
   9 BA   1     2.7891     5.2705   90 O    0 0 0
   9 BA   1     2.8065     5.3036   50 O   -1 0 0
   9 BA   1     2.8156     5.3207   35 O    0 0 0

  10 BA   1     2.7407     5.1792   97 O    0-1 0
  10 BA   1     2.7525     5.2015   64 O    0 0 0
  10 BA   1     2.7847     5.2623   91 O    0 0 0
  10 BA   1     2.7890     5.2704   30 O    0 0-1
  10 BA   1     2.7957     5.2830   36 O    0-1-1
  10 BA   1     2.7993     5.2899   45 O    0-1-1

  11 BA   1     2.7623     5.2200   98 O    0-1 0
  11 BA   1     2.7747     5.2435   28 O    0 0 0
  11 BA   1     2.8021     5.2953   34 O    0-1 0
  11 BA   1     2.8081     5.3066   92 O    0 0 0
  11 BA   1     2.8095     5.3093   65 O    0 0 0
  11 BA   1     2.8115     5.3130   37 O    0 0 0

  12 BA   1     2.7386     5.1753   99 O    0-1 0
  12 BA   1     2.7502     5.1971   66 O    0 0 0
  12 BA   1     2.7656     5.2263   93 O    0 0 0
  12 BA   1     2.7737     5.2415   57 O    0 0 0
  12 BA   1     2.7878     5.2681   35 O    0-1 0
  12 BA   1     2.8168     5.3229   29 O    0 0 0

  13 BA   1     2.7169     5.1342   91 O    0 0 0
  13 BA   1     2.7724     5.2391   58 O    0 0 0
  13 BA   1     2.7746     5.2433   67 O    0 0 0
  13 BA   1     2.8055     5.3016   30 O    0 0-1
  13 BA   1     2.8128     5.3155   39 O    0 0-1
  13 BA   1     2.8318     5.3513   94 O    0 0 0

  14 BA   1     2.7504     5.1976   59 O    0 0 0
  14 BA   1     2.7640     5.2232   95 O    0 0 0
  14 BA   1     2.7693     5.2331   68 O    0 0 0
  14 BA   1     2.7810     5.2554   92 O    0 0 0
  14 BA   1     2.7820     5.2572   28 O    0 0 0
  14 BA   1     2.8072     5.3049   31 O    0 0 0

  15 BA   1     2.7739     5.2419   69 O    0 0 0
  15 BA   1     2.7739     5.2420   38 O    0 0 0
  15 BA   1     2.8029     5.2968   60 O    0 0 0
  15 BA   1     2.8116     5.3132   32 O    0 0 0
  15 BA   1     2.8184     5.3261   93 O    0 0 0
  15 BA   1     2.8238     5.3362   29 O    0 0 0

  16 BA   1     2.7437     5.1849   70 O    0 0 0
  16 BA   1     2.7492     5.1952   94 O    0 0 0
  16 BA   1     2.7573     5.2105   42 O    0 0-1
  16 BA   1     2.7898     5.2719   33 O    0 0-1
  16 BA   1     2.8195     5.3280   45 O    0 0-1
  16 BA   1     2.8196     5.3283   97 O    0 0 0

  17 BA   1     2.7588     5.2134   31 O    0 0 0
  17 BA   1     2.7615     5.2185   95 O    0 0 0
  17 BA   1     2.7674     5.2296   40 O    0 0 0
  17 BA   1     2.7702     5.2350   62 O    0 0 0
  17 BA   1     2.7783     5.2502   71 O    0 0 0
  17 BA   1     2.7827     5.2586   98 O    0 0 0

  18 BA   1     2.7295     5.1580   96 O    0 0 0
  18 BA   1     2.7421     5.1818   63 O    0 0 0
  18 BA   1     2.7621     5.2197   72 O    0 0 0
  18 BA   1     2.7828     5.2588   99 O    0 0 0
  18 BA   1     2.7978     5.2870   32 O    0 0 0
  18 BA   1     2.8390     5.3649   35 O    0 0 0

  19 BA   1     2.7689     5.2325   39 O    0 0-1
  19 BA   1     2.7815     5.2562  106 O    0-1 0
  19 BA   1     2.7868     5.2662   54 O    0-1-1
  19 BA   1     2.7988     5.2891   45 O    0-1-1
  19 BA   1     2.7991     5.2895  100 O    0 0 0
  19 BA   1     2.8336     5.3548   64 O    0 0 0

  20 BA   1     2.7503     5.1973  107 O    0-1 0
  20 BA   1     2.7568     5.2096   37 O    0 0 0
  20 BA   1     2.7640     5.2233   65 O    0 0 0
  20 BA   1     2.7709     5.2363  101 O    0 0 0
  20 BA   1     2.7946     5.2811   43 O    0-1 0
  20 BA   1     2.8191     5.3274   46 O    0 0 0

  21 BA   1     2.7473     5.1916   47 O    0 0 0
  21 BA   1     2.7618     5.2191  102 O    0 0 0
  21 BA   1     2.7831     5.2594   75 O    0 0 0
  21 BA   1     2.7890     5.2704   53 O    0-1 0
  21 BA   1     2.7953     5.2823   66 O    0 0 0
  21 BA   1     2.8215     5.3319  108 O    0-1 0

  22 BA   1     2.7142     5.1291   67 O    0 0 0
  22 BA   1     2.7591     5.2139  103 O    0 0 0
  22 BA   1     2.7936     5.2792   76 O    0 0 0
  22 BA   1     2.7941     5.2801  100 O    0 0 0
  22 BA   1     2.7957     5.2831   39 O    0 0-1
  22 BA   1     2.8019     5.2948   51 O    0 0-1

  23 BA   1     2.7655     5.2260   46 O    0 0 0
  23 BA   1     2.8079     5.3061   49 O    0 0 0
  23 BA   1     2.8088     5.3078  104 O    0 0 0
  23 BA   1     2.8130     5.3158   77 O    0 0 0
  23 BA   1     2.8146     5.3188  101 O    0 0 0
  23 BA   1     2.8174     5.3242   37 O    0 0 0

  24 BA   1     2.7370     5.1721   41 O    0 0 0
  24 BA   1     2.7827     5.2585   38 O    0 0 0
  24 BA   1     2.7831     5.2593   69 O    0 0 0
  24 BA   1     2.8000     5.2913  105 O    0 0 0
  24 BA   1     2.8434     5.3732  102 O    0 0 0
  24 BA   1     2.8442     5.3748   50 O    0 0 0

  25 BA   1     2.7092     5.1197  103 O    0 0 0
  25 BA   1     2.7601     5.2158   70 O    0 0 0
  25 BA   1     2.7672     5.2293   79 O    0 0 0
  25 BA   1     2.7704     5.2352   42 O    0 0-1
  25 BA   1     2.8138     5.3172  106 O    0 0 0
  25 BA   1     2.8253     5.3389   45 O    0 0-1

  26 BA   1     2.7475     5.1920   71 O    0 0 0
  26 BA   1     2.7486     5.1940  107 O    0 0 0
  26 BA   1     2.7622     5.2199   43 O    0 0 0
  26 BA   1     2.7953     5.2824   40 O    0 0 0
  26 BA   1     2.8159     5.3213  104 O    0 0 0
  26 BA   1     2.8169     5.3232   80 O    0 0 0

  27 BA   1     2.7212     5.1423  105 O    0 0 0
  27 BA   1     2.7574     5.2107   72 O    0 0 0
  27 BA   1     2.7730     5.2402  108 O    0 0 0
  27 BA   1     2.7959     5.2836   44 O    0 0 0
  27 BA   1     2.8018     5.2945   41 O    0 0 0
  27 BA   1     2.8029     5.2967   81 O    0 0 0

  28 O    1     1.7888     3.3804  109 TI   0 0 0
  28 O    1     2.2762     4.3015  110 TI   0 0 0
  28 O    1     2.7747     5.2435   11 BA   0 0 0
  28 O    1     2.7820     5.2572   14 BA   0 0 0
  28 O    1     2.7948     5.2814   55 O    0 0 0
  28 O    1     2.8114     5.3127   91 O    0 0 0

  29 O    1     1.8137     3.4275  110 TI   0 0 0
  29 O    1     2.2896     4.3268  111 TI   0 0 0
  29 O    1     2.7356     5.1695    3 BA   0 0 0
  29 O    1     2.7513     5.1992   56 O    0 0 0
  29 O    1     2.7817     5.2566    6 BA   0 0 0
  29 O    1     2.7952     5.2821   59 O    0 0 0

  30 O    1     1.7891     3.3809  111 TI   0 0 0
  30 O    1     2.3209     4.3858  109 TI   0 0 1
  30 O    1     2.7468     5.1908   93 O    0 0 0
  30 O    1     2.7866     5.2660   60 O    0 0 0
  30 O    1     2.7890     5.2704   10 BA   0 0 1
  30 O    1     2.7950     5.2818   57 O    0 0 0

  31 O    1     1.8339     3.4657  112 TI   0 0 0
  31 O    1     2.3260     4.3956  113 TI   0 0 0
  31 O    1     2.7426     5.1828   94 O    0 0 0
  31 O    1     2.7518     5.2002   61 O    0 0 0
  31 O    1     2.7588     5.2134   17 BA   0 0 0
  31 O    1     2.7793     5.2521   58 O    0 0 0

  32 O    1     1.7468     3.3011  113 TI   0 0 0
  32 O    1     2.3316     4.4060  114 TI   0 0 0
  32 O    1     2.7776     5.2488    6 BA   0 0 0
  32 O    1     2.7797     5.2529   59 O    0 0 0
  32 O    1     2.7855     5.2639   86 O    0 0 0
  32 O    1     2.7978     5.2870   18 BA   0 0 0

  33 O    1     1.7967     3.3953  114 TI   0 0 0
  33 O    1     2.2427     4.2380  112 TI   0 0 1
  33 O    1     2.7843     5.2616    7 BA   0 0 1
  33 O    1     2.7898     5.2719   16 BA   0 0 1
  33 O    1     2.7978     5.2871   87 O    0 0 0
  33 O    1     2.8092     5.3086   63 O    0 0 0

  34 O    1     1.8635     3.5216  115 TI   0 0 0
  34 O    1     2.2190     4.1933  116 TI   0 0 0
  34 O    1     2.7815     5.2563   61 O    0 0 0
  34 O    1     2.7865     5.2657    8 BA   0 0 0
  34 O    1     2.8021     5.2953   11 BA   0 1 0
  34 O    1     2.8050     5.3007   17 BA   0 0 0

  35 O    1     1.8707     3.5351  116 TI   0 0 0
  35 O    1     2.2303     4.2147  117 TI   0 0 0
  35 O    1     2.7878     5.2681   12 BA   0 1 0
  35 O    1     2.7995     5.2903    3 BA   0 1 0
  35 O    1     2.8027     5.2963   62 O    0 0 0
  35 O    1     2.8029     5.2967   56 O    0 1 0

  36 O    1     1.8774     3.5477  117 TI   0 0 0
  36 O    1     2.2166     4.1888  115 TI   0 0 1
  36 O    1     2.7957     5.2830   10 BA   0 1 1
  36 O    1     2.8153     5.3201   90 O    0 0 0
  36 O    1     2.8297     5.3474   16 BA   0 0 1
  36 O    1     2.8367     5.3606   57 O    0 1 0

  37 O    1     1.7848     3.3728  118 TI   0 0 0
  37 O    1     2.3062     4.3580  119 TI   0 0 0
  37 O    1     2.7568     5.2096   20 BA   0 0 0
  37 O    1     2.7728     5.2398   64 O    0 0 0
  37 O    1     2.8107     5.3115   91 O    0 0 0
  37 O    1     2.8115     5.3130   11 BA   0 0 0

  38 O    1     1.8047     3.4104  119 TI   0 0 0
  38 O    1     2.2123     4.1806  120 TI   0 0 0
  38 O    1     2.7739     5.2420   15 BA   0 0 0
  38 O    1     2.7827     5.2585   24 BA   0 0 0
  38 O    1     2.8038     5.2983   92 O    0 0 0
  38 O    1     2.8065     5.3035  101 O    0 0 0

  39 O    1     1.8704     3.5345  120 TI   0 0 0
  39 O    1     2.2982     4.3430  118 TI   0 0 1
  39 O    1     2.7689     5.2325   19 BA   0 0 1
  39 O    1     2.7895     5.2714  102 O    0 0 0
  39 O    1     2.7957     5.2831   22 BA   0 0 1
  39 O    1     2.8128     5.3155   13 BA   0 0 1

  40 O    1     1.8665     3.5272  121 TI   0 0 0
  40 O    1     2.2432     4.2390  122 TI   0 0 0
  40 O    1     2.7674     5.2296   17 BA   0 0 0
  40 O    1     2.7953     5.2824   26 BA   0 0 0
  40 O    1     2.8103     5.3108   94 O    0 0 0
  40 O    1     2.8187     5.3267   70 O    0 0 0

  41 O    1     1.8467     3.4898  122 TI   0 0 0
  41 O    1     2.2276     4.2095  123 TI   0 0 0
  41 O    1     2.7370     5.1721   24 BA   0 0 0
  41 O    1     2.7693     5.2333   68 O    0 0 0
  41 O    1     2.8018     5.2945   27 BA   0 0 0
  41 O    1     2.8097     5.3096   95 O    0 0 0

  42 O    1     1.8726     3.5386  123 TI   0 0 0
  42 O    1     2.2218     4.1987  121 TI   0 0 1
  42 O    1     2.7573     5.2105   16 BA   0 0 1
  42 O    1     2.7704     5.2352   25 BA   0 0 1
  42 O    1     2.7821     5.2574   72 O    0 0 0
  42 O    1     2.8065     5.3035   96 O    0 0 0

  43 O    1     1.7919     3.3862  124 TI   0 0 0
  43 O    1     2.2754     4.2998  125 TI   0 0 0
  43 O    1     2.7599     5.2154   97 O    0 0 0
  43 O    1     2.7622     5.2199   26 BA   0 0 0
  43 O    1     2.7704     5.2353   64 O    0 1 0
  43 O    1     2.7817     5.2566   70 O    0 0 0

  44 O    1     1.8808     3.5542  125 TI   0 0 0
  44 O    1     2.2287     4.2116  126 TI   0 0 0
  44 O    1     2.7959     5.2836   27 BA   0 0 0
  44 O    1     2.7980     5.2875   71 O    0 0 0
  44 O    1     2.8018     5.2946   65 O    0 1 0
  44 O    1     2.8219     5.3326   12 BA   0 1 0

  45 O    1     1.8680     3.5300  126 TI   0 0 0
  45 O    1     2.2314     4.2168  124 TI   0 0 1
  45 O    1     2.7988     5.2891   19 BA   0 1 1
  45 O    1     2.7993     5.2899   10 BA   0 1 1
  45 O    1     2.8024     5.2958  108 O    0 0 0
  45 O    1     2.8106     5.3112   99 O    0 0 0

  46 O    1     1.8264     3.4514  127 TI   0 0 0
  46 O    1     2.2679     4.2857  128 TI   0 0 0
  46 O    1     2.7655     5.2260   23 BA   0 0 0
  46 O    1     2.7839     5.2608  100 O    0 0 0
  46 O    1     2.7874     5.2675   73 O    0 0 0
  46 O    1     2.7920     5.2761   76 O    0 0 0

  47 O    1     1.7806     3.3649  128 TI   0 0 0
  47 O    1     2.2833     4.3147  129 TI   0 0 0
  47 O    1     2.7237     5.1471   74 O    0 0 0
  47 O    1     2.7473     5.1916   21 BA   0 0 0
  47 O    1     2.7542     5.2048   83 O    1 0 0
  47 O    1     2.7819     5.2570    3 BA   1 0 0

  48 O    1     1.8034     3.4079  129 TI   0 0 0
  48 O    1     2.3173     4.3791  127 TI   0 0 1
  48 O    1     2.7603     5.2163    1 BA   1 0 1
  48 O    1     2.7707     5.2359    4 BA   1 0 1
  48 O    1     2.7902     5.2728   78 O    0 0 0
  48 O    1     2.8000     5.2912   84 O    1 0 0

  49 O    1     1.8200     3.4393  130 TI   0 0 0
  49 O    1     2.3055     4.3567  131 TI   0 0 0
  49 O    1     2.7655     5.2260   76 O    0 0 0
  49 O    1     2.7827     5.2585  103 O    0 0 0
  49 O    1     2.8079     5.3061   23 BA   0 0 0
  49 O    1     2.8169     5.3231   79 O    0 0 0

  50 O    1     1.8127     3.4254  131 TI   0 0 0
  50 O    1     2.2511     4.2539  132 TI   0 0 0
  50 O    1     2.7879     5.2684   80 O    0 0 0
  50 O    1     2.7892     5.2708   77 O    0 0 0
  50 O    1     2.8022     5.2954   86 O    1 0 0
  50 O    1     2.8065     5.3036    9 BA   1 0 0

  51 O    1     1.8367     3.4708  132 TI   0 0 0
  51 O    1     2.2539     4.2593  130 TI   0 0 1
  51 O    1     2.7658     5.2266    4 BA   1 0 1
  51 O    1     2.7665     5.2279   78 O    0 0 0
  51 O    1     2.7915     5.2751   87 O    1 0 0
  51 O    1     2.7963     5.2842   81 O    0 0 0

  52 O    1     1.8080     3.4166  133 TI   0 0 0
  52 O    1     2.2854     4.3189  134 TI   0 0 0
  52 O    1     2.7307     5.1603   88 O    1 0 0
  52 O    1     2.7616     5.2187   73 O    0 1 0
  52 O    1     2.7710     5.2364    8 BA   1 0 0
  52 O    1     2.7738     5.2418    2 BA   1 1 0

  53 O    1     1.7881     3.3790  134 TI   0 0 0
  53 O    1     2.3455     4.4323  135 TI   0 0 0
  53 O    1     2.7423     5.1822   80 O    0 0 0
  53 O    1     2.7616     5.2187   89 O    1 0 0
  53 O    1     2.7694     5.2334   74 O    0 1 0
  53 O    1     2.7817     5.2567  107 O    0 0 0

  54 O    1     1.7699     3.3447  135 TI   0 0 0
  54 O    1     2.2822     4.3128  133 TI   0 0 1
  54 O    1     2.7410     5.1797   75 O    0 1 0
  54 O    1     2.7868     5.2662   19 BA   0 1 1
  54 O    1     2.7875     5.2677    1 BA   1 1 1
  54 O    1     2.7957     5.2830   90 O    1 0 0

  55 O    1     1.9420     3.6698  115 TI   0-1 0
  55 O    1     2.0121     3.8024  109 TI   0 0 0
  55 O    1     2.7948     5.2814   28 O    0 0 0
  55 O    1     2.7950     5.2818   88 O    0-1 0
  55 O    1     2.8006     5.2923   10 BA   0 0 0
  55 O    1     2.8039     5.2985   82 O    0 0 0

  56 O    1     1.9605     3.7047  110 TI   0 0 0
  56 O    1     2.0074     3.7935  116 TI   0-1 0
  56 O    1     2.7513     5.1992   29 O    0 0 0
  56 O    1     2.7921     5.2762   92 O    0 0 0
  56 O    1     2.7969     5.2854   83 O    0 0 0
  56 O    1     2.8029     5.2967   35 O    0-1 0

  57 O    1     1.9728     3.7280  111 TI   0 0 0
  57 O    1     1.9971     3.7740  117 TI   0-1 0
  57 O    1     2.7282     5.1556    3 BA   0 0 0
  57 O    1     2.7445     5.1864   90 O    0-1 0
  57 O    1     2.7607     5.2170   84 O    0 0 0
  57 O    1     2.7737     5.2415   12 BA   0 0 0

  58 O    1     1.9317     3.6503  112 TI   0 0 0
  58 O    1     2.0301     3.8364  109 TI   0 0 0
  58 O    1     2.7724     5.2391   13 BA   0 0 0
  58 O    1     2.7793     5.2521   31 O    0 0 0
  58 O    1     2.7808     5.2549   94 O    0 0 0
  58 O    1     2.7970     5.2856   85 O    0 0 0

  59 O    1     1.9554     3.6952  110 TI   0 0 0
  59 O    1     2.0473     3.8688  113 TI   0 0 0
  59 O    1     2.7504     5.1976   14 BA   0 0 0
  59 O    1     2.7704     5.2354    5 BA   0 0 0
  59 O    1     2.7797     5.2529   32 O    0 0 0
  59 O    1     2.7952     5.2821   29 O    0 0 0

  60 O    1     1.9995     3.7785  111 TI   0 0 0
  60 O    1     2.0395     3.8540  114 TI   0 0 0
  60 O    1     2.7783     5.2502   93 O    0 0 0
  60 O    1     2.7866     5.2660   30 O    0 0 0
  60 O    1     2.7875     5.2677   84 O    0 0 0
  60 O    1     2.7989     5.2892    6 BA   0 0 0

  61 O    1     1.9979     3.7754  112 TI   0 0 0
  61 O    1     2.0276     3.8317  115 TI   0 0 0
  61 O    1     2.7422     5.1821   85 O    0 0 0
  61 O    1     2.7518     5.2002   31 O    0 0 0
  61 O    1     2.7815     5.2563   34 O    0 0 0
  61 O    1     2.7852     5.2633   94 O    0 0 0

  62 O    1     1.9660     3.7151  116 TI   0 0 0
  62 O    1     2.0080     3.7945  113 TI   0 0 0
  62 O    1     2.7702     5.2350   17 BA   0 0 0
  62 O    1     2.8027     5.2963   35 O    0 0 0
  62 O    1     2.8027     5.2964   89 O    0 0 0
  62 O    1     2.8051     5.3009   98 O    0 0 0

  63 O    1     1.9683     3.7196  114 TI   0 0 0
  63 O    1     1.9815     3.7445  117 TI   0 0 0
  63 O    1     2.7194     5.1390    9 BA   0 0 0
  63 O    1     2.7421     5.1818   18 BA   0 0 0
  63 O    1     2.7791     5.2517   87 O    0 0 0
  63 O    1     2.8092     5.3086   33 O    0 0 0

  64 O    1     2.0027     3.7846  118 TI   0 0 0
  64 O    1     2.0133     3.8046  124 TI   0-1 0
  64 O    1     2.7415     5.1807   97 O    0-1 0
  64 O    1     2.7525     5.2015   10 BA   0 0 0
  64 O    1     2.7704     5.2353   43 O    0-1 0
  64 O    1     2.7728     5.2398   37 O    0 0 0

  65 O    1     1.9397     3.6655  125 TI   0-1 0
  65 O    1     2.0245     3.8258  119 TI   0 0 0
  65 O    1     2.7432     5.1838   98 O    0-1 0
  65 O    1     2.7640     5.2233   20 BA   0 0 0
  65 O    1     2.7709     5.2362  107 O    0-1 0
  65 O    1     2.7893     5.2710   92 O    0 0 0

  66 O    1     1.9475     3.6802  126 TI   0-1 0
  66 O    1     2.0327     3.8412  120 TI   0 0 0
  66 O    1     2.7502     5.1971   12 BA   0 0 0
  66 O    1     2.7514     5.1993  108 O    0-1 0
  66 O    1     2.7657     5.2263   99 O    0-1 0
  66 O    1     2.7858     5.2645  102 O    0 0 0

  67 O    1     1.9660     3.7153  121 TI   0 0 0
  67 O    1     1.9978     3.7753  118 TI   0 0 0
  67 O    1     2.7142     5.1291   22 BA   0 0 0
  67 O    1     2.7746     5.2433   13 BA   0 0 0
  67 O    1     2.7957     5.2832   91 O    0 0 0
  67 O    1     2.8030     5.2969  103 O    0 0 0

  68 O    1     1.9317     3.6503  122 TI   0 0 0
  68 O    1     2.0237     3.8242  119 TI   0 0 0
  68 O    1     2.7308     5.1604   95 O    0 0 0
  68 O    1     2.7693     5.2331   14 BA   0 0 0
  68 O    1     2.7693     5.2333   41 O    0 0 0
  68 O    1     2.8052     5.3012   92 O    0 0 0

  69 O    1     1.9546     3.6936  120 TI   0 0 0
  69 O    1     2.0340     3.8436  123 TI   0 0 0
  69 O    1     2.7739     5.2419   15 BA   0 0 0
  69 O    1     2.7831     5.2593   24 BA   0 0 0
  69 O    1     2.7901     5.2726   96 O    0 0 0
  69 O    1     2.8008     5.2927   93 O    0 0 0

  70 O    1     1.9541     3.6927  124 TI   0 0 0
  70 O    1     2.0213     3.8197  121 TI   0 0 0
  70 O    1     2.7437     5.1849   16 BA   0 0 0
  70 O    1     2.7601     5.2158   25 BA   0 0 0
  70 O    1     2.7715     5.2373   97 O    0 0 0
  70 O    1     2.7817     5.2566   43 O    0 0 0

  71 O    1     1.9627     3.7090  125 TI   0 0 0
  71 O    1     2.0646     3.9016  122 TI   0 0 0
  71 O    1     2.7475     5.1920   26 BA   0 0 0
  71 O    1     2.7783     5.2502   17 BA   0 0 0
  71 O    1     2.7859     5.2645   98 O    0 0 0
  71 O    1     2.7888     5.2701  107 O    0 0 0

  72 O    1     1.9309     3.6489  123 TI   0 0 0
  72 O    1     2.0442     3.8629  126 TI   0 0 0
  72 O    1     2.7363     5.1708   96 O    0 0 0
  72 O    1     2.7574     5.2107   27 BA   0 0 0
  72 O    1     2.7616     5.2187  105 O    0 0 0
  72 O    1     2.7621     5.2197   18 BA   0 0 0

  73 O    1     2.0207     3.8185  127 TI   0 0 0
  73 O    1     2.0233     3.8235  133 TI   0-1 0
  73 O    1     2.7597     5.2151  100 O    0 0 0
  73 O    1     2.7616     5.2187   52 O    0-1 0
  73 O    1     2.7662     5.2273  106 O    0-1 0
  73 O    1     2.7800     5.2534   82 O    1 0 0

  74 O    1     1.9710     3.7247  128 TI   0 0 0
  74 O    1     1.9846     3.7504  134 TI   0-1 0
  74 O    1     2.7237     5.1471   47 O    0 0 0
  74 O    1     2.7626     5.2206   83 O    1 0 0
  74 O    1     2.7694     5.2334   53 O    0-1 0
  74 O    1     2.7761     5.2460  101 O    0 0 0

  75 O    1     1.9430     3.6717  135 TI   0-1 0
  75 O    1     2.0378     3.8509  129 TI   0 0 0
  75 O    1     2.7410     5.1797   54 O    0-1 0
  75 O    1     2.7635     5.2224   90 O    1-1 0
  75 O    1     2.7831     5.2594   21 BA   0 0 0
  75 O    1     2.7894     5.2711    3 BA   1 0 0

  76 O    1     1.9494     3.6838  127 TI   0 0 0
  76 O    1     2.0209     3.8190  130 TI   0 0 0
  76 O    1     2.7655     5.2260   49 O    0 0 0
  76 O    1     2.7920     5.2761   46 O    0 0 0
  76 O    1     2.7936     5.2792   22 BA   0 0 0
  76 O    1     2.8004     5.2919   82 O    1 0 0

  77 O    1     1.9780     3.7378  128 TI   0 0 0
  77 O    1     2.0167     3.8111  131 TI   0 0 0
  77 O    1     2.7604     5.2163  104 O    0 0 0
  77 O    1     2.7847     5.2622   47 O    0 0 0
  77 O    1     2.7887     5.2699   83 O    1 0 0
  77 O    1     2.7892     5.2708   50 O    0 0 0

  78 O    1     1.9849     3.7509  129 TI   0 0 0
  78 O    1     2.0194     3.8161  132 TI   0 0 0
  78 O    1     2.7665     5.2279   51 O    0 0 0
  78 O    1     2.7902     5.2728   48 O    0 0 0
  78 O    1     2.7949     5.2815   87 O    1 0 0
  78 O    1     2.7975     5.2866    6 BA   1 0 0

  79 O    1     1.9434     3.6724  133 TI   0 0 0
  79 O    1     1.9816     3.7447  130 TI   0 0 0
  79 O    1     2.7199     5.1399    7 BA   1 0 0
  79 O    1     2.7533     5.2031   88 O    1 0 0
  79 O    1     2.7672     5.2293   25 BA   0 0 0
  79 O    1     2.8000     5.2912   85 O    1 0 0

  80 O    1     1.9867     3.7543  131 TI   0 0 0
  80 O    1     2.0000     3.7794  134 TI   0 0 0
  80 O    1     2.7423     5.1822   53 O    0 0 0
  80 O    1     2.7538     5.2040   89 O    1 0 0
  80 O    1     2.7879     5.2684   50 O    0 0 0
  80 O    1     2.8169     5.3232   26 BA   0 0 0

  81 O    1     1.9300     3.6472  132 TI   0 0 0
  81 O    1     2.0313     3.8386  135 TI   0 0 0
  81 O    1     2.7362     5.1706   87 O    1 0 0
  81 O    1     2.7715     5.2373    9 BA   1 0 0
  81 O    1     2.7827     5.2585  105 O    0 0 0
  81 O    1     2.7963     5.2842   51 O    0 0 0

  82 O    1     1.9669     3.7170  127 TI  -1 0 0
  82 O    1     2.0025     3.7841  109 TI   0 0 0
  82 O    1     2.7800     5.2534   73 O   -1 0 0
  82 O    1     2.8004     5.2919   76 O   -1 0 0
  82 O    1     2.8019     5.2947   46 O   -1 0 0
  82 O    1     2.8039     5.2985   55 O    0 0 0

  83 O    1     1.9202     3.6286  128 TI  -1 0 0
  83 O    1     2.0647     3.9017  110 TI   0 0 0
  83 O    1     2.7542     5.2048   47 O   -1 0 0
  83 O    1     2.7626     5.2206   74 O   -1 0 0
  83 O    1     2.7724     5.2391    5 BA   0 0 0
  83 O    1     2.7887     5.2699   77 O   -1 0 0

  84 O    1     1.9408     3.6676  111 TI   0 0 0
  84 O    1     1.9896     3.7599  129 TI  -1 0 0
  84 O    1     2.7408     5.1794    3 BA   0 0 0
  84 O    1     2.7607     5.2170   57 O    0 0 0
  84 O    1     2.7806     5.2546    6 BA   0 0 0
  84 O    1     2.7875     5.2677   60 O    0 0 0

  85 O    1     1.9773     3.7365  112 TI   0 0 0
  85 O    1     2.0060     3.7908  130 TI  -1 0 0
  85 O    1     2.7378     5.1736    7 BA   0 0 0
  85 O    1     2.7422     5.1821   61 O    0 0 0
  85 O    1     2.7970     5.2856   58 O    0 0 0
  85 O    1     2.8000     5.2912   79 O   -1 0 0

  86 O    1     1.9747     3.7316  131 TI  -1 0 0
  86 O    1     1.9748     3.7319  113 TI   0 0 0
  86 O    1     2.7410     5.1797    5 BA   0 0 0
  86 O    1     2.7855     5.2639   32 O    0 0 0
  86 O    1     2.8022     5.2954   50 O   -1 0 0
  86 O    1     2.8113     5.3125   59 O    0 0 0

  87 O    1     1.9843     3.7498  114 TI   0 0 0
  87 O    1     1.9862     3.7533  132 TI  -1 0 0
  87 O    1     2.7362     5.1706   81 O   -1 0 0
  87 O    1     2.7449     5.1871    9 BA   0 0 0
  87 O    1     2.7791     5.2517   63 O    0 0 0
  87 O    1     2.7915     5.2751   51 O   -1 0 0

  88 O    1     1.9768     3.7356  133 TI  -1 0 0
  88 O    1     2.0209     3.8190  115 TI   0 0 0
  88 O    1     2.7307     5.1603   52 O   -1 0 0
  88 O    1     2.7533     5.2031   79 O   -1 0 0
  88 O    1     2.7854     5.2637   73 O   -1 1 0
  88 O    1     2.7950     5.2818   55 O    0 1 0

  89 O    1     1.9277     3.6428  134 TI  -1 0 0
  89 O    1     2.0100     3.7983  116 TI   0 0 0
  89 O    1     2.7538     5.2040   80 O   -1 0 0
  89 O    1     2.7616     5.2187   53 O   -1 0 0
  89 O    1     2.7996     5.2905    8 BA   0 0 0
  89 O    1     2.8027     5.2964   62 O    0 0 0

  90 O    1     1.9908     3.7620  135 TI  -1 0 0
  90 O    1     2.0000     3.7794  117 TI   0 0 0
  90 O    1     2.7445     5.1864   57 O    0 1 0
  90 O    1     2.7635     5.2224   75 O   -1 1 0
  90 O    1     2.7891     5.2705    9 BA   0 0 0
  90 O    1     2.7911     5.2743    3 BA   0 1 0

  91 O    1     1.9852     3.7514  118 TI   0 0 0
  91 O    1     2.0285     3.8333  109 TI   0 0 0
  91 O    1     2.7169     5.1342   13 BA   0 0 0
  91 O    1     2.7847     5.2623   10 BA   0 0 0
  91 O    1     2.7957     5.2832   67 O    0 0 0
  91 O    1     2.8067     5.3039   64 O    0 0 0

  92 O    1     1.9752     3.7327  119 TI   0 0 0
  92 O    1     1.9767     3.7354  110 TI   0 0 0
  92 O    1     2.7810     5.2554   14 BA   0 0 0
  92 O    1     2.7893     5.2710   65 O    0 0 0
  92 O    1     2.7921     5.2762   56 O    0 0 0
  92 O    1     2.8038     5.2983   38 O    0 0 0

  93 O    1     1.9917     3.7638  111 TI   0 0 0
  93 O    1     1.9987     3.7770  120 TI   0 0 0
  93 O    1     2.7468     5.1908   30 O    0 0 0
  93 O    1     2.7656     5.2263   12 BA   0 0 0
  93 O    1     2.7783     5.2502   60 O    0 0 0
  93 O    1     2.8008     5.2927   69 O    0 0 0

  94 O    1     1.9619     3.7075  112 TI   0 0 0
  94 O    1     2.0044     3.7878  121 TI   0 0 0
  94 O    1     2.7426     5.1828   31 O    0 0 0
  94 O    1     2.7492     5.1952   16 BA   0 0 0
  94 O    1     2.7808     5.2549   58 O    0 0 0
  94 O    1     2.7833     5.2596   70 O    0 0 0

  95 O    1     1.9533     3.6911  122 TI   0 0 0
  95 O    1     2.0332     3.8422  113 TI   0 0 0
  95 O    1     2.7308     5.1604   68 O    0 0 0
  95 O    1     2.7615     5.2185   17 BA   0 0 0
  95 O    1     2.7640     5.2232   14 BA   0 0 0
  95 O    1     2.7991     5.2895   32 O    0 0 0

  96 O    1     1.9619     3.7075  123 TI   0 0 0
  96 O    1     2.0488     3.8717  114 TI   0 0 0
  96 O    1     2.7295     5.1580   18 BA   0 0 0
  96 O    1     2.7363     5.1708   72 O    0 0 0
  96 O    1     2.7901     5.2726   69 O    0 0 0
  96 O    1     2.8065     5.3035   42 O    0 0 0

  97 O    1     1.9679     3.7189  124 TI   0 0 0
  97 O    1     2.0339     3.8436  115 TI   0 0 0
  97 O    1     2.7407     5.1792   10 BA   0 1 0
  97 O    1     2.7415     5.1807   64 O    0 1 0
  97 O    1     2.7599     5.2154   43 O    0 0 0
  97 O    1     2.7715     5.2373   70 O    0 0 0

  98 O    1     1.9818     3.7451  125 TI   0 0 0
  98 O    1     2.0269     3.8302  116 TI   0 0 0
  98 O    1     2.7432     5.1838   65 O    0 1 0
  98 O    1     2.7623     5.2200   11 BA   0 1 0
  98 O    1     2.7827     5.2586   17 BA   0 0 0
  98 O    1     2.7859     5.2645   71 O    0 0 0

  99 O    1     1.9897     3.7601  126 TI   0 0 0
  99 O    1     1.9978     3.7753  117 TI   0 0 0
  99 O    1     2.7386     5.1753   12 BA   0 1 0
  99 O    1     2.7657     5.2263   66 O    0 1 0
  99 O    1     2.7828     5.2588   18 BA   0 0 0
  99 O    1     2.8072     5.3048   72 O    0 0 0

 100 O    1     1.9705     3.7237  127 TI   0 0 0
 100 O    1     2.0108     3.7999  118 TI   0 0 0
 100 O    1     2.7597     5.2151   73 O    0 0 0
 100 O    1     2.7839     5.2608   46 O    0 0 0
 100 O    1     2.7941     5.2801   22 BA   0 0 0
 100 O    1     2.7991     5.2895   19 BA   0 0 0

 101 O    1     1.9776     3.7371  119 TI   0 0 0
 101 O    1     2.0404     3.8558  128 TI   0 0 0
 101 O    1     2.7709     5.2363   20 BA   0 0 0
 101 O    1     2.7761     5.2460   74 O    0 0 0
 101 O    1     2.7912     5.2747   47 O    0 0 0
 101 O    1     2.8040     5.2987   65 O    0 0 0

 102 O    1     1.9927     3.7657  120 TI   0 0 0
 102 O    1     2.0309     3.8379  129 TI   0 0 0
 102 O    1     2.7618     5.2191   21 BA   0 0 0
 102 O    1     2.7858     5.2645   66 O    0 0 0
 102 O    1     2.7895     5.2714   39 O    0 0 0
 102 O    1     2.8081     5.3065   48 O    0 0 0

 103 O    1     1.9925     3.7652  121 TI   0 0 0
 103 O    1     1.9983     3.7762  130 TI   0 0 0
 103 O    1     2.7092     5.1197   25 BA   0 0 0
 103 O    1     2.7591     5.2139   22 BA   0 0 0
 103 O    1     2.7827     5.2585   49 O    0 0 0
 103 O    1     2.8030     5.2969   67 O    0 0 0

 104 O    1     2.0040     3.7870  131 TI   0 0 0
 104 O    1     2.0192     3.8158  122 TI   0 0 0
 104 O    1     2.7604     5.2163   77 O    0 0 0
 104 O    1     2.8088     5.3078   23 BA   0 0 0
 104 O    1     2.8090     5.3083   68 O    0 0 0
 104 O    1     2.8126     5.3151   50 O    0 0 0

 105 O    1     1.9801     3.7418  123 TI   0 0 0
 105 O    1     1.9870     3.7550  132 TI   0 0 0
 105 O    1     2.7212     5.1423   27 BA   0 0 0
 105 O    1     2.7616     5.2187   72 O    0 0 0
 105 O    1     2.7827     5.2585   81 O    0 0 0
 105 O    1     2.8000     5.2913   24 BA   0 0 0

 106 O    1     1.9437     3.6731  133 TI   0 0 0
 106 O    1     2.0001     3.7797  124 TI   0 0 0
 106 O    1     2.7662     5.2273   73 O    0 1 0
 106 O    1     2.7815     5.2562   19 BA   0 1 0
 106 O    1     2.7885     5.2695   43 O    0 0 0
 106 O    1     2.7991     5.2896   52 O    0 0 0

 107 O    1     1.9774     3.7367  125 TI   0 0 0
 107 O    1     2.0201     3.8174  134 TI   0 0 0
 107 O    1     2.7486     5.1940   26 BA   0 0 0
 107 O    1     2.7503     5.1973   20 BA   0 1 0
 107 O    1     2.7709     5.2362   65 O    0 1 0
 107 O    1     2.7817     5.2567   53 O    0 0 0

 108 O    1     1.9185     3.6254  126 TI   0 0 0
 108 O    1     2.0506     3.8750  135 TI   0 0 0
 108 O    1     2.7514     5.1993   66 O    0 1 0
 108 O    1     2.7730     5.2402   27 BA   0 0 0
 108 O    1     2.8024     5.2958   45 O    0 0 0
 108 O    1     2.8119     5.3137   75 O    0 1 0

 109 TI   1     1.7888     3.3804   28 O    0 0 0
 109 TI   1     2.0025     3.7841   82 O    0 0 0
 109 TI   1     2.0121     3.8024   55 O    0 0 0
 109 TI   1     2.0285     3.8333   91 O    0 0 0
 109 TI   1     2.0301     3.8364   58 O    0 0 0
 109 TI   1     2.3209     4.3858   30 O    0 0-1

 110 TI   1     1.8137     3.4275   29 O    0 0 0
 110 TI   1     1.9554     3.6952   59 O    0 0 0
 110 TI   1     1.9605     3.7047   56 O    0 0 0
 110 TI   1     1.9767     3.7354   92 O    0 0 0
 110 TI   1     2.0647     3.9017   83 O    0 0 0
 110 TI   1     2.2762     4.3015   28 O    0 0 0

 111 TI   1     1.7891     3.3809   30 O    0 0 0
 111 TI   1     1.9408     3.6676   84 O    0 0 0
 111 TI   1     1.9728     3.7280   57 O    0 0 0
 111 TI   1     1.9917     3.7638   93 O    0 0 0
 111 TI   1     1.9995     3.7785   60 O    0 0 0
 111 TI   1     2.2896     4.3268   29 O    0 0 0

 112 TI   1     1.8339     3.4657   31 O    0 0 0
 112 TI   1     1.9317     3.6503   58 O    0 0 0
 112 TI   1     1.9619     3.7075   94 O    0 0 0
 112 TI   1     1.9773     3.7365   85 O    0 0 0
 112 TI   1     1.9979     3.7754   61 O    0 0 0
 112 TI   1     2.2427     4.2380   33 O    0 0-1

 113 TI   1     1.7468     3.3011   32 O    0 0 0
 113 TI   1     1.9748     3.7319   86 O    0 0 0
 113 TI   1     2.0080     3.7945   62 O    0 0 0
 113 TI   1     2.0332     3.8422   95 O    0 0 0
 113 TI   1     2.0473     3.8688   59 O    0 0 0
 113 TI   1     2.3260     4.3956   31 O    0 0 0

 114 TI   1     1.7967     3.3953   33 O    0 0 0
 114 TI   1     1.9683     3.7196   63 O    0 0 0
 114 TI   1     1.9843     3.7498   87 O    0 0 0
 114 TI   1     2.0395     3.8540   60 O    0 0 0
 114 TI   1     2.0488     3.8717   96 O    0 0 0
 114 TI   1     2.3316     4.4060   32 O    0 0 0

 115 TI   1     1.8635     3.5216   34 O    0 0 0
 115 TI   1     1.9420     3.6698   55 O    0 1 0
 115 TI   1     2.0209     3.8190   88 O    0 0 0
 115 TI   1     2.0276     3.8317   61 O    0 0 0
 115 TI   1     2.0339     3.8436   97 O    0 0 0
 115 TI   1     2.2166     4.1888   36 O    0 0-1

 116 TI   1     1.8707     3.5351   35 O    0 0 0
 116 TI   1     1.9660     3.7151   62 O    0 0 0
 116 TI   1     2.0074     3.7935   56 O    0 1 0
 116 TI   1     2.0100     3.7983   89 O    0 0 0
 116 TI   1     2.0269     3.8302   98 O    0 0 0
 116 TI   1     2.2190     4.1933   34 O    0 0 0

 117 TI   1     1.8774     3.5477   36 O    0 0 0
 117 TI   1     1.9815     3.7445   63 O    0 0 0
 117 TI   1     1.9971     3.7740   57 O    0 1 0
 117 TI   1     1.9978     3.7753   99 O    0 0 0
 117 TI   1     2.0000     3.7794   90 O    0 0 0
 117 TI   1     2.2303     4.2147   35 O    0 0 0

 118 TI   1     1.7848     3.3728   37 O    0 0 0
 118 TI   1     1.9852     3.7514   91 O    0 0 0
 118 TI   1     1.9978     3.7753   67 O    0 0 0
 118 TI   1     2.0027     3.7846   64 O    0 0 0
 118 TI   1     2.0108     3.7999  100 O    0 0 0
 118 TI   1     2.2982     4.3430   39 O    0 0-1

 119 TI   1     1.8047     3.4104   38 O    0 0 0
 119 TI   1     1.9752     3.7327   92 O    0 0 0
 119 TI   1     1.9776     3.7371  101 O    0 0 0
 119 TI   1     2.0237     3.8242   68 O    0 0 0
 119 TI   1     2.0245     3.8258   65 O    0 0 0
 119 TI   1     2.3062     4.3580   37 O    0 0 0

 120 TI   1     1.8704     3.5345   39 O    0 0 0
 120 TI   1     1.9546     3.6936   69 O    0 0 0
 120 TI   1     1.9927     3.7657  102 O    0 0 0
 120 TI   1     1.9987     3.7770   93 O    0 0 0
 120 TI   1     2.0327     3.8412   66 O    0 0 0
 120 TI   1     2.2123     4.1806   38 O    0 0 0

 121 TI   1     1.8665     3.5272   40 O    0 0 0
 121 TI   1     1.9660     3.7153   67 O    0 0 0
 121 TI   1     1.9925     3.7652  103 O    0 0 0
 121 TI   1     2.0044     3.7878   94 O    0 0 0
 121 TI   1     2.0213     3.8197   70 O    0 0 0
 121 TI   1     2.2218     4.1987   42 O    0 0-1

 122 TI   1     1.8467     3.4898   41 O    0 0 0
 122 TI   1     1.9317     3.6503   68 O    0 0 0
 122 TI   1     1.9533     3.6911   95 O    0 0 0
 122 TI   1     2.0192     3.8158  104 O    0 0 0
 122 TI   1     2.0646     3.9016   71 O    0 0 0
 122 TI   1     2.2432     4.2390   40 O    0 0 0

 123 TI   1     1.8726     3.5386   42 O    0 0 0
 123 TI   1     1.9309     3.6489   72 O    0 0 0
 123 TI   1     1.9619     3.7075   96 O    0 0 0
 123 TI   1     1.9801     3.7418  105 O    0 0 0
 123 TI   1     2.0340     3.8436   69 O    0 0 0
 123 TI   1     2.2276     4.2095   41 O    0 0 0

 124 TI   1     1.7919     3.3862   43 O    0 0 0
 124 TI   1     1.9541     3.6927   70 O    0 0 0
 124 TI   1     1.9679     3.7189   97 O    0 0 0
 124 TI   1     2.0001     3.7797  106 O    0 0 0
 124 TI   1     2.0133     3.8046   64 O    0 1 0
 124 TI   1     2.2314     4.2168   45 O    0 0-1

 125 TI   1     1.8808     3.5542   44 O    0 0 0
 125 TI   1     1.9397     3.6655   65 O    0 1 0
 125 TI   1     1.9627     3.7090   71 O    0 0 0
 125 TI   1     1.9774     3.7367  107 O    0 0 0
 125 TI   1     1.9818     3.7451   98 O    0 0 0
 125 TI   1     2.2754     4.2998   43 O    0 0 0

 126 TI   1     1.8680     3.5300   45 O    0 0 0
 126 TI   1     1.9185     3.6254  108 O    0 0 0
 126 TI   1     1.9475     3.6802   66 O    0 1 0
 126 TI   1     1.9897     3.7601   99 O    0 0 0
 126 TI   1     2.0442     3.8629   72 O    0 0 0
 126 TI   1     2.2287     4.2116   44 O    0 0 0

 127 TI   1     1.8264     3.4514   46 O    0 0 0
 127 TI   1     1.9494     3.6838   76 O    0 0 0
 127 TI   1     1.9669     3.7170   82 O    1 0 0
 127 TI   1     1.9705     3.7237  100 O    0 0 0
 127 TI   1     2.0207     3.8185   73 O    0 0 0
 127 TI   1     2.3173     4.3791   48 O    0 0-1

 128 TI   1     1.7806     3.3649   47 O    0 0 0
 128 TI   1     1.9202     3.6286   83 O    1 0 0
 128 TI   1     1.9710     3.7247   74 O    0 0 0
 128 TI   1     1.9780     3.7378   77 O    0 0 0
 128 TI   1     2.0404     3.8558  101 O    0 0 0
 128 TI   1     2.2679     4.2857   46 O    0 0 0

 129 TI   1     1.8034     3.4079   48 O    0 0 0
 129 TI   1     1.9849     3.7509   78 O    0 0 0
 129 TI   1     1.9896     3.7599   84 O    1 0 0
 129 TI   1     2.0309     3.8379  102 O    0 0 0
 129 TI   1     2.0378     3.8509   75 O    0 0 0
 129 TI   1     2.2833     4.3147   47 O    0 0 0

 130 TI   1     1.8200     3.4393   49 O    0 0 0
 130 TI   1     1.9816     3.7447   79 O    0 0 0
 130 TI   1     1.9983     3.7762  103 O    0 0 0
 130 TI   1     2.0060     3.7908   85 O    1 0 0
 130 TI   1     2.0209     3.8190   76 O    0 0 0
 130 TI   1     2.2539     4.2593   51 O    0 0-1

 131 TI   1     1.8127     3.4254   50 O    0 0 0
 131 TI   1     1.9747     3.7316   86 O    1 0 0
 131 TI   1     1.9867     3.7543   80 O    0 0 0
 131 TI   1     2.0040     3.7870  104 O    0 0 0
 131 TI   1     2.0167     3.8111   77 O    0 0 0
 131 TI   1     2.3055     4.3567   49 O    0 0 0

 132 TI   1     1.8367     3.4708   51 O    0 0 0
 132 TI   1     1.9300     3.6472   81 O    0 0 0
 132 TI   1     1.9862     3.7533   87 O    1 0 0
 132 TI   1     1.9870     3.7550  105 O    0 0 0
 132 TI   1     2.0194     3.8161   78 O    0 0 0
 132 TI   1     2.2511     4.2539   50 O    0 0 0

 133 TI   1     1.8080     3.4166   52 O    0 0 0
 133 TI   1     1.9434     3.6724   79 O    0 0 0
 133 TI   1     1.9437     3.6731  106 O    0 0 0
 133 TI   1     1.9768     3.7356   88 O    1 0 0
 133 TI   1     2.0233     3.8235   73 O    0 1 0
 133 TI   1     2.2822     4.3128   54 O    0 0-1

 134 TI   1     1.7881     3.3790   53 O    0 0 0
 134 TI   1     1.9277     3.6428   89 O    1 0 0
 134 TI   1     1.9846     3.7504   74 O    0 1 0
 134 TI   1     2.0000     3.7794   80 O    0 0 0
 134 TI   1     2.0201     3.8174  107 O    0 0 0
 134 TI   1     2.2854     4.3189   52 O    0 0 0

 135 TI   1     1.7699     3.3447   54 O    0 0 0
 135 TI   1     1.9430     3.6717   75 O    0 1 0
 135 TI   1     1.9908     3.7620   90 O    1 0 0
 135 TI   1     2.0313     3.8386   81 O    0 0 0
 135 TI   1     2.0506     3.8750  108 O    0 0 0
 135 TI   1     2.3455     4.4323   53 O    0 0 0


 SYMMETRY ALLOWED INTERNAL DEGREE(S) OF FREEDOM: 402
 TTTTTTTTTTTTTTTTTTTTTTTTTTTTTT SYMM        TELAPSE        3.59 TCPU        3.49
 TTTTTTTTTTTTTTTTTTTTTTTTTTTTTT INT_SCREEN  TELAPSE        3.69 TCPU        3.60

 DFT PARAMETERS

     ATOM       ELECTRONS   NET CHARGE   R(ANGSTROM)
   1 256  BA     10.0000      0.0000     2.24000000
  28   8  O       8.0000      0.0000     0.74000000
 109  22  TI     22.0000      0.0000     1.47000000

 SIZE OF GRID=    2837944
 TTTTTTTTTTTTTTTTTTTTTTTTTTTTTT MAKE_GRID2  TELAPSE       43.97 TCPU       43.88
 BECKE WEIGHT FUNCTION
 RADSAFE =     2.00
 TOLERANCES - DENSITY:10**- 6; POTENTIAL:10**- 9; GRID WGT:10**-14

 RADIAL INTEGRATION  - INTERVALS (POINTS,UPPER LIMIT):            1( 75,  4.0*R)

 ANGULAR INTEGRATION - INTERVALS (ACCURACY LEVEL [N. POINTS] UPPER LIMIT):
  1(  4[  86]   0.2)  2(  8[ 194]   0.5)  3( 12[ 350]   0.9)  4( 16[ 974]   3.5)
  5( 12[ 350]9999.0)
 TTTTTTTTTTTTTTTTTTTTTTTTTTTTTT INT_CALC    TELAPSE       44.09 TCPU       43.99
 EEEEEEEEEE INT_CALC TERMINATION  DATE 25 03 2026 TIME 17:18:34.8

 *******************************************************************************
 converted and standardized from ase Atoms() object for Ba27Ti27O81 in space grou
 CRYSTAL - SCF - TYPE OF CALCULATION :  RESTRICTED CLOSED SHELL
 *******************************************************************************

 CAPPA:IS1  2;IS2  2;IS3  2; K PTS MONK NET   8; SYMMOPS:K SPACE   2;G SPACE   1

 TTTTTTTTTTTTTTTTTTTTTTTTTTTTTT SDIK        TELAPSE       46.51 TCPU       46.41

 AAAAAAAAAAAAAAAAAAAAAAAAAAAAAAAAAAAAAAAAAAAAAAAAAAAAAAAAAAAAAAAAAAAAAAAAAAAAAAA
         ATOMIC WAVEFUNCTION(S)


 NUCLEAR CHARGE 10.0  SYMMETRY SPECIES            S    P
 N. ELECTRONS   10.0  NUMBER OF PRIMITIVE GTOS    5    5
                      NUMBER OF CONTRACTED GTOS   3    2
                      NUMBER OF CLOSED SHELLS     2    1
                      OPEN SHELL OCCUPATION       0    0

  ZNUC  SCFIT    TOTAL HF ENERGY   KINETIC ENERGY   VIRIAL THEOREM             ACCURACY
  10.0     4    -2.474305552E+01  8.075374960E+00 -4.064013205E+00  1.0E-06

 NUCLEAR CHARGE  8.0  SYMMETRY SPECIES            S    P
 N. ELECTRONS    8.0  NUMBER OF PRIMITIVE GTOS   10    6
                      NUMBER OF CONTRACTED GTOS   4    3
                      NUMBER OF CLOSED SHELLS     2    0
                      OPEN SHELL OCCUPATION       0    4

  ZNUC  SCFIT    TOTAL HF ENERGY   KINETIC ENERGY   VIRIAL THEOREM             ACCURACY
   8.0    13    -7.480154908E+01  7.478929754E+01 -2.000163814E+00  2.2E-06

 NUCLEAR CHARGE 22.0  SYMMETRY SPECIES            S    P    D
 N. ELECTRONS   22.0  NUMBER OF PRIMITIVE GTOS   17   11    6
                      NUMBER OF CONTRACTED GTOS   6    4    3
                      NUMBER OF CLOSED SHELLS     4    2    0
                      OPEN SHELL OCCUPATION       0    0    2

  ZNUC  SCFIT    TOTAL HF ENERGY   KINETIC ENERGY   VIRIAL THEOREM             ACCURACY
  22.0    51    -8.483283897E+02  8.486954851E+02 -1.999567459E+00  4.0E-06

 AAAAAAAAAAAAAAAAAAAAAAAAAAAAAAAAAAAAAAAAAAAAAAAAAAAAAAAAAAAAAAAAAAAAAAAAAAAAAAA

 CHARGE NORMALIZATION FACTOR   1.00000000
 TOTAL ATOMIC CHARGES:
  10.0000000  10.0000000  10.0000000  10.0000000  10.0000000  10.0000000
  10.0000000  10.0000000  10.0000000  10.0000000  10.0000000  10.0000000
  10.0000000  10.0000000  10.0000000  10.0000000  10.0000000  10.0000000
  10.0000000  10.0000000  10.0000000  10.0000000  10.0000000  10.0000000
  10.0000000  10.0000000  10.0000000   8.0000000   8.0000000   8.0000000
   8.0000000   8.0000000   8.0000000   8.0000000   8.0000000   8.0000000
   8.0000000   8.0000000   8.0000000   8.0000000   8.0000000   8.0000000
   8.0000000   8.0000000   8.0000000   8.0000000   8.0000000   8.0000000
   8.0000000   8.0000000   8.0000000   8.0000000   8.0000000   8.0000000
   8.0000000   8.0000000   8.0000000   8.0000000   8.0000000   8.0000000
   8.0000000   8.0000000   8.0000000   8.0000000   8.0000000   8.0000000
   8.0000000   8.0000000   8.0000000   8.0000000   8.0000000   8.0000000
   8.0000000   8.0000000   8.0000000   8.0000000   8.0000000   8.0000000
   8.0000000   8.0000000   8.0000000   8.0000000   8.0000000   8.0000000
   8.0000000   8.0000000   8.0000000   8.0000000   8.0000000   8.0000000
   8.0000000   8.0000000   8.0000000   8.0000000   8.0000000   8.0000000
   8.0000000   8.0000000   8.0000000   8.0000000   8.0000000   8.0000000
   8.0000000   8.0000000   8.0000000   8.0000000   8.0000000   8.0000000
  22.0000000  22.0000000  22.0000000  22.0000000  22.0000000  22.0000000
  22.0000000  22.0000000  22.0000000  22.0000000  22.0000000  22.0000000
  22.0000000  22.0000000  22.0000000  22.0000000  22.0000000  22.0000000
  22.0000000  22.0000000  22.0000000  22.0000000  22.0000000  22.0000000
  22.0000000  22.0000000  22.0000000
 TTTTTTTTTTTTTTTTTTTTTTTTTTTTTT MOQGAD      TELAPSE       46.62 TCPU       46.52
 TTTTTTTTTTTTTTTTTTTTTTTTTTTTTT SHELLXN     TELAPSE      403.44 TCPU      402.99
 TTTTTTTTTTTTTTTTTTTTTTTTTTTTTT MONMO3      TELAPSE      415.82 TCPU      415.32
 NUMERICALLY INTEGRATED DENSITY   1511.9951693691
 TTTTTTTTTTTTTTTTTTTTTTTTTTTTTT NUMDFT      TELAPSE      432.87 TCPU      432.36
 CYC   0 ETOT(AU) -2.971195613911E+04 DETOT -2.97E+04 tst  0.00E+00 PX  1.00E+00
 TTTTTTTTTTTTTTTTTTTTTTTTTTTTTT DIIS        TELAPSE      433.29 TCPU      432.76
 TTTTTTTTTTTTTTTTTTTTTTTTTTTTTT FDIK        TELAPSE      449.56 TCPU      448.99
 INSULATING STATE
 TOP OF VALENCE BANDS -    BAND    756; K    8; EIG -3.4811194E-01 AU
 TOP OF VALENCE BANDS -    BAND    756; K    1; EIG -3.5240745E-01 AU
 BOTTOM OF VIRTUAL BANDS - BAND    757; K    1; EIG -8.3275943E-02 AU
 INDIRECT ENERGY BAND GAP:   7.2066 eV
 TTTTTTTTTTTTTTTTTTTTTTTTTTTTTT PDIG        TELAPSE      452.17 TCPU      451.55
 CHARGE NORMALIZATION FACTOR   1.00000000
 TOTAL ATOMIC CHARGES:
   8.1636354   8.1641877   8.1674467   8.1607037   8.1607992   8.1615408
   8.1639666   8.1672067   8.1623067   8.1711152   8.1643899   8.1675972
   8.1680451   8.1625733   8.1628472   8.1686783   8.1752128   8.1674567
   8.1693379   8.1687593   8.1682005   8.1677335   8.1641140   8.1640213
   8.1623149   8.1645228   8.1688022   9.4439674   9.4567827   9.4487367
   9.4702892   9.4300279   9.4444085   9.4678152   9.4714522   9.4702468
   9.4455741   9.4451774   9.4776075   9.4700520   9.4624293   9.4680878
   9.4462233   9.4711744   9.4693445   9.4597233   9.4448952   9.4531763
   9.4609997   9.4541400   9.4615018   9.4540286   9.4528685   9.4367557
   9.4741642   9.4829658   9.4829553   9.4728620   9.4765512   9.4827199
   9.4885521   9.4771388   9.4789637   9.4826034   9.4803232   9.4802418
   9.4760668   9.4716142   9.4803398   9.4818565   9.4855100   9.4789085
   9.4886850   9.4769801   9.4788548   9.4744491   9.4796662   9.4804676
   9.4719142   9.4785157   9.4753394   9.4775321   9.4727970   9.4730639
   9.4806664   9.4753657   9.4792499   9.4809023   9.4754756   9.4793310
   9.4821114   9.4760666   9.4808866   9.4785808   9.4803447   9.4829689
   9.4812905   9.4847463   9.4837045   9.4793715   9.4838586   9.4846173
   9.4821276   9.4855922   9.4775724   9.4734685   9.4840746   9.4758605
  19.3842562  19.4238459  19.4582890  19.4537215  19.4235051  19.3897362
  19.3934415  19.3774874  19.3819866  19.4337232  19.3930016  19.4063927
  19.3886586  19.4175996  19.4182427  19.4543800  19.4266383  19.4247141
  19.4365867  19.4689138  19.4005244  19.3990913  19.4093014  19.4203739
  19.4468266  19.4457670  19.4171562
 TTTTTTTTTTTTTTTTTTTTTTTTTTTTTT MOQGAD      TELAPSE      452.24 TCPU      451.62
 TTTTTTTTTTTTTTTTTTTTTTTTTTTTTT SHELLXN     TELAPSE      827.22 TCPU      826.51
 TTTTTTTTTTTTTTTTTTTTTTTTTTTTTT MONMO3      TELAPSE      839.56 TCPU      838.84
 NUMERICALLY INTEGRATED DENSITY   1511.9948821659
 TTTTTTTTTTTTTTTTTTTTTTTTTTTTTT NUMDFT      TELAPSE      856.75 TCPU      856.03
 CYC   1 ETOT(AU) -2.970518864038E+04 DETOT  6.77E+00 tst  0.00E+00 PX  1.00E+00
 TTTTTTTTTTTTTTTTTTTTTTTTTTTTTT DIIS        TELAPSE      860.98 TCPU      860.27
 DIIS TEST: 0.75888E+02 AT SCF   CYCLE   1 - MIX   80 %
 TTTTTTTTTTTTTTTTTTTTTTTTTTTTTT FDIK        TELAPSE      877.30 TCPU      876.54
 INSULATING STATE
 TOP OF VALENCE BANDS -    BAND    756; K    8; EIG -2.5901967E-01 AU
 TOP OF VALENCE BANDS -    BAND    756; K    1; EIG -2.6654770E-01 AU
 BOTTOM OF VIRTUAL BANDS - BAND    757; K    1; EIG -1.0234914E-01 AU
 INDIRECT ENERGY BAND GAP:   4.2632 eV
 TTTTTTTTTTTTTTTTTTTTTTTTTTTTTT PDIG        TELAPSE      879.85 TCPU      879.09
 CHARGE NORMALIZATION FACTOR   1.00000000
 TOTAL ATOMIC CHARGES:
   8.2520124   8.2528158   8.2527917   8.2520508   8.2527305   8.2513039
   8.2541053   8.2549521   8.2511999   8.2584148   8.2528082   8.2559176
   8.2561979   8.2528464   8.2526319   8.2570482   8.2587248   8.2563404
   8.2548068   8.2536290   8.2536463   8.2576948   8.2540444   8.2539063
   8.2538086   8.2549826   8.2560830   9.1738200   9.1905128   9.1858402
   9.2069321   9.1602741   9.1726906   9.2080474   9.2090667   9.2062175
   9.1790211   9.1850469   9.2093415   9.2034102   9.2066648   9.2159091
   9.1877206   9.2117220   9.2128297   9.1935291   9.1895111   9.1799424
   9.1829448   9.1900738   9.2074959   9.1907737   9.1841692   9.1659167
   9.2280421   9.2314481   9.2360177   9.2318064   9.2387906   9.2370217
   9.2361751   9.2260228   9.2374405   9.2356107   9.2307838   9.2321529
   9.2385345   9.2299013   9.2348445   9.2352547   9.2388066   9.2319788
   9.2343348   9.2315284   9.2288718   9.2349426   9.2367523   9.2322080
   9.2385714   9.2321056   9.2329128   9.2335978   9.2318370   9.2378309
   9.2368363   9.2324611   9.2337865   9.2352887   9.2300422   9.2320979
   9.2361468   9.2333751   9.2366846   9.2328377   9.2348603   9.2336768
   9.2329284   9.2341667   9.2358197   9.2327766   9.2333675   9.2319063
   9.2381575   9.2343085   9.2369044   9.2342658   9.2406533   9.2281604
  20.0776980  20.0938530  20.1007911  20.0931476  20.0932839  20.0838800
  20.0750172  20.0537191  20.0581159  20.1026023  20.0710111  20.0884004
  20.0684997  20.0838320  20.0766667  20.0947765  20.0878269  20.0776047
  20.1036873  20.1017477  20.0879615  20.0802389  20.0817148  20.0716713
  20.0951907  20.0921673  20.0903405
 TTTTTTTTTTTTTTTTTTTTTTTTTTTTTT MOQGAD      TELAPSE      879.91 TCPU      879.16
 TTTTTTTTTTTTTTTTTTTTTTTTTTTTTT SHELLXN     TELAPSE     1255.31 TCPU     1253.95
 TTTTTTTTTTTTTTTTTTTTTTTTTTTTTT MONMO3      TELAPSE     1267.63 TCPU     1266.27
 NUMERICALLY INTEGRATED DENSITY   1511.9940778303
 TTTTTTTTTTTTTTTTTTTTTTTTTTTTTT NUMDFT      TELAPSE     1284.81 TCPU     1283.45
 CYC   2 ETOT(AU) -2.971620880641E+04 DETOT -1.10E+01 tst  3.85E-03 PX  6.99E-02
 TTTTTTTTTTTTTTTTTTTTTTTTTTTTTT DIIS        TELAPSE     1289.24 TCPU     1287.88
 DIIS TEST: 0.14306E+02 AT SCF   CYCLE   2 - DIIS ACTIVE - HISTORY:     2 CYCLES
 TTTTTTTTTTTTTTTTTTTTTTTTTTTTTT FDIK        TELAPSE     1305.43 TCPU     1304.06
 INSULATING STATE
 TOP OF VALENCE BANDS -    BAND    756; K    8; EIG -1.5187240E-01 AU
 TOP OF VALENCE BANDS -    BAND    756; K    1; EIG -1.5989536E-01 AU
 BOTTOM OF VIRTUAL BANDS - BAND    757; K    1; EIG -2.4592901E-02 AU
 INDIRECT ENERGY BAND GAP:   3.4635 eV
 TTTTTTTTTTTTTTTTTTTTTTTTTTTTTT PDIG        TELAPSE     1307.96 TCPU     1306.60
 CHARGE NORMALIZATION FACTOR   1.00000000
 TOTAL ATOMIC CHARGES:
   8.3380178   8.3393325   8.3350950   8.3427781   8.3450141   8.3421592
   8.3419569   8.3376842   8.3395684   8.3376417   8.3396123   8.3376947
   8.3380008   8.3420614   8.3417593   8.3370849   8.3326982   8.3412956
   8.3340265   8.3351437   8.3331701   8.3427535   8.3402021   8.3398039
   8.3440437   8.3421198   8.3388404   9.0648257   9.0598994   9.0498908
   9.0494574   9.0566036   9.0558645   9.0564597   9.0468109   9.0367952
   9.0657785   9.0545184   9.0556602   9.0545579   9.0529527   9.0494034
   9.0548515   9.0473514   9.0477240   9.0604327   9.0477903   9.0622309
   9.0611256   9.0531772   9.0426547   9.0568068   9.0572071   9.0512694
   9.0485483   9.0261385   9.0377381   9.0315040   9.0485623   9.0334111
   9.0158217   9.0372090   9.0536099   9.0389946   9.0370447   9.0353218
   9.0471230   9.0437891   9.0325575   9.0367446   9.0302959   9.0333706
   9.0230159   9.0326636   9.0494266   9.0404184   9.0295649   9.0261079
   9.0545857   9.0281012   9.0402543   9.0435805   9.0368449   9.0574310
   9.0350097   9.0469424   9.0437327   9.0336429   9.0360907   9.0391431
   9.0450053   9.0461503   9.0320324   9.0331208   9.0436829   9.0332296
   9.0310735   9.0230867   9.0290344   9.0402585   9.0351191   9.0297963
   9.0381859   9.0258186   9.0354618   9.0358303   9.0354522   9.0369435
  20.5618248  20.5232538  20.4952692  20.5046451  20.5212233  20.5352380
  20.5882022  20.6000770  20.5828143  20.5117822  20.5595059  20.5500348
  20.5563966  20.5531800  20.5423962  20.5027852  20.5178471  20.5230847
  20.5158113  20.4918501  20.5446999  20.5231859  20.5323816  20.5468195
  20.5024391  20.4879095  20.5200606
 TTTTTTTTTTTTTTTTTTTTTTTTTTTTTT MOQGAD      TELAPSE     1308.03 TCPU     1306.66
 TTTTTTTTTTTTTTTTTTTTTTTTTTTTTT SHELLXN     TELAPSE     1685.66 TCPU     1683.62
 TTTTTTTTTTTTTTTTTTTTTTTTTTTTTT MONMO3      TELAPSE     1698.15 TCPU     1695.95
 NUMERICALLY INTEGRATED DENSITY   1511.9935706457
 TTTTTTTTTTTTTTTTTTTTTTTTTTTTTT NUMDFT      TELAPSE     1715.53 TCPU     1713.15
 CYC   3 ETOT(AU) -2.971860621539E+04 DETOT -2.40E+00 tst  2.37E-03 PX  5.93E-02
 TTTTTTTTTTTTTTTTTTTTTTTTTTTTTT DIIS        TELAPSE     1720.57 TCPU     1718.06
 DIIS TEST: 0.21956E+00 AT SCF   CYCLE   3 - DIIS ACTIVE - HISTORY:     3 CYCLES
 TTTTTTTTTTTTTTTTTTTTTTTTTTTTTT FDIK        TELAPSE     1737.50 TCPU     1734.55
 INSULATING STATE
 TOP OF VALENCE BANDS -    BAND    756; K    8; EIG -1.5248170E-01 AU
 TOP OF VALENCE BANDS -    BAND    756; K    1; EIG -1.6228172E-01 AU
 BOTTOM OF VIRTUAL BANDS - BAND    757; K    1; EIG -7.3621000E-03 AU
 INDIRECT ENERGY BAND GAP:   3.9489 eV
 TTTTTTTTTTTTTTTTTTTTTTTTTTTTTT PDIG        TELAPSE     1740.10 TCPU     1737.12
 CHARGE NORMALIZATION FACTOR   1.00000000
 TOTAL ATOMIC CHARGES:
   8.3421344   8.3425013   8.3385729   8.3463178   8.3480235   8.3431808
   8.3445981   8.3436597   8.3415509   8.3453915   8.3418428   8.3431050
   8.3450961   8.3453941   8.3437262   8.3443286   8.3403296   8.3452122
   8.3418363   8.3400994   8.3400791   8.3491449   8.3454942   8.3440339
   8.3473463   8.3476635   8.3437654   8.9718680   9.0041346   8.9958029
   9.0264401   8.9465851   8.9786665   9.0411372   9.0547971   9.0532194
   8.9553882   9.0270646   9.0320510   9.0153289   9.0497932   9.0739704
   9.0039365   9.0416333   9.0572108   8.9967497   9.0167927   8.9733055
   8.9541796   9.0018966   9.0713396   9.0047430   8.9730337   8.9658936
   9.0849595   9.0877107   9.0973174   9.1031397   9.1070062   9.0947196
   9.0991427   9.0811296   9.1000904   9.0900016   9.0836541   9.0917856
   9.1145719   9.0936556   9.0994654   9.0985553   9.1049097   9.0973133
   9.0742783   9.0883032   9.0708390   9.1021728   9.0996760   9.0945370
   9.1145850   9.0907816   9.0988182   9.0918791   9.0931334   9.1051954
   9.0987889   9.0918058   9.0864738   9.0940079   9.0886883   9.0849942
   9.0909295   9.0898758   9.1023117   9.0965798   9.0927683   9.0883698
   9.0935202   9.0958690   9.1091919   9.0898130   9.0894652   9.0818411
   9.1085495   9.0926194   9.1166016   9.1081025   9.1096011   9.0863210
  20.4643518  20.4824267  20.4929191  20.4592480  20.5226602  20.4956521
  20.3988162  20.3242957  20.3497224  20.5413308  20.4034231  20.4590629
  20.4191803  20.4261652  20.4082583  20.4749234  20.4661237  20.4299850
  20.5036859  20.4716381  20.4919147  20.4959369  20.4546277  20.3733855
  20.4698284  20.4998228  20.5088083
 TTTTTTTTTTTTTTTTTTTTTTTTTTTTTT MOQGAD      TELAPSE     1740.20 TCPU     1737.19
 TTTTTTTTTTTTTTTTTTTTTTTTTTTTTT SHELLXN     TELAPSE     2117.80 TCPU     2114.45
 TTTTTTTTTTTTTTTTTTTTTTTTTTTTTT MONMO3      TELAPSE     2130.15 TCPU     2126.80
 NUMERICALLY INTEGRATED DENSITY   1511.9934670598
 TTTTTTTTTTTTTTTTTTTTTTTTTTTTTT NUMDFT      TELAPSE     2147.36 TCPU     2144.02
 CYC   4 ETOT(AU) -2.971857899439E+04 DETOT  2.72E-02 tst  1.02E-04 PX  2.85E-02
 TTTTTTTTTTTTTTTTTTTTTTTTTTTTTT DIIS        TELAPSE     2152.40 TCPU     2149.05
 DIIS TEST: 0.41647E+00 AT SCF   CYCLE   4 - DIIS ACTIVE - HISTORY:     4 CYCLES
 TTTTTTTTTTTTTTTTTTTTTTTTTTTTTT FDIK        TELAPSE     2168.72 TCPU     2165.20
 INSULATING STATE
 TOP OF VALENCE BANDS -    BAND    756; K    8; EIG -1.4727780E-01 AU
 TOP OF VALENCE BANDS -    BAND    756; K    1; EIG -1.5572703E-01 AU
 BOTTOM OF VIRTUAL BANDS - BAND    757; K    1; EIG -8.2280635E-03 AU
 INDIRECT ENERGY BAND GAP:   3.7837 eV
 TTTTTTTTTTTTTTTTTTTTTTTTTTTTTT PDIG        TELAPSE     2171.27 TCPU     2167.75
 CHARGE NORMALIZATION FACTOR   1.00000000
 TOTAL ATOMIC CHARGES:
   8.3392101   8.3406232   8.3360868   8.3424831   8.3440743   8.3403886
   8.3424269   8.3404270   8.3398391   8.3420631   8.3408704   8.3415815
   8.3412417   8.3422428   8.3413443   8.3418945   8.3378139   8.3437148
   8.3371176   8.3363980   8.3364326   8.3449543   8.3421802   8.3420475
   8.3437625   8.3436179   8.3410175   9.0388663   9.0426938   9.0451695
   9.0524611   9.0355043   9.0287898   9.0564508   9.0418959   9.0346464
   9.0596039   9.0344244   9.0435266   9.0514818   9.0541257   9.0566495
   9.0533604   9.0554708   9.0518901   9.0506011   9.0473240   9.0360531
   9.0451517   9.0452263   9.0417905   9.0459733   9.0455822   9.0269847
   9.0745055   9.0636031   9.0736730   9.0703727   9.0830822   9.0699803
   9.0585334   9.0643724   9.0857838   9.0747871   9.0677548   9.0693342
   9.0846119   9.0755467   9.0705818   9.0719561   9.0700609   9.0679657
   9.0611794   9.0705967   9.0728180   9.0783365   9.0725358   9.0636767
   9.0911185   9.0671690   9.0743150   9.0760386   9.0744420   9.0919546
   9.0749650   9.0782375   9.0757667   9.0715786   9.0714810   9.0726980
   9.0773409   9.0793265   9.0730433   9.0712811   9.0759506   9.0670075
   9.0673714   9.0627834   9.0656624   9.0722150   9.0632735   9.0630070
   9.0752604   9.0627848   9.0753145   9.0741492   9.0741880   9.0664821
  20.4841272  20.4718974  20.4462787  20.4538055  20.4478964  20.4823630
  20.4997457  20.5033096  20.4964535  20.4463806  20.4957390  20.4935793
  20.4743823  20.4851172  20.4734217  20.4407930  20.4646681  20.4605283
  20.4744816  20.4486501  20.4780593  20.4444334  20.4753191  20.4797261
  20.4580519  20.4311112  20.4602734
 TTTTTTTTTTTTTTTTTTTTTTTTTTTTTT MOQGAD      TELAPSE     2171.33 TCPU     2167.81
 TTTTTTTTTTTTTTTTTTTTTTTTTTTTTT SHELLXN     TELAPSE     2548.44 TCPU     2544.73
 TTTTTTTTTTTTTTTTTTTTTTTTTTTTTT MONMO3      TELAPSE     2560.80 TCPU     2557.09
 NUMERICALLY INTEGRATED DENSITY   1511.9934829983
 TTTTTTTTTTTTTTTTTTTTTTTTTTTTTT NUMDFT      TELAPSE     2578.09 TCPU     2574.38
 CYC   5 ETOT(AU) -2.971863920328E+04 DETOT -6.02E-02 tst  2.60E-05 PX  1.41E-02
 TTTTTTTTTTTTTTTTTTTTTTTTTTTTTT DIIS        TELAPSE     2582.92 TCPU     2579.21
 DIIS TEST: 0.38997E-01 AT SCF   CYCLE   5 - DIIS ACTIVE - HISTORY:     5 CYCLES
 TTTTTTTTTTTTTTTTTTTTTTTTTTTTTT FDIK        TELAPSE     2599.90 TCPU     2596.16
 INSULATING STATE
 TOP OF VALENCE BANDS -    BAND    756; K    8; EIG -1.4637259E-01 AU
 TOP OF VALENCE BANDS -    BAND    756; K    1; EIG -1.5530584E-01 AU
 BOTTOM OF VIRTUAL BANDS - BAND    757; K    1; EIG -1.0261662E-02 AU
 INDIRECT ENERGY BAND GAP:   3.7038 eV
 TTTTTTTTTTTTTTTTTTTTTTTTTTTTTT PDIG        TELAPSE     2602.45 TCPU     2598.71
 CHARGE NORMALIZATION FACTOR   1.00000000
 TOTAL ATOMIC CHARGES:
   8.3373508   8.3383896   8.3341586   8.3411888   8.3428005   8.3389773
   8.3405407   8.3383798   8.3376774   8.3396825   8.3382380   8.3385887
   8.3393063   8.3404776   8.3394991   8.3392067   8.3351653   8.3409214
   8.3356159   8.3346839   8.3343448   8.3431716   8.3400218   8.3394930
   8.3423681   8.3418968   8.3386963   9.0332409   9.0452928   9.0358082
   9.0477101   9.0176572   9.0324075   9.0544411   9.0554948   9.0495480
   9.0257400   9.0505949   9.0551616   9.0436386   9.0571356   9.0652759
   9.0383349   9.0516458   9.0585078   9.0413556   9.0431949   9.0345307
   9.0225706   9.0396569   9.0623275   9.0427618   9.0311947   9.0235869
   9.0691801   9.0572077   9.0685202   9.0665521   9.0787160   9.0651886
   9.0555905   9.0609181   9.0785971   9.0656263   9.0625033   9.0646807
   9.0796105   9.0702496   9.0656793   9.0670678   9.0666491   9.0648785
   9.0517074   9.0618834   9.0651853   9.0718580   9.0643561   9.0592120
   9.0843742   9.0604058   9.0703172   9.0692852   9.0671030   9.0829800
   9.0667098   9.0709963   9.0683260   9.0646643   9.0641462   9.0643544
   9.0698412   9.0708799   9.0666003   9.0644945   9.0699145   9.0622691
   9.0623263   9.0585097   9.0664171   9.0667444   9.0640718   9.0577682
   9.0718152   9.0584878   9.0738503   9.0714541   9.0712570   9.0633133
  20.5044918  20.4875423  20.4761236  20.4684985  20.5037192  20.4988399
  20.5012752  20.4753663  20.4750825  20.5096923  20.4755427  20.4946803
  20.4876098  20.4864780  20.4735039  20.4755318  20.4804577  20.4672791
  20.4926343  20.4651586  20.5042176  20.5007687  20.4834982  20.4581808
  20.4706270  20.4744898  20.4937588
 TTTTTTTTTTTTTTTTTTTTTTTTTTTTTT MOQGAD      TELAPSE     2602.51 TCPU     2598.78
 TTTTTTTTTTTTTTTTTTTTTTTTTTTTTT SHELLXN     TELAPSE     2979.84 TCPU     2975.89
 TTTTTTTTTTTTTTTTTTTTTTTTTTTTTT MONMO3      TELAPSE     2992.21 TCPU     2988.26
 NUMERICALLY INTEGRATED DENSITY   1511.9934923474
 TTTTTTTTTTTTTTTTTTTTTTTTTTTTTT NUMDFT      TELAPSE     3009.41 TCPU     3005.46
 CYC   6 ETOT(AU) -2.971864509474E+04 DETOT -5.89E-03 tst  2.37E-06 PX  4.94E-03
 TTTTTTTTTTTTTTTTTTTTTTTTTTTTTT DIIS        TELAPSE     3014.38 TCPU     3010.43
 DIIS TEST: 0.55824E-02 AT SCF   CYCLE   6 - DIIS ACTIVE - HISTORY:     6 CYCLES
 TTTTTTTTTTTTTTTTTTTTTTTTTTTTTT FDIK        TELAPSE     3030.45 TCPU     3026.50
 INSULATING STATE
 TOP OF VALENCE BANDS -    BAND    756; K    8; EIG -1.4670783E-01 AU
 TOP OF VALENCE BANDS -    BAND    756; K    1; EIG -1.5533610E-01 AU
 BOTTOM OF VIRTUAL BANDS - BAND    757; K    1; EIG -1.0968077E-02 AU
 INDIRECT ENERGY BAND GAP:   3.6937 eV
 TTTTTTTTTTTTTTTTTTTTTTTTTTTTTT PDIG        TELAPSE     3032.96 TCPU     3029.01
 CHARGE NORMALIZATION FACTOR   1.00000000
 TOTAL ATOMIC CHARGES:
   8.3370448   8.3382349   8.3340333   8.3409654   8.3427201   8.3391287
   8.3402668   8.3379898   8.3376262   8.3390539   8.3380909   8.3383587
   8.3387918   8.3403408   8.3395640   8.3386276   8.3345800   8.3407157
   8.3350805   8.3346027   8.3341032   8.3426977   8.3398624   8.3394234
   8.3421762   8.3416097   8.3386049   9.0292285   9.0365574   9.0309597
   9.0429682   9.0175112   9.0222005   9.0527692   9.0468470   9.0398293
   9.0337692   9.0377457   9.0423605   9.0428469   9.0519018   9.0579900
   9.0397858   9.0475039   9.0505149   9.0385931   9.0370566   9.0258147
   9.0268011   9.0347044   9.0484116   9.0372033   9.0277984   9.0167092
   9.0677940   9.0571651   9.0672791   9.0657849   9.0775609   9.0642013
   9.0554262   9.0592731   9.0778004   9.0665845   9.0610702   9.0630469
   9.0795174   9.0688266   9.0649786   9.0671544   9.0659380   9.0639817
   9.0513134   9.0617632   9.0633943   9.0712823   9.0649235   9.0593540
   9.0844818   9.0596064   9.0688333   9.0689949   9.0658017   9.0829128
   9.0676469   9.0706671   9.0668919   9.0643233   9.0631504   9.0637469
   9.0696420   9.0699769   9.0665823   9.0647157   9.0690042   9.0610126
   9.0618812   9.0582399   9.0652740   9.0657174   9.0607544   9.0563241
   9.0719350   9.0586597   9.0728192   9.0701907   9.0708155   9.0614436
  20.5095164  20.4976696  20.4807335  20.4769318  20.4982357  20.5105368
  20.5026916  20.4899845  20.4883537  20.4967904  20.4981692  20.5090978
  20.4901596  20.4957238  20.4822916  20.4749987  20.4879472  20.4786316
  20.5009410  20.4747711  20.5109695  20.4870042  20.4939775  20.4788987
  20.4812588  20.4749195  20.5006604
 TTTTTTTTTTTTTTTTTTTTTTTTTTTTTT MOQGAD      TELAPSE     3033.03 TCPU     3029.07
 TTTTTTTTTTTTTTTTTTTTTTTTTTTTTT SHELLXN     TELAPSE     3411.00 TCPU     3406.42
 TTTTTTTTTTTTTTTTTTTTTTTTTTTTTT MONMO3      TELAPSE     3423.48 TCPU     3418.80
 NUMERICALLY INTEGRATED DENSITY   1511.9934932622
 TTTTTTTTTTTTTTTTTTTTTTTTTTTTTT NUMDFT      TELAPSE     3440.85 TCPU     3435.98
 CYC   7 ETOT(AU) -2.971864587880E+04 DETOT -7.84E-04 tst  5.80E-07 PX  1.86E-03
 TTTTTTTTTTTTTTTTTTTTTTTTTTTTTT DIIS        TELAPSE     3447.32 TCPU     3442.36
 DIIS TEST: 0.71540E-03 AT SCF   CYCLE   7 - DIIS ACTIVE - HISTORY:     7 CYCLES
 TTTTTTTTTTTTTTTTTTTTTTTTTTTTTT FDIK        TELAPSE     3466.10 TCPU     3460.85
 INSULATING STATE
 TOP OF VALENCE BANDS -    BAND    756; K    8; EIG -1.4613387E-01 AU
 TOP OF VALENCE BANDS -    BAND    756; K    1; EIG -1.5492019E-01 AU
 BOTTOM OF VIRTUAL BANDS - BAND    757; K    1; EIG -1.0501907E-02 AU
 INDIRECT ENERGY BAND GAP:   3.6907 eV
 TTTTTTTTTTTTTTTTTTTTTTTTTTTTTT PDIG        TELAPSE     3468.69 TCPU     3463.40
 CHARGE NORMALIZATION FACTOR   1.00000000
 TOTAL ATOMIC CHARGES:
   8.3381057   8.3391857   8.3349197   8.3420229   8.3437014   8.3399851
   8.3413708   8.3389636   8.3385422   8.3401667   8.3391017   8.3392794
   8.3398281   8.3413370   8.3404587   8.3397047   8.3355613   8.3417093
   8.3360270   8.3354371   8.3348804   8.3438196   8.3408279   8.3403151
   8.3432295   8.3426173   8.3394734   9.0281161   9.0388281   9.0339925
   9.0439197   9.0171517   9.0259011   9.0493453   9.0461026   9.0403184
   9.0294525   9.0404898   9.0467600   9.0402487   9.0516227   9.0586980
   9.0377694   9.0484259   9.0524392   9.0379816   9.0395344   9.0292817
   9.0220507   9.0359995   9.0520934   9.0379263   9.0298563   9.0193655
   9.0676402   9.0566765   9.0673858   9.0653184   9.0773198   9.0638740
   9.0539586   9.0588249   9.0781174   9.0655450   9.0611402   9.0633712
   9.0789348   9.0689567   9.0648226   9.0658852   9.0652553   9.0629309
   9.0515748   9.0618972   9.0643391   9.0712983   9.0644653   9.0583527
   9.0839620   9.0598815   9.0690021   9.0687014   9.0666522   9.0831920
   9.0667641   9.0704993   9.0676735   9.0640353   9.0637148   9.0642353
   9.0693928   9.0706945   9.0664325   9.0640663   9.0689517   9.0608976
   9.0610107   9.0572304   9.0637707   9.0654621   9.0607080   9.0565116
   9.0702831   9.0570787   9.0720355   9.0695992   9.0695642   9.0611859
  20.5092932  20.4934242  20.4776169  20.4748416  20.4977892  20.5037587
  20.5119249  20.4931542  20.4912672  20.5032814  20.4913725  20.5042430
  20.4939181  20.4964428  20.4836453  20.4759221  20.4861048  20.4753538
  20.4992238  20.4709994  20.5063544  20.4956452  20.4912254  20.4739740
  20.4778551  20.4717501  20.4943022
 TTTTTTTTTTTTTTTTTTTTTTTTTTTTTT MOQGAD      TELAPSE     3468.82 TCPU     3463.46
 TTTTTTTTTTTTTTTTTTTTTTTTTTTTTT SHELLXN     TELAPSE     3847.68 TCPU     3842.20
 TTTTTTTTTTTTTTTTTTTTTTTTTTTTTT MONMO3      TELAPSE     3860.36 TCPU     3854.72
 NUMERICALLY INTEGRATED DENSITY   1511.9934898132
 TTTTTTTTTTTTTTTTTTTTTTTTTTTTTT NUMDFT      TELAPSE     3877.54 TCPU     3871.67
 CYC   8 ETOT(AU) -2.971864594789E+04 DETOT -6.91E-05 tst  4.99E-08 PX  1.15E-03
 TTTTTTTTTTTTTTTTTTTTTTTTTTTTTT DIIS        TELAPSE     3884.12 TCPU     3878.11
 DIIS TEST: 0.24896E-03 AT SCF   CYCLE   8 - DIIS ACTIVE - HISTORY:     8 CYCLES
 TTTTTTTTTTTTTTTTTTTTTTTTTTTTTT FDIK        TELAPSE     3900.30 TCPU     3894.03
 INSULATING STATE
 TOP OF VALENCE BANDS -    BAND    756; K    8; EIG -1.4608987E-01 AU
 TOP OF VALENCE BANDS -    BAND    756; K    1; EIG -1.5481310E-01 AU
 BOTTOM OF VIRTUAL BANDS - BAND    757; K    1; EIG -1.0407347E-02 AU
 INDIRECT ENERGY BAND GAP:   3.6921 eV
 TTTTTTTTTTTTTTTTTTTTTTTTTTTTTT PDIG        TELAPSE     3902.86 TCPU     3896.55
 CHARGE NORMALIZATION FACTOR   1.00000000
 TOTAL ATOMIC CHARGES:
   8.3382373   8.3393622   8.3351121   8.3421720   8.3438990   8.3402063
   8.3414939   8.3391475   8.3387558   8.3403004   8.3392642   8.3394886
   8.3399889   8.3415235   8.3406714   8.3398436   8.3357262   8.3419042
   8.3362098   8.3356339   8.3351373   8.3439645   8.3410115   8.3405260
   8.3433777   8.3428053   8.3396917   9.0299005   9.0387946   9.0326045
   9.0443182   9.0172956   9.0248870   9.0520533   9.0480664   9.0414272
   9.0311679   9.0408904   9.0458341   9.0421509   9.0524636   9.0591689
   9.0387434   9.0483049   9.0521822   9.0391215   9.0390705   9.0282889
   9.0248288   9.0358617   9.0518260   9.0386513   9.0290895   9.0184079
   9.0676771   9.0563943   9.0670476   9.0652327   9.0772503   9.0637222
   9.0543329   9.0589478   9.0776655   9.0654978   9.0608895   9.0629643
   9.0787894   9.0687681   9.0644727   9.0661004   9.0652264   9.0632933
   9.0509675   9.0612869   9.0635778   9.0709629   9.0641199   9.0581972
   9.0838463   9.0593403   9.0686570   9.0684227   9.0658907   9.0825794
   9.0666087   9.0701706   9.0669876   9.0638345   9.0630895   9.0634981
   9.0690639   9.0699904   9.0658753   9.0638990   9.0686736   9.0607033
   9.0611664   9.0573671   9.0643439   9.0653596   9.0608236   9.0561022
   9.0707658   9.0574490   9.0721427   9.0697321   9.0698791   9.0612559
  20.5085502  20.4948308  20.4793623  20.4748478  20.4994905  20.5071255
  20.5056713  20.4888439  20.4874515  20.5011415  20.4921969  20.5056467
  20.4913408  20.4947582  20.4816103  20.4757090  20.4864334  20.4759217
  20.4986033  20.4718684  20.5087822  20.4922524  20.4918173  20.4738677
  20.4781759  20.4742034  20.4977397
 TTTTTTTTTTTTTTTTTTTTTTTTTTTTTT MOQGAD      TELAPSE     3902.93 TCPU     3896.62
 TTTTTTTTTTTTTTTTTTTTTTTTTTTTTT SHELLXN     TELAPSE     4280.86 TCPU     4274.36
 TTTTTTTTTTTTTTTTTTTTTTTTTTTTTT MONMO3      TELAPSE     4293.55 TCPU     4286.80
 NUMERICALLY INTEGRATED DENSITY   1511.9934893846
 TTTTTTTTTTTTTTTTTTTTTTTTTTTTTT NUMDFT      TELAPSE     4310.66 TCPU     4303.82
 CYC   9 ETOT(AU) -2.971864598041E+04 DETOT -3.25E-05 tst  3.50E-08 PX  4.33E-04
 TTTTTTTTTTTTTTTTTTTTTTTTTTTTTT DIIS        TELAPSE     4317.33 TCPU     4310.40
 DIIS TEST: 0.16826E-04 AT SCF   CYCLE   9 - DIIS ACTIVE - HISTORY:     9 CYCLES
 TTTTTTTTTTTTTTTTTTTTTTTTTTTTTT FDIK        TELAPSE     4333.52 TCPU     4326.26
 INSULATING STATE
 TOP OF VALENCE BANDS -    BAND    756; K    8; EIG -1.4607072E-01 AU
 TOP OF VALENCE BANDS -    BAND    756; K    1; EIG -1.5481792E-01 AU
 BOTTOM OF VIRTUAL BANDS - BAND    757; K    1; EIG -1.0464632E-02 AU
 INDIRECT ENERGY BAND GAP:   3.6900 eV
 TTTTTTTTTTTTTTTTTTTTTTTTTTTTTT PDIG        TELAPSE     4336.10 TCPU     4328.79
 CHARGE NORMALIZATION FACTOR   1.00000000
 TOTAL ATOMIC CHARGES:
   8.3382343   8.3393472   8.3350809   8.3421549   8.3438681   8.3401570
   8.3414813   8.3391303   8.3387253   8.3403006   8.3392475   8.3394752
   8.3399843   8.3414989   8.3406267   8.3398501   8.3357228   8.3418808
   8.3362139   8.3356066   8.3351253   8.3439572   8.3409939   8.3405095
   8.3433607   8.3427800   8.3396684   9.0292402   9.0385823   9.0327261
   9.0435500   9.0174659   9.0252356   9.0515186   9.0476803   9.0413130
   9.0308097   9.0405585   9.0457802   9.0417539   9.0524232   9.0591280
   9.0386456   9.0481411   9.0521773   9.0384122   9.0386262   9.0284884
   9.0242142   9.0358693   9.0516114   9.0379414   9.0289653   9.0188002
   9.0674461   9.0563813   9.0668894   9.0651420   9.0771009   9.0636804
   9.0542463   9.0588338   9.0775047   9.0654906   9.0607499   9.0628022
   9.0787687   9.0685331   9.0644523   9.0661433   9.0652040   9.0631902
   9.0507852   9.0612222   9.0634747   9.0707763   9.0640509   9.0584111
   9.0837378   9.0591998   9.0685351   9.0683760   9.0656698   9.0824799
   9.0665767   9.0701324   9.0668306   9.0636439   9.0628708   9.0634044
   9.0690146   9.0697981   9.0659151   9.0638407   9.0685669   9.0605795
   9.0610404   9.0572822   9.0643245   9.0652172   9.0606883   9.0560384
   9.0707760   9.0575124   9.0721239   9.0696123   9.0698566   9.0611169
  20.5097658  20.4950767  20.4791324  20.4755094  20.4993758  20.5067118
  20.5065915  20.4898702  20.4881212  20.5015797  20.4931801  20.5055897
  20.4918810  20.4950834  20.4819502  20.4757948  20.4865407  20.4762351
  20.4997705  20.4723482  20.5087766  20.4929725  20.4917540  20.4747176
  20.4791474  20.4740654  20.4977778
 TTTTTTTTTTTTTTTTTTTTTTTTTTTTTT MOQGAD      TELAPSE     4336.19 TCPU     4328.85
 TTTTTTTTTTTTTTTTTTTTTTTTTTTTTT SHELLXN     TELAPSE     4716.01 TCPU     4707.70
 TTTTTTTTTTTTTTTTTTTTTTTTTTTTTT MONMO3      TELAPSE     4728.75 TCPU     4720.25
 NUMERICALLY INTEGRATED DENSITY   1511.9934896002
 TTTTTTTTTTTTTTTTTTTTTTTTTTTTTT NUMDFT      TELAPSE     4745.93 TCPU     4737.28
 CYC  10 ETOT(AU) -2.971864598227E+04 DETOT -1.86E-06 tst  1.99E-09 PX  3.01E-04
 TTTTTTTTTTTTTTTTTTTTTTTTTTTTTT DIIS        TELAPSE     4752.72 TCPU     4743.96
 DIIS TEST: 0.45192E-05 AT SCF   CYCLE  10 - DIIS ACTIVE - HISTORY:    10 CYCLES
 TTTTTTTTTTTTTTTTTTTTTTTTTTTTTT FDIK        TELAPSE     4769.25 TCPU     4760.20
 INSULATING STATE
 TOP OF VALENCE BANDS -    BAND    756; K    8; EIG -1.4608465E-01 AU
 TOP OF VALENCE BANDS -    BAND    756; K    1; EIG -1.5481759E-01 AU
 BOTTOM OF VIRTUAL BANDS - BAND    757; K    1; EIG -1.0475973E-02 AU
 INDIRECT ENERGY BAND GAP:   3.6901 eV
 TTTTTTTTTTTTTTTTTTTTTTTTTTTTTT PDIG        TELAPSE     4771.83 TCPU     4762.74
 CHARGE NORMALIZATION FACTOR   1.00000000
 TOTAL ATOMIC CHARGES:
   8.3382157   8.3393408   8.3350803   8.3421373   8.3438574   8.3401559
   8.3414657   8.3391291   8.3387203   8.3402905   8.3392376   8.3394694
   8.3399717   8.3414870   8.3406252   8.3398414   8.3357188   8.3418760
   8.3361984   8.3356024   8.3351180   8.3439405   8.3409855   8.3405019
   8.3433466   8.3427763   8.3396610   9.0294821   9.0385901   9.0325433
   9.0439450   9.0171928   9.0249069   9.0514874   9.0476010   9.0410985
   9.0307473   9.0406596   9.0456998   9.0417392   9.0522262   9.0589569
   9.0385281   9.0481156   9.0520696   9.0387286   9.0387944   9.0282337
   9.0242852   9.0356677   9.0516381   9.0383097   9.0289253   9.0184741
   9.0674870   9.0563413   9.0669224   9.0651288   9.0771189   9.0636127
   9.0541871   9.0588066   9.0775315   9.0654193   9.0607697   9.0628531
   9.0787142   9.0685960   9.0643972   9.0660092   9.0651327   9.0631095
   9.0508785   9.0612381   9.0635468   9.0708396   9.0640314   9.0582309
   9.0837332   9.0592386   9.0685771   9.0683699   9.0657988   9.0825115
   9.0665360   9.0701144   9.0668860   9.0636816   9.0629837   9.0634556
   9.0690146   9.0698891   9.0658633   9.0638188   9.0685732   9.0605808
   9.0610015   9.0572215   9.0641999   9.0652354   9.0606932   9.0560127
   9.0706418   9.0573394   9.0720369   9.0695835   9.0697532   9.0610971
  20.5092193  20.4951192  20.4794895  20.4752115  20.4996956  20.5070456
  20.5069488  20.4899697  20.4884634  20.5018289  20.4927112  20.5058543
  20.4920534  20.4954068  20.4822769  20.4760542  20.4867501  20.4762983
  20.4992381  20.4722399  20.5090035  20.4930752  20.4921290  20.4744699
  20.4785927  20.4742551  20.4978581
 TTTTTTTTTTTTTTTTTTTTTTTTTTTTTT MOQGAD      TELAPSE     4771.92 TCPU     4762.80
 TTTTTTTTTTTTTTTTTTTTTTTTTTTTTT SHELLXN     TELAPSE     5150.33 TCPU     5140.26
 TTTTTTTTTTTTTTTTTTTTTTTTTTTTTT MONMO3      TELAPSE     5162.92 TCPU     5152.86
 NUMERICALLY INTEGRATED DENSITY   1511.9934896415
 TTTTTTTTTTTTTTTTTTTTTTTTTTTTTT NUMDFT      TELAPSE     5179.98 TCPU     5169.91
 CYC  11 ETOT(AU) -2.971864598267E+04 DETOT -3.98E-07 tst  2.87E-10 PX  1.40E-04
 TTTTTTTTTTTTTTTTTTTTTTTTTTTTTT DIIS        TELAPSE     5185.74 TCPU     5175.67
 DIIS TEST: 0.61845E-06 AT SCF   CYCLE  11 - DIIS ACTIVE - HISTORY:    11 CYCLES
 TTTTTTTTTTTTTTTTTTTTTTTTTTTTTT FDIK        TELAPSE     5202.09 TCPU     5191.79
 INSULATING STATE
 TOP OF VALENCE BANDS -    BAND    756; K    8; EIG -1.4608767E-01 AU
 TOP OF VALENCE BANDS -    BAND    756; K    1; EIG -1.5482599E-01 AU
 BOTTOM OF VIRTUAL BANDS - BAND    757; K    1; EIG -1.0477133E-02 AU
 INDIRECT ENERGY BAND GAP:   3.6902 eV
 TTTTTTTTTTTTTTTTTTTTTTTTTTTTTT PDIG        TELAPSE     5204.64 TCPU     5194.34
 CHARGE NORMALIZATION FACTOR   1.00000000
 TOTAL ATOMIC CHARGES:
   8.3382178   8.3393391   8.3350787   8.3421440   8.3438605   8.3401595
   8.3414670   8.3391249   8.3387168   8.3402852   8.3392356   8.3394632
   8.3399717   8.3414873   8.3406271   8.3398358   8.3357125   8.3418699
   8.3361990   8.3356074   8.3351152   8.3439387   8.3409844   8.3404997
   8.3433490   8.3427760   8.3396591   9.0293700   9.0385925   9.0326564
   9.0438611   9.0172414   9.0249629   9.0515390   9.0476435   9.0411852
   9.0308220   9.0405838   9.0457518   9.0417337   9.0522654   9.0590003
   9.0385137   9.0481368   9.0520755   9.0386430   9.0388256   9.0283361
   9.0242715   9.0357609   9.0516352   9.0381893   9.0289772   9.0185170
   9.0675059   9.0563305   9.0669334   9.0651191   9.0771200   9.0636326
   9.0541846   9.0588085   9.0775594   9.0654177   9.0607686   9.0628482
   9.0787114   9.0686140   9.0644060   9.0660069   9.0651299   9.0631375
   9.0508625   9.0612265   9.0635196   9.0708368   9.0640408   9.0582014
   9.0837284   9.0592507   9.0685590   9.0683429   9.0657845   9.0825154
   9.0665280   9.0700994   9.0669004   9.0637003   9.0629765   9.0634427
   9.0689859   9.0698946   9.0658514   9.0638023   9.0685746   9.0605878
   9.0610196   9.0572396   9.0642046   9.0652304   9.0606693   9.0560263
   9.0706395   9.0573563   9.0720388   9.0695874   9.0697575   9.0611127
  20.5093724  20.4951088  20.4794287  20.4754528  20.4995627  20.5070071
  20.5067551  20.4898524  20.4882779  20.5017090  20.4928339  20.5058233
  20.4920450  20.4953125  20.4821970  20.4760605  20.4867684  20.4763149
  20.4994097  20.4722765  20.5088411  20.4930296  20.4920426  20.4745316
  20.4788490  20.4742369  20.4977564
 TTTTTTTTTTTTTTTTTTTTTTTTTTTTTT MOQGAD      TELAPSE     5204.83 TCPU     5194.41
 TTTTTTTTTTTTTTTTTTTTTTTTTTTTTT SHELLXN     TELAPSE     5582.64 TCPU     5572.19
 +++ ENERGIES IN A.U. +++
 ::: EXT EL-POLE                                  -3.9315314728443E+04
 ::: EXT EL-SPHEROPOLE                             3.7469291294354E+02
 ::: BIELET ZONE E-E                               4.6940808988118E+04
 ::: TOTAL E-E                                     8.0001871726184E+03
 ::: TOTAL E-N + N-E                              -5.9832523936972E+04
 ::: TOTAL N-N                                    -5.6018900281495E+03
 ::: KINETIC ENERGY                                2.9176878770172E+04
 ::: PSEUDO TOTAL   ENERGY                        -2.8257348022331E+04
 ::: VIRIAL COEFFICIENT                            1.0160101528164E+00
 TTTTTTTTTTTTTTTTTTTTTTTTTTTTTT MONMO3      TELAPSE     5595.35 TCPU     5584.71
 NUMERICALLY INTEGRATED DENSITY   1511.9934896326
 EXCHANGE ENERGY: -0.140331141533E+04  CORRELATION ENERGY: -0.579865447041E+02
 TTTTTTTTTTTTTTTTTTTTTTTTTTTTTT NUMDFT      TELAPSE     5611.51 TCPU     5600.80
 CYC  12 ETOT(AU) -2.971864598237E+04 DETOT  3.01E-07 tst  4.52E-11 PX  1.40E-04

 == SCF ENDED - CONVERGENCE ON ENERGY      E(AU) -2.9718645982368E+04 CYCLES  12


 ENERGY EXPRESSION=HARTREE+FOCK EXCH*0.25000+(PBE        EXCH)*0.75000+PBE        CORR


 TOTAL ENERGY(DFT)(AU)( 12) -2.9718645982368E+04 DE 3.0E-07 tester 4.5E-11
 TTTTTTTTTTTTTTTTTTTTTTTTTTTTTT EDFT        TELAPSE     5611.64 TCPU     5600.83

 *******************************************************************************
 *                             FORCE CALCULATION                               *
 *******************************************************************************

 TTTTTTTTTTTTTTTTTTTTTTTTTTTTTT NUMDFG      TELAPSE     5727.65 TCPU     5716.54
 INFORMATION **** EXCPOG **** EXCH. BIPO BUFFER LENGTH (WORDS) =    90691128
 INFORMATION **** GENPOG **** BIPO BUFFER LENGTH (WORDS) =    12711000
 TTTTTTTTTTTTTTTTTTTTTTTTTTTTTT SHELXG      TELAPSE     7377.58 TCPU     7363.93

 CARTESIAN FORCES IN HARTREE/BOHR (ANALYTICAL)
   ATOM                     X                   Y                   Z
   1 256             8.921847055711E-04 -6.298969087692E-03  9.362712168348E-03
   2 256            -8.944626268013E-03 -1.398686848396E-03  4.908048071889E-03
   3 256            -2.876548384932E-03 -8.351761134516E-03 -5.451523799969E-03
   4 256             3.288050683655E-03  3.178367937361E-03  4.391585607144E-03
   5 256            -6.358804514215E-03  5.351662595206E-03 -2.053553536980E-03
   6 256            -7.175034604183E-03 -1.180235603140E-03  1.454730989918E-03
   7 256             8.600969262325E-03  6.410941196948E-03  5.125399013814E-04
   8 256             5.743718909512E-03 -2.267255577921E-03  2.120013965699E-03
   9 256            -6.660977890368E-03  5.582249259683E-03 -6.870608472821E-03
  10 256             5.363746873746E-03  4.475417362295E-04 -4.798629219784E-03
  11 256             7.201804993111E-03 -3.858688090375E-03  4.479443672444E-03
  12 256             1.318824269616E-03 -6.860442664051E-03 -5.268820966606E-03
  13 256             5.208727843489E-04  1.159030303365E-03 -7.712852312027E-03
  14 256             3.831531504960E-03  8.327984020721E-03 -3.611645948723E-03
  15 256            -6.401320105106E-04  5.420811318531E-03  9.814095768071E-03
  16 256             2.397388823494E-03  1.032639135867E-02  2.485056536106E-03
  17 256            -5.665302381605E-04  3.341688197244E-03 -6.787915697123E-03
  18 256             1.108896739449E-02  9.894892927832E-03 -7.642066249587E-03
  19 256            -7.904358435902E-05  5.893337642168E-03  7.571875262448E-03
  20 256             1.137679759742E-02 -3.530000322841E-04 -9.432598825662E-04
  21 256            -2.646115917060E-03 -7.846715002078E-03  4.681729232101E-04
  22 256             1.466500235818E-03 -4.626838743379E-03 -8.868721293603E-03
  23 256             2.827251911558E-03  6.879983076698E-03  9.177420588100E-03
  24 256             1.080554240347E-02 -3.315403350676E-03  4.190601946709E-04
  25 256            -5.551219292423E-03  5.166556420543E-03 -5.343401331856E-03
  26 256             2.398944839857E-03 -6.079166258675E-03  2.886643485892E-03
  27 256             4.212796346699E-04  7.683558756848E-03 -1.197485105556E-02
  28   8            -3.307724031546E-03  4.428787616015E-03 -6.898070456751E-04
  29   8             6.244903664578E-03  5.372852899884E-03 -4.596949908285E-03
  30   8            -7.439481278888E-03  1.482685953876E-03  1.238493568487E-02
  31   8            -4.859927602036E-03 -6.515042556759E-03  1.987246029502E-03
  32   8            -1.247401273777E-03  2.032161550065E-03  2.046786610032E-02
  33   8             2.911635076023E-03 -2.093929985831E-03 -4.278316706731E-03
  34   8            -2.069306722447E-03  8.098429919506E-03 -5.013556726258E-03
  35   8            -4.029882527128E-04 -4.301095082601E-03 -9.038850567908E-03
  36   8            -9.849858898869E-04 -1.633543251746E-03 -1.420601990433E-02
  37   8            -2.094776589312E-03  8.419089414086E-03  6.617340348309E-03
  38   8            -2.539633647595E-03 -3.174775553987E-03 -8.995613823650E-04
  39   8            -4.023486936206E-03  2.595150851866E-03 -1.548382254232E-02
  40   8             2.457701153324E-03 -7.723997065130E-03 -1.274131333658E-02
  41   8            -2.573058362443E-03  2.354845440635E-03 -4.158842399513E-03
  42   8             1.085496198521E-03 -7.518985747536E-03 -6.523022299530E-03
  43   8             9.161419601630E-04  6.052494324591E-04  1.352134616090E-02
  44   8            -2.143499213527E-03 -1.213181969548E-03 -1.129804903250E-02
  45   8             3.358855250592E-03 -3.311066494398E-04 -1.354275104315E-02
  46   8             4.574145627001E-03  3.932646220419E-03 -6.839245797766E-03
  47   8             2.352552280814E-03  6.761108444566E-03  2.210247242762E-02
  48   8            -1.565482951005E-05  2.550815420792E-03 -1.392678111906E-03
  49   8             6.332398771627E-03  1.963515614057E-03 -4.635649489274E-03
  50   8            -1.061876888063E-03  2.142464667068E-05  3.514637205700E-03
  51   8            -1.349072438538E-03  4.379584260440E-03 -7.214528464417E-06
  52   8            -5.334296494075E-03 -4.542966169104E-03  4.373314635929E-03
  53   8             3.390137501871E-03 -9.588354912330E-04  1.374497145703E-02
  54   8            -3.840320044132E-05 -7.225307356242E-03  6.933572326202E-03
  55   8             4.045651425029E-03  9.600963033712E-03  1.923703682493E-03
  56   8             2.313912412267E-04 -7.596897989278E-03 -4.759728101873E-03
  57   8             4.781311875361E-03 -3.883814131552E-03  4.830468698953E-03
  58   8            -4.234165595664E-03 -2.081135095870E-02  3.666421647308E-04
  59   8            -1.576648859068E-04  4.713176742826E-03 -2.456256604642E-04
  60   8            -4.917143718440E-03  1.216388598575E-02 -1.423307500076E-03
  61   8             2.535513686166E-03  9.610124422958E-03 -6.991581787439E-03
  62   8            -2.687354194812E-03 -1.055751948527E-02  3.770646944889E-03
  63   8             2.413158569578E-03 -1.971291204954E-03  3.705427121911E-03
  64   8             3.804091265415E-03  1.035863601131E-02  5.658733915737E-05
  65   8            -9.319677418177E-04  1.866477932050E-02  2.419037830662E-03
  66   8            -2.553491817878E-03  4.839889737642E-03  3.310816565009E-03
  67   8            -3.037011550737E-03  4.323807644354E-03  7.039138722583E-03
  68   8             3.404130665433E-03 -1.119302375180E-02 -1.513389980503E-03
  69   8             4.471773915930E-03 -1.227708998362E-03  2.700143139856E-03
  70   8             6.060532483246E-03 -5.486634112331E-03  3.711061906027E-03
  71   8            -6.962498657917E-04 -1.183894288020E-02  1.412924984818E-03
  72   8             1.957069780136E-03 -4.113390341676E-05  1.500917451517E-03
  73   8             2.606726892896E-03  2.551375268666E-03 -6.750055213591E-03
  74   8             1.584995283551E-03 -7.218457902666E-03 -5.675456226729E-03
  75   8             2.105472296314E-03  5.709693805923E-03  7.178007412407E-04
  76   8             1.559360779980E-03  3.876474703508E-03 -5.889279894894E-03
  77   8             4.565515853347E-03  5.690567557434E-03 -3.136540287855E-03
  78   8            -2.806206970406E-03 -7.572143361902E-03 -3.134678611257E-03
  79   8            -4.361492116584E-03 -1.096955730279E-02 -5.695463913504E-04
  80   8             1.054317699811E-03 -1.280306253337E-02 -5.435103905887E-03
  81   8            -2.539605857714E-03  6.684580565668E-03  8.668918179684E-04
  82   8             1.930999498121E-02  5.822588752989E-03 -7.311120349280E-04
  83   8             1.324093240609E-02  2.964843346239E-03 -3.341837084561E-03
  84   8            -1.342253228496E-02  3.140770223348E-04  2.566460214343E-03
  85   8            -1.451531027066E-02 -6.306913791241E-03 -9.158840415399E-04
  86   8             5.343694698959E-03  2.772225480417E-03  2.562663009319E-03
  87   8             1.238506844766E-02 -4.834809586864E-03  6.440816288935E-04
  88   8             1.580260417036E-02 -1.154826580766E-04 -4.425739162006E-03
  89   8             1.756570758542E-02  4.097001859332E-03 -2.241828244996E-03
  90   8            -4.413825344472E-03 -7.861889346096E-03  1.630090761398E-04
  91   8            -1.073360811372E-02 -2.405564382443E-03  7.310892358253E-03
  92   8            -5.304919607888E-03  3.776725259951E-03  1.977092182233E-03
  93   8             7.015022631824E-03 -5.482373434668E-04 -4.919833764921E-03
  94   8             1.089454730261E-02 -7.688543085250E-03 -6.149053331150E-03
  95   8            -9.848749467492E-03  2.567553147539E-03  4.988068495978E-03
  96   8            -1.418667681229E-02 -2.277734766872E-03  2.068746801179E-03
  97   8            -1.792047296199E-02 -9.379715114965E-04  2.655444468830E-03
  98   8            -1.511096347835E-02  1.647500758676E-04  1.714508388468E-03
  99   8            -1.830496871747E-02 -3.980089520601E-03  3.178528200972E-03
 100   8            -7.025827283100E-03  7.804382933199E-03  5.450263149647E-04
 101   8            -1.543236503061E-02  6.592697072004E-03  2.684297186568E-03
 102   8             5.961990731109E-03  6.323150908934E-03 -1.696709054317E-03
 103   8             6.673484885090E-04 -2.227470209304E-03  2.053262151463E-03
 104   8            -3.495164143071E-03  2.995290482313E-03  9.179471999958E-04
 105   8             5.973109807449E-03 -7.158673338472E-03  1.679522515027E-03
 106   8            -3.421889667489E-03 -8.660126681845E-03 -1.571091711912E-03
 107   8            -9.144894093462E-04 -1.254718685367E-03 -1.001576767007E-03
 108   8             1.475824588928E-02 -4.389457611138E-03  3.219532104051E-03
 109  22             3.150977515325E-03  1.260957276409E-03 -1.753064617615E-02
 110  22            -8.554589943816E-03 -9.336613750093E-03  6.260092605615E-03
 111  22             1.677694662634E-02  5.166730533794E-03 -6.975640783774E-03
 112  22            -8.438375215429E-04  1.794069319522E-02  2.092907941122E-02
 113  22             3.188689075477E-03  1.430434487376E-03 -3.518299940128E-02
 114  22             5.303107470468E-03 -1.459292430140E-02 -5.731455598310E-04
 115  22             7.226985955753E-04 -2.332016381286E-02  3.477887587288E-03
 116  22             9.727601950793E-03  6.939312804157E-04  1.182299552292E-02
 117  22             1.351331622344E-03  1.168819711224E-02  1.343798684847E-02
 118  22             2.233855972027E-03 -1.776066663678E-02 -2.246481206669E-02
 119  22             1.361654092259E-02 -9.569769538458E-03 -1.363197715426E-02
 120  22             4.125601657185E-03 -2.121104749009E-03  2.451290992984E-02
 121  22            -3.057984860468E-03  1.176899889161E-02  1.295151787284E-02
 122  22             7.525462612642E-03  1.335773895431E-02  1.126265374772E-03
 123  22            -7.906944109644E-03  2.772578804625E-03  9.712954775139E-03
 124  22            -9.487239949877E-03  5.617360882959E-03 -1.213194595803E-02
 125  22             8.607226215269E-04 -8.567015350335E-03  2.333972861586E-02
 126  22            -3.771942480076E-03  3.142756558979E-03  3.877143447744E-03
 127  22            -8.331259489082E-03 -2.321314050810E-02  9.436619621348E-03
 128  22            -5.130797909676E-03 -2.218350818638E-03 -1.575792914732E-02
 129  22            -1.884148738950E-02  4.806084363835E-03 -1.469256506560E-03
 130  22             1.044408580215E-03 -8.231676632346E-03  1.216516288543E-02
 131  22            -1.732054771275E-02  2.661800436163E-04 -2.744347123720E-04
 132  22            -6.951613248750E-04 -7.729970330580E-03  4.292074740875E-03
 133  22             4.847756247379E-03  2.838968159122E-02  7.749898771158E-03
 134  22            -1.241537515853E-02  1.314941154631E-04 -3.908229897762E-04
 135  22            -1.427435523241E-03  6.670143072756E-03 -1.847664111110E-02

 RESULTANT FORCE    -1.056862930504E-12  3.537600767878E-12  1.456364195906E-11

 SYMMETRY ALLOWED FORCES (ANALYTICAL) (DIRECTION, FORCE)

    1  8.9550757E-04    2 -6.3224290E-03    3  9.3975827E-03    4 -8.9715066E-03
    5 -1.4511188E-03    6  4.9965980E-03    7 -2.9481974E-03    8 -8.4414328E-03
    9 -5.3644299E-03   10  3.2174658E-03   11  3.0684264E-03   12  4.4753824E-03
   13 -6.4417663E-03   14  5.2735770E-03   15 -1.9602036E-03   16 -7.3108981E-03
   17 -1.2428665E-03   18  1.5465158E-03   19  8.4697159E-03   20  6.3682334E-03
   21  6.1268671E-04   22  5.6676688E-03   23 -2.2941149E-03   24  2.2312825E-03
   25 -6.7413513E-03   26  5.5683417E-03   27 -6.7773077E-03   28  5.2776597E-03
   29  4.5750619E-04   30 -4.7510603E-03   31  7.1655060E-03   32 -3.8623778E-03
   33  4.5261873E-03   34  1.3166804E-03   35 -6.9075847E-03   36 -5.2249743E-03
   37  5.2621386E-04   38  1.0882985E-03   39 -7.7216553E-03   40  3.8548559E-03
   41  8.2957723E-03   42 -3.6670905E-03   43 -6.0340985E-04   44  5.4453573E-03
   45  9.7840430E-03   46  2.4417974E-03   47  1.0417075E-02   48  2.5061501E-03
   49 -5.1404786E-04   50  3.4907470E-03   51 -6.7848821E-03   52  1.1186779E-02
   53  1.0101606E-02   54 -7.7004199E-03   55  6.6758614E-05   56  6.1695506E-03
   57  7.5128590E-03   58  1.1572878E-02   59 -5.0469254E-05   60 -9.7417069E-04
   61 -2.4103301E-03   62 -7.5774204E-03   63  4.3493089E-04   64  1.6992065E-03
   65 -4.4100910E-03   66 -8.9393540E-03   67  3.0811239E-03   68  7.1087848E-03
   69  9.1077095E-03   70  1.1122906E-02   71 -3.0686666E-03   72  3.9167066E-04
   73 -5.2073746E-03   74  5.4239890E-03   75 -5.3933800E-03   76  2.7316180E-03
   77 -5.8236666E-03   78  2.8250755E-03   79  7.6999476E-04   80  7.9489524E-03
   81 -1.2079026E-02   82 -2.9692307E-03   83  4.7529528E-03   84 -8.5373585E-04
   85  6.6004700E-03   86  5.7460904E-03   87 -4.7872818E-03   88 -7.0863591E-03
   89  1.8919093E-03   90  1.2229900E-02   91 -4.5622470E-03   92 -6.1260731E-03
   93  1.8993764E-03   94 -9.7630721E-04   95  2.4033316E-03   96  2.0487843E-02
   97  3.1935417E-03   98 -1.7194888E-03   99 -4.1794622E-03  100 -1.7805333E-03
  101  8.5062628E-03  102 -4.9595110E-03  103 -1.2362115E-04  104 -3.8704641E-03
  105 -9.0542309E-03  106 -7.0979324E-04  107 -1.2283737E-03  108 -1.4338431E-02
  109 -1.8324380E-03  110  8.8629466E-03  111  6.4453296E-03  112 -2.2983770E-03
  113 -2.6996229E-03  114 -1.0441120E-03  115 -3.8137566E-03  116  3.0723012E-03
  117 -1.5714956E-02  118  2.6615180E-03  119 -7.2688443E-03  120 -1.3122609E-02
  121 -2.3677651E-03  122  2.7865462E-03  123 -4.6334753E-03  124  1.2850821E-03
  125 -7.1104247E-03  126 -7.0598892E-03  127  1.1287031E-03  128  9.8097288E-04
  129  1.3016796E-02  130 -1.9353674E-03  131 -8.3670127E-04  132 -1.1796332E-02
  133  3.5760853E-03  134  4.1015334E-05  135 -1.4183821E-02  136  4.8381416E-03
  137  4.3291132E-03  138 -7.6012438E-03  139  2.6586312E-03  140  7.2225190E-03
  141  2.1418559E-02  142  3.0723794E-04  143  3.0706437E-03  144 -1.9664438E-03
  145  6.6956442E-03  146  2.5154392E-03  147 -5.2509494E-03  148 -6.6368577E-04
  149  5.9137894E-04  150  2.8857233E-03  151 -9.6044030E-04  152  4.9824020E-03
  153 -6.2287810E-04  154 -4.9811025E-03  155 -3.9340661E-03  156  3.7765009E-03
  157  3.7359888E-03  158 -3.7583463E-04  159  1.3250906E-02  160  3.3219127E-04
  161 -6.6854814E-03  162  6.5601843E-03  163  4.4458187E-03  164  1.0162574E-02
  165  1.6005973E-03  166  6.6341801E-04  167 -7.0159559E-03  168 -5.1048675E-03
  169  5.2508634E-03  170 -3.3685248E-03  171  4.4815763E-03  172 -3.7552114E-03
  173 -2.0449093E-02  174  4.6686572E-05  175  2.9893097E-04  176  4.9754909E-03
  177 -5.6898586E-04  178 -4.4882131E-03  179  1.2541610E-02  180 -1.7620295E-03
  181  2.9543839E-03  182  1.0139003E-02  183 -7.3914534E-03  184 -2.2639378E-03
  185 -1.0028354E-02  186  3.3436698E-03  187  2.8406448E-03  188 -1.5210331E-03
  189  3.3241204E-03  190  4.2810698E-03  191  1.0874147E-02  192 -3.0383212E-04
  193 -4.2797079E-04  194  1.9393660E-02  195  2.0711233E-03  196 -2.0673609E-03
  197  5.7480105E-03  198  2.9991428E-03  199 -2.5846050E-03  200  5.3120645E-03
  201  6.7985645E-03  202  3.8661348E-03  203 -1.0241434E-02  204 -1.7168277E-03
  205  4.9999765E-03  206 -3.5492315E-04  207  2.5026877E-03  208  6.6772496E-03
  209 -4.6519032E-03  210  3.5595643E-03  211 -2.8586095E-05  212 -1.1125774E-02
  213  1.2987331E-03  214  2.6452585E-03  215  5.9008010E-04  216  1.4078749E-03
  217  3.3424607E-03  218  3.2128549E-03  219 -6.8868443E-03  220  2.3667408E-03
  221 -6.5844884E-03  222 -5.9154615E-03  223  2.9306595E-03  224  6.3421108E-03
  225  4.3306964E-04  226  2.4291976E-03  227  4.6000188E-03  228 -6.2224890E-03
  229  5.5026848E-03  230  6.5083220E-03  231 -3.5524953E-03  232 -1.8377150E-03
  233 -6.7570259E-03  234 -3.6124045E-03  235 -3.4393537E-03  236 -1.0304242E-02
  237 -1.0884120E-03  238  1.9634937E-03  239 -1.2340018E-02  240 -6.0176152E-03
  241 -1.6275239E-03  242  7.1007976E-03  243  2.3204049E-04  244  2.0396818E-02
  245  6.3634485E-03  246 -1.3766308E-03  247  1.4658223E-02  248  3.5995750E-03
  249 -4.0385634E-03  250 -1.1980727E-02  251  9.9284813E-04  252  1.8489512E-03
  253 -1.3321644E-02  254 -5.6743625E-03  255 -1.6314277E-03  256  6.4698294E-03
  257  3.3823079E-03  258  1.8494740E-03  259  1.3717585E-02  260 -4.2338130E-03
  261 -5.0852056E-05  262  1.7460109E-02  263  4.4631262E-04  264 -5.1753939E-03
  265  1.9617803E-02  266  4.7139381E-03  267 -3.0791840E-03  268 -2.1733930E-03
  269 -7.2734842E-03  270 -7.1545555E-04  271 -8.6134344E-03  272 -1.9189734E-03
  273  6.4971177E-03  274 -3.3200202E-03  275  4.2906701E-03  276  1.2510316E-03
  277  9.0675964E-03  278  1.5493487E-05  279 -5.6980776E-03  280  1.3212675E-02
  281 -7.2109912E-03  282 -7.0795201E-03  283 -7.4620243E-03  284  2.9944389E-03
  285  4.0211271E-03  286 -1.2044156E-02  287 -1.8367544E-03  288  1.1664319E-03
  289 -1.6139649E-02  290 -5.2719297E-04  291  1.7911011E-03  292 -1.3722893E-02
  293  5.7626997E-04  294  8.8530552E-04  295 -1.7336995E-02  296 -3.6099514E-03
  297  2.3937791E-03  298 -6.3863191E-03  299  8.2399764E-03  300 -2.0963570E-04
  301 -1.5100736E-02  302  7.2494901E-03  303  1.9547894E-03  304  6.1644907E-03
  305  7.1923406E-03  306 -2.4337356E-03  307  9.7747695E-04  308 -1.2695018E-03
  309  1.2994765E-03  310 -3.2206014E-03  311  3.9965167E-03  312  1.8725885E-04
  313  6.2985621E-03  314 -6.1942246E-03  315  9.6756430E-04  316 -3.0434763E-03
  317 -7.9313787E-03  318 -2.3058119E-03  319 -5.9851483E-04  320 -6.7326960E-04
  321 -1.8071465E-03  322  1.5340046E-02  323 -3.8900219E-03  324  2.4256846E-03
  325  4.0907393E-03  326  1.7211850E-03  327 -1.8628203E-02  328 -7.6861624E-03
  329 -9.0187364E-03  330  4.9028914E-03  331  1.7853880E-02  332  5.4154153E-03
  333 -8.4055726E-03  334  6.1418736E-04  335  1.8694664E-02  336  1.9741475E-02
  337  4.7646543E-03  338  2.6446173E-03  339 -3.6753884E-02  340  7.1505596E-03
  341 -1.3632743E-02  342 -3.0399563E-03  343  2.8060477E-03  344 -2.3240901E-02
  345  9.6274069E-04  346  1.2188876E-02  347  2.0443514E-04  348  9.5740438E-03
  349  4.2424036E-03  350  1.1511028E-02  351  1.1751174E-02  352  5.3931294E-03
  353 -1.8133307E-02  354 -2.4520472E-02  355  1.7453281E-02  356 -1.0790293E-02
  357 -1.6903210E-02  358  8.7782362E-03  359 -3.7941962E-03  360  2.1401029E-02
  361  1.9486108E-03  362  1.0321457E-02  363  1.0911484E-02  364  1.3076106E-02
  365  1.2735737E-02  366 -5.5082997E-04  367 -1.9387492E-03  368  2.7387838E-03
  369  8.3423453E-03  370 -3.7582078E-03  371  5.9486499E-03  372 -1.3747169E-02
  373  6.7361244E-03  374 -8.3602799E-03  375  2.2143737E-02  376  2.5638079E-03
  377  3.1005462E-03  378  3.9654561E-03  379 -1.9694616E-03  380 -2.4488134E-02
  381  1.0330230E-02  382  1.1882778E-03  383 -5.3225600E-03  384 -1.5220726E-02
  385 -1.3437132E-02  386  1.4412943E-03  387 -2.1418503E-03  388  5.8848784E-03
  389 -1.2576789E-02  390  1.2401487E-02  391 -1.3325171E-02  392 -5.9024655E-03
  393  1.2807642E-03  394  1.9946212E-03  395 -1.6853209E-02  396  6.9264104E-03
  397  9.6094802E-03  398  2.0403321E-02  399  1.4030376E-02  400 -7.7696466E-03
  401 -4.6235230E-03  402  1.2788605E-02
 TTTTTTTTTTTTTTTTTTTTTTTTTTTTTT TOTGRA      TELAPSE     7408.04 TCPU     7394.11
 EIGENVECTORS IN FORTRAN UNIT  8
 TTTTTTTTTTTTTTTTTTTTTTTTTTTTTT END         TELAPSE     7414.01 TCPU     7399.65
 EEEEEEEEEE TERMINATION  DATE 25 03 2026 TIME 19:21:24.8
NODE    0 CPU TIME =      7399.653
NODE    1 CPU TIME =      7403.402
NODE    2 CPU TIME =      7404.075
NODE    3 CPU TIME =      7404.355
NODE    4 CPU TIME =      7404.136
NODE    5 CPU TIME =      7404.171
NODE    6 CPU TIME =      7403.896
NODE    7 CPU TIME =      7403.805
NODE    8 CPU TIME =      7404.385
NODE    9 CPU TIME =      7404.506
NODE   10 CPU TIME =      7404.304
NODE   11 CPU TIME =      7404.550
NODE   12 CPU TIME =      7403.776
NODE   13 CPU TIME =      7404.364
NODE   14 CPU TIME =      7404.401
NODE   15 CPU TIME =      7404.309
NODE   16 CPU TIME =      7403.253
NODE   17 CPU TIME =      7404.497
NODE   18 CPU TIME =      7403.977
NODE   19 CPU TIME =      7404.242
NODE   20 CPU TIME =      7403.168
NODE   21 CPU TIME =      7401.114
NODE   22 CPU TIME =      7404.155
NODE   23 CPU TIME =      7404.057
NODE   24 CPU TIME =      7398.552
NODE   25 CPU TIME =      7402.666
NODE   26 CPU TIME =      7403.186
NODE   27 CPU TIME =      7401.242
NODE   28 CPU TIME =      7403.898
NODE   29 CPU TIME =      7400.671
NODE   30 CPU TIME =      7391.805
NODE   31 CPU TIME =      7400.335
    TOTAL CPU TIME =    236892.907
------------------------------------------------------
Pcrystal finished normally
------------------------------------------------------
SCF wavefunction fort.9 saved as /users/zeitzsab/tetra_script_walkthrough/oldPyro_tetra/rdm/rdm_disp22.w
Date: 2026-03-25 19:21:25