Date: 2026-03-25 17:16:49
Running on: nid002335
Temporary directory: /scratch/project_462000878/zeitzsab/rdm_disp11_188680
Executable: /project/project_462000878/jchem/crystal/23-1.0.1-gnu/install/bin/Pcrystal
Output: /users/zeitzsab/tetra_script_walkthrough/oldPyro_tetra/rdm/rdm_disp11.out
Input data rdm_disp11.d12
converted and standardized from ase Atoms() object for Ba27Ti27O81 in space group 1
EXTERNAL
ENDGEOM 
256 6 
INPUT 
10. 0 2 2 2 1 0 
9.526986 427.845816 0 
4.487510 204.417530 0 
8.315930 293.605864 0 
4.292217 294.193316 0 
5.916108 112.550402 0 
2.874842 181.782621 0 
3.589465 -33.473174 0 
0 0 3 2.0 1.0 
2.3961900000 -5.9554766710 
2.2433050000 6.6805648241 
0.71740200000 -0.57055347037 
0 0 1 2.0 1.0 
0.27420073547 1.0000000000 
0 1 1 0.0 1.0 
0.13 1.0 1.0 
0 2 4 6.0 1.0 
2.9267420000 0.79815276764 
2.5207180000 -1.0707548832 
0.67578180854 0.34940781448 
0.31985844531 0.65041110673 
0 3 2 0.0 1.0 
0.966315 -0.908938 
0.893828 0.947240 
0 3 1 0.0 1.0 
0.273195 0.322057 
22 12 
0 0 8 2.0 1.0 
211575.69025 .23318151011E-03 
31714.945058 .18079690851E-02 
7217.5476543 .93984311352E-02 
2042.9394247 .38156853618E-01 
665.12896208 .12374757197 
238.74942264 .29208551143 
92.508691001 .41226800855 
36.403919209 .21090534061 
0 0 4 2.0 1.0 
232.72624607 -.24920140738E-01 
71.791209711 -.11746490087 
11.158534615 .56503342318 
4.6548135416 .56211101812 
0 0 2 2.0 1.0 
6.8034629174 -.23011425503 
1.1201076403 .72103186735 
0 0 1 2.0 1.0 
0.48080118839 1.0000000000 
0 0 1 0.0 1.0 
0.24 1.0 
0 1 1 0.0 1.0 
0.12 1.0 1.0 
0 2 6 6.0 1.0 
1063.1474732 .24690839320E-02 
251.56507061 .19773345523E-01 
80.408554854 .90987976672E-01 
29.768193269 .25559900413 
11.736830556 .40489386764 
4.7142375230 .23693402558 
0 2 3 6.0 1.0 
17.796803704 -.27878639615E-01 
2.4272698680 .55672914668 
0.96823445537 1.0055447350 
0 2 1 0.0 1.0 
0.37056694165 1.0000000000 
0 3 4 2.0 1.0 
37.713384723 .11513835092E-01 
10.692931184 .67246343996E-01 
3.6728446990 .21484207775 
1.3588590303 .38890892779 
0 3 1 0.0 1.0 
0.54 1.0 
0 3 1 0.0 1.0 
0.22 1.0 
8 7 
0 0 6 2.0 1.0 
27032.382631 0.21726302465E-03 
4052.3871392 0.16838662199E-02 
922.32722710 0.87395616265E-02 
261.24070989 0.35239968808E-01 
85.354641351 0.11153519115 
31.035035245 0.25588953961 
0 0 2 2.0 1.0 
12.271113873 0.39768730901 
4.9159842006 0.24627849430 
0 0 1 0.0 1.0 
0.90086482370 1.0000000000 
0 1 1 0.0 1.0 
0.25000000000 1.0 1.0 
0 2 4 4.0 1.0 
75.300554155 0.60685103418E-02 
17.743733858 0.41912575824E-01 
5.5355828651 0.16153841088 
2.0685535103 0.35706951311 
0 2 1 0.0 1.0 
0.78238772422 1.0000000000 
0 3 1 0.0 1.0 
1.2000000000 1.0000000000 
99 0 
ENDBAS 
DFT 
PBE0 
ENDDFT 
SHRINK 
0 2 
2 2 2 
TOLINTEG 
8 8 8 8 16 
MAXCYCLE 
100 
FMIXING 
80 
EXCHSIZE 
30000000 
BIPOSIZE 
30000000 
GRADCAL 
ENDEXTERNAL geometry rdm_disp11.ext is available as /scratch/project_462000878/zeitzsab/rdm_disp11_188680/fort.34
 PROCESS            8  OF           32  WORKING
 PROCESS           13  OF           32  WORKING
 PROCESS           16  OF           32  WORKING
 PROCESS           20  OF           32  WORKING
 PROCESS           21  OF           32  WORKING
 PROCESS            6  OF           32  WORKING
 PROCESS           15  OF           32  WORKING
 PROCESS           26  OF           32  WORKING
 PROCESS           11  OF           32  WORKING
 PROCESS           12  OF           32  WORKING
 PROCESS           28  OF           32  WORKING
 PROCESS           10  OF           32  WORKING
 PROCESS           14  OF           32  WORKING
 PROCESS            0  OF           32  WORKING
 PROCESS            4  OF           32  WORKING
 PROCESS            5  OF           32  WORKING
 PROCESS            3  OF           32  WORKING
 PROCESS           27  OF           32  WORKING

         
 *******************************************************************************
 *                                                                             *
 *                               CRYSTAL23                                     *
 *                      public : 1.0.1 - October 2022                          *
 *                       HTTP://WWW.CRYSTAL.UNITO.IT                           *
 *                                                                             *
 *                              MAIN AUTHORS                                   *
 *                                                                             *
 *  R. DOVESI(1,11), V.R. SAUNDERS(2), C. ROETTI(1,11), R. ORLANDO(1,11),      *
 *  C.M. ZICOVICH-WILSON(1,3), F. PASCALE(4), B. CIVALLERI(1,11),              *
 *  K. DOLL(5), N.M. HARRISON(6), I.J. BUSH(7), Ph. D'ARCO(8),                 *
 *  M. LLUNELL(9), M. CAUSA'(10), Y. NOEL(8), L. MASCHIO(1,11), A. ERBA(1,11)  *
 *  M. RE'RAT(14), S. CASASSA(1,11), B.G. SEARLE(2), J.K. DESMARAIS(1)         *
 *                                                                             *
 *        CONTRIBUTIONS TO THE CODE HAVE ALSO BEEN GIVEN BY                    *
 *                                                                             *
 *  M. FERRABONE(1,11), M. DE LA PIERRE(1,11), M. FERRERO(1,11),               *
 *  J. BAIMA(1,11), E. ALBANESE(1,11), M.F. PEINTINGER(12), R. BAST(13),       *
 *  B. KIRTMAN(15), V. LACIVITA(1,11), R. DEMICHELIS(1,16)                     *
 *  G. BRANDEBURG(17), S. SALUSTRO(1,11), G. SANSONE(1,11)                     *
 *  M.T. RUGGIERO(18), L.E. DAGA(1), L. DONA'(1), A. COSSARD(1)                *
 *                                                                             *
 * (1) THEORETICAL CHEMISTRY GROUP - UNIVERSITA' DI TORINO - TORINO (ITALY)    *
 * (2) SCIENTIFIC COMPUTING DEPARTMENT - STFC DARESBURY (UK)                   *
 * (3) UNIVERSIDAD AUTONOMA DEL ESTADO DE MORELOS - CUERNAVACA (MEXICO)        *
 * (4) UNIVERSITE' DE LORRAINE - NANCY (FRANCE)                                *
 * (5) UNIVERSITAET STUTTGART- STUTTGART (GERMANY)                             *
 * (6) IMPERIAL COLLEGE - LONDON (UK)                                          *
 * (7) SCIENTIFIC COMPUTING DEPARTMENT - STFC RAL (UK)                         *
 * (8) UPMC - SORBONNE UNIVERSITES - PARIS (FRANCE)                            *
 * (9) UNIVERSIDAD DE BARCELONA - BARCELONA (SPAIN)                            *
 *(10) UNIVERSITA' DI NAPOLI "FEDERICO II" - NAPOLI (ITALY)                    *
 *(11) NIS - NANOSTRUCTURED INTERFACES AND SURFACES - TORINO (ITALY)           *
 *(12) MPI FUER CHEMISCHE ENERGIEKONVERSION - MUELHEIM AN DER RUHR (GERMANY)   *
 *(13) UNIVERSITY OF TROMSO - TROMSO (NORWAY)                                  *
 *(14) UNIVERSITE' DE PAU ET DES PAYS DE L'ADOUR - PAU (FRANCE)                *
 *(15) UNIVERSITY OF CALIFORNIA SANTA BARBARA - SANTA BARBARA (USA)            *
 *(16) CURTIN UNIVERSITY - PERTH (AUSTRALIA)                                   *
 *(17) UNIVERSITY COLLEGE LONDON - LONDON (UK)                                 *
 *(18) UNIVERSITY OF VERMONT - BURLINGTON (USA)                                *
 *                                                                             *
 *******************************************************************************
 EEEEEEEEEE STARTING  DATE 25 03 2026 TIME 17:16:50.9
 converted and standardized from ase Atoms() object for Ba27Ti27O81 in space grou
 PROCESS            1  OF           32  WORKING
 PROCESS           23  OF           32  WORKING
 PROCESS           24  OF           32  WORKING
 PROCESS            9  OF           32  WORKING
 PROCESS            2  OF           32  WORKING
 PROCESS           17  OF           32  WORKING
 PROCESS           25  OF           32  WORKING
 PROCESS           30  OF           32  WORKING
 PROCESS           31  OF           32  WORKING
 PROCESS            7  OF           32  WORKING
 PROCESS           19  OF           32  WORKING
 PROCESS           22  OF           32  WORKING
 PROCESS           29  OF           32  WORKING
 PROCESS           18  OF           32  WORKING
 filename=fort.34                        0           0

 GEOMETRY INPUT FROM EXTERNAL FILE (FORTRAN UNIT 34)
 3D - CRYSTAL 

 *******************************************************************************
 LATTICE PARAMETERS  (ANGSTROMS AND DEGREES) - PRIMITIVE CELL
       A          B          C        ALPHA      BETA     GAMMA        VOLUME
   11.90773   11.90773   12.27480    90.00000  90.00000  90.00000   1740.493702
 INFORMATION **** CHKGRP **** SPGR WITH NO INVERSION

 NUMBER OF IRREDUCIBLE ATOMS IN THE CELL:  135

 CARTESIAN COORDINATES (ANGSTROM) - IRREDUCIBLE ATOMS AND SYMMETRY RELATED

 AT.IRR.  AT  AT.N.          X                   Y                   Z
     1     1   256   -3.034228245630E-02  1.437560465371E-02  4.792761752252E-02
     2     2   256    1.506136852977E-02 -3.325868508419E-03  4.080878276383E+00
     3     3   256    2.454552273696E-02 -2.991675917890E-02  8.219507898127E+00
     4     4   256   -2.082821633163E-03  3.955933901444E+00  6.384912807786E-02
     5     5   256   -7.433328934960E-03  3.950541288053E+00  4.083216911017E+00
     6     6   256   -3.632584562977E-02  3.985778985468E+00  8.212036498930E+00
     7     7   256    3.526173055281E-02  7.941474325820E+00  4.483284995288E-02
     8     8   256   -2.671805148920E-02  7.920143323831E+00  4.094341433295E+00
     9     9   256    1.430342113799E-02  7.924061890483E+00  8.243840350678E+00
    10    10   256    3.933245893757E+00 -1.245942244288E-02  3.838762196463E-02
    11    11   256    3.976836923974E+00  8.819782558947E-03  4.156054456803E+00
    12    12   256    3.942182031548E+00  1.591918915777E-02  8.184600163770E+00
    13    13   256    3.997527817845E+00  3.958234290809E+00  5.224048296348E-02
    14    14   256    3.958707378857E+00  4.006207826614E+00  4.128860644138E+00
    15    15   256    3.986902587743E+00  3.955175858942E+00  8.242402580017E+00
    16    16   256    3.991792105179E+00  7.964950678293E+00  6.403348510649E-03
    17    17   256    3.930118230356E+00  7.937163004117E+00  4.125993929167E+00
    18    18   256    3.967349101440E+00  7.973844352274E+00  8.190771986034E+00
    19    19   256    7.904212027470E+00 -2.051535333187E-02  2.412953515640E-02
    20    20   256    7.902680603699E+00 -1.768240243184E-02  4.120045999658E+00
    21    21   256    7.947013109191E+00  3.343508561585E-02  8.189149066760E+00
    22    22   256    7.961376301134E+00  3.966573302977E+00 -6.509689533323E-03
    23    23   256    7.916880526396E+00  3.953287511909E+00  4.147423760704E+00
    24    24   256    7.962241407472E+00  3.955657507398E+00  8.238558876124E+00
    25    25   256    7.965204168354E+00  7.909077307992E+00  3.079641224807E-02
    26    26   256    7.930826311562E+00  7.974591431476E+00  4.133208208860E+00
    27    27   256    7.933401882274E+00  7.978071898696E+00  8.212084295046E+00
    28    28     8    1.992508854913E+00  2.019555300195E+00  3.978444414323E+00
    29    29     8    1.968811923856E+00  2.008805347655E+00  8.079887560361E+00
    30    30     8    2.007632453351E+00  2.011142271883E+00  1.212466096410E+01
    31    31     8    1.996250520162E+00  5.921004100521E+00  3.980243935528E+00
    32    32     8    1.993816436507E+00  5.936525806554E+00  8.017371649230E+00
    33    33     8    1.988359997817E+00  5.962928330651E+00  1.218260403772E+01
    34    34     8    2.021089115513E+00  9.915351234958E+00  3.975116188440E+00
    35    35     8    1.982954152652E+00  9.963073127050E+00  8.051739214718E+00
    36    36     8    1.993969800279E+00  9.912699400762E+00  1.218129669381E+01
    37    37     8    5.923987099356E+00  2.011211241874E+00  3.960135157257E+00
    38    38     8    5.920817530592E+00  1.962136592264E+00  8.053695685728E+00
    39    39     8    5.944628043174E+00  1.994214993053E+00  1.218154147391E+01
    40    40     8    5.970188975575E+00  5.921622541988E+00  3.943482924562E+00
    41    41     8    5.931135373541E+00  5.946380016858E+00  8.020174435387E+00
    42    42     8    5.922752757252E+00  5.978949211108E+00  1.214215270694E+01
    43    43     8    5.918720861062E+00  9.927680678876E+00  3.942082009438E+00
    44    44     8    5.986749046848E+00  9.900690765043E+00  8.056234920135E+00
    45    45     8    5.958647965614E+00  9.928493184429E+00  1.210447695549E+01
    46    46     8    9.906171306985E+00  1.977687227957E+00  3.996192770462E+00
    47    47     8    9.908074387217E+00  1.978844121506E+00  8.088838215723E+00
    48    48     8    9.886777512031E+00  1.990212778072E+00  1.215959179441E+01
    49    49     8    9.918002563414E+00  5.916674659532E+00  3.946818187285E+00
    50    50     8    9.946473827690E+00  5.945608886184E+00  8.020824749154E+00
    51    51     8    9.941499338851E+00  5.972772832531E+00  1.217389723763E+01
    52    52     8    9.891682627050E+00  9.928179207099E+00  3.936407172081E+00
    53    53     8    9.956971543931E+00  9.916256253029E+00  8.072386211552E+00
    54    54     8    9.899625128449E+00  9.892593575287E+00  1.215464565688E+01
    55    55     8    1.994828285870E+00 -7.194428973768E-04  1.947106210519E+00
    56    56     8    1.954977401999E+00 -1.126768727576E-02  6.052997383839E+00
    57    57     8    1.984653253748E+00 -3.476795490284E-02  1.018875123043E+01
    58    58     8    1.947823556489E+00  3.956608972278E+00  1.976490673445E+00
    59    59     8    1.945808900207E+00  3.977620756823E+00  6.082207936758E+00
    60    60     8    1.967285238134E+00  3.993304341444E+00  1.019581576312E+01
    61    61     8    1.988428908056E+00  7.978258606578E+00  1.987741080071E+00
    62    62     8    1.950025179401E+00  7.956815420089E+00  6.069177855088E+00
    63    63     8    1.974033763482E+00  7.958629484359E+00  1.020187007893E+01
    64    64     8    5.915738207593E+00  9.252656629673E-03  1.993561417599E+00
    65    65     8    5.974412494697E+00 -1.422796969916E-02  6.108605991383E+00
    66    66     8    5.951504419876E+00 -3.296119743079E-02  1.019151115849E+01
    67    67     8    5.988978883895E+00  3.988389414886E+00  1.985008252404E+00
    68    68     8    5.924102372676E+00  3.994823370788E+00  6.069640525070E+00
    69    69     8    5.955963934696E+00  3.961383542745E+00  1.012980888022E+01
    70    70     8    5.962487916093E+00  7.964677130383E+00  1.956795594609E+00
    71    71     8    5.951170950582E+00  7.914856828529E+00  6.109534194081E+00
    72    72     8    5.969650480959E+00  7.945184842474E+00  1.020511176361E+01
    73    73     8    9.917387242621E+00 -3.885550004959E-02  1.993357774351E+00
    74    74     8    9.889434981681E+00  1.017293634869E-03  6.098935672668E+00
    75    75     8    9.926614702641E+00 -8.865399103209E-04  1.020880912938E+01
    76    76     8    9.887878485409E+00  3.985466452307E+00  1.976002006682E+00
    77    77     8    9.936707253415E+00  3.945234175486E+00  6.048414693885E+00
    78    78     8    9.922605779558E+00  3.940432430842E+00  1.019671474185E+01
    79    79     8    9.901524866529E+00  7.919857557194E+00  2.013827727705E+00
    80    80     8    9.923736270090E+00  7.966724272478E+00  6.105700131801E+00
    81    81     8    9.921817021249E+00  7.899030004789E+00  1.017540215867E+01
    82    82     8    1.737177915481E-02  2.013099173004E+00  1.963701086514E+00
    83    83     8   -3.937784273694E-02  1.978901446315E+00  6.073292633538E+00
    84    84     8    3.863697629083E-02  1.992307158961E+00  1.017590997310E+01
    85    85     8   -2.774699705130E-02  5.941506460213E+00  2.011801169628E+00
    86    86     8    2.818866159754E-02  5.974798412493E+00  6.058210238620E+00
    87    87     8   -3.187809319506E-02  5.939745056643E+00  1.014936735883E+01
    88    88     8    3.418059418217E-02  9.942277010394E+00  1.993797159064E+00
    89    89     8    1.774999162680E-05  9.959855995536E+00  6.093179078204E+00
    90    90     8    2.949932961236E-02  9.902728572198E+00  1.015124279408E+01
    91    91     8    3.953942933716E+00  1.960730671212E+00  2.013972404860E+00
    92    92     8    3.985275194838E+00  1.986263764652E+00  6.113984491301E+00
    93    93     8    3.976080711697E+00  1.968070112590E+00  1.020473995962E+01
    94    94     8    3.933988252175E+00  5.941093294018E+00  1.999698627810E+00
    95    95     8    3.983138474484E+00  5.952871471619E+00  6.039877973085E+00
    96    96     8    4.007945183720E+00  5.951356616048E+00  1.017876794259E+01
    97    97     8    3.932934127807E+00  9.910399638329E+00  1.974821452200E+00
    98    98     8    3.944892332866E+00  9.892500059417E+00  6.069010104609E+00
    99    99     8    3.955135706797E+00  9.939022175330E+00  1.020285160195E+01
   100   100     8    7.930565116879E+00  1.947535804263E+00  1.973054780633E+00
   101   101     8    7.976517955288E+00  1.986763397199E+00  6.089588521618E+00
   102   102     8    7.942336071663E+00  1.952733210729E+00  1.019281161783E+01
   103   103     8    7.937857900556E+00  5.955649697380E+00  2.025730803365E+00
   104   104     8    7.921893465634E+00  5.930385255141E+00  6.105181128995E+00
   105   105     8    7.914483003909E+00  5.955551413122E+00  1.020092408196E+01
   106   106     8    7.911686628393E+00  9.951071168826E+00  1.975782004284E+00
   107   107     8    7.946727882518E+00  9.945038988476E+00  6.044950797218E+00
   108   108     8    7.899658338566E+00  9.932497378185E+00  1.017099675171E+01
   109   109    22    2.014776438399E+00  2.010902635499E+00  2.147675014806E+00
   110   110    22    1.986630955735E+00  2.020921902245E+00  6.222351045038E+00
   111   111    22    1.951035892794E+00  1.976536608422E+00  1.035079576867E+01
   112   112    22    2.013932834287E+00  5.927129927257E+00  2.152537509702E+00
   113   113    22    1.974044993746E+00  5.946707280076E+00  6.276939256879E+00
   114   114    22    1.976431182131E+00  5.916026012239E+00  1.032058177291E+01
   115   115    22    2.001500509712E+00  9.955144602349E+00  2.130435723100E+00
   116   116    22    1.954202427938E+00  9.930033344249E+00  6.213998864651E+00
   117   117    22    1.959724950676E+00  9.953639354252E+00  1.033757012138E+01
   118   118    22    5.962288635305E+00  1.948789017102E+00  2.131780445143E+00
   119   119    22    5.940559941304E+00  1.996255109087E+00  6.203149930738E+00
   120   120    22    5.971359696078E+00  2.002780760718E+00  1.029957935795E+01
   121   121    22    5.929398324027E+00  5.927676416806E+00  2.165193701935E+00
   122   122    22    5.943325143704E+00  5.949384384689E+00  6.200708417005E+00
   123   123    22    5.990920178689E+00  5.940634961415E+00  1.032342400280E+01
   124   124    22    5.966924069864E+00  9.899985009517E+00  2.117523158777E+00
   125   125    22    5.921933315556E+00  9.906061912755E+00  6.256050935893E+00
   126   126    22    5.924058008825E+00  9.896509511444E+00  1.032867737314E+01
   127   127    22    9.916813725570E+00  1.945212315326E+00  2.150119543030E+00
   128   128    22    9.960817658906E+00  1.975970596464E+00  6.228867156089E+00
   129   129    22    9.941234429539E+00  1.949440118639E+00  1.033644211740E+01
   130   130    22    9.943115067613E+00  5.957568818570E+00  2.181874779088E+00
   131   131    22    9.909055512349E+00  5.921906126642E+00  6.219514507486E+00
   132   132    22    9.899647534479E+00  5.933796113325E+00  1.035606112748E+01
   133   133    22    9.959398626529E+00  9.924585662851E+00  2.130670836089E+00
   134   134    22    9.952569600126E+00  9.947939367898E+00  6.249790971741E+00
   135   135    22    9.936092420470E+00  9.885457768675E+00  1.032692734418E+01
 NUMBER OF SYMMETRY OPERATORS         :    1
 *******************************************************************************
 LATTICE PARAMETERS (ANGSTROMS AND DEGREES) - BOHR = 0.5291772083 ANGSTROM
 PRIMITIVE CELL - CENTRING CODE 1/0 VOLUME=  1740.493702 - DENSITY  6.022 g/cm^3
         A              B              C           ALPHA      BETA       GAMMA 
    11.90773305    11.90773305    12.27479580    90.000000  90.000000  90.000000
 *******************************************************************************
 ATOMS IN THE ASYMMETRIC UNIT  135 - ATOMS IN THE UNIT CELL:  135
     ATOM                 X/A                 Y/B                 Z/C    
 *******************************************************************************
      1 T 256 BA   -2.548115777276E-03  1.207249490171E-03  3.904555179853E-03
      2 T 256 BA    1.264839282719E-03 -2.793032472641E-04  3.324599726851E-01
      3 T 256 BA    2.061309456123E-03 -2.512380740589E-03 -3.303751824428E-01
      4 T 256 BA   -1.749133629733E-04  3.322155346306E-01  5.201644827188E-03
      5 T 256 BA   -6.242438341326E-04  3.317626681304E-01  3.326504959876E-01
      6 T 256 BA   -3.050609673330E-03  3.347218961604E-01 -3.309838605274E-01
      7 T 256 BA    2.961246309835E-03 -3.330826033407E-01  3.652431428055E-03
      8 T 256 BA   -2.243756336913E-03 -3.348739604277E-01  3.335567857915E-01
      9 T 256 BA    1.201187587757E-03 -3.345448829588E-01 -3.283928722727E-01
     10 T 256 BA    3.303102175067E-01 -1.046330346050E-03  3.127353203271E-03
     11 T 256 BA    3.339709504131E-01  7.406768796305E-04  3.385844069849E-01
     12 T 256 BA    3.310606657871E-01  1.336878236263E-03 -3.332190370311E-01
     13 T 256 BA    3.357085518343E-01  3.324087191230E-01  4.255914624949E-03
     14 T 256 BA    3.324484486035E-01  3.364374906451E-01  3.363689882432E-01
     15 T 256 BA    3.348162552017E-01  3.321518749484E-01 -3.285100042139E-01
     16 T 256 BA    3.352268721862E-01 -3.311110817778E-01  5.216663979574E-04
     17 T 256 BA    3.300475593343E-01 -3.334446640021E-01  3.361354434236E-01
     18 T 256 BA    3.331741721771E-01 -3.303641995675E-01 -3.327162325556E-01
     19 T 256 BA   -3.362118554152E-01 -1.722859695101E-03  1.965778946514E-03
     20 T 256 BA   -3.363404629147E-01 -1.484951195798E-03  3.356508789872E-01
     21 T 256 BA   -3.326174616258E-01  2.807846420092E-03 -3.328484481379E-01
     22 T 256 BA   -3.314112545432E-01  3.331090213663E-01 -5.303297618461E-04
     23 T 256 BA   -3.351479670267E-01  3.319932933758E-01  3.378812835896E-01
     24 T 256 BA   -3.313386037427E-01  3.321923233237E-01 -3.288231421231E-01
     25 T 256 BA   -3.310897939257E-01 -3.358032738237E-01  2.508914425124E-03
     26 T 256 BA   -3.339768133649E-01 -3.303014605726E-01  3.367231745607E-01
     27 T 256 BA   -3.337605194068E-01 -3.300091742738E-01 -3.309799666854E-01
     28 T   8 O     1.673289824811E-01  1.696003170138E-01  3.241149163820E-01
     29 T   8 O     1.653389369403E-01  1.686975463105E-01 -3.417497372656E-01
     30 T   8 O     1.685990477718E-01  1.688937989656E-01 -1.223114733213E-02
     31 T   8 O     1.676432039398E-01  4.972402451129E-01  3.242615193263E-01
     32 T   8 O     1.674387919292E-01  4.985437430976E-01 -3.468427679074E-01
     33 T   8 O     1.669805654416E-01 -4.992389982533E-01 -7.510655474923E-03
     34 T   8 O     1.697291253529E-01 -1.673183137946E-01  3.238437733066E-01
     35 T   8 O     1.665265877498E-01 -1.633106750701E-01 -3.440429196616E-01
     36 T   8 O     1.674516712716E-01 -1.675410122868E-01 -7.617161842045E-03
     37 T   8 O     4.974907544939E-01  1.688995909993E-01  3.226233023980E-01
     38 T   8 O     4.972245771492E-01  1.647783489960E-01 -3.438835303698E-01
     39 T   8 O     4.992241611576E-01  1.674722623256E-01 -7.597220157973E-03
     40 T   8 O    -4.986292562567E-01  4.972921812341E-01  3.212666824618E-01
     41 T   8 O     4.980910597035E-01  4.993712902271E-01 -3.466144312245E-01
     42 T   8 O     4.973870956279E-01 -4.978935800792E-01 -1.080613439280E-02
     43 T   8 O     4.970485008531E-01 -1.662828989204E-01  3.211525530582E-01
     44 T   8 O    -4.972385573551E-01 -1.685494859962E-01 -3.436766646549E-01
     45 T   8 O    -4.995984592034E-01 -1.662146654834E-01 -1.387549310663E-02
     46 T   8 O    -1.680892353407E-01  1.660842764658E-01  3.255608350293E-01
     47 T   8 O    -1.679294164881E-01  1.661814312764E-01 -3.410205475090E-01
     48 T   8 O    -1.697179076390E-01  1.671361601503E-01 -9.385411168303E-03
     49 T   8 O    -1.670956577739E-01  4.968766628113E-01  3.215383988127E-01
     50 T   8 O    -1.647046683088E-01  4.993065314127E-01 -3.465614516248E-01
     51 T   8 O    -1.651224211101E-01 -4.984122664279E-01 -8.219978890886E-03
     52 T   8 O    -1.693059807845E-01 -1.662410329984E-01  3.206902368251E-01
     53 T   8 O    -1.638230801680E-01 -1.672423112451E-01 -3.423608552777E-01
     54 T   8 O    -1.686389771352E-01 -1.692294802253E-01 -9.788361865511E-03
     55 T   8 O     1.675237660682E-01 -6.041812445374E-05  1.586263626902E-01
     56 T   8 O     1.641771270644E-01 -9.462495697922E-04  4.931240798188E-01
     57 T   8 O     1.666692766301E-01 -2.919779504365E-03 -1.699453582412E-01
     58 T   8 O     1.635763539802E-01  3.322722264317E-01  1.610202487805E-01
     59 T   8 O     1.634071650781E-01  3.340367759439E-01  4.955037978520E-01
     60 T   8 O     1.652107273377E-01  3.353538683372E-01 -1.693698266557E-01
     61 T   8 O     1.669863524574E-01 -3.299934947250E-01  1.619367940989E-01
     62 T   8 O     1.637612441607E-01 -3.317942729587E-01  4.944422664113E-01
     63 T   8 O     1.657774620234E-01 -3.316419295813E-01 -1.688765951666E-01
     64 T   8 O     4.967980204757E-01  7.770292288903E-04  1.624109639037E-01
     65 T   8 O    -4.982745691720E-01 -1.194851248295E-03  4.976543879763E-01
     66 T   8 O     4.998016326774E-01 -2.768049744850E-03 -1.697205131108E-01
     67 T   8 O    -4.970512977787E-01  3.349411175191E-01  1.617141567767E-01
     68 T   8 O     4.975004350367E-01  3.354814349645E-01  4.944799590939E-01
     69 T   8 O    -4.998238615455E-01  3.326731902799E-01 -1.747472589143E-01
     70 T   8 O    -4.992759838454E-01 -3.311340540689E-01  1.594157350145E-01
     71 T   8 O     4.997736282459E-01 -3.353179152325E-01  4.977300065620E-01
     72 T   8 O    -4.986744785181E-01 -3.327709977111E-01 -1.686125024085E-01
     73 T   8 O    -1.671473318239E-01 -3.263047625139E-03  1.623943735464E-01
     74 T   8 O    -1.694947358867E-01  8.543134369888E-05  4.968665688653E-01
     75 T   8 O    -1.663724185822E-01 -7.445077132636E-05 -1.683112863366E-01
     76 T   8 O    -1.696254489507E-01  3.346956499254E-01  1.609804381985E-01
     77 T   8 O    -1.655248558486E-01  3.313169819075E-01  4.927507383776E-01
     78 T   8 O    -1.667090840974E-01  3.309137359979E-01 -1.692965888808E-01
     79 T   8 O    -1.684794389534E-01 -3.348979588358E-01  1.640620145962E-01
     80 T   8 O    -1.666141465868E-01 -3.309621370393E-01  4.974176541333E-01
     81 T   8 O    -1.667753232637E-01 -3.366470367096E-01 -1.710328770867E-01
     82 T   8 O     1.458865350934E-03  1.690581376448E-01  1.599783099051E-01
     83 T   8 O    -3.306913463007E-03  1.661862453588E-01  4.947774881549E-01
     84 T   8 O     3.244696209479E-03  1.673120442485E-01 -1.709915065878E-01
     85 T   8 O    -2.330166198284E-03  4.989620136146E-01  1.638969154687E-01
     86 T   8 O     2.367256763246E-03 -4.982421601656E-01  4.935487593708E-01
     87 T   8 O    -2.677091690014E-03  4.988140926323E-01 -1.731538736614E-01
     88 T   8 O     2.870453514421E-03 -1.650571129999E-01  1.624301692305E-01
     89 T   8 O     1.490627271561E-06 -1.635808466889E-01  4.963975920645E-01
     90 T   8 O     2.477325405977E-03 -1.683783529059E-01 -1.730010861701E-01
     91 T   8 O     3.320483350705E-01  1.646602810945E-01  1.640738011185E-01
     92 T   8 O     3.346795883065E-01  1.668045257911E-01  4.980925622649E-01
     93 T   8 O     3.339074444314E-01  1.652766403417E-01 -1.686427924429E-01
     94 T   8 O     3.303725600546E-01  4.989273163138E-01  1.629109486131E-01
     95 T   8 O     3.345001485807E-01  4.999164363715E-01  4.920552709386E-01
     96 T   8 O     3.365833922284E-01  4.997892202536E-01 -1.707586742431E-01
     97 T   8 O     3.302840357012E-01 -1.677341441300E-01  1.608842610807E-01
     98 T   8 O     3.312882742921E-01 -1.692373335984E-01  4.944286001572E-01
     99 T   8 O     3.321485030097E-01 -1.653304509266E-01 -1.687966326940E-01
    100 T   8 O    -3.339987482438E-01  1.635521888243E-01  1.607403343226E-01
    101 T   8 O    -3.301396729508E-01  1.668464844532E-01  4.961050774969E-01
    102 T   8 O    -3.330102347513E-01  1.639886620342E-01 -1.696145676144E-01
    103 T   8 O    -3.333863072656E-01 -4.998502508939E-01  1.650317313927E-01
    104 T   8 O    -3.347269851977E-01  4.980280654798E-01  4.973753721423E-01
    105 T   8 O    -3.353493086655E-01 -4.998585047116E-01 -1.689536634120E-01
    106 T   8 O    -3.355841455991E-01 -1.643185880098E-01  1.609625150982E-01
    107 T   8 O    -3.326414146883E-01 -1.648251647297E-01  4.924685425087E-01
    108 T   8 O    -3.365942698417E-01 -1.658783971324E-01 -1.713917756817E-01
    109 T  22 TI    1.691989927838E-01  1.688736745319E-01  1.749662519686E-01
    110 T  22 TI    1.668353621460E-01  1.697150829431E-01 -4.930790583874E-01
    111 T  22 TI    1.638461229020E-01  1.659876485408E-01 -1.567439542519E-01
    112 T  22 TI    1.691281477197E-01  4.977546861664E-01  1.753623884889E-01
    113 T  22 TI    1.657784051303E-01  4.993987734782E-01 -4.886318795723E-01
    114 T  22 TI    1.659787949421E-01  4.968221900338E-01 -1.592054205159E-01
    115 T  22 TI    1.680840930266E-01 -1.639765049696E-01  1.735618056555E-01
    116 T  22 TI    1.641120454861E-01 -1.660853243390E-01 -4.937594917342E-01
    117 T  22 TI    1.645758216486E-01 -1.641029142611E-01 -1.578214179842E-01
    118 T  22 TI   -4.992927192548E-01  1.636574324365E-01  1.736713571352E-01
    119 T  22 TI    4.988825258645E-01  1.676435893133E-01 -4.946433299739E-01
    120 T  22 TI   -4.985309402718E-01  1.681916072781E-01 -1.609164400156E-01
    121 T  22 TI    4.979451839514E-01  4.978005798346E-01  1.763934599984E-01
    122 T  22 TI    4.991147449097E-01  4.996235941558E-01 -4.948422346052E-01
    123 T  22 TI   -4.968882697039E-01  4.988888259815E-01 -1.589738704407E-01
    124 T  22 TI   -4.989034399068E-01 -1.686087546683E-01  1.725098480887E-01
    125 T  22 TI    4.973182797003E-01 -1.680984221631E-01 -4.903336040919E-01
    126 T  22 TI    4.974967094030E-01 -1.689006236628E-01 -1.585458901776E-01
    127 T  22 TI   -1.671954952358E-01  1.633570644520E-01  1.751654021837E-01
    128 T  22 TI   -1.635000871215E-01  1.659401153995E-01 -4.925482054790E-01
    129 T  22 TI   -1.651446679401E-01  1.637121113190E-01 -1.579133139308E-01
    130 T  22 TI   -1.649867337585E-01 -4.996890849371E-01  1.777524298276E-01
    131 T  22 TI   -1.678470225406E-01  4.973159964013E-01 -4.933101447206E-01
    132 T  22 TI   -1.686370954983E-01  4.983145060784E-01 -1.563149973154E-01
    133 T  22 TI   -1.636192560993E-01 -1.665428153975E-01  1.735809597817E-01
    134 T  22 TI   -1.641927511865E-01 -1.645815936478E-01 -4.908435892888E-01
    135 T  22 TI   -1.655764889296E-01 -1.698287384201E-01 -1.586884611004E-01

 T = ATOM BELONGING TO THE ASYMMETRIC UNIT
 *******************************************************************************
 * GEOMETRY EDITING - INPUT COORDINATES ARE GIVEN IN ANGSTROM         
 *******************************************************************************

 GCALCO - MAX INDICES DIRECT LATTICE VECTOR    15    15    14
 NO.OF VECTORS CREATED 6999 STARS  514 RMAX   270.02825 BOHR

 GEOMETRY FOR WAVE FUNCTION - DIMENSIONALITY OF THE SYSTEM    3
 (NON PERIODIC DIRECTION: LATTICE PARAMETER FORMALLY SET TO 500)
 *******************************************************************************
 LATTICE PARAMETERS (ANGSTROMS AND DEGREES) - BOHR = 0.5291772083 ANGSTROM
 PRIMITIVE CELL - CENTRING CODE 1/0 VOLUME=  1740.493702 - DENSITY  6.022 g/cm^3
         A              B              C           ALPHA      BETA       GAMMA 
    11.90773305    11.90773305    12.27479580    90.000000  90.000000  90.000000
 *******************************************************************************
 ATOMS IN THE ASYMMETRIC UNIT  135 - ATOMS IN THE UNIT CELL:  135
     ATOM                 X/A                 Y/B                 Z/C    
 *******************************************************************************
      1 T 256 BA   -2.548115777276E-03  1.207249490171E-03  3.904555179853E-03
      2 T 256 BA    1.264839282719E-03 -2.793032472641E-04  3.324599726851E-01
      3 T 256 BA    2.061309456123E-03 -2.512380740589E-03 -3.303751824428E-01
      4 T 256 BA   -1.749133629733E-04  3.322155346306E-01  5.201644827188E-03
      5 T 256 BA   -6.242438341326E-04  3.317626681304E-01  3.326504959876E-01
      6 T 256 BA   -3.050609673330E-03  3.347218961604E-01 -3.309838605274E-01
      7 T 256 BA    2.961246309835E-03 -3.330826033407E-01  3.652431428055E-03
      8 T 256 BA   -2.243756336913E-03 -3.348739604277E-01  3.335567857915E-01
      9 T 256 BA    1.201187587757E-03 -3.345448829588E-01 -3.283928722727E-01
     10 T 256 BA    3.303102175067E-01 -1.046330346050E-03  3.127353203271E-03
     11 T 256 BA    3.339709504131E-01  7.406768796305E-04  3.385844069849E-01
     12 T 256 BA    3.310606657871E-01  1.336878236263E-03 -3.332190370311E-01
     13 T 256 BA    3.357085518343E-01  3.324087191230E-01  4.255914624949E-03
     14 T 256 BA    3.324484486035E-01  3.364374906451E-01  3.363689882432E-01
     15 T 256 BA    3.348162552017E-01  3.321518749484E-01 -3.285100042139E-01
     16 T 256 BA    3.352268721862E-01 -3.311110817778E-01  5.216663979574E-04
     17 T 256 BA    3.300475593343E-01 -3.334446640021E-01  3.361354434236E-01
     18 T 256 BA    3.331741721771E-01 -3.303641995675E-01 -3.327162325556E-01
     19 T 256 BA   -3.362118554152E-01 -1.722859695101E-03  1.965778946514E-03
     20 T 256 BA   -3.363404629147E-01 -1.484951195798E-03  3.356508789872E-01
     21 T 256 BA   -3.326174616258E-01  2.807846420092E-03 -3.328484481379E-01
     22 T 256 BA   -3.314112545432E-01  3.331090213663E-01 -5.303297618461E-04
     23 T 256 BA   -3.351479670267E-01  3.319932933758E-01  3.378812835896E-01
     24 T 256 BA   -3.313386037427E-01  3.321923233237E-01 -3.288231421231E-01
     25 T 256 BA   -3.310897939257E-01 -3.358032738237E-01  2.508914425124E-03
     26 T 256 BA   -3.339768133649E-01 -3.303014605726E-01  3.367231745607E-01
     27 T 256 BA   -3.337605194068E-01 -3.300091742738E-01 -3.309799666854E-01
     28 T   8 O     1.673289824811E-01  1.696003170138E-01  3.241149163820E-01
     29 T   8 O     1.653389369403E-01  1.686975463105E-01 -3.417497372656E-01
     30 T   8 O     1.685990477718E-01  1.688937989656E-01 -1.223114733213E-02
     31 T   8 O     1.676432039398E-01  4.972402451129E-01  3.242615193263E-01
     32 T   8 O     1.674387919292E-01  4.985437430976E-01 -3.468427679074E-01
     33 T   8 O     1.669805654416E-01 -4.992389982533E-01 -7.510655474923E-03
     34 T   8 O     1.697291253529E-01 -1.673183137946E-01  3.238437733066E-01
     35 T   8 O     1.665265877498E-01 -1.633106750701E-01 -3.440429196616E-01
     36 T   8 O     1.674516712716E-01 -1.675410122868E-01 -7.617161842045E-03
     37 T   8 O     4.974907544939E-01  1.688995909993E-01  3.226233023980E-01
     38 T   8 O     4.972245771492E-01  1.647783489960E-01 -3.438835303698E-01
     39 T   8 O     4.992241611576E-01  1.674722623256E-01 -7.597220157972E-03
     40 T   8 O    -4.986292562567E-01  4.972921812341E-01  3.212666824618E-01
     41 T   8 O     4.980910597035E-01  4.993712902271E-01 -3.466144312245E-01
     42 T   8 O     4.973870956279E-01 -4.978935800792E-01 -1.080613439280E-02
     43 T   8 O     4.970485008531E-01 -1.662828989204E-01  3.211525530582E-01
     44 T   8 O    -4.972385573551E-01 -1.685494859962E-01 -3.436766646549E-01
     45 T   8 O    -4.995984592034E-01 -1.662146654834E-01 -1.387549310663E-02
     46 T   8 O    -1.680892353407E-01  1.660842764658E-01  3.255608350293E-01
     47 T   8 O    -1.679294164881E-01  1.661814312764E-01 -3.410205475090E-01
     48 T   8 O    -1.697179076390E-01  1.671361601503E-01 -9.385411168302E-03
     49 T   8 O    -1.670956577739E-01  4.968766628113E-01  3.215383988127E-01
     50 T   8 O    -1.647046683088E-01  4.993065314127E-01 -3.465614516248E-01
     51 T   8 O    -1.651224211101E-01 -4.984122664279E-01 -8.219978890886E-03
     52 T   8 O    -1.693059807845E-01 -1.662410329984E-01  3.206902368251E-01
     53 T   8 O    -1.638230801680E-01 -1.672423112451E-01 -3.423608552777E-01
     54 T   8 O    -1.686389771352E-01 -1.692294802253E-01 -9.788361865510E-03
     55 T   8 O     1.675237660682E-01 -6.041812445374E-05  1.586263626902E-01
     56 T   8 O     1.641771270644E-01 -9.462495697922E-04  4.931240798188E-01
     57 T   8 O     1.666692766301E-01 -2.919779504365E-03 -1.699453582412E-01
     58 T   8 O     1.635763539802E-01  3.322722264317E-01  1.610202487805E-01
     59 T   8 O     1.634071650781E-01  3.340367759439E-01  4.955037978520E-01
     60 T   8 O     1.652107273377E-01  3.353538683372E-01 -1.693698266557E-01
     61 T   8 O     1.669863524574E-01 -3.299934947250E-01  1.619367940989E-01
     62 T   8 O     1.637612441607E-01 -3.317942729587E-01  4.944422664113E-01
     63 T   8 O     1.657774620234E-01 -3.316419295813E-01 -1.688765951666E-01
     64 T   8 O     4.967980204757E-01  7.770292288903E-04  1.624109639037E-01
     65 T   8 O    -4.982745691720E-01 -1.194851248295E-03  4.976543879763E-01
     66 T   8 O     4.998016326774E-01 -2.768049744850E-03 -1.697205131108E-01
     67 T   8 O    -4.970512977787E-01  3.349411175191E-01  1.617141567767E-01
     68 T   8 O     4.975004350367E-01  3.354814349645E-01  4.944799590939E-01
     69 T   8 O    -4.998238615455E-01  3.326731902799E-01 -1.747472589143E-01
     70 T   8 O    -4.992759838454E-01 -3.311340540689E-01  1.594157350145E-01
     71 T   8 O     4.997736282459E-01 -3.353179152325E-01  4.977300065620E-01
     72 T   8 O    -4.986744785181E-01 -3.327709977111E-01 -1.686125024085E-01
     73 T   8 O    -1.671473318239E-01 -3.263047625139E-03  1.623943735464E-01
     74 T   8 O    -1.694947358867E-01  8.543134369888E-05  4.968665688653E-01
     75 T   8 O    -1.663724185822E-01 -7.445077132636E-05 -1.683112863366E-01
     76 T   8 O    -1.696254489507E-01  3.346956499254E-01  1.609804381985E-01
     77 T   8 O    -1.655248558486E-01  3.313169819075E-01  4.927507383776E-01
     78 T   8 O    -1.667090840974E-01  3.309137359979E-01 -1.692965888808E-01
     79 T   8 O    -1.684794389534E-01 -3.348979588358E-01  1.640620145962E-01
     80 T   8 O    -1.666141465868E-01 -3.309621370393E-01  4.974176541333E-01
     81 T   8 O    -1.667753232637E-01 -3.366470367096E-01 -1.710328770867E-01
     82 T   8 O     1.458865350934E-03  1.690581376448E-01  1.599783099051E-01
     83 T   8 O    -3.306913463007E-03  1.661862453588E-01  4.947774881549E-01
     84 T   8 O     3.244696209479E-03  1.673120442485E-01 -1.709915065878E-01
     85 T   8 O    -2.330166198284E-03  4.989620136146E-01  1.638969154687E-01
     86 T   8 O     2.367256763246E-03 -4.982421601656E-01  4.935487593708E-01
     87 T   8 O    -2.677091690014E-03  4.988140926323E-01 -1.731538736614E-01
     88 T   8 O     2.870453514421E-03 -1.650571129999E-01  1.624301692305E-01
     89 T   8 O     1.490627271561E-06 -1.635808466889E-01  4.963975920645E-01
     90 T   8 O     2.477325405977E-03 -1.683783529059E-01 -1.730010861701E-01
     91 T   8 O     3.320483350705E-01  1.646602810945E-01  1.640738011185E-01
     92 T   8 O     3.346795883065E-01  1.668045257911E-01  4.980925622649E-01
     93 T   8 O     3.339074444314E-01  1.652766403417E-01 -1.686427924429E-01
     94 T   8 O     3.303725600546E-01  4.989273163138E-01  1.629109486131E-01
     95 T   8 O     3.345001485807E-01  4.999164363715E-01  4.920552709386E-01
     96 T   8 O     3.365833922284E-01  4.997892202536E-01 -1.707586742431E-01
     97 T   8 O     3.302840357012E-01 -1.677341441300E-01  1.608842610807E-01
     98 T   8 O     3.312882742921E-01 -1.692373335984E-01  4.944286001572E-01
     99 T   8 O     3.321485030097E-01 -1.653304509266E-01 -1.687966326940E-01
    100 T   8 O    -3.339987482438E-01  1.635521888243E-01  1.607403343226E-01
    101 T   8 O    -3.301396729508E-01  1.668464844532E-01  4.961050774969E-01
    102 T   8 O    -3.330102347513E-01  1.639886620342E-01 -1.696145676144E-01
    103 T   8 O    -3.333863072656E-01 -4.998502508939E-01  1.650317313927E-01
    104 T   8 O    -3.347269851977E-01  4.980280654798E-01  4.973753721423E-01
    105 T   8 O    -3.353493086655E-01 -4.998585047116E-01 -1.689536634120E-01
    106 T   8 O    -3.355841455991E-01 -1.643185880098E-01  1.609625150982E-01
    107 T   8 O    -3.326414146883E-01 -1.648251647297E-01  4.924685425087E-01
    108 T   8 O    -3.365942698417E-01 -1.658783971324E-01 -1.713917756817E-01
    109 T  22 TI    1.691989927838E-01  1.688736745319E-01  1.749662519686E-01
    110 T  22 TI    1.668353621460E-01  1.697150829431E-01 -4.930790583874E-01
    111 T  22 TI    1.638461229020E-01  1.659876485408E-01 -1.567439542519E-01
    112 T  22 TI    1.691281477197E-01  4.977546861664E-01  1.753623884889E-01
    113 T  22 TI    1.657784051303E-01  4.993987734782E-01 -4.886318795723E-01
    114 T  22 TI    1.659787949421E-01  4.968221900338E-01 -1.592054205159E-01
    115 T  22 TI    1.680840930266E-01 -1.639765049696E-01  1.735618056555E-01
    116 T  22 TI    1.641120454861E-01 -1.660853243390E-01 -4.937594917342E-01
    117 T  22 TI    1.645758216486E-01 -1.641029142611E-01 -1.578214179842E-01
    118 T  22 TI   -4.992927192548E-01  1.636574324365E-01  1.736713571352E-01
    119 T  22 TI    4.988825258645E-01  1.676435893133E-01 -4.946433299739E-01
    120 T  22 TI   -4.985309402718E-01  1.681916072781E-01 -1.609164400156E-01
    121 T  22 TI    4.979451839514E-01  4.978005798346E-01  1.763934599984E-01
    122 T  22 TI    4.991147449097E-01  4.996235941558E-01 -4.948422346052E-01
    123 T  22 TI   -4.968882697039E-01  4.988888259815E-01 -1.589738704407E-01
    124 T  22 TI   -4.989034399068E-01 -1.686087546683E-01  1.725098480887E-01
    125 T  22 TI    4.973182797003E-01 -1.680984221631E-01 -4.903336040919E-01
    126 T  22 TI    4.974967094030E-01 -1.689006236628E-01 -1.585458901776E-01
    127 T  22 TI   -1.671954952358E-01  1.633570644520E-01  1.751654021837E-01
    128 T  22 TI   -1.635000871215E-01  1.659401153995E-01 -4.925482054790E-01
    129 T  22 TI   -1.651446679401E-01  1.637121113190E-01 -1.579133139308E-01
    130 T  22 TI   -1.649867337585E-01 -4.996890849371E-01  1.777524298276E-01
    131 T  22 TI   -1.678470225406E-01  4.973159964013E-01 -4.933101447206E-01
    132 T  22 TI   -1.686370954983E-01  4.983145060784E-01 -1.563149973154E-01
    133 T  22 TI   -1.636192560993E-01 -1.665428153975E-01  1.735809597817E-01
    134 T  22 TI   -1.641927511865E-01 -1.645815936478E-01 -4.908435892888E-01
    135 T  22 TI   -1.655764889296E-01 -1.698287384201E-01 -1.586884611004E-01

 T = ATOM BELONGING TO THE ASYMMETRIC UNIT

 ****    1 SYMMOPS - TRANSLATORS IN FRACTIONAL UNITS
 **** MATRICES AND TRANSLATORS IN THE CRYSTALLOGRAPHIC REFERENCE FRAME
   V INV                    ROTATION MATRICES                   TRANSLATORS
   1   1  1.00  0.00  0.00  0.00  1.00  0.00  0.00  0.00  1.00  0.00  0.00  0.00

 DIRECT LATTICE VECTORS CARTESIAN COMPONENTS (ANGSTROM)
          X                    Y                    Z
   0.119077330500E+02   0.000000000000E+00   0.000000000000E+00
   0.000000000000E+00   0.119077330500E+02   0.000000000000E+00
   0.000000000000E+00   0.000000000000E+00   0.122747958000E+02


 CARTESIAN COORDINATES - PRIMITIVE CELL
 *******************************************************************************
 *      ATOM          X(ANGSTROM)         Y(ANGSTROM)         Z(ANGSTROM)
 *******************************************************************************
    1   256 BA   -3.034228245630E-02  1.437560465371E-02  4.792761752252E-02
    2   256 BA    1.506136852977E-02 -3.325868508419E-03  4.080878276383E+00
    3   256 BA    2.454552273696E-02 -2.991675917890E-02  8.219507898127E+00
    4   256 BA   -2.082821633163E-03  3.955933901444E+00  6.384912807786E-02
    5   256 BA   -7.433328934960E-03  3.950541288053E+00  4.083216911017E+00
    6   256 BA   -3.632584562977E-02  3.985778985468E+00  8.212036498930E+00
    7   256 BA    3.526173055281E-02  7.941474325820E+00  4.483284995288E-02
    8   256 BA   -2.671805148920E-02  7.920143323831E+00  4.094341433295E+00
    9   256 BA    1.430342113799E-02  7.924061890483E+00  8.243840350678E+00
   10   256 BA    3.933245893757E+00 -1.245942244288E-02  3.838762196463E-02
   11   256 BA    3.976836923974E+00  8.819782558947E-03  4.156054456803E+00
   12   256 BA    3.942182031548E+00  1.591918915777E-02  8.184600163770E+00
   13   256 BA    3.997527817845E+00  3.958234290809E+00  5.224048296348E-02
   14   256 BA    3.958707378857E+00  4.006207826614E+00  4.128860644138E+00
   15   256 BA    3.986902587743E+00  3.955175858942E+00  8.242402580017E+00
   16   256 BA    3.991792105179E+00  7.964950678293E+00  6.403348510649E-03
   17   256 BA    3.930118230356E+00  7.937163004117E+00  4.125993929167E+00
   18   256 BA    3.967349101440E+00  7.973844352274E+00  8.190771986034E+00
   19   256 BA    7.904212027470E+00 -2.051535333187E-02  2.412953515640E-02
   20   256 BA    7.902680603699E+00 -1.768240243184E-02  4.120045999658E+00
   21   256 BA    7.947013109191E+00  3.343508561585E-02  8.189149066760E+00
   22   256 BA    7.961376301134E+00  3.966573302977E+00 -6.509689533323E-03
   23   256 BA    7.916880526396E+00  3.953287511909E+00  4.147423760704E+00
   24   256 BA    7.962241407472E+00  3.955657507398E+00  8.238558876124E+00
   25   256 BA    7.965204168354E+00  7.909077307992E+00  3.079641224807E-02
   26   256 BA    7.930826311562E+00  7.974591431476E+00  4.133208208860E+00
   27   256 BA    7.933401882274E+00  7.978071898696E+00  8.212084295046E+00
   28     8 O     1.992508854913E+00  2.019555300195E+00  3.978444414323E+00
   29     8 O     1.968811923856E+00  2.008805347655E+00  8.079887560361E+00
   30     8 O     2.007632453351E+00  2.011142271883E+00  1.212466096410E+01
   31     8 O     1.996250520162E+00  5.921004100521E+00  3.980243935528E+00
   32     8 O     1.993816436507E+00  5.936525806554E+00  8.017371649230E+00
   33     8 O     1.988359997817E+00  5.962928330651E+00  1.218260403772E+01
   34     8 O     2.021089115513E+00  9.915351234958E+00  3.975116188440E+00
   35     8 O     1.982954152652E+00  9.963073127050E+00  8.051739214718E+00
   36     8 O     1.993969800279E+00  9.912699400762E+00  1.218129669381E+01
   37     8 O     5.923987099356E+00  2.011211241874E+00  3.960135157257E+00
   38     8 O     5.920817530592E+00  1.962136592264E+00  8.053695685728E+00
   39     8 O     5.944628043174E+00  1.994214993053E+00  1.218154147391E+01
   40     8 O     5.970188975575E+00  5.921622541988E+00  3.943482924562E+00
   41     8 O     5.931135373541E+00  5.946380016858E+00  8.020174435387E+00
   42     8 O     5.922752757252E+00  5.978949211108E+00  1.214215270694E+01
   43     8 O     5.918720861062E+00  9.927680678876E+00  3.942082009438E+00
   44     8 O     5.986749046848E+00  9.900690765043E+00  8.056234920135E+00
   45     8 O     5.958647965614E+00  9.928493184429E+00  1.210447695549E+01
   46     8 O     9.906171306985E+00  1.977687227957E+00  3.996192770462E+00
   47     8 O     9.908074387217E+00  1.978844121506E+00  8.088838215723E+00
   48     8 O     9.886777512031E+00  1.990212778072E+00  1.215959179441E+01
   49     8 O     9.918002563414E+00  5.916674659532E+00  3.946818187285E+00
   50     8 O     9.946473827690E+00  5.945608886184E+00  8.020824749154E+00
   51     8 O     9.941499338851E+00  5.972772832531E+00  1.217389723763E+01
   52     8 O     9.891682627050E+00  9.928179207099E+00  3.936407172081E+00
   53     8 O     9.956971543931E+00  9.916256253029E+00  8.072386211552E+00
   54     8 O     9.899625128449E+00  9.892593575287E+00  1.215464565688E+01
   55     8 O     1.994828285870E+00 -7.194428973768E-04  1.947106210519E+00
   56     8 O     1.954977401999E+00 -1.126768727576E-02  6.052997383839E+00
   57     8 O     1.984653253748E+00 -3.476795490284E-02  1.018875123043E+01
   58     8 O     1.947823556489E+00  3.956608972278E+00  1.976490673445E+00
   59     8 O     1.945808900207E+00  3.977620756823E+00  6.082207936758E+00
   60     8 O     1.967285238134E+00  3.993304341444E+00  1.019581576312E+01
   61     8 O     1.988428908056E+00  7.978258606578E+00  1.987741080071E+00
   62     8 O     1.950025179401E+00  7.956815420089E+00  6.069177855088E+00
   63     8 O     1.974033763482E+00  7.958629484359E+00  1.020187007893E+01
   64     8 O     5.915738207593E+00  9.252656629673E-03  1.993561417599E+00
   65     8 O     5.974412494697E+00 -1.422796969916E-02  6.108605991383E+00
   66     8 O     5.951504419876E+00 -3.296119743079E-02  1.019151115849E+01
   67     8 O     5.988978883895E+00  3.988389414886E+00  1.985008252404E+00
   68     8 O     5.924102372676E+00  3.994823370788E+00  6.069640525070E+00
   69     8 O     5.955963934696E+00  3.961383542745E+00  1.012980888022E+01
   70     8 O     5.962487916093E+00  7.964677130383E+00  1.956795594609E+00
   71     8 O     5.951170950582E+00  7.914856828529E+00  6.109534194081E+00
   72     8 O     5.969650480959E+00  7.945184842474E+00  1.020511176361E+01
   73     8 O     9.917387242621E+00 -3.885550004959E-02  1.993357774351E+00
   74     8 O     9.889434981681E+00  1.017293634869E-03  6.098935672668E+00
   75     8 O     9.926614702641E+00 -8.865399103209E-04  1.020880912938E+01
   76     8 O     9.887878485409E+00  3.985466452307E+00  1.976002006682E+00
   77     8 O     9.936707253415E+00  3.945234175486E+00  6.048414693885E+00
   78     8 O     9.922605779558E+00  3.940432430842E+00  1.019671474185E+01
   79     8 O     9.901524866529E+00  7.919857557194E+00  2.013827727705E+00
   80     8 O     9.923736270090E+00  7.966724272478E+00  6.105700131801E+00
   81     8 O     9.921817021249E+00  7.899030004789E+00  1.017540215867E+01
   82     8 O     1.737177915481E-02  2.013099173004E+00  1.963701086514E+00
   83     8 O    -3.937784273694E-02  1.978901446315E+00  6.073292633538E+00
   84     8 O     3.863697629083E-02  1.992307158961E+00  1.017590997310E+01
   85     8 O    -2.774699705130E-02  5.941506460213E+00  2.011801169628E+00
   86     8 O     2.818866159754E-02  5.974798412493E+00  6.058210238620E+00
   87     8 O    -3.187809319506E-02  5.939745056643E+00  1.014936735883E+01
   88     8 O     3.418059418217E-02  9.942277010394E+00  1.993797159064E+00
   89     8 O     1.774999162680E-05  9.959855995536E+00  6.093179078204E+00
   90     8 O     2.949932961236E-02  9.902728572198E+00  1.015124279408E+01
   91     8 O     3.953942933716E+00  1.960730671212E+00  2.013972404860E+00
   92     8 O     3.985275194838E+00  1.986263764652E+00  6.113984491301E+00
   93     8 O     3.976080711697E+00  1.968070112590E+00  1.020473995962E+01
   94     8 O     3.933988252175E+00  5.941093294018E+00  1.999698627810E+00
   95     8 O     3.983138474484E+00  5.952871471619E+00  6.039877973085E+00
   96     8 O     4.007945183720E+00  5.951356616048E+00  1.017876794259E+01
   97     8 O     3.932934127807E+00  9.910399638329E+00  1.974821452200E+00
   98     8 O     3.944892332866E+00  9.892500059417E+00  6.069010104609E+00
   99     8 O     3.955135706797E+00  9.939022175330E+00  1.020285160195E+01
  100     8 O     7.930565116879E+00  1.947535804263E+00  1.973054780633E+00
  101     8 O     7.976517955288E+00  1.986763397199E+00  6.089588521618E+00
  102     8 O     7.942336071663E+00  1.952733210729E+00  1.019281161783E+01
  103     8 O     7.937857900556E+00  5.955649697380E+00  2.025730803365E+00
  104     8 O     7.921893465634E+00  5.930385255141E+00  6.105181128995E+00
  105     8 O     7.914483003909E+00  5.955551413122E+00  1.020092408196E+01
  106     8 O     7.911686628393E+00  9.951071168826E+00  1.975782004284E+00
  107     8 O     7.946727882518E+00  9.945038988476E+00  6.044950797218E+00
  108     8 O     7.899658338566E+00  9.932497378185E+00  1.017099675171E+01
  109    22 TI    2.014776438399E+00  2.010902635499E+00  2.147675014806E+00
  110    22 TI    1.986630955735E+00  2.020921902245E+00  6.222351045038E+00
  111    22 TI    1.951035892794E+00  1.976536608422E+00  1.035079576867E+01
  112    22 TI    2.013932834287E+00  5.927129927257E+00  2.152537509702E+00
  113    22 TI    1.974044993746E+00  5.946707280076E+00  6.276939256879E+00
  114    22 TI    1.976431182131E+00  5.916026012239E+00  1.032058177291E+01
  115    22 TI    2.001500509712E+00  9.955144602349E+00  2.130435723100E+00
  116    22 TI    1.954202427938E+00  9.930033344249E+00  6.213998864651E+00
  117    22 TI    1.959724950676E+00  9.953639354252E+00  1.033757012138E+01
  118    22 TI    5.962288635305E+00  1.948789017102E+00  2.131780445143E+00
  119    22 TI    5.940559941304E+00  1.996255109087E+00  6.203149930738E+00
  120    22 TI    5.971359696078E+00  2.002780760718E+00  1.029957935795E+01
  121    22 TI    5.929398324027E+00  5.927676416806E+00  2.165193701935E+00
  122    22 TI    5.943325143704E+00  5.949384384689E+00  6.200708417005E+00
  123    22 TI    5.990920178689E+00  5.940634961415E+00  1.032342400280E+01
  124    22 TI    5.966924069864E+00  9.899985009517E+00  2.117523158777E+00
  125    22 TI    5.921933315556E+00  9.906061912755E+00  6.256050935893E+00
  126    22 TI    5.924058008825E+00  9.896509511444E+00  1.032867737314E+01
  127    22 TI    9.916813725570E+00  1.945212315326E+00  2.150119543030E+00
  128    22 TI    9.960817658906E+00  1.975970596464E+00  6.228867156089E+00
  129    22 TI    9.941234429539E+00  1.949440118639E+00  1.033644211740E+01
  130    22 TI    9.943115067613E+00  5.957568818570E+00  2.181874779088E+00
  131    22 TI    9.909055512349E+00  5.921906126642E+00  6.219514507486E+00
  132    22 TI    9.899647534479E+00  5.933796113325E+00  1.035606112748E+01
  133    22 TI    9.959398626529E+00  9.924585662851E+00  2.130670836089E+00
  134    22 TI    9.952569600126E+00  9.947939367898E+00  6.249790971741E+00
  135    22 TI    9.936092420470E+00  9.885457768675E+00  1.032692734418E+01

 *******************************************************************************
 *** PSEUDOPOTENTIAL INFORMATION ***
 *******************************************************************************

 ATOMIC NUMBER  56, NUCLEAR CHARGE 10.000, GIVEN IN INPUT       PSEUDOPOTENTIAL
   TYPE       EXPONENT      COEFF.    N      EXPONENT      COEFF.    N
  P0 TMS     9.5269860  427.8458160   0     4.4875100  204.4175300   0
  P1 TMS     8.3159300  293.6058640   0     4.2922170  294.1933160   0
  P2 TMS     5.9161080  112.5504020   0     2.8748420  181.7826210   0
  P3 TMS     3.5894650  -33.4731740   0

 *******************************************************************************
 LOCAL ATOMIC FUNCTIONS BASIS SET
 *******************************************************************************
   ATOM   X(AU)   Y(AU)   Z(AU)  N. TYPE  EXPONENT  S COEF   P COEF   D/F/G COEF
 *******************************************************************************
   1 BA  -0.057   0.027   0.091
                                  1 S  
                                         2.396E+00-5.955E+00 0.000E+00 0.000E+00
                                         2.243E+00 6.681E+00 0.000E+00 0.000E+00
                                         7.174E-01-5.706E-01 0.000E+00 0.000E+00
                                  2 S  
                                         2.742E-01 1.000E+00 0.000E+00 0.000E+00
                           3-     6 SP 
                                         1.300E-01 1.000E+00 1.000E+00 0.000E+00
                           7-     9 P  
                                         2.927E+00 0.000E+00 7.982E-01 0.000E+00
                                         2.521E+00 0.000E+00-1.071E+00 0.000E+00
                                         6.758E-01 0.000E+00 3.494E-01 0.000E+00
                                         3.199E-01 0.000E+00 6.504E-01 0.000E+00
                          10-    14 D  
                                         9.663E-01 0.000E+00 0.000E+00-9.089E-01
                                         8.938E-01 0.000E+00 0.000E+00 9.472E-01
                          15-    19 D  
                                         2.732E-01 0.000E+00 0.000E+00 3.221E-01
   2 BA   0.028  -0.006   7.712
   3 BA   0.046  -0.057  15.533
   4 BA  -0.004   7.476   0.121
   5 BA  -0.014   7.465   7.716
   6 BA  -0.069   7.532  15.518
   7 BA   0.067  15.007   0.085
   8 BA  -0.050  14.967   7.737
   9 BA   0.027  14.974  15.579
  10 BA   7.433  -0.024   0.073
  11 BA   7.515   0.017   7.854
  12 BA   7.450   0.030  15.467
  13 BA   7.554   7.480   0.099
  14 BA   7.481   7.571   7.802
  15 BA   7.534   7.474  15.576
  16 BA   7.543  15.052   0.012
  17 BA   7.427  14.999   7.797
  18 BA   7.497  15.068  15.478
  19 BA  14.937  -0.039   0.046
  20 BA  14.934  -0.033   7.786
  21 BA  15.018   0.063  15.475
  22 BA  15.045   7.496  -0.012
  23 BA  14.961   7.471   7.837
  24 BA  15.046   7.475  15.569
  25 BA  15.052  14.946   0.058
  26 BA  14.987  15.070   7.811
  27 BA  14.992  15.076  15.519
  28 O    3.765   3.816   7.518
                                514 S  
                                         2.703E+04 2.173E-04 0.000E+00 0.000E+00
                                         4.052E+03 1.684E-03 0.000E+00 0.000E+00
                                         9.223E+02 8.740E-03 0.000E+00 0.000E+00
                                         2.612E+02 3.524E-02 0.000E+00 0.000E+00
                                         8.535E+01 1.115E-01 0.000E+00 0.000E+00
                                         3.104E+01 2.559E-01 0.000E+00 0.000E+00
                                515 S  
                                         1.227E+01 3.977E-01 0.000E+00 0.000E+00
                                         4.916E+00 2.463E-01 0.000E+00 0.000E+00
                                516 S  
                                         9.009E-01 1.000E+00 0.000E+00 0.000E+00
                         517-   520 SP 
                                         2.500E-01 1.000E+00 1.000E+00 0.000E+00
                         521-   523 P  
                                         7.530E+01 0.000E+00 6.069E-03 0.000E+00
                                         1.774E+01 0.000E+00 4.191E-02 0.000E+00
                                         5.536E+00 0.000E+00 1.615E-01 0.000E+00
                                         2.069E+00 0.000E+00 3.571E-01 0.000E+00
                         524-   526 P  
                                         7.824E-01 0.000E+00 1.000E+00 0.000E+00
                         527-   531 D  
                                         1.200E+00 0.000E+00 0.000E+00 1.000E+00
  29 O    3.721   3.796  15.269
  30 O    3.794   3.801  22.912
  31 O    3.772  11.189   7.522
  32 O    3.768  11.218  15.151
  33 O    3.757  11.268  23.022
  34 O    3.819  18.737   7.512
  35 O    3.747  18.827  15.216
  36 O    3.768  18.732  23.019
  37 O   11.195   3.801   7.484
  38 O   11.189   3.708  15.219
  39 O   11.234   3.769  23.020
  40 O   11.282  11.190   7.452
  41 O   11.208  11.237  15.156
  42 O   11.192  11.299  22.945
  43 O   11.185  18.761   7.449
  44 O   11.313  18.710  15.224
  45 O   11.260  18.762  22.874
  46 O   18.720   3.737   7.552
  47 O   18.724   3.739  15.286
  48 O   18.683   3.761  22.978
  49 O   18.742  11.181   7.458
  50 O   18.796  11.236  15.157
  51 O   18.787  11.287  23.005
  52 O   18.693  18.762   7.439
  53 O   18.816  18.739  15.255
  54 O   18.708  18.694  22.969
  55 O    3.770  -0.001   3.679
  56 O    3.694  -0.021  11.439
  57 O    3.750  -0.066  19.254
  58 O    3.681   7.477   3.735
  59 O    3.677   7.517  11.494
  60 O    3.718   7.546  19.267
  61 O    3.758  15.077   3.756
  62 O    3.685  15.036  11.469
  63 O    3.730  15.040  19.279
  64 O   11.179   0.017   3.767
  65 O   11.290  -0.027  11.544
  66 O   11.247  -0.062  19.259
  67 O   11.318   7.537   3.751
  68 O   11.195   7.549  11.470
  69 O   11.255   7.486  19.143
  70 O   11.267  15.051   3.698
  71 O   11.246  14.957  11.545
  72 O   11.281  15.014  19.285
  73 O   18.741  -0.073   3.767
  74 O   18.688   0.002  11.525
  75 O   18.759  -0.002  19.292
  76 O   18.685   7.531   3.734
  77 O   18.778   7.455  11.430
  78 O   18.751   7.446  19.269
  79 O   18.711  14.966   3.806
  80 O   18.753  15.055  11.538
  81 O   18.750  14.927  19.229
  82 O    0.033   3.804   3.711
  83 O   -0.074   3.740  11.477
  84 O    0.073   3.765  19.230
  85 O   -0.052  11.228   3.802
  86 O    0.053  11.291  11.448
  87 O   -0.060  11.224  19.180
  88 O    0.065  18.788   3.768
  89 O    0.000  18.821  11.514
  90 O    0.056  18.713  19.183
  91 O    7.472   3.705   3.806
  92 O    7.531   3.753  11.554
  93 O    7.514   3.719  19.284
  94 O    7.434  11.227   3.779
  95 O    7.527  11.249  11.414
  96 O    7.574  11.246  19.235
  97 O    7.432  18.728   3.732
  98 O    7.455  18.694  11.469
  99 O    7.474  18.782  19.281
 100 O   14.987   3.680   3.729
 101 O   15.073   3.754  11.508
 102 O   15.009   3.690  19.262
 103 O   15.000  11.255   3.828
 104 O   14.970  11.207  11.537
 105 O   14.956  11.254  19.277
 106 O   14.951  18.805   3.734
 107 O   15.017  18.793  11.423
 108 O   14.928  18.770  19.220
 109 TI   3.807   3.800   4.059
                               1972 S  
                                         2.116E+05 2.332E-04 0.000E+00 0.000E+00
                                         3.171E+04 1.808E-03 0.000E+00 0.000E+00
                                         7.218E+03 9.398E-03 0.000E+00 0.000E+00
                                         2.043E+03 3.816E-02 0.000E+00 0.000E+00
                                         6.651E+02 1.237E-01 0.000E+00 0.000E+00
                                         2.387E+02 2.921E-01 0.000E+00 0.000E+00
                                         9.251E+01 4.123E-01 0.000E+00 0.000E+00
                                         3.640E+01 2.109E-01 0.000E+00 0.000E+00
                               1973 S  
                                         2.327E+02-2.492E-02 0.000E+00 0.000E+00
                                         7.179E+01-1.175E-01 0.000E+00 0.000E+00
                                         1.116E+01 5.650E-01 0.000E+00 0.000E+00
                                         4.655E+00 5.621E-01 0.000E+00 0.000E+00
                               1974 S  
                                         6.803E+00-2.301E-01 0.000E+00 0.000E+00
                                         1.120E+00 7.210E-01 0.000E+00 0.000E+00
                               1975 S  
                                         4.808E-01 1.000E+00 0.000E+00 0.000E+00
                               1976 S  
                                         2.400E-01 1.000E+00 0.000E+00 0.000E+00
                        1977-  1980 SP 
                                         1.200E-01 1.000E+00 1.000E+00 0.000E+00
                        1981-  1983 P  
                                         1.063E+03 0.000E+00 2.469E-03 0.000E+00
                                         2.516E+02 0.000E+00 1.977E-02 0.000E+00
                                         8.041E+01 0.000E+00 9.099E-02 0.000E+00
                                         2.977E+01 0.000E+00 2.556E-01 0.000E+00
                                         1.174E+01 0.000E+00 4.049E-01 0.000E+00
                                         4.714E+00 0.000E+00 2.369E-01 0.000E+00
                        1984-  1986 P  
                                         1.780E+01 0.000E+00-2.788E-02 0.000E+00
                                         2.427E+00 0.000E+00 5.567E-01 0.000E+00
                                         9.682E-01 0.000E+00 1.006E+00 0.000E+00
                        1987-  1989 P  
                                         3.706E-01 0.000E+00 1.000E+00 0.000E+00
                        1990-  1994 D  
                                         3.771E+01 0.000E+00 0.000E+00 1.151E-02
                                         1.069E+01 0.000E+00 0.000E+00 6.725E-02
                                         3.673E+00 0.000E+00 0.000E+00 2.148E-01
                                         1.359E+00 0.000E+00 0.000E+00 3.889E-01
                        1995-  1999 D  
                                         5.400E-01 0.000E+00 0.000E+00 1.000E+00
                        2000-  2004 D  
                                         2.200E-01 0.000E+00 0.000E+00 1.000E+00
 110 TI   3.754   3.819  11.759
 111 TI   3.687   3.735  19.560
 112 TI   3.806  11.201   4.068
 113 TI   3.730  11.238  11.862
 114 TI   3.735  11.180  19.503
 115 TI   3.782  18.812   4.026
 116 TI   3.693  18.765  11.743
 117 TI   3.703  18.810  19.535
 118 TI  11.267   3.683   4.028
 119 TI  11.226   3.772  11.722
 120 TI  11.284   3.785  19.463
 121 TI  11.205  11.202   4.092
 122 TI  11.231  11.243  11.718
 123 TI  11.321  11.226  19.508
 124 TI  11.276  18.708   4.002
 125 TI  11.191  18.720  11.822
 126 TI  11.195  18.702  19.518
 127 TI  18.740   3.676   4.063
 128 TI  18.823   3.734  11.771
 129 TI  18.786   3.684  19.533
 130 TI  18.790  11.258   4.123
 131 TI  18.725  11.191  11.753
 132 TI  18.708  11.213  19.570
 133 TI  18.821  18.755   4.026
 134 TI  18.808  18.799  11.810
 135 TI  18.776  18.681  19.515
 INFORMATION **** SET_MPP **** PCRYSTAL CALCULATION
 INFORMATION **** READM2 **** NEW DEFAULT: FOCK/KS MATRIX MIXING SET TO 30 %
 INFORMATION **** READM2 **** NEW DEFAULT: FULL DIRECT SCF MODE
 INFORMATION **** READM2 **** NEW DEFAULT: COULOMB BIPOLAR BUFFER SET TO 32 Mb
 INFORMATION **** READM2 **** NEW DEFAULT: EXCHANGE BIPOLAR BUFFER SET TO 32 Mb

 *******************************************************************************
 NEW DEFAULT: DFT INTEGRATION GRID INCREASED TO XLGRID
 NEW DEFAULT: DIIS ACCELERATOR ACTIVE
 USE KEYWORD NODIIS TO TURN IT OFF
 *******************************************************************************

 INFORMATION **** TOLINTEG **** COULOMB AND EXCHANGE SERIES TOLERANCES MODIFIED
 INFORMATION **** MAXCYCLE **** MAX NUMBER OF SCF CYCLES SET TO         100
 INFORMATION **** EXCHSIZE **** EXCHANGE BIPOLAR BUFFER SIZE SET TO    30000000
 INFORMATION **** BIPOSIZE **** COULOMB BIPOLAR BUFFER SET TO    30000000
 INFORMATION **** GRADCAL **** ANALYTICAL GRADIENT AFTER SCF COMPLETED
 *******************************************************************************
 N. OF ATOMS PER CELL       135  COULOMB OVERLAP TOL         (T1) 10**   -8
 NUMBER OF SHELLS          1053  COULOMB PENETRATION TOL     (T2) 10**   -8
 NUMBER OF AO              2862  EXCHANGE OVERLAP TOL        (T3) 10**   -8
 N. OF ELECTRONS PER CELL  1512  EXCHANGE PSEUDO OVP (F(G))  (T4) 10**   -8
 CORE ELECTRONS PER CELL    648  EXCHANGE PSEUDO OVP (P(G))  (T5) 10**  -16
 N. OF SYMMETRY OPERATORS     1  POLE ORDER IN MONO ZONE                  4
 *******************************************************************************
 TYPE OF CALCULATION :  RESTRICTED CLOSED SHELL
 KOHN-SHAM HAMILTONIAN

 (EXCHANGE)[CORRELATION] FUNCTIONAL:(PERDEW-BURKE-ERNZERHOF)[PERDEW-BURKE-ERNZERHOF]


 HYBRID EXCHANGE - PERCENTAGE OF FOCK EXCHANGE    25.0000
 CORE  PSEUDO POTENTIAL         TOL. ON PSEUDO              (TP) 10**- 6

 CAPPA:IS1  2;IS2  2;IS3  2; K PTS MONK NET   8; SYMMOPS:K SPACE   2;G SPACE   1

 *******************************************************************************
 MAX NUMBER OF SCF CYCLES     100  CONVERGENCE ON DELTAP        10**-16
 WEIGHT OF F(I) IN F(I+1)      80% CONVERGENCE ON ENERGY        10**- 6
 SHRINK. FACT.(MONKH.)    2  2  2  NUMBER OF K POINTS IN THE IBZ      8
 SHRINKING FACTOR(GILAT NET)    2  NUMBER OF K POINTS(GILAT NET)      8
 *******************************************************************************
 *** K POINTS COORDINATES (OBLIQUE COORDINATES IN UNITS OF IS =  2)
   1-R(  0  0  0)   2-R(  1  0  0)   3-R(  0  1  0)   4-R(  1  1  0)
   5-R(  0  0  1)   6-R(  1  0  1)   7-R(  0  1  1)   8-R(  1  1  1)

 DIRECT LATTICE VECTORS COMPON. (A.U.)     RECIP. LATTICE VECTORS COMPON. (A.U.) 
        X            Y            Z              X            Y            Z
   22.5023543    0.0000000    0.0000000      0.2792235    0.0000000    0.0000000
    0.0000000   22.5023543    0.0000000      0.0000000    0.2792235    0.0000000
    0.0000000    0.0000000   23.1960024      0.0000000    0.0000000    0.2708736

 DISK SPACE FOR EIGENVECTORS (FTN 10)    65528352 REALS

 SYMMETRY ADAPTION OF THE BLOCH FUNCTIONS DISABLED
 TTTTTTTTTTTTTTTTTTTTTTTTTTTTTT gordsh1     TELAPSE        0.34 TCPU        0.27

 MATRIX SIZE: P(G) 7082620, F(G) 1250358, P(G) IRR 3549113, F(G) IRR 1254138
 MAX G-VECTOR INDEX FOR 1- AND 2-ELECTRON INTEGRALS  27

 TTTTTTTTTTTTTTTTTTTTTTTTTTTTTT INPUT       TELAPSE        3.44 TCPU        3.37

 NEIGHBORS OF THE NON-EQUIVALENT ATOMS

 N = NUMBER OF NEIGHBORS AT DISTANCE R
    ATOM  N     R/ANG      R/AU   NEIGHBORS (ATOM LABELS AND CELL INDICES)
   1 BA   1     2.7621     5.2196   73 O   -1 0 0
   1 BA   1     2.7690     5.2327   82 O    0 0 0
   1 BA   1     2.7764     5.2466   55 O    0 0 0
   1 BA   1     2.7767     5.2473   88 O    0-1 0
   1 BA   1     2.8095     5.3091   48 O   -1 0-1
   1 BA   1     2.8388     5.3645   54 O   -1-1-1

   2 BA   1     2.7663     5.2276   56 O    0 0 0
   2 BA   1     2.7984     5.2881   89 O    0-1 0
   2 BA   1     2.8110     5.3121   83 O    0 0 0
   2 BA   1     2.8270     5.3422   34 O    0-1 0
   2 BA   1     2.8281     5.3444   46 O   -1 0 0
   2 BA   1     2.8307     5.3492   28 O    0 0 0

   3 BA   1     2.7440     5.1855   35 O    0-1 0
   3 BA   1     2.7627     5.2208   90 O    0-1 0
   3 BA   1     2.7785     5.2506   57 O    0 0 0
   3 BA   1     2.7877     5.2680   53 O   -1-1 0
   3 BA   1     2.8137     5.3172   84 O    0 0 0
   3 BA   1     2.8206     5.3303   29 O    0 0 0

   4 BA   1     2.7174     5.1352   82 O    0 0 0
   4 BA   1     2.7314     5.1615   58 O    0 0 0
   4 BA   1     2.7800     5.2535   76 O   -1 0 0
   4 BA   1     2.7817     5.2566   85 O    0 0 0
   4 BA   1     2.8048     5.3003   30 O    0 0-1
   4 BA   1     2.8200     5.3291   51 O   -1 0-1

   5 BA   1     2.7781     5.2498   77 O   -1 0 0
   5 BA   1     2.7820     5.2572   28 O    0 0 0
   5 BA   1     2.7950     5.2817   59 O    0 0 0
   5 BA   1     2.7953     5.2824   49 O   -1 0 0
   5 BA   1     2.8016     5.2942   83 O    0 0 0
   5 BA   1     2.8065     5.3035   46 O   -1 0 0

   6 BA   1     2.7516     5.1998   87 O    0 0 0
   6 BA   1     2.7537     5.2037   50 O   -1 0 0
   6 BA   1     2.7819     5.2570   78 O   -1 0 0
   6 BA   1     2.7993     5.2900   84 O    0 0 0
   6 BA   1     2.8103     5.3106   47 O   -1 0 0
   6 BA   1     2.8189     5.3270   29 O    0 0 0

   7 BA   1     2.7552     5.2066   61 O    0 0 0
   7 BA   1     2.7823     5.2579   36 O    0 0-1
   7 BA   1     2.7835     5.2601   33 O    0 0-1
   7 BA   1     2.7931     5.2783   88 O    0 0 0
   7 BA   1     2.8059     5.3023   85 O    0 0 0
   7 BA   1     2.8112     5.3125   51 O   -1 0-1

   8 BA   1     2.7648     5.2247   86 O    0 0 0
   8 BA   1     2.7944     5.2807   62 O    0 0 0
   8 BA   1     2.8069     5.3043   80 O   -1 0 0
   8 BA   1     2.8087     5.3078   49 O   -1 0 0
   8 BA   1     2.8310     5.3498   52 O   -1 0 0
   8 BA   1     2.8464     5.3789   31 O    0 0 0

   9 BA   1     2.7484     5.1937   90 O    0 0 0
   9 BA   1     2.7515     5.1996   87 O    0 0 0
   9 BA   1     2.7705     5.2355   63 O    0 0 0
   9 BA   1     2.7807     5.2548   81 O   -1 0 0
   9 BA   1     2.8035     5.2979   53 O   -1 0 0
   9 BA   1     2.8048     5.3003   50 O   -1 0 0

  10 BA   1     2.7204     5.1409   55 O    0 0 0
  10 BA   1     2.7730     5.2402   97 O    0-1 0
  10 BA   1     2.7765     5.2468   36 O    0-1-1
  10 BA   1     2.7845     5.2619   64 O    0 0 0
  10 BA   1     2.7923     5.2766   91 O    0 0 0
  10 BA   1     2.7997     5.2907   30 O    0 0-1

  11 BA   1     2.7725     5.2393   56 O    0 0 0
  11 BA   1     2.7828     5.2587   92 O    0 0 0
  11 BA   1     2.7852     5.2632   98 O    0-1 0
  11 BA   1     2.7879     5.2683   43 O    0-1 0
  11 BA   1     2.7934     5.2788   65 O    0 0 0
  11 BA   1     2.7999     5.2910   37 O    0 0 0

  12 BA   1     2.7749     5.2438   35 O    0-1 0
  12 BA   1     2.7785     5.2505   38 O    0 0 0
  12 BA   1     2.8020     5.2950   57 O    0 0 0
  12 BA   1     2.8066     5.3036   29 O    0 0 0
  12 BA   1     2.8094     5.3091   93 O    0 0 0
  12 BA   1     2.8306     5.3490   99 O    0-1 0

  13 BA   1     2.7694     5.2335   39 O    0 0-1
  13 BA   1     2.7753     5.2446   67 O    0 0 0
  13 BA   1     2.7800     5.2534   94 O    0 0 0
  13 BA   1     2.7914     5.2749   30 O    0 0-1
  13 BA   1     2.7971     5.2858   42 O    0 0-1
  13 BA   1     2.8001     5.2913   91 O    0 0 0

  14 BA   1     2.7280     5.1552   95 O    0 0 0
  14 BA   1     2.7459     5.1889   31 O    0 0 0
  14 BA   1     2.7622     5.2197   68 O    0 0 0
  14 BA   1     2.7837     5.2605   40 O    0 0 0
  14 BA   1     2.7992     5.2897   28 O    0 0 0
  14 BA   1     2.8050     5.3007   59 O    0 0 0

  15 BA   1     2.7276     5.1543   69 O    0 0 0
  15 BA   1     2.7811     5.2556   96 O    0 0 0
  15 BA   1     2.7835     5.2600   38 O    0 0 0
  15 BA   1     2.7918     5.2758   41 O    0 0 0
  15 BA   1     2.7928     5.2775   93 O    0 0 0
  15 BA   1     2.8085     5.3072   29 O    0 0 0

  16 BA   1     2.7682     5.2311   97 O    0 0 0
  16 BA   1     2.7727     5.2396   70 O    0 0 0
  16 BA   1     2.7735     5.2411   42 O    0 0-1
  16 BA   1     2.7848     5.2626   45 O    0 0-1
  16 BA   1     2.7920     5.2760   36 O    0 0-1
  16 BA   1     2.8177     5.3247   61 O    0 0 0

  17 BA   1     2.7532     5.2029   34 O    0 0 0
  17 BA   1     2.7566     5.2092   98 O    0 0 0
  17 BA   1     2.7574     5.2107   95 O    0 0 0
  17 BA   1     2.7744     5.2428   62 O    0 0 0
  17 BA   1     2.7975     5.2865   31 O    0 0 0
  17 BA   1     2.8197     5.3284   43 O    0 0 0

  18 BA   1     2.7944     5.2807   44 O    0 0 0
  18 BA   1     2.8126     5.3150   99 O    0 0 0
  18 BA   1     2.8132     5.3162   35 O    0 0 0
  18 BA   1     2.8278     5.3437   41 O    0 0 0
  18 BA   1     2.8316     5.3510   63 O    0 0 0
  18 BA   1     2.8362     5.3597   96 O    0 0 0

  19 BA   1     2.7491     5.1951  106 O    0-1 0
  19 BA   1     2.7676     5.2300   45 O    0-1-1
  19 BA   1     2.7699     5.2343  100 O    0 0 0
  19 BA   1     2.7989     5.2891   64 O    0 0 0
  19 BA   1     2.8130     5.3158   39 O    0 0-1
  19 BA   1     2.8162     5.3219   73 O    0 0 0

  20 BA   1     2.7368     5.1719  107 O    0-1 0
  20 BA   1     2.7699     5.2344   65 O    0 0 0
  20 BA   1     2.7962     5.2840   43 O    0-1 0
  20 BA   1     2.7998     5.2908   52 O    0-1 0
  20 BA   1     2.8042     5.2992   74 O    0 0 0
  20 BA   1     2.8111     5.3122  101 O    0 0 0

  21 BA   1     2.7641     5.2235   47 O    0 0 0
  21 BA   1     2.7746     5.2432  102 O    0 0 0
  21 BA   1     2.8007     5.2925   38 O    0 0 0
  21 BA   1     2.8222     5.3332  108 O    0-1 0
  21 BA   1     2.8277     5.3436   66 O    0 0 0
  21 BA   1     2.8283     5.3446   75 O    0 0 0

  22 BA   1     2.7613     5.2182   48 O    0 0-1
  22 BA   1     2.7644     5.2240   76 O    0 0 0
  22 BA   1     2.8030     5.2970   67 O    0 0 0
  22 BA   1     2.8204     5.3298   51 O    0 0-1
  22 BA   1     2.8222     5.3332   39 O    0 0-1
  22 BA   1     2.8277     5.3437  100 O    0 0 0

  23 BA   1     2.7646     5.2243  101 O    0 0 0
  23 BA   1     2.7691     5.2328   68 O    0 0 0
  23 BA   1     2.7737     5.2416   77 O    0 0 0
  23 BA   1     2.7759     5.2457   40 O    0 0 0
  23 BA   1     2.7824     5.2580  104 O    0 0 0
  23 BA   1     2.7890     5.2704   37 O    0 0 0

  24 BA   1     2.7572     5.2103   69 O    0 0 0
  24 BA   1     2.7709     5.2362   78 O    0 0 0
  24 BA   1     2.7779     5.2494   47 O    0 0 0
  24 BA   1     2.7984     5.2883  102 O    0 0 0
  24 BA   1     2.8023     5.2955  105 O    0 0 0
  24 BA   1     2.8186     5.3264   50 O    0 0 0

  25 BA   1     2.7699     5.2344   51 O    0 0-1
  25 BA   1     2.7716     5.2376   79 O    0 0 0
  25 BA   1     2.7747     5.2435   54 O    0 0-1
  25 BA   1     2.7791     5.2518   70 O    0 0 0
  25 BA   1     2.7922     5.2765  103 O    0 0 0
  25 BA   1     2.8149     5.3194   42 O    0 0-1

  26 BA   1     2.7455     5.1882  107 O    0 0 0
  26 BA   1     2.7749     5.2438   52 O    0 0 0
  26 BA   1     2.7979     5.2873   71 O    0 0 0
  26 BA   1     2.8040     5.2988   80 O    0 0 0
  26 BA   1     2.8106     5.3113   43 O    0 0 0
  26 BA   1     2.8403     5.3675  104 O    0 0 0

  27 BA   1     2.7405     5.1787   44 O    0 0 0
  27 BA   1     2.7674     5.2295  108 O    0 0 0
  27 BA   1     2.7955     5.2827   81 O    0 0 0
  27 BA   1     2.7981     5.2877   72 O    0 0 0
  27 BA   1     2.8055     5.3017   53 O    0 0 0
  27 BA   1     2.8366     5.3604  105 O    0 0 0

  28 O    1     1.8309     3.4599  109 TI   0 0 0
  28 O    1     2.2439     4.2404  110 TI   0 0 0
  28 O    1     2.7767     5.2471   91 O    0 0 0
  28 O    1     2.7820     5.2572    5 BA   0 0 0
  28 O    1     2.7860     5.2648   58 O    0 0 0
  28 O    1     2.7992     5.2897   14 BA   0 0 0

  29 O    1     1.8577     3.5105  110 TI   0 0 0
  29 O    1     2.2712     4.2920  111 TI   0 0 0
  29 O    1     2.8049     5.3005   59 O    0 0 0
  29 O    1     2.8066     5.3036   12 BA   0 0 0
  29 O    1     2.8085     5.3072   15 BA   0 0 0
  29 O    1     2.8163     5.3220   92 O    0 0 0

  30 O    1     1.7751     3.3545  111 TI   0 0 0
  30 O    1     2.2978     4.3423  109 TI   0 0 1
  30 O    1     2.7500     5.1968   93 O    0 0 0
  30 O    1     2.7661     5.2271   60 O    0 0 0
  30 O    1     2.7704     5.2352   84 O    0 0 0
  30 O    1     2.7914     5.2749   13 BA   0 0 1

  31 O    1     1.8278     3.4540  112 TI   0 0 0
  31 O    1     2.2969     4.3406  113 TI   0 0 0
  31 O    1     2.7459     5.1889   14 BA   0 0 0
  31 O    1     2.7709     5.2362   94 O    0 0 0
  31 O    1     2.7975     5.2865   17 BA   0 0 0
  31 O    1     2.8065     5.3034   58 O    0 0 0

  32 O    1     1.7406     3.2892  113 TI   0 0 0
  32 O    1     2.3034     4.3527  114 TI   0 0 0
  32 O    1     2.7540     5.2043   59 O    0 0 0
  32 O    1     2.7755     5.2450   86 O    0 0 0
  32 O    1     2.8050     5.3007   95 O    0 0 0
  32 O    1     2.8069     5.3044   62 O    0 0 0

  33 O    1     1.8627     3.5199  114 TI   0 0 0
  33 O    1     2.2452     4.2427  112 TI   0 0 1
  33 O    1     2.7835     5.2601    7 BA   0 0 1
  33 O    1     2.7977     5.2869   60 O    0 0 0
  33 O    1     2.8118     5.3136   63 O    0 0 0
  33 O    1     2.8309     5.3497    4 BA   0 0 1

  34 O    1     1.8452     3.4869  115 TI   0 0 0
  34 O    1     2.2399     4.2329  116 TI   0 0 0
  34 O    1     2.7532     5.2029   17 BA   0 0 0
  34 O    1     2.7670     5.2289   97 O    0 0 0
  34 O    1     2.7754     5.2448   61 O    0 0 0
  34 O    1     2.8040     5.2988   11 BA   0 1 0

  35 O    1     1.8383     3.4738  116 TI   0 0 0
  35 O    1     2.2860     4.3199  117 TI   0 0 0
  35 O    1     2.7440     5.1855    3 BA   0 1 0
  35 O    1     2.7749     5.2438   12 BA   0 1 0
  35 O    1     2.7810     5.2553   56 O    0 1 0
  35 O    1     2.7871     5.2669   89 O    0 0 0

  36 O    1     1.8445     3.4856  117 TI   0 0 0
  36 O    1     2.2244     4.2034  115 TI   0 0 1
  36 O    1     2.7765     5.2468   10 BA   0 1 1
  36 O    1     2.7815     5.2563   63 O    0 0 0
  36 O    1     2.7823     5.2579    7 BA   0 0 1
  36 O    1     2.7859     5.2645   99 O    0 0 0

  37 O    1     1.8298     3.4579  118 TI   0 0 0
  37 O    1     2.2431     4.2389  119 TI   0 0 0
  37 O    1     2.7697     5.2340   91 O    0 0 0
  37 O    1     2.7890     5.2704   23 BA   0 0 0
  37 O    1     2.7955     5.2826   67 O    0 0 0
  37 O    1     2.7999     5.2910   11 BA   0 0 0

  38 O    1     1.8510     3.4978  119 TI   0 0 0
  38 O    1     2.2468     4.2459  120 TI   0 0 0
  38 O    1     2.7403     5.1785   92 O    0 0 0
  38 O    1     2.7735     5.2411   65 O    0 0 0
  38 O    1     2.7785     5.2505   12 BA   0 0 0
  38 O    1     2.7835     5.2600   15 BA   0 0 0

  39 O    1     1.8822     3.5568  120 TI   0 0 0
  39 O    1     2.2256     4.2057  118 TI   0 0 1
  39 O    1     2.7694     5.2335   13 BA   0 0 1
  39 O    1     2.7899     5.2722   93 O    0 0 0
  39 O    1     2.8130     5.3158   19 BA   0 0 1
  39 O    1     2.8191     5.3274  102 O    0 0 0

  40 O    1     1.7788     3.3614  121 TI   0 0 0
  40 O    1     2.2576     4.2662  122 TI   0 0 0
  40 O    1     2.7478     5.1927  103 O    0 0 0
  40 O    1     2.7520     5.2005   67 O    0 0 0
  40 O    1     2.7759     5.2457   23 BA   0 0 0
  40 O    1     2.7837     5.2605   14 BA   0 0 0

  41 O    1     1.8195     3.4384  122 TI   0 0 0
  41 O    1     2.3040     4.3540  123 TI   0 0 0
  41 O    1     2.7433     5.1841   71 O    0 0 0
  41 O    1     2.7592     5.2141   68 O    0 0 0
  41 O    1     2.7623     5.2201  104 O    0 0 0
  41 O    1     2.7778     5.2493   95 O    0 0 0

  42 O    1     1.8204     3.4401  123 TI   0 0 0
  42 O    1     2.2984     4.3434  121 TI   0 0 1
  42 O    1     2.7427     5.1829   96 O    0 0 0
  42 O    1     2.7605     5.2166   72 O    0 0 0
  42 O    1     2.7735     5.2411   16 BA   0 0 1
  42 O    1     2.7813     5.2560  105 O    0 0 0

  43 O    1     1.8254     3.4495  124 TI   0 0 0
  43 O    1     2.3141     4.3730  125 TI   0 0 0
  43 O    1     2.7846     5.2622   64 O    0 1 0
  43 O    1     2.7879     5.2683   11 BA   0 1 0
  43 O    1     2.7923     5.2766   70 O    0 0 0
  43 O    1     2.7953     5.2824   97 O    0 0 0

  44 O    1     1.8014     3.4041  125 TI   0 0 0
  44 O    1     2.2733     4.2959  126 TI   0 0 0
  44 O    1     2.7405     5.1787   27 BA   0 0 0
  44 O    1     2.7811     5.2555   71 O    0 0 0
  44 O    1     2.7865     5.2658   65 O    0 1 0
  44 O    1     2.7944     5.2807   18 BA   0 0 0

  45 O    1     1.7764     3.3570  126 TI   0 0 0
  45 O    1     2.2880     4.3238  124 TI   0 0 1
  45 O    1     2.7290     5.1571   66 O    0 1 0
  45 O    1     2.7397     5.1773  108 O    0 0 0
  45 O    1     2.7461     5.1894   72 O    0 0 0
  45 O    1     2.7623     5.2200   99 O    0 0 0

  46 O    1     1.8464     3.4892  127 TI   0 0 0
  46 O    1     2.2333     4.2204  128 TI   0 0 0
  46 O    1     2.8065     5.3035    5 BA   1 0 0
  46 O    1     2.8077     5.3058   23 BA   0 0 0
  46 O    1     2.8279     5.3440  100 O    0 0 0
  46 O    1     2.8281     5.3444    2 BA   1 0 0

  47 O    1     1.8607     3.5163  128 TI   0 0 0
  47 O    1     2.2480     4.2482  129 TI   0 0 0
  47 O    1     2.7641     5.2235   21 BA   0 0 0
  47 O    1     2.7779     5.2494   24 BA   0 0 0
  47 O    1     2.7799     5.2533  101 O    0 0 0
  47 O    1     2.8057     5.3020   74 O    0 0 0

  48 O    1     1.8244     3.4477  129 TI   0 0 0
  48 O    1     2.2660     4.2821  127 TI   0 0 1
  48 O    1     2.7613     5.2182   22 BA   0 0 1
  48 O    1     2.7660     5.2269  102 O    0 0 0
  48 O    1     2.7672     5.2293   78 O    0 0 0
  48 O    1     2.7878     5.2681   75 O    0 0 0

  49 O    1     1.7656     3.3365  130 TI   0 0 0
  49 O    1     2.2727     4.2948  131 TI   0 0 0
  49 O    1     2.7558     5.2077   85 O    1 0 0
  49 O    1     2.7592     5.2141  103 O    0 0 0
  49 O    1     2.7595     5.2146   76 O    0 0 0
  49 O    1     2.7838     5.2606   79 O    0 0 0

  50 O    1     1.8019     3.4050  131 TI   0 0 0
  50 O    1     2.3357     4.4139  132 TI   0 0 0
  50 O    1     2.7537     5.2037    6 BA   1 0 0
  50 O    1     2.7844     5.2618   80 O    0 0 0
  50 O    1     2.7873     5.2672  104 O    0 0 0
  50 O    1     2.7947     5.2813   86 O    1 0 0

  51 O    1     1.8187     3.4369  132 TI   0 0 0
  51 O    1     2.2828     4.3139  130 TI   0 0 1
  51 O    1     2.7699     5.2344   25 BA   0 0 1
  51 O    1     2.7758     5.2454   81 O    0 0 0
  51 O    1     2.8003     5.2918   87 O    1 0 0
  51 O    1     2.8112     5.3125    7 BA   1 0 1

  52 O    1     1.8070     3.4148  133 TI   0 0 0
  52 O    1     2.3143     4.3733  134 TI   0 0 0
  52 O    1     2.7463     5.1898   73 O    0 1 0
  52 O    1     2.7749     5.2438   26 BA   0 0 0
  52 O    1     2.7802     5.2539   79 O    0 0 0
  52 O    1     2.7866     5.2658  106 O    0 0 0

  53 O    1     1.8229     3.4447  134 TI   0 0 0
  53 O    1     2.2548     4.2610  135 TI   0 0 0
  53 O    1     2.7694     5.2334   80 O    0 0 0
  53 O    1     2.7793     5.2522   89 O    1 0 0
  53 O    1     2.7877     5.2680    3 BA   1 1 0
  53 O    1     2.8035     5.2979    9 BA   1 0 0

  54 O    1     1.8281     3.4546  135 TI   0 0 0
  54 O    1     2.2518     4.2554  133 TI   0 0 1
  54 O    1     2.7747     5.2435   25 BA   0 0 1
  54 O    1     2.8008     5.2927   75 O    0 1 0
  54 O    1     2.8093     5.3088   81 O    0 0 0
  54 O    1     2.8171     5.3236  108 O    0 0 0

  55 O    1     1.9605     3.7048  115 TI   0-1 0
  55 O    1     2.0217     3.8204  109 TI   0 0 0
  55 O    1     2.7204     5.1409   10 BA   0 0 0
  55 O    1     2.7731     5.2403   91 O    0 0 0
  55 O    1     2.7761     5.2460   88 O    0-1 0
  55 O    1     2.7764     5.2466    1 BA   0 0 0

  56 O    1     1.9730     3.7285  116 TI   0-1 0
  56 O    1     2.0395     3.8541  110 TI   0 0 0
  56 O    1     2.7521     5.2007   89 O    0-1 0
  56 O    1     2.7663     5.2276    2 BA   0 0 0
  56 O    1     2.7725     5.2393   11 BA   0 0 0
  56 O    1     2.7810     5.2553   35 O    0-1 0

  57 O    1     1.9252     3.6382  117 TI   0-1 0
  57 O    1     2.0181     3.8137  111 TI   0 0 0
  57 O    1     2.7610     5.2175   99 O    0-1 0
  57 O    1     2.7759     5.2458   90 O    0-1 0
  57 O    1     2.7785     5.2506    3 BA   0 0 0
  57 O    1     2.7952     5.2821   36 O    0-1 0

  58 O    1     1.9544     3.6932  109 TI   0 0 0
  58 O    1     1.9795     3.7407  112 TI   0 0 0
  58 O    1     2.7314     5.1615    4 BA   0 0 0
  58 O    1     2.7393     5.1766   82 O    0 0 0
  58 O    1     2.7860     5.2648   28 O    0 0 0
  58 O    1     2.8007     5.2926   85 O    0 0 0

  59 O    1     1.9621     3.7079  110 TI   0 0 0
  59 O    1     1.9789     3.7396  113 TI   0 0 0
  59 O    1     2.7540     5.2043   32 O    0 0 0
  59 O    1     2.7689     5.2324   86 O    0 0 0
  59 O    1     2.7950     5.2817    5 BA   0 0 0
  59 O    1     2.8049     5.3005   29 O    0 0 0

  60 O    1     1.9268     3.6411  114 TI   0 0 0
  60 O    1     2.0228     3.8225  111 TI   0 0 0
  60 O    1     2.7661     5.2271   30 O    0 0 0
  60 O    1     2.7792     5.2520   84 O    0 0 0
  60 O    1     2.7906     5.2735   87 O    0 0 0
  60 O    1     2.7977     5.2869   33 O    0 0 0

  61 O    1     1.9821     3.7456  115 TI   0 0 0
  61 O    1     2.0579     3.8889  112 TI   0 0 0
  61 O    1     2.7412     5.1802   97 O    0 0 0
  61 O    1     2.7552     5.2066    7 BA   0 0 0
  61 O    1     2.7706     5.2358   88 O    0 0 0
  61 O    1     2.7754     5.2448   34 O    0 0 0

  62 O    1     1.9785     3.7389  116 TI   0 0 0
  62 O    1     2.0210     3.8191  113 TI   0 0 0
  62 O    1     2.7608     5.2171   86 O    0 0 0
  62 O    1     2.7744     5.2428   17 BA   0 0 0
  62 O    1     2.7796     5.2527   98 O    0 0 0
  62 O    1     2.7944     5.2807    8 BA   0 0 0

  63 O    1     1.9997     3.7788  117 TI   0 0 0
  63 O    1     2.0461     3.8665  114 TI   0 0 0
  63 O    1     2.7501     5.1970   90 O    0 0 0
  63 O    1     2.7705     5.2355    9 BA   0 0 0
  63 O    1     2.7815     5.2563   36 O    0 0 0
  63 O    1     2.8012     5.2935   99 O    0 0 0

  64 O    1     1.9450     3.6755  118 TI   0 0 0
  64 O    1     2.0215     3.8200  124 TI   0-1 0
  64 O    1     2.7672     5.2292   91 O    0 0 0
  64 O    1     2.7845     5.2619   10 BA   0 0 0
  64 O    1     2.7846     5.2622   43 O    0-1 0
  64 O    1     2.7959     5.2834  100 O    0 0 0

  65 O    1     1.9936     3.7674  125 TI   0-1 0
  65 O    1     2.0130     3.8040  119 TI   0 0 0
  65 O    1     2.7699     5.2344   20 BA   0 0 0
  65 O    1     2.7732     5.2406  107 O    0-1 0
  65 O    1     2.7735     5.2411   38 O    0 0 0
  65 O    1     2.7865     5.2658   44 O    0-1 0

  66 O    1     1.9832     3.7477  126 TI   0-1 0
  66 O    1     2.0387     3.8526  120 TI   0 0 0
  66 O    1     2.7290     5.1571   45 O    0-1 0
  66 O    1     2.7510     5.1987  108 O    0-1 0
  66 O    1     2.7808     5.2549   99 O    0-1 0
  66 O    1     2.8118     5.3136  102 O    0 0 0

  67 O    1     1.9486     3.6822  121 TI   0 0 0
  67 O    1     2.0450     3.8646  118 TI   0 0 0
  67 O    1     2.7520     5.2005   40 O    0 0 0
  67 O    1     2.7695     5.2335  103 O    0 0 0
  67 O    1     2.7753     5.2446   13 BA   0 0 0
  67 O    1     2.7955     5.2826   37 O    0 0 0

  68 O    1     1.9590     3.7021  122 TI   0 0 0
  68 O    1     2.0031     3.7853  119 TI   0 0 0
  68 O    1     2.7572     5.2104   95 O    0 0 0
  68 O    1     2.7592     5.2141   41 O    0 0 0
  68 O    1     2.7622     5.2197   14 BA   0 0 0
  68 O    1     2.7691     5.2328   23 BA   0 0 0

  69 O    1     1.9660     3.7152  120 TI   0 0 0
  69 O    1     1.9890     3.7587  123 TI   0 0 0
  69 O    1     2.7276     5.1543   15 BA   0 0 0
  69 O    1     2.7572     5.2103   24 BA   0 0 0
  69 O    1     2.7852     5.2632   96 O    0 0 0
  69 O    1     2.7960     5.2837  105 O    0 0 0

  70 O    1     1.9420     3.6698  124 TI   0 0 0
  70 O    1     2.0479     3.8700  121 TI   0 0 0
  70 O    1     2.7727     5.2396   16 BA   0 0 0
  70 O    1     2.7791     5.2518   25 BA   0 0 0
  70 O    1     2.7831     5.2592  106 O    0 0 0
  70 O    1     2.7923     5.2766   43 O    0 0 0

  71 O    1     1.9676     3.7182  122 TI   0 0 0
  71 O    1     1.9968     3.7734  125 TI   0 0 0
  71 O    1     2.7433     5.1841   41 O    0 0 0
  71 O    1     2.7798     5.2531   95 O    0 0 0
  71 O    1     2.7811     5.2555   44 O    0 0 0
  71 O    1     2.7968     5.2851  104 O    0 0 0

  72 O    1     1.9558     3.6959  126 TI   0 0 0
  72 O    1     2.0082     3.7949  123 TI   0 0 0
  72 O    1     2.7461     5.1894   45 O    0 0 0
  72 O    1     2.7605     5.2166   42 O    0 0 0
  72 O    1     2.7705     5.2354  108 O    0 0 0
  72 O    1     2.7823     5.2577  105 O    0 0 0

  73 O    1     1.9496     3.6842  133 TI   0-1 0
  73 O    1     1.9903     3.7610  127 TI   0 0 0
  73 O    1     2.7463     5.1898   52 O    0-1 0
  73 O    1     2.7621     5.2196    1 BA   1 0 0
  73 O    1     2.7751     5.2442  106 O    0-1 0
  73 O    1     2.7947     5.2813   88 O    1-1 0

  74 O    1     1.9676     3.7183  134 TI   0-1 0
  74 O    1     1.9805     3.7426  128 TI   0 0 0
  74 O    1     2.7573     5.2105  101 O    0 0 0
  74 O    1     2.7628     5.2210  107 O    0-1 0
  74 O    1     2.7980     5.2875   83 O    1 0 0
  74 O    1     2.8042     5.2992   20 BA   0 0 0

  75 O    1     1.9546     3.6936  129 TI   0 0 0
  75 O    1     2.0249     3.8264  135 TI   0-1 0
  75 O    1     2.7846     5.2622  102 O    0 0 0
  75 O    1     2.7878     5.2681   48 O    0 0 0
  75 O    1     2.8008     5.2927   54 O    0-1 0
  75 O    1     2.8250     5.3386    3 BA   1 0 0

  76 O    1     1.9836     3.7484  130 TI   0 0 0
  76 O    1     2.0479     3.8699  127 TI   0 0 0
  76 O    1     2.7595     5.2146   49 O    0 0 0
  76 O    1     2.7644     5.2240   22 BA   0 0 0
  76 O    1     2.7725     5.2392  103 O    0 0 0
  76 O    1     2.7800     5.2535    4 BA   1 0 0

  77 O    1     1.9777     3.7372  128 TI   0 0 0
  77 O    1     1.9843     3.7497  131 TI   0 0 0
  77 O    1     2.7565     5.2090   83 O    1 0 0
  77 O    1     2.7712     5.2368  101 O    0 0 0
  77 O    1     2.7737     5.2416   23 BA   0 0 0
  77 O    1     2.7781     5.2498    5 BA   1 0 0

  78 O    1     1.9960     3.7718  129 TI   0 0 0
  78 O    1     1.9999     3.7792  132 TI   0 0 0
  78 O    1     2.7672     5.2293   48 O    0 0 0
  78 O    1     2.7709     5.2362   24 BA   0 0 0
  78 O    1     2.7819     5.2570    6 BA   1 0 0
  78 O    1     2.7955     5.2827   87 O    1 0 0

  79 O    1     1.9699     3.7226  130 TI   0 0 0
  79 O    1     2.0090     3.7964  133 TI   0 0 0
  79 O    1     2.7716     5.2376   25 BA   0 0 0
  79 O    1     2.7775     5.2486  103 O    0 0 0
  79 O    1     2.7802     5.2539   52 O    0 0 0
  79 O    1     2.7838     5.2606   49 O    0 0 0

  80 O    1     1.9867     3.7542  134 TI   0 0 0
  80 O    1     2.0480     3.8702  131 TI   0 0 0
  80 O    1     2.7694     5.2334   53 O    0 0 0
  80 O    1     2.7844     5.2618   50 O    0 0 0
  80 O    1     2.7975     5.2865  107 O    0 0 0
  80 O    1     2.8040     5.2988   26 BA   0 0 0

  81 O    1     1.9736     3.7296  132 TI   0 0 0
  81 O    1     1.9922     3.7648  135 TI   0 0 0
  81 O    1     2.7673     5.2294   87 O    1 0 0
  81 O    1     2.7758     5.2454   51 O    0 0 0
  81 O    1     2.7807     5.2548    9 BA   1 0 0
  81 O    1     2.7941     5.2801  105 O    0 0 0

  82 O    1     2.0059     3.7905  109 TI   0 0 0
  82 O    1     2.0181     3.8136  127 TI  -1 0 0
  82 O    1     2.7174     5.1352    4 BA   0 0 0
  82 O    1     2.7393     5.1766   58 O    0 0 0
  82 O    1     2.7690     5.2327    1 BA   0 0 0
  82 O    1     2.8214     5.3317   28 O    0 0 0

  83 O    1     1.9139     3.6167  128 TI  -1 0 0
  83 O    1     2.0319     3.8398  110 TI   0 0 0
  83 O    1     2.7565     5.2090   77 O   -1 0 0
  83 O    1     2.7980     5.2875   74 O   -1 0 0
  83 O    1     2.8016     5.2942    5 BA   0 0 0
  83 O    1     2.8110     5.3121    2 BA   0 0 0

  84 O    1     1.9204     3.6291  111 TI   0 0 0
  84 O    1     2.0120     3.8021  129 TI  -1 0 0
  84 O    1     2.7704     5.2352   30 O    0 0 0
  84 O    1     2.7792     5.2520   60 O    0 0 0
  84 O    1     2.7993     5.2900    6 BA   0 0 0
  84 O    1     2.8091     5.3085   78 O   -1 0 0

  85 O    1     1.9444     3.6744  130 TI  -1 0 0
  85 O    1     2.0466     3.8675  112 TI   0 0 0
  85 O    1     2.7558     5.2077   49 O   -1 0 0
  85 O    1     2.7817     5.2566    4 BA   0 0 0
  85 O    1     2.7921     5.2763   76 O   -1 0 0
  85 O    1     2.7979     5.2872   79 O   -1 0 0

  86 O    1     1.9583     3.7007  113 TI   0 0 0
  86 O    1     2.0340     3.8436  131 TI  -1 0 0
  86 O    1     2.7608     5.2171   62 O    0 0 0
  86 O    1     2.7648     5.2247    8 BA   0 0 0
  86 O    1     2.7689     5.2324   59 O    0 0 0
  86 O    1     2.7755     5.2450   32 O    0 0 0

  87 O    1     1.9870     3.7549  132 TI  -1 0 0
  87 O    1     2.0157     3.8092  114 TI   0 0 0
  87 O    1     2.7515     5.1996    9 BA   0 0 0
  87 O    1     2.7516     5.1998    6 BA   0 0 0
  87 O    1     2.7673     5.2294   81 O   -1 0 0
  87 O    1     2.7906     5.2735   60 O    0 0 0

  88 O    1     1.9721     3.7267  115 TI   0 0 0
  88 O    1     1.9873     3.7555  133 TI  -1 0 0
  88 O    1     2.7706     5.2358   61 O    0 0 0
  88 O    1     2.7761     5.2460   55 O    0 1 0
  88 O    1     2.7767     5.2473    1 BA   0 1 0
  88 O    1     2.7931     5.2783    7 BA   0 0 0

  89 O    1     1.9581     3.7004  116 TI   0 0 0
  89 O    1     1.9615     3.7067  134 TI  -1 0 0
  89 O    1     2.7521     5.2007   56 O    0 1 0
  89 O    1     2.7793     5.2522   53 O   -1 0 0
  89 O    1     2.7871     5.2669   35 O    0 0 0
  89 O    1     2.7956     5.2829   62 O    0 0 0

  90 O    1     1.9399     3.6658  117 TI   0 0 0
  90 O    1     2.0089     3.7963  135 TI  -1 0 0
  90 O    1     2.7484     5.1937    9 BA   0 0 0
  90 O    1     2.7501     5.1970   63 O    0 0 0
  90 O    1     2.7627     5.2208    3 BA   0 1 0
  90 O    1     2.7759     5.2458   57 O    0 1 0

  91 O    1     1.9444     3.6744  109 TI   0 0 0
  91 O    1     2.0118     3.8018  118 TI   0 0 0
  91 O    1     2.7672     5.2292   64 O    0 0 0
  91 O    1     2.7697     5.2340   37 O    0 0 0
  91 O    1     2.7731     5.2403   55 O    0 0 0
  91 O    1     2.7767     5.2471   28 O    0 0 0

  92 O    1     1.9573     3.6988  119 TI   0 0 0
  92 O    1     2.0019     3.7830  110 TI   0 0 0
  92 O    1     2.7403     5.1785   38 O    0 0 0
  92 O    1     2.7828     5.2587   11 BA   0 0 0
  92 O    1     2.7920     5.2761   68 O    0 0 0
  92 O    1     2.8163     5.3220   29 O    0 0 0

  93 O    1     1.9978     3.7754  120 TI   0 0 0
  93 O    1     2.0303     3.8368  111 TI   0 0 0
  93 O    1     2.7500     5.1968   30 O    0 0 0
  93 O    1     2.7899     5.2722   39 O    0 0 0
  93 O    1     2.7928     5.2775   15 BA   0 0 0
  93 O    1     2.8094     5.3091   12 BA   0 0 0

  94 O    1     1.9262     3.6400  112 TI   0 0 0
  94 O    1     2.0023     3.7838  121 TI   0 0 0
  94 O    1     2.7709     5.2362   31 O    0 0 0
  94 O    1     2.7800     5.2534   13 BA   0 0 0
  94 O    1     2.8078     5.3059   58 O    0 0 0
  94 O    1     2.8151     5.3198   40 O    0 0 0

  95 O    1     1.9668     3.7167  122 TI   0 0 0
  95 O    1     2.0230     3.8230  113 TI   0 0 0
  95 O    1     2.7280     5.1552   14 BA   0 0 0
  95 O    1     2.7572     5.2104   68 O    0 0 0
  95 O    1     2.7574     5.2107   17 BA   0 0 0
  95 O    1     2.7778     5.2493   41 O    0 0 0

  96 O    1     1.9883     3.7573  123 TI   0 0 0
  96 O    1     2.0368     3.8489  114 TI   0 0 0
  96 O    1     2.7427     5.1829   42 O    0 0 0
  96 O    1     2.7811     5.2556   15 BA   0 0 0
  96 O    1     2.7852     5.2632   69 O    0 0 0
  96 O    1     2.7972     5.2859   72 O    0 0 0

  97 O    1     1.9382     3.6627  115 TI   0 0 0
  97 O    1     2.0390     3.8532  124 TI   0 0 0
  97 O    1     2.7412     5.1802   61 O    0 0 0
  97 O    1     2.7670     5.2289   34 O    0 0 0
  97 O    1     2.7682     5.2311   16 BA   0 0 0
  97 O    1     2.7730     5.2402   10 BA   0 1 0

  98 O    1     1.9859     3.7528  125 TI   0 0 0
  98 O    1     1.9963     3.7725  116 TI   0 0 0
  98 O    1     2.7566     5.2092   17 BA   0 0 0
  98 O    1     2.7796     5.2527   62 O    0 0 0
  98 O    1     2.7852     5.2632   11 BA   0 1 0
  98 O    1     2.7902     5.2728   35 O    0 0 0

  99 O    1     1.9734     3.7292  126 TI   0 0 0
  99 O    1     2.0000     3.7795  117 TI   0 0 0
  99 O    1     2.7610     5.2175   57 O    0 1 0
  99 O    1     2.7623     5.2200   45 O    0 0 0
  99 O    1     2.7808     5.2549   66 O    0 1 0
  99 O    1     2.7859     5.2645   36 O    0 0 0

 100 O    1     1.9747     3.7316  118 TI   0 0 0
 100 O    1     1.9941     3.7684  127 TI   0 0 0
 100 O    1     2.7699     5.2343   19 BA   0 0 0
 100 O    1     2.7959     5.2834   64 O    0 0 0
 100 O    1     2.8096     5.3093   73 O    0 0 0
 100 O    1     2.8169     5.3232   67 O    0 0 0

 101 O    1     1.9892     3.7591  128 TI   0 0 0
 101 O    1     2.0391     3.8534  119 TI   0 0 0
 101 O    1     2.7573     5.2105   74 O    0 0 0
 101 O    1     2.7646     5.2243   23 BA   0 0 0
 101 O    1     2.7712     5.2368   77 O    0 0 0
 101 O    1     2.7799     5.2533   47 O    0 0 0

 102 O    1     1.9745     3.7313  120 TI   0 0 0
 102 O    1     2.0041     3.7871  129 TI   0 0 0
 102 O    1     2.7660     5.2269   48 O    0 0 0
 102 O    1     2.7746     5.2432   21 BA   0 0 0
 102 O    1     2.7846     5.2622   75 O    0 0 0
 102 O    1     2.7984     5.2883   24 BA   0 0 0

 103 O    1     2.0113     3.8009  130 TI   0 0 0
 103 O    1     2.0135     3.8049  121 TI   0 0 0
 103 O    1     2.7478     5.1927   40 O    0 0 0
 103 O    1     2.7592     5.2141   49 O    0 0 0
 103 O    1     2.7695     5.2335   67 O    0 0 0
 103 O    1     2.7725     5.2392   76 O    0 0 0

 104 O    1     1.9810     3.7435  122 TI   0 0 0
 104 O    1     1.9905     3.7614  131 TI   0 0 0
 104 O    1     2.7623     5.2201   41 O    0 0 0
 104 O    1     2.7819     5.2570   68 O    0 0 0
 104 O    1     2.7824     5.2580   23 BA   0 0 0
 104 O    1     2.7873     5.2672   50 O    0 0 0

 105 O    1     1.9275     3.6425  123 TI   0 0 0
 105 O    1     1.9913     3.7631  132 TI   0 0 0
 105 O    1     2.7813     5.2560   42 O    0 0 0
 105 O    1     2.7823     5.2577   72 O    0 0 0
 105 O    1     2.7941     5.2801   81 O    0 0 0
 105 O    1     2.7960     5.2837   69 O    0 0 0

 106 O    1     1.9506     3.6861  124 TI   0 0 0
 106 O    1     2.0537     3.8810  133 TI   0 0 0
 106 O    1     2.7491     5.1951   19 BA   0 1 0
 106 O    1     2.7751     5.2442   73 O    0 1 0
 106 O    1     2.7831     5.2592   70 O    0 0 0
 106 O    1     2.7866     5.2658   52 O    0 0 0

 107 O    1     2.0163     3.8102  134 TI   0 0 0
 107 O    1     2.0361     3.8478  125 TI   0 0 0
 107 O    1     2.7368     5.1719   20 BA   0 1 0
 107 O    1     2.7455     5.1882   26 BA   0 0 0
 107 O    1     2.7628     5.2210   74 O    0 1 0
 107 O    1     2.7732     5.2406   65 O    0 1 0

 108 O    1     1.9822     3.7458  126 TI   0 0 0
 108 O    1     2.0429     3.8606  135 TI   0 0 0
 108 O    1     2.7397     5.1773   45 O    0 0 0
 108 O    1     2.7510     5.1987   66 O    0 1 0
 108 O    1     2.7674     5.2295   27 BA   0 0 0
 108 O    1     2.7705     5.2354   72 O    0 0 0

 109 TI   1     1.8309     3.4599   28 O    0 0 0
 109 TI   1     1.9444     3.6744   91 O    0 0 0
 109 TI   1     1.9544     3.6932   58 O    0 0 0
 109 TI   1     2.0059     3.7905   82 O    0 0 0
 109 TI   1     2.0217     3.8204   55 O    0 0 0
 109 TI   1     2.2978     4.3423   30 O    0 0-1

 110 TI   1     1.8577     3.5105   29 O    0 0 0
 110 TI   1     1.9621     3.7079   59 O    0 0 0
 110 TI   1     2.0019     3.7830   92 O    0 0 0
 110 TI   1     2.0319     3.8398   83 O    0 0 0
 110 TI   1     2.0395     3.8541   56 O    0 0 0
 110 TI   1     2.2439     4.2404   28 O    0 0 0

 111 TI   1     1.7751     3.3545   30 O    0 0 0
 111 TI   1     1.9204     3.6291   84 O    0 0 0
 111 TI   1     2.0181     3.8137   57 O    0 0 0
 111 TI   1     2.0228     3.8225   60 O    0 0 0
 111 TI   1     2.0303     3.8368   93 O    0 0 0
 111 TI   1     2.2712     4.2920   29 O    0 0 0

 112 TI   1     1.8278     3.4540   31 O    0 0 0
 112 TI   1     1.9262     3.6400   94 O    0 0 0
 112 TI   1     1.9795     3.7407   58 O    0 0 0
 112 TI   1     2.0466     3.8675   85 O    0 0 0
 112 TI   1     2.0579     3.8889   61 O    0 0 0
 112 TI   1     2.2452     4.2427   33 O    0 0-1

 113 TI   1     1.7406     3.2892   32 O    0 0 0
 113 TI   1     1.9583     3.7007   86 O    0 0 0
 113 TI   1     1.9789     3.7396   59 O    0 0 0
 113 TI   1     2.0210     3.8191   62 O    0 0 0
 113 TI   1     2.0230     3.8230   95 O    0 0 0
 113 TI   1     2.2969     4.3406   31 O    0 0 0

 114 TI   1     1.8627     3.5199   33 O    0 0 0
 114 TI   1     1.9268     3.6411   60 O    0 0 0
 114 TI   1     2.0157     3.8092   87 O    0 0 0
 114 TI   1     2.0368     3.8489   96 O    0 0 0
 114 TI   1     2.0461     3.8665   63 O    0 0 0
 114 TI   1     2.3034     4.3527   32 O    0 0 0

 115 TI   1     1.8452     3.4869   34 O    0 0 0
 115 TI   1     1.9382     3.6627   97 O    0 0 0
 115 TI   1     1.9605     3.7048   55 O    0 1 0
 115 TI   1     1.9721     3.7267   88 O    0 0 0
 115 TI   1     1.9821     3.7456   61 O    0 0 0
 115 TI   1     2.2244     4.2034   36 O    0 0-1

 116 TI   1     1.8383     3.4738   35 O    0 0 0
 116 TI   1     1.9581     3.7004   89 O    0 0 0
 116 TI   1     1.9730     3.7285   56 O    0 1 0
 116 TI   1     1.9785     3.7389   62 O    0 0 0
 116 TI   1     1.9963     3.7725   98 O    0 0 0
 116 TI   1     2.2399     4.2329   34 O    0 0 0

 117 TI   1     1.8445     3.4856   36 O    0 0 0
 117 TI   1     1.9252     3.6382   57 O    0 1 0
 117 TI   1     1.9399     3.6658   90 O    0 0 0
 117 TI   1     1.9997     3.7788   63 O    0 0 0
 117 TI   1     2.0000     3.7795   99 O    0 0 0
 117 TI   1     2.2860     4.3199   35 O    0 0 0

 118 TI   1     1.8298     3.4579   37 O    0 0 0
 118 TI   1     1.9450     3.6755   64 O    0 0 0
 118 TI   1     1.9747     3.7316  100 O    0 0 0
 118 TI   1     2.0118     3.8018   91 O    0 0 0
 118 TI   1     2.0450     3.8646   67 O    0 0 0
 118 TI   1     2.2256     4.2057   39 O    0 0-1

 119 TI   1     1.8510     3.4978   38 O    0 0 0
 119 TI   1     1.9573     3.6988   92 O    0 0 0
 119 TI   1     2.0031     3.7853   68 O    0 0 0
 119 TI   1     2.0130     3.8040   65 O    0 0 0
 119 TI   1     2.0391     3.8534  101 O    0 0 0
 119 TI   1     2.2431     4.2389   37 O    0 0 0

 120 TI   1     1.8822     3.5568   39 O    0 0 0
 120 TI   1     1.9660     3.7152   69 O    0 0 0
 120 TI   1     1.9745     3.7313  102 O    0 0 0
 120 TI   1     1.9978     3.7754   93 O    0 0 0
 120 TI   1     2.0387     3.8526   66 O    0 0 0
 120 TI   1     2.2468     4.2459   38 O    0 0 0

 121 TI   1     1.7788     3.3614   40 O    0 0 0
 121 TI   1     1.9486     3.6822   67 O    0 0 0
 121 TI   1     2.0023     3.7838   94 O    0 0 0
 121 TI   1     2.0135     3.8049  103 O    0 0 0
 121 TI   1     2.0479     3.8700   70 O    0 0 0
 121 TI   1     2.2984     4.3434   42 O    0 0-1

 122 TI   1     1.8195     3.4384   41 O    0 0 0
 122 TI   1     1.9590     3.7021   68 O    0 0 0
 122 TI   1     1.9668     3.7167   95 O    0 0 0
 122 TI   1     1.9676     3.7182   71 O    0 0 0
 122 TI   1     1.9810     3.7435  104 O    0 0 0
 122 TI   1     2.2576     4.2662   40 O    0 0 0

 123 TI   1     1.8204     3.4401   42 O    0 0 0
 123 TI   1     1.9275     3.6425  105 O    0 0 0
 123 TI   1     1.9883     3.7573   96 O    0 0 0
 123 TI   1     1.9890     3.7587   69 O    0 0 0
 123 TI   1     2.0082     3.7949   72 O    0 0 0
 123 TI   1     2.3040     4.3540   41 O    0 0 0

 124 TI   1     1.8254     3.4495   43 O    0 0 0
 124 TI   1     1.9420     3.6698   70 O    0 0 0
 124 TI   1     1.9506     3.6861  106 O    0 0 0
 124 TI   1     2.0215     3.8200   64 O    0 1 0
 124 TI   1     2.0390     3.8532   97 O    0 0 0
 124 TI   1     2.2880     4.3238   45 O    0 0-1

 125 TI   1     1.8014     3.4041   44 O    0 0 0
 125 TI   1     1.9859     3.7528   98 O    0 0 0
 125 TI   1     1.9936     3.7674   65 O    0 1 0
 125 TI   1     1.9968     3.7734   71 O    0 0 0
 125 TI   1     2.0361     3.8478  107 O    0 0 0
 125 TI   1     2.3141     4.3730   43 O    0 0 0

 126 TI   1     1.7764     3.3570   45 O    0 0 0
 126 TI   1     1.9558     3.6959   72 O    0 0 0
 126 TI   1     1.9734     3.7292   99 O    0 0 0
 126 TI   1     1.9822     3.7458  108 O    0 0 0
 126 TI   1     1.9832     3.7477   66 O    0 1 0
 126 TI   1     2.2733     4.2959   44 O    0 0 0

 127 TI   1     1.8464     3.4892   46 O    0 0 0
 127 TI   1     1.9903     3.7610   73 O    0 0 0
 127 TI   1     1.9941     3.7684  100 O    0 0 0
 127 TI   1     2.0181     3.8136   82 O    1 0 0
 127 TI   1     2.0479     3.8699   76 O    0 0 0
 127 TI   1     2.2660     4.2821   48 O    0 0-1

 128 TI   1     1.8607     3.5163   47 O    0 0 0
 128 TI   1     1.9139     3.6167   83 O    1 0 0
 128 TI   1     1.9777     3.7372   77 O    0 0 0
 128 TI   1     1.9805     3.7426   74 O    0 0 0
 128 TI   1     1.9892     3.7591  101 O    0 0 0
 128 TI   1     2.2333     4.2204   46 O    0 0 0

 129 TI   1     1.8244     3.4477   48 O    0 0 0
 129 TI   1     1.9546     3.6936   75 O    0 0 0
 129 TI   1     1.9960     3.7718   78 O    0 0 0
 129 TI   1     2.0041     3.7871  102 O    0 0 0
 129 TI   1     2.0120     3.8021   84 O    1 0 0
 129 TI   1     2.2480     4.2482   47 O    0 0 0

 130 TI   1     1.7656     3.3365   49 O    0 0 0
 130 TI   1     1.9444     3.6744   85 O    1 0 0
 130 TI   1     1.9699     3.7226   79 O    0 0 0
 130 TI   1     1.9836     3.7484   76 O    0 0 0
 130 TI   1     2.0113     3.8009  103 O    0 0 0
 130 TI   1     2.2828     4.3139   51 O    0 0-1

 131 TI   1     1.8019     3.4050   50 O    0 0 0
 131 TI   1     1.9843     3.7497   77 O    0 0 0
 131 TI   1     1.9905     3.7614  104 O    0 0 0
 131 TI   1     2.0340     3.8436   86 O    1 0 0
 131 TI   1     2.0480     3.8702   80 O    0 0 0
 131 TI   1     2.2727     4.2948   49 O    0 0 0

 132 TI   1     1.8187     3.4369   51 O    0 0 0
 132 TI   1     1.9736     3.7296   81 O    0 0 0
 132 TI   1     1.9870     3.7549   87 O    1 0 0
 132 TI   1     1.9913     3.7631  105 O    0 0 0
 132 TI   1     1.9999     3.7792   78 O    0 0 0
 132 TI   1     2.3357     4.4139   50 O    0 0 0

 133 TI   1     1.8070     3.4148   52 O    0 0 0
 133 TI   1     1.9496     3.6842   73 O    0 1 0
 133 TI   1     1.9873     3.7555   88 O    1 0 0
 133 TI   1     2.0090     3.7964   79 O    0 0 0
 133 TI   1     2.0537     3.8810  106 O    0 0 0
 133 TI   1     2.2518     4.2554   54 O    0 0-1

 134 TI   1     1.8229     3.4447   53 O    0 0 0
 134 TI   1     1.9615     3.7067   89 O    1 0 0
 134 TI   1     1.9676     3.7183   74 O    0 1 0
 134 TI   1     1.9867     3.7542   80 O    0 0 0
 134 TI   1     2.0163     3.8102  107 O    0 0 0
 134 TI   1     2.3143     4.3733   52 O    0 0 0

 135 TI   1     1.8281     3.4546   54 O    0 0 0
 135 TI   1     1.9922     3.7648   81 O    0 0 0
 135 TI   1     2.0089     3.7963   90 O    1 0 0
 135 TI   1     2.0249     3.8264   75 O    0 1 0
 135 TI   1     2.0429     3.8606  108 O    0 0 0
 135 TI   1     2.2548     4.2610   53 O    0 0 0


 SYMMETRY ALLOWED INTERNAL DEGREE(S) OF FREEDOM: 402
 TTTTTTTTTTTTTTTTTTTTTTTTTTTTTT SYMM        TELAPSE        3.48 TCPU        3.41
 TTTTTTTTTTTTTTTTTTTTTTTTTTTTTT INT_SCREEN  TELAPSE        3.58 TCPU        3.51

 DFT PARAMETERS

     ATOM       ELECTRONS   NET CHARGE   R(ANGSTROM)
   1 256  BA     10.0000      0.0000     2.24000000
  28   8  O       8.0000      0.0000     0.74000000
 109  22  TI     22.0000      0.0000     1.47000000

 SIZE OF GRID=    2837984
 TTTTTTTTTTTTTTTTTTTTTTTTTTTTTT MAKE_GRID2  TELAPSE       45.69 TCPU       45.61
 BECKE WEIGHT FUNCTION
 RADSAFE =     2.00
 TOLERANCES - DENSITY:10**- 6; POTENTIAL:10**- 9; GRID WGT:10**-14

 RADIAL INTEGRATION  - INTERVALS (POINTS,UPPER LIMIT):            1( 75,  4.0*R)

 ANGULAR INTEGRATION - INTERVALS (ACCURACY LEVEL [N. POINTS] UPPER LIMIT):
  1(  4[  86]   0.2)  2(  8[ 194]   0.5)  3( 12[ 350]   0.9)  4( 16[ 974]   3.5)
  5( 12[ 350]9999.0)
 TTTTTTTTTTTTTTTTTTTTTTTTTTTTTT INT_CALC    TELAPSE       45.80 TCPU       45.73
 EEEEEEEEEE INT_CALC TERMINATION  DATE 25 03 2026 TIME 17:17:36.7

 *******************************************************************************
 converted and standardized from ase Atoms() object for Ba27Ti27O81 in space grou
 CRYSTAL - SCF - TYPE OF CALCULATION :  RESTRICTED CLOSED SHELL
 *******************************************************************************

 CAPPA:IS1  2;IS2  2;IS3  2; K PTS MONK NET   8; SYMMOPS:K SPACE   2;G SPACE   1

 TTTTTTTTTTTTTTTTTTTTTTTTTTTTTT SDIK        TELAPSE       48.25 TCPU       48.17

 AAAAAAAAAAAAAAAAAAAAAAAAAAAAAAAAAAAAAAAAAAAAAAAAAAAAAAAAAAAAAAAAAAAAAAAAAAAAAAA
         ATOMIC WAVEFUNCTION(S)


 NUCLEAR CHARGE 10.0  SYMMETRY SPECIES            S    P
 N. ELECTRONS   10.0  NUMBER OF PRIMITIVE GTOS    5    5
                      NUMBER OF CONTRACTED GTOS   3    2
                      NUMBER OF CLOSED SHELLS     2    1
                      OPEN SHELL OCCUPATION       0    0

  ZNUC  SCFIT    TOTAL HF ENERGY   KINETIC ENERGY   VIRIAL THEOREM             ACCURACY
  10.0     4    -2.474305552E+01  8.075374960E+00 -4.064013205E+00  1.0E-06

 NUCLEAR CHARGE  8.0  SYMMETRY SPECIES            S    P
 N. ELECTRONS    8.0  NUMBER OF PRIMITIVE GTOS   10    6
                      NUMBER OF CONTRACTED GTOS   4    3
                      NUMBER OF CLOSED SHELLS     2    0
                      OPEN SHELL OCCUPATION       0    4

  ZNUC  SCFIT    TOTAL HF ENERGY   KINETIC ENERGY   VIRIAL THEOREM             ACCURACY
   8.0    13    -7.480154908E+01  7.478929754E+01 -2.000163814E+00  2.2E-06

 NUCLEAR CHARGE 22.0  SYMMETRY SPECIES            S    P    D
 N. ELECTRONS   22.0  NUMBER OF PRIMITIVE GTOS   17   11    6
                      NUMBER OF CONTRACTED GTOS   6    4    3
                      NUMBER OF CLOSED SHELLS     4    2    0
                      OPEN SHELL OCCUPATION       0    0    2

  ZNUC  SCFIT    TOTAL HF ENERGY   KINETIC ENERGY   VIRIAL THEOREM             ACCURACY
  22.0    51    -8.483283897E+02  8.486954851E+02 -1.999567459E+00  4.0E-06

 AAAAAAAAAAAAAAAAAAAAAAAAAAAAAAAAAAAAAAAAAAAAAAAAAAAAAAAAAAAAAAAAAAAAAAAAAAAAAAA

 CHARGE NORMALIZATION FACTOR   1.00000000
 TOTAL ATOMIC CHARGES:
  10.0000000  10.0000000  10.0000000  10.0000000  10.0000000  10.0000000
  10.0000000  10.0000000  10.0000000  10.0000000  10.0000000  10.0000000
  10.0000000  10.0000000  10.0000000  10.0000000  10.0000000  10.0000000
  10.0000000  10.0000000  10.0000000  10.0000000  10.0000000  10.0000000
  10.0000000  10.0000000  10.0000000   8.0000000   8.0000000   8.0000000
   8.0000000   8.0000000   8.0000000   8.0000000   8.0000000   8.0000000
   8.0000000   8.0000000   8.0000000   8.0000000   8.0000000   8.0000000
   8.0000000   8.0000000   8.0000000   8.0000000   8.0000000   8.0000000
   8.0000000   8.0000000   8.0000000   8.0000000   8.0000000   8.0000000
   8.0000000   8.0000000   8.0000000   8.0000000   8.0000000   8.0000000
   8.0000000   8.0000000   8.0000000   8.0000000   8.0000000   8.0000000
   8.0000000   8.0000000   8.0000000   8.0000000   8.0000000   8.0000000
   8.0000000   8.0000000   8.0000000   8.0000000   8.0000000   8.0000000
   8.0000000   8.0000000   8.0000000   8.0000000   8.0000000   8.0000000
   8.0000000   8.0000000   8.0000000   8.0000000   8.0000000   8.0000000
   8.0000000   8.0000000   8.0000000   8.0000000   8.0000000   8.0000000
   8.0000000   8.0000000   8.0000000   8.0000000   8.0000000   8.0000000
   8.0000000   8.0000000   8.0000000   8.0000000   8.0000000   8.0000000
  22.0000000  22.0000000  22.0000000  22.0000000  22.0000000  22.0000000
  22.0000000  22.0000000  22.0000000  22.0000000  22.0000000  22.0000000
  22.0000000  22.0000000  22.0000000  22.0000000  22.0000000  22.0000000
  22.0000000  22.0000000  22.0000000  22.0000000  22.0000000  22.0000000
  22.0000000  22.0000000  22.0000000
 TTTTTTTTTTTTTTTTTTTTTTTTTTTTTT MOQGAD      TELAPSE       48.37 TCPU       48.29
 TTTTTTTTTTTTTTTTTTTTTTTTTTTTTT SHELLXN     TELAPSE      409.88 TCPU      409.77
 TTTTTTTTTTTTTTTTTTTTTTTTTTTTTT MONMO3      TELAPSE      422.63 TCPU      422.52
 NUMERICALLY INTEGRATED DENSITY   1511.9954372942
 TTTTTTTTTTTTTTTTTTTTTTTTTTTTTT NUMDFT      TELAPSE      439.37 TCPU      439.26
 CYC   0 ETOT(AU) -2.971195160736E+04 DETOT -2.97E+04 tst  0.00E+00 PX  1.00E+00
 TTTTTTTTTTTTTTTTTTTTTTTTTTTTTT DIIS        TELAPSE      439.65 TCPU      439.54
 TTTTTTTTTTTTTTTTTTTTTTTTTTTTTT FDIK        TELAPSE      455.48 TCPU      455.16
 INSULATING STATE
 TOP OF VALENCE BANDS -    BAND    756; K    8; EIG -3.4808000E-01 AU
 TOP OF VALENCE BANDS -    BAND    756; K    1; EIG -3.5228184E-01 AU
 BOTTOM OF VIRTUAL BANDS - BAND    757; K    1; EIG -8.3368319E-02 AU
 INDIRECT ENERGY BAND GAP:   7.2032 eV
 TTTTTTTTTTTTTTTTTTTTTTTTTTTTTT PDIG        TELAPSE      458.06 TCPU      457.73
 CHARGE NORMALIZATION FACTOR   1.00000000
 TOTAL ATOMIC CHARGES:
   8.1570295   8.1589218   8.1632309   8.1675584   8.1651216   8.1629882
   8.1676451   8.1626817   8.1671283   8.1693208   8.1659671   8.1672079
   8.1653159   8.1609323   8.1662834   8.1713403   8.1662484   8.1609328
   8.1711503   8.1690395   8.1721757   8.1657494   8.1678283   8.1639729
   8.1668608   8.1655650   8.1662566   9.4560336   9.4707910   9.4426857
   9.4658450   9.4212644   9.4706962   9.4620305   9.4620772   9.4614330
   9.4586033   9.4661829   9.4744717   9.4405420   9.4606750   9.4613866
   9.4622569   9.4509451   9.4429718   9.4621460   9.4663731   9.4603545
   9.4358193   9.4568480   9.4575098   9.4563848   9.4564733   9.4605714
   9.4792811   9.4824994   9.4723137   9.4753834   9.4774810   9.4754784
   9.4848945   9.4797841   9.4864631   9.4784721   9.4792720   9.4858659
   9.4792900   9.4793987   9.4750175   9.4799014   9.4754230   9.4751329
   9.4763310   9.4784484   9.4788111   9.4842854   9.4779664   9.4801561
   9.4781359   9.4831573   9.4788318   9.4818169   9.4759652   9.4717356
   9.4769120   9.4811502   9.4833798   9.4735316   9.4737093   9.4761459
   9.4783472   9.4753459   9.4858542   9.4709503   9.4808710   9.4856888
   9.4816209   9.4776829   9.4760911   9.4813686   9.4851817   9.4784667
   9.4854704   9.4781320   9.4698899   9.4789857   9.4879396   9.4839032
  19.4104766  19.3698567  19.4306751  19.4077821  19.4534948  19.3767158
  19.4543551  19.4367169  19.4374280  19.4112373  19.3933839  19.3944669
  19.4189590  19.4455060  19.4270018  19.4216992  19.4158408  19.4777478
  19.3742247  19.4347312  19.4159648  19.4806829  19.4008018  19.4077541
  19.4165657  19.4206970  19.3737970
 TTTTTTTTTTTTTTTTTTTTTTTTTTTTTT MOQGAD      TELAPSE      458.12 TCPU      457.79
 TTTTTTTTTTTTTTTTTTTTTTTTTTTTTT SHELLXN     TELAPSE      839.92 TCPU      839.53
 TTTTTTTTTTTTTTTTTTTTTTTTTTTTTT MONMO3      TELAPSE      852.51 TCPU      852.12
 NUMERICALLY INTEGRATED DENSITY   1511.9953649462
 TTTTTTTTTTTTTTTTTTTTTTTTTTTTTT NUMDFT      TELAPSE      869.71 TCPU      869.31
 CYC   1 ETOT(AU) -2.970518899937E+04 DETOT  6.76E+00 tst  0.00E+00 PX  1.00E+00
 TTTTTTTTTTTTTTTTTTTTTTTTTTTTTT DIIS        TELAPSE      873.93 TCPU      873.53
 DIIS TEST: 0.75883E+02 AT SCF   CYCLE   1 - MIX   80 %
 TTTTTTTTTTTTTTTTTTTTTTTTTTTTTT FDIK        TELAPSE      889.84 TCPU      889.36
 INSULATING STATE
 TOP OF VALENCE BANDS -    BAND    756; K    8; EIG -2.5939008E-01 AU
 TOP OF VALENCE BANDS -    BAND    756; K    1; EIG -2.6644801E-01 AU
 BOTTOM OF VIRTUAL BANDS - BAND    757; K    1; EIG -1.0226247E-01 AU
 INDIRECT ENERGY BAND GAP:   4.2757 eV
 TTTTTTTTTTTTTTTTTTTTTTTTTTTTTT PDIG        TELAPSE      892.42 TCPU      891.93
 CHARGE NORMALIZATION FACTOR   1.00000000
 TOTAL ATOMIC CHARGES:
   8.2514136   8.2523562   8.2533885   8.2550879   8.2531719   8.2521653
   8.2563188   8.2531311   8.2545561   8.2543903   8.2554073   8.2564975
   8.2543347   8.2515554   8.2549154   8.2556517   8.2541576   8.2525044
   8.2557897   8.2565363   8.2580124   8.2550315   8.2538535   8.2554056
   8.2533899   8.2543278   8.2543025   9.1980121   9.1993313   9.1743641
   9.1957433   9.1614640   9.1981462   9.2101706   9.2056586   9.2029886
   9.2048324   9.2014283   9.2116270   9.1778070   9.1959651   9.1922089
   9.2006074   9.1803640   9.1834134   9.1907682   9.2149949   9.1966099
   9.1810248   9.1848694   9.1828649   9.1845122   9.1970881   9.1916222
   9.2408173   9.2393739   9.2313666   9.2334446   9.2287050   9.2248589
   9.2353661   9.2340345   9.2395359   9.2313380   9.2336666   9.2329387
   9.2318916   9.2356709   9.2379320   9.2303422   9.2334722   9.2345315
   9.2329448   9.2320469   9.2280294   9.2354533   9.2336042   9.2394789
   9.2370135   9.2342339   9.2294407   9.2422287   9.2280824   9.2291116
   9.2384968   9.2327166   9.2353181   9.2388974   9.2310662   9.2360772
   9.2298123   9.2296313   9.2352817   9.2278332   9.2414070   9.2328444
   9.2339596   9.2368359   9.2358173   9.2259667   9.2371985   9.2326152
   9.2340848   9.2326417   9.2329224   9.2300833   9.2401270   9.2335378
  20.0757386  20.0629315  20.0812082  20.0865954  20.0922098  20.0821580
  20.0922743  20.0905705  20.0910741  20.0636435  20.0776361  20.0813959
  20.0853689  20.0854764  20.0844832  20.0913488  20.1045910  20.1098311
  20.0750258  20.0729620  20.0767196  20.1117097  20.0890474  20.0860680
  20.0875779  20.0851280  20.0649594
 TTTTTTTTTTTTTTTTTTTTTTTTTTTTTT MOQGAD      TELAPSE      892.48 TCPU      891.99
 TTTTTTTTTTTTTTTTTTTTTTTTTTTTTT SHELLXN     TELAPSE     1273.50 TCPU     1272.86
 TTTTTTTTTTTTTTTTTTTTTTTTTTTTTT MONMO3      TELAPSE     1286.15 TCPU     1285.52
 NUMERICALLY INTEGRATED DENSITY   1511.9945538118
 TTTTTTTTTTTTTTTTTTTTTTTTTTTTTT NUMDFT      TELAPSE     1303.43 TCPU     1302.79
 CYC   2 ETOT(AU) -2.971620857501E+04 DETOT -1.10E+01 tst  3.89E-03 PX  6.94E-02
 TTTTTTTTTTTTTTTTTTTTTTTTTTTTTT DIIS        TELAPSE     1307.97 TCPU     1307.34
 DIIS TEST: 0.14313E+02 AT SCF   CYCLE   2 - DIIS ACTIVE - HISTORY:     2 CYCLES
 TTTTTTTTTTTTTTTTTTTTTTTTTTTTTT FDIK        TELAPSE     1323.74 TCPU     1323.07
 INSULATING STATE
 TOP OF VALENCE BANDS -    BAND    756; K    8; EIG -1.5260194E-01 AU
 TOP OF VALENCE BANDS -    BAND    756; K    1; EIG -1.5932825E-01 AU
 BOTTOM OF VIRTUAL BANDS - BAND    757; K    1; EIG -2.4360694E-02 AU
 INDIRECT ENERGY BAND GAP:   3.4896 eV
 TTTTTTTTTTTTTTTTTTTTTTTTTTTTTT PDIG        TELAPSE     1326.30 TCPU     1325.64
 CHARGE NORMALIZATION FACTOR   1.00000000
 TOTAL ATOMIC CHARGES:
   8.3473433   8.3445955   8.3396107   8.3383906   8.3376047   8.3389001
   8.3390592   8.3418191   8.3388683   8.3351736   8.3398910   8.3415758
   8.3399239   8.3414506   8.3397066   8.3327352   8.3385480   8.3444908
   8.3329616   8.3385962   8.3350701   8.3393771   8.3346231   8.3457450
   8.3361631   8.3413852   8.3393857   9.0491965   9.0568140   9.0481662
   9.0583372   9.0452096   9.0601233   9.0489243   9.0585332   9.0555167
   9.0399865   9.0567933   9.0586851   9.0501374   9.0412080   9.0592919
   9.0544846   9.0729186   9.0568444   9.0560864   9.0446618   9.0518027
   9.0451385   9.0659153   9.0602201   9.0570978   9.0600787   9.0533129
   9.0362533   9.0307869   9.0423858   9.0550488   9.0429483   9.0431897
   9.0303664   9.0347052   9.0250968   9.0323986   9.0409047   9.0182419
   9.0348885   9.0362028   9.0495137   9.0394681   9.0355360   9.0337122
   9.0440800   9.0278590   9.0287157   9.0355770   9.0417141   9.0395474
   9.0375845   9.0293782   9.0416778   9.0436618   9.0271273   9.0328312
   9.0428025   9.0363178   9.0454657   9.0362883   9.0357848   9.0425704
   9.0314687   9.0397533   9.0285503   9.0492845   9.0390109   9.0288610
   9.0309281   9.0441791   9.0338004   9.0362265   9.0232236   9.0352686
   9.0210082   9.0359794   9.0476215   9.0458838   9.0446233   9.0284547
  20.5414377  20.5718006  20.5209463  20.5441345  20.4951115  20.5656527
  20.5004261  20.5176687  20.5057863  20.5651532  20.5815052  20.5699321
  20.5235114  20.5059438  20.5097718  20.5313844  20.5189225  20.4916267
  20.5672573  20.5307519  20.5380969  20.4900852  20.5353242  20.5217164
  20.5394111  20.5305618  20.5828430
 TTTTTTTTTTTTTTTTTTTTTTTTTTTTTT MOQGAD      TELAPSE     1326.36 TCPU     1325.70
 TTTTTTTTTTTTTTTTTTTTTTTTTTTTTT SHELLXN     TELAPSE     1707.42 TCPU     1706.64
 TTTTTTTTTTTTTTTTTTTTTTTTTTTTTT MONMO3      TELAPSE     1720.01 TCPU     1719.23
 NUMERICALLY INTEGRATED DENSITY   1511.9940394336
 TTTTTTTTTTTTTTTTTTTTTTTTTTTTTT NUMDFT      TELAPSE     1737.27 TCPU     1736.49
 CYC   3 ETOT(AU) -2.971860842713E+04 DETOT -2.40E+00 tst  2.29E-03 PX  6.01E-02
 TTTTTTTTTTTTTTTTTTTTTTTTTTTTTT DIIS        TELAPSE     1741.95 TCPU     1741.17
 DIIS TEST: 0.21181E+00 AT SCF   CYCLE   3 - DIIS ACTIVE - HISTORY:     3 CYCLES
 TTTTTTTTTTTTTTTTTTTTTTTTTTTTTT FDIK        TELAPSE     1757.60 TCPU     1756.82
 INSULATING STATE
 TOP OF VALENCE BANDS -    BAND    756; K    8; EIG -1.5335864E-01 AU
 TOP OF VALENCE BANDS -    BAND    756; K    1; EIG -1.6145203E-01 AU
 BOTTOM OF VIRTUAL BANDS - BAND    757; K    1; EIG -6.6878149E-03 AU
 INDIRECT ENERGY BAND GAP:   3.9911 eV
 TTTTTTTTTTTTTTTTTTTTTTTTTTTTTT PDIG        TELAPSE     1760.19 TCPU     1759.40
 CHARGE NORMALIZATION FACTOR   1.00000000
 TOTAL ATOMIC CHARGES:
   8.3482721   8.3474575   8.3438620   8.3427119   8.3418276   8.3427072
   8.3453925   8.3464493   8.3431087   8.3393423   8.3454668   8.3478686
   8.3443332   8.3430413   8.3437536   8.3403544   8.3440458   8.3480130
   8.3395017   8.3439928   8.3426187   8.3450980   8.3390372   8.3491674
   8.3416946   8.3460673   8.3444497   9.0366921   9.0108836   8.9811004
   9.0049614   8.9731339   8.9988376   9.0555926   9.0321147   9.0289374
   9.0694956   9.0288704   9.0301841   8.9995609   9.0165807   8.9855255
   9.0319158   8.9580262   8.9933836   8.9966596   9.0759480   9.0133452
   9.0094053   8.9695813   8.9738080   8.9866122   9.0170519   9.0157123
   9.1164534   9.1125099   9.0967760   9.0882734   9.0777246   9.0651658
   9.0945191   9.0969680   9.1073684   9.1005815   9.0930885   9.0847602
   9.0851097   9.0994334   9.1097697   9.0820112   9.1014556   9.1035288
   9.0950974   9.0959234   9.0869383   9.0866801   9.0917909   9.1099735
   9.1052319   9.0910996   9.0845183   9.1158426   9.0921151   9.0975465
   9.1056896   9.0803039   9.0835236   9.1243116   9.0976655   9.1056670
   9.0916922   9.0971211   9.0911787   9.0848402   9.1092256   9.0833317
   9.0933533   9.1048892   9.1077702   9.0738665   9.1061511   9.1008165
   9.0861071   9.0926157   9.1049425   9.0699112   9.0868338   9.0864335
  20.4209527  20.4145893  20.4483038  20.4608491  20.4772851  20.4774885
  20.4495786  20.4598729  20.4732924  20.3484781  20.4178527  20.4367938
  20.4667706  20.4316550  20.4761858  20.4711258  20.5654792  20.4986587
  20.4553483  20.3797002  20.4385341  20.4942614  20.5077628  20.4981598
  20.4600405  20.4551716  20.3957575
 TTTTTTTTTTTTTTTTTTTTTTTTTTTTTT MOQGAD      TELAPSE     1760.25 TCPU     1759.46
 TTTTTTTTTTTTTTTTTTTTTTTTTTTTTT SHELLXN     TELAPSE     2141.65 TCPU     2140.73
 TTTTTTTTTTTTTTTTTTTTTTTTTTTTTT MONMO3      TELAPSE     2154.41 TCPU     2153.49
 NUMERICALLY INTEGRATED DENSITY   1511.9939423221
 TTTTTTTTTTTTTTTTTTTTTTTTTTTTTT NUMDFT      TELAPSE     2171.63 TCPU     2170.71
 CYC   4 ETOT(AU) -2.971858483156E+04 DETOT  2.36E-02 tst  9.24E-05 PX  2.69E-02
 TTTTTTTTTTTTTTTTTTTTTTTTTTTTTT DIIS        TELAPSE     2177.04 TCPU     2176.12
 DIIS TEST: 0.38253E+00 AT SCF   CYCLE   4 - DIIS ACTIVE - HISTORY:     4 CYCLES
 TTTTTTTTTTTTTTTTTTTTTTTTTTTTTT FDIK        TELAPSE     2193.00 TCPU     2192.08
 INSULATING STATE
 TOP OF VALENCE BANDS -    BAND    756; K    8; EIG -1.4762891E-01 AU
 TOP OF VALENCE BANDS -    BAND    756; K    1; EIG -1.5530153E-01 AU
 BOTTOM OF VIRTUAL BANDS - BAND    757; K    1; EIG -8.1320850E-03 AU
 INDIRECT ENERGY BAND GAP:   3.7959 eV
 TTTTTTTTTTTTTTTTTTTTTTTTTTTTTT PDIG        TELAPSE     2195.57 TCPU     2194.64
 CHARGE NORMALIZATION FACTOR   1.00000000
 TOTAL ATOMIC CHARGES:
   8.3459078   8.3449390   8.3413629   8.3399599   8.3390137   8.3398174
   8.3420674   8.3419469   8.3398922   8.3371447   8.3421950   8.3436093
   8.3422328   8.3413956   8.3409752   8.3365580   8.3393902   8.3435089
   8.3374354   8.3415242   8.3399488   8.3421921   8.3372318   8.3458700
   8.3380644   8.3416743   8.3405340   9.0470628   9.0409871   9.0351511
   9.0388807   9.0345434   9.0466937   9.0579450   9.0613898   9.0577139
   9.0424610   9.0472422   9.0610295   9.0342070   9.0390372   9.0527927
   9.0440713   9.0568611   9.0520695   9.0409594   9.0543822   9.0516053
   9.0430431   9.0487740   9.0411877   9.0368169   9.0570701   9.0333719
   9.0786846   9.0717860   9.0762238   9.0848299   9.0711412   9.0691843
   9.0640141   9.0682005   9.0657426   9.0630257   9.0739396   9.0576617
   9.0707059   9.0740579   9.0852219   9.0658980   9.0722747   9.0735661
   9.0770807   9.0665053   9.0613772   9.0698269   9.0752579   9.0785610
   9.0753663   9.0640854   9.0683252   9.0796981   9.0613415   9.0692467
   9.0814887   9.0694077   9.0755778   9.0795986   9.0726888   9.0790084
   9.0647782   9.0691194   9.0645075   9.0771481   9.0793659   9.0613969
   9.0671613   9.0785049   9.0730936   9.0602995   9.0635604   9.0697163
   9.0603885   9.0703026   9.0818292   9.0736008   9.0781695   9.0639684
  20.4747828  20.4887997  20.4518913  20.4841916  20.4391234  20.5030550
  20.4502129  20.4568324  20.4519167  20.4853577  20.4997152  20.4992380
  20.4676325  20.4532074  20.4438063  20.4795343  20.4585214  20.4476427
  20.4941730  20.4678786  20.4564135  20.4541321  20.4679765  20.4626375
  20.4734057  20.4717152  20.5049529
 TTTTTTTTTTTTTTTTTTTTTTTTTTTTTT MOQGAD      TELAPSE     2195.63 TCPU     2194.70
 TTTTTTTTTTTTTTTTTTTTTTTTTTTTTT SHELLXN     TELAPSE     2576.37 TCPU     2575.33
 TTTTTTTTTTTTTTTTTTTTTTTTTTTTTT MONMO3      TELAPSE     2589.20 TCPU     2588.17
 NUMERICALLY INTEGRATED DENSITY   1511.9939561674
 TTTTTTTTTTTTTTTTTTTTTTTTTTTTTT NUMDFT      TELAPSE     2606.51 TCPU     2605.48
 CYC   5 ETOT(AU) -2.971864132357E+04 DETOT -5.65E-02 tst  2.30E-05 PX  1.46E-02
 TTTTTTTTTTTTTTTTTTTTTTTTTTTTTT DIIS        TELAPSE     2611.36 TCPU     2610.32
 DIIS TEST: 0.32775E-01 AT SCF   CYCLE   5 - DIIS ACTIVE - HISTORY:     5 CYCLES
 TTTTTTTTTTTTTTTTTTTTTTTTTTTTTT FDIK        TELAPSE     2627.17 TCPU     2626.12
 INSULATING STATE
 TOP OF VALENCE BANDS -    BAND    756; K    8; EIG -1.4713200E-01 AU
 TOP OF VALENCE BANDS -    BAND    756; K    1; EIG -1.5486029E-01 AU
 BOTTOM OF VIRTUAL BANDS - BAND    757; K    1; EIG -1.0241606E-02 AU
 INDIRECT ENERGY BAND GAP:   3.7250 eV
 TTTTTTTTTTTTTTTTTTTTTTTTTTTTTT PDIG        TELAPSE     2629.83 TCPU     2628.78
 CHARGE NORMALIZATION FACTOR   1.00000000
 TOTAL ATOMIC CHARGES:
   8.3439739   8.3427692   8.3391010   8.3378180   8.3370449   8.3380061
   8.3396940   8.3406962   8.3380137   8.3346804   8.3400473   8.3418305
   8.3395125   8.3392051   8.3390538   8.3342320   8.3381467   8.3424431
   8.3345006   8.3389851   8.3372352   8.3396893   8.3347504   8.3440974
   8.3360457   8.3404085   8.3389558   9.0508950   9.0452348   9.0241995
   9.0459314   9.0196345   9.0415953   9.0584678   9.0527102   9.0497440
   9.0591092   9.0507515   9.0516740   9.0368190   9.0382951   9.0333280
   9.0546628   9.0291062   9.0362744   9.0378373   9.0642695   9.0399737
   9.0380599   9.0325296   9.0302853   9.0348172   9.0474973   9.0461251
   9.0746756   9.0694000   9.0702704   9.0746857   9.0634641   9.0589391
   9.0632930   9.0661979   9.0645074   9.0665965   9.0677730   9.0516922
   9.0607706   9.0676065   9.0795757   9.0633680   9.0683059   9.0679245
   9.0705371   9.0613597   9.0575014   9.0624212   9.0678167   9.0736631
   9.0715511   9.0611624   9.0651086   9.0787013   9.0596037   9.0647136
   9.0747369   9.0604284   9.0670498   9.0772304   9.0660593   9.0742117
   9.0618004   9.0689697   9.0601545   9.0696841   9.0740777   9.0569254
   9.0625815   9.0743736   9.0696310   9.0575877   9.0628052   9.0670348
   9.0541762   9.0645421   9.0760997   9.0627570   9.0679652   9.0588081
  20.4761773  20.4921353  20.4774728  20.4912258  20.4738564  20.5134690
  20.4639064  20.4798058  20.4780831  20.4580851  20.5011034  20.5030105
  20.4825844  20.4587692  20.4842487  20.4861956  20.5279109  20.4779980
  20.5074051  20.4515323  20.4862233  20.4735214  20.5115173  20.4960384
  20.4923512  20.4851065  20.4866263
 TTTTTTTTTTTTTTTTTTTTTTTTTTTTTT MOQGAD      TELAPSE     2629.89 TCPU     2628.84
 TTTTTTTTTTTTTTTTTTTTTTTTTTTTTT SHELLXN     TELAPSE     3010.07 TCPU     3008.96
 TTTTTTTTTTTTTTTTTTTTTTTTTTTTTT MONMO3      TELAPSE     3022.78 TCPU     3021.66
 NUMERICALLY INTEGRATED DENSITY   1511.9939654245
 TTTTTTTTTTTTTTTTTTTTTTTTTTTTTT NUMDFT      TELAPSE     3040.12 TCPU     3039.01
 CYC   6 ETOT(AU) -2.971864636066E+04 DETOT -5.04E-03 tst  1.99E-06 PX  5.41E-03
 TTTTTTTTTTTTTTTTTTTTTTTTTTTTTT DIIS        TELAPSE     3046.12 TCPU     3045.01
 DIIS TEST: 0.48843E-02 AT SCF   CYCLE   6 - DIIS ACTIVE - HISTORY:     6 CYCLES
 TTTTTTTTTTTTTTTTTTTTTTTTTTTTTT FDIK        TELAPSE     3062.20 TCPU     3061.08
 INSULATING STATE
 TOP OF VALENCE BANDS -    BAND    756; K    8; EIG -1.4728630E-01 AU
 TOP OF VALENCE BANDS -    BAND    756; K    1; EIG -1.5506757E-01 AU
 BOTTOM OF VIRTUAL BANDS - BAND    757; K    1; EIG -1.0721545E-02 AU
 INDIRECT ENERGY BAND GAP:   3.7161 eV
 TTTTTTTTTTTTTTTTTTTTTTTTTTTTTT PDIG        TELAPSE     3064.82 TCPU     3063.70
 CHARGE NORMALIZATION FACTOR   1.00000000
 TOTAL ATOMIC CHARGES:
   8.3442078   8.3428703   8.3390589   8.3378025   8.3369572   8.3378445
   8.3396433   8.3406176   8.3379419   8.3348251   8.3398793   8.3415520
   8.3395721   8.3393308   8.3388561   8.3341914   8.3379948   8.3423806
   8.3343449   8.3387884   8.3368855   8.3396423   8.3346213   8.3440004
   8.3360774   8.3402113   8.3387618   9.0429632   9.0368217   9.0245438
   9.0334015   9.0199033   9.0369965   9.0521920   9.0514300   9.0482189
   9.0470519   9.0445366   9.0516793   9.0274707   9.0316954   9.0363310
   9.0406847   9.0355263   9.0356582   9.0326356   9.0555751   9.0409529
   9.0313121   9.0316099   9.0282206   9.0283102   9.0462424   9.0332088
   9.0748414   9.0695922   9.0699574   9.0744276   9.0624478   9.0577442
   9.0609120   9.0647219   9.0641631   9.0625727   9.0677578   9.0518516
   9.0619972   9.0679643   9.0791020   9.0608176   9.0678065   9.0681923
   9.0703245   9.0611179   9.0574843   9.0627317   9.0678823   9.0739412
   9.0705557   9.0595890   9.0631686   9.0776755   9.0576778   9.0644290
   9.0743423   9.0608181   9.0669109   9.0775271   9.0668362   9.0734672
   9.0606231   9.0662968   9.0597684   9.0688256   9.0734818   9.0565359
   9.0618805   9.0741653   9.0693146   9.0551918   9.0619360   9.0665319
   9.0539015   9.0647279   9.0763334   9.0616224   9.0686521   9.0575412
  20.4870065  20.5011148  20.4764747  20.5049823  20.4717739  20.5226275
  20.4724282  20.4830083  20.4803551  20.4799748  20.5076990  20.5083105
  20.4923219  20.4706104  20.4778134  20.5032856  20.5104201  20.4816403
  20.5124233  20.4691956  20.4810100  20.4833389  20.5059984  20.4971526
  20.4956235  20.4905600  20.5081391
 TTTTTTTTTTTTTTTTTTTTTTTTTTTTTT MOQGAD      TELAPSE     3064.88 TCPU     3063.76
 TTTTTTTTTTTTTTTTTTTTTTTTTTTTTT SHELLXN     TELAPSE     3445.13 TCPU     3443.91
 TTTTTTTTTTTTTTTTTTTTTTTTTTTTTT MONMO3      TELAPSE     3457.85 TCPU     3456.64
 NUMERICALLY INTEGRATED DENSITY   1511.9939656598
 TTTTTTTTTTTTTTTTTTTTTTTTTTTTTT NUMDFT      TELAPSE     3475.10 TCPU     3473.88
 CYC   7 ETOT(AU) -2.971864701489E+04 DETOT -6.54E-04 tst  4.17E-07 PX  1.79E-03
 TTTTTTTTTTTTTTTTTTTTTTTTTTTTTT DIIS        TELAPSE     3480.41 TCPU     3479.19
 DIIS TEST: 0.76112E-03 AT SCF   CYCLE   7 - DIIS ACTIVE - HISTORY:     7 CYCLES
 TTTTTTTTTTTTTTTTTTTTTTTTTTTTTT FDIK        TELAPSE     3496.18 TCPU     3494.95
 INSULATING STATE
 TOP OF VALENCE BANDS -    BAND    756; K    8; EIG -1.4672168E-01 AU
 TOP OF VALENCE BANDS -    BAND    756; K    1; EIG -1.5442402E-01 AU
 BOTTOM OF VIRTUAL BANDS - BAND    757; K    1; EIG -1.0309291E-02 AU
 INDIRECT ENERGY BAND GAP:   3.7120 eV
 TTTTTTTTTTTTTTTTTTTTTTTTTTTTTT PDIG        TELAPSE     3498.75 TCPU     3497.51
 CHARGE NORMALIZATION FACTOR   1.00000000
 TOTAL ATOMIC CHARGES:
   8.3452842   8.3439602   8.3401032   8.3387541   8.3379627   8.3389156
   8.3405190   8.3416136   8.3389208   8.3356664   8.3409100   8.3426205
   8.3405422   8.3403713   8.3399837   8.3349389   8.3389338   8.3434140
   8.3352520   8.3398642   8.3378754   8.3406229   8.3356190   8.3451532
   8.3369109   8.3412385   8.3397359   9.0451014   9.0379339   9.0220519
   9.0382425   9.0194408   9.0373134   9.0545357   9.0510748   9.0476837
   9.0493445   9.0439995   9.0494646   9.0308960   9.0335613   9.0342673
   9.0467473   9.0323033   9.0368015   9.0334827   9.0566353   9.0388320
   9.0356809   9.0319420   9.0279636   9.0297149   9.0454013   9.0361075
   9.0739347   9.0681043   9.0696943   9.0755210   9.0633038   9.0596370
   9.0605365   9.0640420   9.0624292   9.0625184   9.0671842   9.0509546
   9.0619440   9.0674732   9.0792262   9.0612125   9.0670456   9.0673114
   9.0702343   9.0607587   9.0561532   9.0621867   9.0678121   9.0733678
   9.0702826   9.0592884   9.0632129   9.0766523   9.0575383   9.0637258
   9.0748264   9.0607497   9.0672605   9.0760622   9.0659534   9.0735929
   9.0600600   9.0661183   9.0587919   9.0693701   9.0736121   9.0556948
   9.0614919   9.0731525   9.0684785   9.0552630   9.0606779   9.0652326
   9.0538115   9.0639348   9.0757423   9.0637131   9.0688292   9.0579931
  20.4851668  20.5003715  20.4796760  20.4982211  20.4728661  20.5201700
  20.4689476  20.4818155  20.4795232  20.4769194  20.5109099  20.5127617
  20.4874226  20.4667804  20.4809803  20.4929162  20.5158750  20.4778647
  20.5126030  20.4672746  20.4860450  20.4770215  20.5067256  20.4953803
  20.4962741  20.4913974  20.5021820
 TTTTTTTTTTTTTTTTTTTTTTTTTTTTTT MOQGAD      TELAPSE     3498.81 TCPU     3497.57
 TTTTTTTTTTTTTTTTTTTTTTTTTTTTTT SHELLXN     TELAPSE     3879.17 TCPU     3877.85
 TTTTTTTTTTTTTTTTTTTTTTTTTTTTTT MONMO3      TELAPSE     3891.77 TCPU     3890.45
 NUMERICALLY INTEGRATED DENSITY   1511.9939621480
 TTTTTTTTTTTTTTTTTTTTTTTTTTTTTT NUMDFT      TELAPSE     3909.46 TCPU     3907.64
 CYC   8 ETOT(AU) -2.971864710012E+04 DETOT -8.52E-05 tst  8.92E-08 PX  1.19E-03
 TTTTTTTTTTTTTTTTTTTTTTTTTTTTTT DIIS        TELAPSE     3917.48 TCPU     3915.51
 DIIS TEST: 0.18171E-03 AT SCF   CYCLE   8 - DIIS ACTIVE - HISTORY:     8 CYCLES
 TTTTTTTTTTTTTTTTTTTTTTTTTTTTTT FDIK        TELAPSE     3933.85 TCPU     3931.36
 INSULATING STATE
 TOP OF VALENCE BANDS -    BAND    756; K    8; EIG -1.4669413E-01 AU
 TOP OF VALENCE BANDS -    BAND    756; K    1; EIG -1.5444289E-01 AU
 BOTTOM OF VIRTUAL BANDS - BAND    757; K    1; EIG -1.0204899E-02 AU
 INDIRECT ENERGY BAND GAP:   3.7141 eV
 TTTTTTTTTTTTTTTTTTTTTTTTTTTTTT PDIG        TELAPSE     3936.43 TCPU     3933.93
 CHARGE NORMALIZATION FACTOR   1.00000000
 TOTAL ATOMIC CHARGES:
   8.3454041   8.3440505   8.3401959   8.3389112   8.3380754   8.3390148
   8.3407224   8.3417468   8.3390600   8.3358163   8.3410378   8.3427441
   8.3406887   8.3404681   8.3400564   8.3351685   8.3390930   8.3435514
   8.3354152   8.3399594   8.3380031   8.3407720   8.3357157   8.3452318
   8.3371193   8.3413805   8.3398953   9.0450029   9.0388538   9.0238343
   9.0370677   9.0199066   9.0382354   9.0538360   9.0514503   9.0482410
   9.0499271   9.0456962   9.0510997   9.0301903   9.0335870   9.0352113
   9.0449771   9.0334234   9.0361766   9.0336361   9.0575802   9.0401054
   9.0338056   9.0321290   9.0286083   9.0299426   9.0464561   9.0367547
   9.0739033   9.0683770   9.0694551   9.0744631   9.0624606   9.0581901
   9.0607618   9.0642603   9.0631186   9.0629232   9.0671216   9.0510302
   9.0610630   9.0671621   9.0788013   9.0609580   9.0671692   9.0673898
   9.0698792   9.0605325   9.0564750   9.0619598   9.0673205   9.0730210
   9.0702035   9.0593625   9.0631790   9.0769958   9.0575812   9.0637865
   9.0740823   9.0601986   9.0665945   9.0763660   9.0658519   9.0731448
   9.0601736   9.0663900   9.0590963   9.0687992   9.0731173   9.0557627
   9.0613743   9.0733679   9.0685148   9.0552948   9.0610704   9.0657628
   9.0532492   9.0638347   9.0756001   9.0620518   9.0680794   9.0573771
  20.4848882  20.4995724  20.4776685  20.5008331  20.4724244  20.5202537
  20.4699111  20.4822115  20.4797555  20.4748444  20.5075849  20.5086614
  20.4893565  20.4671324  20.4800695  20.4973852  20.5156267  20.4800460
  20.5122163  20.4651164  20.4839288  20.4798424  20.5076059  20.4964373
  20.4954776  20.4897210  20.5023369
 TTTTTTTTTTTTTTTTTTTTTTTTTTTTTT MOQGAD      TELAPSE     3936.49 TCPU     3933.99
 TTTTTTTTTTTTTTTTTTTTTTTTTTTTTT SHELLXN     TELAPSE     4317.98 TCPU     4314.93
 TTTTTTTTTTTTTTTTTTTTTTTTTTTTTT MONMO3      TELAPSE     4330.58 TCPU     4327.53
 NUMERICALLY INTEGRATED DENSITY   1511.9939619390
 TTTTTTTTTTTTTTTTTTTTTTTTTTTTTT NUMDFT      TELAPSE     4347.95 TCPU     4344.90
 CYC   9 ETOT(AU) -2.971864712287E+04 DETOT -2.28E-05 tst  1.01E-08 PX  2.99E-04
 TTTTTTTTTTTTTTTTTTTTTTTTTTTTTT DIIS        TELAPSE     4353.42 TCPU     4350.37
 DIIS TEST: 0.16706E-04 AT SCF   CYCLE   9 - DIIS ACTIVE - HISTORY:     9 CYCLES
 TTTTTTTTTTTTTTTTTTTTTTTTTTTTTT FDIK        TELAPSE     4369.67 TCPU     4366.27
 INSULATING STATE
 TOP OF VALENCE BANDS -    BAND    756; K    8; EIG -1.4668145E-01 AU
 TOP OF VALENCE BANDS -    BAND    756; K    1; EIG -1.5442026E-01 AU
 BOTTOM OF VIRTUAL BANDS - BAND    757; K    1; EIG -1.0270989E-02 AU
 INDIRECT ENERGY BAND GAP:   3.7119 eV
 TTTTTTTTTTTTTTTTTTTTTTTTTTTTTT PDIG        TELAPSE     4372.24 TCPU     4368.83
 CHARGE NORMALIZATION FACTOR   1.00000000
 TOTAL ATOMIC CHARGES:
   8.3453559   8.3440274   8.3401870   8.3388713   8.3380557   8.3389982
   8.3406995   8.3417209   8.3390387   8.3357884   8.3410213   8.3427272
   8.3406660   8.3404453   8.3400389   8.3351428   8.3390663   8.3435155
   8.3354042   8.3399508   8.3380087   8.3407503   8.3357101   8.3452090
   8.3370815   8.3413501   8.3398755   9.0449832   9.0385127   9.0234605
   9.0373543   9.0195782   9.0375949   9.0538694   9.0512724   9.0479996
   9.0497058   9.0451955   9.0505887   9.0303336   9.0331712   9.0348462
   9.0451983   9.0331960   9.0359842   9.0339136   9.0570236   9.0397903
   9.0339257   9.0317891   9.0282936   9.0299827   9.0459177   9.0362779
   9.0739033   9.0684463   9.0693816   9.0743096   9.0623721   9.0580582
   9.0606115   9.0641836   9.0629928   9.0626285   9.0669902   9.0508367
   9.0612078   9.0671360   9.0786652   9.0608941   9.0670481   9.0672298
   9.0697991   9.0604114   9.0564651   9.0619324   9.0672981   9.0731049
   9.0700313   9.0591424   9.0629669   9.0769445   9.0573552   9.0636565
   9.0739805   9.0601392   9.0664861   9.0763698   9.0658253   9.0730591
   9.0600655   9.0661438   9.0588637   9.0686824   9.0730027   9.0557316
   9.0612603   9.0733227   9.0684967   9.0551160   9.0610230   9.0655871
   9.0533015   9.0638798   9.0755662   9.0620013   9.0680035   9.0572570
  20.4849874  20.5001849  20.4784145  20.5005928  20.4730252  20.5210570
  20.4700488  20.4825094  20.4801097  20.4760149  20.5085957  20.5097303
  20.4892728  20.4677918  20.4806106  20.4970179  20.5158436  20.4799119
  20.5120973  20.4662079  20.4842752  20.4795344  20.5078238  20.4969815
  20.4957800  20.4905693  20.5033777
 TTTTTTTTTTTTTTTTTTTTTTTTTTTTTT MOQGAD      TELAPSE     4372.30 TCPU     4368.89
 TTTTTTTTTTTTTTTTTTTTTTTTTTTTTT SHELLXN     TELAPSE     4753.71 TCPU     4750.21
 TTTTTTTTTTTTTTTTTTTTTTTTTTTTTT MONMO3      TELAPSE     4766.44 TCPU     4762.95
 NUMERICALLY INTEGRATED DENSITY   1511.9939621577
 TTTTTTTTTTTTTTTTTTTTTTTTTTTTTT NUMDFT      TELAPSE     4783.68 TCPU     4780.18
 CYC  10 ETOT(AU) -2.971864712504E+04 DETOT -2.17E-06 tst  2.25E-09 PX  2.73E-04
 TTTTTTTTTTTTTTTTTTTTTTTTTTTTTT DIIS        TELAPSE     4790.53 TCPU     4787.04
 DIIS TEST: 0.28982E-05 AT SCF   CYCLE  10 - DIIS ACTIVE - HISTORY:    10 CYCLES
 TTTTTTTTTTTTTTTTTTTTTTTTTTTTTT FDIK        TELAPSE     4806.62 TCPU     4803.10
 INSULATING STATE
 TOP OF VALENCE BANDS -    BAND    756; K    8; EIG -1.4669246E-01 AU
 TOP OF VALENCE BANDS -    BAND    756; K    1; EIG -1.5443301E-01 AU
 BOTTOM OF VIRTUAL BANDS - BAND    757; K    1; EIG -1.0277538E-02 AU
 INDIRECT ENERGY BAND GAP:   3.7120 eV
 TTTTTTTTTTTTTTTTTTTTTTTTTTTTTT PDIG        TELAPSE     4809.19 TCPU     4805.67
 CHARGE NORMALIZATION FACTOR   1.00000000
 TOTAL ATOMIC CHARGES:
   8.3453584   8.3440216   8.3401773   8.3388743   8.3380511   8.3389899
   8.3406944   8.3417156   8.3390254   8.3357898   8.3410132   8.3427215
   8.3406626   8.3404362   8.3400299   8.3351422   8.3390613   8.3435112
   8.3354007   8.3399406   8.3379984   8.3407476   8.3357009   8.3452006
   8.3370807   8.3413441   8.3398639   9.0447974   9.0385178   9.0233980
   9.0370629   9.0196306   9.0378656   9.0537691   9.0512433   9.0480097
   9.0496288   9.0452252   9.0505974   9.0301136   9.0333683   9.0348812
   9.0450688   9.0331139   9.0360831   9.0334426   9.0572083   9.0397260
   9.0338853   9.0318576   9.0283800   9.0297097   9.0460240   9.0364738
   9.0738031   9.0682791   9.0693679   9.0744540   9.0624623   9.0582638
   9.0605761   9.0641163   9.0628976   9.0626991   9.0669955   9.0508591
   9.0611340   9.0671060   9.0787091   9.0608809   9.0670278   9.0672259
   9.0697863   9.0604246   9.0563453   9.0618683   9.0672814   9.0730314
   9.0700638   9.0591928   9.0630378   9.0768444   9.0574080   9.0636393
   9.0740572   9.0601710   9.0665697   9.0762359   9.0657634   9.0730827
   9.0600165   9.0661784   9.0588867   9.0687237   9.0730561   9.0556712
   9.0612558   9.0732302   9.0684163   9.0551238   9.0609136   9.0655322
   9.0532323   9.0637741   9.0755323   9.0621597   9.0680658   9.0573542
  20.4853607  20.5001664  20.4784616  20.5009081  20.4729410  20.5206759
  20.4701671  20.4825659  20.4801333  20.4758055  20.5086205  20.5098493
  20.4895069  20.4675221  20.4806538  20.4970994  20.5160193  20.4800058
  20.5127519  20.4659519  20.4846838  20.4797107  20.5078653  20.4967304
  20.4960994  20.4904690  20.5028562
 TTTTTTTTTTTTTTTTTTTTTTTTTTTTTT MOQGAD      TELAPSE     4809.25 TCPU     4805.73
 TTTTTTTTTTTTTTTTTTTTTTTTTTTTTT SHELLXN     TELAPSE     5190.48 TCPU     5186.87
 TTTTTTTTTTTTTTTTTTTTTTTTTTTTTT MONMO3      TELAPSE     5203.11 TCPU     5199.50
 NUMERICALLY INTEGRATED DENSITY   1511.9939621582
 TTTTTTTTTTTTTTTTTTTTTTTTTTTTTT NUMDFT      TELAPSE     5220.49 TCPU     5216.87
 CYC  11 ETOT(AU) -2.971864712510E+04 DETOT -6.19E-08 tst  2.71E-10 PX  1.26E-04
 TTTTTTTTTTTTTTTTTTTTTTTTTTTTTT DIIS        TELAPSE     5226.20 TCPU     5222.59
 DIIS TEST: 0.69932E-06 AT SCF   CYCLE  11 - DIIS ACTIVE - HISTORY:    11 CYCLES
 TTTTTTTTTTTTTTTTTTTTTTTTTTTTTT FDIK        TELAPSE     5241.86 TCPU     5238.23
 INSULATING STATE
 TOP OF VALENCE BANDS -    BAND    756; K    8; EIG -1.4669488E-01 AU
 TOP OF VALENCE BANDS -    BAND    756; K    1; EIG -1.5443700E-01 AU
 BOTTOM OF VIRTUAL BANDS - BAND    757; K    1; EIG -1.0280135E-02 AU
 INDIRECT ENERGY BAND GAP:   3.7120 eV
 TTTTTTTTTTTTTTTTTTTTTTTTTTTTTT PDIG        TELAPSE     5244.43 TCPU     5240.81
 CHARGE NORMALIZATION FACTOR   1.00000000
 TOTAL ATOMIC CHARGES:
   8.3453556   8.3440211   8.3401764   8.3388705   8.3380518   8.3389909
   8.3406900   8.3417188   8.3390296   8.3357892   8.3410115   8.3427200
   8.3406570   8.3404370   8.3400306   8.3351396   8.3390635   8.3435159
   8.3353930   8.3399384   8.3379942   8.3407417   8.3357013   8.3452016
   8.3370795   8.3413473   8.3398664   9.0448959   9.0384903   9.0234006
   9.0371684   9.0196332   9.0377747   9.0538083   9.0512375   9.0479851
   9.0496642   9.0452150   9.0506536   9.0301992   9.0333026   9.0348801
   9.0450978   9.0331305   9.0360551   9.0336247   9.0571489   9.0397555
   9.0339346   9.0318722   9.0283029   9.0298309   9.0460537   9.0363516
   9.0738225   9.0682835   9.0693694   9.0744467   9.0624402   9.0582088
   9.0605963   9.0641234   9.0629179   9.0626920   9.0670009   9.0508749
   9.0611240   9.0671060   9.0787171   9.0608715   9.0670328   9.0672458
   9.0698113   9.0604315   9.0563509   9.0618913   9.0672800   9.0730032
   9.0700759   9.0591966   9.0630255   9.0768572   9.0574101   9.0636530
   9.0740465   9.0601570   9.0665444   9.0762532   9.0657701   9.0730794
   9.0600424   9.0661865   9.0589078   9.0687406   9.0730514   9.0556531
   9.0612656   9.0732431   9.0684173   9.0551425   9.0609277   9.0655612
   9.0532407   9.0637715   9.0755236   9.0621289   9.0680559   9.0573127
  20.4852382  20.5001765  20.4784059  20.5007428  20.4729555  20.5208625
  20.4701746  20.4825787  20.4801517  20.4757860  20.5085650  20.5097412
  20.4894019  20.4676664  20.4806120  20.4971091  20.5159675  20.4800914
  20.5124503  20.4660785  20.4845307  20.4797526  20.5078533  20.4968123
  20.4958932  20.4904813  20.5030386
 TTTTTTTTTTTTTTTTTTTTTTTTTTTTTT MOQGAD      TELAPSE     5244.49 TCPU     5240.87
 TTTTTTTTTTTTTTTTTTTTTTTTTTTTTT SHELLXN     TELAPSE     5620.71 TCPU     5617.06
 +++ ENERGIES IN A.U. +++
 ::: EXT EL-POLE                                  -3.9321470124179E+04
 ::: EXT EL-SPHEROPOLE                             3.7471299628705E+02
 ::: BIELET ZONE E-E                               4.6947493395371E+04
 ::: TOTAL E-E                                     8.0007362674793E+03
 ::: TOTAL E-N + N-E                              -5.9833553585231E+04
 ::: TOTAL N-N                                    -5.6014251202339E+03
 ::: KINETIC ENERGY                                2.9176894141084E+04
 ::: PSEUDO TOTAL   ENERGY                        -2.8257348296901E+04
 ::: VIRIAL COEFFICIENT                            1.0160104113008E+00
 TTTTTTTTTTTTTTTTTTTTTTTTTTTTTT MONMO3      TELAPSE     5633.76 TCPU     5630.11
 NUMERICALLY INTEGRATED DENSITY   1511.9939621550
 EXCHANGE ENERGY: -0.140331245471E+04  CORRELATION ENERGY: -0.579863732328E+02
 TTTTTTTTTTTTTTTTTTTTTTTTTTTTTT NUMDFT      TELAPSE     5651.28 TCPU     5647.63
 CYC  12 ETOT(AU) -2.971864712484E+04 DETOT  2.56E-07 tst  4.47E-11 PX  1.26E-04

 == SCF ENDED - CONVERGENCE ON ENERGY      E(AU) -2.9718647124844E+04 CYCLES  12


 ENERGY EXPRESSION=HARTREE+FOCK EXCH*0.25000+(PBE        EXCH)*0.75000+PBE        CORR


 TOTAL ENERGY(DFT)(AU)( 12) -2.9718647124844E+04 DE 2.6E-07 tester 4.5E-11
 TTTTTTTTTTTTTTTTTTTTTTTTTTTTTT EDFT        TELAPSE     5651.30 TCPU     5647.65

 *******************************************************************************
 *                             FORCE CALCULATION                               *
 *******************************************************************************

 TTTTTTTTTTTTTTTTTTTTTTTTTTTTTT NUMDFG      TELAPSE     5776.72 TCPU     5773.05
 INFORMATION **** EXCPOG **** EXCH. BIPO BUFFER LENGTH (WORDS) =    90725976
 INFORMATION **** GENPOG **** BIPO BUFFER LENGTH (WORDS) =    12712200
 TTTTTTTTTTTTTTTTTTTTTTTTTTTTTT SHELXG      TELAPSE     7409.26 TCPU     7405.49

 CARTESIAN FORCES IN HARTREE/BOHR (ANALYTICAL)
   ATOM                     X                   Y                   Z
   1 256             5.574541951292E-03 -4.308057023818E-03 -1.019968855623E-03
   2 256             1.376444304000E-04 -7.607984687552E-04  5.352351646740E-03
   3 256            -2.990766954010E-03  5.834511510756E-03 -2.519303081868E-03
   4 256            -3.377143489623E-03  6.183912987697E-03 -2.709918318630E-03
   5 256            -8.538019601265E-04  4.301711979356E-03  3.379975263425E-03
   6 256             2.720768358344E-03 -5.283344042464E-03  4.605754984723E-04
   7 256             1.258730783184E-03 -4.122208967519E-03  4.088312862095E-04
   8 256             7.886988941359E-03  2.370643416055E-03  4.373794371574E-03
   9 256            -2.524225172482E-03  1.497061090236E-03 -6.280501345298E-03
  10 256             9.380965231510E-03  1.282807500331E-03 -6.093464060405E-03
  11 256            -1.137830283566E-03 -5.515796157237E-03 -7.062805732733E-03
  12 256             4.905939143369E-03 -1.934775684047E-03  8.298511634290E-03
  13 256            -4.745979361115E-04  1.999380160359E-03 -6.929473901047E-03
  14 256             1.807148849697E-03 -5.900524824136E-03  7.794795926837E-04
  15 256             1.803188055238E-04  2.538085250620E-03 -2.361463701691E-03
  16 256            -6.943884801525E-03 -5.053010410443E-03  2.711471715672E-04
  17 256             1.109557176019E-03  4.540754287599E-03 -3.070414258807E-03
  18 256            -9.384561951829E-04 -5.943817517523E-03  6.046721935489E-03
  19 256            -1.009375886329E-03 -2.582684355882E-04 -5.761921782554E-03
  20 256             3.955965393247E-03 -1.280005094373E-03  2.573832699356E-03
  21 256            -3.493794728582E-03 -6.688334443821E-03  2.910575674861E-03
  22 256            -3.512634067198E-03 -1.408482858002E-03  1.323239752563E-02
  23 256             4.635910542799E-03  1.349810471135E-03 -8.145152441800E-03
  24 256            -3.720554984088E-03 -1.679660232545E-05 -8.656444496805E-03
  25 256            -6.945401052349E-03  3.632791114255E-03  4.183916133274E-03
  26 256             6.160113665427E-04 -3.755148006365E-03 -2.655222782571E-03
  27 256             9.567252401964E-04 -5.676588409049E-03 -3.552446552969E-03
  28   8            -1.235255028800E-03 -3.380074655183E-03 -3.917297305680E-04
  29   8             6.950629926848E-04 -2.318443532631E-03 -1.698524146554E-02
  30   8            -4.620408460521E-03 -2.815194841519E-03  1.379990098110E-02
  31   8            -1.800548921290E-03  1.478251211027E-03 -1.238507875600E-02
  32   8             6.520212880182E-04  1.481107304570E-03  3.305677170685E-02
  33   8            -2.349819998953E-03 -4.136655626193E-03 -1.581879407342E-02
  34   8            -7.006264330411E-03  5.693766756744E-03  6.704674811724E-04
  35   8            -2.738249496317E-04 -3.994842759573E-03 -2.492860311926E-03
  36   8            -6.450675718406E-03  5.241702890616E-03 -8.739286598279E-03
  37   8             3.222886451680E-03 -3.512142534620E-03  6.188109801512E-03
  38   8             6.009420573572E-03  5.530456573740E-03 -4.451513962174E-03
  39   8             2.061089596167E-03  2.186935661778E-03 -1.186089708602E-02
  40   8            -5.539206101308E-03  6.191560863300E-03  1.243786606217E-02
  41   8             3.091358924674E-03  2.563376122611E-04  6.140688353950E-03
  42   8             5.473351338799E-03 -7.754245659853E-03 -2.300398267832E-03
  43   8             2.010999520759E-03 -1.473509821582E-03  6.589283607950E-04
  44   8            -8.198739571709E-03  7.461661268018E-04 -3.291822296629E-03
  45   8            -2.336808146039E-03 -1.134760751943E-03  2.382704959316E-02
  46   8             3.760147020204E-03 -3.754560919598E-03 -1.778930540846E-02
  47   8             5.995754054716E-03  1.420957175860E-03 -3.874983043669E-03
  48   8             7.872902550574E-03 -4.168309330641E-03  1.875716646964E-04
  49   8             8.893523024643E-04  4.140394140225E-03  2.722965382586E-02
  50   8            -4.532648678630E-03 -3.492506842411E-03  3.853506251732E-03
  51   8            -2.778310904206E-03 -3.887383238123E-03 -1.444341341384E-02
  52   8             7.692723120548E-03  6.478954366629E-04  1.151989342728E-03
  53   8            -2.459251959163E-03  2.336760856965E-03  3.632603604987E-03
  54   8             7.401793412117E-03  1.267468346140E-03 -6.458884469074E-03
  55   8            -5.028373073102E-03  1.146032287458E-02  6.232712137023E-03
  56   8             3.505135679171E-03  1.351883243184E-02  1.719231585869E-03
  57   8            -4.091938553594E-03  1.405925037455E-02  3.460130325830E-04
  58   8             6.801193659385E-03  9.964273017975E-04  9.296243256958E-04
  59   8             4.300420984414E-03 -1.276315598615E-02  8.202227089584E-04
  60   8             1.715925942502E-03  1.124511493428E-03 -3.539054747944E-03
  61   8            -2.995964315611E-03 -1.671849213287E-02  3.118040332414E-03
  62   8             2.524665127056E-03 -3.213592085637E-03  4.202126044211E-03
  63   8             2.882650956778E-04 -1.122546327473E-02 -6.634501623872E-03
  64   8             1.878224995888E-03  5.932567109032E-03 -2.341560504988E-04
  65   8            -6.430233896694E-03  5.727350691641E-03 -4.888520883838E-03
  66   8            -6.460194329771E-04  1.565656605427E-02 -5.731108355570E-03
  67   8            -7.951011200473E-03 -1.606187558187E-03 -2.772157397153E-04
  68   8             2.525775450025E-03 -1.645379187169E-02 -1.210334969515E-03
  69   8             4.129728161784E-03 -3.373294754246E-03  3.780825783542E-03
  70   8            -3.589982428618E-03 -3.810206793693E-03  4.026150810988E-03
  71   8             2.016315178898E-04  1.000328439409E-02 -6.763637905615E-03
  72   8            -1.728885887031E-03 -7.712355602813E-03 -8.264346446113E-03
  73   8             4.258019388956E-03  1.393629799796E-02 -1.904125883293E-03
  74   8             7.530941615653E-03 -1.178476931433E-03 -2.450973029918E-03
  75   8             5.630680511899E-03 -2.479080037127E-03 -1.501659345176E-03
  76   8             3.841686865061E-03 -1.708511669274E-02  2.135373016642E-03
  77   8             8.948217784201E-04  1.048476854944E-02  4.453530524712E-03
  78   8            -1.849606010680E-03  6.822831878276E-03 -1.557917573898E-03
  79   8             4.920070992762E-03  1.170274640731E-02 -1.154796844179E-03
  80   8             4.840215100335E-04 -6.474391616169E-03 -5.532311755316E-03
  81   8            -1.340068050525E-03  9.597566416170E-03 -8.495250896081E-04
  82   8            -9.967991442259E-03 -7.765713838485E-03  3.821103383403E-03
  83   8             1.466517716837E-02 -6.949716068823E-04  2.772293415423E-04
  84   8            -9.192039019672E-03 -3.094324693793E-03  3.089577762512E-03
  85   8             9.619377202131E-03  1.259974778364E-03 -3.914066627242E-04
  86   8            -7.826232041004E-03 -4.474082943867E-03  2.384674576179E-03
  87   8             7.169143249681E-03 -4.154023224526E-04  1.672624662463E-03
  88   8            -1.956600532751E-02  2.816680609753E-04 -7.588426364011E-04
  89   8            -3.953056647630E-03 -9.133064338886E-04 -4.838853410025E-03
  90   8            -1.720897248699E-02  2.771683503759E-03  5.106907656486E-03
  91   8            -3.148372472635E-03  7.208714856652E-03 -2.337800884372E-03
  92   8            -9.929312726361E-03  6.116473379742E-04 -5.281202341632E-03
  93   8            -1.367698158886E-03  3.706080441029E-03 -5.316701649232E-03
  94   8             4.891024839431E-03 -1.582113968511E-03  1.757719305716E-03
  95   8            -8.060325763051E-03  3.335822259495E-04  2.675745731412E-03
  96   8            -1.502462867794E-02 -1.805916875422E-03 -4.380615420515E-03
  97   8             9.494599742619E-03  4.162354454194E-03 -1.000164112067E-03
  98   8             1.051980115189E-02  4.449197116427E-03  4.398330170852E-03
  99   8            -1.241352595782E-03 -3.516108352064E-03 -7.075916700950E-03
 100   8             4.113331791160E-03  6.737053116389E-04  4.741217618121E-03
 101   8            -1.676675295722E-02  2.247510241511E-03 -9.055426791061E-04
 102   8            -1.174555498551E-03  4.826131786041E-03 -3.045961614405E-03
 103   8            -8.141870466871E-03  1.658767519654E-03 -4.675479588598E-03
 104   8             1.224669917601E-02  9.322051300394E-04 -6.077166842412E-03
 105   8             1.206938748805E-02 -3.672042536823E-03 -4.399285987637E-03
 106   8             1.853296380832E-03 -2.118117987596E-03  4.315714127134E-05
 107   8            -3.504829214978E-03 -3.921350502409E-03  5.382194337773E-03
 108   8             2.486340495714E-02 -3.492558385762E-03 -2.163004692778E-03
 109  22             1.414220305550E-03 -8.409929704370E-03  3.339476459232E-03
 110  22            -4.104379230108E-03 -3.604215333583E-03  1.384304629378E-02
 111  22             1.525841433497E-02  7.427587695846E-04 -1.316885934716E-02
 112  22            -8.604831398736E-03  1.806742452541E-02  3.787276258516E-04
 113  22            -2.291455287387E-03  9.037830876984E-03 -3.850232233486E-02
 114  22             8.669864145143E-03  1.188486082221E-02  2.373217238206E-02
 115  22             1.168984673734E-02 -1.479752310118E-02  3.246758369819E-03
 116  22             3.530301675329E-03 -5.502247306007E-03  2.321586086738E-03
 117  22             1.473114974002E-02 -1.425119953328E-02  8.266450920900E-03
 118  22             1.085227110047E-03  3.988920820119E-04 -5.791085427404E-03
 119  22             1.041853878311E-02 -1.659317477852E-03  1.512728274453E-02
 120  22            -1.078994966122E-02 -2.071896777355E-02  1.839850392055E-02
 121  22             2.525174850213E-02  1.182871447251E-03 -1.603123915792E-02
 122  22            -1.580045249442E-03  2.740959309498E-03  1.899378512247E-02
 123  22            -2.182312346444E-02  1.298817192666E-02  5.951651921143E-03
 124  22            -3.202830482403E-03 -5.101227715247E-03  7.878486974590E-03
 125  22             1.080481461028E-02  2.668287069968E-03 -6.100289482295E-03
 126  22             6.076918821730E-03  1.290339453652E-02 -6.584993967861E-03
 127  22            -6.937955668788E-03  1.676555276680E-02  5.571993114486E-03
 128  22            -1.323722899074E-02 -3.306374850263E-03  6.711818831585E-03
 129  22            -1.023423103969E-02  6.071762351988E-04 -1.806430341976E-03
 130  22            -1.403017979121E-02 -6.330988005372E-03 -2.076962054822E-02
 131  22             1.443262029072E-04  1.011991907816E-02  2.402569662167E-03
 132  22             1.528677653602E-02  2.825472500736E-03  6.577227143727E-03
 133  22            -9.253803735224E-03 -9.351506702702E-03  4.825905106295E-03
 134  22            -1.248357085482E-02 -8.837817384126E-03 -1.505681642557E-04
 135  22            -1.545078580840E-02  3.928168726346E-03  2.361258308633E-03

 RESULTANT FORCE    -5.495881527651E-13  4.736034481256E-12  8.109637961162E-12

 SYMMETRY ALLOWED FORCES (ANALYTICAL) (DIRECTION, FORCE)

    1  5.5953038E-03    2 -4.3241020E-03    3 -1.0237676E-03    4  1.7991808E-04
    5 -7.9592357E-04    6  5.3647953E-03    7 -2.9589631E-03    8  5.8183144E-03
    9 -2.4961304E-03   10 -3.3693135E-03   11  6.2132934E-03   12 -2.7064541E-03
   13 -8.6210427E-04   14  4.3714791E-03   15  3.3860779E-03   16  2.7196370E-03
   17 -5.2168995E-03   18  4.8153217E-04   19  1.2730642E-03   20 -4.0918366E-03
   21  4.3333362E-04   22  7.9373517E-03   23  2.3944348E-03   24  4.4172749E-03
   25 -2.4523483E-03   26  1.5363213E-03   27 -6.2442965E-03   28  9.4808271E-03
   29  1.3334542E-03   30 -6.1062687E-03   31 -1.0041453E-03   32 -5.4817975E-03
   33 -7.1285582E-03   34  5.0560117E-03   35 -1.9306372E-03   36  8.2373550E-03
   37 -3.0525752E-04   38  2.0038488E-03   39 -6.9856681E-03   40  1.9833861E-03
   41 -5.9121404E-03   42  6.9757887E-04   43  3.6625160E-04   44  2.5124933E-03
   45 -2.4506354E-03   46 -6.7847581E-03   47 -5.0894056E-03   48  1.7250595E-04
   49  1.2454803E-03   50  4.5019756E-03   51 -3.1817290E-03   52 -8.0066664E-04
   53 -5.9889914E-03   54  5.9472074E-03   55 -8.7876416E-04   56 -3.3039679E-04
   57 -5.8611765E-03   58  4.1005103E-03   59 -1.3594268E-03   60  2.4599949E-03
   61 -3.3460398E-03   62 -6.8032980E-03   63  2.8196967E-03   64 -3.3944434E-03
   65 -1.5600779E-03   66  1.3211933E-02   67  4.7602243E-03   68  1.1966343E-03
   69 -8.1433984E-03   70 -3.5911051E-03   71 -1.6538251E-04   72 -8.7300248E-03
   73 -6.8630757E-03   74  3.4992600E-03   75  4.0895627E-03   76  6.7026509E-04
   77 -3.8905340E-03   78 -2.7435284E-03   79  1.0187304E-03   80 -5.8567077E-03
   81 -3.6701829E-03   82 -1.1739922E-03   83 -3.6039697E-03   84 -5.2887271E-04
   85  7.5438610E-04   86 -2.5711835E-03   87 -1.7205438E-02   88 -4.5791864E-03
   89 -3.0946666E-03   90  1.3562865E-02   91 -1.7896232E-03   92  1.1897569E-03
   93 -1.2617912E-02   94  6.5753244E-04   95  1.2041224E-03   96  3.2922082E-02
   97 -2.3525728E-03   98 -4.4293636E-03   99 -1.5871287E-02  100 -7.0551906E-03
  101  5.4059642E-03  102  5.4303241E-04  103 -3.5937543E-04  104 -4.2771758E-03
  105 -2.6306692E-03  106 -6.5709559E-03  107  4.9629141E-03  108 -8.9350034E-03
  109  3.0851240E-03  110 -3.7850943E-03  111  5.9776468E-03  112  5.9176279E-03
  113  5.2651742E-03  114 -4.6553689E-03  115  2.0101102E-03  116  1.9588470E-03
  117 -1.2151486E-02  118 -5.6090335E-03  119  6.0050061E-03  120  1.2147586E-02
  121  3.0079609E-03  122  1.0184284E-04  123  5.9455511E-03  124  5.4348971E-03
  125 -7.9506037E-03  126 -2.4772057E-03  127  2.0125363E-03  128 -1.7217806E-03
  129  4.7137933E-04  130 -8.2311514E-03  131  4.9124019E-04  132 -3.4958676E-03
  133 -2.4276983E-03  134 -1.3946792E-03  135  2.3734619E-02  136  3.6762878E-03
  137 -4.0447397E-03  138 -1.7849683E-02  139  5.9661025E-03  140  1.1143969E-03
  141 -4.0582233E-03  142  7.9221946E-03  143 -4.4941636E-03  144 -1.8768456E-05
  145  9.8974881E-04  146  3.8107493E-03  147  2.7179864E-02  148 -4.4524766E-03
  149 -3.8223482E-03  150  3.9845154E-03  151 -2.7404211E-03  152 -4.2648045E-03
  153 -1.4373837E-02  154  7.7606820E-03  155  2.4663598E-04  156  1.1430852E-03
  157 -2.3589355E-03  158  1.9487578E-03  159  3.6526354E-03  160  7.5338487E-03
  161  8.9679699E-04  162 -6.4561354E-03  163 -4.8801733E-03  164  1.1164300E-02
  165  6.2343338E-03  166  3.6457870E-03  167  1.3376234E-02  168  1.7707991E-03
  169 -3.9533864E-03  170  1.4090510E-02  171  4.1136478E-04  172  6.9592388E-03
  173  1.1249573E-03  174  1.0040617E-03  175  4.5330417E-03  176 -1.2710148E-02
  177  9.0706822E-04  178  1.9914166E-03  179  1.1014439E-03  180 -3.4691602E-03
  181 -2.7254723E-03  182 -1.6846931E-02  183  3.1861963E-03  184  2.7957581E-03
  185 -3.4790666E-03  186  4.3210336E-03  187  5.8244511E-04  188 -1.1594373E-02
  189 -6.5309856E-03  190  2.1917092E-03  191  5.5218989E-03  192 -1.7707167E-04
  193 -6.1447957E-03  194  5.3935505E-03  195 -4.8670758E-03  196 -4.0723629E-04
  197  1.5472067E-02  198 -5.7857805E-03  199 -7.7716906E-03  200 -1.6912739E-03
  201 -3.7640054E-04  202  2.6678491E-03  203 -1.6674328E-02  204 -1.3220342E-03
  205  4.3240275E-03  206 -3.7458647E-03  207  3.6869149E-03  208 -3.3888193E-03
  209 -4.2433168E-03  210  3.9904119E-03  211  3.7975885E-04  212  9.6118822E-03
  213 -6.8214748E-03  214 -1.5600390E-03  215 -8.0924270E-03  216 -8.4414782E-03
  217  4.4499925E-03  218  1.3600627E-02  219 -2.1652429E-03  220  7.8219952E-03
  221 -1.4163729E-03  222 -2.7517637E-03  223  6.0352620E-03  224 -2.7511823E-03
  225 -1.8400586E-03  226  4.3326111E-03  227 -1.7526720E-02  228  1.7967391E-03
  229  1.4345177E-03  230  9.9801968E-03  231  4.1655110E-03  232 -1.3089293E-03
  233  6.4598592E-03  234 -1.8259907E-03  235  5.4977551E-03  236  1.1497494E-02
  237 -1.4516076E-03  238  1.1206261E-03  239 -6.6369674E-03  240 -5.8948960E-03
  241 -6.9971200E-04  242  9.4613330E-03  243 -1.2771213E-03  244 -9.4217304E-03
  245 -7.8881237E-03  246  3.4134903E-03  247  1.5267690E-02  248 -8.9998076E-04
  249 -9.9272506E-05  250 -8.5257973E-03  251 -3.3402197E-03  252  2.7385863E-03
  253  1.0303958E-02  254  9.9125780E-04  255 -7.2280093E-04  256 -7.1105871E-03
  257 -4.7809878E-03  258  2.0668611E-03  259  7.8935594E-03  260 -7.7883459E-04
  261  1.3900524E-03  262 -1.8958310E-02  263 -9.0785910E-05  264 -1.0378780E-03
  265 -3.5843203E-03  266 -1.3006320E-03  267 -5.1843208E-03  268 -1.7065500E-02
  269  2.3964885E-03  270  4.7573868E-03  271 -3.2295608E-03  272  6.9375178E-03
  273 -2.6645245E-03  274 -1.0163149E-02  275  4.2368510E-04  276 -5.7032163E-03
  277 -1.7393752E-03  278  3.5647104E-03  279 -5.8733474E-03  280  4.5532952E-03
  281 -1.7016767E-03  282  1.1452805E-03  283 -8.4465039E-03  284  1.9579483E-04
  285  2.1029942E-03  286 -1.5713397E-02  287 -1.9660025E-03  288 -4.9900117E-03
  289  8.7181496E-03  290  4.0292152E-03  291 -1.6950019E-03  292  9.9896375E-03
  293  4.4273729E-03  294  3.7307507E-03  295 -1.6600073E-03  296 -3.5264837E-03
  297 -7.7995379E-03  298  3.7238639E-03  299  6.2340592E-04  300  3.9654754E-03
  301 -1.7353095E-02  302  2.2382608E-03  303 -1.6487586E-03  304 -2.0445321E-03
  305  4.9224892E-03  306 -3.8705935E-03  307 -9.1827973E-03  308  1.8575121E-03
  309 -5.6444998E-03  310  1.1240420E-02  311  1.1783073E-03  312 -7.2478504E-03
  313  1.1428814E-02  314 -3.4634056E-03  315 -5.7799314E-03  316  1.4256028E-03
  317 -2.0003531E-03  318 -1.4575289E-03  319 -3.9773279E-03  320 -3.9057127E-03
  321  3.9248551E-03  322  2.4766791E-02  323 -3.6111243E-03  324 -3.6160312E-03
  325  1.8058374E-03  326 -8.7584847E-03  327  1.8547669E-03  328 -3.7512081E-03
  329 -4.2011980E-03  330  1.2639112E-02  331  1.5857687E-02  332  6.3866298E-05
  333 -1.4413706E-02  334 -7.8437107E-03  335  1.7763867E-02  336 -1.1883612E-03
  337 -1.7372212E-03  338  9.3212228E-03  339 -4.0996093E-02  340  9.4012032E-03
  341  1.2669026E-02  342  2.0795139E-02  343  1.2954626E-02  344 -1.4053921E-02
  345  8.1882284E-04  346  5.2478760E-03  347 -5.2383461E-03  348 -8.8366029E-05
  349  1.7039524E-02  350 -1.4510396E-02  351  6.0146220E-03  352  3.9724470E-03
  353 -2.6540025E-04  354 -8.1064976E-03  355  1.3833974E-02  356 -2.4030533E-03
  357  1.2963921E-02  358 -7.1766429E-03  359 -2.2242968E-02  360  1.7179651E-02
  361  2.9634548E-02  362 -1.1081754E-03  363 -1.7272351E-02  364  3.9879425E-03
  365  4.2653286E-04  366  1.7793705E-02  367 -1.6762194E-02  368  1.1126345E-02
  369  5.6447149E-03  370  1.2258361E-03  371 -6.7981493E-03  372  8.1489656E-03
  373  1.6034178E-02  374  7.0173643E-04  375 -5.7343198E-03  376  1.2742811E-02
  377  1.1564549E-02  378 -6.8504525E-03  379  4.4253714E-04  380  1.7025997E-02
  381  5.2353933E-03  382 -6.2324165E-03  383 -2.1521276E-03  384  7.1549029E-03
  385 -3.9529662E-03  386  1.7420554E-03  387 -9.3899044E-04  388 -8.8354662E-03
  389 -5.5391504E-03  390 -2.1884163E-02  391  5.0263876E-03  392  1.1608627E-02
  393 -8.9521960E-04  394  2.3974034E-02  395  6.5637719E-03  396  3.6647557E-03
  397  3.8484542E-03  398 -5.6311176E-03  399  3.0378245E-03  400  2.0981378E-03
  401 -9.0269153E-03  402 -1.7761295E-03
 TTTTTTTTTTTTTTTTTTTTTTTTTTTTTT TOTGRA      TELAPSE     7438.20 TCPU     7434.42
 EIGENVECTORS IN FORTRAN UNIT  8
 TTTTTTTTTTTTTTTTTTTTTTTTTTTTTT END         TELAPSE     7443.19 TCPU     7438.23
 EEEEEEEEEE TERMINATION  DATE 25 03 2026 TIME 19:20:54.1
NODE    0 CPU TIME =      7438.229
NODE    1 CPU TIME =      7437.694
NODE    2 CPU TIME =      7440.141
NODE    3 CPU TIME =      7440.782
NODE    4 CPU TIME =      7440.553
NODE    5 CPU TIME =      7440.649
NODE    6 CPU TIME =      7438.702
NODE    7 CPU TIME =      7440.903
NODE    8 CPU TIME =      7440.116
NODE    9 CPU TIME =      7440.512
NODE   10 CPU TIME =      7440.136
NODE   11 CPU TIME =      7438.008
NODE   12 CPU TIME =      7439.953
NODE   13 CPU TIME =      7441.056
NODE   14 CPU TIME =      7440.763
NODE   15 CPU TIME =      7440.101
NODE   16 CPU TIME =      7439.921
NODE   17 CPU TIME =      7436.785
NODE   18 CPU TIME =      7440.912
NODE   19 CPU TIME =      7439.876
NODE   20 CPU TIME =      7439.801
NODE   21 CPU TIME =      7441.226
NODE   22 CPU TIME =      7440.032
NODE   23 CPU TIME =      7438.413
NODE   24 CPU TIME =      7439.103
NODE   25 CPU TIME =      7435.461
NODE   26 CPU TIME =      7438.542
NODE   27 CPU TIME =      7438.349
NODE   28 CPU TIME =      7438.947
NODE   29 CPU TIME =      7437.356
NODE   30 CPU TIME =      7437.935
NODE   31 CPU TIME =      7431.532
    TOTAL CPU TIME =    238052.488
------------------------------------------------------
Pcrystal finished normally
------------------------------------------------------
SCF wavefunction fort.9 saved as /users/zeitzsab/tetra_script_walkthrough/oldPyro_tetra/rdm/rdm_disp11.w
Date: 2026-03-25 19:20:54