Date: 2026-03-25 17:28:42
Running on: nid002583
Temporary directory: /scratch/project_462000878/zeitzsab/rdm_disp35_13380
Executable: /project/project_462000878/jchem/crystal/23-1.0.1-gnu/install/bin/Pcrystal
Output: /users/zeitzsab/tetra_script_walkthrough/oldPyro_tetra/rdm/rdm_disp35.out
Input data rdm_disp35.d12
converted and standardized from ase Atoms() object for Ba27Ti27O81 in space group 1
EXTERNAL
ENDGEOM 
256 6 
INPUT 
10. 0 2 2 2 1 0 
9.526986 427.845816 0 
4.487510 204.417530 0 
8.315930 293.605864 0 
4.292217 294.193316 0 
5.916108 112.550402 0 
2.874842 181.782621 0 
3.589465 -33.473174 0 
0 0 3 2.0 1.0 
2.3961900000 -5.9554766710 
2.2433050000 6.6805648241 
0.71740200000 -0.57055347037 
0 0 1 2.0 1.0 
0.27420073547 1.0000000000 
0 1 1 0.0 1.0 
0.13 1.0 1.0 
0 2 4 6.0 1.0 
2.9267420000 0.79815276764 
2.5207180000 -1.0707548832 
0.67578180854 0.34940781448 
0.31985844531 0.65041110673 
0 3 2 0.0 1.0 
0.966315 -0.908938 
0.893828 0.947240 
0 3 1 0.0 1.0 
0.273195 0.322057 
22 12 
0 0 8 2.0 1.0 
211575.69025 .23318151011E-03 
31714.945058 .18079690851E-02 
7217.5476543 .93984311352E-02 
2042.9394247 .38156853618E-01 
665.12896208 .12374757197 
238.74942264 .29208551143 
92.508691001 .41226800855 
36.403919209 .21090534061 
0 0 4 2.0 1.0 
232.72624607 -.24920140738E-01 
71.791209711 -.11746490087 
11.158534615 .56503342318 
4.6548135416 .56211101812 
0 0 2 2.0 1.0 
6.8034629174 -.23011425503 
1.1201076403 .72103186735 
0 0 1 2.0 1.0 
0.48080118839 1.0000000000 
0 0 1 0.0 1.0 
0.24 1.0 
0 1 1 0.0 1.0 
0.12 1.0 1.0 
0 2 6 6.0 1.0 
1063.1474732 .24690839320E-02 
251.56507061 .19773345523E-01 
80.408554854 .90987976672E-01 
29.768193269 .25559900413 
11.736830556 .40489386764 
4.7142375230 .23693402558 
0 2 3 6.0 1.0 
17.796803704 -.27878639615E-01 
2.4272698680 .55672914668 
0.96823445537 1.0055447350 
0 2 1 0.0 1.0 
0.37056694165 1.0000000000 
0 3 4 2.0 1.0 
37.713384723 .11513835092E-01 
10.692931184 .67246343996E-01 
3.6728446990 .21484207775 
1.3588590303 .38890892779 
0 3 1 0.0 1.0 
0.54 1.0 
0 3 1 0.0 1.0 
0.22 1.0 
8 7 
0 0 6 2.0 1.0 
27032.382631 0.21726302465E-03 
4052.3871392 0.16838662199E-02 
922.32722710 0.87395616265E-02 
261.24070989 0.35239968808E-01 
85.354641351 0.11153519115 
31.035035245 0.25588953961 
0 0 2 2.0 1.0 
12.271113873 0.39768730901 
4.9159842006 0.24627849430 
0 0 1 0.0 1.0 
0.90086482370 1.0000000000 
0 1 1 0.0 1.0 
0.25000000000 1.0 1.0 
0 2 4 4.0 1.0 
75.300554155 0.60685103418E-02 
17.743733858 0.41912575824E-01 
5.5355828651 0.16153841088 
2.0685535103 0.35706951311 
0 2 1 0.0 1.0 
0.78238772422 1.0000000000 
0 3 1 0.0 1.0 
1.2000000000 1.0000000000 
99 0 
ENDBAS 
DFT 
PBE0 
ENDDFT 
SHRINK 
0 2 
2 2 2 
TOLINTEG 
8 8 8 8 16 
MAXCYCLE 
100 
FMIXING 
80 
EXCHSIZE 
30000000 
BIPOSIZE 
30000000 
GRADCAL 
ENDEXTERNAL geometry rdm_disp35.ext is available as /scratch/project_462000878/zeitzsab/rdm_disp35_13380/fort.34
 PROCESS           27  OF           32  WORKING
 PROCESS           30  OF           32  WORKING
 PROCESS           21  OF           32  WORKING
 PROCESS            9  OF           32  WORKING
 PROCESS           17  OF           32  WORKING
 PROCESS           18  OF           32  WORKING
 PROCESS            1  OF           32  WORKING
 PROCESS            5  OF           32  WORKING
 PROCESS           25  OF           32  WORKING
 PROCESS           26  OF           32  WORKING
 PROCESS           31  OF           32  WORKING
 PROCESS            6  OF           32  WORKING
 PROCESS            8  OF           32  WORKING
 PROCESS           16  OF           32  WORKING
 PROCESS            2  OF           32  WORKING
 PROCESS           12  OF           32  WORKING
 PROCESS           23  OF           32  WORKING
 PROCESS            0  OF           32  WORKING
 PROCESS            7  OF           32  WORKING
 PROCESS            4  OF           32  WORKING
 PROCESS           19  OF           32  WORKING
 PROCESS           13  OF           32  WORKING
 PROCESS           28  OF           32  WORKING
 PROCESS           10  OF           32  WORKING
 PROCESS           11  OF           32  WORKING
 PROCESS           15  OF           32  WORKING
 PROCESS            3  OF           32  WORKING
 PROCESS           14  OF           32  WORKING
 PROCESS           20  OF           32  WORKING
 PROCESS           22  OF           32  WORKING
 PROCESS           24  OF           32  WORKING
 PROCESS           29  OF           32  WORKING

         
 *******************************************************************************
 *                                                                             *
 *                               CRYSTAL23                                     *
 *                      public : 1.0.1 - October 2022                          *
 *                       HTTP://WWW.CRYSTAL.UNITO.IT                           *
 *                                                                             *
 *                              MAIN AUTHORS                                   *
 *                                                                             *
 *  R. DOVESI(1,11), V.R. SAUNDERS(2), C. ROETTI(1,11), R. ORLANDO(1,11),      *
 *  C.M. ZICOVICH-WILSON(1,3), F. PASCALE(4), B. CIVALLERI(1,11),              *
 *  K. DOLL(5), N.M. HARRISON(6), I.J. BUSH(7), Ph. D'ARCO(8),                 *
 *  M. LLUNELL(9), M. CAUSA'(10), Y. NOEL(8), L. MASCHIO(1,11), A. ERBA(1,11)  *
 *  M. RE'RAT(14), S. CASASSA(1,11), B.G. SEARLE(2), J.K. DESMARAIS(1)         *
 *                                                                             *
 *        CONTRIBUTIONS TO THE CODE HAVE ALSO BEEN GIVEN BY                    *
 *                                                                             *
 *  M. FERRABONE(1,11), M. DE LA PIERRE(1,11), M. FERRERO(1,11),               *
 *  J. BAIMA(1,11), E. ALBANESE(1,11), M.F. PEINTINGER(12), R. BAST(13),       *
 *  B. KIRTMAN(15), V. LACIVITA(1,11), R. DEMICHELIS(1,16)                     *
 *  G. BRANDEBURG(17), S. SALUSTRO(1,11), G. SANSONE(1,11)                     *
 *  M.T. RUGGIERO(18), L.E. DAGA(1), L. DONA'(1), A. COSSARD(1)                *
 *                                                                             *
 * (1) THEORETICAL CHEMISTRY GROUP - UNIVERSITA' DI TORINO - TORINO (ITALY)    *
 * (2) SCIENTIFIC COMPUTING DEPARTMENT - STFC DARESBURY (UK)                   *
 * (3) UNIVERSIDAD AUTONOMA DEL ESTADO DE MORELOS - CUERNAVACA (MEXICO)        *
 * (4) UNIVERSITE' DE LORRAINE - NANCY (FRANCE)                                *
 * (5) UNIVERSITAET STUTTGART- STUTTGART (GERMANY)                             *
 * (6) IMPERIAL COLLEGE - LONDON (UK)                                          *
 * (7) SCIENTIFIC COMPUTING DEPARTMENT - STFC RAL (UK)                         *
 * (8) UPMC - SORBONNE UNIVERSITES - PARIS (FRANCE)                            *
 * (9) UNIVERSIDAD DE BARCELONA - BARCELONA (SPAIN)                            *
 *(10) UNIVERSITA' DI NAPOLI "FEDERICO II" - NAPOLI (ITALY)                    *
 *(11) NIS - NANOSTRUCTURED INTERFACES AND SURFACES - TORINO (ITALY)           *
 *(12) MPI FUER CHEMISCHE ENERGIEKONVERSION - MUELHEIM AN DER RUHR (GERMANY)   *
 *(13) UNIVERSITY OF TROMSO - TROMSO (NORWAY)                                  *
 *(14) UNIVERSITE' DE PAU ET DES PAYS DE L'ADOUR - PAU (FRANCE)                *
 *(15) UNIVERSITY OF CALIFORNIA SANTA BARBARA - SANTA BARBARA (USA)            *
 *(16) CURTIN UNIVERSITY - PERTH (AUSTRALIA)                                   *
 *(17) UNIVERSITY COLLEGE LONDON - LONDON (UK)                                 *
 *(18) UNIVERSITY OF VERMONT - BURLINGTON (USA)                                *
 *                                                                             *
 *******************************************************************************
 EEEEEEEEEE STARTING  DATE 25 03 2026 TIME 17:28:45.0
 converted and standardized from ase Atoms() object for Ba27Ti27O81 in space grou
 filename=fort.34                        0           0

 GEOMETRY INPUT FROM EXTERNAL FILE (FORTRAN UNIT 34)
 3D - CRYSTAL 

 *******************************************************************************
 LATTICE PARAMETERS  (ANGSTROMS AND DEGREES) - PRIMITIVE CELL
       A          B          C        ALPHA      BETA     GAMMA        VOLUME
   11.90773   11.90773   12.27480    90.00000  90.00000  90.00000   1740.493702
 INFORMATION **** CHKGRP **** SPGR WITH NO INVERSION

 NUMBER OF IRREDUCIBLE ATOMS IN THE CELL:  135

 CARTESIAN COORDINATES (ANGSTROM) - IRREDUCIBLE ATOMS AND SYMMETRY RELATED

 AT.IRR.  AT  AT.N.          X                   Y                   Z
     1     1   256   -2.943778255622E-02  2.388328771237E-02  1.341886928352E-02
     2     2   256    3.248960394513E-02  1.476736784409E-02  4.099719657848E+00
     3     3   256   -1.518421162584E-02  7.705188332757E-03  8.245578317282E+00
     4     4   256   -1.089017004170E-03  3.929834014098E+00  1.943053225880E-02
     5     5   256   -4.307039422345E-03  3.982540382225E+00  4.155263690928E+00
     6     6   256    1.728602037323E-02  3.991521110436E+00  8.237754885781E+00
     7     7   256    7.552307281855E-04  7.909376020862E+00 -1.234227379487E-03
     8     8   256   -2.587304060719E-02  7.955975186023E+00  4.092788659807E+00
     9     9   256   -3.429882278266E-02  7.925776550213E+00  8.225569598082E+00
    10    10   256    3.981052380605E+00  6.531096652448E-03  6.384144568209E-02
    11    11   256    4.007688182279E+00 -9.548060843451E-03  4.112225488109E+00
    12    12   256    3.945655217923E+00 -1.814718790504E-02  8.236108558149E+00
    13    13   256    3.988376162613E+00  3.985059934011E+00 -5.180009546548E-03
    14    14   256    4.003814714256E+00  3.988117826064E+00  4.110807595452E+00
    15    15   256    3.998328509713E+00  3.995859765512E+00  8.216145923991E+00
    16    16   256    3.937548298120E+00  7.918040155998E+00  3.949853149475E-02
    17    17   256    3.955805730067E+00  7.909077940874E+00  4.141330759391E+00
    18    18   256    3.953885665025E+00  7.919396693468E+00  8.177766883436E+00
    19    19   256    7.922284218162E+00  3.645360092149E-02  2.911022629017E-02
    20    20   256    7.971784672573E+00 -1.449492851370E-02  4.101013568183E+00
    21    21   256    7.912064764582E+00  2.383434349672E-02  8.191115981653E+00
    22    22   256    7.898951390020E+00  3.971737579843E+00  3.171659490705E-02
    23    23   256    7.913453114580E+00  3.992387409678E+00  4.138704158263E+00
    24    24   256    7.931759959171E+00  3.963099727633E+00  8.170435161979E+00
    25    25   256    7.907019108361E+00  7.927146706235E+00  4.253972161691E-03
    26    26   256    7.977251294129E+00  7.931046459432E+00  4.111298356517E+00
    27    27   256    7.903362290614E+00  7.929896031000E+00  8.192286606683E+00
    28    28     8    1.992578102652E+00  2.020639977254E+00  3.945153289464E+00
    29    29     8    1.999420748601E+00  1.977576590900E+00  8.015737295718E+00
    30    30     8    1.985144683525E+00  2.020193787747E+00  1.212553746754E+01
    31    31     8    1.970756942340E+00  5.987519481188E+00  3.944036355122E+00
    32    32     8    2.020796007717E+00  5.970442129941E+00  8.056312077236E+00
    33    33     8    2.020698499537E+00  5.939611078957E+00  1.213406252673E+01
    34    34     8    1.989035895330E+00  9.923189533922E+00  4.000382193638E+00
    35    35     8    1.977529830403E+00  9.946077597057E+00  8.020252823203E+00
    36    36     8    1.983656871137E+00  9.884571830344E+00  1.213315554127E+01
    37    37     8    5.956238169914E+00  1.944831006492E+00  3.963948908866E+00
    38    38     8    5.981780395057E+00  1.957672040438E+00  8.042503703736E+00
    39    39     8    5.922847309221E+00  1.980699701366E+00  1.216877212461E+01
    40    40     8    5.976974566271E+00  5.928533940155E+00  3.981224552352E+00
    41    41     8    5.976259928371E+00  5.970404142671E+00  8.080948685127E+00
    42    42     8    5.924841320903E+00  5.966142784487E+00  1.211918978922E+01
    43    43     8    5.969080130345E+00  9.886118063306E+00  3.960347073257E+00
    44    44     8    5.967683272954E+00  9.888083545641E+00  8.038727585557E+00
    45    45     8    5.955329792100E+00  9.948018177741E+00  1.217508848724E+01
    46    46     8    9.936236404299E+00  2.005410334780E+00  3.929073828556E+00
    47    47     8    9.897744644453E+00  1.996701284980E+00  8.023753222487E+00
    48    48     8    9.902944532145E+00  1.957435152109E+00  1.212251212629E+01
    49    49     8    9.933653855983E+00  5.984297210133E+00  3.936902723168E+00
    50    50     8    9.948288412955E+00  5.931578395864E+00  8.030561082974E+00
    51    51     8    9.943036676977E+00  5.971181560559E+00  1.211377124208E+01
    52    52     8    9.918250514205E+00  9.962649927217E+00  3.957015401188E+00
    53    53     8    9.911427454024E+00  9.948550332533E+00  8.023653610221E+00
    54    54     8    9.922908054073E+00  9.883745018104E+00  1.215091514436E+01
    55    55     8    1.964845119394E+00 -3.463408660210E-02  1.982718079523E+00
    56    56     8    1.998757858322E+00  3.099002916883E-03  6.040083685442E+00
    57    57     8    1.997868467320E+00 -3.500698332287E-02  1.018308114527E+01
    58    58     8    2.008298903753E+00  3.965104909623E+00  1.953802473163E+00
    59    59     8    2.016123685284E+00  3.951394657726E+00  6.094375423065E+00
    60    60     8    1.961570071193E+00  3.955818842445E+00  1.019877805439E+01
    61    61     8    1.952940601440E+00  7.932081551969E+00  2.009338790057E+00
    62    62     8    1.986442088565E+00  7.977488712380E+00  6.086073973191E+00
    63    63     8    2.016817614440E+00  7.916050995725E+00  1.016122658135E+01
    64    64     8    5.957349421658E+00  2.383532661288E-02  2.017709020572E+00
    65    65     8    5.991660538837E+00  8.584143282917E-03  6.087269854787E+00
    66    66     8    5.956960892305E+00 -3.861097545775E-02  1.017895360347E+01
    67    67     8    5.962864163762E+00  3.996436237620E+00  1.957853447178E+00
    68    68     8    5.958883461348E+00  3.966767588032E+00  6.116980915635E+00
    69    69     8    5.948550653484E+00  3.992833156257E+00  1.020083667374E+01
    70    70     8    5.981137092692E+00  7.934667765980E+00  2.014787901096E+00
    71    71     8    5.923582527223E+00  7.949931220286E+00  6.053880570519E+00
    72    72     8    5.954544543567E+00  7.936955516437E+00  1.012900789349E+01
    73    73     8    9.906611725186E+00 -2.676764061468E-02  2.010499453394E+00
    74    74     8    9.893884730766E+00 -9.021429330076E-03  6.051597292522E+00
    75    75     8    9.931794214864E+00 -3.137069137860E-02  1.014572453718E+01
    76    76     8    9.946736389353E+00  3.995071784839E+00  1.966416347077E+00
    77    77     8    9.929744573226E+00  3.938068153935E+00  6.053207252859E+00
    78    78     8    9.928512174330E+00  3.947211566523E+00  1.013602760599E+01
    79    79     8    9.961117969130E+00  7.945578723843E+00  1.996031881102E+00
    80    80     8    9.934200480779E+00  7.909651251282E+00  6.102779309334E+00
    81    81     8    9.924118134904E+00  7.972758120045E+00  1.018957838556E+01
    82    82     8   -3.706929585946E-03  2.005532918303E+00  2.019672443493E+00
    83    83     8    2.098882863051E-02  1.954309559673E+00  6.061862397355E+00
    84    84     8   -1.347765885918E-03  2.018408427604E+00  1.019034264938E+01
    85    85     8   -2.722832049684E-02  5.981111197536E+00  1.974989150560E+00
    86    86     8    1.995697707255E-02  5.987265216454E+00  6.086661046582E+00
    87    87     8    2.389248149460E-03  5.987716476849E+00  1.014779558506E+01
    88    88     8   -2.713055795950E-02  9.949483627131E+00  1.972798231025E+00
    89    89     8   -3.459375145417E-02  9.936133670482E+00  6.062087580638E+00
    90    90     8   -3.292034498631E-04  9.918491317732E+00  1.020870373538E+01
    91    91     8    3.943771087736E+00  1.981999547252E+00  1.955047145824E+00
    92    92     8    3.965795149297E+00  1.978026836107E+00  6.038072691575E+00
    93    93     8    3.944679508429E+00  2.006391112749E+00  1.014611051094E+01
    94    94     8    3.931120401794E+00  5.958392395183E+00  1.997004131362E+00
    95    95     8    3.968680581573E+00  5.920056859936E+00  6.098742085112E+00
    96    96     8    3.957736695428E+00  5.920690132955E+00  1.014981809122E+01
    97    97     8    3.996416828157E+00  9.907016554273E+00  1.961227040005E+00
    98    98     8    3.936664007871E+00  9.917522476884E+00  6.099897272506E+00
    99    99     8    3.938750687370E+00  9.900382816597E+00  1.018136516157E+01
   100   100     8    7.920585600878E+00  1.952040868317E+00  2.000538254817E+00
   101   101     8    7.906235253627E+00  2.005268303607E+00  6.065821981181E+00
   102   102     8    7.913059320977E+00  2.012464892528E+00  1.015562622228E+01
   103   103     8    7.945470596119E+00  5.942549355172E+00  1.948050559556E+00
   104   104     8    7.944535497245E+00  5.914547680919E+00  6.081553232557E+00
   105   105     8    7.926891773203E+00  5.915911284825E+00  1.017396384382E+01
   106   106     8    7.955204645488E+00  9.888817316255E+00  1.973753527284E+00
   107   107     8    7.905543798607E+00  9.929618083552E+00  6.099106375969E+00
   108   108     8    7.961318676266E+00  9.899974636753E+00  1.019228597790E+01
   109   109    22    2.009410290901E+00  1.953386501687E+00  2.150578177695E+00
   110   110    22    1.967741974915E+00  1.976503780605E+00  6.203689885703E+00
   111   111    22    1.964021266141E+00  1.950351277549E+00  1.033168449251E+01
   112   112    22    2.008012293642E+00  5.962684509361E+00  2.116207289427E+00
   113   113    22    1.961697263181E+00  5.973427730666E+00  6.265335445839E+00
   114   114    22    1.946984314629E+00  5.955226443940E+00  1.034410556472E+01
   115   115    22    1.991012645439E+00  9.927842591606E+00  2.186636302370E+00
   116   116    22    2.003094651342E+00  9.937951866379E+00  6.206807247754E+00
   117   117    22    2.011406245271E+00  9.893587593220E+00  1.033394683753E+01
   118   118    22    5.971638789484E+00  1.948962393557E+00  2.143895315149E+00
   119   119    22    5.955766794592E+00  1.948023824550E+00  6.255062860494E+00
   120   120    22    5.977817644794E+00  1.990615828451E+00  1.036210274786E+01
   121   121    22    5.924516542307E+00  5.978843539072E+00  2.158145691520E+00
   122   122    22    5.987765322411E+00  5.936232008610E+00  6.227205472087E+00
   123   123    22    5.991613774244E+00  5.943602974777E+00  1.033898673061E+01
   124   124    22    5.961419131481E+00  9.901474119290E+00  2.114650330405E+00
   125   125    22    5.967920782839E+00  9.893923470288E+00  6.262497506418E+00
   126   126    22    5.947227916134E+00  9.920305005891E+00  1.029128646679E+01
   127   127    22    9.900240208554E+00  2.009243348010E+00  2.169130932782E+00
   128   128    22    9.949104096043E+00  2.014368303199E+00  6.232746690558E+00
   129   129    22    9.960240876567E+00  1.995268563223E+00  1.034102495126E+01
   130   130    22    9.951501063434E+00  5.973846308257E+00  2.127564897055E+00
   131   131    22    9.891332682063E+00  5.977524388028E+00  6.233514878808E+00
   132   132    22    9.958393617294E+00  5.948156831724E+00  1.034859085984E+01
   133   133    22    9.919837197321E+00  9.962633883100E+00  2.152651396089E+00
   134   134    22    9.909771696281E+00  9.960456106663E+00  6.233798709906E+00
   135   135    22    9.941721060698E+00  9.951789825234E+00  1.030986696389E+01
 NUMBER OF SYMMETRY OPERATORS         :    1
 *******************************************************************************
 LATTICE PARAMETERS (ANGSTROMS AND DEGREES) - BOHR = 0.5291772083 ANGSTROM
 PRIMITIVE CELL - CENTRING CODE 1/0 VOLUME=  1740.493702 - DENSITY  6.022 g/cm^3
         A              B              C           ALPHA      BETA       GAMMA 
    11.90773305    11.90773305    12.27479580    90.000000  90.000000  90.000000
 *******************************************************************************
 ATOMS IN THE ASYMMETRIC UNIT  135 - ATOMS IN THE UNIT CELL:  135
     ATOM                 X/A                 Y/B                 Z/C    
 *******************************************************************************
      1 T 256 BA   -2.472156743237E-03  2.005695593954E-03  1.093205092953E-03
      2 T 256 BA    2.728445776262E-03  1.240149387132E-03  3.339949376468E-01
      3 T 256 BA   -1.275155528100E-03  6.470743256003E-04 -3.282512840432E-01
      4 T 256 BA   -9.145460345786E-05  3.300236911255E-01  1.582961751494E-03
      5 T 256 BA   -3.617010395060E-04  3.344499213665E-01  3.385199850679E-01
      6 T 256 BA    1.451663410714E-03  3.352041143076E-01 -3.288886414077E-01
      7 T 256 BA    6.342355215844E-05 -3.357781882034E-01 -1.005497280441E-04
      8 T 256 BA   -2.172793133550E-03 -3.318648350096E-01  3.334302848286E-01
      9 T 256 BA   -2.880382238889E-03 -3.344008874793E-01 -3.298813493841E-01
     10 T 256 BA    3.343249604177E-01  5.484752324413E-04  5.201018959687E-03
     11 T 256 BA    3.365618094940E-01 -8.018369914206E-04  3.350137595046E-01
     12 T 256 BA    3.313523406475E-01 -1.523983434029E-03 -3.290227640163E-01
     13 T 256 BA    3.349400046059E-01  3.346615109088E-01 -4.220037246198E-04
     14 T 256 BA    3.362365193647E-01  3.349183097503E-01  3.348982469795E-01
     15 T 256 BA    3.357757931694E-01  3.355684703993E-01 -3.306490749124E-01
     16 T 256 BA    3.306715292983E-01 -3.350505824450E-01  3.217856503548E-03
     17 T 256 BA    3.322047709213E-01 -3.358032206748E-01  3.373849004797E-01
     18 T 256 BA    3.320435257007E-01 -3.349366617295E-01 -3.337757290076E-01
     19 T 256 BA   -3.346941701752E-01  3.061338440191E-03  2.371544648439E-03
     20 T 256 BA   -3.305371694932E-01 -1.217270193481E-03  3.341003496109E-01
     21 T 256 BA   -3.355523900847E-01  2.001585305670E-03 -3.326882080065E-01
     22 T 256 BA   -3.366536387024E-01  3.335427123841E-01  2.583879636275E-03
     23 T 256 BA   -3.354357977835E-01  3.352768652870E-01  3.371709171946E-01
     24 T 256 BA   -3.338984065342E-01  3.328173138407E-01 -3.343730278609E-01
     25 T 256 BA   -3.359761194545E-01 -3.342858230908E-01  3.465615421229E-04
     26 T 256 BA   -3.300780878583E-01 -3.339583255579E-01  3.349382281795E-01
     27 T 256 BA   -3.362832155014E-01 -3.340549374341E-01 -3.325928398187E-01
     28 T   8 O     1.673347978398E-01  1.696914071528E-01  3.214027633327E-01
     29 T   8 O     1.679094366834E-01  1.660749852719E-01 -3.469759150113E-01
     30 T   8 O     1.667105464315E-01  1.696539365859E-01 -1.215974056868E-02
     31 T   8 O     1.655022777270E-01 -4.971738570183E-01  3.213117692045E-01
     32 T   8 O     1.697045104414E-01 -4.986079965959E-01 -3.436703788396E-01
     33 T   8 O     1.696963217979E-01  4.988028413147E-01 -1.146522317431E-02
     34 T   8 O     1.670373266664E-01 -1.666600609658E-01  3.259021379108E-01
     35 T   8 O     1.660710583702E-01 -1.647379433773E-01 -3.466080451454E-01
     36 T   8 O     1.665856013741E-01 -1.699031386714E-01 -1.153911323971E-02
     37 T   8 O    -4.998008315349E-01  1.633250425019E-01  3.229340001620E-01
     38 T   8 O    -4.976558199668E-01  1.644034202159E-01 -3.447953159648E-01
     39 T   8 O     4.973950360115E-01  1.663372610932E-01 -8.637510318947E-03
     40 T   8 O    -4.980594088586E-01  4.978725938230E-01  3.243414079729E-01
     41 T   8 O    -4.981194234640E-01 -4.986111867304E-01 -3.416632898181E-01
     42 T   8 O     4.975624912000E-01 -4.989690515033E-01 -1.267687164162E-02
     43 T   8 O    -4.987223760156E-01 -1.697732875103E-01  3.226405667178E-01
     44 T   8 O    -4.988396827595E-01 -1.696082281890E-01 -3.451029478179E-01
     45 T   8 O    -4.998771162325E-01 -1.645749752728E-01 -8.122930465205E-03
     46 T   8 O    -1.655643973057E-01  1.684124363856E-01  3.200928058254E-01
     47 T   8 O    -1.687968983775E-01  1.676810587369E-01 -3.463228754904E-01
     48 T   8 O    -1.683602167967E-01  1.643835265612E-01 -1.240620831430E-02
     49 T   8 O    -1.657812772362E-01 -4.974444602507E-01  3.207306082573E-01
     50 T   8 O    -1.645522811788E-01  4.981282642932E-01 -3.457682544117E-01
     51 T   8 O    -1.649933169289E-01 -4.985458999218E-01 -1.311830848742E-02
     52 T   8 O    -1.670748351043E-01 -1.633462149862E-01  3.223691428893E-01
     53 T   8 O    -1.676478291539E-01 -1.645302854238E-01 -3.463309906776E-01
     54 T   8 O    -1.666836993736E-01 -1.699725735703E-01 -1.009227832827E-02
     55 T   8 O     1.650058085064E-01 -2.908537372871E-03  1.615275815442E-01
     56 T   8 O     1.678537677935E-01  2.602512924895E-04  4.920720298615E-01
     57 T   8 O     1.677790775903E-01 -2.939852881810E-03 -1.704072873235E-01
     58 T   8 O     1.686550156373E-01  3.329857071009E-01  1.591718921437E-01
     59 T   8 O     1.693121332850E-01  3.318343332971E-01  4.964950555890E-01
     60 T   8 O     1.647307730998E-01  3.322058720862E-01 -1.691284954500E-01
     61 T   8 O     1.640060785071E-01 -3.338713994794E-01  1.636963109445E-01
     62 T   8 O     1.668195012622E-01 -3.300581497013E-01  4.958187551430E-01
     63 T   8 O     1.693704087900E-01 -3.352176302167E-01 -1.721877294815E-01
     64 T   8 O    -4.997075096793E-01  2.001667866822E-03  1.643782147946E-01
     65 T   8 O    -4.968260949688E-01  7.208881192476E-04  4.959161809264E-01
     66 T   8 O    -4.997401380017E-01 -3.242512684457E-03 -1.707435488686E-01
     67 T   8 O    -4.992443869271E-01  3.356168819741E-01  1.595019158835E-01
     68 T   8 O    -4.995786824976E-01  3.331253372389E-01  4.983366742145E-01
     69 T   8 O     4.995535782089E-01  3.353142986571E-01 -1.689607843625E-01
     70 T   8 O    -4.977098438823E-01 -3.336542117074E-01  1.641402377623E-01
     71 T   8 O     4.974567789142E-01 -3.323724014550E-01  4.931960310508E-01
     72 T   8 O    -4.999430606511E-01 -3.334620886184E-01 -1.748125135010E-01
     73 T   8 O    -1.680522494425E-01 -2.247920784106E-03  1.637908675755E-01
     74 T   8 O    -1.691210502266E-01 -7.576109820564E-04  4.930100175289E-01
     75 T   8 O    -1.659374481137E-01 -2.634480572152E-03 -1.734506461458E-01
     76 T   8 O    -1.646826186322E-01  3.355022965382E-01  1.601995160748E-01
     77 T   8 O    -1.661095750525E-01  3.307151862911E-01  4.931411773757E-01
     78 T   8 O    -1.662130707297E-01  3.314830413101E-01 -1.742406333158E-01
     79 T   8 O    -1.634748673569E-01 -3.327379199315E-01  1.626122270076E-01
     80 T   8 O    -1.657353722102E-01 -3.357550746167E-01  4.971797012977E-01
     81 T   8 O    -1.665820779461E-01 -3.304554203081E-01 -1.698779717733E-01
     82 T   8 O    -3.113043910525E-04  1.684227308323E-01  1.645381704429E-01
     83 T   8 O     1.762621696538E-03  1.641210423064E-01  4.938462925270E-01
     84 T   8 O    -1.131840863630E-04  1.695040037536E-01 -1.698157089194E-01
     85 T   8 O    -2.286608238740E-03 -4.977120185327E-01  1.608979230889E-01
     86 T   8 O     1.675967792421E-03 -4.971952099267E-01  4.958665826915E-01
     87 T   8 O     2.006467678967E-04 -4.971573135115E-01 -1.732819225345E-01
     88 T   8 O    -2.278398234625E-03 -1.644519082387E-01  1.607194338031E-01
     89 T   8 O    -2.905150065836E-03 -1.655730247932E-01  4.938646377024E-01
     90 T   8 O    -2.764618995747E-05 -1.670546126551E-01 -1.683198725486E-01
     91 T   8 O     3.311941132016E-01  1.664464209039E-01  1.592732928253E-01
     92 T   8 O     3.330436727667E-01  1.661127964325E-01  4.919081987152E-01
     93 T   8 O     3.312704015000E-01  1.684948011787E-01 -1.734192017318E-01
     94 T   8 O     3.301317207303E-01 -4.996199217631E-01  1.626914340491E-01
     95 T   8 O     3.332859886016E-01  4.971606967571E-01  4.968507977226E-01
     96 T   8 O     3.323669315402E-01  4.972138784178E-01 -1.731171535077E-01
     97 T   8 O     3.356152519859E-01 -1.680182522841E-01  1.597767549017E-01
     98 T   8 O     3.305972674515E-01 -1.671359749802E-01  4.969449082409E-01
     99 T   8 O     3.307725047943E-01 -1.685753472113E-01 -1.705470846558E-01
    100 T   8 O    -3.348368184255E-01  1.639305197825E-01  1.629793511365E-01
    101 T   8 O    -3.360419468232E-01  1.684005087439E-01  4.941688709136E-01
    102 T   8 O    -3.354688681926E-01  1.690048713788E-01 -1.726439781361E-01
    103 T   8 O    -3.327470003941E-01  4.990495949329E-01  1.587032966818E-01
    104 T   8 O    -3.328255291006E-01  4.966980411876E-01  4.954504605736E-01
    105 T   8 O    -3.343072321223E-01  4.968125553357E-01 -1.711500533618E-01
    106 T   8 O    -3.319295442647E-01 -1.695466068367E-01  1.607972596402E-01
    107 T   8 O    -3.361000145525E-01 -1.661201975340E-01  4.968804756792E-01
    108 T   8 O    -3.314160938244E-01 -1.686096257631E-01 -1.696573903165E-01
    109 T  22 TI    1.687483488640E-01  1.640435247821E-01  1.752027661181E-01
    110 T  22 TI    1.652490836545E-01  1.659848916923E-01 -4.945993410577E-01
    111 T  22 TI    1.649366221004E-01  1.637886295704E-01 -1.583009069279E-01
    112 T  22 TI    1.686309463952E-01 -4.992594741313E-01  1.724026471729E-01
    113 T  22 TI    1.647414545610E-01 -4.983572687107E-01 -4.895772159534E-01
    114 T  22 TI    1.635058752538E-01 -4.998857953118E-01 -1.572889901175E-01
    115 T  22 TI    1.672033322446E-01 -1.662693016446E-01  1.781403404177E-01
    116 T  22 TI    1.682179675117E-01 -1.654203344457E-01 -4.943453765843E-01
    117 T  22 TI    1.689159671976E-01 -1.691460035527E-01 -1.581165987685E-01
    118 T  22 TI   -4.985075022753E-01  1.636719924249E-01  1.746583283405E-01
    119 T  22 TI   -4.998404171823E-01  1.635931722999E-01 -4.904141003720E-01
    120 T  22 TI   -4.979886079329E-01  1.671700079345E-01 -1.558228000938E-01
    121 T  22 TI    4.975352166050E-01 -4.979024543154E-01  1.758192744453E-01
    122 T  22 TI   -4.971532115082E-01  4.985190702280E-01 -4.926835791365E-01
    123 T  22 TI   -4.968300222145E-01  4.991380768968E-01 -1.577060100170E-01
    124 T  22 TI   -4.993657393519E-01 -1.684837006579E-01  1.722758052240E-01
    125 T  22 TI   -4.988197369071E-01 -1.691177969187E-01 -4.898084164938E-01
    126 T  22 TI    4.994424959950E-01 -1.669023008632E-01 -1.615920432017E-01
    127 T  22 TI   -1.685873232979E-01  1.687343291602E-01  1.767142173381E-01
    128 T  22 TI   -1.644837808954E-01  1.691647179813E-01 -4.922321485333E-01
    129 T  22 TI   -1.635485247491E-01  1.675607401379E-01 -1.575399607655E-01
    130 T  22 TI   -1.642824858730E-01 -4.983221169661E-01  1.733279259159E-01
    131 T  22 TI   -1.693353688289E-01 -4.980132353548E-01 -4.921695659647E-01
    132 T  22 TI   -1.637036558110E-01  4.995205054352E-01 -1.569235832146E-01
    133 T  22 TI   -1.669415869782E-01 -1.633475623557E-01  1.753716665567E-01
    134 T  22 TI   -1.677868781010E-01 -1.635304499320E-01 -4.921464428837E-01
    135 T  22 TI   -1.651038011220E-01 -1.642582359340E-01 -1.600783319027E-01

 T = ATOM BELONGING TO THE ASYMMETRIC UNIT
 *******************************************************************************
 * GEOMETRY EDITING - INPUT COORDINATES ARE GIVEN IN ANGSTROM         
 *******************************************************************************

 GCALCO - MAX INDICES DIRECT LATTICE VECTOR    15    15    14
 NO.OF VECTORS CREATED 6999 STARS  514 RMAX   270.02825 BOHR

 GEOMETRY FOR WAVE FUNCTION - DIMENSIONALITY OF THE SYSTEM    3
 (NON PERIODIC DIRECTION: LATTICE PARAMETER FORMALLY SET TO 500)
 *******************************************************************************
 LATTICE PARAMETERS (ANGSTROMS AND DEGREES) - BOHR = 0.5291772083 ANGSTROM
 PRIMITIVE CELL - CENTRING CODE 1/0 VOLUME=  1740.493702 - DENSITY  6.022 g/cm^3
         A              B              C           ALPHA      BETA       GAMMA 
    11.90773305    11.90773305    12.27479580    90.000000  90.000000  90.000000
 *******************************************************************************
 ATOMS IN THE ASYMMETRIC UNIT  135 - ATOMS IN THE UNIT CELL:  135
     ATOM                 X/A                 Y/B                 Z/C    
 *******************************************************************************
      1 T 256 BA   -2.472156743237E-03  2.005695593954E-03  1.093205092953E-03
      2 T 256 BA    2.728445776262E-03  1.240149387132E-03  3.339949376468E-01
      3 T 256 BA   -1.275155528100E-03  6.470743256003E-04 -3.282512840432E-01
      4 T 256 BA   -9.145460345786E-05  3.300236911255E-01  1.582961751494E-03
      5 T 256 BA   -3.617010395060E-04  3.344499213665E-01  3.385199850679E-01
      6 T 256 BA    1.451663410714E-03  3.352041143076E-01 -3.288886414077E-01
      7 T 256 BA    6.342355215844E-05 -3.357781882034E-01 -1.005497280441E-04
      8 T 256 BA   -2.172793133550E-03 -3.318648350096E-01  3.334302848286E-01
      9 T 256 BA   -2.880382238889E-03 -3.344008874793E-01 -3.298813493841E-01
     10 T 256 BA    3.343249604177E-01  5.484752324413E-04  5.201018959687E-03
     11 T 256 BA    3.365618094940E-01 -8.018369914206E-04  3.350137595046E-01
     12 T 256 BA    3.313523406475E-01 -1.523983434029E-03 -3.290227640163E-01
     13 T 256 BA    3.349400046059E-01  3.346615109088E-01 -4.220037246198E-04
     14 T 256 BA    3.362365193647E-01  3.349183097503E-01  3.348982469795E-01
     15 T 256 BA    3.357757931694E-01  3.355684703993E-01 -3.306490749124E-01
     16 T 256 BA    3.306715292983E-01 -3.350505824450E-01  3.217856503548E-03
     17 T 256 BA    3.322047709213E-01 -3.358032206748E-01  3.373849004797E-01
     18 T 256 BA    3.320435257007E-01 -3.349366617295E-01 -3.337757290076E-01
     19 T 256 BA   -3.346941701752E-01  3.061338440191E-03  2.371544648439E-03
     20 T 256 BA   -3.305371694932E-01 -1.217270193481E-03  3.341003496109E-01
     21 T 256 BA   -3.355523900847E-01  2.001585305670E-03 -3.326882080065E-01
     22 T 256 BA   -3.366536387024E-01  3.335427123841E-01  2.583879636275E-03
     23 T 256 BA   -3.354357977835E-01  3.352768652870E-01  3.371709171946E-01
     24 T 256 BA   -3.338984065342E-01  3.328173138407E-01 -3.343730278609E-01
     25 T 256 BA   -3.359761194545E-01 -3.342858230908E-01  3.465615421229E-04
     26 T 256 BA   -3.300780878583E-01 -3.339583255579E-01  3.349382281795E-01
     27 T 256 BA   -3.362832155014E-01 -3.340549374341E-01 -3.325928398187E-01
     28 T   8 O     1.673347978398E-01  1.696914071528E-01  3.214027633327E-01
     29 T   8 O     1.679094366834E-01  1.660749852719E-01 -3.469759150113E-01
     30 T   8 O     1.667105464315E-01  1.696539365859E-01 -1.215974056868E-02
     31 T   8 O     1.655022777270E-01 -4.971738570183E-01  3.213117692045E-01
     32 T   8 O     1.697045104414E-01 -4.986079965959E-01 -3.436703788396E-01
     33 T   8 O     1.696963217979E-01  4.988028413147E-01 -1.146522317431E-02
     34 T   8 O     1.670373266664E-01 -1.666600609658E-01  3.259021379108E-01
     35 T   8 O     1.660710583702E-01 -1.647379433773E-01 -3.466080451454E-01
     36 T   8 O     1.665856013741E-01 -1.699031386714E-01 -1.153911323971E-02
     37 T   8 O    -4.998008315349E-01  1.633250425019E-01  3.229340001620E-01
     38 T   8 O    -4.976558199668E-01  1.644034202159E-01 -3.447953159648E-01
     39 T   8 O     4.973950360115E-01  1.663372610932E-01 -8.637510318947E-03
     40 T   8 O    -4.980594088586E-01  4.978725938230E-01  3.243414079729E-01
     41 T   8 O    -4.981194234640E-01 -4.986111867304E-01 -3.416632898181E-01
     42 T   8 O     4.975624912000E-01 -4.989690515033E-01 -1.267687164162E-02
     43 T   8 O    -4.987223760156E-01 -1.697732875103E-01  3.226405667178E-01
     44 T   8 O    -4.988396827595E-01 -1.696082281890E-01 -3.451029478179E-01
     45 T   8 O    -4.998771162325E-01 -1.645749752728E-01 -8.122930465205E-03
     46 T   8 O    -1.655643973057E-01  1.684124363856E-01  3.200928058254E-01
     47 T   8 O    -1.687968983775E-01  1.676810587369E-01 -3.463228754904E-01
     48 T   8 O    -1.683602167967E-01  1.643835265612E-01 -1.240620831430E-02
     49 T   8 O    -1.657812772362E-01 -4.974444602507E-01  3.207306082573E-01
     50 T   8 O    -1.645522811788E-01  4.981282642932E-01 -3.457682544117E-01
     51 T   8 O    -1.649933169289E-01 -4.985458999218E-01 -1.311830848742E-02
     52 T   8 O    -1.670748351043E-01 -1.633462149862E-01  3.223691428893E-01
     53 T   8 O    -1.676478291539E-01 -1.645302854238E-01 -3.463309906776E-01
     54 T   8 O    -1.666836993736E-01 -1.699725735703E-01 -1.009227832827E-02
     55 T   8 O     1.650058085064E-01 -2.908537372871E-03  1.615275815442E-01
     56 T   8 O     1.678537677935E-01  2.602512924895E-04  4.920720298615E-01
     57 T   8 O     1.677790775903E-01 -2.939852881810E-03 -1.704072873235E-01
     58 T   8 O     1.686550156373E-01  3.329857071009E-01  1.591718921437E-01
     59 T   8 O     1.693121332850E-01  3.318343332971E-01  4.964950555890E-01
     60 T   8 O     1.647307730998E-01  3.322058720862E-01 -1.691284954500E-01
     61 T   8 O     1.640060785071E-01 -3.338713994794E-01  1.636963109445E-01
     62 T   8 O     1.668195012622E-01 -3.300581497013E-01  4.958187551430E-01
     63 T   8 O     1.693704087900E-01 -3.352176302167E-01 -1.721877294815E-01
     64 T   8 O    -4.997075096793E-01  2.001667866822E-03  1.643782147946E-01
     65 T   8 O    -4.968260949688E-01  7.208881192476E-04  4.959161809264E-01
     66 T   8 O    -4.997401380017E-01 -3.242512684457E-03 -1.707435488686E-01
     67 T   8 O    -4.992443869271E-01  3.356168819741E-01  1.595019158835E-01
     68 T   8 O    -4.995786824976E-01  3.331253372389E-01  4.983366742145E-01
     69 T   8 O     4.995535782089E-01  3.353142986571E-01 -1.689607843625E-01
     70 T   8 O    -4.977098438823E-01 -3.336542117074E-01  1.641402377623E-01
     71 T   8 O     4.974567789142E-01 -3.323724014550E-01  4.931960310508E-01
     72 T   8 O    -4.999430606511E-01 -3.334620886184E-01 -1.748125135010E-01
     73 T   8 O    -1.680522494425E-01 -2.247920784106E-03  1.637908675755E-01
     74 T   8 O    -1.691210502266E-01 -7.576109820564E-04  4.930100175289E-01
     75 T   8 O    -1.659374481137E-01 -2.634480572152E-03 -1.734506461458E-01
     76 T   8 O    -1.646826186322E-01  3.355022965382E-01  1.601995160748E-01
     77 T   8 O    -1.661095750525E-01  3.307151862911E-01  4.931411773757E-01
     78 T   8 O    -1.662130707297E-01  3.314830413101E-01 -1.742406333158E-01
     79 T   8 O    -1.634748673569E-01 -3.327379199315E-01  1.626122270077E-01
     80 T   8 O    -1.657353722102E-01 -3.357550746167E-01  4.971797012977E-01
     81 T   8 O    -1.665820779461E-01 -3.304554203081E-01 -1.698779717733E-01
     82 T   8 O    -3.113043910525E-04  1.684227308323E-01  1.645381704429E-01
     83 T   8 O     1.762621696538E-03  1.641210423064E-01  4.938462925270E-01
     84 T   8 O    -1.131840863630E-04  1.695040037536E-01 -1.698157089194E-01
     85 T   8 O    -2.286608238740E-03 -4.977120185327E-01  1.608979230889E-01
     86 T   8 O     1.675967792421E-03 -4.971952099267E-01  4.958665826915E-01
     87 T   8 O     2.006467678967E-04 -4.971573135115E-01 -1.732819225345E-01
     88 T   8 O    -2.278398234625E-03 -1.644519082387E-01  1.607194338031E-01
     89 T   8 O    -2.905150065836E-03 -1.655730247932E-01  4.938646377024E-01
     90 T   8 O    -2.764618995747E-05 -1.670546126551E-01 -1.683198725486E-01
     91 T   8 O     3.311941132016E-01  1.664464209039E-01  1.592732928253E-01
     92 T   8 O     3.330436727667E-01  1.661127964325E-01  4.919081987152E-01
     93 T   8 O     3.312704015000E-01  1.684948011787E-01 -1.734192017318E-01
     94 T   8 O     3.301317207303E-01 -4.996199217631E-01  1.626914340491E-01
     95 T   8 O     3.332859886016E-01  4.971606967571E-01  4.968507977226E-01
     96 T   8 O     3.323669315402E-01  4.972138784178E-01 -1.731171535077E-01
     97 T   8 O     3.356152519859E-01 -1.680182522841E-01  1.597767549017E-01
     98 T   8 O     3.305972674515E-01 -1.671359749802E-01  4.969449082409E-01
     99 T   8 O     3.307725047943E-01 -1.685753472113E-01 -1.705470846558E-01
    100 T   8 O    -3.348368184255E-01  1.639305197825E-01  1.629793511365E-01
    101 T   8 O    -3.360419468232E-01  1.684005087439E-01  4.941688709136E-01
    102 T   8 O    -3.354688681926E-01  1.690048713788E-01 -1.726439781361E-01
    103 T   8 O    -3.327470003941E-01  4.990495949329E-01  1.587032966818E-01
    104 T   8 O    -3.328255291006E-01  4.966980411876E-01  4.954504605736E-01
    105 T   8 O    -3.343072321223E-01  4.968125553357E-01 -1.711500533618E-01
    106 T   8 O    -3.319295442647E-01 -1.695466068367E-01  1.607972596402E-01
    107 T   8 O    -3.361000145525E-01 -1.661201975340E-01  4.968804756792E-01
    108 T   8 O    -3.314160938244E-01 -1.686096257631E-01 -1.696573903165E-01
    109 T  22 TI    1.687483488640E-01  1.640435247821E-01  1.752027661181E-01
    110 T  22 TI    1.652490836545E-01  1.659848916923E-01 -4.945993410577E-01
    111 T  22 TI    1.649366221004E-01  1.637886295704E-01 -1.583009069279E-01
    112 T  22 TI    1.686309463952E-01 -4.992594741313E-01  1.724026471729E-01
    113 T  22 TI    1.647414545610E-01 -4.983572687107E-01 -4.895772159534E-01
    114 T  22 TI    1.635058752538E-01 -4.998857953118E-01 -1.572889901175E-01
    115 T  22 TI    1.672033322446E-01 -1.662693016446E-01  1.781403404177E-01
    116 T  22 TI    1.682179675117E-01 -1.654203344457E-01 -4.943453765843E-01
    117 T  22 TI    1.689159671976E-01 -1.691460035527E-01 -1.581165987685E-01
    118 T  22 TI   -4.985075022753E-01  1.636719924249E-01  1.746583283405E-01
    119 T  22 TI   -4.998404171823E-01  1.635931722999E-01 -4.904141003720E-01
    120 T  22 TI   -4.979886079329E-01  1.671700079345E-01 -1.558228000938E-01
    121 T  22 TI    4.975352166050E-01 -4.979024543154E-01  1.758192744453E-01
    122 T  22 TI   -4.971532115082E-01  4.985190702280E-01 -4.926835791365E-01
    123 T  22 TI   -4.968300222145E-01  4.991380768968E-01 -1.577060100170E-01
    124 T  22 TI   -4.993657393519E-01 -1.684837006579E-01  1.722758052240E-01
    125 T  22 TI   -4.988197369071E-01 -1.691177969187E-01 -4.898084164938E-01
    126 T  22 TI    4.994424959950E-01 -1.669023008632E-01 -1.615920432017E-01
    127 T  22 TI   -1.685873232979E-01  1.687343291602E-01  1.767142173381E-01
    128 T  22 TI   -1.644837808954E-01  1.691647179813E-01 -4.922321485333E-01
    129 T  22 TI   -1.635485247491E-01  1.675607401379E-01 -1.575399607655E-01
    130 T  22 TI   -1.642824858730E-01 -4.983221169661E-01  1.733279259159E-01
    131 T  22 TI   -1.693353688289E-01 -4.980132353548E-01 -4.921695659647E-01
    132 T  22 TI   -1.637036558110E-01  4.995205054352E-01 -1.569235832146E-01
    133 T  22 TI   -1.669415869782E-01 -1.633475623557E-01  1.753716665567E-01
    134 T  22 TI   -1.677868781010E-01 -1.635304499320E-01 -4.921464428837E-01
    135 T  22 TI   -1.651038011220E-01 -1.642582359340E-01 -1.600783319027E-01

 T = ATOM BELONGING TO THE ASYMMETRIC UNIT

 ****    1 SYMMOPS - TRANSLATORS IN FRACTIONAL UNITS
 **** MATRICES AND TRANSLATORS IN THE CRYSTALLOGRAPHIC REFERENCE FRAME
   V INV                    ROTATION MATRICES                   TRANSLATORS
   1   1  1.00  0.00  0.00  0.00  1.00  0.00  0.00  0.00  1.00  0.00  0.00  0.00

 DIRECT LATTICE VECTORS CARTESIAN COMPONENTS (ANGSTROM)
          X                    Y                    Z
   0.119077330500E+02   0.000000000000E+00   0.000000000000E+00
   0.000000000000E+00   0.119077330500E+02   0.000000000000E+00
   0.000000000000E+00   0.000000000000E+00   0.122747958000E+02


 CARTESIAN COORDINATES - PRIMITIVE CELL
 *******************************************************************************
 *      ATOM          X(ANGSTROM)         Y(ANGSTROM)         Z(ANGSTROM)
 *******************************************************************************
    1   256 BA   -2.943778255622E-02  2.388328771237E-02  1.341886928352E-02
    2   256 BA    3.248960394513E-02  1.476736784409E-02  4.099719657848E+00
    3   256 BA   -1.518421162584E-02  7.705188332757E-03  8.245578317282E+00
    4   256 BA   -1.089017004170E-03  3.929834014098E+00  1.943053225880E-02
    5   256 BA   -4.307039422345E-03  3.982540382225E+00  4.155263690928E+00
    6   256 BA    1.728602037323E-02  3.991521110436E+00  8.237754885781E+00
    7   256 BA    7.552307281855E-04  7.909376020862E+00 -1.234227379487E-03
    8   256 BA   -2.587304060719E-02  7.955975186023E+00  4.092788659807E+00
    9   256 BA   -3.429882278266E-02  7.925776550213E+00  8.225569598082E+00
   10   256 BA    3.981052380605E+00  6.531096652448E-03  6.384144568209E-02
   11   256 BA    4.007688182279E+00 -9.548060843451E-03  4.112225488109E+00
   12   256 BA    3.945655217923E+00 -1.814718790504E-02  8.236108558149E+00
   13   256 BA    3.988376162613E+00  3.985059934011E+00 -5.180009546548E-03
   14   256 BA    4.003814714256E+00  3.988117826064E+00  4.110807595452E+00
   15   256 BA    3.998328509713E+00  3.995859765512E+00  8.216145923991E+00
   16   256 BA    3.937548298120E+00  7.918040155998E+00  3.949853149475E-02
   17   256 BA    3.955805730067E+00  7.909077940874E+00  4.141330759391E+00
   18   256 BA    3.953885665025E+00  7.919396693468E+00  8.177766883436E+00
   19   256 BA    7.922284218162E+00  3.645360092149E-02  2.911022629017E-02
   20   256 BA    7.971784672573E+00 -1.449492851370E-02  4.101013568183E+00
   21   256 BA    7.912064764582E+00  2.383434349672E-02  8.191115981653E+00
   22   256 BA    7.898951390020E+00  3.971737579843E+00  3.171659490705E-02
   23   256 BA    7.913453114580E+00  3.992387409678E+00  4.138704158263E+00
   24   256 BA    7.931759959171E+00  3.963099727633E+00  8.170435161979E+00
   25   256 BA    7.907019108361E+00  7.927146706235E+00  4.253972161691E-03
   26   256 BA    7.977251294129E+00  7.931046459431E+00  4.111298356517E+00
   27   256 BA    7.903362290614E+00  7.929896031000E+00  8.192286606683E+00
   28     8 O     1.992578102652E+00  2.020639977254E+00  3.945153289464E+00
   29     8 O     1.999420748601E+00  1.977576590900E+00  8.015737295718E+00
   30     8 O     1.985144683525E+00  2.020193787747E+00  1.212553746754E+01
   31     8 O     1.970756942340E+00  5.987519481188E+00  3.944036355122E+00
   32     8 O     2.020796007717E+00  5.970442129941E+00  8.056312077236E+00
   33     8 O     2.020698499537E+00  5.939611078957E+00  1.213406252673E+01
   34     8 O     1.989035895330E+00  9.923189533922E+00  4.000382193638E+00
   35     8 O     1.977529830403E+00  9.946077597057E+00  8.020252823203E+00
   36     8 O     1.983656871137E+00  9.884571830344E+00  1.213315554127E+01
   37     8 O     5.956238169914E+00  1.944831006492E+00  3.963948908866E+00
   38     8 O     5.981780395057E+00  1.957672040438E+00  8.042503703736E+00
   39     8 O     5.922847309221E+00  1.980699701366E+00  1.216877212461E+01
   40     8 O     5.976974566271E+00  5.928533940155E+00  3.981224552352E+00
   41     8 O     5.976259928371E+00  5.970404142671E+00  8.080948685127E+00
   42     8 O     5.924841320903E+00  5.966142784487E+00  1.211918978922E+01
   43     8 O     5.969080130345E+00  9.886118063306E+00  3.960347073257E+00
   44     8 O     5.967683272954E+00  9.888083545641E+00  8.038727585557E+00
   45     8 O     5.955329792100E+00  9.948018177741E+00  1.217508848724E+01
   46     8 O     9.936236404299E+00  2.005410334780E+00  3.929073828556E+00
   47     8 O     9.897744644453E+00  1.996701284980E+00  8.023753222487E+00
   48     8 O     9.902944532145E+00  1.957435152109E+00  1.212251212629E+01
   49     8 O     9.933653855983E+00  5.984297210133E+00  3.936902723168E+00
   50     8 O     9.948288412955E+00  5.931578395864E+00  8.030561082974E+00
   51     8 O     9.943036676977E+00  5.971181560559E+00  1.211377124208E+01
   52     8 O     9.918250514205E+00  9.962649927217E+00  3.957015401188E+00
   53     8 O     9.911427454024E+00  9.948550332533E+00  8.023653610221E+00
   54     8 O     9.922908054073E+00  9.883745018104E+00  1.215091514436E+01
   55     8 O     1.964845119394E+00 -3.463408660210E-02  1.982718079523E+00
   56     8 O     1.998757858322E+00  3.099002916883E-03  6.040083685442E+00
   57     8 O     1.997868467320E+00 -3.500698332287E-02  1.018308114527E+01
   58     8 O     2.008298903753E+00  3.965104909623E+00  1.953802473163E+00
   59     8 O     2.016123685284E+00  3.951394657726E+00  6.094375423065E+00
   60     8 O     1.961570071193E+00  3.955818842445E+00  1.019877805439E+01
   61     8 O     1.952940601440E+00  7.932081551969E+00  2.009338790057E+00
   62     8 O     1.986442088565E+00  7.977488712380E+00  6.086073973191E+00
   63     8 O     2.016817614440E+00  7.916050995725E+00  1.016122658135E+01
   64     8 O     5.957349421658E+00  2.383532661288E-02  2.017709020572E+00
   65     8 O     5.991660538837E+00  8.584143282917E-03  6.087269854787E+00
   66     8 O     5.956960892305E+00 -3.861097545775E-02  1.017895360347E+01
   67     8 O     5.962864163762E+00  3.996436237620E+00  1.957853447178E+00
   68     8 O     5.958883461348E+00  3.966767588032E+00  6.116980915635E+00
   69     8 O     5.948550653484E+00  3.992833156257E+00  1.020083667374E+01
   70     8 O     5.981137092692E+00  7.934667765980E+00  2.014787901096E+00
   71     8 O     5.923582527223E+00  7.949931220286E+00  6.053880570519E+00
   72     8 O     5.954544543567E+00  7.936955516437E+00  1.012900789349E+01
   73     8 O     9.906611725186E+00 -2.676764061468E-02  2.010499453394E+00
   74     8 O     9.893884730766E+00 -9.021429330076E-03  6.051597292522E+00
   75     8 O     9.931794214864E+00 -3.137069137860E-02  1.014572453718E+01
   76     8 O     9.946736389353E+00  3.995071784839E+00  1.966416347077E+00
   77     8 O     9.929744573226E+00  3.938068153935E+00  6.053207252859E+00
   78     8 O     9.928512174330E+00  3.947211566523E+00  1.013602760599E+01
   79     8 O     9.961117969130E+00  7.945578723843E+00  1.996031881102E+00
   80     8 O     9.934200480779E+00  7.909651251282E+00  6.102779309334E+00
   81     8 O     9.924118134904E+00  7.972758120045E+00  1.018957838556E+01
   82     8 O    -3.706929585946E-03  2.005532918303E+00  2.019672443493E+00
   83     8 O     2.098882863051E-02  1.954309559673E+00  6.061862397355E+00
   84     8 O    -1.347765885918E-03  2.018408427604E+00  1.019034264938E+01
   85     8 O    -2.722832049684E-02  5.981111197536E+00  1.974989150560E+00
   86     8 O     1.995697707255E-02  5.987265216454E+00  6.086661046582E+00
   87     8 O     2.389248149460E-03  5.987716476849E+00  1.014779558506E+01
   88     8 O    -2.713055795950E-02  9.949483627131E+00  1.972798231025E+00
   89     8 O    -3.459375145417E-02  9.936133670482E+00  6.062087580638E+00
   90     8 O    -3.292034498631E-04  9.918491317732E+00  1.020870373538E+01
   91     8 O     3.943771087736E+00  1.981999547252E+00  1.955047145824E+00
   92     8 O     3.965795149297E+00  1.978026836107E+00  6.038072691575E+00
   93     8 O     3.944679508429E+00  2.006391112749E+00  1.014611051094E+01
   94     8 O     3.931120401794E+00  5.958392395183E+00  1.997004131362E+00
   95     8 O     3.968680581573E+00  5.920056859936E+00  6.098742085112E+00
   96     8 O     3.957736695428E+00  5.920690132955E+00  1.014981809122E+01
   97     8 O     3.996416828157E+00  9.907016554273E+00  1.961227040005E+00
   98     8 O     3.936664007871E+00  9.917522476884E+00  6.099897272506E+00
   99     8 O     3.938750687370E+00  9.900382816597E+00  1.018136516157E+01
  100     8 O     7.920585600878E+00  1.952040868317E+00  2.000538254817E+00
  101     8 O     7.906235253627E+00  2.005268303607E+00  6.065821981181E+00
  102     8 O     7.913059320977E+00  2.012464892528E+00  1.015562622228E+01
  103     8 O     7.945470596119E+00  5.942549355172E+00  1.948050559556E+00
  104     8 O     7.944535497245E+00  5.914547680919E+00  6.081553232557E+00
  105     8 O     7.926891773203E+00  5.915911284825E+00  1.017396384382E+01
  106     8 O     7.955204645488E+00  9.888817316255E+00  1.973753527284E+00
  107     8 O     7.905543798607E+00  9.929618083552E+00  6.099106375969E+00
  108     8 O     7.961318676266E+00  9.899974636753E+00  1.019228597790E+01
  109    22 TI    2.009410290901E+00  1.953386501687E+00  2.150578177695E+00
  110    22 TI    1.967741974915E+00  1.976503780605E+00  6.203689885703E+00
  111    22 TI    1.964021266141E+00  1.950351277549E+00  1.033168449251E+01
  112    22 TI    2.008012293642E+00  5.962684509361E+00  2.116207289427E+00
  113    22 TI    1.961697263181E+00  5.973427730666E+00  6.265335445839E+00
  114    22 TI    1.946984314629E+00  5.955226443940E+00  1.034410556472E+01
  115    22 TI    1.991012645439E+00  9.927842591606E+00  2.186636302370E+00
  116    22 TI    2.003094651342E+00  9.937951866379E+00  6.206807247754E+00
  117    22 TI    2.011406245271E+00  9.893587593220E+00  1.033394683753E+01
  118    22 TI    5.971638789484E+00  1.948962393557E+00  2.143895315149E+00
  119    22 TI    5.955766794592E+00  1.948023824550E+00  6.255062860494E+00
  120    22 TI    5.977817644794E+00  1.990615828451E+00  1.036210274786E+01
  121    22 TI    5.924516542307E+00  5.978843539072E+00  2.158145691520E+00
  122    22 TI    5.987765322411E+00  5.936232008610E+00  6.227205472087E+00
  123    22 TI    5.991613774244E+00  5.943602974777E+00  1.033898673061E+01
  124    22 TI    5.961419131481E+00  9.901474119290E+00  2.114650330405E+00
  125    22 TI    5.967920782839E+00  9.893923470288E+00  6.262497506418E+00
  126    22 TI    5.947227916134E+00  9.920305005891E+00  1.029128646679E+01
  127    22 TI    9.900240208554E+00  2.009243348010E+00  2.169130932782E+00
  128    22 TI    9.949104096043E+00  2.014368303199E+00  6.232746690558E+00
  129    22 TI    9.960240876567E+00  1.995268563223E+00  1.034102495126E+01
  130    22 TI    9.951501063434E+00  5.973846308257E+00  2.127564897055E+00
  131    22 TI    9.891332682063E+00  5.977524388028E+00  6.233514878808E+00
  132    22 TI    9.958393617294E+00  5.948156831724E+00  1.034859085984E+01
  133    22 TI    9.919837197321E+00  9.962633883100E+00  2.152651396089E+00
  134    22 TI    9.909771696281E+00  9.960456106663E+00  6.233798709906E+00
  135    22 TI    9.941721060698E+00  9.951789825234E+00  1.030986696389E+01

 *******************************************************************************
 *** PSEUDOPOTENTIAL INFORMATION ***
 *******************************************************************************

 ATOMIC NUMBER  56, NUCLEAR CHARGE 10.000, GIVEN IN INPUT       PSEUDOPOTENTIAL
   TYPE       EXPONENT      COEFF.    N      EXPONENT      COEFF.    N
  P0 TMS     9.5269860  427.8458160   0     4.4875100  204.4175300   0
  P1 TMS     8.3159300  293.6058640   0     4.2922170  294.1933160   0
  P2 TMS     5.9161080  112.5504020   0     2.8748420  181.7826210   0
  P3 TMS     3.5894650  -33.4731740   0

 *******************************************************************************
 LOCAL ATOMIC FUNCTIONS BASIS SET
 *******************************************************************************
   ATOM   X(AU)   Y(AU)   Z(AU)  N. TYPE  EXPONENT  S COEF   P COEF   D/F/G COEF
 *******************************************************************************
   1 BA  -0.056   0.045   0.025
                                  1 S  
                                         2.396E+00-5.955E+00 0.000E+00 0.000E+00
                                         2.243E+00 6.681E+00 0.000E+00 0.000E+00
                                         7.174E-01-5.706E-01 0.000E+00 0.000E+00
                                  2 S  
                                         2.742E-01 1.000E+00 0.000E+00 0.000E+00
                           3-     6 SP 
                                         1.300E-01 1.000E+00 1.000E+00 0.000E+00
                           7-     9 P  
                                         2.927E+00 0.000E+00 7.982E-01 0.000E+00
                                         2.521E+00 0.000E+00-1.071E+00 0.000E+00
                                         6.758E-01 0.000E+00 3.494E-01 0.000E+00
                                         3.199E-01 0.000E+00 6.504E-01 0.000E+00
                          10-    14 D  
                                         9.663E-01 0.000E+00 0.000E+00-9.089E-01
                                         8.938E-01 0.000E+00 0.000E+00 9.472E-01
                          15-    19 D  
                                         2.732E-01 0.000E+00 0.000E+00 3.221E-01
   2 BA   0.061   0.028   7.747
   3 BA  -0.029   0.015  15.582
   4 BA  -0.002   7.426   0.037
   5 BA  -0.008   7.526   7.852
   6 BA   0.033   7.543  15.567
   7 BA   0.001  14.947  -0.002
   8 BA  -0.049  15.035   7.734
   9 BA  -0.065  14.978  15.544
  10 BA   7.523   0.012   0.121
  11 BA   7.573  -0.018   7.771
  12 BA   7.456  -0.034  15.564
  13 BA   7.537   7.531  -0.010
  14 BA   7.566   7.536   7.768
  15 BA   7.556   7.551  15.526
  16 BA   7.441  14.963   0.075
  17 BA   7.475  14.946   7.826
  18 BA   7.472  14.965  15.454
  19 BA  14.971   0.069   0.055
  20 BA  15.064  -0.027   7.750
  21 BA  14.952   0.045  15.479
  22 BA  14.927   7.505   0.060
  23 BA  14.954   7.545   7.821
  24 BA  14.989   7.489  15.440
  25 BA  14.942  14.980   0.008
  26 BA  15.075  14.988   7.769
  27 BA  14.935  14.985  15.481
  28 O    3.765   3.818   7.455
                                514 S  
                                         2.703E+04 2.173E-04 0.000E+00 0.000E+00
                                         4.052E+03 1.684E-03 0.000E+00 0.000E+00
                                         9.223E+02 8.740E-03 0.000E+00 0.000E+00
                                         2.612E+02 3.524E-02 0.000E+00 0.000E+00
                                         8.535E+01 1.115E-01 0.000E+00 0.000E+00
                                         3.104E+01 2.559E-01 0.000E+00 0.000E+00
                                515 S  
                                         1.227E+01 3.977E-01 0.000E+00 0.000E+00
                                         4.916E+00 2.463E-01 0.000E+00 0.000E+00
                                516 S  
                                         9.009E-01 1.000E+00 0.000E+00 0.000E+00
                         517-   520 SP 
                                         2.500E-01 1.000E+00 1.000E+00 0.000E+00
                         521-   523 P  
                                         7.530E+01 0.000E+00 6.069E-03 0.000E+00
                                         1.774E+01 0.000E+00 4.191E-02 0.000E+00
                                         5.536E+00 0.000E+00 1.615E-01 0.000E+00
                                         2.069E+00 0.000E+00 3.571E-01 0.000E+00
                         524-   526 P  
                                         7.824E-01 0.000E+00 1.000E+00 0.000E+00
                         527-   531 D  
                                         1.200E+00 0.000E+00 0.000E+00 1.000E+00
  29 O    3.778   3.737  15.148
  30 O    3.751   3.818  22.914
  31 O    3.724  11.315   7.453
  32 O    3.819  11.283  15.224
  33 O    3.819  11.224  22.930
  34 O    3.759  18.752   7.560
  35 O    3.737  18.795  15.156
  36 O    3.749  18.679  22.928
  37 O   11.256   3.675   7.491
  38 O   11.304   3.699  15.198
  39 O   11.193   3.743  22.996
  40 O   11.295  11.203   7.523
  41 O   11.293  11.282  15.271
  42 O   11.196  11.274  22.902
  43 O   11.280  18.682   7.484
  44 O   11.277  18.686  15.191
  45 O   11.254  18.799  23.008
  46 O   18.777   3.790   7.425
  47 O   18.704   3.773  15.163
  48 O   18.714   3.699  22.908
  49 O   18.772  11.309   7.440
  50 O   18.800  11.209  15.176
  51 O   18.790  11.284  22.892
  52 O   18.743  18.827   7.478
  53 O   18.730  18.800  15.163
  54 O   18.752  18.678  22.962
  55 O    3.713  -0.065   3.747
  56 O    3.777   0.006  11.414
  57 O    3.775  -0.066  19.243
  58 O    3.795   7.493   3.692
  59 O    3.810   7.467  11.517
  60 O    3.707   7.475  19.273
  61 O    3.691  14.989   3.797
  62 O    3.754  15.075  11.501
  63 O    3.811  14.959  19.202
  64 O   11.258   0.045   3.813
  65 O   11.323   0.016  11.503
  66 O   11.257  -0.073  19.235
  67 O   11.268   7.552   3.700
  68 O   11.261   7.496  11.559
  69 O   11.241   7.545  19.277
  70 O   11.303  14.994   3.807
  71 O   11.194  15.023  11.440
  72 O   11.252  14.999  19.141
  73 O   18.721  -0.051   3.799
  74 O   18.697  -0.017  11.436
  75 O   18.768  -0.059  19.173
  76 O   18.797   7.550   3.716
  77 O   18.764   7.442  11.439
  78 O   18.762   7.459  19.154
  79 O   18.824  15.015   3.772
  80 O   18.773  14.947  11.533
  81 O   18.754  15.066  19.256
  82 O   -0.007   3.790   3.817
  83 O    0.040   3.693  11.455
  84 O   -0.003   3.814  19.257
  85 O   -0.051  11.303   3.732
  86 O    0.038  11.314  11.502
  87 O    0.005  11.315  19.177
  88 O   -0.051  18.802   3.728
  89 O   -0.065  18.777  11.456
  90 O   -0.001  18.743  19.292
  91 O    7.453   3.745   3.695
  92 O    7.494   3.738  11.410
  93 O    7.454   3.792  19.173
  94 O    7.429  11.260   3.774
  95 O    7.500  11.187  11.525
  96 O    7.479  11.188  19.180
  97 O    7.552  18.722   3.706
  98 O    7.439  18.741  11.527
  99 O    7.443  18.709  19.240
 100 O   14.968   3.689   3.780
 101 O   14.941   3.789  11.463
 102 O   14.954   3.803  19.191
 103 O   15.015  11.230   3.681
 104 O   15.013  11.177  11.492
 105 O   14.980  11.179  19.226
 106 O   15.033  18.687   3.730
 107 O   14.939  18.764  11.526
 108 O   15.045  18.708  19.261
 109 TI   3.797   3.691   4.064
                               1972 S  
                                         2.116E+05 2.332E-04 0.000E+00 0.000E+00
                                         3.171E+04 1.808E-03 0.000E+00 0.000E+00
                                         7.218E+03 9.398E-03 0.000E+00 0.000E+00
                                         2.043E+03 3.816E-02 0.000E+00 0.000E+00
                                         6.651E+02 1.237E-01 0.000E+00 0.000E+00
                                         2.387E+02 2.921E-01 0.000E+00 0.000E+00
                                         9.251E+01 4.123E-01 0.000E+00 0.000E+00
                                         3.640E+01 2.109E-01 0.000E+00 0.000E+00
                               1973 S  
                                         2.327E+02-2.492E-02 0.000E+00 0.000E+00
                                         7.179E+01-1.175E-01 0.000E+00 0.000E+00
                                         1.116E+01 5.650E-01 0.000E+00 0.000E+00
                                         4.655E+00 5.621E-01 0.000E+00 0.000E+00
                               1974 S  
                                         6.803E+00-2.301E-01 0.000E+00 0.000E+00
                                         1.120E+00 7.210E-01 0.000E+00 0.000E+00
                               1975 S  
                                         4.808E-01 1.000E+00 0.000E+00 0.000E+00
                               1976 S  
                                         2.400E-01 1.000E+00 0.000E+00 0.000E+00
                        1977-  1980 SP 
                                         1.200E-01 1.000E+00 1.000E+00 0.000E+00
                        1981-  1983 P  
                                         1.063E+03 0.000E+00 2.469E-03 0.000E+00
                                         2.516E+02 0.000E+00 1.977E-02 0.000E+00
                                         8.041E+01 0.000E+00 9.099E-02 0.000E+00
                                         2.977E+01 0.000E+00 2.556E-01 0.000E+00
                                         1.174E+01 0.000E+00 4.049E-01 0.000E+00
                                         4.714E+00 0.000E+00 2.369E-01 0.000E+00
                        1984-  1986 P  
                                         1.780E+01 0.000E+00-2.788E-02 0.000E+00
                                         2.427E+00 0.000E+00 5.567E-01 0.000E+00
                                         9.682E-01 0.000E+00 1.006E+00 0.000E+00
                        1987-  1989 P  
                                         3.706E-01 0.000E+00 1.000E+00 0.000E+00
                        1990-  1994 D  
                                         3.771E+01 0.000E+00 0.000E+00 1.151E-02
                                         1.069E+01 0.000E+00 0.000E+00 6.725E-02
                                         3.673E+00 0.000E+00 0.000E+00 2.148E-01
                                         1.359E+00 0.000E+00 0.000E+00 3.889E-01
                        1995-  1999 D  
                                         5.400E-01 0.000E+00 0.000E+00 1.000E+00
                        2000-  2004 D  
                                         2.200E-01 0.000E+00 0.000E+00 1.000E+00
 110 TI   3.718   3.735  11.723
 111 TI   3.711   3.686  19.524
 112 TI   3.795  11.268   3.999
 113 TI   3.707  11.288  11.840
 114 TI   3.679  11.254  19.548
 115 TI   3.762  18.761   4.132
 116 TI   3.785  18.780  11.729
 117 TI   3.801  18.696  19.528
 118 TI  11.285   3.683   4.051
 119 TI  11.255   3.681  11.820
 120 TI  11.296   3.762  19.582
 121 TI  11.196  11.298   4.078
 122 TI  11.315  11.218  11.768
 123 TI  11.323  11.232  19.538
 124 TI  11.265  18.711   3.996
 125 TI  11.278  18.697  11.834
 126 TI  11.239  18.747  19.448
 127 TI  18.709   3.797   4.099
 128 TI  18.801   3.807  11.778
 129 TI  18.822   3.771  19.542
 130 TI  18.806  11.289   4.021
 131 TI  18.692  11.296  11.780
 132 TI  18.819  11.240  19.556
 133 TI  18.746  18.827   4.068
 134 TI  18.727  18.823  11.780
 135 TI  18.787  18.806  19.483
 INFORMATION **** SET_MPP **** PCRYSTAL CALCULATION
 INFORMATION **** READM2 **** NEW DEFAULT: FOCK/KS MATRIX MIXING SET TO 30 %
 INFORMATION **** READM2 **** NEW DEFAULT: FULL DIRECT SCF MODE
 INFORMATION **** READM2 **** NEW DEFAULT: COULOMB BIPOLAR BUFFER SET TO 32 Mb
 INFORMATION **** READM2 **** NEW DEFAULT: EXCHANGE BIPOLAR BUFFER SET TO 32 Mb

 *******************************************************************************
 NEW DEFAULT: DFT INTEGRATION GRID INCREASED TO XLGRID
 NEW DEFAULT: DIIS ACCELERATOR ACTIVE
 USE KEYWORD NODIIS TO TURN IT OFF
 *******************************************************************************

 INFORMATION **** TOLINTEG **** COULOMB AND EXCHANGE SERIES TOLERANCES MODIFIED
 INFORMATION **** MAXCYCLE **** MAX NUMBER OF SCF CYCLES SET TO         100
 INFORMATION **** EXCHSIZE **** EXCHANGE BIPOLAR BUFFER SIZE SET TO    30000000
 INFORMATION **** BIPOSIZE **** COULOMB BIPOLAR BUFFER SET TO    30000000
 INFORMATION **** GRADCAL **** ANALYTICAL GRADIENT AFTER SCF COMPLETED
 *******************************************************************************
 N. OF ATOMS PER CELL       135  COULOMB OVERLAP TOL         (T1) 10**   -8
 NUMBER OF SHELLS          1053  COULOMB PENETRATION TOL     (T2) 10**   -8
 NUMBER OF AO              2862  EXCHANGE OVERLAP TOL        (T3) 10**   -8
 N. OF ELECTRONS PER CELL  1512  EXCHANGE PSEUDO OVP (F(G))  (T4) 10**   -8
 CORE ELECTRONS PER CELL    648  EXCHANGE PSEUDO OVP (P(G))  (T5) 10**  -16
 N. OF SYMMETRY OPERATORS     1  POLE ORDER IN MONO ZONE                  4
 *******************************************************************************
 TYPE OF CALCULATION :  RESTRICTED CLOSED SHELL
 KOHN-SHAM HAMILTONIAN

 (EXCHANGE)[CORRELATION] FUNCTIONAL:(PERDEW-BURKE-ERNZERHOF)[PERDEW-BURKE-ERNZERHOF]


 HYBRID EXCHANGE - PERCENTAGE OF FOCK EXCHANGE    25.0000
 CORE  PSEUDO POTENTIAL         TOL. ON PSEUDO              (TP) 10**- 6

 CAPPA:IS1  2;IS2  2;IS3  2; K PTS MONK NET   8; SYMMOPS:K SPACE   2;G SPACE   1

 *******************************************************************************
 MAX NUMBER OF SCF CYCLES     100  CONVERGENCE ON DELTAP        10**-16
 WEIGHT OF F(I) IN F(I+1)      80% CONVERGENCE ON ENERGY        10**- 6
 SHRINK. FACT.(MONKH.)    2  2  2  NUMBER OF K POINTS IN THE IBZ      8
 SHRINKING FACTOR(GILAT NET)    2  NUMBER OF K POINTS(GILAT NET)      8
 *******************************************************************************
 *** K POINTS COORDINATES (OBLIQUE COORDINATES IN UNITS OF IS =  2)
   1-R(  0  0  0)   2-R(  1  0  0)   3-R(  0  1  0)   4-R(  1  1  0)
   5-R(  0  0  1)   6-R(  1  0  1)   7-R(  0  1  1)   8-R(  1  1  1)

 DIRECT LATTICE VECTORS COMPON. (A.U.)     RECIP. LATTICE VECTORS COMPON. (A.U.) 
        X            Y            Z              X            Y            Z
   22.5023543    0.0000000    0.0000000      0.2792235    0.0000000    0.0000000
    0.0000000   22.5023543    0.0000000      0.0000000    0.2792235    0.0000000
    0.0000000    0.0000000   23.1960024      0.0000000    0.0000000    0.2708736

 DISK SPACE FOR EIGENVECTORS (FTN 10)    65528352 REALS

 SYMMETRY ADAPTION OF THE BLOCH FUNCTIONS DISABLED
 TTTTTTTTTTTTTTTTTTTTTTTTTTTTTT gordsh1     TELAPSE        0.95 TCPU        0.40

 MATRIX SIZE: P(G) 7083728, F(G) 1249095, P(G) IRR 3549667, F(G) IRR 1252875
 MAX G-VECTOR INDEX FOR 1- AND 2-ELECTRON INTEGRALS  27

 TTTTTTTTTTTTTTTTTTTTTTTTTTTTTT INPUT       TELAPSE        4.03 TCPU        3.48

 NEIGHBORS OF THE NON-EQUIVALENT ATOMS

 N = NUMBER OF NEIGHBORS AT DISTANCE R
    ATOM  N     R/ANG      R/AU   NEIGHBORS (ATOM LABELS AND CELL INDICES)
   1 BA   1     2.7691     5.2329   48 O   -1 0-1
   1 BA   1     2.7871     5.2669   88 O    0-1 0
   1 BA   1     2.8033     5.2975   55 O    0 0 0
   1 BA   1     2.8069     5.3042   73 O   -1 0 0
   1 BA   1     2.8200     5.3291   82 O    0 0 0
   1 BA   1     2.8348     5.3570   54 O   -1-1-1

   2 BA   1     2.7590     5.2137   83 O    0 0 0
   2 BA   1     2.7625     5.2204   56 O    0 0 0
   2 BA   1     2.7930     5.2781   89 O    0-1 0
   2 BA   1     2.7991     5.2896   34 O    0-1 0
   2 BA   1     2.8088     5.3079   28 O    0 0 0
   2 BA   1     2.8195     5.3281   52 O   -1-1 0

   3 BA   1     2.7307     5.1602   75 O   -1 0 0
   3 BA   1     2.7943     5.2805   57 O    0 0 0
   3 BA   1     2.7974     5.2862   84 O    0 0 0
   3 BA   1     2.8003     5.2919   90 O    0-1 0
   3 BA   1     2.8005     5.2922   53 O   -1-1 0
   3 BA   1     2.8107     5.3115   35 O    0-1 0

   4 BA   1     2.7605     5.2166   30 O    0 0-1
   4 BA   1     2.7634     5.2220   76 O   -1 0 0
   4 BA   1     2.7756     5.2451   82 O    0 0 0
   4 BA   1     2.7894     5.2712   58 O    0 0 0
   4 BA   1     2.8169     5.3231   48 O   -1 0-1
   4 BA   1     2.8342     5.3558   85 O    0 0 0

   5 BA   1     2.7385     5.1751   77 O   -1 0 0
   5 BA   1     2.7838     5.2606   83 O    0 0 0
   5 BA   1     2.7838     5.2607   86 O    0 0 0
   5 BA   1     2.7982     5.2879   46 O   -1 0 0
   5 BA   1     2.8006     5.2923   59 O    0 0 0
   5 BA   1     2.8073     5.3050   28 O    0 0 0

   6 BA   1     2.7553     5.2067   78 O   -1 0 0
   6 BA   1     2.7617     5.2189   60 O    0 0 0
   6 BA   1     2.7628     5.2210   87 O    0 0 0
   6 BA   1     2.7760     5.2459   84 O    0 0 0
   6 BA   1     2.7774     5.2486   50 O   -1 0 0
   6 BA   1     2.8219     5.3326   32 O    0 0 0

   7 BA   1     2.7612     5.2180   85 O    0 0 0
   7 BA   1     2.7650     5.2251   51 O   -1 0-1
   7 BA   1     2.7897     5.2718   79 O   -1 0 0
   7 BA   1     2.8023     5.2956   36 O    0 0-1
   7 BA   1     2.8025     5.2959   61 O    0 0 0
   7 BA   1     2.8028     5.2965   54 O   -1 0-1

   8 BA   1     2.7762     5.2463   49 O   -1 0 0
   8 BA   1     2.7927     5.2775   89 O    0 0 0
   8 BA   1     2.7992     5.2897   80 O   -1 0 0
   8 BA   1     2.8024     5.2958   86 O    0 0 0
   8 BA   1     2.8078     5.3059   31 O    0 0 0
   8 BA   1     2.8109     5.3118   52 O   -1 0 0

   9 BA   1     2.7299     5.1588   87 O    0 0 0
   9 BA   1     2.7676     5.2299   81 O   -1 0 0
   9 BA   1     2.7787     5.2509   50 O   -1 0 0
   9 BA   1     2.8116     5.3131   90 O    0 0 0
   9 BA   1     2.8203     5.3295   63 O    0 0 0
   9 BA   1     2.8252     5.3389   53 O   -1 0 0

  10 BA   1     2.7351     5.1685   91 O    0 0 0
  10 BA   1     2.7621     5.2197   97 O    0-1 0
  10 BA   1     2.7743     5.2427   39 O    0 0-1
  10 BA   1     2.7791     5.2518   64 O    0 0 0
  10 BA   1     2.7837     5.2604   55 O    0 0 0
  10 BA   1     2.7912     5.2746   45 O    0-1-1

  11 BA   1     2.7638     5.2228   37 O    0 0 0
  11 BA   1     2.7679     5.2305   92 O    0 0 0
  11 BA   1     2.7843     5.2617   56 O    0 0 0
  11 BA   1     2.7995     5.2903   65 O    0 0 0
  11 BA   1     2.8069     5.3043   98 O    0-1 0
  11 BA   1     2.8140     5.3177   43 O    0-1 0

  12 BA   1     2.7541     5.2044   57 O    0 0 0
  12 BA   1     2.7744     5.2429   35 O    0-1 0
  12 BA   1     2.7823     5.2577   99 O    0-1 0
  12 BA   1     2.7833     5.2597   93 O    0 0 0
  12 BA   1     2.7963     5.2842   29 O    0 0 0
  12 BA   1     2.7965     5.2846   66 O    0 0 0

  13 BA   1     2.7744     5.2428   42 O    0 0-1
  13 BA   1     2.7768     5.2473   33 O    0 0-1
  13 BA   1     2.7843     5.2615   67 O    0 0 0
  13 BA   1     2.7854     5.2637   58 O    0 0 0
  13 BA   1     2.7874     5.2675   39 O    0 0-1
  13 BA   1     2.8030     5.2969   91 O    0 0 0

  14 BA   1     2.7704     5.2354   40 O    0 0 0
  14 BA   1     2.7723     5.2388   95 O    0 0 0
  14 BA   1     2.7850     5.2629   92 O    0 0 0
  14 BA   1     2.8013     5.2938   68 O    0 0 0
  14 BA   1     2.8083     5.3070   59 O    0 0 0
  14 BA   1     2.8184     5.3260   28 O    0 0 0

  15 BA   1     2.7287     5.1565   96 O    0 0 0
  15 BA   1     2.7723     5.2389   93 O    0 0 0
  15 BA   1     2.7825     5.2582   69 O    0 0 0
  15 BA   1     2.7981     5.2876   41 O    0 0 0
  15 BA   1     2.7991     5.2896   32 O    0 0 0
  15 BA   1     2.8427     5.3719   60 O    0 0 0

  16 BA   1     2.7606     5.2168   33 O    0 0-1
  16 BA   1     2.7663     5.2276   97 O    0 0 0
  16 BA   1     2.7699     5.2343   94 O    0 0 0
  16 BA   1     2.7781     5.2498   36 O    0 0-1
  16 BA   1     2.7924     5.2768   42 O    0 0-1
  16 BA   1     2.7963     5.2842   61 O    0 0 0

  17 BA   1     2.7444     5.1861   71 O    0 0 0
  17 BA   1     2.7686     5.2319   62 O    0 0 0
  17 BA   1     2.7698     5.2341   31 O    0 0 0
  17 BA   1     2.7907     5.2736   95 O    0 0 0
  17 BA   1     2.8054     5.3014   98 O    0 0 0
  17 BA   1     2.8186     5.3264   34 O    0 0 0

  18 BA   1     2.7477     5.1925   32 O    0 0 0
  18 BA   1     2.7724     5.2391   63 O    0 0 0
  18 BA   1     2.7947     5.2812   72 O    0 0 0
  18 BA   1     2.8078     5.3060   96 O    0 0 0
  18 BA   1     2.8103     5.3108   41 O    0 0 0
  18 BA   1     2.8176     5.3245   99 O    0 0 0

  19 BA   1     2.7488     5.1945  100 O    0 0 0
  19 BA   1     2.7652     5.2254   48 O    0 0-1
  19 BA   1     2.7922     5.2764   39 O    0 0-1
  19 BA   1     2.7956     5.2830   64 O    0 0 0
  19 BA   1     2.8049     5.3005   73 O    0 0 0
  19 BA   1     2.8054     5.3014   45 O    0-1-1

  20 BA   1     2.7385     5.1750   74 O    0 0 0
  20 BA   1     2.7453     5.1879   52 O    0-1 0
  20 BA   1     2.8022     5.2955  107 O    0-1 0
  20 BA   1     2.8048     5.3002   65 O    0 0 0
  20 BA   1     2.8143     5.3182   37 O    0 0 0
  20 BA   1     2.8185     5.3263  101 O    0 0 0

  21 BA   1     2.7364     5.1710   38 O    0 0 0
  21 BA   1     2.7889     5.2702   66 O    0 0 0
  21 BA   1     2.7953     5.2824  102 O    0 0 0
  21 BA   1     2.8041     5.2990   47 O    0 0 0
  21 BA   1     2.8112     5.3124   75 O    0 0 0
  21 BA   1     2.8210     5.3309   53 O    0-1 0

  22 BA   1     2.7311     5.1611   67 O    0 0 0
  22 BA   1     2.7493     5.1954  103 O    0 0 0
  22 BA   1     2.8086     5.3075   39 O    0 0-1
  22 BA   1     2.8124     5.3148   42 O    0 0-1
  22 BA   1     2.8173     5.3239   76 O    0 0 0
  22 BA   1     2.8206     5.3302  100 O    0 0 0

  23 BA   1     2.7332     5.1650  104 O    0 0 0
  23 BA   1     2.7429     5.1833   40 O    0 0 0
  23 BA   1     2.7681     5.2310  101 O    0 0 0
  23 BA   1     2.7810     5.2552   77 O    0 0 0
  23 BA   1     2.7811     5.2555   68 O    0 0 0
  23 BA   1     2.8379     5.3629   37 O    0 0 0

  24 BA   1     2.7832     5.2595  102 O    0 0 0
  24 BA   1     2.7845     5.2619   47 O    0 0 0
  24 BA   1     2.7978     5.2871  105 O    0 0 0
  24 BA   1     2.8001     5.2914   38 O    0 0 0
  24 BA   1     2.8019     5.2949   78 O    0 0 0
  24 BA   1     2.8038     5.2984   41 O    0 0 0

  25 BA   1     2.7782     5.2501  103 O    0 0 0
  25 BA   1     2.7802     5.2538  106 O    0 0 0
  25 BA   1     2.7841     5.2612   70 O    0 0 0
  25 BA   1     2.7929     5.2778   42 O    0 0-1
  25 BA   1     2.8114     5.3127   45 O    0 0-1
  25 BA   1     2.8122     5.3143   54 O    0 0-1

  26 BA   1     2.7655     5.2260   49 O    0 0 0
  26 BA   1     2.7922     5.2764   80 O    0 0 0
  26 BA   1     2.8067     5.3040   43 O    0 0 0
  26 BA   1     2.8140     5.3177   52 O    0 0 0
  26 BA   1     2.8194     5.3280  104 O    0 0 0
  26 BA   1     2.8197     5.3285  107 O    0 0 0

  27 BA   1     2.7475     5.1920   72 O    0 0 0
  27 BA   1     2.7506     5.1979   41 O    0 0 0
  27 BA   1     2.7577     5.2113   44 O    0 0 0
  27 BA   1     2.8079     5.3063  108 O    0 0 0
  27 BA   1     2.8256     5.3395  105 O    0 0 0
  27 BA   1     2.8416     5.3698   81 O    0 0 0

  28 O    1     1.7959     3.3938  109 TI   0 0 0
  28 O    1     2.2591     4.2691  110 TI   0 0 0
  28 O    1     2.7736     5.2413   82 O    0 0 0
  28 O    1     2.7833     5.2596   58 O    0 0 0
  28 O    1     2.7873     5.2673   91 O    0 0 0
  28 O    1     2.8073     5.3050    5 BA   0 0 0

  29 O    1     1.8123     3.4248  110 TI   0 0 0
  29 O    1     2.3164     4.3773  111 TI   0 0 0
  29 O    1     2.7546     5.2055   59 O    0 0 0
  29 O    1     2.7807     5.2548   83 O    0 0 0
  29 O    1     2.7889     5.2702   92 O    0 0 0
  29 O    1     2.7932     5.2783   56 O    0 0 0

  30 O    1     1.7953     3.3927  111 TI   0 0 0
  30 O    1     2.3009     4.3481  109 TI   0 0 1
  30 O    1     2.7312     5.1613   60 O    0 0 0
  30 O    1     2.7605     5.2166    4 BA   0 0 1
  30 O    1     2.7733     5.2408   84 O    0 0 0
  30 O    1     2.7853     5.2635   93 O    0 0 0

  31 O    1     1.8284     3.4551  112 TI   0 0 0
  31 O    1     2.3214     4.3867  113 TI   0 0 0
  31 O    1     2.7431     5.1837   61 O    0 0 0
  31 O    1     2.7631     5.2215   94 O    0 0 0
  31 O    1     2.7698     5.2341   17 BA   0 0 0
  31 O    1     2.8052     5.3011   85 O    0 0 0

  32 O    1     1.7920     3.3863  113 TI   0 0 0
  32 O    1     2.2890     4.3256  114 TI   0 0 0
  32 O    1     2.7477     5.1925   18 BA   0 0 0
  32 O    1     2.7620     5.2195   95 O    0 0 0
  32 O    1     2.7991     5.2896   15 BA   0 0 0
  32 O    1     2.8077     5.3058   86 O    0 0 0

  33 O    1     1.7915     3.3855  114 TI   0 0 0
  33 O    1     2.2571     4.2653  112 TI   0 0 1
  33 O    1     2.7606     5.2168   16 BA   0 0 1
  33 O    1     2.7720     5.2384   60 O    0 0 0
  33 O    1     2.7730     5.2403   96 O    0 0 0
  33 O    1     2.7768     5.2473   13 BA   0 0 1

  34 O    1     1.8138     3.4275  115 TI   0 0 0
  34 O    1     2.2065     4.1697  116 TI   0 0 0
  34 O    1     2.7991     5.2896    2 BA   0 1 0
  34 O    1     2.8060     5.3026   55 O    0 1 0
  34 O    1     2.8160     5.3215   61 O    0 0 0
  34 O    1     2.8175     5.3243    8 BA   0 0 0

  35 O    1     1.8136     3.4273  116 TI   0 0 0
  35 O    1     2.3145     4.3738  117 TI   0 0 0
  35 O    1     2.7435     5.1845   98 O    0 0 0
  35 O    1     2.7598     5.2153   62 O    0 0 0
  35 O    1     2.7744     5.2429   12 BA   0 1 0
  35 O    1     2.7896     5.2716   56 O    0 1 0

  36 O    1     1.7994     3.4005  117 TI   0 0 0
  36 O    1     2.3287     4.4006  115 TI   0 0 1
  36 O    1     2.7626     5.2206   99 O    0 0 0
  36 O    1     2.7642     5.2236   90 O    0 0 0
  36 O    1     2.7781     5.2498   16 BA   0 0 1
  36 O    1     2.7849     5.2627   57 O    0 1 0

  37 O    1     1.8201     3.4395  118 TI   0 0 0
  37 O    1     2.2911     4.3296  119 TI   0 0 0
  37 O    1     2.7346     5.1677   64 O    0 0 0
  37 O    1     2.7638     5.2228   11 BA   0 0 0
  37 O    1     2.7774     5.2484  100 O    0 0 0
  37 O    1     2.8143     5.3182   20 BA   0 0 0

  38 O    1     1.7877     3.3782  119 TI   0 0 0
  38 O    1     2.3198     4.3839  120 TI   0 0 0
  38 O    1     2.7364     5.1710   21 BA   0 0 0
  38 O    1     2.7592     5.2141  101 O    0 0 0
  38 O    1     2.7608     5.2171   65 O    0 0 0
  38 O    1     2.7829     5.2590   68 O    0 0 0

  39 O    1     1.8075     3.4157  120 TI   0 0 0
  39 O    1     2.2507     4.2532  118 TI   0 0 1
  39 O    1     2.7743     5.2427   10 BA   0 0 1
  39 O    1     2.7874     5.2675   13 BA   0 0 1
  39 O    1     2.7922     5.2764   19 BA   0 0 1
  39 O    1     2.8086     5.3075   22 BA   0 0 1

  40 O    1     1.8245     3.4479  121 TI   0 0 0
  40 O    1     2.2460     4.2444  122 TI   0 0 0
  40 O    1     2.7429     5.1833   23 BA   0 0 0
  40 O    1     2.7704     5.2354   14 BA   0 0 0
  40 O    1     2.7977     5.2869   67 O    0 0 0
  40 O    1     2.8092     5.3086   70 O    0 0 0

  41 O    1     1.8541     3.5037  122 TI   0 0 0
  41 O    1     2.2582     4.2675  123 TI   0 0 0
  41 O    1     2.7506     5.1979   27 BA   0 0 0
  41 O    1     2.7981     5.2876   15 BA   0 0 0
  41 O    1     2.8038     5.2984   24 BA   0 0 0
  41 O    1     2.8057     5.3020   68 O    0 0 0

  42 O    1     1.7816     3.3667  123 TI   0 0 0
  42 O    1     2.3138     4.3724  121 TI   0 0 1
  42 O    1     2.7522     5.2009   69 O    0 0 0
  42 O    1     2.7744     5.2428   13 BA   0 0 1
  42 O    1     2.7839     5.2608   96 O    0 0 0
  42 O    1     2.7919     5.2759  105 O    0 0 0

  43 O    1     1.8458     3.4880  124 TI   0 0 0
  43 O    1     2.3022     4.3505  125 TI   0 0 0
  43 O    1     2.7556     5.2074   70 O    0 0 0
  43 O    1     2.8067     5.3040   26 BA   0 0 0
  43 O    1     2.8086     5.3075   97 O    0 0 0
  43 O    1     2.8091     5.3085  106 O    0 0 0

  44 O    1     1.7762     3.3566  125 TI   0 0 0
  44 O    1     2.2529     4.2573  126 TI   0 0 0
  44 O    1     2.7421     5.1818  107 O    0 0 0
  44 O    1     2.7577     5.2113   27 BA   0 0 0
  44 O    1     2.7745     5.2431   71 O    0 0 0
  44 O    1     2.8080     5.3064   98 O    0 0 0

  45 O    1     1.8840     3.5603  126 TI   0 0 0
  45 O    1     2.2149     4.1855  124 TI   0 0 1
  45 O    1     2.7704     5.2353   66 O    0 1 0
  45 O    1     2.7912     5.2746   10 BA   0 1 1
  45 O    1     2.8054     5.3014   19 BA   0 1 1
  45 O    1     2.8114     5.3127   25 BA   0 0 1

  46 O    1     1.7603     3.3265  127 TI   0 0 0
  46 O    1     2.3037     4.3534  128 TI   0 0 0
  46 O    1     2.7419     5.1814   82 O    1 0 0
  46 O    1     2.7902     5.2726  100 O    0 0 0
  46 O    1     2.7948     5.2814   76 O    0 0 0
  46 O    1     2.7949     5.2816   73 O    0 0 0

  47 O    1     1.7918     3.3861  128 TI   0 0 0
  47 O    1     2.3181     4.3806  129 TI   0 0 0
  47 O    1     2.7664     5.2277   77 O    0 0 0
  47 O    1     2.7845     5.2619   24 BA   0 0 0
  47 O    1     2.7928     5.2776  101 O    0 0 0
  47 O    1     2.8041     5.2990   21 BA   0 0 0

  48 O    1     1.7828     3.3690  129 TI   0 0 0
  48 O    1     2.3220     4.3879  127 TI   0 0 1
  48 O    1     2.7652     5.2254   19 BA   0 0 1
  48 O    1     2.7691     5.2329    1 BA   1 0 1
  48 O    1     2.7840     5.2610   84 O    1 0 0
  48 O    1     2.7984     5.2883  102 O    0 0 0

  49 O    1     1.8095     3.4194  130 TI   0 0 0
  49 O    1     2.2970     4.3407  131 TI   0 0 0
  49 O    1     2.7594     5.2145   79 O    0 0 0
  49 O    1     2.7639     5.2231   85 O    1 0 0
  49 O    1     2.7655     5.2260   26 BA   0 0 0
  49 O    1     2.7762     5.2463    8 BA   1 0 0

  50 O    1     1.7985     3.3987  131 TI   0 0 0
  50 O    1     2.3181     4.3806  132 TI   0 0 0
  50 O    1     2.7621     5.2197   80 O    0 0 0
  50 O    1     2.7749     5.2437   86 O    1 0 0
  50 O    1     2.7774     5.2486    6 BA   1 0 0
  50 O    1     2.7787     5.2509    9 BA   1 0 0

  51 O    1     1.7654     3.3361  132 TI   0 0 0
  51 O    1     2.2886     4.3248  130 TI   0 0 1
  51 O    1     2.7650     5.2251    7 BA   1 0 1
  51 O    1     2.7765     5.2469   81 O    0 0 0
  51 O    1     2.7811     5.2556   87 O    1 0 0
  51 O    1     2.7983     5.2881  105 O    0 0 0

  52 O    1     1.8044     3.4098  133 TI   0 0 0
  52 O    1     2.2768     4.3025  134 TI   0 0 0
  52 O    1     2.7329     5.1645   73 O    0 1 0
  52 O    1     2.7453     5.1879   20 BA   0 1 0
  52 O    1     2.7907     5.2737   88 O    1 0 0
  52 O    1     2.7915     5.2751  106 O    0 0 0

  53 O    1     1.7899     3.3824  134 TI   0 0 0
  53 O    1     2.2864     4.3207  135 TI   0 0 0
  53 O    1     2.7735     5.2412   74 O    0 1 0
  53 O    1     2.7742     5.2425   89 O    1 0 0
  53 O    1     2.7799     5.2532  107 O    0 0 0
  53 O    1     2.8005     5.2922    3 BA   1 1 0

  54 O    1     1.8424     3.4816  135 TI   0 0 0
  54 O    1     2.2779     4.3046  133 TI   0 0 1
  54 O    1     2.7384     5.1748   81 O    0 0 0
  54 O    1     2.7721     5.2384  108 O    0 0 0
  54 O    1     2.7770     5.2477   90 O    1 0 0
  54 O    1     2.8028     5.2965    7 BA   1 0 1

  55 O    1     1.9561     3.6965  115 TI   0-1 0
  55 O    1     1.9956     3.7711  109 TI   0 0 0
  55 O    1     2.7692     5.2330   88 O    0-1 0
  55 O    1     2.7837     5.2604   10 BA   0 0 0
  55 O    1     2.8033     5.2975    1 BA   0 0 0
  55 O    1     2.8060     5.3026   34 O    0-1 0

  56 O    1     1.9799     3.7415  116 TI   0-1 0
  56 O    1     1.9804     3.7424  110 TI   0 0 0
  56 O    1     2.7625     5.2204    2 BA   0 0 0
  56 O    1     2.7784     5.2503   83 O    0 0 0
  56 O    1     2.7807     5.2548   98 O    0-1 0
  56 O    1     2.7843     5.2617   11 BA   0 0 0

  57 O    1     1.9849     3.7510  117 TI   0-1 0
  57 O    1     1.9912     3.7628  111 TI   0 0 0
  57 O    1     2.7541     5.2044   12 BA   0 0 0
  57 O    1     2.7672     5.2292   99 O    0-1 0
  57 O    1     2.7849     5.2627   36 O    0-1 0
  57 O    1     2.7943     5.2805    3 BA   0 0 0

  58 O    1     2.0042     3.7873  112 TI   0 0 0
  58 O    1     2.0213     3.8197  109 TI   0 0 0
  58 O    1     2.7699     5.2343   94 O    0 0 0
  58 O    1     2.7711     5.2365   91 O    0 0 0
  58 O    1     2.7833     5.2596   28 O    0 0 0
  58 O    1     2.7854     5.2637   13 BA   0 0 0

  59 O    1     1.9785     3.7388  110 TI   0 0 0
  59 O    1     2.0300     3.8361  113 TI   0 0 0
  59 O    1     2.7546     5.2055   29 O    0 0 0
  59 O    1     2.7727     5.2397   95 O    0 0 0
  59 O    1     2.7746     5.2433   92 O    0 0 0
  59 O    1     2.8006     5.2923    5 BA   0 0 0

  60 O    1     2.0047     3.7884  114 TI   0 0 0
  60 O    1     2.0099     3.7981  111 TI   0 0 0
  60 O    1     2.7312     5.1613   30 O    0 0 0
  60 O    1     2.7580     5.2119   84 O    0 0 0
  60 O    1     2.7617     5.2189    6 BA   0 0 0
  60 O    1     2.7720     5.2384   33 O    0 0 0

  61 O    1     1.9731     3.7285  112 TI   0 0 0
  61 O    1     2.0040     3.7870  115 TI   0 0 0
  61 O    1     2.7431     5.1837   31 O    0 0 0
  61 O    1     2.7800     5.2535   85 O    0 0 0
  61 O    1     2.7944     5.2807   94 O    0 0 0
  61 O    1     2.7963     5.2842   16 BA   0 0 0

  62 O    1     1.9642     3.7119  116 TI   0 0 0
  62 O    1     2.0122     3.8025  113 TI   0 0 0
  62 O    1     2.7509     5.1984   98 O    0 0 0
  62 O    1     2.7598     5.2153   35 O    0 0 0
  62 O    1     2.7686     5.2319   17 BA   0 0 0
  62 O    1     2.7979     5.2872   86 O    0 0 0

  63 O    1     1.9706     3.7238  114 TI   0 0 0
  63 O    1     1.9851     3.7512  117 TI   0 0 0
  63 O    1     2.7626     5.2205   99 O    0 0 0
  63 O    1     2.7724     5.2391   18 BA   0 0 0
  63 O    1     2.7837     5.2604   96 O    0 0 0
  63 O    1     2.7865     5.2658   36 O    0 0 0

  64 O    1     1.9293     3.6459  118 TI   0 0 0
  64 O    1     2.0324     3.8407  124 TI   0-1 0
  64 O    1     2.7346     5.1677   37 O    0 0 0
  64 O    1     2.7518     5.2002  100 O    0 0 0
  64 O    1     2.7791     5.2518   10 BA   0 0 0
  64 O    1     2.7956     5.2830   19 BA   0 0 0

  65 O    1     1.9470     3.6793  119 TI   0 0 0
  65 O    1     2.0301     3.8364  125 TI   0-1 0
  65 O    1     2.7586     5.2131  107 O    0-1 0
  65 O    1     2.7608     5.2171   38 O    0 0 0
  65 O    1     2.7664     5.2277  101 O    0 0 0
  65 O    1     2.7995     5.2903   11 BA   0 0 0

  66 O    1     1.9521     3.6889  126 TI   0-1 0
  66 O    1     2.0376     3.8505  120 TI   0 0 0
  66 O    1     2.7704     5.2353   45 O    0-1 0
  66 O    1     2.7889     5.2702   21 BA   0 0 0
  66 O    1     2.7965     5.2846   12 BA   0 0 0
  66 O    1     2.8098     5.3098  108 O    0-1 0

  67 O    1     1.9929     3.7660  121 TI   0 0 0
  67 O    1     2.0559     3.8851  118 TI   0 0 0
  67 O    1     2.7311     5.1611   22 BA   0 0 0
  67 O    1     2.7782     5.2500  103 O    0 0 0
  67 O    1     2.7843     5.2615   13 BA   0 0 0
  67 O    1     2.7977     5.2869   40 O    0 0 0

  68 O    1     1.9728     3.7280  122 TI   0 0 0
  68 O    1     2.0235     3.8238  119 TI   0 0 0
  68 O    1     2.7645     5.2241  101 O    0 0 0
  68 O    1     2.7811     5.2555   23 BA   0 0 0
  68 O    1     2.7817     5.2567  104 O    0 0 0
  68 O    1     2.7829     5.2590   38 O    0 0 0

  69 O    1     1.9561     3.6965  123 TI   0 0 0
  69 O    1     2.0089     3.7963  120 TI   0 0 0
  69 O    1     2.7522     5.2009   42 O    0 0 0
  69 O    1     2.7591     5.2140  105 O    0 0 0
  69 O    1     2.7717     5.2378   96 O    0 0 0
  69 O    1     2.7825     5.2582   15 BA   0 0 0

  70 O    1     1.9619     3.7074  121 TI   0 0 0
  70 O    1     1.9694     3.7217  124 TI   0 0 0
  70 O    1     2.7556     5.2074   43 O    0 0 0
  70 O    1     2.7780     5.2497  106 O    0 0 0
  70 O    1     2.7841     5.2612   25 BA   0 0 0
  70 O    1     2.7985     5.2884  103 O    0 0 0

  71 O    1     1.9557     3.6957  125 TI   0 0 0
  71 O    1     2.0222     3.8213  122 TI   0 0 0
  71 O    1     2.7444     5.1861   17 BA   0 0 0
  71 O    1     2.7745     5.2431   44 O    0 0 0
  71 O    1     2.7967     5.2849   98 O    0 0 0
  71 O    1     2.8017     5.2944  107 O    0 0 0

  72 O    1     1.9900     3.7605  126 TI   0 0 0
  72 O    1     2.0047     3.7884  123 TI   0 0 0
  72 O    1     2.7475     5.1920   27 BA   0 0 0
  72 O    1     2.7947     5.2812   18 BA   0 0 0
  72 O    1     2.8010     5.2932   42 O    0 0 0
  72 O    1     2.8080     5.3063  108 O    0 0 0

  73 O    1     1.9236     3.6351  133 TI   0-1 0
  73 O    1     2.0422     3.8592  127 TI   0 0 0
  73 O    1     2.7329     5.1645   52 O    0-1 0
  73 O    1     2.7620     5.2194   88 O    1-1 0
  73 O    1     2.7889     5.2703  106 O    0-1 0
  73 O    1     2.7949     5.2816   46 O    0 0 0

  74 O    1     1.9469     3.6790  134 TI   0-1 0
  74 O    1     2.0322     3.8404  128 TI   0 0 0
  74 O    1     2.7385     5.1750   20 BA   0 0 0
  74 O    1     2.7735     5.2412   53 O    0-1 0
  74 O    1     2.7873     5.2673   89 O    1-1 0
  74 O    1     2.7988     5.2889  107 O    0-1 0

  75 O    1     1.9316     3.6502  135 TI   0-1 0
  75 O    1     2.0362     3.8479  129 TI   0 0 0
  75 O    1     2.7307     5.1602    3 BA   1 0 0
  75 O    1     2.7821     5.2575   90 O    1-1 0
  75 O    1     2.7912     5.2747  108 O    0-1 0
  75 O    1     2.8043     5.2993   48 O    0 0 0

  76 O    1     1.9853     3.7517  130 TI   0 0 0
  76 O    1     1.9967     3.7732  127 TI   0 0 0
  76 O    1     2.7634     5.2220    4 BA   1 0 0
  76 O    1     2.7720     5.2383   85 O    1 0 0
  76 O    1     2.7914     5.2750   82 O    1 0 0
  76 O    1     2.7925     5.2771  103 O    0 0 0

  77 O    1     1.9322     3.6512  128 TI   0 0 0
  77 O    1     2.0478     3.8697  131 TI   0 0 0
  77 O    1     2.7385     5.1751    5 BA   1 0 0
  77 O    1     2.7664     5.2277   47 O    0 0 0
  77 O    1     2.7810     5.2552   23 BA   0 0 0
  77 O    1     2.7983     5.2880  101 O    0 0 0

  78 O    1     1.9629     3.7094  129 TI   0 0 0
  78 O    1     2.0124     3.8029  132 TI   0 0 0
  78 O    1     2.7553     5.2067    6 BA   1 0 0
  78 O    1     2.7632     5.2217   84 O    1 0 0
  78 O    1     2.7939     5.2796  102 O    0 0 0
  78 O    1     2.8019     5.2949   24 BA   0 0 0

  79 O    1     1.9761     3.7344  130 TI   0 0 0
  79 O    1     2.0235     3.8240  133 TI   0 0 0
  79 O    1     2.7466     5.1903   85 O    1 0 0
  79 O    1     2.7594     5.2145   49 O    0 0 0
  79 O    1     2.7750     5.2440   88 O    1 0 0
  79 O    1     2.7897     5.2718    7 BA   1 0 0

  80 O    1     1.9370     3.6604  131 TI   0 0 0
  80 O    1     2.0551     3.8836  134 TI   0 0 0
  80 O    1     2.7621     5.2197   50 O    0 0 0
  80 O    1     2.7694     5.2335   86 O    1 0 0
  80 O    1     2.7922     5.2764   26 BA   0 0 0
  80 O    1     2.7992     5.2897    8 BA   1 0 0

  81 O    1     1.9828     3.7469  135 TI   0 0 0
  81 O    1     2.0311     3.8383  132 TI   0 0 0
  81 O    1     2.7384     5.1748   54 O    0 0 0
  81 O    1     2.7508     5.1982  108 O    0 0 0
  81 O    1     2.7676     5.2299    9 BA   1 0 0
  81 O    1     2.7765     5.2469   51 O    0 0 0

  82 O    1     2.0094     3.7971  127 TI  -1 0 0
  82 O    1     2.0180     3.8135  109 TI   0 0 0
  82 O    1     2.7419     5.1814   46 O   -1 0 0
  82 O    1     2.7736     5.2413   28 O    0 0 0
  82 O    1     2.7756     5.2451    4 BA   0 0 0
  82 O    1     2.7914     5.2750   76 O   -1 0 0

  83 O    1     1.9520     3.6888  110 TI   0 0 0
  83 O    1     1.9879     3.7566  128 TI  -1 0 0
  83 O    1     2.7590     5.2137    2 BA   0 0 0
  83 O    1     2.7784     5.2503   56 O    0 0 0
  83 O    1     2.7807     5.2548   29 O    0 0 0
  83 O    1     2.7838     5.2606    5 BA   0 0 0

  84 O    1     1.9521     3.6889  129 TI  -1 0 0
  84 O    1     1.9716     3.7258  111 TI   0 0 0
  84 O    1     2.7580     5.2119   60 O    0 0 0
  84 O    1     2.7632     5.2217   78 O   -1 0 0
  84 O    1     2.7733     5.2408   30 O    0 0 0
  84 O    1     2.7760     5.2459    6 BA   0 0 0

  85 O    1     1.9350     3.6567  130 TI  -1 0 0
  85 O    1     2.0402     3.8555  112 TI   0 0 0
  85 O    1     2.7466     5.1903   79 O   -1 0 0
  85 O    1     2.7612     5.2180    7 BA   0 0 0
  85 O    1     2.7639     5.2231   49 O   -1 0 0
  85 O    1     2.7720     5.2383   76 O   -1 0 0

  86 O    1     1.9500     3.6850  113 TI   0 0 0
  86 O    1     2.0417     3.8582  131 TI  -1 0 0
  86 O    1     2.7694     5.2335   80 O   -1 0 0
  86 O    1     2.7749     5.2437   50 O   -1 0 0
  86 O    1     2.7838     5.2607    5 BA   0 0 0
  86 O    1     2.7979     5.2872   62 O    0 0 0

  87 O    1     1.9547     3.6939  114 TI   0 0 0
  87 O    1     1.9624     3.7085  132 TI  -1 0 0
  87 O    1     2.7299     5.1588    9 BA   0 0 0
  87 O    1     2.7628     5.2210    6 BA   0 0 0
  87 O    1     2.7811     5.2556   51 O   -1 0 0
  87 O    1     2.7887     5.2698   63 O    0 0 0

  88 O    1     1.9690     3.7209  133 TI  -1 0 0
  88 O    1     2.0296     3.8353  115 TI   0 0 0
  88 O    1     2.7620     5.2194   73 O   -1 1 0
  88 O    1     2.7692     5.2330   55 O    0 1 0
  88 O    1     2.7750     5.2440   79 O   -1 0 0
  88 O    1     2.7871     5.2669    1 BA   0 1 0

  89 O    1     1.9710     3.7247  134 TI  -1 0 0
  89 O    1     2.0428     3.8604  116 TI   0 0 0
  89 O    1     2.7742     5.2425   53 O   -1 0 0
  89 O    1     2.7873     5.2673   74 O   -1 1 0
  89 O    1     2.7927     5.2775    8 BA   0 0 0
  89 O    1     2.7930     5.2781    2 BA   0 1 0

  90 O    1     1.9686     3.7201  135 TI  -1 0 0
  90 O    1     2.0158     3.8093  117 TI   0 0 0
  90 O    1     2.7642     5.2236   36 O    0 0 0
  90 O    1     2.7770     5.2477   54 O   -1 0 0
  90 O    1     2.7784     5.2505   81 O   -1 0 0
  90 O    1     2.7821     5.2575   75 O   -1 1 0

  91 O    1     1.9444     3.6744  109 TI   0 0 0
  91 O    1     2.0369     3.8492  118 TI   0 0 0
  91 O    1     2.7351     5.1685   10 BA   0 0 0
  91 O    1     2.7711     5.2365   58 O    0 0 0
  91 O    1     2.7873     5.2673   28 O    0 0 0
  91 O    1     2.8030     5.2969   13 BA   0 0 0

  92 O    1     2.0020     3.7832  119 TI   0 0 0
  92 O    1     2.0049     3.7887  110 TI   0 0 0
  92 O    1     2.7679     5.2305   11 BA   0 0 0
  92 O    1     2.7746     5.2433   59 O    0 0 0
  92 O    1     2.7850     5.2629   14 BA   0 0 0
  92 O    1     2.7874     5.2674   56 O    0 0 0

  93 O    1     1.9901     3.7608  111 TI   0 0 0
  93 O    1     2.0446     3.8638  120 TI   0 0 0
  93 O    1     2.7723     5.2389   15 BA   0 0 0
  93 O    1     2.7813     5.2559   60 O    0 0 0
  93 O    1     2.7833     5.2597   12 BA   0 0 0
  93 O    1     2.7853     5.2635   30 O    0 0 0

  94 O    1     1.9268     3.6411  112 TI   0 0 0
  94 O    1     2.0000     3.7795  121 TI   0 0 0
  94 O    1     2.7631     5.2215   31 O    0 0 0
  94 O    1     2.7699     5.2343   16 BA   0 0 0
  94 O    1     2.7699     5.2343   58 O    0 0 0
  94 O    1     2.7944     5.2807   61 O    0 0 0

  95 O    1     2.0146     3.8070  113 TI   0 0 0
  95 O    1     2.0232     3.8234  122 TI   0 0 0
  95 O    1     2.7620     5.2195   32 O    0 0 0
  95 O    1     2.7723     5.2388   14 BA   0 0 0
  95 O    1     2.7727     5.2397   59 O    0 0 0
  95 O    1     2.7887     5.2698   68 O    0 0 0

  96 O    1     2.0204     3.8180  114 TI   0 0 0
  96 O    1     2.0428     3.8603  123 TI   0 0 0
  96 O    1     2.7287     5.1565   15 BA   0 0 0
  96 O    1     2.7717     5.2378   69 O    0 0 0
  96 O    1     2.7730     5.2403   33 O    0 0 0
  96 O    1     2.7837     5.2604   63 O    0 0 0

  97 O    1     1.9710     3.7246  124 TI   0 0 0
  97 O    1     2.0181     3.8137  115 TI   0 0 0
  97 O    1     2.7621     5.2197   10 BA   0 1 0
  97 O    1     2.7663     5.2276   16 BA   0 0 0
  97 O    1     2.7986     5.2886   70 O    0 0 0
  97 O    1     2.8086     5.3075   43 O    0 0 0

  98 O    1     1.9366     3.6597  116 TI   0 0 0
  98 O    1     2.0379     3.8511  125 TI   0 0 0
  98 O    1     2.7435     5.1845   35 O    0 0 0
  98 O    1     2.7509     5.1984   62 O    0 0 0
  98 O    1     2.7807     5.2548   56 O    0 1 0
  98 O    1     2.7967     5.2849   71 O    0 0 0

  99 O    1     1.9334     3.6536  117 TI   0 0 0
  99 O    1     2.0116     3.8013  126 TI   0 0 0
  99 O    1     2.7626     5.2205   63 O    0 0 0
  99 O    1     2.7626     5.2206   36 O    0 0 0
  99 O    1     2.7672     5.2292   57 O    0 1 0
  99 O    1     2.7823     5.2577   12 BA   0 1 0

 100 O    1     1.9542     3.6929  118 TI   0 0 0
 100 O    1     1.9876     3.7561  127 TI   0 0 0
 100 O    1     2.7488     5.1945   19 BA   0 0 0
 100 O    1     2.7518     5.2002   64 O    0 0 0
 100 O    1     2.7774     5.2484   37 O    0 0 0
 100 O    1     2.7902     5.2726   46 O    0 0 0

 101 O    1     1.9605     3.7047  119 TI   0 0 0
 101 O    1     2.0497     3.8734  128 TI   0 0 0
 101 O    1     2.7592     5.2141   38 O    0 0 0
 101 O    1     2.7645     5.2241   68 O    0 0 0
 101 O    1     2.7664     5.2277   65 O    0 0 0
 101 O    1     2.7681     5.2310   23 BA   0 0 0

 102 O    1     1.9463     3.6781  120 TI   0 0 0
 102 O    1     2.0556     3.8846  129 TI   0 0 0
 102 O    1     2.7832     5.2595   24 BA   0 0 0
 102 O    1     2.7898     5.2720   69 O    0 0 0
 102 O    1     2.7939     5.2796   78 O    0 0 0
 102 O    1     2.7953     5.2824   21 BA   0 0 0

 103 O    1     2.0143     3.8065  130 TI   0 0 0
 103 O    1     2.0322     3.8402  121 TI   0 0 0
 103 O    1     2.7493     5.1954   22 BA   0 0 0
 103 O    1     2.7782     5.2500   67 O    0 0 0
 103 O    1     2.7782     5.2501   25 BA   0 0 0
 103 O    1     2.7925     5.2771   76 O    0 0 0

 104 O    1     1.9537     3.6920  131 TI   0 0 0
 104 O    1     1.9623     3.7082  122 TI   0 0 0
 104 O    1     2.7332     5.1650   23 BA   0 0 0
 104 O    1     2.7817     5.2567   68 O    0 0 0
 104 O    1     2.7953     5.2824   50 O    0 0 0
 104 O    1     2.8015     5.2940   77 O    0 0 0

 105 O    1     1.9425     3.6708  123 TI   0 0 0
 105 O    1     2.0392     3.8536  132 TI   0 0 0
 105 O    1     2.7591     5.2140   69 O    0 0 0
 105 O    1     2.7919     5.2759   42 O    0 0 0
 105 O    1     2.7978     5.2871   24 BA   0 0 0
 105 O    1     2.7983     5.2881   51 O    0 0 0

 106 O    1     1.9741     3.7306  133 TI   0 0 0
 106 O    1     1.9988     3.7772  124 TI   0 0 0
 106 O    1     2.7780     5.2497   70 O    0 0 0
 106 O    1     2.7802     5.2538   25 BA   0 0 0
 106 O    1     2.7889     5.2703   73 O    0 1 0
 106 O    1     2.7915     5.2751   52 O    0 0 0

 107 O    1     1.9448     3.6752  125 TI   0 0 0
 107 O    1     2.0090     3.7964  134 TI   0 0 0
 107 O    1     2.7421     5.1818   44 O    0 0 0
 107 O    1     2.7586     5.2131   65 O    0 1 0
 107 O    1     2.7799     5.2532   53 O    0 0 0
 107 O    1     2.7988     5.2889   74 O    0 1 0

 108 O    1     1.9846     3.7503  135 TI   0 0 0
 108 O    1     2.0166     3.8109  126 TI   0 0 0
 108 O    1     2.7508     5.1982   81 O    0 0 0
 108 O    1     2.7721     5.2384   54 O    0 0 0
 108 O    1     2.7912     5.2747   75 O    0 1 0
 108 O    1     2.8079     5.3063   27 BA   0 0 0

 109 TI   1     1.7959     3.3938   28 O    0 0 0
 109 TI   1     1.9444     3.6744   91 O    0 0 0
 109 TI   1     1.9956     3.7711   55 O    0 0 0
 109 TI   1     2.0180     3.8135   82 O    0 0 0
 109 TI   1     2.0213     3.8197   58 O    0 0 0
 109 TI   1     2.3009     4.3481   30 O    0 0-1

 110 TI   1     1.8123     3.4248   29 O    0 0 0
 110 TI   1     1.9520     3.6888   83 O    0 0 0
 110 TI   1     1.9785     3.7388   59 O    0 0 0
 110 TI   1     1.9804     3.7424   56 O    0 0 0
 110 TI   1     2.0049     3.7887   92 O    0 0 0
 110 TI   1     2.2591     4.2691   28 O    0 0 0

 111 TI   1     1.7953     3.3927   30 O    0 0 0
 111 TI   1     1.9716     3.7258   84 O    0 0 0
 111 TI   1     1.9901     3.7608   93 O    0 0 0
 111 TI   1     1.9912     3.7628   57 O    0 0 0
 111 TI   1     2.0099     3.7981   60 O    0 0 0
 111 TI   1     2.3164     4.3773   29 O    0 0 0

 112 TI   1     1.8284     3.4551   31 O    0 0 0
 112 TI   1     1.9268     3.6411   94 O    0 0 0
 112 TI   1     1.9731     3.7285   61 O    0 0 0
 112 TI   1     2.0042     3.7873   58 O    0 0 0
 112 TI   1     2.0402     3.8555   85 O    0 0 0
 112 TI   1     2.2571     4.2653   33 O    0 0-1

 113 TI   1     1.7920     3.3863   32 O    0 0 0
 113 TI   1     1.9500     3.6850   86 O    0 0 0
 113 TI   1     2.0122     3.8025   62 O    0 0 0
 113 TI   1     2.0146     3.8070   95 O    0 0 0
 113 TI   1     2.0300     3.8361   59 O    0 0 0
 113 TI   1     2.3214     4.3867   31 O    0 0 0

 114 TI   1     1.7915     3.3855   33 O    0 0 0
 114 TI   1     1.9547     3.6939   87 O    0 0 0
 114 TI   1     1.9706     3.7238   63 O    0 0 0
 114 TI   1     2.0047     3.7884   60 O    0 0 0
 114 TI   1     2.0204     3.8180   96 O    0 0 0
 114 TI   1     2.2890     4.3256   32 O    0 0 0

 115 TI   1     1.8138     3.4275   34 O    0 0 0
 115 TI   1     1.9561     3.6965   55 O    0 1 0
 115 TI   1     2.0040     3.7870   61 O    0 0 0
 115 TI   1     2.0181     3.8137   97 O    0 0 0
 115 TI   1     2.0296     3.8353   88 O    0 0 0
 115 TI   1     2.3287     4.4006   36 O    0 0-1

 116 TI   1     1.8136     3.4273   35 O    0 0 0
 116 TI   1     1.9366     3.6597   98 O    0 0 0
 116 TI   1     1.9642     3.7119   62 O    0 0 0
 116 TI   1     1.9799     3.7415   56 O    0 1 0
 116 TI   1     2.0428     3.8604   89 O    0 0 0
 116 TI   1     2.2065     4.1697   34 O    0 0 0

 117 TI   1     1.7994     3.4005   36 O    0 0 0
 117 TI   1     1.9334     3.6536   99 O    0 0 0
 117 TI   1     1.9849     3.7510   57 O    0 1 0
 117 TI   1     1.9851     3.7512   63 O    0 0 0
 117 TI   1     2.0158     3.8093   90 O    0 0 0
 117 TI   1     2.3145     4.3738   35 O    0 0 0

 118 TI   1     1.8201     3.4395   37 O    0 0 0
 118 TI   1     1.9293     3.6459   64 O    0 0 0
 118 TI   1     1.9542     3.6929  100 O    0 0 0
 118 TI   1     2.0369     3.8492   91 O    0 0 0
 118 TI   1     2.0559     3.8851   67 O    0 0 0
 118 TI   1     2.2507     4.2532   39 O    0 0-1

 119 TI   1     1.7877     3.3782   38 O    0 0 0
 119 TI   1     1.9470     3.6793   65 O    0 0 0
 119 TI   1     1.9605     3.7047  101 O    0 0 0
 119 TI   1     2.0020     3.7832   92 O    0 0 0
 119 TI   1     2.0235     3.8238   68 O    0 0 0
 119 TI   1     2.2911     4.3296   37 O    0 0 0

 120 TI   1     1.8075     3.4157   39 O    0 0 0
 120 TI   1     1.9463     3.6781  102 O    0 0 0
 120 TI   1     2.0089     3.7963   69 O    0 0 0
 120 TI   1     2.0376     3.8505   66 O    0 0 0
 120 TI   1     2.0446     3.8638   93 O    0 0 0
 120 TI   1     2.3198     4.3839   38 O    0 0 0

 121 TI   1     1.8245     3.4479   40 O    0 0 0
 121 TI   1     1.9619     3.7074   70 O    0 0 0
 121 TI   1     1.9929     3.7660   67 O    0 0 0
 121 TI   1     2.0000     3.7795   94 O    0 0 0
 121 TI   1     2.0322     3.8402  103 O    0 0 0
 121 TI   1     2.3138     4.3724   42 O    0 0-1

 122 TI   1     1.8541     3.5037   41 O    0 0 0
 122 TI   1     1.9623     3.7082  104 O    0 0 0
 122 TI   1     1.9728     3.7280   68 O    0 0 0
 122 TI   1     2.0222     3.8213   71 O    0 0 0
 122 TI   1     2.0232     3.8234   95 O    0 0 0
 122 TI   1     2.2460     4.2444   40 O    0 0 0

 123 TI   1     1.7816     3.3667   42 O    0 0 0
 123 TI   1     1.9425     3.6708  105 O    0 0 0
 123 TI   1     1.9561     3.6965   69 O    0 0 0
 123 TI   1     2.0047     3.7884   72 O    0 0 0
 123 TI   1     2.0428     3.8603   96 O    0 0 0
 123 TI   1     2.2582     4.2675   41 O    0 0 0

 124 TI   1     1.8458     3.4880   43 O    0 0 0
 124 TI   1     1.9694     3.7217   70 O    0 0 0
 124 TI   1     1.9710     3.7246   97 O    0 0 0
 124 TI   1     1.9988     3.7772  106 O    0 0 0
 124 TI   1     2.0324     3.8407   64 O    0 1 0
 124 TI   1     2.2149     4.1855   45 O    0 0-1

 125 TI   1     1.7762     3.3566   44 O    0 0 0
 125 TI   1     1.9448     3.6752  107 O    0 0 0
 125 TI   1     1.9557     3.6957   71 O    0 0 0
 125 TI   1     2.0301     3.8364   65 O    0 1 0
 125 TI   1     2.0379     3.8511   98 O    0 0 0
 125 TI   1     2.3022     4.3505   43 O    0 0 0

 126 TI   1     1.8840     3.5603   45 O    0 0 0
 126 TI   1     1.9521     3.6889   66 O    0 1 0
 126 TI   1     1.9900     3.7605   72 O    0 0 0
 126 TI   1     2.0116     3.8013   99 O    0 0 0
 126 TI   1     2.0166     3.8109  108 O    0 0 0
 126 TI   1     2.2529     4.2573   44 O    0 0 0

 127 TI   1     1.7603     3.3265   46 O    0 0 0
 127 TI   1     1.9876     3.7561  100 O    0 0 0
 127 TI   1     1.9967     3.7732   76 O    0 0 0
 127 TI   1     2.0094     3.7971   82 O    1 0 0
 127 TI   1     2.0422     3.8592   73 O    0 0 0
 127 TI   1     2.3220     4.3879   48 O    0 0-1

 128 TI   1     1.7918     3.3861   47 O    0 0 0
 128 TI   1     1.9322     3.6512   77 O    0 0 0
 128 TI   1     1.9879     3.7566   83 O    1 0 0
 128 TI   1     2.0322     3.8404   74 O    0 0 0
 128 TI   1     2.0497     3.8734  101 O    0 0 0
 128 TI   1     2.3037     4.3534   46 O    0 0 0

 129 TI   1     1.7828     3.3690   48 O    0 0 0
 129 TI   1     1.9521     3.6889   84 O    1 0 0
 129 TI   1     1.9629     3.7094   78 O    0 0 0
 129 TI   1     2.0362     3.8479   75 O    0 0 0
 129 TI   1     2.0556     3.8846  102 O    0 0 0
 129 TI   1     2.3181     4.3806   47 O    0 0 0

 130 TI   1     1.8095     3.4194   49 O    0 0 0
 130 TI   1     1.9350     3.6567   85 O    1 0 0
 130 TI   1     1.9761     3.7344   79 O    0 0 0
 130 TI   1     1.9853     3.7517   76 O    0 0 0
 130 TI   1     2.0143     3.8065  103 O    0 0 0
 130 TI   1     2.2886     4.3248   51 O    0 0-1

 131 TI   1     1.7985     3.3987   50 O    0 0 0
 131 TI   1     1.9370     3.6604   80 O    0 0 0
 131 TI   1     1.9537     3.6920  104 O    0 0 0
 131 TI   1     2.0417     3.8582   86 O    1 0 0
 131 TI   1     2.0478     3.8697   77 O    0 0 0
 131 TI   1     2.2970     4.3407   49 O    0 0 0

 132 TI   1     1.7654     3.3361   51 O    0 0 0
 132 TI   1     1.9624     3.7085   87 O    1 0 0
 132 TI   1     2.0124     3.8029   78 O    0 0 0
 132 TI   1     2.0311     3.8383   81 O    0 0 0
 132 TI   1     2.0392     3.8536  105 O    0 0 0
 132 TI   1     2.3181     4.3806   50 O    0 0 0

 133 TI   1     1.8044     3.4098   52 O    0 0 0
 133 TI   1     1.9236     3.6351   73 O    0 1 0
 133 TI   1     1.9690     3.7209   88 O    1 0 0
 133 TI   1     1.9741     3.7306  106 O    0 0 0
 133 TI   1     2.0235     3.8240   79 O    0 0 0
 133 TI   1     2.2779     4.3046   54 O    0 0-1

 134 TI   1     1.7899     3.3824   53 O    0 0 0
 134 TI   1     1.9469     3.6790   74 O    0 1 0
 134 TI   1     1.9710     3.7247   89 O    1 0 0
 134 TI   1     2.0090     3.7964  107 O    0 0 0
 134 TI   1     2.0551     3.8836   80 O    0 0 0
 134 TI   1     2.2768     4.3025   52 O    0 0 0

 135 TI   1     1.8424     3.4816   54 O    0 0 0
 135 TI   1     1.9316     3.6502   75 O    0 1 0
 135 TI   1     1.9686     3.7201   90 O    1 0 0
 135 TI   1     1.9828     3.7469   81 O    0 0 0
 135 TI   1     1.9846     3.7503  108 O    0 0 0
 135 TI   1     2.2864     4.3207   53 O    0 0 0


 SYMMETRY ALLOWED INTERNAL DEGREE(S) OF FREEDOM: 402
 TTTTTTTTTTTTTTTTTTTTTTTTTTTTTT SYMM        TELAPSE        4.07 TCPU        3.52
 TTTTTTTTTTTTTTTTTTTTTTTTTTTTTT INT_SCREEN  TELAPSE        4.17 TCPU        3.62

 DFT PARAMETERS

     ATOM       ELECTRONS   NET CHARGE   R(ANGSTROM)
   1 256  BA     10.0000      0.0000     2.24000000
  28   8  O       8.0000      0.0000     0.74000000
 109  22  TI     22.0000      0.0000     1.47000000

 SIZE OF GRID=    2837776
 TTTTTTTTTTTTTTTTTTTTTTTTTTTTTT MAKE_GRID2  TELAPSE       44.57 TCPU       44.02
 BECKE WEIGHT FUNCTION
 RADSAFE =     2.00
 TOLERANCES - DENSITY:10**- 6; POTENTIAL:10**- 9; GRID WGT:10**-14

 RADIAL INTEGRATION  - INTERVALS (POINTS,UPPER LIMIT):            1( 75,  4.0*R)

 ANGULAR INTEGRATION - INTERVALS (ACCURACY LEVEL [N. POINTS] UPPER LIMIT):
  1(  4[  86]   0.2)  2(  8[ 194]   0.5)  3( 12[ 350]   0.9)  4( 16[ 974]   3.5)
  5( 12[ 350]9999.0)
 TTTTTTTTTTTTTTTTTTTTTTTTTTTTTT INT_CALC    TELAPSE       44.69 TCPU       44.13
 EEEEEEEEEE INT_CALC TERMINATION  DATE 25 03 2026 TIME 17:29:29.3

 *******************************************************************************
 converted and standardized from ase Atoms() object for Ba27Ti27O81 in space grou
 CRYSTAL - SCF - TYPE OF CALCULATION :  RESTRICTED CLOSED SHELL
 *******************************************************************************

 CAPPA:IS1  2;IS2  2;IS3  2; K PTS MONK NET   8; SYMMOPS:K SPACE   2;G SPACE   1

 TTTTTTTTTTTTTTTTTTTTTTTTTTTTTT SDIK        TELAPSE       47.14 TCPU       46.58

 AAAAAAAAAAAAAAAAAAAAAAAAAAAAAAAAAAAAAAAAAAAAAAAAAAAAAAAAAAAAAAAAAAAAAAAAAAAAAAA
         ATOMIC WAVEFUNCTION(S)


 NUCLEAR CHARGE 10.0  SYMMETRY SPECIES            S    P
 N. ELECTRONS   10.0  NUMBER OF PRIMITIVE GTOS    5    5
                      NUMBER OF CONTRACTED GTOS   3    2
                      NUMBER OF CLOSED SHELLS     2    1
                      OPEN SHELL OCCUPATION       0    0

  ZNUC  SCFIT    TOTAL HF ENERGY   KINETIC ENERGY   VIRIAL THEOREM             ACCURACY
  10.0     4    -2.474305552E+01  8.075374960E+00 -4.064013205E+00  1.0E-06

 NUCLEAR CHARGE  8.0  SYMMETRY SPECIES            S    P
 N. ELECTRONS    8.0  NUMBER OF PRIMITIVE GTOS   10    6
                      NUMBER OF CONTRACTED GTOS   4    3
                      NUMBER OF CLOSED SHELLS     2    0
                      OPEN SHELL OCCUPATION       0    4

  ZNUC  SCFIT    TOTAL HF ENERGY   KINETIC ENERGY   VIRIAL THEOREM             ACCURACY
   8.0    13    -7.480154908E+01  7.478929754E+01 -2.000163814E+00  2.2E-06

 NUCLEAR CHARGE 22.0  SYMMETRY SPECIES            S    P    D
 N. ELECTRONS   22.0  NUMBER OF PRIMITIVE GTOS   17   11    6
                      NUMBER OF CONTRACTED GTOS   6    4    3
                      NUMBER OF CLOSED SHELLS     4    2    0
                      OPEN SHELL OCCUPATION       0    0    2

  ZNUC  SCFIT    TOTAL HF ENERGY   KINETIC ENERGY   VIRIAL THEOREM             ACCURACY
  22.0    51    -8.483283897E+02  8.486954851E+02 -1.999567459E+00  4.0E-06

 AAAAAAAAAAAAAAAAAAAAAAAAAAAAAAAAAAAAAAAAAAAAAAAAAAAAAAAAAAAAAAAAAAAAAAAAAAAAAAA

 CHARGE NORMALIZATION FACTOR   1.00000000
 TOTAL ATOMIC CHARGES:
  10.0000000  10.0000000  10.0000000  10.0000000  10.0000000  10.0000000
  10.0000000  10.0000000  10.0000000  10.0000000  10.0000000  10.0000000
  10.0000000  10.0000000  10.0000000  10.0000000  10.0000000  10.0000000
  10.0000000  10.0000000  10.0000000  10.0000000  10.0000000  10.0000000
  10.0000000  10.0000000  10.0000000   8.0000000   8.0000000   8.0000000
   8.0000000   8.0000000   8.0000000   8.0000000   8.0000000   8.0000000
   8.0000000   8.0000000   8.0000000   8.0000000   8.0000000   8.0000000
   8.0000000   8.0000000   8.0000000   8.0000000   8.0000000   8.0000000
   8.0000000   8.0000000   8.0000000   8.0000000   8.0000000   8.0000000
   8.0000000   8.0000000   8.0000000   8.0000000   8.0000000   8.0000000
   8.0000000   8.0000000   8.0000000   8.0000000   8.0000000   8.0000000
   8.0000000   8.0000000   8.0000000   8.0000000   8.0000000   8.0000000
   8.0000000   8.0000000   8.0000000   8.0000000   8.0000000   8.0000000
   8.0000000   8.0000000   8.0000000   8.0000000   8.0000000   8.0000000
   8.0000000   8.0000000   8.0000000   8.0000000   8.0000000   8.0000000
   8.0000000   8.0000000   8.0000000   8.0000000   8.0000000   8.0000000
   8.0000000   8.0000000   8.0000000   8.0000000   8.0000000   8.0000000
   8.0000000   8.0000000   8.0000000   8.0000000   8.0000000   8.0000000
  22.0000000  22.0000000  22.0000000  22.0000000  22.0000000  22.0000000
  22.0000000  22.0000000  22.0000000  22.0000000  22.0000000  22.0000000
  22.0000000  22.0000000  22.0000000  22.0000000  22.0000000  22.0000000
  22.0000000  22.0000000  22.0000000  22.0000000  22.0000000  22.0000000
  22.0000000  22.0000000  22.0000000
 TTTTTTTTTTTTTTTTTTTTTTTTTTTTTT MOQGAD      TELAPSE       47.25 TCPU       46.69
 TTTTTTTTTTTTTTTTTTTTTTTTTTTTTT SHELLXN     TELAPSE      409.79 TCPU      408.43
 TTTTTTTTTTTTTTTTTTTTTTTTTTTTTT MONMO3      TELAPSE      422.43 TCPU      420.90
 NUMERICALLY INTEGRATED DENSITY   1511.9955821915
 TTTTTTTTTTTTTTTTTTTTTTTTTTTTTT NUMDFT      TELAPSE      439.66 TCPU      437.86
 CYC   0 ETOT(AU) -2.971209498645E+04 DETOT -2.97E+04 tst  0.00E+00 PX  1.00E+00
 TTTTTTTTTTTTTTTTTTTTTTTTTTTTTT DIIS        TELAPSE      440.21 TCPU      438.33
 TTTTTTTTTTTTTTTTTTTTTTTTTTTTTT FDIK        TELAPSE      456.36 TCPU      454.26
 INSULATING STATE
 TOP OF VALENCE BANDS -    BAND    756; K    8; EIG -3.4797056E-01 AU
 TOP OF VALENCE BANDS -    BAND    756; K    1; EIG -3.5257988E-01 AU
 BOTTOM OF VIRTUAL BANDS - BAND    757; K    1; EIG -8.3344736E-02 AU
 INDIRECT ENERGY BAND GAP:   7.2008 eV
 TTTTTTTTTTTTTTTTTTTTTTTTTTTTTT PDIG        TELAPSE      458.88 TCPU      456.79
 CHARGE NORMALIZATION FACTOR   1.00000000
 TOTAL ATOMIC CHARGES:
   8.1596686   8.1619751   8.1598101   8.1601620   8.1655815   8.1601884
   8.1643111   8.1682098   8.1638423   8.1650101   8.1613216   8.1629823
   8.1716647   8.1675975   8.1739756   8.1625061   8.1638806   8.1678483
   8.1624258   8.1649903   8.1634063   8.1617104   8.1639891   8.1661684
   8.1676692   8.1624231   8.1606951   9.4482164   9.4580915   9.4519990
   9.4647999   9.4493389   9.4439481   9.4496605   9.4587200   9.4555886
   9.4596659   9.4479701   9.4500899   9.4545312   9.4689860   9.4444511
   9.4716462   9.4365467   9.4723572   9.4370726   9.4500681   9.4446940
   9.4541445   9.4547767   9.4361746   9.4513280   9.4460908   9.4675131
   9.4735159   9.4807561   9.4759680   9.4871275   9.4801426   9.4824753
   9.4813167   9.4780012   9.4758138   9.4746727   9.4765776   9.4783042
   9.4863397   9.4793067   9.4752329   9.4766546   9.4769685   9.4840627
   9.4721055   9.4805218   9.4753644   9.4786840   9.4782579   9.4790629
   9.4815389   9.4760870   9.4820933   9.4829761   9.4739142   9.4699058
   9.4807662   9.4788167   9.4716846   9.4813840   9.4831222   9.4774292
   9.4802741   9.4859695   9.4869495   9.4713130   9.4847770   9.4902477
   9.4788630   9.4754251   9.4749827   9.4746727   9.4805677   9.4806084
   9.4857649   9.4711822   9.4759115   9.4803253   9.4751978   9.4822191
  19.4231149  19.4372503  19.4309078  19.4248756  19.4275442  19.4335212
  19.3852432  19.4483103  19.4385258  19.4202432  19.4593084  19.3977268
  19.3965109  19.4021685  19.4675012  19.4102702  19.4333240  19.3788048
  19.4197969  19.4115581  19.4143746  19.4473625  19.4212091  19.4096730
  19.4601372  19.4302801  19.4457711
 TTTTTTTTTTTTTTTTTTTTTTTTTTTTTT MOQGAD      TELAPSE      458.94 TCPU      456.85
 TTTTTTTTTTTTTTTTTTTTTTTTTTTTTT SHELLXN     TELAPSE      839.67 TCPU      837.48
 TTTTTTTTTTTTTTTTTTTTTTTTTTTTTT MONMO3      TELAPSE      852.57 TCPU      850.00
 NUMERICALLY INTEGRATED DENSITY   1511.9955280298
 TTTTTTTTTTTTTTTTTTTTTTTTTTTTTT NUMDFT      TELAPSE      869.98 TCPU      866.91
 CYC   1 ETOT(AU) -2.970524065732E+04 DETOT  6.85E+00 tst  0.00E+00 PX  1.00E+00
 TTTTTTTTTTTTTTTTTTTTTTTTTTTTTT DIIS        TELAPSE      875.00 TCPU      871.22
 DIIS TEST: 0.75861E+02 AT SCF   CYCLE   1 - MIX   80 %
 TTTTTTTTTTTTTTTTTTTTTTTTTTTTTT FDIK        TELAPSE      890.83 TCPU      886.92
 INSULATING STATE
 TOP OF VALENCE BANDS -    BAND    756; K    8; EIG -2.5931812E-01 AU
 TOP OF VALENCE BANDS -    BAND    756; K    1; EIG -2.6743850E-01 AU
 BOTTOM OF VIRTUAL BANDS - BAND    757; K    1; EIG -1.0178406E-01 AU
 INDIRECT ENERGY BAND GAP:   4.2867 eV
 TTTTTTTTTTTTTTTTTTTTTTTTTTTTTT PDIG        TELAPSE      893.43 TCPU      889.47
 CHARGE NORMALIZATION FACTOR   1.00000000
 TOTAL ATOMIC CHARGES:
   8.2511533   8.2508724   8.2513110   8.2506606   8.2531917   8.2508117
   8.2513182   8.2541629   8.2520541   8.2541433   8.2526599   8.2525381
   8.2547536   8.2554873   8.2573864   8.2520253   8.2538661   8.2542076
   8.2528604   8.2519450   8.2514039   8.2515930   8.2532951   8.2522607
   8.2545908   8.2526728   8.2516831   9.1797936   9.1947506   9.1823551
   9.1959076   9.1815152   9.1852900   9.1845438   9.1980265   9.1835513
   9.1869500   9.1865763   9.1890270   9.1955175   9.2007428   9.1882120
   9.2005038   9.1787754   9.2111417   9.1592382   9.1804026   9.1772853
   9.1989905   9.1854026   9.1579538   9.1990347   9.1814577   9.1974119
   9.2333620   9.2397702   9.2380299   9.2326657   9.2326233   9.2347117
   9.2352983   9.2340091   9.2328978   9.2326943   9.2326822   9.2319149
   9.2390196   9.2353359   9.2301617   9.2291968   9.2336569   9.2364092
   9.2338597   9.2329774   9.2385186   9.2342803   9.2353327   9.2301477
   9.2349193   9.2299835   9.2348672   9.2379596   9.2355679   9.2365486
   9.2336077   9.2319606   9.2396834   9.2301503   9.2334298   9.2377961
   9.2337169   9.2376164   9.2333244   9.2316591   9.2369376   9.2401522
   9.2351923   9.2337555   9.2290758   9.2352070   9.2369259   9.2295376
   9.2397284   9.2359639   9.2321971   9.2345748   9.2332673   9.2315132
  20.0914086  20.0864241  20.0999790  20.0875763  20.1079051  20.0927450
  20.0697684  20.0895710  20.0939512  20.0915192  20.1109523  20.0869296
  20.0796096  20.0902907  20.1097407  20.0756620  20.0844565  20.0641049
  20.0987482  20.0849012  20.0867340  20.1015459  20.0897980  20.0900099
  20.0984252  20.0941921  20.1014100
 TTTTTTTTTTTTTTTTTTTTTTTTTTTTTT MOQGAD      TELAPSE      893.55 TCPU      889.53
 TTTTTTTTTTTTTTTTTTTTTTTTTTTTTT SHELLXN     TELAPSE     1275.34 TCPU     1270.44
 TTTTTTTTTTTTTTTTTTTTTTTTTTTTTT MONMO3      TELAPSE     1288.12 TCPU     1283.04
 NUMERICALLY INTEGRATED DENSITY   1511.9947480242
 TTTTTTTTTTTTTTTTTTTTTTTTTTTTTT NUMDFT      TELAPSE     1305.25 TCPU     1299.94
 CYC   2 ETOT(AU) -2.971623009926E+04 DETOT -1.10E+01 tst  3.89E-03 PX  6.94E-02
 TTTTTTTTTTTTTTTTTTTTTTTTTTTTTT DIIS        TELAPSE     1309.67 TCPU     1304.25
 DIIS TEST: 0.14238E+02 AT SCF   CYCLE   2 - DIIS ACTIVE - HISTORY:     2 CYCLES
 TTTTTTTTTTTTTTTTTTTTTTTTTTTTTT FDIK        TELAPSE     1325.77 TCPU     1320.18
 INSULATING STATE
 TOP OF VALENCE BANDS -    BAND    756; K    8; EIG -1.5069439E-01 AU
 TOP OF VALENCE BANDS -    BAND    756; K    1; EIG -1.6047201E-01 AU
 BOTTOM OF VIRTUAL BANDS - BAND    757; K    1; EIG -2.1828384E-02 AU
 INDIRECT ENERGY BAND GAP:   3.5066 eV
 TTTTTTTTTTTTTTTTTTTTTTTTTTTTTT PDIG        TELAPSE     1328.33 TCPU     1322.73
 CHARGE NORMALIZATION FACTOR   1.00000000
 TOTAL ATOMIC CHARGES:
   8.3443140   8.3399248   8.3452579   8.3431893   8.3394414   8.3440050
   8.3370274   8.3356423   8.3403974   8.3406540   8.3434197   8.3411832
   8.3329340   8.3386355   8.3334880   8.3407349   8.3408756   8.3370393
   8.3423200   8.3375377   8.3390177   8.3423133   8.3423785   8.3362162
   8.3368379   8.3420281   8.3423360   9.0514451   9.0475760   9.0590994
   9.0472106   9.0716876   9.0584026   9.0548253   9.0459078   9.0575624
   9.0536024   9.0601257   9.0625013   9.0637807   9.0632394   9.0517355
   9.0435272   9.0529157   9.0467873   9.0622487   9.0581819   9.0567030
   9.0568957   9.0607238   9.0550734   9.0529472   9.0503121   9.0532708
   9.0474549   9.0313105   9.0391777   9.0293285   9.0334390   9.0353474
   9.0385883   9.0384271   9.0402091   9.0442716   9.0387919   9.0370437
   9.0357846   9.0414568   9.0424176   9.0343368   9.0374508   9.0309910
   9.0422079   9.0427951   9.0423119   9.0354279   9.0468111   9.0446986
   9.0318154   9.0373726   9.0342244   9.0381431   9.0469567   9.0497916
   9.0351516   9.0394836   9.0611644   9.0350903   9.0264520   9.0308832
   9.0398130   9.0304502   9.0337854   9.0497045   9.0390760   9.0291303
   9.0370969   9.0353681   9.0355631   9.0506894   9.0404329   9.0439831
   9.0293561   9.0561224   9.0392461   9.0312491   9.0391516   9.0214728
  20.5170324  20.5074819  20.5158878  20.5345887  20.5209363  20.5314487
  20.5519665  20.5095333  20.4963756  20.5244980  20.4966725  20.5627393
  20.5550892  20.5670838  20.5117532  20.5490579  20.5272750  20.5940906
  20.5125384  20.5346435  20.5374680  20.5122788  20.5266474  20.5256998
  20.5092852  20.5116219  20.5005690
 TTTTTTTTTTTTTTTTTTTTTTTTTTTTTT MOQGAD      TELAPSE     1328.40 TCPU     1322.80
 TTTTTTTTTTTTTTTTTTTTTTTTTTTTTT SHELLXN     TELAPSE     1709.30 TCPU     1703.62
 TTTTTTTTTTTTTTTTTTTTTTTTTTTTTT MONMO3      TELAPSE     1721.95 TCPU     1716.27
 NUMERICALLY INTEGRATED DENSITY   1511.9942459851
 TTTTTTTTTTTTTTTTTTTTTTTTTTTTTT NUMDFT      TELAPSE     1738.80 TCPU     1733.11
 CYC   3 ETOT(AU) -2.971861131177E+04 DETOT -2.38E+00 tst  2.31E-03 PX  5.95E-02
 TTTTTTTTTTTTTTTTTTTTTTTTTTTTTT DIIS        TELAPSE     1743.26 TCPU     1737.58
 DIIS TEST: 0.21291E+00 AT SCF   CYCLE   3 - DIIS ACTIVE - HISTORY:     3 CYCLES
 TTTTTTTTTTTTTTTTTTTTTTTTTTTTTT FDIK        TELAPSE     1759.10 TCPU     1753.40
 INSULATING STATE
 TOP OF VALENCE BANDS -    BAND    756; K    8; EIG -1.5372307E-01 AU
 TOP OF VALENCE BANDS -    BAND    756; K    1; EIG -1.6265346E-01 AU
 BOTTOM OF VIRTUAL BANDS - BAND    757; K    1; EIG -5.5720410E-03 AU
 INDIRECT ENERGY BAND GAP:   4.0314 eV
 TTTTTTTTTTTTTTTTTTTTTTTTTTTTTT PDIG        TELAPSE     1761.65 TCPU     1755.96
 CHARGE NORMALIZATION FACTOR   1.00000000
 TOTAL ATOMIC CHARGES:
   8.3459631   8.3411076   8.3461415   8.3433968   8.3425761   8.3450478
   8.3393950   8.3409631   8.3433735   8.3437762   8.3454806   8.3436156
   8.3368481   8.3447282   8.3404726   8.3426870   8.3445523   8.3403396
   8.3450239   8.3398473   8.3399864   8.3430715   8.3448370   8.3392805
   8.3406114   8.3449787   8.3444287   8.9902949   9.0225810   8.9717093
   9.0247955   8.9683209   9.0102508   9.0155632   9.0358171   8.9604113
   8.9930617   8.9897145   9.0197574   9.0306365   9.0161844   9.0187790
   9.0236111   9.0036242   9.0628528   8.9256681   8.9855657   8.9953017
   9.0392105   8.9827418   8.9392612   9.0446256   8.9949291   8.9926767
   9.1038375   9.1132139   9.1152311   9.0805961   9.0878658   9.0887772
   9.0990178   9.0963805   9.0968416   9.1006028   9.0939908   9.0995668
   9.1009363   9.1027856   9.0935660   9.0975698   9.1018377   9.1055366
   9.1025415   9.0848447   9.1136971   9.0915583   9.0964582   9.0746877
   9.0944819   9.0957602   9.0950034   9.0958668   9.1058700   9.1214685
   9.0899018   9.0884336   9.1180300   9.0827911   9.0917953   9.1153018
   9.0911349   9.0974036   9.0832898   9.1024829   9.0966566   9.0967084
   9.1041931   9.1027502   9.0909370   9.1010615   9.0911740   9.0738469
   9.1044880   9.1133647   9.0906743   9.1044707   9.1005238   9.0922889
  20.4757635  20.4305947  20.5119587  20.4312700  20.5435361  20.4365100
  20.4166197  20.4192543  20.5073064  20.4697233  20.5158174  20.4536250
  20.4320514  20.4396325  20.4811708  20.4072956  20.4301475  20.3452301
  20.5285073  20.4455873  20.4464865  20.4599534  20.4708857  20.4935092
  20.4430809  20.4819263  20.4979853
 TTTTTTTTTTTTTTTTTTTTTTTTTTTTTT MOQGAD      TELAPSE     1761.71 TCPU     1756.02
 TTTTTTTTTTTTTTTTTTTTTTTTTTTTTT SHELLXN     TELAPSE     2143.12 TCPU     2136.74
 TTTTTTTTTTTTTTTTTTTTTTTTTTTTTT MONMO3      TELAPSE     2156.07 TCPU     2149.29
 NUMERICALLY INTEGRATED DENSITY   1511.9941571838
 TTTTTTTTTTTTTTTTTTTTTTTTTTTTTT NUMDFT      TELAPSE     2173.32 TCPU     2166.13
 CYC   4 ETOT(AU) -2.971858449291E+04 DETOT  2.68E-02 tst  8.06E-05 PX  3.09E-02
 TTTTTTTTTTTTTTTTTTTTTTTTTTTTTT DIIS        TELAPSE     2179.71 TCPU     2171.86
 DIIS TEST: 0.40785E+00 AT SCF   CYCLE   4 - DIIS ACTIVE - HISTORY:     4 CYCLES
 TTTTTTTTTTTTTTTTTTTTTTTTTTTTTT FDIK        TELAPSE     2195.82 TCPU     2187.83
 INSULATING STATE
 TOP OF VALENCE BANDS -    BAND    756; K    8; EIG -1.4662047E-01 AU
 TOP OF VALENCE BANDS -    BAND    756; K    1; EIG -1.5698412E-01 AU
 BOTTOM OF VIRTUAL BANDS - BAND    757; K    1; EIG -6.8972484E-03 AU
 INDIRECT ENERGY BAND GAP:   3.8021 eV
 TTTTTTTTTTTTTTTTTTTTTTTTTTTTTT PDIG        TELAPSE     2198.46 TCPU     2190.40
 CHARGE NORMALIZATION FACTOR   1.00000000
 TOTAL ATOMIC CHARGES:
   8.3424297   8.3391089   8.3426152   8.3411827   8.3396865   8.3417403
   8.3372443   8.3375300   8.3392915   8.3417528   8.3431550   8.3412680
   8.3350705   8.3412039   8.3372837   8.3415868   8.3422220   8.3382047
   8.3424664   8.3371391   8.3385039   8.3411455   8.3418098   8.3368047
   8.3391504   8.3421333   8.3420282   9.0343950   9.0381627   9.0478844
   9.0307369   9.0550704   9.0463737   9.0318534   9.0385113   9.0516757
   9.0340820   9.0556903   9.0440565   9.0502771   9.0478033   9.0500088
   9.0332945   9.0457510   9.0419971   9.0340077   9.0339527   9.0302830
   9.0505602   9.0443520   9.0234277   9.0514408   9.0382945   9.0499326
   9.0780523   9.0743358   9.0795902   9.0598109   9.0680740   9.0707326
   9.0719478   9.0732730   9.0750492   9.0772357   9.0735955   9.0671411
   9.0704043   9.0738046   9.0724926   9.0671199   9.0721935   9.0657323
   9.0785469   9.0728596   9.0824468   9.0730648   9.0777261   9.0718887
   9.0685749   9.0667331   9.0689115   9.0750949   9.0810712   9.0855721
   9.0691451   9.0715274   9.0939517   9.0627959   9.0619345   9.0733545
   9.0729411   9.0668495   9.0643303   9.0803890   9.0714871   9.0676950
   9.0735728   9.0734204   9.0703366   9.0830277   9.0770693   9.0689222
   9.0683917   9.0892584   9.0735843   9.0672188   9.0743378   9.0591310
  20.4709734  20.4640192  20.4563444  20.4817273  20.4664173  20.4813859
  20.4912664  20.4631047  20.4296835  20.4735869  20.4540672  20.5023032
  20.4914038  20.5038836  20.4631091  20.4738712  20.4585618  20.5198900
  20.4540786  20.4828942  20.4817687  20.4813568  20.4630877  20.4667416
  20.4649176  20.4597233  20.4544519
 TTTTTTTTTTTTTTTTTTTTTTTTTTTTTT MOQGAD      TELAPSE     2198.60 TCPU     2190.47
 TTTTTTTTTTTTTTTTTTTTTTTTTTTTTT SHELLXN     TELAPSE     2578.52 TCPU     2570.19
 TTTTTTTTTTTTTTTTTTTTTTTTTTTTTT MONMO3      TELAPSE     2591.47 TCPU     2582.76
 NUMERICALLY INTEGRATED DENSITY   1511.9941698335
 TTTTTTTTTTTTTTTTTTTTTTTTTTTTTT NUMDFT      TELAPSE     2608.49 TCPU     2599.72
 CYC   5 ETOT(AU) -2.971864255590E+04 DETOT -5.81E-02 tst  2.38E-05 PX  1.68E-02
 TTTTTTTTTTTTTTTTTTTTTTTTTTTTTT DIIS        TELAPSE     2613.79 TCPU     2604.98
 DIIS TEST: 0.34855E-01 AT SCF   CYCLE   5 - DIIS ACTIVE - HISTORY:     5 CYCLES
 TTTTTTTTTTTTTTTTTTTTTTTTTTTTTT FDIK        TELAPSE     2629.92 TCPU     2620.99
 INSULATING STATE
 TOP OF VALENCE BANDS -    BAND    756; K    8; EIG -1.4641113E-01 AU
 TOP OF VALENCE BANDS -    BAND    756; K    1; EIG -1.5615832E-01 AU
 BOTTOM OF VIRTUAL BANDS - BAND    757; K    1; EIG -8.5132743E-03 AU
 INDIRECT ENERGY BAND GAP:   3.7524 eV
 TTTTTTTTTTTTTTTTTTTTTTTTTTTTTT PDIG        TELAPSE     2632.51 TCPU     2623.55
 CHARGE NORMALIZATION FACTOR   1.00000000
 TOTAL ATOMIC CHARGES:
   8.3413945   8.3375042   8.3417846   8.3398345   8.3381068   8.3407161
   8.3353532   8.3359307   8.3385009   8.3396245   8.3414203   8.3395350
   8.3329185   8.3393134   8.3353049   8.3390580   8.3401979   8.3363851
   8.3407339   8.3358564   8.3366997   8.3396756   8.3403835   8.3351413
   8.3366974   8.3405113   8.3404325   9.0326189   9.0444655   9.0285821
   9.0460679   9.0341757   9.0441800   9.0453215   9.0480565   9.0216491
   9.0354908   9.0368409   9.0510481   9.0559763   9.0500255   9.0421458
   9.0409228   9.0355675   9.0589631   9.0124305   9.0361935   9.0385295
   9.0570655   9.0354758   9.0124885   9.0558581   9.0330990   9.0340919
   9.0754104   9.0699441   9.0745521   9.0561810   9.0614998   9.0629192
   9.0684112   9.0679446   9.0683427   9.0724125   9.0664303   9.0678965
   9.0679477   9.0716637   9.0687035   9.0642130   9.0689476   9.0666283
   9.0727728   9.0653101   9.0767211   9.0638981   9.0728688   9.0636606
   9.0631868   9.0658852   9.0639584   9.0669465   9.0766030   9.0838136
   9.0638258   9.0647396   9.0894113   9.0599278   9.0587696   9.0702581
   9.0663538   9.0632420   9.0591277   9.0762641   9.0677387   9.0625361
   9.0691830   9.0681205   9.0629865   9.0766618   9.0676579   9.0625586
   9.0657175   9.0837035   9.0661414   9.0659269   9.0693563   9.0560538
  20.4842658  20.4611414  20.5021058  20.4761099  20.5185200  20.4774870
  20.4796449  20.4590716  20.4911051  20.4866550  20.4922452  20.5016985
  20.4914500  20.5013354  20.4866874  20.4799962  20.4777815  20.4792818
  20.5074887  20.4820078  20.4830753  20.4755772  20.4893358  20.4982851
  20.4666240  20.4857642  20.4869792
 TTTTTTTTTTTTTTTTTTTTTTTTTTTTTT MOQGAD      TELAPSE     2632.90 TCPU     2623.61
 TTTTTTTTTTTTTTTTTTTTTTTTTTTTTT SHELLXN     TELAPSE     3038.55 TCPU     3008.22
 TTTTTTTTTTTTTTTTTTTTTTTTTTTTTT MONMO3      TELAPSE     3051.10 TCPU     3020.76
 NUMERICALLY INTEGRATED DENSITY   1511.9941777325
 TTTTTTTTTTTTTTTTTTTTTTTTTTTTTT NUMDFT      TELAPSE     3068.23 TCPU     3037.74
 CYC   6 ETOT(AU) -2.971864757806E+04 DETOT -5.02E-03 tst  2.25E-06 PX  4.77E-03
 TTTTTTTTTTTTTTTTTTTTTTTTTTTTTT DIIS        TELAPSE     3073.76 TCPU     3043.20
 DIIS TEST: 0.58372E-02 AT SCF   CYCLE   6 - DIIS ACTIVE - HISTORY:     6 CYCLES
 TTTTTTTTTTTTTTTTTTTTTTTTTTTTTT FDIK        TELAPSE     3089.88 TCPU     3059.17
 INSULATING STATE
 TOP OF VALENCE BANDS -    BAND    756; K    8; EIG -1.4624218E-01 AU
 TOP OF VALENCE BANDS -    BAND    756; K    1; EIG -1.5633025E-01 AU
 BOTTOM OF VIRTUAL BANDS - BAND    757; K    1; EIG -9.3786116E-03 AU
 INDIRECT ENERGY BAND GAP:   3.7242 eV
 TTTTTTTTTTTTTTTTTTTTTTTTTTTTTT PDIG        TELAPSE     3092.46 TCPU     3061.72
 CHARGE NORMALIZATION FACTOR   1.00000000
 TOTAL ATOMIC CHARGES:
   8.3413507   8.3374572   8.3417403   8.3398544   8.3378694   8.3406297
   8.3353693   8.3355576   8.3381835   8.3393893   8.3412732   8.3392798
   8.3326105   8.3388386   8.3346527   8.3389642   8.3398448   8.3359816
   8.3405144   8.3355922   8.3365911   8.3394793   8.3401566   8.3348882
   8.3364264   8.3402704   8.3401691   9.0259494   9.0351636   9.0294400
   9.0324873   9.0357310   9.0392446   9.0336341   9.0391206   9.0277786
   9.0277714   9.0369783   9.0424651   9.0479141   9.0436509   9.0408235
   9.0335326   9.0360243   9.0491277   9.0125398   9.0271159   9.0281345
   9.0472891   9.0312715   9.0104845   9.0480723   9.0287974   9.0338150
   9.0738373   9.0697911   9.0751907   9.0542217   9.0605215   9.0626193
   9.0673116   9.0665340   9.0683130   9.0712499   9.0665218   9.0650919
   9.0666638   9.0701945   9.0669838   9.0638846   9.0678499   9.0645620
   9.0713437   9.0650954   9.0764780   9.0641387   9.0711005   9.0618138
   9.0624921   9.0645080   9.0640471   9.0677223   9.0750848   9.0826087
   9.0620493   9.0645696   9.0882612   9.0582789   9.0576703   9.0702074
   9.0655720   9.0622212   9.0587600   9.0746958   9.0668662   9.0619882
   9.0688195   9.0674816   9.0631542   9.0756272   9.0670842   9.0603507
   9.0646268   9.0834941   9.0653617   9.0647929   9.0689200   9.0547692
  20.4950722  20.4756405  20.4977868  20.4928037  20.5114908  20.4914064
  20.4982618  20.4717139  20.4787436  20.4962939  20.4909406  20.5157473
  20.5019143  20.5125284  20.4887940  20.4852705  20.4769684  20.5007033
  20.4999817  20.4967996  20.4976769  20.4915859  20.4933232  20.4998705
  20.4803228  20.4898876  20.4877816
 TTTTTTTTTTTTTTTTTTTTTTTTTTTTTT MOQGAD      TELAPSE     3092.56 TCPU     3061.78
 TTTTTTTTTTTTTTTTTTTTTTTTTTTTTT SHELLXN     TELAPSE     3473.18 TCPU     3442.00
 TTTTTTTTTTTTTTTTTTTTTTTTTTTTTT MONMO3      TELAPSE     3485.97 TCPU     3454.54
 NUMERICALLY INTEGRATED DENSITY   1511.9941784798
 TTTTTTTTTTTTTTTTTTTTTTTTTTTTTT NUMDFT      TELAPSE     3503.14 TCPU     3471.52
 CYC   7 ETOT(AU) -2.971864840978E+04 DETOT -8.32E-04 tst  6.94E-07 PX  1.87E-03
 TTTTTTTTTTTTTTTTTTTTTTTTTTTTTT DIIS        TELAPSE     3508.76 TCPU     3476.99
 DIIS TEST: 0.56339E-03 AT SCF   CYCLE   7 - DIIS ACTIVE - HISTORY:     7 CYCLES
 TTTTTTTTTTTTTTTTTTTTTTTTTTTTTT FDIK        TELAPSE     3524.94 TCPU     3492.92
 INSULATING STATE
 TOP OF VALENCE BANDS -    BAND    756; K    8; EIG -1.4586465E-01 AU
 TOP OF VALENCE BANDS -    BAND    756; K    1; EIG -1.5578776E-01 AU
 BOTTOM OF VIRTUAL BANDS - BAND    757; K    1; EIG -8.7544987E-03 AU
 INDIRECT ENERGY BAND GAP:   3.7310 eV
 TTTTTTTTTTTTTTTTTTTTTTTTTTTTTT PDIG        TELAPSE     3527.52 TCPU     3495.45
 CHARGE NORMALIZATION FACTOR   1.00000000
 TOTAL ATOMIC CHARGES:
   8.3423804   8.3384639   8.3428450   8.3408729   8.3389271   8.3417404
   8.3362851   8.3365798   8.3393018   8.3404839   8.3424274   8.3404653
   8.3335827   8.3399762   8.3357341   8.3400873   8.3410550   8.3371567
   8.3416345   8.3366889   8.3376629   8.3405758   8.3412873   8.3359432
   8.3375004   8.3414302   8.3413571   9.0288363   9.0377783   9.0291251
   9.0371338   9.0350655   9.0397110   9.0368144   9.0402828   9.0253960
   9.0303566   9.0379738   9.0437857   9.0497831   9.0439467   9.0399355
   9.0337004   9.0337264   9.0486038   9.0131875   9.0300995   9.0307893
   9.0508387   9.0331868   9.0097257   9.0505489   9.0299652   9.0339996
   9.0737087   9.0689421   9.0738351   9.0545760   9.0608793   9.0626686
   9.0670709   9.0669051   9.0678472   9.0713990   9.0659386   9.0648425
   9.0660484   9.0695631   9.0670828   9.0624322   9.0672109   9.0636042
   9.0721121   9.0649073   9.0763597   9.0642618   9.0719705   9.0634335
   9.0619884   9.0633052   9.0627069   9.0668363   9.0753875   9.0820962
   9.0626852   9.0640038   9.0883134   9.0577387   9.0568396   9.0687432
   9.0658167   9.0617424   9.0579051   9.0750166   9.0662305   9.0613912
   9.0681614   9.0673993   9.0626750   9.0762354   9.0680110   9.0617768
   9.0640034   9.0831484   9.0658032   9.0638080   9.0681108   9.0542741
  20.4893382  20.4714920  20.4982474  20.4864154  20.5135474  20.4887190
  20.4919026  20.4700298  20.4822641  20.4918813  20.4906072  20.5117853
  20.5009842  20.5122964  20.4901742  20.4878659  20.4823152  20.5019812
  20.5012355  20.4915248  20.4922329  20.4870498  20.4908188  20.4992957
  20.4753497  20.4873166  20.4868344
 TTTTTTTTTTTTTTTTTTTTTTTTTTTTTT MOQGAD      TELAPSE     3527.62 TCPU     3495.51
 TTTTTTTTTTTTTTTTTTTTTTTTTTTTTT SHELLXN     TELAPSE     4044.26 TCPU     3898.20
 TTTTTTTTTTTTTTTTTTTTTTTTTTTTTT MONMO3      TELAPSE     4056.88 TCPU     3910.80
 NUMERICALLY INTEGRATED DENSITY   1511.9941746671
 TTTTTTTTTTTTTTTTTTTTTTTTTTTTTT NUMDFT      TELAPSE     4074.04 TCPU     3927.78
 CYC   8 ETOT(AU) -2.971864847550E+04 DETOT -6.57E-05 tst  4.74E-08 PX  1.25E-03
 TTTTTTTTTTTTTTTTTTTTTTTTTTTTTT DIIS        TELAPSE     4080.00 TCPU     3933.40
 DIIS TEST: 0.13521E-03 AT SCF   CYCLE   8 - DIIS ACTIVE - HISTORY:     8 CYCLES
 TTTTTTTTTTTTTTTTTTTTTTTTTTTTTT FDIK        TELAPSE     4096.51 TCPU     3949.59
 INSULATING STATE
 TOP OF VALENCE BANDS -    BAND    756; K    8; EIG -1.4575745E-01 AU
 TOP OF VALENCE BANDS -    BAND    756; K    1; EIG -1.5578500E-01 AU
 BOTTOM OF VIRTUAL BANDS - BAND    757; K    1; EIG -8.7342262E-03 AU
 INDIRECT ENERGY BAND GAP:   3.7286 eV
 TTTTTTTTTTTTTTTTTTTTTTTTTTTTTT PDIG        TELAPSE     4099.11 TCPU     3952.14
 CHARGE NORMALIZATION FACTOR   1.00000000
 TOTAL ATOMIC CHARGES:
   8.3425360   8.3385841   8.3429378   8.3410198   8.3390589   8.3418386
   8.3364456   8.3367041   8.3393837   8.3406248   8.3425117   8.3405088
   8.3337373   8.3400910   8.3358333   8.3401869   8.3411290   8.3371896
   8.3417519   8.3367602   8.3377462   8.3407015   8.3413964   8.3360379
   8.3376032   8.3415059   8.3414203   9.0275236   9.0376056   9.0295670
   9.0356967   9.0355734   9.0405714   9.0360103   9.0410670   9.0264146
   9.0294873   9.0374308   9.0445340   9.0496963   9.0449039   9.0410038
   9.0345845   9.0354112   9.0508708   9.0129358   9.0296856   9.0308124
   9.0499582   9.0325864   9.0109654   9.0499295   9.0298334   9.0340146
   9.0736004   9.0690284   9.0741343   9.0540590   9.0603434   9.0622076
   9.0668285   9.0664912   9.0677031   9.0710057   9.0658838   9.0651703
   9.0662044   9.0698147   9.0668835   9.0630016   9.0674724   9.0641905
   9.0714276   9.0645520   9.0759829   9.0636920   9.0711529   9.0622038
   9.0620476   9.0638337   9.0631202   9.0668226   9.0750614   9.0821434
   9.0621842   9.0640108   9.0881532   9.0579501   9.0570953   9.0692815
   9.0652981   9.0616865   9.0580133   9.0746663   9.0662899   9.0613626
   9.0681687   9.0670325   9.0625433   9.0755239   9.0670384   9.0607105
   9.0640749   9.0829750   9.0652601   9.0640984   9.0684031   9.0543883
  20.4920599  20.4719705  20.4983578  20.4887969  20.5128781  20.4881104
  20.4940348  20.4690099  20.4816445  20.4939462  20.4910423  20.5122185
  20.5002376  20.5105528  20.4885710  20.4852843  20.4784913  20.4972122
  20.5015751  20.4929645  20.4936134  20.4878021  20.4919515  20.4989001
  20.4767146  20.4885598  20.4873105
 TTTTTTTTTTTTTTTTTTTTTTTTTTTTTT MOQGAD      TELAPSE     4099.28 TCPU     3952.20
 TTTTTTTTTTTTTTTTTTTTTTTTTTTTTT SHELLXN     TELAPSE     4480.24 TCPU     4332.53
 TTTTTTTTTTTTTTTTTTTTTTTTTTTTTT MONMO3      TELAPSE     4492.99 TCPU     4345.12
 NUMERICALLY INTEGRATED DENSITY   1511.9941745510
 TTTTTTTTTTTTTTTTTTTTTTTTTTTTTT NUMDFT      TELAPSE     4510.08 TCPU     4362.03
 CYC   9 ETOT(AU) -2.971864849141E+04 DETOT -1.59E-05 tst  9.91E-09 PX  3.29E-04
 TTTTTTTTTTTTTTTTTTTTTTTTTTTTTT DIIS        TELAPSE     4516.65 TCPU     4368.49
 DIIS TEST: 0.20256E-04 AT SCF   CYCLE   9 - DIIS ACTIVE - HISTORY:     9 CYCLES
 TTTTTTTTTTTTTTTTTTTTTTTTTTTTTT FDIK        TELAPSE     4533.04 TCPU     4384.62
 INSULATING STATE
 TOP OF VALENCE BANDS -    BAND    756; K    8; EIG -1.4577352E-01 AU
 TOP OF VALENCE BANDS -    BAND    756; K    1; EIG -1.5576194E-01 AU
 BOTTOM OF VIRTUAL BANDS - BAND    757; K    1; EIG -8.7925283E-03 AU
 INDIRECT ENERGY BAND GAP:   3.7274 eV
 TTTTTTTTTTTTTTTTTTTTTTTTTTTTTT PDIG        TELAPSE     4535.65 TCPU     4387.18
 CHARGE NORMALIZATION FACTOR   1.00000000
 TOTAL ATOMIC CHARGES:
   8.3424866   8.3385607   8.3429076   8.3409759   8.3390315   8.3418172
   8.3364134   8.3366917   8.3393655   8.3405923   8.3424872   8.3405048
   8.3337020   8.3400719   8.3358405   8.3401624   8.3411145   8.3371916
   8.3417235   8.3367371   8.3377357   8.3406656   8.3413611   8.3360305
   8.3375917   8.3414885   8.3414163   9.0280040   9.0372016   9.0290626
   9.0360421   9.0353014   9.0399100   9.0365018   9.0405676   9.0259963
   9.0298498   9.0372704   9.0439435   9.0497161   9.0445167   9.0405110
   9.0345602   9.0351561   9.0499249   9.0129659   9.0294545   9.0304108
   9.0498255   9.0325473   9.0104279   9.0499075   9.0297767   9.0337235
   9.0735593   9.0689325   9.0740888   9.0540943   9.0602496   9.0621339
   9.0668772   9.0663392   9.0676473   9.0709866   9.0658196   9.0648550
   9.0660802   9.0696487   9.0667537   9.0629297   9.0672726   9.0639452
   9.0713014   9.0645829   9.0759210   9.0636137   9.0711631   9.0621577
   9.0618884   9.0638078   9.0630380   9.0667969   9.0749106   9.0820813
   9.0619887   9.0638928   9.0879709   9.0578353   9.0570052   9.0691401
   9.0652689   9.0616747   9.0580023   9.0745657   9.0662497   9.0612509
   9.0681084   9.0670135   9.0624409   9.0755119   9.0669498   9.0606790
   9.0639951   9.0829143   9.0651109   9.0640615   9.0681817   9.0541637
  20.4916070  20.4725616  20.4988714  20.4883913  20.5134291  20.4890408
  20.4937574  20.4697740  20.4818830  20.4934678  20.4910515  20.5130510
  20.5005431  20.5115017  20.4891330  20.4858188  20.4793160  20.4992823
  20.5016528  20.4933427  20.4942789  20.4879014  20.4921834  20.5000289
  20.4768576  20.4886050  20.4874736
 TTTTTTTTTTTTTTTTTTTTTTTTTTTTTT MOQGAD      TELAPSE     4535.77 TCPU     4387.24
 TTTTTTTTTTTTTTTTTTTTTTTTTTTTTT SHELLXN     TELAPSE     4917.73 TCPU     4768.51
 TTTTTTTTTTTTTTTTTTTTTTTTTTTTTT MONMO3      TELAPSE     4930.43 TCPU     4781.12
 NUMERICALLY INTEGRATED DENSITY   1511.9941747553
 TTTTTTTTTTTTTTTTTTTTTTTTTTTTTT NUMDFT      TELAPSE     4947.52 TCPU     4798.09
 CYC  10 ETOT(AU) -2.971864849400E+04 DETOT -2.59E-06 tst  2.23E-09 PX  2.56E-04
 TTTTTTTTTTTTTTTTTTTTTTTTTTTTTT DIIS        TELAPSE     4953.56 TCPU     4804.05
 DIIS TEST: 0.36445E-05 AT SCF   CYCLE  10 - DIIS ACTIVE - HISTORY:    10 CYCLES
 TTTTTTTTTTTTTTTTTTTTTTTTTTTTTT FDIK        TELAPSE     4969.85 TCPU     4820.00
 INSULATING STATE
 TOP OF VALENCE BANDS -    BAND    756; K    8; EIG -1.4577049E-01 AU
 TOP OF VALENCE BANDS -    BAND    756; K    1; EIG -1.5577566E-01 AU
 BOTTOM OF VIRTUAL BANDS - BAND    757; K    1; EIG -8.8019879E-03 AU
 INDIRECT ENERGY BAND GAP:   3.7271 eV
 TTTTTTTTTTTTTTTTTTTTTTTTTTTTTT PDIG        TELAPSE     4972.45 TCPU     4822.57
 CHARGE NORMALIZATION FACTOR   1.00000000
 TOTAL ATOMIC CHARGES:
   8.3424845   8.3385527   8.3428953   8.3409722   8.3390212   8.3417979
   8.3364107   8.3366819   8.3393545   8.3405867   8.3424821   8.3404932
   8.3337045   8.3400654   8.3358283   8.3401608   8.3411061   8.3371820
   8.3417185   8.3367362   8.3377212   8.3406625   8.3413554   8.3360152
   8.3375876   8.3414819   8.3414011   9.0277012   9.0373688   9.0292607
   9.0358073   9.0352761   9.0401373   9.0361129   9.0406460   9.0260021
   9.0295415   9.0373050   9.0441518   9.0495116   9.0444936   9.0405438
   9.0342131   9.0348771   9.0500884   9.0127960   9.0295225   9.0306186
   9.0498493   9.0325137   9.0105806   9.0498522   9.0297039   9.0338153
   9.0735035   9.0688800   9.0739841   9.0540710   9.0603063   9.0621786
   9.0667951   9.0663975   9.0676197   9.0709559   9.0657629   9.0649069
   9.0660456   9.0696238   9.0667842   9.0627708   9.0672370   9.0639068
   9.0713896   9.0645456   9.0759414   9.0636655   9.0712200   9.0623168
   9.0618616   9.0636452   9.0629403   9.0667182   9.0749515   9.0820402
   9.0620794   9.0638798   9.0880175   9.0577732   9.0569083   9.0690444
   9.0652784   9.0615807   9.0579194   9.0745762   9.0661773   9.0612399
   9.0680520   9.0669904   9.0624360   9.0755450   9.0670759   9.0608065
   9.0639281   9.0829063   9.0651881   9.0639504   9.0681672   9.0541923
  20.4918891  20.4723357  20.4987637  20.4887379  20.5134657  20.4887867
  20.4940633  20.4696823  20.4821136  20.4938957  20.4912576  20.5126907
  20.5008859  20.5114808  20.4893796  20.4863978  20.4798066  20.4989816
  20.5018948  20.4931699  20.4938871  20.4880620  20.4922298  20.4995613
  20.4768836  20.4886997  20.4875692
 TTTTTTTTTTTTTTTTTTTTTTTTTTTTTT MOQGAD      TELAPSE     4972.60 TCPU     4822.63
 TTTTTTTTTTTTTTTTTTTTTTTTTTTTTT SHELLXN     TELAPSE     5354.16 TCPU     5203.70
 TTTTTTTTTTTTTTTTTTTTTTTTTTTTTT MONMO3      TELAPSE     5366.96 TCPU     5216.30
 NUMERICALLY INTEGRATED DENSITY   1511.9941747732
 TTTTTTTTTTTTTTTTTTTTTTTTTTTTTT NUMDFT      TELAPSE     5384.06 TCPU     5233.27
 CYC  11 ETOT(AU) -2.971864849419E+04 DETOT -1.90E-07 tst  2.66E-10 PX  1.25E-04
 TTTTTTTTTTTTTTTTTTTTTTTTTTTTTT DIIS        TELAPSE     5390.15 TCPU     5239.28
 DIIS TEST: 0.66393E-06 AT SCF   CYCLE  11 - DIIS ACTIVE - HISTORY:    11 CYCLES
 TTTTTTTTTTTTTTTTTTTTTTTTTTTTTT FDIK        TELAPSE     5406.34 TCPU     5255.23
 INSULATING STATE
 TOP OF VALENCE BANDS -    BAND    756; K    8; EIG -1.4577946E-01 AU
 TOP OF VALENCE BANDS -    BAND    756; K    1; EIG -1.5578004E-01 AU
 BOTTOM OF VIRTUAL BANDS - BAND    757; K    1; EIG -8.8027885E-03 AU
 INDIRECT ENERGY BAND GAP:   3.7273 eV
 TTTTTTTTTTTTTTTTTTTTTTTTTTTTTT PDIG        TELAPSE     5408.94 TCPU     5257.80
 CHARGE NORMALIZATION FACTOR   1.00000000
 TOTAL ATOMIC CHARGES:
   8.3424854   8.3385563   8.3429020   8.3409727   8.3390227   8.3418034
   8.3364105   8.3366823   8.3393587   8.3405809   8.3424801   8.3404945
   8.3337008   8.3400628   8.3358275   8.3401543   8.3411006   8.3371810
   8.3417143   8.3367372   8.3377237   8.3406601   8.3413559   8.3360167
   8.3375816   8.3414799   8.3414004   9.0277684   9.0373369   9.0292057
   9.0358797   9.0353028   9.0400837   9.0361636   9.0406349   9.0260172
   9.0296265   9.0373378   9.0440630   9.0495994   9.0445008   9.0405654
   9.0343505   9.0349912   9.0500664   9.0128998   9.0295145   9.0305035
   9.0499069   9.0325401   9.0104724   9.0498860   9.0297034   9.0337866
   9.0735087   9.0688928   9.0739906   9.0540472   9.0602916   9.0621542
   9.0667920   9.0664010   9.0676151   9.0709626   9.0657800   9.0649206
   9.0660534   9.0696327   9.0667715   9.0628095   9.0672774   9.0639303
   9.0713843   9.0645251   9.0759298   9.0636543   9.0711778   9.0622674
   9.0618925   9.0636582   9.0629410   9.0667322   9.0749621   9.0820267
   9.0620940   9.0638854   9.0880235   9.0577882   9.0569360   9.0690691
   9.0652692   9.0615908   9.0579008   9.0745856   9.0661778   9.0612350
   9.0680602   9.0669832   9.0624362   9.0755293   9.0670537   9.0607542
   9.0639438   9.0828920   9.0651959   9.0639559   9.0681999   9.0542005
  20.4918333  20.4724656  20.4988272  20.4886480  20.5134309  20.4888778
  20.4939756  20.4697691  20.4820795  20.4937882  20.4912876  20.5128153
  20.5007517  20.5114566  20.4892911  20.4860873  20.4795662  20.4989660
  20.5017747  20.4932420  20.4940157  20.4880606  20.4921662  20.4996685
  20.4769166  20.4887166  20.4876255
 TTTTTTTTTTTTTTTTTTTTTTTTTTTTTT MOQGAD      TELAPSE     5409.04 TCPU     5257.86
 TTTTTTTTTTTTTTTTTTTTTTTTTTTTTT SHELLXN     TELAPSE     6172.12 TCPU     5686.91
 +++ ENERGIES IN A.U. +++
 ::: EXT EL-POLE                                  -3.9298109261526E+04
 ::: EXT EL-SPHEROPOLE                             3.7450720805860E+02
 ::: BIELET ZONE E-E                               4.6928578608332E+04
 ::: TOTAL E-E                                     8.0049765548646E+03
 ::: TOTAL E-N + N-E                              -5.9841710243849E+04
 ::: TOTAL N-N                                    -5.5979348105673E+03
 ::: KINETIC ENERGY                                2.9177406832948E+04
 ::: PSEUDO TOTAL   ENERGY                        -2.8257261666604E+04
 ::: VIRIAL COEFFICIENT                            1.0160207273826E+00
 TTTTTTTTTTTTTTTTTTTTTTTTTTTTTT MONMO3      TELAPSE     6184.81 TCPU     5699.43
 NUMERICALLY INTEGRATED DENSITY   1511.9941747648
 EXCHANGE ENERGY: -0.140339435457E+04  CORRELATION ENERGY: -0.579924727326E+02
 TTTTTTTTTTTTTTTTTTTTTTTTTTTTTT NUMDFT      TELAPSE     6202.03 TCPU     5716.45
 CYC  12 ETOT(AU) -2.971864849390E+04 DETOT  2.90E-07 tst  5.32E-11 PX  1.25E-04

 == SCF ENDED - CONVERGENCE ON ENERGY      E(AU) -2.9718648493903E+04 CYCLES  12


 ENERGY EXPRESSION=HARTREE+FOCK EXCH*0.25000+(PBE        EXCH)*0.75000+PBE        CORR


 TOTAL ENERGY(DFT)(AU)( 12) -2.9718648493903E+04 DE 2.9E-07 tester 5.3E-11
 TTTTTTTTTTTTTTTTTTTTTTTTTTTTTT EDFT        TELAPSE     6202.13 TCPU     5716.47

 *******************************************************************************
 *                             FORCE CALCULATION                               *
 *******************************************************************************

 TTTTTTTTTTTTTTTTTTTTTTTTTTTTTT NUMDFG      TELAPSE     6317.93 TCPU     5832.06
 INFORMATION **** EXCPOG **** EXCH. BIPO BUFFER LENGTH (WORDS) =    90636192
 INFORMATION **** GENPOG **** BIPO BUFFER LENGTH (WORDS) =    12703500
 TTTTTTTTTTTTTTTTTTTTTTTTTTTTTT SHELXG      TELAPSE     8000.73 TCPU     7514.59

 CARTESIAN FORCES IN HARTREE/BOHR (ANALYTICAL)
   ATOM                     X                   Y                   Z
   1 256             4.965481728338E-03 -1.250928553452E-02  6.466124839833E-03
   2 256            -6.608741372992E-03 -3.494998114666E-03  2.890432805331E-03
   3 256             6.181120881153E-03 -5.601452713042E-03 -1.019827534206E-02
   4 256             5.863718606221E-03  4.528904119196E-03  9.292818671221E-03
   5 256             6.458958889144E-03  3.925403159258E-03 -9.346266114096E-03
   6 256             2.938062618788E-03 -3.785330490846E-03 -7.293038260190E-03
   7 256            -3.516774192181E-03  1.403349583535E-02  7.415427956559E-03
   8 256             3.286791175077E-03 -2.017754474254E-03  3.218503821211E-03
   9 256             5.030528624786E-03  9.566286098535E-03 -6.771035785359E-03
  10 256            -3.718396035053E-03 -4.579764527800E-03 -7.327722918340E-03
  11 256             6.964437803735E-04  4.024725249414E-04  6.493300002658E-03
  12 256            -5.416735343832E-04  5.669152977300E-03 -6.122779111786E-03
  13 256            -6.899188929658E-03 -2.952615217453E-03  8.387919398466E-04
  14 256            -8.522353163209E-03 -5.514395000657E-03  4.107352035268E-03
  15 256            -6.244063370704E-03 -5.097343935721E-03 -1.422943351114E-03
  16 256             5.174753264334E-03  4.232373829402E-03 -7.038466425245E-03
  17 256             9.334249276557E-04  4.320451835860E-03  1.899063023253E-03
  18 256             1.868229854061E-04 -1.944555155210E-03  5.059161845986E-03
  19 256             3.767782827762E-03 -1.502693767846E-02 -2.021277603633E-03
  20 256            -8.335313896180E-03  7.654601178407E-04  5.270760799899E-03
  21 256             4.876996376873E-03 -3.006449923111E-03  1.236465993011E-03
  22 256             5.571838566356E-03  4.024667561786E-03  2.789583073608E-03
  23 256             2.433781150942E-03 -4.771806903962E-03 -6.583985455699E-03
  24 256            -1.803139603930E-04 -9.464770199294E-04  6.491895283058E-03
  25 256             9.382878280208E-03  7.473975918341E-03  1.468450272700E-03
  26 256            -4.547749930856E-03  4.524993096712E-03 -4.340042272651E-03
  27 256             8.540913794315E-03  1.342075344631E-03  7.737994782647E-03
  28   8             3.714151745645E-04 -6.238729334812E-03  2.163919184912E-03
  29   8            -5.925441752163E-03 -2.962719305753E-03  8.290795531085E-03
  30   8            -3.242977721405E-03 -1.066234928337E-02  4.579155426224E-03
  31   8             1.397975373204E-03 -5.169099129125E-03 -3.457551272512E-03
  32   8            -9.082951994396E-03 -1.662559364015E-03  4.200912267383E-03
  33   8            -8.389800117511E-03  3.449202855030E-03  1.026133507423E-02
  34   8             1.215344123296E-03  6.546899548574E-04 -1.133069863897E-02
  35   8            -2.523857195655E-03 -5.843914344263E-04  8.942841058749E-03
  36   8             1.523363339434E-03  2.434887579108E-03  4.904624095430E-03
  37   8            -9.739377379897E-04  7.557733643568E-03 -9.125160220902E-03
  38   8            -4.761683124227E-03  2.012132036874E-03  1.368158910598E-02
  39   8             5.523479957608E-03 -1.777853043065E-03 -2.958510891031E-03
  40   8            -2.702987762035E-03  4.330572463734E-03 -2.440772239445E-03
  41   8             2.160835490462E-03 -1.000212834397E-03 -1.760536385896E-02
  42   8             2.179678423628E-03  2.521050164793E-03  1.739375033407E-02
  43   8            -1.916163581286E-03  5.094395633984E-03 -1.007102330883E-02
  44   8            -3.261866535142E-03  4.129855504591E-03  1.964574849552E-02
  45   8            -1.306941537228E-03 -4.407209079481E-03 -1.253086041558E-02
  46   8            -3.979269644024E-03 -1.005159838975E-03  1.376863140232E-02
  47   8             5.887898751159E-03 -2.319053322398E-03  6.417555417452E-03
  48   8             1.193081138519E-03  2.799841183693E-03  4.956180850890E-03
  49   8            -3.004884457518E-03 -5.292598134795E-03  1.085356550298E-02
  50   8            -4.601902066092E-03  1.121112672480E-04  3.620221305480E-03
  51   8            -6.017588547207E-04 -5.431676728044E-03  6.306834127394E-03
  52   8            -2.087062829945E-03 -5.928957622908E-03  9.135068164040E-03
  53   8            -1.398268362996E-05 -1.939090153603E-03  1.021555539077E-02
  54   8             1.029308520855E-04  1.040094765916E-02 -7.131058079123E-03
  55   8             3.924805927433E-03  3.355243848481E-03  1.237553306374E-03
  56   8            -2.079127735812E-03  9.672611784823E-04 -1.196124246347E-03
  57   8            -4.767540345272E-03  1.160871533564E-02 -2.129099098558E-05
  58   8            -3.974673082967E-03  2.886026967561E-03  1.947702995049E-03
  59   8            -8.217647603076E-03  7.897197947340E-03 -2.934434745702E-03
  60   8            -4.745457926759E-03  3.697540091753E-03 -5.609802955473E-03
  61   8             4.731572020164E-03  7.943730750837E-03 -3.999974022461E-03
  62   8            -2.323544101222E-04 -1.237901176729E-02 -1.400558771819E-03
  63   8            -6.517237232549E-03  9.067777922187E-04  5.997434379343E-04
  64   8            -4.083060057675E-04 -3.904387178800E-03 -5.238548591948E-03
  65   8            -5.861507599453E-03 -7.111021637426E-03  6.326210860943E-04
  66   8            -1.504015268322E-03  7.923154388685E-03 -1.384970548817E-03
  67   8            -2.862428631304E-03 -1.600553340986E-03  4.393113509914E-03
  68   8             1.273926596954E-03  1.058184127416E-02 -3.995153544477E-03
  69   8             2.771023726250E-03 -1.600839783003E-02 -1.003800857717E-03
  70   8            -5.937223564204E-03 -5.522841268047E-03 -3.796182018448E-03
  71   8             6.333671099446E-03 -6.769933125509E-03  3.118124962195E-03
  72   8             4.287268211720E-05  7.135514107389E-03  5.334200382348E-03
  73   8            -6.326096732162E-04  1.530805869073E-02 -5.144761048829E-03
  74   8             1.148225647565E-03  5.204029756107E-03  1.725102966886E-03
  75   8            -1.506636875377E-04  1.861935374628E-02  1.548700794835E-03
  76   8            -5.935279498456E-03 -1.443809003635E-02 -9.732743925783E-04
  77   8             1.051173371521E-03  2.944748061979E-03  1.864130846707E-05
  78   8             2.676179724862E-03  1.810563681635E-03  6.015427677699E-03
  79   8            -5.762797324079E-03 -4.326503480657E-03 -1.293449916691E-03
  80   8            -7.305919933809E-03 -2.598527270421E-03 -2.829549920759E-03
  81   8             1.037318284990E-04 -2.004434958070E-02 -7.786346746448E-03
  82   8            -3.696633751525E-03 -5.633552096534E-03 -6.836429645724E-03
  83   8            -1.331336574685E-02  2.695011376942E-03  8.922861249649E-06
  84   8            -8.906665970589E-03 -7.909627345761E-03 -3.250667102491E-03
  85   8             6.451696263497E-03 -5.680197832499E-03 -4.612737905659E-03
  86   8            -2.053660034765E-03 -6.370874564303E-03  9.870585655802E-04
  87   8            -5.433949716078E-03 -5.304166927061E-03  2.775398819871E-03
  88   8             1.561153840340E-02 -1.020362338412E-03  4.073282162141E-03
  89   8            -3.218639681350E-03  5.632106438680E-04  3.507229631656E-04
  90   8             1.322033286894E-03  6.309752799566E-04 -8.185510912661E-03
  91   8             4.721255139192E-03 -3.923345298905E-03  3.718699631317E-03
  92   8             5.896255497494E-03 -2.012363225218E-03  1.769170650694E-03
  93   8             8.346740216759E-03 -5.467104740329E-03  3.709693690042E-03
  94   8             1.548464959718E-02  4.087615234645E-03 -7.701899825658E-04
  95   8             6.270911792504E-03  6.559532930823E-03 -3.666424966536E-03
  96   8            -1.118896357294E-03  3.765063539626E-03  2.865530753955E-03
  97   8            -8.654205926618E-03  1.273521787797E-03  5.032081135101E-03
  98   8             1.141851434401E-02  2.995681149852E-03 -3.530656366346E-03
  99   8             1.271872042414E-02  1.342193507385E-03 -3.341991536727E-03
 100   8             4.712523472928E-03  5.812357811562E-03 -3.249747350982E-03
 101   8             1.242572971765E-02 -1.212274031945E-03 -1.439690062441E-03
 102   8            -8.591440076822E-04 -4.996152779451E-03  5.367815910211E-03
 103   8            -8.280351636256E-03  3.041908580394E-03  2.486579986998E-03
 104   8             3.753614724052E-04  5.326102233356E-03 -1.109334297738E-03
 105   8             9.085738790281E-03  3.576233863630E-03  1.178057986253E-03
 106   8            -9.712250752277E-03  4.994466595798E-03  7.162059539760E-04
 107   8             3.452021967563E-03 -4.929155674030E-03 -2.434716358491E-03
 108   8            -1.456848438528E-02  4.180874237878E-03 -6.651336183036E-03
 109  22            -3.288725401516E-03  2.235139030401E-02 -2.802096125321E-03
 110  22             1.884510646286E-02  4.956308169914E-03  9.275479389772E-03
 111  22             2.372123506976E-02  1.192358550134E-02 -2.852643896385E-03
 112  22            -1.449715224787E-02 -1.069210758573E-02  1.666697398631E-02
 113  22             5.398633773630E-03 -3.975675541909E-03 -1.213010740484E-02
 114  22             3.140239477818E-02 -6.913990199545E-03 -1.220254377794E-02
 115  22            -9.011982962358E-03 -7.090601812076E-03 -1.117450508224E-02
 116  22            -6.401476742493E-03 -1.742544024106E-03  9.513375381717E-03
 117  22            -8.116895322249E-03  1.260529243256E-03  1.877808681426E-03
 118  22            -5.772174278298E-03  7.346883001582E-03  1.119068670191E-02
 119  22            -5.612667525839E-03 -4.147480860487E-04 -1.220292152992E-02
 120  22            -9.422306394973E-03  4.256156471204E-03 -1.506315299043E-02
 121  22             1.903641464091E-02 -1.145015514879E-02 -3.812440614607E-03
 122  22            -2.229397770128E-02 -5.538229901756E-03  1.469457235649E-02
 123  22            -1.592952281795E-02  4.246546963045E-03 -1.903098567766E-02
 124  22             5.366209594607E-03 -2.273099397916E-03  1.374986397481E-02
 125  22            -2.329984965689E-03  5.190760946299E-03 -2.450978665889E-02
 126  22             8.670227469534E-03 -6.019879085335E-03  2.260888950455E-02
 127  22             1.419120493711E-02  4.456611167953E-03 -9.564624739538E-03
 128  22            -9.064040963301E-03 -4.596448086990E-03 -2.187885131665E-03
 129  22            -1.249595993255E-02  2.960286915142E-03 -1.224822022927E-02
 130  22            -2.315977352352E-03  6.190080752616E-03  2.718023624355E-03
 131  22             1.617763907206E-02  6.261723479185E-03 -1.085937883340E-03
 132  22            -1.552945869638E-02  1.021922888213E-02 -1.384828617187E-02
 133  22             4.036544486153E-03 -1.215035570673E-02 -1.411782959797E-02
 134  22             1.523360195635E-02  3.330573047976E-03 -5.646532285863E-03
 135  22            -5.991007571409E-03 -1.524085035657E-02  2.136475038538E-02

 RESULTANT FORCE     7.198205573267E-12  1.264609944540E-12  1.192634879743E-11

 SYMMETRY ALLOWED FORCES (ANALYTICAL) (DIRECTION, FORCE)

    1  4.9839752E-03    2 -1.2555875E-02    3  6.4902073E-03    4 -6.5963449E-03
    5 -3.6018158E-03    6  2.9497145E-03    7  6.1920880E-03    8 -5.7434182E-03
    9 -1.0166216E-02   10  5.9205654E-03   11  4.3818538E-03   12  9.3218191E-03
   13  6.5634596E-03   14  3.8096140E-03   15 -9.3173846E-03   16  3.0796267E-03
   17 -3.9015302E-03   18 -7.3281638E-03   19 -3.3764090E-03   20  1.3956403E-02
   21  7.3806162E-03   22  3.4274075E-03   23 -2.0484537E-03   24  3.2250892E-03
   25  5.2051454E-03   26  9.5652709E-03   27 -6.7785179E-03   28 -3.5372293E-03
   29 -4.5610327E-03   30 -7.3914403E-03   31  8.6696461E-04   32  4.0461827E-04
   33  6.4258307E-03   34 -3.6915544E-04   35  5.6959410E-03   36 -6.1893976E-03
   37 -6.7556866E-03   38 -2.9145920E-03   39  7.5011971E-04   40 -8.4411476E-03
   41 -5.5109247E-03   42  4.0383324E-03   43 -6.2234369E-03   44 -5.1378741E-03
   45 -1.4814444E-03   46  5.1911777E-03   47  4.1879667E-03   48 -7.1329100E-03
   49  9.7572375E-04   50  4.3117592E-03   51  1.7822161E-03   52  2.3424217E-04
   53 -1.9432679E-03   54  4.9709589E-03   55  3.8326148E-03   56 -1.5098600E-02
   57 -2.0972642E-03   58 -8.2898068E-03   59  6.3158584E-04   60  5.2082516E-03
   61  4.9079243E-03   62 -3.1513154E-03   63  1.2017889E-03   64  5.6490767E-03
   65  3.8830793E-03   66  2.7723517E-03   67  2.5472562E-03   68 -4.9180610E-03
   69 -6.6183265E-03   70 -5.5741921E-05   71 -1.1196476E-03   72  6.4569642E-03
   73  9.5503166E-03   74  7.3288608E-03   75  1.4691723E-03   76 -4.3568484E-03
   77  4.4333130E-03   78 -4.3524865E-03   79  8.7521152E-03   80  1.2765544E-03
   81  7.7412226E-03   82  6.2594695E-04   83 -6.3277170E-03   84  2.2131734E-03
   85 -5.6946648E-03   86 -3.0957069E-03   87  8.3896637E-03   88 -3.0534365E-03
   89 -1.0861259E-02   90  4.7399156E-03   91  1.5805553E-03   92 -5.4455998E-03
   93 -3.2899776E-03   94 -8.9358560E-03   95 -1.9746948E-03   96  4.3737852E-03
   97 -8.3264958E-03   98  3.1427982E-03   99  1.0506516E-02  100  1.2440451E-03
  101  3.6544943E-04  102 -1.1088631E-02  103 -2.5014268E-03  104 -8.7617555E-04
  105  9.1756868E-03  106  1.5410423E-03  107  2.1495080E-03  108  5.2093463E-03
  109 -9.5332230E-04  110  7.3202477E-03  111 -8.8389487E-03  112 -4.7703200E-03
  113  1.8212152E-03  114  1.3994401E-02  115  5.5188382E-03  116 -1.9695850E-03
  117 -2.5871176E-03  118 -2.6930229E-03  119  4.1502815E-03  120 -2.0937521E-03
  121  2.1681049E-03  122 -1.1648645E-03  123 -1.7360950E-02  124  2.2102378E-03
  125  2.3628206E-03  126  1.7640145E-02  127 -1.8839089E-03  128  4.9756586E-03
  129 -9.7827808E-03  130 -3.2575754E-03  131  4.0602137E-03  132  1.9989905E-02
  133 -1.3278161E-03  134 -4.4792824E-03  135 -1.2144079E-02  136 -4.0299518E-03
  137 -1.1082234E-03  138  1.4167057E-02  139  5.8475841E-03  140 -2.4420838E-03
  141  6.9344167E-03  142  1.1926936E-03  143  2.6782352E-03  144  5.5439205E-03
  145 -3.0158195E-03  146 -5.4301539E-03  147  1.1539587E-02  148 -4.6574778E-03
  149 -5.7257802E-05  150  4.3987885E-03  151 -6.8871461E-04  152 -5.6346245E-03
  153  7.1534043E-03  154 -2.1911878E-03  155 -6.2023751E-03  156  1.0084297E-02
  157 -1.3206604E-04  158 -2.2634359E-03  159  1.1293591E-02  160 -1.6053527E-05
  161  1.0124768E-02  162 -6.0211946E-03  163  3.8294347E-03  164  3.1609437E-03
  165  2.3247578E-03  166 -2.1642082E-03  167  7.9765660E-04  168 -9.5030912E-05
  169 -4.8973700E-03  170  1.1517270E-02  171  1.0860987E-03  172 -4.1625653E-03
  173  2.8867392E-03  174  3.0818519E-03  175 -8.4877779E-03  176  7.9685074E-03
  177 -1.7920129E-03  178 -5.1049427E-03  179  3.8464923E-03  180 -4.5088941E-03
  181  4.3673806E-03  182  8.1729102E-03  183 -2.9487492E-03  184 -5.7100684E-04
  185 -1.2177355E-02  186 -3.7171121E-04  187 -6.9072605E-03  188  1.0324079E-03
  189  1.6373068E-03  190 -8.5206880E-04  191 -3.7980801E-03  192 -4.2190557E-03
  193 -6.3561704E-03  194 -7.0814140E-03  195  1.6340544E-03  196 -2.0586760E-03
  197  7.9594173E-03  198 -3.7459205E-04  199 -3.4570965E-03  200 -1.5178601E-03
  201  5.4403541E-03  202  6.5879369E-04  203  1.0732623E-02  204 -2.9296779E-03
  205  2.1770970E-03  206 -1.5896898E-02  207  4.0193569E-05  208 -6.5646410E-03
  209 -5.5737059E-03  210 -2.7729718E-03  211  5.6999650E-03  212 -6.9169221E-03
  213  4.1521495E-03  214 -5.5079511E-04  215  6.9895167E-03  216  6.4511357E-03
  217 -1.2405164E-03  218  1.5339545E-02  219 -4.0087707E-03  220  5.3468428E-04
  221  5.4024723E-03  222  2.8519873E-03  223 -7.6614605E-04  224  1.9018432E-02
  225  2.7212646E-03  226 -6.6124554E-03  227 -1.3998323E-02  228  2.2374531E-04
  229  3.2092655E-04  230  3.2944221E-03  231  1.2280004E-03  232  1.9657071E-03
  233  2.2076306E-03  234  7.2985196E-03  235 -6.5134906E-03  236 -3.9449132E-03
  237  5.3860317E-05  238 -8.1879480E-03  239 -2.2723841E-03  240 -1.4951708E-03
  241 -8.6025318E-04  242 -1.9920699E-02  243 -6.5250900E-03  244 -4.7123846E-03
  245 -5.7469681E-03  246 -5.6882281E-03  247 -1.4510913E-02  248  2.5518205E-03
  249  1.1142747E-03  250 -1.0343011E-02  251 -8.1067260E-03  252 -2.1554785E-03
  253  4.9633423E-03  254 -6.0156574E-03  255 -3.5737894E-03  256 -3.5280853E-03
  257 -6.8348870E-03  258  2.0106542E-03  259 -7.0161565E-03  260 -5.8980654E-03
  261  3.8589881E-03  262  1.4104317E-02  263 -1.6931117E-03  264  5.2518568E-03
  265 -4.6260836E-03  266 -1.2883371E-04  267  1.6020086E-03  268 -1.3692020E-04
  269 -6.3152122E-05  270 -6.9933380E-03  271  3.2976349E-03  272 -4.6703549E-03
  273  4.8882144E-03  274  4.5620372E-03  275 -2.8446583E-03  276  3.0285342E-03
  277  7.1488794E-03  278 -6.4072281E-03  279  5.0632922E-03  280  1.4545599E-02
  281  3.1088977E-03  282  6.5112948E-04  283  5.5766051E-03  284  5.6882981E-03
  285 -2.2650053E-03  286 -1.7661423E-03  287  3.0022593E-03  288  4.2928125E-03
  289 -9.4458383E-03  290  5.5614073E-04  291  6.5992051E-03  292  1.0644393E-02
  293  2.3162504E-03  294 -1.9024639E-03  295  1.2254215E-02  296  7.0342561E-04
  297 -1.7633286E-03  298  4.4797063E-03  299  5.2568183E-03  300 -1.7194569E-03
  301  1.2435393E-02  302 -1.7179652E-03  303  6.7176351E-05  304 -6.7797669E-04
  305 -5.6100414E-03  306  6.9790623E-03  307 -8.2351143E-03  308  2.3799916E-03
  309  4.2679438E-03  310  2.9760190E-04  311  4.7763087E-03  312  7.5001516E-04
  313  9.1617222E-03  314  3.1541567E-03  315  3.0998153E-03  316 -9.6469692E-03
  317  4.7035852E-03  318  2.7351760E-03  319  3.4117250E-03  320 -5.2306020E-03
  321 -3.7551906E-04  322 -1.4815357E-02  323  3.8563329E-03  324 -4.6831742E-03
  325 -3.8799921E-03  326  2.2518558E-02  327 -9.3739402E-04  328  1.8539962E-02
  329  5.6623993E-03  330  1.1342590E-02  331  2.4273682E-02  332  1.3004560E-02
  333 -5.7247181E-04  334 -1.3733319E-02  335 -9.5439170E-03  336  1.9342600E-02
  337  5.9989543E-03  338 -3.1009142E-03  339 -9.2416013E-03  340  3.2893821E-02
  341 -6.2526801E-03  342 -9.7458117E-03  343 -6.9130834E-03  344 -6.7388392E-03
  345 -9.1680673E-03  346 -4.5895052E-03  347 -1.5976510E-03  348  1.1586791E-02
  349 -6.6001883E-03  350  1.4012925E-03  351  4.3687512E-03  352 -4.5649437E-03
  353  7.7442363E-03  354  1.4201465E-02  355 -4.6774381E-03  356  2.1349682E-04
  357 -9.0506511E-03  358 -8.9140913E-03  359  5.0513742E-03  360 -1.2589188E-02
  361  1.9928010E-02  362 -1.0857431E-02  363 -1.8128147E-03  364 -2.1484458E-02
  365 -5.5276569E-03  366  1.7258360E-02  367 -1.6581532E-02  368  4.2137668E-03
  369 -1.6461515E-02  370  4.2166410E-03  371 -2.2287010E-03  372  1.6342928E-02
  373 -3.4527381E-03  374  5.3867431E-03  375 -2.2224280E-02  376  7.7780964E-03
  377 -5.8617836E-03  378  2.5097580E-02  379  1.4552057E-02  380  4.5583227E-03
  381 -6.0652179E-03  382 -8.3604219E-03  383 -4.5094754E-03  384  1.0087557E-03
  385 -1.3360680E-02  386  2.9551130E-03  387 -9.7015931E-03  388 -4.6569574E-03
  389  7.0345988E-03  390  4.9156189E-03  391  1.4972907E-02  392  8.6956878E-03
  393  1.7674208E-03  394 -1.7282263E-02  395  1.5795818E-02  396 -1.2454960E-02
  397 -4.7744859E-04  398 -5.0583735E-03  399 -1.7944095E-02  400  1.5008065E-02
  401  1.3131979E-02  402 -1.9099861E-02
 TTTTTTTTTTTTTTTTTTTTTTTTTTTTTT TOTGRA      TELAPSE     8031.99 TCPU     7545.70
 EIGENVECTORS IN FORTRAN UNIT  8
 TTTTTTTTTTTTTTTTTTTTTTTTTTTTTT END         TELAPSE     8035.87 TCPU     7549.41
 EEEEEEEEEE TERMINATION  DATE 25 03 2026 TIME 19:42:40.4
NODE    0 CPU TIME =      7549.408
NODE    1 CPU TIME =      8014.269
NODE    2 CPU TIME =      8014.159
NODE    3 CPU TIME =      8014.677
NODE    4 CPU TIME =      8014.618
NODE    5 CPU TIME =      8014.236
NODE    6 CPU TIME =      8015.131
NODE    7 CPU TIME =      8014.587
NODE    8 CPU TIME =      8014.838
NODE    9 CPU TIME =      8014.395
NODE   10 CPU TIME =      8014.008
NODE   11 CPU TIME =      8014.907
NODE   12 CPU TIME =      8014.870
NODE   13 CPU TIME =      8014.366
NODE   14 CPU TIME =      7994.896
NODE   15 CPU TIME =      8013.901
NODE   16 CPU TIME =      8013.906
NODE   17 CPU TIME =      8013.891
NODE   18 CPU TIME =      8014.278
NODE   19 CPU TIME =      8014.856
NODE   20 CPU TIME =      8014.432
NODE   21 CPU TIME =      8014.396
NODE   22 CPU TIME =      8013.797
NODE   23 CPU TIME =      8013.847
NODE   24 CPU TIME =      8011.391
NODE   25 CPU TIME =      8012.633
NODE   26 CPU TIME =      8012.981
NODE   27 CPU TIME =      8012.678
NODE   28 CPU TIME =      8011.307
NODE   29 CPU TIME =      8013.184
NODE   30 CPU TIME =      8011.454
NODE   31 CPU TIME =      8009.651
    TOTAL CPU TIME =    255955.949
------------------------------------------------------
Pcrystal finished normally
------------------------------------------------------
SCF wavefunction fort.9 saved as /users/zeitzsab/tetra_script_walkthrough/oldPyro_tetra/rdm/rdm_disp35.w
Date: 2026-03-25 19:42:40