Date: 2026-03-25 17:16:49
Running on: nid002299
Temporary directory: /scratch/project_462000878/zeitzsab/rdm_disp15_209207
Executable: /project/project_462000878/jchem/crystal/23-1.0.1-gnu/install/bin/Pcrystal
Output: /users/zeitzsab/tetra_script_walkthrough/oldPyro_tetra/rdm/rdm_disp15.out
Input data rdm_disp15.d12
converted and standardized from ase Atoms() object for Ba27Ti27O81 in space group 1
EXTERNAL
ENDGEOM 
256 6 
INPUT 
10. 0 2 2 2 1 0 
9.526986 427.845816 0 
4.487510 204.417530 0 
8.315930 293.605864 0 
4.292217 294.193316 0 
5.916108 112.550402 0 
2.874842 181.782621 0 
3.589465 -33.473174 0 
0 0 3 2.0 1.0 
2.3961900000 -5.9554766710 
2.2433050000 6.6805648241 
0.71740200000 -0.57055347037 
0 0 1 2.0 1.0 
0.27420073547 1.0000000000 
0 1 1 0.0 1.0 
0.13 1.0 1.0 
0 2 4 6.0 1.0 
2.9267420000 0.79815276764 
2.5207180000 -1.0707548832 
0.67578180854 0.34940781448 
0.31985844531 0.65041110673 
0 3 2 0.0 1.0 
0.966315 -0.908938 
0.893828 0.947240 
0 3 1 0.0 1.0 
0.273195 0.322057 
22 12 
0 0 8 2.0 1.0 
211575.69025 .23318151011E-03 
31714.945058 .18079690851E-02 
7217.5476543 .93984311352E-02 
2042.9394247 .38156853618E-01 
665.12896208 .12374757197 
238.74942264 .29208551143 
92.508691001 .41226800855 
36.403919209 .21090534061 
0 0 4 2.0 1.0 
232.72624607 -.24920140738E-01 
71.791209711 -.11746490087 
11.158534615 .56503342318 
4.6548135416 .56211101812 
0 0 2 2.0 1.0 
6.8034629174 -.23011425503 
1.1201076403 .72103186735 
0 0 1 2.0 1.0 
0.48080118839 1.0000000000 
0 0 1 0.0 1.0 
0.24 1.0 
0 1 1 0.0 1.0 
0.12 1.0 1.0 
0 2 6 6.0 1.0 
1063.1474732 .24690839320E-02 
251.56507061 .19773345523E-01 
80.408554854 .90987976672E-01 
29.768193269 .25559900413 
11.736830556 .40489386764 
4.7142375230 .23693402558 
0 2 3 6.0 1.0 
17.796803704 -.27878639615E-01 
2.4272698680 .55672914668 
0.96823445537 1.0055447350 
0 2 1 0.0 1.0 
0.37056694165 1.0000000000 
0 3 4 2.0 1.0 
37.713384723 .11513835092E-01 
10.692931184 .67246343996E-01 
3.6728446990 .21484207775 
1.3588590303 .38890892779 
0 3 1 0.0 1.0 
0.54 1.0 
0 3 1 0.0 1.0 
0.22 1.0 
8 7 
0 0 6 2.0 1.0 
27032.382631 0.21726302465E-03 
4052.3871392 0.16838662199E-02 
922.32722710 0.87395616265E-02 
261.24070989 0.35239968808E-01 
85.354641351 0.11153519115 
31.035035245 0.25588953961 
0 0 2 2.0 1.0 
12.271113873 0.39768730901 
4.9159842006 0.24627849430 
0 0 1 0.0 1.0 
0.90086482370 1.0000000000 
0 1 1 0.0 1.0 
0.25000000000 1.0 1.0 
0 2 4 4.0 1.0 
75.300554155 0.60685103418E-02 
17.743733858 0.41912575824E-01 
5.5355828651 0.16153841088 
2.0685535103 0.35706951311 
0 2 1 0.0 1.0 
0.78238772422 1.0000000000 
0 3 1 0.0 1.0 
1.2000000000 1.0000000000 
99 0 
ENDBAS 
DFT 
PBE0 
ENDDFT 
SHRINK 
0 2 
2 2 2 
TOLINTEG 
8 8 8 8 16 
MAXCYCLE 
100 
FMIXING 
80 
EXCHSIZE 
30000000 
BIPOSIZE 
30000000 
GRADCAL 
ENDEXTERNAL geometry rdm_disp15.ext is available as /scratch/project_462000878/zeitzsab/rdm_disp15_209207/fort.34
 PROCESS            7  OF           32  WORKING
 PROCESS            2  OF           32  WORKING
 PROCESS           23  OF           32  WORKING
 PROCESS           10  OF           32  WORKING
 PROCESS           13  OF           32  WORKING
 PROCESS            3  OF           32  WORKING
 PROCESS            9  OF           32  WORKING
 PROCESS           19  OF           32  WORKING
 PROCESS           21  OF           32  WORKING
 PROCESS           22  OF           32  WORKING
 PROCESS           17  OF           32  WORKING
 PROCESS            5  OF           32  WORKING
 PROCESS            0  OF           32  WORKING
 PROCESS            1  OF           32  WORKING
 PROCESS           18  OF           32  WORKING
 PROCESS           16  OF           32  WORKING
 PROCESS            4  OF           32  WORKING
 PROCESS            6  OF           32  WORKING
 PROCESS           15  OF           32  WORKING
 PROCESS            8  OF           32  WORKING
 PROCESS           20  OF           32  WORKING
 PROCESS           28  OF           32  WORKING
 PROCESS           12  OF           32  WORKING
 PROCESS           27  OF           32  WORKING
 PROCESS           24  OF           32  WORKING
 PROCESS           26  OF           32  WORKING
 PROCESS           31  OF           32  WORKING
 PROCESS           11  OF           32  WORKING
 PROCESS           25  OF           32  WORKING
 PROCESS           30  OF           32  WORKING
 PROCESS           29  OF           32  WORKING
 PROCESS           14  OF           32  WORKING

         
 *******************************************************************************
 *                                                                             *
 *                               CRYSTAL23                                     *
 *                      public : 1.0.1 - October 2022                          *
 *                       HTTP://WWW.CRYSTAL.UNITO.IT                           *
 *                                                                             *
 *                              MAIN AUTHORS                                   *
 *                                                                             *
 *  R. DOVESI(1,11), V.R. SAUNDERS(2), C. ROETTI(1,11), R. ORLANDO(1,11),      *
 *  C.M. ZICOVICH-WILSON(1,3), F. PASCALE(4), B. CIVALLERI(1,11),              *
 *  K. DOLL(5), N.M. HARRISON(6), I.J. BUSH(7), Ph. D'ARCO(8),                 *
 *  M. LLUNELL(9), M. CAUSA'(10), Y. NOEL(8), L. MASCHIO(1,11), A. ERBA(1,11)  *
 *  M. RE'RAT(14), S. CASASSA(1,11), B.G. SEARLE(2), J.K. DESMARAIS(1)         *
 *                                                                             *
 *        CONTRIBUTIONS TO THE CODE HAVE ALSO BEEN GIVEN BY                    *
 *                                                                             *
 *  M. FERRABONE(1,11), M. DE LA PIERRE(1,11), M. FERRERO(1,11),               *
 *  J. BAIMA(1,11), E. ALBANESE(1,11), M.F. PEINTINGER(12), R. BAST(13),       *
 *  B. KIRTMAN(15), V. LACIVITA(1,11), R. DEMICHELIS(1,16)                     *
 *  G. BRANDEBURG(17), S. SALUSTRO(1,11), G. SANSONE(1,11)                     *
 *  M.T. RUGGIERO(18), L.E. DAGA(1), L. DONA'(1), A. COSSARD(1)                *
 *                                                                             *
 * (1) THEORETICAL CHEMISTRY GROUP - UNIVERSITA' DI TORINO - TORINO (ITALY)    *
 * (2) SCIENTIFIC COMPUTING DEPARTMENT - STFC DARESBURY (UK)                   *
 * (3) UNIVERSIDAD AUTONOMA DEL ESTADO DE MORELOS - CUERNAVACA (MEXICO)        *
 * (4) UNIVERSITE' DE LORRAINE - NANCY (FRANCE)                                *
 * (5) UNIVERSITAET STUTTGART- STUTTGART (GERMANY)                             *
 * (6) IMPERIAL COLLEGE - LONDON (UK)                                          *
 * (7) SCIENTIFIC COMPUTING DEPARTMENT - STFC RAL (UK)                         *
 * (8) UPMC - SORBONNE UNIVERSITES - PARIS (FRANCE)                            *
 * (9) UNIVERSIDAD DE BARCELONA - BARCELONA (SPAIN)                            *
 *(10) UNIVERSITA' DI NAPOLI "FEDERICO II" - NAPOLI (ITALY)                    *
 *(11) NIS - NANOSTRUCTURED INTERFACES AND SURFACES - TORINO (ITALY)           *
 *(12) MPI FUER CHEMISCHE ENERGIEKONVERSION - MUELHEIM AN DER RUHR (GERMANY)   *
 *(13) UNIVERSITY OF TROMSO - TROMSO (NORWAY)                                  *
 *(14) UNIVERSITE' DE PAU ET DES PAYS DE L'ADOUR - PAU (FRANCE)                *
 *(15) UNIVERSITY OF CALIFORNIA SANTA BARBARA - SANTA BARBARA (USA)            *
 *(16) CURTIN UNIVERSITY - PERTH (AUSTRALIA)                                   *
 *(17) UNIVERSITY COLLEGE LONDON - LONDON (UK)                                 *
 *(18) UNIVERSITY OF VERMONT - BURLINGTON (USA)                                *
 *                                                                             *
 *******************************************************************************
 EEEEEEEEEE STARTING  DATE 25 03 2026 TIME 17:16:52.7
 converted and standardized from ase Atoms() object for Ba27Ti27O81 in space grou
 filename=fort.34                        0           0

 GEOMETRY INPUT FROM EXTERNAL FILE (FORTRAN UNIT 34)
 3D - CRYSTAL 

 *******************************************************************************
 LATTICE PARAMETERS  (ANGSTROMS AND DEGREES) - PRIMITIVE CELL
       A          B          C        ALPHA      BETA     GAMMA        VOLUME
   11.90773   11.90773   12.27480    90.00000  90.00000  90.00000   1740.493702
 INFORMATION **** CHKGRP **** SPGR WITH NO INVERSION

 NUMBER OF IRREDUCIBLE ATOMS IN THE CELL:  135

 CARTESIAN COORDINATES (ANGSTROM) - IRREDUCIBLE ATOMS AND SYMMETRY RELATED

 AT.IRR.  AT  AT.N.          X                   Y                   Z
     1     1   256    2.888636490588E-02  2.634722737094E-02  1.773628829532E-02
     2     2   256    3.947252766512E-02 -4.124723842111E-03  4.112794218557E+00
     3     3   256   -2.368932640471E-02 -3.222736035360E-02  8.209845014326E+00
     4     4   256    6.518561639047E-03  3.977605150190E+00  6.475571864801E-02
     5     5   256    1.210289218507E-02  3.931666740727E+00  4.111347185346E+00
     6     6   256   -6.744789553136E-03  4.000555351380E+00  8.233344420303E+00
     7     7   256    4.041031039053E-03  7.929959492807E+00  6.505682008627E-02
     8     8   256   -8.768972272425E-03  7.915515435148E+00  4.149333749045E+00
     9     9   256   -2.579783445763E-02  7.959960654843E+00  8.231141806267E+00
    10    10   256    3.945250388280E+00 -8.670321121299E-03  5.699394651217E-02
    11    11   256    3.993967255848E+00 -6.216494856784E-03  4.148609060441E+00
    12    12   256    3.967347475887E+00  6.162626865717E-03  8.169906553014E+00
    13    13   256    3.935868246316E+00  3.988487672473E+00  3.694403021545E-02
    14    14   256    4.007313121897E+00  3.980979712765E+00  4.121397291013E+00
    15    15   256    3.975380767849E+00  4.000881568421E+00  8.185688900309E+00
    16    16   256    3.998906583676E+00  7.946168384903E+00  4.729206119997E-04
    17    17   256    3.968295549136E+00  7.962449707586E+00  4.149799982022E+00
    18    18   256    4.005998585120E+00  7.953218313977E+00  8.215054821774E+00
    19    19   256    7.902069692851E+00 -4.161885039960E-03  4.219668485058E-02
    20    20   256    7.970123370269E+00 -1.187732431041E-02  4.139189895959E+00
    21    21   256    7.932043684989E+00  2.233495893159E-02  8.176831758410E+00
    22    22   256    7.922160629763E+00  3.936691598206E+00  9.641973034273E-03
    23    23   256    7.964061507384E+00  3.952803611388E+00  4.091789953921E+00
    24    24   256    7.933353667680E+00  3.949322595202E+00  8.175079566406E+00
    25    25   256    7.957821373854E+00  7.915768356815E+00  5.283268910109E-02
    26    26   256    7.935556997836E+00  7.929999685295E+00  4.156763565650E+00
    27    27   256    7.934443187735E+00  7.977984366325E+00  8.204512479173E+00
    28    28     8    2.000510418534E+00  1.948139131575E+00  3.964694852777E+00
    29    29     8    1.981960783373E+00  1.977644976166E+00  8.091521893198E+00
    30    30     8    2.003623115406E+00  2.018883166494E+00  1.215189520486E+01
    31    31     8    2.009621286253E+00  5.949217055637E+00  3.929748917650E+00
    32    32     8    2.024599598022E+00  5.954358862853E+00  8.053475429553E+00
    33    33     8    2.016145598287E+00  5.977033963207E+00  1.213548444880E+01
    34    34     8    2.015175290944E+00  9.948422967576E+00  3.965706398456E+00
    35    35     8    1.996257653409E+00  9.895662845795E+00  8.025556395530E+00
    36    36     8    1.963948050931E+00  9.932913284114E+00  1.217663368720E+01
    37    37     8    5.925929010009E+00  1.957279523299E+00  3.952148636735E+00
    38    38     8    5.951842636968E+00  2.019977961481E+00  8.033627488116E+00
    39    39     8    5.952683036006E+00  2.024423763654E+00  1.214762279376E+01
    40    40     8    5.990866183633E+00  5.948529164876E+00  3.974858108063E+00
    41    41     8    5.950209223838E+00  5.977655238547E+00  8.084173857365E+00
    42    42     8    5.974057430934E+00  5.966493489670E+00  1.211168516816E+01
    43    43     8    5.918080742444E+00  9.939470791740E+00  3.953434109814E+00
    44    44     8    5.917807795217E+00  9.913588374456E+00  8.066685073137E+00
    45    45     8    5.928214733575E+00  9.953679350672E+00  1.214107529440E+01
    46    46     8    9.929537456760E+00  2.009807438551E+00  3.930222556265E+00
    47    47     8    9.958021402031E+00  1.979104374912E+00  8.033495233336E+00
    48    48     8    9.909452828888E+00  1.947772205976E+00  1.213637137621E+01
    49    49     8    9.922276994993E+00  5.923241643460E+00  3.934908417010E+00
    50    50     8    9.938654752352E+00  5.983589840577E+00  8.074017613482E+00
    51    51     8    9.902633155487E+00  5.960612585160E+00  1.217751577054E+01
    52    52     8    9.954056238084E+00  9.948260240950E+00  3.963771985203E+00
    53    53     8    9.939430518519E+00  9.929033452084E+00  8.016189142410E+00
    54    54     8    9.925882933261E+00  9.884507740137E+00  1.215392885978E+01
    55    55     8    1.959423217158E+00 -6.377838540770E-03  2.016178438191E+00
    56    56     8    1.994166837204E+00 -1.794969276132E-02  6.042925520798E+00
    57    57     8    2.022663576435E+00  1.138894958753E-02  1.016416196855E+01
    58    58     8    2.022331156572E+00  3.959679626482E+00  1.995078707829E+00
    59    59     8    2.008933622832E+00  3.946953313411E+00  6.054745335222E+00
    60    60     8    1.990850154776E+00  3.960560004985E+00  1.020751875248E+01
    61    61     8    1.949449237359E+00  7.929802808535E+00  2.002729006803E+00
    62    62     8    2.022012852493E+00  7.946326380796E+00  6.089227755432E+00
    63    63     8    2.000601881409E+00  7.916742385089E+00  1.019849810664E+01
    64    64     8    5.936756277339E+00 -3.586695124626E-02  1.990336385443E+00
    65    65     8    5.957117994624E+00  3.977406941113E-02  6.080103864231E+00
    66    66     8    5.980280716481E+00 -2.425408156349E-02  1.015125185646E+01
    67    67     8    5.927198790905E+00  3.943968520901E+00  1.969965285366E+00
    68    68     8    5.970568001233E+00  3.947701327239E+00  6.106648008241E+00
    69    69     8    5.933599383216E+00  4.000809268808E+00  1.018286155211E+01
    70    70     8    5.914107848246E+00  7.936869731032E+00  1.989853116714E+00
    71    71     8    5.942399113549E+00  7.909038228236E+00  6.052855417178E+00
    72    72     8    5.957768136136E+00  7.923943242913E+00  1.020602955775E+01
    73    73     8    9.909562262667E+00  1.786879106011E-02  2.018898673540E+00
    74    74     8    9.924810294790E+00  2.482000602741E-02  6.108696333538E+00
    75    75     8    9.910519898745E+00  2.129010483612E-02  1.013753711982E+01
    76    76     8    9.915681616282E+00  3.932493576579E+00  1.971840457299E+00
    77    77     8    9.896502605066E+00  3.998988573441E+00  6.074675789218E+00
    78    78     8    9.950502067388E+00  3.997040224543E+00  1.016019140821E+01
    79    79     8    9.907093648933E+00  7.963575173196E+00  1.959052574682E+00
    80    80     8    9.916183736182E+00  7.977012384993E+00  6.069131549292E+00
    81    81     8    9.957714575191E+00  7.958473554988E+00  1.017075866685E+01
    82    82     8   -3.766185337470E-02  1.972138878743E+00  1.980700894369E+00
    83    83     8   -3.620290450881E-02  1.994021176512E+00  6.063196402747E+00
    84    84     8    1.758257568665E-02  1.949034634189E+00  1.017391035639E+01
    85    85     8   -2.679839108991E-02  5.929734287433E+00  1.968470019219E+00
    86    86     8    9.563007479996E-03  5.954275721747E+00  6.038536261804E+00
    87    87     8    2.021428999982E-02  5.939804164022E+00  1.013745081199E+01
    88    88     8    2.981797623900E-02  9.924804603776E+00  2.012384185779E+00
    89    89     8   -2.498984697176E-02  9.951844027631E+00  6.089618064913E+00
    90    90     8    1.276528047020E-03  9.919012244564E+00  1.020874172771E+01
    91    91     8    3.953939007600E+00  2.021332332054E+00  1.981519862569E+00
    92    92     8    4.006137899158E+00  1.985518204083E+00  6.092803444128E+00
    93    93     8    3.972726430725E+00  2.024336752904E+00  1.017223272027E+01
    94    94     8    3.984458762624E+00  5.917875917240E+00  1.994331119916E+00
    95    95     8    3.944430394402E+00  5.923751503369E+00  6.068579088577E+00
    96    96     8    3.966376010147E+00  5.916580254206E+00  1.015477744520E+01
    97    97     8    3.973479845673E+00  9.960886011431E+00  1.973321647783E+00
    98    98     8    3.967082735109E+00  9.962547244776E+00  6.071041679826E+00
    99    99     8    3.959655751964E+00  9.885694907966E+00  1.015857543164E+01
   100   100     8    7.916569179078E+00  1.992273628876E+00  2.018348387778E+00
   101   101     8    7.908844542255E+00  1.976078378813E+00  6.102834459971E+00
   102   102     8    7.928659272777E+00  1.947831118546E+00  1.018121205103E+01
   103   103     8    7.941418611647E+00  5.915843201032E+00  1.973707307069E+00
   104   104     8    7.933806119642E+00  5.938147784333E+00  6.040891349399E+00
   105   105     8    7.910256801789E+00  5.975120074470E+00  1.015023117554E+01
   106   106     8    7.907246298853E+00  9.947818523073E+00  1.989442222405E+00
   107   107     8    7.921135064080E+00  9.959036600982E+00  6.080236583342E+00
   108   108     8    7.907745324116E+00  9.915145421344E+00  1.014465410574E+01
   109   109    22    1.945187189657E+00  1.982836567736E+00  2.153891662554E+00
   110   110    22    1.989215692402E+00  1.952004065684E+00  6.216340511223E+00
   111   111    22    2.012079702708E+00  1.957055024230E+00  1.032135084103E+01
   112   112    22    1.998751315955E+00  5.976477248051E+00  2.177252767768E+00
   113   113    22    2.008653881804E+00  5.965218653781E+00  6.268926456626E+00
   114   114    22    1.986717833744E+00  5.993737424036E+00  1.033306483707E+01
   115   115    22    1.959971590167E+00  9.900818610660E+00  2.125176944972E+00
   116   116    22    2.021364565914E+00  9.907350794211E+00  6.237761767755E+00
   117   117    22    1.949731693078E+00  9.935354666049E+00  1.031537586442E+01
   118   118    22    5.970613410288E+00  2.003022785560E+00  2.116114338405E+00
   119   119    22    5.916471354999E+00  1.986337016183E+00  6.253127909656E+00
   120   120    22    5.917982673489E+00  2.002204823693E+00  1.032884304829E+01
   121   121    22    5.982069270663E+00  5.925539111598E+00  2.145963967518E+00
   122   122    22    5.954859732588E+00  5.934989091415E+00  6.203781882442E+00
   123   123    22    5.952362402615E+00  5.993447102595E+00  1.033620993553E+01
   124   124    22    5.933220040518E+00  9.890319090433E+00  2.157355372473E+00
   125   125    22    5.949797666800E+00  9.931616340843E+00  6.277906097511E+00
   126   126    22    5.944844352707E+00  9.937041593308E+00  1.029423764081E+01
   127   127    22    9.913358671156E+00  1.969289521334E+00  2.183068922066E+00
   128   128    22    9.926544290683E+00  2.024464935985E+00  6.238157964231E+00
   129   129    22    9.953482227915E+00  1.969222930433E+00  1.030964504700E+01
   130   130    22    9.961230626778E+00  5.957914208461E+00  2.158858303154E+00
   131   131    22    9.945841039842E+00  5.985419781005E+00  6.229666692168E+00
   132   132    22    9.887263648534E+00  5.968693305911E+00  1.034038593258E+01
   133   133    22    9.912363926577E+00  9.961508058389E+00  2.144247226695E+00
   134   134    22    9.925042883780E+00  9.933814292204E+00  6.200540298159E+00
   135   135    22    9.931669150758E+00  9.905106486519E+00  1.036531030272E+01
 NUMBER OF SYMMETRY OPERATORS         :    1
 *******************************************************************************
 LATTICE PARAMETERS (ANGSTROMS AND DEGREES) - BOHR = 0.5291772083 ANGSTROM
 PRIMITIVE CELL - CENTRING CODE 1/0 VOLUME=  1740.493702 - DENSITY  6.022 g/cm^3
         A              B              C           ALPHA      BETA       GAMMA 
    11.90773305    11.90773305    12.27479580    90.000000  90.000000  90.000000
 *******************************************************************************
 ATOMS IN THE ASYMMETRIC UNIT  135 - ATOMS IN THE UNIT CELL:  135
     ATOM                 X/A                 Y/B                 Z/C    
 *******************************************************************************
      1 T 256 BA    2.425849217864E-03  2.212614883145E-03  1.444935507222E-03
      2 T 256 BA    3.314865012457E-03 -3.463903519496E-04  3.350600926948E-01
      3 T 256 BA   -1.989406909379E-03 -2.706422810982E-03 -3.311623958481E-01
      4 T 256 BA    5.474225540391E-04  3.340354653138E-01  5.275502721439E-03
      5 T 256 BA    1.016389276973E-03  3.301776017499E-01  3.349422061543E-01
      6 T 256 BA   -5.664209572733E-04  3.359628011967E-01 -3.292479521082E-01
      7 T 256 BA    3.393619106244E-04 -3.340496079724E-01  5.300032778245E-03
      8 T 256 BA   -7.364098805041E-04 -3.352626060804E-01  3.380368860430E-01
      9 T 256 BA   -2.166477393245E-03 -3.315301391609E-01 -3.294273941187E-01
     10 T 256 BA    3.313183434423E-01 -7.281252514557E-04  4.643168606697E-03
     11 T 256 BA    3.354095392529E-01 -5.220552753980E-04  3.379778472926E-01
     12 T 256 BA    3.331740356647E-01  5.175314931768E-04 -3.344160924442E-01
     13 T 256 BA    3.305304401593E-01  3.349493690970E-01  3.009747031022E-03
     14 T 256 BA    3.365303122828E-01  3.343188578421E-01  3.357609656539E-01
     15 T 256 BA    3.338486638184E-01  3.359901965909E-01 -3.331303401146E-01
     16 T 256 BA    3.358243392663E-01 -3.326884007613E-01  3.852777836025E-05
     17 T 256 BA    3.332536539469E-01 -3.313211108990E-01  3.380748689947E-01
     18 T 256 BA    3.364199187451E-01 -3.320963544797E-01 -3.307379645555E-01
     19 T 256 BA   -3.363917666217E-01 -3.495111137010E-04  3.437668987584E-03
     20 T 256 BA   -3.306766840671E-01 -9.974463032164E-04  3.372104891520E-01
     21 T 256 BA   -3.338745795121E-01  1.875668428055E-03 -3.338519115398E-01
     22 T 256 BA   -3.347045490105E-01  3.305995844613E-01  7.855098521699E-04
     23 T 256 BA   -3.311857534979E-01  3.319526558742E-01  3.333489225068E-01
     24 T 256 BA   -3.337645684222E-01  3.316603234737E-01 -3.339946586805E-01
     25 T 256 BA   -3.317097939264E-01 -3.352413659613E-01  4.304160326732E-03
     26 T 256 BA   -3.335795348691E-01 -3.340462326458E-01  3.386421764873E-01
     27 T 256 BA   -3.336730715730E-01 -3.300165251584E-01 -3.315968254907E-01
     28 T   8 O     1.680009461191E-01  1.636028556733E-01  3.229947705343E-01
     29 T   8 O     1.664431655505E-01  1.660807282009E-01 -3.408019143424E-01
     30 T   8 O     1.682623474168E-01  1.695438718702E-01 -1.001243500460E-02
     31 T   8 O     1.687660680513E-01  4.996095420225E-01  3.201478038152E-01
     32 T   8 O     1.700239323069E-01 -4.999586539393E-01 -3.439014741448E-01
     33 T   8 O     1.693139735180E-01 -4.980544207608E-01 -1.134938238243E-02
     34 T   8 O     1.692324880380E-01 -1.645409814108E-01  3.230771788852E-01
     35 T   8 O     1.676438029830E-01 -1.689717258319E-01 -3.461759750390E-01
     36 T   8 O     1.649304735574E-01 -1.658434697514E-01 -7.997046500448E-03
     37 T   8 O     4.976538342879E-01  1.643704570031E-01  3.219726585378E-01
     38 T   8 O     4.998300358243E-01  1.696358117031E-01 -3.455184412831E-01
     39 T   8 O     4.999006117295E-01  1.700091659053E-01 -1.036049872555E-02
     40 T   8 O    -4.968928041569E-01  4.995517736162E-01  3.238227480789E-01
     41 T   8 O     4.996928633564E-01 -4.980022466538E-01 -3.414005422913E-01
     42 T   8 O    -4.983043870862E-01 -4.989395996184E-01 -1.328825623626E-02
     43 T   8 O     4.969947443056E-01 -1.652927765508E-01  3.220773831377E-01
     44 T   8 O     4.969718224593E-01 -1.674663571286E-01 -3.428253141989E-01
     45 T   8 O     4.978457871605E-01 -1.640995554001E-01 -1.089390876894E-02
     46 T   8 O    -1.661269684946E-01  1.687817009427E-01  3.201863900877E-01
     47 T   8 O    -1.637349140917E-01  1.662032871078E-01 -3.455292157825E-01
     48 T   8 O    -1.678136562787E-01  1.635720416134E-01 -1.127712640169E-02
     49 T   8 O    -1.667366951098E-01  4.974281518227E-01  3.205681366210E-01
     50 T   8 O    -1.653613067558E-01 -4.975038644676E-01 -3.422279486326E-01
     51 T   8 O    -1.683863659097E-01 -4.994334723384E-01 -7.925185155176E-03
     52 T   8 O    -1.640679047567E-01 -1.645546470367E-01  3.229195865892E-01
     53 T   8 O    -1.652961586573E-01 -1.661692943239E-01 -3.469391040778E-01
     54 T   8 O    -1.664338718728E-01 -1.699085209055E-01 -9.846757713288E-03
     55 T   8 O     1.645504823572E-01 -5.356047632232E-04  1.642535216912E-01
     56 T   8 O     1.674682182436E-01 -1.507397981291E-03  4.923035477949E-01
     57 T   8 O     1.698613470710E-01  9.564330624233E-04 -1.719485900901E-01
     58 T   8 O     1.698334307698E-01  3.325300970265E-01  1.625345741254E-01
     59 T   8 O     1.687083187368E-01  3.314613534615E-01  4.932664814857E-01
     60 T   8 O     1.671896864346E-01  3.326040303687E-01 -1.684164104403E-01
     61 T   8 O     1.637128771004E-01 -3.340627661674E-01  1.631578267724E-01
     62 T   8 O     1.698066998985E-01 -3.326751324177E-01  4.960756866873E-01
     63 T   8 O     1.680086270837E-01 -3.351595680012E-01 -1.691513021637E-01
     64 T   8 O     4.985630978130E-01 -3.012072163161E-03  1.621482277891E-01
     65 T   8 O    -4.997269446997E-01  3.340188199057E-03  4.953323837966E-01
     66 T   8 O    -4.977817615351E-01 -2.036834505917E-03 -1.730003478784E-01
     67 T   8 O     4.977604692696E-01  3.312106934494E-01  1.604886400934E-01
     68 T   8 O    -4.985974260455E-01  3.315241709453E-01  4.974948754945E-01
     69 T   8 O     4.982979848726E-01  3.359841249387E-01 -1.704251770847E-01
     70 T   8 O     4.966611044615E-01 -3.334692927944E-01  1.621088569729E-01
     71 T   8 O     4.990369777855E-01 -3.358065557041E-01  4.931125141144E-01
     72 T   8 O    -4.996723464391E-01 -3.345548468680E-01 -1.685377317848E-01
     73 T   8 O    -1.678044661350E-01  1.500603934022E-03  1.644751331456E-01
     74 T   8 O    -1.665239510227E-01  2.084360299579E-03  4.976617479484E-01
     75 T   8 O    -1.677240447757E-01  1.787922583310E-03 -1.741176566197E-01
     76 T   8 O    -1.672905686879E-01  3.302470386317E-01  1.606414061323E-01
     77 T   8 O    -1.689012036539E-01  3.358312246881E-01  4.948901707366E-01
     78 T   8 O    -1.643663806027E-01  3.356676042165E-01 -1.722720627083E-01
     79 T   8 O    -1.680117779485E-01 -3.312265953765E-01  1.595996061036E-01
     80 T   8 O    -1.672484011403E-01 -3.300981512183E-01  4.944384939823E-01
     81 T   8 O    -1.637606811155E-01 -3.316550243803E-01 -1.714111719193E-01
     82 T   8 O    -3.162806322291E-03  1.656183314206E-01  1.613632460076E-01
     83 T   8 O    -3.040285195914E-03  1.674559857984E-01  4.939549709452E-01
     84 T   8 O     1.476567841487E-03  1.636780591239E-01 -1.711544108630E-01
     85 T   8 O    -2.250503179520E-03  4.979733978360E-01  1.603668241242E-01
     86 T   8 O     8.030921956212E-04 -4.999656360497E-01  4.919459647389E-01
     87 T   8 O     1.697576685246E-03  4.988190564133E-01 -1.741246879241E-01
     88 T   8 O     2.504085044047E-03 -1.665244289487E-01  1.639444124830E-01
     89 T   8 O    -2.098623379180E-03 -1.642536840687E-01  4.961074843227E-01
     90 T   8 O     1.072016009815E-04 -1.670108657194E-01 -1.683167773989E-01
     91 T   8 O     3.320480053590E-01  1.697495504448E-01  1.614299655046E-01
     92 T   8 O     3.364316182044E-01  1.667419143297E-01  4.963669900014E-01
     93 T   8 O     3.336257551327E-01  1.700018588261E-01 -1.712910841034E-01
     94 T   8 O     3.346110251123E-01  4.969775432815E-01  1.624736698199E-01
     95 T   8 O     3.312494811430E-01  4.974709693688E-01  4.943934862507E-01
     96 T   8 O     3.330924529037E-01  4.968687347426E-01 -1.727131260950E-01
     97 T   8 O     3.336890261974E-01 -1.634943469420E-01  1.607620753889E-01
     98 T   8 O     3.331518029881E-01 -1.633548381591E-01  4.945941080198E-01
     99 T   8 O     3.325280920674E-01 -1.698088236899E-01 -1.724037126839E-01
    100 T   8 O    -3.351741136758E-01  1.673092284241E-01  1.644303026025E-01
    101 T   8 O    -3.358228212670E-01  1.659491668579E-01  4.971841942960E-01
    102 T   8 O    -3.341587992034E-01  1.635769890346E-01 -1.705595582266E-01
    103 T   8 O    -3.330872821635E-01  4.968068377240E-01  1.607934941833E-01
    104 T   8 O    -3.337265719404E-01  4.986799552357E-01  4.921378284272E-01
    105 T   8 O    -3.357042210659E-01 -4.982151473013E-01 -1.730835004569E-01
    106 T   8 O    -3.359570402149E-01 -1.645917420803E-01  1.620753823379E-01
    107 T   8 O    -3.347906750328E-01 -1.636496586576E-01  4.953431961240E-01
    108 T   8 O    -3.359151325520E-01 -1.673355978245E-01 -1.735378517869E-01
    109 T  22 TI    1.633549544224E-01  1.665167130813E-01  1.754727082754E-01
    110 T  22 TI    1.670524258521E-01  1.639274291327E-01 -4.935687230558E-01
    111 T  22 TI    1.689725235072E-01  1.643516037866E-01 -1.591427662663E-01
    112 T  22 TI    1.678532183718E-01 -4.981011731657E-01  1.773758849633E-01
    113 T  22 TI    1.686848263536E-01 -4.990466591136E-01 -4.892846643831E-01
    114 T  22 TI    1.668426580779E-01 -4.966516801420E-01 -1.581884533611E-01
    115 T  22 TI    1.645965341965E-01 -1.685387496439E-01  1.731333848317E-01
    116 T  22 TI    1.697522574135E-01 -1.679901831348E-01 -4.918235814762E-01
    117 T  22 TI    1.637365974607E-01 -1.656384448382E-01 -1.596295341698E-01
    118 T  22 TI   -4.985936126366E-01  1.682119322922E-01  1.723950746623E-01
    119 T  22 TI    4.968595894916E-01  1.668106773844E-01 -4.905717364637E-01
    120 T  22 TI    4.969865085688E-01  1.681432406392E-01 -1.585323929959E-01
    121 T  22 TI   -4.976315604705E-01  4.976210909933E-01  1.748268567953E-01
    122 T  22 TI   -4.999165913794E-01  4.984146912342E-01 -4.945918462903E-01
    123 T  22 TI    4.998736852448E-01 -4.966760610581E-01 -1.579322292650E-01
    124 T  22 TI    4.982661280367E-01 -1.694204892817E-01  1.757548889304E-01
    125 T  22 TI    4.996583011911E-01 -1.659523858034E-01 -4.885531132411E-01
    126 T  22 TI    4.992423266247E-01 -1.654967783051E-01 -1.613516176937E-01
    127 T  22 TI   -1.674856473915E-01  1.653790451184E-01  1.778497139697E-01
    128 T  22 TI   -1.663783317108E-01  1.700126235183E-01 -4.917913042406E-01
    129 T  22 TI   -1.641161095801E-01  1.653734528784E-01 -1.600964109729E-01
    130 T  22 TI   -1.634654064757E-01 -4.996600794254E-01  1.758773293120E-01
    131 T  22 TI   -1.647578092254E-01 -4.973501878256E-01 -4.924830690733E-01
    132 T  22 TI   -1.696770823617E-01 -4.987548611605E-01 -1.575920201798E-01
    133 T  22 TI   -1.675691850871E-01 -1.634421080351E-01  1.746869977825E-01
    134 T  22 TI   -1.665044184225E-01 -1.657678039563E-01 -4.948559308694E-01
    135 T  22 TI   -1.659479508773E-01 -1.681786579420E-01 -1.555614878151E-01

 T = ATOM BELONGING TO THE ASYMMETRIC UNIT
 *******************************************************************************
 * GEOMETRY EDITING - INPUT COORDINATES ARE GIVEN IN ANGSTROM         
 *******************************************************************************

 GCALCO - MAX INDICES DIRECT LATTICE VECTOR    15    15    14
 NO.OF VECTORS CREATED 6999 STARS  514 RMAX   270.02825 BOHR

 GEOMETRY FOR WAVE FUNCTION - DIMENSIONALITY OF THE SYSTEM    3
 (NON PERIODIC DIRECTION: LATTICE PARAMETER FORMALLY SET TO 500)
 *******************************************************************************
 LATTICE PARAMETERS (ANGSTROMS AND DEGREES) - BOHR = 0.5291772083 ANGSTROM
 PRIMITIVE CELL - CENTRING CODE 1/0 VOLUME=  1740.493702 - DENSITY  6.022 g/cm^3
         A              B              C           ALPHA      BETA       GAMMA 
    11.90773305    11.90773305    12.27479580    90.000000  90.000000  90.000000
 *******************************************************************************
 ATOMS IN THE ASYMMETRIC UNIT  135 - ATOMS IN THE UNIT CELL:  135
     ATOM                 X/A                 Y/B                 Z/C    
 *******************************************************************************
      1 T 256 BA    2.425849217864E-03  2.212614883145E-03  1.444935507222E-03
      2 T 256 BA    3.314865012457E-03 -3.463903519496E-04  3.350600926948E-01
      3 T 256 BA   -1.989406909379E-03 -2.706422810982E-03 -3.311623958481E-01
      4 T 256 BA    5.474225540391E-04  3.340354653138E-01  5.275502721439E-03
      5 T 256 BA    1.016389276973E-03  3.301776017499E-01  3.349422061543E-01
      6 T 256 BA   -5.664209572733E-04  3.359628011967E-01 -3.292479521082E-01
      7 T 256 BA    3.393619106244E-04 -3.340496079724E-01  5.300032778245E-03
      8 T 256 BA   -7.364098805041E-04 -3.352626060804E-01  3.380368860430E-01
      9 T 256 BA   -2.166477393245E-03 -3.315301391609E-01 -3.294273941187E-01
     10 T 256 BA    3.313183434423E-01 -7.281252514557E-04  4.643168606697E-03
     11 T 256 BA    3.354095392529E-01 -5.220552753980E-04  3.379778472926E-01
     12 T 256 BA    3.331740356647E-01  5.175314931768E-04 -3.344160924442E-01
     13 T 256 BA    3.305304401593E-01  3.349493690970E-01  3.009747031022E-03
     14 T 256 BA    3.365303122828E-01  3.343188578421E-01  3.357609656539E-01
     15 T 256 BA    3.338486638184E-01  3.359901965909E-01 -3.331303401146E-01
     16 T 256 BA    3.358243392663E-01 -3.326884007613E-01  3.852777836025E-05
     17 T 256 BA    3.332536539469E-01 -3.313211108990E-01  3.380748689947E-01
     18 T 256 BA    3.364199187451E-01 -3.320963544797E-01 -3.307379645555E-01
     19 T 256 BA   -3.363917666217E-01 -3.495111137010E-04  3.437668987584E-03
     20 T 256 BA   -3.306766840671E-01 -9.974463032164E-04  3.372104891520E-01
     21 T 256 BA   -3.338745795121E-01  1.875668428055E-03 -3.338519115398E-01
     22 T 256 BA   -3.347045490105E-01  3.305995844613E-01  7.855098521699E-04
     23 T 256 BA   -3.311857534979E-01  3.319526558742E-01  3.333489225068E-01
     24 T 256 BA   -3.337645684222E-01  3.316603234737E-01 -3.339946586805E-01
     25 T 256 BA   -3.317097939264E-01 -3.352413659613E-01  4.304160326732E-03
     26 T 256 BA   -3.335795348691E-01 -3.340462326458E-01  3.386421764873E-01
     27 T 256 BA   -3.336730715730E-01 -3.300165251584E-01 -3.315968254907E-01
     28 T   8 O     1.680009461191E-01  1.636028556733E-01  3.229947705343E-01
     29 T   8 O     1.664431655505E-01  1.660807282009E-01 -3.408019143424E-01
     30 T   8 O     1.682623474168E-01  1.695438718702E-01 -1.001243500460E-02
     31 T   8 O     1.687660680513E-01  4.996095420225E-01  3.201478038152E-01
     32 T   8 O     1.700239323069E-01 -4.999586539393E-01 -3.439014741448E-01
     33 T   8 O     1.693139735180E-01 -4.980544207608E-01 -1.134938238243E-02
     34 T   8 O     1.692324880380E-01 -1.645409814108E-01  3.230771788852E-01
     35 T   8 O     1.676438029830E-01 -1.689717258319E-01 -3.461759750390E-01
     36 T   8 O     1.649304735574E-01 -1.658434697514E-01 -7.997046500447E-03
     37 T   8 O     4.976538342879E-01  1.643704570031E-01  3.219726585378E-01
     38 T   8 O     4.998300358243E-01  1.696358117031E-01 -3.455184412831E-01
     39 T   8 O     4.999006117295E-01  1.700091659053E-01 -1.036049872555E-02
     40 T   8 O    -4.968928041569E-01  4.995517736162E-01  3.238227480789E-01
     41 T   8 O     4.996928633564E-01 -4.980022466538E-01 -3.414005422913E-01
     42 T   8 O    -4.983043870862E-01 -4.989395996184E-01 -1.328825623626E-02
     43 T   8 O     4.969947443056E-01 -1.652927765508E-01  3.220773831377E-01
     44 T   8 O     4.969718224593E-01 -1.674663571286E-01 -3.428253141989E-01
     45 T   8 O     4.978457871605E-01 -1.640995554001E-01 -1.089390876894E-02
     46 T   8 O    -1.661269684946E-01  1.687817009427E-01  3.201863900877E-01
     47 T   8 O    -1.637349140917E-01  1.662032871078E-01 -3.455292157825E-01
     48 T   8 O    -1.678136562787E-01  1.635720416134E-01 -1.127712640169E-02
     49 T   8 O    -1.667366951098E-01  4.974281518227E-01  3.205681366210E-01
     50 T   8 O    -1.653613067558E-01 -4.975038644676E-01 -3.422279486326E-01
     51 T   8 O    -1.683863659097E-01 -4.994334723384E-01 -7.925185155176E-03
     52 T   8 O    -1.640679047567E-01 -1.645546470367E-01  3.229195865892E-01
     53 T   8 O    -1.652961586573E-01 -1.661692943239E-01 -3.469391040778E-01
     54 T   8 O    -1.664338718728E-01 -1.699085209055E-01 -9.846757713288E-03
     55 T   8 O     1.645504823572E-01 -5.356047632232E-04  1.642535216912E-01
     56 T   8 O     1.674682182436E-01 -1.507397981291E-03  4.923035477949E-01
     57 T   8 O     1.698613470710E-01  9.564330624233E-04 -1.719485900901E-01
     58 T   8 O     1.698334307698E-01  3.325300970265E-01  1.625345741254E-01
     59 T   8 O     1.687083187368E-01  3.314613534615E-01  4.932664814857E-01
     60 T   8 O     1.671896864346E-01  3.326040303687E-01 -1.684164104403E-01
     61 T   8 O     1.637128771004E-01 -3.340627661674E-01  1.631578267724E-01
     62 T   8 O     1.698066998985E-01 -3.326751324177E-01  4.960756866873E-01
     63 T   8 O     1.680086270837E-01 -3.351595680012E-01 -1.691513021637E-01
     64 T   8 O     4.985630978130E-01 -3.012072163161E-03  1.621482277891E-01
     65 T   8 O    -4.997269446997E-01  3.340188199057E-03  4.953323837966E-01
     66 T   8 O    -4.977817615351E-01 -2.036834505917E-03 -1.730003478784E-01
     67 T   8 O     4.977604692696E-01  3.312106934494E-01  1.604886400934E-01
     68 T   8 O    -4.985974260455E-01  3.315241709453E-01  4.974948754945E-01
     69 T   8 O     4.982979848726E-01  3.359841249387E-01 -1.704251770847E-01
     70 T   8 O     4.966611044615E-01 -3.334692927944E-01  1.621088569729E-01
     71 T   8 O     4.990369777855E-01 -3.358065557041E-01  4.931125141144E-01
     72 T   8 O    -4.996723464391E-01 -3.345548468680E-01 -1.685377317848E-01
     73 T   8 O    -1.678044661350E-01  1.500603934022E-03  1.644751331456E-01
     74 T   8 O    -1.665239510227E-01  2.084360299579E-03  4.976617479484E-01
     75 T   8 O    -1.677240447757E-01  1.787922583310E-03 -1.741176566197E-01
     76 T   8 O    -1.672905686879E-01  3.302470386317E-01  1.606414061323E-01
     77 T   8 O    -1.689012036539E-01  3.358312246881E-01  4.948901707366E-01
     78 T   8 O    -1.643663806027E-01  3.356676042165E-01 -1.722720627083E-01
     79 T   8 O    -1.680117779485E-01 -3.312265953765E-01  1.595996061036E-01
     80 T   8 O    -1.672484011403E-01 -3.300981512183E-01  4.944384939823E-01
     81 T   8 O    -1.637606811155E-01 -3.316550243803E-01 -1.714111719193E-01
     82 T   8 O    -3.162806322291E-03  1.656183314206E-01  1.613632460076E-01
     83 T   8 O    -3.040285195914E-03  1.674559857984E-01  4.939549709452E-01
     84 T   8 O     1.476567841487E-03  1.636780591239E-01 -1.711544108630E-01
     85 T   8 O    -2.250503179520E-03  4.979733978360E-01  1.603668241242E-01
     86 T   8 O     8.030921956212E-04 -4.999656360497E-01  4.919459647389E-01
     87 T   8 O     1.697576685246E-03  4.988190564133E-01 -1.741246879241E-01
     88 T   8 O     2.504085044047E-03 -1.665244289487E-01  1.639444124830E-01
     89 T   8 O    -2.098623379180E-03 -1.642536840687E-01  4.961074843227E-01
     90 T   8 O     1.072016009815E-04 -1.670108657194E-01 -1.683167773989E-01
     91 T   8 O     3.320480053590E-01  1.697495504448E-01  1.614299655046E-01
     92 T   8 O     3.364316182044E-01  1.667419143297E-01  4.963669900014E-01
     93 T   8 O     3.336257551327E-01  1.700018588261E-01 -1.712910841034E-01
     94 T   8 O     3.346110251123E-01  4.969775432815E-01  1.624736698199E-01
     95 T   8 O     3.312494811430E-01  4.974709693688E-01  4.943934862507E-01
     96 T   8 O     3.330924529037E-01  4.968687347426E-01 -1.727131260950E-01
     97 T   8 O     3.336890261974E-01 -1.634943469420E-01  1.607620753889E-01
     98 T   8 O     3.331518029881E-01 -1.633548381591E-01  4.945941080198E-01
     99 T   8 O     3.325280920674E-01 -1.698088236899E-01 -1.724037126839E-01
    100 T   8 O    -3.351741136758E-01  1.673092284241E-01  1.644303026025E-01
    101 T   8 O    -3.358228212670E-01  1.659491668579E-01  4.971841942960E-01
    102 T   8 O    -3.341587992034E-01  1.635769890346E-01 -1.705595582266E-01
    103 T   8 O    -3.330872821635E-01  4.968068377240E-01  1.607934941833E-01
    104 T   8 O    -3.337265719404E-01  4.986799552357E-01  4.921378284272E-01
    105 T   8 O    -3.357042210659E-01 -4.982151473013E-01 -1.730835004569E-01
    106 T   8 O    -3.359570402149E-01 -1.645917420803E-01  1.620753823379E-01
    107 T   8 O    -3.347906750328E-01 -1.636496586576E-01  4.953431961240E-01
    108 T   8 O    -3.359151325520E-01 -1.673355978245E-01 -1.735378517869E-01
    109 T  22 TI    1.633549544224E-01  1.665167130813E-01  1.754727082754E-01
    110 T  22 TI    1.670524258521E-01  1.639274291327E-01 -4.935687230558E-01
    111 T  22 TI    1.689725235072E-01  1.643516037866E-01 -1.591427662663E-01
    112 T  22 TI    1.678532183718E-01 -4.981011731657E-01  1.773758849633E-01
    113 T  22 TI    1.686848263536E-01 -4.990466591136E-01 -4.892846643831E-01
    114 T  22 TI    1.668426580779E-01 -4.966516801420E-01 -1.581884533611E-01
    115 T  22 TI    1.645965341965E-01 -1.685387496439E-01  1.731333848317E-01
    116 T  22 TI    1.697522574135E-01 -1.679901831348E-01 -4.918235814762E-01
    117 T  22 TI    1.637365974607E-01 -1.656384448382E-01 -1.596295341698E-01
    118 T  22 TI   -4.985936126366E-01  1.682119322922E-01  1.723950746623E-01
    119 T  22 TI    4.968595894916E-01  1.668106773844E-01 -4.905717364637E-01
    120 T  22 TI    4.969865085688E-01  1.681432406392E-01 -1.585323929959E-01
    121 T  22 TI   -4.976315604705E-01  4.976210909933E-01  1.748268567953E-01
    122 T  22 TI   -4.999165913794E-01  4.984146912342E-01 -4.945918462903E-01
    123 T  22 TI    4.998736852448E-01 -4.966760610581E-01 -1.579322292650E-01
    124 T  22 TI    4.982661280367E-01 -1.694204892817E-01  1.757548889304E-01
    125 T  22 TI    4.996583011911E-01 -1.659523858034E-01 -4.885531132411E-01
    126 T  22 TI    4.992423266247E-01 -1.654967783051E-01 -1.613516176937E-01
    127 T  22 TI   -1.674856473915E-01  1.653790451184E-01  1.778497139697E-01
    128 T  22 TI   -1.663783317108E-01  1.700126235183E-01 -4.917913042406E-01
    129 T  22 TI   -1.641161095801E-01  1.653734528784E-01 -1.600964109729E-01
    130 T  22 TI   -1.634654064757E-01 -4.996600794254E-01  1.758773293120E-01
    131 T  22 TI   -1.647578092254E-01 -4.973501878256E-01 -4.924830690733E-01
    132 T  22 TI   -1.696770823617E-01 -4.987548611605E-01 -1.575920201798E-01
    133 T  22 TI   -1.675691850871E-01 -1.634421080351E-01  1.746869977825E-01
    134 T  22 TI   -1.665044184225E-01 -1.657678039563E-01 -4.948559308694E-01
    135 T  22 TI   -1.659479508773E-01 -1.681786579420E-01 -1.555614878151E-01

 T = ATOM BELONGING TO THE ASYMMETRIC UNIT

 ****    1 SYMMOPS - TRANSLATORS IN FRACTIONAL UNITS
 **** MATRICES AND TRANSLATORS IN THE CRYSTALLOGRAPHIC REFERENCE FRAME
   V INV                    ROTATION MATRICES                   TRANSLATORS
   1   1  1.00  0.00  0.00  0.00  1.00  0.00  0.00  0.00  1.00  0.00  0.00  0.00

 DIRECT LATTICE VECTORS CARTESIAN COMPONENTS (ANGSTROM)
          X                    Y                    Z
   0.119077330500E+02   0.000000000000E+00   0.000000000000E+00
   0.000000000000E+00   0.119077330500E+02   0.000000000000E+00
   0.000000000000E+00   0.000000000000E+00   0.122747958000E+02


 CARTESIAN COORDINATES - PRIMITIVE CELL
 *******************************************************************************
 *      ATOM          X(ANGSTROM)         Y(ANGSTROM)         Z(ANGSTROM)
 *******************************************************************************
    1   256 BA    2.888636490588E-02  2.634722737094E-02  1.773628829532E-02
    2   256 BA    3.947252766512E-02 -4.124723842111E-03  4.112794218557E+00
    3   256 BA   -2.368932640471E-02 -3.222736035360E-02  8.209845014326E+00
    4   256 BA    6.518561639047E-03  3.977605150190E+00  6.475571864801E-02
    5   256 BA    1.210289218507E-02  3.931666740727E+00  4.111347185346E+00
    6   256 BA   -6.744789553135E-03  4.000555351380E+00  8.233344420303E+00
    7   256 BA    4.041031039053E-03  7.929959492807E+00  6.505682008627E-02
    8   256 BA   -8.768972272425E-03  7.915515435148E+00  4.149333749045E+00
    9   256 BA   -2.579783445763E-02  7.959960654843E+00  8.231141806267E+00
   10   256 BA    3.945250388280E+00 -8.670321121299E-03  5.699394651217E-02
   11   256 BA    3.993967255848E+00 -6.216494856784E-03  4.148609060441E+00
   12   256 BA    3.967347475887E+00  6.162626865717E-03  8.169906553014E+00
   13   256 BA    3.935868246316E+00  3.988487672473E+00  3.694403021545E-02
   14   256 BA    4.007313121897E+00  3.980979712765E+00  4.121397291013E+00
   15   256 BA    3.975380767849E+00  4.000881568421E+00  8.185688900309E+00
   16   256 BA    3.998906583676E+00  7.946168384903E+00  4.729206119997E-04
   17   256 BA    3.968295549136E+00  7.962449707586E+00  4.149799982022E+00
   18   256 BA    4.005998585120E+00  7.953218313977E+00  8.215054821774E+00
   19   256 BA    7.902069692851E+00 -4.161885039960E-03  4.219668485058E-02
   20   256 BA    7.970123370269E+00 -1.187732431041E-02  4.139189895959E+00
   21   256 BA    7.932043684989E+00  2.233495893159E-02  8.176831758410E+00
   22   256 BA    7.922160629763E+00  3.936691598206E+00  9.641973034273E-03
   23   256 BA    7.964061507384E+00  3.952803611388E+00  4.091789953921E+00
   24   256 BA    7.933353667680E+00  3.949322595202E+00  8.175079566406E+00
   25   256 BA    7.957821373854E+00  7.915768356815E+00  5.283268910109E-02
   26   256 BA    7.935556997836E+00  7.929999685295E+00  4.156763565650E+00
   27   256 BA    7.934443187735E+00  7.977984366325E+00  8.204512479173E+00
   28     8 O     2.000510418534E+00  1.948139131575E+00  3.964694852777E+00
   29     8 O     1.981960783373E+00  1.977644976166E+00  8.091521893198E+00
   30     8 O     2.003623115406E+00  2.018883166494E+00  1.215189520486E+01
   31     8 O     2.009621286253E+00  5.949217055637E+00  3.929748917650E+00
   32     8 O     2.024599598022E+00  5.954358862853E+00  8.053475429553E+00
   33     8 O     2.016145598287E+00  5.977033963207E+00  1.213548444880E+01
   34     8 O     2.015175290944E+00  9.948422967576E+00  3.965706398456E+00
   35     8 O     1.996257653409E+00  9.895662845795E+00  8.025556395530E+00
   36     8 O     1.963948050931E+00  9.932913284114E+00  1.217663368720E+01
   37     8 O     5.925929010009E+00  1.957279523299E+00  3.952148636735E+00
   38     8 O     5.951842636968E+00  2.019977961481E+00  8.033627488116E+00
   39     8 O     5.952683036006E+00  2.024423763654E+00  1.214762279376E+01
   40     8 O     5.990866183633E+00  5.948529164876E+00  3.974858108063E+00
   41     8 O     5.950209223838E+00  5.977655238547E+00  8.084173857365E+00
   42     8 O     5.974057430934E+00  5.966493489670E+00  1.211168516816E+01
   43     8 O     5.918080742444E+00  9.939470791740E+00  3.953434109814E+00
   44     8 O     5.917807795217E+00  9.913588374456E+00  8.066685073137E+00
   45     8 O     5.928214733575E+00  9.953679350672E+00  1.214107529440E+01
   46     8 O     9.929537456760E+00  2.009807438551E+00  3.930222556265E+00
   47     8 O     9.958021402031E+00  1.979104374912E+00  8.033495233336E+00
   48     8 O     9.909452828888E+00  1.947772205976E+00  1.213637137621E+01
   49     8 O     9.922276994993E+00  5.923241643460E+00  3.934908417010E+00
   50     8 O     9.938654752352E+00  5.983589840577E+00  8.074017613482E+00
   51     8 O     9.902633155487E+00  5.960612585160E+00  1.217751577054E+01
   52     8 O     9.954056238084E+00  9.948260240950E+00  3.963771985203E+00
   53     8 O     9.939430518519E+00  9.929033452084E+00  8.016189142410E+00
   54     8 O     9.925882933261E+00  9.884507740137E+00  1.215392885978E+01
   55     8 O     1.959423217158E+00 -6.377838540770E-03  2.016178438191E+00
   56     8 O     1.994166837204E+00 -1.794969276132E-02  6.042925520798E+00
   57     8 O     2.022663576435E+00  1.138894958753E-02  1.016416196855E+01
   58     8 O     2.022331156572E+00  3.959679626482E+00  1.995078707829E+00
   59     8 O     2.008933622832E+00  3.946953313411E+00  6.054745335222E+00
   60     8 O     1.990850154776E+00  3.960560004985E+00  1.020751875248E+01
   61     8 O     1.949449237359E+00  7.929802808535E+00  2.002729006803E+00
   62     8 O     2.022012852493E+00  7.946326380796E+00  6.089227755432E+00
   63     8 O     2.000601881409E+00  7.916742385089E+00  1.019849810664E+01
   64     8 O     5.936756277339E+00 -3.586695124626E-02  1.990336385443E+00
   65     8 O     5.957117994624E+00  3.977406941113E-02  6.080103864231E+00
   66     8 O     5.980280716481E+00 -2.425408156349E-02  1.015125185646E+01
   67     8 O     5.927198790905E+00  3.943968520901E+00  1.969965285366E+00
   68     8 O     5.970568001233E+00  3.947701327239E+00  6.106648008241E+00
   69     8 O     5.933599383216E+00  4.000809268808E+00  1.018286155211E+01
   70     8 O     5.914107848246E+00  7.936869731032E+00  1.989853116714E+00
   71     8 O     5.942399113549E+00  7.909038228236E+00  6.052855417178E+00
   72     8 O     5.957768136136E+00  7.923943242913E+00  1.020602955775E+01
   73     8 O     9.909562262667E+00  1.786879106011E-02  2.018898673540E+00
   74     8 O     9.924810294790E+00  2.482000602741E-02  6.108696333538E+00
   75     8 O     9.910519898745E+00  2.129010483612E-02  1.013753711982E+01
   76     8 O     9.915681616282E+00  3.932493576579E+00  1.971840457299E+00
   77     8 O     9.896502605066E+00  3.998988573441E+00  6.074675789218E+00
   78     8 O     9.950502067388E+00  3.997040224543E+00  1.016019140821E+01
   79     8 O     9.907093648933E+00  7.963575173196E+00  1.959052574682E+00
   80     8 O     9.916183736182E+00  7.977012384993E+00  6.069131549292E+00
   81     8 O     9.957714575191E+00  7.958473554988E+00  1.017075866685E+01
   82     8 O    -3.766185337470E-02  1.972138878743E+00  1.980700894369E+00
   83     8 O    -3.620290450881E-02  1.994021176512E+00  6.063196402747E+00
   84     8 O     1.758257568665E-02  1.949034634189E+00  1.017391035639E+01
   85     8 O    -2.679839108991E-02  5.929734287433E+00  1.968470019219E+00
   86     8 O     9.563007479996E-03  5.954275721747E+00  6.038536261804E+00
   87     8 O     2.021428999982E-02  5.939804164022E+00  1.013745081199E+01
   88     8 O     2.981797623900E-02  9.924804603776E+00  2.012384185779E+00
   89     8 O    -2.498984697176E-02  9.951844027631E+00  6.089618064913E+00
   90     8 O     1.276528047020E-03  9.919012244564E+00  1.020874172771E+01
   91     8 O     3.953939007600E+00  2.021332332054E+00  1.981519862569E+00
   92     8 O     4.006137899158E+00  1.985518204083E+00  6.092803444128E+00
   93     8 O     3.972726430725E+00  2.024336752904E+00  1.017223272027E+01
   94     8 O     3.984458762624E+00  5.917875917240E+00  1.994331119916E+00
   95     8 O     3.944430394402E+00  5.923751503369E+00  6.068579088577E+00
   96     8 O     3.966376010147E+00  5.916580254206E+00  1.015477744520E+01
   97     8 O     3.973479845673E+00  9.960886011431E+00  1.973321647783E+00
   98     8 O     3.967082735109E+00  9.962547244776E+00  6.071041679826E+00
   99     8 O     3.959655751964E+00  9.885694907966E+00  1.015857543164E+01
  100     8 O     7.916569179078E+00  1.992273628876E+00  2.018348387778E+00
  101     8 O     7.908844542255E+00  1.976078378813E+00  6.102834459971E+00
  102     8 O     7.928659272777E+00  1.947831118546E+00  1.018121205103E+01
  103     8 O     7.941418611647E+00  5.915843201032E+00  1.973707307069E+00
  104     8 O     7.933806119642E+00  5.938147784333E+00  6.040891349399E+00
  105     8 O     7.910256801789E+00  5.975120074470E+00  1.015023117554E+01
  106     8 O     7.907246298853E+00  9.947818523073E+00  1.989442222405E+00
  107     8 O     7.921135064080E+00  9.959036600982E+00  6.080236583342E+00
  108     8 O     7.907745324116E+00  9.915145421344E+00  1.014465410574E+01
  109    22 TI    1.945187189657E+00  1.982836567736E+00  2.153891662554E+00
  110    22 TI    1.989215692402E+00  1.952004065684E+00  6.216340511223E+00
  111    22 TI    2.012079702708E+00  1.957055024230E+00  1.032135084103E+01
  112    22 TI    1.998751315955E+00  5.976477248051E+00  2.177252767768E+00
  113    22 TI    2.008653881804E+00  5.965218653781E+00  6.268926456626E+00
  114    22 TI    1.986717833744E+00  5.993737424036E+00  1.033306483707E+01
  115    22 TI    1.959971590167E+00  9.900818610660E+00  2.125176944972E+00
  116    22 TI    2.021364565914E+00  9.907350794211E+00  6.237761767755E+00
  117    22 TI    1.949731693078E+00  9.935354666049E+00  1.031537586442E+01
  118    22 TI    5.970613410288E+00  2.003022785560E+00  2.116114338405E+00
  119    22 TI    5.916471354999E+00  1.986337016183E+00  6.253127909656E+00
  120    22 TI    5.917982673489E+00  2.002204823693E+00  1.032884304829E+01
  121    22 TI    5.982069270663E+00  5.925539111598E+00  2.145963967518E+00
  122    22 TI    5.954859732588E+00  5.934989091415E+00  6.203781882442E+00
  123    22 TI    5.952362402615E+00  5.993447102595E+00  1.033620993553E+01
  124    22 TI    5.933220040518E+00  9.890319090433E+00  2.157355372473E+00
  125    22 TI    5.949797666800E+00  9.931616340843E+00  6.277906097511E+00
  126    22 TI    5.944844352707E+00  9.937041593308E+00  1.029423764081E+01
  127    22 TI    9.913358671156E+00  1.969289521334E+00  2.183068922066E+00
  128    22 TI    9.926544290683E+00  2.024464935985E+00  6.238157964231E+00
  129    22 TI    9.953482227915E+00  1.969222930433E+00  1.030964504700E+01
  130    22 TI    9.961230626778E+00  5.957914208461E+00  2.158858303154E+00
  131    22 TI    9.945841039842E+00  5.985419781005E+00  6.229666692168E+00
  132    22 TI    9.887263648534E+00  5.968693305911E+00  1.034038593258E+01
  133    22 TI    9.912363926577E+00  9.961508058389E+00  2.144247226695E+00
  134    22 TI    9.925042883780E+00  9.933814292204E+00  6.200540298159E+00
  135    22 TI    9.931669150758E+00  9.905106486519E+00  1.036531030272E+01

 *******************************************************************************
 *** PSEUDOPOTENTIAL INFORMATION ***
 *******************************************************************************

 ATOMIC NUMBER  56, NUCLEAR CHARGE 10.000, GIVEN IN INPUT       PSEUDOPOTENTIAL
   TYPE       EXPONENT      COEFF.    N      EXPONENT      COEFF.    N
  P0 TMS     9.5269860  427.8458160   0     4.4875100  204.4175300   0
  P1 TMS     8.3159300  293.6058640   0     4.2922170  294.1933160   0
  P2 TMS     5.9161080  112.5504020   0     2.8748420  181.7826210   0
  P3 TMS     3.5894650  -33.4731740   0

 *******************************************************************************
 LOCAL ATOMIC FUNCTIONS BASIS SET
 *******************************************************************************
   ATOM   X(AU)   Y(AU)   Z(AU)  N. TYPE  EXPONENT  S COEF   P COEF   D/F/G COEF
 *******************************************************************************
   1 BA   0.055   0.050   0.034
                                  1 S  
                                         2.396E+00-5.955E+00 0.000E+00 0.000E+00
                                         2.243E+00 6.681E+00 0.000E+00 0.000E+00
                                         7.174E-01-5.706E-01 0.000E+00 0.000E+00
                                  2 S  
                                         2.742E-01 1.000E+00 0.000E+00 0.000E+00
                           3-     6 SP 
                                         1.300E-01 1.000E+00 1.000E+00 0.000E+00
                           7-     9 P  
                                         2.927E+00 0.000E+00 7.982E-01 0.000E+00
                                         2.521E+00 0.000E+00-1.071E+00 0.000E+00
                                         6.758E-01 0.000E+00 3.494E-01 0.000E+00
                                         3.199E-01 0.000E+00 6.504E-01 0.000E+00
                          10-    14 D  
                                         9.663E-01 0.000E+00 0.000E+00-9.089E-01
                                         8.938E-01 0.000E+00 0.000E+00 9.472E-01
                          15-    19 D  
                                         2.732E-01 0.000E+00 0.000E+00 3.221E-01
   2 BA   0.075  -0.008   7.772
   3 BA  -0.045  -0.061  15.514
   4 BA   0.012   7.517   0.122
   5 BA   0.023   7.430   7.769
   6 BA  -0.013   7.560  15.559
   7 BA   0.008  14.985   0.123
   8 BA  -0.017  14.958   7.841
   9 BA  -0.049  15.042  15.555
  10 BA   7.455  -0.016   0.108
  11 BA   7.548  -0.012   7.840
  12 BA   7.497   0.012  15.439
  13 BA   7.438   7.537   0.070
  14 BA   7.573   7.523   7.788
  15 BA   7.512   7.561  15.469
  16 BA   7.557  15.016   0.001
  17 BA   7.499  15.047   7.842
  18 BA   7.570  15.029  15.524
  19 BA  14.933  -0.008   0.080
  20 BA  15.061  -0.022   7.822
  21 BA  14.989   0.042  15.452
  22 BA  14.971   7.439   0.018
  23 BA  15.050   7.470   7.732
  24 BA  14.992   7.463  15.449
  25 BA  15.038  14.959   0.100
  26 BA  14.996  14.986   7.855
  27 BA  14.994  15.076  15.504
  28 O    3.780   3.681   7.492
                                514 S  
                                         2.703E+04 2.173E-04 0.000E+00 0.000E+00
                                         4.052E+03 1.684E-03 0.000E+00 0.000E+00
                                         9.223E+02 8.740E-03 0.000E+00 0.000E+00
                                         2.612E+02 3.524E-02 0.000E+00 0.000E+00
                                         8.535E+01 1.115E-01 0.000E+00 0.000E+00
                                         3.104E+01 2.559E-01 0.000E+00 0.000E+00
                                515 S  
                                         1.227E+01 3.977E-01 0.000E+00 0.000E+00
                                         4.916E+00 2.463E-01 0.000E+00 0.000E+00
                                516 S  
                                         9.009E-01 1.000E+00 0.000E+00 0.000E+00
                         517-   520 SP 
                                         2.500E-01 1.000E+00 1.000E+00 0.000E+00
                         521-   523 P  
                                         7.530E+01 0.000E+00 6.069E-03 0.000E+00
                                         1.774E+01 0.000E+00 4.191E-02 0.000E+00
                                         5.536E+00 0.000E+00 1.615E-01 0.000E+00
                                         2.069E+00 0.000E+00 3.571E-01 0.000E+00
                         524-   526 P  
                                         7.824E-01 0.000E+00 1.000E+00 0.000E+00
                         527-   531 D  
                                         1.200E+00 0.000E+00 0.000E+00 1.000E+00
  29 O    3.745   3.737  15.291
  30 O    3.786   3.815  22.964
  31 O    3.798  11.242   7.426
  32 O    3.826  11.252  15.219
  33 O    3.810  11.295  22.933
  34 O    3.808  18.800   7.494
  35 O    3.772  18.700  15.166
  36 O    3.711  18.770  23.011
  37 O   11.198   3.699   7.468
  38 O   11.247   3.817  15.181
  39 O   11.249   3.826  22.956
  40 O   11.321  11.241   7.511
  41 O   11.244  11.296  15.277
  42 O   11.289  11.275  22.888
  43 O   11.184  18.783   7.471
  44 O   11.183  18.734  15.244
  45 O   11.203  18.810  22.943
  46 O   18.764   3.798   7.427
  47 O   18.818   3.740  15.181
  48 O   18.726   3.681  22.934
  49 O   18.750  11.193   7.436
  50 O   18.781  11.307  15.258
  51 O   18.713  11.264  23.012
  52 O   18.810  18.799   7.490
  53 O   18.783  18.763  15.148
  54 O   18.757  18.679  22.968
  55 O    3.703  -0.012   3.810
  56 O    3.768  -0.034  11.419
  57 O    3.822   0.022  19.207
  58 O    3.822   7.483   3.770
  59 O    3.796   7.459  11.442
  60 O    3.762   7.484  19.289
  61 O    3.684  14.985   3.785
  62 O    3.821  15.016  11.507
  63 O    3.781  14.960  19.272
  64 O   11.219  -0.068   3.761
  65 O   11.257   0.075  11.490
  66 O   11.301  -0.046  19.183
  67 O   11.201   7.453   3.723
  68 O   11.283   7.460  11.540
  69 O   11.213   7.560  19.243
  70 O   11.176  14.999   3.760
  71 O   11.230  14.946  11.438
  72 O   11.259  14.974  19.287
  73 O   18.726   0.034   3.815
  74 O   18.755   0.047  11.544
  75 O   18.728   0.040  19.157
  76 O   18.738   7.431   3.726
  77 O   18.702   7.557  11.479
  78 O   18.804   7.553  19.200
  79 O   18.722  15.049   3.702
  80 O   18.739  15.074  11.469
  81 O   18.817  15.039  19.220
  82 O   -0.071   3.727   3.743
  83 O   -0.068   3.768  11.458
  84 O    0.033   3.683  19.226
  85 O   -0.051  11.206   3.720
  86 O    0.018  11.252  11.411
  87 O    0.038  11.225  19.157
  88 O    0.056  18.755   3.803
  89 O   -0.047  18.806  11.508
  90 O    0.002  18.744  19.292
  91 O    7.472   3.820   3.745
  92 O    7.571   3.752  11.514
  93 O    7.507   3.825  19.223
  94 O    7.530  11.183   3.769
  95 O    7.454  11.194  11.468
  96 O    7.495  11.181  19.190
  97 O    7.509  18.823   3.729
  98 O    7.497  18.826  11.473
  99 O    7.483  18.681  19.197
 100 O   14.960   3.765   3.814
 101 O   14.946   3.734  11.533
 102 O   14.983   3.681  19.240
 103 O   15.007  11.179   3.730
 104 O   14.993  11.221  11.416
 105 O   14.948  11.291  19.181
 106 O   14.943  18.799   3.760
 107 O   14.969  18.820  11.490
 108 O   14.943  18.737  19.171
 109 TI   3.676   3.747   4.070
                               1972 S  
                                         2.116E+05 2.332E-04 0.000E+00 0.000E+00
                                         3.171E+04 1.808E-03 0.000E+00 0.000E+00
                                         7.218E+03 9.398E-03 0.000E+00 0.000E+00
                                         2.043E+03 3.816E-02 0.000E+00 0.000E+00
                                         6.651E+02 1.237E-01 0.000E+00 0.000E+00
                                         2.387E+02 2.921E-01 0.000E+00 0.000E+00
                                         9.251E+01 4.123E-01 0.000E+00 0.000E+00
                                         3.640E+01 2.109E-01 0.000E+00 0.000E+00
                               1973 S  
                                         2.327E+02-2.492E-02 0.000E+00 0.000E+00
                                         7.179E+01-1.175E-01 0.000E+00 0.000E+00
                                         1.116E+01 5.650E-01 0.000E+00 0.000E+00
                                         4.655E+00 5.621E-01 0.000E+00 0.000E+00
                               1974 S  
                                         6.803E+00-2.301E-01 0.000E+00 0.000E+00
                                         1.120E+00 7.210E-01 0.000E+00 0.000E+00
                               1975 S  
                                         4.808E-01 1.000E+00 0.000E+00 0.000E+00
                               1976 S  
                                         2.400E-01 1.000E+00 0.000E+00 0.000E+00
                        1977-  1980 SP 
                                         1.200E-01 1.000E+00 1.000E+00 0.000E+00
                        1981-  1983 P  
                                         1.063E+03 0.000E+00 2.469E-03 0.000E+00
                                         2.516E+02 0.000E+00 1.977E-02 0.000E+00
                                         8.041E+01 0.000E+00 9.099E-02 0.000E+00
                                         2.977E+01 0.000E+00 2.556E-01 0.000E+00
                                         1.174E+01 0.000E+00 4.049E-01 0.000E+00
                                         4.714E+00 0.000E+00 2.369E-01 0.000E+00
                        1984-  1986 P  
                                         1.780E+01 0.000E+00-2.788E-02 0.000E+00
                                         2.427E+00 0.000E+00 5.567E-01 0.000E+00
                                         9.682E-01 0.000E+00 1.006E+00 0.000E+00
                        1987-  1989 P  
                                         3.706E-01 0.000E+00 1.000E+00 0.000E+00
                        1990-  1994 D  
                                         3.771E+01 0.000E+00 0.000E+00 1.151E-02
                                         1.069E+01 0.000E+00 0.000E+00 6.725E-02
                                         3.673E+00 0.000E+00 0.000E+00 2.148E-01
                                         1.359E+00 0.000E+00 0.000E+00 3.889E-01
                        1995-  1999 D  
                                         5.400E-01 0.000E+00 0.000E+00 1.000E+00
                        2000-  2004 D  
                                         2.200E-01 0.000E+00 0.000E+00 1.000E+00
 110 TI   3.759   3.689  11.747
 111 TI   3.802   3.698  19.505
 112 TI   3.777  11.294   4.114
 113 TI   3.796  11.273  11.847
 114 TI   3.754  11.327  19.527
 115 TI   3.704  18.710   4.016
 116 TI   3.820  18.722  11.788
 117 TI   3.684  18.775  19.493
 118 TI  11.283   3.785   3.999
 119 TI  11.181   3.754  11.817
 120 TI  11.183   3.784  19.519
 121 TI  11.304  11.198   4.055
 122 TI  11.253  11.216  11.723
 123 TI  11.248  11.326  19.533
 124 TI  11.212  18.690   4.077
 125 TI  11.243  18.768  11.864
 126 TI  11.234  18.778  19.453
 127 TI  18.734   3.721   4.125
 128 TI  18.758   3.826  11.788
 129 TI  18.809   3.721  19.482
 130 TI  18.824  11.259   4.080
 131 TI  18.795  11.311  11.772
 132 TI  18.684  11.279  19.540
 133 TI  18.732  18.825   4.052
 134 TI  18.756  18.772  11.717
 135 TI  18.768  18.718  19.588
 INFORMATION **** SET_MPP **** PCRYSTAL CALCULATION
 INFORMATION **** READM2 **** NEW DEFAULT: FOCK/KS MATRIX MIXING SET TO 30 %
 INFORMATION **** READM2 **** NEW DEFAULT: FULL DIRECT SCF MODE
 INFORMATION **** READM2 **** NEW DEFAULT: COULOMB BIPOLAR BUFFER SET TO 32 Mb
 INFORMATION **** READM2 **** NEW DEFAULT: EXCHANGE BIPOLAR BUFFER SET TO 32 Mb

 *******************************************************************************
 NEW DEFAULT: DFT INTEGRATION GRID INCREASED TO XLGRID
 NEW DEFAULT: DIIS ACCELERATOR ACTIVE
 USE KEYWORD NODIIS TO TURN IT OFF
 *******************************************************************************

 INFORMATION **** TOLINTEG **** COULOMB AND EXCHANGE SERIES TOLERANCES MODIFIED
 INFORMATION **** MAXCYCLE **** MAX NUMBER OF SCF CYCLES SET TO         100
 INFORMATION **** EXCHSIZE **** EXCHANGE BIPOLAR BUFFER SIZE SET TO    30000000
 INFORMATION **** BIPOSIZE **** COULOMB BIPOLAR BUFFER SET TO    30000000
 INFORMATION **** GRADCAL **** ANALYTICAL GRADIENT AFTER SCF COMPLETED
 *******************************************************************************
 N. OF ATOMS PER CELL       135  COULOMB OVERLAP TOL         (T1) 10**   -8
 NUMBER OF SHELLS          1053  COULOMB PENETRATION TOL     (T2) 10**   -8
 NUMBER OF AO              2862  EXCHANGE OVERLAP TOL        (T3) 10**   -8
 N. OF ELECTRONS PER CELL  1512  EXCHANGE PSEUDO OVP (F(G))  (T4) 10**   -8
 CORE ELECTRONS PER CELL    648  EXCHANGE PSEUDO OVP (P(G))  (T5) 10**  -16
 N. OF SYMMETRY OPERATORS     1  POLE ORDER IN MONO ZONE                  4
 *******************************************************************************
 TYPE OF CALCULATION :  RESTRICTED CLOSED SHELL
 KOHN-SHAM HAMILTONIAN

 (EXCHANGE)[CORRELATION] FUNCTIONAL:(PERDEW-BURKE-ERNZERHOF)[PERDEW-BURKE-ERNZERHOF]


 HYBRID EXCHANGE - PERCENTAGE OF FOCK EXCHANGE    25.0000
 CORE  PSEUDO POTENTIAL         TOL. ON PSEUDO              (TP) 10**- 6

 CAPPA:IS1  2;IS2  2;IS3  2; K PTS MONK NET   8; SYMMOPS:K SPACE   2;G SPACE   1

 *******************************************************************************
 MAX NUMBER OF SCF CYCLES     100  CONVERGENCE ON DELTAP        10**-16
 WEIGHT OF F(I) IN F(I+1)      80% CONVERGENCE ON ENERGY        10**- 6
 SHRINK. FACT.(MONKH.)    2  2  2  NUMBER OF K POINTS IN THE IBZ      8
 SHRINKING FACTOR(GILAT NET)    2  NUMBER OF K POINTS(GILAT NET)      8
 *******************************************************************************
 *** K POINTS COORDINATES (OBLIQUE COORDINATES IN UNITS OF IS =  2)
   1-R(  0  0  0)   2-R(  1  0  0)   3-R(  0  1  0)   4-R(  1  1  0)
   5-R(  0  0  1)   6-R(  1  0  1)   7-R(  0  1  1)   8-R(  1  1  1)

 DIRECT LATTICE VECTORS COMPON. (A.U.)     RECIP. LATTICE VECTORS COMPON. (A.U.) 
        X            Y            Z              X            Y            Z
   22.5023543    0.0000000    0.0000000      0.2792235    0.0000000    0.0000000
    0.0000000   22.5023543    0.0000000      0.0000000    0.2792235    0.0000000
    0.0000000    0.0000000   23.1960024      0.0000000    0.0000000    0.2708736

 DISK SPACE FOR EIGENVECTORS (FTN 10)    65528352 REALS

 SYMMETRY ADAPTION OF THE BLOCH FUNCTIONS DISABLED
 TTTTTTTTTTTTTTTTTTTTTTTTTTTTTT gordsh1     TELAPSE        1.14 TCPU        0.58

 MATRIX SIZE: P(G) 7084268, F(G) 1249743, P(G) IRR 3549937, F(G) IRR 1253523
 MAX G-VECTOR INDEX FOR 1- AND 2-ELECTRON INTEGRALS  27

 TTTTTTTTTTTTTTTTTTTTTTTTTTTTTT INPUT       TELAPSE        4.18 TCPU        3.62

 NEIGHBORS OF THE NON-EQUIVALENT ATOMS

 N = NUMBER OF NEIGHBORS AT DISTANCE R
    ATOM  N     R/ANG      R/AU   NEIGHBORS (ATOM LABELS AND CELL INDICES)
   1 BA   1     2.7647     5.2246   82 O    0 0 0
   1 BA   1     2.7788     5.2512   55 O    0 0 0
   1 BA   1     2.7861     5.2650   36 O    0-1-1
   1 BA   1     2.7974     5.2864   48 O   -1 0-1
   1 BA   1     2.8088     5.3079   30 O    0 0-1
   1 BA   1     2.8312     5.3502   88 O    0-1 0

   2 BA   1     2.7471     5.1912   56 O    0 0 0
   2 BA   1     2.7711     5.2366   28 O    0 0 0
   2 BA   1     2.7787     5.2510   89 O    0-1 0
   2 BA   1     2.7835     5.2600   34 O    0-1 0
   2 BA   1     2.7933     5.2785   83 O    0 0 0
   2 BA   1     2.7961     5.2839   52 O   -1-1 0

   3 BA   1     2.7582     5.2123   53 O   -1-1 0
   3 BA   1     2.7593     5.2143   75 O   -1 0 0
   3 BA   1     2.7901     5.2725   84 O    0 0 0
   3 BA   1     2.7904     5.2730   47 O   -1 0 0
   3 BA   1     2.7972     5.2859   90 O    0-1 0
   3 BA   1     2.8300     5.3479   57 O    0 0 0

   4 BA   1     2.7269     5.1531   85 O    0 0 0
   4 BA   1     2.7628     5.2210   76 O   -1 0 0
   4 BA   1     2.7739     5.2420   82 O    0 0 0
   4 BA   1     2.7911     5.2743   58 O    0 0 0
   4 BA   1     2.8036     5.2981   30 O    0 0-1
   4 BA   1     2.8293     5.3467   51 O   -1 0-1

   5 BA   1     2.7507     5.1981   83 O    0 0 0
   5 BA   1     2.7727     5.2396   46 O   -1 0 0
   5 BA   1     2.7865     5.2656   59 O    0 0 0
   5 BA   1     2.7937     5.2794   86 O    0 0 0
   5 BA   1     2.8124     5.3147   28 O    0 0 0
   5 BA   1     2.8201     5.3293   77 O   -1 0 0

   6 BA   1     2.7179     5.1361   87 O    0 0 0
   6 BA   1     2.7417     5.1811   78 O   -1 0 0
   6 BA   1     2.7944     5.2806   50 O   -1 0 0
   6 BA   1     2.8088     5.3079   60 O    0 0 0
   6 BA   1     2.8109     5.3119   47 O   -1 0 0
   6 BA   1     2.8240     5.3366   84 O    0 0 0

   7 BA   1     2.7458     5.1887   61 O    0 0 0
   7 BA   1     2.7581     5.2120   79 O   -1 0 0
   7 BA   1     2.7613     5.2181   85 O    0 0 0
   7 BA   1     2.7879     5.2683   88 O    0 0 0
   7 BA   1     2.7926     5.2772   54 O   -1 0-1
   7 BA   1     2.8071     5.3046   36 O    0 0-1

   8 BA   1     2.7232     5.1461   86 O    0 0 0
   8 BA   1     2.7606     5.2167   80 O   -1 0 0
   8 BA   1     2.8086     5.3075   62 O    0 0 0
   8 BA   1     2.8128     5.3153   89 O    0 0 0
   8 BA   1     2.8147     5.3190   49 O   -1 0 0
   8 BA   1     2.8194     5.3279   52 O   -1 0 0

   9 BA   1     2.7322     5.1630   81 O   -1 0 0
   9 BA   1     2.7743     5.2427   53 O   -1 0 0
   9 BA   1     2.7762     5.2462   50 O   -1 0 0
   9 BA   1     2.7780     5.2496   87 O    0 0 0
   9 BA   1     2.7838     5.2606   90 O    0 0 0
   9 BA   1     2.8068     5.3040   35 O    0 0 0

  10 BA   1     2.7257     5.1509   97 O    0-1 0
  10 BA   1     2.7757     5.2454   64 O    0 0 0
  10 BA   1     2.7844     5.2618   45 O    0-1-1
  10 BA   1     2.7896     5.2716   55 O    0 0 0
  10 BA   1     2.7956     5.2829   36 O    0-1-1
  10 BA   1     2.7973     5.2861   91 O    0 0 0

  11 BA   1     2.7306     5.1601   98 O    0-1 0
  11 BA   1     2.7544     5.2051   65 O    0 0 0
  11 BA   1     2.7546     5.2054   56 O    0 0 0
  11 BA   1     2.7550     5.2062   43 O    0-1 0
  11 BA   1     2.7616     5.2187   37 O    0 0 0
  11 BA   1     2.7834     5.2598   92 O    0 0 0

  12 BA   1     2.7855     5.2638   57 O    0 0 0
  12 BA   1     2.7957     5.2832   44 O    0-1 0
  12 BA   1     2.7990     5.2894   29 O    0 0 0
  12 BA   1     2.8246     5.3378   66 O    0 0 0
  12 BA   1     2.8248     5.3380   35 O    0-1 0
  12 BA   1     2.8306     5.3490   38 O    0 0 0

  13 BA   1     2.7380     5.1741   58 O    0 0 0
  13 BA   1     2.7489     5.1946   94 O    0 0 0
  13 BA   1     2.7638     5.2228   30 O    0 0-1
  13 BA   1     2.7661     5.2272   91 O    0 0 0
  13 BA   1     2.7696     5.2338   33 O    0 0-1
  13 BA   1     2.7756     5.2451   67 O    0 0 0

  14 BA   1     2.7513     5.1993   95 O    0 0 0
  14 BA   1     2.7807     5.2548   59 O    0 0 0
  14 BA   1     2.7923     5.2766   68 O    0 0 0
  14 BA   1     2.7938     5.2794   37 O    0 0 0
  14 BA   1     2.7977     5.2869   40 O    0 0 0
  14 BA   1     2.8051     5.3008   92 O    0 0 0

  15 BA   1     2.7472     5.1915   96 O    0 0 0
  15 BA   1     2.7639     5.2230   32 O    0 0 0
  15 BA   1     2.7960     5.2838   41 O    0 0 0
  15 BA   1     2.7970     5.2856   69 O    0 0 0
  15 BA   1     2.8023     5.2956   93 O    0 0 0
  15 BA   1     2.8024     5.2958   38 O    0 0 0

  16 BA   1     2.7615     5.2184   70 O    0 0 0
  16 BA   1     2.7875     5.2677   45 O    0 0-1
  16 BA   1     2.7979     5.2873   33 O    0 0-1
  16 BA   1     2.8013     5.2936   42 O    0 0-1
  16 BA   1     2.8199     5.3288   97 O    0 0 0
  16 BA   1     2.8442     5.3748   94 O    0 0 0

  17 BA   1     2.7425     5.1827   71 O    0 0 0
  17 BA   1     2.7477     5.1923   62 O    0 0 0
  17 BA   1     2.7734     5.2409   98 O    0 0 0
  17 BA   1     2.7837     5.2604   43 O    0 0 0
  17 BA   1     2.7915     5.2752   34 O    0 0 0
  17 BA   1     2.7997     5.2908   95 O    0 0 0

  18 BA   1     2.7411     5.1800   99 O    0 0 0
  18 BA   1     2.7423     5.1822   44 O    0 0 0
  18 BA   1     2.7749     5.2438   41 O    0 0 0
  18 BA   1     2.7882     5.2690   72 O    0 0 0
  18 BA   1     2.8014     5.2940   35 O    0 0 0
  18 BA   1     2.8128     5.3155   96 O    0 0 0

  19 BA   1     2.7598     5.2154  106 O    0-1 0
  19 BA   1     2.7674     5.2297   64 O    0 0 0
  19 BA   1     2.7801     5.2537   45 O    0-1-1
  19 BA   1     2.8058     5.3021   48 O    0 0-1
  19 BA   1     2.8091     5.3085  100 O    0 0 0
  19 BA   1     2.8174     5.3242   73 O    0 0 0

  20 BA   1     2.7425     5.1826  107 O    0-1 0
  20 BA   1     2.7751     5.2442   74 O    0 0 0
  20 BA   1     2.7857     5.2641   52 O    0-1 0
  20 BA   1     2.7949     5.2816  101 O    0 0 0
  20 BA   1     2.7968     5.2852   65 O    0 0 0
  20 BA   1     2.8232     5.3350   46 O    0 0 0

  21 BA   1     2.7767     5.2471   66 O    0 0 0
  21 BA   1     2.7794     5.2523  102 O    0 0 0
  21 BA   1     2.7855     5.2637   75 O    0 0 0
  21 BA   1     2.8164     5.3223   38 O    0 0 0
  21 BA   1     2.8165     5.3225  108 O    0-1 0
  21 BA   1     2.8203     5.3296   47 O    0 0 0

  22 BA   1     2.7485     5.1939   39 O    0 0-1
  22 BA   1     2.7884     5.2692  103 O    0 0 0
  22 BA   1     2.7957     5.2830  100 O    0 0 0
  22 BA   1     2.7969     5.2854   67 O    0 0 0
  22 BA   1     2.7972     5.2860   76 O    0 0 0
  22 BA   1     2.8155     5.3205   48 O    0 0-1

  23 BA   1     2.7685     5.2317   46 O    0 0 0
  23 BA   1     2.7692     5.2330   77 O    0 0 0
  23 BA   1     2.7824     5.2579  104 O    0 0 0
  23 BA   1     2.7824     5.2580   49 O    0 0 0
  23 BA   1     2.8089     5.3081   40 O    0 0 0
  23 BA   1     2.8204     5.3298  101 O    0 0 0

  24 BA   1     2.7693     5.2331   38 O    0 0 0
  24 BA   1     2.8286     5.3453   47 O    0 0 0
  24 BA   1     2.8294     5.3468  105 O    0 0 0
  24 BA   1     2.8305     5.3489   78 O    0 0 0
  24 BA   1     2.8338     5.3552  102 O    0 0 0
  24 BA   1     2.8342     5.3559   69 O    0 0 0

  25 BA   1     2.7268     5.1530   79 O    0 0 0
  25 BA   1     2.7618     5.2190   51 O    0 0-1
  25 BA   1     2.7730     5.2403  103 O    0 0 0
  25 BA   1     2.7892     5.2707   54 O    0 0-1
  25 BA   1     2.7896     5.2715   42 O    0 0-1
  25 BA   1     2.8075     5.3055  106 O    0 0 0

  26 BA   1     2.7418     5.1812  104 O    0 0 0
  26 BA   1     2.7511     5.1987   71 O    0 0 0
  26 BA   1     2.7536     5.2035   80 O    0 0 0
  26 BA   1     2.7823     5.2578   40 O    0 0 0
  26 BA   1     2.7959     5.2834  107 O    0 0 0
  26 BA   1     2.8326     5.3527   49 O    0 0 0

  27 BA   1     2.7418     5.1812  108 O    0 0 0
  27 BA   1     2.7925     5.2770  105 O    0 0 0
  27 BA   1     2.7986     5.2887   44 O    0 0 0
  27 BA   1     2.8039     5.2987   53 O    0 0 0
  27 BA   1     2.8136     5.3169   72 O    0 0 0
  27 BA   1     2.8201     5.3292   41 O    0 0 0

  28 O    1     1.8120     3.4241  109 TI   0 0 0
  28 O    1     2.2517     4.2551  110 TI   0 0 0
  28 O    1     2.7602     5.2160   55 O    0 0 0
  28 O    1     2.7711     5.2366    2 BA   0 0 0
  28 O    1     2.7846     5.2622   91 O    0 0 0
  28 O    1     2.7977     5.2869   11 BA   0 0 0

  29 O    1     1.8754     3.5439  110 TI   0 0 0
  29 O    1     2.2301     4.2143  111 TI   0 0 0
  29 O    1     2.7990     5.2894   12 BA   0 0 0
  29 O    1     2.8333     5.3541   59 O    0 0 0
  29 O    1     2.8403     5.3674    6 BA   0 0 0
  29 O    1     2.8418     5.3703   15 BA   0 0 0

  30 O    1     1.8316     3.4612  111 TI   0 0 0
  30 O    1     2.2778     4.3045  109 TI   0 0 1
  30 O    1     2.7479     5.1928   60 O    0 0 0
  30 O    1     2.7638     5.2228   13 BA   0 0 1
  30 O    1     2.7922     5.2765   93 O    0 0 0
  30 O    1     2.8036     5.2981    4 BA   0 0 1

  31 O    1     1.7527     3.3122  112 TI   0 0 0
  31 O    1     2.3392     4.4205  113 TI   0 0 0
  31 O    1     2.7640     5.2232   61 O    0 0 0
  31 O    1     2.7653     5.2256   94 O    0 0 0
  31 O    1     2.7751     5.2442   58 O    0 0 0
  31 O    1     2.8110     5.3119   14 BA   0 0 0

  32 O    1     1.7847     3.3725  113 TI   0 0 0
  32 O    1     2.2802     4.3090  114 TI   0 0 0
  32 O    1     2.7616     5.2187   95 O    0 0 0
  32 O    1     2.7639     5.2230   15 BA   0 0 0
  32 O    1     2.7975     5.2866   62 O    0 0 0
  32 O    1     2.8191     5.3274   18 BA   0 0 0

  33 O    1     1.8027     3.4067  114 TI   0 0 0
  33 O    1     2.3166     4.3778  112 TI   0 0 1
  33 O    1     2.7413     5.1803   63 O    0 0 0
  33 O    1     2.7696     5.2338   13 BA   0 0 1
  33 O    1     2.7803     5.2541   96 O    0 0 0
  33 O    1     2.7900     5.2723   60 O    0 0 0

  34 O    1     1.8420     3.4808  115 TI   0 0 0
  34 O    1     2.2724     4.2943  116 TI   0 0 0
  34 O    1     2.7600     5.2157   55 O    0 1 0
  34 O    1     2.7835     5.2600    2 BA   0 1 0
  34 O    1     2.7853     5.2634   88 O    0 0 0
  34 O    1     2.7863     5.2654   11 BA   0 1 0

  35 O    1     1.7880     3.3788  116 TI   0 0 0
  35 O    1     2.2906     4.3287  117 TI   0 0 0
  35 O    1     2.7477     5.1924   62 O    0 0 0
  35 O    1     2.7765     5.2468   98 O    0 0 0
  35 O    1     2.7994     5.2900   89 O    0 0 0
  35 O    1     2.8014     5.2940   18 BA   0 0 0

  36 O    1     1.8613     3.5174  117 TI   0 0 0
  36 O    1     2.2236     4.2019  115 TI   0 0 1
  36 O    1     2.7794     5.2522   90 O    0 0 0
  36 O    1     2.7861     5.2650    1 BA   0 1 1
  36 O    1     2.7956     5.2829   10 BA   0 1 1
  36 O    1     2.8071     5.3046    7 BA   0 0 1

  37 O    1     1.8371     3.4717  118 TI   0 0 0
  37 O    1     2.3012     4.3486  119 TI   0 0 0
  37 O    1     2.7616     5.2187   11 BA   0 0 0
  37 O    1     2.7755     5.2450  100 O    0 0 0
  37 O    1     2.7886     5.2697   91 O    0 0 0
  37 O    1     2.7938     5.2794   14 BA   0 0 0

  38 O    1     1.7812     3.3659  119 TI   0 0 0
  38 O    1     2.2955     4.3379  120 TI   0 0 0
  38 O    1     2.7258     5.1509   68 O    0 0 0
  38 O    1     2.7484     5.1937   92 O    0 0 0
  38 O    1     2.7495     5.1958  101 O    0 0 0
  38 O    1     2.7693     5.2331   24 BA   0 0 0

  39 O    1     1.8192     3.4379  120 TI   0 0 0
  39 O    1     2.2435     4.2395  118 TI   0 0 1
  39 O    1     2.7485     5.1939   22 BA   0 0 1
  39 O    1     2.7869     5.2665   69 O    0 0 0
  39 O    1     2.7887     5.2700  102 O    0 0 0
  39 O    1     2.7969     5.2853   93 O    0 0 0

  40 O    1     1.8291     3.4564  121 TI   0 0 0
  40 O    1     2.2293     4.2127  122 TI   0 0 0
  40 O    1     2.7823     5.2578   26 BA   0 0 0
  40 O    1     2.7947     5.2812  103 O    0 0 0
  40 O    1     2.7977     5.2869   14 BA   0 0 0
  40 O    1     2.8089     5.3081   23 BA   0 0 0

  41 O    1     1.8809     3.5544  122 TI   0 0 0
  41 O    1     2.2521     4.2558  123 TI   0 0 0
  41 O    1     2.7749     5.2438   18 BA   0 0 0
  41 O    1     2.7960     5.2838   15 BA   0 0 0
  41 O    1     2.8030     5.2968   71 O    0 0 0
  41 O    1     2.8201     5.3292   27 BA   0 0 0

  42 O    1     1.7758     3.3558  123 TI   0 0 0
  42 O    1     2.3095     4.3642  121 TI   0 0 1
  42 O    1     2.7319     5.1626   72 O    0 0 0
  42 O    1     2.7543     5.2048   69 O    0 0 0
  42 O    1     2.7561     5.2083  105 O    0 0 0
  42 O    1     2.7896     5.2715   25 BA   0 0 1

  43 O    1     1.7968     3.3955  124 TI   0 0 0
  43 O    1     2.3247     4.3930  125 TI   0 0 0
  43 O    1     2.7547     5.2056   64 O    0 1 0
  43 O    1     2.7550     5.2062   11 BA   0 1 0
  43 O    1     2.7754     5.2447   97 O    0 0 0
  43 O    1     2.7837     5.2604   17 BA   0 0 0

  44 O    1     1.7892     3.3810  125 TI   0 0 0
  44 O    1     2.2278     4.2100  126 TI   0 0 0
  44 O    1     2.7423     5.1822   18 BA   0 0 0
  44 O    1     2.7911     5.2744   98 O    0 0 0
  44 O    1     2.7957     5.2832   12 BA   0 1 0
  44 O    1     2.7986     5.2887   27 BA   0 0 0

  45 O    1     1.8470     3.4903  126 TI   0 0 0
  45 O    1     2.2920     4.3312  124 TI   0 0 1
  45 O    1     2.7724     5.2391   66 O    0 1 0
  45 O    1     2.7801     5.2537   19 BA   0 1 1
  45 O    1     2.7844     5.2618   10 BA   0 1 1
  45 O    1     2.7875     5.2677   16 BA   0 0 1

  46 O    1     1.7477     3.3027  127 TI   0 0 0
  46 O    1     2.3080     4.3615  128 TI   0 0 0
  46 O    1     2.7445     5.1863   76 O    0 0 0
  46 O    1     2.7509     5.1985   82 O    1 0 0
  46 O    1     2.7607     5.2169   73 O    0 0 0
  46 O    1     2.7685     5.2317   23 BA   0 0 0

  47 O    1     1.7962     3.3943  128 TI   0 0 0
  47 O    1     2.2762     4.3013  129 TI   0 0 0
  47 O    1     2.7432     5.1839   74 O    0 0 0
  47 O    1     2.7466     5.1903   83 O    1 0 0
  47 O    1     2.7904     5.2730    3 BA   1 0 0
  47 O    1     2.8109     5.3119    6 BA   1 0 0

  48 O    1     1.8274     3.4533  129 TI   0 0 0
  48 O    1     2.3216     4.3872  127 TI   0 0 1
  48 O    1     2.7761     5.2460   75 O    0 0 0
  48 O    1     2.7832     5.2595  102 O    0 0 0
  48 O    1     2.7974     5.2864    1 BA   1 0 1
  48 O    1     2.8058     5.3021   19 BA   0 0 1

  49 O    1     1.7768     3.3577  130 TI   0 0 0
  49 O    1     2.2957     4.3383  131 TI   0 0 0
  49 O    1     2.7755     5.2449   85 O    1 0 0
  49 O    1     2.7824     5.2580   23 BA   0 0 0
  49 O    1     2.7875     5.2676  103 O    0 0 0
  49 O    1     2.7958     5.2834   76 O    0 0 0

  50 O    1     1.8444     3.4853  131 TI   0 0 0
  50 O    1     2.2670     4.2840  132 TI   0 0 0
  50 O    1     2.7762     5.2462    9 BA   1 0 0
  50 O    1     2.7944     5.2806    6 BA   1 0 0
  50 O    1     2.8174     5.3241   77 O    0 0 0
  50 O    1     2.8273     5.3429   80 O    0 0 0

  51 O    1     1.8372     3.4718  132 TI   0 0 0
  51 O    1     2.2569     4.2649  130 TI   0 0 1
  51 O    1     2.7618     5.2190   25 BA   0 0 1
  51 O    1     2.8156     5.3207   78 O    0 0 0
  51 O    1     2.8180     5.3253    7 BA   1 0 1
  51 O    1     2.8293     5.3467    4 BA   1 0 1

  52 O    1     1.8201     3.4394  133 TI   0 0 0
  52 O    1     2.2370     4.2273  134 TI   0 0 0
  52 O    1     2.7739     5.2419   73 O    0 1 0
  52 O    1     2.7826     5.2583   88 O    1 0 0
  52 O    1     2.7857     5.2641   20 BA   0 1 0
  52 O    1     2.7961     5.2839    2 BA   1 1 0

  53 O    1     1.8157     3.4312  134 TI   0 0 0
  53 O    1     2.3493     4.4395  135 TI   0 0 0
  53 O    1     2.7365     5.1713   89 O    1 0 0
  53 O    1     2.7572     5.2103   80 O    0 0 0
  53 O    1     2.7582     5.2123    3 BA   1 1 0
  53 O    1     2.7664     5.2277   74 O    0 1 0

  54 O    1     1.7887     3.3802  135 TI   0 0 0
  54 O    1     2.2665     4.2830  133 TI   0 0 1
  54 O    1     2.7647     5.2245   81 O    0 0 0
  54 O    1     2.7781     5.2498   90 O    1 0 0
  54 O    1     2.7892     5.2707   25 BA   0 0 1
  54 O    1     2.7926     5.2772    7 BA   1 0 1

  55 O    1     1.9940     3.7682  109 TI   0 0 0
  55 O    1     2.0035     3.7861  115 TI   0-1 0
  55 O    1     2.7600     5.2157   34 O    0-1 0
  55 O    1     2.7602     5.2160   28 O    0 0 0
  55 O    1     2.7623     5.2199   88 O    0-1 0
  55 O    1     2.7788     5.2512    1 BA   0 0 0

  56 O    1     1.9776     3.7371  110 TI   0 0 0
  56 O    1     1.9922     3.7647  116 TI   0-1 0
  56 O    1     2.7471     5.1912    2 BA   0 0 0
  56 O    1     2.7546     5.2054   11 BA   0 0 0
  56 O    1     2.7582     5.2122   98 O    0-1 0
  56 O    1     2.7991     5.2895   89 O    0-1 0

  57 O    1     1.9520     3.6888  111 TI   0 0 0
  57 O    1     1.9909     3.7622  117 TI   0-1 0
  57 O    1     2.7855     5.2638   12 BA   0 0 0
  57 O    1     2.7884     5.2692   84 O    0 0 0
  57 O    1     2.8026     5.2962   93 O    0 0 0
  57 O    1     2.8083     5.3070   99 O    0-1 0

  58 O    1     1.9847     3.7506  109 TI   0 0 0
  58 O    1     2.0251     3.8270  112 TI   0 0 0
  58 O    1     2.7365     5.1713   91 O    0 0 0
  58 O    1     2.7380     5.1741   13 BA   0 0 0
  58 O    1     2.7721     5.2385   94 O    0 0 0
  58 O    1     2.7751     5.2442   31 O    0 0 0

  59 O    1     2.0016     3.7824  110 TI   0 0 0
  59 O    1     2.0296     3.8354  113 TI   0 0 0
  59 O    1     2.7666     5.2281   95 O    0 0 0
  59 O    1     2.7807     5.2548   14 BA   0 0 0
  59 O    1     2.7865     5.2656    5 BA   0 0 0
  59 O    1     2.7996     5.2904   92 O    0 0 0

  60 O    1     2.0068     3.7924  111 TI   0 0 0
  60 O    1     2.0371     3.8495  114 TI   0 0 0
  60 O    1     2.7479     5.1928   30 O    0 0 0
  60 O    1     2.7709     5.2363   93 O    0 0 0
  60 O    1     2.7806     5.2545   96 O    0 0 0
  60 O    1     2.7900     5.2723   33 O    0 0 0

  61 O    1     1.9617     3.7071  112 TI   0 0 0
  61 O    1     1.9748     3.7319  115 TI   0 0 0
  61 O    1     2.7458     5.1887    7 BA   0 0 0
  61 O    1     2.7640     5.2232   31 O    0 0 0
  61 O    1     2.7686     5.2319   88 O    0 0 0
  61 O    1     2.8119     5.3138   85 O    0 0 0

  62 O    1     1.9666     3.7164  116 TI   0 0 0
  62 O    1     1.9893     3.7592  113 TI   0 0 0
  62 O    1     2.7477     5.1923   17 BA   0 0 0
  62 O    1     2.7477     5.1924   35 O    0 0 0
  62 O    1     2.7905     5.2733   95 O    0 0 0
  62 O    1     2.7975     5.2866   32 O    0 0 0

  63 O    1     1.9278     3.6429  114 TI   0 0 0
  63 O    1     2.0226     3.8222  117 TI   0 0 0
  63 O    1     2.7413     5.1803   33 O    0 0 0
  63 O    1     2.7778     5.2493   99 O    0 0 0
  63 O    1     2.7989     5.2892   87 O    0 0 0
  63 O    1     2.8048     5.3003   96 O    0 0 0

  64 O    1     1.9886     3.7579  124 TI   0-1 0
  64 O    1     2.0430     3.8608  118 TI   0 0 0
  64 O    1     2.7398     5.1775   97 O    0-1 0
  64 O    1     2.7540     5.2044  106 O    0-1 0
  64 O    1     2.7547     5.2056   43 O    0-1 0
  64 O    1     2.7674     5.2297   19 BA   0 0 0

  65 O    1     1.9547     3.6938  119 TI   0 0 0
  65 O    1     2.0256     3.8278  125 TI   0-1 0
  65 O    1     2.7494     5.1956  101 O    0 0 0
  65 O    1     2.7544     5.2051   11 BA   0 0 0
  65 O    1     2.7554     5.2070   92 O    0 0 0
  65 O    1     2.7816     5.2565   38 O    0 0 0

  66 O    1     1.9520     3.6888  126 TI   0-1 0
  66 O    1     2.0352     3.8459  120 TI   0 0 0
  66 O    1     2.7549     5.2060  108 O    0-1 0
  66 O    1     2.7724     5.2391  102 O    0 0 0
  66 O    1     2.7724     5.2391   45 O    0-1 0
  66 O    1     2.7767     5.2471   21 BA   0 0 0

  67 O    1     1.9469     3.6792  118 TI   0 0 0
  67 O    1     1.9901     3.7608  121 TI   0 0 0
  67 O    1     2.7551     5.2063   91 O    0 0 0
  67 O    1     2.7697     5.2339   94 O    0 0 0
  67 O    1     2.7756     5.2451   13 BA   0 0 0
  67 O    1     2.7873     5.2672  100 O    0 0 0

  68 O    1     1.9676     3.7182  119 TI   0 0 0
  68 O    1     1.9897     3.7600  122 TI   0 0 0
  68 O    1     2.7258     5.1509   38 O    0 0 0
  68 O    1     2.7648     5.2248  101 O    0 0 0
  68 O    1     2.7766     5.2470   92 O    0 0 0
  68 O    1     2.7923     5.2766   14 BA   0 0 0

  69 O    1     1.9986     3.7768  123 TI   0 0 0
  69 O    1     2.0040     3.7870  120 TI   0 0 0
  69 O    1     2.7461     5.1893   96 O    0 0 0
  69 O    1     2.7543     5.2048   42 O    0 0 0
  69 O    1     2.7842     5.2613   93 O    0 0 0
  69 O    1     2.7869     5.2665   39 O    0 0 0

  70 O    1     1.9607     3.7052  124 TI   0 0 0
  70 O    1     2.0185     3.8145  121 TI   0 0 0
  70 O    1     2.7615     5.2184   16 BA   0 0 0
  70 O    1     2.7928     5.2777   94 O    0 0 0
  70 O    1     2.8041     5.2990   97 O    0 0 0
  70 O    1     2.8047     5.3000   43 O    0 0 0

  71 O    1     1.9798     3.7414  122 TI   0 0 0
  71 O    1     2.0351     3.8457  125 TI   0 0 0
  71 O    1     2.7425     5.1827   17 BA   0 0 0
  71 O    1     2.7511     5.1987   26 BA   0 0 0
  71 O    1     2.8018     5.2947  104 O    0 0 0
  71 O    1     2.8030     5.2968   41 O    0 0 0

  72 O    1     1.9349     3.6564  123 TI   0 0 0
  72 O    1     2.0151     3.8079  126 TI   0 0 0
  72 O    1     2.7319     5.1626   42 O    0 0 0
  72 O    1     2.7592     5.2142  105 O    0 0 0
  72 O    1     2.7877     5.2679  108 O    0 0 0
  72 O    1     2.7882     5.2690   18 BA   0 0 0

  73 O    1     1.9583     3.7007  127 TI   0 0 0
  73 O    1     1.9681     3.7192  133 TI   0-1 0
  73 O    1     2.7607     5.2169   46 O    0 0 0
  73 O    1     2.7684     5.2316   82 O    1 0 0
  73 O    1     2.7739     5.2419   52 O    0-1 0
  73 O    1     2.8054     5.3014  100 O    0 0 0

  74 O    1     2.0008     3.7811  134 TI   0-1 0
  74 O    1     2.0038     3.7867  128 TI   0 0 0
  74 O    1     2.7432     5.1839   47 O    0 0 0
  74 O    1     2.7664     5.2277   53 O    0-1 0
  74 O    1     2.7694     5.2334   83 O    1 0 0
  74 O    1     2.7751     5.2442   20 BA   0 0 0

  75 O    1     1.9560     3.6963  129 TI   0 0 0
  75 O    1     2.0368     3.8490  135 TI   0-1 0
  75 O    1     2.7593     5.2143    3 BA   1 0 0
  75 O    1     2.7643     5.2237  102 O    0 0 0
  75 O    1     2.7761     5.2460   48 O    0 0 0
  75 O    1     2.7855     5.2637   21 BA   0 0 0

  76 O    1     1.9745     3.7313  127 TI   0 0 0
  76 O    1     2.0345     3.8447  130 TI   0 0 0
  76 O    1     2.7445     5.1863   46 O    0 0 0
  76 O    1     2.7628     5.2210    4 BA   1 0 0
  76 O    1     2.7682     5.2311   82 O    1 0 0
  76 O    1     2.7862     5.2652  100 O    0 0 0

  77 O    1     1.9815     3.7445  128 TI   0 0 0
  77 O    1     1.9931     3.7664  131 TI   0 0 0
  77 O    1     2.7593     5.2143  104 O    0 0 0
  77 O    1     2.7692     5.2330   23 BA   0 0 0
  77 O    1     2.8121     5.3142   86 O    1 0 0
  77 O    1     2.8144     5.3184   47 O    0 0 0

  78 O    1     1.9809     3.7433  132 TI   0 0 0
  78 O    1     2.0333     3.8424  129 TI   0 0 0
  78 O    1     2.7417     5.1811    6 BA   1 0 0
  78 O    1     2.7722     5.2387   87 O    1 0 0
  78 O    1     2.8156     5.3207   51 O    0 0 0
  78 O    1     2.8305     5.3489   24 BA   0 0 0

  79 O    1     2.0065     3.7917  133 TI   0 0 0
  79 O    1     2.0163     3.8103  130 TI   0 0 0
  79 O    1     2.7268     5.1530   25 BA   0 0 0
  79 O    1     2.7581     5.2120    7 BA   1 0 0
  79 O    1     2.8174     5.3240  106 O    0 0 0
  79 O    1     2.8214     5.3316   52 O    0 0 0

  80 O    1     1.9612     3.7062  134 TI   0 0 0
  80 O    1     1.9983     3.7762  131 TI   0 0 0
  80 O    1     2.7536     5.2035   26 BA   0 0 0
  80 O    1     2.7572     5.2103   53 O    0 0 0
  80 O    1     2.7606     5.2167    8 BA   1 0 0
  80 O    1     2.7871     5.2668   89 O    1 0 0

  81 O    1     1.9565     3.6973  135 TI   0 0 0
  81 O    1     1.9982     3.7761  132 TI   0 0 0
  81 O    1     2.7322     5.1630    9 BA   1 0 0
  81 O    1     2.7647     5.2245   54 O    0 0 0
  81 O    1     2.7664     5.2276   90 O    1 0 0
  81 O    1     2.8210     5.3309   87 O    1 0 0

  82 O    1     1.9672     3.7174  127 TI  -1 0 0
  82 O    1     1.9904     3.7614  109 TI   0 0 0
  82 O    1     2.7509     5.1985   46 O   -1 0 0
  82 O    1     2.7647     5.2246    1 BA   0 0 0
  82 O    1     2.7682     5.2311   76 O   -1 0 0
  82 O    1     2.7684     5.2316   73 O   -1 0 0

  83 O    1     1.9531     3.6908  128 TI  -1 0 0
  83 O    1     2.0316     3.8392  110 TI   0 0 0
  83 O    1     2.7466     5.1903   47 O   -1 0 0
  83 O    1     2.7507     5.1981    5 BA   0 0 0
  83 O    1     2.7694     5.2334   74 O   -1 0 0
  83 O    1     2.7933     5.2785    2 BA   0 0 0

  84 O    1     1.9766     3.7352  129 TI  -1 0 0
  84 O    1     2.0000     3.7794  111 TI   0 0 0
  84 O    1     2.7884     5.2692   57 O    0 0 0
  84 O    1     2.7887     5.2699   75 O   -1 0 0
  84 O    1     2.7901     5.2725    3 BA   0 0 0
  84 O    1     2.8039     5.2985   30 O    0 0 0

  85 O    1     1.9293     3.6459  130 TI  -1 0 0
  85 O    1     2.0368     3.8490  112 TI   0 0 0
  85 O    1     2.7269     5.1531    4 BA   0 0 0
  85 O    1     2.7613     5.2181    7 BA   0 0 0
  85 O    1     2.7755     5.2449   49 O   -1 0 0
  85 O    1     2.8020     5.2950   76 O   -1 0 0

  86 O    1     1.9809     3.7434  131 TI  -1 0 0
  86 O    1     2.0124     3.8028  113 TI   0 0 0
  86 O    1     2.7232     5.1461    8 BA   0 0 0
  86 O    1     2.7937     5.2794    5 BA   0 0 0
  86 O    1     2.8121     5.3142   77 O   -1 0 0
  86 O    1     2.8321     5.3519   62 O    0 0 0

  87 O    1     1.9769     3.7359  114 TI   0 0 0
  87 O    1     2.0510     3.8757  132 TI  -1 0 0
  87 O    1     2.7179     5.1361    6 BA   0 0 0
  87 O    1     2.7722     5.2387   78 O   -1 0 0
  87 O    1     2.7780     5.2496    9 BA   0 0 0
  87 O    1     2.7939     5.2797   60 O    0 0 0

  88 O    1     1.9336     3.6540  115 TI   0 0 0
  88 O    1     2.0298     3.8358  133 TI  -1 0 0
  88 O    1     2.7623     5.2199   55 O    0 1 0
  88 O    1     2.7686     5.2319   61 O    0 0 0
  88 O    1     2.7826     5.2583   52 O   -1 0 0
  88 O    1     2.7853     5.2634   34 O    0 0 0

  89 O    1     1.9609     3.7056  134 TI  -1 0 0
  89 O    1     2.0522     3.8781  116 TI   0 0 0
  89 O    1     2.7365     5.1713   53 O   -1 0 0
  89 O    1     2.7787     5.2510    2 BA   0 1 0
  89 O    1     2.7852     5.2632   74 O   -1 1 0
  89 O    1     2.7871     5.2668   80 O   -1 0 0

  90 O    1     1.9514     3.6877  117 TI   0 0 0
  90 O    1     1.9836     3.7484  135 TI  -1 0 0
  90 O    1     2.7664     5.2276   81 O   -1 0 0
  90 O    1     2.7781     5.2498   54 O   -1 0 0
  90 O    1     2.7794     5.2522   36 O    0 0 0
  90 O    1     2.7838     5.2606    9 BA   0 0 0

  91 O    1     2.0165     3.8106  109 TI   0 0 0
  91 O    1     2.0212     3.8196  118 TI   0 0 0
  91 O    1     2.7365     5.1713   58 O    0 0 0
  91 O    1     2.7551     5.2063   67 O    0 0 0
  91 O    1     2.7661     5.2272   13 BA   0 0 0
  91 O    1     2.7846     5.2622   28 O    0 0 0

  92 O    1     1.9170     3.6227  119 TI   0 0 0
  92 O    1     2.0210     3.8191  110 TI   0 0 0
  92 O    1     2.7484     5.1937   38 O    0 0 0
  92 O    1     2.7554     5.2070   65 O    0 0 0
  92 O    1     2.7766     5.2470   68 O    0 0 0
  92 O    1     2.7834     5.2598   11 BA   0 0 0

  93 O    1     1.9517     3.6881  120 TI   0 0 0
  93 O    1     1.9675     3.7180  111 TI   0 0 0
  93 O    1     2.7709     5.2363   60 O    0 0 0
  93 O    1     2.7842     5.2613   69 O    0 0 0
  93 O    1     2.7922     5.2765   30 O    0 0 0
  93 O    1     2.7969     5.2853   39 O    0 0 0

  94 O    1     1.9950     3.7700  112 TI   0 0 0
  94 O    1     2.0034     3.7858  121 TI   0 0 0
  94 O    1     2.7489     5.1946   13 BA   0 0 0
  94 O    1     2.7653     5.2256   31 O    0 0 0
  94 O    1     2.7697     5.2339   67 O    0 0 0
  94 O    1     2.7721     5.2385   58 O    0 0 0

  95 O    1     1.9466     3.6785  113 TI   0 0 0
  95 O    1     2.0150     3.8078  122 TI   0 0 0
  95 O    1     2.7513     5.1993   14 BA   0 0 0
  95 O    1     2.7616     5.2187   32 O    0 0 0
  95 O    1     2.7666     5.2281   59 O    0 0 0
  95 O    1     2.7905     5.2733   62 O    0 0 0

  96 O    1     1.9892     3.7590  114 TI   0 0 0
  96 O    1     1.9957     3.7714  123 TI   0 0 0
  96 O    1     2.7461     5.1893   69 O    0 0 0
  96 O    1     2.7472     5.1915   15 BA   0 0 0
  96 O    1     2.7803     5.2541   33 O    0 0 0
  96 O    1     2.7806     5.2545   60 O    0 0 0

  97 O    1     1.9696     3.7221  124 TI   0 0 0
  97 O    1     2.0201     3.8175  115 TI   0 0 0
  97 O    1     2.7257     5.1509   10 BA   0 1 0
  97 O    1     2.7398     5.1775   64 O    0 1 0
  97 O    1     2.7754     5.2447   43 O    0 0 0
  97 O    1     2.7937     5.2793   34 O    0 0 0

  98 O    1     1.9536     3.6918  116 TI   0 0 0
  98 O    1     1.9937     3.7676  125 TI   0 0 0
  98 O    1     2.7306     5.1601   11 BA   0 1 0
  98 O    1     2.7582     5.2122   56 O    0 1 0
  98 O    1     2.7734     5.2409   17 BA   0 0 0
  98 O    1     2.7765     5.2468   35 O    0 0 0

  99 O    1     1.9905     3.7615  126 TI   0 0 0
  99 O    1     2.0166     3.8109  117 TI   0 0 0
  99 O    1     2.7411     5.1800   18 BA   0 0 0
  99 O    1     2.7778     5.2493   63 O    0 0 0
  99 O    1     2.7947     5.2812   45 O    0 0 0
  99 O    1     2.8006     5.2923   72 O    0 0 0

 100 O    1     1.9484     3.6820  118 TI   0 0 0
 100 O    1     2.0037     3.7865  127 TI   0 0 0
 100 O    1     2.7755     5.2450   37 O    0 0 0
 100 O    1     2.7763     5.2464   46 O    0 0 0
 100 O    1     2.7862     5.2652   76 O    0 0 0
 100 O    1     2.7873     5.2672   67 O    0 0 0

 101 O    1     1.9981     3.7758  119 TI   0 0 0
 101 O    1     2.0228     3.8226  128 TI   0 0 0
 101 O    1     2.7494     5.1956   65 O    0 0 0
 101 O    1     2.7495     5.1958   38 O    0 0 0
 101 O    1     2.7648     5.2248   68 O    0 0 0
 101 O    1     2.7949     5.2816   20 BA   0 0 0

 102 O    1     2.0168     3.8112  120 TI   0 0 0
 102 O    1     2.0290     3.8343  129 TI   0 0 0
 102 O    1     2.7643     5.2237   75 O    0 0 0
 102 O    1     2.7724     5.2391   66 O    0 0 0
 102 O    1     2.7794     5.2523   21 BA   0 0 0
 102 O    1     2.7832     5.2595   48 O    0 0 0

 103 O    1     1.9669     3.7170  121 TI   0 0 0
 103 O    1     2.0287     3.8337  130 TI   0 0 0
 103 O    1     2.7730     5.2403   25 BA   0 0 0
 103 O    1     2.7875     5.2676   49 O    0 0 0
 103 O    1     2.7884     5.2692   22 BA   0 0 0
 103 O    1     2.7947     5.2812   40 O    0 0 0

 104 O    1     1.9856     3.7523  122 TI   0 0 0
 104 O    1     2.0214     3.8199  131 TI   0 0 0
 104 O    1     2.7418     5.1812   26 BA   0 0 0
 104 O    1     2.7593     5.2143   77 O    0 0 0
 104 O    1     2.7824     5.2579   23 BA   0 0 0
 104 O    1     2.7965     5.2847   68 O    0 0 0

 105 O    1     1.9668     3.7167  123 TI   0 0 0
 105 O    1     1.9861     3.7533  132 TI   0 0 0
 105 O    1     2.7561     5.2083   42 O    0 0 0
 105 O    1     2.7592     5.2142   72 O    0 0 0
 105 O    1     2.7925     5.2770   27 BA   0 0 0
 105 O    1     2.7939     5.2798   69 O    0 0 0

 106 O    1     1.9820     3.7454  124 TI   0 0 0
 106 O    1     2.0111     3.8005  133 TI   0 0 0
 106 O    1     2.7540     5.2044   64 O    0 1 0
 106 O    1     2.7598     5.2154   19 BA   0 1 0
 106 O    1     2.7954     5.2825   43 O    0 0 0
 106 O    1     2.8075     5.3055   25 BA   0 0 0

 107 O    1     1.9814     3.7443  125 TI   0 0 0
 107 O    1     2.0077     3.7940  134 TI   0 0 0
 107 O    1     2.7425     5.1826   20 BA   0 1 0
 107 O    1     2.7949     5.2816   65 O    0 1 0
 107 O    1     2.7959     5.2834   26 BA   0 0 0
 107 O    1     2.7968     5.2853   53 O    0 0 0

 108 O    1     1.9687     3.7203  126 TI   0 0 0
 108 O    1     2.0359     3.8474  135 TI   0 0 0
 108 O    1     2.7418     5.1812   27 BA   0 0 0
 108 O    1     2.7549     5.2060   66 O    0 1 0
 108 O    1     2.7877     5.2679   72 O    0 0 0
 108 O    1     2.8117     5.3134   45 O    0 0 0

 109 TI   1     1.8120     3.4241   28 O    0 0 0
 109 TI   1     1.9847     3.7506   58 O    0 0 0
 109 TI   1     1.9904     3.7614   82 O    0 0 0
 109 TI   1     1.9940     3.7682   55 O    0 0 0
 109 TI   1     2.0165     3.8106   91 O    0 0 0
 109 TI   1     2.2778     4.3045   30 O    0 0-1

 110 TI   1     1.8754     3.5439   29 O    0 0 0
 110 TI   1     1.9776     3.7371   56 O    0 0 0
 110 TI   1     2.0016     3.7824   59 O    0 0 0
 110 TI   1     2.0210     3.8191   92 O    0 0 0
 110 TI   1     2.0316     3.8392   83 O    0 0 0
 110 TI   1     2.2517     4.2551   28 O    0 0 0

 111 TI   1     1.8316     3.4612   30 O    0 0 0
 111 TI   1     1.9520     3.6888   57 O    0 0 0
 111 TI   1     1.9675     3.7180   93 O    0 0 0
 111 TI   1     2.0000     3.7794   84 O    0 0 0
 111 TI   1     2.0068     3.7924   60 O    0 0 0
 111 TI   1     2.2301     4.2143   29 O    0 0 0

 112 TI   1     1.7527     3.3122   31 O    0 0 0
 112 TI   1     1.9617     3.7071   61 O    0 0 0
 112 TI   1     1.9950     3.7700   94 O    0 0 0
 112 TI   1     2.0251     3.8270   58 O    0 0 0
 112 TI   1     2.0368     3.8490   85 O    0 0 0
 112 TI   1     2.3166     4.3778   33 O    0 0-1

 113 TI   1     1.7847     3.3725   32 O    0 0 0
 113 TI   1     1.9466     3.6785   95 O    0 0 0
 113 TI   1     1.9893     3.7592   62 O    0 0 0
 113 TI   1     2.0124     3.8028   86 O    0 0 0
 113 TI   1     2.0296     3.8354   59 O    0 0 0
 113 TI   1     2.3392     4.4205   31 O    0 0 0

 114 TI   1     1.8027     3.4067   33 O    0 0 0
 114 TI   1     1.9278     3.6429   63 O    0 0 0
 114 TI   1     1.9769     3.7359   87 O    0 0 0
 114 TI   1     1.9892     3.7590   96 O    0 0 0
 114 TI   1     2.0371     3.8495   60 O    0 0 0
 114 TI   1     2.2802     4.3090   32 O    0 0 0

 115 TI   1     1.8420     3.4808   34 O    0 0 0
 115 TI   1     1.9336     3.6540   88 O    0 0 0
 115 TI   1     1.9748     3.7319   61 O    0 0 0
 115 TI   1     2.0035     3.7861   55 O    0 1 0
 115 TI   1     2.0201     3.8175   97 O    0 0 0
 115 TI   1     2.2236     4.2019   36 O    0 0-1

 116 TI   1     1.7880     3.3788   35 O    0 0 0
 116 TI   1     1.9536     3.6918   98 O    0 0 0
 116 TI   1     1.9666     3.7164   62 O    0 0 0
 116 TI   1     1.9922     3.7647   56 O    0 1 0
 116 TI   1     2.0522     3.8781   89 O    0 0 0
 116 TI   1     2.2724     4.2943   34 O    0 0 0

 117 TI   1     1.8613     3.5174   36 O    0 0 0
 117 TI   1     1.9514     3.6877   90 O    0 0 0
 117 TI   1     1.9909     3.7622   57 O    0 1 0
 117 TI   1     2.0166     3.8109   99 O    0 0 0
 117 TI   1     2.0226     3.8222   63 O    0 0 0
 117 TI   1     2.2906     4.3287   35 O    0 0 0

 118 TI   1     1.8371     3.4717   37 O    0 0 0
 118 TI   1     1.9469     3.6792   67 O    0 0 0
 118 TI   1     1.9484     3.6820  100 O    0 0 0
 118 TI   1     2.0212     3.8196   91 O    0 0 0
 118 TI   1     2.0430     3.8608   64 O    0 0 0
 118 TI   1     2.2435     4.2395   39 O    0 0-1

 119 TI   1     1.7812     3.3659   38 O    0 0 0
 119 TI   1     1.9170     3.6227   92 O    0 0 0
 119 TI   1     1.9547     3.6938   65 O    0 0 0
 119 TI   1     1.9676     3.7182   68 O    0 0 0
 119 TI   1     1.9981     3.7758  101 O    0 0 0
 119 TI   1     2.3012     4.3486   37 O    0 0 0

 120 TI   1     1.8192     3.4379   39 O    0 0 0
 120 TI   1     1.9517     3.6881   93 O    0 0 0
 120 TI   1     2.0040     3.7870   69 O    0 0 0
 120 TI   1     2.0168     3.8112  102 O    0 0 0
 120 TI   1     2.0352     3.8459   66 O    0 0 0
 120 TI   1     2.2955     4.3379   38 O    0 0 0

 121 TI   1     1.8291     3.4564   40 O    0 0 0
 121 TI   1     1.9669     3.7170  103 O    0 0 0
 121 TI   1     1.9901     3.7608   67 O    0 0 0
 121 TI   1     2.0034     3.7858   94 O    0 0 0
 121 TI   1     2.0185     3.8145   70 O    0 0 0
 121 TI   1     2.3095     4.3642   42 O    0 0-1

 122 TI   1     1.8809     3.5544   41 O    0 0 0
 122 TI   1     1.9798     3.7414   71 O    0 0 0
 122 TI   1     1.9856     3.7523  104 O    0 0 0
 122 TI   1     1.9897     3.7600   68 O    0 0 0
 122 TI   1     2.0150     3.8078   95 O    0 0 0
 122 TI   1     2.2293     4.2127   40 O    0 0 0

 123 TI   1     1.7758     3.3558   42 O    0 0 0
 123 TI   1     1.9349     3.6564   72 O    0 0 0
 123 TI   1     1.9668     3.7167  105 O    0 0 0
 123 TI   1     1.9957     3.7714   96 O    0 0 0
 123 TI   1     1.9986     3.7768   69 O    0 0 0
 123 TI   1     2.2521     4.2558   41 O    0 0 0

 124 TI   1     1.7968     3.3955   43 O    0 0 0
 124 TI   1     1.9607     3.7052   70 O    0 0 0
 124 TI   1     1.9696     3.7221   97 O    0 0 0
 124 TI   1     1.9820     3.7454  106 O    0 0 0
 124 TI   1     1.9886     3.7579   64 O    0 1 0
 124 TI   1     2.2920     4.3312   45 O    0 0-1

 125 TI   1     1.7892     3.3810   44 O    0 0 0
 125 TI   1     1.9814     3.7443  107 O    0 0 0
 125 TI   1     1.9937     3.7676   98 O    0 0 0
 125 TI   1     2.0256     3.8278   65 O    0 1 0
 125 TI   1     2.0351     3.8457   71 O    0 0 0
 125 TI   1     2.3247     4.3930   43 O    0 0 0

 126 TI   1     1.8470     3.4903   45 O    0 0 0
 126 TI   1     1.9520     3.6888   66 O    0 1 0
 126 TI   1     1.9687     3.7203  108 O    0 0 0
 126 TI   1     1.9905     3.7615   99 O    0 0 0
 126 TI   1     2.0151     3.8079   72 O    0 0 0
 126 TI   1     2.2278     4.2100   44 O    0 0 0

 127 TI   1     1.7477     3.3027   46 O    0 0 0
 127 TI   1     1.9583     3.7007   73 O    0 0 0
 127 TI   1     1.9672     3.7174   82 O    1 0 0
 127 TI   1     1.9745     3.7313   76 O    0 0 0
 127 TI   1     2.0037     3.7865  100 O    0 0 0
 127 TI   1     2.3216     4.3872   48 O    0 0-1

 128 TI   1     1.7962     3.3943   47 O    0 0 0
 128 TI   1     1.9531     3.6908   83 O    1 0 0
 128 TI   1     1.9815     3.7445   77 O    0 0 0
 128 TI   1     2.0038     3.7867   74 O    0 0 0
 128 TI   1     2.0228     3.8226  101 O    0 0 0
 128 TI   1     2.3080     4.3615   46 O    0 0 0

 129 TI   1     1.8274     3.4533   48 O    0 0 0
 129 TI   1     1.9560     3.6963   75 O    0 0 0
 129 TI   1     1.9766     3.7352   84 O    1 0 0
 129 TI   1     2.0290     3.8343  102 O    0 0 0
 129 TI   1     2.0333     3.8424   78 O    0 0 0
 129 TI   1     2.2762     4.3013   47 O    0 0 0

 130 TI   1     1.7768     3.3577   49 O    0 0 0
 130 TI   1     1.9293     3.6459   85 O    1 0 0
 130 TI   1     2.0163     3.8103   79 O    0 0 0
 130 TI   1     2.0287     3.8337  103 O    0 0 0
 130 TI   1     2.0345     3.8447   76 O    0 0 0
 130 TI   1     2.2569     4.2649   51 O    0 0-1

 131 TI   1     1.8444     3.4853   50 O    0 0 0
 131 TI   1     1.9809     3.7434   86 O    1 0 0
 131 TI   1     1.9931     3.7664   77 O    0 0 0
 131 TI   1     1.9983     3.7762   80 O    0 0 0
 131 TI   1     2.0214     3.8199  104 O    0 0 0
 131 TI   1     2.2957     4.3383   49 O    0 0 0

 132 TI   1     1.8372     3.4718   51 O    0 0 0
 132 TI   1     1.9809     3.7433   78 O    0 0 0
 132 TI   1     1.9861     3.7533  105 O    0 0 0
 132 TI   1     1.9982     3.7761   81 O    0 0 0
 132 TI   1     2.0510     3.8757   87 O    1 0 0
 132 TI   1     2.2670     4.2840   50 O    0 0 0

 133 TI   1     1.8201     3.4394   52 O    0 0 0
 133 TI   1     1.9681     3.7192   73 O    0 1 0
 133 TI   1     2.0065     3.7917   79 O    0 0 0
 133 TI   1     2.0111     3.8005  106 O    0 0 0
 133 TI   1     2.0298     3.8358   88 O    1 0 0
 133 TI   1     2.2665     4.2830   54 O    0 0-1

 134 TI   1     1.8157     3.4312   53 O    0 0 0
 134 TI   1     1.9609     3.7056   89 O    1 0 0
 134 TI   1     1.9612     3.7062   80 O    0 0 0
 134 TI   1     2.0008     3.7811   74 O    0 1 0
 134 TI   1     2.0077     3.7940  107 O    0 0 0
 134 TI   1     2.2370     4.2273   52 O    0 0 0

 135 TI   1     1.7887     3.3802   54 O    0 0 0
 135 TI   1     1.9565     3.6973   81 O    0 0 0
 135 TI   1     1.9836     3.7484   90 O    1 0 0
 135 TI   1     2.0359     3.8474  108 O    0 0 0
 135 TI   1     2.0368     3.8490   75 O    0 1 0
 135 TI   1     2.3493     4.4395   53 O    0 0 0


 SYMMETRY ALLOWED INTERNAL DEGREE(S) OF FREEDOM: 402
 TTTTTTTTTTTTTTTTTTTTTTTTTTTTTT SYMM        TELAPSE        4.21 TCPU        3.65
 TTTTTTTTTTTTTTTTTTTTTTTTTTTTTT INT_SCREEN  TELAPSE        4.32 TCPU        3.76

 DFT PARAMETERS

     ATOM       ELECTRONS   NET CHARGE   R(ANGSTROM)
   1 256  BA     10.0000      0.0000     2.24000000
  28   8  O       8.0000      0.0000     0.74000000
 109  22  TI     22.0000      0.0000     1.47000000

 SIZE OF GRID=    2837981
 TTTTTTTTTTTTTTTTTTTTTTTTTTTTTT MAKE_GRID2  TELAPSE       44.65 TCPU       44.09
 BECKE WEIGHT FUNCTION
 RADSAFE =     2.00
 TOLERANCES - DENSITY:10**- 6; POTENTIAL:10**- 9; GRID WGT:10**-14

 RADIAL INTEGRATION  - INTERVALS (POINTS,UPPER LIMIT):            1( 75,  4.0*R)

 ANGULAR INTEGRATION - INTERVALS (ACCURACY LEVEL [N. POINTS] UPPER LIMIT):
  1(  4[  86]   0.2)  2(  8[ 194]   0.5)  3( 12[ 350]   0.9)  4( 16[ 974]   3.5)
  5( 12[ 350]9999.0)
 TTTTTTTTTTTTTTTTTTTTTTTTTTTTTT INT_CALC    TELAPSE       44.76 TCPU       44.20
 EEEEEEEEEE INT_CALC TERMINATION  DATE 25 03 2026 TIME 17:17:36.9

 *******************************************************************************
 converted and standardized from ase Atoms() object for Ba27Ti27O81 in space grou
 CRYSTAL - SCF - TYPE OF CALCULATION :  RESTRICTED CLOSED SHELL
 *******************************************************************************

 CAPPA:IS1  2;IS2  2;IS3  2; K PTS MONK NET   8; SYMMOPS:K SPACE   2;G SPACE   1

 TTTTTTTTTTTTTTTTTTTTTTTTTTTTTT SDIK        TELAPSE       47.13 TCPU       46.54

 AAAAAAAAAAAAAAAAAAAAAAAAAAAAAAAAAAAAAAAAAAAAAAAAAAAAAAAAAAAAAAAAAAAAAAAAAAAAAAA
         ATOMIC WAVEFUNCTION(S)


 NUCLEAR CHARGE 10.0  SYMMETRY SPECIES            S    P
 N. ELECTRONS   10.0  NUMBER OF PRIMITIVE GTOS    5    5
                      NUMBER OF CONTRACTED GTOS   3    2
                      NUMBER OF CLOSED SHELLS     2    1
                      OPEN SHELL OCCUPATION       0    0

  ZNUC  SCFIT    TOTAL HF ENERGY   KINETIC ENERGY   VIRIAL THEOREM             ACCURACY
  10.0     4    -2.474305552E+01  8.075374960E+00 -4.064013205E+00  1.0E-06

 NUCLEAR CHARGE  8.0  SYMMETRY SPECIES            S    P
 N. ELECTRONS    8.0  NUMBER OF PRIMITIVE GTOS   10    6
                      NUMBER OF CONTRACTED GTOS   4    3
                      NUMBER OF CLOSED SHELLS     2    0
                      OPEN SHELL OCCUPATION       0    4

  ZNUC  SCFIT    TOTAL HF ENERGY   KINETIC ENERGY   VIRIAL THEOREM             ACCURACY
   8.0    13    -7.480154908E+01  7.478929754E+01 -2.000163814E+00  2.2E-06

 NUCLEAR CHARGE 22.0  SYMMETRY SPECIES            S    P    D
 N. ELECTRONS   22.0  NUMBER OF PRIMITIVE GTOS   17   11    6
                      NUMBER OF CONTRACTED GTOS   6    4    3
                      NUMBER OF CLOSED SHELLS     4    2    0
                      OPEN SHELL OCCUPATION       0    0    2

  ZNUC  SCFIT    TOTAL HF ENERGY   KINETIC ENERGY   VIRIAL THEOREM             ACCURACY
  22.0    51    -8.483283897E+02  8.486954851E+02 -1.999567459E+00  4.0E-06

 AAAAAAAAAAAAAAAAAAAAAAAAAAAAAAAAAAAAAAAAAAAAAAAAAAAAAAAAAAAAAAAAAAAAAAAAAAAAAAA

 CHARGE NORMALIZATION FACTOR   1.00000000
 TOTAL ATOMIC CHARGES:
  10.0000000  10.0000000  10.0000000  10.0000000  10.0000000  10.0000000
  10.0000000  10.0000000  10.0000000  10.0000000  10.0000000  10.0000000
  10.0000000  10.0000000  10.0000000  10.0000000  10.0000000  10.0000000
  10.0000000  10.0000000  10.0000000  10.0000000  10.0000000  10.0000000
  10.0000000  10.0000000  10.0000000   8.0000000   8.0000000   8.0000000
   8.0000000   8.0000000   8.0000000   8.0000000   8.0000000   8.0000000
   8.0000000   8.0000000   8.0000000   8.0000000   8.0000000   8.0000000
   8.0000000   8.0000000   8.0000000   8.0000000   8.0000000   8.0000000
   8.0000000   8.0000000   8.0000000   8.0000000   8.0000000   8.0000000
   8.0000000   8.0000000   8.0000000   8.0000000   8.0000000   8.0000000
   8.0000000   8.0000000   8.0000000   8.0000000   8.0000000   8.0000000
   8.0000000   8.0000000   8.0000000   8.0000000   8.0000000   8.0000000
   8.0000000   8.0000000   8.0000000   8.0000000   8.0000000   8.0000000
   8.0000000   8.0000000   8.0000000   8.0000000   8.0000000   8.0000000
   8.0000000   8.0000000   8.0000000   8.0000000   8.0000000   8.0000000
   8.0000000   8.0000000   8.0000000   8.0000000   8.0000000   8.0000000
   8.0000000   8.0000000   8.0000000   8.0000000   8.0000000   8.0000000
   8.0000000   8.0000000   8.0000000   8.0000000   8.0000000   8.0000000
  22.0000000  22.0000000  22.0000000  22.0000000  22.0000000  22.0000000
  22.0000000  22.0000000  22.0000000  22.0000000  22.0000000  22.0000000
  22.0000000  22.0000000  22.0000000  22.0000000  22.0000000  22.0000000
  22.0000000  22.0000000  22.0000000  22.0000000  22.0000000  22.0000000
  22.0000000  22.0000000  22.0000000
 TTTTTTTTTTTTTTTTTTTTTTTTTTTTTT MOQGAD      TELAPSE       47.25 TCPU       46.65
 TTTTTTTTTTTTTTTTTTTTTTTTTTTTTT SHELLXN     TELAPSE      411.83 TCPU      411.20
 TTTTTTTTTTTTTTTTTTTTTTTTTTTTTT MONMO3      TELAPSE      424.30 TCPU      423.67
 NUMERICALLY INTEGRATED DENSITY   1511.9957131536
 TTTTTTTTTTTTTTTTTTTTTTTTTTTTTT NUMDFT      TELAPSE      441.46 TCPU      440.82
 CYC   0 ETOT(AU) -2.971201732474E+04 DETOT -2.97E+04 tst  0.00E+00 PX  1.00E+00
 TTTTTTTTTTTTTTTTTTTTTTTTTTTTTT DIIS        TELAPSE      441.73 TCPU      441.10
 TTTTTTTTTTTTTTTTTTTTTTTTTTTTTT FDIK        TELAPSE      457.81 TCPU      457.13
 INSULATING STATE
 TOP OF VALENCE BANDS -    BAND    756; K    8; EIG -3.4783628E-01 AU
 TOP OF VALENCE BANDS -    BAND    756; K    1; EIG -3.5247986E-01 AU
 BOTTOM OF VIRTUAL BANDS - BAND    757; K    1; EIG -8.3355723E-02 AU
 INDIRECT ENERGY BAND GAP:   7.1969 eV
 TTTTTTTTTTTTTTTTTTTTTTTTTTTTTT PDIG        TELAPSE      460.38 TCPU      459.70
 CHARGE NORMALIZATION FACTOR   1.00000000
 TOTAL ATOMIC CHARGES:
   8.1602103   8.1652710   8.1667580   8.1695647   8.1596811   8.1685175
   8.1642935   8.1586058   8.1624837   8.1678845   8.1744438   8.1559868
   8.1745096   8.1673898   8.1681323   8.1643860   8.1622073   8.1617474
   8.1677992   8.1645425   8.1684559   8.1663681   8.1633002   8.1666503
   8.1643633   8.1628197   8.1640334   9.4537079   9.4712853   9.4625373
   9.4350965   9.4420221   9.4562784   9.4681145   9.4439809   9.4660809
   9.4676422   9.4421985   9.4550013   9.4556759   9.4752019   9.4422828
   9.4537393   9.4400803   9.4695738   9.4265584   9.4486943   9.4668656
   9.4412373   9.4645399   9.4640277   9.4558458   9.4643485   9.4438458
   9.4813738   9.4826657   9.4735954   9.4830366   9.4867218   9.4877680
   9.4734529   9.4746703   9.4746720   9.4873945   9.4766360   9.4774821
   9.4767720   9.4769391   9.4824458   9.4763993   9.4788036   9.4749244
   9.4748379   9.4814236   9.4838925   9.4807256   9.4789896   9.4836071
   9.4829232   9.4743342   9.4793229   9.4725385   9.4797931   9.4791098
   9.4737833   9.4803294   9.4852897   9.4769873   9.4792276   9.4734946
   9.4895092   9.4722739   9.4767142   9.4833105   9.4791038   9.4815274
   9.4832682   9.4764506   9.4857202   9.4734953   9.4807944   9.4862355
   9.4829864   9.4858869   9.4757508   9.4789874   9.4774616   9.4815733
  19.4222937  19.3628252  19.4290057  19.4334210  19.4169031  19.4508965
  19.4237339  19.4333498  19.3693041  19.4242558  19.4893171  19.3955693
  19.3905477  19.3945120  19.4762424  19.4625279  19.3962604  19.4261835
  19.4707293  19.4313359  19.4175654  19.4374922  19.3847210  19.3893397
  19.3879836  19.4525527  19.3968492
 TTTTTTTTTTTTTTTTTTTTTTTTTTTTTT MOQGAD      TELAPSE      460.44 TCPU      459.76
 TTTTTTTTTTTTTTTTTTTTTTTTTTTTTT SHELLXN     TELAPSE      846.53 TCPU      845.75
 TTTTTTTTTTTTTTTTTTTTTTTTTTTTTT MONMO3      TELAPSE      859.00 TCPU      858.22
 NUMERICALLY INTEGRATED DENSITY   1511.9956009003
 TTTTTTTTTTTTTTTTTTTTTTTTTTTTTT NUMDFT      TELAPSE      875.93 TCPU      875.13
 CYC   1 ETOT(AU) -2.970520311895E+04 DETOT  6.81E+00 tst  0.00E+00 PX  1.00E+00
 TTTTTTTTTTTTTTTTTTTTTTTTTTTTTT DIIS        TELAPSE      880.10 TCPU      879.30
 DIIS TEST: 0.75886E+02 AT SCF   CYCLE   1 - MIX   80 %
 TTTTTTTTTTTTTTTTTTTTTTTTTTTTTT FDIK        TELAPSE      895.82 TCPU      894.98
 INSULATING STATE
 TOP OF VALENCE BANDS -    BAND    756; K    8; EIG -2.5793759E-01 AU
 TOP OF VALENCE BANDS -    BAND    756; K    1; EIG -2.6503932E-01 AU
 BOTTOM OF VIRTUAL BANDS - BAND    757; K    1; EIG -1.0314559E-01 AU
 INDIRECT ENERGY BAND GAP:   4.2121 eV
 TTTTTTTTTTTTTTTTTTTTTTTTTTTTTT PDIG        TELAPSE      898.41 TCPU      897.57
 CHARGE NORMALIZATION FACTOR   1.00000000
 TOTAL ATOMIC CHARGES:
   8.2523942   8.2529385   8.2548427   8.2566494   8.2503081   8.2567370
   8.2531439   8.2512002   8.2530347   8.2576814   8.2559886   8.2491769
   8.2554307   8.2532367   8.2544475   8.2533327   8.2518220   8.2522726
   8.2551742   8.2520433   8.2551509   8.2536724   8.2518042   8.2556288
   8.2533924   8.2544527   8.2548673   9.1933094   9.1997343   9.2016005
   9.1628153   9.1679143   9.1928199   9.2071164   9.1836745   9.1993836
   9.2008878   9.1873134   9.1892134   9.1973773   9.2065882   9.1828810
   9.1950758   9.1787019   9.2004795   9.1698400   9.1820640   9.1933954
   9.1807757   9.1913923   9.1954225   9.1937316   9.1995877   9.1725022
   9.2362972   9.2351814   9.2327624   9.2347967   9.2328590   9.2341310
   9.2337011   9.2358678   9.2313117   9.2391573   9.2329384   9.2298731
   9.2297745   9.2342165   9.2312275   9.2360002   9.2369673   9.2397601
   9.2310894   9.2352997   9.2335480   9.2355301   9.2323802   9.2333608
   9.2391140   9.2395656   9.2357128   9.2377581   9.2325411   9.2341381
   9.2352195   9.2371721   9.2413577   9.2318257   9.2342335   9.2316229
   9.2337342   9.2308935   9.2277600   9.2304329   9.2341602   9.2377714
   9.2368215   9.2348746   9.2377248   9.2348428   9.2399006   9.2367391
   9.2350547   9.2344597   9.2301155   9.2345663   9.2367208   9.2322247
  20.0957477  20.0629891  20.0757126  20.0982679  20.0871477  20.1080301
  20.0782413  20.0824892  20.0577097  20.0939213  20.1085477  20.0797342
  20.0690390  20.0812564  20.1002045  20.1059253  20.0843876  20.0927844
  20.0993286  20.1009199  20.0998797  20.0955518  20.0766203  20.0756607
  20.0675440  20.1070678  20.0717797
 TTTTTTTTTTTTTTTTTTTTTTTTTTTTTT MOQGAD      TELAPSE      898.47 TCPU      897.63
 TTTTTTTTTTTTTTTTTTTTTTTTTTTTTT SHELLXN     TELAPSE     1284.40 TCPU     1283.43
 TTTTTTTTTTTTTTTTTTTTTTTTTTTTTT MONMO3      TELAPSE     1296.73 TCPU     1295.76
 NUMERICALLY INTEGRATED DENSITY   1511.9948436521
 TTTTTTTTTTTTTTTTTTTTTTTTTTTTTT NUMDFT      TELAPSE     1313.62 TCPU     1312.64
 CYC   2 ETOT(AU) -2.971621423465E+04 DETOT -1.10E+01 tst  2.51E-03 PX  6.97E-02
 TTTTTTTTTTTTTTTTTTTTTTTTTTTTTT DIIS        TELAPSE     1317.94 TCPU     1316.95
 DIIS TEST: 0.14280E+02 AT SCF   CYCLE   2 - DIIS ACTIVE - HISTORY:     2 CYCLES
 TTTTTTTTTTTTTTTTTTTTTTTTTTTTTT FDIK        TELAPSE     1333.64 TCPU     1332.64
 INSULATING STATE
 TOP OF VALENCE BANDS -    BAND    756; K    8; EIG -1.4973078E-01 AU
 TOP OF VALENCE BANDS -    BAND    756; K    1; EIG -1.5701351E-01 AU
 BOTTOM OF VIRTUAL BANDS - BAND    757; K    1; EIG -2.5513959E-02 AU
 INDIRECT ENERGY BAND GAP:   3.3801 eV
 TTTTTTTTTTTTTTTTTTTTTTTTTTTTTT PDIG        TELAPSE     1336.21 TCPU     1335.21
 CHARGE NORMALIZATION FACTOR   1.00000000
 TOTAL ATOMIC CHARGES:
   8.3442903   8.3374222   8.3402315   8.3396050   8.3429367   8.3383039
   8.3394576   8.3460411   8.3441909   8.3416479   8.3307492   8.3436259
   8.3283052   8.3354632   8.3352229   8.3395563   8.3406412   8.3432582
   8.3381191   8.3376886   8.3384301   8.3370747   8.3394346   8.3394314
   8.3396374   8.3445577   8.3431472   9.0609680   9.0442571   9.0503491
   9.0498126   9.0551107   9.0607542   9.0498165   9.0445991   9.0526358
   9.0540802   9.0468620   9.0671801   9.0523044   9.0514102   9.0508905
   9.0595811   9.0636304   9.0506947   9.0461066   9.0620113   9.0603338
   9.0481017   9.0611461   9.0574906   9.0434258   9.0636660   9.0541081
   9.0335109   9.0436534   9.0338293   9.0422560   9.0329563   9.0209259
   9.0394937   9.0407257   9.0341820   9.0290808   9.0413328   9.0329254
   9.0482659   9.0347597   9.0301262   9.0344674   9.0438828   9.0362863
   9.0415077   9.0298335   9.0376566   9.0325978   9.0417428   9.0399656
   9.0397981   9.0437704   9.0488797   9.0464931   9.0393765   9.0343554
   9.0517158   9.0483728   9.0394816   9.0358546   9.0292982   9.0523285
   9.0257086   9.0393834   9.0366234   9.0386890   9.0457305   9.0395244
   9.0319849   9.0509430   9.0285005   9.0448298   9.0297155   9.0292290
   9.0358450   9.0351625   9.0356603   9.0302070   9.0417658   9.0335003
  20.5457460  20.5943587  20.5334196  20.5039701  20.5002689  20.4939393
  20.5409965  20.5310255  20.5814632  20.5374669  20.4932702  20.5381062
  20.5707219  20.5670944  20.4865805  20.4825974  20.5574367  20.5169010
  20.4910061  20.5187270  20.5188748  20.5167720  20.5484709  20.5467267
  20.5692866  20.5116923  20.5345917
 TTTTTTTTTTTTTTTTTTTTTTTTTTTTTT MOQGAD      TELAPSE     1336.27 TCPU     1335.27
 TTTTTTTTTTTTTTTTTTTTTTTTTTTTTT SHELLXN     TELAPSE     1722.05 TCPU     1720.94
 TTTTTTTTTTTTTTTTTTTTTTTTTTTTTT MONMO3      TELAPSE     1734.49 TCPU     1733.38
 NUMERICALLY INTEGRATED DENSITY   1511.9943623992
 TTTTTTTTTTTTTTTTTTTTTTTTTTTTTT NUMDFT      TELAPSE     1751.02 TCPU     1749.91
 CYC   3 ETOT(AU) -2.971860554228E+04 DETOT -2.39E+00 tst  2.43E-03 PX  5.92E-02
 TTTTTTTTTTTTTTTTTTTTTTTTTTTTTT DIIS        TELAPSE     1755.40 TCPU     1754.29
 DIIS TEST: 0.21404E+00 AT SCF   CYCLE   3 - DIIS ACTIVE - HISTORY:     3 CYCLES
 TTTTTTTTTTTTTTTTTTTTTTTTTTTTTT FDIK        TELAPSE     1771.02 TCPU     1769.90
 INSULATING STATE
 TOP OF VALENCE BANDS -    BAND    756; K    8; EIG -1.5197617E-01 AU
 TOP OF VALENCE BANDS -    BAND    756; K    1; EIG -1.5983163E-01 AU
 BOTTOM OF VIRTUAL BANDS - BAND    757; K    1; EIG -7.7214930E-03 AU
 INDIRECT ENERGY BAND GAP:   3.9254 eV
 TTTTTTTTTTTTTTTTTTTTTTTTTTTTTT PDIG        TELAPSE     1773.76 TCPU     1772.63
 CHARGE NORMALIZATION FACTOR   1.00000000
 TOTAL ATOMIC CHARGES:
   8.3461688   8.3405533   8.3428438   8.3454145   8.3437306   8.3453636
   8.3423866   8.3462412   8.3457501   8.3474512   8.3363477   8.3445591
   8.3359691   8.3397248   8.3412755   8.3438175   8.3430123   8.3442212
   8.3437264   8.3420056   8.3426878   8.3425770   8.3417325   8.3460974
   8.3434331   8.3474903   8.3473973   9.0063092   9.0257302   9.0428525
   8.9434398   8.9580315   9.0017334   9.0431219   9.0069069   9.0350861
   9.0205508   9.0181591   8.9962871   9.0395987   9.0330507   8.9954547
   9.0047815   8.9988161   9.0182249   8.9981064   8.9831233   8.9811266
   9.0016163   8.9877262   9.0114639   9.0477992   8.9967889   8.9712818
   9.1030213   9.0977360   9.1078159   9.0857705   9.0824159   9.0892563
   9.1040044   9.1101496   9.0950765   9.0995146   9.0970370   9.0849241
   9.0823191   9.1065376   9.0828891   9.1072531   9.1039670   9.1186702
   9.0953013   9.0961214   9.0845940   9.0956548   9.0875866   9.0890725
   9.1006149   9.1191482   9.0968402   9.1120619   9.0873522   9.0947111
   9.1021562   9.0964343   9.0984701   9.0915642   9.0959429   9.0957893
   9.0787257   9.0979176   9.0857767   9.0755652   9.0929922   9.0970841
   9.1008446   9.0997625   9.1039949   9.1048120   9.1135050   9.0933896
   9.0963987   9.0921563   9.0922414   9.1051084   9.1113770   9.0895279
  20.4755376  20.3787762  20.3941059  20.5290162  20.5101060  20.5204131
  20.3999682  20.4274245  20.3648782  20.4572407  20.4704685  20.4680081
  20.3861699  20.4238869  20.4669963  20.5229748  20.4591139  20.4722211
  20.4611952  20.5106081  20.5310770  20.4755592  20.4600154  20.4378147
  20.3682538  20.5065524  20.4535182
 TTTTTTTTTTTTTTTTTTTTTTTTTTTTTT MOQGAD      TELAPSE     1773.82 TCPU     1772.69
 TTTTTTTTTTTTTTTTTTTTTTTTTTTTTT SHELLXN     TELAPSE     2159.26 TCPU     2158.01
 TTTTTTTTTTTTTTTTTTTTTTTTTTTTTT MONMO3      TELAPSE     2171.75 TCPU     2170.50
 NUMERICALLY INTEGRATED DENSITY   1511.9942687971
 TTTTTTTTTTTTTTTTTTTTTTTTTTTTTT NUMDFT      TELAPSE     2188.26 TCPU     2187.01
 CYC   4 ETOT(AU) -2.971857833425E+04 DETOT  2.72E-02 tst  9.69E-05 PX  2.70E-02
 TTTTTTTTTTTTTTTTTTTTTTTTTTTTTT DIIS        TELAPSE     2192.82 TCPU     2191.56
 DIIS TEST: 0.40679E+00 AT SCF   CYCLE   4 - DIIS ACTIVE - HISTORY:     4 CYCLES
 TTTTTTTTTTTTTTTTTTTTTTTTTTTTTT FDIK        TELAPSE     2208.41 TCPU     2207.14
 INSULATING STATE
 TOP OF VALENCE BANDS -    BAND    756; K    8; EIG -1.4543599E-01 AU
 TOP OF VALENCE BANDS -    BAND    756; K    1; EIG -1.5330827E-01 AU
 BOTTOM OF VIRTUAL BANDS - BAND    757; K    1; EIG -9.0910569E-03 AU
 INDIRECT ENERGY BAND GAP:   3.7101 eV
 TTTTTTTTTTTTTTTTTTTTTTTTTTTTTT PDIG        TELAPSE     2210.97 TCPU     2209.70
 CHARGE NORMALIZATION FACTOR   1.00000000
 TOTAL ATOMIC CHARGES:
   8.3445910   8.3381772   8.3414873   8.3412462   8.3407436   8.3421353
   8.3403307   8.3435089   8.3432918   8.3447660   8.3339120   8.3431252
   8.3325737   8.3377148   8.3382383   8.3406903   8.3403747   8.3419072
   8.3407113   8.3380973   8.3392454   8.3393502   8.3388587   8.3422924
   8.3408178   8.3446591   8.3440749   9.0566966   9.0288511   9.0435156
   9.0316333   9.0312955   9.0510261   9.0475108   9.0431399   9.0366831
   9.0424274   9.0477954   9.0507231   9.0435611   9.0388893   9.0493089
   9.0603820   9.0430244   9.0420249   9.0325634   9.0469684   9.0494598
   9.0391736   9.0442613   9.0404409   9.0249986   9.0632243   9.0353602
   9.0725904   9.0727216   9.0730728   9.0732216   9.0626744   9.0571491
   9.0774989   9.0787388   9.0710828   9.0682471   9.0734748   9.0670438
   9.0744179   9.0731642   9.0634887   9.0753836   9.0778391   9.0821991
   9.0716293   9.0699566   9.0699762   9.0708317   9.0738453   9.0679697
   9.0760173   9.0866633   9.0797519   9.0853195   9.0722043   9.0731792
   9.0830078   9.0796689   9.0789074   9.0704605   9.0715645   9.0799904
   9.0601834   9.0769882   9.0668988   9.0661363   9.0783914   9.0760492
   9.0710363   9.0828906   9.0657876   9.0795670   9.0718531   9.0658573
   9.0682466   9.0655033   9.0688690   9.0676149   9.0768532   9.0652654
  20.4783366  20.5183672  20.4670204  20.4453470  20.4497400  20.4600158
  20.4721091  20.4547421  20.5005704  20.4860145  20.4403980  20.4738647
  20.4982677  20.5020925  20.4325453  20.4363577  20.4900930  20.4707271
  20.4445087  20.4654088  20.4683090  20.4623845  20.4806759  20.4910540
  20.5092181  20.4507917  20.4602362
 TTTTTTTTTTTTTTTTTTTTTTTTTTTTTT MOQGAD      TELAPSE     2211.03 TCPU     2209.76
 TTTTTTTTTTTTTTTTTTTTTTTTTTTTTT SHELLXN     TELAPSE     2596.47 TCPU     2595.05
 TTTTTTTTTTTTTTTTTTTTTTTTTTTTTT MONMO3      TELAPSE     2608.99 TCPU     2607.58
 NUMERICALLY INTEGRATED DENSITY   1511.9942836096
 TTTTTTTTTTTTTTTTTTTTTTTTTTTTTT NUMDFT      TELAPSE     2625.43 TCPU     2623.99
 CYC   5 ETOT(AU) -2.971863754996E+04 DETOT -5.92E-02 tst  2.39E-05 PX  1.34E-02
 TTTTTTTTTTTTTTTTTTTTTTTTTTTTTT DIIS        TELAPSE     2630.08 TCPU     2628.64
 DIIS TEST: 0.36563E-01 AT SCF   CYCLE   5 - DIIS ACTIVE - HISTORY:     5 CYCLES
 TTTTTTTTTTTTTTTTTTTTTTTTTTTTTT FDIK        TELAPSE     2645.77 TCPU     2644.32
 INSULATING STATE
 TOP OF VALENCE BANDS -    BAND    756; K    8; EIG -1.4484310E-01 AU
 TOP OF VALENCE BANDS -    BAND    756; K    1; EIG -1.5284889E-01 AU
 BOTTOM OF VIRTUAL BANDS - BAND    757; K    1; EIG -1.1357862E-02 AU
 INDIRECT ENERGY BAND GAP:   3.6323 eV
 TTTTTTTTTTTTTTTTTTTTTTTTTTTTTT PDIG        TELAPSE     2648.36 TCPU     2646.90
 CHARGE NORMALIZATION FACTOR   1.00000000
 TOTAL ATOMIC CHARGES:
   8.3422002   8.3365053   8.3391441   8.3396708   8.3396811   8.3398813
   8.3382089   8.3424750   8.3416088   8.3423292   8.3316720   8.3409640
   8.3304569   8.3353714   8.3360667   8.3389371   8.3387754   8.3403151
   8.3384147   8.3368157   8.3378617   8.3372128   8.3373603   8.3404000
   8.3386570   8.3429375   8.3423152   9.0438153   9.0440710   9.0525968
   9.0135872   9.0217524   9.0450521   9.0530964   9.0327492   9.0519110
   9.0478244   9.0403889   9.0439233   9.0533196   9.0510094   9.0329605
   9.0436091   9.0430584   9.0440446   9.0337079   9.0363743   9.0346308
   9.0356426   9.0372651   9.0463770   9.0538159   9.0417701   9.0249501
   9.0667111   9.0712312   9.0691432   9.0661418   9.0594829   9.0554157
   9.0708521   9.0740830   9.0650390   9.0635747   9.0697838   9.0601075
   9.0685785   9.0694047   9.0576346   9.0695021   9.0739258   9.0750603
   9.0697112   9.0626521   9.0622053   9.0649893   9.0662012   9.0658655
   9.0711467   9.0794204   9.0733528   9.0786467   9.0651229   9.0644233
   9.0779930   9.0736724   9.0699876   9.0649787   9.0619313   9.0751732
   9.0536372   9.0690105   9.0618470   9.0597266   9.0705888   9.0692197
   9.0658332   9.0760286   9.0650121   9.0749164   9.0696671   9.0609746
   9.0662858   9.0641129   9.0648121   9.0668090   9.0753832   9.0620331
  20.5057010  20.4899784  20.4631902  20.4961635  20.4856782  20.4867550
  20.4710335  20.4772563  20.4789417  20.4876363  20.4683458  20.4948017
  20.4797421  20.4935970  20.4662941  20.4841523  20.4996862  20.4824142
  20.4597746  20.4993108  20.5079011  20.4851685  20.4987320  20.4849586
  20.4683432  20.4986055  20.4872529
 TTTTTTTTTTTTTTTTTTTTTTTTTTTTTT MOQGAD      TELAPSE     2648.42 TCPU     2646.96
 TTTTTTTTTTTTTTTTTTTTTTTTTTTTTT SHELLXN     TELAPSE     3033.99 TCPU     3032.40
 TTTTTTTTTTTTTTTTTTTTTTTTTTTTTT MONMO3      TELAPSE     3046.52 TCPU     3044.93
 NUMERICALLY INTEGRATED DENSITY   1511.9942922150
 TTTTTTTTTTTTTTTTTTTTTTTTTTTTTT NUMDFT      TELAPSE     3062.95 TCPU     3061.36
 CYC   6 ETOT(AU) -2.971864297910E+04 DETOT -5.43E-03 tst  2.63E-06 PX  4.35E-03
 TTTTTTTTTTTTTTTTTTTTTTTTTTTTTT DIIS        TELAPSE     3067.68 TCPU     3066.10
 DIIS TEST: 0.55715E-02 AT SCF   CYCLE   6 - DIIS ACTIVE - HISTORY:     6 CYCLES
 TTTTTTTTTTTTTTTTTTTTTTTTTTTTTT FDIK        TELAPSE     3083.35 TCPU     3081.74
 INSULATING STATE
 TOP OF VALENCE BANDS -    BAND    756; K    8; EIG -1.4485456E-01 AU
 TOP OF VALENCE BANDS -    BAND    756; K    1; EIG -1.5279845E-01 AU
 BOTTOM OF VIRTUAL BANDS - BAND    757; K    1; EIG -1.1996139E-02 AU
 INDIRECT ENERGY BAND GAP:   3.6153 eV
 TTTTTTTTTTTTTTTTTTTTTTTTTTTTTT PDIG        TELAPSE     3085.91 TCPU     3084.30
 CHARGE NORMALIZATION FACTOR   1.00000000
 TOTAL ATOMIC CHARGES:
   8.3422136   8.3362061   8.3389107   8.3393485   8.3395902   8.3393734
   8.3381345   8.3423620   8.3415459   8.3419374   8.3312821   8.3409811
   8.3299500   8.3350960   8.3357302   8.3386981   8.3386004   8.3403607
   8.3382204   8.3365897   8.3375184   8.3369938   8.3373038   8.3399352
   8.3385856   8.3427142   8.3420758   9.0436208   9.0319886   9.0448633
   9.0116990   9.0175581   9.0381039   9.0463619   9.0334039   9.0406359
   9.0387336   9.0377808   9.0403070   9.0441934   9.0405891   9.0340118
   9.0428514   9.0367404   9.0369256   9.0251438   9.0327853   9.0332133
   9.0302370   9.0339459   9.0366912   9.0353196   9.0446361   9.0236164
   9.0673536   9.0691702   9.0684821   9.0655369   9.0574117   9.0532051
   9.0711545   9.0740264   9.0643917   9.0632027   9.0685430   9.0594364
   9.0663811   9.0687074   9.0568188   9.0696639   9.0727658   9.0761574
   9.0670285   9.0632105   9.0625418   9.0640787   9.0660200   9.0634749
   9.0696100   9.0802878   9.0733386   9.0786366   9.0640548   9.0650092
   9.0767362   9.0730311   9.0699258   9.0634231   9.0634035   9.0740325
   9.0529869   9.0689490   9.0608873   9.0588431   9.0705616   9.0685714
   9.0654126   9.0762076   9.0636640   9.0739804   9.0689948   9.0608939
   9.0646633   9.0620846   9.0629237   9.0647995   9.0740087   9.0608394
  20.5033308  20.5121713  20.4727703  20.4949881  20.4900190  20.4950549
  20.4788376  20.4757860  20.4958956  20.5018076  20.4707767  20.4992966
  20.4973618  20.5081328  20.4632041  20.4810831  20.5107387  20.4927891
  20.4714200  20.5016541  20.5084249  20.4891200  20.5022952  20.5016912
  20.4980604  20.4896102  20.4879406
 TTTTTTTTTTTTTTTTTTTTTTTTTTTTTT MOQGAD      TELAPSE     3085.97 TCPU     3084.37
 TTTTTTTTTTTTTTTTTTTTTTTTTTTTTT SHELLXN     TELAPSE     3472.73 TCPU     3470.95
 TTTTTTTTTTTTTTTTTTTTTTTTTTTTTT MONMO3      TELAPSE     3485.18 TCPU     3483.40
 NUMERICALLY INTEGRATED DENSITY   1511.9942927493
 TTTTTTTTTTTTTTTTTTTTTTTTTTTTTT NUMDFT      TELAPSE     3501.62 TCPU     3499.84
 CYC   7 ETOT(AU) -2.971864376973E+04 DETOT -7.91E-04 tst  4.93E-07 PX  2.46E-03
 TTTTTTTTTTTTTTTTTTTTTTTTTTTTTT DIIS        TELAPSE     3506.44 TCPU     3504.65
 DIIS TEST: 0.61048E-03 AT SCF   CYCLE   7 - DIIS ACTIVE - HISTORY:     7 CYCLES
 TTTTTTTTTTTTTTTTTTTTTTTTTTTTTT FDIK        TELAPSE     3522.10 TCPU     3520.30
 INSULATING STATE
 TOP OF VALENCE BANDS -    BAND    756; K    8; EIG -1.4438209E-01 AU
 TOP OF VALENCE BANDS -    BAND    756; K    1; EIG -1.5234857E-01 AU
 BOTTOM OF VIRTUAL BANDS - BAND    757; K    1; EIG -1.1507020E-02 AU
 INDIRECT ENERGY BAND GAP:   3.6157 eV
 TTTTTTTTTTTTTTTTTTTTTTTTTTTTTT PDIG        TELAPSE     3524.66 TCPU     3522.87
 CHARGE NORMALIZATION FACTOR   1.00000000
 TOTAL ATOMIC CHARGES:
   8.3433203   8.3372854   8.3400314   8.3403738   8.3406683   8.3404120
   8.3391181   8.3435263   8.3426287   8.3430900   8.3322854   8.3420982
   8.3309122   8.3361026   8.3367641   8.3397344   8.3396623   8.3413966
   8.3391680   8.3375708   8.3385390   8.3379919   8.3383443   8.3410207
   8.3395902   8.3438571   8.3431800   9.0422564   9.0344262   9.0448792
   9.0135653   9.0192568   9.0421755   9.0463642   9.0307145   9.0422299
   9.0411869   9.0382863   9.0404755   9.0454564   9.0422111   9.0328374
   9.0442315   9.0377509   9.0386392   9.0288844   9.0342898   9.0335732
   9.0317949   9.0332543   9.0394523   9.0407695   9.0426274   9.0222769
   9.0659748   9.0689896   9.0681311   9.0652023   9.0575675   9.0530384
   9.0705303   9.0731211   9.0642752   9.0624379   9.0681560   9.0595176
   9.0673064   9.0682471   9.0566015   9.0691067   9.0726631   9.0750788
   9.0674986   9.0622139   9.0618163   9.0641226   9.0657268   9.0637397
   9.0701057   9.0796142   9.0727086   9.0783693   9.0647587   9.0647828
   9.0768264   9.0728473   9.0702675   9.0639084   9.0624470   9.0739398
   9.0526895   9.0690022   9.0607050   9.0586460   9.0703313   9.0686370
   9.0648586   9.0752670   9.0627585   9.0736503   9.0679542   9.0597045
   9.0641701   9.0617408   9.0633541   9.0644262   9.0734511   9.0601216
  20.5085546  20.5072176  20.4748274  20.4909560  20.4850842  20.4884712
  20.4815632  20.4811032  20.4940597  20.4969186  20.4703965  20.4985471
  20.4948253  20.5058135  20.4670884  20.4801207  20.5064412  20.4886508
  20.4646307  20.4992911  20.5068727  20.4888880  20.5039768  20.4961594
  20.4888311  20.4954882  20.4895783
 TTTTTTTTTTTTTTTTTTTTTTTTTTTTTT MOQGAD      TELAPSE     3524.72 TCPU     3522.93
 TTTTTTTTTTTTTTTTTTTTTTTTTTTTTT SHELLXN     TELAPSE     3910.47 TCPU     3908.53
 TTTTTTTTTTTTTTTTTTTTTTTTTTTTTT MONMO3      TELAPSE     3922.92 TCPU     3920.99
 NUMERICALLY INTEGRATED DENSITY   1511.9942892360
 TTTTTTTTTTTTTTTTTTTTTTTTTTTTTT NUMDFT      TELAPSE     3939.42 TCPU     3937.48
 CYC   8 ETOT(AU) -2.971864383635E+04 DETOT -6.66E-05 tst  3.47E-08 PX  1.22E-03
 TTTTTTTTTTTTTTTTTTTTTTTTTTTTTT DIIS        TELAPSE     3944.36 TCPU     3942.42
 DIIS TEST: 0.16402E-03 AT SCF   CYCLE   8 - DIIS ACTIVE - HISTORY:     8 CYCLES
 TTTTTTTTTTTTTTTTTTTTTTTTTTTTTT FDIK        TELAPSE     3960.02 TCPU     3958.07
 INSULATING STATE
 TOP OF VALENCE BANDS -    BAND    756; K    8; EIG -1.4432006E-01 AU
 TOP OF VALENCE BANDS -    BAND    756; K    1; EIG -1.5228613E-01 AU
 BOTTOM OF VIRTUAL BANDS - BAND    757; K    1; EIG -1.1423908E-02 AU
 INDIRECT ENERGY BAND GAP:   3.6163 eV
 TTTTTTTTTTTTTTTTTTTTTTTTTTTTTT PDIG        TELAPSE     3962.59 TCPU     3960.64
 CHARGE NORMALIZATION FACTOR   1.00000000
 TOTAL ATOMIC CHARGES:
   8.3434231   8.3373610   8.3401141   8.3405194   8.3407828   8.3405840
   8.3392677   8.3435961   8.3427438   8.3431941   8.3323798   8.3421966
   8.3310362   8.3362359   8.3368849   8.3398536   8.3397756   8.3415182
   8.3393531   8.3376970   8.3386668   8.3381401   8.3384410   8.3411561
   8.3397353   8.3439566   8.3432922   9.0434564   9.0346864   9.0462897
   9.0125875   9.0187599   9.0405050   9.0475255   9.0326353   9.0429566
   9.0409235   9.0383393   9.0410990   9.0462363   9.0428241   9.0335553
   9.0433007   9.0382090   9.0385164   9.0276418   9.0339652   9.0336269
   9.0316814   9.0347021   9.0390993   9.0398569   9.0438356   9.0236066
   9.0662732   9.0689424   9.0679759   9.0651551   9.0573522   9.0530543
   9.0703746   9.0732430   9.0640285   9.0624333   9.0680952   9.0591441
   9.0667240   9.0681227   9.0563442   9.0688970   9.0724492   9.0751240
   9.0672320   9.0622456   9.0617270   9.0636926   9.0655805   9.0634697
   9.0695461   9.0794253   9.0726753   9.0780718   9.0639882   9.0642724
   9.0765843   9.0726641   9.0695649   9.0634747   9.0622858   9.0737999
   9.0524990   9.0685121   9.0605242   9.0583997   9.0699759   9.0682013
   9.0647810   9.0754959   9.0630009   9.0736229   9.0681706   9.0600321
   9.0642925   9.0618173   9.0629463   9.0645414   9.0735175   9.0603470
  20.5052455  20.5072795  20.4714758  20.4943035  20.4880010  20.4920805
  20.4783072  20.4774744  20.4929388  20.4981711  20.4701566  20.4985293
  20.4935603  20.5050756  20.4647953  20.4816188  20.5077966  20.4900420
  20.4675995  20.5007529  20.5079550  20.4883277  20.5019216  20.4976519
  20.4909010  20.4927416  20.4882597
 TTTTTTTTTTTTTTTTTTTTTTTTTTTTTT MOQGAD      TELAPSE     3962.65 TCPU     3960.70
 TTTTTTTTTTTTTTTTTTTTTTTTTTTTTT SHELLXN     TELAPSE     4348.49 TCPU     4346.49
 TTTTTTTTTTTTTTTTTTTTTTTTTTTTTT MONMO3      TELAPSE     4360.99 TCPU     4358.98
 NUMERICALLY INTEGRATED DENSITY   1511.9942890969
 TTTTTTTTTTTTTTTTTTTTTTTTTTTTTT NUMDFT      TELAPSE     4377.41 TCPU     4375.40
 CYC   9 ETOT(AU) -2.971864385699E+04 DETOT -2.06E-05 tst  8.14E-09 PX  2.56E-04
 TTTTTTTTTTTTTTTTTTTTTTTTTTTTTT DIIS        TELAPSE     4382.47 TCPU     4380.46
 DIIS TEST: 0.17481E-04 AT SCF   CYCLE   9 - DIIS ACTIVE - HISTORY:     9 CYCLES
 TTTTTTTTTTTTTTTTTTTTTTTTTTTTTT FDIK        TELAPSE     4398.10 TCPU     4396.08
 INSULATING STATE
 TOP OF VALENCE BANDS -    BAND    756; K    8; EIG -1.4430483E-01 AU
 TOP OF VALENCE BANDS -    BAND    756; K    1; EIG -1.5227053E-01 AU
 BOTTOM OF VIRTUAL BANDS - BAND    757; K    1; EIG -1.1518230E-02 AU
 INDIRECT ENERGY BAND GAP:   3.6133 eV
 TTTTTTTTTTTTTTTTTTTTTTTTTTTTTT PDIG        TELAPSE     4400.66 TCPU     4398.64
 CHARGE NORMALIZATION FACTOR   1.00000000
 TOTAL ATOMIC CHARGES:
   8.3433939   8.3373484   8.3400982   8.3404853   8.3407467   8.3405730
   8.3392346   8.3435655   8.3427079   8.3431773   8.3323732   8.3421731
   8.3310271   8.3362278   8.3368703   8.3398295   8.3397569   8.3414757
   8.3393229   8.3376737   8.3386412   8.3381161   8.3384149   8.3411384
   8.3397010   8.3439344   8.3432682   9.0430277   9.0345048   9.0457410
   9.0126743   9.0186832   9.0404603   9.0471744   9.0321299   9.0427666
   9.0408717   9.0381201   9.0408012   9.0458224   9.0424448   9.0333152
   9.0433686   9.0379634   9.0383941   9.0277268   9.0337459   9.0333525
   9.0315318   9.0338812   9.0390628   9.0400207   9.0432336   9.0232191
   9.0661935   9.0689181   9.0679003   9.0649672   9.0572119   9.0528335
   9.0703508   9.0731699   9.0638799   9.0623974   9.0680773   9.0590286
   9.0665172   9.0680615   9.0563109   9.0688674   9.0723685   9.0749951
   9.0670911   9.0621911   9.0617135   9.0636492   9.0653945   9.0634237
   9.0694468   9.0793328   9.0725921   9.0779900   9.0639009   9.0642512
   9.0764330   9.0725307   9.0694591   9.0632543   9.0622294   9.0736931
   9.0523829   9.0683966   9.0604479   9.0584039   9.0699719   9.0681573
   9.0647167   9.0753401   9.0629773   9.0734794   9.0681539   9.0599028
   9.0641766   9.0617186   9.0628298   9.0643971   9.0734919   9.0602239
  20.5060412  20.5079222  20.4728025  20.4940166  20.4880340  20.4916365
  20.4792453  20.4785233  20.4935060  20.4983348  20.4705622  20.4989365
  20.4947279  20.5058431  20.4652768  20.4812227  20.5082823  20.4901092
  20.4675232  20.5008689  20.5081740  20.4888464  20.5033037  20.4976336
  20.4908884  20.4934649  20.4891663
 TTTTTTTTTTTTTTTTTTTTTTTTTTTTTT MOQGAD      TELAPSE     4400.72 TCPU     4398.70
 TTTTTTTTTTTTTTTTTTTTTTTTTTTTTT SHELLXN     TELAPSE     4786.38 TCPU     4784.25
 TTTTTTTTTTTTTTTTTTTTTTTTTTTTTT MONMO3      TELAPSE     4798.88 TCPU     4796.75
 NUMERICALLY INTEGRATED DENSITY   1511.9942893211
 TTTTTTTTTTTTTTTTTTTTTTTTTTTTTT NUMDFT      TELAPSE     4815.30 TCPU     4813.17
 CYC  10 ETOT(AU) -2.971864385954E+04 DETOT -2.56E-06 tst  1.72E-09 PX  2.69E-04
 TTTTTTTTTTTTTTTTTTTTTTTTTTTTTT DIIS        TELAPSE     4820.44 TCPU     4818.31
 DIIS TEST: 0.18836E-05 AT SCF   CYCLE  10 - DIIS ACTIVE - HISTORY:    10 CYCLES
 TTTTTTTTTTTTTTTTTTTTTTTTTTTTTT FDIK        TELAPSE     4836.03 TCPU     4833.89
 INSULATING STATE
 TOP OF VALENCE BANDS -    BAND    756; K    8; EIG -1.4432255E-01 AU
 TOP OF VALENCE BANDS -    BAND    756; K    1; EIG -1.5228782E-01 AU
 BOTTOM OF VIRTUAL BANDS - BAND    757; K    1; EIG -1.1500899E-02 AU
 INDIRECT ENERGY BAND GAP:   3.6143 eV
 TTTTTTTTTTTTTTTTTTTTTTTTTTTTTT PDIG        TELAPSE     4838.60 TCPU     4836.46
 CHARGE NORMALIZATION FACTOR   1.00000000
 TOTAL ATOMIC CHARGES:
   8.3433903   8.3373453   8.3400902   8.3404863   8.3407388   8.3405594
   8.3392338   8.3435593   8.3427019   8.3431737   8.3323670   8.3421652
   8.3310263   8.3362156   8.3368644   8.3398314   8.3397461   8.3414740
   8.3393198   8.3376726   8.3386376   8.3381126   8.3384058   8.3411353
   8.3396994   8.3439223   8.3432621   9.0429713   9.0344375   9.0458555
   9.0125448   9.0187604   9.0405817   9.0470655   9.0320992   9.0426372
   9.0407405   9.0381579   9.0408064   9.0458636   9.0425640   9.0331871
   9.0432196   9.0380065   9.0383742   9.0276724   9.0338306   9.0334286
   9.0314477   9.0342847   9.0389341   9.0398017   9.0433751   9.0232200
   9.0660960   9.0688400   9.0678587   9.0650170   9.0572573   9.0529070
   9.0702908   9.0731065   9.0639201   9.0623125   9.0680047   9.0590484
   9.0666658   9.0680405   9.0562735   9.0688164   9.0723629   9.0749811
   9.0671252   9.0621217   9.0616312   9.0636500   9.0654676   9.0633952
   9.0694972   9.0793429   9.0725866   9.0780014   9.0639869   9.0642583
   9.0765040   9.0725856   9.0695412   9.0633742   9.0622044   9.0736996
   9.0523845   9.0684584   9.0604325   9.0583449   9.0699351   9.0681312
   9.0646489   9.0753178   9.0628493   9.0734796   9.0680202   9.0598505
   9.0641599   9.0616843   9.0628500   9.0643623   9.0734064   9.0601828
  20.5063674  20.5078397  20.4725696  20.4941494  20.4878579  20.4917384
  20.4794096  20.4786523  20.4936790  20.4984465  20.4706294  20.4989554
  20.4943294  20.5057137  20.4656754  20.4817405  20.5079861  20.4901979
  20.4675012  20.5008844  20.5081745  20.4889335  20.5026911  20.4979173
  20.4910588  20.4936410  20.4889854
 TTTTTTTTTTTTTTTTTTTTTTTTTTTTTT MOQGAD      TELAPSE     4838.66 TCPU     4836.52
 TTTTTTTTTTTTTTTTTTTTTTTTTTTTTT SHELLXN     TELAPSE     5223.85 TCPU     5221.56
 TTTTTTTTTTTTTTTTTTTTTTTTTTTTTT MONMO3      TELAPSE     5236.34 TCPU     5234.06
 NUMERICALLY INTEGRATED DENSITY   1511.9942893231
 TTTTTTTTTTTTTTTTTTTTTTTTTTTTTT NUMDFT      TELAPSE     5252.79 TCPU     5250.50
 CYC  11 ETOT(AU) -2.971864385938E+04 DETOT  1.63E-07 tst  2.06E-10 PX  1.32E-04
 TTTTTTTTTTTTTTTTTTTTTTTTTTTTTT DIIS        TELAPSE     5258.09 TCPU     5255.80
 DIIS TEST: 0.74137E-06 AT SCF   CYCLE  11 - DIIS ACTIVE - HISTORY:    11 CYCLES
 TTTTTTTTTTTTTTTTTTTTTTTTTTTTTT FDIK        TELAPSE     5273.74 TCPU     5271.44
 INSULATING STATE
 TOP OF VALENCE BANDS -    BAND    756; K    8; EIG -1.4432228E-01 AU
 TOP OF VALENCE BANDS -    BAND    756; K    1; EIG -1.5228928E-01 AU
 BOTTOM OF VIRTUAL BANDS - BAND    757; K    1; EIG -1.1511944E-02 AU
 INDIRECT ENERGY BAND GAP:   3.6140 eV
 TTTTTTTTTTTTTTTTTTTTTTTTTTTTTT PDIG        TELAPSE     5276.32 TCPU     5274.02
 CHARGE NORMALIZATION FACTOR   1.00000000
 TOTAL ATOMIC CHARGES:
   8.3433872   8.3373448   8.3400890   8.3404838   8.3407439   8.3405571
   8.3392298   8.3435631   8.3427035   8.3431675   8.3323664   8.3421647
   8.3310234   8.3362152   8.3368626   8.3398290   8.3397478   8.3414756
   8.3393162   8.3376752   8.3386393   8.3381101   8.3384113   8.3411316
   8.3396966   8.3439249   8.3432617   9.0430783   9.0344520   9.0457966
   9.0126291   9.0186537   9.0405542   9.0471490   9.0321246   9.0426703
   9.0408113   9.0381380   9.0408016   9.0458717   9.0424669   9.0332987
   9.0433383   9.0379276   9.0383577   9.0276926   9.0337990   9.0334103
   9.0315436   9.0340904   9.0390121   9.0398776   9.0433772   9.0231972
   9.0661289   9.0688536   9.0678858   9.0650144   9.0572408   9.0528833
   9.0703040   9.0731214   9.0639176   9.0623341   9.0680099   9.0590615
   9.0666330   9.0680327   9.0562712   9.0688297   9.0723590   9.0749958
   9.0671240   9.0621398   9.0616495   9.0636455   9.0654464   9.0633966
   9.0694942   9.0793352   9.0725645   9.0779955   9.0639619   9.0642419
   9.0764741   9.0725519   9.0695257   9.0633624   9.0622054   9.0736922
   9.0523967   9.0684504   9.0604282   9.0583409   9.0699292   9.0681486
   9.0646838   9.0753339   9.0628779   9.0734933   9.0680556   9.0598624
   9.0641517   9.0616810   9.0628655   9.0643917   9.0734147   9.0601878
  20.5061542  20.5078247  20.4726499  20.4940656  20.4879958  20.4918180
  20.4793099  20.4785444  20.4935685  20.4983829  20.4706290  20.4989666
  20.4944428  20.5057680  20.4654858  20.4815712  20.5081430  20.4902211
  20.4675314  20.5009217  20.5082007  20.4888519  20.5029968  20.4977497
  20.4909754  20.4935938  20.4890200
 TTTTTTTTTTTTTTTTTTTTTTTTTTTTTT MOQGAD      TELAPSE     5276.38 TCPU     5274.08
 TTTTTTTTTTTTTTTTTTTTTTTTTTTTTT SHELLXN     TELAPSE     5656.53 TCPU     5654.20
 +++ ENERGIES IN A.U. +++
 ::: EXT EL-POLE                                  -3.9317063485491E+04
 ::: EXT EL-SPHEROPOLE                             3.7460651598638E+02
 ::: BIELET ZONE E-E                               4.6944724166216E+04
 ::: TOTAL E-E                                     8.0022671967108E+03
 ::: TOTAL E-N + N-E                              -5.9836497171958E+04
 ::: TOTAL N-N                                    -5.6001964436425E+03
 ::: KINETIC ENERGY                                2.9177120488939E+04
 ::: PSEUDO TOTAL   ENERGY                        -2.8257305929950E+04
 ::: VIRIAL COEFFICIENT                            1.0160150386509E+00
 TTTTTTTTTTTTTTTTTTTTTTTTTTTTTT MONMO3      TELAPSE     5668.42 TCPU     5666.10
 NUMERICALLY INTEGRATED DENSITY   1511.9942893140
 EXCHANGE ENERGY: -0.140334885510E+04  CORRELATION ENERGY: -0.579890741462E+02
 TTTTTTTTTTTTTTTTTTTTTTTTTTTTTT NUMDFT      TELAPSE     5684.80 TCPU     5682.48
 CYC  12 ETOT(AU) -2.971864385920E+04 DETOT  1.85E-07 tst  4.62E-11 PX  1.32E-04

 == SCF ENDED - CONVERGENCE ON ENERGY      E(AU) -2.9718643859196E+04 CYCLES  12


 ENERGY EXPRESSION=HARTREE+FOCK EXCH*0.25000+(PBE        EXCH)*0.75000+PBE        CORR


 TOTAL ENERGY(DFT)(AU)( 12) -2.9718643859196E+04 DE 1.8E-07 tester 4.6E-11
 TTTTTTTTTTTTTTTTTTTTTTTTTTTTTT EDFT        TELAPSE     5684.82 TCPU     5682.50

 *******************************************************************************
 *                             FORCE CALCULATION                               *
 *******************************************************************************

 TTTTTTTTTTTTTTTTTTTTTTTTTTTTTT NUMDFG      TELAPSE     5809.45 TCPU     5807.12
 INFORMATION **** EXCPOG **** EXCH. BIPO BUFFER LENGTH (WORDS) =    90682848
 INFORMATION **** GENPOG **** BIPO BUFFER LENGTH (WORDS) =    12709700
 TTTTTTTTTTTTTTTTTTTTTTTTTTTTTT SHELXG      TELAPSE     7460.66 TCPU     7458.15

 CARTESIAN FORCES IN HARTREE/BOHR (ANALYTICAL)
   ATOM                     X                   Y                   Z
   1 256            -4.778893144501E-03  1.304555918538E-03  3.498544341069E-03
   2 256            -3.400185506211E-03 -3.064126611441E-03  1.988980118097E-03
   3 256             8.029717721406E-05  7.145615231729E-03 -4.860268910488E-03
   4 256             3.017862278124E-04 -2.318264471890E-03 -9.441085369351E-03
   5 256             1.669735812852E-03  4.978991214487E-03  1.680131753525E-03
   6 256             5.660935385715E-03 -6.111853253431E-03  2.210506599164E-03
   7 256             9.575499508955E-04 -1.912665510998E-03 -3.953285491791E-03
   8 256             3.661599729754E-03  9.352901910015E-03 -4.559607488301E-03
   9 256             3.257644092785E-03 -2.698951293749E-03 -2.175639388626E-03
  10 256             5.887352494682E-03  1.579995446404E-03  3.027653408168E-03
  11 256             6.143237296139E-04  3.206440375785E-03 -1.537467570924E-02
  12 256            -1.391402873674E-04  3.047798686857E-03  8.870775838526E-03
  13 256             1.632035461437E-03 -1.782273661115E-03 -3.883419118340E-03
  14 256            -5.280785862472E-03 -8.175615195057E-03 -5.847237543809E-03
  15 256            -1.084652971893E-03 -3.646500381008E-03  9.436008316582E-03
  16 256            -2.871525702544E-03  6.547104059916E-04  4.038779108210E-03
  17 256             2.786477423549E-03 -1.865517974260E-03 -8.447419898533E-03
  18 256            -4.307905851426E-03 -8.172172876690E-03  4.012927904377E-03
  19 256            -5.130491041856E-04  2.074756262333E-03 -4.513574720382E-03
  20 256            -1.307234611192E-02  5.292911503072E-03 -2.200625810835E-03
  21 256             4.223693261903E-03  1.647969851684E-03  5.696741415059E-03
  22 256             4.618966395643E-03  2.013934227203E-03 -1.755060900672E-03
  23 256            -5.907855092325E-03 -1.223815406601E-03  3.758681497490E-03
  24 256            -2.448735019570E-03  4.854286858425E-03  7.195378978410E-03
  25 256            -8.384889289626E-03  4.790196800287E-03 -4.744394113435E-04
  26 256            -2.470731742203E-03  3.036521279231E-03 -8.371955991491E-03
  27 256             1.059264032257E-03 -7.935508090344E-03  2.217665490401E-03
  28   8            -5.394685912430E-03  4.826517945361E-03  9.331111020090E-03
  29   8             5.933892493311E-04 -3.589043909581E-03 -2.336280423383E-02
  30   8            -4.883025497576E-03 -1.037359646929E-02 -9.796765670984E-04
  31   8            -5.028330968892E-03  2.913854912174E-03  1.812760192721E-02
  32   8            -6.225954648042E-03  2.629699325889E-03 -1.923663532089E-03
  33   8            -5.560904985918E-03  1.253290067137E-03  6.863652260464E-03
  34   8            -4.261135736859E-03 -8.900603682787E-03 -6.069578415886E-04
  35   8            -2.306766325173E-03  3.961779265698E-03  1.522263308965E-02
  36   8             4.650708411837E-04 -1.045765999656E-03 -1.622785326834E-02
  37   8             4.292270072330E-03  6.306442003757E-03 -4.706164625475E-03
  38   8            -3.179338826033E-03 -5.131157481142E-03  1.879825387387E-02
  39   8            -1.348123104204E-03 -7.689134254947E-03 -1.668068145524E-03
  40   8            -3.441551978246E-03 -1.825856925875E-03 -8.808677091823E-04
  41   8             1.119637349788E-03 -4.709898417682E-04 -2.544719057009E-02
  42   8            -1.104035209292E-03 -1.600708763172E-05  2.326155271402E-02
  43   8             4.565779018017E-03 -6.413915121699E-03  1.404292494777E-02
  44   8             2.569694772896E-03 -2.198771436075E-04  3.104888450203E-04
  45   8             2.502361549915E-03 -5.420367898191E-03 -1.144592169752E-02
  46   8            -8.257881479418E-04 -2.631540751222E-03  2.866791579835E-02
  47   8            -3.136271308469E-03  5.462120661974E-03  7.066569966480E-03
  48   8             2.984710035258E-03  2.908747837446E-03 -8.494398945611E-03
  49   8             2.170020402781E-03  6.611956246750E-03  1.653932868558E-02
  50   8            -2.091449715116E-03  2.146944244759E-03 -1.651654279212E-02
  51   8             1.928157859556E-03  1.644270407983E-03 -1.402289179566E-02
  52   8            -4.513320436514E-03 -3.549543935681E-03 -1.573649675877E-03
  53   8            -2.958968372592E-03 -2.637548358331E-03  5.686536594051E-03
  54   8             7.160718067689E-05  8.401757338447E-03  3.012329295048E-03
  55   8            -1.101751390947E-03  3.808596144010E-03 -6.096208327669E-03
  56   8            -5.651129243918E-04  9.354767927318E-03  8.049500910611E-03
  57   8            -3.577634524904E-03 -1.531865263092E-02  2.694856991132E-04
  58   8            -1.299712562390E-02  2.975992787824E-03  3.651916324170E-03
  59   8            -4.137394857362E-03 -3.073433212225E-05  2.466611454479E-03
  60   8            -2.670511579731E-03 -1.929694672360E-03 -6.448369117449E-03
  61   8             3.427809652640E-03 -1.468500061280E-03  4.451155214946E-04
  62   8            -4.235872306625E-03 -2.713535204417E-03 -2.148774158681E-03
  63   8            -4.132322781236E-03  1.621927529422E-02 -6.579003983221E-03
  64   8             2.084599731753E-03  1.096392058512E-02 -3.431271035780E-03
  65   8            -2.180201946752E-03 -2.226462932068E-02  5.834169192978E-03
  66   8            -9.241925907615E-03  5.689590061380E-03 -2.005344853768E-03
  67   8             6.295367485528E-03  1.232128228461E-02  2.546616112920E-03
  68   8            -3.049349465276E-03  1.679813212889E-02 -5.431254770040E-03
  69   8             5.181133414808E-03 -1.550047931600E-02 -3.110261302184E-03
  70   8             5.942932950222E-03 -8.654592498284E-03  9.066421151793E-04
  71   8            -6.244768650112E-04  1.115606755060E-02  4.664316204246E-03
  72   8            -2.110032271127E-03  8.701663630764E-03 -6.786462971538E-03
  73   8             1.394185616511E-03 -1.359129456983E-02 -4.299116778359E-03
  74   8            -1.416709554106E-03 -2.523049992120E-03 -7.453797431854E-03
  75   8             4.414638534847E-03 -1.303769668621E-02  3.055430358530E-03
  76   8             6.253409391562E-04  8.689595710327E-03  2.989007519998E-03
  77   8             4.211944713360E-03  1.403872377975E-03 -6.534836395988E-05
  78   8            -4.626822164975E-03  3.704766871082E-05  1.156840892776E-03
  79   8             2.868283869370E-03 -3.494236791843E-03  8.353095911604E-03
  80   8            -5.207777297335E-04 -1.426439900926E-02 -3.017977709209E-03
  81   8            -4.087891015242E-03  1.287074230609E-03  9.384035901485E-04
  82   8             1.111591650580E-02  1.037130045687E-03  2.448965246856E-03
  83   8             1.396176872361E-02 -1.807334860922E-04 -1.277734392073E-03
  84   8            -5.461885787647E-03  5.922571549202E-04 -3.851849502330E-04
  85   8             4.407932946128E-03  3.316811768384E-03  5.218066778529E-03
  86   8            -4.377795927377E-03  2.665044245687E-03  4.491958267151E-03
  87   8            -7.037652506862E-03  6.892388161590E-03  4.556485847720E-03
  88   8            -1.192038846639E-02  1.021730243486E-04 -3.711427833023E-03
  89   8             8.133695478488E-03 -5.630356465534E-03 -3.369380674208E-03
  90   8             3.250305601097E-03  2.217455245507E-03 -5.453801288962E-03
  91   8            -2.376255875910E-03 -7.261928527057E-03 -4.325102838425E-04
  92   8            -2.130455019460E-02 -1.934945507590E-03 -2.540496235137E-04
  93   8             4.154741321809E-03 -9.589119844566E-03 -2.907485696123E-03
  94   8            -1.984801913753E-03  6.856331153378E-03  1.961772459920E-03
  95   8             5.800730910138E-03  4.130358944710E-03 -8.131626490426E-04
  96   8            -1.099486994046E-03  1.012903141477E-02  4.476500037764E-05
  97   8            -8.583821705329E-03 -9.741713164995E-03  2.307882291266E-04
  98   8             4.713014754417E-03 -5.304334077962E-03  5.505245498748E-03
  99   8            -6.833734055553E-03  4.064771574744E-03 -2.461022635793E-03
 100   8             2.693341801116E-03 -2.067748070113E-03 -3.607693385578E-03
 101   8             1.460901666372E-02  3.230671613191E-03 -4.126842422947E-03
 102   8             6.439601408934E-04  7.281517228923E-03 -4.818644059428E-03
 103   8            -7.056773207796E-03  3.950436924344E-03  2.787155862245E-03
 104   8             3.149775318605E-03  4.947437180213E-03  4.283337174521E-03
 105   8             2.117360401207E-02  9.915858669722E-04  1.531210370337E-03
 106   8             1.821355554827E-02 -5.009826888969E-03  1.832551889192E-03
 107   8            -7.962354512127E-03 -6.110007382279E-03  5.026306357596E-04
 108   8             1.337502539523E-02 -2.177388236493E-03  1.849017201988E-03
 109  22             2.516436548258E-02  1.441057051499E-04 -7.016540099055E-03
 110  22            -2.715185203081E-03  1.278764742963E-02  1.660197932432E-02
 111  22            -5.198368864944E-03  2.856275430211E-02  2.405452240543E-03
 112  22             1.216993211053E-02 -1.072253986739E-02 -2.246830251670E-02
 113  22             1.635952759889E-03 -9.224205060288E-03 -6.840835869108E-03
 114  22             3.114762507498E-03 -1.981317314318E-02  3.698483418246E-03
 115  22             1.156758757979E-02  1.269439202744E-02  1.164395605414E-02
 116  22            -1.139164763405E-02  2.671484823610E-03 -1.387170282475E-02
 117  22             1.812607737811E-02 -4.931665170533E-03  1.873438144187E-02
 118  22            -1.578211590266E-02 -1.638443352464E-02  1.608602093368E-02
 119  22             1.604108440622E-02  1.134392325787E-03 -1.531545222423E-02
 120  22             1.157037687433E-02  9.343081064756E-03  1.768096696384E-03
 121  22            -3.750960023456E-03  4.878563771492E-03 -1.358872085460E-03
 122  22             8.378637258140E-03 -1.988234052790E-03  2.169226099153E-02
 123  22            -6.217785499579E-03 -1.385180454582E-02 -1.601109669097E-02
 124  22            -3.956115775160E-03  1.794248139485E-02 -9.179631643746E-03
 125  22             6.298733875862E-03  5.918646961273E-03 -2.378808003085E-02
 126  22             2.356656238863E-03  5.419855073120E-03  2.677092347280E-02
 127  22            -8.052929580540E-04  1.105117581221E-02 -3.207452719206E-02
 128  22            -5.182655255406E-03 -1.245985440340E-02  1.954054263430E-03
 129  22            -9.073205174242E-03 -8.376921193873E-04  1.440073082381E-02
 130  22            -8.778091733695E-03 -7.041638268532E-03 -2.068531474619E-02
 131  22            -6.735659295020E-03 -1.112962981089E-02  1.275748195989E-02
 132  22             5.204569184498E-03 -1.500463385649E-02  2.400824889074E-03
 133  22            -4.665101835703E-03 -7.735230223057E-03  4.441873354391E-03
 134  22             9.845251755121E-03  1.394804252881E-02  1.153560395149E-02
 135  22            -1.454302288551E-02  7.388674994223E-03 -1.120946608467E-02

 RESULTANT FORCE    -7.576377025753E-12  2.211300587085E-12  1.352078865535E-11

 SYMMETRY ALLOWED FORCES (ANALYTICAL) (DIRECTION, FORCE)

    1 -4.7966917E-03    2  1.3094146E-03    3  3.5115743E-03    4 -3.4487414E-03
    5 -3.0658523E-03    6  2.0226500E-03    7  1.8871424E-05    8  7.1593510E-03
    9 -4.8372287E-03   10  2.4134776E-04   11 -2.2861372E-03   12 -9.4722815E-03
   13  1.6163980E-03   14  5.0216126E-03   15  1.6190420E-03   16  5.6355195E-03
   17 -6.0733592E-03   18  2.1639710E-03   19  9.5765409E-04   20 -1.9050645E-03
   21 -4.0070110E-03   22  3.6798400E-03   23  9.3898267E-03   24 -4.6471435E-03
   25  3.3033746E-03   26 -2.6355278E-03   27 -2.2904708E-03   28  5.9699030E-03
   29  1.6395001E-03   30  2.9153427E-03   31  7.2360655E-04   32  3.2856590E-03
   33 -1.5537624E-02   34 -2.7054875E-05   35  3.1529787E-03   36  8.6803744E-03
   37  1.7511441E-03   38 -1.6711096E-03   39 -4.0551238E-03   40 -5.1757709E-03
   41 -8.1045698E-03   42 -6.0604165E-03   43 -1.0051435E-03   44 -3.6238818E-03
   45  9.2360827E-03   46 -2.8079198E-03   47  6.6503760E-04   48  3.8935142E-03
   49  2.8503114E-03   50 -1.8602350E-03   51 -8.6126236E-03   52 -4.2500669E-03
   53 -8.2096161E-03   54  3.8275600E-03   55 -4.7537002E-04   56  2.0109160E-03
   57 -4.7027607E-03   58 -1.3093270E-02   59  5.2604437E-03   60 -2.4204945E-03
   61  4.1641094E-03   62  1.6454940E-03   63  5.4902945E-03   64  4.5978166E-03
   65  2.0275722E-03   66 -1.9460342E-03   67 -5.9350250E-03   68 -1.2065764E-03
   69  3.5749700E-03   70 -2.5135882E-03   71  4.8880218E-03   72  7.0591766E-03
   73 -8.4994118E-03   74  4.8678775E-03   75 -5.8154049E-04   76 -2.6358088E-03
   77  3.1506324E-03   78 -8.5205125E-03   79  8.8619817E-04   80 -7.8430377E-03
   81  2.0394903E-03   82 -5.5895964E-03   83  4.9055252E-03   84  9.2050714E-03
   85  3.7417247E-04   86 -3.5035772E-03   87 -2.3556264E-02   88 -5.1247119E-03
   89 -1.0353571E-02   90 -1.2900897E-03   91 -5.3197557E-03   92  2.8985304E-03
   93  1.7896485E-02   94 -6.5745789E-03   95  2.6410046E-03   96 -2.0789643E-03
   97 -5.9704208E-03   98  1.2836312E-03   99  6.7310384E-03  100 -4.7230562E-03
  101 -8.9077586E-03  102 -7.1014655E-04  103 -2.8059360E-03  104  3.9301396E-03
  105  1.5191329E-02  106 -4.8335939E-05  107 -1.0631328E-03  108 -1.6264918E-02
  109  3.7978495E-03  110  6.3156977E-03  111 -4.8497252E-03  112 -3.6732207E-03
  113 -5.1159292E-03  114  1.8725797E-02  115 -1.8705576E-03  116 -7.7402105E-03
  117 -1.6527890E-03  118 -3.9945632E-03  119 -1.9272061E-03  120 -8.7876343E-04
  121  5.4855187E-04  122 -5.8554565E-04  123 -2.5584712E-02  124 -1.6811769E-03
  125 -1.3438599E-04  126  2.3111565E-02  127  4.0011928E-03  128 -6.5684241E-03
  129  1.4092834E-02  130  2.0379012E-03  131 -4.1223417E-04  132  4.3917526E-04
  133  1.9927139E-03  134 -5.6460919E-03  135 -1.1377515E-02  136 -1.3318154E-03
  137 -2.9047278E-03  138  2.8833924E-02  139 -3.6704385E-03  140  5.2019676E-03
  141  7.4360076E-03  142  2.4436712E-03  143  2.6934152E-03  144 -8.1291509E-03
  145  1.6525102E-03  146  6.4492304E-03  147  1.6955719E-02  148 -2.6146259E-03
  149  2.0334626E-03  150 -1.6095711E-02  151  1.3978938E-03  152  1.5518710E-03
  153 -1.3777749E-02  154 -5.0655306E-03  155 -3.6545518E-03  156 -1.4187447E-03
  157 -3.5631321E-03  158 -2.7813113E-03  159  5.8683793E-03  160 -5.5762774E-04
  161  8.2918014E-03  162  3.2497225E-03  163 -1.7452243E-03  164  3.7730298E-03
  165 -5.8751959E-03  166 -1.2271535E-03  167  9.4016549E-03  168  8.2858568E-03
  169 -4.2745578E-03  170 -1.5309654E-02  171  5.6168514E-04  172 -1.3810175E-02
  173  2.9058528E-03  174  3.9732566E-03  175 -5.0728798E-03  176 -8.2604205E-05
  177  2.8321194E-03  178 -3.6634431E-03  179 -1.9952765E-03  180 -6.1045845E-03
  181  2.4267688E-03  182 -1.5577596E-03  183  7.5337707E-04  184 -5.2562068E-03
  185 -2.8324884E-03  186 -1.8479680E-03  187 -5.2244435E-03  188  1.6192276E-02
  189 -6.3343477E-03  190  9.6303441E-04  191  1.1126518E-02  192 -3.2531217E-03
  193 -3.3184614E-03  194 -2.2180707E-02  195  6.0321197E-03  196 -1.0478923E-02
  197  5.6561876E-03  198 -1.7772005E-03  199  5.0192129E-03  200  1.2419041E-02
  201  2.7821627E-03  202 -4.3206197E-03  203  1.7113172E-02  204 -5.2138046E-03
  205  3.9070056E-03  206 -1.5171851E-02  207 -2.9537014E-03  208  4.7342951E-03
  209 -8.5051489E-03  210  1.0488860E-03  211 -1.8108194E-03  212  1.1327811E-02
  213  4.8520659E-03  214 -3.3366371E-03  215  9.0324065E-03  216 -6.6128195E-03
  217  1.4233795E-04  218 -1.3295087E-02  219 -4.2113061E-03  220 -2.6891891E-03
  221 -2.3526822E-03  222 -7.4602207E-03  223  3.1461003E-03  224 -1.2993479E-02
  225  3.0129043E-03  226 -6.2229568E-04  227  8.6987765E-03  228  2.9965616E-03
  229  2.9844567E-03  230  1.4992214E-03  231 -3.2785474E-05  232 -5.8795987E-03
  233  1.4653449E-04  234  1.1995079E-03  235  1.5780601E-03  236 -3.4135461E-03
  237  8.4809628E-03  238 -1.8132366E-03  239 -1.4342688E-02  240 -2.8401962E-03
  241 -5.4465004E-03  242  1.0889292E-03  243  1.1005322E-03  244  9.7982565E-03
  245  8.5699366E-04  246  2.6458503E-03  247  1.2857993E-02  248 -3.5619918E-04
  249 -1.0661106E-03  250 -6.5054724E-03  251  4.1741588E-04  252 -1.8555630E-04
  253  3.3337221E-03  254  3.1773476E-03  255  5.4697758E-03  256 -5.4738495E-03
  257  2.5831583E-03  258  4.8468071E-03  259 -8.2741449E-03  260  6.9075767E-03
  261  5.0119481E-03  262 -1.3382763E-02  263  1.9094403E-04  264 -3.2379329E-03
  265  6.6002938E-03  266 -5.5994538E-03  267 -2.9618288E-03  268  1.8080209E-03
  269  2.2119971E-03  270 -5.1343853E-03  271 -3.8414848E-03  272 -7.3247877E-03
  273 -1.7174855E-04  274 -2.3076932E-02  275 -2.1046270E-03  276  4.8265466E-06
  277  2.1406024E-03  278 -9.8989138E-03  279 -2.6798986E-03  280 -4.0217741E-03
  281  6.5073210E-03  282  2.1837978E-03  283  3.7611591E-03  284  3.9081833E-03
  285 -5.7168078E-04  286 -3.1317289E-03  287  1.0082232E-02  288  2.8270110E-04
  289 -1.0795259E-02  290 -9.7863521E-03  291  4.7850022E-04  292  2.3921420E-03
  293 -5.5504234E-03  294  5.8365210E-03  295 -9.2483296E-03  296  3.7958229E-03
  297 -2.0796976E-03  298  1.5332153E-04  299 -2.3167417E-03  300 -3.3012285E-03
  301  1.2247402E-02  302  2.9918654E-03  303 -3.9236644E-03  304 -1.5619927E-03
  305  7.1929584E-03  306 -4.7430196E-03  307 -9.4301969E-03  308  4.0316038E-03
  309  2.8347336E-03  310  6.4022114E-04  311  5.1725763E-03  312  4.4448692E-03
  313  1.8982981E-02  314  1.3209721E-03  315  1.7930216E-03  316  1.6616002E-02
  317 -4.7382450E-03  318  2.1603122E-03  319 -9.4400399E-03  320 -6.0242037E-03
  321  8.8267405E-04  322  1.1945498E-02  323 -2.2385536E-03  324  2.2858747E-03
  325  2.4410349E-02  326  4.2660042E-05  327 -6.6622760E-03  328 -3.0636960E-03
  329  1.2938267E-02  330  1.7162618E-02  331 -5.7231846E-03  332  2.9566976E-02
  333  3.3741494E-03  334  1.1775023E-02  335 -9.3045324E-03  336 -2.1890941E-02
  337  1.5278830E-03  338 -8.1862577E-03  339 -6.8856532E-03  340  3.1125949E-03
  341 -1.9405370E-02  342  3.5812517E-03  343  1.1926085E-02  344  1.2957819E-02
  345  1.1897735E-02  346 -1.1017606E-02  347  3.3394628E-03  348 -1.3670247E-02
  349  1.8713003E-02  350 -4.2913912E-03  351  1.9089862E-02  352 -1.5108076E-02
  353 -1.6321610E-02  354  1.7456438E-02  355  1.6778070E-02  356  7.4631079E-04
  357 -1.3852549E-02  358  1.3244292E-02  359  9.2724058E-03  360  2.8966485E-03
  361 -1.7003463E-03  362  5.2914043E-03  363 -1.4007272E-04  364  1.0761013E-02
  365 -1.4421329E-03  366  2.3770829E-02  367 -3.5692159E-03  368 -1.3905677E-02
  369 -1.3567469E-02  370 -1.5179098E-03  371  1.8090984E-02  372 -7.6141613E-03
  373  9.0925902E-03  374  7.2069758E-03  375 -2.3662366E-02  376  5.8969220E-03
  377  7.4418387E-03  378  2.7134140E-02  379  3.2392057E-03  380  1.4293146E-02
  381 -3.2078136E-02  382 -1.0066831E-03  383 -8.9274441E-03  384  4.8969871E-06
  385 -5.3646918E-03  386  2.2448456E-03  387  1.3449602E-02  388 -6.0243083E-03
  389 -4.1399454E-03  390 -2.2521054E-02  391 -5.0947318E-03  392 -9.6408904E-03
  393  9.8076383E-03  394  7.2101177E-03  395 -1.6920805E-02  396  7.0276906E-04
  397 -1.8911827E-03  398 -1.5026467E-02  399  3.4936292E-03  400  1.7245114E-02
  401  4.6381733E-03  402  1.6083193E-02
 TTTTTTTTTTTTTTTTTTTTTTTTTTTTTT TOTGRA      TELAPSE     7488.46 TCPU     7485.92
 EIGENVECTORS IN FORTRAN UNIT  8
 TTTTTTTTTTTTTTTTTTTTTTTTTTTTTT END         TELAPSE     7492.26 TCPU     7489.57
 EEEEEEEEEE TERMINATION  DATE 25 03 2026 TIME 19:21:44.4
NODE    0 CPU TIME =      7489.573
NODE    1 CPU TIME =      7490.007
NODE    2 CPU TIME =      7490.131
NODE    3 CPU TIME =      7490.152
NODE    4 CPU TIME =      7489.472
NODE    5 CPU TIME =      7490.237
NODE    6 CPU TIME =      7489.968
NODE    7 CPU TIME =      7490.302
NODE    8 CPU TIME =      7488.520
NODE    9 CPU TIME =      7489.910
NODE   10 CPU TIME =      7489.687
NODE   11 CPU TIME =      7490.209
NODE   12 CPU TIME =      7490.018
NODE   13 CPU TIME =      7489.055
NODE   14 CPU TIME =      7490.039
NODE   15 CPU TIME =      7489.953
NODE   16 CPU TIME =      7490.116
NODE   17 CPU TIME =      7489.428
NODE   18 CPU TIME =      7490.067
NODE   19 CPU TIME =      7490.075
NODE   20 CPU TIME =      7490.302
NODE   21 CPU TIME =      7489.768
NODE   22 CPU TIME =      7490.160
NODE   23 CPU TIME =      7488.197
NODE   24 CPU TIME =      7488.674
NODE   25 CPU TIME =      7489.615
NODE   26 CPU TIME =      7490.153
NODE   27 CPU TIME =      7488.648
NODE   28 CPU TIME =      7490.283
NODE   29 CPU TIME =      7490.244
NODE   30 CPU TIME =      7489.452
NODE   31 CPU TIME =      7489.554
    TOTAL CPU TIME =    239671.969
------------------------------------------------------
Pcrystal finished normally
------------------------------------------------------
SCF wavefunction fort.9 saved as /users/zeitzsab/tetra_script_walkthrough/oldPyro_tetra/rdm/rdm_disp15.w
Date: 2026-03-25 19:21:44