Date: 2026-03-25 17:13:27
Running on: nid002392
Temporary directory: /scratch/project_462000878/zeitzsab/rdm_disp8_176331
Executable: /project/project_462000878/jchem/crystal/23-1.0.1-gnu/install/bin/Pcrystal
Output: /users/zeitzsab/tetra_script_walkthrough/oldPyro_tetra/rdm/rdm_disp8.out
Input data rdm_disp8.d12
converted and standardized from ase Atoms() object for Ba27Ti27O81 in space group 1
EXTERNAL
ENDGEOM 
256 6 
INPUT 
10. 0 2 2 2 1 0 
9.526986 427.845816 0 
4.487510 204.417530 0 
8.315930 293.605864 0 
4.292217 294.193316 0 
5.916108 112.550402 0 
2.874842 181.782621 0 
3.589465 -33.473174 0 
0 0 3 2.0 1.0 
2.3961900000 -5.9554766710 
2.2433050000 6.6805648241 
0.71740200000 -0.57055347037 
0 0 1 2.0 1.0 
0.27420073547 1.0000000000 
0 1 1 0.0 1.0 
0.13 1.0 1.0 
0 2 4 6.0 1.0 
2.9267420000 0.79815276764 
2.5207180000 -1.0707548832 
0.67578180854 0.34940781448 
0.31985844531 0.65041110673 
0 3 2 0.0 1.0 
0.966315 -0.908938 
0.893828 0.947240 
0 3 1 0.0 1.0 
0.273195 0.322057 
22 12 
0 0 8 2.0 1.0 
211575.69025 .23318151011E-03 
31714.945058 .18079690851E-02 
7217.5476543 .93984311352E-02 
2042.9394247 .38156853618E-01 
665.12896208 .12374757197 
238.74942264 .29208551143 
92.508691001 .41226800855 
36.403919209 .21090534061 
0 0 4 2.0 1.0 
232.72624607 -.24920140738E-01 
71.791209711 -.11746490087 
11.158534615 .56503342318 
4.6548135416 .56211101812 
0 0 2 2.0 1.0 
6.8034629174 -.23011425503 
1.1201076403 .72103186735 
0 0 1 2.0 1.0 
0.48080118839 1.0000000000 
0 0 1 0.0 1.0 
0.24 1.0 
0 1 1 0.0 1.0 
0.12 1.0 1.0 
0 2 6 6.0 1.0 
1063.1474732 .24690839320E-02 
251.56507061 .19773345523E-01 
80.408554854 .90987976672E-01 
29.768193269 .25559900413 
11.736830556 .40489386764 
4.7142375230 .23693402558 
0 2 3 6.0 1.0 
17.796803704 -.27878639615E-01 
2.4272698680 .55672914668 
0.96823445537 1.0055447350 
0 2 1 0.0 1.0 
0.37056694165 1.0000000000 
0 3 4 2.0 1.0 
37.713384723 .11513835092E-01 
10.692931184 .67246343996E-01 
3.6728446990 .21484207775 
1.3588590303 .38890892779 
0 3 1 0.0 1.0 
0.54 1.0 
0 3 1 0.0 1.0 
0.22 1.0 
8 7 
0 0 6 2.0 1.0 
27032.382631 0.21726302465E-03 
4052.3871392 0.16838662199E-02 
922.32722710 0.87395616265E-02 
261.24070989 0.35239968808E-01 
85.354641351 0.11153519115 
31.035035245 0.25588953961 
0 0 2 2.0 1.0 
12.271113873 0.39768730901 
4.9159842006 0.24627849430 
0 0 1 0.0 1.0 
0.90086482370 1.0000000000 
0 1 1 0.0 1.0 
0.25000000000 1.0 1.0 
0 2 4 4.0 1.0 
75.300554155 0.60685103418E-02 
17.743733858 0.41912575824E-01 
5.5355828651 0.16153841088 
2.0685535103 0.35706951311 
0 2 1 0.0 1.0 
0.78238772422 1.0000000000 
0 3 1 0.0 1.0 
1.2000000000 1.0000000000 
99 0 
ENDBAS 
DFT 
PBE0 
ENDDFT 
SHRINK 
0 2 
2 2 2 
TOLINTEG 
8 8 8 8 16 
MAXCYCLE 
100 
FMIXING 
80 
EXCHSIZE 
30000000 
BIPOSIZE 
30000000 
GRADCAL 
ENDEXTERNAL geometry rdm_disp8.ext is available as /scratch/project_462000878/zeitzsab/rdm_disp8_176331/fort.34
 PROCESS           22  OF           32  WORKING
 PROCESS            6  OF           32  WORKING
 PROCESS            7  OF           32  WORKING
 PROCESS           15  OF           32  WORKING
 PROCESS            5  OF           32  WORKING
 PROCESS           11  OF           32  WORKING
 PROCESS           12  OF           32  WORKING
 PROCESS           17  OF           32  WORKING
 PROCESS           18  OF           32  WORKING
 PROCESS           21  OF           32  WORKING
 PROCESS           14  OF           32  WORKING
 PROCESS           25  OF           32  WORKING
 PROCESS           30  OF           32  WORKING
 PROCESS            4  OF           32  WORKING
 PROCESS            9  OF           32  WORKING
 PROCESS           19  OF           32  WORKING
 PROCESS           26  OF           32  WORKING
 PROCESS           31  OF           32  WORKING
 PROCESS           16  OF           32  WORKING
 PROCESS           13  OF           32  WORKING
 PROCESS           24  OF           32  WORKING
 PROCESS            8  OF           32  WORKING
 PROCESS            0  OF           32  WORKING
 PROCESS           27  OF           32  WORKING
 PROCESS            2  OF           32  WORKING
 PROCESS           10  OF           32  WORKING
 PROCESS           20  OF           32  WORKING
 PROCESS           23  OF           32  WORKING
 PROCESS           28  OF           32  WORKING
 PROCESS           29  OF           32  WORKING
 PROCESS            1  OF           32  WORKING
 PROCESS            3  OF           32  WORKING

         
 *******************************************************************************
 *                                                                             *
 *                               CRYSTAL23                                     *
 *                      public : 1.0.1 - October 2022                          *
 *                       HTTP://WWW.CRYSTAL.UNITO.IT                           *
 *                                                                             *
 *                              MAIN AUTHORS                                   *
 *                                                                             *
 *  R. DOVESI(1,11), V.R. SAUNDERS(2), C. ROETTI(1,11), R. ORLANDO(1,11),      *
 *  C.M. ZICOVICH-WILSON(1,3), F. PASCALE(4), B. CIVALLERI(1,11),              *
 *  K. DOLL(5), N.M. HARRISON(6), I.J. BUSH(7), Ph. D'ARCO(8),                 *
 *  M. LLUNELL(9), M. CAUSA'(10), Y. NOEL(8), L. MASCHIO(1,11), A. ERBA(1,11)  *
 *  M. RE'RAT(14), S. CASASSA(1,11), B.G. SEARLE(2), J.K. DESMARAIS(1)         *
 *                                                                             *
 *        CONTRIBUTIONS TO THE CODE HAVE ALSO BEEN GIVEN BY                    *
 *                                                                             *
 *  M. FERRABONE(1,11), M. DE LA PIERRE(1,11), M. FERRERO(1,11),               *
 *  J. BAIMA(1,11), E. ALBANESE(1,11), M.F. PEINTINGER(12), R. BAST(13),       *
 *  B. KIRTMAN(15), V. LACIVITA(1,11), R. DEMICHELIS(1,16)                     *
 *  G. BRANDEBURG(17), S. SALUSTRO(1,11), G. SANSONE(1,11)                     *
 *  M.T. RUGGIERO(18), L.E. DAGA(1), L. DONA'(1), A. COSSARD(1)                *
 *                                                                             *
 * (1) THEORETICAL CHEMISTRY GROUP - UNIVERSITA' DI TORINO - TORINO (ITALY)    *
 * (2) SCIENTIFIC COMPUTING DEPARTMENT - STFC DARESBURY (UK)                   *
 * (3) UNIVERSIDAD AUTONOMA DEL ESTADO DE MORELOS - CUERNAVACA (MEXICO)        *
 * (4) UNIVERSITE' DE LORRAINE - NANCY (FRANCE)                                *
 * (5) UNIVERSITAET STUTTGART- STUTTGART (GERMANY)                             *
 * (6) IMPERIAL COLLEGE - LONDON (UK)                                          *
 * (7) SCIENTIFIC COMPUTING DEPARTMENT - STFC RAL (UK)                         *
 * (8) UPMC - SORBONNE UNIVERSITES - PARIS (FRANCE)                            *
 * (9) UNIVERSIDAD DE BARCELONA - BARCELONA (SPAIN)                            *
 *(10) UNIVERSITA' DI NAPOLI "FEDERICO II" - NAPOLI (ITALY)                    *
 *(11) NIS - NANOSTRUCTURED INTERFACES AND SURFACES - TORINO (ITALY)           *
 *(12) MPI FUER CHEMISCHE ENERGIEKONVERSION - MUELHEIM AN DER RUHR (GERMANY)   *
 *(13) UNIVERSITY OF TROMSO - TROMSO (NORWAY)                                  *
 *(14) UNIVERSITE' DE PAU ET DES PAYS DE L'ADOUR - PAU (FRANCE)                *
 *(15) UNIVERSITY OF CALIFORNIA SANTA BARBARA - SANTA BARBARA (USA)            *
 *(16) CURTIN UNIVERSITY - PERTH (AUSTRALIA)                                   *
 *(17) UNIVERSITY COLLEGE LONDON - LONDON (UK)                                 *
 *(18) UNIVERSITY OF VERMONT - BURLINGTON (USA)                                *
 *                                                                             *
 *******************************************************************************
 EEEEEEEEEE STARTING  DATE 25 03 2026 TIME 17:13:30.3
 converted and standardized from ase Atoms() object for Ba27Ti27O81 in space grou
 filename=fort.34                        0           0

 GEOMETRY INPUT FROM EXTERNAL FILE (FORTRAN UNIT 34)
 3D - CRYSTAL 

 *******************************************************************************
 LATTICE PARAMETERS  (ANGSTROMS AND DEGREES) - PRIMITIVE CELL
       A          B          C        ALPHA      BETA     GAMMA        VOLUME
   11.90773   11.90773   12.27480    90.00000  90.00000  90.00000   1740.493702
 INFORMATION **** CHKGRP **** SPGR WITH NO INVERSION

 NUMBER OF IRREDUCIBLE ATOMS IN THE CELL:  135

 CARTESIAN COORDINATES (ANGSTROM) - IRREDUCIBLE ATOMS AND SYMMETRY RELATED

 AT.IRR.  AT  AT.N.          X                   Y                   Z
     1     1   256   -3.293358682571E-02  9.160103808561E-04  3.502761645398E-03
     2     2   256   -1.284505742665E-02  5.785875455087E-03  4.080347842046E+00
     3     3   256   -5.199343860697E-03 -2.784409426117E-03  8.248946215163E+00
     4     4   256    1.430249662931E-02  4.003668921430E+00  1.168149139979E-02
     5     5   256   -9.236477006107E-03  3.984265239001E+00  4.153688318143E+00
     6     6   256   -2.795070368613E-02  3.997740313076E+00  8.211979245324E+00
     7     7   256   -3.390874878758E-02  7.953035225425E+00  4.163276313406E-02
     8     8   256   -3.581382152902E-02  7.941463132328E+00  4.100220009953E+00
     9     9   256    2.866233701840E-02  7.943298812619E+00  8.236866757863E+00
    10    10   256    3.981167077534E+00  2.288342051982E-02  5.675087783110E-02
    11    11   256    3.966839436602E+00 -2.257346863999E-02  4.150718930468E+00
    12    12   256    3.994109820318E+00 -1.910070706456E-02  8.184546535592E+00
    13    13   256    3.955279484763E+00  3.944773399117E+00 -2.206639575568E-03
    14    14   256    3.961190794107E+00  3.987068770326E+00  4.082893137508E+00
    15    15   256    3.974782552154E+00  3.933646675165E+00  8.226765429293E+00
    16    16   256    3.985742036837E+00  7.921654320212E+00  5.850387306700E-02
    17    17   256    3.944225944805E+00  7.909874861989E+00  4.105321778614E+00
    18    18   256    3.976300629801E+00  7.904947973044E+00  8.230004501591E+00
    19    19   256    7.918417215838E+00 -3.252448928269E-02  1.438398038908E-02
    20    20   256    7.958329425099E+00 -2.879829508975E-02  4.137201417441E+00
    21    21   256    7.919759304840E+00  2.344903584445E-02  8.235828704245E+00
    22    22   256    7.910322708631E+00  3.943284854796E+00  1.466314382751E-02
    23    23   256    7.947379168549E+00  4.004398408726E+00  4.134671267137E+00
    24    24   256    7.964321394031E+00  3.953391958120E+00  8.235486564775E+00
    25    25   256    7.926858746472E+00  7.921508697934E+00  6.048526471104E-02
    26    26   256    7.959964973687E+00  7.940362728717E+00  4.084091245821E+00
    27    27   256    7.974755650432E+00  7.947325401952E+00  8.195009113493E+00
    28    28     8    2.008636792312E+00  1.952638595179E+00  3.961217102442E+00
    29    29     8    1.944998750691E+00  1.986939906519E+00  8.057186214041E+00
    30    30     8    1.957340424580E+00  1.958378507123E+00  1.215674564780E+01
    31    31     8    1.967252073939E+00  5.939321099404E+00  3.927661241262E+00
    32    32     8    1.955431941497E+00  5.943663071540E+00  8.026851524309E+00
    33    33     8    2.022995546506E+00  5.961445949366E+00  1.215219252117E+01
    34    34     8    1.977399059976E+00  9.940891633143E+00  3.925531354656E+00
    35    35     8    1.962133689271E+00  9.899112538069E+00  8.029457875265E+00
    36    36     8    1.990240437138E+00  9.912189467485E+00  1.218189153658E+01
    37    37     8    5.930787631883E+00  2.013861913003E+00  3.975200560995E+00
    38    38     8    5.931542090266E+00  1.982521421424E+00  8.085349235567E+00
    39    39     8    5.943280785215E+00  1.960226985118E+00  1.211394368825E+01
    40    40     8    5.974683828058E+00  5.979075092722E+00  3.937579446422E+00
    41    41     8    5.930410303684E+00  5.979988883603E+00  8.033056715667E+00
    42    42     8    5.970959983946E+00  5.974003358210E+00  1.211378506024E+01
    43    43     8    5.921007557061E+00  9.945441431197E+00  3.955975240185E+00
    44    44     8    5.923188725144E+00  9.947589781480E+00  8.044501416392E+00
    45    45     8    5.952352552253E+00  9.963029538311E+00  1.214177233758E+01
    46    46     8    9.935586110067E+00  2.004183997584E+00  3.928042735186E+00
    47    47     8    9.898408246532E+00  2.003891796549E+00  8.077094021675E+00
    48    48     8    9.895337497139E+00  1.956219055312E+00  1.213914374225E+01
    49    49     8    9.957691390465E+00  5.965604294383E+00  3.944304374541E+00
    50    50     8    9.897372866269E+00  5.972636149944E+00  8.076417195406E+00
    51    51     8    9.913855087482E+00  5.971956317120E+00  1.217827789864E+01
    52    52     8    9.931571961890E+00  9.939373650395E+00  3.996178352186E+00
    53    53     8    9.940022168071E+00  9.886907301591E+00  8.054044315194E+00
    54    54     8    9.890475682514E+00  9.919099484162E+00  1.216660207280E+01
    55    55     8    1.982125524968E+00 -1.962500024531E-02  2.020540848824E+00
    56    56     8    1.973250545904E+00 -3.790382542744E-02  6.083203905794E+00
    57    57     8    2.020245565992E+00  8.167294340330E-05  1.015078024064E+01
    58    58     8    1.992450243184E+00  3.930228947056E+00  1.981711107414E+00
    59    59     8    1.949937380892E+00  3.979920567845E+00  6.094196259887E+00
    60    60     8    2.018995310595E+00  3.969912190812E+00  1.018941881266E+01
    61    61     8    2.018259450568E+00  7.921048239158E+00  1.972955095425E+00
    62    62     8    1.980213078044E+00  7.967189196025E+00  6.104884899018E+00
    63    63     8    1.988937280823E+00  7.960308480783E+00  1.020221845545E+01
    64    64     8    5.987055425065E+00 -7.549857399862E-03  2.006787368205E+00
    65    65     8    5.967160855674E+00 -1.016609247015E-03  6.115086577226E+00
    66    66     8    5.958087117841E+00  1.268760369267E-02  1.013127379220E+01
    67    67     8    5.971553066231E+00  3.946642264049E+00  1.957912814107E+00
    68    68     8    5.925010916027E+00  3.942282121493E+00  6.083729623715E+00
    69    69     8    5.924820715713E+00  3.943228580686E+00  1.017789018706E+01
    70    70     8    5.989667652312E+00  7.923363984497E+00  1.976313927951E+00
    71    71     8    5.981111620800E+00  7.960547825966E+00  6.096638097159E+00
    72    72     8    5.957439309971E+00  7.903323147791E+00  1.018769757552E+01
    73    73     8    9.887862409711E+00  1.828151156784E-02  1.980945224574E+00
    74    74     8    9.917320644468E+00  3.810496921726E-02  6.066674403152E+00
    75    75     8    9.910395215150E+00  3.732032640306E-02  1.016222699196E+01
    76    76     8    9.919099281372E+00  3.989090604234E+00  2.020272407952E+00
    77    77     8    9.961826400282E+00  3.971151834385E+00  6.067501478917E+00
    78    78     8    9.923201138781E+00  3.975331107564E+00  1.012943867166E+01
    79    79     8    9.947151181002E+00  7.963212745751E+00  1.965507710740E+00
    80    80     8    9.945706239418E+00  7.932703382167E+00  6.109869988339E+00
    81    81     8    9.938004106718E+00  7.952934721495E+00  1.020317076181E+01
    82    82     8    2.331874028239E-02  2.014161267316E+00  1.999328348130E+00
    83    83     8    1.227483679385E-02  1.956992680856E+00  6.051183703046E+00
    84    84     8   -5.461688390558E-03  1.963151723643E+00  1.013566824917E+01
    85    85     8    2.488318567599E-02  5.925525228878E+00  1.999102138677E+00
    86    86     8   -2.376999032136E-02  5.954229576170E+00  6.045204974567E+00
    87    87     8   -1.721621378995E-02  5.979997112141E+00  1.019388849453E+01
    88    88     8    1.216891392029E-02  9.916594401519E+00  1.948232864732E+00
    89    89     8    3.700518133368E-02  9.935248199791E+00  6.068247161007E+00
    90    90     8   -2.303353538999E-02  9.923441174034E+00  1.020167362238E+01
    91    91     8    3.931704853203E+00  1.998422057328E+00  1.985184424212E+00
    92    92     8    3.953390585488E+00  2.005660551733E+00  6.107474727523E+00
    93    93     8    3.995821933641E+00  1.958924657497E+00  1.018424591592E+01
    94    94     8    3.968866322347E+00  5.993850188329E+00  1.984696770575E+00
    95    95     8    3.979003394093E+00  5.925643500946E+00  6.103986588705E+00
    96    96     8    4.007270135043E+00  5.961505059704E+00  1.017875500080E+01
    97    97     8    3.970514655398E+00  9.933795184778E+00  1.947249818840E+00
    98    98     8    3.956811624747E+00  9.954693109112E+00  6.056208378264E+00
    99    99     8    3.976083994086E+00  9.898408215975E+00  1.013826447757E+01
   100   100     8    7.906995384969E+00  1.992050881055E+00  1.962259906198E+00
   101   101     8    7.962702154667E+00  1.981842709405E+00  6.109091386502E+00
   102   102     8    7.953887543123E+00  1.952150215719E+00  1.018653542177E+01
   103   103     8    7.955364026659E+00  5.953209974123E+00  2.022035613225E+00
   104   104     8    7.956055847105E+00  5.985687520731E+00  6.094072039821E+00
   105   105     8    7.937049911860E+00  5.926868625941E+00  1.013949320758E+01
   106   106     8    7.975387944285E+00  9.937275046071E+00  1.979625586827E+00
   107   107     8    7.951681803049E+00  9.923043970187E+00  6.115135736901E+00
   108   108     8    7.920893180397E+00  9.888707356250E+00  1.017930694360E+01
   109   109    22    1.954348048420E+00  1.994978748684E+00  2.171439163819E+00
   110   110    22    2.023844668767E+00  1.982975172001E+00  6.246706758847E+00
   111   111    22    1.968576108026E+00  1.998194188017E+00  1.036466597143E+01
   112   112    22    2.021564803979E+00  5.966614514112E+00  2.138906365695E+00
   113   113    22    2.020755596859E+00  5.964039248871E+00  6.225216859713E+00
   114   114    22    1.986601919241E+00  5.991065487265E+00  1.034520293887E+01
   115   115    22    1.966759160895E+00  9.887371116223E+00  2.145541894338E+00
   116   116    22    1.944843285786E+00  9.920469227029E+00  6.242298430329E+00
   117   117    22    1.958750868492E+00  9.931232945045E+00  1.030122590033E+01
   118   118    22    5.976742938196E+00  2.013881180575E+00  2.162286555629E+00
   119   119    22    5.928468800763E+00  2.001721305528E+00  6.264773748045E+00
   120   120    22    5.925019268789E+00  1.956938469610E+00  1.032942837041E+01
   121   121    22    5.958734060402E+00  5.919155795320E+00  2.128160991395E+00
   122   122    22    5.968088482365E+00  5.936740721289E+00  6.272266367003E+00
   123   123    22    5.957612605473E+00  5.990293279294E+00  1.034672710210E+01
   124   124    22    5.952730200902E+00  9.961685823176E+00  2.136914051219E+00
   125   125    22    5.939252623346E+00  9.923563574393E+00  6.276265304810E+00
   126   126    22    5.919571349638E+00  9.906316277215E+00  1.034253905207E+01
   127   127    22    9.937437625186E+00  1.948475154140E+00  2.138046472452E+00
   128   128    22    9.886997451730E+00  1.991116379487E+00  6.223106942624E+00
   129   129    22    9.890777091930E+00  2.008055715787E+00  1.032830895783E+01
   130   130    22    9.889768926500E+00  5.964532813709E+00  2.128081450427E+00
   131   131    22    9.944372942362E+00  5.965085644215E+00  6.207063600914E+00
   132   132    22    9.962599712710E+00  5.958741152424E+00  1.032652453473E+01
   133   133    22    9.917667342512E+00  9.922916259380E+00  2.187061999736E+00
   134   134    22    9.928274047580E+00  9.926891387241E+00  6.278518008528E+00
   135   135    22    9.920603994699E+00  9.935068804827E+00  1.029254344531E+01
 NUMBER OF SYMMETRY OPERATORS         :    1
 *******************************************************************************
 LATTICE PARAMETERS (ANGSTROMS AND DEGREES) - BOHR = 0.5291772083 ANGSTROM
 PRIMITIVE CELL - CENTRING CODE 1/0 VOLUME=  1740.493702 - DENSITY  6.022 g/cm^3
         A              B              C           ALPHA      BETA       GAMMA 
    11.90773305    11.90773305    12.27479580    90.000000  90.000000  90.000000
 *******************************************************************************
 ATOMS IN THE ASYMMETRIC UNIT  135 - ATOMS IN THE UNIT CELL:  135
     ATOM                 X/A                 Y/B                 Z/C    
 *******************************************************************************
      1 T 256 BA   -2.765731032718E-03  7.692567317472E-05  2.853621113109E-04
      2 T 256 BA   -1.078715602098E-03  4.858922710807E-04  3.324167593929E-01
      3 T 256 BA   -4.366359103672E-04 -2.338320328836E-04 -3.279769089794E-01
      4 T 256 BA    1.201109948405E-03  3.362242758230E-01  9.516648252342E-04
      5 T 256 BA   -7.756704796223E-04  3.345947731840E-01  3.383916429911E-01
      6 T 256 BA   -2.347273286088E-03  3.357263969800E-01 -3.309885248499E-01
      7 T 256 BA   -2.847624198930E-03 -3.321117300808E-01  3.391727553957E-03
      8 T 256 BA   -3.007610380468E-03 -3.330835433594E-01  3.340357002072E-01
      9 T 256 BA    2.407035570755E-03 -3.329293846893E-01 -3.289609951913E-01
     10 T 256 BA    3.343345925557E-01  1.921727706166E-03  4.623366348065E-03
     11 T 256 BA    3.331313710129E-01 -1.895698244595E-03  3.381497336573E-01
     12 T 256 BA    3.354215116805E-01 -1.604059058459E-03 -3.332234059981E-01
     13 T 256 BA    3.321605773454E-01  3.312782863500E-01 -1.797699620851E-04
     14 T 256 BA    3.326570034342E-01  3.348302110557E-01  3.326241188882E-01
     15 T 256 BA    3.337984262382E-01  3.303438747449E-01 -3.297839277055E-01
     16 T 256 BA    3.347187932498E-01 -3.347470684009E-01  4.766178926333E-03
     17 T 256 BA    3.312323116619E-01 -3.357362960039E-01  3.344513298228E-01
     18 T 256 BA    3.339259129428E-01 -3.361500514118E-01 -3.295200477721E-01
     19 T 256 BA   -3.350189173213E-01 -2.731375413450E-03  1.171830523574E-03
     20 T 256 BA   -3.316671282702E-01 -2.418453199180E-03  3.370484922805E-01
     21 T 256 BA   -3.349062099742E-01  1.969227538608E-03 -3.290455630842E-01
     22 T 256 BA   -3.356986862726E-01  3.311532798256E-01  1.194573340887E-03
     23 T 256 BA   -3.325867203121E-01  3.362855374664E-01  3.368423666271E-01
     24 T 256 BA   -3.311639284665E-01  3.320020646684E-01 -3.290734364172E-01
     25 T 256 BA   -3.343100056755E-01 -3.347592976201E-01  4.927598446163E-03
     26 T 256 BA   -3.315297764685E-01 -3.331759541992E-01  3.327217260772E-01
     27 T 256 BA   -3.302876696222E-01 -3.325912355793E-01 -3.323710433135E-01
     28 T   8 O     1.686833911944E-01  1.639807163110E-01  3.227114460382E-01
     29 T   8 O     1.633391294988E-01  1.668613075365E-01 -3.435991648805E-01
     30 T   8 O     1.643755714343E-01  1.644627486105E-01 -9.617280329453E-03
     31 T   8 O     1.652079422404E-01  4.987784891100E-01  3.199777255164E-01
     32 T   8 O     1.642152988555E-01  4.991431237653E-01 -3.460704638109E-01
     33 T   8 O     1.698892255991E-01 -4.993634872117E-01 -9.988213313154E-03
     34 T   8 O     1.660600763952E-01 -1.651734556526E-01  3.198042084460E-01
     35 T   8 O     1.647781052054E-01 -1.686820239836E-01 -3.458581302619E-01
     36 T   8 O     1.671384829321E-01 -1.675838359943E-01 -7.568701339667E-03
     37 T   8 O     4.980618566926E-01  1.691221918183E-01  3.238506469488E-01
     38 T   8 O     4.981252153839E-01  1.664902473963E-01 -3.413047868733E-01
     39 T   8 O     4.991110197264E-01  1.646179820195E-01 -1.310425968513E-02
     40 T   8 O    -4.982517828565E-01 -4.978830086620E-01  3.207857393784E-01
     41 T   8 O     4.980301690324E-01 -4.978062693803E-01 -3.455649408305E-01
     42 T   8 O    -4.985645077132E-01 -4.983089280617E-01 -1.311718275239E-02
     43 T   8 O     4.972405353898E-01 -1.647913679761E-01  3.222844033125E-01
     44 T   8 O     4.974237077933E-01 -1.646109515799E-01 -3.446325668088E-01
     45 T   8 O     4.998728580209E-01 -1.633143356106E-01 -1.083712222876E-02
     46 T   8 O    -1.656190083916E-01  1.683094497642E-01  3.200088049681E-01
     47 T   8 O    -1.687411697114E-01  1.682849110015E-01 -3.419773205779E-01
     48 T   8 O    -1.689990483000E-01  1.642813999187E-01 -1.105126797669E-02
     49 T   8 O    -1.637626281465E-01 -4.990142733858E-01  3.213336041436E-01
     50 T   8 O    -1.688281199528E-01 -4.984237449005E-01 -3.420324600914E-01
     51 T   8 O    -1.674439588245E-01 -4.984808366090E-01 -7.863096293523E-03
     52 T   8 O    -1.659561127053E-01 -1.653009343878E-01  3.255596604048E-01
     53 T   8 O    -1.652464724953E-01 -1.697070080362E-01 -3.438551283115E-01
     54 T   8 O    -1.694073388289E-01 -1.670035394216E-01 -8.814299558053E-03
     55 T   8 O     1.664570003917E-01 -1.648088696892E-03  1.646089174717E-01
     56 T   8 O     1.657116881625E-01 -3.183126903189E-03  4.955849372088E-01
     57 T   8 O     1.696582848733E-01  6.858815448781E-06 -1.730387693589E-01
     58 T   8 O     1.673240603243E-01  3.300568572165E-01  1.614455457918E-01
     59 T   8 O     1.637538709261E-01  3.342299118677E-01  4.964804595680E-01
     60 T   8 O     1.695532896243E-01  3.333894179641E-01 -1.698909718190E-01
     61 T   8 O     1.694914928050E-01 -3.347979665065E-01  1.607322131929E-01
     62 T   8 O     1.662963949334E-01 -3.309230932058E-01  4.973512389524E-01
     63 T   8 O     1.670290451148E-01 -3.315009290720E-01 -1.688482137150E-01
     64 T   8 O    -4.972128280063E-01 -6.340297828445E-04  1.634884523460E-01
     65 T   8 O    -4.988835548615E-01 -8.537386946336E-05  4.981823467260E-01
     66 T   8 O    -4.996455586615E-01  1.065492788543E-03 -1.746279158302E-01
     67 T   8 O    -4.985147012318E-01  3.314352318344E-01  1.595067523736E-01
     68 T   8 O     4.975767336359E-01  3.310690712446E-01  4.956277662652E-01
     69 T   8 O     4.975607607959E-01  3.311485539799E-01 -1.708301830110E-01
     70 T   8 O    -4.969934556677E-01 -3.346034924341E-01  1.610058497226E-01
     71 T   8 O    -4.977119829874E-01 -3.314808290932E-01  4.966793905573E-01
     72 T   8 O    -4.996999609450E-01 -3.362865026781E-01 -1.700311971367E-01
     73 T   8 O    -1.696267989723E-01  1.535263806392E-03  1.613831510398E-01
     74 T   8 O    -1.671529246730E-01  3.200018765727E-03  4.942383158139E-01
     75 T   8 O    -1.677345155844E-01  3.134125214796E-03 -1.721062282792E-01
     76 T   8 O    -1.670035564518E-01  3.350000027279E-01  1.645870481978E-01
     77 T   8 O    -1.634153739882E-01  3.334935220424E-01  4.943056958159E-01
     78 T   8 O    -1.666590864009E-01  3.338444933953E-01 -1.747774189728E-01
     79 T   8 O    -1.646477848273E-01 -3.312570316857E-01  1.601254915165E-01
     80 T   8 O    -1.647691296356E-01 -3.338191787758E-01  4.977573629648E-01
     81 T   8 O    -1.654159473522E-01 -3.321201703043E-01 -1.687706314582E-01
     82 T   8 O     1.958285442281E-03  1.691473313064E-01  1.628807827606E-01
     83 T   8 O     1.030829020293E-03  1.643463682499E-01  4.929763233248E-01
     84 T   8 O    -4.586673523520E-04  1.648635987555E-01 -1.742699093076E-01
     85 T   8 O     2.089666065867E-03  4.976199251358E-01  1.628623539853E-01
     86 T   8 O    -1.996180987729E-03 -4.999695113109E-01  4.924892497655E-01
     87 T   8 O    -1.445801120806E-03 -4.978055783556E-01 -1.695268368920E-01
     88 T   8 O     1.021933718970E-03 -1.672139138592E-01  1.587181486744E-01
     89 T   8 O     3.107659634147E-03 -1.656473857725E-01  4.943664448583E-01
     90 T   8 O    -1.934334208978E-03 -1.666389284706E-01 -1.688926000399E-01
     91 T   8 O     3.301808023991E-01  1.678255675481E-01  1.617285090976E-01
     92 T   8 O     3.320019493960E-01  1.684334493653E-01  4.975622264546E-01
     93 T   8 O     3.355652933151E-01  1.645086137950E-01 -1.703123960790E-01
     94 T   8 O     3.333015869337E-01 -4.966422103048E-01  1.616887810529E-01
     95 T   8 O     3.341528884957E-01  4.976298575106E-01  4.972780556321E-01
     96 T   8 O     3.365267022881E-01 -4.993585231822E-01 -1.707597285810E-01
     97 T   8 O     3.334400123623E-01 -1.657694085796E-01  1.586380621370E-01
     98 T   8 O     3.322892449917E-01 -1.640144209387E-01  4.933856723110E-01
     99 T   8 O     3.339077200833E-01 -1.687411722775E-01 -1.740584004201E-01
    100 T   8 O    -3.359781117222E-01  1.672905222758E-01  1.598609001868E-01
    101 T   8 O    -3.312999106352E-01  1.664332498120E-01  4.976939320247E-01
    102 T   8 O    -3.320401532580E-01  1.639397026724E-01 -1.701258751883E-01
    103 T   8 O    -3.319161595869E-01  4.999448634871E-01  1.647306925648E-01
    104 T   8 O    -3.318580611694E-01 -4.973277033002E-01  4.964703396386E-01
    105 T   8 O    -3.334541613813E-01  4.977327423326E-01 -1.739582985503E-01
    106 T   8 O    -3.302345701909E-01 -1.654771731660E-01  1.612756431213E-01
    107 T   8 O    -3.322253891937E-01 -1.666722852687E-01  4.981863516541E-01
    108 T   8 O    -3.348109881925E-01 -1.695558411725E-01 -1.707147630434E-01
    109 T  22 TI    1.641242745545E-01  1.675364017909E-01  1.769022637280E-01
    110 T  22 TI    1.699605340722E-01  1.665283529346E-01 -4.910948531749E-01
    111 T  22 TI    1.653191333531E-01  1.678064313020E-01 -1.556139800359E-01
    112 T  22 TI    1.697690732141E-01 -4.989294361018E-01  1.742518898518E-01
    113 T  22 TI    1.697011167763E-01 -4.991457044067E-01 -4.928455869129E-01
    114 T  22 TI    1.668329236891E-01 -4.968760668291E-01 -1.571995895142E-01
    115 T  22 TI    1.651665478758E-01 -1.696680573283E-01  1.747924714428E-01
    116 T  22 TI    1.633260737052E-01 -1.668885097295E-01 -4.914539897821E-01
    117 T  22 TI    1.644940191611E-01 -1.659845830148E-01 -1.607822999115E-01
    118 T  22 TI   -4.980788607621E-01  1.691238098905E-01  1.761566213288E-01
    119 T  22 TI    4.978671234793E-01  1.681026352474E-01 -4.896229762091E-01
    120 T  22 TI    4.975774350928E-01  1.643418156414E-01 -1.584847081197E-01
    121 T  22 TI   -4.995912290457E-01  4.970850262150E-01  1.733764883807E-01
    122 T  22 TI   -4.988056536618E-01  4.985617914309E-01 -4.890125693983E-01
    123 T  22 TI   -4.996854077550E-01 -4.969409161138E-01 -1.570754193648E-01
    124 T  22 TI    4.999045725921E-01 -1.634271795187E-01  1.740895804734E-01
    125 T  22 TI    4.987727385563E-01 -1.666286494058E-01 -4.886867849313E-01
    126 T  22 TI    4.971199240680E-01 -1.680770608797E-01 -1.574166103792E-01
    127 T  22 TI   -1.654635199278E-01  1.636310745260E-01  1.741818362838E-01
    128 T  22 TI   -1.696994373140E-01  1.672120437304E-01 -4.930174771116E-01
    129 T  22 TI   -1.693820267553E-01  1.686345929452E-01 -1.585759041443E-01
    130 T  22 TI   -1.694666915211E-01 -4.991042553050E-01  1.733700083571E-01
    131 T  22 TI   -1.648810986435E-01 -4.990578291294E-01 -4.943244920690E-01
    132 T  22 TI   -1.633504319523E-01 -4.995906334645E-01 -1.587212770801E-01
    133 T  22 TI   -1.671238093037E-01 -1.666830102998E-01  1.781750210245E-01
    134 T  22 TI   -1.662330683858E-01 -1.663491828748E-01 -4.885032622271E-01
    135 T  22 TI   -1.668771920698E-01 -1.656624511895E-01 -1.614896399895E-01

 T = ATOM BELONGING TO THE ASYMMETRIC UNIT
 *******************************************************************************
 * GEOMETRY EDITING - INPUT COORDINATES ARE GIVEN IN ANGSTROM         
 *******************************************************************************

 GCALCO - MAX INDICES DIRECT LATTICE VECTOR    15    15    14
 NO.OF VECTORS CREATED 6999 STARS  514 RMAX   270.02825 BOHR

 GEOMETRY FOR WAVE FUNCTION - DIMENSIONALITY OF THE SYSTEM    3
 (NON PERIODIC DIRECTION: LATTICE PARAMETER FORMALLY SET TO 500)
 *******************************************************************************
 LATTICE PARAMETERS (ANGSTROMS AND DEGREES) - BOHR = 0.5291772083 ANGSTROM
 PRIMITIVE CELL - CENTRING CODE 1/0 VOLUME=  1740.493702 - DENSITY  6.022 g/cm^3
         A              B              C           ALPHA      BETA       GAMMA 
    11.90773305    11.90773305    12.27479580    90.000000  90.000000  90.000000
 *******************************************************************************
 ATOMS IN THE ASYMMETRIC UNIT  135 - ATOMS IN THE UNIT CELL:  135
     ATOM                 X/A                 Y/B                 Z/C    
 *******************************************************************************
      1 T 256 BA   -2.765731032718E-03  7.692567317472E-05  2.853621113109E-04
      2 T 256 BA   -1.078715602098E-03  4.858922710807E-04  3.324167593929E-01
      3 T 256 BA   -4.366359103672E-04 -2.338320328836E-04 -3.279769089794E-01
      4 T 256 BA    1.201109948405E-03  3.362242758230E-01  9.516648252342E-04
      5 T 256 BA   -7.756704796223E-04  3.345947731840E-01  3.383916429911E-01
      6 T 256 BA   -2.347273286088E-03  3.357263969800E-01 -3.309885248499E-01
      7 T 256 BA   -2.847624198930E-03 -3.321117300808E-01  3.391727553957E-03
      8 T 256 BA   -3.007610380468E-03 -3.330835433594E-01  3.340357002072E-01
      9 T 256 BA    2.407035570755E-03 -3.329293846893E-01 -3.289609951913E-01
     10 T 256 BA    3.343345925557E-01  1.921727706166E-03  4.623366348065E-03
     11 T 256 BA    3.331313710129E-01 -1.895698244595E-03  3.381497336573E-01
     12 T 256 BA    3.354215116805E-01 -1.604059058459E-03 -3.332234059981E-01
     13 T 256 BA    3.321605773454E-01  3.312782863500E-01 -1.797699620851E-04
     14 T 256 BA    3.326570034342E-01  3.348302110557E-01  3.326241188882E-01
     15 T 256 BA    3.337984262382E-01  3.303438747449E-01 -3.297839277055E-01
     16 T 256 BA    3.347187932498E-01 -3.347470684009E-01  4.766178926333E-03
     17 T 256 BA    3.312323116619E-01 -3.357362960039E-01  3.344513298228E-01
     18 T 256 BA    3.339259129428E-01 -3.361500514118E-01 -3.295200477721E-01
     19 T 256 BA   -3.350189173213E-01 -2.731375413450E-03  1.171830523574E-03
     20 T 256 BA   -3.316671282702E-01 -2.418453199180E-03  3.370484922805E-01
     21 T 256 BA   -3.349062099742E-01  1.969227538608E-03 -3.290455630842E-01
     22 T 256 BA   -3.356986862726E-01  3.311532798256E-01  1.194573340887E-03
     23 T 256 BA   -3.325867203121E-01  3.362855374664E-01  3.368423666271E-01
     24 T 256 BA   -3.311639284665E-01  3.320020646684E-01 -3.290734364172E-01
     25 T 256 BA   -3.343100056755E-01 -3.347592976201E-01  4.927598446163E-03
     26 T 256 BA   -3.315297764685E-01 -3.331759541992E-01  3.327217260772E-01
     27 T 256 BA   -3.302876696222E-01 -3.325912355793E-01 -3.323710433135E-01
     28 T   8 O     1.686833911944E-01  1.639807163110E-01  3.227114460382E-01
     29 T   8 O     1.633391294988E-01  1.668613075365E-01 -3.435991648805E-01
     30 T   8 O     1.643755714343E-01  1.644627486105E-01 -9.617280329453E-03
     31 T   8 O     1.652079422404E-01  4.987784891100E-01  3.199777255164E-01
     32 T   8 O     1.642152988555E-01  4.991431237653E-01 -3.460704638109E-01
     33 T   8 O     1.698892255991E-01 -4.993634872117E-01 -9.988213313154E-03
     34 T   8 O     1.660600763952E-01 -1.651734556526E-01  3.198042084460E-01
     35 T   8 O     1.647781052054E-01 -1.686820239836E-01 -3.458581302619E-01
     36 T   8 O     1.671384829321E-01 -1.675838359943E-01 -7.568701339667E-03
     37 T   8 O     4.980618566926E-01  1.691221918183E-01  3.238506469488E-01
     38 T   8 O     4.981252153839E-01  1.664902473963E-01 -3.413047868733E-01
     39 T   8 O     4.991110197264E-01  1.646179820195E-01 -1.310425968513E-02
     40 T   8 O    -4.982517828565E-01 -4.978830086620E-01  3.207857393784E-01
     41 T   8 O     4.980301690324E-01 -4.978062693803E-01 -3.455649408305E-01
     42 T   8 O    -4.985645077132E-01 -4.983089280617E-01 -1.311718275239E-02
     43 T   8 O     4.972405353898E-01 -1.647913679761E-01  3.222844033125E-01
     44 T   8 O     4.974237077933E-01 -1.646109515799E-01 -3.446325668088E-01
     45 T   8 O     4.998728580209E-01 -1.633143356106E-01 -1.083712222876E-02
     46 T   8 O    -1.656190083916E-01  1.683094497642E-01  3.200088049681E-01
     47 T   8 O    -1.687411697114E-01  1.682849110015E-01 -3.419773205779E-01
     48 T   8 O    -1.689990483000E-01  1.642813999187E-01 -1.105126797669E-02
     49 T   8 O    -1.637626281465E-01 -4.990142733858E-01  3.213336041436E-01
     50 T   8 O    -1.688281199528E-01 -4.984237449005E-01 -3.420324600914E-01
     51 T   8 O    -1.674439588245E-01 -4.984808366090E-01 -7.863096293523E-03
     52 T   8 O    -1.659561127053E-01 -1.653009343878E-01  3.255596604048E-01
     53 T   8 O    -1.652464724953E-01 -1.697070080362E-01 -3.438551283115E-01
     54 T   8 O    -1.694073388289E-01 -1.670035394216E-01 -8.814299558053E-03
     55 T   8 O     1.664570003917E-01 -1.648088696892E-03  1.646089174717E-01
     56 T   8 O     1.657116881625E-01 -3.183126903189E-03  4.955849372088E-01
     57 T   8 O     1.696582848733E-01  6.858815448781E-06 -1.730387693589E-01
     58 T   8 O     1.673240603243E-01  3.300568572165E-01  1.614455457918E-01
     59 T   8 O     1.637538709261E-01  3.342299118677E-01  4.964804595680E-01
     60 T   8 O     1.695532896243E-01  3.333894179641E-01 -1.698909718190E-01
     61 T   8 O     1.694914928050E-01 -3.347979665065E-01  1.607322131929E-01
     62 T   8 O     1.662963949334E-01 -3.309230932058E-01  4.973512389524E-01
     63 T   8 O     1.670290451148E-01 -3.315009290720E-01 -1.688482137150E-01
     64 T   8 O    -4.972128280063E-01 -6.340297828445E-04  1.634884523460E-01
     65 T   8 O    -4.988835548615E-01 -8.537386946336E-05  4.981823467260E-01
     66 T   8 O    -4.996455586615E-01  1.065492788543E-03 -1.746279158302E-01
     67 T   8 O    -4.985147012318E-01  3.314352318344E-01  1.595067523736E-01
     68 T   8 O     4.975767336359E-01  3.310690712446E-01  4.956277662652E-01
     69 T   8 O     4.975607607959E-01  3.311485539799E-01 -1.708301830110E-01
     70 T   8 O    -4.969934556677E-01 -3.346034924341E-01  1.610058497226E-01
     71 T   8 O    -4.977119829874E-01 -3.314808290932E-01  4.966793905573E-01
     72 T   8 O    -4.996999609450E-01 -3.362865026781E-01 -1.700311971367E-01
     73 T   8 O    -1.696267989723E-01  1.535263806392E-03  1.613831510398E-01
     74 T   8 O    -1.671529246730E-01  3.200018765727E-03  4.942383158139E-01
     75 T   8 O    -1.677345155844E-01  3.134125214796E-03 -1.721062282792E-01
     76 T   8 O    -1.670035564518E-01  3.350000027279E-01  1.645870481978E-01
     77 T   8 O    -1.634153739882E-01  3.334935220424E-01  4.943056958159E-01
     78 T   8 O    -1.666590864009E-01  3.338444933953E-01 -1.747774189728E-01
     79 T   8 O    -1.646477848273E-01 -3.312570316857E-01  1.601254915165E-01
     80 T   8 O    -1.647691296356E-01 -3.338191787758E-01  4.977573629648E-01
     81 T   8 O    -1.654159473522E-01 -3.321201703043E-01 -1.687706314582E-01
     82 T   8 O     1.958285442281E-03  1.691473313064E-01  1.628807827606E-01
     83 T   8 O     1.030829020293E-03  1.643463682499E-01  4.929763233248E-01
     84 T   8 O    -4.586673523520E-04  1.648635987555E-01 -1.742699093076E-01
     85 T   8 O     2.089666065867E-03  4.976199251358E-01  1.628623539853E-01
     86 T   8 O    -1.996180987729E-03 -4.999695113109E-01  4.924892497655E-01
     87 T   8 O    -1.445801120806E-03 -4.978055783556E-01 -1.695268368920E-01
     88 T   8 O     1.021933718970E-03 -1.672139138592E-01  1.587181486744E-01
     89 T   8 O     3.107659634147E-03 -1.656473857725E-01  4.943664448583E-01
     90 T   8 O    -1.934334208978E-03 -1.666389284706E-01 -1.688926000399E-01
     91 T   8 O     3.301808023991E-01  1.678255675481E-01  1.617285090976E-01
     92 T   8 O     3.320019493960E-01  1.684334493653E-01  4.975622264546E-01
     93 T   8 O     3.355652933151E-01  1.645086137950E-01 -1.703123960790E-01
     94 T   8 O     3.333015869337E-01 -4.966422103048E-01  1.616887810529E-01
     95 T   8 O     3.341528884957E-01  4.976298575106E-01  4.972780556321E-01
     96 T   8 O     3.365267022881E-01 -4.993585231822E-01 -1.707597285810E-01
     97 T   8 O     3.334400123623E-01 -1.657694085796E-01  1.586380621370E-01
     98 T   8 O     3.322892449917E-01 -1.640144209387E-01  4.933856723110E-01
     99 T   8 O     3.339077200833E-01 -1.687411722775E-01 -1.740584004201E-01
    100 T   8 O    -3.359781117222E-01  1.672905222758E-01  1.598609001868E-01
    101 T   8 O    -3.312999106352E-01  1.664332498120E-01  4.976939320247E-01
    102 T   8 O    -3.320401532580E-01  1.639397026724E-01 -1.701258751883E-01
    103 T   8 O    -3.319161595869E-01  4.999448634871E-01  1.647306925648E-01
    104 T   8 O    -3.318580611694E-01 -4.973277033002E-01  4.964703396386E-01
    105 T   8 O    -3.334541613813E-01  4.977327423326E-01 -1.739582985503E-01
    106 T   8 O    -3.302345701909E-01 -1.654771731660E-01  1.612756431213E-01
    107 T   8 O    -3.322253891937E-01 -1.666722852687E-01  4.981863516541E-01
    108 T   8 O    -3.348109881925E-01 -1.695558411725E-01 -1.707147630434E-01
    109 T  22 TI    1.641242745545E-01  1.675364017909E-01  1.769022637280E-01
    110 T  22 TI    1.699605340722E-01  1.665283529346E-01 -4.910948531749E-01
    111 T  22 TI    1.653191333531E-01  1.678064313020E-01 -1.556139800359E-01
    112 T  22 TI    1.697690732141E-01 -4.989294361018E-01  1.742518898518E-01
    113 T  22 TI    1.697011167763E-01 -4.991457044067E-01 -4.928455869129E-01
    114 T  22 TI    1.668329236891E-01 -4.968760668291E-01 -1.571995895142E-01
    115 T  22 TI    1.651665478758E-01 -1.696680573283E-01  1.747924714428E-01
    116 T  22 TI    1.633260737052E-01 -1.668885097295E-01 -4.914539897821E-01
    117 T  22 TI    1.644940191611E-01 -1.659845830148E-01 -1.607822999115E-01
    118 T  22 TI   -4.980788607621E-01  1.691238098905E-01  1.761566213288E-01
    119 T  22 TI    4.978671234793E-01  1.681026352474E-01 -4.896229762091E-01
    120 T  22 TI    4.975774350928E-01  1.643418156414E-01 -1.584847081197E-01
    121 T  22 TI   -4.995912290457E-01  4.970850262150E-01  1.733764883807E-01
    122 T  22 TI   -4.988056536618E-01  4.985617914309E-01 -4.890125693983E-01
    123 T  22 TI   -4.996854077550E-01 -4.969409161138E-01 -1.570754193648E-01
    124 T  22 TI    4.999045725921E-01 -1.634271795187E-01  1.740895804734E-01
    125 T  22 TI    4.987727385563E-01 -1.666286494058E-01 -4.886867849313E-01
    126 T  22 TI    4.971199240680E-01 -1.680770608797E-01 -1.574166103792E-01
    127 T  22 TI   -1.654635199278E-01  1.636310745260E-01  1.741818362838E-01
    128 T  22 TI   -1.696994373140E-01  1.672120437304E-01 -4.930174771116E-01
    129 T  22 TI   -1.693820267553E-01  1.686345929452E-01 -1.585759041443E-01
    130 T  22 TI   -1.694666915211E-01 -4.991042553050E-01  1.733700083571E-01
    131 T  22 TI   -1.648810986435E-01 -4.990578291294E-01 -4.943244920690E-01
    132 T  22 TI   -1.633504319523E-01 -4.995906334645E-01 -1.587212770801E-01
    133 T  22 TI   -1.671238093037E-01 -1.666830102998E-01  1.781750210245E-01
    134 T  22 TI   -1.662330683858E-01 -1.663491828748E-01 -4.885032622271E-01
    135 T  22 TI   -1.668771920698E-01 -1.656624511895E-01 -1.614896399895E-01

 T = ATOM BELONGING TO THE ASYMMETRIC UNIT

 ****    1 SYMMOPS - TRANSLATORS IN FRACTIONAL UNITS
 **** MATRICES AND TRANSLATORS IN THE CRYSTALLOGRAPHIC REFERENCE FRAME
   V INV                    ROTATION MATRICES                   TRANSLATORS
   1   1  1.00  0.00  0.00  0.00  1.00  0.00  0.00  0.00  1.00  0.00  0.00  0.00

 DIRECT LATTICE VECTORS CARTESIAN COMPONENTS (ANGSTROM)
          X                    Y                    Z
   0.119077330500E+02   0.000000000000E+00   0.000000000000E+00
   0.000000000000E+00   0.119077330500E+02   0.000000000000E+00
   0.000000000000E+00   0.000000000000E+00   0.122747958000E+02


 CARTESIAN COORDINATES - PRIMITIVE CELL
 *******************************************************************************
 *      ATOM          X(ANGSTROM)         Y(ANGSTROM)         Z(ANGSTROM)
 *******************************************************************************
    1   256 BA   -3.293358682571E-02  9.160103808561E-04  3.502761645398E-03
    2   256 BA   -1.284505742665E-02  5.785875455087E-03  4.080347842046E+00
    3   256 BA   -5.199343860697E-03 -2.784409426117E-03  8.248946215163E+00
    4   256 BA    1.430249662931E-02  4.003668921430E+00  1.168149139979E-02
    5   256 BA   -9.236477006107E-03  3.984265239001E+00  4.153688318143E+00
    6   256 BA   -2.795070368613E-02  3.997740313076E+00  8.211979245324E+00
    7   256 BA   -3.390874878758E-02  7.953035225425E+00  4.163276313406E-02
    8   256 BA   -3.581382152902E-02  7.941463132328E+00  4.100220009953E+00
    9   256 BA    2.866233701840E-02  7.943298812619E+00  8.236866757863E+00
   10   256 BA    3.981167077534E+00  2.288342051982E-02  5.675087783110E-02
   11   256 BA    3.966839436602E+00 -2.257346863999E-02  4.150718930468E+00
   12   256 BA    3.994109820318E+00 -1.910070706456E-02  8.184546535592E+00
   13   256 BA    3.955279484763E+00  3.944773399117E+00 -2.206639575568E-03
   14   256 BA    3.961190794107E+00  3.987068770326E+00  4.082893137508E+00
   15   256 BA    3.974782552154E+00  3.933646675165E+00  8.226765429293E+00
   16   256 BA    3.985742036837E+00  7.921654320212E+00  5.850387306700E-02
   17   256 BA    3.944225944805E+00  7.909874861989E+00  4.105321778614E+00
   18   256 BA    3.976300629801E+00  7.904947973044E+00  8.230004501591E+00
   19   256 BA    7.918417215838E+00 -3.252448928269E-02  1.438398038908E-02
   20   256 BA    7.958329425099E+00 -2.879829508975E-02  4.137201417441E+00
   21   256 BA    7.919759304840E+00  2.344903584445E-02  8.235828704245E+00
   22   256 BA    7.910322708631E+00  3.943284854796E+00  1.466314382751E-02
   23   256 BA    7.947379168549E+00  4.004398408726E+00  4.134671267137E+00
   24   256 BA    7.964321394031E+00  3.953391958120E+00  8.235486564775E+00
   25   256 BA    7.926858746472E+00  7.921508697934E+00  6.048526471104E-02
   26   256 BA    7.959964973687E+00  7.940362728717E+00  4.084091245821E+00
   27   256 BA    7.974755650432E+00  7.947325401952E+00  8.195009113493E+00
   28     8 O     2.008636792312E+00  1.952638595179E+00  3.961217102442E+00
   29     8 O     1.944998750691E+00  1.986939906519E+00  8.057186214041E+00
   30     8 O     1.957340424580E+00  1.958378507123E+00  1.215674564780E+01
   31     8 O     1.967252073939E+00  5.939321099404E+00  3.927661241262E+00
   32     8 O     1.955431941497E+00  5.943663071540E+00  8.026851524309E+00
   33     8 O     2.022995546506E+00  5.961445949366E+00  1.215219252117E+01
   34     8 O     1.977399059976E+00  9.940891633143E+00  3.925531354656E+00
   35     8 O     1.962133689271E+00  9.899112538069E+00  8.029457875265E+00
   36     8 O     1.990240437138E+00  9.912189467485E+00  1.218189153658E+01
   37     8 O     5.930787631883E+00  2.013861913003E+00  3.975200560995E+00
   38     8 O     5.931542090266E+00  1.982521421424E+00  8.085349235567E+00
   39     8 O     5.943280785215E+00  1.960226985118E+00  1.211394368825E+01
   40     8 O     5.974683828058E+00  5.979075092722E+00  3.937579446422E+00
   41     8 O     5.930410303684E+00  5.979988883603E+00  8.033056715667E+00
   42     8 O     5.970959983946E+00  5.974003358210E+00  1.211378506024E+01
   43     8 O     5.921007557061E+00  9.945441431197E+00  3.955975240185E+00
   44     8 O     5.923188725144E+00  9.947589781480E+00  8.044501416392E+00
   45     8 O     5.952352552253E+00  9.963029538311E+00  1.214177233758E+01
   46     8 O     9.935586110067E+00  2.004183997584E+00  3.928042735186E+00
   47     8 O     9.898408246532E+00  2.003891796549E+00  8.077094021675E+00
   48     8 O     9.895337497139E+00  1.956219055312E+00  1.213914374225E+01
   49     8 O     9.957691390465E+00  5.965604294383E+00  3.944304374541E+00
   50     8 O     9.897372866269E+00  5.972636149944E+00  8.076417195406E+00
   51     8 O     9.913855087482E+00  5.971956317120E+00  1.217827789864E+01
   52     8 O     9.931571961890E+00  9.939373650395E+00  3.996178352186E+00
   53     8 O     9.940022168071E+00  9.886907301591E+00  8.054044315194E+00
   54     8 O     9.890475682514E+00  9.919099484162E+00  1.216660207280E+01
   55     8 O     1.982125524968E+00 -1.962500024531E-02  2.020540848824E+00
   56     8 O     1.973250545904E+00 -3.790382542744E-02  6.083203905794E+00
   57     8 O     2.020245565992E+00  8.167294340330E-05  1.015078024064E+01
   58     8 O     1.992450243184E+00  3.930228947056E+00  1.981711107414E+00
   59     8 O     1.949937380892E+00  3.979920567845E+00  6.094196259887E+00
   60     8 O     2.018995310595E+00  3.969912190812E+00  1.018941881266E+01
   61     8 O     2.018259450568E+00  7.921048239158E+00  1.972955095425E+00
   62     8 O     1.980213078044E+00  7.967189196025E+00  6.104884899018E+00
   63     8 O     1.988937280823E+00  7.960308480783E+00  1.020221845545E+01
   64     8 O     5.987055425065E+00 -7.549857399862E-03  2.006787368205E+00
   65     8 O     5.967160855674E+00 -1.016609247015E-03  6.115086577226E+00
   66     8 O     5.958087117841E+00  1.268760369267E-02  1.013127379220E+01
   67     8 O     5.971553066231E+00  3.946642264049E+00  1.957912814107E+00
   68     8 O     5.925010916027E+00  3.942282121493E+00  6.083729623715E+00
   69     8 O     5.924820715713E+00  3.943228580686E+00  1.017789018706E+01
   70     8 O     5.989667652312E+00  7.923363984497E+00  1.976313927951E+00
   71     8 O     5.981111620800E+00  7.960547825966E+00  6.096638097159E+00
   72     8 O     5.957439309971E+00  7.903323147791E+00  1.018769757552E+01
   73     8 O     9.887862409711E+00  1.828151156784E-02  1.980945224574E+00
   74     8 O     9.917320644468E+00  3.810496921726E-02  6.066674403152E+00
   75     8 O     9.910395215150E+00  3.732032640306E-02  1.016222699196E+01
   76     8 O     9.919099281372E+00  3.989090604234E+00  2.020272407952E+00
   77     8 O     9.961826400282E+00  3.971151834385E+00  6.067501478917E+00
   78     8 O     9.923201138781E+00  3.975331107564E+00  1.012943867166E+01
   79     8 O     9.947151181002E+00  7.963212745751E+00  1.965507710740E+00
   80     8 O     9.945706239418E+00  7.932703382167E+00  6.109869988339E+00
   81     8 O     9.938004106718E+00  7.952934721495E+00  1.020317076181E+01
   82     8 O     2.331874028239E-02  2.014161267316E+00  1.999328348130E+00
   83     8 O     1.227483679385E-02  1.956992680856E+00  6.051183703046E+00
   84     8 O    -5.461688390558E-03  1.963151723643E+00  1.013566824917E+01
   85     8 O     2.488318567599E-02  5.925525228878E+00  1.999102138677E+00
   86     8 O    -2.376999032136E-02  5.954229576170E+00  6.045204974567E+00
   87     8 O    -1.721621378995E-02  5.979997112141E+00  1.019388849453E+01
   88     8 O     1.216891392029E-02  9.916594401519E+00  1.948232864732E+00
   89     8 O     3.700518133368E-02  9.935248199791E+00  6.068247161007E+00
   90     8 O    -2.303353538999E-02  9.923441174034E+00  1.020167362238E+01
   91     8 O     3.931704853203E+00  1.998422057328E+00  1.985184424212E+00
   92     8 O     3.953390585488E+00  2.005660551733E+00  6.107474727523E+00
   93     8 O     3.995821933641E+00  1.958924657497E+00  1.018424591592E+01
   94     8 O     3.968866322347E+00  5.993850188329E+00  1.984696770575E+00
   95     8 O     3.979003394093E+00  5.925643500946E+00  6.103986588705E+00
   96     8 O     4.007270135043E+00  5.961505059704E+00  1.017875500080E+01
   97     8 O     3.970514655398E+00  9.933795184778E+00  1.947249818840E+00
   98     8 O     3.956811624747E+00  9.954693109112E+00  6.056208378264E+00
   99     8 O     3.976083994086E+00  9.898408215975E+00  1.013826447757E+01
  100     8 O     7.906995384969E+00  1.992050881055E+00  1.962259906198E+00
  101     8 O     7.962702154667E+00  1.981842709405E+00  6.109091386502E+00
  102     8 O     7.953887543123E+00  1.952150215719E+00  1.018653542177E+01
  103     8 O     7.955364026659E+00  5.953209974123E+00  2.022035613225E+00
  104     8 O     7.956055847105E+00  5.985687520731E+00  6.094072039821E+00
  105     8 O     7.937049911860E+00  5.926868625941E+00  1.013949320758E+01
  106     8 O     7.975387944285E+00  9.937275046071E+00  1.979625586827E+00
  107     8 O     7.951681803049E+00  9.923043970187E+00  6.115135736901E+00
  108     8 O     7.920893180397E+00  9.888707356250E+00  1.017930694360E+01
  109    22 TI    1.954348048420E+00  1.994978748684E+00  2.171439163819E+00
  110    22 TI    2.023844668767E+00  1.982975172001E+00  6.246706758847E+00
  111    22 TI    1.968576108026E+00  1.998194188017E+00  1.036466597143E+01
  112    22 TI    2.021564803979E+00  5.966614514112E+00  2.138906365695E+00
  113    22 TI    2.020755596859E+00  5.964039248871E+00  6.225216859713E+00
  114    22 TI    1.986601919241E+00  5.991065487265E+00  1.034520293887E+01
  115    22 TI    1.966759160895E+00  9.887371116223E+00  2.145541894338E+00
  116    22 TI    1.944843285786E+00  9.920469227029E+00  6.242298430329E+00
  117    22 TI    1.958750868492E+00  9.931232945045E+00  1.030122590033E+01
  118    22 TI    5.976742938196E+00  2.013881180575E+00  2.162286555629E+00
  119    22 TI    5.928468800763E+00  2.001721305528E+00  6.264773748045E+00
  120    22 TI    5.925019268789E+00  1.956938469610E+00  1.032942837041E+01
  121    22 TI    5.958734060402E+00  5.919155795320E+00  2.128160991395E+00
  122    22 TI    5.968088482365E+00  5.936740721289E+00  6.272266367003E+00
  123    22 TI    5.957612605473E+00  5.990293279294E+00  1.034672710210E+01
  124    22 TI    5.952730200902E+00  9.961685823176E+00  2.136914051219E+00
  125    22 TI    5.939252623346E+00  9.923563574393E+00  6.276265304810E+00
  126    22 TI    5.919571349638E+00  9.906316277215E+00  1.034253905207E+01
  127    22 TI    9.937437625186E+00  1.948475154140E+00  2.138046472452E+00
  128    22 TI    9.886997451730E+00  1.991116379487E+00  6.223106942624E+00
  129    22 TI    9.890777091930E+00  2.008055715787E+00  1.032830895783E+01
  130    22 TI    9.889768926500E+00  5.964532813709E+00  2.128081450427E+00
  131    22 TI    9.944372942362E+00  5.965085644215E+00  6.207063600914E+00
  132    22 TI    9.962599712710E+00  5.958741152424E+00  1.032652453473E+01
  133    22 TI    9.917667342512E+00  9.922916259380E+00  2.187061999736E+00
  134    22 TI    9.928274047580E+00  9.926891387241E+00  6.278518008528E+00
  135    22 TI    9.920603994699E+00  9.935068804827E+00  1.029254344531E+01

 *******************************************************************************
 *** PSEUDOPOTENTIAL INFORMATION ***
 *******************************************************************************

 ATOMIC NUMBER  56, NUCLEAR CHARGE 10.000, GIVEN IN INPUT       PSEUDOPOTENTIAL
   TYPE       EXPONENT      COEFF.    N      EXPONENT      COEFF.    N
  P0 TMS     9.5269860  427.8458160   0     4.4875100  204.4175300   0
  P1 TMS     8.3159300  293.6058640   0     4.2922170  294.1933160   0
  P2 TMS     5.9161080  112.5504020   0     2.8748420  181.7826210   0
  P3 TMS     3.5894650  -33.4731740   0

 *******************************************************************************
 LOCAL ATOMIC FUNCTIONS BASIS SET
 *******************************************************************************
   ATOM   X(AU)   Y(AU)   Z(AU)  N. TYPE  EXPONENT  S COEF   P COEF   D/F/G COEF
 *******************************************************************************
   1 BA  -0.062   0.002   0.007
                                  1 S  
                                         2.396E+00-5.955E+00 0.000E+00 0.000E+00
                                         2.243E+00 6.681E+00 0.000E+00 0.000E+00
                                         7.174E-01-5.706E-01 0.000E+00 0.000E+00
                                  2 S  
                                         2.742E-01 1.000E+00 0.000E+00 0.000E+00
                           3-     6 SP 
                                         1.300E-01 1.000E+00 1.000E+00 0.000E+00
                           7-     9 P  
                                         2.927E+00 0.000E+00 7.982E-01 0.000E+00
                                         2.521E+00 0.000E+00-1.071E+00 0.000E+00
                                         6.758E-01 0.000E+00 3.494E-01 0.000E+00
                                         3.199E-01 0.000E+00 6.504E-01 0.000E+00
                          10-    14 D  
                                         9.663E-01 0.000E+00 0.000E+00-9.089E-01
                                         8.938E-01 0.000E+00 0.000E+00 9.472E-01
                          15-    19 D  
                                         2.732E-01 0.000E+00 0.000E+00 3.221E-01
   2 BA  -0.024   0.011   7.711
   3 BA  -0.010  -0.005  15.588
   4 BA   0.027   7.566   0.022
   5 BA  -0.017   7.529   7.849
   6 BA  -0.053   7.555  15.518
   7 BA  -0.064  15.029   0.079
   8 BA  -0.068  15.007   7.748
   9 BA   0.054  15.011  15.565
  10 BA   7.523   0.043   0.107
  11 BA   7.496  -0.043   7.844
  12 BA   7.548  -0.036  15.467
  13 BA   7.474   7.455  -0.004
  14 BA   7.486   7.534   7.716
  15 BA   7.511   7.434  15.546
  16 BA   7.532  14.970   0.111
  17 BA   7.454  14.947   7.758
  18 BA   7.514  14.938  15.552
  19 BA  14.964  -0.061   0.027
  20 BA  15.039  -0.054   7.818
  21 BA  14.966   0.044  15.563
  22 BA  14.948   7.452   0.028
  23 BA  15.018   7.567   7.813
  24 BA  15.050   7.471  15.563
  25 BA  14.980  14.969   0.114
  26 BA  15.042  15.005   7.718
  27 BA  15.070  15.018  15.486
  28 O    3.796   3.690   7.486
                                514 S  
                                         2.703E+04 2.173E-04 0.000E+00 0.000E+00
                                         4.052E+03 1.684E-03 0.000E+00 0.000E+00
                                         9.223E+02 8.740E-03 0.000E+00 0.000E+00
                                         2.612E+02 3.524E-02 0.000E+00 0.000E+00
                                         8.535E+01 1.115E-01 0.000E+00 0.000E+00
                                         3.104E+01 2.559E-01 0.000E+00 0.000E+00
                                515 S  
                                         1.227E+01 3.977E-01 0.000E+00 0.000E+00
                                         4.916E+00 2.463E-01 0.000E+00 0.000E+00
                                516 S  
                                         9.009E-01 1.000E+00 0.000E+00 0.000E+00
                         517-   520 SP 
                                         2.500E-01 1.000E+00 1.000E+00 0.000E+00
                         521-   523 P  
                                         7.530E+01 0.000E+00 6.069E-03 0.000E+00
                                         1.774E+01 0.000E+00 4.191E-02 0.000E+00
                                         5.536E+00 0.000E+00 1.615E-01 0.000E+00
                                         2.069E+00 0.000E+00 3.571E-01 0.000E+00
                         524-   526 P  
                                         7.824E-01 0.000E+00 1.000E+00 0.000E+00
                         527-   531 D  
                                         1.200E+00 0.000E+00 0.000E+00 1.000E+00
  29 O    3.676   3.755  15.226
  30 O    3.699   3.701  22.973
  31 O    3.718  11.224   7.422
  32 O    3.695  11.232  15.169
  33 O    3.823  11.266  22.964
  34 O    3.737  18.786   7.418
  35 O    3.708  18.707  15.173
  36 O    3.761  18.731  23.020
  37 O   11.208   3.806   7.512
  38 O   11.209   3.746  15.279
  39 O   11.231   3.704  22.892
  40 O   11.291  11.299   7.441
  41 O   11.207  11.301  15.180
  42 O   11.283  11.289  22.892
  43 O   11.189  18.794   7.476
  44 O   11.193  18.798  15.202
  45 O   11.248  18.827  22.945
  46 O   18.776   3.787   7.423
  47 O   18.705   3.787  15.263
  48 O   18.699   3.697  22.940
  49 O   18.817  11.273   7.454
  50 O   18.703  11.287  15.262
  51 O   18.734  11.285  23.014
  52 O   18.768  18.783   7.552
  53 O   18.784  18.684  15.220
  54 O   18.690  18.744  22.992
  55 O    3.746  -0.037   3.818
  56 O    3.729  -0.072  11.496
  57 O    3.818   0.000  19.182
  58 O    3.765   7.427   3.745
  59 O    3.685   7.521  11.516
  60 O    3.815   7.502  19.255
  61 O    3.814  14.969   3.728
  62 O    3.742  15.056  11.537
  63 O    3.759  15.043  19.279
  64 O   11.314  -0.014   3.792
  65 O   11.276  -0.002  11.556
  66 O   11.259   0.024  19.145
  67 O   11.285   7.458   3.700
  68 O   11.197   7.450  11.497
  69 O   11.196   7.452  19.233
  70 O   11.319  14.973   3.735
  71 O   11.303  15.043  11.521
  72 O   11.258  14.935  19.252
  73 O   18.685   0.035   3.743
  74 O   18.741   0.072  11.464
  75 O   18.728   0.071  19.204
  76 O   18.744   7.538   3.818
  77 O   18.825   7.504  11.466
  78 O   18.752   7.512  19.142
  79 O   18.797  15.048   3.714
  80 O   18.795  14.991  11.546
  81 O   18.780  15.029  19.281
  82 O    0.044   3.806   3.778
  83 O    0.023   3.698  11.435
  84 O   -0.010   3.710  19.154
  85 O    0.047  11.198   3.778
  86 O   -0.045  11.252  11.424
  87 O   -0.033  11.301  19.264
  88 O    0.023  18.740   3.682
  89 O    0.070  18.775  11.467
  90 O   -0.044  18.753  19.278
  91 O    7.430   3.776   3.751
  92 O    7.471   3.790  11.541
  93 O    7.551   3.702  19.245
  94 O    7.500  11.327   3.751
  95 O    7.519  11.198  11.535
  96 O    7.573  11.266  19.235
  97 O    7.503  18.772   3.680
  98 O    7.477  18.812  11.445
  99 O    7.514  18.705  19.159
 100 O   14.942   3.764   3.708
 101 O   15.047   3.745  11.545
 102 O   15.031   3.689  19.250
 103 O   15.033  11.250   3.821
 104 O   15.035  11.311  11.516
 105 O   14.999  11.200  19.161
 106 O   15.071  18.779   3.741
 107 O   15.027  18.752  11.556
 108 O   14.968  18.687  19.236
 109 TI   3.693   3.770   4.103
                               1972 S  
                                         2.116E+05 2.332E-04 0.000E+00 0.000E+00
                                         3.171E+04 1.808E-03 0.000E+00 0.000E+00
                                         7.218E+03 9.398E-03 0.000E+00 0.000E+00
                                         2.043E+03 3.816E-02 0.000E+00 0.000E+00
                                         6.651E+02 1.237E-01 0.000E+00 0.000E+00
                                         2.387E+02 2.921E-01 0.000E+00 0.000E+00
                                         9.251E+01 4.123E-01 0.000E+00 0.000E+00
                                         3.640E+01 2.109E-01 0.000E+00 0.000E+00
                               1973 S  
                                         2.327E+02-2.492E-02 0.000E+00 0.000E+00
                                         7.179E+01-1.175E-01 0.000E+00 0.000E+00
                                         1.116E+01 5.650E-01 0.000E+00 0.000E+00
                                         4.655E+00 5.621E-01 0.000E+00 0.000E+00
                               1974 S  
                                         6.803E+00-2.301E-01 0.000E+00 0.000E+00
                                         1.120E+00 7.210E-01 0.000E+00 0.000E+00
                               1975 S  
                                         4.808E-01 1.000E+00 0.000E+00 0.000E+00
                               1976 S  
                                         2.400E-01 1.000E+00 0.000E+00 0.000E+00
                        1977-  1980 SP 
                                         1.200E-01 1.000E+00 1.000E+00 0.000E+00
                        1981-  1983 P  
                                         1.063E+03 0.000E+00 2.469E-03 0.000E+00
                                         2.516E+02 0.000E+00 1.977E-02 0.000E+00
                                         8.041E+01 0.000E+00 9.099E-02 0.000E+00
                                         2.977E+01 0.000E+00 2.556E-01 0.000E+00
                                         1.174E+01 0.000E+00 4.049E-01 0.000E+00
                                         4.714E+00 0.000E+00 2.369E-01 0.000E+00
                        1984-  1986 P  
                                         1.780E+01 0.000E+00-2.788E-02 0.000E+00
                                         2.427E+00 0.000E+00 5.567E-01 0.000E+00
                                         9.682E-01 0.000E+00 1.006E+00 0.000E+00
                        1987-  1989 P  
                                         3.706E-01 0.000E+00 1.000E+00 0.000E+00
                        1990-  1994 D  
                                         3.771E+01 0.000E+00 0.000E+00 1.151E-02
                                         1.069E+01 0.000E+00 0.000E+00 6.725E-02
                                         3.673E+00 0.000E+00 0.000E+00 2.148E-01
                                         1.359E+00 0.000E+00 0.000E+00 3.889E-01
                        1995-  1999 D  
                                         5.400E-01 0.000E+00 0.000E+00 1.000E+00
                        2000-  2004 D  
                                         2.200E-01 0.000E+00 0.000E+00 1.000E+00
 110 TI   3.825   3.747  11.805
 111 TI   3.720   3.776  19.586
 112 TI   3.820  11.275   4.042
 113 TI   3.819  11.270  11.764
 114 TI   3.754  11.321  19.550
 115 TI   3.717  18.684   4.054
 116 TI   3.675  18.747  11.796
 117 TI   3.702  18.767  19.466
 118 TI  11.294   3.806   4.086
 119 TI  11.203   3.783  11.839
 120 TI  11.197   3.698  19.520
 121 TI  11.260  11.186   4.022
 122 TI  11.278  11.219  11.853
 123 TI  11.258  11.320  19.552
 124 TI  11.249  18.825   4.038
 125 TI  11.224  18.753  11.860
 126 TI  11.186  18.720  19.545
 127 TI  18.779   3.682   4.040
 128 TI  18.684   3.763  11.760
 129 TI  18.691   3.795  19.518
 130 TI  18.689  11.271   4.021
 131 TI  18.792  11.272  11.730
 132 TI  18.827  11.260  19.514
 133 TI  18.742  18.752   4.133
 134 TI  18.762  18.759  11.865
 135 TI  18.747  18.775  19.450
 INFORMATION **** SET_MPP **** PCRYSTAL CALCULATION
 INFORMATION **** READM2 **** NEW DEFAULT: FOCK/KS MATRIX MIXING SET TO 30 %
 INFORMATION **** READM2 **** NEW DEFAULT: FULL DIRECT SCF MODE
 INFORMATION **** READM2 **** NEW DEFAULT: COULOMB BIPOLAR BUFFER SET TO 32 Mb
 INFORMATION **** READM2 **** NEW DEFAULT: EXCHANGE BIPOLAR BUFFER SET TO 32 Mb

 *******************************************************************************
 NEW DEFAULT: DFT INTEGRATION GRID INCREASED TO XLGRID
 NEW DEFAULT: DIIS ACCELERATOR ACTIVE
 USE KEYWORD NODIIS TO TURN IT OFF
 *******************************************************************************

 INFORMATION **** TOLINTEG **** COULOMB AND EXCHANGE SERIES TOLERANCES MODIFIED
 INFORMATION **** MAXCYCLE **** MAX NUMBER OF SCF CYCLES SET TO         100
 INFORMATION **** EXCHSIZE **** EXCHANGE BIPOLAR BUFFER SIZE SET TO    30000000
 INFORMATION **** BIPOSIZE **** COULOMB BIPOLAR BUFFER SET TO    30000000
 INFORMATION **** GRADCAL **** ANALYTICAL GRADIENT AFTER SCF COMPLETED
 *******************************************************************************
 N. OF ATOMS PER CELL       135  COULOMB OVERLAP TOL         (T1) 10**   -8
 NUMBER OF SHELLS          1053  COULOMB PENETRATION TOL     (T2) 10**   -8
 NUMBER OF AO              2862  EXCHANGE OVERLAP TOL        (T3) 10**   -8
 N. OF ELECTRONS PER CELL  1512  EXCHANGE PSEUDO OVP (F(G))  (T4) 10**   -8
 CORE ELECTRONS PER CELL    648  EXCHANGE PSEUDO OVP (P(G))  (T5) 10**  -16
 N. OF SYMMETRY OPERATORS     1  POLE ORDER IN MONO ZONE                  4
 *******************************************************************************
 TYPE OF CALCULATION :  RESTRICTED CLOSED SHELL
 KOHN-SHAM HAMILTONIAN

 (EXCHANGE)[CORRELATION] FUNCTIONAL:(PERDEW-BURKE-ERNZERHOF)[PERDEW-BURKE-ERNZERHOF]


 HYBRID EXCHANGE - PERCENTAGE OF FOCK EXCHANGE    25.0000
 CORE  PSEUDO POTENTIAL         TOL. ON PSEUDO              (TP) 10**- 6

 CAPPA:IS1  2;IS2  2;IS3  2; K PTS MONK NET   8; SYMMOPS:K SPACE   2;G SPACE   1

 *******************************************************************************
 MAX NUMBER OF SCF CYCLES     100  CONVERGENCE ON DELTAP        10**-16
 WEIGHT OF F(I) IN F(I+1)      80% CONVERGENCE ON ENERGY        10**- 6
 SHRINK. FACT.(MONKH.)    2  2  2  NUMBER OF K POINTS IN THE IBZ      8
 SHRINKING FACTOR(GILAT NET)    2  NUMBER OF K POINTS(GILAT NET)      8
 *******************************************************************************
 *** K POINTS COORDINATES (OBLIQUE COORDINATES IN UNITS OF IS =  2)
   1-R(  0  0  0)   2-R(  1  0  0)   3-R(  0  1  0)   4-R(  1  1  0)
   5-R(  0  0  1)   6-R(  1  0  1)   7-R(  0  1  1)   8-R(  1  1  1)

 DIRECT LATTICE VECTORS COMPON. (A.U.)     RECIP. LATTICE VECTORS COMPON. (A.U.) 
        X            Y            Z              X            Y            Z
   22.5023543    0.0000000    0.0000000      0.2792235    0.0000000    0.0000000
    0.0000000   22.5023543    0.0000000      0.0000000    0.2792235    0.0000000
    0.0000000    0.0000000   23.1960024      0.0000000    0.0000000    0.2708736

 DISK SPACE FOR EIGENVECTORS (FTN 10)    65528352 REALS

 SYMMETRY ADAPTION OF THE BLOCH FUNCTIONS DISABLED
 TTTTTTTTTTTTTTTTTTTTTTTTTTTTTT gordsh1     TELAPSE        0.80 TCPU        0.43

 MATRIX SIZE: P(G) 7084384, F(G) 1249426, P(G) IRR 3549995, F(G) IRR 1253206
 MAX G-VECTOR INDEX FOR 1- AND 2-ELECTRON INTEGRALS  27

 TTTTTTTTTTTTTTTTTTTTTTTTTTTTTT INPUT       TELAPSE        3.80 TCPU        3.42

 NEIGHBORS OF THE NON-EQUIVALENT ATOMS

 N = NUMBER OF NEIGHBORS AT DISTANCE R
    ATOM  N     R/ANG      R/AU   NEIGHBORS (ATOM LABELS AND CELL INDICES)
   1 BA   1     2.7843     5.2616   88 O    0-1 0
   1 BA   1     2.7858     5.2645   48 O   -1 0-1
   1 BA   1     2.7942     5.2803   30 O    0 0-1
   1 BA   1     2.8033     5.2975   73 O   -1 0 0
   1 BA   1     2.8122     5.3142   54 O   -1-1-1
   1 BA   1     2.8354     5.3582   82 O    0 0 0

   2 BA   1     2.7735     5.2411   83 O    0 0 0
   2 BA   1     2.7855     5.2638   52 O   -1-1 0
   2 BA   1     2.8028     5.2965   46 O   -1 0 0
   2 BA   1     2.8031     5.2971   74 O   -1 0 0
   2 BA   1     2.8050     5.3006   89 O    0-1 0
   2 BA   1     2.8065     5.3035   34 O    0-1 0

   3 BA   1     2.7248     5.1492   84 O    0 0 0
   3 BA   1     2.7624     5.2202   75 O   -1 0 0
   3 BA   1     2.7784     5.2504   57 O    0 0 0
   3 BA   1     2.7821     5.2573   90 O    0-1 0
   3 BA   1     2.7927     5.2774   29 O    0 0 0
   3 BA   1     2.8181     5.3255   35 O    0-1 0

   4 BA   1     2.7647     5.2245   85 O    0 0 0
   4 BA   1     2.7928     5.2775   58 O    0 0 0
   4 BA   1     2.8082     5.3067   33 O    0 0-1
   4 BA   1     2.8123     5.3145   82 O    0 0 0
   4 BA   1     2.8140     5.3177   51 O   -1 0-1
   4 BA   1     2.8241     5.3367   30 O    0 0-1

   5 BA   1     2.7228     5.1453   77 O   -1 0 0
   5 BA   1     2.7311     5.1610   86 O    0 0 0
   5 BA   1     2.7575     5.2110   59 O    0 0 0
   5 BA   1     2.7768     5.2474   83 O    0 0 0
   5 BA   1     2.7814     5.2561   49 O   -1 0 0
   5 BA   1     2.7892     5.2709   31 O    0 0 0

   6 BA   1     2.7396     5.1771   78 O   -1 0 0
   6 BA   1     2.7847     5.2624   32 O    0 0 0
   6 BA   1     2.8001     5.2914   84 O    0 0 0
   6 BA   1     2.8015     5.2941   50 O   -1 0 0
   6 BA   1     2.8031     5.2971   87 O    0 0 0
   6 BA   1     2.8142     5.3180   47 O   -1 0 0

   7 BA   1     2.7228     5.1453   79 O   -1 0 0
   7 BA   1     2.7373     5.1727   88 O    0 0 0
   7 BA   1     2.7902     5.2727   51 O   -1 0-1
   7 BA   1     2.7967     5.2850   54 O   -1 0-1
   7 BA   1     2.8182     5.3257   61 O    0 0 0
   7 BA   1     2.8189     5.3269   85 O    0 0 0

   8 BA   1     2.7555     5.2071   49 O   -1 0 0
   8 BA   1     2.7807     5.2547   86 O    0 0 0
   8 BA   1     2.7837     5.2605   80 O   -1 0 0
   8 BA   1     2.7870     5.2667   52 O   -1 0 0
   8 BA   1     2.8024     5.2958   89 O    0 0 0
   8 BA   1     2.8374     5.3618   31 O    0 0 0

   9 BA   1     2.7580     5.2119   35 O    0 0 0
   9 BA   1     2.7725     5.2392   87 O    0 0 0
   9 BA   1     2.7759     5.2457   63 O    0 0 0
   9 BA   1     2.7848     5.2625   32 O    0 0 0
   9 BA   1     2.7900     5.2723   90 O    0 0 0
   9 BA   1     2.7922     5.2765   53 O   -1 0 0

  10 BA   1     2.7498     5.1964   97 O    0-1 0
  10 BA   1     2.7612     5.2179   91 O    0 0 0
  10 BA   1     2.7660     5.2269   39 O    0 0-1
  10 BA   1     2.7916     5.2753   45 O    0-1-1
  10 BA   1     2.7977     5.2869   64 O    0 0 0
  10 BA   1     2.8026     5.2961   55 O    0 0 0

  11 BA   1     2.7125     5.1259   98 O    0-1 0
  11 BA   1     2.7603     5.2162   43 O    0-1 0
  11 BA   1     2.7765     5.2469   56 O    0 0 0
  11 BA   1     2.7878     5.2682   28 O    0 0 0
  11 BA   1     2.7908     5.2739   34 O    0-1 0
  11 BA   1     2.8037     5.2981   65 O    0 0 0

  12 BA   1     2.7402     5.1782   44 O    0-1 0
  12 BA   1     2.7655     5.2260   66 O    0 0 0
  12 BA   1     2.7861     5.2650   57 O    0 0 0
  12 BA   1     2.7875     5.2676   38 O    0 0 0
  12 BA   1     2.7890     5.2704   99 O    0-1 0
  12 BA   1     2.8127     5.3153   93 O    0 0 0

  13 BA   1     2.7818     5.2569   91 O    0 0 0
  13 BA   1     2.7908     5.2739   58 O    0 0 0
  13 BA   1     2.7956     5.2829   33 O    0 0-1
  13 BA   1     2.8120     5.3139   67 O    0 0 0
  13 BA   1     2.8135     5.3167   39 O    0 0-1
  13 BA   1     2.8197     5.3285   30 O    0 0-1

  14 BA   1     2.7901     5.2725   37 O    0 0 0
  14 BA   1     2.7948     5.2815   31 O    0 0 0
  14 BA   1     2.8006     5.2923   95 O    0 0 0
  14 BA   1     2.8039     5.2986   68 O    0 0 0
  14 BA   1     2.8224     5.3336   28 O    0 0 0
  14 BA   1     2.8328     5.3533   92 O    0 0 0

  15 BA   1     2.7586     5.2129   69 O    0 0 0
  15 BA   1     2.7669     5.2287   38 O    0 0 0
  15 BA   1     2.7710     5.2364   60 O    0 0 0
  15 BA   1     2.7806     5.2546   93 O    0 0 0
  15 BA   1     2.8149     5.3193   96 O    0 0 0
  15 BA   1     2.8175     5.3244   29 O    0 0 0

  16 BA   1     2.7252     5.1500   94 O    0 0 0
  16 BA   1     2.7452     5.1877   61 O    0 0 0
  16 BA   1     2.7598     5.2152   97 O    0 0 0
  16 BA   1     2.7738     5.2416   70 O    0 0 0
  16 BA   1     2.7799     5.2532   33 O    0 0-1
  16 BA   1     2.7897     5.2718   42 O    0 0-1

  17 BA   1     2.7970     5.2855   31 O    0 0 0
  17 BA   1     2.8034     5.2976   62 O    0 0 0
  17 BA   1     2.8069     5.3043   40 O    0 0 0
  17 BA   1     2.8166     5.3225   95 O    0 0 0
  17 BA   1     2.8262     5.3407   98 O    0 0 0
  17 BA   1     2.8330     5.3536   34 O    0 0 0

  18 BA   1     2.7501     5.1969   41 O    0 0 0
  18 BA   1     2.7524     5.2012   96 O    0 0 0
  18 BA   1     2.7596     5.2149   99 O    0 0 0
  18 BA   1     2.7852     5.2633   72 O    0 0 0
  18 BA   1     2.8004     5.2920   63 O    0 0 0
  18 BA   1     2.8234     5.3355   32 O    0 0 0

  19 BA   1     2.7466     5.1902   45 O    0-1-1
  19 BA   1     2.7606     5.2168  106 O    0-1 0
  19 BA   1     2.7750     5.2439   64 O    0 0 0
  19 BA   1     2.7804     5.2541   54 O    0-1-1
  19 BA   1     2.7836     5.2603   73 O    0 0 0
  19 BA   1     2.8082     5.3067   48 O    0 0-1

  20 BA   1     2.7505     5.1976   74 O    0 0 0
  20 BA   1     2.7705     5.2354   52 O    0-1 0
  20 BA   1     2.7817     5.2566  107 O    0-1 0
  20 BA   1     2.8067     5.3039   65 O    0 0 0
  20 BA   1     2.8146     5.3188   43 O    0-1 0
  20 BA   1     2.8162     5.3219  101 O    0 0 0

  21 BA   1     2.7278     5.1548   66 O    0 0 0
  21 BA   1     2.7434     5.1843  102 O    0 0 0
  21 BA   1     2.7702     5.2349   75 O    0 0 0
  21 BA   1     2.7953     5.2823   38 O    0 0 0
  21 BA   1     2.8040     5.2988   47 O    0 0 0
  21 BA   1     2.8194     5.3278  108 O    0-1 0

  22 BA   1     2.7450     5.1873   67 O    0 0 0
  22 BA   1     2.7569     5.2098  100 O    0 0 0
  22 BA   1     2.7987     5.2887   39 O    0 0-1
  22 BA   1     2.8127     5.3152   48 O    0 0-1
  22 BA   1     2.8135     5.3168   42 O    0 0-1
  22 BA   1     2.8390     5.3649   76 O    0 0 0

  23 BA   1     2.7865     5.2658  104 O    0 0 0
  23 BA   1     2.7919     5.2760   77 O    0 0 0
  23 BA   1     2.7982     5.2878   40 O    0 0 0
  23 BA   1     2.8094     5.3090   68 O    0 0 0
  23 BA   1     2.8149     5.3195   49 O    0 0 0
  23 BA   1     2.8265     5.3414  101 O    0 0 0

  24 BA   1     2.7248     5.1492   78 O    0 0 0
  24 BA   1     2.7424     5.1823  105 O    0 0 0
  24 BA   1     2.7507     5.1981   47 O    0 0 0
  24 BA   1     2.7949     5.2817  102 O    0 0 0
  24 BA   1     2.7999     5.2910   50 O    0 0 0
  24 BA   1     2.8165     5.3224   69 O    0 0 0

  25 BA   1     2.7245     5.1486   70 O    0 0 0
  25 BA   1     2.7690     5.2327   42 O    0 0-1
  25 BA   1     2.7771     5.2480   79 O    0 0 0
  25 BA   1     2.7790     5.2515  103 O    0 0 0
  25 BA   1     2.7837     5.2604  106 O    0 0 0
  25 BA   1     2.7881     5.2688   51 O    0 0-1

  26 BA   1     2.7945     5.2809   40 O    0 0 0
  26 BA   1     2.8037     5.2982  104 O    0 0 0
  26 BA   1     2.8091     5.3084   52 O    0 0 0
  26 BA   1     2.8125     5.3148   49 O    0 0 0
  26 BA   1     2.8225     5.3338   71 O    0 0 0
  26 BA   1     2.8367     5.3606   80 O    0 0 0

  27 BA   1     2.7586     5.2130   50 O    0 0 0
  27 BA   1     2.7648     5.2247   53 O    0 0 0
  27 BA   1     2.7766     5.2469  108 O    0 0 0
  27 BA   1     2.8044     5.2996  105 O    0 0 0
  27 BA   1     2.8084     5.3071   81 O    0 0 0
  27 BA   1     2.8359     5.3591   72 O    0 0 0

  28 O    1     1.7911     3.3847  109 TI   0 0 0
  28 O    1     2.2857     4.3194  110 TI   0 0 0
  28 O    1     2.7577     5.2113   91 O    0 0 0
  28 O    1     2.7671     5.2290   55 O    0 0 0
  28 O    1     2.7878     5.2682   11 BA   0 0 0
  28 O    1     2.7918     5.2758   82 O    0 0 0

  29 O    1     1.8122     3.4246  110 TI   0 0 0
  29 O    1     2.3076     4.3608  111 TI   0 0 0
  29 O    1     2.7857     5.2643   83 O    0 0 0
  29 O    1     2.7927     5.2774    3 BA   0 0 0
  29 O    1     2.7974     5.2863   59 O    0 0 0
  29 O    1     2.7992     5.2897   92 O    0 0 0

  30 O    1     1.7926     3.3874  111 TI   0 0 0
  30 O    1     2.2898     4.3271  109 TI   0 0 1
  30 O    1     2.7942     5.2803    1 BA   0 0 1
  30 O    1     2.8041     5.2989   57 O    0 0 0
  30 O    1     2.8058     5.3022   10 BA   0 0 1
  30 O    1     2.8143     5.3183   60 O    0 0 0

  31 O    1     1.7898     3.3822  112 TI   0 0 0
  31 O    1     2.2983     4.3432  113 TI   0 0 0
  31 O    1     2.7372     5.1726   85 O    0 0 0
  31 O    1     2.7840     5.2610   61 O    0 0 0
  31 O    1     2.7892     5.2709    5 BA   0 0 0
  31 O    1     2.7901     5.2725   94 O    0 0 0

  32 O    1     1.8029     3.4071  113 TI   0 0 0
  32 O    1     2.3190     4.3824  114 TI   0 0 0
  32 O    1     2.7553     5.2067   59 O    0 0 0
  32 O    1     2.7847     5.2624    6 BA   0 0 0
  32 O    1     2.7848     5.2625    9 BA   0 0 0
  32 O    1     2.7909     5.2741   62 O    0 0 0

  33 O    1     1.8076     3.4159  114 TI   0 0 0
  33 O    1     2.2615     4.2736  112 TI   0 0 1
  33 O    1     2.7799     5.2532   16 BA   0 0 1
  33 O    1     2.7927     5.2774   63 O    0 0 0
  33 O    1     2.7956     5.2829   13 BA   0 0 1
  33 O    1     2.7962     5.2840   60 O    0 0 0

  34 O    1     1.7808     3.3653  115 TI   0 0 0
  34 O    1     2.3171     4.3787  116 TI   0 0 0
  34 O    1     2.7241     5.1478   55 O    0 1 0
  34 O    1     2.7879     5.2684   88 O    0 0 0
  34 O    1     2.7908     5.2739   11 BA   0 1 0
  34 O    1     2.8065     5.3035    2 BA   0 1 0

  35 O    1     1.7874     3.3776  116 TI   0 0 0
  35 O    1     2.2720     4.2935  117 TI   0 0 0
  35 O    1     2.7270     5.1533   62 O    0 0 0
  35 O    1     2.7484     5.1937   89 O    0 0 0
  35 O    1     2.7580     5.2119    9 BA   0 0 0
  35 O    1     2.7698     5.2341   56 O    0 1 0

  36 O    1     1.8810     3.5546  117 TI   0 0 0
  36 O    1     2.2387     4.2305  115 TI   0 0 1
  36 O    1     2.7801     5.2536   63 O    0 0 0
  36 O    1     2.8202     5.3294    7 BA   0 0 1
  36 O    1     2.8226     5.3340   16 BA   0 0 1
  36 O    1     2.8239     5.3365   90 O    0 0 0

  37 O    1     1.8135     3.4270  118 TI   0 0 0
  37 O    1     2.2896     4.3267  119 TI   0 0 0
  37 O    1     2.7901     5.2725   14 BA   0 0 0
  37 O    1     2.7941     5.2800   67 O    0 0 0
  37 O    1     2.8208     5.3305   91 O    0 0 0
  37 O    1     2.8210     5.3308  100 O    0 0 0

  38 O    1     1.8207     3.4406  119 TI   0 0 0
  38 O    1     2.2442     4.2410  120 TI   0 0 0
  38 O    1     2.7669     5.2287   15 BA   0 0 0
  38 O    1     2.7875     5.2676   12 BA   0 0 0
  38 O    1     2.7953     5.2823   21 BA   0 0 0
  38 O    1     2.7960     5.2837   65 O    0 0 0

  39 O    1     1.7846     3.3724  120 TI   0 0 0
  39 O    1     2.3240     4.3917  118 TI   0 0 1
  39 O    1     2.7416     5.1809   93 O    0 0 0
  39 O    1     2.7660     5.2269   10 BA   0 0 1
  39 O    1     2.7715     5.2373   69 O    0 0 0
  39 O    1     2.7792     5.2520   66 O    0 0 0

  40 O    1     1.8105     3.4213  121 TI   0 0 0
  40 O    1     2.3351     4.4127  122 TI   0 0 0
  40 O    1     2.7556     5.2072  103 O    0 0 0
  40 O    1     2.7617     5.2189   70 O    0 0 0
  40 O    1     2.7945     5.2809   26 BA   0 0 0
  40 O    1     2.7982     5.2878   23 BA   0 0 0

  41 O    1     1.7617     3.3292  122 TI   0 0 0
  41 O    1     2.3139     4.3725  123 TI   0 0 0
  41 O    1     2.7445     5.1863   95 O    0 0 0
  41 O    1     2.7501     5.1969   18 BA   0 0 0
  41 O    1     2.7704     5.2352   71 O    0 0 0
  41 O    1     2.8041     5.2990  104 O    0 0 0

  42 O    1     1.7672     3.3395  123 TI   0 0 0
  42 O    1     2.2899     4.3272  121 TI   0 0 1
  42 O    1     2.7262     5.1518   72 O    0 0 0
  42 O    1     2.7569     5.2098   96 O    0 0 0
  42 O    1     2.7690     5.2327   25 BA   0 0 1
  42 O    1     2.7867     5.2661  105 O    0 0 0

  43 O    1     1.8194     3.4382  124 TI   0 0 0
  43 O    1     2.3205     4.3850  125 TI   0 0 0
  43 O    1     2.7603     5.2162   11 BA   0 1 0
  43 O    1     2.7613     5.2181   64 O    0 1 0
  43 O    1     2.7999     5.2911   97 O    0 0 0
  43 O    1     2.8146     5.3188   20 BA   0 1 0

  44 O    1     1.7685     3.3419  125 TI   0 0 0
  44 O    1     2.2984     4.3434  126 TI   0 0 0
  44 O    1     2.7402     5.1782   12 BA   0 1 0
  44 O    1     2.7500     5.1968   65 O    0 1 0
  44 O    1     2.7831     5.2594   71 O    0 0 0
  44 O    1     2.7964     5.2845   98 O    0 0 0

  45 O    1     1.8004     3.4023  126 TI   0 0 0
  45 O    1     2.2699     4.2896  124 TI   0 0 1
  45 O    1     2.7466     5.1902   19 BA   0 1 1
  45 O    1     2.7806     5.2546  108 O    0 0 0
  45 O    1     2.7916     5.2753   10 BA   0 1 1
  45 O    1     2.8060     5.3025   66 O    0 1 0

  46 O    1     1.7909     3.3842  127 TI   0 0 0
  46 O    1     2.2956     4.3381  128 TI   0 0 0
  46 O    1     2.7531     5.2027   76 O    0 0 0
  46 O    1     2.7752     5.2444   82 O    1 0 0
  46 O    1     2.7816     5.2565   73 O    0 0 0
  46 O    1     2.7973     5.2861    5 BA   1 0 0

  47 O    1     1.8541     3.5037  128 TI   0 0 0
  47 O    1     2.2512     4.2542  129 TI   0 0 0
  47 O    1     2.7507     5.1981   24 BA   0 0 0
  47 O    1     2.7605     5.2166  101 O    0 0 0
  47 O    1     2.8040     5.2988   21 BA   0 0 0
  47 O    1     2.8118     5.3136   74 O    0 0 0

  48 O    1     1.8116     3.4234  129 TI   0 0 0
  48 O    1     2.2741     4.2974  127 TI   0 0 1
  48 O    1     2.7535     5.2034  102 O    0 0 0
  48 O    1     2.7551     5.2064   75 O    0 0 0
  48 O    1     2.7858     5.2645    1 BA   1 0 1
  48 O    1     2.8082     5.3067   19 BA   0 0 1

  49 O    1     1.8175     3.4346  130 TI   0 0 0
  49 O    1     2.2628     4.2761  131 TI   0 0 0
  49 O    1     2.7555     5.2071    8 BA   1 0 0
  49 O    1     2.7586     5.2130   76 O    0 0 0
  49 O    1     2.7723     5.2389   85 O    1 0 0
  49 O    1     2.7757     5.2453  103 O    0 0 0

  50 O    1     1.8700     3.5337  131 TI   0 0 0
  50 O    1     2.2511     4.2540  132 TI   0 0 0
  50 O    1     2.7586     5.2130   27 BA   0 0 0
  50 O    1     2.7746     5.2433  104 O    0 0 0
  50 O    1     2.7770     5.2477   80 O    0 0 0
  50 O    1     2.7999     5.2910   24 BA   0 0 0

  51 O    1     1.8524     3.5006  132 TI   0 0 0
  51 O    1     2.2247     4.2042  130 TI   0 0 1
  51 O    1     2.7881     5.2688   25 BA   0 0 1
  51 O    1     2.7902     5.2727    7 BA   1 0 1
  51 O    1     2.7975     5.2865   81 O    0 0 0
  51 O    1     2.8009     5.2929   87 O    1 0 0

  52 O    1     1.8092     3.4190  133 TI   0 0 0
  52 O    1     2.2824     4.3131  134 TI   0 0 0
  52 O    1     2.7705     5.2354   20 BA   0 1 0
  52 O    1     2.7855     5.2638    2 BA   1 1 0
  52 O    1     2.7870     5.2667    8 BA   1 0 0
  52 O    1     2.8091     5.3084   26 BA   0 0 0

  53 O    1     1.7760     3.3562  134 TI   0 0 0
  53 O    1     2.2391     4.2313  135 TI   0 0 0
  53 O    1     2.7566     5.2092   80 O    0 0 0
  53 O    1     2.7648     5.2247   27 BA   0 0 0
  53 O    1     2.7774     5.2486  107 O    0 0 0
  53 O    1     2.7922     5.2765    9 BA   1 0 0

  54 O    1     1.8744     3.5420  135 TI   0 0 0
  54 O    1     2.2954     4.3377  133 TI   0 0 1
  54 O    1     2.7791     5.2516   81 O    0 0 0
  54 O    1     2.7804     5.2541   19 BA   0 1 1
  54 O    1     2.7967     5.2850    7 BA   1 0 1
  54 O    1     2.7981     5.2877  108 O    0 0 0

  55 O    1     2.0047     3.7883  115 TI   0-1 0
  55 O    1     2.0204     3.8181  109 TI   0 0 0
  55 O    1     2.7241     5.1478   34 O    0-1 0
  55 O    1     2.7671     5.2290   28 O    0 0 0
  55 O    1     2.7880     5.2685   88 O    0-1 0
  55 O    1     2.7890     5.2704   97 O    0-1 0

  56 O    1     1.9560     3.6964  116 TI   0-1 0
  56 O    1     2.0281     3.8326  110 TI   0 0 0
  56 O    1     2.7371     5.1724   89 O    0-1 0
  56 O    1     2.7574     5.2106   98 O    0-1 0
  56 O    1     2.7698     5.2341   35 O    0-1 0
  56 O    1     2.7765     5.2469   11 BA   0 0 0

  57 O    1     1.9833     3.7478  117 TI   0-1 0
  57 O    1     2.0102     3.7987  111 TI   0 0 0
  57 O    1     2.7784     5.2504    3 BA   0 0 0
  57 O    1     2.7823     5.2577   93 O    0 0 0
  57 O    1     2.7861     5.2650   12 BA   0 0 0
  57 O    1     2.8041     5.2989   30 O    0 0 0

  58 O    1     1.9449     3.6753  109 TI   0 0 0
  58 O    1     2.0427     3.8601  112 TI   0 0 0
  58 O    1     2.7373     5.1727   91 O    0 0 0
  58 O    1     2.7476     5.1921   82 O    0 0 0
  58 O    1     2.7908     5.2739   13 BA   0 0 0
  58 O    1     2.7928     5.2775    4 BA   0 0 0

  59 O    1     1.9897     3.7600  113 TI   0 0 0
  59 O    1     2.0041     3.7872  110 TI   0 0 0
  59 O    1     2.7553     5.2067   32 O    0 0 0
  59 O    1     2.7575     5.2110    5 BA   0 0 0
  59 O    1     2.7921     5.2763   86 O    0 0 0
  59 O    1     2.7974     5.2863   29 O    0 0 0

  60 O    1     1.9801     3.7419  111 TI   0 0 0
  60 O    1     2.0274     3.8312  114 TI   0 0 0
  60 O    1     2.7710     5.2364   15 BA   0 0 0
  60 O    1     2.7962     5.2840   33 O    0 0 0
  60 O    1     2.8142     5.3181   96 O    0 0 0
  60 O    1     2.8143     5.3183   30 O    0 0 0

  61 O    1     1.9615     3.7066  112 TI   0 0 0
  61 O    1     1.9746     3.7314  115 TI   0 0 0
  61 O    1     2.7421     5.1818   94 O    0 0 0
  61 O    1     2.7452     5.1877   16 BA   0 0 0
  61 O    1     2.7840     5.2610   31 O    0 0 0
  61 O    1     2.8041     5.2990   97 O    0 0 0

  62 O    1     1.9584     3.7009  116 TI   0 0 0
  62 O    1     2.0072     3.7930  113 TI   0 0 0
  62 O    1     2.7270     5.1533   35 O    0 0 0
  62 O    1     2.7660     5.2269   89 O    0 0 0
  62 O    1     2.7909     5.2741   32 O    0 0 0
  62 O    1     2.8034     5.2976   17 BA   0 0 0

  63 O    1     1.9736     3.7296  117 TI   0 0 0
  63 O    1     1.9744     3.7311  114 TI   0 0 0
  63 O    1     2.7759     5.2457    9 BA   0 0 0
  63 O    1     2.7765     5.2469   99 O    0 0 0
  63 O    1     2.7801     5.2536   36 O    0 0 0
  63 O    1     2.7927     5.2774   33 O    0 0 0

  64 O    1     1.9432     3.6720  124 TI   0-1 0
  64 O    1     2.0274     3.8313  118 TI   0 0 0
  64 O    1     2.7613     5.2181   43 O    0-1 0
  64 O    1     2.7725     5.2392  100 O    0 0 0
  64 O    1     2.7750     5.2439   19 BA   0 0 0
  64 O    1     2.7941     5.2802  106 O    0-1 0

  65 O    1     1.9899     3.7603  125 TI   0-1 0
  65 O    1     2.0087     3.7959  119 TI   0 0 0
  65 O    1     2.7500     5.1968   44 O    0-1 0
  65 O    1     2.7960     5.2837   38 O    0 0 0
  65 O    1     2.8027     5.2964   98 O    0-1 0
  65 O    1     2.8037     5.2981   11 BA   0 0 0

  66 O    1     1.9546     3.6937  120 TI   0 0 0
  66 O    1     2.0255     3.8277  126 TI   0-1 0
  66 O    1     2.7278     5.1548   21 BA   0 0 0
  66 O    1     2.7643     5.2237   93 O    0 0 0
  66 O    1     2.7655     5.2260   12 BA   0 0 0
  66 O    1     2.7792     5.2520   39 O    0 0 0

  67 O    1     1.9435     3.6728  118 TI   0 0 0
  67 O    1     1.9799     3.7414  121 TI   0 0 0
  67 O    1     2.7450     5.1873   22 BA   0 0 0
  67 O    1     2.7507     5.1981  100 O    0 0 0
  67 O    1     2.7941     5.2800   37 O    0 0 0
  67 O    1     2.8120     5.3139   13 BA   0 0 0

  68 O    1     1.9490     3.6831  119 TI   0 0 0
  68 O    1     2.0038     3.7867  122 TI   0 0 0
  68 O    1     2.7638     5.2227   92 O    0 0 0
  68 O    1     2.7787     5.2509   95 O    0 0 0
  68 O    1     2.8013     5.2937   38 O    0 0 0
  68 O    1     2.8039     5.2986   14 BA   0 0 0

  69 O    1     1.9921     3.7645  120 TI   0 0 0
  69 O    1     2.0543     3.8820  123 TI   0 0 0
  69 O    1     2.7586     5.2129   15 BA   0 0 0
  69 O    1     2.7674     5.2296   93 O    0 0 0
  69 O    1     2.7715     5.2373   39 O    0 0 0
  69 O    1     2.7840     5.2609   96 O    0 0 0

  70 O    1     2.0102     3.7987  121 TI   0 0 0
  70 O    1     2.0450     3.8644  124 TI   0 0 0
  70 O    1     2.7245     5.1486   25 BA   0 0 0
  70 O    1     2.7617     5.2189   40 O    0 0 0
  70 O    1     2.7738     5.2416   16 BA   0 0 0
  70 O    1     2.7834     5.2599  103 O    0 0 0

  71 O    1     1.9717     3.7259  125 TI   0 0 0
  71 O    1     2.0315     3.8389  122 TI   0 0 0
  71 O    1     2.7704     5.2352   41 O    0 0 0
  71 O    1     2.7812     5.2556  107 O    0 0 0
  71 O    1     2.7831     5.2594   44 O    0 0 0
  71 O    1     2.7929     5.2779  104 O    0 0 0

  72 O    1     1.9196     3.6276  123 TI   0 0 0
  72 O    1     2.0093     3.7971  126 TI   0 0 0
  72 O    1     2.7262     5.1518   42 O    0 0 0
  72 O    1     2.7521     5.2007   96 O    0 0 0
  72 O    1     2.7852     5.2633   18 BA   0 0 0
  72 O    1     2.7923     5.2767  108 O    0 0 0

  73 O    1     1.9372     3.6608  127 TI   0 0 0
  73 O    1     2.0139     3.8057  133 TI   0-1 0
  73 O    1     2.7591     5.2139  106 O    0-1 0
  73 O    1     2.7816     5.2565   46 O    0 0 0
  73 O    1     2.7836     5.2603   19 BA   0 0 0
  73 O    1     2.7964     5.2845  100 O    0 0 0

  74 O    1     1.9595     3.7029  128 TI   0 0 0
  74 O    1     2.0301     3.8363  134 TI   0-1 0
  74 O    1     2.7505     5.1976   20 BA   0 0 0
  74 O    1     2.7569     5.2098  101 O    0 0 0
  74 O    1     2.7736     5.2414   83 O    1 0 0
  74 O    1     2.8031     5.2971    2 BA   1 0 0

  75 O    1     1.9778     3.7375  129 TI   0 0 0
  75 O    1     2.0142     3.8063  135 TI   0-1 0
  75 O    1     2.7377     5.1735  102 O    0 0 0
  75 O    1     2.7551     5.2064   48 O    0 0 0
  75 O    1     2.7624     5.2202    3 BA   1 0 0
  75 O    1     2.7702     5.2349   21 BA   0 0 0

  76 O    1     1.9786     3.7390  130 TI   0 0 0
  76 O    1     2.0441     3.8628  127 TI   0 0 0
  76 O    1     2.7531     5.2027   46 O    0 0 0
  76 O    1     2.7586     5.2130   49 O    0 0 0
  76 O    1     2.7774     5.2486  103 O    0 0 0
  76 O    1     2.7936     5.2792   85 O    1 0 0

  77 O    1     1.9875     3.7559  128 TI   0 0 0
  77 O    1     1.9989     3.7774  131 TI   0 0 0
  77 O    1     2.7228     5.1453    5 BA   1 0 0
  77 O    1     2.7618     5.2191   86 O    1 0 0
  77 O    1     2.7919     5.2760   23 BA   0 0 0
  77 O    1     2.8092     5.3086   83 O    1 0 0

  78 O    1     1.9776     3.7371  129 TI   0 0 0
  78 O    1     1.9936     3.7673  132 TI   0 0 0
  78 O    1     2.7248     5.1492   24 BA   0 0 0
  78 O    1     2.7396     5.1771    6 BA   1 0 0
  78 O    1     2.7845     5.2619  105 O    0 0 0
  78 O    1     2.8095     5.3091   87 O    1 0 0

  79 O    1     1.9724     3.7273  133 TI   0 0 0
  79 O    1     2.0061     3.7910  130 TI   0 0 0
  79 O    1     2.7228     5.1453    7 BA   1 0 0
  79 O    1     2.7763     5.2464   88 O    1 0 0
  79 O    1     2.7771     5.2480   25 BA   0 0 0
  79 O    1     2.7902     5.2726  106 O    0 0 0

  80 O    1     1.9700     3.7228  131 TI   0 0 0
  80 O    1     2.0014     3.7821  134 TI   0 0 0
  80 O    1     2.7566     5.2092   53 O    0 0 0
  80 O    1     2.7704     5.2354   86 O    1 0 0
  80 O    1     2.7770     5.2477   50 O    0 0 0
  80 O    1     2.7837     5.2605    8 BA   1 0 0

  81 O    1     1.9842     3.7496  135 TI   0 0 0
  81 O    1     1.9982     3.7760  132 TI   0 0 0
  81 O    1     2.7699     5.2344   90 O    1 0 0
  81 O    1     2.7758     5.2454   87 O    1 0 0
  81 O    1     2.7791     5.2516   54 O    0 0 0
  81 O    1     2.7958     5.2833  108 O    0 0 0

  82 O    1     1.9388     3.6638  109 TI   0 0 0
  82 O    1     1.9995     3.7785  127 TI  -1 0 0
  82 O    1     2.7476     5.1921   58 O    0 0 0
  82 O    1     2.7752     5.2444   46 O   -1 0 0
  82 O    1     2.7918     5.2758   28 O    0 0 0
  82 O    1     2.8123     5.3145    4 BA   0 0 0

  83 O    1     2.0212     3.8195  110 TI   0 0 0
  83 O    1     2.0406     3.8561  128 TI  -1 0 0
  83 O    1     2.7735     5.2411    2 BA   0 0 0
  83 O    1     2.7736     5.2414   74 O   -1 0 0
  83 O    1     2.7768     5.2474    5 BA   0 0 0
  83 O    1     2.7857     5.2643   29 O    0 0 0

  84 O    1     1.9876     3.7560  111 TI   0 0 0
  84 O    1     2.0212     3.8195  129 TI  -1 0 0
  84 O    1     2.7248     5.1492    3 BA   0 0 0
  84 O    1     2.7708     5.2360   75 O   -1 0 0
  84 O    1     2.8001     5.2914    6 BA   0 0 0
  84 O    1     2.8173     5.3240   30 O    0 0 0

  85 O    1     2.0020     3.7832  112 TI   0 0 0
  85 O    1     2.0473     3.8688  130 TI  -1 0 0
  85 O    1     2.7372     5.1726   31 O    0 0 0
  85 O    1     2.7647     5.2245    4 BA   0 0 0
  85 O    1     2.7723     5.2389   49 O   -1 0 0
  85 O    1     2.7936     5.2792   76 O   -1 0 0

  86 O    1     1.9464     3.6781  131 TI  -1 0 0
  86 O    1     2.0525     3.8786  113 TI   0 0 0
  86 O    1     2.7311     5.1610    5 BA   0 0 0
  86 O    1     2.7618     5.2191   77 O   -1 0 0
  86 O    1     2.7704     5.2354   80 O   -1 0 0
  86 O    1     2.7807     5.2547    8 BA   0 0 0

  87 O    1     1.9326     3.6521  132 TI  -1 0 0
  87 O    1     2.0096     3.7975  114 TI   0 0 0
  87 O    1     2.7725     5.2392    9 BA   0 0 0
  87 O    1     2.7758     5.2454   81 O   -1 0 0
  87 O    1     2.8009     5.2929   51 O   -1 0 0
  87 O    1     2.8031     5.2971    6 BA   0 0 0

  88 O    1     1.9647     3.7128  115 TI   0 0 0
  88 O    1     2.0164     3.8105  133 TI  -1 0 0
  88 O    1     2.7373     5.1727    7 BA   0 0 0
  88 O    1     2.7763     5.2464   79 O   -1 0 0
  88 O    1     2.7843     5.2616    1 BA   0 1 0
  88 O    1     2.7879     5.2684   34 O    0 0 0

  89 O    1     1.9158     3.6204  116 TI   0 0 0
  89 O    1     2.0274     3.8313  134 TI  -1 0 0
  89 O    1     2.7371     5.1724   56 O    0 1 0
  89 O    1     2.7484     5.1937   35 O    0 0 0
  89 O    1     2.7660     5.2269   62 O    0 0 0
  89 O    1     2.8024     5.2958    8 BA   0 0 0

  90 O    1     1.9662     3.7156  135 TI  -1 0 0
  90 O    1     1.9843     3.7498  117 TI   0 0 0
  90 O    1     2.7699     5.2344   81 O   -1 0 0
  90 O    1     2.7821     5.2573    3 BA   0 1 0
  90 O    1     2.7900     5.2723    9 BA   0 0 0
  90 O    1     2.7996     5.2905   54 O   -1 0 0

  91 O    1     1.9861     3.7532  109 TI   0 0 0
  91 O    1     2.0528     3.8791  118 TI   0 0 0
  91 O    1     2.7373     5.1727   58 O    0 0 0
  91 O    1     2.7577     5.2113   28 O    0 0 0
  91 O    1     2.7612     5.2179   10 BA   0 0 0
  91 O    1     2.7818     5.2569   13 BA   0 0 0

  92 O    1     1.9347     3.6560  110 TI   0 0 0
  92 O    1     1.9813     3.7442  119 TI   0 0 0
  92 O    1     2.7638     5.2227   68 O    0 0 0
  92 O    1     2.7974     5.2864   38 O    0 0 0
  92 O    1     2.7992     5.2897   29 O    0 0 0
  92 O    1     2.8128     5.3154   59 O    0 0 0

  93 O    1     1.9347     3.6560  120 TI   0 0 0
  93 O    1     2.0356     3.8468  111 TI   0 0 0
  93 O    1     2.7416     5.1809   39 O    0 0 0
  93 O    1     2.7643     5.2237   66 O    0 0 0
  93 O    1     2.7674     5.2296   69 O    0 0 0
  93 O    1     2.7806     5.2546   15 BA   0 0 0

  94 O    1     1.9536     3.6917  112 TI   0 0 0
  94 O    1     1.9964     3.7727  121 TI   0 0 0
  94 O    1     2.7252     5.1500   16 BA   0 0 0
  94 O    1     2.7421     5.1818   61 O    0 0 0
  94 O    1     2.7901     5.2725   31 O    0 0 0
  94 O    1     2.7941     5.2800   70 O    0 0 0

  95 O    1     1.9624     3.7083  113 TI   0 0 0
  95 O    1     1.9962     3.7723  122 TI   0 0 0
  95 O    1     2.7445     5.1863   41 O    0 0 0
  95 O    1     2.7787     5.2509   68 O    0 0 0
  95 O    1     2.7915     5.2752   32 O    0 0 0
  95 O    1     2.8006     5.2923   14 BA   0 0 0

  96 O    1     1.9578     3.6997  123 TI   0 0 0
  96 O    1     2.0277     3.8318  114 TI   0 0 0
  96 O    1     2.7521     5.2007   72 O    0 0 0
  96 O    1     2.7524     5.2012   18 BA   0 0 0
  96 O    1     2.7569     5.2098   42 O    0 0 0
  96 O    1     2.7840     5.2609   69 O    0 0 0

  97 O    1     1.9915     3.7633  124 TI   0 0 0
  97 O    1     2.0141     3.8061  115 TI   0 0 0
  97 O    1     2.7498     5.1964   10 BA   0 1 0
  97 O    1     2.7598     5.2152   16 BA   0 0 0
  97 O    1     2.7890     5.2704   55 O    0 1 0
  97 O    1     2.7999     5.2911   43 O    0 0 0

  98 O    1     1.9949     3.7697  125 TI   0 0 0
  98 O    1     2.0208     3.8188  116 TI   0 0 0
  98 O    1     2.7125     5.1259   11 BA   0 1 0
  98 O    1     2.7574     5.2106   56 O    0 1 0
  98 O    1     2.7964     5.2845   44 O    0 0 0
  98 O    1     2.8027     5.2964   65 O    0 1 0

  99 O    1     1.9542     3.6929  126 TI   0 0 0
  99 O    1     2.0242     3.8251  117 TI   0 0 0
  99 O    1     2.7596     5.2149   18 BA   0 0 0
  99 O    1     2.7765     5.2469   63 O    0 0 0
  99 O    1     2.7890     5.2704   12 BA   0 1 0
  99 O    1     2.8041     5.2990   57 O    0 1 0

 100 O    1     1.9407     3.6674  118 TI   0 0 0
 100 O    1     2.0385     3.8522  127 TI   0 0 0
 100 O    1     2.7507     5.1981   67 O    0 0 0
 100 O    1     2.7569     5.2098   22 BA   0 0 0
 100 O    1     2.7725     5.2392   64 O    0 0 0
 100 O    1     2.7964     5.2845   73 O    0 0 0

 101 O    1     1.9277     3.6428  128 TI   0 0 0
 101 O    1     2.0403     3.8556  119 TI   0 0 0
 101 O    1     2.7569     5.2098   74 O    0 0 0
 101 O    1     2.7605     5.2166   47 O    0 0 0
 101 O    1     2.8132     5.3161   65 O    0 0 0
 101 O    1     2.8162     5.3219   20 BA   0 0 0

 102 O    1     1.9429     3.6715  129 TI   0 0 0
 102 O    1     2.0339     3.8435  120 TI   0 0 0
 102 O    1     2.7377     5.1735   75 O    0 0 0
 102 O    1     2.7434     5.1843   21 BA   0 0 0
 102 O    1     2.7535     5.2034   48 O    0 0 0
 102 O    1     2.7835     5.2600   66 O    0 0 0

 103 O    1     1.9373     3.6610  130 TI   0 0 0
 103 O    1     1.9997     3.7790  121 TI   0 0 0
 103 O    1     2.7556     5.2072   40 O    0 0 0
 103 O    1     2.7757     5.2453   49 O    0 0 0
 103 O    1     2.7774     5.2486   76 O    0 0 0
 103 O    1     2.7790     5.2515   25 BA   0 0 0

 104 O    1     1.9916     3.7636  131 TI   0 0 0
 104 O    1     1.9965     3.7729  122 TI   0 0 0
 104 O    1     2.7746     5.2433   50 O    0 0 0
 104 O    1     2.7839     5.2607   80 O    0 0 0
 104 O    1     2.7865     5.2658   23 BA   0 0 0
 104 O    1     2.7929     5.2779   71 O    0 0 0

 105 O    1     1.9913     3.7629  123 TI   0 0 0
 105 O    1     2.0344     3.8445  132 TI   0 0 0
 105 O    1     2.7424     5.1823   24 BA   0 0 0
 105 O    1     2.7845     5.2619   78 O    0 0 0
 105 O    1     2.7867     5.2661   42 O    0 0 0
 105 O    1     2.7978     5.2870   72 O    0 0 0

 106 O    1     1.9534     3.6913  133 TI   0 0 0
 106 O    1     2.0289     3.8341  124 TI   0 0 0
 106 O    1     2.7591     5.2139   73 O    0 1 0
 106 O    1     2.7606     5.2168   19 BA   0 1 0
 106 O    1     2.7837     5.2604   25 BA   0 0 0
 106 O    1     2.7902     5.2726   79 O    0 0 0

 107 O    1     1.9833     3.7480  134 TI   0 0 0
 107 O    1     2.0189     3.8151  125 TI   0 0 0
 107 O    1     2.7774     5.2486   53 O    0 0 0
 107 O    1     2.7812     5.2556   71 O    0 0 0
 107 O    1     2.7817     5.2566   20 BA   0 1 0
 107 O    1     2.7996     5.2905   44 O    0 0 0

 108 O    1     2.0035     3.7860  135 TI   0 0 0
 108 O    1     2.0080     3.7947  126 TI   0 0 0
 108 O    1     2.7766     5.2469   27 BA   0 0 0
 108 O    1     2.7806     5.2546   45 O    0 0 0
 108 O    1     2.7923     5.2767   72 O    0 0 0
 108 O    1     2.7958     5.2833   81 O    0 0 0

 109 TI   1     1.7911     3.3847   28 O    0 0 0
 109 TI   1     1.9388     3.6638   82 O    0 0 0
 109 TI   1     1.9449     3.6753   58 O    0 0 0
 109 TI   1     1.9861     3.7532   91 O    0 0 0
 109 TI   1     2.0204     3.8181   55 O    0 0 0
 109 TI   1     2.2898     4.3271   30 O    0 0-1

 110 TI   1     1.8122     3.4246   29 O    0 0 0
 110 TI   1     1.9347     3.6560   92 O    0 0 0
 110 TI   1     2.0041     3.7872   59 O    0 0 0
 110 TI   1     2.0212     3.8195   83 O    0 0 0
 110 TI   1     2.0281     3.8326   56 O    0 0 0
 110 TI   1     2.2857     4.3194   28 O    0 0 0

 111 TI   1     1.7926     3.3874   30 O    0 0 0
 111 TI   1     1.9801     3.7419   60 O    0 0 0
 111 TI   1     1.9876     3.7560   84 O    0 0 0
 111 TI   1     2.0102     3.7987   57 O    0 0 0
 111 TI   1     2.0356     3.8468   93 O    0 0 0
 111 TI   1     2.3076     4.3608   29 O    0 0 0

 112 TI   1     1.7898     3.3822   31 O    0 0 0
 112 TI   1     1.9536     3.6917   94 O    0 0 0
 112 TI   1     1.9615     3.7066   61 O    0 0 0
 112 TI   1     2.0020     3.7832   85 O    0 0 0
 112 TI   1     2.0427     3.8601   58 O    0 0 0
 112 TI   1     2.2615     4.2736   33 O    0 0-1

 113 TI   1     1.8029     3.4071   32 O    0 0 0
 113 TI   1     1.9624     3.7083   95 O    0 0 0
 113 TI   1     1.9897     3.7600   59 O    0 0 0
 113 TI   1     2.0072     3.7930   62 O    0 0 0
 113 TI   1     2.0525     3.8786   86 O    0 0 0
 113 TI   1     2.2983     4.3432   31 O    0 0 0

 114 TI   1     1.8076     3.4159   33 O    0 0 0
 114 TI   1     1.9744     3.7311   63 O    0 0 0
 114 TI   1     2.0096     3.7975   87 O    0 0 0
 114 TI   1     2.0274     3.8312   60 O    0 0 0
 114 TI   1     2.0277     3.8318   96 O    0 0 0
 114 TI   1     2.3190     4.3824   32 O    0 0 0

 115 TI   1     1.7808     3.3653   34 O    0 0 0
 115 TI   1     1.9647     3.7128   88 O    0 0 0
 115 TI   1     1.9746     3.7314   61 O    0 0 0
 115 TI   1     2.0047     3.7883   55 O    0 1 0
 115 TI   1     2.0141     3.8061   97 O    0 0 0
 115 TI   1     2.2387     4.2305   36 O    0 0-1

 116 TI   1     1.7874     3.3776   35 O    0 0 0
 116 TI   1     1.9158     3.6204   89 O    0 0 0
 116 TI   1     1.9560     3.6964   56 O    0 1 0
 116 TI   1     1.9584     3.7009   62 O    0 0 0
 116 TI   1     2.0208     3.8188   98 O    0 0 0
 116 TI   1     2.3171     4.3787   34 O    0 0 0

 117 TI   1     1.8810     3.5546   36 O    0 0 0
 117 TI   1     1.9736     3.7296   63 O    0 0 0
 117 TI   1     1.9833     3.7478   57 O    0 1 0
 117 TI   1     1.9843     3.7498   90 O    0 0 0
 117 TI   1     2.0242     3.8251   99 O    0 0 0
 117 TI   1     2.2720     4.2935   35 O    0 0 0

 118 TI   1     1.8135     3.4270   37 O    0 0 0
 118 TI   1     1.9407     3.6674  100 O    0 0 0
 118 TI   1     1.9435     3.6728   67 O    0 0 0
 118 TI   1     2.0274     3.8313   64 O    0 0 0
 118 TI   1     2.0528     3.8791   91 O    0 0 0
 118 TI   1     2.3240     4.3917   39 O    0 0-1

 119 TI   1     1.8207     3.4406   38 O    0 0 0
 119 TI   1     1.9490     3.6831   68 O    0 0 0
 119 TI   1     1.9813     3.7442   92 O    0 0 0
 119 TI   1     2.0087     3.7959   65 O    0 0 0
 119 TI   1     2.0403     3.8556  101 O    0 0 0
 119 TI   1     2.2896     4.3267   37 O    0 0 0

 120 TI   1     1.7846     3.3724   39 O    0 0 0
 120 TI   1     1.9347     3.6560   93 O    0 0 0
 120 TI   1     1.9546     3.6937   66 O    0 0 0
 120 TI   1     1.9921     3.7645   69 O    0 0 0
 120 TI   1     2.0339     3.8435  102 O    0 0 0
 120 TI   1     2.2442     4.2410   38 O    0 0 0

 121 TI   1     1.8105     3.4213   40 O    0 0 0
 121 TI   1     1.9799     3.7414   67 O    0 0 0
 121 TI   1     1.9964     3.7727   94 O    0 0 0
 121 TI   1     1.9997     3.7790  103 O    0 0 0
 121 TI   1     2.0102     3.7987   70 O    0 0 0
 121 TI   1     2.2899     4.3272   42 O    0 0-1

 122 TI   1     1.7617     3.3292   41 O    0 0 0
 122 TI   1     1.9962     3.7723   95 O    0 0 0
 122 TI   1     1.9965     3.7729  104 O    0 0 0
 122 TI   1     2.0038     3.7867   68 O    0 0 0
 122 TI   1     2.0315     3.8389   71 O    0 0 0
 122 TI   1     2.3351     4.4127   40 O    0 0 0

 123 TI   1     1.7672     3.3395   42 O    0 0 0
 123 TI   1     1.9196     3.6276   72 O    0 0 0
 123 TI   1     1.9578     3.6997   96 O    0 0 0
 123 TI   1     1.9913     3.7629  105 O    0 0 0
 123 TI   1     2.0543     3.8820   69 O    0 0 0
 123 TI   1     2.3139     4.3725   41 O    0 0 0

 124 TI   1     1.8194     3.4382   43 O    0 0 0
 124 TI   1     1.9432     3.6720   64 O    0 1 0
 124 TI   1     1.9915     3.7633   97 O    0 0 0
 124 TI   1     2.0289     3.8341  106 O    0 0 0
 124 TI   1     2.0450     3.8644   70 O    0 0 0
 124 TI   1     2.2699     4.2896   45 O    0 0-1

 125 TI   1     1.7685     3.3419   44 O    0 0 0
 125 TI   1     1.9717     3.7259   71 O    0 0 0
 125 TI   1     1.9899     3.7603   65 O    0 1 0
 125 TI   1     1.9949     3.7697   98 O    0 0 0
 125 TI   1     2.0189     3.8151  107 O    0 0 0
 125 TI   1     2.3205     4.3850   43 O    0 0 0

 126 TI   1     1.8004     3.4023   45 O    0 0 0
 126 TI   1     1.9542     3.6929   99 O    0 0 0
 126 TI   1     2.0080     3.7947  108 O    0 0 0
 126 TI   1     2.0093     3.7971   72 O    0 0 0
 126 TI   1     2.0255     3.8277   66 O    0 1 0
 126 TI   1     2.2984     4.3434   44 O    0 0 0

 127 TI   1     1.7909     3.3842   46 O    0 0 0
 127 TI   1     1.9372     3.6608   73 O    0 0 0
 127 TI   1     1.9995     3.7785   82 O    1 0 0
 127 TI   1     2.0385     3.8522  100 O    0 0 0
 127 TI   1     2.0441     3.8628   76 O    0 0 0
 127 TI   1     2.2741     4.2974   48 O    0 0-1

 128 TI   1     1.8541     3.5037   47 O    0 0 0
 128 TI   1     1.9277     3.6428  101 O    0 0 0
 128 TI   1     1.9595     3.7029   74 O    0 0 0
 128 TI   1     1.9875     3.7559   77 O    0 0 0
 128 TI   1     2.0406     3.8561   83 O    1 0 0
 128 TI   1     2.2956     4.3381   46 O    0 0 0

 129 TI   1     1.8116     3.4234   48 O    0 0 0
 129 TI   1     1.9429     3.6715  102 O    0 0 0
 129 TI   1     1.9776     3.7371   78 O    0 0 0
 129 TI   1     1.9778     3.7375   75 O    0 0 0
 129 TI   1     2.0212     3.8195   84 O    1 0 0
 129 TI   1     2.2512     4.2542   47 O    0 0 0

 130 TI   1     1.8175     3.4346   49 O    0 0 0
 130 TI   1     1.9373     3.6610  103 O    0 0 0
 130 TI   1     1.9786     3.7390   76 O    0 0 0
 130 TI   1     2.0061     3.7910   79 O    0 0 0
 130 TI   1     2.0473     3.8688   85 O    1 0 0
 130 TI   1     2.2247     4.2042   51 O    0 0-1

 131 TI   1     1.8700     3.5337   50 O    0 0 0
 131 TI   1     1.9464     3.6781   86 O    1 0 0
 131 TI   1     1.9700     3.7228   80 O    0 0 0
 131 TI   1     1.9916     3.7636  104 O    0 0 0
 131 TI   1     1.9989     3.7774   77 O    0 0 0
 131 TI   1     2.2628     4.2761   49 O    0 0 0

 132 TI   1     1.8524     3.5006   51 O    0 0 0
 132 TI   1     1.9326     3.6521   87 O    1 0 0
 132 TI   1     1.9936     3.7673   78 O    0 0 0
 132 TI   1     1.9982     3.7760   81 O    0 0 0
 132 TI   1     2.0344     3.8445  105 O    0 0 0
 132 TI   1     2.2511     4.2540   50 O    0 0 0

 133 TI   1     1.8092     3.4190   52 O    0 0 0
 133 TI   1     1.9534     3.6913  106 O    0 0 0
 133 TI   1     1.9724     3.7273   79 O    0 0 0
 133 TI   1     2.0139     3.8057   73 O    0 1 0
 133 TI   1     2.0164     3.8105   88 O    1 0 0
 133 TI   1     2.2954     4.3377   54 O    0 0-1

 134 TI   1     1.7760     3.3562   53 O    0 0 0
 134 TI   1     1.9833     3.7480  107 O    0 0 0
 134 TI   1     2.0014     3.7821   80 O    0 0 0
 134 TI   1     2.0274     3.8313   89 O    1 0 0
 134 TI   1     2.0301     3.8363   74 O    0 1 0
 134 TI   1     2.2824     4.3131   52 O    0 0 0

 135 TI   1     1.8744     3.5420   54 O    0 0 0
 135 TI   1     1.9662     3.7156   90 O    1 0 0
 135 TI   1     1.9842     3.7496   81 O    0 0 0
 135 TI   1     2.0035     3.7860  108 O    0 0 0
 135 TI   1     2.0142     3.8063   75 O    0 1 0
 135 TI   1     2.2391     4.2313   53 O    0 0 0


 SYMMETRY ALLOWED INTERNAL DEGREE(S) OF FREEDOM: 402
 TTTTTTTTTTTTTTTTTTTTTTTTTTTTTT SYMM        TELAPSE        3.84 TCPU        3.46
 TTTTTTTTTTTTTTTTTTTTTTTTTTTTTT INT_SCREEN  TELAPSE        3.94 TCPU        3.56

 DFT PARAMETERS

     ATOM       ELECTRONS   NET CHARGE   R(ANGSTROM)
   1 256  BA     10.0000      0.0000     2.24000000
  28   8  O       8.0000      0.0000     0.74000000
 109  22  TI     22.0000      0.0000     1.47000000

 SIZE OF GRID=    2837978
 TTTTTTTTTTTTTTTTTTTTTTTTTTTTTT MAKE_GRID2  TELAPSE       44.15 TCPU       43.74
 BECKE WEIGHT FUNCTION
 RADSAFE =     2.00
 TOLERANCES - DENSITY:10**- 6; POTENTIAL:10**- 9; GRID WGT:10**-14

 RADIAL INTEGRATION  - INTERVALS (POINTS,UPPER LIMIT):            1( 75,  4.0*R)

 ANGULAR INTEGRATION - INTERVALS (ACCURACY LEVEL [N. POINTS] UPPER LIMIT):
  1(  4[  86]   0.2)  2(  8[ 194]   0.5)  3( 12[ 350]   0.9)  4( 16[ 974]   3.5)
  5( 12[ 350]9999.0)
 TTTTTTTTTTTTTTTTTTTTTTTTTTTTTT INT_CALC    TELAPSE       44.26 TCPU       43.85
 EEEEEEEEEE INT_CALC TERMINATION  DATE 25 03 2026 TIME 17:14:14.1

 *******************************************************************************
 converted and standardized from ase Atoms() object for Ba27Ti27O81 in space grou
 CRYSTAL - SCF - TYPE OF CALCULATION :  RESTRICTED CLOSED SHELL
 *******************************************************************************

 CAPPA:IS1  2;IS2  2;IS3  2; K PTS MONK NET   8; SYMMOPS:K SPACE   2;G SPACE   1

 TTTTTTTTTTTTTTTTTTTTTTTTTTTTTT SDIK        TELAPSE       46.68 TCPU       46.26

 AAAAAAAAAAAAAAAAAAAAAAAAAAAAAAAAAAAAAAAAAAAAAAAAAAAAAAAAAAAAAAAAAAAAAAAAAAAAAAA
         ATOMIC WAVEFUNCTION(S)


 NUCLEAR CHARGE 10.0  SYMMETRY SPECIES            S    P
 N. ELECTRONS   10.0  NUMBER OF PRIMITIVE GTOS    5    5
                      NUMBER OF CONTRACTED GTOS   3    2
                      NUMBER OF CLOSED SHELLS     2    1
                      OPEN SHELL OCCUPATION       0    0

  ZNUC  SCFIT    TOTAL HF ENERGY   KINETIC ENERGY   VIRIAL THEOREM             ACCURACY
  10.0     4    -2.474305552E+01  8.075374960E+00 -4.064013205E+00  1.0E-06

 NUCLEAR CHARGE  8.0  SYMMETRY SPECIES            S    P
 N. ELECTRONS    8.0  NUMBER OF PRIMITIVE GTOS   10    6
                      NUMBER OF CONTRACTED GTOS   4    3
                      NUMBER OF CLOSED SHELLS     2    0
                      OPEN SHELL OCCUPATION       0    4

  ZNUC  SCFIT    TOTAL HF ENERGY   KINETIC ENERGY   VIRIAL THEOREM             ACCURACY
   8.0    13    -7.480154908E+01  7.478929754E+01 -2.000163814E+00  2.2E-06

 NUCLEAR CHARGE 22.0  SYMMETRY SPECIES            S    P    D
 N. ELECTRONS   22.0  NUMBER OF PRIMITIVE GTOS   17   11    6
                      NUMBER OF CONTRACTED GTOS   6    4    3
                      NUMBER OF CLOSED SHELLS     4    2    0
                      OPEN SHELL OCCUPATION       0    0    2

  ZNUC  SCFIT    TOTAL HF ENERGY   KINETIC ENERGY   VIRIAL THEOREM             ACCURACY
  22.0    51    -8.483283897E+02  8.486954851E+02 -1.999567459E+00  4.0E-06

 AAAAAAAAAAAAAAAAAAAAAAAAAAAAAAAAAAAAAAAAAAAAAAAAAAAAAAAAAAAAAAAAAAAAAAAAAAAAAAA

 CHARGE NORMALIZATION FACTOR   1.00000000
 TOTAL ATOMIC CHARGES:
  10.0000000  10.0000000  10.0000000  10.0000000  10.0000000  10.0000000
  10.0000000  10.0000000  10.0000000  10.0000000  10.0000000  10.0000000
  10.0000000  10.0000000  10.0000000  10.0000000  10.0000000  10.0000000
  10.0000000  10.0000000  10.0000000  10.0000000  10.0000000  10.0000000
  10.0000000  10.0000000  10.0000000   8.0000000   8.0000000   8.0000000
   8.0000000   8.0000000   8.0000000   8.0000000   8.0000000   8.0000000
   8.0000000   8.0000000   8.0000000   8.0000000   8.0000000   8.0000000
   8.0000000   8.0000000   8.0000000   8.0000000   8.0000000   8.0000000
   8.0000000   8.0000000   8.0000000   8.0000000   8.0000000   8.0000000
   8.0000000   8.0000000   8.0000000   8.0000000   8.0000000   8.0000000
   8.0000000   8.0000000   8.0000000   8.0000000   8.0000000   8.0000000
   8.0000000   8.0000000   8.0000000   8.0000000   8.0000000   8.0000000
   8.0000000   8.0000000   8.0000000   8.0000000   8.0000000   8.0000000
   8.0000000   8.0000000   8.0000000   8.0000000   8.0000000   8.0000000
   8.0000000   8.0000000   8.0000000   8.0000000   8.0000000   8.0000000
   8.0000000   8.0000000   8.0000000   8.0000000   8.0000000   8.0000000
   8.0000000   8.0000000   8.0000000   8.0000000   8.0000000   8.0000000
   8.0000000   8.0000000   8.0000000   8.0000000   8.0000000   8.0000000
  22.0000000  22.0000000  22.0000000  22.0000000  22.0000000  22.0000000
  22.0000000  22.0000000  22.0000000  22.0000000  22.0000000  22.0000000
  22.0000000  22.0000000  22.0000000  22.0000000  22.0000000  22.0000000
  22.0000000  22.0000000  22.0000000  22.0000000  22.0000000  22.0000000
  22.0000000  22.0000000  22.0000000
 TTTTTTTTTTTTTTTTTTTTTTTTTTTTTT MOQGAD      TELAPSE       46.78 TCPU       46.37
 TTTTTTTTTTTTTTTTTTTTTTTTTTTTTT SHELLXN     TELAPSE      400.73 TCPU      400.28
 TTTTTTTTTTTTTTTTTTTTTTTTTTTTTT MONMO3      TELAPSE      412.92 TCPU      412.46
 NUMERICALLY INTEGRATED DENSITY   1511.9955412829
 TTTTTTTTTTTTTTTTTTTTTTTTTTTTTT NUMDFT      TELAPSE      430.07 TCPU      429.62
 CYC   0 ETOT(AU) -2.971206092645E+04 DETOT -2.97E+04 tst  0.00E+00 PX  1.00E+00
 TTTTTTTTTTTTTTTTTTTTTTTTTTTTTT DIIS        TELAPSE      430.35 TCPU      429.89
 TTTTTTTTTTTTTTTTTTTTTTTTTTTTTT FDIK        TELAPSE      446.40 TCPU      445.93
 INSULATING STATE
 TOP OF VALENCE BANDS -    BAND    756; K    8; EIG -3.4789556E-01 AU
 TOP OF VALENCE BANDS -    BAND    756; K    1; EIG -3.5264082E-01 AU
 BOTTOM OF VIRTUAL BANDS - BAND    757; K    1; EIG -8.3350500E-02 AU
 INDIRECT ENERGY BAND GAP:   7.1986 eV
 TTTTTTTTTTTTTTTTTTTTTTTTTTTTTT PDIG        TELAPSE      448.96 TCPU      448.49
 CHARGE NORMALIZATION FACTOR   1.00000000
 TOTAL ATOMIC CHARGES:
   8.1647877   8.1626803   8.1651064   8.1598755   8.1737335   8.1706023
   8.1700634   8.1601098   8.1613666   8.1675060   8.1692348   8.1633911
   8.1623334   8.1579853   8.1639010   8.1658926   8.1612883   8.1599590
   8.1699666   8.1625160   8.1652308   8.1616430   8.1604424   8.1659291
   8.1685725   8.1637263   8.1661651   9.4472764   9.4594365   9.4468354
   9.4471943   9.4553307   9.4543741   9.4458136   9.4411349   9.4775942
   9.4544808   9.4564748   9.4473092   9.4590034   9.4384363   9.4355988
   9.4620975   9.4397229   9.4497592   9.4480825   9.4671715   9.4543377
   9.4555030   9.4705967   9.4637779   9.4511643   9.4363563   9.4795966
   9.4838983   9.4806020   9.4829748   9.4780633   9.4807335   9.4783598
   9.4733102   9.4753220   9.4796691   9.4797844   9.4806442   9.4795492
   9.4727132   9.4762567   9.4828924   9.4877654   9.4796993   9.4710785
   9.4740003   9.4814486   9.4801259   9.4847814   9.4798742   9.4788446
   9.4769757   9.4779255   9.4819009   9.4729369   9.4939321   9.4817983
   9.4861959   9.4838598   9.4722582   9.4786645   9.4754005   9.4751325
   9.4864158   9.4711015   9.4750546   9.4734559   9.4735856   9.4791896
   9.4830972   9.4832495   9.4823992   9.4806562   9.4736785   9.4772018
   9.4725251   9.4797364   9.4862889   9.4799524   9.4786067   9.4836397
  19.4663983  19.4151521  19.4177977  19.4392620  19.4081152  19.3837726
  19.4565502  19.4669071  19.3733161  19.4102003  19.3958525  19.4746462
  19.4053674  19.4198471  19.4646591  19.4174760  19.4523756  19.4009906
  19.4130899  19.4214854  19.4438044  19.4368846  19.4179570  19.4041345
  19.4245055  19.4030829  19.3986952
 TTTTTTTTTTTTTTTTTTTTTTTTTTTTTT MOQGAD      TELAPSE      449.02 TCPU      448.55
 TTTTTTTTTTTTTTTTTTTTTTTTTTTTTT SHELLXN     TELAPSE      822.64 TCPU      822.10
 TTTTTTTTTTTTTTTTTTTTTTTTTTTTTT MONMO3      TELAPSE      834.87 TCPU      834.33
 NUMERICALLY INTEGRATED DENSITY   1511.9954320487
 TTTTTTTTTTTTTTTTTTTTTTTTTTTTTT NUMDFT      TELAPSE      851.75 TCPU      851.19
 CYC   1 ETOT(AU) -2.970522511360E+04 DETOT  6.84E+00 tst  0.00E+00 PX  1.00E+00
 TTTTTTTTTTTTTTTTTTTTTTTTTTTTTT DIIS        TELAPSE      855.88 TCPU      855.33
 DIIS TEST: 0.75871E+02 AT SCF   CYCLE   1 - MIX   80 %
 TTTTTTTTTTTTTTTTTTTTTTTTTTTTTT FDIK        TELAPSE      871.73 TCPU      871.13
 INSULATING STATE
 TOP OF VALENCE BANDS -    BAND    756; K    8; EIG -2.5900554E-01 AU
 TOP OF VALENCE BANDS -    BAND    756; K    1; EIG -2.6628689E-01 AU
 BOTTOM OF VIRTUAL BANDS - BAND    757; K    1; EIG -1.0205620E-01 AU
 INDIRECT ENERGY BAND GAP:   4.2708 eV
 TTTTTTTTTTTTTTTTTTTTTTTTTTTTTT PDIG        TELAPSE      874.29 TCPU      873.69
 CHARGE NORMALIZATION FACTOR   1.00000000
 TOTAL ATOMIC CHARGES:
   8.2545779   8.2506194   8.2537033   8.2521756   8.2565664   8.2570012
   8.2571464   8.2507002   8.2518245   8.2545915   8.2544674   8.2517268
   8.2522947   8.2496595   8.2519664   8.2530101   8.2519631   8.2498800
   8.2543045   8.2519004   8.2539035   8.2518595   8.2517465   8.2556892
   8.2550909   8.2540037   8.2525559   9.1857455   9.1879500   9.1744882
   9.1864436   9.1876417   9.1790569   9.1802442   9.1918700   9.2004060
   9.1859583   9.1906625   9.1880597   9.1862419   9.1577401   9.1807139
   9.1890603   9.1752144   9.1828617   9.1774815   9.2068325   9.1938813
   9.1999633   9.2114393   9.2049881   9.1938547   9.1760549   9.2042284
   9.2366164   9.2324987   9.2299013   9.2373562   9.2316859   9.2329747
   9.2356122   9.2364228   9.2328428   9.2308428   9.2367770   9.2374547
   9.2336665   9.2313730   9.2437695   9.2419686   9.2303965   9.2292613
   9.2293709   9.2328574   9.2372428   9.2319876   9.2387935   9.2391801
   9.2380237   9.2323230   9.2318037   9.2307977   9.2382738   9.2372113
   9.2366139   9.2331159   9.2325110   9.2377088   9.2306293   9.2351426
   9.2435243   9.2298295   9.2326691   9.2358629   9.2314946   9.2353332
   9.2353683   9.2409132   9.2298573   9.2301555   9.2297185   9.2374221
   9.2323037   9.2360723   9.2376886   9.2350821   9.2334374   9.2336330
  20.1083166  20.0869115  20.0989070  20.0954541  20.0858337  20.0742688
  20.1027133  20.0929289  20.0608190  20.0824766  20.0679532  20.1169809
  20.0855521  20.0943972  20.1047417  20.1032897  20.1123411  20.0729260
  20.0827728  20.0915849  20.0933969  20.0956549  20.0875137  20.0727484
  20.0909919  20.0736052  20.0855353
 TTTTTTTTTTTTTTTTTTTTTTTTTTTTTT MOQGAD      TELAPSE      874.35 TCPU      873.75
 TTTTTTTTTTTTTTTTTTTTTTTTTTTTTT SHELLXN     TELAPSE     1247.71 TCPU     1247.04
 TTTTTTTTTTTTTTTTTTTTTTTTTTTTTT MONMO3      TELAPSE     1259.98 TCPU     1259.30
 NUMERICALLY INTEGRATED DENSITY   1511.9946515736
 TTTTTTTTTTTTTTTTTTTTTTTTTTTTTT NUMDFT      TELAPSE     1276.80 TCPU     1276.12
 CYC   2 ETOT(AU) -2.971622300478E+04 DETOT -1.10E+01 tst  3.71E-03 PX  6.98E-02
 TTTTTTTTTTTTTTTTTTTTTTTTTTTTTT DIIS        TELAPSE     1281.00 TCPU     1280.32
 DIIS TEST: 0.14252E+02 AT SCF   CYCLE   2 - DIIS ACTIVE - HISTORY:     2 CYCLES
 TTTTTTTTTTTTTTTTTTTTTTTTTTTTTT FDIK        TELAPSE     1296.71 TCPU     1295.83
 INSULATING STATE
 TOP OF VALENCE BANDS -    BAND    756; K    8; EIG -1.5023486E-01 AU
 TOP OF VALENCE BANDS -    BAND    756; K    1; EIG -1.5758741E-01 AU
 BOTTOM OF VIRTUAL BANDS - BAND    757; K    1; EIG -2.3579038E-02 AU
 INDIRECT ENERGY BAND GAP:   3.4465 eV
 TTTTTTTTTTTTTTTTTTTTTTTTTTTTTT PDIG        TELAPSE     1299.27 TCPU     1298.38
 CHARGE NORMALIZATION FACTOR   1.00000000
 TOTAL ATOMIC CHARGES:
   8.3405862   8.3374032   8.3383548   8.3431134   8.3331875   8.3369819
   8.3373667   8.3427765   8.3429322   8.3373193   8.3369297   8.3387547
   8.3447862   8.3425830   8.3386703   8.3364760   8.3441090   8.3427631
   8.3338561   8.3402556   8.3412562   8.3412802   8.3438314   8.3432315
   8.3368252   8.3440416   8.3356612   9.0551597   9.0515769   9.0594688
   9.0545710   9.0630056   9.0534699   9.0528777   9.0462983   9.0384369
   9.0564737   9.0551519   9.0576086   9.0618742   9.0590907   9.0445192
   9.0592368   9.0592737   9.0559937   9.0535612   9.0528082   9.0539641
   9.0603963   9.0530935   9.0467248   9.0626464   9.0527601   9.0547272
   9.0259103   9.0329036   9.0332999   9.0360710   9.0348409   9.0428505
   9.0467569   9.0297771   9.0417430   9.0451778   9.0377001   9.0464689
   9.0499727   9.0388141   9.0308230   9.0391594   9.0339603   9.0461129
   9.0468985   9.0341601   9.0348325   9.0180088   9.0420307   9.0423219
   9.0478295   9.0372126   9.0319512   9.0428113   9.0213068   9.0371492
   9.0219922   9.0357999   9.0481162   9.0427302   9.0332057   9.0429263
   9.0320441   9.0501269   9.0440656   9.0479883   9.0423868   9.0405469
   9.0440708   9.0366861   9.0372430   9.0385489   9.0356405   9.0438882
   9.0416235   9.0375594   9.0262523   9.0468954   9.0379589   9.0306492
  20.4817495  20.5256327  20.5189336  20.5283563  20.5428675  20.5691557
  20.4955607  20.4899495  20.5716853  20.5202150  20.5569801  20.4918966
  20.5423442  20.5037646  20.4991584  20.5312690  20.4962039  20.5378742
  20.5332559  20.5330700  20.5023605  20.5384367  20.5549497  20.5551310
  20.5394542  20.5505419  20.5713010
 TTTTTTTTTTTTTTTTTTTTTTTTTTTTTT MOQGAD      TELAPSE     1299.32 TCPU     1298.44
 TTTTTTTTTTTTTTTTTTTTTTTTTTTTTT SHELLXN     TELAPSE     1672.90 TCPU     1671.92
 TTTTTTTTTTTTTTTTTTTTTTTTTTTTTT MONMO3      TELAPSE     1685.20 TCPU     1684.22
 NUMERICALLY INTEGRATED DENSITY   1511.9941564566
 TTTTTTTTTTTTTTTTTTTTTTTTTTTTTT NUMDFT      TELAPSE     1702.04 TCPU     1701.05
 CYC   3 ETOT(AU) -2.971860728450E+04 DETOT -2.38E+00 tst  2.20E-03 PX  6.00E-02
 TTTTTTTTTTTTTTTTTTTTTTTTTTTTTT DIIS        TELAPSE     1706.44 TCPU     1705.44
 DIIS TEST: 0.21591E+00 AT SCF   CYCLE   3 - DIIS ACTIVE - HISTORY:     3 CYCLES
 TTTTTTTTTTTTTTTTTTTTTTTTTTTTTT FDIK        TELAPSE     1722.21 TCPU     1721.16
 INSULATING STATE
 TOP OF VALENCE BANDS -    BAND    756; K    8; EIG -1.5331067E-01 AU
 TOP OF VALENCE BANDS -    BAND    756; K    1; EIG -1.6187555E-01 AU
 BOTTOM OF VIRTUAL BANDS - BAND    757; K    1; EIG -5.7047226E-03 AU
 INDIRECT ENERGY BAND GAP:   4.0166 eV
 TTTTTTTTTTTTTTTTTTTTTTTTTTTTTT PDIG        TELAPSE     1724.76 TCPU     1723.70
 CHARGE NORMALIZATION FACTOR   1.00000000
 TOTAL ATOMIC CHARGES:
   8.3465318   8.3399785   8.3421210   8.3470121   8.3381890   8.3430058
   8.3427945   8.3433623   8.3429148   8.3427045   8.3407123   8.3411862
   8.3448528   8.3447539   8.3408787   8.3401998   8.3462361   8.3420920
   8.3397285   8.3434261   8.3429642   8.3442845   8.3453344   8.3457473
   8.3419090   8.3466060   8.3383049   8.9909285   8.9924006   8.9688181
   9.0129567   8.9880947   8.9941077   8.9853788   9.0290799   9.0251438
   8.9796840   9.0284585   9.0036118   8.9826156   8.9196837   9.0212270
   8.9856727   8.9630175   9.0091350   8.9785055   9.0475873   9.0109685
   9.0316982   9.0487138   9.0556443   9.0208509   9.0091712   9.0152462
   9.0953103   9.0903376   9.0879421   9.1012984   9.0871189   9.0929168
   9.1036277   9.1112888   9.0948309   9.0814275   9.1018763   9.0976210
   9.1048688   9.0923941   9.1152977   9.1020279   9.0782161   9.0846141
   9.0886999   9.0917814   9.1106108   9.0914406   9.1124237   9.1194116
   9.1112966   9.0958741   9.0887177   9.0952742   9.0897342   9.0994187
   9.0980347   9.0891066   9.1055325   9.1065041   9.0924009   9.1148963
   9.1108598   9.0959725   9.0889656   9.1067183   9.0951864   9.0953107
   9.0891360   9.1050335   9.0815136   9.0768879   9.0934999   9.1061649
   9.1044270   9.1012410   9.1020559   9.0918764   9.0938953   9.0934079
  20.5025680  20.4741563  20.5241886  20.4425676  20.4620950  20.4255775
  20.4881018  20.4385337  20.3852479  20.4725220  20.3786789  20.5041314
  20.4658533  20.5355492  20.4662074  20.5141487  20.5396109  20.4219555
  20.4559473  20.4560645  20.4716457  20.4503569  20.4238135  20.3934685
  20.4487015  20.4079884  20.4377626
 TTTTTTTTTTTTTTTTTTTTTTTTTTTTTT MOQGAD      TELAPSE     1724.82 TCPU     1723.76
 TTTTTTTTTTTTTTTTTTTTTTTTTTTTTT SHELLXN     TELAPSE     2098.01 TCPU     2096.84
 TTTTTTTTTTTTTTTTTTTTTTTTTTTTTT MONMO3      TELAPSE     2110.35 TCPU     2109.18
 NUMERICALLY INTEGRATED DENSITY   1511.9940597539
 TTTTTTTTTTTTTTTTTTTTTTTTTTTTTT NUMDFT      TELAPSE     2127.18 TCPU     2126.01
 CYC   4 ETOT(AU) -2.971858203998E+04 DETOT  2.52E-02 tst  8.37E-05 PX  3.21E-02
 TTTTTTTTTTTTTTTTTTTTTTTTTTTTTT DIIS        TELAPSE     2131.62 TCPU     2130.45
 DIIS TEST: 0.39878E+00 AT SCF   CYCLE   4 - DIIS ACTIVE - HISTORY:     4 CYCLES
 TTTTTTTTTTTTTTTTTTTTTTTTTTTTTT FDIK        TELAPSE     2147.54 TCPU     2146.36
 INSULATING STATE
 TOP OF VALENCE BANDS -    BAND    756; K    8; EIG -1.4620724E-01 AU
 TOP OF VALENCE BANDS -    BAND    756; K    1; EIG -1.5437106E-01 AU
 BOTTOM OF VIRTUAL BANDS - BAND    757; K    1; EIG -7.8509634E-03 AU
 INDIRECT ENERGY BAND GAP:   3.7649 eV
 TTTTTTTTTTTTTTTTTTTTTTTTTTTTTT PDIG        TELAPSE     2150.11 TCPU     2148.93
 CHARGE NORMALIZATION FACTOR   1.00000000
 TOTAL ATOMIC CHARGES:
   8.3425792   8.3376175   8.3402043   8.3437476   8.3355608   8.3404069
   8.3406100   8.3411572   8.3423810   8.3391984   8.3376068   8.3387678
   8.3418080   8.3414868   8.3385633   8.3378403   8.3422120   8.3406677
   8.3358222   8.3408445   8.3412966   8.3408317   8.3429402   8.3434745
   8.3392275   8.3433296   8.3371879   9.0508449   9.0356896   9.0357067
   9.0425472   9.0504171   9.0220792   9.0416041   9.0567159   9.0194532
   9.0488793   9.0288421   9.0508375   9.0407591   9.0334959   9.0376658
   9.0419131   9.0522654   9.0305723   9.0371794   9.0476170   9.0521104
   9.0606971   9.0560550   9.0436291   9.0551882   9.0358472   9.0386438
   9.0668379   9.0666688   9.0592190   9.0765016   9.0673539   9.0727769
   9.0822679   9.0739596   9.0728875   9.0729557   9.0744120   9.0802246
   9.0809375   9.0707704   9.0761406   9.0749234   9.0667441   9.0788650
   9.0746134   9.0667199   9.0732900   9.0552901   9.0779085   9.0787525
   9.0822110   9.0697054   9.0667832   9.0743964   9.0576363   9.0751179
   9.0621292   9.0663313   9.0799656   9.0788425   9.0691700   9.0771842
   9.0748630   9.0777270   9.0783129   9.0820044   9.0752802   9.0750600
   9.0727751   9.0770132   9.0631996   9.0674372   9.0698631   9.0805945
   9.0765977   9.0742781   9.0639360   9.0771894   9.0708094   9.0633175
  20.4477198  20.4695087  20.4698720  20.4764976  20.4737843  20.4984602
  20.4492993  20.4408828  20.4999157  20.4571805  20.4947671  20.4536115
  20.4733489  20.4429469  20.4663594  20.4843269  20.4512592  20.4809420
  20.4656459  20.4871921  20.4482673  20.4732577  20.4916955  20.4868362
  20.4788329  20.4806089  20.5016029
 TTTTTTTTTTTTTTTTTTTTTTTTTTTTTT MOQGAD      TELAPSE     2150.17 TCPU     2148.99
 TTTTTTTTTTTTTTTTTTTTTTTTTTTTTT SHELLXN     TELAPSE     2523.47 TCPU     2522.19
 TTTTTTTTTTTTTTTTTTTTTTTTTTTTTT MONMO3      TELAPSE     2535.84 TCPU     2534.56
 NUMERICALLY INTEGRATED DENSITY   1511.9940770382
 TTTTTTTTTTTTTTTTTTTTTTTTTTTTTT NUMDFT      TELAPSE     2552.47 TCPU     2551.19
 CYC   5 ETOT(AU) -2.971863972005E+04 DETOT -5.77E-02 tst  2.15E-05 PX  1.75E-02
 TTTTTTTTTTTTTTTTTTTTTTTTTTTTTT DIIS        TELAPSE     2557.03 TCPU     2555.75
 DIIS TEST: 0.34425E-01 AT SCF   CYCLE   5 - DIIS ACTIVE - HISTORY:     5 CYCLES
 TTTTTTTTTTTTTTTTTTTTTTTTTTTTTT FDIK        TELAPSE     2572.89 TCPU     2571.58
 INSULATING STATE
 TOP OF VALENCE BANDS -    BAND    756; K    8; EIG -1.4611089E-01 AU
 TOP OF VALENCE BANDS -    BAND    756; K    1; EIG -1.5423193E-01 AU
 BOTTOM OF VIRTUAL BANDS - BAND    757; K    1; EIG -9.0085080E-03 AU
 INDIRECT ENERGY BAND GAP:   3.7307 eV
 TTTTTTTTTTTTTTTTTTTTTTTTTTTTTT PDIG        TELAPSE     2575.48 TCPU     2574.17
 CHARGE NORMALIZATION FACTOR   1.00000000
 TOTAL ATOMIC CHARGES:
   8.3408653   8.3358590   8.3379241   8.3421565   8.3336277   8.3380404
   8.3382712   8.3397344   8.3399428   8.3376630   8.3360633   8.3370193
   8.3410093   8.3402556   8.3369169   8.3359887   8.3415400   8.3388271
   8.3342861   8.3389184   8.3392983   8.3396319   8.3413131   8.3416185
   8.3371951   8.3420643   8.3348502   9.0348128   9.0346504   9.0283030
   9.0426954   9.0370984   9.0364663   9.0288491   9.0439504   9.0425285
   9.0295528   9.0520138   9.0416982   9.0365720   9.0055610   9.0426700
   9.0350660   9.0249625   9.0452025   9.0266416   9.0570832   9.0422711
   9.0522244   9.0560060   9.0564137   9.0495544   9.0391442   9.0458905
   9.0606251   9.0618431   9.0614631   9.0690267   9.0618202   9.0689945
   9.0764554   9.0682329   9.0681181   9.0653421   9.0695602   9.0740402
   9.0766295   9.0667448   9.0718451   9.0708172   9.0580741   9.0680247
   9.0693130   9.0635748   9.0712959   9.0531786   9.0761011   9.0784689
   9.0789544   9.0668189   9.0605291   9.0693776   9.0552309   9.0679153
   9.0587327   9.0629364   9.0768194   9.0740844   9.0631243   9.0770095
   9.0698470   9.0744493   9.0687880   9.0777950   9.0695685   9.0693139
   9.0686059   9.0702881   9.0608378   9.0600118   9.0651388   9.0745719
   9.0724354   9.0683483   9.0629920   9.0715660   9.0669695   9.0617701
  20.4757114  20.4883294  20.5046915  20.4803294  20.4981567  20.4924629
  20.4810643  20.4562621  20.4759143  20.4890140  20.4637443  20.4844768
  20.4961677  20.5042262  20.4678994  20.5095743  20.5013865  20.4709832
  20.4880390  20.4861307  20.4763570  20.4917810  20.4887526  20.4748268
  20.4892301  20.4786030  20.5027038
 TTTTTTTTTTTTTTTTTTTTTTTTTTTTTT MOQGAD      TELAPSE     2575.54 TCPU     2574.23
 TTTTTTTTTTTTTTTTTTTTTTTTTTTTTT SHELLXN     TELAPSE     2949.35 TCPU     2947.96
 TTTTTTTTTTTTTTTTTTTTTTTTTTTTTT MONMO3      TELAPSE     2961.68 TCPU     2960.29
 NUMERICALLY INTEGRATED DENSITY   1511.9940846147
 TTTTTTTTTTTTTTTTTTTTTTTTTTTTTT NUMDFT      TELAPSE     2978.42 TCPU     2976.99
 CYC   6 ETOT(AU) -2.971864464600E+04 DETOT -4.93E-03 tst  1.66E-06 PX  4.81E-03
 TTTTTTTTTTTTTTTTTTTTTTTTTTTTTT DIIS        TELAPSE     2983.19 TCPU     2981.77
 DIIS TEST: 0.59878E-02 AT SCF   CYCLE   6 - DIIS ACTIVE - HISTORY:     6 CYCLES
 TTTTTTTTTTTTTTTTTTTTTTTTTTTTTT FDIK        TELAPSE     2998.78 TCPU     2997.34
 INSULATING STATE
 TOP OF VALENCE BANDS -    BAND    756; K    8; EIG -1.4599920E-01 AU
 TOP OF VALENCE BANDS -    BAND    756; K    1; EIG -1.5425866E-01 AU
 BOTTOM OF VIRTUAL BANDS - BAND    757; K    1; EIG -1.0086290E-02 AU
 INDIRECT ENERGY BAND GAP:   3.6984 eV
 TTTTTTTTTTTTTTTTTTTTTTTTTTTTTT PDIG        TELAPSE     3001.36 TCPU     2999.92
 CHARGE NORMALIZATION FACTOR   1.00000000
 TOTAL ATOMIC CHARGES:
   8.3404175   8.3357358   8.3377087   8.3417896   8.3332423   8.3376229
   8.3377571   8.3396337   8.3400128   8.3371716   8.3358360   8.3370245
   8.3409186   8.3401102   8.3368249   8.3356798   8.3412813   8.3390422
   8.3338409   8.3387454   8.3392314   8.3393646   8.3411933   8.3415004
   8.3367389   8.3417862   8.3346913   9.0334979   9.0270230   9.0231707
   9.0377420   9.0364301   9.0234080   9.0293219   9.0436955   9.0252411
   9.0312293   9.0367936   9.0378423   9.0302340   9.0097549   9.0325571
   9.0310742   9.0277060   9.0306275   9.0257269   9.0483128   9.0391409
   9.0518157   9.0524766   9.0470529   9.0478830   9.0335144   9.0360952
   9.0603434   9.0613256   9.0580374   9.0686000   9.0609709   9.0676265
   9.0746942   9.0689828   9.0676539   9.0649713   9.0690873   9.0722288
   9.0765581   9.0649551   9.0714300   9.0698047   9.0578563   9.0674731
   9.0681490   9.0620978   9.0702186   9.0531401   9.0748895   9.0775309
   9.0778228   9.0652968   9.0602214   9.0686327   9.0541955   9.0681729
   9.0584569   9.0619294   9.0751970   9.0736772   9.0626879   9.0754446
   9.0701882   9.0722031   9.0682839   9.0764263   9.0688713   9.0679968
   9.0667026   9.0706741   9.0586916   9.0593614   9.0636575   9.0744027
   9.0717671   9.0689836   9.0616531   9.0698937   9.0652990   9.0602178
  20.4805486  20.4970402  20.5088514  20.4878035  20.4982808  20.5085804
  20.4793916  20.4612054  20.5003720  20.4875946  20.4898123  20.4858598
  20.5014294  20.4949814  20.4838201  20.5141759  20.4971335  20.4913859
  20.4910065  20.4991785  20.4788394  20.4922367  20.4979354  20.4881261
  20.4944451  20.4877847  20.5122771
 TTTTTTTTTTTTTTTTTTTTTTTTTTTTTT MOQGAD      TELAPSE     3001.42 TCPU     2999.98
 TTTTTTTTTTTTTTTTTTTTTTTTTTTTTT SHELLXN     TELAPSE     3374.88 TCPU     3373.39
 TTTTTTTTTTTTTTTTTTTTTTTTTTTTTT MONMO3      TELAPSE     3387.16 TCPU     3385.67
 NUMERICALLY INTEGRATED DENSITY   1511.9940853906
 TTTTTTTTTTTTTTTTTTTTTTTTTTTTTT NUMDFT      TELAPSE     3404.11 TCPU     3402.61
 CYC   7 ETOT(AU) -2.971864548670E+04 DETOT -8.41E-04 tst  1.12E-06 PX  2.19E-03
 TTTTTTTTTTTTTTTTTTTTTTTTTTTTTT DIIS        TELAPSE     3408.94 TCPU     3407.45
 DIIS TEST: 0.64285E-03 AT SCF   CYCLE   7 - DIIS ACTIVE - HISTORY:     7 CYCLES
 TTTTTTTTTTTTTTTTTTTTTTTTTTTTTT FDIK        TELAPSE     3424.51 TCPU     3423.00
 INSULATING STATE
 TOP OF VALENCE BANDS -    BAND    756; K    8; EIG -1.4559677E-01 AU
 TOP OF VALENCE BANDS -    BAND    756; K    1; EIG -1.5370930E-01 AU
 BOTTOM OF VIRTUAL BANDS - BAND    757; K    1; EIG -9.3676402E-03 AU
 INDIRECT ENERGY BAND GAP:   3.7070 eV
 TTTTTTTTTTTTTTTTTTTTTTTTTTTTTT PDIG        TELAPSE     3427.09 TCPU     3425.59
 CHARGE NORMALIZATION FACTOR   1.00000000
 TOTAL ATOMIC CHARGES:
   8.3415497   8.3367698   8.3387116   8.3429428   8.3342545   8.3386282
   8.3389263   8.3408192   8.3410997   8.3382015   8.3367984   8.3378949
   8.3420093   8.3411489   8.3377233   8.3367103   8.3423956   8.3399843
   8.3349244   8.3398259   8.3402288   8.3404749   8.3423013   8.3425004
   8.3378483   8.3429472   8.3356465   9.0350462   9.0297063   9.0259285
   9.0369907   9.0356633   9.0268507   9.0271612   9.0437276   9.0308573
   9.0302463   9.0389383   9.0401761   9.0322481   9.0085962   9.0369741
   9.0313406   9.0288349   9.0357949   9.0244497   9.0491124   9.0414660
   9.0502096   9.0512265   9.0479762   9.0460933   9.0326201   9.0385831
   9.0597753   9.0605175   9.0578965   9.0688551   9.0607652   9.0675949
   9.0756135   9.0680072   9.0674016   9.0649330   9.0686505   9.0732885
   9.0755250   9.0653932   9.0707607   9.0697481   9.0581293   9.0688934
   9.0682207   9.0616283   9.0694507   9.0507690   9.0739784   9.0760229
   9.0775150   9.0649247   9.0598991   9.0683214   9.0532828   9.0678257
   9.0570790   9.0610292   9.0752922   9.0730046   9.0623743   9.0748629
   9.0692123   9.0727789   9.0689913   9.0765797   9.0685924   9.0684857
   9.0668203   9.0698707   9.0587516   9.0594242   9.0641093   9.0740775
   9.0710943   9.0678143   9.0606344   9.0703728   9.0652865   9.0597544
  20.4767369  20.4918613  20.5036056  20.4902044  20.5006944  20.5036166
  20.4825129  20.4612596  20.4916460  20.4893306  20.4837527  20.4846050
  20.4979608  20.4951682  20.4770306  20.5126977  20.4953676  20.4833561
  20.4911441  20.4970809  20.4766123  20.4964261  20.5001366  20.4886962
  20.4970204  20.4896427  20.5118694
 TTTTTTTTTTTTTTTTTTTTTTTTTTTTTT MOQGAD      TELAPSE     3427.15 TCPU     3425.65
 TTTTTTTTTTTTTTTTTTTTTTTTTTTTTT SHELLXN     TELAPSE     3800.59 TCPU     3799.02
 TTTTTTTTTTTTTTTTTTTTTTTTTTTTTT MONMO3      TELAPSE     3812.85 TCPU     3811.27
 NUMERICALLY INTEGRATED DENSITY   1511.9940817473
 TTTTTTTTTTTTTTTTTTTTTTTTTTTTTT NUMDFT      TELAPSE     3829.88 TCPU     3828.30
 CYC   8 ETOT(AU) -2.971864555551E+04 DETOT -6.88E-05 tst  1.14E-07 PX  1.23E-03
 TTTTTTTTTTTTTTTTTTTTTTTTTTTTTT DIIS        TELAPSE     3834.76 TCPU     3833.18
 DIIS TEST: 0.19161E-03 AT SCF   CYCLE   8 - DIIS ACTIVE - HISTORY:     8 CYCLES
 TTTTTTTTTTTTTTTTTTTTTTTTTTTTTT FDIK        TELAPSE     3850.30 TCPU     3848.71
 INSULATING STATE
 TOP OF VALENCE BANDS -    BAND    756; K    8; EIG -1.4549901E-01 AU
 TOP OF VALENCE BANDS -    BAND    756; K    1; EIG -1.5369359E-01 AU
 BOTTOM OF VIRTUAL BANDS - BAND    757; K    1; EIG -9.3842188E-03 AU
 INDIRECT ENERGY BAND GAP:   3.7039 eV
 TTTTTTTTTTTTTTTTTTTTTTTTTTTTTT PDIG        TELAPSE     3852.88 TCPU     3851.29
 CHARGE NORMALIZATION FACTOR   1.00000000
 TOTAL ATOMIC CHARGES:
   8.3416929   8.3368772   8.3389029   8.3430727   8.3343744   8.3388169
   8.3390153   8.3408530   8.3412324   8.3383656   8.3369511   8.3381149
   8.3421192   8.3413078   8.3379349   8.3368489   8.3425135   8.3401741
   8.3350285   8.3399518   8.3403925   8.3405850   8.3424291   8.3426663
   8.3379626   8.3430481   8.3358084   9.0345110   9.0293721   9.0245693
   9.0387276   9.0366955   9.0262367   9.0289104   9.0440156   9.0292225
   9.0309897   9.0401476   9.0391127   9.0321874   9.0088083   9.0356176
   9.0322553   9.0277893   9.0345802   9.0256412   9.0501337   9.0400976
   9.0514131   9.0526851   9.0486456   9.0477881   9.0344508   9.0381950
   9.0597555   9.0606605   9.0579869   9.0683977   9.0606256   9.0673081
   9.0749995   9.0678949   9.0669812   9.0645787   9.0684710   9.0725594
   9.0757031   9.0650047   9.0707406   9.0692987   9.0574968   9.0677581
   9.0679454   9.0618079   9.0696141   9.0518434   9.0743942   9.0766643
   9.0774237   9.0649961   9.0596741   9.0681919   9.0534110   9.0674857
   9.0574620   9.0613608   9.0751544   9.0730482   9.0622171   9.0748929
   9.0691512   9.0724017   9.0683174   9.0763027   9.0685496   9.0679785
   9.0666904   9.0698202   9.0585577   9.0590794   9.0636484   9.0737600
   9.0712369   9.0679303   9.0609484   9.0700797   9.0652286   9.0596666
  20.4784427  20.4939719  20.5067318  20.4870020  20.4990125  20.5049620
  20.4800476  20.4603372  20.4944266  20.4880901  20.4832700  20.4854452
  20.4996903  20.4964862  20.4791876  20.5125079  20.4974577  20.4856417
  20.4904000  20.4962550  20.4783355  20.4935385  20.4971183  20.4863534
  20.4941883  20.4868375  20.5112678
 TTTTTTTTTTTTTTTTTTTTTTTTTTTTTT MOQGAD      TELAPSE     3852.94 TCPU     3851.35
 TTTTTTTTTTTTTTTTTTTTTTTTTTTTTT SHELLXN     TELAPSE     4226.68 TCPU     4225.02
 TTTTTTTTTTTTTTTTTTTTTTTTTTTTTT MONMO3      TELAPSE     4238.90 TCPU     4237.23
 NUMERICALLY INTEGRATED DENSITY   1511.9940815182
 TTTTTTTTTTTTTTTTTTTTTTTTTTTTTT NUMDFT      TELAPSE     4255.82 TCPU     4254.15
 CYC   9 ETOT(AU) -2.971864557917E+04 DETOT -2.37E-05 tst  1.45E-08 PX  2.43E-04
 TTTTTTTTTTTTTTTTTTTTTTTTTTTTTT DIIS        TELAPSE     4260.77 TCPU     4259.10
 DIIS TEST: 0.20782E-04 AT SCF   CYCLE   9 - DIIS ACTIVE - HISTORY:     9 CYCLES
 TTTTTTTTTTTTTTTTTTTTTTTTTTTTTT FDIK        TELAPSE     4276.37 TCPU     4274.69
 INSULATING STATE
 TOP OF VALENCE BANDS -    BAND    756; K    8; EIG -1.4551138E-01 AU
 TOP OF VALENCE BANDS -    BAND    756; K    1; EIG -1.5369881E-01 AU
 BOTTOM OF VIRTUAL BANDS - BAND    757; K    1; EIG -9.4163689E-03 AU
 INDIRECT ENERGY BAND GAP:   3.7033 eV
 TTTTTTTTTTTTTTTTTTTTTTTTTTTTTT PDIG        TELAPSE     4278.95 TCPU     4277.26
 CHARGE NORMALIZATION FACTOR   1.00000000
 TOTAL ATOMIC CHARGES:
   8.3416870   8.3368695   8.3388731   8.3430639   8.3343687   8.3388010
   8.3390217   8.3408362   8.3411989   8.3383679   8.3369411   8.3380853
   8.3420908   8.3412940   8.3379082   8.3368497   8.3424840   8.3401317
   8.3350216   8.3399487   8.3403605   8.3405666   8.3424160   8.3426424
   8.3379607   8.3430228   8.3357927   9.0340966   9.0289175   9.0250749
   9.0380427   9.0362383   9.0266808   9.0283448   9.0435388   9.0296862
   9.0305517   9.0394801   9.0393298   9.0318058   9.0088977   9.0355092
   9.0315398   9.0277802   9.0345850   9.0253566   9.0495498   9.0404986
   9.0511893   9.0522914   9.0485848   9.0473607   9.0339625   9.0384255
   9.0596076   9.0605923   9.0579742   9.0681954   9.0604855   9.0673080
   9.0747653   9.0679314   9.0671441   9.0645255   9.0684310   9.0723372
   9.0757382   9.0648413   9.0706625   9.0693534   9.0574771   9.0675734
   9.0678804   9.0616066   9.0695414   9.0517469   9.0742136   9.0766042
   9.0773555   9.0648531   9.0596251   9.0681500   9.0534155   9.0674753
   9.0574264   9.0612276   9.0749728   9.0729948   9.0621187   9.0749426
   9.0691856   9.0722418   9.0681160   9.0761736   9.0683690   9.0678246
   9.0665282   9.0697882   9.0585281   9.0589800   9.0634868   9.0738112
   9.0711116   9.0679704   9.0609150   9.0697866   9.0650035   9.0597312
  20.4786350  20.4943714  20.5064193  20.4881027  20.4995580  20.5048919
  20.4810155  20.4606969  20.4942538  20.4888336  20.4848741  20.4850561
  20.4999688  20.4964657  20.4793018  20.5134741  20.4969963  20.4861594
  20.4911382  20.4969921  20.4776058  20.4939223  20.4978928  20.4869133
  20.4950666  20.4877789  20.5110461
 TTTTTTTTTTTTTTTTTTTTTTTTTTTTTT MOQGAD      TELAPSE     4279.01 TCPU     4277.32
 TTTTTTTTTTTTTTTTTTTTTTTTTTTTTT SHELLXN     TELAPSE     4652.48 TCPU     4650.72
 TTTTTTTTTTTTTTTTTTTTTTTTTTTTTT MONMO3      TELAPSE     4664.62 TCPU     4662.86
 NUMERICALLY INTEGRATED DENSITY   1511.9940817210
 TTTTTTTTTTTTTTTTTTTTTTTTTTTTTT NUMDFT      TELAPSE     4681.38 TCPU     4679.60
 CYC  10 ETOT(AU) -2.971864558152E+04 DETOT -2.35E-06 tst  2.71E-09 PX  2.53E-04
 TTTTTTTTTTTTTTTTTTTTTTTTTTTTTT DIIS        TELAPSE     4686.47 TCPU     4684.68
 DIIS TEST: 0.49011E-05 AT SCF   CYCLE  10 - DIIS ACTIVE - HISTORY:    10 CYCLES
 TTTTTTTTTTTTTTTTTTTTTTTTTTTTTT FDIK        TELAPSE     4702.08 TCPU     4700.28
 INSULATING STATE
 TOP OF VALENCE BANDS -    BAND    756; K    8; EIG -1.4550740E-01 AU
 TOP OF VALENCE BANDS -    BAND    756; K    1; EIG -1.5368927E-01 AU
 BOTTOM OF VIRTUAL BANDS - BAND    757; K    1; EIG -9.4422924E-03 AU
 INDIRECT ENERGY BAND GAP:   3.7025 eV
 TTTTTTTTTTTTTTTTTTTTTTTTTTTTTT PDIG        TELAPSE     4704.66 TCPU     4702.86
 CHARGE NORMALIZATION FACTOR   1.00000000
 TOTAL ATOMIC CHARGES:
   8.3416710   8.3368589   8.3388698   8.3430523   8.3343566   8.3387962
   8.3390093   8.3408349   8.3411954   8.3383492   8.3369253   8.3380760
   8.3420758   8.3412766   8.3378990   8.3368300   8.3424783   8.3401234
   8.3350090   8.3399294   8.3403577   8.3405578   8.3423981   8.3426362
   8.3379476   8.3430174   8.3357880   9.0343229   9.0291534   9.0247539
   9.0381434   9.0362399   9.0262743   9.0284154   9.0436437   9.0293854
   9.0305999   9.0397238   9.0390948   9.0319617   9.0087144   9.0355752
   9.0318255   9.0277523   9.0345692   9.0252977   9.0496969   9.0401994
   9.0510445   9.0522147   9.0483515   9.0473093   9.0339117   9.0380726
   9.0595876   9.0605226   9.0578901   9.0682635   9.0604943   9.0672819
   9.0748713   9.0678626   9.0670274   9.0645348   9.0684233   9.0724589
   9.0756256   9.0649079   9.0706080   9.0693352   9.0574944   9.0677189
   9.0678740   9.0616035   9.0694579   9.0515483   9.0741561   9.0764580
   9.0773249   9.0648391   9.0595674   9.0681056   9.0533291   9.0674365
   9.0573012   9.0611730   9.0749922   9.0729226   9.0620926   9.0748252
   9.0691051   9.0723196   9.0682032   9.0761980   9.0683904   9.0678825
   9.0665441   9.0697182   9.0584974   9.0590009   9.0635595   9.0737251
   9.0710692   9.0678476   9.0607979   9.0698966   9.0650421   9.0596338
  20.4784521  20.4940904  20.5066064  20.4880622  20.4997685  20.5052831
  20.4809541  20.4608977  20.4945078  20.4888402  20.4841670  20.4855906
  20.4998092  20.4966352  20.4792095  20.5130728  20.4973458  20.4858690
  20.4910417  20.4969065  20.4782269  20.4944414  20.4981629  20.4872845
  20.4952020  20.4878814  20.5117776
 TTTTTTTTTTTTTTTTTTTTTTTTTTTTTT MOQGAD      TELAPSE     4704.71 TCPU     4702.92
 TTTTTTTTTTTTTTTTTTTTTTTTTTTTTT SHELLXN     TELAPSE     5078.32 TCPU     5076.47
 TTTTTTTTTTTTTTTTTTTTTTTTTTTTTT MONMO3      TELAPSE     5090.44 TCPU     5088.59
 NUMERICALLY INTEGRATED DENSITY   1511.9940817579
 TTTTTTTTTTTTTTTTTTTTTTTTTTTTTT NUMDFT      TELAPSE     5107.11 TCPU     5105.26
 CYC  11 ETOT(AU) -2.971864558197E+04 DETOT -4.46E-07 tst  6.79E-10 PX  1.38E-04
 TTTTTTTTTTTTTTTTTTTTTTTTTTTTTT DIIS        TELAPSE     5112.80 TCPU     5110.94
 DIIS TEST: 0.64068E-06 AT SCF   CYCLE  11 - DIIS ACTIVE - HISTORY:    11 CYCLES
 TTTTTTTTTTTTTTTTTTTTTTTTTTTTTT FDIK        TELAPSE     5128.36 TCPU     5126.49
 INSULATING STATE
 TOP OF VALENCE BANDS -    BAND    756; K    8; EIG -1.4551523E-01 AU
 TOP OF VALENCE BANDS -    BAND    756; K    1; EIG -1.5369935E-01 AU
 BOTTOM OF VIRTUAL BANDS - BAND    757; K    1; EIG -9.4380355E-03 AU
 INDIRECT ENERGY BAND GAP:   3.7029 eV
 TTTTTTTTTTTTTTTTTTTTTTTTTTTTTT PDIG        TELAPSE     5130.94 TCPU     5129.07
 CHARGE NORMALIZATION FACTOR   1.00000000
 TOTAL ATOMIC CHARGES:
   8.3416679   8.3368613   8.3388642   8.3430491   8.3343590   8.3387886
   8.3390015   8.3408354   8.3411888   8.3383489   8.3369291   8.3380761
   8.3420833   8.3412785   8.3378977   8.3368305   8.3424808   8.3401237
   8.3350099   8.3399291   8.3403557   8.3405592   8.3423983   8.3426341
   8.3379462   8.3430162   8.3357847   9.0342792   9.0290697   9.0248125
   9.0381493   9.0362911   9.0263564   9.0283928   9.0436870   9.0294358
   9.0306436   9.0395920   9.0392057   9.0318917   9.0087302   9.0355817
   9.0317426   9.0277969   9.0345657   9.0252841   9.0496556   9.0402942
   9.0510971   9.0522640   9.0484330   9.0473309   9.0339326   9.0382151
   9.0596082   9.0605285   9.0578810   9.0682756   9.0604979   9.0672569
   9.0748770   9.0678357   9.0670049   9.0645059   9.0683889   9.0724556
   9.0756105   9.0648926   9.0706232   9.0692738   9.0574647   9.0677127
   9.0678607   9.0616200   9.0694836   9.0516088   9.0741930   9.0764846
   9.0773185   9.0648382   9.0595935   9.0680950   9.0533037   9.0674269
   9.0573158   9.0611878   9.0750069   9.0729320   9.0621059   9.0748192
   9.0690861   9.0722855   9.0682249   9.0761950   9.0684006   9.0678892
   9.0665446   9.0697246   9.0584713   9.0589863   9.0635400   9.0737239
   9.0710852   9.0678464   9.0608091   9.0699103   9.0650552   9.0596169
  20.4786743  20.4942558  20.5065638  20.4880694  20.4996818  20.5050825
  20.4809660  20.4608835  20.4944110  20.4887831  20.4843317  20.4854671
  20.4999552  20.4965943  20.4793561  20.5132301  20.4973392  20.4859543
  20.4910710  20.4969724  20.4781646  20.4942707  20.4980450  20.4871282
  20.4951257  20.4878003  20.5115114
 TTTTTTTTTTTTTTTTTTTTTTTTTTTTTT MOQGAD      TELAPSE     5131.00 TCPU     5129.13
 TTTTTTTTTTTTTTTTTTTTTTTTTTTTTT SHELLXN     TELAPSE     5504.13 TCPU     5502.23
 +++ ENERGIES IN A.U. +++
 ::: EXT EL-POLE                                  -3.9308223137122E+04
 ::: EXT EL-SPHEROPOLE                             3.7454994316661E+02
 ::: BIELET ZONE E-E                               4.6937421527998E+04
 ::: TOTAL E-E                                     8.0037483340422E+03
 ::: TOTAL E-N + N-E                              -5.9839338540206E+04
 ::: TOTAL N-N                                    -5.5989759321426E+03
 ::: KINETIC ENERGY                                2.9177286386846E+04
 ::: PSEUDO TOTAL   ENERGY                        -2.8257279751460E+04
 ::: VIRIAL COEFFICIENT                            1.0160183439563E+00
 TTTTTTTTTTTTTTTTTTTTTTTTTTTTTT MONMO3      TELAPSE     5515.79 TCPU     5513.88
 NUMERICALLY INTEGRATED DENSITY   1511.9940817484
 EXCHANGE ENERGY: -0.140337472244E+04  CORRELATION ENERGY: -0.579911077824E+02
 TTTTTTTTTTTTTTTTTTTTTTTTTTTTTT NUMDFT      TELAPSE     5532.45 TCPU     5530.54
 CYC  12 ETOT(AU) -2.971864558168E+04 DETOT  2.89E-07 tst  7.70E-11 PX  1.38E-04

 == SCF ENDED - CONVERGENCE ON ENERGY      E(AU) -2.9718645581681E+04 CYCLES  12


 ENERGY EXPRESSION=HARTREE+FOCK EXCH*0.25000+(PBE        EXCH)*0.75000+PBE        CORR


 TOTAL ENERGY(DFT)(AU)( 12) -2.9718645581681E+04 DE 2.9E-07 tester 7.7E-11
 TTTTTTTTTTTTTTTTTTTTTTTTTTTTTT EDFT        TELAPSE     5532.47 TCPU     5530.56

 *******************************************************************************
 *                             FORCE CALCULATION                               *
 *******************************************************************************

 TTTTTTTTTTTTTTTTTTTTTTTTTTTTTT NUMDFG      TELAPSE     5648.51 TCPU     5646.59
 INFORMATION **** EXCPOG **** EXCH. BIPO BUFFER LENGTH (WORDS) =    90660312
 INFORMATION **** GENPOG **** BIPO BUFFER LENGTH (WORDS) =    12709000
 TTTTTTTTTTTTTTTTTTTTTTTTTTTTTT SHELXG      TELAPSE     7285.02 TCPU     7282.99

 CARTESIAN FORCES IN HARTREE/BOHR (ANALYTICAL)
   ATOM                     X                   Y                   Z
   1 256             4.901222711200E-03 -2.501989625272E-03  5.181131179583E-03
   2 256             8.437379559902E-03  1.955746125911E-03  9.370061289430E-03
   3 256             1.923341599010E-03  1.130188977489E-02 -1.024247169455E-02
   4 256            -4.457108013833E-03 -4.633977648123E-03  9.887847779226E-03
   5 256             2.441593065622E-03 -3.128456176049E-03 -7.718974505735E-03
   6 256             4.970433541219E-03 -8.680956196007E-03 -5.841619780615E-03
   7 256             2.960231961298E-03  2.237521427448E-03  1.872458922720E-03
   8 256             7.076518974439E-03 -2.927755637991E-03  2.064255354422E-03
   9 256            -5.094768572505E-03 -4.218467825211E-03 -7.624271550674E-03
  10 256            -8.421697149497E-03 -3.714765656936E-03  1.667391818029E-03
  11 256            -2.820207341841E-03  2.190915358975E-03 -7.805409215953E-03
  12 256            -8.457800362401E-03  9.601611950636E-04  4.899221113808E-03
  13 256             2.898340010234E-03 -3.567690748735E-04  2.226658124750E-03
  14 256            -2.234890389348E-03 -7.232794126497E-03  3.467765917462E-03
  15 256            -3.147220318719E-03  4.870880479262E-03  3.604040314752E-03
  16 256            -2.660956412277E-03  8.602993500842E-03 -2.241645667638E-03
  17 256             9.155837101601E-03  1.041879196057E-02  3.220692766097E-03
  18 256            -1.452303351709E-03  6.728619123057E-03 -5.193452472441E-03
  19 256             4.580557939481E-03  4.440891285755E-03 -8.172976567062E-04
  20 256            -7.281994531976E-03  5.108756651266E-03  1.199964975659E-03
  21 256             2.060019490966E-03 -1.234678403054E-03 -2.392852914787E-03
  22 256             5.817809690382E-03  1.563460954767E-03 -2.883430110014E-03
  23 256             2.835707426803E-03 -5.923046296474E-03 -1.866389392752E-03
  24 256            -3.191772629584E-03  4.111389693636E-03  1.182048318851E-03
  25 256             5.931587425854E-03  6.656349882552E-03 -7.301198864949E-03
  26 256            -9.304196585854E-03  2.027646785333E-03  7.785991461408E-03
  27 256            -4.504040830963E-03 -4.913389417999E-03  3.221975543333E-03
  28   8            -1.564890453025E-03  5.516583426239E-03  1.279281483335E-02
  29   8             7.796339478832E-03  2.007594286547E-05 -2.076671891476E-03
  30   8             5.736893301409E-04  2.933814364379E-03 -4.795981483074E-03
  31   8             7.574790475350E-03  3.482436084452E-03  1.519333985508E-02
  32   8             3.312526736172E-03  4.446542848335E-03  8.815059327573E-03
  33   8            -4.032168334904E-03 -5.791769046810E-04 -8.250505733136E-03
  34   8            -6.139659685142E-04 -9.431584160128E-03  1.259529375468E-02
  35   8             6.833626948903E-04  9.700464983472E-04  2.482407320062E-02
  36   8            -1.696639882036E-03  1.566542835966E-03 -2.814576058709E-02
  37   8             3.772803306036E-03 -8.346456671843E-04 -4.943637898700E-04
  38   8             2.635675428248E-03  1.454299414489E-03 -1.128357741888E-02
  39   8             1.004539558116E-03  8.912593830182E-04  1.637702246597E-02
  40   8            -3.431064786732E-03 -7.761744173243E-03 -1.656327067015E-03
  41   8             3.473793073746E-03 -4.658900082536E-03  7.958340367504E-03
  42   8            -5.088396118423E-04 -5.271825020459E-03  2.483612471541E-02
  43   8             6.925027994221E-03 -3.829271567989E-03 -6.099296371239E-03
  44   8             2.208970271334E-03 -5.454153790634E-03  1.618357618821E-02
  45   8            -1.629838003532E-03 -5.340824915615E-03  5.756908580317E-04
  46   8            -5.927661718996E-03 -3.918757631653E-03  7.470296840976E-03
  47   8             2.062494702507E-03 -6.101494836023E-04 -1.103267252972E-02
  48   8             5.169998642422E-03  7.662106149682E-03  5.665196097769E-03
  49   8            -7.675966012944E-03  4.270941659957E-03  9.268628113070E-03
  50   8             7.373517563060E-03 -1.300138261332E-03 -8.451828414530E-03
  51   8             4.074862834805E-04 -3.897304993245E-03 -9.873572462813E-03
  52   8             8.552486672938E-05 -2.490001113213E-03 -1.899957811204E-03
  53   8             1.635597588413E-03  6.355360282354E-03  1.549556961959E-02
  54   8             4.027544521324E-03  3.840896683623E-03 -1.962361627365E-02
  55   8            -2.722792968834E-03  1.735416367180E-03 -5.380305260165E-03
  56   8             4.009628107850E-03  1.173450777638E-02  6.125057329844E-04
  57   8            -4.935638610172E-03 -8.016859770365E-03  2.173592274573E-03
  58   8             2.661716297060E-03  1.322329257905E-02 -1.407416175163E-03
  59   8             7.413820640975E-03  2.491298929418E-03 -3.720356857140E-03
  60   8            -4.673378627727E-03  4.503263870286E-03  1.200993244849E-03
  61   8            -3.390349670584E-03 -2.474256843823E-03  3.052370057983E-03
  62   8             1.880158860373E-03 -1.785364506361E-02 -6.720533243410E-03
  63   8            -1.564715570940E-03 -1.035430838889E-02 -5.977642744934E-03
  64   8            -2.542433284889E-03  3.571461827589E-04 -1.771398857023E-03
  65   8            -6.645632801089E-04  9.264792807468E-03 -2.782410265580E-03
  66   8            -5.287509573288E-04 -1.341091972613E-02  3.324618462818E-03
  67   8            -3.521288672488E-03  1.208812439991E-02  1.368408161973E-03
  68   8             5.440486374713E-03  6.350885870337E-03  1.292606852102E-03
  69   8             4.375079159273E-03  3.624705910311E-03 -1.484289191299E-03
  70   8            -1.713374489935E-03 -1.169959805960E-03 -9.350632935538E-04
  71   8            -4.750975487429E-03 -7.488071077995E-03 -1.182221030855E-03
  72   8            -5.211049730970E-04  1.325435101343E-02 -2.617617612841E-03
  73   8             6.594706662135E-03 -9.970498790184E-04  3.794826874597E-03
  74   8             5.505127831144E-04 -1.371314434573E-02  3.772566034698E-03
  75   8             1.831228885287E-03 -1.772474434099E-02 -2.047922309033E-03
  76   8            -2.552363843686E-03 -9.471471181388E-04 -6.973695501286E-03
  77   8            -7.827856401695E-03  3.555019570283E-03 -1.612034868037E-05
  78   8             2.816764591928E-03  4.250206275465E-03  9.181383834681E-03
  79   8            -3.637911777890E-03 -6.048249462239E-04  7.910486788137E-03
  80   8            -4.541790514847E-04  7.438329560966E-03 -4.699483213030E-03
  81   8             1.640512758713E-04 -2.215593968799E-03 -5.328675585866E-03
  82   8            -1.691349996700E-02 -5.449828094744E-03 -3.785499549240E-03
  83   8            -2.437963247159E-03  2.713719430968E-03  2.349422447913E-03
  84   8             8.526320539640E-03  4.716185790870E-03  7.761680184079E-03
  85   8            -2.934903737577E-04  6.317985032401E-03 -5.913807745178E-03
  86   8             3.685556956204E-03  4.222826182346E-03  3.464538717790E-03
  87   8             1.111197222967E-02 -2.800308514578E-03 -3.061859413176E-04
  88   8            -9.869189645542E-03 -9.182019708515E-05  6.959006808439E-03
  89   8            -1.837392693868E-02 -2.353522661815E-03  1.279898740302E-03
  90   8             7.512573507083E-03  1.807203232148E-03 -5.950872587149E-03
  91   8             1.660910304298E-02 -5.581910010378E-04 -1.769724561284E-03
  92   8             8.075098212348E-03 -2.358797891774E-03 -1.142567339060E-03
  93   8            -1.312581445213E-02  1.888454910272E-03 -4.967578737620E-04
  94   8             9.219201794467E-03 -9.787272612837E-03 -1.214463974639E-04
  95   8            -4.831305290927E-03  4.523628639292E-03 -5.311753641883E-03
  96   8            -1.858729410572E-02  1.266149637041E-03 -2.717511223162E-03
  97   8             1.006616008585E-02 -4.043929721866E-03  4.375581687509E-03
  98   8             8.546468844829E-03 -6.140015882603E-03  3.847445315641E-03
  99   8            -6.595388041997E-05 -1.038985177863E-04  2.148891390228E-03
 100   8             1.786429428388E-03  3.833771778685E-04  4.409675508170E-03
 101   8            -1.014139933825E-02  3.861360446758E-03 -4.970869091945E-03
 102   8             1.852471918191E-04  6.490671630773E-03 -2.157992015992E-03
 103   8            -5.651454433565E-03 -8.166622582474E-04 -4.538077041986E-03
 104   8            -7.574864488050E-03 -6.844962738825E-03 -4.332572507512E-03
 105   8             2.534328737853E-03  3.385002696501E-03  4.109598569655E-03
 106   8            -3.064206089989E-03 -2.815345020897E-03  6.127903609208E-03
 107   8             7.380931342239E-03  6.159769203059E-04 -1.575154855135E-03
 108   8             2.801494241491E-03  3.819623982078E-03 -5.034725382180E-03
 109  22             1.378512870851E-02 -9.216529877329E-03 -5.315148912456E-03
 110  22            -3.064119617002E-02 -3.625842381283E-03  9.404461438201E-04
 111  22            -3.281691895354E-03 -6.121937464511E-03 -1.352172781199E-02
 112  22            -2.466170617702E-02 -7.002911249537E-03 -5.688676929022E-03
 113  22            -9.521174548724E-03 -7.049276474741E-03  3.049528328765E-03
 114  22             1.100873752283E-02 -6.789629684006E-03  3.531361423769E-03
 115  22             5.653474802283E-03  2.263393758120E-02 -1.488457946539E-02
 116  22             1.023319796673E-02  8.516213481775E-03 -1.132173695628E-02
 117  22             1.103744565866E-02  8.711510195685E-03  3.012496062668E-02
 118  22            -7.050144759419E-03 -1.332145585021E-02  7.429598066868E-04
 119  22             6.521671749060E-03 -7.777170436663E-03 -1.811741432296E-03
 120  22             5.679778221319E-04  8.977022765136E-03 -6.732970484707E-03
 121  22             7.361066886281E-04  2.000857415128E-02  7.753987700191E-03
 122  22             4.263608861264E-03  1.167576479237E-02 -1.202123446514E-02
 123  22             8.516104202573E-03 -1.576555118721E-02 -1.564935007458E-02
 124  22            -1.101040783107E-02 -3.722683782771E-03  1.025481639662E-02
 125  22            -5.522433383317E-03 -4.576402584132E-03 -2.049568861430E-02
 126  22             5.471287607108E-03  7.181303219885E-03 -5.073590821316E-03
 127  22            -1.729074916115E-03  1.577795829580E-02 -4.687433081048E-03
 128  22             1.922514265816E-02 -3.676867530449E-03  1.569879465183E-02
 129  22            -3.403812119578E-04 -7.841532059108E-03 -5.429748981695E-03
 130  22             1.893157367305E-02 -1.780986971221E-02 -2.740160143069E-03
 131  22             3.248051573749E-03 -5.532777359745E-04  1.758006864891E-02
 132  22            -2.265788782597E-02  3.732643134209E-03  2.571613622432E-03
 133  22            -5.693376940060E-04 -1.933206221093E-03 -2.226933038237E-02
 134  22            -4.689609180218E-03  2.525430524166E-03 -2.205662089103E-02
 135  22            -1.297573551637E-02 -3.446036275532E-03  3.281448459040E-02

 RESULTANT FORCE     9.131979894494E-12 -9.120728478029E-12  4.465414149557E-12

 SYMMETRY ALLOWED FORCES (ANALYTICAL) (DIRECTION, FORCE)

    1  4.9194769E-03    2 -2.5113081E-03    3  5.2004278E-03    4  8.5057532E-03
    5  1.9443432E-03    6  9.4440314E-03    7  2.0312827E-03    8  1.1340497E-02
    9 -1.0171375E-02   10 -4.3580263E-03   11 -4.5698384E-03   12  9.9582821E-03
   13  2.5337621E-03   14 -3.0935560E-03   15 -7.6398192E-03   16  5.0919514E-03
   17 -8.6914246E-03   18 -5.8141976E-03   19  3.1135394E-03   20  2.2019818E-03
   21  1.8847082E-03   22  7.2704208E-03   23 -2.9663204E-03   24  2.0920405E-03
   25 -4.8915955E-03   26 -4.2855939E-03   27 -7.6183188E-03   28 -8.2707827E-03
   29 -3.8140296E-03   30  1.6497325E-03   31 -2.7131847E-03   32  2.0847815E-03
   33 -7.8479375E-03   34 -8.3956178E-03   35  8.6591553E-04   36  4.8446860E-03
   37  2.9384323E-03   38 -4.4933216E-04   39  2.2007414E-03   40 -2.1917811E-03
   41 -7.3574103E-03   42  3.4650805E-03   43 -3.1260939E-03   44  4.7355332E-03
   45  3.6306779E-03   46 -2.6639514E-03   47  8.5229232E-03   48 -2.2091356E-03
   49  9.1803267E-03   50  1.0418324E-02   51  3.2576567E-03   52 -1.3949194E-03
   53  6.8010831E-03   54 -5.1646447E-03   55  4.6519160E-03   56  4.5618950E-03
   57 -8.1400017E-04   58 -7.2218240E-03   59  5.2721555E-03   60  1.2049664E-03
   61  2.0980004E-03   62 -1.0529950E-03   63 -2.3930511E-03   64  5.8908663E-03
   65  1.7482205E-03   66 -2.9068788E-03   67  2.9478449E-03   68 -5.7560943E-03
   69 -1.9111472E-03   70 -3.0802865E-03   71  4.2718153E-03   72  1.1338507E-03
   73  6.0565731E-03   74  6.8669771E-03   75 -7.3776081E-03   76 -9.1936279E-03
   77  2.2798033E-03   78  7.7112547E-03   79 -4.4560361E-03   80 -4.6722808E-03
   81  3.1972307E-03   82 -1.5446357E-03   83  5.7628528E-03   84  1.2842432E-02
   85  7.8461434E-03   86  2.9459177E-04   87 -1.9764404E-03   88  6.6355382E-04
   89  3.2249647E-03   90 -4.7274029E-03   91  7.7045835E-03   92  3.8070793E-03
   93  1.5312552E-02   94  3.4961213E-03   95  4.8126391E-03   96  9.0513342E-03
   97 -3.8503800E-03   98 -1.9070276E-04   99 -8.0093737E-03  100 -4.5323326E-04
  101 -9.0887048E-03  102  1.2860457E-02  103  8.4605602E-04  104  1.2743676E-03
  105  2.5278196E-02  106 -1.5374333E-03  107  1.8866770E-03  108 -2.7704432E-02
  109  3.9442355E-03  110 -5.0757681E-04  111 -1.9358486E-04  112  2.8417160E-03
  113  1.7879306E-03  114 -1.1040256E-02  115  1.2315552E-03  116  1.2404940E-03
  117  1.6649627E-02  118 -3.2144371E-03  119 -7.4449427E-03  120 -1.3040405E-03
  121  3.6930354E-03  122 -4.4044224E-03  123  8.3478337E-03  124 -2.7145317E-04
  125 -5.0677413E-03  126  2.5405400E-02  127  7.1997720E-03  128 -3.6721570E-03
  129 -5.4230326E-03  130  2.5365610E-03  131 -5.3460768E-03  132  1.6922669E-02
  133 -1.2954859E-03  134 -5.2911946E-03  135  1.4153091E-03  136 -5.6318624E-03
  137 -3.9202818E-03  138  8.3643546E-03  139  2.3399255E-03  140 -6.3722620E-04
  141 -1.0148933E-02  142  5.4919805E-03  143  7.6751525E-03  144  6.5286349E-03
  145 -7.3649609E-03  146  4.3530619E-03  147  1.0228435E-02  148  7.6866474E-03
  149 -1.1997785E-03  150 -7.4763203E-03  151  7.7024369E-04  152 -3.8265579E-03
  153 -8.9949823E-03  154  4.5557336E-04  155 -2.4566303E-03  156 -1.0812058E-03
  157  2.0205914E-03  158  6.4127243E-03  159  1.6406964E-02  160  4.4520516E-03
  161  3.9614737E-03  162 -1.8727022E-02  163 -2.2850374E-03  164  1.8920877E-03
  165 -4.6276090E-03  166  4.4611162E-03  167  1.1978066E-02  168  1.3448007E-03
  169 -4.4844775E-03  170 -7.7469164E-03  171  2.9329942E-03  172  3.1041851E-03
  173  1.3530750E-02  174 -6.3334587E-04  175  7.9280304E-03  176  2.9052617E-03
  177 -2.9697329E-03  178 -4.1344717E-03  179  4.9690773E-03  180  1.9449816E-03
  181 -2.8983015E-03  182 -1.9887287E-03  183  3.8349341E-03  184  2.3687491E-03
  185 -1.7500156E-02  186 -5.9525009E-03  187 -1.0672916E-03  188 -1.0190313E-02
  189 -5.2865766E-03  190 -2.0667985E-03  191  4.5378215E-04  192 -1.1247565E-03
  193 -2.0488041E-04  194  9.4312661E-03  195 -2.1589186E-03  196 -7.1035556E-05
  197 -1.3272463E-02  198  3.9611396E-03  199 -3.0865340E-03  200  1.2219621E-02
  201  2.0484278E-03  202  5.8961434E-03  203  6.6207667E-03  204  2.0024116E-03
  205  4.9113640E-03  206  3.9735774E-03  207 -7.6532929E-04  208 -1.1487582E-03
  209 -7.9716073E-04  210 -2.2357979E-04  211 -4.2278097E-03  212 -7.1768007E-03
  213 -4.7612753E-04  214 -3.1084723E-05  215  1.3616568E-02  216 -1.9303698E-03
  217  7.1413856E-03  218 -5.3142471E-04  219  4.5026932E-03  220  1.1639782E-03
  221 -1.3359967E-02  222  4.5534699E-03  223  2.4745635E-03  224 -1.7625700E-02
  225 -1.2400530E-03  226 -1.9044301E-03  227 -1.0027683E-03  228 -6.2282373E-03
  229 -7.2577634E-03  230  3.5209018E-03  231  6.8258733E-04  232  3.3535941E-03
  233  4.2833978E-03  234  9.9722926E-03  235 -3.0990981E-03  236 -5.3897192E-04
  237  8.8666129E-03  238  5.7603213E-05  239  7.5672608E-03  240 -3.6977052E-03
  241  6.8258866E-04  242 -2.0367804E-03  243 -4.4005501E-03  244 -1.6542559E-02
  245 -5.3394576E-03  246 -2.9251443E-03  247 -2.2436218E-03  248  2.8004987E-03
  249  3.2127644E-03  250  8.7840636E-03  251  4.8768855E-03  252  8.7402155E-03
  253  5.0449918E-05  254  6.5912048E-03  255 -4.8982599E-03  256  4.0709140E-03
  257  4.6079438E-03  258  4.4763359E-03  259  1.1658234E-02  260 -2.3929523E-03
  261  7.5884064E-04  262 -9.2994933E-03  263  2.9381464E-04  264  8.1168932E-03
  265 -1.8096188E-02  266 -1.9860201E-03  267  2.5509644E-03  268  7.6785935E-03
  269  2.1770281E-03  270 -4.7036355E-03  271  1.7050486E-02  272 -1.6616651E-04
  273 -5.8095424E-04  274  8.8098354E-03  275 -1.9914108E-03  276  4.0096577E-05
  277 -1.2434666E-02  278  2.2592440E-03  279  6.9449260E-04  280  9.8815356E-03
  281 -9.5035653E-03  282  1.0910906E-03  283 -4.0994934E-03  284  4.7504267E-03
  285 -4.1367504E-03  286 -1.8134526E-02  287  1.5717325E-03  288 -1.6142034E-03
  289  1.0422394E-02  290 -3.7669316E-03  291  5.5296793E-03  292  9.1602827E-03
  293 -5.9916235E-03  294  5.1419375E-03  295  6.8007546E-04  296 -3.6429914E-05
  297  3.5608552E-03  298  2.5778958E-03  299  4.5673144E-04  300  5.9540342E-03
  301 -9.4493339E-03  302  3.9987322E-03  303 -3.3908434E-03  304  7.5047761E-04
  305  6.7869755E-03  306 -6.3690651E-04  307 -5.1536239E-03  308 -4.2477845E-04
  309 -3.0734960E-03  310 -7.2714582E-03  311 -6.5630262E-03  312 -2.9622987E-03
  313  2.7663689E-03  314  3.6208029E-03  315  5.5222716E-03  316 -2.8340725E-03
  317 -2.5627676E-03  318  7.7623287E-03  319  7.6964777E-03  320  8.3934154E-04
  321  1.9536715E-04  322  3.3129700E-03  323  4.1323074E-03  324 -3.3205805E-03
  325  1.4630897E-02  326 -8.9961858E-03  327 -3.7316946E-03  328 -3.0101265E-02
  329 -3.6477056E-03  330  2.5013895E-03  331 -3.4067133E-03  332 -6.3442187E-03
  333 -1.2156866E-02  334 -2.5391596E-02  335 -7.5142269E-03  336 -4.6728859E-03
  337 -1.1039847E-02  338 -7.8957613E-03  339  4.0539238E-03  340  9.4594354E-03
  341 -7.9974433E-03  342  4.7357501E-03  343  4.4336282E-03  344  2.1762395E-02
  345 -1.3903827E-02  346  9.3598365E-03  347  8.3946525E-03  348 -1.0961903E-02
  349  1.0692420E-02  350  9.0493890E-03  351  3.1027574E-02  352 -7.3080760E-03
  353 -1.3104827E-02  354  2.5681582E-03  355  6.2381231E-03  356 -8.1848495E-03
  357  9.0617337E-05  358  4.9204056E-04  359  8.5902186E-03  360 -4.9861540E-03
  361  7.0004340E-04  362  2.0602070E-02  363  9.6650035E-03  364  4.4126292E-03
  365  1.3482809E-02  366 -1.0139839E-02  367  9.1923218E-03  368 -1.3998729E-02
  369 -1.4728540E-02  370 -1.0401669E-02  371 -2.6398585E-03  372  1.1044408E-02
  373 -5.6386217E-03  374 -3.7872079E-03  375 -2.0152859E-02  376  5.3546686E-03
  377  8.2067943E-03  378 -6.0235050E-03  379 -1.6504362E-03  380  1.8293605E-02
  381 -6.3249011E-03  382  2.0529582E-02  383 -5.5085798E-05  384  1.4622030E-02
  385  2.5723383E-03  386 -4.5619594E-03  387 -5.9373691E-03  388  2.4155001E-02
  389 -1.6317550E-02  390 -4.0788929E-03  391  1.2049002E-02  392 -6.9137927E-04
  393  1.7723103E-02  394 -1.4358407E-02  395  4.0563883E-03  396  5.5501569E-03
  397  6.7469845E-03  398 -1.2026205E-03  399 -2.2574712E-02  400  5.8591761E-03
  401  4.2224647E-03  402 -3.8799731E-02
 TTTTTTTTTTTTTTTTTTTTTTTTTTTTTT TOTGRA      TELAPSE     7313.78 TCPU     7311.68
 EIGENVECTORS IN FORTRAN UNIT  8
 TTTTTTTTTTTTTTTTTTTTTTTTTTTTTT END         TELAPSE     7317.55 TCPU     7315.36
 EEEEEEEEEE TERMINATION  DATE 25 03 2026 TIME 19:15:27.4
NODE    0 CPU TIME =      7315.361
NODE    1 CPU TIME =      7315.608
NODE    2 CPU TIME =      7315.751
NODE    3 CPU TIME =      7315.708
NODE    4 CPU TIME =      7315.780
NODE    5 CPU TIME =      7315.724
NODE    6 CPU TIME =      7315.991
NODE    7 CPU TIME =      7315.735
NODE    8 CPU TIME =      7315.787
NODE    9 CPU TIME =      7314.147
NODE   10 CPU TIME =      7313.800
NODE   11 CPU TIME =      7315.595
NODE   12 CPU TIME =      7315.834
NODE   13 CPU TIME =      7315.640
NODE   14 CPU TIME =      7315.555
NODE   15 CPU TIME =      7315.564
NODE   16 CPU TIME =      7315.115
NODE   17 CPU TIME =      7315.142
NODE   18 CPU TIME =      7315.796
NODE   19 CPU TIME =      7315.729
NODE   20 CPU TIME =      7315.832
NODE   21 CPU TIME =      7314.357
NODE   22 CPU TIME =      7315.244
NODE   23 CPU TIME =      7315.728
NODE   24 CPU TIME =      7315.196
NODE   25 CPU TIME =      7315.297
NODE   26 CPU TIME =      7315.752
NODE   27 CPU TIME =      7315.751
NODE   28 CPU TIME =      7315.659
NODE   29 CPU TIME =      7314.270
NODE   30 CPU TIME =      7315.520
NODE   31 CPU TIME =      7314.562
    TOTAL CPU TIME =    234092.533
------------------------------------------------------
Pcrystal finished normally
------------------------------------------------------
SCF wavefunction fort.9 saved as /users/zeitzsab/tetra_script_walkthrough/oldPyro_tetra/rdm/rdm_disp8.w
Date: 2026-03-25 19:15:27