Date: 2026-03-25 17:19:46
Running on: nid002293
Temporary directory: /scratch/project_462000878/zeitzsab/rdm_disp27_248769
Executable: /project/project_462000878/jchem/crystal/23-1.0.1-gnu/install/bin/Pcrystal
Output: /users/zeitzsab/tetra_script_walkthrough/oldPyro_tetra/rdm/rdm_disp27.out
Input data rdm_disp27.d12
converted and standardized from ase Atoms() object for Ba27Ti27O81 in space group 1
EXTERNAL
ENDGEOM 
256 6 
INPUT 
10. 0 2 2 2 1 0 
9.526986 427.845816 0 
4.487510 204.417530 0 
8.315930 293.605864 0 
4.292217 294.193316 0 
5.916108 112.550402 0 
2.874842 181.782621 0 
3.589465 -33.473174 0 
0 0 3 2.0 1.0 
2.3961900000 -5.9554766710 
2.2433050000 6.6805648241 
0.71740200000 -0.57055347037 
0 0 1 2.0 1.0 
0.27420073547 1.0000000000 
0 1 1 0.0 1.0 
0.13 1.0 1.0 
0 2 4 6.0 1.0 
2.9267420000 0.79815276764 
2.5207180000 -1.0707548832 
0.67578180854 0.34940781448 
0.31985844531 0.65041110673 
0 3 2 0.0 1.0 
0.966315 -0.908938 
0.893828 0.947240 
0 3 1 0.0 1.0 
0.273195 0.322057 
22 12 
0 0 8 2.0 1.0 
211575.69025 .23318151011E-03 
31714.945058 .18079690851E-02 
7217.5476543 .93984311352E-02 
2042.9394247 .38156853618E-01 
665.12896208 .12374757197 
238.74942264 .29208551143 
92.508691001 .41226800855 
36.403919209 .21090534061 
0 0 4 2.0 1.0 
232.72624607 -.24920140738E-01 
71.791209711 -.11746490087 
11.158534615 .56503342318 
4.6548135416 .56211101812 
0 0 2 2.0 1.0 
6.8034629174 -.23011425503 
1.1201076403 .72103186735 
0 0 1 2.0 1.0 
0.48080118839 1.0000000000 
0 0 1 0.0 1.0 
0.24 1.0 
0 1 1 0.0 1.0 
0.12 1.0 1.0 
0 2 6 6.0 1.0 
1063.1474732 .24690839320E-02 
251.56507061 .19773345523E-01 
80.408554854 .90987976672E-01 
29.768193269 .25559900413 
11.736830556 .40489386764 
4.7142375230 .23693402558 
0 2 3 6.0 1.0 
17.796803704 -.27878639615E-01 
2.4272698680 .55672914668 
0.96823445537 1.0055447350 
0 2 1 0.0 1.0 
0.37056694165 1.0000000000 
0 3 4 2.0 1.0 
37.713384723 .11513835092E-01 
10.692931184 .67246343996E-01 
3.6728446990 .21484207775 
1.3588590303 .38890892779 
0 3 1 0.0 1.0 
0.54 1.0 
0 3 1 0.0 1.0 
0.22 1.0 
8 7 
0 0 6 2.0 1.0 
27032.382631 0.21726302465E-03 
4052.3871392 0.16838662199E-02 
922.32722710 0.87395616265E-02 
261.24070989 0.35239968808E-01 
85.354641351 0.11153519115 
31.035035245 0.25588953961 
0 0 2 2.0 1.0 
12.271113873 0.39768730901 
4.9159842006 0.24627849430 
0 0 1 0.0 1.0 
0.90086482370 1.0000000000 
0 1 1 0.0 1.0 
0.25000000000 1.0 1.0 
0 2 4 4.0 1.0 
75.300554155 0.60685103418E-02 
17.743733858 0.41912575824E-01 
5.5355828651 0.16153841088 
2.0685535103 0.35706951311 
0 2 1 0.0 1.0 
0.78238772422 1.0000000000 
0 3 1 0.0 1.0 
1.2000000000 1.0000000000 
99 0 
ENDBAS 
DFT 
PBE0 
ENDDFT 
SHRINK 
0 2 
2 2 2 
TOLINTEG 
8 8 8 8 16 
MAXCYCLE 
100 
FMIXING 
80 
EXCHSIZE 
30000000 
BIPOSIZE 
30000000 
GRADCAL 
ENDEXTERNAL geometry rdm_disp27.ext is available as /scratch/project_462000878/zeitzsab/rdm_disp27_248769/fort.34
 PROCESS            9  OF           32  WORKING
 PROCESS           15  OF           32  WORKING
 PROCESS            1  OF           32  WORKING
 PROCESS            3  OF           32  WORKING
 PROCESS            5  OF           32  WORKING
 PROCESS           11  OF           32  WORKING
 PROCESS           18  OF           32  WORKING
 PROCESS           21  OF           32  WORKING
 PROCESS           23  OF           32  WORKING
 PROCESS           24  OF           32  WORKING
 PROCESS           19  OF           32  WORKING
 PROCESS           25  OF           32  WORKING
 PROCESS           31  OF           32  WORKING
 PROCESS            6  OF           32  WORKING
 PROCESS            8  OF           32  WORKING
 PROCESS           12  OF           32  WORKING
 PROCESS           17  OF           32  WORKING
 PROCESS            4  OF           32  WORKING
 PROCESS           22  OF           32  WORKING
 PROCESS            7  OF           32  WORKING
 PROCESS           26  OF           32  WORKING
 PROCESS           27  OF           32  WORKING
 PROCESS           13  OF           32  WORKING
 PROCESS           16  OF           32  WORKING
 PROCESS           14  OF           32  WORKING
 PROCESS           20  OF           32  WORKING
 PROCESS           28  OF           32  WORKING
 PROCESS           29  OF           32  WORKING
 PROCESS           30  OF           32  WORKING
 PROCESS            0  OF           32  WORKING
 PROCESS            2  OF           32  WORKING
 PROCESS           10  OF           32  WORKING

         
 *******************************************************************************
 *                                                                             *
 *                               CRYSTAL23                                     *
 *                      public : 1.0.1 - October 2022                          *
 *                       HTTP://WWW.CRYSTAL.UNITO.IT                           *
 *                                                                             *
 *                              MAIN AUTHORS                                   *
 *                                                                             *
 *  R. DOVESI(1,11), V.R. SAUNDERS(2), C. ROETTI(1,11), R. ORLANDO(1,11),      *
 *  C.M. ZICOVICH-WILSON(1,3), F. PASCALE(4), B. CIVALLERI(1,11),              *
 *  K. DOLL(5), N.M. HARRISON(6), I.J. BUSH(7), Ph. D'ARCO(8),                 *
 *  M. LLUNELL(9), M. CAUSA'(10), Y. NOEL(8), L. MASCHIO(1,11), A. ERBA(1,11)  *
 *  M. RE'RAT(14), S. CASASSA(1,11), B.G. SEARLE(2), J.K. DESMARAIS(1)         *
 *                                                                             *
 *        CONTRIBUTIONS TO THE CODE HAVE ALSO BEEN GIVEN BY                    *
 *                                                                             *
 *  M. FERRABONE(1,11), M. DE LA PIERRE(1,11), M. FERRERO(1,11),               *
 *  J. BAIMA(1,11), E. ALBANESE(1,11), M.F. PEINTINGER(12), R. BAST(13),       *
 *  B. KIRTMAN(15), V. LACIVITA(1,11), R. DEMICHELIS(1,16)                     *
 *  G. BRANDEBURG(17), S. SALUSTRO(1,11), G. SANSONE(1,11)                     *
 *  M.T. RUGGIERO(18), L.E. DAGA(1), L. DONA'(1), A. COSSARD(1)                *
 *                                                                             *
 * (1) THEORETICAL CHEMISTRY GROUP - UNIVERSITA' DI TORINO - TORINO (ITALY)    *
 * (2) SCIENTIFIC COMPUTING DEPARTMENT - STFC DARESBURY (UK)                   *
 * (3) UNIVERSIDAD AUTONOMA DEL ESTADO DE MORELOS - CUERNAVACA (MEXICO)        *
 * (4) UNIVERSITE' DE LORRAINE - NANCY (FRANCE)                                *
 * (5) UNIVERSITAET STUTTGART- STUTTGART (GERMANY)                             *
 * (6) IMPERIAL COLLEGE - LONDON (UK)                                          *
 * (7) SCIENTIFIC COMPUTING DEPARTMENT - STFC RAL (UK)                         *
 * (8) UPMC - SORBONNE UNIVERSITES - PARIS (FRANCE)                            *
 * (9) UNIVERSIDAD DE BARCELONA - BARCELONA (SPAIN)                            *
 *(10) UNIVERSITA' DI NAPOLI "FEDERICO II" - NAPOLI (ITALY)                    *
 *(11) NIS - NANOSTRUCTURED INTERFACES AND SURFACES - TORINO (ITALY)           *
 *(12) MPI FUER CHEMISCHE ENERGIEKONVERSION - MUELHEIM AN DER RUHR (GERMANY)   *
 *(13) UNIVERSITY OF TROMSO - TROMSO (NORWAY)                                  *
 *(14) UNIVERSITE' DE PAU ET DES PAYS DE L'ADOUR - PAU (FRANCE)                *
 *(15) UNIVERSITY OF CALIFORNIA SANTA BARBARA - SANTA BARBARA (USA)            *
 *(16) CURTIN UNIVERSITY - PERTH (AUSTRALIA)                                   *
 *(17) UNIVERSITY COLLEGE LONDON - LONDON (UK)                                 *
 *(18) UNIVERSITY OF VERMONT - BURLINGTON (USA)                                *
 *                                                                             *
 *******************************************************************************
 EEEEEEEEEE STARTING  DATE 25 03 2026 TIME 17:19:48.6
 converted and standardized from ase Atoms() object for Ba27Ti27O81 in space grou
 filename=fort.34                        0           0

 GEOMETRY INPUT FROM EXTERNAL FILE (FORTRAN UNIT 34)
 3D - CRYSTAL 

 *******************************************************************************
 LATTICE PARAMETERS  (ANGSTROMS AND DEGREES) - PRIMITIVE CELL
       A          B          C        ALPHA      BETA     GAMMA        VOLUME
   11.90773   11.90773   12.27480    90.00000  90.00000  90.00000   1740.493702
 INFORMATION **** CHKGRP **** SPGR WITH NO INVERSION

 NUMBER OF IRREDUCIBLE ATOMS IN THE CELL:  135

 CARTESIAN COORDINATES (ANGSTROM) - IRREDUCIBLE ATOMS AND SYMMETRY RELATED

 AT.IRR.  AT  AT.N.          X                   Y                   Z
     1     1   256   -9.916450027347E-03 -3.139200899813E-02  3.466068410380E-03
     2     2   256    2.164081069022E-02 -3.138605173186E-02  4.105677351147E+00
     3     3   256   -2.204063888737E-02  3.067339651448E-02  8.222549789067E+00
     4     4   256   -1.938769951211E-02  3.944343422105E+00  5.076388140802E-02
     5     5   256    3.011527325803E-02  3.995000265078E+00  4.123234891139E+00
     6     6   256    2.535141022334E-02  3.938420132576E+00  8.206705069624E+00
     7     7   256   -4.340254793589E-04  7.962345339729E+00  5.829031742650E-02
     8     8   256   -2.530358761566E-02  7.929464083757E+00  4.088148961634E+00
     9     9   256   -2.587797594486E-02  7.961192333657E+00  8.229751920915E+00
    10    10   256    3.938301688815E+00 -8.200027216852E-03  5.017187825672E-02
    11    11   256    3.977063503220E+00  2.579489104168E-02  4.147339601197E+00
    12    12   256    3.944538559918E+00 -1.032181229821E-02  8.239100162477E+00
    13    13   256    3.942985105759E+00  3.944378964996E+00  4.327905762024E-02
    14    14   256    3.995102401611E+00  3.961197398451E+00  4.088346629029E+00
    15    15   256    3.964633882441E+00  3.944334880483E+00  8.178427625167E+00
    16    16   256    3.968172940450E+00  7.978468540878E+00  2.686770368821E-02
    17    17   256    3.935506532672E+00  7.947156466684E+00  4.137447727640E+00
    18    18   256    3.954552926644E+00  7.902329699686E+00  8.200626218237E+00
    19    19   256    7.959749312763E+00 -1.092336960355E-02  5.825905974998E-02
    20    20   256    7.947998142153E+00  8.263199140286E-03  4.079820505023E+00
    21    21   256    7.942502902942E+00  3.662037893164E-02  8.224966563640E+00
    22    22   256    7.945585596976E+00  3.977688386798E+00  6.463531810167E-02
    23    23   256    7.939452372415E+00  3.995702866425E+00  4.087801198104E+00
    24    24   256    7.977759156937E+00  3.966417753986E+00  8.202323575025E+00
    25    25   256    7.975844040738E+00  7.942130152389E+00  1.235444363509E-02
    26    26   256    7.905160672171E+00  7.947320823005E+00  4.138063789698E+00
    27    27   256    7.932462469832E+00  7.907168336549E+00  8.233523012297E+00
    28    28     8    2.019683261219E+00  2.003550621925E+00  3.957100322617E+00
    29    29     8    1.990378936509E+00  1.980588159914E+00  8.012847642617E+00
    30    30     8    1.951845301548E+00  1.966116726649E+00  1.213028766779E+01
    31    31     8    2.024102724792E+00  5.958270300288E+00  3.965305519235E+00
    32    32     8    1.997907752276E+00  5.934088172332E+00  8.084354713346E+00
    33    33     8    1.981918110780E+00  5.958535963739E+00  1.218345811261E+01
    34    34     8    1.955281392245E+00  9.930247291361E+00  3.934393152576E+00
    35    35     8    2.001144974253E+00  9.906012368258E+00  8.084390920768E+00
    36    36     8    1.962130553058E+00  9.895892202476E+00  1.212502822913E+01
    37    37     8    5.982782618551E+00  1.960228612744E+00  3.947633697935E+00
    38    38     8    5.984231301034E+00  1.961748361681E+00  8.064665749404E+00
    39    39     8    5.941938070800E+00  1.984202111475E+00  1.218200141244E+01
    40    40     8    5.939609490338E+00  5.981476769517E+00  3.935439004911E+00
    41    41     8    5.951150505226E+00  5.921064924542E+00  8.029494571321E+00
    42    42     8    5.922310119424E+00  5.971414926413E+00  1.212661190512E+01
    43    43     8    5.961260616998E+00  9.883916890492E+00  3.957600147822E+00
    44    44     8    5.974398705619E+00  9.919701291932E+00  8.018066611540E+00
    45    45     8    5.954439554968E+00  9.953260997778E+00  1.211754366540E+01
    46    46     8    9.946771652773E+00  1.958263732440E+00  3.942041585957E+00
    47    47     8    9.963078849847E+00  1.985828406998E+00  8.053276789898E+00
    48    48     8    9.914733910337E+00  1.966438588647E+00  1.217845295997E+01
    49    49     8    9.957010762192E+00  5.949546144141E+00  3.981414312670E+00
    50    50     8    9.922372154075E+00  5.993538059351E+00  8.047163147619E+00
    51    51     8    9.897601954936E+00  5.978765273347E+00  1.212567579979E+01
    52    52     8    9.907494261410E+00  9.889462742968E+00  3.975590638903E+00
    53    53     8    9.935176630464E+00  9.910448989399E+00  8.016251608023E+00
    54    54     8    9.897401439916E+00  9.941022184581E+00  1.211895990094E+01
    55    55     8    2.000113503594E+00 -3.267635678844E-02  2.002871584494E+00
    56    56     8    1.982170769655E+00 -1.862450376540E-02  6.112688713116E+00
    57    57     8    1.979438484169E+00  3.920865114136E-02  1.017495697990E+01
    58    58     8    2.008024846798E+00  3.982228099750E+00  1.956047830914E+00
    59    59     8    1.968964606885E+00  3.942669356924E+00  6.102841977337E+00
    60    60     8    2.013188777892E+00  3.997193065262E+00  1.017065159173E+01
    61    61     8    1.979287421669E+00  7.902484674002E+00  2.002366224197E+00
    62    62     8    2.011128319829E+00  7.942860011936E+00  6.047737753375E+00
    63    63     8    1.962663829937E+00  7.961079262208E+00  1.014432528252E+01
    64    64     8    5.928929228365E+00 -2.188493241461E-03  2.016973973721E+00
    65    65     8    5.924282786179E+00 -4.741511710339E-03  6.103875478015E+00
    66    66     8    5.959828071924E+00  1.329330329223E-02  1.013172025807E+01
    67    67     8    5.980964338290E+00  3.994008789559E+00  1.969887469730E+00
    68    68     8    5.968125041500E+00  3.933004785495E+00  6.086505888334E+00
    69    69     8    5.939667530069E+00  4.004622195643E+00  1.015685678466E+01
    70    70     8    5.972048706624E+00  7.956521846451E+00  1.955047484810E+00
    71    71     8    5.975609374629E+00  7.905782972023E+00  6.069785746370E+00
    72    72     8    5.971967156694E+00  7.952940635753E+00  1.020158422942E+01
    73    73     8    9.933012153234E+00  1.939552640322E-02  2.019328167585E+00
    74    74     8    9.937221382872E+00  1.493407404943E-02  6.111694215553E+00
    75    75     8    9.899560242561E+00  3.130922247228E-02  1.016090427285E+01
    76    76     8    9.946794275320E+00  3.949319438828E+00  2.011115131488E+00
    77    77     8    9.926674044243E+00  4.003327169521E+00  6.098005804759E+00
    78    78     8    9.947870236075E+00  3.938726800432E+00  1.016151264080E+01
    79    79     8    9.916433684009E+00  7.899062335114E+00  1.984787180018E+00
    80    80     8    9.918122603565E+00  7.977052135105E+00  6.067994456591E+00
    81    81     8    9.948666457343E+00  7.954667742537E+00  1.014279736327E+01
    82    82     8   -2.663415726490E-02  1.955022230846E+00  1.981972264053E+00
    83    83     8    2.873734521884E-02  1.988817216277E+00  6.049868392441E+00
    84    84     8    1.601777351043E-02  1.977756549940E+00  1.020497683337E+01
    85    85     8   -2.327830300559E-03  5.981564034146E+00  2.014540617514E+00
    86    86     8   -4.832441195767E-03  5.955834359223E+00  6.037715919372E+00
    87    87     8    2.533571629773E-02  5.946741808513E+00  1.013885066537E+01
    88    88     8    2.560541192224E-02  9.903942999524E+00  1.961755651993E+00
    89    89     8    3.121733735710E-05  9.910883134024E+00  6.115459334321E+00
    90    90     8    3.143956082709E-02  9.939691108338E+00  1.018732076962E+01
    91    91     8    3.963509621750E+00  1.961862094643E+00  1.953385864470E+00
    92    92     8    3.954005976545E+00  2.006079832817E+00  6.107496580304E+00
    93    93     8    3.960838871584E+00  1.970706809277E+00  1.020552012231E+01
    94    94     8    3.993218259760E+00  5.966888858966E+00  1.956523702974E+00
    95    95     8    3.964514126621E+00  5.990318873002E+00  6.061599126765E+00
    96    96     8    3.941106902887E+00  5.968231588298E+00  1.019350699045E+01
    97    97     8    3.995414690269E+00  9.950494563761E+00  1.972920709760E+00
    98    98     8    3.950549288467E+00  9.910358199362E+00  6.044391366085E+00
    99    99     8    3.939750226001E+00  9.924964278112E+00  1.014201608802E+01
   100   100     8    7.909619531649E+00  1.992632036590E+00  2.012278628284E+00
   101   101     8    7.935680294600E+00  2.023992692398E+00  6.070887607168E+00
   102   102     8    7.913529461485E+00  2.007151215064E+00  1.019064020724E+01
   103   103     8    7.919025074018E+00  5.959621926354E+00  1.951307554415E+00
   104   104     8    7.957775676211E+00  5.987283832932E+00  6.087923844230E+00
   105   105     8    7.930222921950E+00  5.935998750898E+00  1.020379256419E+01
   106   106     8    7.972684279938E+00  9.942850114403E+00  1.979370492685E+00
   107   107     8    7.910726562649E+00  9.948623889218E+00  6.064019380280E+00
   108   108     8    7.970942895767E+00  9.899953862434E+00  1.017220971411E+01
   109   109    22    1.982263857740E+00  1.980936742396E+00  2.107674630273E+00
   110   110    22    1.989816994733E+00  2.003500732685E+00  6.273913202167E+00
   111   111    22    1.992898106531E+00  1.966765253117E+00  1.029580883838E+01
   112   112    22    1.980584326576E+00  5.977214537796E+00  2.179661400541E+00
   113   113    22    1.981674610583E+00  5.948521131554E+00  6.199501720093E+00
   114   114    22    2.001824127843E+00  5.918561866934E+00  1.033822614509E+01
   115   115    22    1.952841176479E+00  9.941333960687E+00  2.163493478457E+00
   116   116    22    2.019829669287E+00  9.928298426515E+00  6.220770633959E+00
   117   117    22    2.012309262950E+00  9.913535106759E+00  1.035786652647E+01
   118   118    22    5.960009140796E+00  2.018661412742E+00  2.167524371919E+00
   119   119    22    5.932708671399E+00  2.013070707746E+00  6.257554176142E+00
   120   120    22    5.974053656277E+00  1.957655334674E+00  1.035220191014E+01
   121   121    22    5.950944765350E+00  5.990611370028E+00  2.162967789337E+00
   122   122    22    5.944446044884E+00  5.992530598748E+00  6.234990443391E+00
   123   123    22    5.992341382518E+00  5.947982155773E+00  1.032140903644E+01
   124   124    22    5.947498766452E+00  9.910375491508E+00  2.184814572552E+00
   125   125    22    5.968976829756E+00  9.960091719543E+00  6.237009394237E+00
   126   126    22    5.982046511808E+00  9.921639932861E+00  1.035898184754E+01
   127   127    22    9.900175536436E+00  2.011922692409E+00  2.165563370742E+00
   128   128    22    9.901095494732E+00  2.017936523466E+00  6.236692863527E+00
   129   129    22    9.916712975835E+00  1.946490675205E+00  1.032038214535E+01
   130   130    22    9.903097637237E+00  5.934082270983E+00  2.119008325485E+00
   131   131    22    9.961156414973E+00  5.962453138150E+00  6.247910537808E+00
   132   132    22    9.887922748461E+00  5.969143801242E+00  1.031930041120E+01
   133   133    22    9.915244336847E+00  9.952937771600E+00  2.172899758284E+00
   134   134    22    9.949453612977E+00  9.941398398316E+00  6.215124494351E+00
   135   135    22    9.930451892576E+00  9.922984299292E+00  1.029131141452E+01
 NUMBER OF SYMMETRY OPERATORS         :    1
 *******************************************************************************
 LATTICE PARAMETERS (ANGSTROMS AND DEGREES) - BOHR = 0.5291772083 ANGSTROM
 PRIMITIVE CELL - CENTRING CODE 1/0 VOLUME=  1740.493702 - DENSITY  6.022 g/cm^3
         A              B              C           ALPHA      BETA       GAMMA 
    11.90773305    11.90773305    12.27479580    90.000000  90.000000  90.000000
 *******************************************************************************
 ATOMS IN THE ASYMMETRIC UNIT  135 - ATOMS IN THE UNIT CELL:  135
     ATOM                 X/A                 Y/B                 Z/C    
 *******************************************************************************
      1 T 256 BA   -8.327739617363E-04 -2.636270805393E-03  2.823727960004E-04
      2 T 256 BA    1.817374524551E-03 -2.635770519886E-03  3.344802975172E-01
      3 T 256 BA   -1.850951713044E-03  2.575922418288E-03 -3.301273664310E-01
      4 T 256 BA   -1.628160408929E-03  3.312421772930E-01  4.135619218042E-03
      5 T 256 BA    2.529051762546E-03  3.354962903773E-01  3.359106708023E-01
      6 T 256 BA    2.128987114247E-03  3.307447451197E-01 -3.314182000792E-01
      7 T 256 BA   -3.644904345239E-05 -3.313298756114E-01  4.748781028724E-03
      8 T 256 BA   -2.124971017524E-03 -3.340912119492E-01  3.330522990561E-01
      9 T 256 BA   -2.173207598474E-03 -3.314267039555E-01 -3.295406249516E-01
     10 T 256 BA    3.307347983262E-01 -6.886304204520E-04  4.087390053097E-03
     11 T 256 BA    3.339899783209E-01  2.166230207998E-03  3.378744273039E-01
     12 T 256 BA    3.312585647793E-01 -8.668158964325E-04 -3.287790447416E-01
     13 T 256 BA    3.311281071891E-01  3.312451621508E-01  3.525847462183E-03
     14 T 256 BA    3.355048677054E-01  3.326575580606E-01  3.330684025741E-01
     15 T 256 BA    3.329461506899E-01  3.312414599757E-01 -3.337218998652E-01
     16 T 256 BA    3.332433573870E-01 -3.299758646439E-01  2.188851376917E-03
     17 T 256 BA    3.305000637945E-01 -3.326054226011E-01  3.370685586183E-01
     18 T 256 BA    3.320995616914E-01 -3.363699314970E-01 -3.319134304266E-01
     19 T 256 BA   -3.315478874661E-01 -9.173341019390E-04  4.746234536136E-03
     20 T 256 BA   -3.325347395025E-01  6.939355379894E-04  3.323737984320E-01
     21 T 256 BA   -3.329962244206E-01  3.075344297514E-03 -3.299304772434E-01
     22 T 256 BA   -3.327373427325E-01  3.340424554443E-01  5.265693959786E-03
     23 T 256 BA   -3.332524050482E-01  3.355552941645E-01  3.330239675436E-01
     24 T 256 BA   -3.300354380268E-01  3.330959585113E-01 -3.317751505874E-01
     25 T 256 BA   -3.301962676482E-01 -3.330275276545E-01  1.006488729946E-03
     26 T 256 BA   -3.361321891431E-01 -3.325916201149E-01  3.371187478083E-01
     27 T 256 BA   -3.338394103627E-01 -3.359635874144E-01 -3.292334026203E-01
     28 T   8 O     1.696110630578E-01  1.682562594838E-01  3.223760612471E-01
     29 T   8 O     1.671501139765E-01  1.663278939491E-01 -3.472113285488E-01
     30 T   8 O     1.639140962727E-01  1.651125968640E-01 -1.177275244035E-02
     31 T   8 O     1.699822053696E-01 -4.996301751753E-01  3.230445201569E-01
     32 T   8 O     1.677823767031E-01  4.983390329137E-01 -3.413858083614E-01
     33 T   8 O     1.664395819472E-01 -4.996078650135E-01 -7.441075915422E-03
     34 T   8 O     1.642026558737E-01 -1.660673572657E-01  3.205261591868E-01
     35 T   8 O     1.680542354998E-01 -1.681025828625E-01 -3.413828586242E-01
     36 T   8 O     1.647778418293E-01 -1.689524646779E-01 -1.220122707639E-02
     37 T   8 O    -4.975716541991E-01  1.646181187060E-01  3.216048366308E-01
     38 T   8 O    -4.974499952336E-01  1.647457457640E-01 -3.429898239608E-01
     39 T   8 O     4.989982598577E-01  1.666313901348E-01 -7.559750000908E-03
     40 T   8 O     4.988027079040E-01 -4.976813181484E-01  3.206113624237E-01
     41 T   8 O     4.997719112645E-01  4.972453530558E-01 -3.458551407168E-01
     42 T   8 O     4.973499233277E-01 -4.985263020812E-01 -1.207220855619E-02
     43 T   8 O    -4.993790512462E-01 -1.699581398920E-01  3.224167808822E-01
     44 T   8 O    -4.982757271655E-01 -1.669530001824E-01 -3.467861508914E-01
     45 T   8 O    -4.999518774929E-01 -1.641346882749E-01 -1.281097764590E-02
     46 T   8 O    -1.646796572440E-01  1.644531099427E-01  3.211492598481E-01
     47 T   8 O    -1.633101944751E-01  1.667679648729E-01 -3.439176568707E-01
     48 T   8 O    -1.673701561241E-01  1.651396265259E-01 -7.848834440962E-03
     49 T   8 O    -1.638197866561E-01  4.996371785594E-01  3.243568673191E-01
     50 T   8 O    -1.667287037414E-01 -4.966684225969E-01 -3.444157215536E-01
     51 T   8 O    -1.688088813062E-01 -4.979090269960E-01 -1.214847095153E-02
     52 T   8 O    -1.679781348970E-01 -1.694924045204E-01  3.238824257185E-01
     53 T   8 O    -1.656533960959E-01 -1.677299996746E-01 -3.469340151448E-01
     54 T   8 O    -1.688257203653E-01 -1.651624920681E-01 -1.269560012271E-02
     55 T   8 O     1.679676135832E-01 -2.744129100916E-03  1.631694422562E-01
     56 T   8 O     1.664607999971E-01 -1.564067962155E-03  4.979869981312E-01
     57 T   8 O     1.662313452827E-01  3.292704915094E-03 -1.710691447996E-01
     58 T   8 O     1.686320005972E-01  3.344236961837E-01  1.593548163884E-01
     59 T   8 O     1.653517591147E-01  3.311015909047E-01  4.971848067189E-01
     60 T   8 O     1.690656625773E-01  3.356804396335E-01 -1.714198950890E-01
     61 T   8 O     1.662186591988E-01 -3.363569169027E-01  1.631282716896E-01
     62 T   8 O     1.688926272855E-01 -3.329662347498E-01  4.926955895572E-01
     63 T   8 O     1.648226259101E-01 -3.314361995873E-01 -1.735646402755E-01
     64 T   8 O     4.979057897477E-01 -1.837875632811E-04  1.643183321812E-01
     65 T   8 O     4.975155859896E-01 -3.981876055190E-04  4.972690036942E-01
     66 T   8 O    -4.994993550075E-01  1.116358859945E-03 -1.745915432603E-01
     67 T   8 O    -4.977243516313E-01  3.354130272142E-01  1.604823006286E-01
     68 T   8 O    -4.988025834607E-01  3.302899694661E-01  4.958539422981E-01
     69 T   8 O     4.988075820249E-01  3.363043308771E-01 -1.725437269870E-01
     70 T   8 O    -4.984730778270E-01 -3.318189269913E-01  1.592733204417E-01
     71 T   8 O    -4.981740563432E-01 -3.360799289985E-01  4.944917899465E-01
     72 T   8 O    -4.984799263119E-01 -3.321196736307E-01 -1.688998826832E-01
     73 T   8 O    -1.658351668176E-01  1.628817703737E-03  1.645101230592E-01
     74 T   8 O    -1.654816797500E-01  1.254149214357E-03  4.979059786520E-01
     75 T   8 O    -1.686444261899E-01  2.629318472358E-03 -1.722139872297E-01
     76 T   8 O    -1.646777574242E-01  3.316600584045E-01  1.638410254847E-01
     77 T   8 O    -1.663674351314E-01  3.361955758255E-01  4.967908146186E-01
     78 T   8 O    -1.645873992721E-01  3.307704987921E-01 -1.721644248619E-01
     79 T   8 O    -1.672274107615E-01 -3.366443216399E-01  1.616961465068E-01
     80 T   8 O    -1.670855769171E-01 -3.300948130421E-01  4.943458575979E-01
     81 T   8 O    -1.645205333737E-01 -3.319746328596E-01 -1.736891164190E-01
     82 T   8 O    -2.236710980424E-03  1.641808917480E-01  1.614668216356E-01
     83 T   8 O     2.413334687482E-03  1.670189622094E-01  4.928691679287E-01
     84 T   8 O     1.345157255640E-03  1.660900980594E-01 -1.686234948718E-01
     85 T   8 O    -1.954889558562E-04 -4.976739897485E-01  1.641200921252E-01
     86 T   8 O    -4.058237764885E-04 -4.998347431694E-01  4.918791332865E-01
     87 T   8 O     2.127669153427E-03  4.994016731432E-01 -1.740106450190E-01
     88 T   8 O     2.150317933290E-03 -1.682763664639E-01  1.598198197312E-01
     89 T   8 O     2.621602048519E-06 -1.676935406254E-01  4.982127144079E-01
     90 T   8 O     2.640264162379E-03 -1.652742745742E-01 -1.700618946658E-01
     91 T   8 O     3.328517363555E-01  1.647552969490E-01  1.591379519707E-01
     92 T   8 O     3.320536293468E-01  1.684686601886E-01  4.975640067514E-01
     93 T   8 O     3.326274493182E-01  1.654980676004E-01 -1.685792343440E-01
     94 T   8 O     3.353466392799E-01 -4.989063968841E-01  1.593935846146E-01
     95 T   8 O     3.329360937110E-01 -4.969387667788E-01  4.938248444642E-01
     96 T   8 O     3.309703775134E-01 -4.987936357628E-01 -1.695579171708E-01
     97 T   8 O     3.355310934073E-01 -1.643670107501E-01  1.607294118701E-01
     98 T   8 O     3.317633399975E-01 -1.677376241347E-01  4.924229669128E-01
     99 T   8 O     3.308564450897E-01 -1.665110196510E-01 -1.737527651566E-01
    100 T   8 O    -3.357577384010E-01  1.673393271602E-01  1.639358129513E-01
    101 T   8 O    -3.335691805251E-01  1.699729649547E-01  4.945815560670E-01
    102 T   8 O    -3.354293862436E-01  1.685586338420E-01 -1.697914675502E-01
    103 T   8 O    -3.349678699744E-01 -4.995166669147E-01  1.589686367259E-01
    104 T   8 O    -3.317136315706E-01 -4.971936465327E-01  4.959694599751E-01
    105 T   8 O    -3.340274854457E-01  4.984994814691E-01 -1.687199746176E-01
    106 T   8 O    -3.304616213295E-01 -1.650089842749E-01  1.612548611754E-01
    107 T   8 O    -3.356647709995E-01 -1.645241082040E-01  4.940220170734E-01
    108 T   8 O    -3.306078611019E-01 -1.686113703705E-01 -1.712929583632E-01
    109 T  22 TI    1.664686174452E-01  1.663571675715E-01  1.717075106270E-01
    110 T  22 TI    1.671029226452E-01  1.682520698333E-01 -4.888784054423E-01
    111 T  22 TI    1.673616714586E-01  1.651670594947E-01 -1.612236157620E-01
    112 T  22 TI    1.663275720290E-01 -4.980392562801E-01  1.775721108567E-01
    113 T  22 TI    1.664191330342E-01  4.995510989855E-01 -4.949405414880E-01
    114 T  22 TI    1.681112701668E-01  4.970351486787E-01 -1.577679732084E-01
    115 T  22 TI    1.639977288942E-01 -1.651363094097E-01  1.762549466164E-01
    116 T  22 TI    1.696233582669E-01 -1.662310210662E-01 -4.932078109227E-01
    117 T  22 TI    1.689918017561E-01 -1.674708304988E-01 -1.561679155209E-01
    118 T  22 TI   -4.994841490172E-01  1.695252492028E-01  1.765833344388E-01
    119 T  22 TI    4.982231837485E-01  1.690557471597E-01 -4.902111384906E-01
    120 T  22 TI   -4.983047040782E-01  1.644020172819E-01 -1.566293990697E-01
    121 T  22 TI    4.997546334271E-01 -4.969142031591E-01  1.762121199065E-01
    122 T  22 TI    4.992088771157E-01 -4.967530281720E-01 -4.920493550377E-01
    123 T  22 TI   -4.967689183696E-01  4.995058363164E-01 -1.591380252173E-01
    124 T  22 TI    4.994652417449E-01 -1.677361719569E-01  1.779919281877E-01
    125 T  22 TI   -4.987310511000E-01 -1.635610508129E-01 -4.918848756541E-01
    126 T  22 TI   -4.976334717372E-01 -1.667901949767E-01 -1.560770528221E-01
    127 T  22 TI   -1.685927544004E-01  1.689593379328E-01  1.764235760844E-01
    128 T  22 TI   -1.685154971851E-01  1.694643736967E-01 -4.919106626990E-01
    129 T  22 TI   -1.672039561019E-01  1.634644198884E-01 -1.592216837248E-01
    130 T  22 TI   -1.683473591779E-01  4.983385373241E-01  1.726308412792E-01
    131 T  22 TI   -1.634716387119E-01 -4.992789044637E-01 -4.909967840110E-01
    132 T  22 TI   -1.696217317821E-01 -4.987170289947E-01 -1.593098101725E-01
    133 T  22 TI   -1.673272909954E-01 -1.641618324992E-01  1.770212550733E-01
    134 T  22 TI   -1.644544287986E-01 -1.651308979994E-01 -4.936677892148E-01
    135 T  22 TI   -1.660501750519E-01 -1.666772963732E-01 -1.615900107665E-01

 T = ATOM BELONGING TO THE ASYMMETRIC UNIT
 *******************************************************************************
 * GEOMETRY EDITING - INPUT COORDINATES ARE GIVEN IN ANGSTROM         
 *******************************************************************************

 GCALCO - MAX INDICES DIRECT LATTICE VECTOR    15    15    14
 NO.OF VECTORS CREATED 6999 STARS  514 RMAX   270.02825 BOHR

 GEOMETRY FOR WAVE FUNCTION - DIMENSIONALITY OF THE SYSTEM    3
 (NON PERIODIC DIRECTION: LATTICE PARAMETER FORMALLY SET TO 500)
 *******************************************************************************
 LATTICE PARAMETERS (ANGSTROMS AND DEGREES) - BOHR = 0.5291772083 ANGSTROM
 PRIMITIVE CELL - CENTRING CODE 1/0 VOLUME=  1740.493702 - DENSITY  6.022 g/cm^3
         A              B              C           ALPHA      BETA       GAMMA 
    11.90773305    11.90773305    12.27479580    90.000000  90.000000  90.000000
 *******************************************************************************
 ATOMS IN THE ASYMMETRIC UNIT  135 - ATOMS IN THE UNIT CELL:  135
     ATOM                 X/A                 Y/B                 Z/C    
 *******************************************************************************
      1 T 256 BA   -8.327739617363E-04 -2.636270805393E-03  2.823727960004E-04
      2 T 256 BA    1.817374524551E-03 -2.635770519886E-03  3.344802975172E-01
      3 T 256 BA   -1.850951713044E-03  2.575922418288E-03 -3.301273664310E-01
      4 T 256 BA   -1.628160408929E-03  3.312421772930E-01  4.135619218042E-03
      5 T 256 BA    2.529051762546E-03  3.354962903773E-01  3.359106708023E-01
      6 T 256 BA    2.128987114247E-03  3.307447451197E-01 -3.314182000792E-01
      7 T 256 BA   -3.644904345239E-05 -3.313298756114E-01  4.748781028724E-03
      8 T 256 BA   -2.124971017524E-03 -3.340912119492E-01  3.330522990561E-01
      9 T 256 BA   -2.173207598474E-03 -3.314267039555E-01 -3.295406249516E-01
     10 T 256 BA    3.307347983262E-01 -6.886304204520E-04  4.087390053097E-03
     11 T 256 BA    3.339899783209E-01  2.166230207998E-03  3.378744273039E-01
     12 T 256 BA    3.312585647793E-01 -8.668158964325E-04 -3.287790447416E-01
     13 T 256 BA    3.311281071891E-01  3.312451621508E-01  3.525847462183E-03
     14 T 256 BA    3.355048677054E-01  3.326575580606E-01  3.330684025741E-01
     15 T 256 BA    3.329461506899E-01  3.312414599757E-01 -3.337218998652E-01
     16 T 256 BA    3.332433573870E-01 -3.299758646439E-01  2.188851376917E-03
     17 T 256 BA    3.305000637945E-01 -3.326054226011E-01  3.370685586183E-01
     18 T 256 BA    3.320995616914E-01 -3.363699314970E-01 -3.319134304266E-01
     19 T 256 BA   -3.315478874661E-01 -9.173341019390E-04  4.746234536136E-03
     20 T 256 BA   -3.325347395025E-01  6.939355379894E-04  3.323737984320E-01
     21 T 256 BA   -3.329962244206E-01  3.075344297514E-03 -3.299304772434E-01
     22 T 256 BA   -3.327373427325E-01  3.340424554443E-01  5.265693959786E-03
     23 T 256 BA   -3.332524050482E-01  3.355552941645E-01  3.330239675436E-01
     24 T 256 BA   -3.300354380268E-01  3.330959585113E-01 -3.317751505874E-01
     25 T 256 BA   -3.301962676482E-01 -3.330275276545E-01  1.006488729946E-03
     26 T 256 BA   -3.361321891431E-01 -3.325916201149E-01  3.371187478083E-01
     27 T 256 BA   -3.338394103627E-01 -3.359635874144E-01 -3.292334026203E-01
     28 T   8 O     1.696110630578E-01  1.682562594838E-01  3.223760612471E-01
     29 T   8 O     1.671501139765E-01  1.663278939491E-01 -3.472113285488E-01
     30 T   8 O     1.639140962727E-01  1.651125968640E-01 -1.177275244035E-02
     31 T   8 O     1.699822053696E-01 -4.996301751753E-01  3.230445201569E-01
     32 T   8 O     1.677823767031E-01  4.983390329137E-01 -3.413858083614E-01
     33 T   8 O     1.664395819472E-01 -4.996078650135E-01 -7.441075915422E-03
     34 T   8 O     1.642026558737E-01 -1.660673572657E-01  3.205261591868E-01
     35 T   8 O     1.680542354998E-01 -1.681025828625E-01 -3.413828586242E-01
     36 T   8 O     1.647778418293E-01 -1.689524646779E-01 -1.220122707638E-02
     37 T   8 O    -4.975716541991E-01  1.646181187060E-01  3.216048366308E-01
     38 T   8 O    -4.974499952336E-01  1.647457457640E-01 -3.429898239608E-01
     39 T   8 O     4.989982598577E-01  1.666313901348E-01 -7.559750000907E-03
     40 T   8 O     4.988027079040E-01 -4.976813181484E-01  3.206113624237E-01
     41 T   8 O     4.997719112645E-01  4.972453530558E-01 -3.458551407168E-01
     42 T   8 O     4.973499233277E-01 -4.985263020812E-01 -1.207220855619E-02
     43 T   8 O    -4.993790512462E-01 -1.699581398920E-01  3.224167808822E-01
     44 T   8 O    -4.982757271655E-01 -1.669530001824E-01 -3.467861508914E-01
     45 T   8 O    -4.999518774929E-01 -1.641346882749E-01 -1.281097764590E-02
     46 T   8 O    -1.646796572440E-01  1.644531099427E-01  3.211492598481E-01
     47 T   8 O    -1.633101944751E-01  1.667679648729E-01 -3.439176568707E-01
     48 T   8 O    -1.673701561241E-01  1.651396265259E-01 -7.848834440962E-03
     49 T   8 O    -1.638197866561E-01  4.996371785594E-01  3.243568673191E-01
     50 T   8 O    -1.667287037414E-01 -4.966684225969E-01 -3.444157215536E-01
     51 T   8 O    -1.688088813062E-01 -4.979090269960E-01 -1.214847095153E-02
     52 T   8 O    -1.679781348970E-01 -1.694924045204E-01  3.238824257185E-01
     53 T   8 O    -1.656533960959E-01 -1.677299996746E-01 -3.469340151448E-01
     54 T   8 O    -1.688257203653E-01 -1.651624920681E-01 -1.269560012271E-02
     55 T   8 O     1.679676135832E-01 -2.744129100916E-03  1.631694422562E-01
     56 T   8 O     1.664607999971E-01 -1.564067962155E-03  4.979869981312E-01
     57 T   8 O     1.662313452827E-01  3.292704915094E-03 -1.710691447996E-01
     58 T   8 O     1.686320005972E-01  3.344236961837E-01  1.593548163884E-01
     59 T   8 O     1.653517591147E-01  3.311015909047E-01  4.971848067189E-01
     60 T   8 O     1.690656625773E-01  3.356804396335E-01 -1.714198950890E-01
     61 T   8 O     1.662186591988E-01 -3.363569169027E-01  1.631282716896E-01
     62 T   8 O     1.688926272855E-01 -3.329662347498E-01  4.926955895572E-01
     63 T   8 O     1.648226259101E-01 -3.314361995873E-01 -1.735646402755E-01
     64 T   8 O     4.979057897477E-01 -1.837875632811E-04  1.643183321812E-01
     65 T   8 O     4.975155859896E-01 -3.981876055190E-04  4.972690036942E-01
     66 T   8 O    -4.994993550075E-01  1.116358859945E-03 -1.745915432603E-01
     67 T   8 O    -4.977243516313E-01  3.354130272142E-01  1.604823006286E-01
     68 T   8 O    -4.988025834607E-01  3.302899694661E-01  4.958539422981E-01
     69 T   8 O     4.988075820249E-01  3.363043308771E-01 -1.725437269870E-01
     70 T   8 O    -4.984730778270E-01 -3.318189269913E-01  1.592733204417E-01
     71 T   8 O    -4.981740563432E-01 -3.360799289985E-01  4.944917899465E-01
     72 T   8 O    -4.984799263119E-01 -3.321196736307E-01 -1.688998826832E-01
     73 T   8 O    -1.658351668176E-01  1.628817703737E-03  1.645101230592E-01
     74 T   8 O    -1.654816797500E-01  1.254149214357E-03  4.979059786520E-01
     75 T   8 O    -1.686444261899E-01  2.629318472358E-03 -1.722139872297E-01
     76 T   8 O    -1.646777574242E-01  3.316600584045E-01  1.638410254847E-01
     77 T   8 O    -1.663674351314E-01  3.361955758255E-01  4.967908146186E-01
     78 T   8 O    -1.645873992721E-01  3.307704987921E-01 -1.721644248619E-01
     79 T   8 O    -1.672274107615E-01 -3.366443216399E-01  1.616961465068E-01
     80 T   8 O    -1.670855769171E-01 -3.300948130421E-01  4.943458575979E-01
     81 T   8 O    -1.645205333737E-01 -3.319746328596E-01 -1.736891164190E-01
     82 T   8 O    -2.236710980424E-03  1.641808917480E-01  1.614668216356E-01
     83 T   8 O     2.413334687482E-03  1.670189622094E-01  4.928691679287E-01
     84 T   8 O     1.345157255640E-03  1.660900980594E-01 -1.686234948718E-01
     85 T   8 O    -1.954889558562E-04 -4.976739897485E-01  1.641200921252E-01
     86 T   8 O    -4.058237764885E-04 -4.998347431694E-01  4.918791332865E-01
     87 T   8 O     2.127669153427E-03  4.994016731432E-01 -1.740106450190E-01
     88 T   8 O     2.150317933290E-03 -1.682763664639E-01  1.598198197312E-01
     89 T   8 O     2.621602048519E-06 -1.676935406254E-01  4.982127144079E-01
     90 T   8 O     2.640264162379E-03 -1.652742745742E-01 -1.700618946658E-01
     91 T   8 O     3.328517363555E-01  1.647552969490E-01  1.591379519707E-01
     92 T   8 O     3.320536293468E-01  1.684686601886E-01  4.975640067514E-01
     93 T   8 O     3.326274493182E-01  1.654980676004E-01 -1.685792343440E-01
     94 T   8 O     3.353466392799E-01 -4.989063968841E-01  1.593935846146E-01
     95 T   8 O     3.329360937110E-01 -4.969387667788E-01  4.938248444642E-01
     96 T   8 O     3.309703775134E-01 -4.987936357628E-01 -1.695579171708E-01
     97 T   8 O     3.355310934073E-01 -1.643670107501E-01  1.607294118701E-01
     98 T   8 O     3.317633399975E-01 -1.677376241347E-01  4.924229669128E-01
     99 T   8 O     3.308564450897E-01 -1.665110196510E-01 -1.737527651566E-01
    100 T   8 O    -3.357577384010E-01  1.673393271602E-01  1.639358129513E-01
    101 T   8 O    -3.335691805251E-01  1.699729649547E-01  4.945815560670E-01
    102 T   8 O    -3.354293862436E-01  1.685586338420E-01 -1.697914675502E-01
    103 T   8 O    -3.349678699744E-01 -4.995166669147E-01  1.589686367259E-01
    104 T   8 O    -3.317136315706E-01 -4.971936465327E-01  4.959694599751E-01
    105 T   8 O    -3.340274854457E-01  4.984994814691E-01 -1.687199746176E-01
    106 T   8 O    -3.304616213295E-01 -1.650089842749E-01  1.612548611754E-01
    107 T   8 O    -3.356647709995E-01 -1.645241082040E-01  4.940220170734E-01
    108 T   8 O    -3.306078611019E-01 -1.686113703705E-01 -1.712929583632E-01
    109 T  22 TI    1.664686174452E-01  1.663571675715E-01  1.717075106270E-01
    110 T  22 TI    1.671029226452E-01  1.682520698333E-01 -4.888784054423E-01
    111 T  22 TI    1.673616714586E-01  1.651670594947E-01 -1.612236157620E-01
    112 T  22 TI    1.663275720290E-01 -4.980392562801E-01  1.775721108567E-01
    113 T  22 TI    1.664191330342E-01  4.995510989855E-01 -4.949405414880E-01
    114 T  22 TI    1.681112701668E-01  4.970351486787E-01 -1.577679732084E-01
    115 T  22 TI    1.639977288942E-01 -1.651363094097E-01  1.762549466164E-01
    116 T  22 TI    1.696233582669E-01 -1.662310210662E-01 -4.932078109227E-01
    117 T  22 TI    1.689918017561E-01 -1.674708304988E-01 -1.561679155209E-01
    118 T  22 TI   -4.994841490172E-01  1.695252492028E-01  1.765833344388E-01
    119 T  22 TI    4.982231837485E-01  1.690557471597E-01 -4.902111384906E-01
    120 T  22 TI   -4.983047040782E-01  1.644020172819E-01 -1.566293990697E-01
    121 T  22 TI    4.997546334271E-01 -4.969142031591E-01  1.762121199065E-01
    122 T  22 TI    4.992088771157E-01 -4.967530281720E-01 -4.920493550377E-01
    123 T  22 TI   -4.967689183696E-01  4.995058363164E-01 -1.591380252173E-01
    124 T  22 TI    4.994652417449E-01 -1.677361719569E-01  1.779919281877E-01
    125 T  22 TI   -4.987310511000E-01 -1.635610508129E-01 -4.918848756541E-01
    126 T  22 TI   -4.976334717372E-01 -1.667901949767E-01 -1.560770528221E-01
    127 T  22 TI   -1.685927544004E-01  1.689593379328E-01  1.764235760844E-01
    128 T  22 TI   -1.685154971851E-01  1.694643736967E-01 -4.919106626990E-01
    129 T  22 TI   -1.672039561019E-01  1.634644198884E-01 -1.592216837248E-01
    130 T  22 TI   -1.683473591779E-01  4.983385373241E-01  1.726308412792E-01
    131 T  22 TI   -1.634716387119E-01 -4.992789044637E-01 -4.909967840110E-01
    132 T  22 TI   -1.696217317821E-01 -4.987170289947E-01 -1.593098101725E-01
    133 T  22 TI   -1.673272909954E-01 -1.641618324992E-01  1.770212550733E-01
    134 T  22 TI   -1.644544287986E-01 -1.651308979994E-01 -4.936677892148E-01
    135 T  22 TI   -1.660501750519E-01 -1.666772963732E-01 -1.615900107665E-01

 T = ATOM BELONGING TO THE ASYMMETRIC UNIT

 ****    1 SYMMOPS - TRANSLATORS IN FRACTIONAL UNITS
 **** MATRICES AND TRANSLATORS IN THE CRYSTALLOGRAPHIC REFERENCE FRAME
   V INV                    ROTATION MATRICES                   TRANSLATORS
   1   1  1.00  0.00  0.00  0.00  1.00  0.00  0.00  0.00  1.00  0.00  0.00  0.00

 DIRECT LATTICE VECTORS CARTESIAN COMPONENTS (ANGSTROM)
          X                    Y                    Z
   0.119077330500E+02   0.000000000000E+00   0.000000000000E+00
   0.000000000000E+00   0.119077330500E+02   0.000000000000E+00
   0.000000000000E+00   0.000000000000E+00   0.122747958000E+02


 CARTESIAN COORDINATES - PRIMITIVE CELL
 *******************************************************************************
 *      ATOM          X(ANGSTROM)         Y(ANGSTROM)         Z(ANGSTROM)
 *******************************************************************************
    1   256 BA   -9.916450027347E-03 -3.139200899813E-02  3.466068410380E-03
    2   256 BA    2.164081069022E-02 -3.138605173186E-02  4.105677351147E+00
    3   256 BA   -2.204063888737E-02  3.067339651448E-02  8.222549789067E+00
    4   256 BA   -1.938769951211E-02  3.944343422105E+00  5.076388140802E-02
    5   256 BA    3.011527325803E-02  3.995000265078E+00  4.123234891139E+00
    6   256 BA    2.535141022334E-02  3.938420132576E+00  8.206705069624E+00
    7   256 BA   -4.340254793589E-04  7.962345339729E+00  5.829031742650E-02
    8   256 BA   -2.530358761566E-02  7.929464083757E+00  4.088148961634E+00
    9   256 BA   -2.587797594486E-02  7.961192333657E+00  8.229751920915E+00
   10   256 BA    3.938301688815E+00 -8.200027216852E-03  5.017187825672E-02
   11   256 BA    3.977063503220E+00  2.579489104168E-02  4.147339601197E+00
   12   256 BA    3.944538559918E+00 -1.032181229821E-02  8.239100162477E+00
   13   256 BA    3.942985105759E+00  3.944378964996E+00  4.327905762024E-02
   14   256 BA    3.995102401611E+00  3.961197398451E+00  4.088346629029E+00
   15   256 BA    3.964633882441E+00  3.944334880483E+00  8.178427625167E+00
   16   256 BA    3.968172940450E+00  7.978468540878E+00  2.686770368821E-02
   17   256 BA    3.935506532672E+00  7.947156466684E+00  4.137447727640E+00
   18   256 BA    3.954552926644E+00  7.902329699686E+00  8.200626218237E+00
   19   256 BA    7.959749312763E+00 -1.092336960355E-02  5.825905974998E-02
   20   256 BA    7.947998142153E+00  8.263199140286E-03  4.079820505023E+00
   21   256 BA    7.942502902942E+00  3.662037893164E-02  8.224966563640E+00
   22   256 BA    7.945585596976E+00  3.977688386798E+00  6.463531810167E-02
   23   256 BA    7.939452372415E+00  3.995702866425E+00  4.087801198104E+00
   24   256 BA    7.977759156937E+00  3.966417753986E+00  8.202323575025E+00
   25   256 BA    7.975844040738E+00  7.942130152389E+00  1.235444363509E-02
   26   256 BA    7.905160672171E+00  7.947320823005E+00  4.138063789698E+00
   27   256 BA    7.932462469832E+00  7.907168336549E+00  8.233523012297E+00
   28     8 O     2.019683261219E+00  2.003550621925E+00  3.957100322617E+00
   29     8 O     1.990378936509E+00  1.980588159914E+00  8.012847642617E+00
   30     8 O     1.951845301548E+00  1.966116726649E+00  1.213028766779E+01
   31     8 O     2.024102724792E+00  5.958270300288E+00  3.965305519235E+00
   32     8 O     1.997907752276E+00  5.934088172332E+00  8.084354713346E+00
   33     8 O     1.981918110780E+00  5.958535963739E+00  1.218345811261E+01
   34     8 O     1.955281392245E+00  9.930247291361E+00  3.934393152576E+00
   35     8 O     2.001144974253E+00  9.906012368258E+00  8.084390920768E+00
   36     8 O     1.962130553058E+00  9.895892202476E+00  1.212502822913E+01
   37     8 O     5.982782618551E+00  1.960228612744E+00  3.947633697935E+00
   38     8 O     5.984231301034E+00  1.961748361681E+00  8.064665749404E+00
   39     8 O     5.941938070800E+00  1.984202111475E+00  1.218200141244E+01
   40     8 O     5.939609490338E+00  5.981476769517E+00  3.935439004911E+00
   41     8 O     5.951150505226E+00  5.921064924542E+00  8.029494571321E+00
   42     8 O     5.922310119424E+00  5.971414926413E+00  1.212661190512E+01
   43     8 O     5.961260616998E+00  9.883916890492E+00  3.957600147822E+00
   44     8 O     5.974398705619E+00  9.919701291932E+00  8.018066611540E+00
   45     8 O     5.954439554968E+00  9.953260997778E+00  1.211754366540E+01
   46     8 O     9.946771652773E+00  1.958263732440E+00  3.942041585957E+00
   47     8 O     9.963078849847E+00  1.985828406998E+00  8.053276789898E+00
   48     8 O     9.914733910337E+00  1.966438588647E+00  1.217845295997E+01
   49     8 O     9.957010762192E+00  5.949546144141E+00  3.981414312670E+00
   50     8 O     9.922372154075E+00  5.993538059351E+00  8.047163147619E+00
   51     8 O     9.897601954936E+00  5.978765273347E+00  1.212567579979E+01
   52     8 O     9.907494261410E+00  9.889462742968E+00  3.975590638903E+00
   53     8 O     9.935176630464E+00  9.910448989399E+00  8.016251608023E+00
   54     8 O     9.897401439916E+00  9.941022184581E+00  1.211895990094E+01
   55     8 O     2.000113503594E+00 -3.267635678844E-02  2.002871584494E+00
   56     8 O     1.982170769655E+00 -1.862450376540E-02  6.112688713116E+00
   57     8 O     1.979438484169E+00  3.920865114136E-02  1.017495697990E+01
   58     8 O     2.008024846798E+00  3.982228099750E+00  1.956047830914E+00
   59     8 O     1.968964606885E+00  3.942669356924E+00  6.102841977337E+00
   60     8 O     2.013188777892E+00  3.997193065262E+00  1.017065159173E+01
   61     8 O     1.979287421669E+00  7.902484674002E+00  2.002366224197E+00
   62     8 O     2.011128319829E+00  7.942860011936E+00  6.047737753375E+00
   63     8 O     1.962663829937E+00  7.961079262208E+00  1.014432528252E+01
   64     8 O     5.928929228365E+00 -2.188493241461E-03  2.016973973721E+00
   65     8 O     5.924282786179E+00 -4.741511710339E-03  6.103875478015E+00
   66     8 O     5.959828071924E+00  1.329330329223E-02  1.013172025807E+01
   67     8 O     5.980964338290E+00  3.994008789559E+00  1.969887469730E+00
   68     8 O     5.968125041500E+00  3.933004785495E+00  6.086505888334E+00
   69     8 O     5.939667530069E+00  4.004622195643E+00  1.015685678466E+01
   70     8 O     5.972048706624E+00  7.956521846451E+00  1.955047484810E+00
   71     8 O     5.975609374629E+00  7.905782972023E+00  6.069785746370E+00
   72     8 O     5.971967156694E+00  7.952940635753E+00  1.020158422942E+01
   73     8 O     9.933012153234E+00  1.939552640322E-02  2.019328167585E+00
   74     8 O     9.937221382872E+00  1.493407404943E-02  6.111694215553E+00
   75     8 O     9.899560242561E+00  3.130922247228E-02  1.016090427285E+01
   76     8 O     9.946794275320E+00  3.949319438828E+00  2.011115131488E+00
   77     8 O     9.926674044243E+00  4.003327169521E+00  6.098005804759E+00
   78     8 O     9.947870236075E+00  3.938726800432E+00  1.016151264080E+01
   79     8 O     9.916433684009E+00  7.899062335114E+00  1.984787180018E+00
   80     8 O     9.918122603565E+00  7.977052135105E+00  6.067994456591E+00
   81     8 O     9.948666457343E+00  7.954667742537E+00  1.014279736327E+01
   82     8 O    -2.663415726490E-02  1.955022230846E+00  1.981972264053E+00
   83     8 O     2.873734521884E-02  1.988817216277E+00  6.049868392441E+00
   84     8 O     1.601777351043E-02  1.977756549940E+00  1.020497683337E+01
   85     8 O    -2.327830300559E-03  5.981564034146E+00  2.014540617514E+00
   86     8 O    -4.832441195767E-03  5.955834359223E+00  6.037715919372E+00
   87     8 O     2.533571629773E-02  5.946741808513E+00  1.013885066537E+01
   88     8 O     2.560541192224E-02  9.903942999524E+00  1.961755651993E+00
   89     8 O     3.121733735710E-05  9.910883134024E+00  6.115459334321E+00
   90     8 O     3.143956082709E-02  9.939691108338E+00  1.018732076962E+01
   91     8 O     3.963509621750E+00  1.961862094643E+00  1.953385864470E+00
   92     8 O     3.954005976545E+00  2.006079832817E+00  6.107496580304E+00
   93     8 O     3.960838871584E+00  1.970706809277E+00  1.020552012231E+01
   94     8 O     3.993218259760E+00  5.966888858966E+00  1.956523702974E+00
   95     8 O     3.964514126621E+00  5.990318873002E+00  6.061599126765E+00
   96     8 O     3.941106902887E+00  5.968231588298E+00  1.019350699045E+01
   97     8 O     3.995414690269E+00  9.950494563761E+00  1.972920709760E+00
   98     8 O     3.950549288467E+00  9.910358199362E+00  6.044391366085E+00
   99     8 O     3.939750226001E+00  9.924964278112E+00  1.014201608802E+01
  100     8 O     7.909619531649E+00  1.992632036590E+00  2.012278628284E+00
  101     8 O     7.935680294600E+00  2.023992692398E+00  6.070887607168E+00
  102     8 O     7.913529461485E+00  2.007151215064E+00  1.019064020724E+01
  103     8 O     7.919025074018E+00  5.959621926354E+00  1.951307554415E+00
  104     8 O     7.957775676211E+00  5.987283832932E+00  6.087923844230E+00
  105     8 O     7.930222921950E+00  5.935998750898E+00  1.020379256419E+01
  106     8 O     7.972684279938E+00  9.942850114403E+00  1.979370492685E+00
  107     8 O     7.910726562649E+00  9.948623889218E+00  6.064019380280E+00
  108     8 O     7.970942895767E+00  9.899953862434E+00  1.017220971411E+01
  109    22 TI    1.982263857740E+00  1.980936742396E+00  2.107674630273E+00
  110    22 TI    1.989816994733E+00  2.003500732685E+00  6.273913202167E+00
  111    22 TI    1.992898106531E+00  1.966765253117E+00  1.029580883838E+01
  112    22 TI    1.980584326576E+00  5.977214537796E+00  2.179661400541E+00
  113    22 TI    1.981674610583E+00  5.948521131554E+00  6.199501720093E+00
  114    22 TI    2.001824127843E+00  5.918561866934E+00  1.033822614509E+01
  115    22 TI    1.952841176479E+00  9.941333960687E+00  2.163493478457E+00
  116    22 TI    2.019829669287E+00  9.928298426515E+00  6.220770633959E+00
  117    22 TI    2.012309262950E+00  9.913535106759E+00  1.035786652647E+01
  118    22 TI    5.960009140796E+00  2.018661412742E+00  2.167524371919E+00
  119    22 TI    5.932708671399E+00  2.013070707746E+00  6.257554176142E+00
  120    22 TI    5.974053656277E+00  1.957655334674E+00  1.035220191014E+01
  121    22 TI    5.950944765350E+00  5.990611370028E+00  2.162967789337E+00
  122    22 TI    5.944446044884E+00  5.992530598748E+00  6.234990443391E+00
  123    22 TI    5.992341382518E+00  5.947982155773E+00  1.032140903644E+01
  124    22 TI    5.947498766452E+00  9.910375491508E+00  2.184814572552E+00
  125    22 TI    5.968976829756E+00  9.960091719543E+00  6.237009394237E+00
  126    22 TI    5.982046511808E+00  9.921639932861E+00  1.035898184754E+01
  127    22 TI    9.900175536436E+00  2.011922692409E+00  2.165563370742E+00
  128    22 TI    9.901095494732E+00  2.017936523466E+00  6.236692863527E+00
  129    22 TI    9.916712975835E+00  1.946490675205E+00  1.032038214535E+01
  130    22 TI    9.903097637237E+00  5.934082270983E+00  2.119008325485E+00
  131    22 TI    9.961156414973E+00  5.962453138150E+00  6.247910537808E+00
  132    22 TI    9.887922748461E+00  5.969143801241E+00  1.031930041120E+01
  133    22 TI    9.915244336847E+00  9.952937771600E+00  2.172899758284E+00
  134    22 TI    9.949453612977E+00  9.941398398316E+00  6.215124494351E+00
  135    22 TI    9.930451892576E+00  9.922984299292E+00  1.029131141452E+01

 *******************************************************************************
 *** PSEUDOPOTENTIAL INFORMATION ***
 *******************************************************************************

 ATOMIC NUMBER  56, NUCLEAR CHARGE 10.000, GIVEN IN INPUT       PSEUDOPOTENTIAL
   TYPE       EXPONENT      COEFF.    N      EXPONENT      COEFF.    N
  P0 TMS     9.5269860  427.8458160   0     4.4875100  204.4175300   0
  P1 TMS     8.3159300  293.6058640   0     4.2922170  294.1933160   0
  P2 TMS     5.9161080  112.5504020   0     2.8748420  181.7826210   0
  P3 TMS     3.5894650  -33.4731740   0

 *******************************************************************************
 LOCAL ATOMIC FUNCTIONS BASIS SET
 *******************************************************************************
   ATOM   X(AU)   Y(AU)   Z(AU)  N. TYPE  EXPONENT  S COEF   P COEF   D/F/G COEF
 *******************************************************************************
   1 BA  -0.019  -0.059   0.007
                                  1 S  
                                         2.396E+00-5.955E+00 0.000E+00 0.000E+00
                                         2.243E+00 6.681E+00 0.000E+00 0.000E+00
                                         7.174E-01-5.706E-01 0.000E+00 0.000E+00
                                  2 S  
                                         2.742E-01 1.000E+00 0.000E+00 0.000E+00
                           3-     6 SP 
                                         1.300E-01 1.000E+00 1.000E+00 0.000E+00
                           7-     9 P  
                                         2.927E+00 0.000E+00 7.982E-01 0.000E+00
                                         2.521E+00 0.000E+00-1.071E+00 0.000E+00
                                         6.758E-01 0.000E+00 3.494E-01 0.000E+00
                                         3.199E-01 0.000E+00 6.504E-01 0.000E+00
                          10-    14 D  
                                         9.663E-01 0.000E+00 0.000E+00-9.089E-01
                                         8.938E-01 0.000E+00 0.000E+00 9.472E-01
                          15-    19 D  
                                         2.732E-01 0.000E+00 0.000E+00 3.221E-01
   2 BA   0.041  -0.059   7.759
   3 BA  -0.042   0.058  15.538
   4 BA  -0.037   7.454   0.096
   5 BA   0.057   7.549   7.792
   6 BA   0.048   7.443  15.508
   7 BA  -0.001  15.047   0.110
   8 BA  -0.048  14.985   7.725
   9 BA  -0.049  15.044  15.552
  10 BA   7.442  -0.015   0.095
  11 BA   7.516   0.049   7.837
  12 BA   7.454  -0.020  15.570
  13 BA   7.451   7.454   0.082
  14 BA   7.550   7.486   7.726
  15 BA   7.492   7.454  15.455
  16 BA   7.499  15.077   0.051
  17 BA   7.437  15.018   7.819
  18 BA   7.473  14.933  15.497
  19 BA  15.042  -0.021   0.110
  20 BA  15.020   0.016   7.710
  21 BA  15.009   0.069  15.543
  22 BA  15.015   7.517   0.122
  23 BA  15.003   7.551   7.725
  24 BA  15.076   7.495  15.500
  25 BA  15.072  15.008   0.023
  26 BA  14.939  15.018   7.820
  27 BA  14.990  14.942  15.559
  28 O    3.817   3.786   7.478
                                514 S  
                                         2.703E+04 2.173E-04 0.000E+00 0.000E+00
                                         4.052E+03 1.684E-03 0.000E+00 0.000E+00
                                         9.223E+02 8.740E-03 0.000E+00 0.000E+00
                                         2.612E+02 3.524E-02 0.000E+00 0.000E+00
                                         8.535E+01 1.115E-01 0.000E+00 0.000E+00
                                         3.104E+01 2.559E-01 0.000E+00 0.000E+00
                                515 S  
                                         1.227E+01 3.977E-01 0.000E+00 0.000E+00
                                         4.916E+00 2.463E-01 0.000E+00 0.000E+00
                                516 S  
                                         9.009E-01 1.000E+00 0.000E+00 0.000E+00
                         517-   520 SP 
                                         2.500E-01 1.000E+00 1.000E+00 0.000E+00
                         521-   523 P  
                                         7.530E+01 0.000E+00 6.069E-03 0.000E+00
                                         1.774E+01 0.000E+00 4.191E-02 0.000E+00
                                         5.536E+00 0.000E+00 1.615E-01 0.000E+00
                                         2.069E+00 0.000E+00 3.571E-01 0.000E+00
                         524-   526 P  
                                         7.824E-01 0.000E+00 1.000E+00 0.000E+00
                         527-   531 D  
                                         1.200E+00 0.000E+00 0.000E+00 1.000E+00
  29 O    3.761   3.743  15.142
  30 O    3.688   3.715  22.923
  31 O    3.825  11.259   7.493
  32 O    3.775  11.214  15.277
  33 O    3.745  11.260  23.023
  34 O    3.695  18.765   7.435
  35 O    3.782  18.720  15.277
  36 O    3.708  18.701  22.913
  37 O   11.306   3.704   7.460
  38 O   11.309   3.707  15.240
  39 O   11.229   3.750  23.021
  40 O   11.224  11.303   7.437
  41 O   11.246  11.189  15.174
  42 O   11.192  11.284  22.916
  43 O   11.265  18.678   7.479
  44 O   11.290  18.746  15.152
  45 O   11.252  18.809  22.899
  46 O   18.797   3.701   7.449
  47 O   18.827   3.753  15.218
  48 O   18.736   3.716  23.014
  49 O   18.816  11.243   7.524
  50 O   18.751  11.326  15.207
  51 O   18.704  11.298  22.914
  52 O   18.722  18.688   7.513
  53 O   18.775  18.728  15.149
  54 O   18.703  18.786  22.902
  55 O    3.780  -0.062   3.785
  56 O    3.746  -0.035  11.551
  57 O    3.741   0.074  19.228
  58 O    3.795   7.525   3.696
  59 O    3.721   7.451  11.533
  60 O    3.804   7.554  19.220
  61 O    3.740  14.934   3.784
  62 O    3.800  15.010  11.429
  63 O    3.709  15.044  19.170
  64 O   11.204  -0.004   3.812
  65 O   11.195  -0.009  11.535
  66 O   11.262   0.025  19.146
  67 O   11.302   7.548   3.723
  68 O   11.278   7.432  11.502
  69 O   11.224   7.568  19.194
  70 O   11.286  15.036   3.695
  71 O   11.292  14.940  11.470
  72 O   11.285  15.029  19.278
  73 O   18.771   0.037   3.816
  74 O   18.779   0.028  11.549
  75 O   18.707   0.059  19.201
  76 O   18.797   7.463   3.800
  77 O   18.759   7.565  11.524
  78 O   18.799   7.443  19.202
  79 O   18.739  14.927   3.751
  80 O   18.743  15.074  11.467
  81 O   18.800  15.032  19.167
  82 O   -0.050   3.694   3.745
  83 O    0.054   3.758  11.433
  84 O    0.030   3.737  19.285
  85 O   -0.004  11.304   3.807
  86 O   -0.009  11.255  11.410
  87 O    0.048  11.238  19.160
  88 O    0.048  18.716   3.707
  89 O    0.000  18.729  11.557
  90 O    0.059  18.783  19.251
  91 O    7.490   3.707   3.691
  92 O    7.472   3.791  11.541
  93 O    7.485   3.724  19.286
  94 O    7.546  11.276   3.697
  95 O    7.492  11.320  11.455
  96 O    7.448  11.278  19.263
  97 O    7.550  18.804   3.728
  98 O    7.465  18.728  11.422
  99 O    7.445  18.755  19.166
 100 O   14.947   3.766   3.803
 101 O   14.996   3.825  11.472
 102 O   14.954   3.793  19.258
 103 O   14.965  11.262   3.687
 104 O   15.038  11.314  11.505
 105 O   14.986  11.217  19.282
 106 O   15.066  18.789   3.740
 107 O   14.949  18.800  11.459
 108 O   15.063  18.708  19.223
 109 TI   3.746   3.743   3.983
                               1972 S  
                                         2.116E+05 2.332E-04 0.000E+00 0.000E+00
                                         3.171E+04 1.808E-03 0.000E+00 0.000E+00
                                         7.218E+03 9.398E-03 0.000E+00 0.000E+00
                                         2.043E+03 3.816E-02 0.000E+00 0.000E+00
                                         6.651E+02 1.237E-01 0.000E+00 0.000E+00
                                         2.387E+02 2.921E-01 0.000E+00 0.000E+00
                                         9.251E+01 4.123E-01 0.000E+00 0.000E+00
                                         3.640E+01 2.109E-01 0.000E+00 0.000E+00
                               1973 S  
                                         2.327E+02-2.492E-02 0.000E+00 0.000E+00
                                         7.179E+01-1.175E-01 0.000E+00 0.000E+00
                                         1.116E+01 5.650E-01 0.000E+00 0.000E+00
                                         4.655E+00 5.621E-01 0.000E+00 0.000E+00
                               1974 S  
                                         6.803E+00-2.301E-01 0.000E+00 0.000E+00
                                         1.120E+00 7.210E-01 0.000E+00 0.000E+00
                               1975 S  
                                         4.808E-01 1.000E+00 0.000E+00 0.000E+00
                               1976 S  
                                         2.400E-01 1.000E+00 0.000E+00 0.000E+00
                        1977-  1980 SP 
                                         1.200E-01 1.000E+00 1.000E+00 0.000E+00
                        1981-  1983 P  
                                         1.063E+03 0.000E+00 2.469E-03 0.000E+00
                                         2.516E+02 0.000E+00 1.977E-02 0.000E+00
                                         8.041E+01 0.000E+00 9.099E-02 0.000E+00
                                         2.977E+01 0.000E+00 2.556E-01 0.000E+00
                                         1.174E+01 0.000E+00 4.049E-01 0.000E+00
                                         4.714E+00 0.000E+00 2.369E-01 0.000E+00
                        1984-  1986 P  
                                         1.780E+01 0.000E+00-2.788E-02 0.000E+00
                                         2.427E+00 0.000E+00 5.567E-01 0.000E+00
                                         9.682E-01 0.000E+00 1.006E+00 0.000E+00
                        1987-  1989 P  
                                         3.706E-01 0.000E+00 1.000E+00 0.000E+00
                        1990-  1994 D  
                                         3.771E+01 0.000E+00 0.000E+00 1.151E-02
                                         1.069E+01 0.000E+00 0.000E+00 6.725E-02
                                         3.673E+00 0.000E+00 0.000E+00 2.148E-01
                                         1.359E+00 0.000E+00 0.000E+00 3.889E-01
                        1995-  1999 D  
                                         5.400E-01 0.000E+00 0.000E+00 1.000E+00
                        2000-  2004 D  
                                         2.200E-01 0.000E+00 0.000E+00 1.000E+00
 110 TI   3.760   3.786  11.856
 111 TI   3.766   3.717  19.456
 112 TI   3.743  11.295   4.119
 113 TI   3.745  11.241  11.715
 114 TI   3.783  11.184  19.536
 115 TI   3.690  18.786   4.088
 116 TI   3.817  18.762  11.756
 117 TI   3.803  18.734  19.574
 118 TI  11.263   3.815   4.096
 119 TI  11.211   3.804  11.825
 120 TI  11.289   3.699  19.563
 121 TI  11.246  11.321   4.087
 122 TI  11.233  11.324  11.782
 123 TI  11.324  11.240  19.505
 124 TI  11.239  18.728   4.129
 125 TI  11.280  18.822  11.786
 126 TI  11.304  18.749  19.576
 127 TI  18.709   3.802   4.092
 128 TI  18.710   3.813  11.786
 129 TI  18.740   3.678  19.503
 130 TI  18.714  11.214   4.004
 131 TI  18.824  11.267  11.807
 132 TI  18.685  11.280  19.501
 133 TI  18.737  18.808   4.106
 134 TI  18.802  18.787  11.745
 135 TI  18.766  18.752  19.448
 INFORMATION **** SET_MPP **** PCRYSTAL CALCULATION
 INFORMATION **** READM2 **** NEW DEFAULT: FOCK/KS MATRIX MIXING SET TO 30 %
 INFORMATION **** READM2 **** NEW DEFAULT: FULL DIRECT SCF MODE
 INFORMATION **** READM2 **** NEW DEFAULT: COULOMB BIPOLAR BUFFER SET TO 32 Mb
 INFORMATION **** READM2 **** NEW DEFAULT: EXCHANGE BIPOLAR BUFFER SET TO 32 Mb

 *******************************************************************************
 NEW DEFAULT: DFT INTEGRATION GRID INCREASED TO XLGRID
 NEW DEFAULT: DIIS ACCELERATOR ACTIVE
 USE KEYWORD NODIIS TO TURN IT OFF
 *******************************************************************************

 INFORMATION **** TOLINTEG **** COULOMB AND EXCHANGE SERIES TOLERANCES MODIFIED
 INFORMATION **** MAXCYCLE **** MAX NUMBER OF SCF CYCLES SET TO         100
 INFORMATION **** EXCHSIZE **** EXCHANGE BIPOLAR BUFFER SIZE SET TO    30000000
 INFORMATION **** BIPOSIZE **** COULOMB BIPOLAR BUFFER SET TO    30000000
 INFORMATION **** GRADCAL **** ANALYTICAL GRADIENT AFTER SCF COMPLETED
 *******************************************************************************
 N. OF ATOMS PER CELL       135  COULOMB OVERLAP TOL         (T1) 10**   -8
 NUMBER OF SHELLS          1053  COULOMB PENETRATION TOL     (T2) 10**   -8
 NUMBER OF AO              2862  EXCHANGE OVERLAP TOL        (T3) 10**   -8
 N. OF ELECTRONS PER CELL  1512  EXCHANGE PSEUDO OVP (F(G))  (T4) 10**   -8
 CORE ELECTRONS PER CELL    648  EXCHANGE PSEUDO OVP (P(G))  (T5) 10**  -16
 N. OF SYMMETRY OPERATORS     1  POLE ORDER IN MONO ZONE                  4
 *******************************************************************************
 TYPE OF CALCULATION :  RESTRICTED CLOSED SHELL
 KOHN-SHAM HAMILTONIAN

 (EXCHANGE)[CORRELATION] FUNCTIONAL:(PERDEW-BURKE-ERNZERHOF)[PERDEW-BURKE-ERNZERHOF]


 HYBRID EXCHANGE - PERCENTAGE OF FOCK EXCHANGE    25.0000
 CORE  PSEUDO POTENTIAL         TOL. ON PSEUDO              (TP) 10**- 6

 CAPPA:IS1  2;IS2  2;IS3  2; K PTS MONK NET   8; SYMMOPS:K SPACE   2;G SPACE   1

 *******************************************************************************
 MAX NUMBER OF SCF CYCLES     100  CONVERGENCE ON DELTAP        10**-16
 WEIGHT OF F(I) IN F(I+1)      80% CONVERGENCE ON ENERGY        10**- 6
 SHRINK. FACT.(MONKH.)    2  2  2  NUMBER OF K POINTS IN THE IBZ      8
 SHRINKING FACTOR(GILAT NET)    2  NUMBER OF K POINTS(GILAT NET)      8
 *******************************************************************************
 *** K POINTS COORDINATES (OBLIQUE COORDINATES IN UNITS OF IS =  2)
   1-R(  0  0  0)   2-R(  1  0  0)   3-R(  0  1  0)   4-R(  1  1  0)
   5-R(  0  0  1)   6-R(  1  0  1)   7-R(  0  1  1)   8-R(  1  1  1)

 DIRECT LATTICE VECTORS COMPON. (A.U.)     RECIP. LATTICE VECTORS COMPON. (A.U.) 
        X            Y            Z              X            Y            Z
   22.5023543    0.0000000    0.0000000      0.2792235    0.0000000    0.0000000
    0.0000000   22.5023543    0.0000000      0.0000000    0.2792235    0.0000000
    0.0000000    0.0000000   23.1960024      0.0000000    0.0000000    0.2708736

 DISK SPACE FOR EIGENVECTORS (FTN 10)    65528352 REALS

 SYMMETRY ADAPTION OF THE BLOCH FUNCTIONS DISABLED
 TTTTTTTTTTTTTTTTTTTTTTTTTTTTTT gordsh1     TELAPSE        0.67 TCPU        0.41

 MATRIX SIZE: P(G) 7082524, F(G) 1248632, P(G) IRR 3549065, F(G) IRR 1252412
 MAX G-VECTOR INDEX FOR 1- AND 2-ELECTRON INTEGRALS  27

 TTTTTTTTTTTTTTTTTTTTTTTTTTTTTT INPUT       TELAPSE        3.98 TCPU        3.72

 NEIGHBORS OF THE NON-EQUIVALENT ATOMS

 N = NUMBER OF NEIGHBORS AT DISTANCE R
    ATOM  N     R/ANG      R/AU   NEIGHBORS (ATOM LABELS AND CELL INDICES)
   1 BA   1     2.7797     5.2528   88 O    0-1 0
   1 BA   1     2.7879     5.2684   54 O   -1-1-1
   1 BA   1     2.7990     5.2894   36 O    0-1-1
   1 BA   1     2.8036     5.2981   30 O    0 0-1
   1 BA   1     2.8037     5.2982   82 O    0 0 0
   1 BA   1     2.8154     5.3204   73 O   -1 0 0

   2 BA   1     2.7487     5.1944   34 O    0-1 0
   2 BA   1     2.8038     5.2984   83 O    0 0 0
   2 BA   1     2.8057     5.3020   56 O    0 0 0
   2 BA   1     2.8112     5.3124   89 O    0-1 0
   2 BA   1     2.8136     5.3169   46 O   -1 0 0
   2 BA   1     2.8275     5.3433   74 O   -1 0 0

   3 BA   1     2.7473     5.1917   47 O   -1 0 0
   3 BA   1     2.7752     5.2444   75 O   -1 0 0
   3 BA   1     2.7790     5.2515   84 O    0 0 0
   3 BA   1     2.7960     5.2838   57 O    0 0 0
   3 BA   1     2.8032     5.2973   90 O    0-1 0
   3 BA   1     2.8100     5.3101   29 O    0 0 0

   4 BA   1     2.7591     5.2139   76 O   -1 0 0
   4 BA   1     2.7725     5.2394   82 O    0 0 0
   4 BA   1     2.7824     5.2580   58 O    0 0 0
   4 BA   1     2.7980     5.2875   48 O   -1 0-1
   4 BA   1     2.7995     5.2903   30 O    0 0-1
   4 BA   1     2.8297     5.3473   85 O    0 0 0

   5 BA   1     2.7407     5.1791   86 O    0 0 0
   5 BA   1     2.7714     5.2372   59 O    0 0 0
   5 BA   1     2.7815     5.2563   83 O    0 0 0
   5 BA   1     2.7864     5.2656   49 O   -1 0 0
   5 BA   1     2.8027     5.2964   31 O    0 0 0
   5 BA   1     2.8186     5.3264   77 O   -1 0 0

   6 BA   1     2.7780     5.2496   47 O   -1 0 0
   6 BA   1     2.7807     5.2547   29 O    0 0 0
   6 BA   1     2.7861     5.2650   78 O   -1 0 0
   6 BA   1     2.7869     5.2664   87 O    0 0 0
   6 BA   1     2.7950     5.2818   60 O    0 0 0
   6 BA   1     2.7995     5.2903   84 O    0 0 0

   7 BA   1     2.7191     5.1384   88 O    0 0 0
   7 BA   1     2.7629     5.2211   36 O    0 0-1
   7 BA   1     2.7711     5.2366   79 O   -1 0 0
   7 BA   1     2.7753     5.2446   61 O    0 0 0
   7 BA   1     2.7840     5.2609   85 O    0 0 0
   7 BA   1     2.8227     5.3340   33 O    0 0-1

   8 BA   1     2.7638     5.2229   49 O   -1 0 0
   8 BA   1     2.7742     5.2426   86 O    0 0 0
   8 BA   1     2.7847     5.2623   52 O   -1 0 0
   8 BA   1     2.7894     5.2711   80 O   -1 0 0
   8 BA   1     2.8195     5.3281   34 O    0 0 0
   8 BA   1     2.8262     5.3407   62 O    0 0 0

   9 BA   1     2.7197     5.1396   81 O   -1 0 0
   9 BA   1     2.7604     5.2164   63 O    0 0 0
   9 BA   1     2.7631     5.2215   53 O   -1 0 0
   9 BA   1     2.7758     5.2456   87 O    0 0 0
   9 BA   1     2.7829     5.2589   50 O   -1 0 0
   9 BA   1     2.7838     5.2607   90 O    0 0 0

  10 BA   1     2.7384     5.1749   97 O    0-1 0
  10 BA   1     2.7393     5.1766   91 O    0 0 0
  10 BA   1     2.7514     5.1994   55 O    0 0 0
  10 BA   1     2.7984     5.2882   64 O    0 0 0
  10 BA   1     2.8075     5.3053   30 O    0 0-1
  10 BA   1     2.8099     5.3100   45 O    0-1-1

  11 BA   1     2.7605     5.2167   65 O    0 0 0
  11 BA   1     2.7736     5.2413   98 O    0-1 0
  11 BA   1     2.7864     5.2656   92 O    0 0 0
  11 BA   1     2.7891     5.2706   28 O    0 0 0
  11 BA   1     2.7937     5.2794   37 O    0 0 0
  11 BA   1     2.8007     5.2926   56 O    0 0 0

  12 BA   1     2.7407     5.1792   99 O    0-1 0
  12 BA   1     2.7589     5.2136   57 O    0 0 0
  12 BA   1     2.7648     5.2247   66 O    0 0 0
  12 BA   1     2.7868     5.2663   35 O    0-1 0
  12 BA   1     2.7913     5.2749   93 O    0 0 0
  12 BA   1     2.7989     5.2891   29 O    0 0 0

  13 BA   1     2.7211     5.1421   58 O    0 0 0
  13 BA   1     2.7531     5.2025   91 O    0 0 0
  13 BA   1     2.7845     5.2620   94 O    0 0 0
  13 BA   1     2.8030     5.2968   39 O    0 0-1
  13 BA   1     2.8049     5.3006   67 O    0 0 0
  13 BA   1     2.8131     5.3160   30 O    0 0-1

  14 BA   1     2.7842     5.2614   28 O    0 0 0
  14 BA   1     2.8082     5.3067   40 O    0 0 0
  14 BA   1     2.8082     5.3068   68 O    0 0 0
  14 BA   1     2.8086     5.3075   31 O    0 0 0
  14 BA   1     2.8109     5.3118   92 O    0 0 0
  14 BA   1     2.8239     5.3364   37 O    0 0 0

  15 BA   1     2.7892     5.2709   60 O    0 0 0
  15 BA   1     2.7895     5.2714   29 O    0 0 0
  15 BA   1     2.7962     5.2840   69 O    0 0 0
  15 BA   1     2.7993     5.2899   32 O    0 0 0
  15 BA   1     2.8064     5.3033   41 O    0 0 0
  15 BA   1     2.8292     5.3464   93 O    0 0 0

  16 BA   1     2.7707     5.2359   97 O    0 0 0
  16 BA   1     2.7806     5.2546   36 O    0 0-1
  16 BA   1     2.7810     5.2553   70 O    0 0 0
  16 BA   1     2.7876     5.2678   94 O    0 0 0
  16 BA   1     2.8043     5.2993   61 O    0 0 0
  16 BA   1     2.8067     5.3039   42 O    0 0-1

  17 BA   1     2.7115     5.1241   62 O    0 0 0
  17 BA   1     2.7369     5.1721   98 O    0 0 0
  17 BA   1     2.7445     5.1864   95 O    0 0 0
  17 BA   1     2.7638     5.2229   31 O    0 0 0
  17 BA   1     2.8084     5.3071   43 O    0 0 0
  17 BA   1     2.8098     5.3098   34 O    0 0 0

  18 BA   1     2.7771     5.2480   96 O    0 0 0
  18 BA   1     2.7778     5.2492   32 O    0 0 0
  18 BA   1     2.7837     5.2604   63 O    0 0 0
  18 BA   1     2.8007     5.2926   35 O    0 0 0
  18 BA   1     2.8036     5.2981   99 O    0 0 0
  18 BA   1     2.8180     5.3252   41 O    0 0 0

  19 BA   1     2.7402     5.1783  106 O    0-1 0
  19 BA   1     2.7614     5.2183   54 O    0-1-1
  19 BA   1     2.7822     5.2575   73 O    0 0 0
  19 BA   1     2.7849     5.2628   48 O    0 0-1
  19 BA   1     2.7991     5.2895  100 O    0 0 0
  19 BA   1     2.8009     5.2930   45 O    0-1-1

  20 BA   1     2.7730     5.2403   37 O    0 0 0
  20 BA   1     2.7945     5.2808  107 O    0-1 0
  20 BA   1     2.7958     5.2833   46 O    0 0 0
  20 BA   1     2.8209     5.3307   52 O    0-1 0
  20 BA   1     2.8333     5.3542  101 O    0 0 0
  20 BA   1     2.8435     5.3735   74 O    0 0 0

  21 BA   1     2.7508     5.1982   38 O    0 0 0
  21 BA   1     2.7509     5.1984   66 O    0 0 0
  21 BA   1     2.7528     5.2021   75 O    0 0 0
  21 BA   1     2.7835     5.2600  102 O    0 0 0
  21 BA   1     2.8128     5.3153   47 O    0 0 0
  21 BA   1     2.8235     5.3356  108 O    0-1 0

  22 BA   1     2.7365     5.1712  103 O    0 0 0
  22 BA   1     2.7368     5.1718   67 O    0 0 0
  22 BA   1     2.7812     5.2557  100 O    0 0 0
  22 BA   1     2.7918     5.2758   76 O    0 0 0
  22 BA   1     2.8036     5.2981   51 O    0 0-1
  22 BA   1     2.8193     5.3277   48 O    0 0-1

  23 BA   1     2.7965     5.2846  101 O    0 0 0
  23 BA   1     2.8080     5.3064   68 O    0 0 0
  23 BA   1     2.8106     5.3112   49 O    0 0 0
  23 BA   1     2.8224     5.3335   40 O    0 0 0
  23 BA   1     2.8226     5.3340  104 O    0 0 0
  23 BA   1     2.8267     5.3416   77 O    0 0 0

  24 BA   1     2.7786     5.2508   78 O    0 0 0
  24 BA   1     2.7922     5.2765  102 O    0 0 0
  24 BA   1     2.8083     5.3069   47 O    0 0 0
  24 BA   1     2.8084     5.3072  105 O    0 0 0
  24 BA   1     2.8133     5.3164   50 O    0 0 0
  24 BA   1     2.8209     5.3308   41 O    0 0 0

  25 BA   1     2.7521     5.2007   51 O    0 0-1
  25 BA   1     2.7674     5.2295   79 O    0 0 0
  25 BA   1     2.7736     5.2414  103 O    0 0 0
  25 BA   1     2.7778     5.2493   54 O    0 0-1
  25 BA   1     2.7910     5.2742   70 O    0 0 0
  25 BA   1     2.8057     5.3020  106 O    0 0 0

  26 BA   1     2.7306     5.1602   71 O    0 0 0
  26 BA   1     2.7499     5.1965   43 O    0 0 0
  26 BA   1     2.7652     5.2255  104 O    0 0 0
  26 BA   1     2.7775     5.2487  107 O    0 0 0
  26 BA   1     2.7873     5.2672   40 O    0 0 0
  26 BA   1     2.7888     5.2701   80 O    0 0 0

  27 BA   1     2.7670     5.2289   50 O    0 0 0
  27 BA   1     2.7772     5.2481   81 O    0 0 0
  27 BA   1     2.7783     5.2502   72 O    0 0 0
  27 BA   1     2.7805     5.2544  108 O    0 0 0
  27 BA   1     2.7870     5.2667  105 O    0 0 0
  27 BA   1     2.8128     5.3154   41 O    0 0 0

  28 O    1     1.8499     3.4959  109 TI   0 0 0
  28 O    1     2.3170     4.3785  110 TI   0 0 0
  28 O    1     2.7842     5.2614   14 BA   0 0 0
  28 O    1     2.7891     5.2706   11 BA   0 0 0
  28 O    1     2.7920     5.2760   91 O    0 0 0
  28 O    1     2.8142     5.3180   58 O    0 0 0

  29 O    1     1.7391     3.2864  110 TI   0 0 0
  29 O    1     2.2830     4.3143  111 TI   0 0 0
  29 O    1     2.7362     5.1707   92 O    0 0 0
  29 O    1     2.7383     5.1747   59 O    0 0 0
  29 O    1     2.7582     5.2122   56 O    0 0 0
  29 O    1     2.7751     5.2443   83 O    0 0 0

  30 O    1     1.8349     3.4675  111 TI   0 0 0
  30 O    1     2.2524     4.2565  109 TI   0 0 1
  30 O    1     2.7303     5.1595   84 O    0 0 0
  30 O    1     2.7454     5.1880   57 O    0 0 0
  30 O    1     2.7822     5.2577   93 O    0 0 0
  30 O    1     2.7995     5.2903    4 BA   0 0 1

  31 O    1     1.7863     3.3756  112 TI   0 0 0
  31 O    1     2.2346     4.2228  113 TI   0 0 0
  31 O    1     2.7632     5.2216   61 O    0 0 0
  31 O    1     2.7638     5.2229   17 BA   0 0 0
  31 O    1     2.8027     5.2964    5 BA   0 0 0
  31 O    1     2.8086     5.3075   14 BA   0 0 0

  32 O    1     1.8850     3.5621  113 TI   0 0 0
  32 O    1     2.2539     4.2593  114 TI   0 0 0
  32 O    1     2.7778     5.2492   18 BA   0 0 0
  32 O    1     2.7993     5.2899   15 BA   0 0 0
  32 O    1     2.8087     5.3076    6 BA   0 0 0
  32 O    1     2.8094     5.3091   59 O    0 0 0

  33 O    1     1.8458     3.4880  114 TI   0 0 0
  33 O    1     2.2711     4.2917  112 TI   0 0 1
  33 O    1     2.7926     5.2772   96 O    0 0 0
  33 O    1     2.8106     5.3112   60 O    0 0 0
  33 O    1     2.8144     5.3184   13 BA   0 0 1
  33 O    1     2.8227     5.3340    7 BA   0 0 1

  34 O    1     1.7709     3.3466  115 TI   0 0 0
  34 O    1     2.2873     4.3224  116 TI   0 0 0
  34 O    1     2.7414     5.1804   55 O    0 1 0
  34 O    1     2.7487     5.1944    2 BA   0 1 0
  34 O    1     2.7596     5.2150   88 O    0 0 0
  34 O    1     2.8009     5.2930   61 O    0 0 0

  35 O    1     1.8638     3.5222  116 TI   0 0 0
  35 O    1     2.2735     4.2963  117 TI   0 0 0
  35 O    1     2.7868     5.2663   12 BA   0 1 0
  35 O    1     2.7965     5.2847   56 O    0 1 0
  35 O    1     2.8007     5.2926   18 BA   0 0 0
  35 O    1     2.8073     5.3051   89 O    0 0 0

  36 O    1     1.7680     3.3410  117 TI   0 0 0
  36 O    1     2.3137     4.3723  115 TI   0 0 1
  36 O    1     2.7357     5.1698   90 O    0 0 0
  36 O    1     2.7629     5.2211    7 BA   0 0 1
  36 O    1     2.7689     5.2324   63 O    0 0 0
  36 O    1     2.7806     5.2546   16 BA   0 0 1

  37 O    1     1.7812     3.3660  118 TI   0 0 0
  37 O    1     2.3111     4.3673  119 TI   0 0 0
  37 O    1     2.7312     5.1612  100 O    0 0 0
  37 O    1     2.7534     5.2032   64 O    0 0 0
  37 O    1     2.7730     5.2403   20 BA   0 0 0
  37 O    1     2.7937     5.2794   11 BA   0 0 0

  38 O    1     1.8086     3.4177  119 TI   0 0 0
  38 O    1     2.2876     4.3229  120 TI   0 0 0
  38 O    1     2.7508     5.1982   21 BA   0 0 0
  38 O    1     2.7777     5.2490   65 O    0 0 0
  38 O    1     2.7906     5.2734  101 O    0 0 0
  38 O    1     2.7927     5.2775   68 O    0 0 0

  39 O    1     1.8303     3.4587  120 TI   0 0 0
  39 O    1     2.2607     4.2720  118 TI   0 0 1
  39 O    1     2.7985     5.2883   93 O    0 0 0
  39 O    1     2.8024     5.2957  102 O    0 0 0
  39 O    1     2.8030     5.2968   13 BA   0 0 1
  39 O    1     2.8293     5.3465   10 BA   0 0 1

  40 O    1     1.7725     3.3496  121 TI   0 0 0
  40 O    1     2.2996     4.3456  122 TI   0 0 0
  40 O    1     2.7757     5.2454   94 O    0 0 0
  40 O    1     2.7873     5.2672   26 BA   0 0 0
  40 O    1     2.7956     5.2828   67 O    0 0 0
  40 O    1     2.7971     5.2858   70 O    0 0 0

  41 O    1     1.7959     3.3938  122 TI   0 0 0
  41 O    1     2.2924     4.3321  123 TI   0 0 0
  41 O    1     2.7799     5.2533   68 O    0 0 0
  41 O    1     2.7893     5.2710   71 O    0 0 0
  41 O    1     2.7930     5.2779  104 O    0 0 0
  41 O    1     2.7972     5.2859   95 O    0 0 0

  42 O    1     1.8067     3.4142  123 TI   0 0 0
  42 O    1     2.3114     4.3679  121 TI   0 0 1
  42 O    1     2.7631     5.2215   72 O    0 0 0
  42 O    1     2.7680     5.2308   96 O    0 0 0
  42 O    1     2.7803     5.2541  105 O    0 0 0
  42 O    1     2.7836     5.2603   69 O    0 0 0

  43 O    1     1.7730     3.3506  124 TI   0 0 0
  43 O    1     2.2807     4.3099  125 TI   0 0 0
  43 O    1     2.7499     5.1965   26 BA   0 0 0
  43 O    1     2.7794     5.2523   70 O    0 0 0
  43 O    1     2.7943     5.2804   97 O    0 0 0
  43 O    1     2.8025     5.2960   64 O    0 1 0

  44 O    1     1.7815     3.3666  125 TI   0 0 0
  44 O    1     2.3409     4.4237  126 TI   0 0 0
  44 O    1     2.7511     5.1988  107 O    0 0 0
  44 O    1     2.7568     5.2096   65 O    0 1 0
  44 O    1     2.8021     5.2952   71 O    0 0 0
  44 O    1     2.8162     5.3218   27 BA   0 0 0

  45 O    1     1.7591     3.3241  126 TI   0 0 0
  45 O    1     2.3425     4.4266  124 TI   0 0 1
  45 O    1     2.7699     5.2344   72 O    0 0 0
  45 O    1     2.7956     5.2830   66 O    0 1 0
  45 O    1     2.8009     5.2930   19 BA   0 1 1
  45 O    1     2.8024     5.2958  108 O    0 0 0

  46 O    1     1.7779     3.3597  127 TI   0 0 0
  46 O    1     2.2959     4.3386  128 TI   0 0 0
  46 O    1     2.7306     5.1601   73 O    0 0 0
  46 O    1     2.7538     5.2040   82 O    1 0 0
  46 O    1     2.7736     5.2413   76 O    0 0 0
  46 O    1     2.7958     5.2833   20 BA   0 0 0

  47 O    1     1.8179     3.4354  128 TI   0 0 0
  47 O    1     2.2679     4.2857  129 TI   0 0 0
  47 O    1     2.7473     5.1917    3 BA   1 0 0
  47 O    1     2.7667     5.2284   74 O    0 0 0
  47 O    1     2.7780     5.2496    6 BA   1 0 0
  47 O    1     2.8083     5.3069   24 BA   0 0 0

  48 O    1     1.8582     3.5114  129 TI   0 0 0
  48 O    1     2.2624     4.2753  127 TI   0 0 1
  48 O    1     2.7849     5.2628   19 BA   0 0 1
  48 O    1     2.7956     5.2829   75 O    0 0 0
  48 O    1     2.7980     5.2875    4 BA   1 0 1
  48 O    1     2.8162     5.3218   84 O    1 0 0

  49 O    1     1.8633     3.5210  130 TI   0 0 0
  49 O    1     2.2665     4.2831  131 TI   0 0 0
  49 O    1     2.7638     5.2229    8 BA   1 0 0
  49 O    1     2.7687     5.2321   85 O    1 0 0
  49 O    1     2.7864     5.2656    5 BA   1 0 0
  49 O    1     2.7908     5.2739   79 O    0 0 0

  50 O    1     1.7999     3.4014  131 TI   0 0 0
  50 O    1     2.2725     4.2945  132 TI   0 0 0
  50 O    1     2.7670     5.2289   27 BA   0 0 0
  50 O    1     2.7746     5.2432  104 O    0 0 0
  50 O    1     2.7829     5.2589    9 BA   1 0 0
  50 O    1     2.7857     5.2642   77 O    0 0 0

  51 O    1     1.8064     3.4137  132 TI   0 0 0
  51 O    1     2.2686     4.2870  130 TI   0 0 1
  51 O    1     2.7506     5.1980  105 O    0 0 0
  51 O    1     2.7521     5.2007   25 BA   0 0 1
  51 O    1     2.7998     5.2908   81 O    0 0 0
  51 O    1     2.8036     5.2981   22 BA   0 0 1

  52 O    1     1.8038     3.4087  133 TI   0 0 0
  52 O    1     2.2405     4.2340  134 TI   0 0 0
  52 O    1     2.7805     5.2544  106 O    0 0 0
  52 O    1     2.7847     5.2623    8 BA   1 0 0
  52 O    1     2.7942     5.2803   26 BA   0 0 0
  52 O    1     2.8152     5.3199   79 O    0 0 0

  53 O    1     1.8014     3.4042  134 TI   0 0 0
  53 O    1     2.2751     4.2993  135 TI   0 0 0
  53 O    1     2.7394     5.1766   89 O    1 0 0
  53 O    1     2.7448     5.1870   80 O    0 0 0
  53 O    1     2.7631     5.2215    9 BA   1 0 0
  53 O    1     2.7706     5.2357   74 O    0 1 0

  54 O    1     1.8280     3.4545  135 TI   0 0 0
  54 O    1     2.3288     4.4009  133 TI   0 0 1
  54 O    1     2.7391     5.1762  108 O    0 0 0
  54 O    1     2.7614     5.2183   19 BA   0 1 1
  54 O    1     2.7778     5.2493   25 BA   0 0 1
  54 O    1     2.7879     5.2684    1 BA   1 1 1

  55 O    1     1.9410     3.6679  115 TI   0-1 0
  55 O    1     2.0164     3.8105  109 TI   0 0 0
  55 O    1     2.7414     5.1804   34 O    0-1 0
  55 O    1     2.7514     5.1994   10 BA   0 0 0
  55 O    1     2.7724     5.2390   97 O    0-1 0
  55 O    1     2.7903     5.2729   88 O    0-1 0

  56 O    1     1.9641     3.7117  116 TI   0-1 0
  56 O    1     2.0286     3.8334  110 TI   0 0 0
  56 O    1     2.7582     5.2122   29 O    0 0 0
  56 O    1     2.7919     5.2759   98 O    0-1 0
  56 O    1     2.7965     5.2847   35 O    0-1 0
  56 O    1     2.8004     5.2920   89 O    0-1 0

  57 O    1     1.9314     3.6498  111 TI   0 0 0
  57 O    1     2.0419     3.8586  117 TI   0-1 0
  57 O    1     2.7454     5.1880   30 O    0 0 0
  57 O    1     2.7589     5.2136   12 BA   0 0 0
  57 O    1     2.7593     5.2144   84 O    0 0 0
  57 O    1     2.7672     5.2293   93 O    0 0 0

  58 O    1     2.0072     3.7930  109 TI   0 0 0
  58 O    1     2.0077     3.7939  112 TI   0 0 0
  58 O    1     2.7211     5.1421   13 BA   0 0 0
  58 O    1     2.7824     5.2580    4 BA   0 0 0
  58 O    1     2.8071     5.3047   94 O    0 0 0
  58 O    1     2.8117     5.3134   91 O    0 0 0

  59 O    1     1.9468     3.6789  110 TI   0 0 0
  59 O    1     2.0082     3.7950  113 TI   0 0 0
  59 O    1     2.7383     5.1747   29 O    0 0 0
  59 O    1     2.7541     5.2044   83 O    0 0 0
  59 O    1     2.7714     5.2372    5 BA   0 0 0
  59 O    1     2.7732     5.2406   92 O    0 0 0

  60 O    1     1.9287     3.6447  114 TI   0 0 0
  60 O    1     2.0344     3.8444  111 TI   0 0 0
  60 O    1     2.7572     5.2104   96 O    0 0 0
  60 O    1     2.7845     5.2619   87 O    0 0 0
  60 O    1     2.7892     5.2709   15 BA   0 0 0
  60 O    1     2.7950     5.2818    6 BA   0 0 0

  61 O    1     1.9334     3.6536  112 TI   0 0 0
  61 O    1     2.0454     3.8652  115 TI   0 0 0
  61 O    1     2.7599     5.2154   85 O    0 0 0
  61 O    1     2.7632     5.2216   31 O    0 0 0
  61 O    1     2.7753     5.2446    7 BA   0 0 0
  61 O    1     2.7937     5.2793   94 O    0 0 0

  62 O    1     1.9930     3.7662  116 TI   0 0 0
  62 O    1     2.0003     3.7801  113 TI   0 0 0
  62 O    1     2.7115     5.1241   17 BA   0 0 0
  62 O    1     2.7619     5.2193   95 O    0 0 0
  62 O    1     2.7627     5.2207   98 O    0 0 0
  62 O    1     2.8146     5.3189   89 O    0 0 0

  63 O    1     1.9647     3.7128  117 TI   0 0 0
  63 O    1     2.0521     3.8779  114 TI   0 0 0
  63 O    1     2.7604     5.2164    9 BA   0 0 0
  63 O    1     2.7652     5.2255   90 O    0 0 0
  63 O    1     2.7689     5.2324   36 O    0 0 0
  63 O    1     2.7837     5.2604   18 BA   0 0 0

  64 O    1     2.0023     3.7838  124 TI   0-1 0
  64 O    1     2.0267     3.8299  118 TI   0 0 0
  64 O    1     2.7500     5.1968   97 O    0-1 0
  64 O    1     2.7534     5.2032   37 O    0 0 0
  64 O    1     2.7793     5.2521   91 O    0 0 0
  64 O    1     2.7984     5.2882   10 BA   0 0 0

  65 O    1     1.9480     3.6811  125 TI   0-1 0
  65 O    1     2.0237     3.8242  119 TI   0 0 0
  65 O    1     2.7568     5.2096   44 O    0-1 0
  65 O    1     2.7605     5.2167   11 BA   0 0 0
  65 O    1     2.7777     5.2490   38 O    0 0 0
  65 O    1     2.7870     5.2666  107 O    0-1 0

  66 O    1     1.9569     3.6980  120 TI   0 0 0
  66 O    1     2.0124     3.8029  126 TI   0-1 0
  66 O    1     2.7509     5.1984   21 BA   0 0 0
  66 O    1     2.7648     5.2247   12 BA   0 0 0
  66 O    1     2.7921     5.2763  102 O    0 0 0
  66 O    1     2.7956     5.2830   45 O    0-1 0

  67 O    1     1.9853     3.7517  118 TI   0 0 0
  67 O    1     2.0061     3.7911  121 TI   0 0 0
  67 O    1     2.7368     5.1718   22 BA   0 0 0
  67 O    1     2.7604     5.2165  103 O    0 0 0
  67 O    1     2.7798     5.2530  100 O    0 0 0
  67 O    1     2.7956     5.2828   40 O    0 0 0

  68 O    1     1.9279     3.6431  119 TI   0 0 0
  68 O    1     2.0650     3.9023  122 TI   0 0 0
  68 O    1     2.7415     5.1807  101 O    0 0 0
  68 O    1     2.7799     5.2533   41 O    0 0 0
  68 O    1     2.7875     5.2676   92 O    0 0 0
  68 O    1     2.7927     5.2775   38 O    0 0 0

  69 O    1     1.9510     3.6869  123 TI   0 0 0
  69 O    1     2.0566     3.8863  120 TI   0 0 0
  69 O    1     2.7739     5.2420  105 O    0 0 0
  69 O    1     2.7836     5.2603   42 O    0 0 0
  69 O    1     2.7962     5.2840   15 BA   0 0 0
  69 O    1     2.8020     5.2951   96 O    0 0 0

  70 O    1     1.9675     3.7180  124 TI   0 0 0
  70 O    1     1.9770     3.7360  121 TI   0 0 0
  70 O    1     2.7794     5.2523   43 O    0 0 0
  70 O    1     2.7810     5.2553   16 BA   0 0 0
  70 O    1     2.7890     5.2704  103 O    0 0 0
  70 O    1     2.7910     5.2742   25 BA   0 0 0

  71 O    1     1.9206     3.6295  122 TI   0 0 0
  71 O    1     2.0611     3.8949  125 TI   0 0 0
  71 O    1     2.7306     5.1602   26 BA   0 0 0
  71 O    1     2.7586     5.2130  104 O    0 0 0
  71 O    1     2.7773     5.2484   95 O    0 0 0
  71 O    1     2.7893     5.2710   41 O    0 0 0

  72 O    1     1.9750     3.7322  126 TI   0 0 0
  72 O    1     2.0086     3.7958  123 TI   0 0 0
  72 O    1     2.7631     5.2215   42 O    0 0 0
  72 O    1     2.7699     5.2344   45 O    0 0 0
  72 O    1     2.7783     5.2502   27 BA   0 0 0
  72 O    1     2.7906     5.2735  108 O    0 0 0

  73 O    1     1.9802     3.7421  133 TI   0-1 0
  73 O    1     1.9982     3.7760  127 TI   0 0 0
  73 O    1     2.7306     5.1601   46 O    0 0 0
  73 O    1     2.7465     5.1901   82 O    1 0 0
  73 O    1     2.7822     5.2575   19 BA   0 0 0
  73 O    1     2.7896     5.2716  106 O    0-1 0

  74 O    1     1.9840     3.7492  134 TI   0-1 0
  74 O    1     2.0072     3.7931  128 TI   0 0 0
  74 O    1     2.7667     5.2284   47 O    0 0 0
  74 O    1     2.7706     5.2357   53 O    0-1 0
  74 O    1     2.8102     5.3104   83 O    1 0 0
  74 O    1     2.8161     5.3216   89 O    1-1 0

  75 O    1     1.9219     3.6318  129 TI   0 0 0
  75 O    1     2.0205     3.8182  135 TI   0-1 0
  75 O    1     2.7528     5.2021   21 BA   0 0 0
  75 O    1     2.7752     5.2444    3 BA   1 0 0
  75 O    1     2.7956     5.2829   48 O    0 0 0
  75 O    1     2.7975     5.2865   54 O    0-1 0

  76 O    1     1.9441     3.6738  127 TI   0 0 0
  76 O    1     1.9882     3.7571  130 TI   0 0 0
  76 O    1     2.7591     5.2139    4 BA   1 0 0
  76 O    1     2.7736     5.2413   46 O    0 0 0
  76 O    1     2.7784     5.2504   82 O    1 0 0
  76 O    1     2.7918     5.2758   22 BA   0 0 0

  77 O    1     1.9652     3.7136  131 TI   0 0 0
  77 O    1     1.9904     3.7613  128 TI   0 0 0
  77 O    1     2.7787     5.2511   86 O    1 0 0
  77 O    1     2.7857     5.2642   50 O    0 0 0
  77 O    1     2.7951     5.2820  104 O    0 0 0
  77 O    1     2.8076     5.3056  101 O    0 0 0

  78 O    1     1.9988     3.7772  129 TI   0 0 0
  78 O    1     2.0374     3.8502  132 TI   0 0 0
  78 O    1     2.7786     5.2508   24 BA   0 0 0
  78 O    1     2.7841     5.2612   84 O    1 0 0
  78 O    1     2.7861     5.2650    6 BA   1 0 0
  78 O    1     2.8054     5.3015  102 O    0 0 0

  79 O    1     1.9696     3.7220  130 TI   0 0 0
  79 O    1     2.0625     3.8975  133 TI   0 0 0
  79 O    1     2.7629     5.2212   85 O    1 0 0
  79 O    1     2.7674     5.2295   25 BA   0 0 0
  79 O    1     2.7711     5.2366    7 BA   1 0 0
  79 O    1     2.7843     5.2615  103 O    0 0 0

  80 O    1     1.9701     3.7229  134 TI   0 0 0
  80 O    1     2.0231     3.8231  131 TI   0 0 0
  80 O    1     2.7448     5.1870   53 O    0 0 0
  80 O    1     2.7750     5.2440   89 O    1 0 0
  80 O    1     2.7888     5.2701   26 BA   0 0 0
  80 O    1     2.7894     5.2711    8 BA   1 0 0

  81 O    1     1.9740     3.7303  135 TI   0 0 0
  81 O    1     1.9943     3.7686  132 TI   0 0 0
  81 O    1     2.7197     5.1396    9 BA   1 0 0
  81 O    1     2.7742     5.2425  108 O    0 0 0
  81 O    1     2.7772     5.2481   27 BA   0 0 0
  81 O    1     2.7998     5.2908   51 O    0 0 0

  82 O    1     1.9902     3.7610  127 TI  -1 0 0
  82 O    1     2.0130     3.8040  109 TI   0 0 0
  82 O    1     2.7465     5.1901   73 O   -1 0 0
  82 O    1     2.7538     5.2040   46 O   -1 0 0
  82 O    1     2.7725     5.2394    4 BA   0 0 0
  82 O    1     2.7784     5.2504   76 O   -1 0 0

  83 O    1     1.9739     3.7301  110 TI   0 0 0
  83 O    1     2.0441     3.8629  128 TI  -1 0 0
  83 O    1     2.7541     5.2044   59 O    0 0 0
  83 O    1     2.7751     5.2443   29 O    0 0 0
  83 O    1     2.7815     5.2563    5 BA   0 0 0
  83 O    1     2.8017     5.2945   56 O    0 0 0

  84 O    1     1.9790     3.7398  111 TI   0 0 0
  84 O    1     2.0106     3.7995  129 TI  -1 0 0
  84 O    1     2.7303     5.1595   30 O    0 0 0
  84 O    1     2.7593     5.2144   57 O    0 0 0
  84 O    1     2.7790     5.2515    3 BA   0 0 0
  84 O    1     2.7841     5.2612   78 O   -1 0 0

  85 O    1     1.9898     3.7601  112 TI   0 0 0
  85 O    1     2.0056     3.7900  130 TI  -1 0 0
  85 O    1     2.7599     5.2154   61 O    0 0 0
  85 O    1     2.7629     5.2212   79 O   -1 0 0
  85 O    1     2.7687     5.2321   49 O   -1 0 0
  85 O    1     2.7840     5.2609    7 BA   0 0 0

  86 O    1     1.9531     3.6908  131 TI  -1 0 0
  86 O    1     1.9931     3.7664  113 TI   0 0 0
  86 O    1     2.7407     5.1791    5 BA   0 0 0
  86 O    1     2.7742     5.2426    8 BA   0 0 0
  86 O    1     2.7787     5.2511   77 O   -1 0 0
  86 O    1     2.8201     5.3292   59 O    0 0 0

  87 O    1     1.9867     3.7544  114 TI   0 0 0
  87 O    1     2.0532     3.8800  132 TI  -1 0 0
  87 O    1     2.7758     5.2456    9 BA   0 0 0
  87 O    1     2.7845     5.2619   60 O    0 0 0
  87 O    1     2.7869     5.2664    6 BA   0 0 0
  87 O    1     2.7948     5.2814   63 O    0 0 0

  88 O    1     1.9381     3.6625  115 TI   0 0 0
  88 O    1     2.0297     3.8356  133 TI  -1 0 0
  88 O    1     2.7191     5.1384    7 BA   0 0 0
  88 O    1     2.7596     5.2150   34 O    0 0 0
  88 O    1     2.7797     5.2528    1 BA   0 1 0
  88 O    1     2.7903     5.2729   55 O    0 1 0

  89 O    1     1.9611     3.7059  134 TI  -1 0 0
  89 O    1     2.0226     3.8222  116 TI   0 0 0
  89 O    1     2.7394     5.1766   53 O   -1 0 0
  89 O    1     2.7750     5.2440   80 O   -1 0 0
  89 O    1     2.8004     5.2920   56 O    0 1 0
  89 O    1     2.8073     5.3051   35 O    0 0 0

  90 O    1     1.9884     3.7575  117 TI   0 0 0
  90 O    1     2.0115     3.8011  135 TI  -1 0 0
  90 O    1     2.7357     5.1698   36 O    0 0 0
  90 O    1     2.7652     5.2255   63 O    0 0 0
  90 O    1     2.7838     5.2607    9 BA   0 0 0
  90 O    1     2.7971     5.2858   57 O    0 1 0

  91 O    1     1.9873     3.7555  109 TI   0 0 0
  91 O    1     2.0088     3.7960  118 TI   0 0 0
  91 O    1     2.7393     5.1766   10 BA   0 0 0
  91 O    1     2.7531     5.2025   13 BA   0 0 0
  91 O    1     2.7793     5.2521   64 O    0 0 0
  91 O    1     2.7920     5.2760   28 O    0 0 0

  92 O    1     1.9712     3.7251  110 TI   0 0 0
  92 O    1     1.9844     3.7500  119 TI   0 0 0
  92 O    1     2.7362     5.1707   29 O    0 0 0
  92 O    1     2.7732     5.2406   59 O    0 0 0
  92 O    1     2.7864     5.2656   11 BA   0 0 0
  92 O    1     2.7875     5.2676   68 O    0 0 0

  93 O    1     1.9700     3.7228  111 TI   0 0 0
  93 O    1     2.0186     3.8146  120 TI   0 0 0
  93 O    1     2.7672     5.2293   57 O    0 0 0
  93 O    1     2.7822     5.2577   30 O    0 0 0
  93 O    1     2.7913     5.2749   12 BA   0 0 0
  93 O    1     2.7985     5.2883   39 O    0 0 0

  94 O    1     1.9687     3.7203  121 TI   0 0 0
  94 O    1     2.0250     3.8267  112 TI   0 0 0
  94 O    1     2.7757     5.2454   40 O    0 0 0
  94 O    1     2.7845     5.2620   13 BA   0 0 0
  94 O    1     2.7876     5.2678   16 BA   0 0 0
  94 O    1     2.7937     5.2793   61 O    0 0 0

  95 O    1     1.9875     3.7559  122 TI   0 0 0
  95 O    1     1.9881     3.7569  113 TI   0 0 0
  95 O    1     2.7445     5.1864   17 BA   0 0 0
  95 O    1     2.7619     5.2193   62 O    0 0 0
  95 O    1     2.7773     5.2484   71 O    0 0 0
  95 O    1     2.7972     5.2859   41 O    0 0 0

  96 O    1     1.9453     3.6761  114 TI   0 0 0
  96 O    1     2.0553     3.8840  123 TI   0 0 0
  96 O    1     2.7572     5.2104   60 O    0 0 0
  96 O    1     2.7680     5.2308   42 O    0 0 0
  96 O    1     2.7771     5.2480   18 BA   0 0 0
  96 O    1     2.7926     5.2772   33 O    0 0 0

  97 O    1     1.9640     3.7113  124 TI   0 0 0
  97 O    1     2.0515     3.8767  115 TI   0 0 0
  97 O    1     2.7384     5.1749   10 BA   0 1 0
  97 O    1     2.7500     5.1968   64 O    0 1 0
  97 O    1     2.7707     5.2359   16 BA   0 0 0
  97 O    1     2.7724     5.2390   55 O    0 1 0

  98 O    1     1.9388     3.6639  116 TI   0 0 0
  98 O    1     2.0282     3.8328  125 TI   0 0 0
  98 O    1     2.7369     5.1721   17 BA   0 0 0
  98 O    1     2.7627     5.2207   62 O    0 0 0
  98 O    1     2.7736     5.2413   11 BA   0 1 0
  98 O    1     2.7919     5.2759   56 O    0 1 0

  99 O    1     1.9395     3.6652  117 TI   0 0 0
  99 O    1     2.0538     3.8811  126 TI   0 0 0
  99 O    1     2.7407     5.1792   12 BA   0 1 0
  99 O    1     2.7867     5.2661   63 O    0 0 0
  99 O    1     2.8007     5.2926   36 O    0 0 0
  99 O    1     2.8036     5.2981   18 BA   0 0 0

 100 O    1     1.9560     3.6962  118 TI   0 0 0
 100 O    1     1.9965     3.7729  127 TI   0 0 0
 100 O    1     2.7312     5.1612   37 O    0 0 0
 100 O    1     2.7798     5.2530   67 O    0 0 0
 100 O    1     2.7812     5.2557   22 BA   0 0 0
 100 O    1     2.7991     5.2895   19 BA   0 0 0

 101 O    1     1.9724     3.7273  128 TI   0 0 0
 101 O    1     2.0117     3.8015  119 TI   0 0 0
 101 O    1     2.7415     5.1807   68 O    0 0 0
 101 O    1     2.7906     5.2734   38 O    0 0 0
 101 O    1     2.7965     5.2846   23 BA   0 0 0
 101 O    1     2.8076     5.3056   77 O    0 0 0

 102 O    1     1.9468     3.6790  120 TI   0 0 0
 102 O    1     2.0083     3.7951  129 TI   0 0 0
 102 O    1     2.7835     5.2600   21 BA   0 0 0
 102 O    1     2.7921     5.2763   66 O    0 0 0
 102 O    1     2.7922     5.2765   24 BA   0 0 0
 102 O    1     2.8016     5.2943   75 O    0 0 0

 103 O    1     1.9797     3.7410  121 TI   0 0 0
 103 O    1     1.9913     3.7630  130 TI   0 0 0
 103 O    1     2.7365     5.1712   22 BA   0 0 0
 103 O    1     2.7604     5.2165   67 O    0 0 0
 103 O    1     2.7736     5.2414   25 BA   0 0 0
 103 O    1     2.7843     5.2615   79 O    0 0 0

 104 O    1     2.0099     3.7982  131 TI   0 0 0
 104 O    1     2.0187     3.8148  122 TI   0 0 0
 104 O    1     2.7586     5.2130   71 O    0 0 0
 104 O    1     2.7652     5.2255   26 BA   0 0 0
 104 O    1     2.7746     5.2432   50 O    0 0 0
 104 O    1     2.7930     5.2779   41 O    0 0 0

 105 O    1     1.9415     3.6689  123 TI   0 0 0
 105 O    1     1.9614     3.7065  132 TI   0 0 0
 105 O    1     2.7506     5.1980   51 O    0 0 0
 105 O    1     2.7739     5.2420   69 O    0 0 0
 105 O    1     2.7803     5.2541   42 O    0 0 0
 105 O    1     2.7870     5.2667   27 BA   0 0 0

 106 O    1     1.9522     3.6891  133 TI   0 0 0
 106 O    1     2.0358     3.8472  124 TI   0 0 0
 106 O    1     2.7402     5.1783   19 BA   0 1 0
 106 O    1     2.7805     5.2544   52 O    0 0 0
 106 O    1     2.7896     5.2716   73 O    0 1 0
 106 O    1     2.8057     5.3020   25 BA   0 0 0

 107 O    1     1.9495     3.6840  125 TI   0 0 0
 107 O    1     2.0443     3.8632  134 TI   0 0 0
 107 O    1     2.7511     5.1988   44 O    0 0 0
 107 O    1     2.7775     5.2487   26 BA   0 0 0
 107 O    1     2.7870     5.2666   65 O    0 1 0
 107 O    1     2.7945     5.2808   20 BA   0 1 0

 108 O    1     1.9633     3.7100  135 TI   0 0 0
 108 O    1     1.9978     3.7752  126 TI   0 0 0
 108 O    1     2.7391     5.1762   54 O    0 0 0
 108 O    1     2.7742     5.2425   81 O    0 0 0
 108 O    1     2.7805     5.2544   27 BA   0 0 0
 108 O    1     2.7906     5.2735   72 O    0 0 0

 109 TI   1     1.8499     3.4959   28 O    0 0 0
 109 TI   1     1.9873     3.7555   91 O    0 0 0
 109 TI   1     2.0072     3.7930   58 O    0 0 0
 109 TI   1     2.0130     3.8040   82 O    0 0 0
 109 TI   1     2.0164     3.8105   55 O    0 0 0
 109 TI   1     2.2524     4.2565   30 O    0 0-1

 110 TI   1     1.7391     3.2864   29 O    0 0 0
 110 TI   1     1.9468     3.6789   59 O    0 0 0
 110 TI   1     1.9712     3.7251   92 O    0 0 0
 110 TI   1     1.9739     3.7301   83 O    0 0 0
 110 TI   1     2.0286     3.8334   56 O    0 0 0
 110 TI   1     2.3170     4.3785   28 O    0 0 0

 111 TI   1     1.8349     3.4675   30 O    0 0 0
 111 TI   1     1.9314     3.6498   57 O    0 0 0
 111 TI   1     1.9700     3.7228   93 O    0 0 0
 111 TI   1     1.9790     3.7398   84 O    0 0 0
 111 TI   1     2.0344     3.8444   60 O    0 0 0
 111 TI   1     2.2830     4.3143   29 O    0 0 0

 112 TI   1     1.7863     3.3756   31 O    0 0 0
 112 TI   1     1.9334     3.6536   61 O    0 0 0
 112 TI   1     1.9898     3.7601   85 O    0 0 0
 112 TI   1     2.0077     3.7939   58 O    0 0 0
 112 TI   1     2.0250     3.8267   94 O    0 0 0
 112 TI   1     2.2711     4.2917   33 O    0 0-1

 113 TI   1     1.8850     3.5621   32 O    0 0 0
 113 TI   1     1.9881     3.7569   95 O    0 0 0
 113 TI   1     1.9931     3.7664   86 O    0 0 0
 113 TI   1     2.0003     3.7801   62 O    0 0 0
 113 TI   1     2.0082     3.7950   59 O    0 0 0
 113 TI   1     2.2346     4.2228   31 O    0 0 0

 114 TI   1     1.8458     3.4880   33 O    0 0 0
 114 TI   1     1.9287     3.6447   60 O    0 0 0
 114 TI   1     1.9453     3.6761   96 O    0 0 0
 114 TI   1     1.9867     3.7544   87 O    0 0 0
 114 TI   1     2.0521     3.8779   63 O    0 0 0
 114 TI   1     2.2539     4.2593   32 O    0 0 0

 115 TI   1     1.7709     3.3466   34 O    0 0 0
 115 TI   1     1.9381     3.6625   88 O    0 0 0
 115 TI   1     1.9410     3.6679   55 O    0 1 0
 115 TI   1     2.0454     3.8652   61 O    0 0 0
 115 TI   1     2.0515     3.8767   97 O    0 0 0
 115 TI   1     2.3137     4.3723   36 O    0 0-1

 116 TI   1     1.8638     3.5222   35 O    0 0 0
 116 TI   1     1.9388     3.6639   98 O    0 0 0
 116 TI   1     1.9641     3.7117   56 O    0 1 0
 116 TI   1     1.9930     3.7662   62 O    0 0 0
 116 TI   1     2.0226     3.8222   89 O    0 0 0
 116 TI   1     2.2873     4.3224   34 O    0 0 0

 117 TI   1     1.7680     3.3410   36 O    0 0 0
 117 TI   1     1.9395     3.6652   99 O    0 0 0
 117 TI   1     1.9647     3.7128   63 O    0 0 0
 117 TI   1     1.9884     3.7575   90 O    0 0 0
 117 TI   1     2.0419     3.8586   57 O    0 1 0
 117 TI   1     2.2735     4.2963   35 O    0 0 0

 118 TI   1     1.7812     3.3660   37 O    0 0 0
 118 TI   1     1.9560     3.6962  100 O    0 0 0
 118 TI   1     1.9853     3.7517   67 O    0 0 0
 118 TI   1     2.0088     3.7960   91 O    0 0 0
 118 TI   1     2.0267     3.8299   64 O    0 0 0
 118 TI   1     2.2607     4.2720   39 O    0 0-1

 119 TI   1     1.8086     3.4177   38 O    0 0 0
 119 TI   1     1.9279     3.6431   68 O    0 0 0
 119 TI   1     1.9844     3.7500   92 O    0 0 0
 119 TI   1     2.0117     3.8015  101 O    0 0 0
 119 TI   1     2.0237     3.8242   65 O    0 0 0
 119 TI   1     2.3111     4.3673   37 O    0 0 0

 120 TI   1     1.8303     3.4587   39 O    0 0 0
 120 TI   1     1.9468     3.6790  102 O    0 0 0
 120 TI   1     1.9569     3.6980   66 O    0 0 0
 120 TI   1     2.0186     3.8146   93 O    0 0 0
 120 TI   1     2.0566     3.8863   69 O    0 0 0
 120 TI   1     2.2876     4.3229   38 O    0 0 0

 121 TI   1     1.7725     3.3496   40 O    0 0 0
 121 TI   1     1.9687     3.7203   94 O    0 0 0
 121 TI   1     1.9770     3.7360   70 O    0 0 0
 121 TI   1     1.9797     3.7410  103 O    0 0 0
 121 TI   1     2.0061     3.7911   67 O    0 0 0
 121 TI   1     2.3114     4.3679   42 O    0 0-1

 122 TI   1     1.7959     3.3938   41 O    0 0 0
 122 TI   1     1.9206     3.6295   71 O    0 0 0
 122 TI   1     1.9875     3.7559   95 O    0 0 0
 122 TI   1     2.0187     3.8148  104 O    0 0 0
 122 TI   1     2.0650     3.9023   68 O    0 0 0
 122 TI   1     2.2996     4.3456   40 O    0 0 0

 123 TI   1     1.8067     3.4142   42 O    0 0 0
 123 TI   1     1.9415     3.6689  105 O    0 0 0
 123 TI   1     1.9510     3.6869   69 O    0 0 0
 123 TI   1     2.0086     3.7958   72 O    0 0 0
 123 TI   1     2.0553     3.8840   96 O    0 0 0
 123 TI   1     2.2924     4.3321   41 O    0 0 0

 124 TI   1     1.7730     3.3506   43 O    0 0 0
 124 TI   1     1.9640     3.7113   97 O    0 0 0
 124 TI   1     1.9675     3.7180   70 O    0 0 0
 124 TI   1     2.0023     3.7838   64 O    0 1 0
 124 TI   1     2.0358     3.8472  106 O    0 0 0
 124 TI   1     2.3425     4.4266   45 O    0 0-1

 125 TI   1     1.7815     3.3666   44 O    0 0 0
 125 TI   1     1.9480     3.6811   65 O    0 1 0
 125 TI   1     1.9495     3.6840  107 O    0 0 0
 125 TI   1     2.0282     3.8328   98 O    0 0 0
 125 TI   1     2.0611     3.8949   71 O    0 0 0
 125 TI   1     2.2807     4.3099   43 O    0 0 0

 126 TI   1     1.7591     3.3241   45 O    0 0 0
 126 TI   1     1.9750     3.7322   72 O    0 0 0
 126 TI   1     1.9978     3.7752  108 O    0 0 0
 126 TI   1     2.0124     3.8029   66 O    0 1 0
 126 TI   1     2.0538     3.8811   99 O    0 0 0
 126 TI   1     2.3409     4.4237   44 O    0 0 0

 127 TI   1     1.7779     3.3597   46 O    0 0 0
 127 TI   1     1.9441     3.6738   76 O    0 0 0
 127 TI   1     1.9902     3.7610   82 O    1 0 0
 127 TI   1     1.9965     3.7729  100 O    0 0 0
 127 TI   1     1.9982     3.7760   73 O    0 0 0
 127 TI   1     2.2624     4.2753   48 O    0 0-1

 128 TI   1     1.8179     3.4354   47 O    0 0 0
 128 TI   1     1.9724     3.7273  101 O    0 0 0
 128 TI   1     1.9904     3.7613   77 O    0 0 0
 128 TI   1     2.0072     3.7931   74 O    0 0 0
 128 TI   1     2.0441     3.8629   83 O    1 0 0
 128 TI   1     2.2959     4.3386   46 O    0 0 0

 129 TI   1     1.8582     3.5114   48 O    0 0 0
 129 TI   1     1.9219     3.6318   75 O    0 0 0
 129 TI   1     1.9988     3.7772   78 O    0 0 0
 129 TI   1     2.0083     3.7951  102 O    0 0 0
 129 TI   1     2.0106     3.7995   84 O    1 0 0
 129 TI   1     2.2679     4.2857   47 O    0 0 0

 130 TI   1     1.8633     3.5210   49 O    0 0 0
 130 TI   1     1.9696     3.7220   79 O    0 0 0
 130 TI   1     1.9882     3.7571   76 O    0 0 0
 130 TI   1     1.9913     3.7630  103 O    0 0 0
 130 TI   1     2.0056     3.7900   85 O    1 0 0
 130 TI   1     2.2686     4.2870   51 O    0 0-1

 131 TI   1     1.7999     3.4014   50 O    0 0 0
 131 TI   1     1.9531     3.6908   86 O    1 0 0
 131 TI   1     1.9652     3.7136   77 O    0 0 0
 131 TI   1     2.0099     3.7982  104 O    0 0 0
 131 TI   1     2.0231     3.8231   80 O    0 0 0
 131 TI   1     2.2665     4.2831   49 O    0 0 0

 132 TI   1     1.8064     3.4137   51 O    0 0 0
 132 TI   1     1.9614     3.7065  105 O    0 0 0
 132 TI   1     1.9943     3.7686   81 O    0 0 0
 132 TI   1     2.0374     3.8502   78 O    0 0 0
 132 TI   1     2.0532     3.8800   87 O    1 0 0
 132 TI   1     2.2725     4.2945   50 O    0 0 0

 133 TI   1     1.8038     3.4087   52 O    0 0 0
 133 TI   1     1.9522     3.6891  106 O    0 0 0
 133 TI   1     1.9802     3.7421   73 O    0 1 0
 133 TI   1     2.0297     3.8356   88 O    1 0 0
 133 TI   1     2.0625     3.8975   79 O    0 0 0
 133 TI   1     2.3288     4.4009   54 O    0 0-1

 134 TI   1     1.8014     3.4042   53 O    0 0 0
 134 TI   1     1.9611     3.7059   89 O    1 0 0
 134 TI   1     1.9701     3.7229   80 O    0 0 0
 134 TI   1     1.9840     3.7492   74 O    0 1 0
 134 TI   1     2.0443     3.8632  107 O    0 0 0
 134 TI   1     2.2405     4.2340   52 O    0 0 0

 135 TI   1     1.8280     3.4545   54 O    0 0 0
 135 TI   1     1.9633     3.7100  108 O    0 0 0
 135 TI   1     1.9740     3.7303   81 O    0 0 0
 135 TI   1     2.0115     3.8011   90 O    1 0 0
 135 TI   1     2.0205     3.8182   75 O    0 1 0
 135 TI   1     2.2751     4.2993   53 O    0 0 0


 SYMMETRY ALLOWED INTERNAL DEGREE(S) OF FREEDOM: 402
 TTTTTTTTTTTTTTTTTTTTTTTTTTTTTT SYMM        TELAPSE        4.03 TCPU        3.76
 TTTTTTTTTTTTTTTTTTTTTTTTTTTTTT INT_SCREEN  TELAPSE        4.16 TCPU        3.90

 DFT PARAMETERS

     ATOM       ELECTRONS   NET CHARGE   R(ANGSTROM)
   1 256  BA     10.0000      0.0000     2.24000000
  28   8  O       8.0000      0.0000     0.74000000
 109  22  TI     22.0000      0.0000     1.47000000

 SIZE OF GRID=    2837929
 TTTTTTTTTTTTTTTTTTTTTTTTTTTTTT MAKE_GRID2  TELAPSE       47.44 TCPU       47.18
 BECKE WEIGHT FUNCTION
 RADSAFE =     2.00
 TOLERANCES - DENSITY:10**- 6; POTENTIAL:10**- 9; GRID WGT:10**-14

 RADIAL INTEGRATION  - INTERVALS (POINTS,UPPER LIMIT):            1( 75,  4.0*R)

 ANGULAR INTEGRATION - INTERVALS (ACCURACY LEVEL [N. POINTS] UPPER LIMIT):
  1(  4[  86]   0.2)  2(  8[ 194]   0.5)  3( 12[ 350]   0.9)  4( 16[ 974]   3.5)
  5( 12[ 350]9999.0)
 TTTTTTTTTTTTTTTTTTTTTTTTTTTTTT INT_CALC    TELAPSE       47.59 TCPU       47.32
 EEEEEEEEEE INT_CALC TERMINATION  DATE 25 03 2026 TIME 17:20:36.2

 *******************************************************************************
 converted and standardized from ase Atoms() object for Ba27Ti27O81 in space grou
 CRYSTAL - SCF - TYPE OF CALCULATION :  RESTRICTED CLOSED SHELL
 *******************************************************************************

 CAPPA:IS1  2;IS2  2;IS3  2; K PTS MONK NET   8; SYMMOPS:K SPACE   2;G SPACE   1

 TTTTTTTTTTTTTTTTTTTTTTTTTTTTTT SDIK        TELAPSE       50.01 TCPU       49.74

 AAAAAAAAAAAAAAAAAAAAAAAAAAAAAAAAAAAAAAAAAAAAAAAAAAAAAAAAAAAAAAAAAAAAAAAAAAAAAAA
         ATOMIC WAVEFUNCTION(S)


 NUCLEAR CHARGE 10.0  SYMMETRY SPECIES            S    P
 N. ELECTRONS   10.0  NUMBER OF PRIMITIVE GTOS    5    5
                      NUMBER OF CONTRACTED GTOS   3    2
                      NUMBER OF CLOSED SHELLS     2    1
                      OPEN SHELL OCCUPATION       0    0

  ZNUC  SCFIT    TOTAL HF ENERGY   KINETIC ENERGY   VIRIAL THEOREM             ACCURACY
  10.0     4    -2.474305552E+01  8.075374960E+00 -4.064013205E+00  1.0E-06

 NUCLEAR CHARGE  8.0  SYMMETRY SPECIES            S    P
 N. ELECTRONS    8.0  NUMBER OF PRIMITIVE GTOS   10    6
                      NUMBER OF CONTRACTED GTOS   4    3
                      NUMBER OF CLOSED SHELLS     2    0
                      OPEN SHELL OCCUPATION       0    4

  ZNUC  SCFIT    TOTAL HF ENERGY   KINETIC ENERGY   VIRIAL THEOREM             ACCURACY
   8.0    13    -7.480154908E+01  7.478929754E+01 -2.000163814E+00  2.2E-06

 NUCLEAR CHARGE 22.0  SYMMETRY SPECIES            S    P    D
 N. ELECTRONS   22.0  NUMBER OF PRIMITIVE GTOS   17   11    6
                      NUMBER OF CONTRACTED GTOS   6    4    3
                      NUMBER OF CLOSED SHELLS     4    2    0
                      OPEN SHELL OCCUPATION       0    0    2

  ZNUC  SCFIT    TOTAL HF ENERGY   KINETIC ENERGY   VIRIAL THEOREM             ACCURACY
  22.0    51    -8.483283897E+02  8.486954851E+02 -1.999567459E+00  4.0E-06

 AAAAAAAAAAAAAAAAAAAAAAAAAAAAAAAAAAAAAAAAAAAAAAAAAAAAAAAAAAAAAAAAAAAAAAAAAAAAAAA

 CHARGE NORMALIZATION FACTOR   1.00000000
 TOTAL ATOMIC CHARGES:
  10.0000000  10.0000000  10.0000000  10.0000000  10.0000000  10.0000000
  10.0000000  10.0000000  10.0000000  10.0000000  10.0000000  10.0000000
  10.0000000  10.0000000  10.0000000  10.0000000  10.0000000  10.0000000
  10.0000000  10.0000000  10.0000000  10.0000000  10.0000000  10.0000000
  10.0000000  10.0000000  10.0000000   8.0000000   8.0000000   8.0000000
   8.0000000   8.0000000   8.0000000   8.0000000   8.0000000   8.0000000
   8.0000000   8.0000000   8.0000000   8.0000000   8.0000000   8.0000000
   8.0000000   8.0000000   8.0000000   8.0000000   8.0000000   8.0000000
   8.0000000   8.0000000   8.0000000   8.0000000   8.0000000   8.0000000
   8.0000000   8.0000000   8.0000000   8.0000000   8.0000000   8.0000000
   8.0000000   8.0000000   8.0000000   8.0000000   8.0000000   8.0000000
   8.0000000   8.0000000   8.0000000   8.0000000   8.0000000   8.0000000
   8.0000000   8.0000000   8.0000000   8.0000000   8.0000000   8.0000000
   8.0000000   8.0000000   8.0000000   8.0000000   8.0000000   8.0000000
   8.0000000   8.0000000   8.0000000   8.0000000   8.0000000   8.0000000
   8.0000000   8.0000000   8.0000000   8.0000000   8.0000000   8.0000000
   8.0000000   8.0000000   8.0000000   8.0000000   8.0000000   8.0000000
   8.0000000   8.0000000   8.0000000   8.0000000   8.0000000   8.0000000
  22.0000000  22.0000000  22.0000000  22.0000000  22.0000000  22.0000000
  22.0000000  22.0000000  22.0000000  22.0000000  22.0000000  22.0000000
  22.0000000  22.0000000  22.0000000  22.0000000  22.0000000  22.0000000
  22.0000000  22.0000000  22.0000000  22.0000000  22.0000000  22.0000000
  22.0000000  22.0000000  22.0000000
 TTTTTTTTTTTTTTTTTTTTTTTTTTTTTT MOQGAD      TELAPSE       50.12 TCPU       49.85
 TTTTTTTTTTTTTTTTTTTTTTTTTTTTTT SHELLXN     TELAPSE      410.52 TCPU      410.21
 TTTTTTTTTTTTTTTTTTTTTTTTTTTTTT MONMO3      TELAPSE      423.19 TCPU      422.87
 NUMERICALLY INTEGRATED DENSITY   1511.9955730661
 TTTTTTTTTTTTTTTTTTTTTTTTTTTTTT NUMDFT      TELAPSE      441.05 TCPU      440.74
 CYC   0 ETOT(AU) -2.971208737906E+04 DETOT -2.97E+04 tst  0.00E+00 PX  1.00E+00
 TTTTTTTTTTTTTTTTTTTTTTTTTTTTTT DIIS        TELAPSE      441.34 TCPU      441.02
 TTTTTTTTTTTTTTTTTTTTTTTTTTTTTT FDIK        TELAPSE      458.22 TCPU      457.87
 INSULATING STATE
 TOP OF VALENCE BANDS -    BAND    756; K    8; EIG -3.4808051E-01 AU
 TOP OF VALENCE BANDS -    BAND    756; K    1; EIG -3.5309637E-01 AU
 BOTTOM OF VIRTUAL BANDS - BAND    757; K    1; EIG -8.3302813E-02 AU
 INDIRECT ENERGY BAND GAP:   7.2050 eV
 TTTTTTTTTTTTTTTTTTTTTTTTTTTTTT PDIG        TELAPSE      460.92 TCPU      460.58
 CHARGE NORMALIZATION FACTOR   1.00000000
 TOTAL ATOMIC CHARGES:
   8.1664025   8.1615857   8.1651768   8.1686114   8.1644952   8.1638103
   8.1696029   8.1646283   8.1723363   8.1653125   8.1637412   8.1635967
   8.1720740   8.1573952   8.1617970   8.1652611   8.1606035   8.1678253
   8.1635372   8.1595697   8.1631975   8.1635265   8.1572473   8.1631429
   8.1648223   8.1652972   8.1630041   9.4736007   9.4192968   9.4624195
   9.4395148   9.4751682   9.4678705   9.4359785   9.4743890   9.4388258
   9.4436122   9.4538198   9.4616881   9.4363678   9.4486703   9.4613015
   9.4385654   9.4498802   9.4372010   9.4429331   9.4545091   9.4697240
   9.4728097   9.4508028   9.4510552   9.4483009   9.4530012   9.4651474
   9.4753331   9.4777787   9.4751795   9.4823403   9.4736958   9.4769803
   9.4775927   9.4843440   9.4832337   9.4845914   9.4773233   9.4801999
   9.4763821   9.4773507   9.4837007   9.4766366   9.4777433   9.4793677
   9.4768541   9.4798086   9.4744745   9.4718483   9.4742243   9.4867739
   9.4844718   9.4826933   9.4777939   9.4831833   9.4823475   9.4791689
   9.4786711   9.4786036   9.4903653   9.4760012   9.4796277   9.4817489
   9.4822259   9.4739716   9.4797612   9.4814834   9.4793183   9.4836222
   9.4825669   9.4781572   9.4762370   9.4728761   9.4775486   9.4757941
   9.4793087   9.4834592   9.4681929   9.4791283   9.4810814   9.4765534
  19.3958676  19.4818169  19.4220546  19.4437147  19.3705816  19.4420478
  19.4369940  19.4093107  19.4740130  19.4476345  19.4240843  19.3995992
  19.4453991  19.4263921  19.4256300  19.4341225  19.4302659  19.4180019
  19.4540917  19.3990520  19.4082090  19.4014750  19.4328047  19.3932775
  19.4027052  19.4368427  19.4102368
 TTTTTTTTTTTTTTTTTTTTTTTTTTTTTT MOQGAD      TELAPSE      460.99 TCPU      460.64
 TTTTTTTTTTTTTTTTTTTTTTTTTTTTTT SHELLXN     TELAPSE      842.05 TCPU      841.59
 TTTTTTTTTTTTTTTTTTTTTTTTTTTTTT MONMO3      TELAPSE      854.29 TCPU      853.83
 NUMERICALLY INTEGRATED DENSITY   1511.9954630977
 TTTTTTTTTTTTTTTTTTTTTTTTTTTTTT NUMDFT      TELAPSE      872.17 TCPU      871.71
 CYC   1 ETOT(AU) -2.970523530205E+04 DETOT  6.85E+00 tst  0.00E+00 PX  1.00E+00
 TTTTTTTTTTTTTTTTTTTTTTTTTTTTTT DIIS        TELAPSE      876.56 TCPU      876.10
 DIIS TEST: 0.75861E+02 AT SCF   CYCLE   1 - MIX   80 %
 TTTTTTTTTTTTTTTTTTTTTTTTTTTTTT FDIK        TELAPSE      892.86 TCPU      892.35
 INSULATING STATE
 TOP OF VALENCE BANDS -    BAND    756; K    8; EIG -2.5846678E-01 AU
 TOP OF VALENCE BANDS -    BAND    756; K    1; EIG -2.6549834E-01 AU
 BOTTOM OF VIRTUAL BANDS - BAND    757; K    1; EIG -1.0159151E-01 AU
 INDIRECT ENERGY BAND GAP:   4.2688 eV
 TTTTTTTTTTTTTTTTTTTTTTTTTTTTTT PDIG        TELAPSE      895.55 TCPU      895.04
 CHARGE NORMALIZATION FACTOR   1.00000000
 TOTAL ATOMIC CHARGES:
   8.2540146   8.2511923   8.2533645   8.2566138   8.2535758   8.2538114
   8.2553628   8.2532466   8.2571225   8.2524210   8.2525255   8.2517190
   8.2564145   8.2504276   8.2517667   8.2510445   8.2494598   8.2559913
   8.2529751   8.2502700   8.2518745   8.2529077   8.2501241   8.2528796
   8.2518782   8.2530624   8.2515902   9.2020176   9.1672624   9.2011949
   9.1916194   9.1988837   9.2044931   9.1735790   9.1998503   9.1862705
   9.1831862   9.1849771   9.1908649   9.1808996   9.1810043   9.1804424
   9.1751365   9.1731512   9.1581419   9.1766742   9.1948641   9.2055668
   9.2049879   9.1912505   9.1852751   9.1821852   9.1914374   9.1997463
   9.2305850   9.2344208   9.2342791   9.2380109   9.2340840   9.2354855
   9.2329538   9.2347406   9.2337036   9.2371148   9.2330937   9.2342618
   9.2374783   9.2327698   9.2305514   9.2321498   9.2300799   9.2358673
   9.2326785   9.2338022   9.2344946   9.2373319   9.2316308   9.2359965
   9.2328525   9.2338324   9.2317132   9.2333614   9.2344465   9.2345414
   9.2335231   9.2334377   9.2366495   9.2369553   9.2334183   9.2373215
   9.2365275   9.2378458   9.2330685   9.2305955   9.2346931   9.2333959
   9.2363256   9.2370588   9.2329272   9.2375858   9.2301228   9.2321895
   9.2395669   9.2377838   9.2342923   9.2340200   9.2334857   9.2325037
  20.0940030  20.1080070  20.0891942  20.0875298  20.0671809  20.0976932
  20.0967710  20.0908862  20.1125305  20.1049620  20.0935378  20.0731782
  20.0906677  20.1025880  20.0910445  20.1008907  20.0932572  20.0945219
  20.0916817  20.0839133  20.0835714  20.0882081  20.0802467  20.0735578
  20.0936267  20.0874205  20.0831259
 TTTTTTTTTTTTTTTTTTTTTTTTTTTTTT MOQGAD      TELAPSE      895.61 TCPU      895.10
 TTTTTTTTTTTTTTTTTTTTTTTTTTTTTT SHELLXN     TELAPSE     1275.32 TCPU     1274.71
 TTTTTTTTTTTTTTTTTTTTTTTTTTTTTT MONMO3      TELAPSE     1287.90 TCPU     1287.29
 NUMERICALLY INTEGRATED DENSITY   1511.9946921970
 TTTTTTTTTTTTTTTTTTTTTTTTTTTTTT NUMDFT      TELAPSE     1305.68 TCPU     1305.07
 CYC   2 ETOT(AU) -2.971622756078E+04 DETOT -1.10E+01 tst  3.94E-03 PX  6.94E-02
 TTTTTTTTTTTTTTTTTTTTTTTTTTTTTT DIIS        TELAPSE     1309.94 TCPU     1309.33
 DIIS TEST: 0.14238E+02 AT SCF   CYCLE   2 - DIIS ACTIVE - HISTORY:     2 CYCLES
 TTTTTTTTTTTTTTTTTTTTTTTTTTTTTT FDIK        TELAPSE     1326.25 TCPU     1325.61
 INSULATING STATE
 TOP OF VALENCE BANDS -    BAND    756; K    8; EIG -1.4970967E-01 AU
 TOP OF VALENCE BANDS -    BAND    756; K    1; EIG -1.5626330E-01 AU
 BOTTOM OF VIRTUAL BANDS - BAND    757; K    1; EIG -2.1007416E-02 AU
 INDIRECT ENERGY BAND GAP:   3.5022 eV
 TTTTTTTTTTTTTTTTTTTTTTTTTTTTTT PDIG        TELAPSE     1328.96 TCPU     1328.32
 CHARGE NORMALIZATION FACTOR   1.00000000
 TOTAL ATOMIC CHARGES:
   8.3390366   8.3401017   8.3413898   8.3378415   8.3396663   8.3418543
   8.3377710   8.3400629   8.3325352   8.3382459   8.3425126   8.3395182
   8.3322513   8.3466447   8.3412141   8.3356944   8.3396696   8.3397893
   8.3415600   8.3429892   8.3401827   8.3406118   8.3450703   8.3415357
   8.3386905   8.3384710   8.3417379   9.0611122   9.0557350   9.0542369
   9.0503074   9.0503439   9.0513592   9.0504859   9.0598655   9.0621434
   9.0534899   9.0617603   9.0496099   9.0436428   9.0661838   9.0524039
   9.0516598   9.0570873   9.0606279   9.0419130   9.0629049   9.0534623
   9.0522753   9.0520687   9.0556219   9.0621938   9.0511569   9.0581907
   9.0458778   9.0355178   9.0395766   9.0367942   9.0369618   9.0399816
   9.0400701   9.0393405   9.0319735   9.0350493   9.0396408   9.0473524
   9.0449204   9.0347075   9.0283312   9.0468814   9.0481592   9.0437079
   9.0410818   9.0281629   9.0475873   9.0435716   9.0343199   9.0218262
   9.0364581   9.0279874   9.0507000   9.0292562   9.0297869   9.0351272
   9.0326961   9.0455346   9.0161682   9.0539926   9.0270264   9.0324475
   9.0438862   9.0413198   9.0333378   9.0326266   9.0426022   9.0309895
   9.0437614   9.0471701   9.0449614   9.0443468   9.0415962   9.0371494
   9.0459685   9.0307869   9.0540911   9.0528880   9.0380729   9.0432182
  20.5586361  20.4932357  20.5509800  20.5295316  20.5801099  20.4937425
  20.5241805  20.5179270  20.4896873  20.5219119  20.5133654  20.5307335
  20.5096773  20.5068800  20.5083883  20.5118800  20.4902181  20.5062673
  20.5123020  20.5604932  20.5460772  20.5618564  20.5189867  20.5680856
  20.5484611  20.5263241  20.5642221
 TTTTTTTTTTTTTTTTTTTTTTTTTTTTTT MOQGAD      TELAPSE     1329.02 TCPU     1328.38
 TTTTTTTTTTTTTTTTTTTTTTTTTTTTTT SHELLXN     TELAPSE     1708.36 TCPU     1707.61
 TTTTTTTTTTTTTTTTTTTTTTTTTTTTTT MONMO3      TELAPSE     1721.08 TCPU     1720.32
 NUMERICALLY INTEGRATED DENSITY   1511.9941967315
 TTTTTTTTTTTTTTTTTTTTTTTTTTTTTT NUMDFT      TELAPSE     1738.68 TCPU     1737.92
 CYC   3 ETOT(AU) -2.971860967304E+04 DETOT -2.38E+00 tst  2.34E-03 PX  6.03E-02
 TTTTTTTTTTTTTTTTTTTTTTTTTTTTTT DIIS        TELAPSE     1743.20 TCPU     1742.44
 DIIS TEST: 0.20593E+00 AT SCF   CYCLE   3 - DIIS ACTIVE - HISTORY:     3 CYCLES
 TTTTTTTTTTTTTTTTTTTTTTTTTTTTTT FDIK        TELAPSE     1759.62 TCPU     1758.82
 INSULATING STATE
 TOP OF VALENCE BANDS -    BAND    756; K    8; EIG -1.5269000E-01 AU
 TOP OF VALENCE BANDS -    BAND    756; K    1; EIG -1.6134992E-01 AU
 BOTTOM OF VIRTUAL BANDS - BAND    757; K    1; EIG -5.5930504E-03 AU
 INDIRECT ENERGY BAND GAP:   4.0027 eV
 TTTTTTTTTTTTTTTTTTTTTTTTTTTTTT PDIG        TELAPSE     1762.21 TCPU     1761.41
 CHARGE NORMALIZATION FACTOR   1.00000000
 TOTAL ATOMIC CHARGES:
   8.3426475   8.3427253   8.3428781   8.3444481   8.3428192   8.3439295
   8.3417598   8.3427329   8.3401662   8.3414515   8.3443081   8.3421394
   8.3395314   8.3472956   8.3436868   8.3387735   8.3405445   8.3462863
   8.3440046   8.3435755   8.3419268   8.3435554   8.3458749   8.3435245
   8.3403029   8.3414331   8.3428897   9.0071868   8.9951875   9.0399006
   9.0421455   9.0164165   9.0184804   8.9948906   8.9950325   9.0104000
   9.0064222   8.9740621   9.0081905   9.0284287   8.9688557   8.9540383
   8.9961873   8.9456329   8.9222912   8.9881664   9.0255661   9.0389522
   9.0281292   9.0201909   9.0132484   8.9938982   9.0187128   9.0271411
   9.0918433   9.1003265   9.1037791   9.1099003   9.1099726   9.1031948
   9.0963774   9.0922686   9.0879108   9.0905278   9.0930028   9.0892601
   9.1077396   9.0956849   9.0810693   9.0854545   9.0753278   9.0952463
   9.0973607   9.1004390   9.1066502   9.1256829   9.1051146   9.1034623
   9.0833318   9.0955463   9.0931944   9.0934786   9.0920703   9.1042523
   9.1038310   9.1000507   9.0980816   9.1052844   9.1005568   9.1103158
   9.0973592   9.1173158   9.0972817   9.0850252   9.1003697   9.0867350
   9.0914064   9.1019947   9.0901957   9.1156328   9.0846989   9.0993058
   9.1088949   9.1015806   9.1107382   9.0858674   9.0822997   9.0897308
  20.4831576  20.4737547  20.4190631  20.4189408  20.3901726  20.4964674
  20.4651438  20.4895273  20.4976307  20.4752857  20.4874527  20.4277682
  20.4298006  20.5370056  20.4898694  20.4806629  20.5099679  20.5273255
  20.4432283  20.4320714  20.4359178  20.4402091  20.4252568  20.4044703
  20.4833758  20.4206432  20.4088423
 TTTTTTTTTTTTTTTTTTTTTTTTTTTTTT MOQGAD      TELAPSE     1762.27 TCPU     1761.47
 TTTTTTTTTTTTTTTTTTTTTTTTTTTTTT SHELLXN     TELAPSE     2142.94 TCPU     2142.04
 TTTTTTTTTTTTTTTTTTTTTTTTTTTTTT MONMO3      TELAPSE     2155.68 TCPU     2154.78
 NUMERICALLY INTEGRATED DENSITY   1511.9941105554
 TTTTTTTTTTTTTTTTTTTTTTTTTTTTTT NUMDFT      TELAPSE     2173.32 TCPU     2172.42
 CYC   4 ETOT(AU) -2.971858441707E+04 DETOT  2.53E-02 tst  9.36E-05 PX  3.20E-02
 TTTTTTTTTTTTTTTTTTTTTTTTTTTTTT DIIS        TELAPSE     2178.04 TCPU     2177.13
 DIIS TEST: 0.38949E+00 AT SCF   CYCLE   4 - DIIS ACTIVE - HISTORY:     4 CYCLES
 TTTTTTTTTTTTTTTTTTTTTTTTTTTTTT FDIK        TELAPSE     2194.79 TCPU     2193.86
 INSULATING STATE
 TOP OF VALENCE BANDS -    BAND    756; K    8; EIG -1.4579401E-01 AU
 TOP OF VALENCE BANDS -    BAND    756; K    1; EIG -1.5309678E-01 AU
 BOTTOM OF VIRTUAL BANDS - BAND    757; K    1; EIG -6.4742602E-03 AU
 INDIRECT ENERGY BAND GAP:   3.7911 eV
 TTTTTTTTTTTTTTTTTTTTTTTTTTTTTT PDIG        TELAPSE     2197.37 TCPU     2196.44
 CHARGE NORMALIZATION FACTOR   1.00000000
 TOTAL ATOMIC CHARGES:
   8.3395997   8.3401087   8.3408976   8.3417999   8.3406946   8.3426103
   8.3392698   8.3407430   8.3376048   8.3384552   8.3404482   8.3386560
   8.3366403   8.3438878   8.3408924   8.3359724   8.3376167   8.3416657
   8.3413026   8.3409440   8.3398977   8.3412400   8.3427597   8.3415305
   8.3383434   8.3386843   8.3403875   9.0463270   9.0473606   9.0457417
   9.0524061   9.0271025   9.0554939   9.0337690   9.0462963   9.0573801
   9.0391246   9.0515377   9.0323740   9.0295510   9.0540677   9.0352800
   9.0289315   9.0373447   9.0325902   9.0340421   9.0515847   9.0459595
   9.0433614   9.0489613   9.0367232   9.0437021   9.0447275   9.0441021
   9.0733288   9.0714522   9.0738622   9.0734045   9.0749466   9.0770647
   9.0729079   9.0684399   9.0669601   9.0696118   9.0744174   9.0760368
   9.0798981   9.0693480   9.0602013   9.0774210   9.0756987   9.0776779
   9.0726317   9.0657576   9.0799198   9.0833913   9.0693338   9.0589291
   9.0673158   9.0647130   9.0746282   9.0643858   9.0665311   9.0690262
   9.0685973   9.0752098   9.0561479   9.0842393   9.0656248   9.0693235
   9.0757457   9.0808412   9.0666037   9.0632221   9.0728241   9.0662929
   9.0736976   9.0791551   9.0761869   9.0843204   9.0683147   9.0725130
   9.0812324   9.0701409   9.0884582   9.0793139   9.0728604   9.0762556
  20.4982984  20.4423421  20.4939085  20.4652948  20.5094838  20.4536907
  20.4697769  20.4719314  20.4530983  20.4742503  20.4585745  20.4778791
  20.4697926  20.4525616  20.4536548  20.4832315  20.4406914  20.4500287
  20.4466254  20.4992533  20.4860029  20.5001893  20.4534783  20.4945976
  20.4900927  20.4719992  20.4944144
 TTTTTTTTTTTTTTTTTTTTTTTTTTTTTT MOQGAD      TELAPSE     2197.43 TCPU     2196.51
 TTTTTTTTTTTTTTTTTTTTTTTTTTTTTT SHELLXN     TELAPSE     2579.11 TCPU     2578.12
 TTTTTTTTTTTTTTTTTTTTTTTTTTTTTT MONMO3      TELAPSE     2591.28 TCPU     2590.28
 NUMERICALLY INTEGRATED DENSITY   1511.9941225916
 TTTTTTTTTTTTTTTTTTTTTTTTTTTTTT NUMDFT      TELAPSE     2609.10 TCPU     2608.10
 CYC   5 ETOT(AU) -2.971864047669E+04 DETOT -5.61E-02 tst  2.05E-05 PX  1.76E-02
 TTTTTTTTTTTTTTTTTTTTTTTTTTTTTT DIIS        TELAPSE     2613.87 TCPU     2612.87
 DIIS TEST: 0.31427E-01 AT SCF   CYCLE   5 - DIIS ACTIVE - HISTORY:     5 CYCLES
 TTTTTTTTTTTTTTTTTTTTTTTTTTTTTT FDIK        TELAPSE     2630.32 TCPU     2629.32
 INSULATING STATE
 TOP OF VALENCE BANDS -    BAND    756; K    8; EIG -1.4510974E-01 AU
 TOP OF VALENCE BANDS -    BAND    756; K    1; EIG -1.5266048E-01 AU
 BOTTOM OF VIRTUAL BANDS - BAND    757; K    1; EIG -8.2709606E-03 AU
 INDIRECT ENERGY BAND GAP:   3.7236 eV
 TTTTTTTTTTTTTTTTTTTTTTTTTTTTTT PDIG        TELAPSE     2633.00 TCPU     2631.99
 CHARGE NORMALIZATION FACTOR   1.00000000
 TOTAL ATOMIC CHARGES:
   8.3379284   8.3384733   8.3389361   8.3392255   8.3386500   8.3402098
   8.3371526   8.3387390   8.3349793   8.3367208   8.3397497   8.3374686
   8.3340982   8.3429828   8.3392834   8.3342087   8.3366090   8.3403532
   8.3395000   8.3398536   8.3380756   8.3390885   8.3417993   8.3396211
   8.3363532   8.3372394   8.3389953   9.0453898   9.0331082   9.0549479
   9.0513038   9.0442402   9.0417496   9.0336952   9.0393217   9.0459427
   9.0410583   9.0297564   9.0400204   9.0462494   9.0298643   9.0171236
   9.0386553   9.0172217   9.0085680   9.0236558   9.0523850   9.0541734
   9.0489181   9.0422143   9.0431789   9.0386833   9.0428569   9.0521910
   9.0699562   9.0668760   9.0715357   9.0706931   9.0716293   9.0702769
   9.0677376   9.0665865   9.0605932   9.0644863   9.0657025   9.0697054
   9.0758555   9.0645291   9.0542546   9.0685154   9.0643057   9.0695453
   9.0693009   9.0627919   9.0763055   9.0809451   9.0680698   9.0599875
   9.0611433   9.0609730   9.0731099   9.0604056   9.0603817   9.0685600
   9.0666581   9.0716072   9.0549859   9.0799932   9.0619494   9.0691780
   9.0707520   9.0773158   9.0648728   9.0596493   9.0716003   9.0588885
   9.0692527   9.0753060   9.0687091   9.0780091   9.0651148   9.0675260
   9.0769041   9.0645029   9.0814697   9.0715408   9.0610054   9.0673087
  20.5155520  20.4744032  20.4818732  20.4720291  20.4857541  20.4858684
  20.4845205  20.4943092  20.4793699  20.4893561  20.4931344  20.4718585
  20.4586030  20.5106551  20.4885060  20.4797771  20.4874640  20.5028549
  20.4730633  20.4949411  20.4881316  20.4995466  20.4708865  20.4877308
  20.5108476  20.4707795  20.4865588
 TTTTTTTTTTTTTTTTTTTTTTTTTTTTTT MOQGAD      TELAPSE     2633.06 TCPU     2632.05
 TTTTTTTTTTTTTTTTTTTTTTTTTTTTTT SHELLXN     TELAPSE     3013.43 TCPU     3012.05
 TTTTTTTTTTTTTTTTTTTTTTTTTTTTTT MONMO3      TELAPSE     3026.25 TCPU     3024.87
 NUMERICALLY INTEGRATED DENSITY   1511.9941301918
 TTTTTTTTTTTTTTTTTTTTTTTTTTTTTT NUMDFT      TELAPSE     3043.89 TCPU     3042.51
 CYC   6 ETOT(AU) -2.971864503238E+04 DETOT -4.56E-03 tst  2.25E-06 PX  4.64E-03
 TTTTTTTTTTTTTTTTTTTTTTTTTTTTTT DIIS        TELAPSE     3048.67 TCPU     3047.29
 DIIS TEST: 0.55418E-02 AT SCF   CYCLE   6 - DIIS ACTIVE - HISTORY:     6 CYCLES
 TTTTTTTTTTTTTTTTTTTTTTTTTTTTTT FDIK        TELAPSE     3065.05 TCPU     3063.64
 INSULATING STATE
 TOP OF VALENCE BANDS -    BAND    756; K    8; EIG -1.4523364E-01 AU
 TOP OF VALENCE BANDS -    BAND    756; K    1; EIG -1.5264530E-01 AU
 BOTTOM OF VIRTUAL BANDS - BAND    757; K    1; EIG -8.9429655E-03 AU
 INDIRECT ENERGY BAND GAP:   3.7087 eV
 TTTTTTTTTTTTTTTTTTTTTTTTTTTTTT PDIG        TELAPSE     3067.64 TCPU     3066.23
 CHARGE NORMALIZATION FACTOR   1.00000000
 TOTAL ATOMIC CHARGES:
   8.3377989   8.3382896   8.3390460   8.3388009   8.3384783   8.3401843
   8.3369295   8.3385656   8.3344759   8.3367510   8.3396189   8.3374274
   8.3338265   8.3429855   8.3392579   8.3342389   8.3366114   8.3398690
   8.3395626   8.3397918   8.3380378   8.3391154   8.3417508   8.3395514
   8.3364722   8.3370233   8.3388865   9.0392694   9.0345192   9.0453856
   9.0472764   9.0306677   9.0429195   9.0264533   9.0356216   9.0438337
   9.0328402   9.0329967   9.0295639   9.0308845   9.0337321   9.0175138
   9.0240525   9.0171618   9.0104988   9.0229353   9.0473891   9.0452010
   9.0409724   9.0413505   9.0355596   9.0353713   9.0383810   9.0426628
   9.0679320   9.0665964   9.0695277   9.0707963   9.0709848   9.0706383
   9.0675468   9.0641004   9.0594706   9.0623886   9.0669958   9.0686158
   9.0748896   9.0642634   9.0546624   9.0675609   9.0649313   9.0701652
   9.0680885   9.0620100   9.0753160   9.0810548   9.0666327   9.0587982
   9.0603347   9.0597286   9.0705846   9.0598728   9.0606736   9.0665523
   9.0654276   9.0712207   9.0539505   9.0787353   9.0616554   9.0679316
   9.0701150   9.0768821   9.0631429   9.0579970   9.0693925   9.0591215
   9.0675002   9.0733042   9.0682667   9.0784070   9.0626841   9.0665738
   9.0759741   9.0650071   9.0815754   9.0711658   9.0624121   9.0674308
  20.5209383  20.4725923  20.4984042  20.4791018  20.5081850  20.4826039
  20.4942655  20.4982386  20.4841594  20.4966504  20.4897105  20.4896324
  20.4800468  20.4995390  20.4881867  20.5010455  20.4825978  20.4969719
  20.4721755  20.5068091  20.4978977  20.5096157  20.4714790  20.4998310
  20.5124739  20.4804902  20.5004106
 TTTTTTTTTTTTTTTTTTTTTTTTTTTTTT MOQGAD      TELAPSE     3067.70 TCPU     3066.29
 TTTTTTTTTTTTTTTTTTTTTTTTTTTTTT SHELLXN     TELAPSE     3446.79 TCPU     3445.31
 TTTTTTTTTTTTTTTTTTTTTTTTTTTTTT MONMO3      TELAPSE     3459.74 TCPU     3458.26
 NUMERICALLY INTEGRATED DENSITY   1511.9941306105
 TTTTTTTTTTTTTTTTTTTTTTTTTTTTTT NUMDFT      TELAPSE     3477.27 TCPU     3475.78
 CYC   7 ETOT(AU) -2.971864579282E+04 DETOT -7.60E-04 tst  4.48E-07 PX  1.96E-03
 TTTTTTTTTTTTTTTTTTTTTTTTTTTTTT DIIS        TELAPSE     3482.16 TCPU     3480.68
 DIIS TEST: 0.63808E-03 AT SCF   CYCLE   7 - DIIS ACTIVE - HISTORY:     7 CYCLES
 TTTTTTTTTTTTTTTTTTTTTTTTTTTTTT FDIK        TELAPSE     3498.52 TCPU     3497.03
 INSULATING STATE
 TOP OF VALENCE BANDS -    BAND    756; K    8; EIG -1.4467575E-01 AU
 TOP OF VALENCE BANDS -    BAND    756; K    1; EIG -1.5215737E-01 AU
 BOTTOM OF VIRTUAL BANDS - BAND    757; K    1; EIG -8.3836036E-03 AU
 INDIRECT ENERGY BAND GAP:   3.7087 eV
 TTTTTTTTTTTTTTTTTTTTTTTTTTTTTT PDIG        TELAPSE     3501.11 TCPU     3499.62
 CHARGE NORMALIZATION FACTOR   1.00000000
 TOTAL ATOMIC CHARGES:
   8.3388637   8.3394382   8.3400957   8.3399585   8.3396192   8.3413221
   8.3380455   8.3397066   8.3355672   8.3376647   8.3406954   8.3384129
   8.3347849   8.3441215   8.3403014   8.3351462   8.3376410   8.3409554
   8.3405911   8.3409182   8.3391095   8.3401728   8.3429171   8.3406621
   8.3374649   8.3381126   8.3400016   9.0405796   9.0335339   9.0469752
   9.0476033   9.0329971   9.0417986   9.0292800   9.0361450   9.0456016
   9.0357291   9.0315770   9.0325172   9.0363158   9.0328681   9.0178622
   9.0308826   9.0183038   9.0110144   9.0225760   9.0469367   9.0465474
   9.0420651   9.0396617   9.0358029   9.0351604   9.0383909   9.0443490
   9.0684117   9.0659234   9.0695702   9.0692562   9.0704560   9.0701277
   9.0669372   9.0646207   9.0601547   9.0636138   9.0662553   9.0693621
   9.0746359   9.0635645   9.0536410   9.0689608   9.0654952   9.0700241
   9.0675642   9.0612250   9.0751318   9.0796123   9.0658576   9.0569730
   9.0604043   9.0596443   9.0706577   9.0591687   9.0597824   9.0661050
   9.0647740   9.0702921   9.0528347   9.0790264   9.0605800   9.0667562
   9.0696945   9.0761639   9.0627779   9.0578757   9.0693602   9.0585954
   9.0679363   9.0740611   9.0686154   9.0780738   9.0632933   9.0669829
   9.0759902   9.0641118   9.0815117   9.0712726   9.0626669   9.0679548
  20.5193225  20.4733762  20.4956797  20.4794406  20.5023937  20.4860144
  20.4885776  20.4968172  20.4800725  20.4939086  20.4916440  20.4828976
  20.4714795  20.5008206  20.4862598  20.4898686  20.4813274  20.4946997
  20.4734782  20.5062920  20.4970979  20.5094618  20.4751264  20.4997186
  20.5144329  20.4814311  20.4986580
 TTTTTTTTTTTTTTTTTTTTTTTTTTTTTT MOQGAD      TELAPSE     3501.17 TCPU     3499.68
 TTTTTTTTTTTTTTTTTTTTTTTTTTTTTT SHELLXN     TELAPSE     3881.29 TCPU     3879.72
 TTTTTTTTTTTTTTTTTTTTTTTTTTTTTT MONMO3      TELAPSE     3893.82 TCPU     3892.24
 NUMERICALLY INTEGRATED DENSITY   1511.9941268915
 TTTTTTTTTTTTTTTTTTTTTTTTTTTTTT NUMDFT      TELAPSE     3911.85 TCPU     3909.97
 CYC   8 ETOT(AU) -2.971864586801E+04 DETOT -7.52E-05 tst  6.31E-08 PX  1.22E-03
 TTTTTTTTTTTTTTTTTTTTTTTTTTTTTT DIIS        TELAPSE     3916.92 TCPU     3914.93
 DIIS TEST: 0.13468E-03 AT SCF   CYCLE   8 - DIIS ACTIVE - HISTORY:     8 CYCLES
 TTTTTTTTTTTTTTTTTTTTTTTTTTTTTT FDIK        TELAPSE     3933.26 TCPU     3931.26
 INSULATING STATE
 TOP OF VALENCE BANDS -    BAND    756; K    8; EIG -1.4465694E-01 AU
 TOP OF VALENCE BANDS -    BAND    756; K    1; EIG -1.5211578E-01 AU
 BOTTOM OF VIRTUAL BANDS - BAND    757; K    1; EIG -8.3424398E-03 AU
 INDIRECT ENERGY BAND GAP:   3.7093 eV
 TTTTTTTTTTTTTTTTTTTTTTTTTTTTTT PDIG        TELAPSE     3935.90 TCPU     3933.90
 CHARGE NORMALIZATION FACTOR   1.00000000
 TOTAL ATOMIC CHARGES:
   8.3389674   8.3395042   8.3401791   8.3400649   8.3396934   8.3413931
   8.3381396   8.3397809   8.3356805   8.3378476   8.3407919   8.3385456
   8.3349432   8.3442104   8.3404227   8.3353137   8.3377571   8.3411142
   8.3407276   8.3409748   8.3392112   8.3402939   8.3429665   8.3407568
   8.3375955   8.3381968   8.3400920   9.0406421   9.0340972   9.0476659
   9.0481713   9.0336345   9.0424665   9.0284013   9.0366655   9.0447950
   9.0350986   9.0324881   9.0321769   9.0351098   9.0330809   9.0175843
   9.0284473   9.0179923   9.0105456   9.0228131   9.0483889   9.0472032
   9.0425740   9.0412582   9.0371077   9.0359140   9.0395513   9.0449521
   9.0679909   9.0659219   9.0695807   9.0696963   9.0704101   9.0700809
   9.0669008   9.0642038   9.0593707   9.0626412   9.0659978   9.0685676
   9.0745360   9.0636957   9.0537140   9.0677761   9.0645286   9.0694271
   9.0677832   9.0614544   9.0750147   9.0801023   9.0662809   9.0578972
   9.0601200   9.0595014   9.0706964   9.0592257   9.0598778   9.0662881
   9.0649464   9.0705501   9.0532151   9.0785609   9.0609632   9.0672016
   9.0696805   9.0762896   9.0628936   9.0578220   9.0693220   9.0585759
   9.0674711   9.0735453   9.0680414   9.0776940   9.0629497   9.0663745
   9.0757118   9.0639934   9.0812161   9.0709799   9.0616772   9.0671215
  20.5197704  20.4729728  20.4946418  20.4778089  20.5029617  20.4837597
  20.4910919  20.4968526  20.4822160  20.4945927  20.4903732  20.4848558
  20.4739336  20.5017624  20.4876770  20.4945141  20.4828210  20.4971938
  20.4729031  20.5044806  20.4960285  20.5080835  20.4721168  20.4977716
  20.5125489  20.4787416  20.4974564
 TTTTTTTTTTTTTTTTTTTTTTTTTTTTTT MOQGAD      TELAPSE     3935.96 TCPU     3933.96
 TTTTTTTTTTTTTTTTTTTTTTTTTTTTTT SHELLXN     TELAPSE     4315.02 TCPU     4312.96
 TTTTTTTTTTTTTTTTTTTTTTTTTTTTTT MONMO3      TELAPSE     4327.35 TCPU     4325.29
 NUMERICALLY INTEGRATED DENSITY   1511.9941268007
 TTTTTTTTTTTTTTTTTTTTTTTTTTTTTT NUMDFT      TELAPSE     4345.29 TCPU     4343.23
 CYC   9 ETOT(AU) -2.971864588392E+04 DETOT -1.59E-05 tst  7.57E-09 PX  3.23E-04
 TTTTTTTTTTTTTTTTTTTTTTTTTTTTTT DIIS        TELAPSE     4350.43 TCPU     4348.37
 DIIS TEST: 0.18789E-04 AT SCF   CYCLE   9 - DIIS ACTIVE - HISTORY:     9 CYCLES
 TTTTTTTTTTTTTTTTTTTTTTTTTTTTTT FDIK        TELAPSE     4367.16 TCPU     4365.08
 INSULATING STATE
 TOP OF VALENCE BANDS -    BAND    756; K    8; EIG -1.4463537E-01 AU
 TOP OF VALENCE BANDS -    BAND    756; K    1; EIG -1.5209167E-01 AU
 BOTTOM OF VIRTUAL BANDS - BAND    757; K    1; EIG -8.3989427E-03 AU
 INDIRECT ENERGY BAND GAP:   3.7072 eV
 TTTTTTTTTTTTTTTTTTTTTTTTTTTTTT PDIG        TELAPSE     4369.87 TCPU     4367.80
 CHARGE NORMALIZATION FACTOR   1.00000000
 TOTAL ATOMIC CHARGES:
   8.3389339   8.3394957   8.3401525   8.3400556   8.3396812   8.3413787
   8.3381160   8.3397740   8.3356844   8.3378045   8.3407598   8.3385126
   8.3349318   8.3441757   8.3403925   8.3352789   8.3377189   8.3410878
   8.3406836   8.3409575   8.3391888   8.3402590   8.3429413   8.3407297
   8.3375558   8.3381769   8.3400610   9.0406687   9.0339516   9.0471565
   9.0478356   9.0333728   9.0421400   9.0286324   9.0360966   9.0448047
   9.0351535   9.0318307   9.0321120   9.0350605   9.0328538   9.0175900
   9.0288259   9.0175142   9.0105248   9.0229974   9.0477844   9.0468066
   9.0424768   9.0406613   9.0367088   9.0358575   9.0388069   9.0445367
   9.0679333   9.0658746   9.0692823   9.0696911   9.0703441   9.0698668
   9.0668430   9.0641429   9.0593703   9.0626214   9.0660543   9.0685720
   9.0744474   9.0635141   9.0537312   9.0677536   9.0646171   9.0695401
   9.0675650   9.0612710   9.0748883   9.0799910   9.0660148   9.0577161
   9.0599699   9.0592890   9.0705239   9.0591664   9.0597734   9.0661432
   9.0648252   9.0704690   9.0530695   9.0785785   9.0607144   9.0671150
   9.0695617   9.0761309   9.0627247   9.0576910   9.0691985   9.0583385
   9.0674489   9.0733679   9.0679804   9.0776920   9.0627870   9.0663305
   9.0755913   9.0640470   9.0810487   9.0707911   9.0618130   9.0670992
  20.5198185  20.4732262  20.4956571  20.4786316  20.5035430  20.4844160
  20.4909645  20.4976269  20.4818272  20.4947718  20.4914338  20.4849041
  20.4740585  20.5017532  20.4877083  20.4938561  20.4831438  20.4971948
  20.4728772  20.5055986  20.4966301  20.5084632  20.4732260  20.4987222
  20.5133775  20.4799772  20.4984177
 TTTTTTTTTTTTTTTTTTTTTTTTTTTTTT MOQGAD      TELAPSE     4369.94 TCPU     4367.86
 TTTTTTTTTTTTTTTTTTTTTTTTTTTTTT SHELLXN     TELAPSE     4748.52 TCPU     4746.39
 TTTTTTTTTTTTTTTTTTTTTTTTTTTTTT MONMO3      TELAPSE     4760.68 TCPU     4758.55
 NUMERICALLY INTEGRATED DENSITY   1511.9941270093
 TTTTTTTTTTTTTTTTTTTTTTTTTTTTTT NUMDFT      TELAPSE     4778.41 TCPU     4776.28
 CYC  10 ETOT(AU) -2.971864588648E+04 DETOT -2.56E-06 tst  1.62E-09 PX  2.43E-04
 TTTTTTTTTTTTTTTTTTTTTTTTTTTTTT DIIS        TELAPSE     4783.74 TCPU     4781.61
 DIIS TEST: 0.26733E-05 AT SCF   CYCLE  10 - DIIS ACTIVE - HISTORY:    10 CYCLES
 TTTTTTTTTTTTTTTTTTTTTTTTTTTTTT FDIK        TELAPSE     4800.08 TCPU     4797.94
 INSULATING STATE
 TOP OF VALENCE BANDS -    BAND    756; K    8; EIG -1.4465469E-01 AU
 TOP OF VALENCE BANDS -    BAND    756; K    1; EIG -1.5211497E-01 AU
 BOTTOM OF VIRTUAL BANDS - BAND    757; K    1; EIG -8.4115486E-03 AU
 INDIRECT ENERGY BAND GAP:   3.7074 eV
 TTTTTTTTTTTTTTTTTTTTTTTTTTTTTT PDIG        TELAPSE     4802.80 TCPU     4800.66
 CHARGE NORMALIZATION FACTOR   1.00000000
 TOTAL ATOMIC CHARGES:
   8.3389369   8.3394844   8.3401482   8.3400523   8.3396717   8.3413695
   8.3381130   8.3397592   8.3356728   8.3378051   8.3407519   8.3385068
   8.3349252   8.3441690   8.3403877   8.3352766   8.3377110   8.3410814
   8.3406835   8.3409480   8.3391799   8.3402588   8.3429379   8.3407247
   8.3375537   8.3381705   8.3400572   9.0404184   9.0338556   9.0472854
   9.0478098   9.0333487   9.0420995   9.0284199   9.0363854   9.0447486
   9.0350147   9.0320984   9.0320531   9.0351279   9.0328674   9.0174906
   9.0287308   9.0178401   9.0105158   9.0225866   9.0478912   9.0468420
   9.0422275   9.0407094   9.0366482   9.0355806   9.0390412   9.0445906
   9.0679503   9.0658166   9.0693941   9.0695266   9.0702988   9.0698911
   9.0668029   9.0641633   9.0593758   9.0626863   9.0659738   9.0686213
   9.0744149   9.0635351   9.0536075   9.0678622   9.0646241   9.0694900
   9.0675741   9.0612563   9.0749067   9.0798739   9.0660175   9.0575781
   9.0600045   9.0593571   9.0705394   9.0590813   9.0597181   9.0661082
   9.0647623   9.0703786   9.0529908   9.0785438   9.0607163   9.0670119
   9.0695374   9.0761251   9.0627293   9.0576846   9.0691980   9.0583937
   9.0674340   9.0734830   9.0680239   9.0776659   9.0628550   9.0663632
   9.0756219   9.0639442   9.0811085   9.0708811   9.0617967   9.0671655
  20.5201851  20.4734698  20.4953674  20.4786898  20.5033979  20.4846743
  20.4910630  20.4972404  20.4821593  20.4949147  20.4910861  20.4849743
  20.4738948  20.5019338  20.4878162  20.4939830  20.4828673  20.4971080
  20.4734771  20.5053672  20.4967622  20.5088950  20.4732549  20.4987427
  20.5135144  20.4798197  20.4983127
 TTTTTTTTTTTTTTTTTTTTTTTTTTTTTT MOQGAD      TELAPSE     4802.86 TCPU     4800.73
 TTTTTTTTTTTTTTTTTTTTTTTTTTTTTT SHELLXN     TELAPSE     5181.52 TCPU     5179.30
 TTTTTTTTTTTTTTTTTTTTTTTTTTTTTT MONMO3      TELAPSE     5194.09 TCPU     5191.87
 NUMERICALLY INTEGRATED DENSITY   1511.9941270202
 TTTTTTTTTTTTTTTTTTTTTTTTTTTTTT NUMDFT      TELAPSE     5211.92 TCPU     5209.70
 CYC  11 ETOT(AU) -2.971864588645E+04 DETOT  2.37E-08 tst  1.87E-10 PX  1.18E-04
 TTTTTTTTTTTTTTTTTTTTTTTTTTTTTT DIIS        TELAPSE     5217.25 TCPU     5215.04
 DIIS TEST: 0.74681E-06 AT SCF   CYCLE  11 - DIIS ACTIVE - HISTORY:    11 CYCLES
 TTTTTTTTTTTTTTTTTTTTTTTTTTTTTT FDIK        TELAPSE     5233.66 TCPU     5231.44
 INSULATING STATE
 TOP OF VALENCE BANDS -    BAND    756; K    8; EIG -1.4465377E-01 AU
 TOP OF VALENCE BANDS -    BAND    756; K    1; EIG -1.5211491E-01 AU
 BOTTOM OF VIRTUAL BANDS - BAND    757; K    1; EIG -8.4113726E-03 AU
 INDIRECT ENERGY BAND GAP:   3.7073 eV
 TTTTTTTTTTTTTTTTTTTTTTTTTTTTTT PDIG        TELAPSE     5236.33 TCPU     5234.10
 CHARGE NORMALIZATION FACTOR   1.00000000
 TOTAL ATOMIC CHARGES:
   8.3389335   8.3394860   8.3401507   8.3400430   8.3396707   8.3413691
   8.3381084   8.3397604   8.3356677   8.3378031   8.3407589   8.3385105
   8.3349202   8.3441733   8.3403886   8.3352764   8.3377180   8.3410790
   8.3406806   8.3409543   8.3391805   8.3402547   8.3429416   8.3407237
   8.3375531   8.3381732   8.3400581   9.0405331   9.0338595   9.0472470
   9.0478752   9.0332837   9.0421626   9.0284858   9.0362492   9.0447955
   9.0350850   9.0320248   9.0320600   9.0350985   9.0328712   9.0175206
   9.0287680   9.0177367   9.0105027   9.0227552   9.0478424   9.0468374
   9.0423567   9.0407198   9.0366527   9.0356961   9.0390076   9.0445891
   9.0679372   9.0658128   9.0693803   9.0695465   9.0703055   9.0699294
   9.0668012   9.0641438   9.0593828   9.0626739   9.0659635   9.0685886
   9.0744268   9.0635222   9.0536181   9.0678421   9.0646070   9.0694629
   9.0675919   9.0612708   9.0748998   9.0799134   9.0660398   9.0576158
   9.0600259   9.0593592   9.0705378   9.0591079   9.0597425   9.0661191
   9.0647882   9.0703978   9.0530218   9.0785388   9.0607359   9.0670206
   9.0695590   9.0761301   9.0627274   9.0576898   9.0691919   9.0584124
   9.0674338   9.0734618   9.0680123   9.0776625   9.0628446   9.0663526
   9.0756228   9.0639394   9.0811140   9.0708734   9.0617673   9.0671434
  20.5200047  20.4734107  20.4954843  20.4786226  20.5034571  20.4845710
  20.4910139  20.4974631  20.4820980  20.4948600  20.4912147  20.4849449
  20.4740059  20.5018944  20.4877809  20.4939994  20.4830316  20.4971239
  20.4732327  20.5054599  20.4967054  20.5086903  20.4732063  20.4986836
  20.5133461  20.4798583  20.4982725
 TTTTTTTTTTTTTTTTTTTTTTTTTTTTTT MOQGAD      TELAPSE     5236.39 TCPU     5234.16
 TTTTTTTTTTTTTTTTTTTTTTTTTTTTTT SHELLXN     TELAPSE     5617.81 TCPU     5615.56
 +++ ENERGIES IN A.U. +++
 ::: EXT EL-POLE                                  -3.9292255934976E+04
 ::: EXT EL-SPHEROPOLE                             3.7450668408775E+02
 ::: BIELET ZONE E-E                               4.6922240721835E+04
 ::: TOTAL E-E                                     8.0044914709473E+03
 ::: TOTAL E-N + N-E                              -5.9840749630174E+04
 ::: TOTAL N-N                                    -5.5983948809384E+03
 ::: KINETIC ENERGY                                2.9177390929739E+04
 ::: PSEUDO TOTAL   ENERGY                        -2.8257262110427E+04
 ::: VIRIAL COEFFICIENT                            1.0160204470752E+00
 TTTTTTTTTTTTTTTTTTTTTTTTTTTTTT MONMO3      TELAPSE     5630.53 TCPU     5628.28
 NUMERICALLY INTEGRATED DENSITY   1511.9941270088
 EXCHANGE ENERGY: -0.140339173231E+04  CORRELATION ENERGY: -0.579920434724E+02
 TTTTTTTTTTTTTTTTTTTTTTTTTTTTTT NUMDFT      TELAPSE     5648.44 TCPU     5646.19
 CYC  12 ETOT(AU) -2.971864588621E+04 DETOT  2.47E-07 tst  4.78E-11 PX  1.18E-04

 == SCF ENDED - CONVERGENCE ON ENERGY      E(AU) -2.9718645886207E+04 CYCLES  12


 ENERGY EXPRESSION=HARTREE+FOCK EXCH*0.25000+(PBE        EXCH)*0.75000+PBE        CORR


 TOTAL ENERGY(DFT)(AU)( 12) -2.9718645886207E+04 DE 2.5E-07 tester 4.8E-11
 TTTTTTTTTTTTTTTTTTTTTTTTTTTTTT EDFT        TELAPSE     5648.47 TCPU     5646.21

 *******************************************************************************
 *                             FORCE CALCULATION                               *
 *******************************************************************************

 TTTTTTTTTTTTTTTTTTTTTTTTTTTTTT NUMDFG      TELAPSE     5772.86 TCPU     5770.58
 INFORMATION **** EXCPOG **** EXCH. BIPO BUFFER LENGTH (WORDS) =    90602568
 INFORMATION **** GENPOG **** BIPO BUFFER LENGTH (WORDS) =    12705000
 TTTTTTTTTTTTTTTTTTTTTTTTTTTTTT SHELXG      TELAPSE     7436.81 TCPU     7434.41

 CARTESIAN FORCES IN HARTREE/BOHR (ANALYTICAL)
   ATOM                     X                   Y                   Z
   1 256             1.070667284447E-03  7.211054751310E-03  1.576535407421E-03
   2 256            -1.313862313436E-03  1.287690672552E-02  6.287046455215E-03
   3 256             7.303701384800E-03 -1.023802120392E-02 -5.849363069510E-03
   4 256             5.740350401878E-03  3.921492309319E-03 -7.822900112818E-03
   5 256            -3.060497878217E-03 -8.238971820810E-03 -2.312415045257E-03
   6 256            -2.452763276627E-03  1.027470564217E-02  6.244582390351E-03
   7 256             3.148629389204E-03 -8.516257986949E-03 -8.772250295522E-03
   8 256            -8.237039510394E-04 -5.283300450054E-04  5.171019742667E-03
   9 256             1.301089932196E-02 -1.178281109359E-03 -1.042036232073E-03
  10 256             6.050813731819E-03  3.471146621923E-03 -1.150971087297E-03
  11 256            -1.925517224742E-03 -9.666351549242E-04 -5.113812288626E-03
  12 256             3.696430558430E-03 -3.505983965709E-03 -2.337515528847E-03
  13 256             4.226843027714E-03  8.795847547064E-03 -5.831656292303E-03
  14 256            -5.326353160903E-03  5.488395351019E-04  2.020756981087E-03
  15 256             3.568211916297E-03  8.543828156574E-03  1.016279164743E-02
  16 256            -1.381478584096E-03 -1.267744235347E-02 -1.663223016541E-03
  17 256             4.632053233722E-03  5.863320550391E-04 -4.074512718265E-03
  18 256            -3.265312516417E-03  5.641584494975E-03  6.112085667797E-03
  19 256            -3.909920402811E-03  3.561388713046E-03 -2.032253052824E-05
  20 256            -3.125684358669E-03  7.596469225174E-04  8.696925810572E-03
  21 256            -1.995023505221E-03 -8.055841386877E-03 -6.988970540599E-03
  22 256            -5.296577191278E-03 -3.729439426618E-03 -8.367747202905E-03
  23 256             4.061753238818E-04  1.330621788160E-03  9.279622486412E-03
  24 256            -7.491083456591E-03  1.807491838171E-03  5.692305321473E-04
  25 256            -5.959145315410E-03  2.230382550986E-03  4.995412593636E-03
  26 256             1.037223236307E-02 -2.979363944006E-03  9.889582565936E-04
  27 256             6.664135404092E-04  8.912412780487E-03 -1.046379428522E-02
  28   8            -2.253071458926E-03 -2.867469701716E-03 -1.485763397085E-02
  29   8            -1.327855474190E-03  8.457085424210E-04  3.766984161517E-02
  30   8             2.892950520159E-03  1.648731902752E-03  4.754153943961E-03
  31   8            -2.965172424021E-03 -4.423204185197E-03  1.829744989343E-02
  32   8            -1.482796207046E-03  1.159984010991E-03 -2.927495425516E-02
  33   8            -2.268796654611E-03  3.195618602981E-04 -7.388656580784E-03
  34   8             2.589134852114E-03 -1.357411829864E-03  1.489987664975E-02
  35   8             2.457211876691E-04  2.789640177309E-03 -2.149843330995E-02
  36   8             4.507587441581E-03  5.103297178907E-03  2.343264586205E-02
  37   8            -6.155499808077E-03  6.016001463579E-03  1.371575175893E-02
  38   8            -3.263068657373E-03  4.040145937898E-03 -1.273370034996E-03
  39   8             4.217688490632E-03 -1.704804242631E-03 -1.173654462732E-02
  40   8             2.407340584339E-03 -3.110598554054E-03  1.635090230238E-02
  41   8             7.076202809766E-04  4.158355139710E-03  6.034231485149E-03
  42   8             7.483227899721E-03 -1.018372583153E-03 -2.497991879677E-03
  43   8            -2.496302421705E-04  3.398688173151E-03  9.974503688801E-03
  44   8            -3.019375958103E-03 -1.057184161344E-03  8.315881470786E-03
  45   8             2.580930515878E-03  1.243678342110E-04  9.537317746965E-03
  46   8            -5.519374655329E-03  6.078236432118E-03  1.672128992790E-02
  47   8            -6.429958650943E-03  1.899980077610E-03  4.568819347792E-04
  48   8            -2.700194094276E-03  1.303202893574E-05 -1.329441264239E-02
  49   8            -8.177875599000E-03 -2.355649637692E-03 -1.606170268607E-02
  50   8             3.976396506516E-04 -4.550636484296E-03  8.706835483999E-03
  51   8             2.492680624017E-03 -4.317094335170E-03  4.824245060165E-03
  52   8             4.380711149925E-03  6.496207398644E-03 -3.622400776329E-03
  53   8            -4.110304084622E-03  4.755470702402E-03  1.584465715069E-02
  54   8             4.579290832255E-03 -4.402690930714E-04 -1.607451612466E-03
  55   8            -4.128973051057E-03  4.178277039662E-03 -2.701689122347E-03
  56   8             1.942398127025E-03 -4.580237879648E-04 -5.337589628218E-03
  57   8             8.937143542502E-04 -9.619184696166E-04 -2.214217763421E-03
  58   8            -4.480680490624E-03 -9.219172255206E-03  6.850020144312E-03
  59   8             3.647614586985E-03  1.436836730251E-02 -4.218826089527E-03
  60   8            -2.880026422971E-03 -1.287562496565E-02 -2.231245564262E-03
  61   8             2.418888752117E-03  9.394487417590E-03  2.325364537549E-03
  62   8            -5.004188755125E-03 -8.673260074753E-03  1.939520245703E-04
  63   8             2.922298447233E-03  2.573515537245E-03  5.836993717634E-03
  64   8             7.028477829586E-03 -2.054608815973E-03 -6.638751338286E-04
  65   8             1.609127459482E-03  1.223204968002E-03 -5.630154004984E-03
  66   8             2.116816664208E-03 -1.924552196156E-03  5.856225916173E-03
  67   8            -3.479874249821E-03 -7.222994057474E-03  7.326612031396E-03
  68   8            -3.554100791906E-03  3.661229630685E-03 -4.790058978807E-03
  69   8             3.129804807625E-03 -7.001408399398E-03  2.780558387261E-04
  70   8             1.629554769595E-03  1.565282472216E-03  2.930761376213E-03
  71   8            -4.638936467408E-03 -1.990747373619E-04  9.205816967222E-04
  72   8             8.858791467027E-04  4.509008637488E-03 -6.136156751134E-03
  73   8            -2.070949882088E-03 -1.665476694303E-02 -6.724949353298E-04
  74   8            -2.738240245260E-03  4.867493378390E-03 -6.710808286876E-03
  75   8             9.339220106407E-04 -5.062660940595E-03 -2.241793974160E-03
  76   8            -5.885705463456E-03  7.556509990295E-03 -2.983632154738E-03
  77   8             9.061206273087E-04 -9.918357613662E-03 -1.382300886118E-03
  78   8            -5.429100454797E-03  8.237051875057E-03  3.359751573100E-04
  79   8             2.120120158470E-04  7.478827381206E-03 -1.937623510906E-05
  80   8             7.391946016962E-04 -6.938260191753E-03 -8.906256397372E-04
  81   8            -5.588475349392E-03 -4.043680606337E-03  2.840165273241E-03
  82   8             1.087254803825E-02  2.853857271881E-03  1.056443363389E-03
  83   8            -9.338390297934E-03  1.061428725723E-03  2.915242246328E-03
  84   8            -7.997599937957E-03  5.649481277946E-04 -7.791788182118E-03
  85   8            -2.222661153371E-03 -6.745136773549E-03 -1.257478522825E-03
  86   8             8.037938641371E-03  7.913532734266E-04  3.899756788470E-03
  87   8            -1.665759699168E-02 -5.242342493410E-04  4.685962737613E-03
  88   8            -8.579575936269E-03  2.505283584512E-03  4.624063975557E-03
  89   8            -1.669717017997E-03  2.617281293052E-03 -9.289155603018E-03
  90   8            -1.988879506995E-02  4.545996974812E-03 -2.525676912795E-03
  91   8            -2.318869930186E-03  4.074162092176E-03  5.523508480456E-03
  92   8             9.760763732564E-03 -1.308508842131E-03 -2.904173257801E-03
  93   8             3.066129617694E-03  1.931846100991E-03 -6.891951481395E-03
  94   8            -6.983194429043E-04 -4.259634262038E-05  8.018226209807E-03
  95   8            -5.650396767387E-04 -8.854541667361E-03 -1.013262290841E-03
  96   8             8.133702523254E-03  1.789385681275E-03 -5.371534665964E-03
  97   8            -3.157624170238E-03 -6.576636858626E-03  4.055583907993E-03
  98   8             2.692214276981E-03  8.837230810515E-04 -3.989519464636E-04
  99   8             1.490134985351E-02  2.489566951086E-03  6.483939881578E-03
 100   8             7.901517975862E-03  2.799074151910E-04 -1.313772512384E-03
 101   8             9.648080032677E-03 -4.444348888126E-03  6.779935666852E-04
 102   8             5.282755767551E-03 -2.431954216703E-03 -1.571414427849E-03
 103   8             1.065634183567E-02 -2.824188954203E-03  4.857367143945E-03
 104   8            -5.408006746445E-03 -5.706886404891E-03 -2.363358465301E-03
 105   8             9.845782033534E-03  3.628179500641E-03 -6.767516173652E-03
 106   8             1.681011208872E-03 -1.027231008638E-03  2.331626202255E-03
 107   8            -3.237526643440E-05  2.136441622849E-04 -1.992147402555E-03
 108   8            -6.032042867855E-03  5.169473571384E-03 -2.657177734917E-03
 109  22            -1.564338968285E-03  6.939277560389E-03  1.552029429066E-02
 110  22            -8.668830742830E-03 -8.851528741295E-03 -4.001912550603E-02
 111  22            -5.978254054982E-05 -1.216470237797E-03  2.183294024070E-02
 112  22             3.703639350816E-03 -1.354209709452E-03 -3.443172289417E-02
 113  22             2.538979767626E-03  7.571725885356E-03  2.874300399734E-02
 114  22            -2.276053135862E-03  1.025030419049E-02  5.826816649459E-03
 115  22             1.061667120068E-02 -2.516547140646E-03 -1.486240509352E-02
 116  22            -8.293651455277E-03  2.268184902978E-03  2.967155602695E-02
 117  22            -5.562526779282E-03 -1.618585933791E-02 -3.203255894199E-02
 118  22            -3.986326617884E-03 -1.101302674898E-02 -2.012930608024E-02
 119  22             3.824062238817E-03 -9.510899575367E-04  1.956703979043E-03
 120  22            -7.767813769440E-03  7.802411894689E-03  5.700902433696E-03
 121  22            -1.153364313344E-02 -1.560788811906E-03 -2.552699067396E-02
 122  22             9.386947100521E-03  1.064953715512E-03 -6.433386863738E-04
 123  22            -2.718506137469E-02 -9.147487786581E-03  1.551483006216E-02
 124  22            -9.940628843291E-03  9.754731510121E-03 -1.535323624154E-02
 125  22             7.674478270589E-03  9.458866767538E-04  1.761619658581E-03
 126  22            -7.365456618454E-03 -4.449240714214E-03 -1.807687116054E-02
 127  22             1.437400967413E-02 -9.434940030858E-03 -1.301848523251E-02
 128  22             8.086388908528E-03 -9.576931492348E-03 -4.099272726908E-03
 129  22             6.857610474195E-03  1.766703688608E-02  1.854234786107E-02
 130  22             8.294622554205E-03  1.867186963855E-02  2.212375867947E-02
 131  22            -1.332381384099E-02  8.890278152617E-03 -1.188331229201E-02
 132  22             2.820191610385E-02 -1.037991060322E-02 -2.233920344873E-03
 133  22            -7.876208895040E-03 -5.577176464896E-03 -8.798820672613E-03
 134  22             4.548576699447E-04 -7.253648209377E-03  5.091453247763E-03
 135  22             6.213811383295E-03 -5.180298292313E-03  1.021653061198E-02

 RESULTANT FORCE    -6.494783877375E-12 -1.825796458466E-12  4.984568313660E-12

 SYMMETRY ALLOWED FORCES (ANALYTICAL) (DIRECTION, FORCE)

    1  1.0746549E-03    2  7.2379117E-03    3  1.5824071E-03    4 -1.3107724E-03
    5  1.2979241E-02    6  6.3224470E-03    7  7.3294793E-03    8 -1.0125120E-02
    9 -5.8121297E-03   10  5.8159109E-03   11  4.0113364E-03   12 -7.8373844E-03
   13 -2.9741549E-03   14 -8.1650705E-03   15 -2.3658032E-03   16 -2.3870361E-03
   17  1.0357175E-02   18  6.2060278E-03   19  3.2176180E-03   20 -8.4264460E-03
   21 -8.8210536E-03   22 -7.4508715E-04   23 -4.7322197E-04   24  5.1078178E-03
   25  1.3138417E-02   26 -1.1294881E-03   27 -1.0894658E-03   28  6.2552365E-03
   29  3.5295003E-03   30 -1.2075167E-03   31 -1.7029488E-03   32 -8.9778997E-04
   33 -5.1960041E-03   34  3.9280169E-03   35 -3.4547101E-03   36 -2.4505180E-03
   37  4.4926647E-03   38  8.8692337E-03   39 -5.9789543E-03   40 -5.0629490E-03
   41  6.6121626E-04   42  1.8566298E-03   43  3.8265830E-03   44  8.6949356E-03
   45  1.0047927E-02   46 -1.1118389E-03   47 -1.2542551E-02   48 -1.7435881E-03
   49  4.9177375E-03   50  6.7146093E-04   51 -4.1797876E-03   52 -2.9714520E-03
   53  5.7539857E-03   54  6.0146773E-03   55 -3.6443389E-03   56  3.7142342E-03
   57 -9.2477877E-05   58 -2.8882539E-03   59  9.3249572E-04   60  8.6617888E-03
   61 -1.7778702E-03   62 -7.9134284E-03   63 -7.0171049E-03   64 -5.1096647E-03
   65 -3.6376484E-03   66 -8.4637948E-03   67  5.7306982E-04   68  1.4126169E-03
   69  9.1869475E-03   70 -7.3545427E-03   71  1.9042997E-03   72  5.1980334E-04
   73 -5.8822153E-03   74  2.3463421E-03   75  4.9707631E-03   76  1.0470186E-02
   77 -2.8658195E-03   78  9.9136853E-04   79  8.1603780E-04   80  9.0544712E-03
   81 -1.0505147E-02   82 -2.1094667E-03   83 -2.6961000E-03   84 -1.5017195E-02
   85 -1.1997044E-03   86  1.0092361E-03   87  3.7616461E-02   88  3.0297812E-03
   89  1.8256407E-03   90  4.9009650E-03   91 -2.8274446E-03   92 -4.2579469E-03
   93  1.8556117E-02   94 -1.3652087E-03   95  1.3111382E-03   96 -2.9067373E-02
   97 -2.1683722E-03   98  4.7939825E-04   99 -7.3576416E-03  100  2.6921855E-03
  101 -1.2011336E-03  102  1.4968468E-02  103  3.6387248E-04  104  2.9546502E-03
  105 -2.1462437E-02  106  4.6508663E-03  107  5.3096587E-03  108  2.3479288E-02
  109 -6.0192682E-03  110  6.2809144E-03  111  1.3951319E-02  112 -3.1737036E-03
  113  4.3593215E-03  114 -9.7177426E-04  115  4.3130259E-03  116 -1.3702973E-03
  117 -1.1499374E-02  118  2.5383386E-03  119 -2.7978202E-03  120  1.6615099E-02
  121  8.5646265E-04  122  4.4800885E-03  123  6.4195237E-03  124  7.6775612E-03
  125 -6.7647995E-04  126 -2.0897892E-03  127 -1.4206733E-05  128  3.7572082E-03
  129  1.0427715E-02  130 -2.7992845E-03  131 -6.8201647E-04  132  8.8739723E-03
  133  2.8011166E-03  134  4.9854525E-04  135  1.0200234E-02  136 -5.3132705E-03
  137  6.4913396E-03  138  1.7538425E-02  139 -6.2890525E-03  140  2.3627610E-03
  141  1.3800472E-03  142 -2.6097910E-03  143  4.9200330E-04  144 -1.2434279E-02
  145 -8.1493994E-03  146 -1.8847219E-03  147 -1.5361366E-02  148  3.8109471E-04
  149 -4.1146269E-03  150  9.3727726E-03  151  2.4930794E-03  152 -3.9283943E-03
  153  5.5780642E-03  154  4.4223079E-03  155  6.9028045E-03  156 -2.8525072E-03
  157 -4.0667193E-03  158  5.2351591E-03  159  1.6698316E-02  160  4.6264503E-03
  161  7.1682718E-05  162 -6.5629688E-04  163 -4.0785975E-03  164  4.7198956E-03
  165 -1.7655052E-03  166  1.9797741E-03  167  1.1371548E-04  168 -4.4402446E-03
  169  9.4961044E-04  170 -3.9195034E-04  171 -1.3534808E-03  172 -4.4473169E-03
  173 -8.7077073E-03  174  7.7519609E-03  175  3.6761417E-03  176  1.4920675E-02
  177 -3.2881316E-03  178 -2.8461801E-03  179 -1.2306709E-02  180 -1.3308977E-03
  181  2.4502129E-03  182  9.9481742E-03  183  3.2385318E-03  184 -4.9901969E-03
  185 -8.1075485E-03  186  1.1366339E-03  187  2.9223120E-03  188  3.1052269E-03
  189  6.8344067E-03  190  7.0981805E-03  191 -1.5119441E-03  192  3.8350789E-04
  193  1.7409462E-03  194  1.7677525E-03  195 -4.6126785E-03  196  2.2773520E-03
  197 -1.3772958E-03  198  6.8902638E-03  199 -3.3270931E-03  200 -6.7346622E-03
  201  8.4720152E-03  202 -3.4511645E-03  203  4.1307080E-03  204 -3.6092257E-03
  205  3.2312863E-03  206 -6.5502845E-03  207  1.4428625E-03  208  1.7688754E-03
  209  1.9820423E-03  210  4.1379253E-03  211 -4.5209726E-03  212  2.3468568E-04
  213  2.1762597E-03  214  9.7631734E-04  215  4.9836837E-03  216 -4.9019902E-03
  217 -1.9886396E-03  218 -1.6270341E-02  219  5.2712030E-04  220 -2.6937151E-03
  221  5.1630387E-03  222 -5.5519146E-03  223  9.6439485E-04  224 -4.7641797E-03
  225 -1.1375858E-03  226 -5.8965738E-03  227  7.8814082E-03  228 -1.9048048E-03
  229  8.5274887E-04  230 -9.6087264E-03  231 -3.2229102E-04  232 -5.5229712E-03
  233  8.5381279E-03  234  1.4053866E-03  235  7.0526206E-05  236  7.9242925E-03
  237  1.0717525E-03  238  6.0375062E-04  239 -6.4804776E-03  240  2.1193073E-04
  241 -5.7711612E-03  242 -3.6781371E-03  243  3.9809965E-03  244  1.0736548E-02
  245  3.2154117E-03  246  2.2549433E-03  247 -9.4632771E-03  248  1.4670818E-03
  249  4.1744853E-03  250 -8.2931757E-03  251  9.9424702E-04  252 -6.5559409E-03
  253 -2.6250106E-03  254 -6.3688869E-03  255 -8.6444898E-05  256  7.6867245E-03
  257  1.1154404E-03  258  5.1214029E-03  259 -1.7106224E-02  260 -1.9077937E-04
  261  6.0213634E-03  262 -9.3028898E-03  263  2.8667809E-03  264  6.0855890E-03
  265 -2.5184126E-03  266  3.0416477E-03  267 -7.8471603E-03  268 -2.0994169E-02
  269  5.0585332E-03  270 -1.1814304E-03  271 -3.6975452E-03  272  4.6950557E-03
  273  6.9321568E-03  274  8.4367299E-03  275 -6.4189825E-04  276 -1.4335773E-03
  277  1.8614050E-03  278  2.6216999E-03  279 -5.5022856E-03  280 -1.9038158E-03
  281  6.8650648E-04  282  9.4560239E-03  283 -1.8158952E-03  284 -8.2179549E-03
  285  5.4585592E-04  286  6.9476841E-03  287  2.3534870E-03  288 -3.8541168E-03
  289 -4.3107585E-03  290 -6.0607603E-03  291  5.5961137E-03  292  1.5026311E-03
  293  1.3380946E-03  294  1.2310387E-03  295  1.3921352E-02  296  3.0027560E-03
  297  8.2426048E-03  298  7.2144544E-03  299  8.4635339E-04  300  5.6651248E-04
  301  9.1956729E-03  302 -3.9223367E-03  303  2.6037810E-03  304  5.0392590E-03
  305 -1.9967892E-03  306  3.9828732E-04  307  1.0651252E-02  308 -2.4565594E-03
  309  6.9390037E-03  310 -5.3319239E-03  311 -5.4633883E-03  312 -1.7692034E-04
  313  9.9991473E-03  314  3.8468117E-03  315 -4.6596812E-03  316  2.0338476E-03
  317 -7.5774694E-04  318  4.4370134E-03  319  3.6151801E-04  320  4.7849667E-04
  321  1.9243871E-04  322 -5.7350940E-03  323  5.5426718E-03  324 -4.7779498E-04
  325 -1.3987777E-03  326  7.5554200E-03  327  1.8027909E-02  328 -8.6988409E-03
  329 -8.2517031E-03  330 -3.7904164E-02  331 -2.6746759E-04  332 -7.9614597E-04
  333  2.3675596E-02  334  3.5655107E-03  335 -9.7074150E-04  336 -3.2791280E-02
  337  2.5332195E-03  338  8.1126370E-03  339  3.0345186E-02  340 -2.2772373E-03
  341  1.1231781E-02  342  8.3018716E-03  343  1.0822725E-02  344 -1.3021385E-03
  345 -1.2493067E-02  346 -8.0234894E-03  347  3.5400738E-03  348  3.2556731E-02
  349 -5.6515366E-03  350 -1.5228163E-02  351 -2.9077144E-02  352 -4.3528416E-03
  353 -1.0776234E-02  354 -1.8491669E-02  355  3.4338788E-03  356 -1.0583154E-03
  357  3.1523610E-03  358 -8.3163949E-03  359  7.9139150E-03  360  7.2229361E-03
  361 -1.2788604E-02  362 -1.2315025E-03  363 -2.4602297E-02  364  7.9731583E-03
  365  1.4020159E-03  366 -6.0412000E-04  367 -2.9453358E-02  368 -9.1150958E-03
  369  1.6165431E-02  370 -1.4007954E-02  371  9.8335703E-03  372 -1.4666967E-02
  373  3.1299360E-03  374  1.5333421E-03  375  1.8833545E-03  376 -1.2393209E-02
  377 -3.9917901E-03  378 -1.8829479E-02  379  9.2021572E-03  380 -9.7510897E-03
  381 -1.5686769E-02  382  3.7125161E-03  383 -1.1208492E-02  384 -8.2520845E-03
  385  2.9596120E-03  386  1.6484398E-02  387  1.4927059E-02  388  5.0760280E-03
  389  2.0605342E-02  390  2.1585173E-02  391 -1.7953307E-02  392  1.4300135E-02
  393 -1.1584731E-02  394  2.4772163E-02  395 -3.7899029E-03  396 -3.8136653E-03
  397 -9.1533704E-03  398  5.2239189E-04  399 -1.3433665E-02  400 -4.0721952E-03
  401 -1.4660798E-03  402 -3.6239770E-03
 TTTTTTTTTTTTTTTTTTTTTTTTTTTTTT TOTGRA      TELAPSE     7467.79 TCPU     7465.39
 EIGENVECTORS IN FORTRAN UNIT  8
 TTTTTTTTTTTTTTTTTTTTTTTTTTTTTT END         TELAPSE     7472.26 TCPU     7469.64
 EEEEEEEEEE TERMINATION  DATE 25 03 2026 TIME 19:24:20.8
NODE    0 CPU TIME =      7469.644
NODE    1 CPU TIME =      7470.096
NODE    2 CPU TIME =      7470.322
NODE    3 CPU TIME =      7470.403
NODE    4 CPU TIME =      7470.167
NODE    5 CPU TIME =      7470.599
NODE    6 CPU TIME =      7469.834
NODE    7 CPU TIME =      7470.015
NODE    8 CPU TIME =      7470.164
NODE    9 CPU TIME =      7470.254
NODE   10 CPU TIME =      7469.588
NODE   11 CPU TIME =      7470.466
NODE   12 CPU TIME =      7470.485
NODE   13 CPU TIME =      7470.640
NODE   14 CPU TIME =      7470.371
NODE   15 CPU TIME =      7470.001
NODE   16 CPU TIME =      7469.617
NODE   17 CPU TIME =      7470.503
NODE   18 CPU TIME =      7469.732
NODE   19 CPU TIME =      7470.607
NODE   20 CPU TIME =      7470.190
NODE   21 CPU TIME =      7469.937
NODE   22 CPU TIME =      7470.573
NODE   23 CPU TIME =      7470.479
NODE   24 CPU TIME =      7470.222
NODE   25 CPU TIME =      7469.933
NODE   26 CPU TIME =      7470.315
NODE   27 CPU TIME =      7470.277
NODE   28 CPU TIME =      7470.247
NODE   29 CPU TIME =      7469.750
NODE   30 CPU TIME =      7469.471
NODE   31 CPU TIME =      7469.556
    TOTAL CPU TIME =    239044.458
------------------------------------------------------
Pcrystal finished normally
------------------------------------------------------
SCF wavefunction fort.9 saved as /users/zeitzsab/tetra_script_walkthrough/oldPyro_tetra/rdm/rdm_disp27.w
Date: 2026-03-25 19:24:21