Date: 2026-03-25 17:28:42
Running on: nid002512
Temporary directory: /scratch/project_462000878/zeitzsab/rdm_disp33_8093
Executable: /project/project_462000878/jchem/crystal/23-1.0.1-gnu/install/bin/Pcrystal
Output: /users/zeitzsab/tetra_script_walkthrough/oldPyro_tetra/rdm/rdm_disp33.out
Input data rdm_disp33.d12
converted and standardized from ase Atoms() object for Ba27Ti27O81 in space group 1
EXTERNAL
ENDGEOM 
256 6 
INPUT 
10. 0 2 2 2 1 0 
9.526986 427.845816 0 
4.487510 204.417530 0 
8.315930 293.605864 0 
4.292217 294.193316 0 
5.916108 112.550402 0 
2.874842 181.782621 0 
3.589465 -33.473174 0 
0 0 3 2.0 1.0 
2.3961900000 -5.9554766710 
2.2433050000 6.6805648241 
0.71740200000 -0.57055347037 
0 0 1 2.0 1.0 
0.27420073547 1.0000000000 
0 1 1 0.0 1.0 
0.13 1.0 1.0 
0 2 4 6.0 1.0 
2.9267420000 0.79815276764 
2.5207180000 -1.0707548832 
0.67578180854 0.34940781448 
0.31985844531 0.65041110673 
0 3 2 0.0 1.0 
0.966315 -0.908938 
0.893828 0.947240 
0 3 1 0.0 1.0 
0.273195 0.322057 
22 12 
0 0 8 2.0 1.0 
211575.69025 .23318151011E-03 
31714.945058 .18079690851E-02 
7217.5476543 .93984311352E-02 
2042.9394247 .38156853618E-01 
665.12896208 .12374757197 
238.74942264 .29208551143 
92.508691001 .41226800855 
36.403919209 .21090534061 
0 0 4 2.0 1.0 
232.72624607 -.24920140738E-01 
71.791209711 -.11746490087 
11.158534615 .56503342318 
4.6548135416 .56211101812 
0 0 2 2.0 1.0 
6.8034629174 -.23011425503 
1.1201076403 .72103186735 
0 0 1 2.0 1.0 
0.48080118839 1.0000000000 
0 0 1 0.0 1.0 
0.24 1.0 
0 1 1 0.0 1.0 
0.12 1.0 1.0 
0 2 6 6.0 1.0 
1063.1474732 .24690839320E-02 
251.56507061 .19773345523E-01 
80.408554854 .90987976672E-01 
29.768193269 .25559900413 
11.736830556 .40489386764 
4.7142375230 .23693402558 
0 2 3 6.0 1.0 
17.796803704 -.27878639615E-01 
2.4272698680 .55672914668 
0.96823445537 1.0055447350 
0 2 1 0.0 1.0 
0.37056694165 1.0000000000 
0 3 4 2.0 1.0 
37.713384723 .11513835092E-01 
10.692931184 .67246343996E-01 
3.6728446990 .21484207775 
1.3588590303 .38890892779 
0 3 1 0.0 1.0 
0.54 1.0 
0 3 1 0.0 1.0 
0.22 1.0 
8 7 
0 0 6 2.0 1.0 
27032.382631 0.21726302465E-03 
4052.3871392 0.16838662199E-02 
922.32722710 0.87395616265E-02 
261.24070989 0.35239968808E-01 
85.354641351 0.11153519115 
31.035035245 0.25588953961 
0 0 2 2.0 1.0 
12.271113873 0.39768730901 
4.9159842006 0.24627849430 
0 0 1 0.0 1.0 
0.90086482370 1.0000000000 
0 1 1 0.0 1.0 
0.25000000000 1.0 1.0 
0 2 4 4.0 1.0 
75.300554155 0.60685103418E-02 
17.743733858 0.41912575824E-01 
5.5355828651 0.16153841088 
2.0685535103 0.35706951311 
0 2 1 0.0 1.0 
0.78238772422 1.0000000000 
0 3 1 0.0 1.0 
1.2000000000 1.0000000000 
99 0 
ENDBAS 
DFT 
PBE0 
ENDDFT 
SHRINK 
0 2 
2 2 2 
TOLINTEG 
8 8 8 8 16 
MAXCYCLE 
100 
FMIXING 
80 
EXCHSIZE 
30000000 
BIPOSIZE 
30000000 
GRADCAL 
ENDEXTERNAL geometry rdm_disp33.ext is available as /scratch/project_462000878/zeitzsab/rdm_disp33_8093/fort.34
 PROCESS            3  OF           32  WORKING
 PROCESS           24  OF           32  WORKING
 PROCESS            5  OF           32  WORKING
 PROCESS            7  OF           32  WORKING
 PROCESS            1  OF           32  WORKING
 PROCESS            8  OF           32  WORKING
 PROCESS           11  OF           32  WORKING
 PROCESS           17  OF           32  WORKING
 PROCESS           25  OF           32  WORKING
 PROCESS           31  OF           32  WORKING
 PROCESS            4  OF           32  WORKING
 PROCESS            2  OF           32  WORKING
 PROCESS           12  OF           32  WORKING
 PROCESS           15  OF           32  WORKING
 PROCESS           23  OF           32  WORKING
 PROCESS           28  OF           32  WORKING
 PROCESS           29  OF           32  WORKING
 PROCESS           21  OF           32  WORKING
 PROCESS           20  OF           32  WORKING
 PROCESS           30  OF           32  WORKING
 PROCESS           14  OF           32  WORKING
 PROCESS           19  OF           32  WORKING
 PROCESS           27  OF           32  WORKING
 PROCESS           18  OF           32  WORKING
 PROCESS           10  OF           32  WORKING
 PROCESS           16  OF           32  WORKING
 PROCESS           22  OF           32  WORKING
 PROCESS           26  OF           32  WORKING
 PROCESS            9  OF           32  WORKING
 PROCESS           13  OF           32  WORKING
 PROCESS            0  OF           32  WORKING
 PROCESS            6  OF           32  WORKING

         
 *******************************************************************************
 *                                                                             *
 *                               CRYSTAL23                                     *
 *                      public : 1.0.1 - October 2022                          *
 *                       HTTP://WWW.CRYSTAL.UNITO.IT                           *
 *                                                                             *
 *                              MAIN AUTHORS                                   *
 *                                                                             *
 *  R. DOVESI(1,11), V.R. SAUNDERS(2), C. ROETTI(1,11), R. ORLANDO(1,11),      *
 *  C.M. ZICOVICH-WILSON(1,3), F. PASCALE(4), B. CIVALLERI(1,11),              *
 *  K. DOLL(5), N.M. HARRISON(6), I.J. BUSH(7), Ph. D'ARCO(8),                 *
 *  M. LLUNELL(9), M. CAUSA'(10), Y. NOEL(8), L. MASCHIO(1,11), A. ERBA(1,11)  *
 *  M. RE'RAT(14), S. CASASSA(1,11), B.G. SEARLE(2), J.K. DESMARAIS(1)         *
 *                                                                             *
 *        CONTRIBUTIONS TO THE CODE HAVE ALSO BEEN GIVEN BY                    *
 *                                                                             *
 *  M. FERRABONE(1,11), M. DE LA PIERRE(1,11), M. FERRERO(1,11),               *
 *  J. BAIMA(1,11), E. ALBANESE(1,11), M.F. PEINTINGER(12), R. BAST(13),       *
 *  B. KIRTMAN(15), V. LACIVITA(1,11), R. DEMICHELIS(1,16)                     *
 *  G. BRANDEBURG(17), S. SALUSTRO(1,11), G. SANSONE(1,11)                     *
 *  M.T. RUGGIERO(18), L.E. DAGA(1), L. DONA'(1), A. COSSARD(1)                *
 *                                                                             *
 * (1) THEORETICAL CHEMISTRY GROUP - UNIVERSITA' DI TORINO - TORINO (ITALY)    *
 * (2) SCIENTIFIC COMPUTING DEPARTMENT - STFC DARESBURY (UK)                   *
 * (3) UNIVERSIDAD AUTONOMA DEL ESTADO DE MORELOS - CUERNAVACA (MEXICO)        *
 * (4) UNIVERSITE' DE LORRAINE - NANCY (FRANCE)                                *
 * (5) UNIVERSITAET STUTTGART- STUTTGART (GERMANY)                             *
 * (6) IMPERIAL COLLEGE - LONDON (UK)                                          *
 * (7) SCIENTIFIC COMPUTING DEPARTMENT - STFC RAL (UK)                         *
 * (8) UPMC - SORBONNE UNIVERSITES - PARIS (FRANCE)                            *
 * (9) UNIVERSIDAD DE BARCELONA - BARCELONA (SPAIN)                            *
 *(10) UNIVERSITA' DI NAPOLI "FEDERICO II" - NAPOLI (ITALY)                    *
 *(11) NIS - NANOSTRUCTURED INTERFACES AND SURFACES - TORINO (ITALY)           *
 *(12) MPI FUER CHEMISCHE ENERGIEKONVERSION - MUELHEIM AN DER RUHR (GERMANY)   *
 *(13) UNIVERSITY OF TROMSO - TROMSO (NORWAY)                                  *
 *(14) UNIVERSITE' DE PAU ET DES PAYS DE L'ADOUR - PAU (FRANCE)                *
 *(15) UNIVERSITY OF CALIFORNIA SANTA BARBARA - SANTA BARBARA (USA)            *
 *(16) CURTIN UNIVERSITY - PERTH (AUSTRALIA)                                   *
 *(17) UNIVERSITY COLLEGE LONDON - LONDON (UK)                                 *
 *(18) UNIVERSITY OF VERMONT - BURLINGTON (USA)                                *
 *                                                                             *
 *******************************************************************************
 EEEEEEEEEE STARTING  DATE 25 03 2026 TIME 17:28:44.9
 converted and standardized from ase Atoms() object for Ba27Ti27O81 in space grou
 filename=fort.34                        0           0

 GEOMETRY INPUT FROM EXTERNAL FILE (FORTRAN UNIT 34)
 3D - CRYSTAL 

 *******************************************************************************
 LATTICE PARAMETERS  (ANGSTROMS AND DEGREES) - PRIMITIVE CELL
       A          B          C        ALPHA      BETA     GAMMA        VOLUME
   11.90773   11.90773   12.27480    90.00000  90.00000  90.00000   1740.493702
 INFORMATION **** CHKGRP **** SPGR WITH NO INVERSION

 NUMBER OF IRREDUCIBLE ATOMS IN THE CELL:  135

 CARTESIAN COORDINATES (ANGSTROM) - IRREDUCIBLE ATOMS AND SYMMETRY RELATED

 AT.IRR.  AT  AT.N.          X                   Y                   Z
     1     1   256   -1.038373357623E-02  3.845514693433E-02  2.252839680688E-02
     2     2   256   -1.610438578716E-02 -3.065480723658E-02  4.137808106289E+00
     3     3   256   -3.691602874766E-02 -1.017953935928E-02  8.220941276857E+00
     4     4   256   -7.181493789554E-03  3.929936525626E+00  2.800861681613E-02
     5     5   256    3.187244658459E-02  3.958183140873E+00  4.096295373128E+00
     6     6   256    1.230600250231E-02  3.995504412981E+00  8.236932866509E+00
     7     7   256    3.963750959931E-02  7.943792094131E+00  2.704753438757E-02
     8     8   256    3.395485621650E-02  7.959624220963E+00  4.117186923908E+00
     9     9   256   -1.151961813740E-02  7.900319797757E+00  8.206153369189E+00
    10    10   256    3.956669120126E+00  1.479201842537E-02 -8.786040612306E-03
    11    11   256    3.981324893823E+00 -6.084645460320E-03  4.155428390258E+00
    12    12   256    3.941202140590E+00 -2.837834624596E-02  8.206501772532E+00
    13    13   256    3.975658152305E+00  3.999608722261E+00  5.142247555469E-02
    14    14   256    3.975019549664E+00  3.964691948861E+00  4.157103054712E+00
    15    15   256    3.961452548316E+00  3.971626090984E+00  8.248544829590E+00
    16    16   256    3.934717881793E+00  7.944049951849E+00  6.769859829170E-03
    17    17   256    4.002408512500E+00  7.937697821274E+00  4.095435047226E+00
    18    18   256    3.991021520277E+00  7.947744489295E+00  8.177133078806E+00
    19    19   256    7.965995175849E+00  1.808792667905E-02  3.465740402720E-03
    20    20   256    7.914184875074E+00 -3.175115731704E-02  4.116694829661E+00
    21    21   256    7.911479906872E+00 -7.217168939279E-04  8.179887597123E+00
    22    22   256    7.955190913208E+00  3.940141980839E+00  4.412664883473E-03
    23    23   256    7.931703117455E+00  3.968161978242E+00  4.157190215709E+00
    24    24   256    7.900049370983E+00  3.975348172900E+00  8.200155141342E+00
    25    25   256    7.909380516143E+00  7.949137864210E+00  9.016718354601E-04
    26    26   256    7.916270851709E+00  7.938866282118E+00  4.084524875402E+00
    27    27   256    7.917560672824E+00  7.970289323219E+00  8.221660973197E+00
    28    28     8    1.974529638059E+00  2.019710943131E+00  3.976964186208E+00
    29    29     8    2.012420844511E+00  2.003929068858E+00  8.030906643338E+00
    30    30     8    1.946502601056E+00  1.973300801802E+00  1.213949653674E+01
    31    31     8    1.991384746427E+00  5.943887095866E+00  3.998766778182E+00
    32    32     8    2.010430912293E+00  5.971692338681E+00  8.027402771030E+00
    33    33     8    1.998738060473E+00  5.974673274223E+00  1.211271390779E+01
    34    34     8    1.955882643011E+00  9.943533989038E+00  3.979519271179E+00
    35    35     8    1.980608088341E+00  9.944554713035E+00  8.018698290034E+00
    36    36     8    1.989473520350E+00  9.958318315066E+00  1.216217858137E+01
    37    37     8    5.920218734098E+00  2.005359625703E+00  3.966773422806E+00
    38    38     8    5.925975016136E+00  1.959941543744E+00  8.066817255941E+00
    39    39     8    5.939525398641E+00  1.948284846677E+00  1.213522543450E+01
    40    40     8    5.978381607673E+00  5.945144146566E+00  3.930246752054E+00
    41    41     8    5.989844907639E+00  5.957018438724E+00  8.069418773645E+00
    42    42     8    5.966062871649E+00  5.958650357756E+00  1.210603002467E+01
    43    43     8    5.975836725927E+00  9.897152574986E+00  3.939567636830E+00
    44    44     8    5.968724911372E+00  9.938182016568E+00  8.018282691568E+00
    45    45     8    5.955035017924E+00  9.907678758695E+00  1.210693898386E+01
    46    46     8    9.885465737554E+00  1.987033637978E+00  3.973931733546E+00
    47    47     8    9.944531429049E+00  1.952986792506E+00  8.064072594309E+00
    48    48     8    9.892452548396E+00  1.959582366085E+00  1.213807264376E+01
    49    49     8    9.899684049040E+00  5.962669626022E+00  3.929422534873E+00
    50    50     8    9.931276586193E+00  5.937401175755E+00  8.087752772065E+00
    51    51     8    9.919944879535E+00  5.956997533427E+00  1.218357512198E+01
    52    52     8    9.961818240948E+00  9.913526294279E+00  3.957483976699E+00
    53    53     8    9.944516913511E+00  9.905709370480E+00  8.023260164535E+00
    54    54     8    9.892401836650E+00  9.910149294262E+00  1.212171146099E+01
    55    55     8    1.944745122449E+00  2.085548650749E-03  1.988114601048E+00
    56    56     8    1.993346516538E+00  3.891333607775E-02  6.080478683936E+00
    57    57     8    2.001362085138E+00 -3.363555390768E-02  1.015524595278E+01
    58    58     8    1.969355452429E+00  3.932273399040E+00  1.985499927328E+00
    59    59     8    1.978698523644E+00  3.930953733664E+00  6.067437395787E+00
    60    60     8    1.959407218571E+00  4.000142312308E+00  1.017205850574E+01
    61    61     8    1.973669152555E+00  7.915625479141E+00  1.954835211900E+00
    62    62     8    1.976877808959E+00  7.905922350568E+00  6.055477626456E+00
    63    63     8    2.017444065724E+00  7.953119885911E+00  1.015140425719E+01
    64    64     8    5.924463643294E+00  2.693033855530E-02  1.988973581167E+00
    65    65     8    5.966192172340E+00  3.260581764311E-02  6.096994012795E+00
    66    66     8    5.981763513195E+00  2.251105877189E-02  1.015122421951E+01
    67    67     8    5.940915970944E+00  3.931435491564E+00  1.984110203712E+00
    68    68     8    5.913927781504E+00  3.971390920938E+00  6.076836560226E+00
    69    69     8    5.955482998805E+00  3.930239200967E+00  1.017768970680E+01
    70    70     8    5.958334669355E+00  7.976925090245E+00  1.995908642386E+00
    71    71     8    5.969215473669E+00  7.970574797135E+00  6.059074089921E+00
    72    72     8    5.914441032095E+00  7.935709672494E+00  1.017512965647E+01
    73    73     8    9.937424141471E+00 -3.640435010931E-02  1.994133400896E+00
    74    74     8    9.926766872592E+00 -1.960954315688E-02  6.112045455101E+00
    75    75     8    9.942841684483E+00 -2.971717016620E-03  1.020364065957E+01
    76    76     8    9.943619047228E+00  3.953310735041E+00  1.955352945326E+00
    77    77     8    9.908536348028E+00  3.982743387268E+00  6.112092431277E+00
    78    78     8    9.932077665934E+00  4.006617087896E+00  1.018005765370E+01
    79    79     8    9.940248079934E+00  7.942828622547E+00  2.021657037907E+00
    80    80     8    9.887221489892E+00  7.956070422670E+00  6.079057913524E+00
    81    81     8    9.942746460773E+00  7.905801310292E+00  1.015689059950E+01
    82    82     8    2.377991673671E-02  1.991869427470E+00  2.017112314351E+00
    83    83     8   -3.927829302430E-02  1.980207937721E+00  6.083516640406E+00
    84    84     8    2.968318920380E-03  2.002766473331E+00  1.020449701519E+01
    85    85     8    1.552925978147E-02  5.961906784954E+00  1.949800608503E+00
    86    86     8    7.672106837032E-03  5.935423198969E+00  6.042718954099E+00
    87    87     8    3.285451864248E-02  5.968226422299E+00  1.018670334228E+01
    88    88     8   -1.546560865660E-02  9.904129718377E+00  2.017406714215E+00
    89    89     8    8.204730527057E-04  9.895462982798E+00  6.106269146042E+00
    90    90     8    1.749474481007E-02  9.958899268048E+00  1.017259556886E+01
    91    91     8    4.007580104602E+00  1.974972603768E+00  1.979671804267E+00
    92    92     8    3.995377324089E+00  1.965290071283E+00  6.100683748087E+00
    93    93     8    3.965739175647E+00  1.990718178958E+00  1.020834980389E+01
    94    94     8    3.960214344007E+00  5.977330737295E+00  1.954664622272E+00
    95    95     8    3.959805298083E+00  5.992444676204E+00  6.082131306159E+00
    96    96     8    3.987661734511E+00  5.918478200059E+00  1.016606303968E+01
    97    97     8    3.970630141291E+00  9.913010258424E+00  2.024454446238E+00
    98    98     8    3.977011203847E+00  9.884104561312E+00  6.081638357002E+00
    99    99     8    3.956310669773E+00  9.921446285457E+00  1.013115808131E+01
   100   100     8    7.945663449221E+00  1.980771016823E+00  1.946613174321E+00
   101   101     8    7.901702227703E+00  1.997388051137E+00  6.086527719556E+00
   102   102     8    7.910555773332E+00  1.996344312810E+00  1.014285105080E+01
   103   103     8    7.900562519158E+00  5.957891696481E+00  1.997833856930E+00
   104   104     8    7.934350954995E+00  5.939615798261E+00  6.114519751961E+00
   105   105     8    7.914256966830E+00  5.974117879705E+00  1.014442268255E+01
   106   106     8    7.910754211969E+00  9.949388609149E+00  1.997619486299E+00
   107   107     8    7.941503416331E+00  9.962992952337E+00  6.076798481318E+00
   108   108     8    7.946263370903E+00  9.885651974139E+00  1.015729433946E+01
   109   109    22    1.974816138243E+00  2.022459512752E+00  2.155930344327E+00
   110   110    22    2.003967130835E+00  1.959447430177E+00  6.263364360180E+00
   111   111    22    1.989484100817E+00  1.974547304495E+00  1.029222792060E+01
   112   112    22    1.988646047965E+00  5.991791931186E+00  2.135373431339E+00
   113   113    22    1.970509976909E+00  5.991199934739E+00  6.236375694914E+00
   114   114    22    2.024375487548E+00  5.952837590020E+00  1.033494636995E+01
   115   115    22    1.978982715788E+00  9.959804101549E+00  2.162327682285E+00
   116   116    22    1.985726843653E+00  9.942844713983E+00  6.273808995429E+00
   117   117    22    2.005824045993E+00  9.940141319945E+00  1.035996514540E+01
   118   118    22    5.917997147131E+00  1.985180569602E+00  2.165128560924E+00
   119   119    22    5.920424046638E+00  1.974696053515E+00  6.258605453686E+00
   120   120    22    5.926644827780E+00  2.004721243582E+00  1.035196269394E+01
   121   121    22    5.924604216790E+00  5.981059232988E+00  2.149501962733E+00
   122   122    22    5.982762333692E+00  5.941765173963E+00  6.214161748810E+00
   123   123    22    5.983294617275E+00  5.966720782186E+00  1.035448040367E+01
   124   124    22    5.980668544281E+00  9.952686265292E+00  2.150070524920E+00
   125   125    22    5.934243594378E+00  9.888256750435E+00  6.239394588060E+00
   126   126    22    5.980821419111E+00  9.932177623777E+00  1.035876058008E+01
   127   127    22    9.891206319426E+00  1.962915427849E+00  2.157966297681E+00
   128   128    22    9.896917122839E+00  1.986110376685E+00  6.269227125888E+00
   129   129    22    9.901850968679E+00  2.015423978591E+00  1.031651567382E+01
   130   130    22    9.886274209271E+00  5.943390825851E+00  2.158981027947E+00
   131   131    22    9.936958500303E+00  5.982993818221E+00  6.262694233358E+00
   132   132    22    9.895160440141E+00  5.976484528338E+00  1.034815890585E+01
   133   133    22    9.933282406224E+00  9.893505600343E+00  2.122533451318E+00
   134   134    22    9.946080679371E+00  9.917066780378E+00  6.271217941743E+00
   135   135    22    9.912960391828E+00  9.923920802296E+00  1.029194962070E+01
 NUMBER OF SYMMETRY OPERATORS         :    1
 *******************************************************************************
 LATTICE PARAMETERS (ANGSTROMS AND DEGREES) - BOHR = 0.5291772083 ANGSTROM
 PRIMITIVE CELL - CENTRING CODE 1/0 VOLUME=  1740.493702 - DENSITY  6.022 g/cm^3
         A              B              C           ALPHA      BETA       GAMMA 
    11.90773305    11.90773305    12.27479580    90.000000  90.000000  90.000000
 *******************************************************************************
 ATOMS IN THE ASYMMETRIC UNIT  135 - ATOMS IN THE UNIT CELL:  135
     ATOM                 X/A                 Y/B                 Z/C    
 *******************************************************************************
      1 T 256 BA   -8.720159859669E-04  3.229426354526E-03  1.835337807158E-03
      2 T 256 BA   -1.352430871563E-03 -2.574361308560E-03  3.370979178561E-01
      3 T 256 BA   -3.100172685486E-03 -8.548679514847E-04 -3.302584083022E-01
      4 T 256 BA   -6.030949601741E-04  3.300322999453E-01  2.281799002809E-03
      5 T 256 BA    2.676617493082E-03  3.324044236005E-01  3.337159688740E-01
      6 T 256 BA    1.033446286597E-03  3.355386282346E-01 -3.289556094685E-01
      7 T 256 BA    3.328720037045E-03 -3.328879593811E-01  2.203501779441E-03
      8 T 256 BA    2.851496256586E-03 -3.315583925554E-01  3.354179565177E-01
      9 T 256 BA   -9.674064819080E-04 -3.365387211332E-01 -3.314631458726E-01
     10 T 256 BA    3.322772775903E-01  1.242219519304E-03 -7.157789632888E-04
     11 T 256 BA    3.343478458163E-01 -5.109826895490E-04  3.385334027518E-01
     12 T 256 BA    3.309783754843E-01 -2.383186298080E-03 -3.314347622360E-01
     13 T 256 BA    3.338719582990E-01  3.358833041912E-01  4.189273401573E-03
     14 T 256 BA    3.338183290617E-01  3.329510270522E-01  3.386698338975E-01
     15 T 256 BA    3.326789853016E-01  3.335333496567E-01 -3.280096089590E-01
     16 T 256 BA    3.304338336500E-01 -3.328663047372E-01  5.515252505602E-04
     17 T 256 BA    3.361184278900E-01 -3.333997505701E-01  3.336458800582E-01
     18 T 256 BA    3.351621592052E-01 -3.325560410262E-01 -3.338273636450E-01
     19 T 256 BA   -3.310233658749E-01  1.519006733112E-03  2.823460739543E-04
     20 T 256 BA   -3.353743452391E-01 -2.666431736731E-03  3.353778667064E-01
     21 T 256 BA   -3.356015058742E-01 -6.060909250295E-05 -3.336029592343E-01
     22 T 256 BA   -3.319306974883E-01  3.308893442853E-01  3.594898811655E-04
     23 T 256 BA   -3.339031800469E-01  3.332424367913E-01  3.386769347079E-01
     24 T 256 BA   -3.365614313143E-01  3.338459265259E-01 -3.319518080014E-01
     25 T 256 BA   -3.357778106939E-01 -3.324390267373E-01  7.345717600126E-05
     26 T 256 BA   -3.351991669222E-01 -3.333016243492E-01  3.327570529036E-01
     27 T 256 BA   -3.350908489820E-01 -3.306627474976E-01 -3.301997762605E-01
     28 T   8 O     1.658191050948E-01  1.696133877582E-01  3.239943255274E-01
     29 T   8 O     1.690011722686E-01  1.682880410943E-01 -3.457401023862E-01
     30 T   8 O     1.634654214100E-01  1.657159086046E-01 -1.102252660335E-02
     31 T   8 O     1.672345809287E-01  4.991619371133E-01  3.257705336477E-01
     32 T   8 O     1.688340596695E-01 -4.985030052651E-01 -3.460255549807E-01
     33 T   8 O     1.678521051892E-01 -4.982526691574E-01 -1.320444713292E-02
     34 T   8 O     1.642531483363E-01 -1.649515531390E-01  3.242024825520E-01
     35 T   8 O     1.663295675193E-01 -1.648658337167E-01 -3.467346894656E-01
     36 T   8 O     1.670740779959E-01 -1.637099796198E-01 -9.174671454171E-03
     37 T   8 O     4.971742907940E-01  1.684081778860E-01  3.231641069586E-01
     38 T   8 O     4.976576978383E-01  1.645940109267E-01 -3.428145455633E-01
     39 T   8 O     4.987956459640E-01  1.636150926878E-01 -1.137048369486E-02
     40 T   8 O    -4.979412468713E-01  4.992675030253E-01  3.201883612641E-01
     41 T   8 O    -4.969785699354E-01 -4.997353053087E-01 -3.426026057684E-01
     42 T   8 O    -4.989757625068E-01 -4.995982583136E-01 -1.374896805415E-02
     43 T   8 O    -4.981549635993E-01 -1.688466198034E-01  3.209477127782E-01
     44 T   8 O    -4.987522069642E-01 -1.654010066535E-01 -3.467685473377E-01
     45 T   8 O    -4.999018710850E-01 -1.679626409920E-01 -1.367491719447E-02
     46 T   8 O    -1.698280692013E-01  1.668691790146E-01  3.237472784310E-01
     47 T   8 O    -1.648677890836E-01  1.640099575885E-01 -3.430381469719E-01
     48 T   8 O    -1.692413235283E-01  1.645638475314E-01 -1.113852796180E-02
     49 T   8 O    -1.686340290405E-01 -4.992607240198E-01  3.201212141446E-01
     50 T   8 O    -1.659809180730E-01  4.986172557635E-01 -3.411089761620E-01
     51 T   8 O    -1.669325439291E-01 -4.997370609155E-01 -7.431543424622E-03
     52 T   8 O    -1.634160592013E-01 -1.674715705624E-01  3.224073166821E-01
     53 T   8 O    -1.648690080845E-01 -1.681280283252E-01 -3.463630438125E-01
     54 T   8 O    -1.692455822521E-01 -1.677551677847E-01 -1.247143671519E-02
     55 T   8 O     1.633178300423E-01  1.751423752945E-04  1.619672240126E-01
     56 T   8 O     1.673993285009E-01  3.267904639309E-03  4.953629195148E-01
     57 T   8 O     1.680724682637E-01 -2.824681554957E-03 -1.726749578371E-01
     58 T   8 O     1.653845819486E-01  3.302285483331E-01  1.617542124267E-01
     59 T   8 O     1.661692041076E-01  3.301177241007E-01  4.943004751075E-01
     60 T   8 O     1.645491388112E-01  3.359281145716E-01 -1.713052769695E-01
     61 T   8 O     1.657468423476E-01 -3.352533646914E-01  1.592560270453E-01
     62 T   8 O     1.660163022347E-01 -3.360682241220E-01  4.933261396052E-01
     63 T   8 O     1.694230175679E-01 -3.321046203743E-01 -1.729879321339E-01
     64 T   8 O     4.975307741967E-01  2.261584001105E-03  1.620372031906E-01
     65 T   8 O    -4.989649039587E-01  2.738205291150E-03  4.967083862035E-01
     66 T   8 O    -4.976572376894E-01  1.890457123734E-03 -1.730025993988E-01
     67 T   8 O     4.989124248921E-01  3.301581816670E-01  1.616409947701E-01
     68 T   8 O     4.966459826293E-01  3.335136003018E-01  4.950662038896E-01
     69 T   8 O    -4.998642500804E-01  3.300577183301E-01 -1.708465156870E-01
     70 T   8 O    -4.996247695228E-01 -3.301054821476E-01  1.626021870267E-01
     71 T   8 O    -4.987110100130E-01 -3.306387736720E-01  4.936191353929E-01
     72 T   8 O     4.966890849216E-01 -3.335667133977E-01 -1.710550772281E-01
     73 T   8 O    -1.654646522773E-01 -3.057202404223E-03  1.624575620961E-01
     74 T   8 O    -1.663596394956E-01 -1.646790625431E-03  4.979345933479E-01
     75 T   8 O    -1.650096922115E-01 -2.495619446742E-04 -1.687323499453E-01
     76 T   8 O    -1.649444100338E-01  3.319952436321E-01  1.592982056228E-01
     77 T   8 O    -1.678906214624E-01  3.344669695353E-01  4.979384203912E-01
     78 T   8 O    -1.659136441647E-01  3.364718600150E-01 -1.706536043799E-01
     79 T   8 O    -1.652275006338E-01 -3.329688708006E-01  1.646998508853E-01
     80 T   8 O    -1.696806228040E-01 -3.318568371274E-01  4.952471725456E-01
     81 T   8 O    -1.650176890073E-01 -3.360783889683E-01 -1.725409721685E-01
     82 T   8 O     1.997014598569E-03  1.672752839777E-01  1.643296024811E-01
     83 T   8 O    -3.298553373625E-03  1.662959632540E-01  4.956104149941E-01
     84 T   8 O     2.492765758114E-04  1.681904074371E-01 -1.686625845796E-01
     85 T   8 O     1.304132341250E-03 -4.993247866810E-01  1.588458692326E-01
     86 T   8 O     6.442961733201E-04  4.984511471702E-01  4.922867192706E-01
     87 T   8 O     2.759090962530E-03 -4.987940695984E-01 -1.701121950821E-01
     88 T   8 O    -1.298786980835E-03 -1.682606859938E-01  1.643535865758E-01
     89 T   8 O     6.890253999318E-05 -1.689885101348E-01  4.974640104434E-01
     90 T   8 O     1.469191888717E-03 -1.636611917456E-01 -1.712615236454E-01
     91 T   8 O     3.365527332343E-01  1.658563049302E-01  1.612794083521E-01
     92 T   8 O     3.355279554314E-01  1.650431751393E-01  4.970089806371E-01
     93 T   8 O     3.330389721532E-01  1.671786032319E-01 -1.683487065509E-01
     94 T   8 O     3.325750020913E-01 -4.980294979576E-01  1.592421294920E-01
     95 T   8 O     3.325406508070E-01 -4.967602438649E-01  4.954975549295E-01
     96 T   8 O     3.348800076191E-01  4.970281224149E-01 -1.717937141017E-01
     97 T   8 O     3.334497107568E-01 -1.675149067585E-01  1.649277494488E-01
     98 T   8 O     3.339855862697E-01 -1.699423794765E-01  4.954573954706E-01
     99 T   8 O     3.322471752735E-01 -1.668064572998E-01 -1.746373425363E-01
    100 T   8 O    -3.327308047755E-01  1.663432500968E-01  1.585861961403E-01
    101 T   8 O    -3.364226259924E-01  1.677387327000E-01  4.958557208386E-01
    102 T   8 O    -3.356791137225E-01  1.676510805564E-01 -1.736847426174E-01
    103 T   8 O    -3.365183376228E-01 -4.996619699598E-01  1.627590299245E-01
    104 T   8 O    -3.336808171901E-01  4.988032376373E-01  4.981361687468E-01
    105 T   8 O    -3.353682910426E-01 -4.982993106564E-01 -1.735567053143E-01
    106 T   8 O    -3.356624490360E-01 -1.644598877577E-01  1.627415656315E-01
    107 T   8 O    -3.330801603475E-01 -1.633174080656E-01  4.950631016866E-01
    108 T   8 O    -3.326804239282E-01 -1.698124292316E-01 -1.725080803822E-01
    109 T  22 TI    1.658431651055E-01  1.698442099987E-01  1.756387950932E-01
    110 T  22 TI    1.682912375026E-01  1.645525157433E-01 -4.897377958679E-01
    111 T  22 TI    1.670749665334E-01  1.658205887052E-01 -1.615153450783E-01
    112 T  22 TI    1.670045876587E-01 -4.968150607654E-01  1.739640696376E-01
    113 T  22 TI    1.654815378070E-01 -4.968647760592E-01 -4.919365017124E-01
    114 T  22 TI    1.700051117243E-01  4.999135910273E-01 -1.580351691104E-01
    115 T  22 TI    1.661930702913E-01 -1.635852046961E-01  1.761599718249E-01
    116 T  22 TI    1.667594356806E-01 -1.650094377970E-01 -4.888868949308E-01
    117 T  22 TI    1.684471794565E-01 -1.652364662352E-01 -1.559969457576E-01
    118 T  22 TI    4.969877240514E-01  1.667135601097E-01  1.763881531067E-01
    119 T  22 TI    4.971915327442E-01  1.658330805052E-01 -4.901254932741E-01
    120 T  22 TI    4.977139479777E-01  1.683545671677E-01 -1.566488874758E-01
    121 T  22 TI    4.975425794241E-01 -4.977163824656E-01  1.751150893063E-01
    122 T  22 TI   -4.975733577020E-01  4.989837401472E-01 -4.937462219282E-01
    123 T  22 TI   -4.975286570373E-01 -4.989205118109E-01 -1.564437753275E-01
    124 T  22 TI   -4.977491921285E-01 -1.641829537578E-01  1.751614087886E-01
    125 T  22 TI    4.983520851081E-01 -1.695936826166E-01 -4.916905592792E-01
    126 T  22 TI   -4.977363538469E-01 -1.659052498010E-01 -1.560950789842E-01
    127 T  22 TI   -1.693459806419E-01  1.648437548614E-01  1.758046596328E-01
    128 T  22 TI   -1.688663928489E-01  1.667916444167E-01 -4.892601695347E-01
    129 T  22 TI   -1.684520532076E-01  1.692533725880E-01 -1.595366764620E-01
    130 T  22 TI   -1.697601745219E-01  4.991202608334E-01  1.758873274248E-01
    131 T  22 TI   -1.655037563759E-01 -4.975539178533E-01 -4.897923895925E-01
    132 T  22 TI   -1.690139173769E-01 -4.981005617741E-01 -1.569587735341E-01
    133 T  22 TI   -1.658124712307E-01 -1.691528892358E-01  1.729180253506E-01
    134 T  22 TI   -1.647376845275E-01 -1.671742439357E-01 -4.890979822456E-01
    135 T  22 TI   -1.675190945074E-01 -1.665986497492E-01 -1.615380175450E-01

 T = ATOM BELONGING TO THE ASYMMETRIC UNIT
 *******************************************************************************
 * GEOMETRY EDITING - INPUT COORDINATES ARE GIVEN IN ANGSTROM         
 *******************************************************************************

 GCALCO - MAX INDICES DIRECT LATTICE VECTOR    15    15    14
 NO.OF VECTORS CREATED 6999 STARS  514 RMAX   270.02825 BOHR

 GEOMETRY FOR WAVE FUNCTION - DIMENSIONALITY OF THE SYSTEM    3
 (NON PERIODIC DIRECTION: LATTICE PARAMETER FORMALLY SET TO 500)
 *******************************************************************************
 LATTICE PARAMETERS (ANGSTROMS AND DEGREES) - BOHR = 0.5291772083 ANGSTROM
 PRIMITIVE CELL - CENTRING CODE 1/0 VOLUME=  1740.493702 - DENSITY  6.022 g/cm^3
         A              B              C           ALPHA      BETA       GAMMA 
    11.90773305    11.90773305    12.27479580    90.000000  90.000000  90.000000
 *******************************************************************************
 ATOMS IN THE ASYMMETRIC UNIT  135 - ATOMS IN THE UNIT CELL:  135
     ATOM                 X/A                 Y/B                 Z/C    
 *******************************************************************************
      1 T 256 BA   -8.720159859669E-04  3.229426354526E-03  1.835337807158E-03
      2 T 256 BA   -1.352430871563E-03 -2.574361308560E-03  3.370979178561E-01
      3 T 256 BA   -3.100172685486E-03 -8.548679514847E-04 -3.302584083022E-01
      4 T 256 BA   -6.030949601741E-04  3.300322999453E-01  2.281799002809E-03
      5 T 256 BA    2.676617493082E-03  3.324044236005E-01  3.337159688740E-01
      6 T 256 BA    1.033446286597E-03  3.355386282346E-01 -3.289556094685E-01
      7 T 256 BA    3.328720037045E-03 -3.328879593811E-01  2.203501779441E-03
      8 T 256 BA    2.851496256586E-03 -3.315583925554E-01  3.354179565177E-01
      9 T 256 BA   -9.674064819080E-04 -3.365387211332E-01 -3.314631458726E-01
     10 T 256 BA    3.322772775903E-01  1.242219519304E-03 -7.157789632888E-04
     11 T 256 BA    3.343478458163E-01 -5.109826895490E-04  3.385334027518E-01
     12 T 256 BA    3.309783754843E-01 -2.383186298080E-03 -3.314347622360E-01
     13 T 256 BA    3.338719582990E-01  3.358833041912E-01  4.189273401573E-03
     14 T 256 BA    3.338183290617E-01  3.329510270522E-01  3.386698338975E-01
     15 T 256 BA    3.326789853016E-01  3.335333496567E-01 -3.280096089590E-01
     16 T 256 BA    3.304338336500E-01 -3.328663047372E-01  5.515252505602E-04
     17 T 256 BA    3.361184278900E-01 -3.333997505701E-01  3.336458800582E-01
     18 T 256 BA    3.351621592052E-01 -3.325560410262E-01 -3.338273636450E-01
     19 T 256 BA   -3.310233658749E-01  1.519006733112E-03  2.823460739543E-04
     20 T 256 BA   -3.353743452391E-01 -2.666431736731E-03  3.353778667064E-01
     21 T 256 BA   -3.356015058742E-01 -6.060909250295E-05 -3.336029592343E-01
     22 T 256 BA   -3.319306974883E-01  3.308893442853E-01  3.594898811655E-04
     23 T 256 BA   -3.339031800469E-01  3.332424367913E-01  3.386769347079E-01
     24 T 256 BA   -3.365614313143E-01  3.338459265259E-01 -3.319518080014E-01
     25 T 256 BA   -3.357778106939E-01 -3.324390267373E-01  7.345717600126E-05
     26 T 256 BA   -3.351991669222E-01 -3.333016243492E-01  3.327570529036E-01
     27 T 256 BA   -3.350908489820E-01 -3.306627474976E-01 -3.301997762605E-01
     28 T   8 O     1.658191050948E-01  1.696133877582E-01  3.239943255274E-01
     29 T   8 O     1.690011722686E-01  1.682880410943E-01 -3.457401023862E-01
     30 T   8 O     1.634654214100E-01  1.657159086046E-01 -1.102252660334E-02
     31 T   8 O     1.672345809287E-01  4.991619371133E-01  3.257705336477E-01
     32 T   8 O     1.688340596695E-01 -4.985030052651E-01 -3.460255549807E-01
     33 T   8 O     1.678521051892E-01 -4.982526691574E-01 -1.320444713292E-02
     34 T   8 O     1.642531483363E-01 -1.649515531390E-01  3.242024825520E-01
     35 T   8 O     1.663295675193E-01 -1.648658337167E-01 -3.467346894656E-01
     36 T   8 O     1.670740779959E-01 -1.637099796198E-01 -9.174671454171E-03
     37 T   8 O     4.971742907940E-01  1.684081778860E-01  3.231641069586E-01
     38 T   8 O     4.976576978383E-01  1.645940109267E-01 -3.428145455633E-01
     39 T   8 O     4.987956459640E-01  1.636150926878E-01 -1.137048369486E-02
     40 T   8 O    -4.979412468713E-01  4.992675030253E-01  3.201883612641E-01
     41 T   8 O    -4.969785699354E-01 -4.997353053087E-01 -3.426026057684E-01
     42 T   8 O    -4.989757625068E-01 -4.995982583136E-01 -1.374896805415E-02
     43 T   8 O    -4.981549635993E-01 -1.688466198034E-01  3.209477127782E-01
     44 T   8 O    -4.987522069642E-01 -1.654010066535E-01 -3.467685473377E-01
     45 T   8 O    -4.999018710850E-01 -1.679626409920E-01 -1.367491719447E-02
     46 T   8 O    -1.698280692013E-01  1.668691790146E-01  3.237472784310E-01
     47 T   8 O    -1.648677890836E-01  1.640099575885E-01 -3.430381469719E-01
     48 T   8 O    -1.692413235283E-01  1.645638475314E-01 -1.113852796180E-02
     49 T   8 O    -1.686340290405E-01 -4.992607240198E-01  3.201212141446E-01
     50 T   8 O    -1.659809180730E-01  4.986172557635E-01 -3.411089761620E-01
     51 T   8 O    -1.669325439291E-01 -4.997370609155E-01 -7.431543424622E-03
     52 T   8 O    -1.634160592013E-01 -1.674715705624E-01  3.224073166821E-01
     53 T   8 O    -1.648690080845E-01 -1.681280283252E-01 -3.463630438125E-01
     54 T   8 O    -1.692455822521E-01 -1.677551677847E-01 -1.247143671519E-02
     55 T   8 O     1.633178300423E-01  1.751423752945E-04  1.619672240126E-01
     56 T   8 O     1.673993285009E-01  3.267904639309E-03  4.953629195148E-01
     57 T   8 O     1.680724682637E-01 -2.824681554957E-03 -1.726749578371E-01
     58 T   8 O     1.653845819486E-01  3.302285483331E-01  1.617542124267E-01
     59 T   8 O     1.661692041076E-01  3.301177241007E-01  4.943004751075E-01
     60 T   8 O     1.645491388112E-01  3.359281145716E-01 -1.713052769695E-01
     61 T   8 O     1.657468423476E-01 -3.352533646914E-01  1.592560270453E-01
     62 T   8 O     1.660163022347E-01 -3.360682241220E-01  4.933261396052E-01
     63 T   8 O     1.694230175679E-01 -3.321046203743E-01 -1.729879321339E-01
     64 T   8 O     4.975307741967E-01  2.261584001105E-03  1.620372031906E-01
     65 T   8 O    -4.989649039587E-01  2.738205291150E-03  4.967083862035E-01
     66 T   8 O    -4.976572376894E-01  1.890457123734E-03 -1.730025993988E-01
     67 T   8 O     4.989124248921E-01  3.301581816670E-01  1.616409947701E-01
     68 T   8 O     4.966459826293E-01  3.335136003018E-01  4.950662038896E-01
     69 T   8 O    -4.998642500804E-01  3.300577183301E-01 -1.708465156870E-01
     70 T   8 O    -4.996247695228E-01 -3.301054821476E-01  1.626021870267E-01
     71 T   8 O    -4.987110100130E-01 -3.306387736720E-01  4.936191353929E-01
     72 T   8 O     4.966890849216E-01 -3.335667133977E-01 -1.710550772281E-01
     73 T   8 O    -1.654646522773E-01 -3.057202404223E-03  1.624575620961E-01
     74 T   8 O    -1.663596394956E-01 -1.646790625431E-03  4.979345933479E-01
     75 T   8 O    -1.650096922115E-01 -2.495619446742E-04 -1.687323499453E-01
     76 T   8 O    -1.649444100338E-01  3.319952436321E-01  1.592982056228E-01
     77 T   8 O    -1.678906214624E-01  3.344669695353E-01  4.979384203912E-01
     78 T   8 O    -1.659136441647E-01  3.364718600150E-01 -1.706536043799E-01
     79 T   8 O    -1.652275006338E-01 -3.329688708006E-01  1.646998508853E-01
     80 T   8 O    -1.696806228040E-01 -3.318568371274E-01  4.952471725456E-01
     81 T   8 O    -1.650176890073E-01 -3.360783889683E-01 -1.725409721685E-01
     82 T   8 O     1.997014598569E-03  1.672752839777E-01  1.643296024811E-01
     83 T   8 O    -3.298553373625E-03  1.662959632540E-01  4.956104149941E-01
     84 T   8 O     2.492765758114E-04  1.681904074371E-01 -1.686625845796E-01
     85 T   8 O     1.304132341250E-03 -4.993247866810E-01  1.588458692326E-01
     86 T   8 O     6.442961733201E-04  4.984511471702E-01  4.922867192706E-01
     87 T   8 O     2.759090962530E-03 -4.987940695984E-01 -1.701121950821E-01
     88 T   8 O    -1.298786980835E-03 -1.682606859938E-01  1.643535865758E-01
     89 T   8 O     6.890253999318E-05 -1.689885101348E-01  4.974640104434E-01
     90 T   8 O     1.469191888717E-03 -1.636611917456E-01 -1.712615236454E-01
     91 T   8 O     3.365527332343E-01  1.658563049302E-01  1.612794083521E-01
     92 T   8 O     3.355279554314E-01  1.650431751393E-01  4.970089806371E-01
     93 T   8 O     3.330389721532E-01  1.671786032319E-01 -1.683487065509E-01
     94 T   8 O     3.325750020913E-01 -4.980294979576E-01  1.592421294920E-01
     95 T   8 O     3.325406508070E-01 -4.967602438649E-01  4.954975549295E-01
     96 T   8 O     3.348800076191E-01  4.970281224149E-01 -1.717937141017E-01
     97 T   8 O     3.334497107568E-01 -1.675149067585E-01  1.649277494488E-01
     98 T   8 O     3.339855862697E-01 -1.699423794765E-01  4.954573954706E-01
     99 T   8 O     3.322471752735E-01 -1.668064572998E-01 -1.746373425363E-01
    100 T   8 O    -3.327308047755E-01  1.663432500968E-01  1.585861961403E-01
    101 T   8 O    -3.364226259924E-01  1.677387327000E-01  4.958557208386E-01
    102 T   8 O    -3.356791137225E-01  1.676510805564E-01 -1.736847426174E-01
    103 T   8 O    -3.365183376228E-01 -4.996619699598E-01  1.627590299245E-01
    104 T   8 O    -3.336808171901E-01  4.988032376373E-01  4.981361687468E-01
    105 T   8 O    -3.353682910426E-01 -4.982993106564E-01 -1.735567053143E-01
    106 T   8 O    -3.356624490360E-01 -1.644598877577E-01  1.627415656315E-01
    107 T   8 O    -3.330801603475E-01 -1.633174080656E-01  4.950631016866E-01
    108 T   8 O    -3.326804239282E-01 -1.698124292316E-01 -1.725080803822E-01
    109 T  22 TI    1.658431651055E-01  1.698442099987E-01  1.756387950932E-01
    110 T  22 TI    1.682912375026E-01  1.645525157433E-01 -4.897377958679E-01
    111 T  22 TI    1.670749665334E-01  1.658205887052E-01 -1.615153450783E-01
    112 T  22 TI    1.670045876587E-01 -4.968150607654E-01  1.739640696376E-01
    113 T  22 TI    1.654815378070E-01 -4.968647760592E-01 -4.919365017124E-01
    114 T  22 TI    1.700051117243E-01  4.999135910273E-01 -1.580351691104E-01
    115 T  22 TI    1.661930702913E-01 -1.635852046961E-01  1.761599718249E-01
    116 T  22 TI    1.667594356806E-01 -1.650094377970E-01 -4.888868949308E-01
    117 T  22 TI    1.684471794565E-01 -1.652364662352E-01 -1.559969457576E-01
    118 T  22 TI    4.969877240514E-01  1.667135601097E-01  1.763881531067E-01
    119 T  22 TI    4.971915327442E-01  1.658330805052E-01 -4.901254932741E-01
    120 T  22 TI    4.977139479777E-01  1.683545671677E-01 -1.566488874758E-01
    121 T  22 TI    4.975425794241E-01 -4.977163824656E-01  1.751150893063E-01
    122 T  22 TI   -4.975733577020E-01  4.989837401472E-01 -4.937462219282E-01
    123 T  22 TI   -4.975286570373E-01 -4.989205118109E-01 -1.564437753275E-01
    124 T  22 TI   -4.977491921285E-01 -1.641829537578E-01  1.751614087886E-01
    125 T  22 TI    4.983520851081E-01 -1.695936826166E-01 -4.916905592792E-01
    126 T  22 TI   -4.977363538469E-01 -1.659052498010E-01 -1.560950789842E-01
    127 T  22 TI   -1.693459806419E-01  1.648437548614E-01  1.758046596328E-01
    128 T  22 TI   -1.688663928489E-01  1.667916444167E-01 -4.892601695347E-01
    129 T  22 TI   -1.684520532076E-01  1.692533725880E-01 -1.595366764620E-01
    130 T  22 TI   -1.697601745219E-01  4.991202608334E-01  1.758873274248E-01
    131 T  22 TI   -1.655037563759E-01 -4.975539178533E-01 -4.897923895925E-01
    132 T  22 TI   -1.690139173769E-01 -4.981005617741E-01 -1.569587735341E-01
    133 T  22 TI   -1.658124712307E-01 -1.691528892358E-01  1.729180253506E-01
    134 T  22 TI   -1.647376845275E-01 -1.671742439357E-01 -4.890979822456E-01
    135 T  22 TI   -1.675190945074E-01 -1.665986497492E-01 -1.615380175450E-01

 T = ATOM BELONGING TO THE ASYMMETRIC UNIT

 ****    1 SYMMOPS - TRANSLATORS IN FRACTIONAL UNITS
 **** MATRICES AND TRANSLATORS IN THE CRYSTALLOGRAPHIC REFERENCE FRAME
   V INV                    ROTATION MATRICES                   TRANSLATORS
   1   1  1.00  0.00  0.00  0.00  1.00  0.00  0.00  0.00  1.00  0.00  0.00  0.00

 DIRECT LATTICE VECTORS CARTESIAN COMPONENTS (ANGSTROM)
          X                    Y                    Z
   0.119077330500E+02   0.000000000000E+00   0.000000000000E+00
   0.000000000000E+00   0.119077330500E+02   0.000000000000E+00
   0.000000000000E+00   0.000000000000E+00   0.122747958000E+02


 CARTESIAN COORDINATES - PRIMITIVE CELL
 *******************************************************************************
 *      ATOM          X(ANGSTROM)         Y(ANGSTROM)         Z(ANGSTROM)
 *******************************************************************************
    1   256 BA   -1.038373357623E-02  3.845514693433E-02  2.252839680688E-02
    2   256 BA   -1.610438578716E-02 -3.065480723658E-02  4.137808106289E+00
    3   256 BA   -3.691602874766E-02 -1.017953935928E-02  8.220941276857E+00
    4   256 BA   -7.181493789554E-03  3.929936525626E+00  2.800861681613E-02
    5   256 BA    3.187244658459E-02  3.958183140873E+00  4.096295373128E+00
    6   256 BA    1.230600250231E-02  3.995504412981E+00  8.236932866509E+00
    7   256 BA    3.963750959931E-02  7.943792094131E+00  2.704753438757E-02
    8   256 BA    3.395485621650E-02  7.959624220963E+00  4.117186923908E+00
    9   256 BA   -1.151961813740E-02  7.900319797757E+00  8.206153369189E+00
   10   256 BA    3.956669120126E+00  1.479201842537E-02 -8.786040612306E-03
   11   256 BA    3.981324893823E+00 -6.084645460320E-03  4.155428390258E+00
   12   256 BA    3.941202140590E+00 -2.837834624596E-02  8.206501772532E+00
   13   256 BA    3.975658152305E+00  3.999608722261E+00  5.142247555469E-02
   14   256 BA    3.975019549664E+00  3.964691948861E+00  4.157103054712E+00
   15   256 BA    3.961452548316E+00  3.971626090984E+00  8.248544829590E+00
   16   256 BA    3.934717881793E+00  7.944049951849E+00  6.769859829170E-03
   17   256 BA    4.002408512500E+00  7.937697821274E+00  4.095435047226E+00
   18   256 BA    3.991021520277E+00  7.947744489295E+00  8.177133078806E+00
   19   256 BA    7.965995175849E+00  1.808792667905E-02  3.465740402720E-03
   20   256 BA    7.914184875074E+00 -3.175115731704E-02  4.116694829661E+00
   21   256 BA    7.911479906872E+00 -7.217168939279E-04  8.179887597123E+00
   22   256 BA    7.955190913208E+00  3.940141980839E+00  4.412664883473E-03
   23   256 BA    7.931703117455E+00  3.968161978242E+00  4.157190215709E+00
   24   256 BA    7.900049370983E+00  3.975348172900E+00  8.200155141342E+00
   25   256 BA    7.909380516143E+00  7.949137864210E+00  9.016718354601E-04
   26   256 BA    7.916270851709E+00  7.938866282118E+00  4.084524875402E+00
   27   256 BA    7.917560672824E+00  7.970289323219E+00  8.221660973197E+00
   28     8 O     1.974529638059E+00  2.019710943131E+00  3.976964186208E+00
   29     8 O     2.012420844511E+00  2.003929068858E+00  8.030906643338E+00
   30     8 O     1.946502601056E+00  1.973300801802E+00  1.213949653674E+01
   31     8 O     1.991384746427E+00  5.943887095866E+00  3.998766778182E+00
   32     8 O     2.010430912293E+00  5.971692338681E+00  8.027402771030E+00
   33     8 O     1.998738060473E+00  5.974673274223E+00  1.211271390779E+01
   34     8 O     1.955882643011E+00  9.943533989038E+00  3.979519271179E+00
   35     8 O     1.980608088341E+00  9.944554713035E+00  8.018698290034E+00
   36     8 O     1.989473520350E+00  9.958318315066E+00  1.216217858137E+01
   37     8 O     5.920218734098E+00  2.005359625703E+00  3.966773422806E+00
   38     8 O     5.925975016136E+00  1.959941543744E+00  8.066817255941E+00
   39     8 O     5.939525398641E+00  1.948284846677E+00  1.213522543450E+01
   40     8 O     5.978381607673E+00  5.945144146566E+00  3.930246752054E+00
   41     8 O     5.989844907639E+00  5.957018438724E+00  8.069418773645E+00
   42     8 O     5.966062871649E+00  5.958650357756E+00  1.210603002467E+01
   43     8 O     5.975836725927E+00  9.897152574986E+00  3.939567636830E+00
   44     8 O     5.968724911372E+00  9.938182016568E+00  8.018282691568E+00
   45     8 O     5.955035017924E+00  9.907678758695E+00  1.210693898386E+01
   46     8 O     9.885465737554E+00  1.987033637978E+00  3.973931733546E+00
   47     8 O     9.944531429049E+00  1.952986792506E+00  8.064072594309E+00
   48     8 O     9.892452548396E+00  1.959582366085E+00  1.213807264376E+01
   49     8 O     9.899684049040E+00  5.962669626022E+00  3.929422534873E+00
   50     8 O     9.931276586193E+00  5.937401175755E+00  8.087752772065E+00
   51     8 O     9.919944879535E+00  5.956997533427E+00  1.218357512198E+01
   52     8 O     9.961818240948E+00  9.913526294279E+00  3.957483976699E+00
   53     8 O     9.944516913511E+00  9.905709370480E+00  8.023260164535E+00
   54     8 O     9.892401836650E+00  9.910149294262E+00  1.212171146099E+01
   55     8 O     1.944745122449E+00  2.085548650749E-03  1.988114601048E+00
   56     8 O     1.993346516538E+00  3.891333607775E-02  6.080478683936E+00
   57     8 O     2.001362085138E+00 -3.363555390768E-02  1.015524595278E+01
   58     8 O     1.969355452429E+00  3.932273399040E+00  1.985499927328E+00
   59     8 O     1.978698523644E+00  3.930953733664E+00  6.067437395787E+00
   60     8 O     1.959407218571E+00  4.000142312308E+00  1.017205850574E+01
   61     8 O     1.973669152555E+00  7.915625479141E+00  1.954835211900E+00
   62     8 O     1.976877808959E+00  7.905922350568E+00  6.055477626456E+00
   63     8 O     2.017444065724E+00  7.953119885911E+00  1.015140425719E+01
   64     8 O     5.924463643294E+00  2.693033855530E-02  1.988973581167E+00
   65     8 O     5.966192172340E+00  3.260581764311E-02  6.096994012795E+00
   66     8 O     5.981763513195E+00  2.251105877189E-02  1.015122421951E+01
   67     8 O     5.940915970944E+00  3.931435491564E+00  1.984110203712E+00
   68     8 O     5.913927781504E+00  3.971390920938E+00  6.076836560226E+00
   69     8 O     5.955482998805E+00  3.930239200967E+00  1.017768970680E+01
   70     8 O     5.958334669355E+00  7.976925090245E+00  1.995908642386E+00
   71     8 O     5.969215473669E+00  7.970574797135E+00  6.059074089921E+00
   72     8 O     5.914441032095E+00  7.935709672494E+00  1.017512965647E+01
   73     8 O     9.937424141471E+00 -3.640435010931E-02  1.994133400896E+00
   74     8 O     9.926766872592E+00 -1.960954315688E-02  6.112045455101E+00
   75     8 O     9.942841684483E+00 -2.971717016620E-03  1.020364065957E+01
   76     8 O     9.943619047228E+00  3.953310735041E+00  1.955352945326E+00
   77     8 O     9.908536348028E+00  3.982743387268E+00  6.112092431277E+00
   78     8 O     9.932077665934E+00  4.006617087896E+00  1.018005765370E+01
   79     8 O     9.940248079934E+00  7.942828622547E+00  2.021657037907E+00
   80     8 O     9.887221489892E+00  7.956070422670E+00  6.079057913524E+00
   81     8 O     9.942746460773E+00  7.905801310292E+00  1.015689059950E+01
   82     8 O     2.377991673671E-02  1.991869427470E+00  2.017112314351E+00
   83     8 O    -3.927829302430E-02  1.980207937721E+00  6.083516640406E+00
   84     8 O     2.968318920380E-03  2.002766473331E+00  1.020449701519E+01
   85     8 O     1.552925978147E-02  5.961906784954E+00  1.949800608503E+00
   86     8 O     7.672106837032E-03  5.935423198969E+00  6.042718954099E+00
   87     8 O     3.285451864248E-02  5.968226422299E+00  1.018670334228E+01
   88     8 O    -1.546560865660E-02  9.904129718377E+00  2.017406714215E+00
   89     8 O     8.204730527057E-04  9.895462982798E+00  6.106269146042E+00
   90     8 O     1.749474481007E-02  9.958899268048E+00  1.017259556886E+01
   91     8 O     4.007580104602E+00  1.974972603768E+00  1.979671804267E+00
   92     8 O     3.995377324089E+00  1.965290071283E+00  6.100683748087E+00
   93     8 O     3.965739175647E+00  1.990718178958E+00  1.020834980389E+01
   94     8 O     3.960214344007E+00  5.977330737295E+00  1.954664622272E+00
   95     8 O     3.959805298083E+00  5.992444676204E+00  6.082131306159E+00
   96     8 O     3.987661734511E+00  5.918478200059E+00  1.016606303968E+01
   97     8 O     3.970630141291E+00  9.913010258424E+00  2.024454446238E+00
   98     8 O     3.977011203847E+00  9.884104561312E+00  6.081638357002E+00
   99     8 O     3.956310669773E+00  9.921446285457E+00  1.013115808131E+01
  100     8 O     7.945663449221E+00  1.980771016823E+00  1.946613174321E+00
  101     8 O     7.901702227703E+00  1.997388051137E+00  6.086527719556E+00
  102     8 O     7.910555773332E+00  1.996344312810E+00  1.014285105080E+01
  103     8 O     7.900562519158E+00  5.957891696481E+00  1.997833856930E+00
  104     8 O     7.934350954995E+00  5.939615798261E+00  6.114519751961E+00
  105     8 O     7.914256966830E+00  5.974117879705E+00  1.014442268255E+01
  106     8 O     7.910754211969E+00  9.949388609149E+00  1.997619486299E+00
  107     8 O     7.941503416331E+00  9.962992952337E+00  6.076798481318E+00
  108     8 O     7.946263370903E+00  9.885651974139E+00  1.015729433946E+01
  109    22 TI    1.974816138243E+00  2.022459512752E+00  2.155930344327E+00
  110    22 TI    2.003967130835E+00  1.959447430177E+00  6.263364360180E+00
  111    22 TI    1.989484100817E+00  1.974547304495E+00  1.029222792060E+01
  112    22 TI    1.988646047965E+00  5.991791931186E+00  2.135373431339E+00
  113    22 TI    1.970509976909E+00  5.991199934739E+00  6.236375694914E+00
  114    22 TI    2.024375487548E+00  5.952837590020E+00  1.033494636995E+01
  115    22 TI    1.978982715788E+00  9.959804101549E+00  2.162327682285E+00
  116    22 TI    1.985726843653E+00  9.942844713983E+00  6.273808995429E+00
  117    22 TI    2.005824045993E+00  9.940141319945E+00  1.035996514540E+01
  118    22 TI    5.917997147131E+00  1.985180569602E+00  2.165128560924E+00
  119    22 TI    5.920424046638E+00  1.974696053515E+00  6.258605453686E+00
  120    22 TI    5.926644827780E+00  2.004721243582E+00  1.035196269394E+01
  121    22 TI    5.924604216790E+00  5.981059232988E+00  2.149501962733E+00
  122    22 TI    5.982762333692E+00  5.941765173963E+00  6.214161748810E+00
  123    22 TI    5.983294617275E+00  5.966720782186E+00  1.035448040367E+01
  124    22 TI    5.980668544281E+00  9.952686265292E+00  2.150070524920E+00
  125    22 TI    5.934243594378E+00  9.888256750435E+00  6.239394588060E+00
  126    22 TI    5.980821419111E+00  9.932177623777E+00  1.035876058008E+01
  127    22 TI    9.891206319426E+00  1.962915427849E+00  2.157966297681E+00
  128    22 TI    9.896917122839E+00  1.986110376685E+00  6.269227125888E+00
  129    22 TI    9.901850968679E+00  2.015423978591E+00  1.031651567382E+01
  130    22 TI    9.886274209271E+00  5.943390825851E+00  2.158981027947E+00
  131    22 TI    9.936958500303E+00  5.982993818221E+00  6.262694233358E+00
  132    22 TI    9.895160440141E+00  5.976484528338E+00  1.034815890585E+01
  133    22 TI    9.933282406224E+00  9.893505600343E+00  2.122533451318E+00
  134    22 TI    9.946080679371E+00  9.917066780378E+00  6.271217941743E+00
  135    22 TI    9.912960391828E+00  9.923920802296E+00  1.029194962070E+01

 *******************************************************************************
 *** PSEUDOPOTENTIAL INFORMATION ***
 *******************************************************************************

 ATOMIC NUMBER  56, NUCLEAR CHARGE 10.000, GIVEN IN INPUT       PSEUDOPOTENTIAL
   TYPE       EXPONENT      COEFF.    N      EXPONENT      COEFF.    N
  P0 TMS     9.5269860  427.8458160   0     4.4875100  204.4175300   0
  P1 TMS     8.3159300  293.6058640   0     4.2922170  294.1933160   0
  P2 TMS     5.9161080  112.5504020   0     2.8748420  181.7826210   0
  P3 TMS     3.5894650  -33.4731740   0

 *******************************************************************************
 LOCAL ATOMIC FUNCTIONS BASIS SET
 *******************************************************************************
   ATOM   X(AU)   Y(AU)   Z(AU)  N. TYPE  EXPONENT  S COEF   P COEF   D/F/G COEF
 *******************************************************************************
   1 BA  -0.020   0.073   0.043
                                  1 S  
                                         2.396E+00-5.955E+00 0.000E+00 0.000E+00
                                         2.243E+00 6.681E+00 0.000E+00 0.000E+00
                                         7.174E-01-5.706E-01 0.000E+00 0.000E+00
                                  2 S  
                                         2.742E-01 1.000E+00 0.000E+00 0.000E+00
                           3-     6 SP 
                                         1.300E-01 1.000E+00 1.000E+00 0.000E+00
                           7-     9 P  
                                         2.927E+00 0.000E+00 7.982E-01 0.000E+00
                                         2.521E+00 0.000E+00-1.071E+00 0.000E+00
                                         6.758E-01 0.000E+00 3.494E-01 0.000E+00
                                         3.199E-01 0.000E+00 6.504E-01 0.000E+00
                          10-    14 D  
                                         9.663E-01 0.000E+00 0.000E+00-9.089E-01
                                         8.938E-01 0.000E+00 0.000E+00 9.472E-01
                          15-    19 D  
                                         2.732E-01 0.000E+00 0.000E+00 3.221E-01
   2 BA  -0.030  -0.058   7.819
   3 BA  -0.070  -0.019  15.535
   4 BA  -0.014   7.427   0.053
   5 BA   0.060   7.480   7.741
   6 BA   0.023   7.550  15.566
   7 BA   0.075  15.012   0.051
   8 BA   0.064  15.042   7.780
   9 BA  -0.022  14.929  15.507
  10 BA   7.477   0.028  -0.017
  11 BA   7.524  -0.011   7.853
  12 BA   7.448  -0.054  15.508
  13 BA   7.513   7.558   0.097
  14 BA   7.512   7.492   7.856
  15 BA   7.486   7.505  15.587
  16 BA   7.436  15.012   0.013
  17 BA   7.563  15.000   7.739
  18 BA   7.542  15.019  15.453
  19 BA  15.054   0.034   0.007
  20 BA  14.956  -0.060   7.779
  21 BA  14.951  -0.001  15.458
  22 BA  15.033   7.446   0.008
  23 BA  14.989   7.499   7.856
  24 BA  14.929   7.512  15.496
  25 BA  14.947  15.022   0.002
  26 BA  14.960  15.002   7.719
  27 BA  14.962  15.062  15.537
  28 O    3.731   3.817   7.515
                                514 S  
                                         2.703E+04 2.173E-04 0.000E+00 0.000E+00
                                         4.052E+03 1.684E-03 0.000E+00 0.000E+00
                                         9.223E+02 8.740E-03 0.000E+00 0.000E+00
                                         2.612E+02 3.524E-02 0.000E+00 0.000E+00
                                         8.535E+01 1.115E-01 0.000E+00 0.000E+00
                                         3.104E+01 2.559E-01 0.000E+00 0.000E+00
                                515 S  
                                         1.227E+01 3.977E-01 0.000E+00 0.000E+00
                                         4.916E+00 2.463E-01 0.000E+00 0.000E+00
                                516 S  
                                         9.009E-01 1.000E+00 0.000E+00 0.000E+00
                         517-   520 SP 
                                         2.500E-01 1.000E+00 1.000E+00 0.000E+00
                         521-   523 P  
                                         7.530E+01 0.000E+00 6.069E-03 0.000E+00
                                         1.774E+01 0.000E+00 4.191E-02 0.000E+00
                                         5.536E+00 0.000E+00 1.615E-01 0.000E+00
                                         2.069E+00 0.000E+00 3.571E-01 0.000E+00
                         524-   526 P  
                                         7.824E-01 0.000E+00 1.000E+00 0.000E+00
                         527-   531 D  
                                         1.200E+00 0.000E+00 0.000E+00 1.000E+00
  29 O    3.803   3.787  15.176
  30 O    3.678   3.729  22.940
  31 O    3.763  11.232   7.557
  32 O    3.799  11.285  15.170
  33 O    3.777  11.290  22.890
  34 O    3.696  18.791   7.520
  35 O    3.743  18.792  15.153
  36 O    3.760  18.818  22.983
  37 O   11.188   3.790   7.496
  38 O   11.198   3.704  15.244
  39 O   11.224   3.682  22.932
  40 O   11.298  11.235   7.427
  41 O   11.319  11.257  15.249
  42 O   11.274  11.260  22.877
  43 O   11.293  18.703   7.445
  44 O   11.279  18.780  15.152
  45 O   11.253  18.723  22.879
  46 O   18.681   3.755   7.510
  47 O   18.792   3.691  15.239
  48 O   18.694   3.703  22.938
  49 O   18.708  11.268   7.426
  50 O   18.767  11.220  15.284
  51 O   18.746  11.257  23.024
  52 O   18.825  18.734   7.479
  53 O   18.792  18.719  15.162
  54 O   18.694  18.727  22.907
  55 O    3.675   0.004   3.757
  56 O    3.767   0.074  11.490
  57 O    3.782  -0.064  19.191
  58 O    3.722   7.431   3.752
  59 O    3.739   7.428  11.466
  60 O    3.703   7.559  19.222
  61 O    3.730  14.958   3.694
  62 O    3.736  14.940  11.443
  63 O    3.812  15.029  19.183
  64 O   11.196   0.051   3.759
  65 O   11.274   0.062  11.522
  66 O   11.304   0.043  19.183
  67 O   11.227   7.429   3.749
  68 O   11.176   7.505  11.484
  69 O   11.254   7.427  19.233
  70 O   11.260  15.074   3.772
  71 O   11.280  15.062  11.450
  72 O   11.177  14.996  19.228
  73 O   18.779  -0.069   3.768
  74 O   18.759  -0.037  11.550
  75 O   18.789  -0.006  19.282
  76 O   18.791   7.471   3.695
  77 O   18.724   7.526  11.550
  78 O   18.769   7.571  19.238
  79 O   18.784  15.010   3.820
  80 O   18.684  15.035  11.488
  81 O   18.789  14.940  19.194
  82 O    0.045   3.764   3.812
  83 O   -0.074   3.742  11.496
  84 O    0.006   3.785  19.284
  85 O    0.029  11.266   3.685
  86 O    0.014  11.216  11.419
  87 O    0.062  11.278  19.250
  88 O   -0.029  18.716   3.812
  89 O    0.002  18.700  11.539
  90 O    0.033  18.820  19.223
  91 O    7.573   3.732   3.741
  92 O    7.550   3.714  11.529
  93 O    7.494   3.762  19.291
  94 O    7.484  11.296   3.694
  95 O    7.483  11.324  11.494
  96 O    7.536  11.184  19.211
  97 O    7.503  18.733   3.826
  98 O    7.515  18.678  11.493
  99 O    7.476  18.749  19.145
 100 O   15.015   3.743   3.679
 101 O   14.932   3.775  11.502
 102 O   14.949   3.773  19.167
 103 O   14.930  11.259   3.775
 104 O   14.994  11.224  11.555
 105 O   14.956  11.289  19.170
 106 O   14.949  18.802   3.775
 107 O   15.007  18.827  11.483
 108 O   15.016  18.681  19.195
 109 TI   3.732   3.822   4.074
                               1972 S  
                                         2.116E+05 2.332E-04 0.000E+00 0.000E+00
                                         3.171E+04 1.808E-03 0.000E+00 0.000E+00
                                         7.218E+03 9.398E-03 0.000E+00 0.000E+00
                                         2.043E+03 3.816E-02 0.000E+00 0.000E+00
                                         6.651E+02 1.237E-01 0.000E+00 0.000E+00
                                         2.387E+02 2.921E-01 0.000E+00 0.000E+00
                                         9.251E+01 4.123E-01 0.000E+00 0.000E+00
                                         3.640E+01 2.109E-01 0.000E+00 0.000E+00
                               1973 S  
                                         2.327E+02-2.492E-02 0.000E+00 0.000E+00
                                         7.179E+01-1.175E-01 0.000E+00 0.000E+00
                                         1.116E+01 5.650E-01 0.000E+00 0.000E+00
                                         4.655E+00 5.621E-01 0.000E+00 0.000E+00
                               1974 S  
                                         6.803E+00-2.301E-01 0.000E+00 0.000E+00
                                         1.120E+00 7.210E-01 0.000E+00 0.000E+00
                               1975 S  
                                         4.808E-01 1.000E+00 0.000E+00 0.000E+00
                               1976 S  
                                         2.400E-01 1.000E+00 0.000E+00 0.000E+00
                        1977-  1980 SP 
                                         1.200E-01 1.000E+00 1.000E+00 0.000E+00
                        1981-  1983 P  
                                         1.063E+03 0.000E+00 2.469E-03 0.000E+00
                                         2.516E+02 0.000E+00 1.977E-02 0.000E+00
                                         8.041E+01 0.000E+00 9.099E-02 0.000E+00
                                         2.977E+01 0.000E+00 2.556E-01 0.000E+00
                                         1.174E+01 0.000E+00 4.049E-01 0.000E+00
                                         4.714E+00 0.000E+00 2.369E-01 0.000E+00
                        1984-  1986 P  
                                         1.780E+01 0.000E+00-2.788E-02 0.000E+00
                                         2.427E+00 0.000E+00 5.567E-01 0.000E+00
                                         9.682E-01 0.000E+00 1.006E+00 0.000E+00
                        1987-  1989 P  
                                         3.706E-01 0.000E+00 1.000E+00 0.000E+00
                        1990-  1994 D  
                                         3.771E+01 0.000E+00 0.000E+00 1.151E-02
                                         1.069E+01 0.000E+00 0.000E+00 6.725E-02
                                         3.673E+00 0.000E+00 0.000E+00 2.148E-01
                                         1.359E+00 0.000E+00 0.000E+00 3.889E-01
                        1995-  1999 D  
                                         5.400E-01 0.000E+00 0.000E+00 1.000E+00
                        2000-  2004 D  
                                         2.200E-01 0.000E+00 0.000E+00 1.000E+00
 110 TI   3.787   3.703  11.836
 111 TI   3.760   3.731  19.449
 112 TI   3.758  11.323   4.035
 113 TI   3.724  11.322  11.785
 114 TI   3.826  11.249  19.530
 115 TI   3.740  18.821   4.086
 116 TI   3.752  18.789  11.856
 117 TI   3.790  18.784  19.577
 118 TI  11.183   3.751   4.092
 119 TI  11.188   3.732  11.827
 120 TI  11.200   3.788  19.562
 121 TI  11.196  11.303   4.062
 122 TI  11.306  11.228  11.743
 123 TI  11.307  11.275  19.567
 124 TI  11.302  18.808   4.063
 125 TI  11.214  18.686  11.791
 126 TI  11.302  18.769  19.575
 127 TI  18.692   3.709   4.078
 128 TI  18.702   3.753  11.847
 129 TI  18.712   3.809  19.495
 130 TI  18.682  11.231   4.080
 131 TI  18.778  11.306  11.835
 132 TI  18.699  11.294  19.555
 133 TI  18.771  18.696   4.011
 134 TI  18.795  18.741  11.851
 135 TI  18.733  18.753  19.449
 INFORMATION **** SET_MPP **** PCRYSTAL CALCULATION
 INFORMATION **** READM2 **** NEW DEFAULT: FOCK/KS MATRIX MIXING SET TO 30 %
 INFORMATION **** READM2 **** NEW DEFAULT: FULL DIRECT SCF MODE
 INFORMATION **** READM2 **** NEW DEFAULT: COULOMB BIPOLAR BUFFER SET TO 32 Mb
 INFORMATION **** READM2 **** NEW DEFAULT: EXCHANGE BIPOLAR BUFFER SET TO 32 Mb

 *******************************************************************************
 NEW DEFAULT: DFT INTEGRATION GRID INCREASED TO XLGRID
 NEW DEFAULT: DIIS ACCELERATOR ACTIVE
 USE KEYWORD NODIIS TO TURN IT OFF
 *******************************************************************************

 INFORMATION **** TOLINTEG **** COULOMB AND EXCHANGE SERIES TOLERANCES MODIFIED
 INFORMATION **** MAXCYCLE **** MAX NUMBER OF SCF CYCLES SET TO         100
 INFORMATION **** EXCHSIZE **** EXCHANGE BIPOLAR BUFFER SIZE SET TO    30000000
 INFORMATION **** BIPOSIZE **** COULOMB BIPOLAR BUFFER SET TO    30000000
 INFORMATION **** GRADCAL **** ANALYTICAL GRADIENT AFTER SCF COMPLETED
 *******************************************************************************
 N. OF ATOMS PER CELL       135  COULOMB OVERLAP TOL         (T1) 10**   -8
 NUMBER OF SHELLS          1053  COULOMB PENETRATION TOL     (T2) 10**   -8
 NUMBER OF AO              2862  EXCHANGE OVERLAP TOL        (T3) 10**   -8
 N. OF ELECTRONS PER CELL  1512  EXCHANGE PSEUDO OVP (F(G))  (T4) 10**   -8
 CORE ELECTRONS PER CELL    648  EXCHANGE PSEUDO OVP (P(G))  (T5) 10**  -16
 N. OF SYMMETRY OPERATORS     1  POLE ORDER IN MONO ZONE                  4
 *******************************************************************************
 TYPE OF CALCULATION :  RESTRICTED CLOSED SHELL
 KOHN-SHAM HAMILTONIAN

 (EXCHANGE)[CORRELATION] FUNCTIONAL:(PERDEW-BURKE-ERNZERHOF)[PERDEW-BURKE-ERNZERHOF]


 HYBRID EXCHANGE - PERCENTAGE OF FOCK EXCHANGE    25.0000
 CORE  PSEUDO POTENTIAL         TOL. ON PSEUDO              (TP) 10**- 6

 CAPPA:IS1  2;IS2  2;IS3  2; K PTS MONK NET   8; SYMMOPS:K SPACE   2;G SPACE   1

 *******************************************************************************
 MAX NUMBER OF SCF CYCLES     100  CONVERGENCE ON DELTAP        10**-16
 WEIGHT OF F(I) IN F(I+1)      80% CONVERGENCE ON ENERGY        10**- 6
 SHRINK. FACT.(MONKH.)    2  2  2  NUMBER OF K POINTS IN THE IBZ      8
 SHRINKING FACTOR(GILAT NET)    2  NUMBER OF K POINTS(GILAT NET)      8
 *******************************************************************************
 *** K POINTS COORDINATES (OBLIQUE COORDINATES IN UNITS OF IS =  2)
   1-R(  0  0  0)   2-R(  1  0  0)   3-R(  0  1  0)   4-R(  1  1  0)
   5-R(  0  0  1)   6-R(  1  0  1)   7-R(  0  1  1)   8-R(  1  1  1)

 DIRECT LATTICE VECTORS COMPON. (A.U.)     RECIP. LATTICE VECTORS COMPON. (A.U.) 
        X            Y            Z              X            Y            Z
   22.5023543    0.0000000    0.0000000      0.2792235    0.0000000    0.0000000
    0.0000000   22.5023543    0.0000000      0.0000000    0.2792235    0.0000000
    0.0000000    0.0000000   23.1960024      0.0000000    0.0000000    0.2708736

 DISK SPACE FOR EIGENVECTORS (FTN 10)    65528352 REALS

 SYMMETRY ADAPTION OF THE BLOCH FUNCTIONS DISABLED
 TTTTTTTTTTTTTTTTTTTTTTTTTTTTTT gordsh1     TELAPSE        0.84 TCPU        0.45

 MATRIX SIZE: P(G) 7082754, F(G) 1249848, P(G) IRR 3549180, F(G) IRR 1253628
 MAX G-VECTOR INDEX FOR 1- AND 2-ELECTRON INTEGRALS  27

 TTTTTTTTTTTTTTTTTTTTTTTTTTTTTT INPUT       TELAPSE        3.92 TCPU        3.52

 NEIGHBORS OF THE NON-EQUIVALENT ATOMS

 N = NUMBER OF NEIGHBORS AT DISTANCE R
    ATOM  N     R/ANG      R/AU   NEIGHBORS (ATOM LABELS AND CELL INDICES)
   1 BA   1     2.7564     5.2089   30 O    0 0-1
   1 BA   1     2.7726     5.2395   55 O    0 0 0
   1 BA   1     2.7810     5.2554   73 O   -1 0 0
   1 BA   1     2.7813     5.2559   48 O   -1 0-1
   1 BA   1     2.7920     5.2761   82 O    0 0 0
   1 BA   1     2.8230     5.3347   36 O    0-1-1

   2 BA   1     2.7590     5.2138   52 O   -1-1 0
   2 BA   1     2.7663     5.2275   34 O    0-1 0
   2 BA   1     2.7854     5.2636   74 O   -1 0 0
   2 BA   1     2.7932     5.2784   89 O    0-1 0
   2 BA   1     2.7958     5.2834   56 O    0 0 0
   2 BA   1     2.7982     5.2878   83 O    0 0 0

   3 BA   1     2.7514     5.1994   90 O    0-1 0
   3 BA   1     2.7549     5.2059   47 O   -1 0 0
   3 BA   1     2.7655     5.2261   75 O   -1 0 0
   3 BA   1     2.7780     5.2496   53 O   -1-1 0
   3 BA   1     2.8101     5.3103   57 O    0 0 0
   3 BA   1     2.8152     5.3200   35 O    0-1 0

   4 BA   1     2.7468     5.1907   76 O   -1 0 0
   4 BA   1     2.7698     5.2342   30 O    0 0-1
   4 BA   1     2.7773     5.2484   82 O    0 0 0
   4 BA   1     2.7818     5.2569   58 O    0 0 0
   4 BA   1     2.7969     5.2854   85 O    0 0 0
   4 BA   1     2.8181     5.3255   48 O   -1 0-1

   5 BA   1     2.7470     5.1910   28 O    0 0 0
   5 BA   1     2.7706     5.2357   59 O    0 0 0
   5 BA   1     2.7746     5.2433   86 O    0 0 0
   5 BA   1     2.7915     5.2751   31 O    0 0 0
   5 BA   1     2.8047     5.3002   83 O    0 0 0
   5 BA   1     2.8495     5.3849   46 O   -1 0 0

   6 BA   1     2.7452     5.1876   60 O    0 0 0
   6 BA   1     2.7737     5.2416   87 O    0 0 0
   6 BA   1     2.7799     5.2533   78 O   -1 0 0
   6 BA   1     2.7836     5.2602   50 O   -1 0 0
   6 BA   1     2.8004     5.2920   84 O    0 0 0
   6 BA   1     2.8181     5.3254   32 O    0 0 0

   7 BA   1     2.7309     5.1606   61 O    0 0 0
   7 BA   1     2.7614     5.2183   85 O    0 0 0
   7 BA   1     2.7841     5.2612   33 O    0 0-1
   7 BA   1     2.7942     5.2803   88 O    0 0 0
   7 BA   1     2.8071     5.3046   36 O    0 0-1
   7 BA   1     2.8297     5.3473   79 O   -1 0 0

   8 BA   1     2.7450     5.1872   62 O    0 0 0
   8 BA   1     2.7656     5.2263   34 O    0 0 0
   8 BA   1     2.7758     5.2455   89 O    0 0 0
   8 BA   1     2.7862     5.2652   52 O   -1 0 0
   8 BA   1     2.7939     5.2797   86 O    0 0 0
   8 BA   1     2.8123     5.3144   31 O    0 0 0

   9 BA   1     2.7607     5.2170   81 O   -1 0 0
   9 BA   1     2.7672     5.2293   87 O    0 0 0
   9 BA   1     2.7799     5.2533   50 O   -1 0 0
   9 BA   1     2.8000     5.2912   32 O    0 0 0
   9 BA   1     2.8043     5.2994   53 O   -1 0 0
   9 BA   1     2.8113     5.3126   63 O    0 0 0

  10 BA   1     2.7726     5.2394   39 O    0 0-1
  10 BA   1     2.7819     5.2570   36 O    0-1-1
  10 BA   1     2.7926     5.2773   91 O    0 0 0
  10 BA   1     2.8042     5.2991   64 O    0 0 0
  10 BA   1     2.8094     5.3089   30 O    0 0-1
  10 BA   1     2.8347     5.3568   55 O    0 0 0

  11 BA   1     2.7677     5.2301   56 O    0 0 0
  11 BA   1     2.7696     5.2337   92 O    0 0 0
  11 BA   1     2.7768     5.2475   65 O    0 0 0
  11 BA   1     2.7894     5.2712   98 O    0-1 0
  11 BA   1     2.8001     5.2915   37 O    0 0 0
  11 BA   1     2.8227     5.3341   34 O    0-1 0

  12 BA   1     2.7455     5.1883   99 O    0-1 0
  12 BA   1     2.7497     5.1961   57 O    0 0 0
  12 BA   1     2.7609     5.2174   35 O    0-1 0
  12 BA   1     2.8074     5.3052   29 O    0 0 0
  12 BA   1     2.8129     5.3156   38 O    0 0 0
  12 BA   1     2.8133     5.3163   44 O    0-1 0

  13 BA   1     2.7448     5.1869   94 O    0 0 0
  13 BA   1     2.7572     5.2104   67 O    0 0 0
  13 BA   1     2.7876     5.2677   58 O    0 0 0
  13 BA   1     2.7961     5.2839   91 O    0 0 0
  13 BA   1     2.8014     5.2939   42 O    0 0-1
  13 BA   1     2.8026     5.2962   33 O    0 0-1

  14 BA   1     2.7285     5.1561   68 O    0 0 0
  14 BA   1     2.7633     5.2219   59 O    0 0 0
  14 BA   1     2.7675     5.2298   37 O    0 0 0
  14 BA   1     2.7885     5.2694   92 O    0 0 0
  14 BA   1     2.7960     5.2836   28 O    0 0 0
  14 BA   1     2.7960     5.2837   95 O    0 0 0

  15 BA   1     2.7327     5.1641   96 O    0 0 0
  15 BA   1     2.7748     5.2436   69 O    0 0 0
  15 BA   1     2.7765     5.2468   60 O    0 0 0
  15 BA   1     2.7781     5.2499   29 O    0 0 0
  15 BA   1     2.7865     5.2658   93 O    0 0 0
  15 BA   1     2.8028     5.2965   32 O    0 0 0

  16 BA   1     2.7643     5.2238   61 O    0 0 0
  16 BA   1     2.7668     5.2284   33 O    0 0-1
  16 BA   1     2.7682     5.2311   94 O    0 0 0
  16 BA   1     2.8028     5.2965   36 O    0 0-1
  16 BA   1     2.8194     5.3279   97 O    0 0 0
  16 BA   1     2.8228     5.3343   45 O    0 0-1

  17 BA   1     2.7794     5.2524   71 O    0 0 0
  17 BA   1     2.7808     5.2549   95 O    0 0 0
  17 BA   1     2.7810     5.2554   98 O    0 0 0
  17 BA   1     2.7854     5.2635   43 O    0 0 0
  17 BA   1     2.8111     5.3121   40 O    0 0 0
  17 BA   1     2.8188     5.3267   62 O    0 0 0

  18 BA   1     2.7734     5.2409   72 O    0 0 0
  18 BA   1     2.7776     5.2489   99 O    0 0 0
  18 BA   1     2.7916     5.2753   63 O    0 0 0
  18 BA   1     2.8018     5.2946   32 O    0 0 0
  18 BA   1     2.8104     5.3109   44 O    0 0 0
  18 BA   1     2.8231     5.3349   41 O    0 0 0

  19 BA   1     2.7387     5.1753   48 O    0 0-1
  19 BA   1     2.7619     5.2193  100 O    0 0 0
  19 BA   1     2.7926     5.2772   54 O    0-1-1
  19 BA   1     2.8022     5.2954   73 O    0 0 0
  19 BA   1     2.8023     5.2955   39 O    0 0-1
  19 BA   1     2.8082     5.3067  106 O    0-1 0

  20 BA   1     2.7390     5.1760  107 O    0-1 0
  20 BA   1     2.7757     5.2453   43 O    0-1 0
  20 BA   1     2.7786     5.2507   65 O    0 0 0
  20 BA   1     2.8252     5.3389   46 O    0 0 0
  20 BA   1     2.8280     5.3442  101 O    0 0 0
  20 BA   1     2.8341     5.3557   74 O    0 0 0

  21 BA   1     2.7587     5.2132   66 O    0 0 0
  21 BA   1     2.7707     5.2358   44 O    0-1 0
  21 BA   1     2.7927     5.2775   38 O    0 0 0
  21 BA   1     2.8003     5.2917  102 O    0 0 0
  21 BA   1     2.8220     5.3328   47 O    0 0 0
  21 BA   1     2.8279     5.3440  108 O    0-1 0

  22 BA   1     2.7589     5.2135  100 O    0 0 0
  22 BA   1     2.7741     5.2423   48 O    0 0-1
  22 BA   1     2.7857     5.2642   76 O    0 0 0
  22 BA   1     2.8173     5.3239   51 O    0 0-1
  22 BA   1     2.8243     5.3371   67 O    0 0 0
  22 BA   1     2.8369     5.3610  103 O    0 0 0

  23 BA   1     2.7581     5.2121  101 O    0 0 0
  23 BA   1     2.7781     5.2498  104 O    0 0 0
  23 BA   1     2.7802     5.2539   77 O    0 0 0
  23 BA   1     2.7850     5.2630   68 O    0 0 0
  23 BA   1     2.7884     5.2694   40 O    0 0 0
  23 BA   1     2.7885     5.2695   46 O    0 0 0

  24 BA   1     2.7555     5.2072   41 O    0 0 0
  24 BA   1     2.7732     5.2406  102 O    0 0 0
  24 BA   1     2.7738     5.2417   69 O    0 0 0
  24 BA   1     2.7885     5.2694  105 O    0 0 0
  24 BA   1     2.8243     5.3371   38 O    0 0 0
  24 BA   1     2.8263     5.3410   50 O    0 0 0

  25 BA   1     2.7720     5.2383   45 O    0 0-1
  25 BA   1     2.7870     5.2666   42 O    0 0-1
  25 BA   1     2.7906     5.2735   70 O    0 0 0
  25 BA   1     2.7931     5.2783   54 O    0 0-1
  25 BA   1     2.8201     5.3292  103 O    0 0 0
  25 BA   1     2.8263     5.3409  106 O    0 0 0

  26 BA   1     2.7606     5.2169   43 O    0 0 0
  26 BA   1     2.7732     5.2407   71 O    0 0 0
  26 BA   1     2.7846     5.2622   40 O    0 0 0
  26 BA   1     2.8041     5.2990   80 O    0 0 0
  26 BA   1     2.8042     5.2991   49 O    0 0 0
  26 BA   1     2.8402     5.3672  107 O    0 0 0

  27 BA   1     2.7233     5.1462  108 O    0 0 0
  27 BA   1     2.7716     5.2376  105 O    0 0 0
  27 BA   1     2.7770     5.2478   44 O    0 0 0
  27 BA   1     2.7915     5.2752   41 O    0 0 0
  27 BA   1     2.7982     5.2878   72 O    0 0 0
  27 BA   1     2.8019     5.2948   81 O    0 0 0

  28 O    1     1.8210     3.4413  109 TI   0 0 0
  28 O    1     2.2874     4.3225  110 TI   0 0 0
  28 O    1     2.7470     5.1910    5 BA   0 0 0
  28 O    1     2.7611     5.2178   58 O    0 0 0
  28 O    1     2.7654     5.2258   82 O    0 0 0
  28 O    1     2.7960     5.2836   14 BA   0 0 0

  29 O    1     1.7681     3.3413  110 TI   0 0 0
  29 O    1     2.2616     4.2739  111 TI   0 0 0
  29 O    1     2.7513     5.1992   59 O    0 0 0
  29 O    1     2.7676     5.2299   92 O    0 0 0
  29 O    1     2.7687     5.2321   56 O    0 0 0
  29 O    1     2.7781     5.2499   15 BA   0 0 0

  30 O    1     1.8478     3.4918  111 TI   0 0 0
  30 O    1     2.2919     4.3311  109 TI   0 0 1
  30 O    1     2.7427     5.1830   84 O    0 0 0
  30 O    1     2.7564     5.2089    1 BA   0 0 1
  30 O    1     2.7698     5.2342    4 BA   0 0 1
  30 O    1     2.7941     5.2801   93 O    0 0 0

  31 O    1     1.8640     3.5225  112 TI   0 0 0
  31 O    1     2.2382     4.2296  113 TI   0 0 0
  31 O    1     2.7915     5.2751    5 BA   0 0 0
  31 O    1     2.8066     5.3037   14 BA   0 0 0
  31 O    1     2.8123     5.3144    8 BA   0 0 0
  31 O    1     2.8335     5.3546   17 BA   0 0 0

  32 O    1     1.7916     3.3856  113 TI   0 0 0
  32 O    1     2.3077     4.3609  114 TI   0 0 0
  32 O    1     2.7540     5.2043   95 O    0 0 0
  32 O    1     2.7624     5.2202   62 O    0 0 0
  32 O    1     2.8000     5.2912    9 BA   0 0 0
  32 O    1     2.8018     5.2946   18 BA   0 0 0

  33 O    1     1.7781     3.3601  114 TI   0 0 0
  33 O    1     2.2975     4.3417  112 TI   0 0 1
  33 O    1     2.7521     5.2008   87 O    0 0 0
  33 O    1     2.7668     5.2284   16 BA   0 0 1
  33 O    1     2.7688     5.2323   60 O    0 0 0
  33 O    1     2.7836     5.2602   96 O    0 0 0

  34 O    1     1.8174     3.4344  115 TI   0 0 0
  34 O    1     2.2945     4.3359  116 TI   0 0 0
  34 O    1     2.7656     5.2263    8 BA   0 0 0
  34 O    1     2.7663     5.2275    2 BA   0 1 0
  34 O    1     2.7817     5.2566   88 O    0 0 0
  34 O    1     2.7986     5.2886   55 O    0 1 0

  35 O    1     1.7449     3.2974  116 TI   0 0 0
  35 O    1     2.3414     4.4246  117 TI   0 0 0
  35 O    1     2.7531     5.2025   89 O    0 0 0
  35 O    1     2.7609     5.2174   12 BA   0 1 0
  35 O    1     2.7824     5.2579   98 O    0 0 0
  35 O    1     2.7866     5.2659   56 O    0 1 0

  36 O    1     1.8024     3.4060  117 TI   0 0 0
  36 O    1     2.2750     4.2991  115 TI   0 0 1
  36 O    1     2.7746     5.2431   57 O    0 1 0
  36 O    1     2.7819     5.2570   10 BA   0 1 1
  36 O    1     2.8013     5.2936   90 O    0 0 0
  36 O    1     2.8028     5.2965   16 BA   0 0 1

  37 O    1     1.8018     3.4048  118 TI   0 0 0
  37 O    1     2.2920     4.3313  119 TI   0 0 0
  37 O    1     2.7582     5.2122   91 O    0 0 0
  37 O    1     2.7643     5.2237   67 O    0 0 0
  37 O    1     2.7675     5.2298   14 BA   0 0 0
  37 O    1     2.7975     5.2865   64 O    0 0 0

  38 O    1     1.8083     3.4172  119 TI   0 0 0
  38 O    1     2.2856     4.3191  120 TI   0 0 0
  38 O    1     2.7555     5.2072   92 O    0 0 0
  38 O    1     2.7562     5.2084   65 O    0 0 0
  38 O    1     2.7927     5.2775   21 BA   0 0 0
  38 O    1     2.7976     5.2867  101 O    0 0 0

  39 O    1     1.7842     3.3717  120 TI   0 0 0
  39 O    1     2.3051     4.3560  118 TI   0 0 1
  39 O    1     2.7587     5.2132   93 O    0 0 0
  39 O    1     2.7653     5.2256   66 O    0 0 0
  39 O    1     2.7726     5.2394   10 BA   0 0 1
  39 O    1     2.7857     5.2643   69 O    0 0 0

  40 O    1     1.7819     3.3673  121 TI   0 0 0
  40 O    1     2.2839     4.3160  122 TI   0 0 0
  40 O    1     2.7256     5.1507  103 O    0 0 0
  40 O    1     2.7846     5.2622   26 BA   0 0 0
  40 O    1     2.7884     5.2694   23 BA   0 0 0
  40 O    1     2.8007     5.2925   67 O    0 0 0

  41 O    1     1.8553     3.5061  122 TI   0 0 0
  41 O    1     2.2851     4.3182  123 TI   0 0 0
  41 O    1     2.7555     5.2072   24 BA   0 0 0
  41 O    1     2.7574     5.2107  104 O    0 0 0
  41 O    1     2.7915     5.2752   27 BA   0 0 0
  41 O    1     2.8140     5.3178   68 O    0 0 0

  42 O    1     1.7517     3.3101  123 TI   0 0 0
  42 O    1     2.3187     4.3818  121 TI   0 0 1
  42 O    1     2.7640     5.2232   72 O    0 0 0
  42 O    1     2.7647     5.2245  105 O    0 0 0
  42 O    1     2.7711     5.2367   96 O    0 0 0
  42 O    1     2.7870     5.2666   25 BA   0 0 1

  43 O    1     1.7904     3.3833  124 TI   0 0 0
  43 O    1     2.3002     4.3468  125 TI   0 0 0
  43 O    1     2.7323     5.1633   70 O    0 0 0
  43 O    1     2.7419     5.1814  106 O    0 0 0
  43 O    1     2.7606     5.2169   26 BA   0 0 0
  43 O    1     2.7729     5.2399   97 O    0 0 0

  44 O    1     1.7799     3.3636  125 TI   0 0 0
  44 O    1     2.3405     4.4229  126 TI   0 0 0
  44 O    1     2.7680     5.2308  107 O    0 0 0
  44 O    1     2.7707     5.2358   21 BA   0 1 0
  44 O    1     2.7749     5.2438   65 O    0 1 0
  44 O    1     2.7767     5.2472   71 O    0 0 0

  45 O    1     1.7485     3.3043  126 TI   0 0 0
  45 O    1     2.3185     4.3813  124 TI   0 0 1
  45 O    1     2.7608     5.2172   72 O    0 0 0
  45 O    1     2.7720     5.2383   25 BA   0 0 1
  45 O    1     2.7869     5.2664  108 O    0 0 0
  45 O    1     2.8105     5.3110   99 O    0 0 0

  46 O    1     1.8161     3.4320  127 TI   0 0 0
  46 O    1     2.2953     4.3375  128 TI   0 0 0
  46 O    1     2.7885     5.2695   23 BA   0 0 0
  46 O    1     2.8059     5.3023  100 O    0 0 0
  46 O    1     2.8186     5.3263   76 O    0 0 0
  46 O    1     2.8252     5.3389   20 BA   0 0 0

  47 O    1     1.7958     3.3935  128 TI   0 0 0
  47 O    1     2.2537     4.2589  129 TI   0 0 0
  47 O    1     2.7549     5.2059    3 BA   1 0 0
  47 O    1     2.7613     5.2181   83 O    1 0 0
  47 O    1     2.7752     5.2444   74 O    0 0 0
  47 O    1     2.8163     5.3220   77 O    0 0 0

  48 O    1     1.8224     3.4439  129 TI   0 0 0
  48 O    1     2.2947     4.3363  127 TI   0 0 1
  48 O    1     2.7387     5.1753   19 BA   0 0 1
  48 O    1     2.7561     5.2083   75 O    0 0 0
  48 O    1     2.7741     5.2423   22 BA   0 0 1
  48 O    1     2.7813     5.2559    1 BA   1 0 1

  49 O    1     1.7706     3.3459  130 TI   0 0 0
  49 O    1     2.3337     4.4100  131 TI   0 0 0
  49 O    1     2.7500     5.1967   79 O    0 0 0
  49 O    1     2.7798     5.2531  103 O    0 0 0
  49 O    1     2.8042     5.2991   26 BA   0 0 0
  49 O    1     2.8112     5.3124   23 BA   0 0 0

  50 O    1     1.8256     3.4500  131 TI   0 0 0
  50 O    1     2.2610     4.2727  132 TI   0 0 0
  50 O    1     2.7793     5.2521   77 O    0 0 0
  50 O    1     2.7799     5.2533    9 BA   1 0 0
  50 O    1     2.7836     5.2602    6 BA   1 0 0
  50 O    1     2.8074     5.3052  104 O    0 0 0

  51 O    1     1.8357     3.4689  132 TI   0 0 0
  51 O    1     2.2505     4.2528  130 TI   0 0 1
  51 O    1     2.7961     5.2839   78 O    0 0 0
  51 O    1     2.8117     5.3134   81 O    0 0 0
  51 O    1     2.8173     5.3239   22 BA   0 0 1
  51 O    1     2.8319     5.3515   25 BA   0 0 1

  52 O    1     1.8353     3.4682  133 TI   0 0 0
  52 O    1     2.3138     4.3724  134 TI   0 0 0
  52 O    1     2.7369     5.1720   88 O    1 0 0
  52 O    1     2.7590     5.2138    2 BA   1 1 0
  52 O    1     2.7625     5.2204   79 O    0 0 0
  52 O    1     2.7728     5.2398   73 O    0 1 0

  53 O    1     1.7521     3.3110  134 TI   0 0 0
  53 O    1     2.2690     4.2878  135 TI   0 0 0
  53 O    1     2.7445     5.1864   89 O    1 0 0
  53 O    1     2.7537     5.2038   74 O    0 1 0
  53 O    1     2.7540     5.2042   80 O    0 0 0
  53 O    1     2.7780     5.2496    3 BA   1 1 0

  54 O    1     1.8299     3.4581  135 TI   0 0 0
  54 O    1     2.2760     4.3011  133 TI   0 0 1
  54 O    1     2.7653     5.2257  108 O    0 0 0
  54 O    1     2.7677     5.2301   75 O    0 1 0
  54 O    1     2.7926     5.2772   19 BA   0 1 1
  54 O    1     2.7931     5.2783   25 BA   0 0 1

  55 O    1     1.9581     3.7002  115 TI   0-1 0
  55 O    1     2.0276     3.8315  109 TI   0 0 0
  55 O    1     2.7659     5.2268   82 O    0 0 0
  55 O    1     2.7726     5.2395    1 BA   0 0 0
  55 O    1     2.7986     5.2886   34 O    0-1 0
  55 O    1     2.8047     5.3000   88 O    0-1 0

  56 O    1     1.9293     3.6458  110 TI   0 0 0
  56 O    1     2.0131     3.8042  116 TI   0-1 0
  56 O    1     2.7677     5.2301   11 BA   0 0 0
  56 O    1     2.7687     5.2321   29 O    0 0 0
  56 O    1     2.7784     5.2504   92 O    0 0 0
  56 O    1     2.7866     5.2659   35 O    0-1 0

  57 O    1     1.9448     3.6751  117 TI   0-1 0
  57 O    1     2.0129     3.8038  111 TI   0 0 0
  57 O    1     2.7497     5.1961   12 BA   0 0 0
  57 O    1     2.7575     5.2110   90 O    0-1 0
  57 O    1     2.7632     5.2217   99 O    0-1 0
  57 O    1     2.7746     5.2431   36 O    0-1 0

  58 O    1     1.9174     3.6234  109 TI   0 0 0
  58 O    1     2.0651     3.9024  112 TI   0 0 0
  58 O    1     2.7480     5.1929   82 O    0 0 0
  58 O    1     2.7611     5.2178   28 O    0 0 0
  58 O    1     2.7818     5.2569    4 BA   0 0 0
  58 O    1     2.7876     5.2677   13 BA   0 0 0

  59 O    1     1.9814     3.7443  110 TI   0 0 0
  59 O    1     2.0672     3.9064  113 TI   0 0 0
  59 O    1     2.7513     5.1992   29 O    0 0 0
  59 O    1     2.7633     5.2219   14 BA   0 0 0
  59 O    1     2.7706     5.2357    5 BA   0 0 0
  59 O    1     2.8068     5.3040   83 O    0 0 0

  60 O    1     1.9606     3.7049  114 TI   0 0 0
  60 O    1     2.0294     3.8350  111 TI   0 0 0
  60 O    1     2.7452     5.1876    6 BA   0 0 0
  60 O    1     2.7541     5.2045   87 O    0 0 0
  60 O    1     2.7688     5.2323   33 O    0 0 0
  60 O    1     2.7765     5.2468   15 BA   0 0 0

  61 O    1     1.9323     3.6516  112 TI   0 0 0
  61 O    1     2.0547     3.8828  115 TI   0 0 0
  61 O    1     2.7309     5.1606    7 BA   0 0 0
  61 O    1     2.7643     5.2238   16 BA   0 0 0
  61 O    1     2.7661     5.2272   85 O    0 0 0
  61 O    1     2.7755     5.2449   94 O    0 0 0

  62 O    1     1.9233     3.6344  113 TI   0 0 0
  62 O    1     2.0486     3.8713  116 TI   0 0 0
  62 O    1     2.7450     5.1872    8 BA   0 0 0
  62 O    1     2.7557     5.2076   95 O    0 0 0
  62 O    1     2.7624     5.2202   32 O    0 0 0
  62 O    1     2.7858     5.2644   86 O    0 0 0

  63 O    1     1.9980     3.7756  117 TI   0 0 0
  63 O    1     2.0087     3.7959  114 TI   0 0 0
  63 O    1     2.7630     5.2212   99 O    0 0 0
  63 O    1     2.7859     5.2646   33 O    0 0 0
  63 O    1     2.7916     5.2753   18 BA   0 0 0
  63 O    1     2.8071     5.3046   87 O    0 0 0

  64 O    1     1.9662     3.7155  118 TI   0 0 0
  64 O    1     1.9893     3.7592  124 TI   0-1 0
  64 O    1     2.7330     5.1647   91 O    0 0 0
  64 O    1     2.7975     5.2865   37 O    0 0 0
  64 O    1     2.8042     5.2991   10 BA   0 0 0
  64 O    1     2.8083     5.3070  106 O    0-1 0

  65 O    1     1.9493     3.6837  119 TI   0 0 0
  65 O    1     2.0573     3.8877  125 TI   0-1 0
  65 O    1     2.7562     5.2084   38 O    0 0 0
  65 O    1     2.7580     5.2119  101 O    0 0 0
  65 O    1     2.7603     5.2163   92 O    0 0 0
  65 O    1     2.7749     5.2438   44 O    0-1 0

  66 O    1     1.9931     3.7664  120 TI   0 0 0
  66 O    1     2.0088     3.7961  126 TI   0-1 0
  66 O    1     2.7587     5.2132   21 BA   0 0 0
  66 O    1     2.7598     5.2152  102 O    0 0 0
  66 O    1     2.7653     5.2256   39 O    0 0 0
  66 O    1     2.8136     5.3169   45 O    0-1 0

  67 O    1     1.9548     3.6940  118 TI   0 0 0
  67 O    1     2.0564     3.8859  121 TI   0 0 0
  67 O    1     2.7506     5.1978   91 O    0 0 0
  67 O    1     2.7572     5.2104   13 BA   0 0 0
  67 O    1     2.7643     5.2237   37 O    0 0 0
  67 O    1     2.7974     5.2863  100 O    0 0 0

  68 O    1     1.9764     3.7348  122 TI   0 0 0
  68 O    1     2.0050     3.7888  119 TI   0 0 0
  68 O    1     2.7285     5.1561   14 BA   0 0 0
  68 O    1     2.7759     5.2458   92 O    0 0 0
  68 O    1     2.7850     5.2630   23 BA   0 0 0
  68 O    1     2.8014     5.2939  101 O    0 0 0

  69 O    1     1.9336     3.6540  120 TI   0 0 0
  69 O    1     2.0443     3.8632  123 TI   0 0 0
  69 O    1     2.7502     5.1971  102 O    0 0 0
  69 O    1     2.7738     5.2417   24 BA   0 0 0
  69 O    1     2.7748     5.2436   15 BA   0 0 0
  69 O    1     2.7788     5.2512   93 O    0 0 0

  70 O    1     1.9819     3.7452  124 TI   0 0 0
  70 O    1     2.0021     3.7833  121 TI   0 0 0
  70 O    1     2.7323     5.1633   43 O    0 0 0
  70 O    1     2.7749     5.2438   97 O    0 0 0
  70 O    1     2.7753     5.2446  106 O    0 0 0
  70 O    1     2.7906     5.2735   25 BA   0 0 0

  71 O    1     1.9265     3.6405  125 TI   0 0 0
  71 O    1     2.0348     3.8452  122 TI   0 0 0
  71 O    1     2.7624     5.2202   98 O    0 0 0
  71 O    1     2.7732     5.2407   26 BA   0 0 0
  71 O    1     2.7767     5.2472   44 O    0 0 0
  71 O    1     2.7794     5.2524   17 BA   0 0 0

  72 O    1     1.9783     3.7385  123 TI   0 0 0
  72 O    1     2.0060     3.7908  126 TI   0 0 0
  72 O    1     2.7608     5.2172   45 O    0 0 0
  72 O    1     2.7640     5.2232   42 O    0 0 0
  72 O    1     2.7734     5.2409   18 BA   0 0 0
  72 O    1     2.7892     5.2707   99 O    0 0 0

  73 O    1     1.9820     3.7454  133 TI   0-1 0
  73 O    1     2.0066     3.7918  127 TI   0 0 0
  73 O    1     2.7728     5.2398   52 O    0-1 0
  73 O    1     2.7734     5.2410   88 O    1-1 0
  73 O    1     2.7810     5.2554    1 BA   1 0 0
  73 O    1     2.7931     5.2781  106 O    0-1 0

  74 O    1     1.9776     3.7371  134 TI   0-1 0
  74 O    1     2.0121     3.8023  128 TI   0 0 0
  74 O    1     2.7537     5.2038   53 O    0-1 0
  74 O    1     2.7656     5.2263  107 O    0-1 0
  74 O    1     2.7752     5.2444   47 O    0 0 0
  74 O    1     2.7854     5.2636    2 BA   1 0 0

  75 O    1     1.9830     3.7474  135 TI   0-1 0
  75 O    1     2.0220     3.8210  129 TI   0 0 0
  75 O    1     2.7561     5.2083   48 O    0 0 0
  75 O    1     2.7655     5.2261    3 BA   1 0 0
  75 O    1     2.7677     5.2301   54 O    0-1 0
  75 O    1     2.7780     5.2496   90 O    1-1 0

  76 O    1     2.0013     3.7819  130 TI   0 0 0
  76 O    1     2.0014     3.7820  127 TI   0 0 0
  76 O    1     2.7468     5.1907    4 BA   1 0 0
  76 O    1     2.7857     5.2642   22 BA   0 0 0
  76 O    1     2.7933     5.2787   82 O    1 0 0
  76 O    1     2.8076     5.3057  100 O    0 0 0

  77 O    1     2.0028     3.7848  128 TI   0 0 0
  77 O    1     2.0061     3.7910  131 TI   0 0 0
  77 O    1     2.7793     5.2521   50 O    0 0 0
  77 O    1     2.7797     5.2529  104 O    0 0 0
  77 O    1     2.7802     5.2539   23 BA   0 0 0
  77 O    1     2.8009     5.2930   86 O    1 0 0

  78 O    1     1.9774     3.7367  132 TI   0 0 0
  78 O    1     1.9961     3.7721  129 TI   0 0 0
  78 O    1     2.7799     5.2533    6 BA   1 0 0
  78 O    1     2.7961     5.2839   51 O    0 0 0
  78 O    1     2.8075     5.3054   87 O    1 0 0
  78 O    1     2.8162     5.3218   84 O    1 0 0

  79 O    1     1.9533     3.6912  133 TI   0 0 0
  79 O    1     2.0049     3.7887  130 TI   0 0 0
  79 O    1     2.7500     5.1967   49 O    0 0 0
  79 O    1     2.7625     5.2204   52 O    0 0 0
  79 O    1     2.7671     5.2291   88 O    1 0 0
  79 O    1     2.8038     5.2985   85 O    1 0 0

  80 O    1     1.9713     3.7252  134 TI   0 0 0
  80 O    1     1.9822     3.7459  131 TI   0 0 0
  80 O    1     2.7540     5.2042   53 O    0 0 0
  80 O    1     2.7953     5.2823  107 O    0 0 0
  80 O    1     2.8014     5.2939   89 O    1 0 0
  80 O    1     2.8041     5.2990   26 BA   0 0 0

  81 O    1     1.9394     3.6649  132 TI   0 0 0
  81 O    1     2.0229     3.8226  135 TI   0 0 0
  81 O    1     2.7607     5.2170    9 BA   1 0 0
  81 O    1     2.7832     5.2596   87 O    1 0 0
  81 O    1     2.8011     5.2934  105 O    0 0 0
  81 O    1     2.8019     5.2948   27 BA   0 0 0

  82 O    1     1.9562     3.6967  109 TI   0 0 0
  82 O    1     2.0454     3.8652  127 TI  -1 0 0
  82 O    1     2.7480     5.1929   58 O    0 0 0
  82 O    1     2.7654     5.2258   28 O    0 0 0
  82 O    1     2.7659     5.2268   55 O    0 0 0
  82 O    1     2.7773     5.2484    4 BA   0 0 0

  83 O    1     1.9803     3.7422  128 TI  -1 0 0
  83 O    1     2.0513     3.8763  110 TI   0 0 0
  83 O    1     2.7613     5.2181   47 O   -1 0 0
  83 O    1     2.7875     5.2676   74 O   -1 0 0
  83 O    1     2.7982     5.2878    2 BA   0 0 0
  83 O    1     2.8022     5.2954   77 O   -1 0 0

  84 O    1     1.9887     3.7580  111 TI   0 0 0
  84 O    1     2.0120     3.8021  129 TI  -1 0 0
  84 O    1     2.7427     5.1830   30 O    0 0 0
  84 O    1     2.7953     5.2824   48 O   -1 0 0
  84 O    1     2.7961     5.2839   60 O    0 0 0
  84 O    1     2.8004     5.2920    6 BA   0 0 0

  85 O    1     1.9820     3.7455  112 TI   0 0 0
  85 O    1     2.0478     3.8698  130 TI  -1 0 0
  85 O    1     2.7614     5.2183    7 BA   0 0 0
  85 O    1     2.7661     5.2272   61 O    0 0 0
  85 O    1     2.7969     5.2854    4 BA   0 0 0
  85 O    1     2.8038     5.2985   79 O   -1 0 0

  86 O    1     1.9732     3.7287  113 TI   0 0 0
  86 O    1     1.9912     3.7628  131 TI  -1 0 0
  86 O    1     2.7746     5.2433    5 BA   0 0 0
  86 O    1     2.7858     5.2644   62 O    0 0 0
  86 O    1     2.7939     5.2797    8 BA   0 0 0
  86 O    1     2.8009     5.2930   77 O   -1 0 0

  87 O    1     1.9971     3.7740  114 TI   0 0 0
  87 O    1     2.0518     3.8774  132 TI  -1 0 0
  87 O    1     2.7521     5.2008   33 O    0 0 0
  87 O    1     2.7541     5.2045   60 O    0 0 0
  87 O    1     2.7672     5.2293    9 BA   0 0 0
  87 O    1     2.7737     5.2416    6 BA   0 0 0

  88 O    1     1.9618     3.7073  133 TI  -1 0 0
  88 O    1     2.0005     3.7804  115 TI   0 0 0
  88 O    1     2.7369     5.1720   52 O   -1 0 0
  88 O    1     2.7671     5.2291   79 O   -1 0 0
  88 O    1     2.7734     5.2410   73 O   -1 1 0
  88 O    1     2.7817     5.2566   34 O    0 0 0

  89 O    1     1.9695     3.7218  134 TI  -1 0 0
  89 O    1     1.9925     3.7653  116 TI   0 0 0
  89 O    1     2.7445     5.1864   53 O   -1 0 0
  89 O    1     2.7531     5.2025   35 O    0 0 0
  89 O    1     2.7758     5.2455    8 BA   0 0 0
  89 O    1     2.7932     5.2784    2 BA   0 1 0

  90 O    1     1.9972     3.7742  117 TI   0 0 0
  90 O    1     2.0161     3.8099  135 TI  -1 0 0
  90 O    1     2.7514     5.1994    3 BA   0 1 0
  90 O    1     2.7575     5.2110   57 O    0 1 0
  90 O    1     2.7780     5.2496   75 O   -1 1 0
  90 O    1     2.8013     5.2936   36 O    0 0 0

  91 O    1     1.9194     3.6272  118 TI   0 0 0
  91 O    1     2.0409     3.8568  109 TI   0 0 0
  91 O    1     2.7330     5.1647   64 O    0 0 0
  91 O    1     2.7506     5.1978   67 O    0 0 0
  91 O    1     2.7582     5.2122   37 O    0 0 0
  91 O    1     2.7926     5.2773   10 BA   0 0 0

  92 O    1     1.9315     3.6501  119 TI   0 0 0
  92 O    1     1.9981     3.7758  110 TI   0 0 0
  92 O    1     2.7555     5.2072   38 O    0 0 0
  92 O    1     2.7603     5.2163   65 O    0 0 0
  92 O    1     2.7676     5.2299   29 O    0 0 0
  92 O    1     2.7696     5.2337   11 BA   0 0 0

  93 O    1     1.9662     3.7156  120 TI   0 0 0
  93 O    1     1.9781     3.7381  111 TI   0 0 0
  93 O    1     2.7587     5.2132   39 O    0 0 0
  93 O    1     2.7788     5.2512   69 O    0 0 0
  93 O    1     2.7865     5.2658   15 BA   0 0 0
  93 O    1     2.7941     5.2801   30 O    0 0 0

  94 O    1     1.9740     3.7304  121 TI   0 0 0
  94 O    1     1.9799     3.7414  112 TI   0 0 0
  94 O    1     2.7448     5.1869   13 BA   0 0 0
  94 O    1     2.7682     5.2311   16 BA   0 0 0
  94 O    1     2.7755     5.2449   61 O    0 0 0
  94 O    1     2.8244     5.3373   40 O    0 0 0

  95 O    1     1.9953     3.7705  113 TI   0 0 0
  95 O    1     2.0279     3.8322  122 TI   0 0 0
  95 O    1     2.7540     5.2043   32 O    0 0 0
  95 O    1     2.7557     5.2076   62 O    0 0 0
  95 O    1     2.7808     5.2549   17 BA   0 0 0
  95 O    1     2.7960     5.2837   14 BA   0 0 0

  96 O    1     1.9708     3.7243  114 TI   0 0 0
  96 O    1     2.0051     3.7891  123 TI   0 0 0
  96 O    1     2.7327     5.1641   15 BA   0 0 0
  96 O    1     2.7711     5.2367   42 O    0 0 0
  96 O    1     2.7836     5.2602   33 O    0 0 0
  96 O    1     2.7896     5.2716   72 O    0 0 0

  97 O    1     1.9970     3.7737  115 TI   0 0 0
  97 O    1     2.0144     3.8066  124 TI   0 0 0
  97 O    1     2.7729     5.2399   43 O    0 0 0
  97 O    1     2.7749     5.2438   70 O    0 0 0
  97 O    1     2.8076     5.3055   34 O    0 0 0
  97 O    1     2.8117     5.3134   64 O    0 1 0

  98 O    1     1.9636     3.7106  125 TI   0 0 0
  98 O    1     2.0014     3.7821  116 TI   0 0 0
  98 O    1     2.7624     5.2202   71 O    0 0 0
  98 O    1     2.7786     5.2507   44 O    0 0 0
  98 O    1     2.7810     5.2554   17 BA   0 0 0
  98 O    1     2.7824     5.2579   35 O    0 0 0

  99 O    1     1.9640     3.7113  117 TI   0 0 0
  99 O    1     2.0373     3.8499  126 TI   0 0 0
  99 O    1     2.7455     5.1883   12 BA   0 1 0
  99 O    1     2.7630     5.2212   63 O    0 0 0
  99 O    1     2.7632     5.2217   57 O    0 1 0
  99 O    1     2.7776     5.2489   18 BA   0 0 0

 100 O    1     1.9571     3.6983  127 TI   0 0 0
 100 O    1     2.0394     3.8539  118 TI   0 0 0
 100 O    1     2.7589     5.2135   22 BA   0 0 0
 100 O    1     2.7619     5.2193   19 BA   0 0 0
 100 O    1     2.7974     5.2863   67 O    0 0 0
 100 O    1     2.8059     5.3023   46 O    0 0 0

 101 O    1     1.9889     3.7584  119 TI   0 0 0
 101 O    1     2.0036     3.7862  128 TI   0 0 0
 101 O    1     2.7580     5.2119   65 O    0 0 0
 101 O    1     2.7581     5.2121   23 BA   0 0 0
 101 O    1     2.7976     5.2867   38 O    0 0 0
 101 O    1     2.8014     5.2939   68 O    0 0 0

 102 O    1     1.9949     3.7698  120 TI   0 0 0
 102 O    1     1.9989     3.7775  129 TI   0 0 0
 102 O    1     2.7502     5.1971   69 O    0 0 0
 102 O    1     2.7598     5.2152   66 O    0 0 0
 102 O    1     2.7732     5.2406   24 BA   0 0 0
 102 O    1     2.8003     5.2917   21 BA   0 0 0

 103 O    1     1.9819     3.7453  121 TI   0 0 0
 103 O    1     1.9923     3.7649  130 TI   0 0 0
 103 O    1     2.7256     5.1507   40 O    0 0 0
 103 O    1     2.7798     5.2531   49 O    0 0 0
 103 O    1     2.8016     5.2942   70 O    0 0 0
 103 O    1     2.8190     5.3272   67 O    0 0 0

 104 O    1     1.9541     3.6928  122 TI   0 0 0
 104 O    1     2.0086     3.7956  131 TI   0 0 0
 104 O    1     2.7574     5.2107   41 O    0 0 0
 104 O    1     2.7781     5.2498   23 BA   0 0 0
 104 O    1     2.7797     5.2529   77 O    0 0 0
 104 O    1     2.8073     5.3051   80 O    0 0 0

 105 O    1     1.9424     3.6705  123 TI   0 0 0
 105 O    1     1.9914     3.7631  132 TI   0 0 0
 105 O    1     2.7647     5.2245   42 O    0 0 0
 105 O    1     2.7716     5.2376   27 BA   0 0 0
 105 O    1     2.7885     5.2694   24 BA   0 0 0
 105 O    1     2.8011     5.2934   81 O    0 0 0

 106 O    1     1.9361     3.6587  124 TI   0 0 0
 106 O    1     2.0272     3.8308  133 TI   0 0 0
 106 O    1     2.7419     5.1814   43 O    0 0 0
 106 O    1     2.7753     5.2446   70 O    0 0 0
 106 O    1     2.7931     5.2781   73 O    0 1 0
 106 O    1     2.8082     5.3067   19 BA   0 1 0

 107 O    1     2.0145     3.8069  134 TI   0 0 0
 107 O    1     2.0152     3.8082  125 TI   0 0 0
 107 O    1     2.7390     5.1760   20 BA   0 1 0
 107 O    1     2.7656     5.2263   74 O    0 1 0
 107 O    1     2.7680     5.2308   44 O    0 0 0
 107 O    1     2.7936     5.2791   53 O    0 0 0

 108 O    1     1.9717     3.7259  135 TI   0 0 0
 108 O    1     1.9763     3.7346  126 TI   0 0 0
 108 O    1     2.7233     5.1462   27 BA   0 0 0
 108 O    1     2.7653     5.2257   54 O    0 0 0
 108 O    1     2.7869     5.2664   45 O    0 0 0
 108 O    1     2.8117     5.3134   81 O    0 0 0

 109 TI   1     1.8210     3.4413   28 O    0 0 0
 109 TI   1     1.9174     3.6234   58 O    0 0 0
 109 TI   1     1.9562     3.6967   82 O    0 0 0
 109 TI   1     2.0276     3.8315   55 O    0 0 0
 109 TI   1     2.0409     3.8568   91 O    0 0 0
 109 TI   1     2.2919     4.3311   30 O    0 0-1

 110 TI   1     1.7681     3.3413   29 O    0 0 0
 110 TI   1     1.9293     3.6458   56 O    0 0 0
 110 TI   1     1.9814     3.7443   59 O    0 0 0
 110 TI   1     1.9981     3.7758   92 O    0 0 0
 110 TI   1     2.0513     3.8763   83 O    0 0 0
 110 TI   1     2.2874     4.3225   28 O    0 0 0

 111 TI   1     1.8478     3.4918   30 O    0 0 0
 111 TI   1     1.9781     3.7381   93 O    0 0 0
 111 TI   1     1.9887     3.7580   84 O    0 0 0
 111 TI   1     2.0129     3.8038   57 O    0 0 0
 111 TI   1     2.0294     3.8350   60 O    0 0 0
 111 TI   1     2.2616     4.2739   29 O    0 0 0

 112 TI   1     1.8640     3.5225   31 O    0 0 0
 112 TI   1     1.9323     3.6516   61 O    0 0 0
 112 TI   1     1.9799     3.7414   94 O    0 0 0
 112 TI   1     1.9820     3.7455   85 O    0 0 0
 112 TI   1     2.0651     3.9024   58 O    0 0 0
 112 TI   1     2.2975     4.3417   33 O    0 0-1

 113 TI   1     1.7916     3.3856   32 O    0 0 0
 113 TI   1     1.9233     3.6344   62 O    0 0 0
 113 TI   1     1.9732     3.7287   86 O    0 0 0
 113 TI   1     1.9953     3.7705   95 O    0 0 0
 113 TI   1     2.0672     3.9064   59 O    0 0 0
 113 TI   1     2.2382     4.2296   31 O    0 0 0

 114 TI   1     1.7781     3.3601   33 O    0 0 0
 114 TI   1     1.9606     3.7049   60 O    0 0 0
 114 TI   1     1.9708     3.7243   96 O    0 0 0
 114 TI   1     1.9971     3.7740   87 O    0 0 0
 114 TI   1     2.0087     3.7959   63 O    0 0 0
 114 TI   1     2.3077     4.3609   32 O    0 0 0

 115 TI   1     1.8174     3.4344   34 O    0 0 0
 115 TI   1     1.9581     3.7002   55 O    0 1 0
 115 TI   1     1.9970     3.7737   97 O    0 0 0
 115 TI   1     2.0005     3.7804   88 O    0 0 0
 115 TI   1     2.0547     3.8828   61 O    0 0 0
 115 TI   1     2.2750     4.2991   36 O    0 0-1

 116 TI   1     1.7449     3.2974   35 O    0 0 0
 116 TI   1     1.9925     3.7653   89 O    0 0 0
 116 TI   1     2.0014     3.7821   98 O    0 0 0
 116 TI   1     2.0131     3.8042   56 O    0 1 0
 116 TI   1     2.0486     3.8713   62 O    0 0 0
 116 TI   1     2.2945     4.3359   34 O    0 0 0

 117 TI   1     1.8024     3.4060   36 O    0 0 0
 117 TI   1     1.9448     3.6751   57 O    0 1 0
 117 TI   1     1.9640     3.7113   99 O    0 0 0
 117 TI   1     1.9972     3.7742   90 O    0 0 0
 117 TI   1     1.9980     3.7756   63 O    0 0 0
 117 TI   1     2.3414     4.4246   35 O    0 0 0

 118 TI   1     1.8018     3.4048   37 O    0 0 0
 118 TI   1     1.9194     3.6272   91 O    0 0 0
 118 TI   1     1.9548     3.6940   67 O    0 0 0
 118 TI   1     1.9662     3.7155   64 O    0 0 0
 118 TI   1     2.0394     3.8539  100 O    0 0 0
 118 TI   1     2.3051     4.3560   39 O    0 0-1

 119 TI   1     1.8083     3.4172   38 O    0 0 0
 119 TI   1     1.9315     3.6501   92 O    0 0 0
 119 TI   1     1.9493     3.6837   65 O    0 0 0
 119 TI   1     1.9889     3.7584  101 O    0 0 0
 119 TI   1     2.0050     3.7888   68 O    0 0 0
 119 TI   1     2.2920     4.3313   37 O    0 0 0

 120 TI   1     1.7842     3.3717   39 O    0 0 0
 120 TI   1     1.9336     3.6540   69 O    0 0 0
 120 TI   1     1.9662     3.7156   93 O    0 0 0
 120 TI   1     1.9931     3.7664   66 O    0 0 0
 120 TI   1     1.9949     3.7698  102 O    0 0 0
 120 TI   1     2.2856     4.3191   38 O    0 0 0

 121 TI   1     1.7819     3.3673   40 O    0 0 0
 121 TI   1     1.9740     3.7304   94 O    0 0 0
 121 TI   1     1.9819     3.7453  103 O    0 0 0
 121 TI   1     2.0021     3.7833   70 O    0 0 0
 121 TI   1     2.0564     3.8859   67 O    0 0 0
 121 TI   1     2.3187     4.3818   42 O    0 0-1

 122 TI   1     1.8553     3.5061   41 O    0 0 0
 122 TI   1     1.9541     3.6928  104 O    0 0 0
 122 TI   1     1.9764     3.7348   68 O    0 0 0
 122 TI   1     2.0279     3.8322   95 O    0 0 0
 122 TI   1     2.0348     3.8452   71 O    0 0 0
 122 TI   1     2.2839     4.3160   40 O    0 0 0

 123 TI   1     1.7517     3.3101   42 O    0 0 0
 123 TI   1     1.9424     3.6705  105 O    0 0 0
 123 TI   1     1.9783     3.7385   72 O    0 0 0
 123 TI   1     2.0051     3.7891   96 O    0 0 0
 123 TI   1     2.0443     3.8632   69 O    0 0 0
 123 TI   1     2.2851     4.3182   41 O    0 0 0

 124 TI   1     1.7904     3.3833   43 O    0 0 0
 124 TI   1     1.9361     3.6587  106 O    0 0 0
 124 TI   1     1.9819     3.7452   70 O    0 0 0
 124 TI   1     1.9893     3.7592   64 O    0 1 0
 124 TI   1     2.0144     3.8066   97 O    0 0 0
 124 TI   1     2.3185     4.3813   45 O    0 0-1

 125 TI   1     1.7799     3.3636   44 O    0 0 0
 125 TI   1     1.9265     3.6405   71 O    0 0 0
 125 TI   1     1.9636     3.7106   98 O    0 0 0
 125 TI   1     2.0152     3.8082  107 O    0 0 0
 125 TI   1     2.0573     3.8877   65 O    0 1 0
 125 TI   1     2.3002     4.3468   43 O    0 0 0

 126 TI   1     1.7485     3.3043   45 O    0 0 0
 126 TI   1     1.9763     3.7346  108 O    0 0 0
 126 TI   1     2.0060     3.7908   72 O    0 0 0
 126 TI   1     2.0088     3.7961   66 O    0 1 0
 126 TI   1     2.0373     3.8499   99 O    0 0 0
 126 TI   1     2.3405     4.4229   44 O    0 0 0

 127 TI   1     1.8161     3.4320   46 O    0 0 0
 127 TI   1     1.9571     3.6983  100 O    0 0 0
 127 TI   1     2.0014     3.7820   76 O    0 0 0
 127 TI   1     2.0066     3.7918   73 O    0 0 0
 127 TI   1     2.0454     3.8652   82 O    1 0 0
 127 TI   1     2.2947     4.3363   48 O    0 0-1

 128 TI   1     1.7958     3.3935   47 O    0 0 0
 128 TI   1     1.9803     3.7422   83 O    1 0 0
 128 TI   1     2.0028     3.7848   77 O    0 0 0
 128 TI   1     2.0036     3.7862  101 O    0 0 0
 128 TI   1     2.0121     3.8023   74 O    0 0 0
 128 TI   1     2.2953     4.3375   46 O    0 0 0

 129 TI   1     1.8224     3.4439   48 O    0 0 0
 129 TI   1     1.9961     3.7721   78 O    0 0 0
 129 TI   1     1.9989     3.7775  102 O    0 0 0
 129 TI   1     2.0120     3.8021   84 O    1 0 0
 129 TI   1     2.0220     3.8210   75 O    0 0 0
 129 TI   1     2.2537     4.2589   47 O    0 0 0

 130 TI   1     1.7706     3.3459   49 O    0 0 0
 130 TI   1     1.9923     3.7649  103 O    0 0 0
 130 TI   1     2.0013     3.7819   76 O    0 0 0
 130 TI   1     2.0049     3.7887   79 O    0 0 0
 130 TI   1     2.0478     3.8698   85 O    1 0 0
 130 TI   1     2.2505     4.2528   51 O    0 0-1

 131 TI   1     1.8256     3.4500   50 O    0 0 0
 131 TI   1     1.9822     3.7459   80 O    0 0 0
 131 TI   1     1.9912     3.7628   86 O    1 0 0
 131 TI   1     2.0061     3.7910   77 O    0 0 0
 131 TI   1     2.0086     3.7956  104 O    0 0 0
 131 TI   1     2.3337     4.4100   49 O    0 0 0

 132 TI   1     1.8357     3.4689   51 O    0 0 0
 132 TI   1     1.9394     3.6649   81 O    0 0 0
 132 TI   1     1.9774     3.7367   78 O    0 0 0
 132 TI   1     1.9914     3.7631  105 O    0 0 0
 132 TI   1     2.0518     3.8774   87 O    1 0 0
 132 TI   1     2.2610     4.2727   50 O    0 0 0

 133 TI   1     1.8353     3.4682   52 O    0 0 0
 133 TI   1     1.9533     3.6912   79 O    0 0 0
 133 TI   1     1.9618     3.7073   88 O    1 0 0
 133 TI   1     1.9820     3.7454   73 O    0 1 0
 133 TI   1     2.0272     3.8308  106 O    0 0 0
 133 TI   1     2.2760     4.3011   54 O    0 0-1

 134 TI   1     1.7521     3.3110   53 O    0 0 0
 134 TI   1     1.9695     3.7218   89 O    1 0 0
 134 TI   1     1.9713     3.7252   80 O    0 0 0
 134 TI   1     1.9776     3.7371   74 O    0 1 0
 134 TI   1     2.0145     3.8069  107 O    0 0 0
 134 TI   1     2.3138     4.3724   52 O    0 0 0

 135 TI   1     1.8299     3.4581   54 O    0 0 0
 135 TI   1     1.9717     3.7259  108 O    0 0 0
 135 TI   1     1.9830     3.7474   75 O    0 1 0
 135 TI   1     2.0161     3.8099   90 O    1 0 0
 135 TI   1     2.0229     3.8226   81 O    0 0 0
 135 TI   1     2.2690     4.2878   53 O    0 0 0


 SYMMETRY ALLOWED INTERNAL DEGREE(S) OF FREEDOM: 402
 TTTTTTTTTTTTTTTTTTTTTTTTTTTTTT SYMM        TELAPSE        3.95 TCPU        3.56
 TTTTTTTTTTTTTTTTTTTTTTTTTTTTTT INT_SCREEN  TELAPSE        4.09 TCPU        3.69

 DFT PARAMETERS

     ATOM       ELECTRONS   NET CHARGE   R(ANGSTROM)
   1 256  BA     10.0000      0.0000     2.24000000
  28   8  O       8.0000      0.0000     0.74000000
 109  22  TI     22.0000      0.0000     1.47000000

 SIZE OF GRID=    2837936
 TTTTTTTTTTTTTTTTTTTTTTTTTTTTTT MAKE_GRID2  TELAPSE       44.50 TCPU       44.11
 BECKE WEIGHT FUNCTION
 RADSAFE =     2.00
 TOLERANCES - DENSITY:10**- 6; POTENTIAL:10**- 9; GRID WGT:10**-14

 RADIAL INTEGRATION  - INTERVALS (POINTS,UPPER LIMIT):            1( 75,  4.0*R)

 ANGULAR INTEGRATION - INTERVALS (ACCURACY LEVEL [N. POINTS] UPPER LIMIT):
  1(  4[  86]   0.2)  2(  8[ 194]   0.5)  3( 12[ 350]   0.9)  4( 16[ 974]   3.5)
  5( 12[ 350]9999.0)
 TTTTTTTTTTTTTTTTTTTTTTTTTTTTTT INT_CALC    TELAPSE       44.62 TCPU       44.22
 EEEEEEEEEE INT_CALC TERMINATION  DATE 25 03 2026 TIME 17:29:29.1

 *******************************************************************************
 converted and standardized from ase Atoms() object for Ba27Ti27O81 in space grou
 CRYSTAL - SCF - TYPE OF CALCULATION :  RESTRICTED CLOSED SHELL
 *******************************************************************************

 CAPPA:IS1  2;IS2  2;IS3  2; K PTS MONK NET   8; SYMMOPS:K SPACE   2;G SPACE   1

 TTTTTTTTTTTTTTTTTTTTTTTTTTTTTT SDIK        TELAPSE       47.17 TCPU       46.77

 AAAAAAAAAAAAAAAAAAAAAAAAAAAAAAAAAAAAAAAAAAAAAAAAAAAAAAAAAAAAAAAAAAAAAAAAAAAAAAA
         ATOMIC WAVEFUNCTION(S)


 NUCLEAR CHARGE 10.0  SYMMETRY SPECIES            S    P
 N. ELECTRONS   10.0  NUMBER OF PRIMITIVE GTOS    5    5
                      NUMBER OF CONTRACTED GTOS   3    2
                      NUMBER OF CLOSED SHELLS     2    1
                      OPEN SHELL OCCUPATION       0    0

  ZNUC  SCFIT    TOTAL HF ENERGY   KINETIC ENERGY   VIRIAL THEOREM             ACCURACY
  10.0     4    -2.474305552E+01  8.075374960E+00 -4.064013205E+00  1.0E-06

 NUCLEAR CHARGE  8.0  SYMMETRY SPECIES            S    P
 N. ELECTRONS    8.0  NUMBER OF PRIMITIVE GTOS   10    6
                      NUMBER OF CONTRACTED GTOS   4    3
                      NUMBER OF CLOSED SHELLS     2    0
                      OPEN SHELL OCCUPATION       0    4

  ZNUC  SCFIT    TOTAL HF ENERGY   KINETIC ENERGY   VIRIAL THEOREM             ACCURACY
   8.0    13    -7.480154908E+01  7.478929754E+01 -2.000163814E+00  2.2E-06

 NUCLEAR CHARGE 22.0  SYMMETRY SPECIES            S    P    D
 N. ELECTRONS   22.0  NUMBER OF PRIMITIVE GTOS   17   11    6
                      NUMBER OF CONTRACTED GTOS   6    4    3
                      NUMBER OF CLOSED SHELLS     4    2    0
                      OPEN SHELL OCCUPATION       0    0    2

  ZNUC  SCFIT    TOTAL HF ENERGY   KINETIC ENERGY   VIRIAL THEOREM             ACCURACY
  22.0    51    -8.483283897E+02  8.486954851E+02 -1.999567459E+00  4.0E-06

 AAAAAAAAAAAAAAAAAAAAAAAAAAAAAAAAAAAAAAAAAAAAAAAAAAAAAAAAAAAAAAAAAAAAAAAAAAAAAAA

 CHARGE NORMALIZATION FACTOR   1.00000000
 TOTAL ATOMIC CHARGES:
  10.0000000  10.0000000  10.0000000  10.0000000  10.0000000  10.0000000
  10.0000000  10.0000000  10.0000000  10.0000000  10.0000000  10.0000000
  10.0000000  10.0000000  10.0000000  10.0000000  10.0000000  10.0000000
  10.0000000  10.0000000  10.0000000  10.0000000  10.0000000  10.0000000
  10.0000000  10.0000000  10.0000000   8.0000000   8.0000000   8.0000000
   8.0000000   8.0000000   8.0000000   8.0000000   8.0000000   8.0000000
   8.0000000   8.0000000   8.0000000   8.0000000   8.0000000   8.0000000
   8.0000000   8.0000000   8.0000000   8.0000000   8.0000000   8.0000000
   8.0000000   8.0000000   8.0000000   8.0000000   8.0000000   8.0000000
   8.0000000   8.0000000   8.0000000   8.0000000   8.0000000   8.0000000
   8.0000000   8.0000000   8.0000000   8.0000000   8.0000000   8.0000000
   8.0000000   8.0000000   8.0000000   8.0000000   8.0000000   8.0000000
   8.0000000   8.0000000   8.0000000   8.0000000   8.0000000   8.0000000
   8.0000000   8.0000000   8.0000000   8.0000000   8.0000000   8.0000000
   8.0000000   8.0000000   8.0000000   8.0000000   8.0000000   8.0000000
   8.0000000   8.0000000   8.0000000   8.0000000   8.0000000   8.0000000
   8.0000000   8.0000000   8.0000000   8.0000000   8.0000000   8.0000000
   8.0000000   8.0000000   8.0000000   8.0000000   8.0000000   8.0000000
  22.0000000  22.0000000  22.0000000  22.0000000  22.0000000  22.0000000
  22.0000000  22.0000000  22.0000000  22.0000000  22.0000000  22.0000000
  22.0000000  22.0000000  22.0000000  22.0000000  22.0000000  22.0000000
  22.0000000  22.0000000  22.0000000  22.0000000  22.0000000  22.0000000
  22.0000000  22.0000000  22.0000000
 TTTTTTTTTTTTTTTTTTTTTTTTTTTTTT MOQGAD      TELAPSE       47.28 TCPU       46.88
 TTTTTTTTTTTTTTTTTTTTTTTTTTTTTT SHELLXN     TELAPSE      406.48 TCPU      405.01
 TTTTTTTTTTTTTTTTTTTTTTTTTTTTTT MONMO3      TELAPSE      418.96 TCPU      417.39
 NUMERICALLY INTEGRATED DENSITY   1511.9951984617
 TTTTTTTTTTTTTTTTTTTTTTTTTTTTTT NUMDFT      TELAPSE      436.16 TCPU      434.45
 CYC   0 ETOT(AU) -2.971213824991E+04 DETOT -2.97E+04 tst  0.00E+00 PX  1.00E+00
 TTTTTTTTTTTTTTTTTTTTTTTTTTTTTT DIIS        TELAPSE      437.16 TCPU      435.39
 TTTTTTTTTTTTTTTTTTTTTTTTTTTTTT FDIK        TELAPSE      453.08 TCPU      451.03
 INSULATING STATE
 TOP OF VALENCE BANDS -    BAND    756; K    8; EIG -3.4793441E-01 AU
 TOP OF VALENCE BANDS -    BAND    756; K    1; EIG -3.5283893E-01 AU
 BOTTOM OF VIRTUAL BANDS - BAND    757; K    1; EIG -8.3411233E-02 AU
 INDIRECT ENERGY BAND GAP:   7.1980 eV
 TTTTTTTTTTTTTTTTTTTTTTTTTTTTTT PDIG        TELAPSE      455.93 TCPU      453.63
 CHARGE NORMALIZATION FACTOR   1.00000000
 TOTAL ATOMIC CHARGES:
   8.1708475   8.1686028   8.1595980   8.1732041   8.1713959   8.1665084
   8.1668892   8.1670275   8.1578555   8.1599344   8.1594972   8.1584085
   8.1608187   8.1655180   8.1645791   8.1595463   8.1630689   8.1643042
   8.1635075   8.1641055   8.1643422   8.1606074   8.1638867   8.1648706
   8.1557335   8.1631205   8.1615420   9.4607260   9.4339834   9.4698400
   9.4685291   9.4493113   9.4416887   9.4607966   9.4303575   9.4465848
   9.4490181   9.4537776   9.4449574   9.4409561   9.4728021   9.4309350
   9.4479892   9.4480879   9.4272045   9.4584561   9.4484580   9.4614224
   9.4427836   9.4577873   9.4632947   9.4694412   9.4269044   9.4614314
   9.4823639   9.4720531   9.4767297   9.4766285   9.4890249   9.4800002
   9.4788407   9.4753767   9.4794718   9.4775468   9.4782404   9.4816206
   9.4801015   9.4782894   9.4756440   9.4758347   9.4742644   9.4758169
   9.4815251   9.4780339   9.4796973   9.4826716   9.4839916   9.4782969
   9.4780483   9.4761016   9.4799007   9.4816071   9.4834501   9.4803945
   9.4863629   9.4758187   9.4860759   9.4776221   9.4761317   9.4843202
   9.4756886   9.4735735   9.4746985   9.4788525   9.4849464   9.4793249
   9.4810488   9.4723654   9.4808921   9.4819365   9.4801704   9.4780407
   9.4786526   9.4793451   9.4725590   9.4732717   9.4837128   9.4747248
  19.4296090  19.4465101  19.3856193  19.3920607  19.4586465  19.4600621
  19.4057713  19.4243929  19.4411316  19.4515403  19.4540701  19.4664520
  19.4108931  19.3905778  19.4564235  19.4435157  19.4533785  19.4320368
  19.4086134  19.4240318  19.4046442  19.4274814  19.3871640  19.4077850
  19.4256171  19.4657707  19.3976539
 TTTTTTTTTTTTTTTTTTTTTTTTTTTTTT MOQGAD      TELAPSE      456.10 TCPU      453.70
 TTTTTTTTTTTTTTTTTTTTTTTTTTTTTT SHELLXN     TELAPSE      834.04 TCPU      831.26
 TTTTTTTTTTTTTTTTTTTTTTTTTTTTTT MONMO3      TELAPSE      846.75 TCPU      843.77
 NUMERICALLY INTEGRATED DENSITY   1511.9950405733
 TTTTTTTTTTTTTTTTTTTTTTTTTTTTTT NUMDFT      TELAPSE      863.35 TCPU      860.17
 CYC   1 ETOT(AU) -2.970526313809E+04 DETOT  6.88E+00 tst  0.00E+00 PX  1.00E+00
 TTTTTTTTTTTTTTTTTTTTTTTTTTTTTT DIIS        TELAPSE      867.72 TCPU      864.47
 DIIS TEST: 0.75833E+02 AT SCF   CYCLE   1 - MIX   80 %
 TTTTTTTTTTTTTTTTTTTTTTTTTTTTTT FDIK        TELAPSE      885.89 TCPU      882.53
 INSULATING STATE
 TOP OF VALENCE BANDS -    BAND    756; K    8; EIG -2.5918201E-01 AU
 TOP OF VALENCE BANDS -    BAND    756; K    1; EIG -2.6741242E-01 AU
 BOTTOM OF VIRTUAL BANDS - BAND    757; K    1; EIG -1.0163925E-01 AU
 INDIRECT ENERGY BAND GAP:   4.2870 eV
 TTTTTTTTTTTTTTTTTTTTTTTTTTTTTT PDIG        TELAPSE      888.35 TCPU      884.91
 CHARGE NORMALIZATION FACTOR   1.00000000
 TOTAL ATOMIC CHARGES:
   8.2567159   8.2545919   8.2493010   8.2576355   8.2560689   8.2544153
   8.2542988   8.2533689   8.2495083   8.2497507   8.2504948   8.2481123
   8.2504862   8.2545471   8.2527437   8.2495275   8.2525101   8.2512177
   8.2520491   8.2533917   8.2521486   8.2514038   8.2521970   8.2534071
   8.2480393   8.2510742   8.2509370   9.1928823   9.1812345   9.1962852
   9.2009926   9.1898074   9.1807484   9.1932326   9.1502285   9.1868375
   9.1906369   9.1907412   9.1803365   9.1759411   9.2002564   9.1683708
   9.1867182   9.1818986   9.1544236   9.1838004   9.1889446   9.1944223
   9.1681994   9.1891866   9.1939624   9.1996439   9.1765019   9.1904198
   9.2307179   9.2345062   9.2354869   9.2308100   9.2404302   9.2354450
   9.2338855   9.2308675   9.2373779   9.2344780   9.2378280   9.2373420
   9.2342867   9.2360939   9.2362086   9.2349890   9.2330119   9.2351250
   9.2363362   9.2349594   9.2314975   9.2349303   9.2317733   9.2313826
   9.2313725   9.2307527   9.2346933   9.2347187   9.2308807   9.2319021
   9.2302049   9.2300596   9.2391910   9.2295044   9.2349051   9.2360427
   9.2325876   9.2354427   9.2335739   9.2398657   9.2381265   9.2386738
   9.2351923   9.2360128   9.2375659   9.2364896   9.2398695   9.2337900
   9.2321828   9.2312566   9.2332639   9.2328453   9.2391256   9.2363859
  20.0944720  20.0894312  20.0792131  20.0816562  20.1045219  20.1147162
  20.0874177  20.0972465  20.1006473  20.0954640  20.1036799  20.1055895
  20.0857749  20.0887275  20.1003012  20.1016620  20.1181818  20.1075675
  20.0962091  20.0925533  20.0892296  20.0868941  20.0723512  20.0765116
  20.0895166  20.0992665  20.0783539
 TTTTTTTTTTTTTTTTTTTTTTTTTTTTTT MOQGAD      TELAPSE      888.44 TCPU      884.96
 TTTTTTTTTTTTTTTTTTTTTTTTTTTTTT SHELLXN     TELAPSE     1264.94 TCPU     1260.85
 TTTTTTTTTTTTTTTTTTTTTTTTTTTTTT MONMO3      TELAPSE     1277.80 TCPU     1273.43
 NUMERICALLY INTEGRATED DENSITY   1511.9942285645
 TTTTTTTTTTTTTTTTTTTTTTTTTTTTTT NUMDFT      TELAPSE     1294.71 TCPU     1290.12
 CYC   2 ETOT(AU) -2.971623949752E+04 DETOT -1.10E+01 tst  3.25E-03 PX  6.93E-02
 TTTTTTTTTTTTTTTTTTTTTTTTTTTTTT DIIS        TELAPSE     1299.27 TCPU     1294.59
 DIIS TEST: 0.14205E+02 AT SCF   CYCLE   2 - DIIS ACTIVE - HISTORY:     2 CYCLES
 TTTTTTTTTTTTTTTTTTTTTTTTTTTTTT FDIK        TELAPSE     1315.04 TCPU     1310.13
 INSULATING STATE
 TOP OF VALENCE BANDS -    BAND    756; K    8; EIG -1.5054921E-01 AU
 TOP OF VALENCE BANDS -    BAND    756; K    1; EIG -1.5991420E-01 AU
 BOTTOM OF VIRTUAL BANDS - BAND    757; K    1; EIG -2.0855046E-02 AU
 INDIRECT ENERGY BAND GAP:   3.5292 eV
 TTTTTTTTTTTTTTTTTTTTTTTTTTTTTT PDIG        TELAPSE     1317.76 TCPU     1312.76
 CHARGE NORMALIZATION FACTOR   1.00000000
 TOTAL ATOMIC CHARGES:
   8.3382226   8.3368279   8.3416438   8.3362068   8.3338136   8.3391389
   8.3375343   8.3365196   8.3444464   8.3402684   8.3432459   8.3421826
   8.3431752   8.3413458   8.3402310   8.3431207   8.3402920   8.3376170
   8.3405221   8.3411828   8.3389287   8.3424305   8.3397578   8.3385878
   8.3438128   8.3399582   8.3412370   9.0573615   9.0439064   9.0628343
   9.0530150   9.0516892   9.0625795   9.0642370   9.0514605   9.0580463
   9.0535399   9.0557302   9.0513511   9.0592509   9.0638426   9.0471320
   9.0594120   9.0679720   9.0578333   9.0608826   9.0468947   9.0701487
   9.0478552   9.0506205   9.0455466   9.0580759   9.0419047   9.0501429
   9.0331833   9.0488382   9.0467806   9.0428714   9.0280914   9.0400763
   9.0506100   9.0406784   9.0370218   9.0336142   9.0390766   9.0388125
   9.0322241   9.0481898   9.0416803   9.0435832   9.0510715   9.0460802
   9.0380459   9.0337742   9.0337455   9.0386539   9.0305932   9.0373002
   9.0321925   9.0357829   9.0355717   9.0470817   9.0287473   9.0395149
   9.0378871   9.0418353   9.0324895   9.0381349   9.0492880   9.0345199
   9.0352320   9.0428066   9.0386763   9.0479144   9.0251416   9.0377630
   9.0240205   9.0519051   9.0442978   9.0416846   9.0404029   9.0287424
   9.0340085   9.0455849   9.0463654   9.0421569   9.0298750   9.0538863
  20.5177714  20.5214283  20.5824714  20.5491300  20.5015979  20.4977598
  20.5375728  20.5187792  20.5125988  20.4788812  20.4917832  20.4798742
  20.5441972  20.5710928  20.5076799  20.5174217  20.5089509  20.5100184
  20.5277238  20.5386745  20.5709093  20.5154176  20.5645483  20.5347085
  20.5295776  20.5167945  20.5590140
 TTTTTTTTTTTTTTTTTTTTTTTTTTTTTT MOQGAD      TELAPSE     1317.85 TCPU     1312.82
 TTTTTTTTTTTTTTTTTTTTTTTTTTTTTT SHELLXN     TELAPSE     1694.78 TCPU     1689.61
 TTTTTTTTTTTTTTTTTTTTTTTTTTTTTT MONMO3      TELAPSE     1707.37 TCPU     1702.20
 NUMERICALLY INTEGRATED DENSITY   1511.9937136206
 TTTTTTTTTTTTTTTTTTTTTTTTTTTTTT NUMDFT      TELAPSE     1724.09 TCPU     1718.92
 CYC   3 ETOT(AU) -2.971861168688E+04 DETOT -2.37E+00 tst  2.37E-03 PX  5.97E-02
 TTTTTTTTTTTTTTTTTTTTTTTTTTTTTT DIIS        TELAPSE     1728.42 TCPU     1723.25
 DIIS TEST: 0.21750E+00 AT SCF   CYCLE   3 - DIIS ACTIVE - HISTORY:     3 CYCLES
 TTTTTTTTTTTTTTTTTTTTTTTTTTTTTT FDIK        TELAPSE     1744.28 TCPU     1738.78
 INSULATING STATE
 TOP OF VALENCE BANDS -    BAND    756; K    8; EIG -1.5292517E-01 AU
 TOP OF VALENCE BANDS -    BAND    756; K    1; EIG -1.6184752E-01 AU
 BOTTOM OF VIRTUAL BANDS - BAND    757; K    1; EIG -5.6478281E-03 AU
 INDIRECT ENERGY BAND GAP:   4.0076 eV
 TTTTTTTTTTTTTTTTTTTTTTTTTTTTTT PDIG        TELAPSE     1746.83 TCPU     1741.33
 CHARGE NORMALIZATION FACTOR   1.00000000
 TOTAL ATOMIC CHARGES:
   8.3428403   8.3414710   8.3399144   8.3415579   8.3398405   8.3422322
   8.3416868   8.3401647   8.3429033   8.3419941   8.3450530   8.3411279
   8.3426604   8.3442256   8.3429164   8.3419205   8.3433272   8.3399566
   8.3426986   8.3447246   8.3404700   8.3439051   8.3422852   8.3423289
   8.3428714   8.3401002   8.3416178   9.0067522   9.0248200   9.0073417
   9.0279502   9.0205921   8.9801264   9.0083127   8.9195130   9.0118062
   9.0186203   9.0039639   8.9832688   8.9938426   9.0156713   8.9810936
   9.0180354   8.9766820   8.9329666   8.9741951   9.0245528   9.0135524
   8.9557961   9.0191462   9.0136879   9.0118186   9.0233296   9.0086963
   9.0860536   9.1042077   9.1000306   9.0910381   9.1039274   9.1015857
   9.0950140   9.0886181   9.1026522   9.1019997   9.1089089   9.0976816
   9.0945159   9.1051770   9.1051051   9.0967629   9.0894967   9.0958704
   9.1015715   9.1077898   9.0964743   9.0927440   9.0871919   9.0978987
   9.0924196   9.0933119   9.1038095   9.0855428   9.0793022   9.0898334
   9.0719039   9.0917097   9.0998882   9.0860054   9.0945158   9.0933288
   9.0976970   9.1110245   9.1106746   9.1172092   9.1110233   9.1097936
   9.1030768   9.1063043   9.0977909   9.0991226   9.1117496   9.1086507
   9.0945007   9.0845576   9.1003922   9.0981947   9.1045715   9.1067993
  20.4723241  20.4155461  20.4117381  20.4420547  20.4782141  20.5274375
  20.4619041  20.5068259  20.4677753  20.4693394  20.4881109  20.4972044
  20.4405425  20.4417509  20.4602517  20.4598520  20.5350285  20.5335369
  20.5016265  20.4456788  20.4415642  20.4735591  20.3999480  20.4209125
  20.4442780  20.4267414  20.4163062
 TTTTTTTTTTTTTTTTTTTTTTTTTTTTTT MOQGAD      TELAPSE     1746.89 TCPU     1741.39
 TTTTTTTTTTTTTTTTTTTTTTTTTTTTTT SHELLXN     TELAPSE     2123.62 TCPU     2117.54
 TTTTTTTTTTTTTTTTTTTTTTTTTTTTTT MONMO3      TELAPSE     2136.52 TCPU     2130.16
 NUMERICALLY INTEGRATED DENSITY   1511.9936134409
 TTTTTTTTTTTTTTTTTTTTTTTTTTTTTT NUMDFT      TELAPSE     2153.46 TCPU     2146.95
 CYC   4 ETOT(AU) -2.971858467086E+04 DETOT  2.70E-02 tst  7.17E-05 PX  3.11E-02
 TTTTTTTTTTTTTTTTTTTTTTTTTTTTTT DIIS        TELAPSE     2158.56 TCPU     2151.88
 DIIS TEST: 0.40911E+00 AT SCF   CYCLE   4 - DIIS ACTIVE - HISTORY:     4 CYCLES
 TTTTTTTTTTTTTTTTTTTTTTTTTTTTTT FDIK        TELAPSE     2174.65 TCPU     2167.82
 INSULATING STATE
 TOP OF VALENCE BANDS -    BAND    756; K    8; EIG -1.4664292E-01 AU
 TOP OF VALENCE BANDS -    BAND    756; K    1; EIG -1.5633572E-01 AU
 BOTTOM OF VIRTUAL BANDS - BAND    757; K    1; EIG -6.2667502E-03 AU
 INDIRECT ENERGY BAND GAP:   3.8198 eV
 TTTTTTTTTTTTTTTTTTTTTTTTTTTTTT PDIG        TELAPSE     2177.27 TCPU     2170.33
 CHARGE NORMALIZATION FACTOR   1.00000000
 TOTAL ATOMIC CHARGES:
   8.3406092   8.3386023   8.3393972   8.3390959   8.3381136   8.3406097
   8.3395699   8.3381368   8.3415873   8.3393252   8.3411914   8.3380656
   8.3404631   8.3417248   8.3395370   8.3399873   8.3404466   8.3364149
   8.3397328   8.3410800   8.3382517   8.3413176   8.3401115   8.3399354
   8.3411187   8.3387541   8.3398796   9.0437930   9.0405122   9.0382124
   9.0400837   9.0433228   9.0576510   9.0429675   9.0205798   9.0469315
   9.0462959   9.0466955   9.0435114   9.0380673   9.0385326   9.0338648
   9.0393233   9.0505937   9.0324029   9.0421893   9.0405565   9.0467656
   9.0328859   9.0278918   9.0342357   9.0452267   9.0399160   9.0341911
   9.0625917   9.0821980   9.0801001   9.0727715   9.0670424   9.0734193
   9.0762561   9.0728965   9.0740973   9.0695035   9.0757160   9.0743903
   9.0689304   9.0777229   9.0794994   9.0781974   9.0836861   9.0803941
   9.0723606   9.0696366   9.0653568   9.0718097   9.0621509   9.0682444
   9.0683448   9.0676548   9.0703622   9.0777224   9.0626140   9.0702830
   9.0621576   9.0708800   9.0721985   9.0690640   9.0826712   9.0697345
   9.0716615   9.0787759   9.0725017   9.0817634   9.0629681   9.0765891
   9.0640393   9.0842962   9.0758870   9.0726475   9.0778714   9.0657517
   9.0683012   9.0730012   9.0809257   9.0761838   9.0712860   9.0845028
  20.4689630  20.4670834  20.5081679  20.4993216  20.4606993  20.4510468
  20.4848366  20.4543293  20.4788940  20.4481504  20.4520211  20.4384011
  20.4812679  20.5154686  20.4551001  20.4824552  20.4630809  20.4614862
  20.4798553  20.4876810  20.5007028  20.4492798  20.5054565  20.4754316
  20.4745659  20.4647671  20.4896147
 TTTTTTTTTTTTTTTTTTTTTTTTTTTTTT MOQGAD      TELAPSE     2177.36 TCPU     2170.39
 TTTTTTTTTTTTTTTTTTTTTTTTTTTTTT SHELLXN     TELAPSE     2554.08 TCPU     2546.98
 TTTTTTTTTTTTTTTTTTTTTTTTTTTTTT MONMO3      TELAPSE     2566.67 TCPU     2559.58
 NUMERICALLY INTEGRATED DENSITY   1511.9936319138
 TTTTTTTTTTTTTTTTTTTTTTTTTTTTTT NUMDFT      TELAPSE     2583.38 TCPU     2576.28
 CYC   5 ETOT(AU) -2.971864413876E+04 DETOT -5.95E-02 tst  2.76E-05 PX  1.65E-02
 TTTTTTTTTTTTTTTTTTTTTTTTTTTTTT DIIS        TELAPSE     2587.99 TCPU     2580.90
 DIIS TEST: 0.30694E-01 AT SCF   CYCLE   5 - DIIS ACTIVE - HISTORY:     5 CYCLES
 TTTTTTTTTTTTTTTTTTTTTTTTTTTTTT FDIK        TELAPSE     2604.06 TCPU     2596.90
 INSULATING STATE
 TOP OF VALENCE BANDS -    BAND    756; K    8; EIG -1.4608936E-01 AU
 TOP OF VALENCE BANDS -    BAND    756; K    1; EIG -1.5542507E-01 AU
 BOTTOM OF VIRTUAL BANDS - BAND    757; K    1; EIG -8.2167258E-03 AU
 INDIRECT ENERGY BAND GAP:   3.7517 eV
 TTTTTTTTTTTTTTTTTTTTTTTTTTTTTT PDIG        TELAPSE     2606.61 TCPU     2599.44
 CHARGE NORMALIZATION FACTOR   1.00000000
 TOTAL ATOMIC CHARGES:
   8.3383531   8.3367312   8.3376677   8.3369832   8.3352857   8.3384140
   8.3374580   8.3359858   8.3401515   8.3377548   8.3403715   8.3375852
   8.3392175   8.3397969   8.3384078   8.3386608   8.3389125   8.3356539
   8.3382875   8.3396603   8.3369275   8.3399776   8.3379887   8.3380047
   8.3397461   8.3369294   8.3383025   9.0405302   9.0403655   9.0463537
   9.0500872   9.0439707   9.0313888   9.0490418   9.0001892   9.0445695
   9.0448890   9.0406811   9.0270566   9.0368118   9.0523270   9.0231210
   9.0503508   9.0358584   9.0095607   9.0288173   9.0433277   9.0522542
   9.0115086   9.0455592   9.0385500   9.0440902   9.0383941   9.0383628
   9.0600669   9.0763833   9.0737215   9.0669437   9.0641768   9.0702691
   9.0737619   9.0658296   9.0693561   9.0672287   9.0728931   9.0678034
   9.0633295   9.0763371   9.0726132   9.0708819   9.0717178   9.0716318
   9.0687855   9.0691955   9.0641184   9.0653236   9.0592097   9.0669373
   9.0613794   9.0650306   9.0678824   9.0683315   9.0549075   9.0647065
   9.0576767   9.0675792   9.0649658   9.0630079   9.0724922   9.0636620
   9.0658121   9.0759465   9.0727966   9.0801588   9.0662027   9.0722423
   9.0616042   9.0792981   9.0720691   9.0697800   9.0746182   9.0662837
   9.0634121   9.0666726   9.0738011   9.0706716   9.0651713   9.0803575
  20.4886750  20.4660004  20.4991929  20.4875888  20.4791120  20.5025178
  20.4920748  20.5043547  20.4798576  20.4614896  20.4775630  20.4756642
  20.4906229  20.5022269  20.4776506  20.4766508  20.5089597  20.5092075
  20.5072080  20.4875733  20.5047966  20.4910677  20.4797498  20.4759531
  20.4831786  20.4680244  20.4887711
 TTTTTTTTTTTTTTTTTTTTTTTTTTTTTT MOQGAD      TELAPSE     2606.67 TCPU     2599.50
 TTTTTTTTTTTTTTTTTTTTTTTTTTTTTT SHELLXN     TELAPSE     2984.89 TCPU     2976.97
 TTTTTTTTTTTTTTTTTTTTTTTTTTTTTT MONMO3      TELAPSE     2997.73 TCPU     2989.53
 NUMERICALLY INTEGRATED DENSITY   1511.9936395250
 TTTTTTTTTTTTTTTTTTTTTTTTTTTTTT NUMDFT      TELAPSE     3014.55 TCPU     3006.22
 CYC   6 ETOT(AU) -2.971864854178E+04 DETOT -4.40E-03 tst  1.85E-06 PX  4.19E-03
 TTTTTTTTTTTTTTTTTTTTTTTTTTTTTT DIIS        TELAPSE     3019.88 TCPU     3011.49
 DIIS TEST: 0.55884E-02 AT SCF   CYCLE   6 - DIIS ACTIVE - HISTORY:     6 CYCLES
 TTTTTTTTTTTTTTTTTTTTTTTTTTTTTT FDIK        TELAPSE     3035.95 TCPU     3027.45
 INSULATING STATE
 TOP OF VALENCE BANDS -    BAND    756; K    8; EIG -1.4606257E-01 AU
 TOP OF VALENCE BANDS -    BAND    756; K    1; EIG -1.5549085E-01 AU
 BOTTOM OF VIRTUAL BANDS - BAND    757; K    1; EIG -8.7746929E-03 AU
 INDIRECT ENERGY BAND GAP:   3.7358 eV
 TTTTTTTTTTTTTTTTTTTTTTTTTTTTTT PDIG        TELAPSE     3038.53 TCPU     3030.01
 CHARGE NORMALIZATION FACTOR   1.00000000
 TOTAL ATOMIC CHARGES:
   8.3379972   8.3363744   8.3377080   8.3364742   8.3348840   8.3381143
   8.3371348   8.3357805   8.3402426   8.3378777   8.3403371   8.3376530
   8.3393449   8.3398077   8.3382152   8.3389472   8.3387468   8.3354048
   8.3382914   8.3396114   8.3367317   8.3398411   8.3379666   8.3377430
   8.3398355   8.3370098   8.3382605   9.0373521   9.0357959   9.0369109
   9.0389811   9.0378775   9.0364390   9.0382464   9.0031230   9.0389443
   9.0388206   9.0356858   9.0281113   9.0318538   9.0388682   9.0230936
   9.0375153   9.0340890   9.0127593   9.0289720   9.0364696   9.0442465
   9.0164878   9.0311567   9.0311616   9.0393971   9.0341880   9.0313973
   9.0580749   9.0758082   9.0729100   9.0667478   9.0637079   9.0690923
   9.0713627   9.0647794   9.0686191   9.0655590   9.0717817   9.0681521
   9.0626220   9.0745660   9.0725019   9.0702999   9.0724571   9.0717408
   9.0681419   9.0673824   9.0626745   9.0654105   9.0573884   9.0650030
   9.0617533   9.0627992   9.0671644   9.0676678   9.0543896   9.0640016
   9.0550471   9.0655409   9.0655102   9.0615776   9.0733936   9.0634416
   9.0654559   9.0743825   9.0713214   9.0798112   9.0630384   9.0720788
   9.0609199   9.0783238   9.0703322   9.0692095   9.0738637   9.0648678
   9.0632207   9.0654557   9.0728495   9.0691792   9.0660434   9.0791931
  20.4907988  20.4759214  20.5131420  20.5092396  20.4855134  20.4930627
  20.5037926  20.4957782  20.4934859  20.4716566  20.4826803  20.4750079
  20.4967144  20.5212614  20.4786419  20.4960831  20.5055308  20.5040758
  20.5065872  20.4986837  20.5141151  20.4818531  20.5034879  20.4851544
  20.4898763  20.4764541  20.4985044
 TTTTTTTTTTTTTTTTTTTTTTTTTTTTTT MOQGAD      TELAPSE     3038.59 TCPU     3030.07
 TTTTTTTTTTTTTTTTTTTTTTTTTTTTTT SHELLXN     TELAPSE     3416.91 TCPU     3408.27
 TTTTTTTTTTTTTTTTTTTTTTTTTTTTTT MONMO3      TELAPSE     3429.48 TCPU     3420.83
 NUMERICALLY INTEGRATED DENSITY   1511.9936400319
 TTTTTTTTTTTTTTTTTTTTTTTTTTTTTT NUMDFT      TELAPSE     3446.18 TCPU     3437.52
 CYC   7 ETOT(AU) -2.971864931249E+04 DETOT -7.71E-04 tst  4.57E-07 PX  2.01E-03
 TTTTTTTTTTTTTTTTTTTTTTTTTTTTTT DIIS        TELAPSE     3450.98 TCPU     3442.33
 DIIS TEST: 0.63263E-03 AT SCF   CYCLE   7 - DIIS ACTIVE - HISTORY:     7 CYCLES
 TTTTTTTTTTTTTTTTTTTTTTTTTTTTTT FDIK        TELAPSE     3467.16 TCPU     3458.32
 INSULATING STATE
 TOP OF VALENCE BANDS -    BAND    756; K    8; EIG -1.4562015E-01 AU
 TOP OF VALENCE BANDS -    BAND    756; K    1; EIG -1.5510270E-01 AU
 BOTTOM OF VIRTUAL BANDS - BAND    757; K    1; EIG -8.2766988E-03 AU
 INDIRECT ENERGY BAND GAP:   3.7373 eV
 TTTTTTTTTTTTTTTTTTTTTTTTTTTTTT PDIG        TELAPSE     3469.71 TCPU     3460.86
 CHARGE NORMALIZATION FACTOR   1.00000000
 TOTAL ATOMIC CHARGES:
   8.3391327   8.3375059   8.3388175   8.3376052   8.3359726   8.3392591
   8.3382363   8.3368399   8.3413534   8.3388237   8.3413608   8.3386408
   8.3403542   8.3408096   8.3392573   8.3398837   8.3397533   8.3364067
   8.3392836   8.3406171   8.3377587   8.3409816   8.3390245   8.3388437
   8.3409570   8.3380505   8.3393639   9.0366363   9.0360045   9.0381837
   9.0424075   9.0395328   9.0358076   9.0423476   9.0011511   9.0408754
   9.0412407   9.0383404   9.0281508   9.0320819   9.0426698   9.0215846
   9.0421296   9.0362130   9.0119619   9.0280885   9.0378970   9.0453182
   9.0133065   9.0347416   9.0320190   9.0393436   9.0347243   9.0318606
   9.0583050   9.0758140   9.0733471   9.0661570   9.0624170   9.0686392
   9.0720805   9.0655550   9.0684543   9.0654178   9.0713461   9.0673286
   9.0627031   9.0740753   9.0726903   9.0708565   9.0735502   9.0720979
   9.0673017   9.0666329   9.0616289   9.0648268   9.0574263   9.0647927
   9.0611795   9.0632384   9.0662681   9.0689838   9.0548546   9.0642688
   9.0565445   9.0660079   9.0649571   9.0625742   9.0734792   9.0632485
   9.0652316   9.0743259   9.0700226   9.0782255   9.0624344   9.0709748
   9.0598797   9.0783934   9.0704670   9.0676238   9.0731927   9.0634987
   9.0624849   9.0662267   9.0737239   9.0701910   9.0648418   9.0792085
  20.4925596  20.4762674  20.5114717  20.5000039  20.4826422  20.4945717
  20.4985921  20.4976534  20.4890261  20.4659125  20.4778468  20.4724676
  20.4969863  20.5158978  20.4804078  20.4873320  20.5023220  20.5030037
  20.5086360  20.4974931  20.5130580  20.4874744  20.4974548  20.4858933
  20.4901875  20.4767000  20.4986303
 TTTTTTTTTTTTTTTTTTTTTTTTTTTTTT MOQGAD      TELAPSE     3469.77 TCPU     3460.93
 TTTTTTTTTTTTTTTTTTTTTTTTTTTTTT SHELLXN     TELAPSE     3848.51 TCPU     3839.26
 TTTTTTTTTTTTTTTTTTTTTTTTTTTTTT MONMO3      TELAPSE     3861.34 TCPU     3851.86
 NUMERICALLY INTEGRATED DENSITY   1511.9936362072
 TTTTTTTTTTTTTTTTTTTTTTTTTTTTTT NUMDFT      TELAPSE     3878.26 TCPU     3868.67
 CYC   8 ETOT(AU) -2.971864938510E+04 DETOT -7.26E-05 tst  4.68E-08 PX  1.20E-03
 TTTTTTTTTTTTTTTTTTTTTTTTTTTTTT DIIS        TELAPSE     3883.90 TCPU     3874.23
 DIIS TEST: 0.15900E-03 AT SCF   CYCLE   8 - DIIS ACTIVE - HISTORY:     8 CYCLES
 TTTTTTTTTTTTTTTTTTTTTTTTTTTTTT FDIK        TELAPSE     3908.14 TCPU     3897.75
 INSULATING STATE
 TOP OF VALENCE BANDS -    BAND    756; K    8; EIG -1.4554723E-01 AU
 TOP OF VALENCE BANDS -    BAND    756; K    1; EIG -1.5498292E-01 AU
 BOTTOM OF VIRTUAL BANDS - BAND    757; K    1; EIG -8.1873644E-03 AU
 INDIRECT ENERGY BAND GAP:   3.7378 eV
 TTTTTTTTTTTTTTTTTTTTTTTTTTTTTT PDIG        TELAPSE     3910.93 TCPU     3900.40
 CHARGE NORMALIZATION FACTOR   1.00000000
 TOTAL ATOMIC CHARGES:
   8.3392480   8.3375966   8.3389038   8.3377238   8.3361090   8.3393699
   8.3383614   8.3369700   8.3414449   8.3389887   8.3415022   8.3387692
   8.3404782   8.3409661   8.3393816   8.3400352   8.3399309   8.3365364
   8.3394280   8.3407589   8.3378743   8.3410697   8.3391711   8.3389559
   8.3410399   8.3381629   8.3394467   9.0377093   9.0368381   9.0390379
   9.0416906   9.0394061   9.0356474   9.0413629   9.0022851   9.0406953
   9.0406086   9.0373419   9.0280078   9.0330628   9.0421993   9.0229864
   9.0411899   9.0351036   9.0122799   9.0288606   9.0382236   9.0460711
   9.0150468   9.0345863   9.0328767   9.0402317   9.0352112   9.0328688
   9.0579256   9.0755625   9.0729017   9.0662816   9.0629097   9.0686856
   9.0715545   9.0648784   9.0682431   9.0653378   9.0712866   9.0674347
   9.0623161   9.0742953   9.0720876   9.0702259   9.0722909   9.0714546
   9.0676064   9.0670101   9.0622061   9.0648560   9.0573322   9.0648159
   9.0611068   9.0629534   9.0665040   9.0678868   9.0541885   9.0636976
   9.0554410   9.0656357   9.0647577   9.0617103   9.0728561   9.0629385
   9.0650363   9.0742563   9.0706629   9.0789228   9.0628620   9.0713689
   9.0602136   9.0781973   9.0703779   9.0685344   9.0734042   9.0641054
   9.0625513   9.0655471   9.0730306   9.0693495   9.0649174   9.0790240
  20.4906314  20.4741279  20.5102579  20.5031701  20.4833041  20.4950792
  20.5004307  20.4972731  20.4897398  20.4680938  20.4802909  20.4740235
  20.4956042  20.5166504  20.4784558  20.4901914  20.5051955  20.5041697
  20.5070513  20.4964033  20.5121486  20.4846198  20.4980037  20.4835819
  20.4886678  20.4749019  20.4967425
 TTTTTTTTTTTTTTTTTTTTTTTTTTTTTT MOQGAD      TELAPSE     3911.10 TCPU     3900.47
 TTTTTTTTTTTTTTTTTTTTTTTTTTTTTT SHELLXN     TELAPSE     5199.46 TCPU     4405.96
 TTTTTTTTTTTTTTTTTTTTTTTTTTTTTT MONMO3      TELAPSE     5211.94 TCPU     4418.42
 NUMERICALLY INTEGRATED DENSITY   1511.9936359887
 TTTTTTTTTTTTTTTTTTTTTTTTTTTTTT NUMDFT      TELAPSE     5229.04 TCPU     4435.50
 CYC   9 ETOT(AU) -2.971864940511E+04 DETOT -2.00E-05 tst  9.16E-09 PX  2.18E-04
 TTTTTTTTTTTTTTTTTTTTTTTTTTTTTT DIIS        TELAPSE     5234.59 TCPU     4441.03
 DIIS TEST: 0.17070E-04 AT SCF   CYCLE   9 - DIIS ACTIVE - HISTORY:     9 CYCLES
 TTTTTTTTTTTTTTTTTTTTTTTTTTTTTT FDIK        TELAPSE     5251.08 TCPU     4457.24
 INSULATING STATE
 TOP OF VALENCE BANDS -    BAND    756; K    8; EIG -1.4554470E-01 AU
 TOP OF VALENCE BANDS -    BAND    756; K    1; EIG -1.5498905E-01 AU
 BOTTOM OF VIRTUAL BANDS - BAND    757; K    1; EIG -8.2725214E-03 AU
 INDIRECT ENERGY BAND GAP:   3.7354 eV
 TTTTTTTTTTTTTTTTTTTTTTTTTTTTTT PDIG        TELAPSE     5253.62 TCPU     4459.74
 CHARGE NORMALIZATION FACTOR   1.00000000
 TOTAL ATOMIC CHARGES:
   8.3392278   8.3375844   8.3388807   8.3377085   8.3360992   8.3393528
   8.3383428   8.3369491   8.3414108   8.3389518   8.3414609   8.3387319
   8.3404401   8.3409288   8.3393549   8.3399859   8.3398956   8.3365108
   8.3393938   8.3407192   8.3378588   8.3410455   8.3391317   8.3389445
   8.3410133   8.3381214   8.3394271   9.0374619   9.0364086   9.0386105
   9.0417588   9.0392518   9.0354914   9.0413432   9.0020811   9.0403395
   9.0404664   9.0373892   9.0278891   9.0325934   9.0422376   9.0224523
   9.0409845   9.0353028   9.0120777   9.0286058   9.0378878   9.0457007
   9.0145253   9.0345504   9.0323028   9.0399363   9.0349053   9.0323654
   9.0580088   9.0754462   9.0727134   9.0660941   9.0627305   9.0686236
   9.0715573   9.0647380   9.0681768   9.0652581   9.0713157   9.0673174
   9.0622526   9.0741916   9.0721120   9.0701029   9.0723404   9.0713797
   9.0674231   9.0668577   9.0619719   9.0646752   9.0571450   9.0647165
   9.0609850   9.0628162   9.0664241   9.0677797   9.0541432   9.0637224
   9.0555592   9.0655679   9.0646895   9.0616886   9.0728575   9.0628950
   9.0649552   9.0741035   9.0705560   9.0787927   9.0627110   9.0711931
   9.0600895   9.0780459   9.0701497   9.0682241   9.0732098   9.0640311
   9.0624698   9.0654800   9.0728409   9.0693168   9.0649431   9.0789408
  20.4914091  20.4749972  20.5113074  20.5029485  20.4836082  20.4948329
  20.5003772  20.4980092  20.4901112  20.4680748  20.4800957  20.4741039
  20.4964799  20.5169482  20.4795222  20.4902808  20.5046380  20.5045839
  20.5076571  20.4969494  20.5129392  20.4856040  20.4983142  20.4846770
  20.4893576  20.4756002  20.4978520
 TTTTTTTTTTTTTTTTTTTTTTTTTTTTTT MOQGAD      TELAPSE     5253.76 TCPU     4459.80
 TTTTTTTTTTTTTTTTTTTTTTTTTTTTTT SHELLXN     TELAPSE     5631.60 TCPU     4837.17
 TTTTTTTTTTTTTTTTTTTTTTTTTTTTTT MONMO3      TELAPSE     5644.15 TCPU     4849.52
 NUMERICALLY INTEGRATED DENSITY   1511.9936362386
 TTTTTTTTTTTTTTTTTTTTTTTTTTTTTT NUMDFT      TELAPSE     5661.15 TCPU     4866.37
 CYC  10 ETOT(AU) -2.971864940769E+04 DETOT -2.58E-06 tst  1.39E-09 PX  2.60E-04
 TTTTTTTTTTTTTTTTTTTTTTTTTTTTTT DIIS        TELAPSE     5667.20 TCPU     4872.34
 DIIS TEST: 0.16631E-05 AT SCF   CYCLE  10 - DIIS ACTIVE - HISTORY:    10 CYCLES
 TTTTTTTTTTTTTTTTTTTTTTTTTTTTTT FDIK        TELAPSE     5692.75 TCPU     4897.42
 INSULATING STATE
 TOP OF VALENCE BANDS -    BAND    756; K    8; EIG -1.4555496E-01 AU
 TOP OF VALENCE BANDS -    BAND    756; K    1; EIG -1.5499796E-01 AU
 BOTTOM OF VIRTUAL BANDS - BAND    757; K    1; EIG -8.2648625E-03 AU
 INDIRECT ENERGY BAND GAP:   3.7359 eV
 TTTTTTTTTTTTTTTTTTTTTTTTTTTTTT PDIG        TELAPSE     5695.46 TCPU     4900.05
 CHARGE NORMALIZATION FACTOR   1.00000000
 TOTAL ATOMIC CHARGES:
   8.3392218   8.3375797   8.3388680   8.3377025   8.3360931   8.3393424
   8.3383377   8.3369445   8.3414055   8.3389479   8.3414629   8.3387255
   8.3404386   8.3409266   8.3393508   8.3399864   8.3398925   8.3365074
   8.3393890   8.3407257   8.3378505   8.3410389   8.3391307   8.3389334
   8.3410048   8.3381253   8.3394183   9.0373287   9.0364319   9.0387143
   9.0416101   9.0392504   9.0354809   9.0412873   9.0019572   9.0405257
   9.0405382   9.0372848   9.0279011   9.0326959   9.0420296   9.0225635
   9.0411658   9.0350587   9.0121203   9.0285395   9.0378725   9.0457688
   9.0145580   9.0343399   9.0325152   9.0398651   9.0348590   9.0325220
   9.0578774   9.0754691   9.0728099   9.0661133   9.0626806   9.0685402
   9.0715243   9.0648459   9.0681481   9.0652169   9.0711853   9.0672830
   9.0622507   9.0741200   9.0720816   9.0701985   9.0723919   9.0714505
   9.0674032   9.0667909   9.0619630   9.0647065   9.0571868   9.0646939
   9.0609839   9.0628465   9.0663541   9.0679298   9.0541613   9.0637155
   9.0555338   9.0655623   9.0646571   9.0617270   9.0728575   9.0628799
   9.0649202   9.0741046   9.0704485   9.0786814   9.0626343   9.0711433
   9.0600172   9.0780898   9.0702290   9.0681938   9.0732141   9.0638886
   9.0624312   9.0655322   9.0729734   9.0693662   9.0648039   9.0789200
  20.4914759  20.4750373  20.5109907  20.5031445  20.4836154  20.4953675
  20.5006222  20.4978107  20.4900465  20.4681172  20.4803018  20.4741647
  20.4963389  20.5171142  20.4792542  20.4900883  20.5051360  20.5043643
  20.5078095  20.4971159  20.5128329  20.4856007  20.4985181  20.4844667
  20.4894655  20.4757514  20.4975820
 TTTTTTTTTTTTTTTTTTTTTTTTTTTTTT MOQGAD      TELAPSE     5695.61 TCPU     4900.11
 TTTTTTTTTTTTTTTTTTTTTTTTTTTTTT SHELLXN     TELAPSE     6073.57 TCPU     5277.47
 TTTTTTTTTTTTTTTTTTTTTTTTTTTTTT MONMO3      TELAPSE     6085.98 TCPU     5289.77
 NUMERICALLY INTEGRATED DENSITY   1511.9936362495
 TTTTTTTTTTTTTTTTTTTTTTTTTTTTTT NUMDFT      TELAPSE     6102.80 TCPU     5306.51
 CYC  11 ETOT(AU) -2.971864940747E+04 DETOT  2.21E-07 tst  2.17E-10 PX  1.27E-04
 TTTTTTTTTTTTTTTTTTTTTTTTTTTTTT DIIS        TELAPSE     6108.83 TCPU     5312.51
 DIIS TEST: 0.73017E-06 AT SCF   CYCLE  11 - DIIS ACTIVE - HISTORY:    11 CYCLES
 TTTTTTTTTTTTTTTTTTTTTTTTTTTTTT FDIK        TELAPSE     6125.44 TCPU     5328.84
 INSULATING STATE
 TOP OF VALENCE BANDS -    BAND    756; K    8; EIG -1.4555625E-01 AU
 TOP OF VALENCE BANDS -    BAND    756; K    1; EIG -1.5500189E-01 AU
 BOTTOM OF VIRTUAL BANDS - BAND    757; K    1; EIG -8.2733441E-03 AU
 INDIRECT ENERGY BAND GAP:   3.7357 eV
 TTTTTTTTTTTTTTTTTTTTTTTTTTTTTT PDIG        TELAPSE     6128.02 TCPU     5331.34
 CHARGE NORMALIZATION FACTOR   1.00000000
 TOTAL ATOMIC CHARGES:
   8.3392183   8.3375760   8.3388727   8.3376988   8.3360865   8.3393421
   8.3383343   8.3369405   8.3414089   8.3389499   8.3414625   8.3387320
   8.3404414   8.3409250   8.3393530   8.3399900   8.3398896   8.3365102
   8.3393916   8.3407235   8.3378537   8.3410403   8.3391273   8.3389335
   8.3410077   8.3381231   8.3394209   9.0373883   9.0364813   9.0386284
   9.0416660   9.0392393   9.0355199   9.0413363   9.0019922   9.0404517
   9.0404996   9.0373612   9.0278741   9.0326556   9.0421377   9.0225146
   9.0410584   9.0352165   9.0120621   9.0285834   9.0379518   9.0457079
   9.0145752   9.0344569   9.0324253   9.0399102   9.0349445   9.0324232
   9.0579049   9.0754644   9.0728000   9.0661170   9.0627034   9.0685652
   9.0715213   9.0648147   9.0681553   9.0652259   9.0712137   9.0672976
   9.0622488   9.0741466   9.0720815   9.0701668   9.0723739   9.0714205
   9.0674214   9.0668225   9.0619647   9.0647052   9.0571886   9.0646878
   9.0609884   9.0628465   9.0663593   9.0678883   9.0541618   9.0636833
   9.0555120   9.0655658   9.0646686   9.0617112   9.0728502   9.0628682
   9.0649404   9.0741192   9.0704631   9.0787134   9.0626656   9.0711766
   9.0600467   9.0780824   9.0702189   9.0682328   9.0732243   9.0639223
   9.0624285   9.0655162   9.0729596   9.0693428   9.0648349   9.0789266
  20.4914056  20.4749870  20.5111238  20.5030786  20.4836614  20.4951864
  20.5005021  20.4978256  20.4901362  20.4681722  20.4802357  20.4741768
  20.4963803  20.5169722  20.4793593  20.4902683  20.5049047  20.5044722
  20.5077090  20.4970280  20.5128556  20.4855428  20.4983670  20.4845787
  20.4893743  20.4756554  20.4976961
 TTTTTTTTTTTTTTTTTTTTTTTTTTTTTT MOQGAD      TELAPSE     6128.10 TCPU     5331.40
 TTTTTTTTTTTTTTTTTTTTTTTTTTTTTT SHELLXN     TELAPSE     6505.09 TCPU     5708.32
 +++ ENERGIES IN A.U. +++
 ::: EXT EL-POLE                                  -3.9305893326413E+04
 ::: EXT EL-SPHEROPOLE                             3.7444313715510E+02
 ::: BIELET ZONE E-E                               4.6937733277797E+04
 ::: TOTAL E-E                                     8.0062830885399E+03
 ::: TOTAL E-N + N-E                              -5.9844205383352E+04
 ::: TOTAL N-N                                    -5.5969012993027E+03
 ::: KINETIC ENERGY                                2.9177590730953E+04
 ::: PSEUDO TOTAL   ENERGY                        -2.8257232863162E+04
 ::: VIRIAL COEFFICIENT                            1.0160243874743E+00
 TTTTTTTTTTTTTTTTTTTTTTTTTTTTTT MONMO3      TELAPSE     6517.41 TCPU     5720.63
 NUMERICALLY INTEGRATED DENSITY   1511.9936362380
 EXCHANGE ENERGY: -0.140342213380E+04  CORRELATION ENERGY: -0.579944103149E+02
 TTTTTTTTTTTTTTTTTTTTTTTTTTTTTT NUMDFT      TELAPSE     6534.06 TCPU     5737.28
 CYC  12 ETOT(AU) -2.971864940727E+04 DETOT  2.01E-07 tst  6.60E-11 PX  1.27E-04

 == SCF ENDED - CONVERGENCE ON ENERGY      E(AU) -2.9718649407273E+04 CYCLES  12


 ENERGY EXPRESSION=HARTREE+FOCK EXCH*0.25000+(PBE        EXCH)*0.75000+PBE        CORR


 TOTAL ENERGY(DFT)(AU)( 12) -2.9718649407273E+04 DE 2.0E-07 tester 6.6E-11
 TTTTTTTTTTTTTTTTTTTTTTTTTTTTTT EDFT        TELAPSE     6534.16 TCPU     5737.31

 *******************************************************************************
 *                             FORCE CALCULATION                               *
 *******************************************************************************

 TTTTTTTTTTTTTTTTTTTTTTTTTTTTTT NUMDFG      TELAPSE     6649.09 TCPU     5852.03
 INFORMATION **** EXCPOG **** EXCH. BIPO BUFFER LENGTH (WORDS) =    90690696
 INFORMATION **** GENPOG **** BIPO BUFFER LENGTH (WORDS) =    12714100
 TTTTTTTTTTTTTTTTTTTTTTTTTTTTTT SHELXG      TELAPSE     8327.59 TCPU     7530.18

 CARTESIAN FORCES IN HARTREE/BOHR (ANALYTICAL)
   ATOM                     X                   Y                   Z
   1 256            -3.691114376512E-04 -5.266360686291E-03  1.815069054263E-03
   2 256            -1.604717295784E-03  8.364800052183E-03 -1.916638450915E-03
   3 256             3.041812424964E-03  4.560418327803E-03 -7.346245751789E-04
   4 256             1.525937719064E-03  8.724691436252E-03 -5.727234414360E-06
   5 256            -4.896046604020E-03 -7.380972082545E-04  6.155088960775E-03
   6 256            -1.187006619888E-03 -2.354066221069E-03 -5.695028432939E-03
   7 256            -8.353164957554E-03 -2.765258272291E-03 -2.409377398160E-03
   8 256            -6.586434792464E-03 -3.394450629596E-03 -1.750479661587E-03
   9 256             6.849817072358E-03  3.848556840027E-03  6.762318575284E-03
  10 256             8.836924945881E-04  1.386268211817E-03  9.175031019603E-03
  11 256            -2.055667588731E-03  2.183501526454E-03 -6.698089573949E-03
  12 256             1.172727060521E-02  5.059499274855E-03  2.506455107810E-03
  13 256            -2.110178463329E-03 -8.084950433763E-03 -2.699510534411E-03
  14 256            -5.779993827787E-03  5.639279691519E-04 -9.914175398297E-04
  15 256             2.817051855943E-03  4.284034282573E-03 -7.528507771657E-03
  16 256             5.181605898393E-03  3.474873711033E-03  9.704873317222E-04
  17 256            -8.471042230777E-03  2.390858361446E-03  3.299426183262E-03
  18 256            -1.972324590513E-03 -6.774979909260E-03  6.128149751745E-03
  19 256            -3.546411283380E-03  4.370826944815E-04  3.548667992482E-03
  20 256             5.975214530803E-03  4.576607176270E-03  4.167093388813E-03
  21 256            -1.388853924540E-03  2.895236540062E-03  6.489499170721E-04
  22 256            -4.062258104016E-03  2.114589326102E-03  8.195002622076E-03
  23 256             9.494275891531E-04 -4.880046122016E-03 -5.711203883397E-03
  24 256             3.331497841965E-03 -1.270488221015E-03  1.053417653601E-03
  25 256             7.501084725486E-03 -1.582301157641E-03  7.516405706994E-03
  26 256             8.200742460338E-03  5.044976221906E-03  5.385142360585E-03
  27 256             2.738548296728E-04 -6.779844187658E-03 -5.525468648133E-03
  28   8             6.244423197438E-03 -6.657870164342E-03 -4.965318277549E-03
  29   8            -3.106636960162E-03 -5.087475288353E-03  2.869699059796E-02
  30   8             7.422525538953E-03 -1.720419144141E-04 -1.236455181205E-02
  31   8             1.887545074162E-03  2.515426621929E-03 -2.279006642203E-02
  32   8            -4.486136891467E-03 -1.105252970673E-03  1.019019825881E-02
  33   8             3.447693575641E-03 -1.813770385688E-03  1.835473734663E-02
  34   8             4.234030651632E-03 -2.707434791100E-03 -4.122830551720E-03
  35   8             5.100431137467E-04 -2.287133806360E-03  1.475888187621E-02
  36   8             1.307182380753E-03 -3.831095641543E-03  2.375947326808E-03
  37   8             4.444611297287E-03 -3.370890304627E-03  4.723566876254E-03
  38   8            -2.462283087060E-04  4.902202843691E-03  6.857425791251E-04
  39   8             1.681600139373E-03  3.914495092372E-03  7.249597946267E-03
  40   8            -5.724732439686E-03  2.722096933681E-03  1.300244944231E-02
  41   8            -3.983375362049E-03  1.297315064713E-03 -1.716169907557E-02
  42   8            -3.813229021523E-04 -5.659911201716E-06  2.536082585786E-02
  43   8            -3.109653051427E-03  5.959458211697E-03  9.378990112973E-03
  44   8            -2.616092908619E-03 -3.311381734992E-03  1.131964233781E-02
  45   8            -1.810345448066E-04  3.593311423106E-03  1.803660328872E-02
  46   8             2.950377522425E-04 -1.779682540895E-03 -5.832180210223E-03
  47   8            -5.382811878996E-03  4.213082926304E-03  1.144860457947E-02
  48   8             2.418932856512E-03  4.133502786118E-03 -5.121208656830E-03
  49   8             8.749448550088E-04 -2.136029281598E-03  1.427717197045E-02
  50   8             1.592837023219E-04  5.895250530689E-03 -1.014080640128E-02
  51   8            -5.676121865168E-03  2.563072430849E-03 -1.304178128749E-02
  52   8            -6.716389097258E-03 -3.617518327739E-04 -6.284564399908E-03
  53   8            -2.300797251507E-03 -1.951939979826E-04  3.398024936812E-02
  54   8             1.969904188763E-03 -2.694537907444E-03 -4.230183963702E-03
  55   8             6.201650878050E-03 -9.533280696050E-03  1.273381731393E-03
  56   8             2.664379398254E-04 -1.781616099118E-02  2.067805924059E-03
  57   8            -8.808072608397E-04  1.500070198265E-02 -2.176798631381E-03
  58   8             6.326442054836E-03  9.847480731924E-03 -2.627898081230E-03
  59   8             2.562661368347E-03  3.282055836240E-03  4.014709404842E-03
  60   8             5.892653833880E-03 -1.338761506115E-02 -2.330667359389E-03
  61   8             2.923744149127E-03  1.011806206553E-03  4.963281787565E-03
  62   8            -4.099898747719E-04  1.387385046720E-02  4.249413294896E-03
  63   8            -1.213335771210E-03  3.011365856153E-03  1.767423045449E-03
  64   8             4.132233520729E-03 -1.272857896831E-02 -4.622007944666E-04
  65   8            -5.142582043542E-03 -8.202548157001E-03 -4.749695048519E-03
  66   8            -3.906757713192E-03 -1.677039295820E-02  3.259267171020E-03
  67   8             4.553596384286E-04  1.655209962814E-02 -2.393384016373E-03
  68   8             4.236635107768E-03  1.223034883526E-02  5.618187104452E-04
  69   8             2.335259524882E-04  9.580510072227E-03  1.948423100905E-03
  70   8            -1.603253976371E-03 -1.443586472119E-02 -4.737998300452E-03
  71   8             4.284839606726E-04 -8.837728347355E-03  1.505383104417E-05
  72   8             5.626987350775E-03  3.373656607719E-03  6.489468144175E-04
  73   8            -1.481084993495E-03  9.252289511050E-03 -2.855439581926E-03
  74   8            -1.020544961512E-03  3.541116168200E-03 -1.261797171148E-03
  75   8            -5.502980400670E-03 -2.752048174603E-03 -7.508412045237E-03
  76   8            -4.607559647338E-03  2.814183191762E-03  4.524339665768E-03
  77   8            -1.154579987460E-03  1.882325012033E-03 -1.423800058314E-03
  78   8            -4.375885453971E-03 -1.143193964993E-02  1.305485313723E-04
  79   8            -6.805766144580E-03 -1.766129066332E-03 -7.206504483405E-03
  80   8             4.080596549136E-03 -1.355964837755E-02  2.324255043571E-03
  81   8            -4.009258361692E-03  8.463500900976E-03 -6.745054598667E-04
  82   8            -6.306195285852E-03 -2.745732126309E-03 -2.743202059739E-03
  83   8             2.770298161240E-03 -2.141261004286E-03  2.445987831799E-03
  84   8            -6.163459629831E-04 -2.815771582423E-03 -8.017150685704E-03
  85   8             3.677187214037E-03 -1.567092915619E-03  5.261574019896E-03
  86   8            -1.253969772482E-02  5.303601502182E-03  6.800250035740E-03
  87   8            -8.762023993865E-03  1.022854000223E-03 -1.796713953987E-03
  88   8             6.373262203365E-03 -1.077404973987E-04 -7.165987528873E-03
  89   8             6.753394213311E-03  2.782554653793E-03  2.068785003153E-04
  90   8            -6.848221849605E-03 -6.682873033078E-03 -2.502900282994E-03
  91   8            -1.269971794240E-02  7.358861671469E-05 -3.852038367635E-04
  92   8            -1.011305101830E-02  4.525211744563E-04 -2.369988877952E-03
  93   8            -1.115174445527E-02 -1.908644920557E-03 -5.012496576309E-03
  94   8             4.929875881351E-03 -1.793485514078E-03  2.198376602818E-03
  95   8             1.197596072932E-02 -2.640373862065E-03 -2.241699439474E-03
  96   8            -5.837094421455E-04  3.055103865231E-03  1.203631127246E-03
  97   8            -7.148673766937E-03  1.784977935269E-03 -4.662996721579E-03
  98   8            -5.928194821446E-03  5.757759104097E-03 -4.374225280541E-04
  99   8             5.791352819952E-03  2.811108536704E-03  5.288298409888E-03
 100   8             6.233801910462E-03 -1.653355175846E-03  4.383055511783E-03
 101   8             9.690845400364E-03  1.948790218619E-04  2.211251955868E-03
 102   8             1.706998611906E-02  4.937945746544E-04  3.205211933108E-03
 103   8             4.118687840320E-03  5.550327152936E-04 -4.152123862184E-03
 104   8            -1.737172607701E-03  3.503333395827E-03 -6.512071006627E-03
 105   8             8.069791160666E-03 -6.893516708651E-04  5.741468917907E-03
 106   8             3.232090469991E-03 -2.920220614968E-03 -5.014036342803E-03
 107   8            -1.530695538817E-03 -5.684640165666E-03  8.098262515817E-04
 108   8            -8.477682368688E-04  2.280915008152E-03 -1.440294404841E-03
 109  22            -5.016989851609E-03 -5.186548352231E-03  5.102764523020E-03
 110  22            -1.191732171760E-02  2.358240564728E-02 -2.524191286700E-02
 111  22            -4.120784216053E-03  7.490572570166E-03  2.268070113149E-02
 112  22            -1.613594529840E-02 -2.709607398068E-03  1.529798669447E-02
 113  22             1.152154060620E-02 -1.170534141860E-02 -1.231879642021E-02
 114  22            -1.170944784945E-02  1.800312556759E-03 -1.207855767518E-02
 115  22             4.463651225890E-03  1.022180233190E-02 -2.247182441146E-04
 116  22            -5.497290672059E-03 -7.555361426874E-03 -2.582100768346E-02
 117  22            -5.593805546317E-03 -9.222363244615E-03 -7.110199120692E-03
 118  22             1.102696608190E-03  3.798074210437E-03 -5.158754193663E-03
 119  22             5.547773201883E-03 -7.749371020213E-03  4.313183162248E-04
 120  22             6.902881314247E-03 -3.711886119249E-03 -1.125093940243E-02
 121  22             1.165183017233E-02 -8.661739313598E-03 -9.220199048480E-03
 122  22            -1.132484900664E-02 -4.914495251925E-03  2.384567355243E-02
 123  22            -1.232058081437E-02 -1.688325237822E-03 -2.925015446183E-02
 124  22            -8.005035775233E-03  1.803922929928E-03 -1.678004168407E-03
 125  22             1.595829602617E-02  9.992679378286E-03 -7.631968469774E-03
 126  22            -1.187196755398E-02  5.407900371239E-03 -2.594677736307E-02
 127  22            -1.055091155035E-03  2.964825336155E-03  6.099128191872E-03
 128  22             1.184294959336E-02  1.954512475309E-03 -1.355693377795E-02
 129  22            -2.041508248720E-03 -4.498789001957E-03  9.855975460518E-04
 130  22             9.463320063017E-03 -2.303561704553E-03 -1.700621695635E-02
 131  22             4.538966704237E-04 -1.192142773627E-02  1.564740687941E-03
 132  22             1.773324901010E-02 -2.946113356238E-03  5.286833812581E-03
 133  22             5.729612545374E-03  4.248540975623E-03  1.708812180920E-02
 134  22            -1.268839282924E-02  6.661123019151E-03 -3.449702544078E-02
 135  22             1.293874312078E-02  5.420330622597E-03  1.952256839131E-02

 RESULTANT FORCE     2.465340431801E-12 -2.119044523186E-12  7.212924701960E-12

 SYMMETRY ALLOWED FORCES (ANALYTICAL) (DIRECTION, FORCE)

    1 -3.7048616E-04    2 -5.2859748E-03    3  1.8218291E-03    4 -1.6135037E-03
    5  8.3567391E-03    6 -1.9102342E-03    7  3.0384158E-03    8  4.6010447E-03
    9 -7.3816856E-04   10  1.5398724E-03   11  8.8161712E-03   12 -1.2107988E-05
   13 -4.8949645E-03   14 -6.1538525E-04   15  6.1722655E-03   16 -1.2093757E-03
   17 -2.2423577E-03   18 -5.6760309E-03   19 -8.4128840E-03   20 -2.6726034E-03
   21 -2.4217424E-03   22 -6.7051963E-03   23 -3.3252299E-03   24 -1.7792500E-03
   25  6.7312624E-03   26  3.9201760E-03   27  6.7531970E-03   28  7.9495722E-04
   29  1.4792948E-03   30  9.2293522E-03   31 -2.1498460E-03   32  2.2916184E-03
   33 -6.6335118E-03   34  1.1671599E-02   35  5.1978395E-03   36  2.5546604E-03
   37 -2.1271652E-03   38 -7.9579389E-03   39 -2.6517429E-03   40 -5.8296217E-03
   41  6.6110654E-04   42 -9.5843160E-04   43  2.7547912E-03   44  4.4021676E-03
   45 -7.5306571E-03   46  5.1523126E-03   47  3.6264532E-03   48  9.4095419E-04
   49 -8.5145835E-03   50  2.5684577E-03   51  3.2876813E-03   52 -2.0606185E-03
   53 -6.6146078E-03   54  6.1564485E-03   55 -3.6591635E-03   56  5.7169575E-04
   57  3.6187181E-03   58  5.8720894E-03   59  4.7341291E-03   60  4.2711580E-03
   61 -1.4729215E-03   62  3.0867470E-03   63  7.7492116E-04   64 -4.1711063E-03
   65  2.3298497E-03   66  8.3611176E-03   67  8.2582601E-04   68 -4.6752322E-03
   69 -5.5327098E-03   70  3.2260089E-03   71 -1.0913827E-03   72  1.2126930E-03
   73  7.4437008E-03   74 -1.4144867E-03   75  7.7159666E-03   76  8.2145411E-03
   77  5.2302037E-03   78  5.6454161E-03   79  3.2675112E-04   80 -6.6010295E-03
   81 -5.2635580E-03   82  6.3281941E-03   83 -6.5398931E-03   84 -4.7497606E-03
   85 -3.0074504E-03   86 -5.0235168E-03   87  2.9026360E-02   88  7.5432249E-03
   89 -1.3234944E-04   90 -1.1955112E-02   91  2.0538833E-03   92  2.5667422E-03
   93 -2.2545035E-02   94 -4.3308194E-03   95 -1.0466711E-03   96  1.0377110E-02
   97  3.5995546E-03   98 -1.7688648E-03   99  1.8682816E-02  100  4.4252393E-03
  101 -2.6843700E-03  102 -3.7216816E-03  103  7.2671145E-04  104 -2.2886836E-03
  105  1.5217172E-02  106  1.5351704E-03  107 -3.8634260E-03  108  2.9247948E-03
  109  4.7041518E-03  110 -3.4401023E-03  111  5.3140557E-03  112  3.7443621E-05
  113  4.8402423E-03  114  1.3099758E-03  115  1.9756749E-03  116  3.8975629E-03
  117  7.9215046E-03  118 -5.4488481E-03  119  2.7397186E-03  120  1.3787505E-02
  121 -3.7559144E-03  122  1.3363707E-03  123 -1.6390763E-02  124 -1.7471918E-04
  125  4.0702385E-05  126  2.6184459E-02  127 -2.9197260E-03  128  6.0385920E-03
  129  1.0399084E-02  130 -2.4553720E-03  131 -3.2170499E-03  132  1.2464024E-02
  133 -3.3954873E-05  134  3.6903481E-03  135  1.9355927E-02  136  4.4440512E-04
  137 -1.6715127E-03  138 -4.4303024E-03  139 -5.2605922E-03  140  4.3363187E-03
  141  1.2898330E-02  142  2.5257390E-03  143  4.3058420E-03  144 -3.6190259E-03
  145  1.0020006E-03  146 -1.9502553E-03  147  1.5849970E-02  148  2.9386166E-04
  149  6.1053184E-03  150 -8.5258373E-03  151 -5.5726979E-03  152  2.8256194E-03
  153 -1.1544930E-02  154 -6.6859543E-03  155 -8.2930576E-05  156 -4.8853962E-03
  157 -2.3245646E-03  158  8.3634522E-05  159  3.5564972E-02  160  1.9438950E-03
  161 -2.4300639E-03  162 -2.4442087E-03  163  6.2261567E-03  164 -9.3416044E-03
  165  3.0632834E-03  166  3.3181674E-04  167 -1.7794252E-02  168  3.9012532E-03
  169 -8.1853204E-04  170  1.5005618E-02  171 -3.2077420E-04  172  6.4248045E-03
  173  1.0012671E-02  174 -7.7893261E-04  175  2.7203309E-03  176  3.5350838E-03
  177  5.8970509E-03  178  6.1084823E-03  179 -1.3198526E-02  180 -4.1237829E-04
  181  3.2015764E-03  182  1.1206929E-03  183  6.9251534E-03  184 -1.1135284E-04
  185  1.4085782E-02  186  6.3006361E-03  187 -9.2179427E-04  188  3.3424193E-03
  189  3.8883787E-03  190  4.4483954E-03  191 -1.2461233E-02  192  1.6974937E-03
  193 -4.8293330E-03  194 -8.0797522E-03  195 -2.5964377E-03  196 -3.6540760E-03
  197 -1.6825721E-02  198  5.4329909E-03  199  6.8665171E-04  200  1.6495252E-02
  201 -1.8175424E-04  202  4.5062143E-03  203  1.2385756E-02  204  2.7927278E-03
  205  5.4065901E-04  206  9.9021806E-03  207  4.2317955E-03  208 -1.3019413E-03
  209 -1.4147043E-02  210 -2.4412523E-03  211  7.2542177E-04  212 -8.7246881E-03
  213  2.3109380E-03  214  5.9764454E-03  215  3.4458259E-03  216  2.9862370E-03
  217 -1.0930917E-03  218  9.4268143E-03  219 -4.9851468E-04  220 -6.4656706E-04
  221  3.8223099E-03  222  1.1000308E-03  223 -5.1768896E-03  224 -2.4598978E-03
  225 -5.1802405E-03  226 -4.3609250E-03  227  3.1119611E-03  228  6.8669862E-03
  229 -9.5285663E-04  230  2.2253037E-03  231  9.8518147E-04  232 -4.2188690E-03
  233 -1.1166541E-02  234  2.5702403E-03  235 -6.7450251E-03  236 -1.6124637E-03
  237 -4.7865378E-03  238  4.1183170E-03  239 -1.3541770E-02  240  4.7442239E-03
  241 -3.9705286E-03  242  8.4358687E-03  243  1.8048817E-03  244 -6.3632554E-03
  245 -2.7209242E-03  246 -2.4950068E-04  247  2.6788807E-03  248 -2.1625003E-03
  249  4.9845948E-03  250 -6.8878272E-04  251 -2.8855859E-03  252 -5.4838282E-03
  253  3.6338326E-03  254 -1.6816281E-03  255  7.8184252E-03  256 -1.2674277E-02
  257  5.2248456E-03  258  9.5306866E-03  259 -9.1188079E-03  260  1.0074770E-03
  261  1.0411622E-03  262  5.9846486E-03  263 -1.1386944E-04  264 -4.3630091E-03
  265  6.4976071E-03  266  2.8052240E-03  267  2.9957271E-03  268 -7.1114860E-03
  269 -6.7031366E-03  270  3.2185308E-04  271 -1.3188931E-02  272 -2.0979439E-05
  273  2.4707126E-03  274 -1.0875593E-02  275  3.6185164E-04  276  5.1978673E-04
  277 -1.2182511E-02  278 -2.0187429E-03  279 -2.1417624E-03  280  3.8004488E-03
  281 -1.9508390E-03  282  5.1049024E-03  283  1.1027918E-02  284 -2.8564242E-03
  285  7.3573394E-04  286 -1.4125220E-03  287  2.8392843E-03  288  4.2435850E-03
  289 -8.1000015E-03  290  1.6263147E-03  291 -1.5894927E-03  292 -7.0791775E-03
  293  5.6958002E-03  294  2.6504092E-03  295  4.6080407E-03  296  2.8645824E-03
  297  8.5277367E-03  298  5.1865954E-03  299 -1.5825019E-03  300  7.8499178E-03
  301  8.8444766E-03  302  2.4683612E-04  303  5.8739884E-03  304  1.6598660E-02
  305  5.5761675E-04  306  7.0582774E-03  307  3.9574018E-03  308  6.3696582E-04
  309 -1.9590400E-04  310 -1.8664954E-03  311  3.6526685E-03  312 -2.5998334E-03
  313  8.0413652E-03  314 -4.8953058E-04  315  9.7709951E-03  316  3.3936284E-03
  317 -2.7751357E-03  318 -8.3706448E-04  319 -1.3343505E-03  320 -5.6858895E-03
  321  5.0605038E-03  322 -6.8742898E-04  323  2.2190080E-03  324  2.9531711E-03
  325 -4.9620213E-03  326 -5.3069401E-03  327  9.7323503E-03  328 -1.2193669E-02
  329  2.3823558E-02  330 -2.0831465E-02  331 -4.7342654E-03  332  8.3726866E-03
  333  2.7228737E-02  334 -1.7209394E-02  335 -1.6904346E-03  336  2.0846420E-02
  337  1.0304454E-02  338 -1.0963512E-02  339 -6.4640873E-03  340 -1.2993690E-02
  341  2.3497651E-03  342 -6.5190094E-03  343  2.9445978E-03  344  1.1093913E-02
  345  5.3093762E-03  346 -7.1240110E-03  347 -6.5757879E-03  348 -2.0679412E-02
  349 -7.6085265E-03  350 -8.6441706E-03  351 -2.5744860E-03  352 -1.1530012E-03
  353  4.2594038E-03  354 -7.1369619E-04  355  3.3589376E-03  356 -7.3850542E-03
  357  5.0051257E-03  358  4.9754118E-03  359 -3.6920941E-03  360 -6.7370207E-03
  361  1.0234568E-02  362 -9.0705994E-03  363 -5.1001621E-03  364 -1.2850337E-02
  365 -5.8546878E-03  366  2.8835625E-02  367 -1.4916341E-02  368 -2.9658813E-03
  369 -2.4117855E-02  370 -1.1708333E-02  371  4.2328130E-04  372  2.5792987E-03
  373  1.2307119E-02  374  9.0521216E-03  375 -3.4190903E-03  376 -1.5729642E-02
  377  5.1747156E-03  378 -2.3085450E-02  379 -6.1132444E-03  380  3.1942355E-03
  381  8.1794977E-03  382  6.8568179E-03  383  2.5418528E-03  384 -1.1738536E-02
  385 -7.0793572E-03  386 -4.0352835E-03  387  2.1532358E-03  388  4.2264996E-03
  389 -2.3698608E-03  390 -1.7161302E-02  391 -4.8964578E-03  392 -1.3655576E-02
  393 -2.5525517E-04  394  1.3631178E-02  395 -7.2654724E-03  396  3.9683699E-03
  397  4.5760040E-03  398 -1.4633136E-03  399  2.0065690E-02  400 -1.8121122E-02
  401  8.7737272E-04  402 -3.8197621E-02
 TTTTTTTTTTTTTTTTTTTTTTTTTTTTTT TOTGRA      TELAPSE     8358.40 TCPU     7560.94
 EIGENVECTORS IN FORTRAN UNIT  8
 TTTTTTTTTTTTTTTTTTTTTTTTTTTTTT END         TELAPSE     8362.66 TCPU     7564.93
 EEEEEEEEEE TERMINATION  DATE 25 03 2026 TIME 19:48:07.2
NODE    0 CPU TIME =      7564.927
NODE    1 CPU TIME =      8343.277
NODE    2 CPU TIME =      8346.655
NODE    3 CPU TIME =      8346.310
NODE    4 CPU TIME =      8346.735
NODE    5 CPU TIME =      8346.280
NODE    6 CPU TIME =      8347.140
NODE    7 CPU TIME =      8346.926
NODE    8 CPU TIME =      8347.102
NODE    9 CPU TIME =      8346.664
NODE   10 CPU TIME =      8344.311
NODE   11 CPU TIME =      8342.898
NODE   12 CPU TIME =      8346.914
NODE   13 CPU TIME =      8345.978
NODE   14 CPU TIME =      8347.158
NODE   15 CPU TIME =      8283.646
NODE   16 CPU TIME =      8346.509
NODE   17 CPU TIME =      8346.979
NODE   18 CPU TIME =      8346.570
NODE   19 CPU TIME =      8347.038
NODE   20 CPU TIME =      8347.100
NODE   21 CPU TIME =      8345.286
NODE   22 CPU TIME =      8347.053
NODE   23 CPU TIME =      8343.441
NODE   24 CPU TIME =      8326.724
NODE   25 CPU TIME =      8339.376
NODE   26 CPU TIME =      8322.395
NODE   27 CPU TIME =      8339.623
NODE   28 CPU TIME =      8319.563
NODE   29 CPU TIME =      8340.872
NODE   30 CPU TIME =      8341.270
NODE   31 CPU TIME =      7981.375
    TOTAL CPU TIME =    265774.096
------------------------------------------------------
Pcrystal finished normally
------------------------------------------------------
SCF wavefunction fort.9 saved as /users/zeitzsab/tetra_script_walkthrough/oldPyro_tetra/rdm/rdm_disp33.w
Date: 2026-03-25 19:48:07