Date: 2026-03-25 17:16:49
Running on: nid002299
Temporary directory: /scratch/project_462000878/zeitzsab/rdm_disp16_215995
Executable: /project/project_462000878/jchem/crystal/23-1.0.1-gnu/install/bin/Pcrystal
Output: /users/zeitzsab/tetra_script_walkthrough/oldPyro_tetra/rdm/rdm_disp16.out
Input data rdm_disp16.d12
converted and standardized from ase Atoms() object for Ba27Ti27O81 in space group 1
EXTERNAL
ENDGEOM 
256 6 
INPUT 
10. 0 2 2 2 1 0 
9.526986 427.845816 0 
4.487510 204.417530 0 
8.315930 293.605864 0 
4.292217 294.193316 0 
5.916108 112.550402 0 
2.874842 181.782621 0 
3.589465 -33.473174 0 
0 0 3 2.0 1.0 
2.3961900000 -5.9554766710 
2.2433050000 6.6805648241 
0.71740200000 -0.57055347037 
0 0 1 2.0 1.0 
0.27420073547 1.0000000000 
0 1 1 0.0 1.0 
0.13 1.0 1.0 
0 2 4 6.0 1.0 
2.9267420000 0.79815276764 
2.5207180000 -1.0707548832 
0.67578180854 0.34940781448 
0.31985844531 0.65041110673 
0 3 2 0.0 1.0 
0.966315 -0.908938 
0.893828 0.947240 
0 3 1 0.0 1.0 
0.273195 0.322057 
22 12 
0 0 8 2.0 1.0 
211575.69025 .23318151011E-03 
31714.945058 .18079690851E-02 
7217.5476543 .93984311352E-02 
2042.9394247 .38156853618E-01 
665.12896208 .12374757197 
238.74942264 .29208551143 
92.508691001 .41226800855 
36.403919209 .21090534061 
0 0 4 2.0 1.0 
232.72624607 -.24920140738E-01 
71.791209711 -.11746490087 
11.158534615 .56503342318 
4.6548135416 .56211101812 
0 0 2 2.0 1.0 
6.8034629174 -.23011425503 
1.1201076403 .72103186735 
0 0 1 2.0 1.0 
0.48080118839 1.0000000000 
0 0 1 0.0 1.0 
0.24 1.0 
0 1 1 0.0 1.0 
0.12 1.0 1.0 
0 2 6 6.0 1.0 
1063.1474732 .24690839320E-02 
251.56507061 .19773345523E-01 
80.408554854 .90987976672E-01 
29.768193269 .25559900413 
11.736830556 .40489386764 
4.7142375230 .23693402558 
0 2 3 6.0 1.0 
17.796803704 -.27878639615E-01 
2.4272698680 .55672914668 
0.96823445537 1.0055447350 
0 2 1 0.0 1.0 
0.37056694165 1.0000000000 
0 3 4 2.0 1.0 
37.713384723 .11513835092E-01 
10.692931184 .67246343996E-01 
3.6728446990 .21484207775 
1.3588590303 .38890892779 
0 3 1 0.0 1.0 
0.54 1.0 
0 3 1 0.0 1.0 
0.22 1.0 
8 7 
0 0 6 2.0 1.0 
27032.382631 0.21726302465E-03 
4052.3871392 0.16838662199E-02 
922.32722710 0.87395616265E-02 
261.24070989 0.35239968808E-01 
85.354641351 0.11153519115 
31.035035245 0.25588953961 
0 0 2 2.0 1.0 
12.271113873 0.39768730901 
4.9159842006 0.24627849430 
0 0 1 0.0 1.0 
0.90086482370 1.0000000000 
0 1 1 0.0 1.0 
0.25000000000 1.0 1.0 
0 2 4 4.0 1.0 
75.300554155 0.60685103418E-02 
17.743733858 0.41912575824E-01 
5.5355828651 0.16153841088 
2.0685535103 0.35706951311 
0 2 1 0.0 1.0 
0.78238772422 1.0000000000 
0 3 1 0.0 1.0 
1.2000000000 1.0000000000 
99 0 
ENDBAS 
DFT 
PBE0 
ENDDFT 
SHRINK 
0 2 
2 2 2 
TOLINTEG 
8 8 8 8 16 
MAXCYCLE 
100 
FMIXING 
80 
EXCHSIZE 
30000000 
BIPOSIZE 
30000000 
GRADCAL 
ENDEXTERNAL geometry rdm_disp16.ext is available as /scratch/project_462000878/zeitzsab/rdm_disp16_215995/fort.34
 PROCESS           10  OF           32  WORKING
 PROCESS            3  OF           32  WORKING
 PROCESS           17  OF           32  WORKING
 PROCESS            8  OF           32  WORKING
 PROCESS           26  OF           32  WORKING
 PROCESS           14  OF           32  WORKING
 PROCESS           15  OF           32  WORKING
 PROCESS           12  OF           32  WORKING
 PROCESS           25  OF           32  WORKING
 PROCESS           19  OF           32  WORKING
 PROCESS           31  OF           32  WORKING
 PROCESS           28  OF           32  WORKING
 PROCESS           22  OF           32  WORKING
 PROCESS           24  OF           32  WORKING
 PROCESS            7  OF           32  WORKING
 PROCESS           21  OF           32  WORKING
 PROCESS           27  OF           32  WORKING
 PROCESS           29  OF           32  WORKING
 PROCESS            5  OF           32  WORKING
 PROCESS           30  OF           32  WORKING
 PROCESS            1  OF           32  WORKING
 PROCESS           13  OF           32  WORKING
 PROCESS            0  OF           32  WORKING
 PROCESS            9  OF           32  WORKING
 PROCESS           23  OF           32  WORKING
 PROCESS            4  OF           32  WORKING
 PROCESS           18  OF           32  WORKING
 PROCESS            2  OF           32  WORKING
 PROCESS           20  OF           32  WORKING
 PROCESS            6  OF           32  WORKING
 PROCESS           11  OF           32  WORKING
 PROCESS           16  OF           32  WORKING

         
 *******************************************************************************
 *                                                                             *
 *                               CRYSTAL23                                     *
 *                      public : 1.0.1 - October 2022                          *
 *                       HTTP://WWW.CRYSTAL.UNITO.IT                           *
 *                                                                             *
 *                              MAIN AUTHORS                                   *
 *                                                                             *
 *  R. DOVESI(1,11), V.R. SAUNDERS(2), C. ROETTI(1,11), R. ORLANDO(1,11),      *
 *  C.M. ZICOVICH-WILSON(1,3), F. PASCALE(4), B. CIVALLERI(1,11),              *
 *  K. DOLL(5), N.M. HARRISON(6), I.J. BUSH(7), Ph. D'ARCO(8),                 *
 *  M. LLUNELL(9), M. CAUSA'(10), Y. NOEL(8), L. MASCHIO(1,11), A. ERBA(1,11)  *
 *  M. RE'RAT(14), S. CASASSA(1,11), B.G. SEARLE(2), J.K. DESMARAIS(1)         *
 *                                                                             *
 *        CONTRIBUTIONS TO THE CODE HAVE ALSO BEEN GIVEN BY                    *
 *                                                                             *
 *  M. FERRABONE(1,11), M. DE LA PIERRE(1,11), M. FERRERO(1,11),               *
 *  J. BAIMA(1,11), E. ALBANESE(1,11), M.F. PEINTINGER(12), R. BAST(13),       *
 *  B. KIRTMAN(15), V. LACIVITA(1,11), R. DEMICHELIS(1,16)                     *
 *  G. BRANDEBURG(17), S. SALUSTRO(1,11), G. SANSONE(1,11)                     *
 *  M.T. RUGGIERO(18), L.E. DAGA(1), L. DONA'(1), A. COSSARD(1)                *
 *                                                                             *
 * (1) THEORETICAL CHEMISTRY GROUP - UNIVERSITA' DI TORINO - TORINO (ITALY)    *
 * (2) SCIENTIFIC COMPUTING DEPARTMENT - STFC DARESBURY (UK)                   *
 * (3) UNIVERSIDAD AUTONOMA DEL ESTADO DE MORELOS - CUERNAVACA (MEXICO)        *
 * (4) UNIVERSITE' DE LORRAINE - NANCY (FRANCE)                                *
 * (5) UNIVERSITAET STUTTGART- STUTTGART (GERMANY)                             *
 * (6) IMPERIAL COLLEGE - LONDON (UK)                                          *
 * (7) SCIENTIFIC COMPUTING DEPARTMENT - STFC RAL (UK)                         *
 * (8) UPMC - SORBONNE UNIVERSITES - PARIS (FRANCE)                            *
 * (9) UNIVERSIDAD DE BARCELONA - BARCELONA (SPAIN)                            *
 *(10) UNIVERSITA' DI NAPOLI "FEDERICO II" - NAPOLI (ITALY)                    *
 *(11) NIS - NANOSTRUCTURED INTERFACES AND SURFACES - TORINO (ITALY)           *
 *(12) MPI FUER CHEMISCHE ENERGIEKONVERSION - MUELHEIM AN DER RUHR (GERMANY)   *
 *(13) UNIVERSITY OF TROMSO - TROMSO (NORWAY)                                  *
 *(14) UNIVERSITE' DE PAU ET DES PAYS DE L'ADOUR - PAU (FRANCE)                *
 *(15) UNIVERSITY OF CALIFORNIA SANTA BARBARA - SANTA BARBARA (USA)            *
 *(16) CURTIN UNIVERSITY - PERTH (AUSTRALIA)                                   *
 *(17) UNIVERSITY COLLEGE LONDON - LONDON (UK)                                 *
 *(18) UNIVERSITY OF VERMONT - BURLINGTON (USA)                                *
 *                                                                             *
 *******************************************************************************
 EEEEEEEEEE STARTING  DATE 25 03 2026 TIME 17:16:52.7
 converted and standardized from ase Atoms() object for Ba27Ti27O81 in space grou
 filename=fort.34                        0           0

 GEOMETRY INPUT FROM EXTERNAL FILE (FORTRAN UNIT 34)
 3D - CRYSTAL 

 *******************************************************************************
 LATTICE PARAMETERS  (ANGSTROMS AND DEGREES) - PRIMITIVE CELL
       A          B          C        ALPHA      BETA     GAMMA        VOLUME
   11.90773   11.90773   12.27480    90.00000  90.00000  90.00000   1740.493702
 INFORMATION **** CHKGRP **** SPGR WITH NO INVERSION

 NUMBER OF IRREDUCIBLE ATOMS IN THE CELL:  135

 CARTESIAN COORDINATES (ANGSTROM) - IRREDUCIBLE ATOMS AND SYMMETRY RELATED

 AT.IRR.  AT  AT.N.          X                   Y                   Z
     1     1   256   -2.356176520061E-02 -3.155751888511E-02  1.918864413827E-02
     2     2   256   -2.153828019815E-02  3.281793304478E-02  4.110098105029E+00
     3     3   256   -2.640381941937E-02 -2.757931688234E-02  8.221309016995E+00
     4     4   256    3.269839862904E-02  3.964286459440E+00  3.686585525165E-03
     5     5   256    2.255961265105E-02  3.974696261105E+00  4.150363052943E+00
     6     6   256   -5.643948344293E-03  3.997631853434E+00  8.236993130348E+00
     7     7   256   -2.398749715565E-04  7.913266396934E+00  5.723100335443E-02
     8     8   256    1.089677124681E-02  7.976678285812E+00  4.122561431495E+00
     9     9   256    2.791651952629E-02  7.934985320646E+00  8.237815706198E+00
    10    10   256    3.930580800478E+00 -9.550865427563E-03  2.245649808011E-02
    11    11   256    3.935565180443E+00  1.061727830166E-02  4.098996884388E+00
    12    12   256    3.962226471950E+00 -1.477284229637E-02  8.172879835078E+00
    13    13   256    3.957294947255E+00  3.951156828392E+00 -7.430034905553E-03
    14    14   256    3.943819880027E+00  3.998081264651E+00  4.128831490264E+00
    15    15   256    3.967419224900E+00  3.942260667378E+00  8.179912262239E+00
    16    16   256    3.987720817882E+00  7.929094981524E+00 -8.024559477194E-03
    17    17   256    3.981758076328E+00  7.953906802600E+00  4.152507860366E+00
    18    18   256    3.966243341153E+00  7.963860802876E+00  8.178605998698E+00
    19    19   256    7.950807982881E+00  3.197378035903E-02  4.682388204108E-02
    20    20   256    7.941002250741E+00 -2.190302960829E-02  4.084409100986E+00
    21    21   256    7.953137748758E+00 -1.733358531225E-02  8.242322043499E+00
    22    22   256    7.975845039496E+00  3.977094456785E+00  1.423300039287E-02
    23    23   256    7.923206183279E+00  3.945984421954E+00  4.089054699993E+00
    24    24   256    7.952460244941E+00  4.006478136020E+00  8.205089119623E+00
    25    25   256    7.977730146534E+00  7.937742408242E+00  3.390322025496E-02
    26    26   256    7.902505848652E+00  7.923102956789E+00  4.109507554029E+00
    27    27   256    7.968323980166E+00  7.964915864567E+00  8.205998016683E+00
    28    28     8    1.953835535794E+00  1.965569943734E+00  3.943620784779E+00
    29    29     8    1.997273973984E+00  1.993946746080E+00  8.015442193142E+00
    30    30     8    1.961747945380E+00  1.999106212287E+00  1.211437916593E+01
    31    31     8    2.023120268637E+00  5.960532182604E+00  3.952055309820E+00
    32    32     8    1.970162679573E+00  5.978795679651E+00  8.024485982461E+00
    33    33     8    1.960231399145E+00  5.985557895259E+00  1.214295937686E+01
    34    34     8    1.976076351637E+00  9.957057467940E+00  3.941272001415E+00
    35    35     8    1.953231962378E+00  9.926121654847E+00  8.076833862147E+00
    36    36     8    2.009421982256E+00  9.910425373825E+00  1.217252995845E+01
    37    37     8    5.983121365691E+00  1.970300031057E+00  3.937409498663E+00
    38    38     8    5.969251952792E+00  1.998577080359E+00  8.018041079492E+00
    39    39     8    5.927744790346E+00  1.954541996875E+00  1.214740672514E+01
    40    40     8    5.919956941667E+00  5.951710054749E+00  3.981733157967E+00
    41    41     8    5.918588533495E+00  5.971920135743E+00  8.057659321898E+00
    42    42     8    5.947282367805E+00  5.993300069772E+00  1.214254137911E+01
    43    43     8    5.919142194698E+00  9.932469684438E+00  3.943115573072E+00
    44    44     8    5.973656682752E+00  9.950502345816E+00  8.030822862983E+00
    45    45     8    5.943296813547E+00  9.954214725675E+00  1.216664546567E+01
    46    46     8    9.908704992299E+00  1.949263593073E+00  3.972553021496E+00
    47    47     8    9.957170525047E+00  1.964015936457E+00  8.056139611133E+00
    48    48     8    9.927272459369E+00  2.022417436823E+00  1.215624143389E+01
    49    49     8    9.920817271208E+00  5.913986250335E+00  3.962700914095E+00
    50    50     8    9.962973564022E+00  5.956365382230E+00  8.054398084512E+00
    51    51     8    9.908391884637E+00  5.918036532598E+00  1.215380185324E+01
    52    52     8    9.894744309444E+00  9.908572430624E+00  3.936461024605E+00
    53    53     8    9.945378273652E+00  9.906922548133E+00  8.023206151738E+00
    54    54     8    9.938092566232E+00  9.923330654614E+00  1.218091147106E+01
    55    55     8    1.959527323784E+00 -2.969683179068E-02  1.995174837025E+00
    56    56     8    1.996947510455E+00 -3.340755546712E-02  6.095595601379E+00
    57    57     8    2.024588305435E+00  9.446682829760E-04  1.016762515070E+01
    58    58     8    1.945735086099E+00  3.962225257033E+00  1.979568564507E+00
    59    59     8    1.960032014062E+00  3.958601648204E+00  6.047674706060E+00
    60    60     8    1.966709824631E+00  4.003609224064E+00  1.017888249802E+01
    61    61     8    1.969594894967E+00  7.946059191773E+00  1.949486865604E+00
    62    62     8    1.994487731959E+00  7.939717524381E+00  6.116118964663E+00
    63    63     8    1.951140705101E+00  7.943024900231E+00  1.014756214227E+01
    64    64     8    5.936289522072E+00  2.888775306184E-02  2.007142501787E+00
    65    65     8    5.919226627649E+00  1.992141406219E-02  6.075581169660E+00
    66    66     8    5.945502796518E+00  3.483606499617E-02  1.018676310046E+01
    67    67     8    5.980212426257E+00  3.955804831239E+00  2.012706438283E+00
    68    68     8    5.944510950363E+00  3.968788066842E+00  6.116262000483E+00
    69    69     8    5.946249035646E+00  4.008131637207E+00  1.016351814043E+01
    70    70     8    5.987341342797E+00  7.960178527685E+00  1.988773539280E+00
    71    71     8    5.981379226477E+00  7.911350419441E+00  6.067051116730E+00
    72    72     8    5.926701650691E+00  7.920821002743E+00  1.014552233111E+01
    73    73     8    9.934152469740E+00  3.842123785919E-02  1.987150927383E+00
    74    74     8    9.906244624014E+00 -3.181357226602E-02  6.094793281621E+00
    75    75     8    9.889698379391E+00 -3.286016300995E-03  1.014722861751E+01
    76    76     8    9.935194295154E+00  3.998245727524E+00  1.961018507941E+00
    77    77     8    9.951251599210E+00  3.990834774236E+00  6.095866125779E+00
    78    78     8    9.914390182151E+00  3.942802356479E+00  1.014025393075E+01
    79    79     8    9.952526764200E+00  7.918405415404E+00  1.967572055949E+00
    80    80     8    9.884301433040E+00  7.941641143710E+00  6.068215037588E+00
    81    81     8    9.903919030539E+00  7.966409023667E+00  1.014770943195E+01
    82    82     8    3.262637043431E-02  1.973338954300E+00  1.965571368700E+00
    83    83     8   -1.724290737770E-02  2.010762063679E+00  6.102261662777E+00
    84    84     8   -2.962708803451E-03  2.022793022122E+00  1.015738789694E+01
    85    85     8   -2.674111009873E-02  5.947811830291E+00  2.014900343862E+00
    86    86     8   -1.945089886409E-02  5.977992653152E+00  6.052083982984E+00
    87    87     8   -1.416403969204E-02  5.949860014895E+00  1.020616586425E+01
    88    88     8   -2.114561577319E-02  9.925169929551E+00  1.951884204098E+00
    89    89     8    2.659897964033E-02  9.908458853567E+00  6.103408981935E+00
    90    90     8   -2.933492788042E-02  9.905474828989E+00  1.014827415227E+01
    91    91     8    3.978549675369E+00  1.945777543242E+00  1.987898165633E+00
    92    92     8    3.960348091980E+00  1.995908430234E+00  6.114703453863E+00
    93    93     8    3.954736025749E+00  1.995519823832E+00  1.013332517110E+01
    94    94     8    3.941641059512E+00  5.931085799752E+00  2.003638832430E+00
    95    95     8    3.949852452815E+00  5.987991229629E+00  6.085085105516E+00
    96    96     8    3.956972976942E+00  5.956352989469E+00  1.013098286965E+01
    97    97     8    3.954977172309E+00  9.931791203451E+00  1.949428615535E+00
    98    98     8    3.998032649807E+00  9.925806406074E+00  6.105014117903E+00
    99    99     8    4.001179676238E+00  9.913371477358E+00  1.019100179917E+01
   100   100     8    7.948868797398E+00  1.953487599053E+00  2.008642375134E+00
   101   101     8    7.922931304702E+00  1.991423579724E+00  6.041156634193E+00
   102   102     8    7.916579817435E+00  1.951937725774E+00  1.016178055530E+01
   103   103     8    7.937742465820E+00  5.925460258768E+00  1.957623689393E+00
   104   104     8    7.969664976913E+00  5.961008578008E+00  6.101395614702E+00
   105   105     8    7.906916314908E+00  5.929625770923E+00  1.017291867573E+01
   106   106     8    7.919945009684E+00  9.947487729616E+00  2.011502975702E+00
   107   107     8    7.945399091987E+00  9.911800945968E+00  6.039633825436E+00
   108   108     8    7.960433142282E+00  9.906533326254E+00  1.013992750228E+01
   109   109    22    2.012541889655E+00  1.965956176075E+00  2.125707436888E+00
   110   110    22    2.000518272208E+00  2.014739818833E+00  6.260015144872E+00
   111   111    22    1.985276051841E+00  1.955836279689E+00  1.030286591871E+01
   112   112    22    1.978062587277E+00  5.936391206275E+00  2.112056861354E+00
   113   113    22    1.951881636188E+00  5.953279516071E+00  6.262005203887E+00
   114   114    22    1.995277088112E+00  5.980613162229E+00  1.030286329786E+01
   115   115    22    1.967162456989E+00  9.945151116519E+00  2.175884319253E+00
   116   116    22    1.996803679713E+00  9.959856527608E+00  6.228965043685E+00
   117   117    22    2.005445905104E+00  9.957182141120E+00  1.033298150910E+01
   118   118    22    5.935225069918E+00  1.996708530116E+00  2.180697443927E+00
   119   119    22    5.922441773264E+00  1.960978005349E+00  6.231723064230E+00
   120   120    22    5.952023730193E+00  1.992797151477E+00  1.029151948550E+01
   121   121    22    5.964931210205E+00  5.957792872839E+00  2.185672764697E+00
   122   122    22    5.939738842248E+00  5.938999994355E+00  6.273375527821E+00
   123   123    22    5.937083503831E+00  5.949518889250E+00  1.029458422590E+01
   124   124    22    5.981536792466E+00  9.946428351282E+00  2.130386102011E+00
   125   125    22    5.962861502508E+00  9.884500072287E+00  6.233713783172E+00
   126   126    22    5.922183250966E+00  9.926022078213E+00  1.035487423159E+01
   127   127    22    9.884815333593E+00  1.973084126979E+00  2.148004658519E+00
   128   128    22    9.927277338472E+00  1.994038458446E+00  6.277685171505E+00
   129   129    22    9.935767750761E+00  1.954695898057E+00  1.035396036349E+01
   130   130    22    9.925558793120E+00  5.963959576837E+00  2.108806407072E+00
   131   131    22    9.906439053751E+00  5.953781419825E+00  6.275393120299E+00
   132   132    22    9.910909870000E+00  5.989412011240E+00  1.034433049109E+01
   133   133    22    9.891566962424E+00  9.947694822835E+00  2.146652887887E+00
   134   134    22    9.939826744091E+00  9.939500201303E+00  6.271467291666E+00
   135   135    22    9.957105575636E+00  9.917579072596E+00  1.031029073032E+01
 NUMBER OF SYMMETRY OPERATORS         :    1
 *******************************************************************************
 LATTICE PARAMETERS (ANGSTROMS AND DEGREES) - BOHR = 0.5291772083 ANGSTROM
 PRIMITIVE CELL - CENTRING CODE 1/0 VOLUME=  1740.493702 - DENSITY  6.022 g/cm^3
         A              B              C           ALPHA      BETA       GAMMA 
    11.90773305    11.90773305    12.27479580    90.000000  90.000000  90.000000
 *******************************************************************************
 ATOMS IN THE ASYMMETRIC UNIT  135 - ATOMS IN THE UNIT CELL:  135
     ATOM                 X/A                 Y/B                 Z/C    
 *******************************************************************************
      1 T 256 BA   -1.978694441812E-03 -2.650170166949E-03  1.563255670475E-03
      2 T 256 BA   -1.808764112171E-03  2.756018539127E-03  3.348404463909E-01
      3 T 256 BA   -2.217367429090E-03 -2.316084578528E-03 -3.302284493405E-01
      4 T 256 BA    2.745980153547E-03  3.329169744396E-01  3.003378292586E-04
      5 T 256 BA    1.894534631934E-03  3.337911795986E-01  3.381207411159E-01
      6 T 256 BA   -4.739733684484E-04  3.357172886433E-01 -3.289506999092E-01
      7 T 256 BA   -2.014447003046E-05 -3.354514781523E-01  4.662481094344E-03
      8 T 256 BA    9.151003974525E-04 -3.301262085471E-01  3.358558055601E-01
      9 T 256 BA    2.344402533133E-03 -3.336275437712E-01 -3.288836865052E-01
     10 T 256 BA    3.300864055294E-01 -8.020725177042E-04  1.829480379634E-03
     11 T 256 BA    3.305049889780E-01  8.916288479994E-04  3.339360549189E-01
     12 T 256 BA    3.327439786661E-01 -1.240609126384E-03 -3.341738658432E-01
     13 T 256 BA    3.323298339523E-01  3.318143606177E-01 -6.053082288793E-04
     14 T 256 BA    3.311982107314E-01  3.357550297662E-01  3.363666131427E-01
     15 T 256 BA    3.331800610781E-01  3.310672695487E-01 -3.336009498228E-01
     16 T 256 BA    3.348849693840E-01 -3.341222088008E-01 -6.537428082669E-04
     17 T 256 BA    3.343842240675E-01 -3.320385358655E-01  3.382954737517E-01
     18 T 256 BA    3.330813114889E-01 -3.312026084699E-01 -3.337073681748E-01
     19 T 256 BA   -3.322987717732E-01  2.685127406264E-03  3.814636333183E-03
     20 T 256 BA   -3.331222477531E-01 -1.839395417777E-03  3.327476210224E-01
     21 T 256 BA   -3.321031202696E-01 -1.455657868670E-03 -3.285165653429E-01
     22 T 256 BA   -3.301961837735E-01  3.339925777715E-01  1.159530522933E-03
     23 T 256 BA   -3.346167444290E-01  3.313799868863E-01  3.331260875226E-01
     24 T 256 BA   -3.321600163903E-01  3.364601909698E-01 -3.315498478905E-01
     25 T 256 BA   -3.300378742926E-01 -3.333960061994E-01  2.762019084257E-03
     26 T 256 BA   -3.363551386759E-01 -3.346254132907E-01  3.347923355295E-01
     27 T 256 BA   -3.308277951221E-01 -3.311140054011E-01 -3.314758020918E-01
     28 T   8 O     1.640812342357E-01  1.650666785593E-01  3.212779136236E-01
     29 T   8 O     1.677291526102E-01  1.674497352021E-01 -3.469999563543E-01
     30 T   8 O     1.647457108034E-01  1.678830222253E-01 -1.306878229823E-02
     31 T   8 O     1.698996996441E-01 -4.994402244679E-01  3.219650554040E-01
     32 T   8 O     1.654523721099E-01 -4.979064735037E-01 -3.462631791837E-01
     33 T   8 O     1.646183527053E-01 -4.973385891230E-01 -1.074041680934E-02
     34 T   8 O     1.659489966175E-01 -1.638158643521E-01  3.210865635268E-01
     35 T   8 O     1.640305467192E-01 -1.664138242630E-01 -3.419985151894E-01
     36 T   8 O     1.687493306928E-01 -1.677319828878E-01 -8.331368050033E-03
     37 T   8 O    -4.975432065392E-01  1.654639067557E-01  3.207718941168E-01
     38 T   8 O    -4.987079465312E-01  1.678385862336E-01 -3.467882309299E-01
     39 T   8 O     4.978063217790E-01  1.641405621598E-01 -1.037810134967E-02
     40 T   8 O     4.971523057167E-01  4.998189016968E-01  3.243828429282E-01
     41 T   8 O     4.970373881110E-01 -4.984838750863E-01 -3.435606218477E-01
     42 T   8 O     4.994470687941E-01 -4.966884087335E-01 -1.077447014566E-02
     43 T   8 O     4.970838840478E-01 -1.658807228268E-01  3.212367551624E-01
     44 T   8 O    -4.983380415341E-01 -1.643663572206E-01 -3.457469277833E-01
     45 T   8 O     4.991123657703E-01 -1.640545951208E-01 -8.810764439203E-03
     46 T   8 O    -1.678764588782E-01  1.636972868713E-01  3.236349578619E-01
     47 T   8 O    -1.638063699248E-01  1.649361745187E-01 -3.436844292649E-01
     48 T   8 O    -1.663171808030E-01  1.698406765025E-01 -9.658357502991E-03
     49 T   8 O    -1.668592813131E-01  4.966508927856E-01  3.228323288356E-01
     50 T   8 O    -1.633190362777E-01 -4.997901483667E-01 -3.438263075210E-01
     51 T   8 O    -1.679027533594E-01  4.969910316051E-01 -9.857104649915E-03
     52 T   8 O    -1.690488636337E-01 -1.678875912805E-01  3.206946240690E-01
     53 T   8 O    -1.647966718861E-01 -1.680261468296E-01 -3.463674441136E-01
     54 T   8 O    -1.654085186070E-01 -1.666482097855E-01 -7.648545073317E-03
     55 T   8 O     1.645592251318E-01 -2.493911449475E-03  1.625424055547E-01
     56 T   8 O     1.677017365161E-01 -2.805534464608E-03  4.965944607713E-01
     57 T   8 O     1.700229839663E-01  7.933233630695E-05 -1.716664524306E-01
     58 T   8 O     1.634009662401E-01  3.327438766384E-01  1.612709976411E-01
     59 T   8 O     1.646016085372E-01  3.324395694447E-01  4.926904532342E-01
     60 T   8 O     1.651624046637E-01  3.362192624955E-01 -1.707493416696E-01
     61 T   8 O     1.654046901032E-01 -3.326975706956E-01  1.588203093043E-01
     62 T   8 O     1.674951666773E-01 -3.332301378405E-01  4.982664530079E-01
     63 T   8 O     1.638549249389E-01 -3.329523875889E-01 -1.733009405934E-01
     64 T   8 O     4.985239001535E-01  2.425965793870E-03  1.635173842800E-01
     65 T   8 O     4.970909746460E-01  1.672981244922E-03  4.949639300444E-01
     66 T   8 O     4.992976221044E-01  2.925499324674E-03 -1.701073267175E-01
     67 T   8 O    -4.977874964827E-01  3.322046954386E-01  1.639706656695E-01
     68 T   8 O     4.992143278156E-01  3.332950151114E-01  4.982781058144E-01
     69 T   8 O     4.993602905506E-01  3.365990504135E-01 -1.720010413185E-01
     70 T   8 O    -4.971888169095E-01 -3.315118424086E-01  1.620209062281E-01
     71 T   8 O    -4.976895097193E-01 -3.356123801045E-01  4.942690058216E-01
     72 T   8 O     4.977187199113E-01 -3.348170496026E-01 -1.734671194194E-01
     73 T   8 O    -1.657394041312E-01  3.226578702920E-03  1.618887156871E-01
     74 T   8 O    -1.680830782468E-01 -2.671673284280E-03  4.965290975856E-01
     75 T   8 O    -1.694726159997E-01 -2.759564971096E-04 -1.733281121049E-01
     76 T   8 O    -1.656519126322E-01  3.357688412005E-01  1.597597662636E-01
     77 T   8 O    -1.643034356393E-01  3.351464764518E-01  4.966164997856E-01
     78 T   8 O    -1.673990220875E-01  3.311127600798E-01 -1.738963241446E-01
     79 T   8 O    -1.641963485065E-01 -3.350199083104E-01  1.602936690767E-01
     80 T   8 O    -1.699258463776E-01 -3.330685941343E-01  4.943638278355E-01
     81 T   8 O    -1.682783793563E-01 -3.309886113321E-01 -1.732889412347E-01
     82 T   8 O     2.739931294841E-03  1.657191126148E-01  1.601306775873E-01
     83 T   8 O    -1.448042822702E-03  1.688618694454E-01  4.971375297972E-01
     84 T   8 O    -2.488054435727E-04  1.698722177957E-01 -1.725004584645E-01
     85 T   8 O    -2.245692776824E-03  4.994915325458E-01  1.641493982215E-01
     86 T   8 O    -1.633467829890E-03 -4.979739108988E-01  4.930496671060E-01
     87 T   8 O    -1.189482467617E-03  4.996635371243E-01 -1.685266272006E-01
     88 T   8 O    -1.775788530394E-03 -1.664937492405E-01  1.590156150784E-01
     89 T   8 O     2.233756797255E-03 -1.678971293728E-01  4.972309993080E-01
     90 T   8 O    -2.463519106218E-03 -1.681477248947E-01 -1.732429347401E-01
     91 T   8 O     3.341147856324E-01  1.634045317502E-01  1.619495915063E-01
     92 T   8 O     3.325862341178E-01  1.676144755558E-01  4.981511345275E-01
     93 T   8 O     3.321149381787E-01  1.675818407629E-01 -1.744607946066E-01
     94 T   8 O     3.310152354744E-01  4.980868965442E-01  1.632319482195E-01
     95 T   8 O     3.317048204078E-01 -4.971342400366E-01  4.957381943182E-01
     96 T   8 O     3.323027951942E-01 -4.997911890989E-01 -1.746516166360E-01
     97 T   8 O     3.321351894355E-01 -1.659377010093E-01  1.588155638023E-01
     98 T   8 O     3.357509471382E-01 -1.664402985525E-01  4.973617661243E-01
     99 T   8 O     3.360152313994E-01 -1.674845719389E-01 -1.697620094693E-01
    100 T   8 O    -3.324616227101E-01  1.640520148420E-01  1.636395755874E-01
    101 T   8 O    -3.346398284683E-01  1.672378421117E-01  4.921594405826E-01
    102 T   8 O    -3.351732202768E-01  1.639218579706E-01 -1.721425984698E-01
    103 T   8 O    -3.333960013640E-01  4.976144690083E-01  1.594831980336E-01
    104 T   8 O    -3.307151795015E-01 -4.994002172389E-01  4.970669748088E-01
    105 T   8 O    -3.359847519501E-01  4.979642847236E-01 -1.712352008555E-01
    106 T   8 O    -3.348906146595E-01 -1.646195217975E-01  1.638726222804E-01
    107 T   8 O    -3.327530052425E-01 -1.676164636586E-01  4.920353807788E-01
    108 T   8 O    -3.314904601189E-01 -1.680588333097E-01 -1.739229175385E-01
    109 T  22 TI    1.690113375236E-01  1.650991139808E-01  1.731766028147E-01
    110 T  22 TI    1.680016056631E-01  1.691959175078E-01 -4.900106489045E-01
    111 T  22 TI    1.667215786166E-01  1.642492547890E-01 -1.606486913040E-01
    112 T  22 TI    1.661157987815E-01  4.985324394953E-01  1.720645211347E-01
    113 T  22 TI    1.639171476210E-01  4.999507035532E-01 -4.898485232734E-01
    114 T  22 TI    1.675614560499E-01 -4.977538430601E-01 -1.606489048187E-01
    115 T  22 TI    1.652004162949E-01 -1.648157483242E-01  1.772644005413E-01
    116 T  22 TI    1.676896577484E-01 -1.635808020060E-01 -4.925402307968E-01
    117 T  22 TI    1.684154235473E-01 -1.638053944181E-01 -1.581952419034E-01
    118 T  22 TI    4.984345084826E-01  1.676816671764E-01  1.776565149806E-01
    119 T  22 TI    4.973609794909E-01  1.646810519781E-01 -4.923155410675E-01
    120 T  22 TI    4.998452438596E-01  1.673531933500E-01 -1.615730596918E-01
    121 T  22 TI   -4.990707983494E-01 -4.996702690745E-01  1.780618431711E-01
    122 T  22 TI    4.988135707533E-01  4.987515230160E-01 -4.889222085616E-01
    123 T  22 TI    4.985905779800E-01  4.996348897198E-01 -1.613233821865E-01
    124 T  22 TI   -4.976762774787E-01 -1.647084873739E-01  1.735577631370E-01
    125 T  22 TI   -4.992446104166E-01 -1.699091648441E-01 -4.921533616737E-01
    126 T  22 TI    4.973392690362E-01 -1.664221866131E-01 -1.564116910529E-01
    127 T  22 TI   -1.698826895021E-01  1.656977124608E-01  1.749931073004E-01
    128 T  22 TI   -1.663167710606E-01  1.674574371187E-01 -4.885711115858E-01
    129 T  22 TI   -1.656037543804E-01  1.641534866334E-01 -1.564861418311E-01
    130 T  22 TI   -1.664610928509E-01 -4.991523951877E-01  1.717997139367E-01
    131 T  22 TI   -1.680667502240E-01  4.999928529490E-01 -4.887578398413E-01
    132 T  22 TI   -1.676912953637E-01 -4.970149241597E-01 -1.572706658719E-01
    133 T  22 TI   -1.693156941888E-01 -1.646021303076E-01  1.748829815879E-01
    134 T  22 TI   -1.652628840138E-01 -1.652903067639E-01 -4.890776682683E-01
    135 T  22 TI   -1.638118243139E-01 -1.671312221266E-01 -1.600438086046E-01

 T = ATOM BELONGING TO THE ASYMMETRIC UNIT
 *******************************************************************************
 * GEOMETRY EDITING - INPUT COORDINATES ARE GIVEN IN ANGSTROM         
 *******************************************************************************

 GCALCO - MAX INDICES DIRECT LATTICE VECTOR    15    15    14
 NO.OF VECTORS CREATED 6999 STARS  514 RMAX   270.02825 BOHR

 GEOMETRY FOR WAVE FUNCTION - DIMENSIONALITY OF THE SYSTEM    3
 (NON PERIODIC DIRECTION: LATTICE PARAMETER FORMALLY SET TO 500)
 *******************************************************************************
 LATTICE PARAMETERS (ANGSTROMS AND DEGREES) - BOHR = 0.5291772083 ANGSTROM
 PRIMITIVE CELL - CENTRING CODE 1/0 VOLUME=  1740.493702 - DENSITY  6.022 g/cm^3
         A              B              C           ALPHA      BETA       GAMMA 
    11.90773305    11.90773305    12.27479580    90.000000  90.000000  90.000000
 *******************************************************************************
 ATOMS IN THE ASYMMETRIC UNIT  135 - ATOMS IN THE UNIT CELL:  135
     ATOM                 X/A                 Y/B                 Z/C    
 *******************************************************************************
      1 T 256 BA   -1.978694441812E-03 -2.650170166949E-03  1.563255670475E-03
      2 T 256 BA   -1.808764112171E-03  2.756018539127E-03  3.348404463909E-01
      3 T 256 BA   -2.217367429090E-03 -2.316084578528E-03 -3.302284493405E-01
      4 T 256 BA    2.745980153547E-03  3.329169744396E-01  3.003378292586E-04
      5 T 256 BA    1.894534631934E-03  3.337911795986E-01  3.381207411159E-01
      6 T 256 BA   -4.739733684484E-04  3.357172886433E-01 -3.289506999092E-01
      7 T 256 BA   -2.014447003046E-05 -3.354514781523E-01  4.662481094344E-03
      8 T 256 BA    9.151003974525E-04 -3.301262085471E-01  3.358558055601E-01
      9 T 256 BA    2.344402533133E-03 -3.336275437712E-01 -3.288836865052E-01
     10 T 256 BA    3.300864055294E-01 -8.020725177042E-04  1.829480379634E-03
     11 T 256 BA    3.305049889780E-01  8.916288479994E-04  3.339360549189E-01
     12 T 256 BA    3.327439786661E-01 -1.240609126384E-03 -3.341738658432E-01
     13 T 256 BA    3.323298339523E-01  3.318143606177E-01 -6.053082288793E-04
     14 T 256 BA    3.311982107314E-01  3.357550297662E-01  3.363666131427E-01
     15 T 256 BA    3.331800610781E-01  3.310672695487E-01 -3.336009498228E-01
     16 T 256 BA    3.348849693840E-01 -3.341222088008E-01 -6.537428082669E-04
     17 T 256 BA    3.343842240675E-01 -3.320385358655E-01  3.382954737517E-01
     18 T 256 BA    3.330813114889E-01 -3.312026084699E-01 -3.337073681748E-01
     19 T 256 BA   -3.322987717732E-01  2.685127406264E-03  3.814636333183E-03
     20 T 256 BA   -3.331222477531E-01 -1.839395417777E-03  3.327476210224E-01
     21 T 256 BA   -3.321031202696E-01 -1.455657868670E-03 -3.285165653429E-01
     22 T 256 BA   -3.301961837735E-01  3.339925777715E-01  1.159530522933E-03
     23 T 256 BA   -3.346167444290E-01  3.313799868863E-01  3.331260875226E-01
     24 T 256 BA   -3.321600163903E-01  3.364601909698E-01 -3.315498478905E-01
     25 T 256 BA   -3.300378742926E-01 -3.333960061994E-01  2.762019084257E-03
     26 T 256 BA   -3.363551386759E-01 -3.346254132907E-01  3.347923355295E-01
     27 T 256 BA   -3.308277951221E-01 -3.311140054011E-01 -3.314758020918E-01
     28 T   8 O     1.640812342357E-01  1.650666785593E-01  3.212779136236E-01
     29 T   8 O     1.677291526102E-01  1.674497352021E-01 -3.469999563543E-01
     30 T   8 O     1.647457108034E-01  1.678830222253E-01 -1.306878229823E-02
     31 T   8 O     1.698996996441E-01 -4.994402244679E-01  3.219650554040E-01
     32 T   8 O     1.654523721099E-01 -4.979064735037E-01 -3.462631791837E-01
     33 T   8 O     1.646183527053E-01 -4.973385891230E-01 -1.074041680934E-02
     34 T   8 O     1.659489966175E-01 -1.638158643521E-01  3.210865635268E-01
     35 T   8 O     1.640305467192E-01 -1.664138242630E-01 -3.419985151894E-01
     36 T   8 O     1.687493306928E-01 -1.677319828878E-01 -8.331368050033E-03
     37 T   8 O    -4.975432065392E-01  1.654639067557E-01  3.207718941168E-01
     38 T   8 O    -4.987079465312E-01  1.678385862336E-01 -3.467882309299E-01
     39 T   8 O     4.978063217790E-01  1.641405621598E-01 -1.037810134967E-02
     40 T   8 O     4.971523057167E-01  4.998189016968E-01  3.243828429282E-01
     41 T   8 O     4.970373881110E-01 -4.984838750863E-01 -3.435606218477E-01
     42 T   8 O     4.994470687941E-01 -4.966884087335E-01 -1.077447014566E-02
     43 T   8 O     4.970838840478E-01 -1.658807228268E-01  3.212367551624E-01
     44 T   8 O    -4.983380415341E-01 -1.643663572206E-01 -3.457469277833E-01
     45 T   8 O     4.991123657703E-01 -1.640545951208E-01 -8.810764439202E-03
     46 T   8 O    -1.678764588782E-01  1.636972868713E-01  3.236349578619E-01
     47 T   8 O    -1.638063699248E-01  1.649361745187E-01 -3.436844292649E-01
     48 T   8 O    -1.663171808030E-01  1.698406765025E-01 -9.658357502991E-03
     49 T   8 O    -1.668592813131E-01  4.966508927856E-01  3.228323288356E-01
     50 T   8 O    -1.633190362777E-01 -4.997901483667E-01 -3.438263075210E-01
     51 T   8 O    -1.679027533594E-01  4.969910316051E-01 -9.857104649915E-03
     52 T   8 O    -1.690488636337E-01 -1.678875912805E-01  3.206946240690E-01
     53 T   8 O    -1.647966718861E-01 -1.680261468296E-01 -3.463674441136E-01
     54 T   8 O    -1.654085186070E-01 -1.666482097855E-01 -7.648545073317E-03
     55 T   8 O     1.645592251318E-01 -2.493911449475E-03  1.625424055547E-01
     56 T   8 O     1.677017365161E-01 -2.805534464608E-03  4.965944607713E-01
     57 T   8 O     1.700229839663E-01  7.933233630695E-05 -1.716664524306E-01
     58 T   8 O     1.634009662401E-01  3.327438766384E-01  1.612709976411E-01
     59 T   8 O     1.646016085372E-01  3.324395694447E-01  4.926904532342E-01
     60 T   8 O     1.651624046637E-01  3.362192624955E-01 -1.707493416696E-01
     61 T   8 O     1.654046901032E-01 -3.326975706956E-01  1.588203093043E-01
     62 T   8 O     1.674951666773E-01 -3.332301378405E-01  4.982664530079E-01
     63 T   8 O     1.638549249389E-01 -3.329523875889E-01 -1.733009405934E-01
     64 T   8 O     4.985239001535E-01  2.425965793870E-03  1.635173842800E-01
     65 T   8 O     4.970909746460E-01  1.672981244922E-03  4.949639300444E-01
     66 T   8 O     4.992976221044E-01  2.925499324674E-03 -1.701073267175E-01
     67 T   8 O    -4.977874964827E-01  3.322046954386E-01  1.639706656695E-01
     68 T   8 O     4.992143278156E-01  3.332950151114E-01  4.982781058144E-01
     69 T   8 O     4.993602905506E-01  3.365990504135E-01 -1.720010413185E-01
     70 T   8 O    -4.971888169095E-01 -3.315118424086E-01  1.620209062281E-01
     71 T   8 O    -4.976895097193E-01 -3.356123801045E-01  4.942690058216E-01
     72 T   8 O     4.977187199113E-01 -3.348170496026E-01 -1.734671194194E-01
     73 T   8 O    -1.657394041312E-01  3.226578702920E-03  1.618887156871E-01
     74 T   8 O    -1.680830782468E-01 -2.671673284280E-03  4.965290975856E-01
     75 T   8 O    -1.694726159997E-01 -2.759564971096E-04 -1.733281121049E-01
     76 T   8 O    -1.656519126322E-01  3.357688412005E-01  1.597597662636E-01
     77 T   8 O    -1.643034356393E-01  3.351464764518E-01  4.966164997856E-01
     78 T   8 O    -1.673990220875E-01  3.311127600798E-01 -1.738963241446E-01
     79 T   8 O    -1.641963485065E-01 -3.350199083104E-01  1.602936690767E-01
     80 T   8 O    -1.699258463776E-01 -3.330685941343E-01  4.943638278355E-01
     81 T   8 O    -1.682783793563E-01 -3.309886113321E-01 -1.732889412347E-01
     82 T   8 O     2.739931294841E-03  1.657191126148E-01  1.601306775873E-01
     83 T   8 O    -1.448042822702E-03  1.688618694454E-01  4.971375297972E-01
     84 T   8 O    -2.488054435727E-04  1.698722177957E-01 -1.725004584645E-01
     85 T   8 O    -2.245692776824E-03  4.994915325458E-01  1.641493982215E-01
     86 T   8 O    -1.633467829890E-03 -4.979739108988E-01  4.930496671060E-01
     87 T   8 O    -1.189482467617E-03  4.996635371243E-01 -1.685266272006E-01
     88 T   8 O    -1.775788530394E-03 -1.664937492405E-01  1.590156150784E-01
     89 T   8 O     2.233756797255E-03 -1.678971293728E-01  4.972309993080E-01
     90 T   8 O    -2.463519106218E-03 -1.681477248947E-01 -1.732429347401E-01
     91 T   8 O     3.341147856324E-01  1.634045317502E-01  1.619495915063E-01
     92 T   8 O     3.325862341178E-01  1.676144755558E-01  4.981511345275E-01
     93 T   8 O     3.321149381787E-01  1.675818407629E-01 -1.744607946066E-01
     94 T   8 O     3.310152354744E-01  4.980868965442E-01  1.632319482195E-01
     95 T   8 O     3.317048204078E-01 -4.971342400366E-01  4.957381943182E-01
     96 T   8 O     3.323027951942E-01 -4.997911890989E-01 -1.746516166360E-01
     97 T   8 O     3.321351894355E-01 -1.659377010093E-01  1.588155638023E-01
     98 T   8 O     3.357509471382E-01 -1.664402985525E-01  4.973617661243E-01
     99 T   8 O     3.360152313994E-01 -1.674845719389E-01 -1.697620094693E-01
    100 T   8 O    -3.324616227101E-01  1.640520148420E-01  1.636395755874E-01
    101 T   8 O    -3.346398284683E-01  1.672378421117E-01  4.921594405826E-01
    102 T   8 O    -3.351732202768E-01  1.639218579706E-01 -1.721425984698E-01
    103 T   8 O    -3.333960013640E-01  4.976144690083E-01  1.594831980336E-01
    104 T   8 O    -3.307151795015E-01 -4.994002172389E-01  4.970669748088E-01
    105 T   8 O    -3.359847519501E-01  4.979642847236E-01 -1.712352008555E-01
    106 T   8 O    -3.348906146595E-01 -1.646195217975E-01  1.638726222804E-01
    107 T   8 O    -3.327530052425E-01 -1.676164636586E-01  4.920353807788E-01
    108 T   8 O    -3.314904601189E-01 -1.680588333097E-01 -1.739229175385E-01
    109 T  22 TI    1.690113375236E-01  1.650991139808E-01  1.731766028147E-01
    110 T  22 TI    1.680016056631E-01  1.691959175078E-01 -4.900106489045E-01
    111 T  22 TI    1.667215786166E-01  1.642492547890E-01 -1.606486913040E-01
    112 T  22 TI    1.661157987815E-01  4.985324394953E-01  1.720645211347E-01
    113 T  22 TI    1.639171476210E-01  4.999507035532E-01 -4.898485232734E-01
    114 T  22 TI    1.675614560499E-01 -4.977538430601E-01 -1.606489048187E-01
    115 T  22 TI    1.652004162949E-01 -1.648157483242E-01  1.772644005413E-01
    116 T  22 TI    1.676896577484E-01 -1.635808020060E-01 -4.925402307968E-01
    117 T  22 TI    1.684154235473E-01 -1.638053944181E-01 -1.581952419034E-01
    118 T  22 TI    4.984345084826E-01  1.676816671764E-01  1.776565149806E-01
    119 T  22 TI    4.973609794909E-01  1.646810519781E-01 -4.923155410675E-01
    120 T  22 TI    4.998452438596E-01  1.673531933500E-01 -1.615730596918E-01
    121 T  22 TI   -4.990707983494E-01 -4.996702690745E-01  1.780618431711E-01
    122 T  22 TI    4.988135707533E-01  4.987515230160E-01 -4.889222085616E-01
    123 T  22 TI    4.985905779800E-01  4.996348897198E-01 -1.613233821865E-01
    124 T  22 TI   -4.976762774787E-01 -1.647084873739E-01  1.735577631370E-01
    125 T  22 TI   -4.992446104166E-01 -1.699091648441E-01 -4.921533616737E-01
    126 T  22 TI    4.973392690362E-01 -1.664221866131E-01 -1.564116910529E-01
    127 T  22 TI   -1.698826895021E-01  1.656977124608E-01  1.749931073004E-01
    128 T  22 TI   -1.663167710606E-01  1.674574371187E-01 -4.885711115858E-01
    129 T  22 TI   -1.656037543804E-01  1.641534866334E-01 -1.564861418311E-01
    130 T  22 TI   -1.664610928509E-01 -4.991523951877E-01  1.717997139367E-01
    131 T  22 TI   -1.680667502240E-01  4.999928529490E-01 -4.887578398413E-01
    132 T  22 TI   -1.676912953637E-01 -4.970149241597E-01 -1.572706658719E-01
    133 T  22 TI   -1.693156941888E-01 -1.646021303076E-01  1.748829815879E-01
    134 T  22 TI   -1.652628840138E-01 -1.652903067639E-01 -4.890776682683E-01
    135 T  22 TI   -1.638118243139E-01 -1.671312221266E-01 -1.600438086046E-01

 T = ATOM BELONGING TO THE ASYMMETRIC UNIT

 ****    1 SYMMOPS - TRANSLATORS IN FRACTIONAL UNITS
 **** MATRICES AND TRANSLATORS IN THE CRYSTALLOGRAPHIC REFERENCE FRAME
   V INV                    ROTATION MATRICES                   TRANSLATORS
   1   1  1.00  0.00  0.00  0.00  1.00  0.00  0.00  0.00  1.00  0.00  0.00  0.00

 DIRECT LATTICE VECTORS CARTESIAN COMPONENTS (ANGSTROM)
          X                    Y                    Z
   0.119077330500E+02   0.000000000000E+00   0.000000000000E+00
   0.000000000000E+00   0.119077330500E+02   0.000000000000E+00
   0.000000000000E+00   0.000000000000E+00   0.122747958000E+02


 CARTESIAN COORDINATES - PRIMITIVE CELL
 *******************************************************************************
 *      ATOM          X(ANGSTROM)         Y(ANGSTROM)         Z(ANGSTROM)
 *******************************************************************************
    1   256 BA   -2.356176520061E-02 -3.155751888511E-02  1.918864413827E-02
    2   256 BA   -2.153828019815E-02  3.281793304478E-02  4.110098105029E+00
    3   256 BA   -2.640381941937E-02 -2.757931688234E-02  8.221309016995E+00
    4   256 BA    3.269839862904E-02  3.964286459440E+00  3.686585525165E-03
    5   256 BA    2.255961265105E-02  3.974696261105E+00  4.150363052943E+00
    6   256 BA   -5.643948344293E-03  3.997631853434E+00  8.236993130348E+00
    7   256 BA   -2.398749715565E-04  7.913266396934E+00  5.723100335443E-02
    8   256 BA    1.089677124681E-02  7.976678285812E+00  4.122561431495E+00
    9   256 BA    2.791651952629E-02  7.934985320646E+00  8.237815706198E+00
   10   256 BA    3.930580800478E+00 -9.550865427563E-03  2.245649808011E-02
   11   256 BA    3.935565180443E+00  1.061727830166E-02  4.098996884388E+00
   12   256 BA    3.962226471950E+00 -1.477284229637E-02  8.172879835078E+00
   13   256 BA    3.957294947255E+00  3.951156828392E+00 -7.430034905553E-03
   14   256 BA    3.943819880027E+00  3.998081264651E+00  4.128831490264E+00
   15   256 BA    3.967419224900E+00  3.942260667378E+00  8.179912262239E+00
   16   256 BA    3.987720817882E+00  7.929094981524E+00 -8.024559477194E-03
   17   256 BA    3.981758076328E+00  7.953906802600E+00  4.152507860366E+00
   18   256 BA    3.966243341153E+00  7.963860802876E+00  8.178605998698E+00
   19   256 BA    7.950807982881E+00  3.197378035903E-02  4.682388204108E-02
   20   256 BA    7.941002250741E+00 -2.190302960829E-02  4.084409100986E+00
   21   256 BA    7.953137748758E+00 -1.733358531225E-02  8.242322043499E+00
   22   256 BA    7.975845039496E+00  3.977094456785E+00  1.423300039287E-02
   23   256 BA    7.923206183279E+00  3.945984421954E+00  4.089054699993E+00
   24   256 BA    7.952460244941E+00  4.006478136020E+00  8.205089119623E+00
   25   256 BA    7.977730146534E+00  7.937742408242E+00  3.390322025496E-02
   26   256 BA    7.902505848652E+00  7.923102956789E+00  4.109507554029E+00
   27   256 BA    7.968323980166E+00  7.964915864567E+00  8.205998016683E+00
   28     8 O     1.953835535794E+00  1.965569943734E+00  3.943620784779E+00
   29     8 O     1.997273973984E+00  1.993946746080E+00  8.015442193142E+00
   30     8 O     1.961747945380E+00  1.999106212287E+00  1.211437916593E+01
   31     8 O     2.023120268637E+00  5.960532182604E+00  3.952055309820E+00
   32     8 O     1.970162679573E+00  5.978795679651E+00  8.024485982461E+00
   33     8 O     1.960231399145E+00  5.985557895259E+00  1.214295937686E+01
   34     8 O     1.976076351637E+00  9.957057467940E+00  3.941272001415E+00
   35     8 O     1.953231962378E+00  9.926121654847E+00  8.076833862147E+00
   36     8 O     2.009421982256E+00  9.910425373825E+00  1.217252995845E+01
   37     8 O     5.983121365691E+00  1.970300031057E+00  3.937409498663E+00
   38     8 O     5.969251952792E+00  1.998577080359E+00  8.018041079492E+00
   39     8 O     5.927744790346E+00  1.954541996875E+00  1.214740672514E+01
   40     8 O     5.919956941667E+00  5.951710054749E+00  3.981733157967E+00
   41     8 O     5.918588533495E+00  5.971920135743E+00  8.057659321898E+00
   42     8 O     5.947282367805E+00  5.993300069772E+00  1.214254137911E+01
   43     8 O     5.919142194698E+00  9.932469684438E+00  3.943115573072E+00
   44     8 O     5.973656682752E+00  9.950502345816E+00  8.030822862983E+00
   45     8 O     5.943296813547E+00  9.954214725675E+00  1.216664546567E+01
   46     8 O     9.908704992299E+00  1.949263593073E+00  3.972553021496E+00
   47     8 O     9.957170525047E+00  1.964015936457E+00  8.056139611133E+00
   48     8 O     9.927272459369E+00  2.022417436823E+00  1.215624143389E+01
   49     8 O     9.920817271208E+00  5.913986250335E+00  3.962700914095E+00
   50     8 O     9.962973564022E+00  5.956365382230E+00  8.054398084512E+00
   51     8 O     9.908391884637E+00  5.918036532598E+00  1.215380185324E+01
   52     8 O     9.894744309444E+00  9.908572430624E+00  3.936461024605E+00
   53     8 O     9.945378273652E+00  9.906922548133E+00  8.023206151738E+00
   54     8 O     9.938092566232E+00  9.923330654614E+00  1.218091147106E+01
   55     8 O     1.959527323784E+00 -2.969683179068E-02  1.995174837025E+00
   56     8 O     1.996947510455E+00 -3.340755546712E-02  6.095595601379E+00
   57     8 O     2.024588305435E+00  9.446682829760E-04  1.016762515070E+01
   58     8 O     1.945735086099E+00  3.962225257033E+00  1.979568564507E+00
   59     8 O     1.960032014062E+00  3.958601648204E+00  6.047674706060E+00
   60     8 O     1.966709824631E+00  4.003609224064E+00  1.017888249802E+01
   61     8 O     1.969594894967E+00  7.946059191773E+00  1.949486865604E+00
   62     8 O     1.994487731959E+00  7.939717524381E+00  6.116118964663E+00
   63     8 O     1.951140705101E+00  7.943024900231E+00  1.014756214227E+01
   64     8 O     5.936289522072E+00  2.888775306184E-02  2.007142501787E+00
   65     8 O     5.919226627649E+00  1.992141406219E-02  6.075581169660E+00
   66     8 O     5.945502796518E+00  3.483606499617E-02  1.018676310046E+01
   67     8 O     5.980212426257E+00  3.955804831239E+00  2.012706438283E+00
   68     8 O     5.944510950363E+00  3.968788066842E+00  6.116262000483E+00
   69     8 O     5.946249035646E+00  4.008131637207E+00  1.016351814043E+01
   70     8 O     5.987341342797E+00  7.960178527685E+00  1.988773539280E+00
   71     8 O     5.981379226477E+00  7.911350419441E+00  6.067051116730E+00
   72     8 O     5.926701650691E+00  7.920821002743E+00  1.014552233111E+01
   73     8 O     9.934152469740E+00  3.842123785919E-02  1.987150927383E+00
   74     8 O     9.906244624014E+00 -3.181357226602E-02  6.094793281621E+00
   75     8 O     9.889698379391E+00 -3.286016300995E-03  1.014722861751E+01
   76     8 O     9.935194295154E+00  3.998245727524E+00  1.961018507941E+00
   77     8 O     9.951251599210E+00  3.990834774236E+00  6.095866125779E+00
   78     8 O     9.914390182151E+00  3.942802356479E+00  1.014025393075E+01
   79     8 O     9.952526764200E+00  7.918405415404E+00  1.967572055949E+00
   80     8 O     9.884301433040E+00  7.941641143710E+00  6.068215037588E+00
   81     8 O     9.903919030539E+00  7.966409023667E+00  1.014770943195E+01
   82     8 O     3.262637043431E-02  1.973338954300E+00  1.965571368700E+00
   83     8 O    -1.724290737770E-02  2.010762063679E+00  6.102261662777E+00
   84     8 O    -2.962708803451E-03  2.022793022122E+00  1.015738789694E+01
   85     8 O    -2.674111009873E-02  5.947811830291E+00  2.014900343862E+00
   86     8 O    -1.945089886409E-02  5.977992653152E+00  6.052083982984E+00
   87     8 O    -1.416403969204E-02  5.949860014895E+00  1.020616586425E+01
   88     8 O    -2.114561577319E-02  9.925169929551E+00  1.951884204098E+00
   89     8 O     2.659897964033E-02  9.908458853567E+00  6.103408981935E+00
   90     8 O    -2.933492788042E-02  9.905474828989E+00  1.014827415227E+01
   91     8 O     3.978549675369E+00  1.945777543242E+00  1.987898165633E+00
   92     8 O     3.960348091980E+00  1.995908430234E+00  6.114703453863E+00
   93     8 O     3.954736025749E+00  1.995519823832E+00  1.013332517110E+01
   94     8 O     3.941641059512E+00  5.931085799752E+00  2.003638832430E+00
   95     8 O     3.949852452815E+00  5.987991229629E+00  6.085085105516E+00
   96     8 O     3.956972976942E+00  5.956352989469E+00  1.013098286965E+01
   97     8 O     3.954977172309E+00  9.931791203451E+00  1.949428615535E+00
   98     8 O     3.998032649807E+00  9.925806406074E+00  6.105014117903E+00
   99     8 O     4.001179676238E+00  9.913371477358E+00  1.019100179917E+01
  100     8 O     7.948868797398E+00  1.953487599053E+00  2.008642375134E+00
  101     8 O     7.922931304702E+00  1.991423579724E+00  6.041156634193E+00
  102     8 O     7.916579817435E+00  1.951937725774E+00  1.016178055530E+01
  103     8 O     7.937742465820E+00  5.925460258768E+00  1.957623689393E+00
  104     8 O     7.969664976913E+00  5.961008578008E+00  6.101395614702E+00
  105     8 O     7.906916314908E+00  5.929625770923E+00  1.017291867573E+01
  106     8 O     7.919945009684E+00  9.947487729616E+00  2.011502975702E+00
  107     8 O     7.945399091987E+00  9.911800945968E+00  6.039633825436E+00
  108     8 O     7.960433142282E+00  9.906533326254E+00  1.013992750228E+01
  109    22 TI    2.012541889655E+00  1.965956176075E+00  2.125707436888E+00
  110    22 TI    2.000518272208E+00  2.014739818833E+00  6.260015144872E+00
  111    22 TI    1.985276051841E+00  1.955836279689E+00  1.030286591871E+01
  112    22 TI    1.978062587277E+00  5.936391206275E+00  2.112056861354E+00
  113    22 TI    1.951881636188E+00  5.953279516071E+00  6.262005203887E+00
  114    22 TI    1.995277088112E+00  5.980613162229E+00  1.030286329786E+01
  115    22 TI    1.967162456989E+00  9.945151116519E+00  2.175884319253E+00
  116    22 TI    1.996803679713E+00  9.959856527608E+00  6.228965043685E+00
  117    22 TI    2.005445905104E+00  9.957182141120E+00  1.033298150910E+01
  118    22 TI    5.935225069918E+00  1.996708530116E+00  2.180697443927E+00
  119    22 TI    5.922441773264E+00  1.960978005349E+00  6.231723064230E+00
  120    22 TI    5.952023730193E+00  1.992797151477E+00  1.029151948550E+01
  121    22 TI    5.964931210205E+00  5.957792872839E+00  2.185672764697E+00
  122    22 TI    5.939738842248E+00  5.938999994355E+00  6.273375527821E+00
  123    22 TI    5.937083503831E+00  5.949518889250E+00  1.029458422590E+01
  124    22 TI    5.981536792466E+00  9.946428351282E+00  2.130386102011E+00
  125    22 TI    5.962861502508E+00  9.884500072287E+00  6.233713783172E+00
  126    22 TI    5.922183250966E+00  9.926022078213E+00  1.035487423159E+01
  127    22 TI    9.884815333593E+00  1.973084126979E+00  2.148004658519E+00
  128    22 TI    9.927277338472E+00  1.994038458446E+00  6.277685171505E+00
  129    22 TI    9.935767750761E+00  1.954695898057E+00  1.035396036349E+01
  130    22 TI    9.925558793120E+00  5.963959576837E+00  2.108806407072E+00
  131    22 TI    9.906439053751E+00  5.953781419825E+00  6.275393120299E+00
  132    22 TI    9.910909870000E+00  5.989412011240E+00  1.034433049109E+01
  133    22 TI    9.891566962424E+00  9.947694822835E+00  2.146652887887E+00
  134    22 TI    9.939826744091E+00  9.939500201303E+00  6.271467291666E+00
  135    22 TI    9.957105575636E+00  9.917579072596E+00  1.031029073032E+01

 *******************************************************************************
 *** PSEUDOPOTENTIAL INFORMATION ***
 *******************************************************************************

 ATOMIC NUMBER  56, NUCLEAR CHARGE 10.000, GIVEN IN INPUT       PSEUDOPOTENTIAL
   TYPE       EXPONENT      COEFF.    N      EXPONENT      COEFF.    N
  P0 TMS     9.5269860  427.8458160   0     4.4875100  204.4175300   0
  P1 TMS     8.3159300  293.6058640   0     4.2922170  294.1933160   0
  P2 TMS     5.9161080  112.5504020   0     2.8748420  181.7826210   0
  P3 TMS     3.5894650  -33.4731740   0

 *******************************************************************************
 LOCAL ATOMIC FUNCTIONS BASIS SET
 *******************************************************************************
   ATOM   X(AU)   Y(AU)   Z(AU)  N. TYPE  EXPONENT  S COEF   P COEF   D/F/G COEF
 *******************************************************************************
   1 BA  -0.045  -0.060   0.036
                                  1 S  
                                         2.396E+00-5.955E+00 0.000E+00 0.000E+00
                                         2.243E+00 6.681E+00 0.000E+00 0.000E+00
                                         7.174E-01-5.706E-01 0.000E+00 0.000E+00
                                  2 S  
                                         2.742E-01 1.000E+00 0.000E+00 0.000E+00
                           3-     6 SP 
                                         1.300E-01 1.000E+00 1.000E+00 0.000E+00
                           7-     9 P  
                                         2.927E+00 0.000E+00 7.982E-01 0.000E+00
                                         2.521E+00 0.000E+00-1.071E+00 0.000E+00
                                         6.758E-01 0.000E+00 3.494E-01 0.000E+00
                                         3.199E-01 0.000E+00 6.504E-01 0.000E+00
                          10-    14 D  
                                         9.663E-01 0.000E+00 0.000E+00-9.089E-01
                                         8.938E-01 0.000E+00 0.000E+00 9.472E-01
                          15-    19 D  
                                         2.732E-01 0.000E+00 0.000E+00 3.221E-01
   2 BA  -0.041   0.062   7.767
   3 BA  -0.050  -0.052  15.536
   4 BA   0.062   7.491   0.007
   5 BA   0.043   7.511   7.843
   6 BA  -0.011   7.554  15.566
   7 BA  -0.000  14.954   0.108
   8 BA   0.021  15.074   7.791
   9 BA   0.053  14.995  15.567
  10 BA   7.428  -0.018   0.042
  11 BA   7.437   0.020   7.746
  12 BA   7.488  -0.028  15.445
  13 BA   7.478   7.467  -0.014
  14 BA   7.453   7.555   7.802
  15 BA   7.497   7.450  15.458
  16 BA   7.536  14.984  -0.015
  17 BA   7.524  15.031   7.847
  18 BA   7.495  15.050  15.455
  19 BA  15.025   0.060   0.088
  20 BA  15.006  -0.041   7.718
  21 BA  15.029  -0.033  15.576
  22 BA  15.072   7.516   0.027
  23 BA  14.973   7.457   7.727
  24 BA  15.028   7.571  15.505
  25 BA  15.076  15.000   0.064
  26 BA  14.934  14.972   7.766
  27 BA  15.058  15.052  15.507
  28 O    3.692   3.714   7.452
                                514 S  
                                         2.703E+04 2.173E-04 0.000E+00 0.000E+00
                                         4.052E+03 1.684E-03 0.000E+00 0.000E+00
                                         9.223E+02 8.740E-03 0.000E+00 0.000E+00
                                         2.612E+02 3.524E-02 0.000E+00 0.000E+00
                                         8.535E+01 1.115E-01 0.000E+00 0.000E+00
                                         3.104E+01 2.559E-01 0.000E+00 0.000E+00
                                515 S  
                                         1.227E+01 3.977E-01 0.000E+00 0.000E+00
                                         4.916E+00 2.463E-01 0.000E+00 0.000E+00
                                516 S  
                                         9.009E-01 1.000E+00 0.000E+00 0.000E+00
                         517-   520 SP 
                                         2.500E-01 1.000E+00 1.000E+00 0.000E+00
                         521-   523 P  
                                         7.530E+01 0.000E+00 6.069E-03 0.000E+00
                                         1.774E+01 0.000E+00 4.191E-02 0.000E+00
                                         5.536E+00 0.000E+00 1.615E-01 0.000E+00
                                         2.069E+00 0.000E+00 3.571E-01 0.000E+00
                         524-   526 P  
                                         7.824E-01 0.000E+00 1.000E+00 0.000E+00
                         527-   531 D  
                                         1.200E+00 0.000E+00 0.000E+00 1.000E+00
  29 O    3.774   3.768  15.147
  30 O    3.707   3.778  22.893
  31 O    3.823  11.264   7.468
  32 O    3.723  11.298  15.164
  33 O    3.704  11.311  22.947
  34 O    3.734  18.816   7.448
  35 O    3.691  18.758  15.263
  36 O    3.797  18.728  23.003
  37 O   11.306   3.723   7.441
  38 O   11.280   3.777  15.152
  39 O   11.202   3.694  22.955
  40 O   11.187  11.247   7.524
  41 O   11.185  11.285  15.227
  42 O   11.239  11.326  22.946
  43 O   11.186  18.770   7.451
  44 O   11.289  18.804  15.176
  45 O   11.231  18.811  22.992
  46 O   18.725   3.684   7.507
  47 O   18.816   3.711  15.224
  48 O   18.760   3.822  22.972
  49 O   18.748  11.176   7.488
  50 O   18.827  11.256  15.221
  51 O   18.724  11.183  22.967
  52 O   18.698  18.724   7.439
  53 O   18.794  18.721  15.162
  54 O   18.780  18.752  23.019
  55 O    3.703  -0.056   3.770
  56 O    3.774  -0.063  11.519
  57 O    3.826   0.002  19.214
  58 O    3.677   7.488   3.741
  59 O    3.704   7.481  11.428
  60 O    3.717   7.566  19.235
  61 O    3.722  15.016   3.684
  62 O    3.769  15.004  11.558
  63 O    3.687  15.010  19.176
  64 O   11.218   0.055   3.793
  65 O   11.186   0.038  11.481
  66 O   11.235   0.066  19.250
  67 O   11.301   7.475   3.803
  68 O   11.233   7.500  11.558
  69 O   11.237   7.574  19.206
  70 O   11.314  15.043   3.758
  71 O   11.303  14.950  11.465
  72 O   11.200  14.968  19.172
  73 O   18.773   0.073   3.755
  74 O   18.720  -0.060  11.517
  75 O   18.689  -0.006  19.175
  76 O   18.775   7.556   3.706
  77 O   18.805   7.542  11.520
  78 O   18.735   7.451  19.162
  79 O   18.808  14.964   3.718
  80 O   18.679  15.008  11.467
  81 O   18.716  15.054  19.176
  82 O    0.062   3.729   3.714
  83 O   -0.033   3.800  11.532
  84 O   -0.006   3.823  19.195
  85 O   -0.051  11.240   3.808
  86 O   -0.037  11.297  11.437
  87 O   -0.027  11.244  19.287
  88 O   -0.040  18.756   3.689
  89 O    0.050  18.724  11.534
  90 O   -0.055  18.719  19.177
  91 O    7.518   3.677   3.757
  92 O    7.484   3.772  11.555
  93 O    7.473   3.771  19.149
  94 O    7.449  11.208   3.786
  95 O    7.464  11.316  11.499
  96 O    7.478  11.256  19.145
  97 O    7.474  18.768   3.684
  98 O    7.555  18.757  11.537
  99 O    7.561  18.734  19.258
 100 O   15.021   3.692   3.796
 101 O   14.972   3.763  11.416
 102 O   14.960   3.689  19.203
 103 O   15.000  11.197   3.699
 104 O   15.060  11.265  11.530
 105 O   14.942  11.205  19.224
 106 O   14.967  18.798   3.801
 107 O   15.015  18.731  11.413
 108 O   15.043  18.721  19.162
 109 TI   3.803   3.715   4.017
                               1972 S  
                                         2.116E+05 2.332E-04 0.000E+00 0.000E+00
                                         3.171E+04 1.808E-03 0.000E+00 0.000E+00
                                         7.218E+03 9.398E-03 0.000E+00 0.000E+00
                                         2.043E+03 3.816E-02 0.000E+00 0.000E+00
                                         6.651E+02 1.237E-01 0.000E+00 0.000E+00
                                         2.387E+02 2.921E-01 0.000E+00 0.000E+00
                                         9.251E+01 4.123E-01 0.000E+00 0.000E+00
                                         3.640E+01 2.109E-01 0.000E+00 0.000E+00
                               1973 S  
                                         2.327E+02-2.492E-02 0.000E+00 0.000E+00
                                         7.179E+01-1.175E-01 0.000E+00 0.000E+00
                                         1.116E+01 5.650E-01 0.000E+00 0.000E+00
                                         4.655E+00 5.621E-01 0.000E+00 0.000E+00
                               1974 S  
                                         6.803E+00-2.301E-01 0.000E+00 0.000E+00
                                         1.120E+00 7.210E-01 0.000E+00 0.000E+00
                               1975 S  
                                         4.808E-01 1.000E+00 0.000E+00 0.000E+00
                               1976 S  
                                         2.400E-01 1.000E+00 0.000E+00 0.000E+00
                        1977-  1980 SP 
                                         1.200E-01 1.000E+00 1.000E+00 0.000E+00
                        1981-  1983 P  
                                         1.063E+03 0.000E+00 2.469E-03 0.000E+00
                                         2.516E+02 0.000E+00 1.977E-02 0.000E+00
                                         8.041E+01 0.000E+00 9.099E-02 0.000E+00
                                         2.977E+01 0.000E+00 2.556E-01 0.000E+00
                                         1.174E+01 0.000E+00 4.049E-01 0.000E+00
                                         4.714E+00 0.000E+00 2.369E-01 0.000E+00
                        1984-  1986 P  
                                         1.780E+01 0.000E+00-2.788E-02 0.000E+00
                                         2.427E+00 0.000E+00 5.567E-01 0.000E+00
                                         9.682E-01 0.000E+00 1.006E+00 0.000E+00
                        1987-  1989 P  
                                         3.706E-01 0.000E+00 1.000E+00 0.000E+00
                        1990-  1994 D  
                                         3.771E+01 0.000E+00 0.000E+00 1.151E-02
                                         1.069E+01 0.000E+00 0.000E+00 6.725E-02
                                         3.673E+00 0.000E+00 0.000E+00 2.148E-01
                                         1.359E+00 0.000E+00 0.000E+00 3.889E-01
                        1995-  1999 D  
                                         5.400E-01 0.000E+00 0.000E+00 1.000E+00
                        2000-  2004 D  
                                         2.200E-01 0.000E+00 0.000E+00 1.000E+00
 110 TI   3.780   3.807  11.830
 111 TI   3.752   3.696  19.470
 112 TI   3.738  11.218   3.991
 113 TI   3.689  11.250  11.833
 114 TI   3.771  11.302  19.470
 115 TI   3.717  18.794   4.112
 116 TI   3.773  18.821  11.771
 117 TI   3.790  18.816  19.527
 118 TI  11.216   3.773   4.121
 119 TI  11.192   3.706  11.776
 120 TI  11.248   3.766  19.448
 121 TI  11.272  11.259   4.130
 122 TI  11.224  11.223  11.855
 123 TI  11.219  11.243  19.454
 124 TI  11.303  18.796   4.026
 125 TI  11.268  18.679  11.780
 126 TI  11.191  18.757  19.568
 127 TI  18.680   3.729   4.059
 128 TI  18.760   3.768  11.863
 129 TI  18.776   3.694  19.566
 130 TI  18.757  11.270   3.985
 131 TI  18.720  11.251  11.859
 132 TI  18.729  11.318  19.548
 133 TI  18.692  18.798   4.057
 134 TI  18.784  18.783  11.851
 135 TI  18.816  18.742  19.484
 INFORMATION **** SET_MPP **** PCRYSTAL CALCULATION
 INFORMATION **** READM2 **** NEW DEFAULT: FOCK/KS MATRIX MIXING SET TO 30 %
 INFORMATION **** READM2 **** NEW DEFAULT: FULL DIRECT SCF MODE
 INFORMATION **** READM2 **** NEW DEFAULT: COULOMB BIPOLAR BUFFER SET TO 32 Mb
 INFORMATION **** READM2 **** NEW DEFAULT: EXCHANGE BIPOLAR BUFFER SET TO 32 Mb

 *******************************************************************************
 NEW DEFAULT: DFT INTEGRATION GRID INCREASED TO XLGRID
 NEW DEFAULT: DIIS ACCELERATOR ACTIVE
 USE KEYWORD NODIIS TO TURN IT OFF
 *******************************************************************************

 INFORMATION **** TOLINTEG **** COULOMB AND EXCHANGE SERIES TOLERANCES MODIFIED
 INFORMATION **** MAXCYCLE **** MAX NUMBER OF SCF CYCLES SET TO         100
 INFORMATION **** EXCHSIZE **** EXCHANGE BIPOLAR BUFFER SIZE SET TO    30000000
 INFORMATION **** BIPOSIZE **** COULOMB BIPOLAR BUFFER SET TO    30000000
 INFORMATION **** GRADCAL **** ANALYTICAL GRADIENT AFTER SCF COMPLETED
 *******************************************************************************
 N. OF ATOMS PER CELL       135  COULOMB OVERLAP TOL         (T1) 10**   -8
 NUMBER OF SHELLS          1053  COULOMB PENETRATION TOL     (T2) 10**   -8
 NUMBER OF AO              2862  EXCHANGE OVERLAP TOL        (T3) 10**   -8
 N. OF ELECTRONS PER CELL  1512  EXCHANGE PSEUDO OVP (F(G))  (T4) 10**   -8
 CORE ELECTRONS PER CELL    648  EXCHANGE PSEUDO OVP (P(G))  (T5) 10**  -16
 N. OF SYMMETRY OPERATORS     1  POLE ORDER IN MONO ZONE                  4
 *******************************************************************************
 TYPE OF CALCULATION :  RESTRICTED CLOSED SHELL
 KOHN-SHAM HAMILTONIAN

 (EXCHANGE)[CORRELATION] FUNCTIONAL:(PERDEW-BURKE-ERNZERHOF)[PERDEW-BURKE-ERNZERHOF]


 HYBRID EXCHANGE - PERCENTAGE OF FOCK EXCHANGE    25.0000
 CORE  PSEUDO POTENTIAL         TOL. ON PSEUDO              (TP) 10**- 6

 CAPPA:IS1  2;IS2  2;IS3  2; K PTS MONK NET   8; SYMMOPS:K SPACE   2;G SPACE   1

 *******************************************************************************
 MAX NUMBER OF SCF CYCLES     100  CONVERGENCE ON DELTAP        10**-16
 WEIGHT OF F(I) IN F(I+1)      80% CONVERGENCE ON ENERGY        10**- 6
 SHRINK. FACT.(MONKH.)    2  2  2  NUMBER OF K POINTS IN THE IBZ      8
 SHRINKING FACTOR(GILAT NET)    2  NUMBER OF K POINTS(GILAT NET)      8
 *******************************************************************************
 *** K POINTS COORDINATES (OBLIQUE COORDINATES IN UNITS OF IS =  2)
   1-R(  0  0  0)   2-R(  1  0  0)   3-R(  0  1  0)   4-R(  1  1  0)
   5-R(  0  0  1)   6-R(  1  0  1)   7-R(  0  1  1)   8-R(  1  1  1)

 DIRECT LATTICE VECTORS COMPON. (A.U.)     RECIP. LATTICE VECTORS COMPON. (A.U.) 
        X            Y            Z              X            Y            Z
   22.5023543    0.0000000    0.0000000      0.2792235    0.0000000    0.0000000
    0.0000000   22.5023543    0.0000000      0.0000000    0.2792235    0.0000000
    0.0000000    0.0000000   23.1960024      0.0000000    0.0000000    0.2708736

 DISK SPACE FOR EIGENVECTORS (FTN 10)    65528352 REALS

 SYMMETRY ADAPTION OF THE BLOCH FUNCTIONS DISABLED
 TTTTTTTTTTTTTTTTTTTTTTTTTTTTTT gordsh1     TELAPSE        1.13 TCPU        0.50

 MATRIX SIZE: P(G) 7083396, F(G) 1249281, P(G) IRR 3549501, F(G) IRR 1253061
 MAX G-VECTOR INDEX FOR 1- AND 2-ELECTRON INTEGRALS  27

 TTTTTTTTTTTTTTTTTTTTTTTTTTTTTT INPUT       TELAPSE        4.17 TCPU        3.54

 NEIGHBORS OF THE NON-EQUIVALENT ATOMS

 N = NUMBER OF NEIGHBORS AT DISTANCE R
    ATOM  N     R/ANG      R/AU   NEIGHBORS (ATOM LABELS AND CELL INDICES)
   1 BA   1     2.7462     5.1896   88 O    0-1 0
   1 BA   1     2.7593     5.2143   54 O   -1-1-1
   1 BA   1     2.7713     5.2371   73 O   -1 0 0
   1 BA   1     2.7948     5.2815   82 O    0 0 0
   1 BA   1     2.7995     5.2903   55 O    0 0 0
   1 BA   1     2.8305     5.3489   36 O    0-1-1

   2 BA   1     2.7572     5.2104   46 O   -1 0 0
   2 BA   1     2.7686     5.2320   28 O    0 0 0
   2 BA   1     2.8042     5.2991   74 O   -1 0 0
   2 BA   1     2.8073     5.3050   83 O    0 0 0
   2 BA   1     2.8201     5.3293   34 O    0-1 0
   2 BA   1     2.8321     5.3519   56 O    0 0 0

   3 BA   1     2.7591     5.2139   90 O    0-1 0
   3 BA   1     2.7706     5.2357   75 O   -1 0 0
   3 BA   1     2.7714     5.2372   53 O   -1-1 0
   3 BA   1     2.7742     5.2425   47 O   -1 0 0
   3 BA   1     2.7853     5.2635   35 O    0-1 0
   3 BA   1     2.8201     5.3292   84 O    0 0 0

   4 BA   1     2.7502     5.1972   58 O    0 0 0
   4 BA   1     2.7586     5.2131   30 O    0 0-1
   4 BA   1     2.7952     5.2821   82 O    0 0 0
   4 BA   1     2.7963     5.2842   33 O    0 0-1
   4 BA   1     2.7998     5.2908   48 O   -1 0-1
   4 BA   1     2.8024     5.2957   76 O   -1 0 0

   5 BA   1     2.7118     5.1246   59 O    0 0 0
   5 BA   1     2.7625     5.2204   86 O    0 0 0
   5 BA   1     2.7692     5.2331   83 O    0 0 0
   5 BA   1     2.7752     5.2444   77 O   -1 0 0
   5 BA   1     2.7945     5.2808   28 O    0 0 0
   5 BA   1     2.7989     5.2892   49 O   -1 0 0

   6 BA   1     2.7525     5.2015   78 O   -1 0 0
   6 BA   1     2.7546     5.2055   84 O    0 0 0
   6 BA   1     2.7623     5.2199   50 O   -1 0 0
   6 BA   1     2.7679     5.2305   60 O    0 0 0
   6 BA   1     2.7729     5.2400   87 O    0 0 0
   6 BA   1     2.8061     5.3027   32 O    0 0 0

   7 BA   1     2.7317     5.1621   61 O    0 0 0
   7 BA   1     2.7334     5.1653   79 O   -1 0 0
   7 BA   1     2.7559     5.2080   33 O    0 0-1
   7 BA   1     2.7637     5.2226   88 O    0 0 0
   7 BA   1     2.7742     5.2425   85 O    0 0 0
   7 BA   1     2.8181     5.3255   54 O   -1 0-1

   8 BA   1     2.7669     5.2287   89 O    0 0 0
   8 BA   1     2.7783     5.2501   86 O    0 0 0
   8 BA   1     2.7958     5.2834   34 O    0 0 0
   8 BA   1     2.8041     5.2990   52 O   -1 0 0
   8 BA   1     2.8125     5.3149   62 O    0 0 0
   8 BA   1     2.8152     5.3199   80 O   -1 0 0

   9 BA   1     2.7103     5.1218   63 O    0 0 0
   9 BA   1     2.7452     5.1876   90 O    0 0 0
   9 BA   1     2.7649     5.2248   32 O    0 0 0
   9 BA   1     2.7744     5.2429   35 O    0 0 0
   9 BA   1     2.7887     5.2698   81 O   -1 0 0
   9 BA   1     2.7959     5.2834   87 O    0 0 0

  10 BA   1     2.7533     5.2029   97 O    0-1 0
  10 BA   1     2.7672     5.2293   36 O    0-1-1
  10 BA   1     2.7728     5.2399   91 O    0 0 0
  10 BA   1     2.7887     5.2700   55 O    0 0 0
  10 BA   1     2.8013     5.2936   45 O    0-1-1
  10 BA   1     2.8051     5.3009   39 O    0 0-1

  11 BA   1     2.7769     5.2476   34 O    0-1 0
  11 BA   1     2.7833     5.2596   56 O    0 0 0
  11 BA   1     2.7881     5.2687   28 O    0 0 0
  11 BA   1     2.8003     5.2919   65 O    0 0 0
  11 BA   1     2.8112     5.3123   43 O    0-1 0
  11 BA   1     2.8281     5.3444   98 O    0-1 0

  12 BA   1     2.7810     5.2552   57 O    0 0 0
  12 BA   1     2.7999     5.2910   44 O    0-1 0
  12 BA   1     2.8080     5.3063   93 O    0 0 0
  12 BA   1     2.8131     5.3161   35 O    0-1 0
  12 BA   1     2.8144     5.3184   29 O    0 0 0
  12 BA   1     2.8269     5.3421   66 O    0 0 0

  13 BA   1     2.7957     5.2832   30 O    0 0-1
  13 BA   1     2.8078     5.3059   39 O    0 0-1
  13 BA   1     2.8222     5.3332   94 O    0 0 0
  13 BA   1     2.8275     5.3432   58 O    0 0 0
  13 BA   1     2.8290     5.3461   91 O    0 0 0
  13 BA   1     2.8535     5.3924   33 O    0 0-1

  14 BA   1     2.7516     5.1999   31 O    0 0 0
  14 BA   1     2.7602     5.2161   59 O    0 0 0
  14 BA   1     2.7827     5.2585   40 O    0 0 0
  14 BA   1     2.7905     5.2732   95 O    0 0 0
  14 BA   1     2.8200     5.3291   92 O    0 0 0
  14 BA   1     2.8202     5.3294   68 O    0 0 0

  15 BA   1     2.7579     5.2116   93 O    0 0 0
  15 BA   1     2.7757     5.2453   29 O    0 0 0
  15 BA   1     2.7949     5.2816   38 O    0 0 0
  15 BA   1     2.8026     5.2962   69 O    0 0 0
  15 BA   1     2.8042     5.2991   96 O    0 0 0
  15 BA   1     2.8181     5.3254   41 O    0 0 0

  16 BA   1     2.7573     5.2105   42 O    0 0-1
  16 BA   1     2.8006     5.2924   97 O    0 0 0
  16 BA   1     2.8015     5.2940   36 O    0 0-1
  16 BA   1     2.8113     5.3126   33 O    0 0-1
  16 BA   1     2.8116     5.3131   61 O    0 0 0
  16 BA   1     2.8170     5.3233   45 O    0 0-1

  17 BA   1     2.7569     5.2099   95 O    0 0 0
  17 BA   1     2.7687     5.2321   71 O    0 0 0
  17 BA   1     2.7751     5.2441   98 O    0 0 0
  17 BA   1     2.7771     5.2479   43 O    0 0 0
  17 BA   1     2.7919     5.2759   40 O    0 0 0
  17 BA   1     2.7938     5.2795   62 O    0 0 0

  18 BA   1     2.7774     5.2485   72 O    0 0 0
  18 BA   1     2.7918     5.2757   41 O    0 0 0
  18 BA   1     2.8003     5.2919   96 O    0 0 0
  18 BA   1     2.8021     5.2951   99 O    0 0 0
  18 BA   1     2.8130     5.3158   35 O    0 0 0
  18 BA   1     2.8174     5.3242   63 O    0 0 0

  19 BA   1     2.7461     5.1893  100 O    0 0 0
  19 BA   1     2.7746     5.2433   73 O    0 0 0
  19 BA   1     2.7963     5.2843   39 O    0 0-1
  19 BA   1     2.7982     5.2878  106 O    0-1 0
  19 BA   1     2.8099     5.3100   48 O    0 0-1
  19 BA   1     2.8109     5.3118   64 O    0 0 0

  20 BA   1     2.7784     5.2505  107 O    0-1 0
  20 BA   1     2.7836     5.2603   52 O    0-1 0
  20 BA   1     2.7874     5.2675   46 O    0 0 0
  20 BA   1     2.7971     5.2858   37 O    0 0 0
  20 BA   1     2.8076     5.3056  101 O    0 0 0
  20 BA   1     2.8114     5.3128   74 O    0 0 0

  21 BA   1     2.7165     5.1334   75 O    0 0 0
  21 BA   1     2.7453     5.1879  108 O    0-1 0
  21 BA   1     2.7502     5.1972  102 O    0 0 0
  21 BA   1     2.7796     5.2527   44 O    0-1 0
  21 BA   1     2.7954     5.2825   66 O    0 0 0
  21 BA   1     2.8198     5.3286   53 O    0-1 0

  22 BA   1     2.7423     5.1822   51 O    0 0-1
  22 BA   1     2.7522     5.2008  103 O    0 0 0
  22 BA   1     2.7621     5.2197   76 O    0 0 0
  22 BA   1     2.7652     5.2255   48 O    0 0-1
  22 BA   1     2.8243     5.3372   67 O    0 0 0
  22 BA   1     2.8414     5.3694  100 O    0 0 0

  23 BA   1     2.7624     5.2202  101 O    0 0 0
  23 BA   1     2.7731     5.2405   37 O    0 0 0
  23 BA   1     2.8070     5.3045   49 O    0 0 0
  23 BA   1     2.8183     5.3258   46 O    0 0 0
  23 BA   1     2.8329     5.3534   68 O    0 0 0
  23 BA   1     2.8368     5.3608   40 O    0 0 0

  24 BA   1     2.7519     5.2003  105 O    0 0 0
  24 BA   1     2.7565     5.2090   78 O    0 0 0
  24 BA   1     2.8036     5.2981   69 O    0 0 0
  24 BA   1     2.8048     5.3003   50 O    0 0 0
  24 BA   1     2.8284     5.3449   38 O    0 0 0
  24 BA   1     2.8322     5.3521   41 O    0 0 0

  25 BA   1     2.7639     5.2231   79 O    0 0 0
  25 BA   1     2.7842     5.2613  103 O    0 0 0
  25 BA   1     2.7899     5.2722   70 O    0 0 0
  25 BA   1     2.7932     5.2784   54 O    0 0-1
  25 BA   1     2.7983     5.2881   51 O    0 0-1
  25 BA   1     2.8162     5.3219   42 O    0 0-1

  26 BA   1     2.7428     5.1831   71 O    0 0 0
  26 BA   1     2.7717     5.2377  107 O    0 0 0
  26 BA   1     2.7865     5.2657   80 O    0 0 0
  26 BA   1     2.7968     5.2851  104 O    0 0 0
  26 BA   1     2.7988     5.2889   40 O    0 0 0
  26 BA   1     2.8180     5.3252   52 O    0 0 0

  27 BA   1     2.7404     5.1787  108 O    0 0 0
  27 BA   1     2.7417     5.1810   81 O    0 0 0
  27 BA   1     2.7773     5.2484   53 O    0 0 0
  27 BA   1     2.8164     5.3222   72 O    0 0 0
  27 BA   1     2.8199     5.3289   44 O    0 0 0
  27 BA   1     2.8311     5.3499  105 O    0 0 0

  28 O    1     1.8189     3.4371  109 TI   0 0 0
  28 O    1     2.3174     4.3792  110 TI   0 0 0
  28 O    1     2.7575     5.2109   82 O    0 0 0
  28 O    1     2.7686     5.2320    2 BA   0 0 0
  28 O    1     2.7881     5.2687   11 BA   0 0 0
  28 O    1     2.7888     5.2701   55 O    0 0 0

  29 O    1     1.7556     3.3175  110 TI   0 0 0
  29 O    1     2.2878     4.3233  111 TI   0 0 0
  29 O    1     2.7325     5.1636   92 O    0 0 0
  29 O    1     2.7757     5.2453   15 BA   0 0 0
  29 O    1     2.7783     5.2502   83 O    0 0 0
  29 O    1     2.7809     5.2551   59 O    0 0 0

  30 O    1     1.8122     3.4245  111 TI   0 0 0
  30 O    1     2.2869     4.3217  109 TI   0 0 1
  30 O    1     2.7586     5.2131    4 BA   0 0 1
  30 O    1     2.7732     5.2405   84 O    0 0 0
  30 O    1     2.7864     5.2656   60 O    0 0 0
  30 O    1     2.7904     5.2731   57 O    0 0 0

  31 O    1     1.8407     3.4784  112 TI   0 0 0
  31 O    1     2.3111     4.3673  113 TI   0 0 0
  31 O    1     2.7346     5.1676   94 O    0 0 0
  31 O    1     2.7516     5.1999   14 BA   0 0 0
  31 O    1     2.8018     5.2946   17 BA   0 0 0
  31 O    1     2.8089     5.3081   58 O    0 0 0

  32 O    1     1.7628     3.3311  113 TI   0 0 0
  32 O    1     2.2785     4.3058  114 TI   0 0 0
  32 O    1     2.7364     5.1710   62 O    0 0 0
  32 O    1     2.7649     5.2248    9 BA   0 0 0
  32 O    1     2.7714     5.2371   95 O    0 0 0
  32 O    1     2.8016     5.2942   86 O    0 0 0

  33 O    1     1.8404     3.4779  114 TI   0 0 0
  33 O    1     2.2445     4.2415  112 TI   0 0 1
  33 O    1     2.7559     5.2080    7 BA   0 0 1
  33 O    1     2.7660     5.2270   87 O    0 0 0
  33 O    1     2.7903     5.2729   60 O    0 0 0
  33 O    1     2.7952     5.2822   63 O    0 0 0

  34 O    1     1.7655     3.3362  115 TI   0 0 0
  34 O    1     2.2878     4.3233  116 TI   0 0 0
  34 O    1     2.7345     5.1675   55 O    0 1 0
  34 O    1     2.7769     5.2476   11 BA   0 1 0
  34 O    1     2.7958     5.2834    8 BA   0 0 0
  34 O    1     2.8079     5.3061   97 O    0 0 0

  35 O    1     1.8487     3.4935  116 TI   0 0 0
  35 O    1     2.2570     4.2650  117 TI   0 0 0
  35 O    1     2.7580     5.2119   89 O    0 0 0
  35 O    1     2.7744     5.2429    9 BA   0 0 0
  35 O    1     2.7790     5.2515   56 O    0 1 0
  35 O    1     2.7853     5.2635    3 BA   0 1 0

  36 O    1     1.8401     3.4774  117 TI   0 0 0
  36 O    1     2.2788     4.3063  115 TI   0 0 1
  36 O    1     2.7672     5.2293   10 BA   0 1 1
  36 O    1     2.8015     5.2940   16 BA   0 0 1
  36 O    1     2.8095     5.3093   99 O    0 0 0
  36 O    1     2.8239     5.3364   63 O    0 0 0

  37 O    1     1.7576     3.3213  118 TI   0 0 0
  37 O    1     2.2951     4.3372  119 TI   0 0 0
  37 O    1     2.7381     5.1743   64 O    0 0 0
  37 O    1     2.7540     5.2043  100 O    0 0 0
  37 O    1     2.7653     5.2256   67 O    0 0 0
  37 O    1     2.7731     5.2405   23 BA   0 0 0

  38 O    1     1.7873     3.3776  119 TI   0 0 0
  38 O    1     2.2736     4.2964  120 TI   0 0 0
  38 O    1     2.7384     5.1749   68 O    0 0 0
  38 O    1     2.7674     5.2296   92 O    0 0 0
  38 O    1     2.7732     5.2406   65 O    0 0 0
  38 O    1     2.7794     5.2523  101 O    0 0 0

  39 O    1     1.8564     3.5082  120 TI   0 0 0
  39 O    1     2.3085     4.3624  118 TI   0 0 1
  39 O    1     2.7440     5.1855   66 O    0 0 0
  39 O    1     2.7963     5.2843   19 BA   0 0 1
  39 O    1     2.8051     5.3009   10 BA   0 0 1
  39 O    1     2.8078     5.3059   13 BA   0 0 1

  40 O    1     1.7966     3.3951  121 TI   0 0 0
  40 O    1     2.2918     4.3308  122 TI   0 0 0
  40 O    1     2.7827     5.2585   14 BA   0 0 0
  40 O    1     2.7919     5.2759   17 BA   0 0 0
  40 O    1     2.7977     5.2868   94 O    0 0 0
  40 O    1     2.7988     5.2889   26 BA   0 0 0

  41 O    1     1.7847     3.3726  122 TI   0 0 0
  41 O    1     2.2371     4.2275  123 TI   0 0 0
  41 O    1     2.7799     5.2533   71 O    0 0 0
  41 O    1     2.7870     5.2666   95 O    0 0 0
  41 O    1     2.7897     5.2717   68 O    0 0 0
  41 O    1     2.7918     5.2757   18 BA   0 0 0

  42 O    1     1.8485     3.4932  123 TI   0 0 0
  42 O    1     2.3183     4.3809  121 TI   0 0 1
  42 O    1     2.7573     5.2105   16 BA   0 0 1
  42 O    1     2.7756     5.2451   72 O    0 0 0
  42 O    1     2.7791     5.2518  105 O    0 0 0
  42 O    1     2.8031     5.2971   69 O    0 0 0

  43 O    1     1.8139     3.4277  124 TI   0 0 0
  43 O    1     2.2915     4.3303  125 TI   0 0 0
  43 O    1     2.7771     5.2479   17 BA   0 0 0
  43 O    1     2.7774     5.2486   70 O    0 0 0
  43 O    1     2.7811     5.2555  106 O    0 0 0
  43 O    1     2.7866     5.2658   64 O    0 1 0

  44 O    1     1.7984     3.3984  125 TI   0 0 0
  44 O    1     2.3248     4.3931  126 TI   0 0 0
  44 O    1     2.7591     5.2139   98 O    0 0 0
  44 O    1     2.7796     5.2527   21 BA   0 1 0
  44 O    1     2.7812     5.2557   65 O    0 1 0
  44 O    1     2.7999     5.2910   12 BA   0 1 0

  45 O    1     1.8121     3.4244  126 TI   0 0 0
  45 O    1     2.2389     4.2309  124 TI   0 0 1
  45 O    1     2.7707     5.2358   99 O    0 0 0
  45 O    1     2.8013     5.2936   10 BA   0 1 1
  45 O    1     2.8060     5.3025   66 O    0 1 0
  45 O    1     2.8170     5.3233   16 BA   0 0 1

  46 O    1     1.8249     3.4485  127 TI   0 0 0
  46 O    1     2.3056     4.3570  128 TI   0 0 0
  46 O    1     2.7557     5.2075   73 O    0 0 0
  46 O    1     2.7572     5.2104    2 BA   1 0 0
  46 O    1     2.7745     5.2431  100 O    0 0 0
  46 O    1     2.7874     5.2675   20 BA   0 0 0

  47 O    1     1.7790     3.3617  128 TI   0 0 0
  47 O    1     2.2979     4.3425  129 TI   0 0 0
  47 O    1     2.7491     5.1950   83 O    1 0 0
  47 O    1     2.7742     5.2425    3 BA   1 0 0
  47 O    1     2.7987     5.2888   74 O    0 0 0
  47 O    1     2.8197     5.3285   77 O    0 0 0

  48 O    1     1.8036     3.4083  129 TI   0 0 0
  48 O    1     2.2675     4.2849  127 TI   0 0 1
  48 O    1     2.7652     5.2255   22 BA   0 0 1
  48 O    1     2.7843     5.2615   78 O    0 0 0
  48 O    1     2.7998     5.2908    4 BA   1 0 1
  48 O    1     2.8099     5.3100   19 BA   0 0 1

  49 O    1     1.8546     3.5046  130 TI   0 0 0
  49 O    1     2.3131     4.3711  131 TI   0 0 0
  49 O    1     2.7636     5.2224   85 O    1 0 0
  49 O    1     2.7707     5.2359   76 O    0 0 0
  49 O    1     2.7989     5.2892    5 BA   1 0 0
  49 O    1     2.8070     5.3045   23 BA   0 0 0

  50 O    1     1.7799     3.3635  131 TI   0 0 0
  50 O    1     2.2908     4.3289  132 TI   0 0 0
  50 O    1     2.7623     5.2199    6 BA   1 0 0
  50 O    1     2.7748     5.2435   77 O    0 0 0
  50 O    1     2.7779     5.2494   86 O    1 0 0
  50 O    1     2.7906     5.2735  104 O    0 0 0

  51 O    1     1.8109     3.4221  132 TI   0 0 0
  51 O    1     2.2303     4.2147  130 TI   0 0 1
  51 O    1     2.7423     5.1822   22 BA   0 0 1
  51 O    1     2.7812     5.2558   87 O    1 0 0
  51 O    1     2.7983     5.2881   25 BA   0 0 1
  51 O    1     2.8160     5.3215  105 O    0 0 0

  52 O    1     1.7902     3.3831  133 TI   0 0 0
  52 O    1     2.3356     4.4137  134 TI   0 0 0
  52 O    1     2.7580     5.2119  106 O    0 0 0
  52 O    1     2.7836     5.2603   20 BA   0 1 0
  52 O    1     2.8001     5.2914   79 O    0 0 0
  52 O    1     2.8041     5.2990    8 BA   1 0 0

  53 O    1     1.7521     3.3109  134 TI   0 0 0
  53 O    1     2.2871     4.3221  135 TI   0 0 0
  53 O    1     2.7563     5.2087   74 O    0 1 0
  53 O    1     2.7643     5.2238   89 O    1 0 0
  53 O    1     2.7714     5.2372    3 BA   1 1 0
  53 O    1     2.7727     5.2397   80 O    0 0 0

  54 O    1     1.8707     3.5352  135 TI   0 0 0
  54 O    1     2.2412     4.2352  133 TI   0 0 1
  54 O    1     2.7593     5.2143    1 BA   1 1 1
  54 O    1     2.7932     5.2784   25 BA   0 0 1
  54 O    1     2.8101     5.3103   90 O    1 0 0
  54 O    1     2.8181     5.3255    7 BA   1 0 1

  55 O    1     1.9413     3.6686  115 TI   0-1 0
  55 O    1     2.0006     3.7806  109 TI   0 0 0
  55 O    1     2.7345     5.1675   34 O    0-1 0
  55 O    1     2.7796     5.2526   82 O    0 0 0
  55 O    1     2.7818     5.2569   88 O    0-1 0
  55 O    1     2.7878     5.2682   97 O    0-1 0

  56 O    1     1.9191     3.6266  116 TI   0-1 0
  56 O    1     2.0547     3.8829  110 TI   0 0 0
  56 O    1     2.7790     5.2515   35 O    0-1 0
  56 O    1     2.7833     5.2596   11 BA   0 0 0
  56 O    1     2.7833     5.2597   89 O    0-1 0
  56 O    1     2.7921     5.2764   29 O    0 0 0

  57 O    1     1.9586     3.7012  117 TI   0-1 0
  57 O    1     1.9600     3.7038  111 TI   0 0 0
  57 O    1     2.7758     5.2455   93 O    0 0 0
  57 O    1     2.7810     5.2552   12 BA   0 0 0
  57 O    1     2.7904     5.2731   30 O    0 0 0
  57 O    1     2.8087     5.3076   99 O    0-1 0

  58 O    1     1.9789     3.7395  112 TI   0 0 0
  58 O    1     2.0027     3.7846  109 TI   0 0 0
  58 O    1     2.7502     5.1972    4 BA   0 0 0
  58 O    1     2.7597     5.2150   82 O    0 0 0
  58 O    1     2.7990     5.2894   85 O    0 0 0
  58 O    1     2.8007     5.2927   28 O    0 0 0

  59 O    1     1.9558     3.6960  110 TI   0 0 0
  59 O    1     2.0062     3.7911  113 TI   0 0 0
  59 O    1     2.7118     5.1246    5 BA   0 0 0
  59 O    1     2.7602     5.2161   14 BA   0 0 0
  59 O    1     2.7761     5.2460   83 O    0 0 0
  59 O    1     2.7809     5.2551   29 O    0 0 0

  60 O    1     1.9811     3.7437  114 TI   0 0 0
  60 O    1     2.0516     3.8770  111 TI   0 0 0
  60 O    1     2.7679     5.2305    6 BA   0 0 0
  60 O    1     2.7771     5.2480   87 O    0 0 0
  60 O    1     2.7864     5.2656   30 O    0 0 0
  60 O    1     2.7887     5.2698   96 O    0 0 0

  61 O    1     2.0119     3.8019  115 TI   0 0 0
  61 O    1     2.0163     3.8102  112 TI   0 0 0
  61 O    1     2.7317     5.1621    7 BA   0 0 0
  61 O    1     2.8071     5.3047   88 O    0 0 0
  61 O    1     2.8080     5.3064   97 O    0 0 0
  61 O    1     2.8116     5.3131   16 BA   0 0 0

  62 O    1     1.9922     3.7648  113 TI   0 0 0
  62 O    1     2.0233     3.8235  116 TI   0 0 0
  62 O    1     2.7364     5.1710   32 O    0 0 0
  62 O    1     2.7629     5.2211   95 O    0 0 0
  62 O    1     2.7836     5.2603   89 O    0 0 0
  62 O    1     2.7914     5.2750   35 O    0 0 0

  63 O    1     1.9690     3.7210  114 TI   0 0 0
  63 O    1     2.0234     3.8237  117 TI   0 0 0
  63 O    1     2.7103     5.1218    9 BA   0 0 0
  63 O    1     2.7881     5.2687   90 O    0 0 0
  63 O    1     2.7952     5.2822   33 O    0 0 0
  63 O    1     2.7997     5.2907   87 O    0 0 0

  64 O    1     1.9755     3.7331  118 TI   0 0 0
  64 O    1     1.9945     3.7691  124 TI   0-1 0
  64 O    1     2.7381     5.1743   37 O    0 0 0
  64 O    1     2.7400     5.1778   91 O    0 0 0
  64 O    1     2.7847     5.2623  100 O    0 0 0
  64 O    1     2.7866     5.2658   43 O    0-1 0

  65 O    1     1.9473     3.6799  119 TI   0 0 0
  65 O    1     2.0497     3.8734  125 TI   0-1 0
  65 O    1     2.7732     5.2406   38 O    0 0 0
  65 O    1     2.7748     5.2435   98 O    0-1 0
  65 O    1     2.7812     5.2557   44 O    0-1 0
  65 O    1     2.7827     5.2585   92 O    0 0 0

  66 O    1     1.9608     3.7053  120 TI   0 0 0
  66 O    1     2.0237     3.8242  126 TI   0-1 0
  66 O    1     2.7440     5.1855   39 O    0 0 0
  66 O    1     2.7497     5.1962  102 O    0 0 0
  66 O    1     2.7947     5.2812   93 O    0 0 0
  66 O    1     2.7954     5.2825   21 BA   0 0 0

  67 O    1     1.9668     3.7167  118 TI   0 0 0
  67 O    1     2.0095     3.7974  121 TI   0 0 0
  67 O    1     2.7653     5.2256   37 O    0 0 0
  67 O    1     2.7775     5.2487  103 O    0 0 0
  67 O    1     2.8043     5.2994   40 O    0 0 0
  67 O    1     2.8080     5.3064  100 O    0 0 0

  68 O    1     1.9765     3.7350  122 TI   0 0 0
  68 O    1     2.0112     3.8007  119 TI   0 0 0
  68 O    1     2.7384     5.1749   38 O    0 0 0
  68 O    1     2.7897     5.2717   41 O    0 0 0
  68 O    1     2.7981     5.2876   92 O    0 0 0
  68 O    1     2.7982     5.2878  101 O    0 0 0

  69 O    1     1.9458     3.6771  123 TI   0 0 0
  69 O    1     2.0194     3.8161  120 TI   0 0 0
  69 O    1     2.7453     5.1878  105 O    0 0 0
  69 O    1     2.7846     5.2621   96 O    0 0 0
  69 O    1     2.8026     5.2962   15 BA   0 0 0
  69 O    1     2.8031     5.2971   42 O    0 0 0

  70 O    1     1.9913     3.7630  124 TI   0 0 0
  70 O    1     2.0122     3.8024  121 TI   0 0 0
  70 O    1     2.7722     5.2386  106 O    0 0 0
  70 O    1     2.7774     5.2486   43 O    0 0 0
  70 O    1     2.7899     5.2722   25 BA   0 0 0
  70 O    1     2.8187     5.3266  103 O    0 0 0

  71 O    1     1.9803     3.7422  125 TI   0 0 0
  71 O    1     1.9835     3.7484  122 TI   0 0 0
  71 O    1     2.7428     5.1831   26 BA   0 0 0
  71 O    1     2.7687     5.2321   17 BA   0 0 0
  71 O    1     2.7799     5.2533   41 O    0 0 0
  71 O    1     2.7854     5.2636  104 O    0 0 0

  72 O    1     1.9770     3.7359  123 TI   0 0 0
  72 O    1     2.0161     3.8099  126 TI   0 0 0
  72 O    1     2.7713     5.2369   99 O    0 0 0
  72 O    1     2.7756     5.2451   42 O    0 0 0
  72 O    1     2.7774     5.2485   18 BA   0 0 0
  72 O    1     2.7819     5.2571   96 O    0 0 0

  73 O    1     1.9420     3.6698  127 TI   0 0 0
  73 O    1     2.0053     3.7894  133 TI   0-1 0
  73 O    1     2.7557     5.2075   46 O    0 0 0
  73 O    1     2.7585     5.2128  100 O    0 0 0
  73 O    1     2.7713     5.2371    1 BA   1 0 0
  73 O    1     2.7746     5.2433   19 BA   0 0 0

  74 O    1     1.9448     3.6750  134 TI   0-1 0
  74 O    1     2.0342     3.8441  128 TI   0 0 0
  74 O    1     2.7563     5.2087   53 O    0-1 0
  74 O    1     2.7759     5.2457  107 O    0-1 0
  74 O    1     2.7987     5.2888   47 O    0 0 0
  74 O    1     2.8042     5.2991    2 BA   1 0 0

  75 O    1     1.9694     3.7216  129 TI   0 0 0
  75 O    1     1.9947     3.7694  135 TI   0-1 0
  75 O    1     2.7165     5.1334   21 BA   0 0 0
  75 O    1     2.7706     5.2357    3 BA   1 0 0
  75 O    1     2.7774     5.2485  108 O    0-1 0
  75 O    1     2.7778     5.2493  102 O    0 0 0

  76 O    1     1.9713     3.7252  130 TI   0 0 0
  76 O    1     2.0344     3.8445  127 TI   0 0 0
  76 O    1     2.7550     5.2061   85 O    1 0 0
  76 O    1     2.7621     5.2197   22 BA   0 0 0
  76 O    1     2.7707     5.2359   49 O    0 0 0
  76 O    1     2.7756     5.2451  103 O    0 0 0

  77 O    1     1.9716     3.7259  131 TI   0 0 0
  77 O    1     2.0052     3.7893  128 TI   0 0 0
  77 O    1     2.7715     5.2374   83 O    1 0 0
  77 O    1     2.7748     5.2435   50 O    0 0 0
  77 O    1     2.7752     5.2444    5 BA   1 0 0
  77 O    1     2.7754     5.2447   86 O    1 0 0

  78 O    1     1.9997     3.7788  129 TI   0 0 0
  78 O    1     2.0568     3.8867  132 TI   0 0 0
  78 O    1     2.7525     5.2015    6 BA   1 0 0
  78 O    1     2.7565     5.2090   24 BA   0 0 0
  78 O    1     2.7656     5.2262   84 O    1 0 0
  78 O    1     2.7843     5.2615   48 O    0 0 0

  79 O    1     1.9597     3.7033  130 TI   0 0 0
  79 O    1     2.0381     3.8514  133 TI   0 0 0
  79 O    1     2.7334     5.1653    7 BA   1 0 0
  79 O    1     2.7576     5.2111   85 O    1 0 0
  79 O    1     2.7639     5.2231   25 BA   0 0 0
  79 O    1     2.7871     5.2669   88 O    1 0 0

  80 O    1     1.9987     3.7771  131 TI   0 0 0
  80 O    1     2.0089     3.7963  134 TI   0 0 0
  80 O    1     2.7550     5.2061  104 O    0 0 0
  80 O    1     2.7644     5.2239  107 O    0 0 0
  80 O    1     2.7727     5.2397   53 O    0 0 0
  80 O    1     2.7865     5.2657   26 BA   0 0 0

  81 O    1     1.9587     3.7013  135 TI   0 0 0
  81 O    1     1.9868     3.7544  132 TI   0 0 0
  81 O    1     2.7417     5.1810   27 BA   0 0 0
  81 O    1     2.7461     5.1895  108 O    0 0 0
  81 O    1     2.7674     5.2296   90 O    1 0 0
  81 O    1     2.7887     5.2698    9 BA   1 0 0

  82 O    1     1.9864     3.7537  109 TI   0 0 0
  82 O    1     2.0636     3.8997  127 TI  -1 0 0
  82 O    1     2.7575     5.2109   28 O    0 0 0
  82 O    1     2.7597     5.2150   58 O    0 0 0
  82 O    1     2.7796     5.2526   55 O    0 0 0
  82 O    1     2.7873     5.2673   73 O   -1 0 0

  83 O    1     1.9711     3.7248  128 TI  -1 0 0
  83 O    1     2.0239     3.8247  110 TI   0 0 0
  83 O    1     2.7491     5.1950   47 O   -1 0 0
  83 O    1     2.7692     5.2331    5 BA   0 0 0
  83 O    1     2.7715     5.2374   77 O   -1 0 0
  83 O    1     2.7761     5.2460   59 O    0 0 0

  84 O    1     1.9800     3.7416  129 TI  -1 0 0
  84 O    1     1.9947     3.7694  111 TI   0 0 0
  84 O    1     2.7546     5.2055    6 BA   0 0 0
  84 O    1     2.7656     5.2262   78 O   -1 0 0
  84 O    1     2.7732     5.2405   30 O    0 0 0
  84 O    1     2.7935     5.2790   60 O    0 0 0

  85 O    1     1.9578     3.6996  130 TI  -1 0 0
  85 O    1     2.0072     3.7930  112 TI   0 0 0
  85 O    1     2.7550     5.2061   76 O   -1 0 0
  85 O    1     2.7576     5.2111   79 O   -1 0 0
  85 O    1     2.7636     5.2224   49 O   -1 0 0
  85 O    1     2.7742     5.2425    7 BA   0 0 0

  86 O    1     1.9826     3.7466  113 TI   0 0 0
  86 O    1     1.9945     3.7691  131 TI  -1 0 0
  86 O    1     2.7625     5.2204    5 BA   0 0 0
  86 O    1     2.7754     5.2447   77 O   -1 0 0
  86 O    1     2.7779     5.2494   50 O   -1 0 0
  86 O    1     2.7783     5.2501    8 BA   0 0 0

  87 O    1     1.9879     3.7565  132 TI  -1 0 0
  87 O    1     2.0120     3.8021  114 TI   0 0 0
  87 O    1     2.7660     5.2270   33 O    0 0 0
  87 O    1     2.7729     5.2400    6 BA   0 0 0
  87 O    1     2.7771     5.2480   60 O    0 0 0
  87 O    1     2.7812     5.2558   51 O   -1 0 0

  88 O    1     2.0010     3.7813  115 TI   0 0 0
  88 O    1     2.0046     3.7882  133 TI  -1 0 0
  88 O    1     2.7462     5.1896    1 BA   0 1 0
  88 O    1     2.7637     5.2226    7 BA   0 0 0
  88 O    1     2.7818     5.2569   55 O    0 1 0
  88 O    1     2.7871     5.2669   79 O   -1 0 0

  89 O    1     1.9749     3.7320  116 TI   0 0 0
  89 O    1     2.0018     3.7829  134 TI  -1 0 0
  89 O    1     2.7580     5.2119   35 O    0 0 0
  89 O    1     2.7643     5.2238   53 O   -1 0 0
  89 O    1     2.7669     5.2287    8 BA   0 0 0
  89 O    1     2.7833     5.2597   56 O    0 1 0

  90 O    1     1.9281     3.6437  135 TI  -1 0 0
  90 O    1     2.0438     3.8622  117 TI   0 0 0
  90 O    1     2.7452     5.1876    9 BA   0 0 0
  90 O    1     2.7591     5.2139    3 BA   0 1 0
  90 O    1     2.7674     5.2296   81 O   -1 0 0
  90 O    1     2.7881     5.2687   63 O    0 0 0

  91 O    1     1.9668     3.7167  118 TI   0 0 0
  91 O    1     1.9709     3.7245  109 TI   0 0 0
  91 O    1     2.7400     5.1778   64 O    0 0 0
  91 O    1     2.7728     5.2399   10 BA   0 0 0
  91 O    1     2.7963     5.2843   37 O    0 0 0
  91 O    1     2.8151     5.3197   28 O    0 0 0

  92 O    1     1.9653     3.7139  110 TI   0 0 0
  92 O    1     1.9659     3.7150  119 TI   0 0 0
  92 O    1     2.7325     5.1636   29 O    0 0 0
  92 O    1     2.7674     5.2296   38 O    0 0 0
  92 O    1     2.7827     5.2585   65 O    0 0 0
  92 O    1     2.7981     5.2876   68 O    0 0 0

  93 O    1     1.9771     3.7363  111 TI   0 0 0
  93 O    1     2.0035     3.7862  120 TI   0 0 0
  93 O    1     2.7579     5.2116   15 BA   0 0 0
  93 O    1     2.7758     5.2455   57 O    0 0 0
  93 O    1     2.7947     5.2812   66 O    0 0 0
  93 O    1     2.8080     5.3063   12 BA   0 0 0

  94 O    1     1.9666     3.7163  112 TI   0 0 0
  94 O    1     2.0316     3.8392  121 TI   0 0 0
  94 O    1     2.7346     5.1676   31 O    0 0 0
  94 O    1     2.7977     5.2868   40 O    0 0 0
  94 O    1     2.8037     5.2982   58 O    0 0 0
  94 O    1     2.8199     5.3289   61 O    0 0 0

  95 O    1     1.9994     3.7783  122 TI   0 0 0
  95 O    1     2.0061     3.7910  113 TI   0 0 0
  95 O    1     2.7569     5.2099   17 BA   0 0 0
  95 O    1     2.7629     5.2211   62 O    0 0 0
  95 O    1     2.7714     5.2371   32 O    0 0 0
  95 O    1     2.7870     5.2666   41 O    0 0 0

  96 O    1     1.9694     3.7216  114 TI   0 0 0
  96 O    1     1.9869     3.7546  123 TI   0 0 0
  96 O    1     2.7819     5.2571   72 O    0 0 0
  96 O    1     2.7846     5.2621   69 O    0 0 0
  96 O    1     2.7887     5.2698   60 O    0 0 0
  96 O    1     2.8003     5.2919   18 BA   0 0 0

  97 O    1     2.0007     3.7808  115 TI   0 0 0
  97 O    1     2.0347     3.8450  124 TI   0 0 0
  97 O    1     2.7533     5.2029   10 BA   0 1 0
  97 O    1     2.7878     5.2682   55 O    0 1 0
  97 O    1     2.7987     5.2888   43 O    0 0 0
  97 O    1     2.8006     5.2924   16 BA   0 0 0

  98 O    1     1.9695     3.7218  125 TI   0 0 0
  98 O    1     2.0054     3.7896  116 TI   0 0 0
  98 O    1     2.7591     5.2139   44 O    0 0 0
  98 O    1     2.7748     5.2435   65 O    0 1 0
  98 O    1     2.7751     5.2441   17 BA   0 0 0
  98 O    1     2.7931     5.2781   56 O    0 1 0

  99 O    1     1.9280     3.6434  126 TI   0 0 0
  99 O    1     2.0013     3.7818  117 TI   0 0 0
  99 O    1     2.7707     5.2358   45 O    0 0 0
  99 O    1     2.7713     5.2369   72 O    0 0 0
  99 O    1     2.8021     5.2951   18 BA   0 0 0
  99 O    1     2.8087     5.3076   57 O    0 1 0

 100 O    1     1.9411     3.6681  127 TI   0 0 0
 100 O    1     2.0214     3.8200  118 TI   0 0 0
 100 O    1     2.7461     5.1893   19 BA   0 0 0
 100 O    1     2.7540     5.2043   37 O    0 0 0
 100 O    1     2.7585     5.2128   73 O    0 0 0
 100 O    1     2.7745     5.2431   46 O    0 0 0

 101 O    1     2.0098     3.7979  119 TI   0 0 0
 101 O    1     2.0183     3.8140  128 TI   0 0 0
 101 O    1     2.7624     5.2202   23 BA   0 0 0
 101 O    1     2.7794     5.2523   38 O    0 0 0
 101 O    1     2.7982     5.2878   68 O    0 0 0
 101 O    1     2.8076     5.3056   20 BA   0 0 0

 102 O    1     1.9693     3.7214  120 TI   0 0 0
 102 O    1     2.0283     3.8330  129 TI   0 0 0
 102 O    1     2.7497     5.1962   66 O    0 0 0
 102 O    1     2.7502     5.1972   21 BA   0 0 0
 102 O    1     2.7778     5.2493   75 O    0 0 0
 102 O    1     2.8104     5.3108   39 O    0 0 0

 103 O    1     1.9862     3.7534  121 TI   0 0 0
 103 O    1     1.9939     3.7680  130 TI   0 0 0
 103 O    1     2.7522     5.2008   22 BA   0 0 0
 103 O    1     2.7756     5.2451   76 O    0 0 0
 103 O    1     2.7775     5.2487   67 O    0 0 0
 103 O    1     2.7842     5.2613   25 BA   0 0 0

 104 O    1     1.9446     3.6747  131 TI   0 0 0
 104 O    1     2.0373     3.8500  122 TI   0 0 0
 104 O    1     2.7550     5.2061   80 O    0 0 0
 104 O    1     2.7854     5.2636   71 O    0 0 0
 104 O    1     2.7906     5.2735   50 O    0 0 0
 104 O    1     2.7943     5.2805   77 O    0 0 0

 105 O    1     1.9737     3.7297  123 TI   0 0 0
 105 O    1     2.0122     3.8025  132 TI   0 0 0
 105 O    1     2.7453     5.1878   69 O    0 0 0
 105 O    1     2.7519     5.2003   24 BA   0 0 0
 105 O    1     2.7791     5.2518   42 O    0 0 0
 105 O    1     2.8084     5.3070   72 O    0 0 0

 106 O    1     1.9421     3.6699  124 TI   0 0 0
 106 O    1     1.9762     3.7346  133 TI   0 0 0
 106 O    1     2.7580     5.2119   52 O    0 0 0
 106 O    1     2.7722     5.2386   70 O    0 0 0
 106 O    1     2.7811     5.2555   43 O    0 0 0
 106 O    1     2.7982     5.2878   19 BA   0 1 0

 107 O    1     1.9922     3.7647  125 TI   0 0 0
 107 O    1     2.0080     3.7947  134 TI   0 0 0
 107 O    1     2.7644     5.2239   80 O    0 0 0
 107 O    1     2.7717     5.2377   26 BA   0 0 0
 107 O    1     2.7759     5.2457   74 O    0 1 0
 107 O    1     2.7784     5.2505   20 BA   0 1 0

 108 O    1     2.0040     3.7869  135 TI   0 0 0
 108 O    1     2.0496     3.8733  126 TI   0 0 0
 108 O    1     2.7404     5.1787   27 BA   0 0 0
 108 O    1     2.7453     5.1879   21 BA   0 1 0
 108 O    1     2.7461     5.1895   81 O    0 0 0
 108 O    1     2.7774     5.2485   75 O    0 1 0

 109 TI   1     1.8189     3.4371   28 O    0 0 0
 109 TI   1     1.9709     3.7245   91 O    0 0 0
 109 TI   1     1.9864     3.7537   82 O    0 0 0
 109 TI   1     2.0006     3.7806   55 O    0 0 0
 109 TI   1     2.0027     3.7846   58 O    0 0 0
 109 TI   1     2.2869     4.3217   30 O    0 0-1

 110 TI   1     1.7556     3.3175   29 O    0 0 0
 110 TI   1     1.9558     3.6960   59 O    0 0 0
 110 TI   1     1.9653     3.7139   92 O    0 0 0
 110 TI   1     2.0239     3.8247   83 O    0 0 0
 110 TI   1     2.0547     3.8829   56 O    0 0 0
 110 TI   1     2.3174     4.3792   28 O    0 0 0

 111 TI   1     1.8122     3.4245   30 O    0 0 0
 111 TI   1     1.9600     3.7038   57 O    0 0 0
 111 TI   1     1.9771     3.7363   93 O    0 0 0
 111 TI   1     1.9947     3.7694   84 O    0 0 0
 111 TI   1     2.0516     3.8770   60 O    0 0 0
 111 TI   1     2.2878     4.3233   29 O    0 0 0

 112 TI   1     1.8407     3.4784   31 O    0 0 0
 112 TI   1     1.9666     3.7163   94 O    0 0 0
 112 TI   1     1.9789     3.7395   58 O    0 0 0
 112 TI   1     2.0072     3.7930   85 O    0 0 0
 112 TI   1     2.0163     3.8102   61 O    0 0 0
 112 TI   1     2.2445     4.2415   33 O    0 0-1

 113 TI   1     1.7628     3.3311   32 O    0 0 0
 113 TI   1     1.9826     3.7466   86 O    0 0 0
 113 TI   1     1.9922     3.7648   62 O    0 0 0
 113 TI   1     2.0061     3.7910   95 O    0 0 0
 113 TI   1     2.0062     3.7911   59 O    0 0 0
 113 TI   1     2.3111     4.3673   31 O    0 0 0

 114 TI   1     1.8404     3.4779   33 O    0 0 0
 114 TI   1     1.9690     3.7210   63 O    0 0 0
 114 TI   1     1.9694     3.7216   96 O    0 0 0
 114 TI   1     1.9811     3.7437   60 O    0 0 0
 114 TI   1     2.0120     3.8021   87 O    0 0 0
 114 TI   1     2.2785     4.3058   32 O    0 0 0

 115 TI   1     1.7655     3.3362   34 O    0 0 0
 115 TI   1     1.9413     3.6686   55 O    0 1 0
 115 TI   1     2.0007     3.7808   97 O    0 0 0
 115 TI   1     2.0010     3.7813   88 O    0 0 0
 115 TI   1     2.0119     3.8019   61 O    0 0 0
 115 TI   1     2.2788     4.3063   36 O    0 0-1

 116 TI   1     1.8487     3.4935   35 O    0 0 0
 116 TI   1     1.9191     3.6266   56 O    0 1 0
 116 TI   1     1.9749     3.7320   89 O    0 0 0
 116 TI   1     2.0054     3.7896   98 O    0 0 0
 116 TI   1     2.0233     3.8235   62 O    0 0 0
 116 TI   1     2.2878     4.3233   34 O    0 0 0

 117 TI   1     1.8401     3.4774   36 O    0 0 0
 117 TI   1     1.9586     3.7012   57 O    0 1 0
 117 TI   1     2.0013     3.7818   99 O    0 0 0
 117 TI   1     2.0234     3.8237   63 O    0 0 0
 117 TI   1     2.0438     3.8622   90 O    0 0 0
 117 TI   1     2.2570     4.2650   35 O    0 0 0

 118 TI   1     1.7576     3.3213   37 O    0 0 0
 118 TI   1     1.9668     3.7167   67 O    0 0 0
 118 TI   1     1.9668     3.7167   91 O    0 0 0
 118 TI   1     1.9755     3.7331   64 O    0 0 0
 118 TI   1     2.0214     3.8200  100 O    0 0 0
 118 TI   1     2.3085     4.3624   39 O    0 0-1

 119 TI   1     1.7873     3.3776   38 O    0 0 0
 119 TI   1     1.9473     3.6799   65 O    0 0 0
 119 TI   1     1.9659     3.7150   92 O    0 0 0
 119 TI   1     2.0098     3.7979  101 O    0 0 0
 119 TI   1     2.0112     3.8007   68 O    0 0 0
 119 TI   1     2.2951     4.3372   37 O    0 0 0

 120 TI   1     1.8564     3.5082   39 O    0 0 0
 120 TI   1     1.9608     3.7053   66 O    0 0 0
 120 TI   1     1.9693     3.7214  102 O    0 0 0
 120 TI   1     2.0035     3.7862   93 O    0 0 0
 120 TI   1     2.0194     3.8161   69 O    0 0 0
 120 TI   1     2.2736     4.2964   38 O    0 0 0

 121 TI   1     1.7966     3.3951   40 O    0 0 0
 121 TI   1     1.9862     3.7534  103 O    0 0 0
 121 TI   1     2.0095     3.7974   67 O    0 0 0
 121 TI   1     2.0122     3.8024   70 O    0 0 0
 121 TI   1     2.0316     3.8392   94 O    0 0 0
 121 TI   1     2.3183     4.3809   42 O    0 0-1

 122 TI   1     1.7847     3.3726   41 O    0 0 0
 122 TI   1     1.9765     3.7350   68 O    0 0 0
 122 TI   1     1.9835     3.7484   71 O    0 0 0
 122 TI   1     1.9994     3.7783   95 O    0 0 0
 122 TI   1     2.0373     3.8500  104 O    0 0 0
 122 TI   1     2.2918     4.3308   40 O    0 0 0

 123 TI   1     1.8485     3.4932   42 O    0 0 0
 123 TI   1     1.9458     3.6771   69 O    0 0 0
 123 TI   1     1.9737     3.7297  105 O    0 0 0
 123 TI   1     1.9770     3.7359   72 O    0 0 0
 123 TI   1     1.9869     3.7546   96 O    0 0 0
 123 TI   1     2.2371     4.2275   41 O    0 0 0

 124 TI   1     1.8139     3.4277   43 O    0 0 0
 124 TI   1     1.9421     3.6699  106 O    0 0 0
 124 TI   1     1.9913     3.7630   70 O    0 0 0
 124 TI   1     1.9945     3.7691   64 O    0 1 0
 124 TI   1     2.0347     3.8450   97 O    0 0 0
 124 TI   1     2.2389     4.2309   45 O    0 0-1

 125 TI   1     1.7984     3.3984   44 O    0 0 0
 125 TI   1     1.9695     3.7218   98 O    0 0 0
 125 TI   1     1.9803     3.7422   71 O    0 0 0
 125 TI   1     1.9922     3.7647  107 O    0 0 0
 125 TI   1     2.0497     3.8734   65 O    0 1 0
 125 TI   1     2.2915     4.3303   43 O    0 0 0

 126 TI   1     1.8121     3.4244   45 O    0 0 0
 126 TI   1     1.9280     3.6434   99 O    0 0 0
 126 TI   1     2.0161     3.8099   72 O    0 0 0
 126 TI   1     2.0237     3.8242   66 O    0 1 0
 126 TI   1     2.0496     3.8733  108 O    0 0 0
 126 TI   1     2.3248     4.3931   44 O    0 0 0

 127 TI   1     1.8249     3.4485   46 O    0 0 0
 127 TI   1     1.9411     3.6681  100 O    0 0 0
 127 TI   1     1.9420     3.6698   73 O    0 0 0
 127 TI   1     2.0344     3.8445   76 O    0 0 0
 127 TI   1     2.0636     3.8997   82 O    1 0 0
 127 TI   1     2.2675     4.2849   48 O    0 0-1

 128 TI   1     1.7790     3.3617   47 O    0 0 0
 128 TI   1     1.9711     3.7248   83 O    1 0 0
 128 TI   1     2.0052     3.7893   77 O    0 0 0
 128 TI   1     2.0183     3.8140  101 O    0 0 0
 128 TI   1     2.0342     3.8441   74 O    0 0 0
 128 TI   1     2.3056     4.3570   46 O    0 0 0

 129 TI   1     1.8036     3.4083   48 O    0 0 0
 129 TI   1     1.9694     3.7216   75 O    0 0 0
 129 TI   1     1.9800     3.7416   84 O    1 0 0
 129 TI   1     1.9997     3.7788   78 O    0 0 0
 129 TI   1     2.0283     3.8330  102 O    0 0 0
 129 TI   1     2.2979     4.3425   47 O    0 0 0

 130 TI   1     1.8546     3.5046   49 O    0 0 0
 130 TI   1     1.9578     3.6996   85 O    1 0 0
 130 TI   1     1.9597     3.7033   79 O    0 0 0
 130 TI   1     1.9713     3.7252   76 O    0 0 0
 130 TI   1     1.9939     3.7680  103 O    0 0 0
 130 TI   1     2.2303     4.2147   51 O    0 0-1

 131 TI   1     1.7799     3.3635   50 O    0 0 0
 131 TI   1     1.9446     3.6747  104 O    0 0 0
 131 TI   1     1.9716     3.7259   77 O    0 0 0
 131 TI   1     1.9945     3.7691   86 O    1 0 0
 131 TI   1     1.9987     3.7771   80 O    0 0 0
 131 TI   1     2.3131     4.3711   49 O    0 0 0

 132 TI   1     1.8109     3.4221   51 O    0 0 0
 132 TI   1     1.9868     3.7544   81 O    0 0 0
 132 TI   1     1.9879     3.7565   87 O    1 0 0
 132 TI   1     2.0122     3.8025  105 O    0 0 0
 132 TI   1     2.0568     3.8867   78 O    0 0 0
 132 TI   1     2.2908     4.3289   50 O    0 0 0

 133 TI   1     1.7902     3.3831   52 O    0 0 0
 133 TI   1     1.9762     3.7346  106 O    0 0 0
 133 TI   1     2.0046     3.7882   88 O    1 0 0
 133 TI   1     2.0053     3.7894   73 O    0 1 0
 133 TI   1     2.0381     3.8514   79 O    0 0 0
 133 TI   1     2.2412     4.2352   54 O    0 0-1

 134 TI   1     1.7521     3.3109   53 O    0 0 0
 134 TI   1     1.9448     3.6750   74 O    0 1 0
 134 TI   1     2.0018     3.7829   89 O    1 0 0
 134 TI   1     2.0080     3.7947  107 O    0 0 0
 134 TI   1     2.0089     3.7963   80 O    0 0 0
 134 TI   1     2.3356     4.4137   52 O    0 0 0

 135 TI   1     1.8707     3.5352   54 O    0 0 0
 135 TI   1     1.9281     3.6437   90 O    1 0 0
 135 TI   1     1.9587     3.7013   81 O    0 0 0
 135 TI   1     1.9947     3.7694   75 O    0 1 0
 135 TI   1     2.0040     3.7869  108 O    0 0 0
 135 TI   1     2.2871     4.3221   53 O    0 0 0


 SYMMETRY ALLOWED INTERNAL DEGREE(S) OF FREEDOM: 402
 TTTTTTTTTTTTTTTTTTTTTTTTTTTTTT SYMM        TELAPSE        4.21 TCPU        3.58
 TTTTTTTTTTTTTTTTTTTTTTTTTTTTTT INT_SCREEN  TELAPSE        4.31 TCPU        3.68

 DFT PARAMETERS

     ATOM       ELECTRONS   NET CHARGE   R(ANGSTROM)
   1 256  BA     10.0000      0.0000     2.24000000
  28   8  O       8.0000      0.0000     0.74000000
 109  22  TI     22.0000      0.0000     1.47000000

 SIZE OF GRID=    2837960
 TTTTTTTTTTTTTTTTTTTTTTTTTTTTTT MAKE_GRID2  TELAPSE       44.65 TCPU       44.01
 BECKE WEIGHT FUNCTION
 RADSAFE =     2.00
 TOLERANCES - DENSITY:10**- 6; POTENTIAL:10**- 9; GRID WGT:10**-14

 RADIAL INTEGRATION  - INTERVALS (POINTS,UPPER LIMIT):            1( 75,  4.0*R)

 ANGULAR INTEGRATION - INTERVALS (ACCURACY LEVEL [N. POINTS] UPPER LIMIT):
  1(  4[  86]   0.2)  2(  8[ 194]   0.5)  3( 12[ 350]   0.9)  4( 16[ 974]   3.5)
  5( 12[ 350]9999.0)
 TTTTTTTTTTTTTTTTTTTTTTTTTTTTTT INT_CALC    TELAPSE       44.76 TCPU       44.13
 EEEEEEEEEE INT_CALC TERMINATION  DATE 25 03 2026 TIME 17:17:36.9

 *******************************************************************************
 converted and standardized from ase Atoms() object for Ba27Ti27O81 in space grou
 CRYSTAL - SCF - TYPE OF CALCULATION :  RESTRICTED CLOSED SHELL
 *******************************************************************************

 CAPPA:IS1  2;IS2  2;IS3  2; K PTS MONK NET   8; SYMMOPS:K SPACE   2;G SPACE   1

 TTTTTTTTTTTTTTTTTTTTTTTTTTTTTT SDIK        TELAPSE       47.12 TCPU       46.49

 AAAAAAAAAAAAAAAAAAAAAAAAAAAAAAAAAAAAAAAAAAAAAAAAAAAAAAAAAAAAAAAAAAAAAAAAAAAAAAA
         ATOMIC WAVEFUNCTION(S)


 NUCLEAR CHARGE 10.0  SYMMETRY SPECIES            S    P
 N. ELECTRONS   10.0  NUMBER OF PRIMITIVE GTOS    5    5
                      NUMBER OF CONTRACTED GTOS   3    2
                      NUMBER OF CLOSED SHELLS     2    1
                      OPEN SHELL OCCUPATION       0    0

  ZNUC  SCFIT    TOTAL HF ENERGY   KINETIC ENERGY   VIRIAL THEOREM             ACCURACY
  10.0     4    -2.474305552E+01  8.075374960E+00 -4.064013205E+00  1.0E-06

 NUCLEAR CHARGE  8.0  SYMMETRY SPECIES            S    P
 N. ELECTRONS    8.0  NUMBER OF PRIMITIVE GTOS   10    6
                      NUMBER OF CONTRACTED GTOS   4    3
                      NUMBER OF CLOSED SHELLS     2    0
                      OPEN SHELL OCCUPATION       0    4

  ZNUC  SCFIT    TOTAL HF ENERGY   KINETIC ENERGY   VIRIAL THEOREM             ACCURACY
   8.0    13    -7.480154908E+01  7.478929754E+01 -2.000163814E+00  2.2E-06

 NUCLEAR CHARGE 22.0  SYMMETRY SPECIES            S    P    D
 N. ELECTRONS   22.0  NUMBER OF PRIMITIVE GTOS   17   11    6
                      NUMBER OF CONTRACTED GTOS   6    4    3
                      NUMBER OF CLOSED SHELLS     4    2    0
                      OPEN SHELL OCCUPATION       0    0    2

  ZNUC  SCFIT    TOTAL HF ENERGY   KINETIC ENERGY   VIRIAL THEOREM             ACCURACY
  22.0    51    -8.483283897E+02  8.486954851E+02 -1.999567459E+00  4.0E-06

 AAAAAAAAAAAAAAAAAAAAAAAAAAAAAAAAAAAAAAAAAAAAAAAAAAAAAAAAAAAAAAAAAAAAAAAAAAAAAAA

 CHARGE NORMALIZATION FACTOR   1.00000000
 TOTAL ATOMIC CHARGES:
  10.0000000  10.0000000  10.0000000  10.0000000  10.0000000  10.0000000
  10.0000000  10.0000000  10.0000000  10.0000000  10.0000000  10.0000000
  10.0000000  10.0000000  10.0000000  10.0000000  10.0000000  10.0000000
  10.0000000  10.0000000  10.0000000  10.0000000  10.0000000  10.0000000
  10.0000000  10.0000000  10.0000000   8.0000000   8.0000000   8.0000000
   8.0000000   8.0000000   8.0000000   8.0000000   8.0000000   8.0000000
   8.0000000   8.0000000   8.0000000   8.0000000   8.0000000   8.0000000
   8.0000000   8.0000000   8.0000000   8.0000000   8.0000000   8.0000000
   8.0000000   8.0000000   8.0000000   8.0000000   8.0000000   8.0000000
   8.0000000   8.0000000   8.0000000   8.0000000   8.0000000   8.0000000
   8.0000000   8.0000000   8.0000000   8.0000000   8.0000000   8.0000000
   8.0000000   8.0000000   8.0000000   8.0000000   8.0000000   8.0000000
   8.0000000   8.0000000   8.0000000   8.0000000   8.0000000   8.0000000
   8.0000000   8.0000000   8.0000000   8.0000000   8.0000000   8.0000000
   8.0000000   8.0000000   8.0000000   8.0000000   8.0000000   8.0000000
   8.0000000   8.0000000   8.0000000   8.0000000   8.0000000   8.0000000
   8.0000000   8.0000000   8.0000000   8.0000000   8.0000000   8.0000000
   8.0000000   8.0000000   8.0000000   8.0000000   8.0000000   8.0000000
  22.0000000  22.0000000  22.0000000  22.0000000  22.0000000  22.0000000
  22.0000000  22.0000000  22.0000000  22.0000000  22.0000000  22.0000000
  22.0000000  22.0000000  22.0000000  22.0000000  22.0000000  22.0000000
  22.0000000  22.0000000  22.0000000  22.0000000  22.0000000  22.0000000
  22.0000000  22.0000000  22.0000000
 TTTTTTTTTTTTTTTTTTTTTTTTTTTTTT MOQGAD      TELAPSE       47.23 TCPU       46.60
 TTTTTTTTTTTTTTTTTTTTTTTTTTTTTT SHELLXN     TELAPSE      402.82 TCPU      402.14
 TTTTTTTTTTTTTTTTTTTTTTTTTTTTTT MONMO3      TELAPSE      415.22 TCPU      414.55
 NUMERICALLY INTEGRATED DENSITY   1511.9951292335
 TTTTTTTTTTTTTTTTTTTTTTTTTTTTTT NUMDFT      TELAPSE      432.42 TCPU      431.74
 CYC   0 ETOT(AU) -2.971205948360E+04 DETOT -2.97E+04 tst  0.00E+00 PX  1.00E+00
 TTTTTTTTTTTTTTTTTTTTTTTTTTTTTT DIIS        TELAPSE      432.69 TCPU      432.01
 TTTTTTTTTTTTTTTTTTTTTTTTTTTTTT FDIK        TELAPSE      448.92 TCPU      448.20
 INSULATING STATE
 TOP OF VALENCE BANDS -    BAND    756; K    8; EIG -3.4789504E-01 AU
 TOP OF VALENCE BANDS -    BAND    756; K    1; EIG -3.5276014E-01 AU
 BOTTOM OF VIRTUAL BANDS - BAND    757; K    1; EIG -8.3359859E-02 AU
 INDIRECT ENERGY BAND GAP:   7.1984 eV
 TTTTTTTTTTTTTTTTTTTTTTTTTTTTTT PDIG        TELAPSE      451.43 TCPU      450.70
 CHARGE NORMALIZATION FACTOR   1.00000000
 TOTAL ATOMIC CHARGES:
   8.1600718   8.1631959   8.1576201   8.1738376   8.1740966   8.1634144
   8.1704122   8.1667696   8.1655257   8.1655907   8.1593283   8.1600353
   8.1634712   8.1600806   8.1579311   8.1682274   8.1668509   8.1634422
   8.1638056   8.1646361   8.1652039   8.1686777   8.1640810   8.1606570
   8.1634943   8.1651044   8.1616274   9.4617697   9.4315812   9.4553249
   9.4712309   9.4329390   9.4615578   9.4313248   9.4664110   9.4676384
   9.4330490   9.4441375   9.4744061   9.4497787   9.4410408   9.4711284
   9.4582340   9.4529932   9.4518419   9.4621357   9.4449248   9.4487671
   9.4748686   9.4412332   9.4501006   9.4529651   9.4263275   9.4693620
   9.4743529   9.4743572   9.4708328   9.4787963   9.4740733   9.4833615
   9.4871003   9.4829725   9.4842341   9.4807498   9.4795063   9.4804831
   9.4753880   9.4783287   9.4781381   9.4794559   9.4771713   9.4815874
   9.4731253   9.4756384   9.4780259   9.4866618   9.4775223   9.4888715
   9.4793760   9.4843025   9.4767977   9.4903979   9.4818475   9.4786113
   9.4808010   9.4800142   9.4819451   9.4830492   9.4757901   9.4775683
   9.4726441   9.4699751   9.4815440   9.4797482   9.4808334   9.4771310
   9.4863927   9.4771572   9.4723016   9.4729120   9.4871887   9.4809197
   9.4796229   9.4761413   9.4780350   9.4711671   9.4817099   9.4913577
  19.4192072  19.4324294  19.4061490  19.4211236  19.4420846  19.4183370
  19.4608863  19.4207907  19.3746686  19.4570443  19.4419383  19.4052423
  19.4049807  19.4195741  19.4352607  19.4281702  19.4245855  19.3941005
  19.4217819  19.4211758  19.4188393  19.4415933  19.4611809  19.3913078
  19.4196955  19.4552918  19.4102822
 TTTTTTTTTTTTTTTTTTTTTTTTTTTTTT MOQGAD      TELAPSE      451.49 TCPU      450.76
 TTTTTTTTTTTTTTTTTTTTTTTTTTTTTT SHELLXN     TELAPSE      826.91 TCPU      826.03
 TTTTTTTTTTTTTTTTTTTTTTTTTTTTTT MONMO3      TELAPSE      839.33 TCPU      838.45
 NUMERICALLY INTEGRATED DENSITY   1511.9949215917
 TTTTTTTTTTTTTTTTTTTTTTTTTTTTTT NUMDFT      TELAPSE      855.97 TCPU      855.09
 CYC   1 ETOT(AU) -2.970522038672E+04 DETOT  6.84E+00 tst  0.00E+00 PX  1.00E+00
 TTTTTTTTTTTTTTTTTTTTTTTTTTTTTT DIIS        TELAPSE      860.12 TCPU      859.25
 DIIS TEST: 0.75898E+02 AT SCF   CYCLE   1 - MIX   80 %
 TTTTTTTTTTTTTTTTTTTTTTTTTTTTTT FDIK        TELAPSE      876.39 TCPU      875.46
 INSULATING STATE
 TOP OF VALENCE BANDS -    BAND    756; K    8; EIG -2.5768822E-01 AU
 TOP OF VALENCE BANDS -    BAND    756; K    1; EIG -2.6646187E-01 AU
 BOTTOM OF VIRTUAL BANDS - BAND    757; K    1; EIG -1.0333009E-01 AU
 INDIRECT ENERGY BAND GAP:   4.2003 eV
 TTTTTTTTTTTTTTTTTTTTTTTTTTTTTT PDIG        TELAPSE      878.88 TCPU      877.94
 CHARGE NORMALIZATION FACTOR   1.00000000
 TOTAL ATOMIC CHARGES:
   8.2529207   8.2521555   8.2487484   8.2570393   8.2568947   8.2511886
   8.2577516   8.2538453   8.2516437   8.2533216   8.2490500   8.2503269
   8.2548520   8.2513974   8.2492459   8.2556058   8.2544755   8.2522617
   8.2538226   8.2509060   8.2527467   8.2559784   8.2522252   8.2512534
   8.2545143   8.2529482   8.2512074   9.1970869   9.1663743   9.1838882
   9.2048371   9.1738572   9.1987307   9.1784837   9.2099545   9.1828653
   9.1687173   9.1833636   9.2005198   9.1824262   9.1760610   9.2025324
   9.1952232   9.1864350   9.1796197   9.1920140   9.1771570   9.1819940
   9.2010267   9.1922448   9.1820190   9.1733268   9.1715229   9.2101645
   9.2365159   9.2297337   9.2311393   9.2335082   9.2347294   9.2365422
   9.2375492   9.2364395   9.2351022   9.2352865   9.2290402   9.2297927
   9.2306242   9.2357460   9.2350765   9.2323851   9.2357582   9.2348546
   9.2361473   9.2331305   9.2417366   9.2358903   9.2307909   9.2366638
   9.2383779   9.2364786   9.2325969   9.2350463   9.2341928   9.2329357
   9.2328089   9.2334683   9.2351630   9.2382312   9.2319056   9.2322410
   9.2350961   9.2361280   9.2373639   9.2309432   9.2379807   9.2332254
   9.2373621   9.2385059   9.2267009   9.2334286   9.2344623   9.2323397
   9.2374486   9.2318744   9.2344159   9.2352052   9.2327255   9.2426711
  20.0939622  20.0896612  20.0799023  20.0939235  20.1002994  20.0879136
  20.1041206  20.0921575  20.0648278  20.0948887  20.0922366  20.0856346
  20.0908820  20.0901352  20.0840022  20.0857143  20.0961743  20.0783770
  20.0991252  20.0963348  20.0903882  20.0984525  20.0989408  20.0843403
  20.0947343  20.1061902  20.0804009
 TTTTTTTTTTTTTTTTTTTTTTTTTTTTTT MOQGAD      TELAPSE      878.96 TCPU      878.02
 TTTTTTTTTTTTTTTTTTTTTTTTTTTTTT SHELLXN     TELAPSE     1254.10 TCPU     1253.02
 TTTTTTTTTTTTTTTTTTTTTTTTTTTTTT MONMO3      TELAPSE     1266.67 TCPU     1265.59
 NUMERICALLY INTEGRATED DENSITY   1511.9941065228
 TTTTTTTTTTTTTTTTTTTTTTTTTTTTTT NUMDFT      TELAPSE     1283.13 TCPU     1282.04
 CYC   2 ETOT(AU) -2.971622304157E+04 DETOT -1.10E+01 tst  4.03E-03 PX  7.02E-02
 TTTTTTTTTTTTTTTTTTTTTTTTTTTTTT DIIS        TELAPSE     1287.40 TCPU     1286.31
 DIIS TEST: 0.14243E+02 AT SCF   CYCLE   2 - DIIS ACTIVE - HISTORY:     2 CYCLES
 TTTTTTTTTTTTTTTTTTTTTTTTTTTTTT FDIK        TELAPSE     1303.40 TCPU     1302.30
 INSULATING STATE
 TOP OF VALENCE BANDS -    BAND    756; K    8; EIG -1.4836875E-01 AU
 TOP OF VALENCE BANDS -    BAND    756; K    1; EIG -1.5826590E-01 AU
 BOTTOM OF VIRTUAL BANDS - BAND    757; K    1; EIG -2.6341048E-02 AU
 INDIRECT ENERGY BAND GAP:   3.3205 eV
 TTTTTTTTTTTTTTTTTTTTTTTTTTTTTT PDIG        TELAPSE     1306.01 TCPU     1304.91
 CHARGE NORMALIZATION FACTOR   1.00000000
 TOTAL ATOMIC CHARGES:
   8.3448710   8.3423005   8.3437754   8.3330812   8.3321966   8.3391840
   8.3386053   8.3376635   8.3365400   8.3375362   8.3410890   8.3421014
   8.3430348   8.3447095   8.3436931   8.3349442   8.3400769   8.3403451
   8.3415620   8.3355701   8.3395155   8.3381529   8.3375744   8.3413330
   8.3414738   8.3384119   8.3409606   9.0635104   9.0456086   9.0547504
   9.0605545   9.0526094   9.0543637   9.0515079   9.0556773   9.0511454
   9.0444576   9.0446366   9.0545997   9.0719410   9.0482327   9.0406545
   9.0468447   9.0593541   9.0584323   9.0671796   9.0516702   9.0572564
   9.0490900   9.0499494   9.0661092   9.0686887   9.0555203   9.0420648
   9.0453910   9.0399999   9.0438635   9.0395512   9.0518657   9.0298558
   9.0323946   9.0303206   9.0369937   9.0373207   9.0306530   9.0341767
   9.0302493   9.0322043   9.0335269   9.0354288   9.0515190   9.0255381
   9.0535444   9.0434452   9.0479607   9.0339174   9.0379791   9.0417861
   9.0408809   9.0276144   9.0459174   9.0268862   9.0398273   9.0402248
   9.0360266   9.0371969   9.0381449   9.0406673   9.0363725   9.0431317
   9.0451802   9.0431870   9.0356458   9.0310774   9.0444133   9.0327736
   9.0321552   9.0433461   9.0504230   9.0502784   9.0308185   9.0359399
   9.0400281   9.0354567   9.0349913   9.0489640   9.0382818   9.0284025
  20.5368018  20.5273644  20.5447691  20.5398348  20.5222750  20.5416129
  20.5046140  20.5573792  20.5581376  20.4943810  20.5169807  20.5321673
  20.5301769  20.5363159  20.5159894  20.5413394  20.5318830  20.5375126
  20.5301311  20.5246889  20.5244101  20.5107041  20.5052731  20.5518419
  20.5088621  20.5191506  20.5449519
 TTTTTTTTTTTTTTTTTTTTTTTTTTTTTT MOQGAD      TELAPSE     1306.08 TCPU     1304.98
 TTTTTTTTTTTTTTTTTTTTTTTTTTTTTT SHELLXN     TELAPSE     1681.24 TCPU     1680.08
 TTTTTTTTTTTTTTTTTTTTTTTTTTTTTT MONMO3      TELAPSE     1693.87 TCPU     1692.70
 NUMERICALLY INTEGRATED DENSITY   1511.9935960114
 TTTTTTTTTTTTTTTTTTTTTTTTTTTTTT NUMDFT      TELAPSE     1710.26 TCPU     1709.10
 CYC   3 ETOT(AU) -2.971860714545E+04 DETOT -2.38E+00 tst  2.44E-03 PX  5.93E-02
 TTTTTTTTTTTTTTTTTTTTTTTTTTTTTT DIIS        TELAPSE     1714.56 TCPU     1713.39
 DIIS TEST: 0.20393E+00 AT SCF   CYCLE   3 - DIIS ACTIVE - HISTORY:     3 CYCLES
 TTTTTTTTTTTTTTTTTTTTTTTTTTTTTT FDIK        TELAPSE     1730.17 TCPU     1728.99
 INSULATING STATE
 TOP OF VALENCE BANDS -    BAND    756; K    8; EIG -1.5260103E-01 AU
 TOP OF VALENCE BANDS -    BAND    756; K    1; EIG -1.6208354E-01 AU
 BOTTOM OF VIRTUAL BANDS - BAND    757; K    1; EIG -6.2445636E-03 AU
 INDIRECT ENERGY BAND GAP:   3.9826 eV
 TTTTTTTTTTTTTTTTTTTTTTTTTTTTTT PDIG        TELAPSE     1732.75 TCPU     1731.57
 CHARGE NORMALIZATION FACTOR   1.00000000
 TOTAL ATOMIC CHARGES:
   8.3476903   8.3440863   8.3412237   8.3397789   8.3402078   8.3397899
   8.3446386   8.3429332   8.3379790   8.3415656   8.3409387   8.3419936
   8.3490849   8.3457886   8.3416975   8.3422595   8.3433741   8.3412980
   8.3462196   8.3384571   8.3408624   8.3448017   8.3424096   8.3430818
   8.3472391   8.3428425   8.3416014   9.0121995   8.9770778   8.9993351
   9.0215095   8.9909478   9.0323718   9.0138987   9.0453393   8.9767581
   8.9774819   9.0099699   9.0043977   8.9719424   8.9957006   9.0309239
   9.0288584   8.9921922   8.9807420   8.9858447   8.9799687   8.9968563
   9.0001882   9.0348932   8.9953837   8.9285240   8.9991721   9.0665431
   9.1056843   9.0896996   9.1057161   9.0970964   9.1052463   9.1032293
   9.0944206   9.1034864   9.0968473   9.0941196   9.0801891   9.0808688
   9.0983209   9.1059784   9.1084023   9.0936817   9.1007293   9.1015620
   9.1059438   9.0902183   9.1191586   9.0875205   9.0899395   9.0845066
   9.1091323   9.0969397   9.1000317   9.0802115   9.0878823   9.0921030
   9.0927477   9.0954253   9.0961025   9.0991721   9.0974135   9.0959565
   9.1083567   9.1175836   9.1054424   9.0895423   9.0992589   9.1021934
   9.0901865   9.1132632   9.0862364   9.1005515   9.0832923   9.0923320
   9.1066167   9.0961176   9.1062115   9.1141266   9.0843682   9.1103845
  20.4611014  20.4481402  20.4302944  20.4601374  20.4782022  20.4381210
  20.4674166  20.4288778  20.4257622  20.4653376  20.4432163  20.4684404
  20.5094166  20.4460136  20.4235321  20.4030630  20.4807203  20.4686569
  20.4921984  20.4904453  20.4748939  20.4715909  20.4512379  20.4702432
  20.5304004  20.4699220  20.4080051
 TTTTTTTTTTTTTTTTTTTTTTTTTTTTTT MOQGAD      TELAPSE     1732.81 TCPU     1731.63
 TTTTTTTTTTTTTTTTTTTTTTTTTTTTTT SHELLXN     TELAPSE     2108.13 TCPU     2106.87
 TTTTTTTTTTTTTTTTTTTTTTTTTTTTTT MONMO3      TELAPSE     2120.77 TCPU     2119.51
 NUMERICALLY INTEGRATED DENSITY   1511.9934894912
 TTTTTTTTTTTTTTTTTTTTTTTTTTTTTT NUMDFT      TELAPSE     2137.92 TCPU     2136.65
 CYC   4 ETOT(AU) -2.971858470062E+04 DETOT  2.24E-02 tst  9.46E-05 PX  3.10E-02
 TTTTTTTTTTTTTTTTTTTTTTTTTTTTTT DIIS        TELAPSE     2142.55 TCPU     2141.29
 DIIS TEST: 0.37303E+00 AT SCF   CYCLE   4 - DIIS ACTIVE - HISTORY:     4 CYCLES
 TTTTTTTTTTTTTTTTTTTTTTTTTTTTTT FDIK        TELAPSE     2158.11 TCPU     2156.72
 INSULATING STATE
 TOP OF VALENCE BANDS -    BAND    756; K    8; EIG -1.4425405E-01 AU
 TOP OF VALENCE BANDS -    BAND    756; K    1; EIG -1.5433543E-01 AU
 BOTTOM OF VIRTUAL BANDS - BAND    757; K    1; EIG -9.7839840E-03 AU
 INDIRECT ENERGY BAND GAP:   3.6591 eV
 TTTTTTTTTTTTTTTTTTTTTTTTTTTTTT PDIG        TELAPSE     2160.63 TCPU     2159.24
 CHARGE NORMALIZATION FACTOR   1.00000000
 TOTAL ATOMIC CHARGES:
   8.3447091   8.3409623   8.3405065   8.3366440   8.3361753   8.3381352
   8.3413981   8.3394488   8.3363202   8.3388202   8.3387619   8.3404158
   8.3449655   8.3427712   8.3404293   8.3393452   8.3405570   8.3398851
   8.3421990   8.3355048   8.3389815   8.3402292   8.3388753   8.3407598
   8.3433403   8.3391648   8.3398704   9.0523869   9.0304054   9.0328986
   9.0526937   9.0436309   9.0455955   9.0473588   9.0585812   9.0210311
   9.0353357   9.0374868   9.0423668   9.0577753   9.0313688   9.0349091
   9.0385160   9.0462277   9.0383649   9.0530106   9.0359514   9.0385956
   9.0454341   9.0529627   9.0411765   9.0530999   9.0422959   9.0392135
   9.0816458   9.0701082   9.0772864   9.0712214   9.0817198   9.0665384
   9.0665983   9.0675162   9.0685855   9.0714857   9.0620622   9.0658219
   9.0656017   9.0699595   9.0703188   9.0679451   9.0812969   9.0655883
   9.0861282   9.0763506   9.0863497   9.0679306   9.0689484   9.0695356
   9.0774568   9.0653788   9.0746755   9.0592482   9.0717907   9.0734114
   9.0688086   9.0700565   9.0722204   9.0746605   9.0703602   9.0730560
   9.0802128   9.0819203   9.0718162   9.0646930   9.0773530   9.0694187
   9.0684788   9.0801326   9.0753798   9.0799471   9.0629075   9.0669001
   9.0756697   9.0697304   9.0699508   9.0832229   9.0685884   9.0664082
  20.4841381  20.4624457  20.4835989  20.4855242  20.4642440  20.4881984
  20.4653505  20.4952812  20.4790958  20.4402513  20.4660523  20.4767067
  20.4627604  20.4837321  20.4664561  20.4884491  20.4705569  20.4738912
  20.4787063  20.4758483  20.4738799  20.4657665  20.4585914  20.4869585
  20.4314089  20.4773730  20.4964882
 TTTTTTTTTTTTTTTTTTTTTTTTTTTTTT MOQGAD      TELAPSE     2160.69 TCPU     2159.29
 TTTTTTTTTTTTTTTTTTTTTTTTTTTTTT SHELLXN     TELAPSE     2535.72 TCPU     2534.20
 TTTTTTTTTTTTTTTTTTTTTTTTTTTTTT MONMO3      TELAPSE     2548.36 TCPU     2546.85
 NUMERICALLY INTEGRATED DENSITY   1511.9935102269
 TTTTTTTTTTTTTTTTTTTTTTTTTTTTTT NUMDFT      TELAPSE     2564.88 TCPU     2563.36
 CYC   5 ETOT(AU) -2.971863776283E+04 DETOT -5.31E-02 tst  2.81E-05 PX  1.79E-02
 TTTTTTTTTTTTTTTTTTTTTTTTTTTTTT DIIS        TELAPSE     2569.56 TCPU     2568.04
 DIIS TEST: 0.30974E-01 AT SCF   CYCLE   5 - DIIS ACTIVE - HISTORY:     5 CYCLES
 TTTTTTTTTTTTTTTTTTTTTTTTTTTTTT FDIK        TELAPSE     2585.21 TCPU     2583.67
 INSULATING STATE
 TOP OF VALENCE BANDS -    BAND    756; K    8; EIG -1.4462805E-01 AU
 TOP OF VALENCE BANDS -    BAND    756; K    1; EIG -1.5456871E-01 AU
 BOTTOM OF VIRTUAL BANDS - BAND    757; K    1; EIG -1.1295584E-02 AU
 INDIRECT ENERGY BAND GAP:   3.6282 eV
 TTTTTTTTTTTTTTTTTTTTTTTTTTTTTT PDIG        TELAPSE     2587.72 TCPU     2586.18
 CHARGE NORMALIZATION FACTOR   1.00000000
 TOTAL ATOMIC CHARGES:
   8.3431412   8.3395455   8.3388818   8.3346619   8.3341220   8.3363974
   8.3395279   8.3375349   8.3342938   8.3369597   8.3373752   8.3388562
   8.3431626   8.3414444   8.3390228   8.3369978   8.3387468   8.3380085
   8.3408543   8.3340789   8.3371560   8.3388377   8.3371133   8.3390678
   8.3417328   8.3375868   8.3380771   9.0478343   9.0222123   9.0387887
   9.0495799   9.0310758   9.0519595   9.0391175   9.0577927   9.0273685
   9.0203473   9.0364763   9.0411156   9.0331715   9.0330429   9.0447535
   9.0457801   9.0368756   9.0315062   9.0384212   9.0284991   9.0395286
   9.0331326   9.0491514   9.0433612   9.0111258   9.0377292   9.0626973
   9.0756861   9.0660204   9.0735915   9.0684418   9.0786016   9.0652993
   9.0636819   9.0651054   9.0665414   9.0662330   9.0568286   9.0585227
   9.0628717   9.0678851   9.0690385   9.0643580   9.0764126   9.0615367
   9.0794246   9.0686404   9.0819756   9.0611032   9.0647398   9.0649604
   9.0732478   9.0614924   9.0728285   9.0548735   9.0650776   9.0666765
   9.0640793   9.0658612   9.0668848   9.0696466   9.0664862   9.0701671
   9.0757162   9.0785415   9.0693249   9.0596246   9.0726848   9.0661967
   9.0618481   9.0770782   9.0695095   9.0759755   9.0579099   9.0641294
   9.0718114   9.0654723   9.0691231   9.0803343   9.0625202   9.0674190
  20.4938453  20.4824063  20.4822872  20.4947044  20.4933570  20.4836317
  20.4778067  20.4917069  20.4894293  20.4706750  20.4725996  20.4928351
  20.5146177  20.4833401  20.4621662  20.4681852  20.5010441  20.4970890
  20.5026002  20.4967473  20.4890936  20.4825699  20.4695216  20.5051374
  20.5152856  20.4829915  20.4686555
 TTTTTTTTTTTTTTTTTTTTTTTTTTTTTT MOQGAD      TELAPSE     2587.80 TCPU     2586.27
 TTTTTTTTTTTTTTTTTTTTTTTTTTTTTT SHELLXN     TELAPSE     2962.71 TCPU     2961.11
 TTTTTTTTTTTTTTTTTTTTTTTTTTTTTT MONMO3      TELAPSE     2975.34 TCPU     2973.74
 NUMERICALLY INTEGRATED DENSITY   1511.9935183682
 TTTTTTTTTTTTTTTTTTTTTTTTTTTTTT NUMDFT      TELAPSE     2991.99 TCPU     2990.38
 CYC   6 ETOT(AU) -2.971864217912E+04 DETOT -4.42E-03 tst  2.60E-06 PX  6.23E-03
 TTTTTTTTTTTTTTTTTTTTTTTTTTTTTT DIIS        TELAPSE     2996.73 TCPU     2995.12
 DIIS TEST: 0.59260E-02 AT SCF   CYCLE   6 - DIIS ACTIVE - HISTORY:     6 CYCLES
 TTTTTTTTTTTTTTTTTTTTTTTTTTTTTT FDIK        TELAPSE     3012.38 TCPU     3010.76
 INSULATING STATE
 TOP OF VALENCE BANDS -    BAND    756; K    8; EIG -1.4407067E-01 AU
 TOP OF VALENCE BANDS -    BAND    756; K    1; EIG -1.5406356E-01 AU
 BOTTOM OF VIRTUAL BANDS - BAND    757; K    1; EIG -1.2271454E-02 AU
 INDIRECT ENERGY BAND GAP:   3.5864 eV
 TTTTTTTTTTTTTTTTTTTTTTTTTTTTTT PDIG        TELAPSE     3014.92 TCPU     3013.31
 CHARGE NORMALIZATION FACTOR   1.00000000
 TOTAL ATOMIC CHARGES:
   8.3429376   8.3395856   8.3391933   8.3340927   8.3336929   8.3364703
   8.3389945   8.3373171   8.3344434   8.3367305   8.3375704   8.3389150
   8.3428320   8.3415223   8.3393286   8.3364263   8.3385891   8.3380032
   8.3405372   8.3339990   8.3372308   8.3383651   8.3369820   8.3391412
   8.3412352   8.3373992   8.3382291   9.0439409   9.0191361   9.0288665
   9.0456583   9.0301545   9.0427690   9.0380530   9.0526348   9.0175402
   9.0207419   9.0302697   9.0336884   9.0377208   9.0256246   9.0335252
   9.0378199   9.0338995   9.0270855   9.0376565   9.0234347   9.0305824
   9.0330163   9.0448123   9.0348148   9.0236014   9.0324105   9.0455356
   9.0748128   9.0643985   9.0729648   9.0668625   9.0774933   9.0640908
   9.0620800   9.0650196   9.0652190   9.0652953   9.0553526   9.0580002
   9.0625059   9.0670184   9.0679517   9.0633911   9.0758132   9.0615206
   9.0795076   9.0675058   9.0816053   9.0610208   9.0632655   9.0634433
   9.0733659   9.0610367   9.0712514   9.0534043   9.0644058   9.0661432
   9.0634482   9.0655049   9.0665462   9.0694208   9.0657791   9.0681480
   9.0754233   9.0781706   9.0684869   9.0595498   9.0713685   9.0652591
   9.0613248   9.0762613   9.0686580   9.0746338   9.0570910   9.0628391
   9.0717379   9.0647748   9.0677880   9.0794405   9.0621021   9.0659735
  20.5000067  20.4857784  20.4954601  20.5017865  20.4932777  20.4980408
  20.4827718  20.5022124  20.4976139  20.4710053  20.4829140  20.5003130
  20.5037362  20.4968806  20.4773892  20.4867977  20.4998281  20.4995769
  20.5056118  20.5033890  20.4983530  20.4874220  20.4779600  20.5110771
  20.4899934  20.4955910  20.4949812
 TTTTTTTTTTTTTTTTTTTTTTTTTTTTTT MOQGAD      TELAPSE     3015.00 TCPU     3013.39
 TTTTTTTTTTTTTTTTTTTTTTTTTTTTTT SHELLXN     TELAPSE     3389.85 TCPU     3388.16
 TTTTTTTTTTTTTTTTTTTTTTTTTTTTTT MONMO3      TELAPSE     3402.48 TCPU     3400.79
 NUMERICALLY INTEGRATED DENSITY   1511.9935188015
 TTTTTTTTTTTTTTTTTTTTTTTTTTTTTT NUMDFT      TELAPSE     3419.02 TCPU     3417.33
 CYC   7 ETOT(AU) -2.971864300129E+04 DETOT -8.22E-04 tst  6.45E-07 PX  2.29E-03
 TTTTTTTTTTTTTTTTTTTTTTTTTTTTTT DIIS        TELAPSE     3423.93 TCPU     3422.24
 DIIS TEST: 0.61164E-03 AT SCF   CYCLE   7 - DIIS ACTIVE - HISTORY:     7 CYCLES
 TTTTTTTTTTTTTTTTTTTTTTTTTTTTTT FDIK        TELAPSE     3439.59 TCPU     3437.87
 INSULATING STATE
 TOP OF VALENCE BANDS -    BAND    756; K    8; EIG -1.4388794E-01 AU
 TOP OF VALENCE BANDS -    BAND    756; K    1; EIG -1.5386017E-01 AU
 BOTTOM OF VIRTUAL BANDS - BAND    757; K    1; EIG -1.1478921E-02 AU
 INDIRECT ENERGY BAND GAP:   3.6030 eV
 TTTTTTTTTTTTTTTTTTTTTTTTTTTTTT PDIG        TELAPSE     3442.17 TCPU     3440.45
 CHARGE NORMALIZATION FACTOR   1.00000000
 TOTAL ATOMIC CHARGES:
   8.3441879   8.3407024   8.3402455   8.3352520   8.3347715   8.3375040
   8.3402014   8.3384438   8.3354412   8.3379175   8.3386779   8.3399910
   8.3440744   8.3426646   8.3403666   8.3376462   8.3397794   8.3390754
   8.3417298   8.3350193   8.3382540   8.3395271   8.3380351   8.3401560
   8.3424967   8.3385091   8.3392591   9.0436880   9.0197835   9.0318634
   9.0451316   9.0308362   9.0453474   9.0371856   9.0531345   9.0198324
   9.0206611   9.0319009   9.0370232   9.0365030   9.0269943   9.0369705
   9.0374524   9.0350073   9.0292085   9.0379823   9.0259628   9.0346928
   9.0320967   9.0463565   9.0376883   9.0202016   9.0345802   9.0502067
   9.0753108   9.0646820   9.0727365   9.0665047   9.0768687   9.0632086
   9.0617992   9.0632928   9.0646560   9.0655046   9.0559995   9.0586013
   9.0612066   9.0660355   9.0671001   9.0629793   9.0753945   9.0607376
   9.0794436   9.0688923   9.0816003   9.0608938   9.0634421   9.0636845
   9.0722857   9.0601474   9.0708260   9.0535410   9.0648520   9.0667348
   9.0631236   9.0646042   9.0663824   9.0686966   9.0650813   9.0686887
   9.0748947   9.0774959   9.0678212   9.0588590   9.0716734   9.0650110
   9.0614876   9.0758753   9.0689290   9.0745367   9.0568382   9.0624233
   9.0706953   9.0643111   9.0668893   9.0787650   9.0616420   9.0645549
  20.5012302  20.4849909  20.4920993  20.5021887  20.4925681  20.4951452
  20.4844289  20.5033269  20.4943794  20.4696599  20.4797969  20.4957995
  20.5059448  20.4935483  20.4729464  20.4866535  20.4994859  20.4983429
  20.5044510  20.4990043  20.4929081  20.4873926  20.4755404  20.5077225
  20.4949168  20.4907544  20.4883122
 TTTTTTTTTTTTTTTTTTTTTTTTTTTTTT MOQGAD      TELAPSE     3442.23 TCPU     3440.51
 TTTTTTTTTTTTTTTTTTTTTTTTTTTTTT SHELLXN     TELAPSE     3817.00 TCPU     3815.22
 TTTTTTTTTTTTTTTTTTTTTTTTTTTTTT MONMO3      TELAPSE     3829.64 TCPU     3827.85
 NUMERICALLY INTEGRATED DENSITY   1511.9935148490
 TTTTTTTTTTTTTTTTTTTTTTTTTTTTTT NUMDFT      TELAPSE     3846.15 TCPU     3844.37
 CYC   8 ETOT(AU) -2.971864307459E+04 DETOT -7.33E-05 tst  5.61E-08 PX  1.31E-03
 TTTTTTTTTTTTTTTTTTTTTTTTTTTTTT DIIS        TELAPSE     3851.14 TCPU     3849.35
 DIIS TEST: 0.12574E-03 AT SCF   CYCLE   8 - DIIS ACTIVE - HISTORY:     8 CYCLES
 TTTTTTTTTTTTTTTTTTTTTTTTTTTTTT FDIK        TELAPSE     3866.85 TCPU     3865.05
 INSULATING STATE
 TOP OF VALENCE BANDS -    BAND    756; K    8; EIG -1.4368549E-01 AU
 TOP OF VALENCE BANDS -    BAND    756; K    1; EIG -1.5367241E-01 AU
 BOTTOM OF VIRTUAL BANDS - BAND    757; K    1; EIG -1.1569189E-02 AU
 INDIRECT ENERGY BAND GAP:   3.5951 eV
 TTTTTTTTTTTTTTTTTTTTTTTTTTTTTT PDIG        TELAPSE     3869.42 TCPU     3867.63
 CHARGE NORMALIZATION FACTOR   1.00000000
 TOTAL ATOMIC CHARGES:
   8.3442407   8.3407617   8.3403383   8.3353062   8.3348580   8.3376088
   8.3402707   8.3385055   8.3355383   8.3379448   8.3386990   8.3400856
   8.3441341   8.3427221   8.3404561   8.3377016   8.3398108   8.3391661
   8.3417965   8.3351072   8.3383710   8.3396249   8.3381450   8.3402962
   8.3425692   8.3385946   8.3393660   9.0450913   9.0201301   9.0311610
   9.0466307   9.0306046   9.0448602   9.0383694   9.0539908   9.0193400
   9.0209281   9.0320502   9.0355210   9.0369869   9.0275048   9.0361132
   9.0396517   9.0349360   9.0281760   9.0383783   9.0252522   9.0331107
   9.0331177   9.0461146   9.0368927   9.0209206   9.0341120   9.0495485
   9.0747494   9.0644193   9.0724576   9.0666957   9.0771068   9.0634318
   9.0618719   9.0639230   9.0647414   9.0650195   9.0552848   9.0577459
   9.0616570   9.0663441   9.0673455   9.0629634   9.0753831   9.0606767
   9.0789869   9.0677164   9.0810841   9.0605130   9.0631285   9.0632773
   9.0725020   9.0603328   9.0709161   9.0532196   9.0641609   9.0658891
   9.0629761   9.0647626   9.0659445   9.0687586   9.0652582   9.0682015
   9.0748322   9.0774949   9.0678592   9.0588388   9.0712493   9.0648357
   9.0609985   9.0757493   9.0684721   9.0744902   9.0566679   9.0623938
   9.0709347   9.0643058   9.0672118   9.0790557   9.0616523   9.0651501
  20.4987993  20.4848862  20.4926611  20.5002419  20.4932918  20.4949135
  20.4820576  20.5004328  20.4960363  20.4703020  20.4801471  20.4984027
  20.5062074  20.4935358  20.4738517  20.4827810  20.5001496  20.4992684
  20.5043905  20.5010408  20.4955716  20.4860643  20.4757015  20.5096667
  20.4955677  20.4921679  20.4887130
 TTTTTTTTTTTTTTTTTTTTTTTTTTTTTT MOQGAD      TELAPSE     3869.48 TCPU     3867.69
 TTTTTTTTTTTTTTTTTTTTTTTTTTTTTT SHELLXN     TELAPSE     4244.37 TCPU     4242.51
 TTTTTTTTTTTTTTTTTTTTTTTTTTTTTT MONMO3      TELAPSE     4257.08 TCPU     4255.22
 NUMERICALLY INTEGRATED DENSITY   1511.9935147809
 TTTTTTTTTTTTTTTTTTTTTTTTTTTTTT NUMDFT      TELAPSE     4273.60 TCPU     4271.75
 CYC   9 ETOT(AU) -2.971864308894E+04 DETOT -1.43E-05 tst  8.87E-09 PX  2.91E-04
 TTTTTTTTTTTTTTTTTTTTTTTTTTTTTT DIIS        TELAPSE     4278.66 TCPU     4276.81
 DIIS TEST: 0.24183E-04 AT SCF   CYCLE   9 - DIIS ACTIVE - HISTORY:     9 CYCLES
 TTTTTTTTTTTTTTTTTTTTTTTTTTTTTT FDIK        TELAPSE     4294.34 TCPU     4292.26
 INSULATING STATE
 TOP OF VALENCE BANDS -    BAND    756; K    8; EIG -1.4371958E-01 AU
 TOP OF VALENCE BANDS -    BAND    756; K    1; EIG -1.5370390E-01 AU
 BOTTOM OF VIRTUAL BANDS - BAND    757; K    1; EIG -1.1606976E-02 AU
 INDIRECT ENERGY BAND GAP:   3.5950 eV
 TTTTTTTTTTTTTTTTTTTTTTTTTTTTTT PDIG        TELAPSE     4296.95 TCPU     4294.87
 CHARGE NORMALIZATION FACTOR   1.00000000
 TOTAL ATOMIC CHARGES:
   8.3442270   8.3407336   8.3402988   8.3353182   8.3348563   8.3375736
   8.3402740   8.3384960   8.3355080   8.3379453   8.3386759   8.3400524
   8.3441288   8.3426961   8.3404107   8.3377196   8.3397937   8.3391402
   8.3417893   8.3350868   8.3383294   8.3396115   8.3381320   8.3402596
   8.3425654   8.3385778   8.3393300   9.0443121   9.0198984   9.0314364
   9.0458713   9.0306321   9.0449156   9.0378744   9.0533508   9.0199657
   9.0205960   9.0316072   9.0359491   9.0367379   9.0271812   9.0361981
   9.0386000   9.0347826   9.0286702   9.0377816   9.0250549   9.0333465
   9.0324966   9.0458309   9.0372269   9.0207980   9.0340050   9.0493213
   9.0745561   9.0642004   9.0724394   9.0664484   9.0769759   9.0633837
   9.0616675   9.0638876   9.0646891   9.0649249   9.0552011   9.0577454
   9.0615918   9.0662508   9.0672683   9.0628482   9.0752885   9.0606485
   9.0789590   9.0675762   9.0810515   9.0604121   9.0630135   9.0632266
   9.0724398   9.0602425   9.0708441   9.0530600   9.0640941   9.0658674
   9.0628619   9.0647440   9.0659942   9.0686890   9.0651178   9.0680820
   9.0747769   9.0774365   9.0678171   9.0587815   9.0711194   9.0647113
   9.0608669   9.0756841   9.0684254   9.0743202   9.0565670   9.0623700
   9.0708663   9.0641764   9.0671324   9.0788376   9.0615178   9.0651061
  20.5000057  20.4853551  20.4927665  20.5013617  20.4931363  20.4953041
  20.4827128  20.5015658  20.4956851  20.4707633  20.4807693  20.4978643
  20.5063101  20.4942379  20.4739009  20.4847473  20.5000930  20.4989747
  20.5052397  20.5012238  20.4954205  20.4870205  20.4760633  20.5094050
  20.4954918  20.4923473  20.4894594
 TTTTTTTTTTTTTTTTTTTTTTTTTTTTTT MOQGAD      TELAPSE     4297.01 TCPU     4294.93
 TTTTTTTTTTTTTTTTTTTTTTTTTTTTTT SHELLXN     TELAPSE     4671.86 TCPU     4669.71
 TTTTTTTTTTTTTTTTTTTTTTTTTTTTTT MONMO3      TELAPSE     4684.50 TCPU     4682.35
 NUMERICALLY INTEGRATED DENSITY   1511.9935150005
 TTTTTTTTTTTTTTTTTTTTTTTTTTTTTT NUMDFT      TELAPSE     4701.66 TCPU     4699.51
 CYC  10 ETOT(AU) -2.971864309195E+04 DETOT -3.01E-06 tst  1.93E-09 PX  2.17E-04
 TTTTTTTTTTTTTTTTTTTTTTTTTTTTTT DIIS        TELAPSE     4706.94 TCPU     4704.78
 DIIS TEST: 0.35705E-05 AT SCF   CYCLE  10 - DIIS ACTIVE - HISTORY:    10 CYCLES
 TTTTTTTTTTTTTTTTTTTTTTTTTTTTTT FDIK        TELAPSE     4722.73 TCPU     4720.55
 INSULATING STATE
 TOP OF VALENCE BANDS -    BAND    756; K    8; EIG -1.4372071E-01 AU
 TOP OF VALENCE BANDS -    BAND    756; K    1; EIG -1.5370483E-01 AU
 BOTTOM OF VIRTUAL BANDS - BAND    757; K    1; EIG -1.1624607E-02 AU
 INDIRECT ENERGY BAND GAP:   3.5945 eV
 TTTTTTTTTTTTTTTTTTTTTTTTTTTTTT PDIG        TELAPSE     4725.32 TCPU     4723.15
 CHARGE NORMALIZATION FACTOR   1.00000000
 TOTAL ATOMIC CHARGES:
   8.3442139   8.3407288   8.3402926   8.3353015   8.3348476   8.3375710
   8.3402586   8.3384924   8.3355032   8.3379342   8.3386746   8.3400516
   8.3441147   8.3426874   8.3404089   8.3377049   8.3397908   8.3391387
   8.3417720   8.3350803   8.3383265   8.3395934   8.3381177   8.3402518
   8.3425488   8.3385666   8.3393256   9.0444491   9.0198255   9.0311978
   9.0459783   9.0304878   9.0447917   9.0378393   9.0534357   9.0194293
   9.0207015   9.0317499   9.0357435   9.0367018   9.0271685   9.0361124
   9.0387856   9.0347238   9.0283199   9.0380364   9.0251810   9.0333297
   9.0326277   9.0459106   9.0369741   9.0206580   9.0340150   9.0494445
   9.0746752   9.0643020   9.0724248   9.0664463   9.0769063   9.0632625
   9.0616516   9.0636786   9.0645989   9.0650029   9.0553324   9.0578122
   9.0614398   9.0661499   9.0671537   9.0628302   9.0752463   9.0605682
   9.0789959   9.0678190   9.0811032   9.0604606   9.0630491   9.0632435
   9.0723379   9.0601452   9.0707670   9.0531423   9.0642038   9.0659627
   9.0628803   9.0646257   9.0659542   9.0686134   9.0650656   9.0681694
   9.0747269   9.0773835   9.0677332   9.0587325   9.0711913   9.0647278
   9.0609372   9.0756641   9.0684447   9.0743285   9.0565748   9.0622846
   9.0707499   9.0641536   9.0670069   9.0788042   9.0614862   9.0649056
  20.4999591  20.4854736  20.4930509  20.5012716  20.4935112  20.4954978
  20.4830631  20.5017822  20.4961870  20.4705760  20.4805607  20.4981475
  20.5065007  20.4940962  20.4740787  20.4844635  20.5003998  20.4994837
  20.5049010  20.5010147  20.4953594  20.4868771  20.4761339  20.5096453
  20.4957146  20.4922493  20.4892288
 TTTTTTTTTTTTTTTTTTTTTTTTTTTTTT MOQGAD      TELAPSE     4725.38 TCPU     4723.21
 TTTTTTTTTTTTTTTTTTTTTTTTTTTTTT SHELLXN     TELAPSE     5100.45 TCPU     5098.10
 TTTTTTTTTTTTTTTTTTTTTTTTTTTTTT MONMO3      TELAPSE     5113.11 TCPU     5110.77
 NUMERICALLY INTEGRATED DENSITY   1511.9935150305
 TTTTTTTTTTTTTTTTTTTTTTTTTTTTTT NUMDFT      TELAPSE     5129.64 TCPU     5127.29
 CYC  11 ETOT(AU) -2.971864309218E+04 DETOT -2.23E-07 tst  4.23E-10 PX  1.19E-04
 TTTTTTTTTTTTTTTTTTTTTTTTTTTTTT DIIS        TELAPSE     5134.96 TCPU     5132.61
 DIIS TEST: 0.61542E-06 AT SCF   CYCLE  11 - DIIS ACTIVE - HISTORY:    11 CYCLES
 TTTTTTTTTTTTTTTTTTTTTTTTTTTTTT FDIK        TELAPSE     5150.62 TCPU     5148.26
 INSULATING STATE
 TOP OF VALENCE BANDS -    BAND    756; K    8; EIG -1.4373128E-01 AU
 TOP OF VALENCE BANDS -    BAND    756; K    1; EIG -1.5371580E-01 AU
 BOTTOM OF VIRTUAL BANDS - BAND    757; K    1; EIG -1.1614703E-02 AU
 INDIRECT ENERGY BAND GAP:   3.5951 eV
 TTTTTTTTTTTTTTTTTTTTTTTTTTTTTT PDIG        TELAPSE     5153.19 TCPU     5150.84
 CHARGE NORMALIZATION FACTOR   1.00000000
 TOTAL ATOMIC CHARGES:
   8.3442116   8.3407312   8.3402932   8.3353009   8.3348454   8.3375705
   8.3402533   8.3384908   8.3355036   8.3379319   8.3386776   8.3400473
   8.3441134   8.3426902   8.3404116   8.3376972   8.3397897   8.3391342
   8.3417729   8.3350839   8.3383284   8.3395957   8.3381200   8.3402535
   8.3425451   8.3385680   8.3393269   9.0444468   9.0198639   9.0312589
   9.0459748   9.0305326   9.0448404   9.0378792   9.0534894   9.0195490
   9.0206345   9.0317203   9.0358030   9.0367172   9.0271569   9.0361422
   9.0387695   9.0347625   9.0284262   9.0379630   9.0251538   9.0333221
   9.0326009   9.0459174   9.0370247   9.0206938   9.0340005   9.0494064
   9.0746746   9.0642892   9.0724112   9.0664798   9.0769348   9.0632946
   9.0616902   9.0637246   9.0646234   9.0649665   9.0552639   9.0577881
   9.0614726   9.0661715   9.0671916   9.0628299   9.0752622   9.0605922
   9.0789547   9.0677570   9.0810658   9.0604462   9.0630385   9.0632279
   9.0723534   9.0601806   9.0707796   9.0531121   9.0641538   9.0659254
   9.0628623   9.0646420   9.0659428   9.0686299   9.0650902   9.0681384
   9.0747302   9.0773860   9.0677489   9.0587274   9.0711738   9.0647282
   9.0609382   9.0756530   9.0684368   9.0743387   9.0565662   9.0622998
   9.0707840   9.0641710   9.0670438   9.0788395   9.0615180   9.0649547
  20.4999455  20.4853589  20.4929161  20.5012922  20.4934112  20.4954280
  20.4829889  20.5016318  20.4958923  20.4706959  20.4806718  20.4980970
  20.5064628  20.4941493  20.4740758  20.4844894  20.5002962  20.4992727
  20.5050459  20.5011123  20.4954249  20.4869683  20.4761385  20.5095537
  20.4956387  20.4923664  20.4893375
 TTTTTTTTTTTTTTTTTTTTTTTTTTTTTT MOQGAD      TELAPSE     5153.26 TCPU     5150.90
 TTTTTTTTTTTTTTTTTTTTTTTTTTTTTT SHELLXN     TELAPSE     5528.01 TCPU     5525.62
 +++ ENERGIES IN A.U. +++
 ::: EXT EL-POLE                                  -3.9291564356365E+04
 ::: EXT EL-SPHEROPOLE                             3.7454945354706E+02
 ::: BIELET ZONE E-E                               4.6920804714848E+04
 ::: TOTAL E-E                                     8.0037898120292E+03
 ::: TOTAL E-N + N-E                              -5.9839421663231E+04
 ::: TOTAL N-N                                    -5.5989392309249E+03
 ::: KINETIC ENERGY                                2.9177294722394E+04
 ::: PSEUDO TOTAL   ENERGY                        -2.8257276359732E+04
 ::: VIRIAL COEFFICIENT                            1.0160185467625E+00
 TTTTTTTTTTTTTTTTTTTTTTTTTTTTTT MONMO3      TELAPSE     5540.64 TCPU     5538.25
 NUMERICALLY INTEGRATED DENSITY   1511.9935150186
 EXCHANGE ENERGY: -0.140337547588E+04  CORRELATION ENERGY: -0.579912562548E+02
 TTTTTTTTTTTTTTTTTTTTTTTTTTTTTT NUMDFT      TELAPSE     5557.22 TCPU     5554.83
 CYC  12 ETOT(AU) -2.971864309187E+04 DETOT  3.09E-07 tst  6.12E-11 PX  1.19E-04

 == SCF ENDED - CONVERGENCE ON ENERGY      E(AU) -2.9718643091868E+04 CYCLES  12


 ENERGY EXPRESSION=HARTREE+FOCK EXCH*0.25000+(PBE        EXCH)*0.75000+PBE        CORR


 TOTAL ENERGY(DFT)(AU)( 12) -2.9718643091868E+04 DE 3.1E-07 tester 6.1E-11
 TTTTTTTTTTTTTTTTTTTTTTTTTTTTTT EDFT        TELAPSE     5557.24 TCPU     5554.85

 *******************************************************************************
 *                             FORCE CALCULATION                               *
 *******************************************************************************

 TTTTTTTTTTTTTTTTTTTTTTTTTTTTTT NUMDFG      TELAPSE     5680.75 TCPU     5678.36
 INFORMATION **** EXCPOG **** EXCH. BIPO BUFFER LENGTH (WORDS) =    90649584
 INFORMATION **** GENPOG **** BIPO BUFFER LENGTH (WORDS) =    12707200
 TTTTTTTTTTTTTTTTTTTTTTTTTTTTTT SHELXG      TELAPSE     7329.03 TCPU     7326.54

 CARTESIAN FORCES IN HARTREE/BOHR (ANALYTICAL)
   ATOM                     X                   Y                   Z
   1 256             3.102738124220E-03  4.406147334017E-03  8.885045605433E-03
   2 256             4.262009597322E-04  4.659646681438E-04  6.627712415223E-04
   3 256             5.362722671545E-03  5.271669178998E-03 -6.402100665166E-03
   4 256            -5.035589368537E-03  3.960768129327E-04  4.899033195296E-03
   5 256            -9.316092278592E-03  2.259833964786E-03 -1.000778686269E-02
   6 256            -3.397606718299E-03 -3.597273308560E-03 -9.247373176216E-04
   7 256             4.056435213270E-03  5.259955533263E-03  8.763580580088E-04
   8 256            -5.197613696958E-03 -1.139455735556E-02 -8.790323470866E-04
   9 256            -2.425993679019E-03  1.413276954387E-03 -8.506065821764E-03
  10 256             1.053483195637E-02  2.957554770820E-03  5.200286007505E-03
  11 256             7.712283784886E-03 -3.497377432477E-03  5.492566852627E-04
  12 256             6.271042546909E-03  1.903469415148E-04  1.762562247473E-03
  13 256             4.742977299026E-03  5.150328886152E-03  3.904613991481E-03
  14 256            -2.404656215053E-05  8.124613641507E-04 -2.456028086421E-03
  15 256             9.163678178135E-04  7.150858062142E-03  4.978873951792E-03
  16 256            -3.163651068755E-03 -1.168038650992E-03  1.245139554321E-02
  17 256            -6.356072058284E-03 -3.515707113820E-03 -9.054637476930E-03
  18 256            -1.496295064313E-03 -3.090270167402E-03  1.910291797756E-03
  19 256            -7.666507863146E-03 -2.432107180674E-03 -5.318480261948E-03
  20 256            -2.713247459733E-03  4.613361100807E-03  1.194232814509E-02
  21 256            -6.954992576279E-03  3.680336149987E-03 -7.013370861033E-03
  22 256            -1.033300189910E-02 -9.000302152723E-04  1.371106671813E-03
  23 256             9.225881183760E-03  5.211001756500E-03  7.116632259478E-03
  24 256            -1.172673785240E-03 -8.357742830894E-03  1.691689595067E-04
  25 256            -9.767423434658E-03  5.580950554036E-04 -1.051728448498E-03
  26 256             1.166756746504E-02 -1.045247096867E-03  3.833926438737E-03
  27 256            -5.932601152597E-03 -3.221355081989E-03 -8.868835578732E-04
  28   8             8.193807587196E-03 -2.271584584479E-04  1.779617469292E-03
  29   8            -2.557679745750E-03 -2.222696330441E-03  2.282916349213E-02
  30   8             5.753707417267E-03 -6.064395174159E-03 -3.072024394234E-03
  31   8            -5.829384656642E-03 -6.131041572088E-04 -4.108192346382E-03
  32   8            -6.703668323217E-04 -5.966326883795E-03  2.195574905544E-02
  33   8             5.713794896203E-03 -2.992979153063E-03 -6.246610270806E-03
  34   8             1.013427853898E-03 -3.351434175981E-03  2.577949064201E-02
  35   8             7.481969453814E-03  3.845712836367E-03 -7.870781745343E-04
  36   8            -5.761825653580E-03  5.312293281331E-03 -2.765702921655E-02
  37   8            -8.280219988779E-03  2.850029798351E-03  2.120864689927E-02
  38   8            -3.176667872976E-03 -2.013443472517E-03  1.672730765662E-02
  39   8             1.436757276360E-03  7.707921737064E-03 -1.607011767789E-02
  40   8             4.494034609334E-03 -1.613219394726E-04  5.567931057318E-04
  41   8             3.848140318662E-03 -1.451300256668E-03  6.557328719055E-03
  42   8            -2.499790824183E-03 -5.208713537988E-03 -9.159812436070E-03
  43   8             2.855368742600E-03 -1.614355654528E-04  4.141200981247E-03
  44   8            -1.818445547448E-03 -3.945830480219E-03  5.578505086606E-03
  45   8             4.243280556314E-03 -2.598408053980E-03 -7.682393021496E-03
  46   8             2.568932267513E-03  4.680688596183E-03 -6.281247167052E-03
  47   8            -5.972881395359E-03  3.463442985091E-04  8.020419430941E-03
  48   8            -7.804057520245E-04 -9.282062866397E-03 -3.471692384406E-03
  49   8            -3.974903457189E-03  6.172900306661E-03 -1.160487924887E-02
  50   8            -4.146158178011E-03  2.181732580663E-03  1.994807267051E-02
  51   8            -1.070172233872E-04  8.219438047957E-03 -7.780420749068E-03
  52   8             4.396483224717E-03  3.782493255730E-03  7.581582541238E-05
  53   8            -1.319380014233E-03  2.262314545035E-03  2.874572449243E-02
  54   8            -3.242232074223E-03  2.278873803269E-03 -1.806190468681E-02
  55   8             2.796159353213E-03  9.667009443956E-03 -4.178275096021E-03
  56   8            -2.944765444711E-04  6.738068702196E-03 -1.275697282756E-03
  57   8            -6.833986012069E-03 -4.023137145943E-03 -1.019647327162E-03
  58   8             8.890502067845E-03 -2.544331335255E-03 -2.189981313750E-03
  59   8             5.137229528021E-03 -1.391978607789E-03  7.111698548031E-03
  60   8             3.441890578590E-03 -6.473778467993E-03 -5.705804406135E-03
  61   8            -2.338061474089E-04 -1.865489461675E-03  5.776821141309E-03
  62   8             1.464801337727E-04  2.812952518340E-03 -4.755648052619E-03
  63   8             6.115080138767E-03  6.475557389533E-03  8.431225194585E-04
  64   8             3.533130246919E-03 -8.590188046440E-03 -2.834200918313E-03
  65   8             1.225941813433E-03 -1.834110511229E-03 -1.450108643012E-03
  66   8            -2.536075312553E-03 -1.095739321774E-02 -5.640639107284E-03
  67   8            -4.521195072040E-03  4.066612228239E-03 -7.671882254128E-04
  68   8            -2.627247036526E-03  7.874632128978E-03 -5.272193086222E-03
  69   8            -2.302231788756E-03 -1.137610089662E-02 -3.106719894266E-03
  70   8            -2.156390766114E-03 -6.824043795427E-03  1.358216941137E-03
  71   8            -3.534184829606E-03  8.262443484524E-03  3.103620292265E-03
  72   8             2.463778462845E-03  1.454892198823E-02  9.131058767071E-04
  73   8            -2.351076815211E-03 -1.118672180886E-02 -2.109608253461E-03
  74   8             4.450483560598E-03  4.789859360547E-03  1.465093995967E-03
  75   8             8.182373486786E-03  4.691162735949E-04  4.191226800139E-03
  76   8            -3.655193236268E-03 -1.456425626222E-02  4.297621738658E-04
  77   8            -4.545694690344E-03 -1.060947436939E-02  4.366674248853E-03
  78   8            -1.857940953480E-03  4.738672834305E-03  2.757924402144E-03
  79   8            -8.827572154600E-03  9.774508744217E-03 -2.353273377550E-04
  80   8             5.357815721566E-03  3.057193178059E-03  3.581243469792E-03
  81   8             1.618961709605E-03 -1.083006862181E-02  3.872225463394E-03
  82   8            -3.357493755696E-03 -2.787960264115E-03 -2.084105069495E-04
  83   8             4.797338929235E-03 -7.578806833676E-03 -1.609761227443E-04
  84   8             2.724473182193E-03 -1.179622251225E-02 -1.054422675077E-03
  85   8             8.973454782598E-03  1.303446179345E-03 -6.913410692001E-03
  86   8             1.268434854253E-02 -9.850242348685E-04  5.810841228016E-03
  87   8            -6.030144504137E-03  4.008300290367E-03 -5.392091445728E-03
  88   8            -1.500707756642E-03  3.135803185986E-03  6.423098973201E-03
  89   8            -2.628347563965E-03  3.768126344352E-03 -3.872270222252E-03
  90   8             8.739156518841E-03  7.502745507992E-03  3.780157986209E-03
  91   8            -7.187521076458E-03  5.548979798824E-03  4.809848822196E-04
  92   8            -5.480884971524E-03 -2.207308352199E-05 -6.527923875104E-03
  93   8            -4.259900674867E-03  4.589962488927E-04 -1.430577968410E-03
  94   8             1.049602747487E-02  1.412953604056E-04 -4.177438328443E-03
  95   8             6.742655744920E-03 -6.459199598094E-03  2.635776848538E-03
  96   8            -6.247654684144E-03  7.548671707385E-04  9.466168427881E-04
  97   8             2.206205002910E-03  8.034136771294E-04  5.009146510509E-03
  98   8            -6.471434863966E-03 -1.976528372416E-03 -2.522759526540E-03
  99   8            -1.089611820940E-02  2.640050516448E-03 -3.446094663098E-03
 100   8             2.916285298863E-03  3.882035852168E-03 -4.179812179459E-03
 101   8             5.833759743033E-03 -2.970474569130E-04  6.179579204306E-03
 102   8             2.985038734760E-03  4.769355145074E-03  2.715874657615E-04
 103   8            -1.099789347868E-02  5.150679237697E-03  4.017468407695E-03
 104   8            -1.342553642347E-02 -3.720139783681E-03  2.759475728487E-03
 105   8             1.369256569930E-02  6.162915588887E-03 -2.972812636857E-03
 106   8             6.123451222719E-03  5.556230230399E-04 -5.575771683082E-03
 107   8            -6.640379265839E-03  1.816149482916E-03  5.722762089123E-03
 108   8            -5.207560051928E-03  2.366756414750E-03  4.222472010331E-03
 109  22            -2.475115221686E-02  7.630481957187E-03  7.742215743809E-03
 110  22            -1.264340751908E-02 -7.482022314702E-04 -2.322387276839E-02
 111  22             1.062390975257E-03  1.857382485518E-02  9.644586208742E-03
 112  22             1.273466680859E-03  1.053547223313E-02  1.495641813790E-02
 113  22            -6.611421157553E-04  1.441712535182E-02 -2.840479745207E-02
 114  22            -8.254448855560E-04 -7.192678855476E-03  1.541163364554E-02
 115  22             7.465518755992E-03 -1.466090849046E-02 -2.977138813115E-02
 116  22            -9.756118954196E-03 -1.010220793775E-02  1.087847088837E-02
 117  22            -3.820688272525E-03 -1.868461899375E-02  9.090136891874E-03
 118  22             2.938827633906E-03 -3.526371899654E-03 -2.542612047039E-02
 119  22             2.209519643224E-02 -4.064167151304E-03 -4.370078517345E-03
 120  22             6.161719833055E-03 -6.158263357805E-03  2.347936517646E-02
 121  22            -3.341109747633E-03  4.913259431508E-04 -2.014386996911E-02
 122  22             3.525346015738E-04 -3.139001586985E-03 -1.303577420954E-02
 123  22             3.624572942869E-03  3.832988775298E-03  2.050329289417E-02
 124  22            -2.177536421651E-02 -2.196411320488E-03  3.970801587252E-03
 125  22             8.409626774617E-03  1.098458151866E-02 -6.012195687722E-03
 126  22             1.757583037756E-02 -1.080073965790E-03 -2.285579955039E-03
 127  22             1.397539638981E-02  1.540941383282E-02  7.188807104253E-03
 128  22            -5.549421232284E-03  4.812467583787E-03 -1.898994352778E-02
 129  22            -4.410289032671E-03  1.958833309488E-02 -8.931697630572E-03
 130  22             7.782749435286E-03 -1.082302250070E-02  3.139067512579E-02
 131  22             3.331432830425E-03  5.841675127360E-03 -3.130605279536E-02
 132  22             5.331411171641E-03 -1.571747660447E-02 -4.947740894083E-03
 133  22             1.670096652253E-02 -1.156562134388E-02 -4.969338923327E-03
 134  22            -5.348568749235E-03 -1.055570419596E-02 -3.276553985925E-02
 135  22            -1.579285879853E-02 -2.211667131538E-03  2.133946197180E-02

 RESULTANT FORCE     3.001071613440E-14 -1.586238085327E-12  1.002958827101E-11

 SYMMETRY ALLOWED FORCES (ANALYTICAL) (DIRECTION, FORCE)

    1  3.1142940E-03    2  4.4225576E-03    3  8.9181371E-03    4  4.5104187E-04
    5  5.0071822E-04    6  7.3181331E-04    7  5.4096314E-03    8  5.3283709E-03
    9 -6.3542458E-03   10 -4.9871549E-03   11  4.7472526E-04   12  4.9416182E-03
   13 -9.3223061E-03   14  2.3492748E-03   15 -9.9845586E-03   16 -3.4529129E-03
   17 -3.5123493E-03   18 -9.4347336E-04   19  4.0033184E-03   20  5.3520770E-03
   21  8.5730155E-04   22 -5.2556933E-03   23 -1.1325899E-02   24 -8.9826226E-04
   25 -2.5146442E-03   26  1.4431258E-03   27 -8.5626029E-03   28  1.0477884E-02
   29  3.0050676E-03   30  5.1302361E-03   31  7.7281387E-03   32 -3.4517028E-03
   33  5.0169767E-04   34  6.3436276E-03   35  2.2303253E-04   36  1.7239878E-03
   37  4.8610982E-03   38  5.2051215E-03   39  3.8888741E-03   40  1.1442612E-04
   41  8.9220701E-04   42 -2.4659898E-03   43  1.0597004E-03   44  7.2643632E-03
   45  4.9793617E-03   46 -3.0285576E-03   47 -1.0286230E-03   48  1.2524884E-02
   49 -6.2600352E-03   50 -3.3948987E-03   51 -8.9663871E-03   52 -1.4328120E-03
   53 -2.9965408E-03   54  1.9689901E-03   55 -7.6418625E-03   56 -2.3612689E-03
   57 -5.2739721E-03   58 -2.7332773E-03   59  4.6943213E-03   60  1.2016058E-02
   61 -7.0174578E-03   62  3.7982123E-03   63 -6.9176529E-03   64 -1.0472210E-02
   65 -7.6891146E-04   66  1.4428927E-03   67  9.0807071E-03   68  5.3625064E-03
   69  7.2268370E-03   70 -1.2831402E-03   71 -8.2191265E-03   72  3.1296493E-04
   73 -9.9284809E-03   74  6.6276353E-04   75 -9.1063713E-04   76  1.1513938E-02
   77 -9.4186385E-04   78  3.9890614E-03   79 -6.0614034E-03   80 -3.1367042E-03
   81 -7.1678757E-04   82  8.0744767E-03   83 -1.5772777E-04   84  1.9554768E-03
   85 -2.6517878E-03   86 -2.1641375E-03   87  2.3122442E-02   88  5.6739477E-03
   89 -6.0446004E-03   90 -2.6826179E-03   91 -5.9104018E-03   92 -6.2500834E-04
   93 -3.7494270E-03   94 -7.8350730E-04   95 -6.0101937E-03   96  2.2404506E-02
   97  5.6242289E-03   98 -3.0809437E-03   99 -5.7171777E-03  100  9.5606244E-04
  101 -3.4715237E-03  102  2.6410749E-02  103  7.4663796E-03  104  3.7269761E-03
  105 -2.5521738E-05  106 -5.7690944E-03  107  5.2384029E-03  108 -2.7031095E-02
  109 -8.3588761E-03  110  2.8167919E-03  111  2.1808828E-02  112 -3.3148188E-03
  113 -2.0427956E-03  114  1.7528135E-02  115  1.2882210E-03  116  7.7079011E-03
  117 -1.5258024E-02  118  4.3750367E-03  119 -1.2193805E-04  120  1.2963933E-03
  121  3.7720139E-03  122 -1.4200502E-03  123  7.3424810E-03  124 -2.5696111E-03
  125 -5.2127987E-03  126 -8.3804035E-03  127  2.7867935E-03  128 -1.9452026E-04
  129  4.9021011E-03  130 -1.8821732E-03  131 -4.0017777E-03  132  6.4008573E-03
  133  4.1923380E-03  134 -2.6911102E-03  135 -6.8627791E-03  136  2.5554527E-03
  137  4.5986969E-03  138 -5.5304651E-03  139 -6.0058808E-03  140  2.9175950E-04
  141  8.7897383E-03  142 -8.5228943E-04  143 -9.3884907E-03  144 -2.6677740E-03
  145 -4.0751595E-03  146  6.0475261E-03  147 -1.0878953E-02  148 -4.2950830E-03
  149  2.1036833E-03  150  2.0731819E-02  151 -2.8280179E-04  152  8.2021177E-03
  153 -6.9158814E-03  154  4.2443600E-03  155  3.8367568E-03  156  9.0471235E-04
  157 -1.4548018E-03  158  2.3538446E-03  159  2.9759874E-02  160 -3.4073379E-03
  161  2.3993884E-03  162 -1.6970639E-02  163  2.6263475E-03  164  9.8633637E-03
  165 -3.2113296E-03  166 -4.5075079E-04  167  7.0400160E-03  168 -3.3083453E-04
  169 -7.0377890E-03  170 -3.7002669E-03  171 -7.7363077E-05  172  8.6976629E-03
  173 -2.2596368E-03  174 -1.2562704E-03  175  5.0334782E-03  176 -1.1292666E-03
  177  8.0899822E-03  178  3.3935459E-03  179 -6.2597908E-03  180 -4.7055311E-03
  181 -2.6135027E-04  182 -1.7044969E-03  183  6.7912551E-03  184  1.1797590E-04
  185  2.9826887E-03  186 -3.7207066E-03  187  6.1295089E-03  188  6.7117831E-03
  189  1.8654877E-03  190  3.6151714E-03  191 -8.3658126E-03  192 -1.8115498E-03
  193  1.3428431E-03  194 -1.6803184E-03  195 -4.4330325E-04  196 -2.4270145E-03
  197 -1.0893653E-02  198 -4.6704694E-03  199 -4.4621102E-03  200  4.0813805E-03
  201  1.7049922E-04  202 -2.6201895E-03  203  7.9781814E-03  204 -4.3654745E-03
  205 -2.3321248E-03  206 -1.1297863E-02  207 -2.2493078E-03  208 -2.2207732E-03
  209 -6.8834200E-03  210  2.2155010E-03  211 -3.6437222E-03  212  8.2137476E-03
  213  4.0088384E-03  214  2.3442715E-03  215  1.4679281E-02  216  1.8641426E-03
  217 -2.4717472E-03  218 -1.1028195E-02  219 -1.1530226E-03  220  4.3451434E-03
  221  4.8994774E-03  222  2.4321118E-03  223  8.1798293E-03  224  6.2386546E-04
  225  5.2210715E-03  226 -3.6201485E-03  227 -1.4525887E-02  228  1.5156192E-03
  229 -4.5801812E-03  230 -1.0785482E-02  231  5.5122350E-03  232 -1.9486145E-03
  233  4.5091251E-03  234  3.9853068E-03  235 -9.0146906E-03  236  9.6695386E-03
  237  1.0359898E-03  238  5.1366345E-03  239  3.0656715E-03  240  4.9057684E-03
  241  1.4575783E-03  242 -1.0893331E-02  243  5.2894539E-03  244 -3.5383587E-03
  245 -2.9793392E-03  246  1.2693781E-03  247  4.6271091E-03  248 -7.8727866E-03
  249  1.3414472E-03  250  2.6238750E-03  251 -1.2284233E-02  252  4.6533385E-04
  253  8.9870000E-03  254  7.0250841E-04  255 -5.4427386E-03  256  1.2917143E-02
  257 -1.5950023E-03  258  7.3007315E-03  259 -5.7249273E-03  260  3.4171778E-03
  261 -3.8677505E-03  262 -1.2680967E-03  263  2.6073962E-03  264  7.9910366E-03
  265 -2.4352015E-03  266  3.3026349E-03  267 -2.2437672E-03  268  9.0043868E-03
  269  7.1511159E-03  270  5.4439014E-03  271 -6.8998879E-03  272  5.3359923E-03
  273  2.2297984E-03  274 -5.3321601E-03  275 -1.7678542E-04  276 -4.8088744E-03
  277 -4.2222055E-03  278  3.0581701E-04  279  2.3563171E-04  280  1.0610834E-02
  281 -8.3647957E-06  282 -2.5388465E-03  283  7.0728705E-03  284 -6.6910632E-03
  285  4.2963112E-03  286 -5.9038399E-03  287  4.4548540E-04  288  2.6944169E-03
  289  2.5071604E-03  290  5.0623951E-04  291  6.8800503E-03  292 -6.2200937E-03
  293 -2.2975168E-03  294 -5.6945944E-04  295 -1.0876255E-02  296  2.3197847E-03
  297 -1.5211354E-03  298  2.8256455E-03  299  3.6447466E-03  300 -2.3081180E-03
  301  5.8676327E-03  302 -4.8968173E-04  303  8.1355975E-03  304  3.1512631E-03
  305  4.6382911E-03  306  2.3816658E-03  307 -1.0951487E-02  308  5.1682775E-03
  309  6.2589250E-03  310 -1.3765727E-02  311 -3.6803707E-03  312  5.1795485E-03
  313  1.3349184E-02  314  6.2453522E-03  315 -4.7762865E-04  316  6.1033157E-03
  317  7.5396827E-04  318 -3.1412813E-03  319 -6.6722246E-03  320  2.0632697E-03
  321  8.2469883E-03  322 -5.4558181E-03  323  2.6990327E-03  324  7.0191555E-03
  325 -2.5577655E-02  326  8.1649146E-03  327  1.0870914E-02  328 -1.4233553E-02
  329 -5.9386663E-05  330 -2.0281952E-02  331 -8.2632969E-04  332  1.9658650E-02
  333  1.2436105E-02  334 -6.4589277E-04  335  1.2284319E-02  336  1.8391614E-02
  337 -2.6527016E-03  338  1.6799445E-02  339 -2.5126332E-02  340 -2.9443176E-03
  341 -4.5371120E-03  342  1.8551930E-02  343  5.4076833E-03  344 -1.2411221E-02
  345 -2.6841392E-02  346 -1.1983849E-02  347 -8.3709746E-03  348  1.3487118E-02
  349 -6.5340107E-03  350 -1.7641371E-02  351  1.2379333E-02  352  4.7804901E-05
  353 -3.0525433E-03  354 -2.2429651E-02  355  1.9796638E-02  356 -3.7920577E-03
  357 -2.0861657E-03  358  4.6191064E-03  359 -6.1997270E-03  360  2.6541889E-02
  361 -4.8983307E-03  362  2.5519190E-04  363 -1.6779866E-02  364 -1.4285753E-03
  365 -3.4932489E-03  366 -1.0648047E-02  367  1.8626078E-03  368  3.4835376E-03
  369  2.3407362E-02  370 -2.4504501E-02  371 -2.5104983E-03  372  8.1788613E-03
  373  4.8149497E-03  374  1.1074229E-02  375 -1.5107622E-03  376  1.4985154E-02
  377 -4.7424294E-04  378  2.2579875E-03  379  1.2935075E-02  380  1.6959523E-02
  381  1.2573612E-02  382 -6.2059119E-03  383  7.9016797E-03  384 -1.3729126E-02
  385 -5.9355664E-03  386  2.5083833E-02  387 -4.9888820E-03  388  6.3337476E-03
  389 -3.6343799E-03  390  3.8268022E-02  391  2.7805016E-03  392  1.4180510E-02
  393 -2.3228510E-02  394  5.8989882E-03  395 -6.5874041E-03  396  4.4807985E-04
  397  2.2267234E-02  398 -4.2310328E-03  399  6.0722852E-04  400  7.3852283E-03
  401 -5.9001252E-03  402 -3.8258014E-02
 TTTTTTTTTTTTTTTTTTTTTTTTTTTTTT TOTGRA      TELAPSE     7360.64 TCPU     7358.07
 EIGENVECTORS IN FORTRAN UNIT  8
 TTTTTTTTTTTTTTTTTTTTTTTTTTTTTT END         TELAPSE     7365.09 TCPU     7362.25
 EEEEEEEEEE TERMINATION  DATE 25 03 2026 TIME 19:19:37.2
NODE    0 CPU TIME =      7362.248
NODE    1 CPU TIME =      7362.933
NODE    2 CPU TIME =      7362.356
NODE    3 CPU TIME =      7361.689
NODE    4 CPU TIME =      7362.674
NODE    5 CPU TIME =      7363.467
NODE    6 CPU TIME =      7362.754
NODE    7 CPU TIME =      7363.075
NODE    8 CPU TIME =      7362.441
NODE    9 CPU TIME =      7362.947
NODE   10 CPU TIME =      7362.860
NODE   11 CPU TIME =      7361.363
NODE   12 CPU TIME =      7363.122
NODE   13 CPU TIME =      7363.016
NODE   14 CPU TIME =      7362.757
NODE   15 CPU TIME =      7362.646
NODE   16 CPU TIME =      7362.605
NODE   17 CPU TIME =      7363.170
NODE   18 CPU TIME =      7362.796
NODE   19 CPU TIME =      7362.922
NODE   20 CPU TIME =      7362.736
NODE   21 CPU TIME =      7362.749
NODE   22 CPU TIME =      7362.862
NODE   23 CPU TIME =      7362.321
NODE   24 CPU TIME =      7362.665
NODE   25 CPU TIME =      7363.069
NODE   26 CPU TIME =      7362.410
NODE   27 CPU TIME =      7362.551
NODE   28 CPU TIME =      7362.438
NODE   29 CPU TIME =      7361.083
NODE   30 CPU TIME =      7362.038
NODE   31 CPU TIME =      7362.065
    TOTAL CPU TIME =    235602.826
------------------------------------------------------
Pcrystal finished normally
------------------------------------------------------
SCF wavefunction fort.9 saved as /users/zeitzsab/tetra_script_walkthrough/oldPyro_tetra/rdm/rdm_disp16.w
Date: 2026-03-25 19:19:37