Date: 2026-03-25 17:23:21
Running on: nid002338
Temporary directory: /scratch/project_462000878/zeitzsab/rdm_disp28_251862
Executable: /project/project_462000878/jchem/crystal/23-1.0.1-gnu/install/bin/Pcrystal
Output: /users/zeitzsab/tetra_script_walkthrough/oldPyro_tetra/rdm/rdm_disp28.out
Input data rdm_disp28.d12
converted and standardized from ase Atoms() object for Ba27Ti27O81 in space group 1
EXTERNAL
ENDGEOM 
256 6 
INPUT 
10. 0 2 2 2 1 0 
9.526986 427.845816 0 
4.487510 204.417530 0 
8.315930 293.605864 0 
4.292217 294.193316 0 
5.916108 112.550402 0 
2.874842 181.782621 0 
3.589465 -33.473174 0 
0 0 3 2.0 1.0 
2.3961900000 -5.9554766710 
2.2433050000 6.6805648241 
0.71740200000 -0.57055347037 
0 0 1 2.0 1.0 
0.27420073547 1.0000000000 
0 1 1 0.0 1.0 
0.13 1.0 1.0 
0 2 4 6.0 1.0 
2.9267420000 0.79815276764 
2.5207180000 -1.0707548832 
0.67578180854 0.34940781448 
0.31985844531 0.65041110673 
0 3 2 0.0 1.0 
0.966315 -0.908938 
0.893828 0.947240 
0 3 1 0.0 1.0 
0.273195 0.322057 
22 12 
0 0 8 2.0 1.0 
211575.69025 .23318151011E-03 
31714.945058 .18079690851E-02 
7217.5476543 .93984311352E-02 
2042.9394247 .38156853618E-01 
665.12896208 .12374757197 
238.74942264 .29208551143 
92.508691001 .41226800855 
36.403919209 .21090534061 
0 0 4 2.0 1.0 
232.72624607 -.24920140738E-01 
71.791209711 -.11746490087 
11.158534615 .56503342318 
4.6548135416 .56211101812 
0 0 2 2.0 1.0 
6.8034629174 -.23011425503 
1.1201076403 .72103186735 
0 0 1 2.0 1.0 
0.48080118839 1.0000000000 
0 0 1 0.0 1.0 
0.24 1.0 
0 1 1 0.0 1.0 
0.12 1.0 1.0 
0 2 6 6.0 1.0 
1063.1474732 .24690839320E-02 
251.56507061 .19773345523E-01 
80.408554854 .90987976672E-01 
29.768193269 .25559900413 
11.736830556 .40489386764 
4.7142375230 .23693402558 
0 2 3 6.0 1.0 
17.796803704 -.27878639615E-01 
2.4272698680 .55672914668 
0.96823445537 1.0055447350 
0 2 1 0.0 1.0 
0.37056694165 1.0000000000 
0 3 4 2.0 1.0 
37.713384723 .11513835092E-01 
10.692931184 .67246343996E-01 
3.6728446990 .21484207775 
1.3588590303 .38890892779 
0 3 1 0.0 1.0 
0.54 1.0 
0 3 1 0.0 1.0 
0.22 1.0 
8 7 
0 0 6 2.0 1.0 
27032.382631 0.21726302465E-03 
4052.3871392 0.16838662199E-02 
922.32722710 0.87395616265E-02 
261.24070989 0.35239968808E-01 
85.354641351 0.11153519115 
31.035035245 0.25588953961 
0 0 2 2.0 1.0 
12.271113873 0.39768730901 
4.9159842006 0.24627849430 
0 0 1 0.0 1.0 
0.90086482370 1.0000000000 
0 1 1 0.0 1.0 
0.25000000000 1.0 1.0 
0 2 4 4.0 1.0 
75.300554155 0.60685103418E-02 
17.743733858 0.41912575824E-01 
5.5355828651 0.16153841088 
2.0685535103 0.35706951311 
0 2 1 0.0 1.0 
0.78238772422 1.0000000000 
0 3 1 0.0 1.0 
1.2000000000 1.0000000000 
99 0 
ENDBAS 
DFT 
PBE0 
ENDDFT 
SHRINK 
0 2 
2 2 2 
TOLINTEG 
8 8 8 8 16 
MAXCYCLE 
100 
FMIXING 
80 
EXCHSIZE 
30000000 
BIPOSIZE 
30000000 
GRADCAL 
ENDEXTERNAL geometry rdm_disp28.ext is available as /scratch/project_462000878/zeitzsab/rdm_disp28_251862/fort.34
 PROCESS           29  OF           32  WORKING
 PROCESS            5  OF           32  WORKING
 PROCESS           25  OF           32  WORKING
 PROCESS           12  OF           32  WORKING
 PROCESS           14  OF           32  WORKING
 PROCESS           15  OF           32  WORKING
 PROCESS           19  OF           32  WORKING
 PROCESS           30  OF           32  WORKING
 PROCESS           18  OF           32  WORKING
 PROCESS           31  OF           32  WORKING
 PROCESS            6  OF           32  WORKING
 PROCESS            9  OF           32  WORKING
 PROCESS           23  OF           32  WORKING
 PROCESS            4  OF           32  WORKING
 PROCESS           24  OF           32  WORKING
 PROCESS           26  OF           32  WORKING
 PROCESS           27  OF           32  WORKING
 PROCESS            7  OF           32  WORKING
 PROCESS           20  OF           32  WORKING
 PROCESS           10  OF           32  WORKING
 PROCESS           11  OF           32  WORKING
 PROCESS           22  OF           32  WORKING
 PROCESS           28  OF           32  WORKING
 PROCESS            0  OF           32  WORKING
 PROCESS            1  OF           32  WORKING
 PROCESS            2  OF           32  WORKING
 PROCESS            3  OF           32  WORKING
 PROCESS           16  OF           32  WORKING
 PROCESS           17  OF           32  WORKING
 PROCESS           21  OF           32  WORKING
 PROCESS            8  OF           32  WORKING
 PROCESS           13  OF           32  WORKING

         
 *******************************************************************************
 *                                                                             *
 *                               CRYSTAL23                                     *
 *                      public : 1.0.1 - October 2022                          *
 *                       HTTP://WWW.CRYSTAL.UNITO.IT                           *
 *                                                                             *
 *                              MAIN AUTHORS                                   *
 *                                                                             *
 *  R. DOVESI(1,11), V.R. SAUNDERS(2), C. ROETTI(1,11), R. ORLANDO(1,11),      *
 *  C.M. ZICOVICH-WILSON(1,3), F. PASCALE(4), B. CIVALLERI(1,11),              *
 *  K. DOLL(5), N.M. HARRISON(6), I.J. BUSH(7), Ph. D'ARCO(8),                 *
 *  M. LLUNELL(9), M. CAUSA'(10), Y. NOEL(8), L. MASCHIO(1,11), A. ERBA(1,11)  *
 *  M. RE'RAT(14), S. CASASSA(1,11), B.G. SEARLE(2), J.K. DESMARAIS(1)         *
 *                                                                             *
 *        CONTRIBUTIONS TO THE CODE HAVE ALSO BEEN GIVEN BY                    *
 *                                                                             *
 *  M. FERRABONE(1,11), M. DE LA PIERRE(1,11), M. FERRERO(1,11),               *
 *  J. BAIMA(1,11), E. ALBANESE(1,11), M.F. PEINTINGER(12), R. BAST(13),       *
 *  B. KIRTMAN(15), V. LACIVITA(1,11), R. DEMICHELIS(1,16)                     *
 *  G. BRANDEBURG(17), S. SALUSTRO(1,11), G. SANSONE(1,11)                     *
 *  M.T. RUGGIERO(18), L.E. DAGA(1), L. DONA'(1), A. COSSARD(1)                *
 *                                                                             *
 * (1) THEORETICAL CHEMISTRY GROUP - UNIVERSITA' DI TORINO - TORINO (ITALY)    *
 * (2) SCIENTIFIC COMPUTING DEPARTMENT - STFC DARESBURY (UK)                   *
 * (3) UNIVERSIDAD AUTONOMA DEL ESTADO DE MORELOS - CUERNAVACA (MEXICO)        *
 * (4) UNIVERSITE' DE LORRAINE - NANCY (FRANCE)                                *
 * (5) UNIVERSITAET STUTTGART- STUTTGART (GERMANY)                             *
 * (6) IMPERIAL COLLEGE - LONDON (UK)                                          *
 * (7) SCIENTIFIC COMPUTING DEPARTMENT - STFC RAL (UK)                         *
 * (8) UPMC - SORBONNE UNIVERSITES - PARIS (FRANCE)                            *
 * (9) UNIVERSIDAD DE BARCELONA - BARCELONA (SPAIN)                            *
 *(10) UNIVERSITA' DI NAPOLI "FEDERICO II" - NAPOLI (ITALY)                    *
 *(11) NIS - NANOSTRUCTURED INTERFACES AND SURFACES - TORINO (ITALY)           *
 *(12) MPI FUER CHEMISCHE ENERGIEKONVERSION - MUELHEIM AN DER RUHR (GERMANY)   *
 *(13) UNIVERSITY OF TROMSO - TROMSO (NORWAY)                                  *
 *(14) UNIVERSITE' DE PAU ET DES PAYS DE L'ADOUR - PAU (FRANCE)                *
 *(15) UNIVERSITY OF CALIFORNIA SANTA BARBARA - SANTA BARBARA (USA)            *
 *(16) CURTIN UNIVERSITY - PERTH (AUSTRALIA)                                   *
 *(17) UNIVERSITY COLLEGE LONDON - LONDON (UK)                                 *
 *(18) UNIVERSITY OF VERMONT - BURLINGTON (USA)                                *
 *                                                                             *
 *******************************************************************************
 EEEEEEEEEE STARTING  DATE 25 03 2026 TIME 17:23:23.0
 converted and standardized from ase Atoms() object for Ba27Ti27O81 in space grou
 filename=fort.34                        0           0

 GEOMETRY INPUT FROM EXTERNAL FILE (FORTRAN UNIT 34)
 3D - CRYSTAL 

 *******************************************************************************
 LATTICE PARAMETERS  (ANGSTROMS AND DEGREES) - PRIMITIVE CELL
       A          B          C        ALPHA      BETA     GAMMA        VOLUME
   11.90773   11.90773   12.27480    90.00000  90.00000  90.00000   1740.493702
 INFORMATION **** CHKGRP **** SPGR WITH NO INVERSION

 NUMBER OF IRREDUCIBLE ATOMS IN THE CELL:  135

 CARTESIAN COORDINATES (ANGSTROM) - IRREDUCIBLE ATOMS AND SYMMETRY RELATED

 AT.IRR.  AT  AT.N.          X                   Y                   Z
     1     1   256   -1.541304229423E-02  3.625313337755E-02  3.312513927872E-02
     2     2   256    1.182350335870E-02  3.421515257969E-02  4.134800356371E+00
     3     3   256    7.270605589272E-03  1.046657623097E-04  8.170049891415E+00
     4     4   256   -7.846156083501E-03  3.986983197900E+00  6.116867106223E-02
     5     5   256    1.361508356028E-02  3.999687804173E+00  4.095698056770E+00
     6     6   256    6.839729223732E-03  3.951767739395E+00  8.244707448166E+00
     7     7   256   -2.733493934262E-02  7.963075238602E+00  1.042859128367E-02
     8     8   256    3.557271358010E-02  7.956303359211E+00  4.121934525699E+00
     9     9   256   -2.552730346962E-02  7.955057880041E+00  8.235341455817E+00
    10    10   256    3.965301694455E+00 -5.354131481856E-03  6.562971901114E-02
    11    11   256    3.991455539822E+00  4.910984447645E-03  4.150686886879E+00
    12    12   256    3.953663078750E+00  3.330927262343E-02  8.225122438109E+00
    13    13   256    3.980383636139E+00  4.001195167609E+00  4.854059128928E-03
    14    14   256    3.974867340196E+00  3.929804339181E+00  4.121371964698E+00
    15    15   256    3.996602527770E+00  3.982991927555E+00  8.235123171141E+00
    16    16   256    3.998086965909E+00  7.966146936516E+00  2.795412818584E-02
    17    17   256    3.955443707868E+00  7.918913587659E+00  4.149821641954E+00
    18    18   256    3.953105595902E+00  7.948862536055E+00  8.174284654114E+00
    19    19   256    7.918238545893E+00 -3.431863483311E-02  2.967371750369E-02
    20    20   256    7.923576416200E+00 -3.020972534841E-02  4.139348603582E+00
    21    21   256    7.963588398802E+00  3.073791219182E-02  8.214401984031E+00
    22    22   256    7.914258560143E+00  3.943215454485E+00  7.872385983277E-03
    23    23   256    7.951164155350E+00  3.938241436406E+00  4.095918139923E+00
    24    24   256    7.923117328928E+00  3.992471764521E+00  8.180674405177E+00
    25    25   256    7.965408722549E+00  7.967728673457E+00  3.069581396818E-02
    26    26   256    7.961220736487E+00  7.970182878639E+00  4.126658024239E+00
    27    27   256    7.900911827457E+00  7.932026055649E+00  8.221475282754E+00
    28    28     8    1.955350007734E+00  1.957553643508E+00  3.957396230615E+00
    29    29     8    1.986957344570E+00  1.966322428218E+00  8.087716906042E+00
    30    30     8    1.962834273500E+00  1.978852227417E+00  1.217686907725E+01
    31    31     8    1.960559453396E+00  5.973248350371E+00  3.986029880450E+00
    32    32     8    1.991295033605E+00  5.938036992371E+00  8.016101745047E+00
    33    33     8    1.962634591341E+00  5.984662448063E+00  1.215679127629E+01
    34    34     8    2.017973301779E+00  9.915798694520E+00  3.939788238116E+00
    35    35     8    1.970019498016E+00  9.937625780406E+00  8.017931115547E+00
    36    36     8    2.014251327273E+00  9.899482312908E+00  1.215662233769E+01
    37    37     8    5.967397125803E+00  1.964246752410E+00  3.992277200153E+00
    38    38     8    5.920524081465E+00  2.002706635539E+00  8.064922913901E+00
    39    39     8    5.961466277908E+00  1.979292777843E+00  1.218273184213E+01
    40    40     8    5.956657791220E+00  5.963069748033E+00  3.921799868918E+00
    41    41     8    5.934917525375E+00  5.942279609343E+00  8.018958346602E+00
    42    42     8    5.942042553494E+00  5.980900959295E+00  1.211681756174E+01
    43    43     8    5.921256969639E+00  9.904361906477E+00  3.974231420525E+00
    44    44     8    5.940028830592E+00  9.886753311060E+00  8.061533499125E+00
    45    45     8    5.927863482309E+00  9.934732756684E+00  1.211573861466E+01
    46    46     8    9.937227905153E+00  1.955885950663E+00  3.984604411759E+00
    47    47     8    9.929926099401E+00  2.019611363503E+00  8.070372012961E+00
    48    48     8    9.908983662548E+00  1.965532002732E+00  1.217601048372E+01
    49    49     8    9.902149819910E+00  5.943547912257E+00  3.928158692413E+00
    50    50     8    9.883851726798E+00  5.949095764666E+00  8.046228535757E+00
    51    51     8    9.891271805750E+00  5.947714118229E+00  1.212040532664E+01
    52    52     8    9.886661460634E+00  9.935949062001E+00  3.970952280451E+00
    53    53     8    9.905790940128E+00  9.952081133876E+00  8.030760181651E+00
    54    54     8    9.915142889711E+00  9.950608394749E+00  1.217175932650E+01
    55    55     8    1.973213157641E+00  3.674255750689E-02  1.974829371546E+00
    56    56     8    1.944675529282E+00 -8.816182089175E-04  6.075506464086E+00
    57    57     8    1.994393299857E+00  1.621982529985E-02  1.013373864026E+01
    58    58     8    1.987766621712E+00  3.954952487014E+00  2.023002623460E+00
    59    59     8    1.996837298293E+00  3.986470455034E+00  6.043402806671E+00
    60    60     8    1.967053196861E+00  3.988341642996E+00  1.013853224251E+01
    61    61     8    1.981533907583E+00  7.951531093472E+00  2.023463193422E+00
    62    62     8    1.983161496253E+00  7.978423413999E+00  6.079130575434E+00
    63    63     8    2.016327569673E+00  7.955925187916E+00  1.018602375548E+01
    64    64     8    5.940911148032E+00  3.212946015240E-02  2.005771948163E+00
    65    65     8    5.930502111206E+00  9.975732144951E-03  6.046477725828E+00
    66    66     8    5.920168974411E+00 -1.838314610527E-02  1.018022152730E+01
    67    67     8    5.936342730328E+00  4.005154768256E+00  1.983942932663E+00
    68    68     8    5.978306124082E+00  3.995428806910E+00  6.059567402258E+00
    69    69     8    5.987515839199E+00  3.947901604082E+00  1.016547834578E+01
    70    70     8    5.921230518350E+00  7.944919374581E+00  2.007991252316E+00
    71    71     8    5.931839066591E+00  7.906048307198E+00  6.069474022533E+00
    72    72     8    5.956863880759E+00  7.916885790488E+00  1.013544171576E+01
    73    73     8    9.946266588540E+00 -2.007467693344E-02  1.960069123729E+00
    74    74     8    9.920732855308E+00  3.265807618514E-02  6.054400357335E+00
    75    75     8    9.961472994262E+00  1.003434742817E-02  1.017423199539E+01
    76    76     8    9.927004590136E+00  3.972471648905E+00  2.025454554627E+00
    77    77     8    9.887172675767E+00  3.958952251008E+00  6.091605049221E+00
    78    78     8    9.886609669083E+00  3.962618007564E+00  1.018393114259E+01
    79    79     8    9.915759499308E+00  7.976996624931E+00  1.977832186973E+00
    80    80     8    9.902682772860E+00  7.972821285230E+00  6.079365689244E+00
    81    81     8    9.885890058032E+00  7.952551851824E+00  1.017307622816E+01
    82    82     8   -1.352368450699E-02  2.017316686388E+00  2.004435100581E+00
    83    83     8   -2.370746410114E-02  2.004057512542E+00  6.103068969038E+00
    84    84     8   -3.573225852849E-02  2.002579409621E+00  1.016811052745E+01
    85    85     8    9.845420868041E-03  5.931562749198E+00  1.954064205569E+00
    86    86     8   -1.831372375839E-03  5.992875830486E+00  6.086029791825E+00
    87    87     8   -1.555602842575E-02  5.970678104662E+00  1.013617974976E+01
    88    88     8   -1.009650170437E-02  9.886899485618E+00  1.972108217696E+00
    89    89     8   -3.969418533967E-02  9.918199120428E+00  6.076877844957E+00
    90    90     8   -8.368073618227E-03  9.944526047982E+00  1.013624102524E+01
    91    91     8    3.934509317004E+00  2.003600752753E+00  1.991545389889E+00
    92    92     8    4.002661551518E+00  1.983321700438E+00  6.055428775253E+00
    93    93     8    3.983265391604E+00  1.947588835881E+00  1.017462449039E+01
    94    94     8    3.978870423645E+00  5.990324541697E+00  1.972428199561E+00
    95    95     8    3.964416591562E+00  5.974237016123E+00  6.043289902325E+00
    96    96     8    3.966056684189E+00  5.971540131657E+00  1.020471463453E+01
    97    97     8    4.003232550955E+00  9.938922121543E+00  1.971818232229E+00
    98    98     8    4.005372333987E+00  9.906232445563E+00  6.080518571028E+00
    99    99     8    3.930223546300E+00  9.929668243572E+00  1.016310949040E+01
   100   100     8    7.925246338782E+00  2.009113285560E+00  2.014495321743E+00
   101   101     8    7.946860585756E+00  1.961307510646E+00  6.108780166352E+00
   102   102     8    7.935992478279E+00  1.952240447341E+00  1.019232210808E+01
   103   103     8    7.958680506167E+00  5.972750180620E+00  1.956867097972E+00
   104   104     8    7.900522421065E+00  5.950291596729E+00  6.065300145403E+00
   105   105     8    7.923137035707E+00  5.980931396651E+00  1.014383673601E+01
   106   106     8    7.904402296623E+00  9.919435731434E+00  1.965169471168E+00
   107   107     8    7.959041714790E+00  9.956890469160E+00  6.083416714338E+00
   108   108     8    7.914622741309E+00  9.917220668386E+00  1.013741769376E+01
   109   109    22    1.969567131288E+00  2.013840381380E+00  2.124638950103E+00
   110   110    22    1.975464084570E+00  1.994686740987E+00  6.276647486981E+00
   111   111    22    1.955963405014E+00  2.011580366908E+00  1.033783811146E+01
   112   112    22    1.950768477066E+00  5.966513787759E+00  2.130288942691E+00
   113   113    22    1.978065410604E+00  5.981917107271E+00  6.211281206145E+00
   114   114    22    1.967601498494E+00  5.975694285786E+00  1.035950819110E+01
   115   115    22    1.968248815283E+00  9.905753106483E+00  2.115331323353E+00
   116   116    22    1.994553463682E+00  9.930301695937E+00  6.277107631076E+00
   117   117    22    2.024485120172E+00  9.922890029048E+00  1.032733077464E+01
   118   118    22    5.941050877968E+00  1.947084454319E+00  2.142269464769E+00
   119   119    22    5.992151112497E+00  1.978948006512E+00  6.228929043144E+00
   120   120    22    5.950879753582E+00  1.973556184458E+00  1.036895442722E+01
   121   121    22    5.985656122662E+00  5.950759696613E+00  2.171513004060E+00
   122   122    22    5.983226441220E+00  5.980376190226E+00  6.244968945842E+00
   123   123    22    5.964464087386E+00  5.956036792396E+00  1.036914130949E+01
   124   124    22    5.942237123838E+00  9.958204554038E+00  2.132164025733E+00
   125   125    22    5.970414319088E+00  9.902042580458E+00  6.268736701879E+00
   126   126    22    5.965702916291E+00  9.890244933839E+00  1.031114515346E+01
   127   127    22    9.902355922415E+00  1.971874181460E+00  2.115705748483E+00
   128   128    22    9.918498207561E+00  1.947927159120E+00  6.223795128353E+00
   129   129    22    9.922977052494E+00  1.944627872293E+00  1.032997011250E+01
   130   130    22    9.925649256288E+00  5.933184602794E+00  2.181578638194E+00
   131   131    22    9.888975286464E+00  5.933396200295E+00  6.235067430385E+00
   132   132    22    9.958707418614E+00  5.940431942017E+00  1.031828684819E+01
   133   133    22    9.895606389901E+00  9.915498257608E+00  2.119406920132E+00
   134   134    22    9.942985202843E+00  9.888735742110E+00  6.243866565364E+00
   135   135    22    9.895347206594E+00  9.936302098718E+00  1.035622810453E+01
 NUMBER OF SYMMETRY OPERATORS         :    1
 *******************************************************************************
 LATTICE PARAMETERS (ANGSTROMS AND DEGREES) - BOHR = 0.5291772083 ANGSTROM
 PRIMITIVE CELL - CENTRING CODE 1/0 VOLUME=  1740.493702 - DENSITY  6.022 g/cm^3
         A              B              C           ALPHA      BETA       GAMMA 
    11.90773305    11.90773305    12.27479580    90.000000  90.000000  90.000000
 *******************************************************************************
 ATOMS IN THE ASYMMETRIC UNIT  135 - ATOMS IN THE UNIT CELL:  135
     ATOM                 X/A                 Y/B                 Z/C    
 *******************************************************************************
      1 T 256 BA   -1.294372508144E-03  3.044503368133E-03  2.698630577522E-03
      2 T 256 BA    9.929264713151E-04  2.873355695498E-03  3.368528832366E-01
      3 T 256 BA    6.105784836411E-04  8.789730326521E-06 -3.344044149871E-01
      4 T 256 BA   -6.589126620957E-04  3.348230247654E-01  4.983274024178E-03
      5 T 256 BA    1.143381658214E-03  3.358899454144E-01  3.336673068541E-01
      6 T 256 BA    5.743938997467E-04  3.318656643378E-01 -3.283222317909E-01
      7 T 256 BA   -2.295561987142E-03 -3.312685794042E-01  8.495938713429E-04
      8 T 256 BA    2.987362366181E-03 -3.318372753401E-01  3.358047329552E-01
      9 T 256 BA   -2.143758460358E-03 -3.319418694861E-01 -3.290852581175E-01
     10 T 256 BA    3.330022329024E-01 -4.496348263246E-04  5.346705564841E-03
     11 T 256 BA    3.351986077503E-01  4.124197634448E-04  3.381471231382E-01
     12 T 256 BA    3.320248331188E-01  2.797280765664E-03 -3.299177785011E-01
     13 T 256 BA    3.342687998988E-01  3.360165323499E-01  3.954492773662E-04
     14 T 256 BA    3.338055466566E-01  3.300211990544E-01  3.357589023760E-01
     15 T 256 BA    3.356308468613E-01  3.344878417102E-01 -3.291030412790E-01
     16 T 256 BA    3.357555085524E-01 -3.310106211597E-01  2.277359936679E-03
     17 T 256 BA    3.321743686442E-01 -3.349772324919E-01  3.380766335807E-01
     18 T 256 BA    3.319780162440E-01 -3.324621485317E-01 -3.340594183967E-01
     19 T 256 BA   -3.350339218519E-01 -2.882046035884E-03  2.417451009954E-03
     20 T 256 BA   -3.345856526234E-01 -2.536983758500E-03  3.372234187050E-01
     21 T 256 BA   -3.312254847028E-01  2.581340382989E-03 -3.307911497778E-01
     22 T 256 BA   -3.353681572377E-01  3.311474516541E-01  6.413455760524E-04
     23 T 256 BA   -3.322688607510E-01  3.307297383868E-01  3.336852365335E-01
     24 T 256 BA   -3.346242063322E-01  3.352839493258E-01 -3.335388597522E-01
     25 T 256 BA   -3.310726156605E-01 -3.308777884085E-01  2.500718909571E-03
     26 T 256 BA   -3.314243187130E-01 -3.306716866113E-01  3.361895457551E-01
     27 T 256 BA   -3.364890030469E-01 -3.338760600072E-01 -3.302149040431E-01
     28 T   8 O     1.642084181367E-01  1.643934773553E-01  3.224001682060E-01
     29 T   8 O     1.668627719673E-01  1.651298714845E-01 -3.411118980862E-01
     30 T   8 O     1.648369395970E-01  1.661821120030E-01 -7.977869803110E-03
     31 T   8 O     1.646459023866E-01 -4.983723328958E-01  3.247328872428E-01
     32 T   8 O     1.672270469319E-01  4.986706510330E-01 -3.469462241444E-01
     33 T   8 O     1.648201704808E-01 -4.974137879197E-01 -9.613563079290E-03
     34 T   8 O     1.694674623041E-01 -1.672807365698E-01  3.209656846687E-01
     35 T   8 O     1.654403478600E-01 -1.654477188329E-01 -3.467971894451E-01
     36 T   8 O     1.691548944552E-01 -1.686509706473E-01 -9.627326127423E-03
     37 T   8 O    -4.988637131227E-01  1.649555582211E-01  3.252418423248E-01
     38 T   8 O     4.971999335730E-01  1.681853823167E-01 -3.429688733477E-01
     39 T   8 O    -4.993617800402E-01  1.662191090052E-01 -7.500243537389E-03
     40 T   8 O    -4.997655921401E-01 -4.992271221572E-01  3.195002126974E-01
     41 T   8 O     4.984086811868E-01  4.990269419369E-01 -3.467135032420E-01
     42 T   8 O     4.990070342141E-01 -4.977296741385E-01 -1.287013167764E-02
     43 T   8 O     4.972614808188E-01 -1.682411870598E-01  3.237716932549E-01
     44 T   8 O     4.988379236963E-01 -1.697199400132E-01 -3.432450013446E-01
     45 T   8 O     4.978162894161E-01 -1.656906721902E-01 -1.295803106863E-02
     46 T   8 O    -1.654811320151E-01  1.642534261098E-01  3.246167575154E-01
     47 T   8 O    -1.660943306585E-01  1.696050251566E-01 -3.425249475057E-01
     48 T   8 O    -1.678530564180E-01  1.650634923103E-01 -8.047817486656E-03
     49 T   8 O    -1.684269559679E-01  4.991334527991E-01  3.200182517426E-01
     50 T   8 O    -1.699636122765E-01  4.995993561232E-01 -3.444918622795E-01
     51 T   8 O    -1.693404811632E-01  4.994833267806E-01 -1.257784454199E-02
     52 T   8 O    -1.697276535240E-01 -1.655885280363E-01  3.235045490900E-01
     53 T   8 O    -1.681211781844E-01 -1.642337721137E-01 -3.457520342904E-01
     54 T   8 O    -1.673358104286E-01 -1.643574513330E-01 -8.394149701404E-03
     55 T   8 O     1.657085483320E-01  3.085604737074E-03  1.608849062520E-01
     56 T   8 O     1.633119856749E-01 -7.403745156325E-05  4.949578439493E-01
     57 T   8 O     1.674872363600E-01  1.362125371113E-03 -1.744271102043E-01
     58 T   8 O     1.669307342855E-01  3.321331163881E-01  1.648094727132E-01
     59 T   8 O     1.676924810045E-01  3.347799651113E-01  4.923424312012E-01
     60 T   8 O     1.651912407342E-01  3.349371056816E-01 -1.740365862129E-01
     61 T   8 O     1.664073169312E-01 -3.322380456395E-01  1.648469943119E-01
     62 T   8 O     1.665440002665E-01 -3.299796543559E-01  4.952530921479E-01
     63 T   8 O     1.693292553005E-01 -3.318690338027E-01 -1.701675594896E-01
     64 T   8 O     4.989120198687E-01  2.698201245988E-03  1.634057283595E-01
     65 T   8 O     4.980378789401E-01  8.377524171111E-04  4.925929379476E-01
     66 T   8 O     4.971701120232E-01 -1.543798977360E-03 -1.706402539668E-01
     67 T   8 O     4.985283685318E-01  3.363490558143E-01  1.616273675740E-01
     68 T   8 O    -4.979475859109E-01  3.355322789093E-01  4.936593244393E-01
     69 T   8 O    -4.971741628690E-01  3.315409900024E-01 -1.718413477982E-01
     70 T   8 O     4.972592594650E-01 -3.327932914501E-01  1.635865300762E-01
     71 T   8 O     4.981501551709E-01 -3.360576464050E-01  4.944663945067E-01
     72 T   8 O    -4.997482849383E-01 -3.351475249533E-01 -1.742883644743E-01
     73 T   8 O    -1.647220720538E-01 -1.685852113844E-03  1.596824220676E-01
     74 T   8 O    -1.668663704795E-01  2.742593913385E-03  4.932383769134E-01
     75 T   8 O    -1.634450526869E-01  8.426748723740E-04 -1.711282076571E-01
     76 T   8 O    -1.663396762043E-01  3.336043587998E-01  1.650092260294E-01
     77 T   8 O    -1.696847221674E-01  3.324690127318E-01  4.962693594643E-01
     78 T   8 O    -1.697320029287E-01  3.327768594514E-01 -1.703380399543E-01
     79 T   8 O    -1.672840281461E-01 -3.300994747333E-01  1.611295388696E-01
     80 T   8 O    -1.683821990904E-01 -3.304501157565E-01  4.952722463410E-01
     81 T   8 O    -1.697924351745E-01 -3.321523233321E-01 -1.712223654129E-01
     82 T   8 O    -1.135706053386E-03  1.694123203734E-01  1.632968183944E-01
     83 T   8 O    -1.990930095728E-03  1.682988276717E-01  4.972032992221E-01
     84 T   8 O    -3.000760797916E-03  1.681746980061E-01 -1.716269098793E-01
     85 T   8 O     8.268090010669E-04  4.981269503013E-01  1.591932148939E-01
     86 T   8 O    -1.537968955258E-04 -4.967240359418E-01  4.958151557865E-01
     87 T   8 O    -1.306380346320E-03 -4.985881796652E-01 -1.742282385048E-01
     88 T   8 O    -8.478945288726E-04 -1.697076644141E-01  1.606632199695E-01
     89 T   8 O    -3.333479611358E-03 -1.670791511044E-01  4.950695672637E-01
     90 T   8 O    -7.027427960545E-04 -1.648682409805E-01 -1.742232465293E-01
     91 T   8 O     3.304163185791E-01  1.682604694227E-01  1.622467226615E-01
     92 T   8 O     3.361396778640E-01  1.665574540603E-01  4.933221598076E-01
     93 T   8 O     3.345108069587E-01  1.635566423687E-01 -1.710962319720E-01
     94 T   8 O     3.341417217650E-01 -4.969382907272E-01  1.606892881722E-01
     95 T   8 O     3.329279028104E-01 -4.982893056943E-01  4.923332331382E-01
     96 T   8 O     3.330656362161E-01 -4.985157874650E-01 -1.686448556210E-01
     97 T   8 O     3.361876298491E-01 -1.653388533476E-01  1.606395955058E-01
     98 T   8 O     3.363673267757E-01 -1.680841009815E-01  4.953661690265E-01
     99 T   8 O     3.300564036662E-01 -1.661159851436E-01 -1.720343331171E-01
    100 T   8 O    -3.344454141267E-01  1.687234066403E-01  1.641164019806E-01
    101 T   8 O    -3.326302703976E-01  1.647087235169E-01  4.976685776192E-01
    102 T   8 O    -3.335429636391E-01  1.639472802374E-01 -1.696544468725E-01
    103 T   8 O    -3.316376448188E-01 -4.984141687136E-01  1.594215602325E-01
    104 T   8 O    -3.365217050222E-01  4.996997809527E-01  4.941263581267E-01
    105 T   8 O    -3.346225513758E-01 -4.977271180385E-01 -1.736044410606E-01
    106 T   8 O    -3.361958767943E-01 -1.669753016983E-01  1.600979358995E-01
    107 T   8 O    -3.316073108651E-01 -1.638298887495E-01  4.956022742421E-01
    108 T   8 O    -3.353375736527E-01 -1.671613205684E-01 -1.741273859917E-01
    109 T  22 TI    1.654023585360E-01  1.691203836132E-01  1.730895556000E-01
    110 T  22 TI    1.658975790165E-01  1.675118792647E-01 -4.886556494096E-01
    111 T  22 TI    1.642599306518E-01  1.689305897656E-01 -1.577995854351E-01
    112 T  22 TI    1.638236655856E-01 -4.989378950044E-01  1.735498477857E-01
    113 T  22 TI    1.661160358817E-01 -4.976443390062E-01 -4.939808932590E-01
    114 T  22 TI    1.652372865794E-01 -4.981669255857E-01 -1.560341727964E-01
    115 T  22 TI    1.652916476225E-01 -1.681243554177E-01  1.723312841875E-01
    116 T  22 TI    1.675006867644E-01 -1.660627884216E-01 -4.886181625053E-01
    117 T  22 TI    1.700143185669E-01 -1.666852130979E-01 -1.586555945277E-01
    118 T  22 TI    4.989237542546E-01  1.635142848890E-01  1.745258739676E-01
    119 T  22 TI   -4.967848970634E-01  1.661901554395E-01 -4.925431636798E-01
    120 T  22 TI    4.997491738012E-01  1.657373553951E-01 -1.552646091907E-01
    121 T  22 TI   -4.973303400800E-01  4.997390915321E-01  1.769082793263E-01
    122 T  22 TI   -4.975343823970E-01 -4.977737437416E-01 -4.912364288910E-01
    123 T  22 TI   -4.991100268757E-01 -4.998177430257E-01 -1.552493843122E-01
    124 T  22 TI    4.990233740450E-01 -1.637195331618E-01  1.737026065829E-01
    125 T  22 TI   -4.986103321246E-01 -1.684359618342E-01 -4.893001232754E-01
    126 T  22 TI   -4.990059912125E-01 -1.694267168813E-01 -1.599742006738E-01
    127 T  22 TI   -1.684096476772E-01  1.655961023966E-01  1.723617877605E-01
    128 T  22 TI   -1.670540340539E-01  1.635850544298E-01 -4.929614121684E-01
    129 T  22 TI   -1.666779049524E-01  1.633079834867E-01 -1.584405736102E-01
    130 T  22 TI   -1.664534958408E-01  4.982631520106E-01  1.777283038952E-01
    131 T  22 TI   -1.695333406501E-01  4.982809217658E-01 -4.920430830805E-01
    132 T  22 TI   -1.636773030771E-01  4.988717766072E-01 -1.593923828700E-01
    133 T  22 TI   -1.689764669438E-01 -1.673059669735E-01  1.726633138884E-01
    134 T  22 TI   -1.649976396772E-01 -1.695534573552E-01 -4.913262373485E-01
    135 T  22 TI   -1.689982329093E-01 -1.655588803514E-01 -1.563013940703E-01

 T = ATOM BELONGING TO THE ASYMMETRIC UNIT
 *******************************************************************************
 * GEOMETRY EDITING - INPUT COORDINATES ARE GIVEN IN ANGSTROM         
 *******************************************************************************

 GCALCO - MAX INDICES DIRECT LATTICE VECTOR    15    15    14
 NO.OF VECTORS CREATED 6999 STARS  514 RMAX   270.02825 BOHR

 GEOMETRY FOR WAVE FUNCTION - DIMENSIONALITY OF THE SYSTEM    3
 (NON PERIODIC DIRECTION: LATTICE PARAMETER FORMALLY SET TO 500)
 *******************************************************************************
 LATTICE PARAMETERS (ANGSTROMS AND DEGREES) - BOHR = 0.5291772083 ANGSTROM
 PRIMITIVE CELL - CENTRING CODE 1/0 VOLUME=  1740.493702 - DENSITY  6.022 g/cm^3
         A              B              C           ALPHA      BETA       GAMMA 
    11.90773305    11.90773305    12.27479580    90.000000  90.000000  90.000000
 *******************************************************************************
 ATOMS IN THE ASYMMETRIC UNIT  135 - ATOMS IN THE UNIT CELL:  135
     ATOM                 X/A                 Y/B                 Z/C    
 *******************************************************************************
      1 T 256 BA   -1.294372508144E-03  3.044503368133E-03  2.698630577522E-03
      2 T 256 BA    9.929264713151E-04  2.873355695498E-03  3.368528832366E-01
      3 T 256 BA    6.105784836411E-04  8.789730326521E-06 -3.344044149871E-01
      4 T 256 BA   -6.589126620957E-04  3.348230247654E-01  4.983274024178E-03
      5 T 256 BA    1.143381658214E-03  3.358899454144E-01  3.336673068541E-01
      6 T 256 BA    5.743938997467E-04  3.318656643378E-01 -3.283222317909E-01
      7 T 256 BA   -2.295561987142E-03 -3.312685794042E-01  8.495938713429E-04
      8 T 256 BA    2.987362366181E-03 -3.318372753401E-01  3.358047329552E-01
      9 T 256 BA   -2.143758460358E-03 -3.319418694861E-01 -3.290852581175E-01
     10 T 256 BA    3.330022329024E-01 -4.496348263246E-04  5.346705564841E-03
     11 T 256 BA    3.351986077503E-01  4.124197634448E-04  3.381471231382E-01
     12 T 256 BA    3.320248331188E-01  2.797280765664E-03 -3.299177785011E-01
     13 T 256 BA    3.342687998988E-01  3.360165323499E-01  3.954492773662E-04
     14 T 256 BA    3.338055466566E-01  3.300211990544E-01  3.357589023760E-01
     15 T 256 BA    3.356308468613E-01  3.344878417102E-01 -3.291030412790E-01
     16 T 256 BA    3.357555085524E-01 -3.310106211597E-01  2.277359936679E-03
     17 T 256 BA    3.321743686442E-01 -3.349772324919E-01  3.380766335807E-01
     18 T 256 BA    3.319780162440E-01 -3.324621485317E-01 -3.340594183967E-01
     19 T 256 BA   -3.350339218519E-01 -2.882046035884E-03  2.417451009954E-03
     20 T 256 BA   -3.345856526234E-01 -2.536983758500E-03  3.372234187050E-01
     21 T 256 BA   -3.312254847028E-01  2.581340382989E-03 -3.307911497778E-01
     22 T 256 BA   -3.353681572377E-01  3.311474516541E-01  6.413455760524E-04
     23 T 256 BA   -3.322688607510E-01  3.307297383868E-01  3.336852365335E-01
     24 T 256 BA   -3.346242063322E-01  3.352839493258E-01 -3.335388597522E-01
     25 T 256 BA   -3.310726156605E-01 -3.308777884085E-01  2.500718909571E-03
     26 T 256 BA   -3.314243187130E-01 -3.306716866113E-01  3.361895457551E-01
     27 T 256 BA   -3.364890030469E-01 -3.338760600072E-01 -3.302149040431E-01
     28 T   8 O     1.642084181367E-01  1.643934773553E-01  3.224001682060E-01
     29 T   8 O     1.668627719673E-01  1.651298714845E-01 -3.411118980862E-01
     30 T   8 O     1.648369395970E-01  1.661821120030E-01 -7.977869803110E-03
     31 T   8 O     1.646459023866E-01 -4.983723328958E-01  3.247328872428E-01
     32 T   8 O     1.672270469319E-01  4.986706510330E-01 -3.469462241444E-01
     33 T   8 O     1.648201704808E-01 -4.974137879197E-01 -9.613563079290E-03
     34 T   8 O     1.694674623041E-01 -1.672807365698E-01  3.209656846687E-01
     35 T   8 O     1.654403478600E-01 -1.654477188329E-01 -3.467971894451E-01
     36 T   8 O     1.691548944552E-01 -1.686509706473E-01 -9.627326127423E-03
     37 T   8 O    -4.988637131227E-01  1.649555582211E-01  3.252418423248E-01
     38 T   8 O     4.971999335730E-01  1.681853823167E-01 -3.429688733477E-01
     39 T   8 O    -4.993617800402E-01  1.662191090052E-01 -7.500243537389E-03
     40 T   8 O    -4.997655921401E-01 -4.992271221572E-01  3.195002126974E-01
     41 T   8 O     4.984086811868E-01  4.990269419369E-01 -3.467135032420E-01
     42 T   8 O     4.990070342141E-01 -4.977296741385E-01 -1.287013167764E-02
     43 T   8 O     4.972614808188E-01 -1.682411870598E-01  3.237716932549E-01
     44 T   8 O     4.988379236963E-01 -1.697199400132E-01 -3.432450013446E-01
     45 T   8 O     4.978162894161E-01 -1.656906721902E-01 -1.295803106863E-02
     46 T   8 O    -1.654811320151E-01  1.642534261098E-01  3.246167575154E-01
     47 T   8 O    -1.660943306585E-01  1.696050251566E-01 -3.425249475057E-01
     48 T   8 O    -1.678530564180E-01  1.650634923103E-01 -8.047817486656E-03
     49 T   8 O    -1.684269559679E-01  4.991334527991E-01  3.200182517426E-01
     50 T   8 O    -1.699636122765E-01  4.995993561232E-01 -3.444918622795E-01
     51 T   8 O    -1.693404811632E-01  4.994833267806E-01 -1.257784454199E-02
     52 T   8 O    -1.697276535240E-01 -1.655885280363E-01  3.235045490900E-01
     53 T   8 O    -1.681211781844E-01 -1.642337721137E-01 -3.457520342904E-01
     54 T   8 O    -1.673358104286E-01 -1.643574513330E-01 -8.394149701403E-03
     55 T   8 O     1.657085483320E-01  3.085604737074E-03  1.608849062520E-01
     56 T   8 O     1.633119856749E-01 -7.403745156325E-05  4.949578439493E-01
     57 T   8 O     1.674872363600E-01  1.362125371113E-03 -1.744271102043E-01
     58 T   8 O     1.669307342855E-01  3.321331163881E-01  1.648094727132E-01
     59 T   8 O     1.676924810045E-01  3.347799651113E-01  4.923424312012E-01
     60 T   8 O     1.651912407342E-01  3.349371056816E-01 -1.740365862129E-01
     61 T   8 O     1.664073169312E-01 -3.322380456395E-01  1.648469943119E-01
     62 T   8 O     1.665440002665E-01 -3.299796543559E-01  4.952530921479E-01
     63 T   8 O     1.693292553005E-01 -3.318690338027E-01 -1.701675594896E-01
     64 T   8 O     4.989120198687E-01  2.698201245988E-03  1.634057283595E-01
     65 T   8 O     4.980378789401E-01  8.377524171111E-04  4.925929379476E-01
     66 T   8 O     4.971701120232E-01 -1.543798977360E-03 -1.706402539668E-01
     67 T   8 O     4.985283685318E-01  3.363490558143E-01  1.616273675740E-01
     68 T   8 O    -4.979475859109E-01  3.355322789093E-01  4.936593244393E-01
     69 T   8 O    -4.971741628690E-01  3.315409900024E-01 -1.718413477982E-01
     70 T   8 O     4.972592594650E-01 -3.327932914501E-01  1.635865300762E-01
     71 T   8 O     4.981501551709E-01 -3.360576464050E-01  4.944663945067E-01
     72 T   8 O    -4.997482849383E-01 -3.351475249533E-01 -1.742883644743E-01
     73 T   8 O    -1.647220720538E-01 -1.685852113844E-03  1.596824220676E-01
     74 T   8 O    -1.668663704795E-01  2.742593913385E-03  4.932383769134E-01
     75 T   8 O    -1.634450526869E-01  8.426748723740E-04 -1.711282076571E-01
     76 T   8 O    -1.663396762043E-01  3.336043587998E-01  1.650092260294E-01
     77 T   8 O    -1.696847221674E-01  3.324690127318E-01  4.962693594643E-01
     78 T   8 O    -1.697320029287E-01  3.327768594514E-01 -1.703380399543E-01
     79 T   8 O    -1.672840281461E-01 -3.300994747333E-01  1.611295388696E-01
     80 T   8 O    -1.683821990904E-01 -3.304501157565E-01  4.952722463410E-01
     81 T   8 O    -1.697924351745E-01 -3.321523233321E-01 -1.712223654129E-01
     82 T   8 O    -1.135706053386E-03  1.694123203734E-01  1.632968183944E-01
     83 T   8 O    -1.990930095728E-03  1.682988276717E-01  4.972032992221E-01
     84 T   8 O    -3.000760797916E-03  1.681746980061E-01 -1.716269098793E-01
     85 T   8 O     8.268090010669E-04  4.981269503013E-01  1.591932148939E-01
     86 T   8 O    -1.537968955258E-04 -4.967240359418E-01  4.958151557865E-01
     87 T   8 O    -1.306380346320E-03 -4.985881796652E-01 -1.742282385048E-01
     88 T   8 O    -8.478945288726E-04 -1.697076644141E-01  1.606632199695E-01
     89 T   8 O    -3.333479611358E-03 -1.670791511044E-01  4.950695672637E-01
     90 T   8 O    -7.027427960545E-04 -1.648682409805E-01 -1.742232465293E-01
     91 T   8 O     3.304163185791E-01  1.682604694227E-01  1.622467226615E-01
     92 T   8 O     3.361396778640E-01  1.665574540603E-01  4.933221598076E-01
     93 T   8 O     3.345108069587E-01  1.635566423687E-01 -1.710962319720E-01
     94 T   8 O     3.341417217650E-01 -4.969382907272E-01  1.606892881722E-01
     95 T   8 O     3.329279028104E-01 -4.982893056943E-01  4.923332331382E-01
     96 T   8 O     3.330656362161E-01 -4.985157874650E-01 -1.686448556210E-01
     97 T   8 O     3.361876298491E-01 -1.653388533476E-01  1.606395955058E-01
     98 T   8 O     3.363673267757E-01 -1.680841009815E-01  4.953661690265E-01
     99 T   8 O     3.300564036662E-01 -1.661159851436E-01 -1.720343331171E-01
    100 T   8 O    -3.344454141267E-01  1.687234066403E-01  1.641164019806E-01
    101 T   8 O    -3.326302703976E-01  1.647087235169E-01  4.976685776192E-01
    102 T   8 O    -3.335429636391E-01  1.639472802374E-01 -1.696544468725E-01
    103 T   8 O    -3.316376448188E-01 -4.984141687136E-01  1.594215602325E-01
    104 T   8 O    -3.365217050222E-01  4.996997809527E-01  4.941263581267E-01
    105 T   8 O    -3.346225513758E-01 -4.977271180385E-01 -1.736044410606E-01
    106 T   8 O    -3.361958767943E-01 -1.669753016983E-01  1.600979358995E-01
    107 T   8 O    -3.316073108651E-01 -1.638298887495E-01  4.956022742421E-01
    108 T   8 O    -3.353375736527E-01 -1.671613205684E-01 -1.741273859917E-01
    109 T  22 TI    1.654023585360E-01  1.691203836132E-01  1.730895556000E-01
    110 T  22 TI    1.658975790165E-01  1.675118792647E-01 -4.886556494096E-01
    111 T  22 TI    1.642599306518E-01  1.689305897656E-01 -1.577995854351E-01
    112 T  22 TI    1.638236655856E-01 -4.989378950044E-01  1.735498477857E-01
    113 T  22 TI    1.661160358817E-01 -4.976443390062E-01 -4.939808932590E-01
    114 T  22 TI    1.652372865794E-01 -4.981669255857E-01 -1.560341727964E-01
    115 T  22 TI    1.652916476225E-01 -1.681243554177E-01  1.723312841875E-01
    116 T  22 TI    1.675006867644E-01 -1.660627884216E-01 -4.886181625053E-01
    117 T  22 TI    1.700143185669E-01 -1.666852130979E-01 -1.586555945277E-01
    118 T  22 TI    4.989237542546E-01  1.635142848890E-01  1.745258739676E-01
    119 T  22 TI   -4.967848970634E-01  1.661901554395E-01 -4.925431636798E-01
    120 T  22 TI    4.997491738012E-01  1.657373553951E-01 -1.552646091907E-01
    121 T  22 TI   -4.973303400800E-01  4.997390915321E-01  1.769082793263E-01
    122 T  22 TI   -4.975343823970E-01 -4.977737437416E-01 -4.912364288910E-01
    123 T  22 TI   -4.991100268757E-01 -4.998177430257E-01 -1.552493843122E-01
    124 T  22 TI    4.990233740450E-01 -1.637195331618E-01  1.737026065829E-01
    125 T  22 TI   -4.986103321246E-01 -1.684359618342E-01 -4.893001232754E-01
    126 T  22 TI   -4.990059912125E-01 -1.694267168813E-01 -1.599742006738E-01
    127 T  22 TI   -1.684096476772E-01  1.655961023966E-01  1.723617877605E-01
    128 T  22 TI   -1.670540340539E-01  1.635850544298E-01 -4.929614121684E-01
    129 T  22 TI   -1.666779049524E-01  1.633079834867E-01 -1.584405736102E-01
    130 T  22 TI   -1.664534958408E-01  4.982631520106E-01  1.777283038952E-01
    131 T  22 TI   -1.695333406501E-01  4.982809217658E-01 -4.920430830805E-01
    132 T  22 TI   -1.636773030771E-01  4.988717766072E-01 -1.593923828700E-01
    133 T  22 TI   -1.689764669438E-01 -1.673059669735E-01  1.726633138884E-01
    134 T  22 TI   -1.649976396772E-01 -1.695534573552E-01 -4.913262373485E-01
    135 T  22 TI   -1.689982329093E-01 -1.655588803514E-01 -1.563013940703E-01

 T = ATOM BELONGING TO THE ASYMMETRIC UNIT

 ****    1 SYMMOPS - TRANSLATORS IN FRACTIONAL UNITS
 **** MATRICES AND TRANSLATORS IN THE CRYSTALLOGRAPHIC REFERENCE FRAME
   V INV                    ROTATION MATRICES                   TRANSLATORS
   1   1  1.00  0.00  0.00  0.00  1.00  0.00  0.00  0.00  1.00  0.00  0.00  0.00

 DIRECT LATTICE VECTORS CARTESIAN COMPONENTS (ANGSTROM)
          X                    Y                    Z
   0.119077330500E+02   0.000000000000E+00   0.000000000000E+00
   0.000000000000E+00   0.119077330500E+02   0.000000000000E+00
   0.000000000000E+00   0.000000000000E+00   0.122747958000E+02


 CARTESIAN COORDINATES - PRIMITIVE CELL
 *******************************************************************************
 *      ATOM          X(ANGSTROM)         Y(ANGSTROM)         Z(ANGSTROM)
 *******************************************************************************
    1   256 BA   -1.541304229423E-02  3.625313337755E-02  3.312513927872E-02
    2   256 BA    1.182350335870E-02  3.421515257969E-02  4.134800356371E+00
    3   256 BA    7.270605589272E-03  1.046657623097E-04  8.170049891415E+00
    4   256 BA   -7.846156083501E-03  3.986983197900E+00  6.116867106223E-02
    5   256 BA    1.361508356028E-02  3.999687804173E+00  4.095698056770E+00
    6   256 BA    6.839729223732E-03  3.951767739395E+00  8.244707448166E+00
    7   256 BA   -2.733493934262E-02  7.963075238602E+00  1.042859128367E-02
    8   256 BA    3.557271358010E-02  7.956303359211E+00  4.121934525699E+00
    9   256 BA   -2.552730346962E-02  7.955057880041E+00  8.235341455817E+00
   10   256 BA    3.965301694455E+00 -5.354131481856E-03  6.562971901114E-02
   11   256 BA    3.991455539822E+00  4.910984447645E-03  4.150686886879E+00
   12   256 BA    3.953663078750E+00  3.330927262343E-02  8.225122438109E+00
   13   256 BA    3.980383636139E+00  4.001195167609E+00  4.854059128928E-03
   14   256 BA    3.974867340196E+00  3.929804339181E+00  4.121371964698E+00
   15   256 BA    3.996602527770E+00  3.982991927555E+00  8.235123171141E+00
   16   256 BA    3.998086965909E+00  7.966146936516E+00  2.795412818584E-02
   17   256 BA    3.955443707868E+00  7.918913587659E+00  4.149821641954E+00
   18   256 BA    3.953105595902E+00  7.948862536055E+00  8.174284654114E+00
   19   256 BA    7.918238545893E+00 -3.431863483311E-02  2.967371750369E-02
   20   256 BA    7.923576416200E+00 -3.020972534841E-02  4.139348603582E+00
   21   256 BA    7.963588398802E+00  3.073791219182E-02  8.214401984031E+00
   22   256 BA    7.914258560143E+00  3.943215454485E+00  7.872385983277E-03
   23   256 BA    7.951164155350E+00  3.938241436406E+00  4.095918139923E+00
   24   256 BA    7.923117328928E+00  3.992471764521E+00  8.180674405177E+00
   25   256 BA    7.965408722549E+00  7.967728673457E+00  3.069581396818E-02
   26   256 BA    7.961220736487E+00  7.970182878639E+00  4.126658024239E+00
   27   256 BA    7.900911827457E+00  7.932026055649E+00  8.221475282754E+00
   28     8 O     1.955350007734E+00  1.957553643508E+00  3.957396230615E+00
   29     8 O     1.986957344570E+00  1.966322428218E+00  8.087716906042E+00
   30     8 O     1.962834273500E+00  1.978852227417E+00  1.217686907725E+01
   31     8 O     1.960559453396E+00  5.973248350371E+00  3.986029880450E+00
   32     8 O     1.991295033605E+00  5.938036992371E+00  8.016101745047E+00
   33     8 O     1.962634591341E+00  5.984662448063E+00  1.215679127629E+01
   34     8 O     2.017973301779E+00  9.915798694520E+00  3.939788238116E+00
   35     8 O     1.970019498016E+00  9.937625780406E+00  8.017931115547E+00
   36     8 O     2.014251327273E+00  9.899482312908E+00  1.215662233769E+01
   37     8 O     5.967397125803E+00  1.964246752410E+00  3.992277200153E+00
   38     8 O     5.920524081465E+00  2.002706635539E+00  8.064922913901E+00
   39     8 O     5.961466277908E+00  1.979292777843E+00  1.218273184213E+01
   40     8 O     5.956657791220E+00  5.963069748033E+00  3.921799868918E+00
   41     8 O     5.934917525375E+00  5.942279609343E+00  8.018958346602E+00
   42     8 O     5.942042553494E+00  5.980900959295E+00  1.211681756174E+01
   43     8 O     5.921256969639E+00  9.904361906477E+00  3.974231420525E+00
   44     8 O     5.940028830592E+00  9.886753311060E+00  8.061533499125E+00
   45     8 O     5.927863482309E+00  9.934732756684E+00  1.211573861466E+01
   46     8 O     9.937227905153E+00  1.955885950663E+00  3.984604411759E+00
   47     8 O     9.929926099401E+00  2.019611363503E+00  8.070372012961E+00
   48     8 O     9.908983662548E+00  1.965532002732E+00  1.217601048372E+01
   49     8 O     9.902149819910E+00  5.943547912257E+00  3.928158692413E+00
   50     8 O     9.883851726798E+00  5.949095764666E+00  8.046228535757E+00
   51     8 O     9.891271805750E+00  5.947714118229E+00  1.212040532664E+01
   52     8 O     9.886661460634E+00  9.935949062001E+00  3.970952280451E+00
   53     8 O     9.905790940128E+00  9.952081133876E+00  8.030760181651E+00
   54     8 O     9.915142889711E+00  9.950608394749E+00  1.217175932650E+01
   55     8 O     1.973213157641E+00  3.674255750689E-02  1.974829371546E+00
   56     8 O     1.944675529282E+00 -8.816182089175E-04  6.075506464086E+00
   57     8 O     1.994393299857E+00  1.621982529985E-02  1.013373864026E+01
   58     8 O     1.987766621712E+00  3.954952487014E+00  2.023002623460E+00
   59     8 O     1.996837298293E+00  3.986470455034E+00  6.043402806671E+00
   60     8 O     1.967053196861E+00  3.988341642996E+00  1.013853224251E+01
   61     8 O     1.981533907583E+00  7.951531093472E+00  2.023463193422E+00
   62     8 O     1.983161496253E+00  7.978423413999E+00  6.079130575434E+00
   63     8 O     2.016327569673E+00  7.955925187916E+00  1.018602375548E+01
   64     8 O     5.940911148032E+00  3.212946015240E-02  2.005771948163E+00
   65     8 O     5.930502111206E+00  9.975732144951E-03  6.046477725828E+00
   66     8 O     5.920168974411E+00 -1.838314610527E-02  1.018022152730E+01
   67     8 O     5.936342730328E+00  4.005154768256E+00  1.983942932663E+00
   68     8 O     5.978306124082E+00  3.995428806910E+00  6.059567402258E+00
   69     8 O     5.987515839199E+00  3.947901604082E+00  1.016547834578E+01
   70     8 O     5.921230518350E+00  7.944919374581E+00  2.007991252316E+00
   71     8 O     5.931839066591E+00  7.906048307198E+00  6.069474022533E+00
   72     8 O     5.956863880759E+00  7.916885790488E+00  1.013544171576E+01
   73     8 O     9.946266588540E+00 -2.007467693344E-02  1.960069123729E+00
   74     8 O     9.920732855308E+00  3.265807618514E-02  6.054400357335E+00
   75     8 O     9.961472994262E+00  1.003434742817E-02  1.017423199539E+01
   76     8 O     9.927004590136E+00  3.972471648905E+00  2.025454554627E+00
   77     8 O     9.887172675767E+00  3.958952251008E+00  6.091605049221E+00
   78     8 O     9.886609669083E+00  3.962618007564E+00  1.018393114259E+01
   79     8 O     9.915759499308E+00  7.976996624931E+00  1.977832186973E+00
   80     8 O     9.902682772860E+00  7.972821285230E+00  6.079365689244E+00
   81     8 O     9.885890058032E+00  7.952551851824E+00  1.017307622816E+01
   82     8 O    -1.352368450699E-02  2.017316686388E+00  2.004435100581E+00
   83     8 O    -2.370746410114E-02  2.004057512542E+00  6.103068969038E+00
   84     8 O    -3.573225852849E-02  2.002579409621E+00  1.016811052745E+01
   85     8 O     9.845420868041E-03  5.931562749198E+00  1.954064205569E+00
   86     8 O    -1.831372375839E-03  5.992875830486E+00  6.086029791825E+00
   87     8 O    -1.555602842575E-02  5.970678104662E+00  1.013617974976E+01
   88     8 O    -1.009650170437E-02  9.886899485618E+00  1.972108217696E+00
   89     8 O    -3.969418533967E-02  9.918199120428E+00  6.076877844957E+00
   90     8 O    -8.368073618227E-03  9.944526047982E+00  1.013624102524E+01
   91     8 O     3.934509317004E+00  2.003600752753E+00  1.991545389889E+00
   92     8 O     4.002661551518E+00  1.983321700438E+00  6.055428775253E+00
   93     8 O     3.983265391604E+00  1.947588835881E+00  1.017462449039E+01
   94     8 O     3.978870423645E+00  5.990324541697E+00  1.972428199561E+00
   95     8 O     3.964416591562E+00  5.974237016123E+00  6.043289902325E+00
   96     8 O     3.966056684189E+00  5.971540131657E+00  1.020471463453E+01
   97     8 O     4.003232550955E+00  9.938922121543E+00  1.971818232229E+00
   98     8 O     4.005372333987E+00  9.906232445563E+00  6.080518571028E+00
   99     8 O     3.930223546300E+00  9.929668243572E+00  1.016310949040E+01
  100     8 O     7.925246338782E+00  2.009113285560E+00  2.014495321743E+00
  101     8 O     7.946860585756E+00  1.961307510646E+00  6.108780166352E+00
  102     8 O     7.935992478279E+00  1.952240447341E+00  1.019232210808E+01
  103     8 O     7.958680506167E+00  5.972750180620E+00  1.956867097972E+00
  104     8 O     7.900522421065E+00  5.950291596729E+00  6.065300145403E+00
  105     8 O     7.923137035707E+00  5.980931396651E+00  1.014383673601E+01
  106     8 O     7.904402296623E+00  9.919435731434E+00  1.965169471168E+00
  107     8 O     7.959041714790E+00  9.956890469160E+00  6.083416714338E+00
  108     8 O     7.914622741309E+00  9.917220668386E+00  1.013741769376E+01
  109    22 TI    1.969567131288E+00  2.013840381380E+00  2.124638950103E+00
  110    22 TI    1.975464084570E+00  1.994686740987E+00  6.276647486981E+00
  111    22 TI    1.955963405014E+00  2.011580366908E+00  1.033783811146E+01
  112    22 TI    1.950768477066E+00  5.966513787759E+00  2.130288942691E+00
  113    22 TI    1.978065410604E+00  5.981917107271E+00  6.211281206145E+00
  114    22 TI    1.967601498494E+00  5.975694285786E+00  1.035950819110E+01
  115    22 TI    1.968248815283E+00  9.905753106483E+00  2.115331323353E+00
  116    22 TI    1.994553463682E+00  9.930301695937E+00  6.277107631076E+00
  117    22 TI    2.024485120172E+00  9.922890029048E+00  1.032733077464E+01
  118    22 TI    5.941050877968E+00  1.947084454319E+00  2.142269464769E+00
  119    22 TI    5.992151112497E+00  1.978948006512E+00  6.228929043144E+00
  120    22 TI    5.950879753582E+00  1.973556184458E+00  1.036895442722E+01
  121    22 TI    5.985656122662E+00  5.950759696613E+00  2.171513004060E+00
  122    22 TI    5.983226441220E+00  5.980376190226E+00  6.244968945842E+00
  123    22 TI    5.964464087386E+00  5.956036792396E+00  1.036914130949E+01
  124    22 TI    5.942237123838E+00  9.958204554038E+00  2.132164025733E+00
  125    22 TI    5.970414319088E+00  9.902042580458E+00  6.268736701879E+00
  126    22 TI    5.965702916291E+00  9.890244933839E+00  1.031114515346E+01
  127    22 TI    9.902355922415E+00  1.971874181460E+00  2.115705748483E+00
  128    22 TI    9.918498207561E+00  1.947927159120E+00  6.223795128353E+00
  129    22 TI    9.922977052494E+00  1.944627872293E+00  1.032997011250E+01
  130    22 TI    9.925649256288E+00  5.933184602794E+00  2.181578638194E+00
  131    22 TI    9.888975286464E+00  5.933396200295E+00  6.235067430385E+00
  132    22 TI    9.958707418614E+00  5.940431942017E+00  1.031828684819E+01
  133    22 TI    9.895606389901E+00  9.915498257608E+00  2.119406920132E+00
  134    22 TI    9.942985202843E+00  9.888735742110E+00  6.243866565364E+00
  135    22 TI    9.895347206594E+00  9.936302098718E+00  1.035622810453E+01

 *******************************************************************************
 *** PSEUDOPOTENTIAL INFORMATION ***
 *******************************************************************************

 ATOMIC NUMBER  56, NUCLEAR CHARGE 10.000, GIVEN IN INPUT       PSEUDOPOTENTIAL
   TYPE       EXPONENT      COEFF.    N      EXPONENT      COEFF.    N
  P0 TMS     9.5269860  427.8458160   0     4.4875100  204.4175300   0
  P1 TMS     8.3159300  293.6058640   0     4.2922170  294.1933160   0
  P2 TMS     5.9161080  112.5504020   0     2.8748420  181.7826210   0
  P3 TMS     3.5894650  -33.4731740   0

 *******************************************************************************
 LOCAL ATOMIC FUNCTIONS BASIS SET
 *******************************************************************************
   ATOM   X(AU)   Y(AU)   Z(AU)  N. TYPE  EXPONENT  S COEF   P COEF   D/F/G COEF
 *******************************************************************************
   1 BA  -0.029   0.069   0.063
                                  1 S  
                                         2.396E+00-5.955E+00 0.000E+00 0.000E+00
                                         2.243E+00 6.681E+00 0.000E+00 0.000E+00
                                         7.174E-01-5.706E-01 0.000E+00 0.000E+00
                                  2 S  
                                         2.742E-01 1.000E+00 0.000E+00 0.000E+00
                           3-     6 SP 
                                         1.300E-01 1.000E+00 1.000E+00 0.000E+00
                           7-     9 P  
                                         2.927E+00 0.000E+00 7.982E-01 0.000E+00
                                         2.521E+00 0.000E+00-1.071E+00 0.000E+00
                                         6.758E-01 0.000E+00 3.494E-01 0.000E+00
                                         3.199E-01 0.000E+00 6.504E-01 0.000E+00
                          10-    14 D  
                                         9.663E-01 0.000E+00 0.000E+00-9.089E-01
                                         8.938E-01 0.000E+00 0.000E+00 9.472E-01
                          15-    19 D  
                                         2.732E-01 0.000E+00 0.000E+00 3.221E-01
   2 BA   0.022   0.065   7.814
   3 BA   0.014   0.000  15.439
   4 BA  -0.015   7.534   0.116
   5 BA   0.026   7.558   7.740
   6 BA   0.013   7.468  15.580
   7 BA  -0.052  15.048   0.020
   8 BA   0.067  15.035   7.789
   9 BA  -0.048  15.033  15.563
  10 BA   7.493  -0.010   0.124
  11 BA   7.543   0.009   7.844
  12 BA   7.471   0.063  15.543
  13 BA   7.522   7.561   0.009
  14 BA   7.511   7.426   7.788
  15 BA   7.552   7.527  15.562
  16 BA   7.555  15.054   0.053
  17 BA   7.475  14.965   7.842
  18 BA   7.470  15.021  15.447
  19 BA  14.963  -0.065   0.056
  20 BA  14.973  -0.057   7.822
  21 BA  15.049   0.058  15.523
  22 BA  14.956   7.452   0.015
  23 BA  15.026   7.442   7.740
  24 BA  14.973   7.545  15.459
  25 BA  15.052  15.057   0.058
  26 BA  15.045  15.061   7.798
  27 BA  14.931  14.989  15.536
  28 O    3.695   3.699   7.478
                                514 S  
                                         2.703E+04 2.173E-04 0.000E+00 0.000E+00
                                         4.052E+03 1.684E-03 0.000E+00 0.000E+00
                                         9.223E+02 8.740E-03 0.000E+00 0.000E+00
                                         2.612E+02 3.524E-02 0.000E+00 0.000E+00
                                         8.535E+01 1.115E-01 0.000E+00 0.000E+00
                                         3.104E+01 2.559E-01 0.000E+00 0.000E+00
                                515 S  
                                         1.227E+01 3.977E-01 0.000E+00 0.000E+00
                                         4.916E+00 2.463E-01 0.000E+00 0.000E+00
                                516 S  
                                         9.009E-01 1.000E+00 0.000E+00 0.000E+00
                         517-   520 SP 
                                         2.500E-01 1.000E+00 1.000E+00 0.000E+00
                         521-   523 P  
                                         7.530E+01 0.000E+00 6.069E-03 0.000E+00
                                         1.774E+01 0.000E+00 4.191E-02 0.000E+00
                                         5.536E+00 0.000E+00 1.615E-01 0.000E+00
                                         2.069E+00 0.000E+00 3.571E-01 0.000E+00
                         524-   526 P  
                                         7.824E-01 0.000E+00 1.000E+00 0.000E+00
                         527-   531 D  
                                         1.200E+00 0.000E+00 0.000E+00 1.000E+00
  29 O    3.755   3.716  15.284
  30 O    3.709   3.739  23.011
  31 O    3.705  11.288   7.533
  32 O    3.763  11.221  15.148
  33 O    3.709  11.309  22.973
  34 O    3.813  18.738   7.445
  35 O    3.723  18.779  15.152
  36 O    3.806  18.707  22.973
  37 O   11.277   3.712   7.544
  38 O   11.188   3.785  15.240
  39 O   11.266   3.740  23.022
  40 O   11.256  11.269   7.411
  41 O   11.215  11.229  15.154
  42 O   11.229  11.302  22.897
  43 O   11.190  18.717   7.510
  44 O   11.225  18.683  15.234
  45 O   11.202  18.774  22.895
  46 O   18.779   3.696   7.530
  47 O   18.765   3.817  15.251
  48 O   18.725   3.714  23.009
  49 O   18.712  11.232   7.423
  50 O   18.678  11.242  15.205
  51 O   18.692  11.240  22.904
  52 O   18.683  18.776   7.504
  53 O   18.719  18.807  15.176
  54 O   18.737  18.804  23.001
  55 O    3.729   0.069   3.732
  56 O    3.675  -0.002  11.481
  57 O    3.769   0.031  19.150
  58 O    3.756   7.474   3.823
  59 O    3.773   7.533  11.420
  60 O    3.717   7.537  19.159
  61 O    3.745  15.026   3.824
  62 O    3.748  15.077  11.488
  63 O    3.810  15.035  19.249
  64 O   11.227   0.061   3.790
  65 O   11.207   0.019  11.426
  66 O   11.187  -0.035  19.238
  67 O   11.218   7.569   3.749
  68 O   11.297   7.550  11.451
  69 O   11.315   7.460  19.210
  70 O   11.190  15.014   3.795
  71 O   11.210  14.940  11.470
  72 O   11.257  14.961  19.153
  73 O   18.796  -0.038   3.704
  74 O   18.747   0.062  11.441
  75 O   18.824   0.019  19.227
  76 O   18.759   7.507   3.828
  77 O   18.684   7.481  11.511
  78 O   18.683   7.488  19.245
  79 O   18.738  15.074   3.738
  80 O   18.713  15.066  11.488
  81 O   18.682  15.028  19.224
  82 O   -0.026   3.812   3.788
  83 O   -0.045   3.787  11.533
  84 O   -0.068   3.784  19.215
  85 O    0.019  11.209   3.693
  86 O   -0.003  11.325  11.501
  87 O   -0.029  11.283  19.155
  88 O   -0.019  18.684   3.727
  89 O   -0.075  18.743  11.484
  90 O   -0.016  18.792  19.155
  91 O    7.435   3.786   3.763
  92 O    7.564   3.748  11.443
  93 O    7.527   3.680  19.227
  94 O    7.519  11.320   3.727
  95 O    7.492  11.290  11.420
  96 O    7.495  11.285  19.284
  97 O    7.565  18.782   3.726
  98 O    7.569  18.720  11.491
  99 O    7.427  18.764  19.205
 100 O   14.977   3.797   3.807
 101 O   15.017   3.706  11.544
 102 O   14.997   3.689  19.261
 103 O   15.040  11.287   3.698
 104 O   14.930  11.244  11.462
 105 O   14.973  11.302  19.169
 106 O   14.937  18.745   3.714
 107 O   15.040  18.816  11.496
 108 O   14.956  18.741  19.157
 109 TI   3.722   3.806   4.015
                               1972 S  
                                         2.116E+05 2.332E-04 0.000E+00 0.000E+00
                                         3.171E+04 1.808E-03 0.000E+00 0.000E+00
                                         7.218E+03 9.398E-03 0.000E+00 0.000E+00
                                         2.043E+03 3.816E-02 0.000E+00 0.000E+00
                                         6.651E+02 1.237E-01 0.000E+00 0.000E+00
                                         2.387E+02 2.921E-01 0.000E+00 0.000E+00
                                         9.251E+01 4.123E-01 0.000E+00 0.000E+00
                                         3.640E+01 2.109E-01 0.000E+00 0.000E+00
                               1973 S  
                                         2.327E+02-2.492E-02 0.000E+00 0.000E+00
                                         7.179E+01-1.175E-01 0.000E+00 0.000E+00
                                         1.116E+01 5.650E-01 0.000E+00 0.000E+00
                                         4.655E+00 5.621E-01 0.000E+00 0.000E+00
                               1974 S  
                                         6.803E+00-2.301E-01 0.000E+00 0.000E+00
                                         1.120E+00 7.210E-01 0.000E+00 0.000E+00
                               1975 S  
                                         4.808E-01 1.000E+00 0.000E+00 0.000E+00
                               1976 S  
                                         2.400E-01 1.000E+00 0.000E+00 0.000E+00
                        1977-  1980 SP 
                                         1.200E-01 1.000E+00 1.000E+00 0.000E+00
                        1981-  1983 P  
                                         1.063E+03 0.000E+00 2.469E-03 0.000E+00
                                         2.516E+02 0.000E+00 1.977E-02 0.000E+00
                                         8.041E+01 0.000E+00 9.099E-02 0.000E+00
                                         2.977E+01 0.000E+00 2.556E-01 0.000E+00
                                         1.174E+01 0.000E+00 4.049E-01 0.000E+00
                                         4.714E+00 0.000E+00 2.369E-01 0.000E+00
                        1984-  1986 P  
                                         1.780E+01 0.000E+00-2.788E-02 0.000E+00
                                         2.427E+00 0.000E+00 5.567E-01 0.000E+00
                                         9.682E-01 0.000E+00 1.006E+00 0.000E+00
                        1987-  1989 P  
                                         3.706E-01 0.000E+00 1.000E+00 0.000E+00
                        1990-  1994 D  
                                         3.771E+01 0.000E+00 0.000E+00 1.151E-02
                                         1.069E+01 0.000E+00 0.000E+00 6.725E-02
                                         3.673E+00 0.000E+00 0.000E+00 2.148E-01
                                         1.359E+00 0.000E+00 0.000E+00 3.889E-01
                        1995-  1999 D  
                                         5.400E-01 0.000E+00 0.000E+00 1.000E+00
                        2000-  2004 D  
                                         2.200E-01 0.000E+00 0.000E+00 1.000E+00
 110 TI   3.733   3.769  11.861
 111 TI   3.696   3.801  19.536
 112 TI   3.686  11.275   4.026
 113 TI   3.738  11.304  11.738
 114 TI   3.718  11.292  19.577
 115 TI   3.719  18.719   3.997
 116 TI   3.769  18.766  11.862
 117 TI   3.826  18.752  19.516
 118 TI  11.227   3.679   4.048
 119 TI  11.324   3.740  11.771
 120 TI  11.246   3.729  19.594
 121 TI  11.311  11.245   4.104
 122 TI  11.307  11.301  11.801
 123 TI  11.271  11.255  19.595
 124 TI  11.229  18.818   4.029
 125 TI  11.282  18.712  11.846
 126 TI  11.274  18.690  19.485
 127 TI  18.713   3.726   3.998
 128 TI  18.743   3.681  11.761
 129 TI  18.752   3.675  19.521
 130 TI  18.757  11.212   4.123
 131 TI  18.687  11.212  11.783
 132 TI  18.819  11.226  19.499
 133 TI  18.700  18.738   4.005
 134 TI  18.790  18.687  11.799
 135 TI  18.699  18.777  19.570
 INFORMATION **** SET_MPP **** PCRYSTAL CALCULATION
 INFORMATION **** READM2 **** NEW DEFAULT: FOCK/KS MATRIX MIXING SET TO 30 %
 INFORMATION **** READM2 **** NEW DEFAULT: FULL DIRECT SCF MODE
 INFORMATION **** READM2 **** NEW DEFAULT: COULOMB BIPOLAR BUFFER SET TO 32 Mb
 INFORMATION **** READM2 **** NEW DEFAULT: EXCHANGE BIPOLAR BUFFER SET TO 32 Mb

 *******************************************************************************
 NEW DEFAULT: DFT INTEGRATION GRID INCREASED TO XLGRID
 NEW DEFAULT: DIIS ACCELERATOR ACTIVE
 USE KEYWORD NODIIS TO TURN IT OFF
 *******************************************************************************

 INFORMATION **** TOLINTEG **** COULOMB AND EXCHANGE SERIES TOLERANCES MODIFIED
 INFORMATION **** MAXCYCLE **** MAX NUMBER OF SCF CYCLES SET TO         100
 INFORMATION **** EXCHSIZE **** EXCHANGE BIPOLAR BUFFER SIZE SET TO    30000000
 INFORMATION **** BIPOSIZE **** COULOMB BIPOLAR BUFFER SET TO    30000000
 INFORMATION **** GRADCAL **** ANALYTICAL GRADIENT AFTER SCF COMPLETED
 *******************************************************************************
 N. OF ATOMS PER CELL       135  COULOMB OVERLAP TOL         (T1) 10**   -8
 NUMBER OF SHELLS          1053  COULOMB PENETRATION TOL     (T2) 10**   -8
 NUMBER OF AO              2862  EXCHANGE OVERLAP TOL        (T3) 10**   -8
 N. OF ELECTRONS PER CELL  1512  EXCHANGE PSEUDO OVP (F(G))  (T4) 10**   -8
 CORE ELECTRONS PER CELL    648  EXCHANGE PSEUDO OVP (P(G))  (T5) 10**  -16
 N. OF SYMMETRY OPERATORS     1  POLE ORDER IN MONO ZONE                  4
 *******************************************************************************
 TYPE OF CALCULATION :  RESTRICTED CLOSED SHELL
 KOHN-SHAM HAMILTONIAN

 (EXCHANGE)[CORRELATION] FUNCTIONAL:(PERDEW-BURKE-ERNZERHOF)[PERDEW-BURKE-ERNZERHOF]


 HYBRID EXCHANGE - PERCENTAGE OF FOCK EXCHANGE    25.0000
 CORE  PSEUDO POTENTIAL         TOL. ON PSEUDO              (TP) 10**- 6

 CAPPA:IS1  2;IS2  2;IS3  2; K PTS MONK NET   8; SYMMOPS:K SPACE   2;G SPACE   1

 *******************************************************************************
 MAX NUMBER OF SCF CYCLES     100  CONVERGENCE ON DELTAP        10**-16
 WEIGHT OF F(I) IN F(I+1)      80% CONVERGENCE ON ENERGY        10**- 6
 SHRINK. FACT.(MONKH.)    2  2  2  NUMBER OF K POINTS IN THE IBZ      8
 SHRINKING FACTOR(GILAT NET)    2  NUMBER OF K POINTS(GILAT NET)      8
 *******************************************************************************
 *** K POINTS COORDINATES (OBLIQUE COORDINATES IN UNITS OF IS =  2)
   1-R(  0  0  0)   2-R(  1  0  0)   3-R(  0  1  0)   4-R(  1  1  0)
   5-R(  0  0  1)   6-R(  1  0  1)   7-R(  0  1  1)   8-R(  1  1  1)

 DIRECT LATTICE VECTORS COMPON. (A.U.)     RECIP. LATTICE VECTORS COMPON. (A.U.) 
        X            Y            Z              X            Y            Z
   22.5023543    0.0000000    0.0000000      0.2792235    0.0000000    0.0000000
    0.0000000   22.5023543    0.0000000      0.0000000    0.2792235    0.0000000
    0.0000000    0.0000000   23.1960024      0.0000000    0.0000000    0.2708736

 DISK SPACE FOR EIGENVECTORS (FTN 10)    65528352 REALS

 SYMMETRY ADAPTION OF THE BLOCH FUNCTIONS DISABLED
 TTTTTTTTTTTTTTTTTTTTTTTTTTTTTT gordsh1     TELAPSE        0.48 TCPU        0.40

 MATRIX SIZE: P(G) 7085992, F(G) 1249904, P(G) IRR 3550799, F(G) IRR 1253684
 MAX G-VECTOR INDEX FOR 1- AND 2-ELECTRON INTEGRALS  27

 TTTTTTTTTTTTTTTTTTTTTTTTTTTTTT INPUT       TELAPSE        3.52 TCPU        3.43

 NEIGHBORS OF THE NON-EQUIVALENT ATOMS

 N = NUMBER OF NEIGHBORS AT DISTANCE R
    ATOM  N     R/ANG      R/AU   NEIGHBORS (ATOM LABELS AND CELL INDICES)
   1 BA   1     2.7392     5.1764   73 O   -1 0 0
   1 BA   1     2.7700     5.2346   48 O   -1 0-1
   1 BA   1     2.7757     5.2453   30 O    0 0-1
   1 BA   1     2.7794     5.2522   55 O    0 0 0
   1 BA   1     2.7948     5.2813   82 O    0 0 0
   1 BA   1     2.8109     5.3119   54 O   -1-1-1

   2 BA   1     2.7392     5.1764   56 O    0 0 0
   2 BA   1     2.7401     5.1780   28 O    0 0 0
   2 BA   1     2.7650     5.2250   46 O   -1 0 0
   2 BA   1     2.7713     5.2370   74 O   -1 0 0
   2 BA   1     2.7849     5.2627   83 O    0 0 0
   2 BA   1     2.8053     5.3013   89 O    0-1 0

   3 BA   1     2.7786     5.2508   90 O    0-1 0
   3 BA   1     2.7852     5.2632   35 O    0-1 0
   3 BA   1     2.7914     5.2750   29 O    0 0 0
   3 BA   1     2.7937     5.2794   57 O    0 0 0
   3 BA   1     2.7988     5.2889   75 O   -1 0 0
   3 BA   1     2.8074     5.3052   53 O   -1-1 0

   4 BA   1     2.7138     5.1284   85 O    0 0 0
   4 BA   1     2.7669     5.2287   82 O    0 0 0
   4 BA   1     2.7840     5.2611   76 O   -1 0 0
   4 BA   1     2.7986     5.2886   58 O    0 0 0
   4 BA   1     2.8117     5.3133   33 O    0 0-1
   4 BA   1     2.8152     5.3200   51 O   -1 0-1

   5 BA   1     2.7744     5.2429   31 O    0 0 0
   5 BA   1     2.7797     5.2529   59 O    0 0 0
   5 BA   1     2.8078     5.3060   49 O   -1 0 0
   5 BA   1     2.8168     5.3230   86 O    0 0 0
   5 BA   1     2.8213     5.3315   28 O    0 0 0
   5 BA   1     2.8308     5.3495   83 O    0 0 0

   6 BA   1     2.7259     5.1511   60 O    0 0 0
   6 BA   1     2.7387     5.1754   84 O    0 0 0
   6 BA   1     2.7666     5.2281   87 O    0 0 0
   6 BA   1     2.7753     5.2446   47 O   -1 0 0
   6 BA   1     2.8059     5.3025   78 O   -1 0 0
   6 BA   1     2.8085     5.3072   29 O    0 0 0

   7 BA   1     2.7477     5.1923   88 O    0 0 0
   7 BA   1     2.7804     5.2542   79 O   -1 0 0
   7 BA   1     2.7974     5.2863   54 O   -1 0-1
   7 BA   1     2.8090     5.3083   33 O    0 0-1
   7 BA   1     2.8118     5.3135   85 O    0 0 0
   7 BA   1     2.8168     5.3230   36 O    0 0-1

   8 BA   1     2.7612     5.2179   62 O    0 0 0
   8 BA   1     2.7670     5.2290   31 O    0 0 0
   8 BA   1     2.7707     5.2358   89 O    0 0 0
   8 BA   1     2.7774     5.2486   86 O    0 0 0
   8 BA   1     2.7933     5.2786   34 O    0 0 0
   8 BA   1     2.8277     5.3436   80 O   -1 0 0

   9 BA   1     2.7479     5.1928   87 O    0 0 0
   9 BA   1     2.7517     5.1999   90 O    0 0 0
   9 BA   1     2.7821     5.2574   81 O   -1 0 0
   9 BA   1     2.8171     5.3236   53 O   -1 0 0
   9 BA   1     2.8214     5.3316   35 O    0 0 0
   9 BA   1     2.8239     5.3364   63 O    0 0 0

  10 BA   1     2.7368     5.1718   97 O    0-1 0
  10 BA   1     2.7596     5.2148   55 O    0 0 0
  10 BA   1     2.7692     5.2331   64 O    0 0 0
  10 BA   1     2.7832     5.2594   91 O    0 0 0
  10 BA   1     2.7881     5.2688   45 O    0-1-1
  10 BA   1     2.8021     5.2953   36 O    0-1-1

  11 BA   1     2.7118     5.1246   65 O    0 0 0
  11 BA   1     2.7463     5.1898   92 O    0 0 0
  11 BA   1     2.7839     5.2608   98 O    0-1 0
  11 BA   1     2.7872     5.2670   37 O    0 0 0
  11 BA   1     2.7908     5.2738   43 O    0-1 0
  11 BA   1     2.8097     5.3095   56 O    0 0 0

  12 BA   1     2.7324     5.1635   93 O    0 0 0
  12 BA   1     2.7353     5.1690   57 O    0 0 0
  12 BA   1     2.7610     5.2176   29 O    0 0 0
  12 BA   1     2.7735     5.2411   66 O    0 0 0
  12 BA   1     2.7880     5.2685   38 O    0 0 0
  12 BA   1     2.7932     5.2784   99 O    0-1 0

  13 BA   1     2.7825     5.2583   67 O    0 0 0
  13 BA   1     2.7917     5.2756   42 O    0 0-1
  13 BA   1     2.7979     5.2872   94 O    0 0 0
  13 BA   1     2.8177     5.3247   91 O    0 0 0
  13 BA   1     2.8321     5.3518   33 O    0 0-1
  13 BA   1     2.8323     5.3524   39 O    0 0-1

  14 BA   1     2.7441     5.1856   92 O    0 0 0
  14 BA   1     2.7586     5.2130   59 O    0 0 0
  14 BA   1     2.7883     5.2691   68 O    0 0 0
  14 BA   1     2.8018     5.2947   37 O    0 0 0
  14 BA   1     2.8060     5.3026   95 O    0 0 0
  14 BA   1     2.8276     5.3433   28 O    0 0 0

  15 BA   1     2.7645     5.2242   41 O    0 0 0
  15 BA   1     2.7662     5.2274   38 O    0 0 0
  15 BA   1     2.7733     5.2408   69 O    0 0 0
  15 BA   1     2.7825     5.2581   60 O    0 0 0
  15 BA   1     2.7990     5.2894   96 O    0 0 0
  15 BA   1     2.8092     5.3086   32 O    0 0 0

  16 BA   1     2.7603     5.2163   70 O    0 0 0
  16 BA   1     2.7630     5.2214   45 O    0 0-1
  16 BA   1     2.7696     5.2337   97 O    0 0 0
  16 BA   1     2.7722     5.2387   94 O    0 0 0
  16 BA   1     2.7739     5.2420   36 O    0 0-1
  16 BA   1     2.7847     5.2624   42 O    0 0-1

  17 BA   1     2.7142     5.1292   95 O    0 0 0
  17 BA   1     2.7552     5.2067   71 O    0 0 0
  17 BA   1     2.7597     5.2150   62 O    0 0 0
  17 BA   1     2.7712     5.2368   98 O    0 0 0
  17 BA   1     2.7902     5.2728   34 O    0 0 0
  17 BA   1     2.7914     5.2750   31 O    0 0 0

  18 BA   1     2.7778     5.2492   44 O    0 0 0
  18 BA   1     2.7925     5.2771   63 O    0 0 0
  18 BA   1     2.8040     5.2987   72 O    0 0 0
  18 BA   1     2.8071     5.3046   99 O    0 0 0
  18 BA   1     2.8129     5.3156   35 O    0 0 0
  18 BA   1     2.8137     5.3172   32 O    0 0 0

  19 BA   1     2.7503     5.1974  106 O    0-1 0
  19 BA   1     2.7753     5.2446   54 O    0-1-1
  19 BA   1     2.7849     5.2627   45 O    0-1-1
  19 BA   1     2.7963     5.2842   64 O    0 0 0
  19 BA   1     2.7999     5.2911   73 O    0 0 0
  19 BA   1     2.8104     5.3109   39 O    0 0-1

  20 BA   1     2.7330     5.1647  107 O    0-1 0
  20 BA   1     2.7588     5.2134   65 O    0 0 0
  20 BA   1     2.7662     5.2273   52 O    0-1 0
  20 BA   1     2.7677     5.2301   74 O    0 0 0
  20 BA   1     2.7975     5.2865   37 O    0 0 0
  20 BA   1     2.8010     5.2930  101 O    0 0 0

  21 BA   1     2.7577     5.2114  102 O    0 0 0
  21 BA   1     2.7842     5.2613   53 O    0-1 0
  21 BA   1     2.7903     5.2729  108 O    0-1 0
  21 BA   1     2.7987     5.2888   75 O    0 0 0
  21 BA   1     2.8005     5.2922   47 O    0 0 0
  21 BA   1     2.8359     5.3591   66 O    0 0 0

  22 BA   1     2.7713     5.2371   39 O    0 0-1
  22 BA   1     2.7870     5.2667  100 O    0 0 0
  22 BA   1     2.7966     5.2848   67 O    0 0 0
  22 BA   1     2.8110     5.3120   48 O    0 0-1
  22 BA   1     2.8142     5.3180  103 O    0 0 0
  22 BA   1     2.8201     5.3292   51 O    0 0-1

  23 BA   1     2.7805     5.2544   77 O    0 0 0
  23 BA   1     2.7841     5.2612   68 O    0 0 0
  23 BA   1     2.8005     5.2922   37 O    0 0 0
  23 BA   1     2.8028     5.2965   49 O    0 0 0
  23 BA   1     2.8083     5.3069   46 O    0 0 0
  23 BA   1     2.8159     5.3213  104 O    0 0 0

  24 BA   1     2.7727     5.2397   69 O    0 0 0
  24 BA   1     2.7733     5.2407   50 O    0 0 0
  24 BA   1     2.7894     5.2712   41 O    0 0 0
  24 BA   1     2.7943     5.2804  105 O    0 0 0
  24 BA   1     2.8052     5.3011   78 O    0 0 0
  24 BA   1     2.8163     5.3221   47 O    0 0 0

  25 BA   1     2.7486     5.1942  106 O    0 0 0
  25 BA   1     2.7560     5.2080   79 O    0 0 0
  25 BA   1     2.7731     5.2404  103 O    0 0 0
  25 BA   1     2.7841     5.2612   54 O    0 0-1
  25 BA   1     2.7971     5.2857   51 O    0 0-1
  25 BA   1     2.8384     5.3639   45 O    0 0-1

  26 BA   1     2.7536     5.2036   80 O    0 0 0
  26 BA   1     2.7560     5.2082   52 O    0 0 0
  26 BA   1     2.7885     5.2696  107 O    0 0 0
  26 BA   1     2.8004     5.2919  104 O    0 0 0
  26 BA   1     2.8102     5.3104   71 O    0 0 0
  26 BA   1     2.8132     5.3161   49 O    0 0 0

  27 BA   1     2.7282     5.1555   72 O    0 0 0
  27 BA   1     2.7391     5.1762  105 O    0 0 0
  27 BA   1     2.7590     5.2137  108 O    0 0 0
  27 BA   1     2.7734     5.2409   44 O    0 0 0
  27 BA   1     2.7838     5.2605   81 O    0 0 0
  27 BA   1     2.8045     5.2997   41 O    0 0 0

  28 O    1     1.8337     3.4651  109 TI   0 0 0
  28 O    1     2.3196     4.3835  110 TI   0 0 0
  28 O    1     2.7401     5.1780    2 BA   0 0 0
  28 O    1     2.7605     5.2166   55 O    0 0 0
  28 O    1     2.7738     5.2418   82 O    0 0 0
  28 O    1     2.7807     5.2548   58 O    0 0 0

  29 O    1     1.8113     3.4229  110 TI   0 0 0
  29 O    1     2.2508     4.2534  111 TI   0 0 0
  29 O    1     2.7610     5.2176   12 BA   0 0 0
  29 O    1     2.7914     5.2750    3 BA   0 0 0
  29 O    1     2.8085     5.3072    6 BA   0 0 0
  29 O    1     2.8144     5.3184   56 O    0 0 0

  30 O    1     1.8393     3.4758  111 TI   0 0 0
  30 O    1     2.2229     4.2006  109 TI   0 0 1
  30 O    1     2.7757     5.2453    1 BA   0 0 1
  30 O    1     2.8181     5.3254    4 BA   0 0 1
  30 O    1     2.8238     5.3362   10 BA   0 0 1
  30 O    1     2.8332     5.3541   57 O    0 0 0

  31 O    1     1.8558     3.5069  112 TI   0 0 0
  31 O    1     2.2253     4.2053  113 TI   0 0 0
  31 O    1     2.7670     5.2290    8 BA   0 0 0
  31 O    1     2.7744     5.2429    5 BA   0 0 0
  31 O    1     2.7867     5.2661   61 O    0 0 0
  31 O    1     2.7914     5.2750   17 BA   0 0 0

  32 O    1     1.8054     3.4117  113 TI   0 0 0
  32 O    1     2.3438     4.4292  114 TI   0 0 0
  32 O    1     2.7749     5.2438   59 O    0 0 0
  32 O    1     2.7750     5.2440   86 O    0 0 0
  32 O    1     2.7904     5.2732   95 O    0 0 0
  32 O    1     2.8092     5.3086   15 BA   0 0 0

  33 O    1     1.7973     3.3964  114 TI   0 0 0
  33 O    1     2.2484     4.2489  112 TI   0 0 1
  33 O    1     2.7880     5.2685   63 O    0 0 0
  33 O    1     2.7972     5.2860   96 O    0 0 0
  33 O    1     2.8090     5.3083    7 BA   0 0 1
  33 O    1     2.8117     5.3133    4 BA   0 0 1

  34 O    1     1.8252     3.4491  115 TI   0 0 0
  34 O    1     2.3375     4.4172  116 TI   0 0 0
  34 O    1     2.7444     5.1862   61 O    0 0 0
  34 O    1     2.7902     5.2728   17 BA   0 0 0
  34 O    1     2.7933     5.2786    8 BA   0 0 0
  34 O    1     2.7955     5.2827   97 O    0 0 0

  35 O    1     1.7410     3.2900  116 TI   0 0 0
  35 O    1     2.3101     4.3654  117 TI   0 0 0
  35 O    1     2.7564     5.2088   62 O    0 0 0
  35 O    1     2.7661     5.2272   56 O    0 1 0
  35 O    1     2.7852     5.2632    3 BA   0 1 0
  35 O    1     2.7941     5.2801   89 O    0 0 0

  36 O    1     1.8295     3.4572  117 TI   0 0 0
  36 O    1     2.2340     4.2216  115 TI   0 0 1
  36 O    1     2.7651     5.2253   99 O    0 0 0
  36 O    1     2.7678     5.2304   63 O    0 0 0
  36 O    1     2.7739     5.2420   16 BA   0 0 1
  36 O    1     2.8021     5.2953   10 BA   0 1 1

  37 O    1     1.8503     3.4965  118 TI   0 0 0
  37 O    1     2.2368     4.2270  119 TI   0 0 0
  37 O    1     2.7713     5.2370   64 O    0 0 0
  37 O    1     2.7833     5.2597  100 O    0 0 0
  37 O    1     2.7872     5.2670   11 BA   0 0 0
  37 O    1     2.7975     5.2865   20 BA   0 0 0

  38 O    1     1.8375     3.4725  119 TI   0 0 0
  38 O    1     2.3044     4.3547  120 TI   0 0 0
  38 O    1     2.7662     5.2274   15 BA   0 0 0
  38 O    1     2.7779     5.2494   92 O    0 0 0
  38 O    1     2.7880     5.2685   12 BA   0 0 0
  38 O    1     2.8168     5.3229  101 O    0 0 0

  39 O    1     1.8138     3.4276  120 TI   0 0 0
  39 O    1     2.2347     4.2229  118 TI   0 0 1
  39 O    1     2.7713     5.2371   22 BA   0 0 1
  39 O    1     2.8038     5.2984  102 O    0 0 0
  39 O    1     2.8104     5.3109   19 BA   0 0 1
  39 O    1     2.8188     5.3267   69 O    0 0 0

  40 O    1     1.7506     3.3081  121 TI   0 0 0
  40 O    1     2.3234     4.3906  122 TI   0 0 0
  40 O    1     2.7548     5.2059   67 O    0 0 0
  40 O    1     2.7553     5.2068   70 O    0 0 0
  40 O    1     2.7771     5.2480   94 O    0 0 0
  40 O    1     2.8052     5.3011  103 O    0 0 0

  41 O    1     1.7751     3.3544  122 TI   0 0 0
  41 O    1     2.3504     4.4416  123 TI   0 0 0
  41 O    1     2.7625     5.2203   68 O    0 0 0
  41 O    1     2.7645     5.2242   15 BA   0 0 0
  41 O    1     2.7671     5.2291   71 O    0 0 0
  41 O    1     2.7714     5.2371  104 O    0 0 0

  42 O    1     1.7480     3.3032  123 TI   0 0 0
  42 O    1     2.3301     4.4032  121 TI   0 0 1
  42 O    1     2.7497     5.1961   96 O    0 0 0
  42 O    1     2.7702     5.2350   72 O    0 0 0
  42 O    1     2.7847     5.2624   16 BA   0 0 1
  42 O    1     2.7917     5.2756   13 BA   0 0 1

  43 O    1     1.8430     3.4827  124 TI   0 0 0
  43 O    1     2.2950     4.3370  125 TI   0 0 0
  43 O    1     2.7730     5.2403   97 O    0 0 0
  43 O    1     2.7759     5.2457   70 O    0 0 0
  43 O    1     2.7908     5.2738   11 BA   0 1 0
  43 O    1     2.7995     5.2903   17 BA   0 0 0

  44 O    1     1.7931     3.3885  125 TI   0 0 0
  44 O    1     2.2498     4.2514  126 TI   0 0 0
  44 O    1     2.7691     5.2328   98 O    0 0 0
  44 O    1     2.7734     5.2409   27 BA   0 0 0
  44 O    1     2.7778     5.2492   18 BA   0 0 0
  44 O    1     2.8092     5.3086   71 O    0 0 0

  45 O    1     1.8055     3.4120  126 TI   0 0 0
  45 O    1     2.2914     4.3301  124 TI   0 0 1
  45 O    1     2.7508     5.1982   66 O    0 1 0
  45 O    1     2.7630     5.2214   16 BA   0 0 1
  45 O    1     2.7849     5.2627   19 BA   0 1 1
  45 O    1     2.7881     5.2688   10 BA   0 1 1

  46 O    1     1.8693     3.5325  127 TI   0 0 0
  46 O    1     2.2393     4.2316  128 TI   0 0 0
  46 O    1     2.7650     5.2250    2 BA   1 0 0
  46 O    1     2.7847     5.2623   82 O    1 0 0
  46 O    1     2.8083     5.3069   23 BA   0 0 0
  46 O    1     2.8116     5.3131   76 O    0 0 0

  47 O    1     1.8480     3.4922  128 TI   0 0 0
  47 O    1     2.2609     4.2724  129 TI   0 0 0
  47 O    1     2.7710     5.2364   77 O    0 0 0
  47 O    1     2.7729     5.2400   83 O    1 0 0
  47 O    1     2.7753     5.2446    6 BA   1 0 0
  47 O    1     2.7899     5.2722  101 O    0 0 0

  48 O    1     1.8462     3.4888  129 TI   0 0 0
  48 O    1     2.2145     4.1848  127 TI   0 0 1
  48 O    1     2.7700     5.2346    1 BA   1 0 1
  48 O    1     2.7978     5.2871  102 O    0 0 0
  48 O    1     2.7989     5.2892   75 O    0 0 0
  48 O    1     2.8083     5.3069   84 O    1 0 0

  49 O    1     1.7468     3.3009  130 TI   0 0 0
  49 O    1     2.3070     4.3595  131 TI   0 0 0
  49 O    1     2.7397     5.1773   76 O    0 0 0
  49 O    1     2.7684     5.2315  103 O    0 0 0
  49 O    1     2.8028     5.2965   23 BA   0 0 0
  49 O    1     2.8078     5.3060    5 BA   1 0 0

  50 O    1     1.8112     3.4227  131 TI   0 0 0
  50 O    1     2.2733     4.2959  132 TI   0 0 0
  50 O    1     2.7733     5.2407   24 BA   0 0 0
  50 O    1     2.7895     5.2714   77 O    0 0 0
  50 O    1     2.8032     5.2972  104 O    0 0 0
  50 O    1     2.8098     5.3097   27 BA   0 0 0

  51 O    1     1.8034     3.4079  132 TI   0 0 0
  51 O    1     2.3363     4.4149  130 TI   0 0 1
  51 O    1     2.7732     5.2406   78 O    0 0 0
  51 O    1     2.7895     5.2714  105 O    0 0 0
  51 O    1     2.7949     5.2816   81 O    0 0 0
  51 O    1     2.7971     5.2857   25 BA   0 0 1

  52 O    1     1.8517     3.4992  133 TI   0 0 0
  52 O    1     2.2741     4.2974  134 TI   0 0 0
  52 O    1     2.7560     5.2082   26 BA   0 0 0
  52 O    1     2.7662     5.2273   20 BA   0 1 0
  52 O    1     2.7948     5.2814   79 O    0 0 0
  52 O    1     2.8029     5.2968   73 O    0 1 0

  53 O    1     1.7884     3.3796  134 TI   0 0 0
  53 O    1     2.3255     4.3946  135 TI   0 0 0
  53 O    1     2.7535     5.2034  107 O    0 0 0
  53 O    1     2.7693     5.2333   89 O    1 0 0
  53 O    1     2.7795     5.2524   80 O    0 0 0
  53 O    1     2.7842     5.2613   21 BA   0 1 0

  54 O    1     1.8157     3.4312  135 TI   0 0 0
  54 O    1     2.2228     4.2005  133 TI   0 0 1
  54 O    1     2.7753     5.2446   19 BA   0 1 1
  54 O    1     2.7841     5.2612   25 BA   0 0 1
  54 O    1     2.7974     5.2863    7 BA   1 0 1
  54 O    1     2.8039     5.2986   75 O    0 1 0

  55 O    1     1.9828     3.7469  109 TI   0 0 0
  55 O    1     2.0436     3.8618  115 TI   0-1 0
  55 O    1     2.7596     5.2148   10 BA   0 0 0
  55 O    1     2.7605     5.2166   28 O    0 0 0
  55 O    1     2.7777     5.2491   91 O    0 0 0
  55 O    1     2.7794     5.2522    1 BA   0 0 0

  56 O    1     1.9874     3.7557  116 TI   0-1 0
  56 O    1     2.0059     3.7906  110 TI   0 0 0
  56 O    1     2.7392     5.1764    2 BA   0 0 0
  56 O    1     2.7661     5.2272   35 O    0-1 0
  56 O    1     2.8094     5.3089   89 O    0-1 0
  56 O    1     2.8097     5.3095   11 BA   0 0 0

  57 O    1     2.0061     3.7911  111 TI   0 0 0
  57 O    1     2.0106     3.7995  117 TI   0-1 0
  57 O    1     2.7353     5.1690   12 BA   0 0 0
  57 O    1     2.7726     5.2395   93 O    0 0 0
  57 O    1     2.7795     5.2524   99 O    0-1 0
  57 O    1     2.7937     5.2794    3 BA   0 0 0

  58 O    1     1.9439     3.6734  109 TI   0 0 0
  58 O    1     2.0148     3.8073  112 TI   0 0 0
  58 O    1     2.7566     5.2091   91 O    0 0 0
  58 O    1     2.7807     5.2548   28 O    0 0 0
  58 O    1     2.7857     5.2641   82 O    0 0 0
  58 O    1     2.7971     5.2858   85 O    0 0 0

  59 O    1     2.0026     3.7843  113 TI   0 0 0
  59 O    1     2.0055     3.7899  110 TI   0 0 0
  59 O    1     2.7586     5.2130   14 BA   0 0 0
  59 O    1     2.7749     5.2438   32 O    0 0 0
  59 O    1     2.7797     5.2529    5 BA   0 0 0
  59 O    1     2.7969     5.2854   95 O    0 0 0

  60 O    1     1.9868     3.7545  111 TI   0 0 0
  60 O    1     1.9996     3.7787  114 TI   0 0 0
  60 O    1     2.7259     5.1511    6 BA   0 0 0
  60 O    1     2.7825     5.2581   15 BA   0 0 0
  60 O    1     2.8036     5.2981   87 O    0 0 0
  60 O    1     2.8166     5.3227   96 O    0 0 0

  61 O    1     1.9564     3.6971  115 TI   0 0 0
  61 O    1     1.9881     3.7570  112 TI   0 0 0
  61 O    1     2.7444     5.1862   34 O    0 0 0
  61 O    1     2.7776     5.2488   88 O    0 0 0
  61 O    1     2.7867     5.2661   31 O    0 0 0
  61 O    1     2.7997     5.2907   94 O    0 0 0

  62 O    1     1.9619     3.7075  116 TI   0 0 0
  62 O    1     2.0009     3.7811  113 TI   0 0 0
  62 O    1     2.7564     5.2088   35 O    0 0 0
  62 O    1     2.7597     5.2150   17 BA   0 0 0
  62 O    1     2.7612     5.2179    8 BA   0 0 0
  62 O    1     2.7939     5.2797   98 O    0 0 0

  63 O    1     1.9721     3.7266  117 TI   0 0 0
  63 O    1     1.9884     3.7576  114 TI   0 0 0
  63 O    1     2.7494     5.1956   99 O    0 0 0
  63 O    1     2.7678     5.2304   36 O    0 0 0
  63 O    1     2.7820     5.2572   96 O    0 0 0
  63 O    1     2.7880     5.2685   33 O    0 0 0

  64 O    1     1.9198     3.6279  118 TI   0 0 0
  64 O    1     1.9857     3.7524  124 TI   0-1 0
  64 O    1     2.7692     5.2331   10 BA   0 0 0
  64 O    1     2.7713     5.2370   37 O    0 0 0
  64 O    1     2.7856     5.2640   97 O    0-1 0
  64 O    1     2.7963     5.2842   19 BA   0 0 0

  65 O    1     1.9784     3.7386  119 TI   0 0 0
  65 O    1     2.0283     3.8329  125 TI   0-1 0
  65 O    1     2.7118     5.1246   11 BA   0 0 0
  65 O    1     2.7588     5.2133   92 O    0 0 0
  65 O    1     2.7588     5.2134   20 BA   0 0 0
  65 O    1     2.7845     5.2619   98 O    0-1 0

  66 O    1     2.0011     3.7815  120 TI   0 0 0
  66 O    1     2.0039     3.7868  126 TI   0-1 0
  66 O    1     2.7508     5.1982   45 O    0-1 0
  66 O    1     2.7598     5.2153   93 O    0 0 0
  66 O    1     2.7735     5.2411   12 BA   0 0 0
  66 O    1     2.7929     5.2779   99 O    0-1 0

  67 O    1     1.9552     3.6949  121 TI   0 0 0
  67 O    1     2.0642     3.9007  118 TI   0 0 0
  67 O    1     2.7548     5.2059   40 O    0 0 0
  67 O    1     2.7825     5.2583   13 BA   0 0 0
  67 O    1     2.7880     5.2685   94 O    0 0 0
  67 O    1     2.7966     5.2848   22 BA   0 0 0

  68 O    1     1.9936     3.7673  122 TI   0 0 0
  68 O    1     2.0236     3.8241  119 TI   0 0 0
  68 O    1     2.7416     5.1809  104 O    0 0 0
  68 O    1     2.7625     5.2203   41 O    0 0 0
  68 O    1     2.7841     5.2612   23 BA   0 0 0
  68 O    1     2.7883     5.2691   14 BA   0 0 0

  69 O    1     1.9851     3.7514  120 TI   0 0 0
  69 O    1     2.0186     3.8145  123 TI   0 0 0
  69 O    1     2.7727     5.2397   24 BA   0 0 0
  69 O    1     2.7733     5.2408   15 BA   0 0 0
  69 O    1     2.7893     5.2709  102 O    0 0 0
  69 O    1     2.8072     5.3048  105 O    0 0 0

  70 O    1     2.0019     3.7830  121 TI   0 0 0
  70 O    1     2.0172     3.8120  124 TI   0 0 0
  70 O    1     2.7553     5.2068   40 O    0 0 0
  70 O    1     2.7558     5.2077   94 O    0 0 0
  70 O    1     2.7603     5.2163   16 BA   0 0 0
  70 O    1     2.7670     5.2288   97 O    0 0 0

  71 O    1     1.9343     3.6554  122 TI   0 0 0
  71 O    1     2.0063     3.7913  125 TI   0 0 0
  71 O    1     2.7552     5.2067   17 BA   0 0 0
  71 O    1     2.7574     5.2108   95 O    0 0 0
  71 O    1     2.7671     5.2291   41 O    0 0 0
  71 O    1     2.7750     5.2440  104 O    0 0 0

  72 O    1     1.9747     3.7317  123 TI   0 0 0
  72 O    1     1.9812     3.7439  126 TI   0 0 0
  72 O    1     2.7282     5.1555   27 BA   0 0 0
  72 O    1     2.7594     5.2145  105 O    0 0 0
  72 O    1     2.7702     5.2350   42 O    0 0 0
  72 O    1     2.7843     5.2616   96 O    0 0 0

  73 O    1     1.9792     3.7402  133 TI   0-1 0
  73 O    1     1.9985     3.7766  127 TI   0 0 0
  73 O    1     2.7392     5.1764    1 BA   1 0 0
  73 O    1     2.7948     5.2814   88 O    1-1 0
  73 O    1     2.7999     5.2911   19 BA   0 0 0
  73 O    1     2.8029     5.2968   52 O    0-1 0

  74 O    1     1.9227     3.6335  128 TI   0 0 0
  74 O    1     2.0605     3.8938  134 TI   0-1 0
  74 O    1     2.7602     5.2161  101 O    0 0 0
  74 O    1     2.7677     5.2301   20 BA   0 0 0
  74 O    1     2.7713     5.2370    2 BA   1 0 0
  74 O    1     2.7827     5.2585   83 O    1 0 0

  75 O    1     1.9412     3.6684  129 TI   0 0 0
  75 O    1     1.9909     3.7623  135 TI   0-1 0
  75 O    1     2.7605     5.2166   84 O    1 0 0
  75 O    1     2.7660     5.2269   90 O    1-1 0
  75 O    1     2.7987     5.2888   21 BA   0 0 0
  75 O    1     2.7988     5.2889    3 BA   1 0 0

  76 O    1     1.9669     3.7169  130 TI   0 0 0
  76 O    1     2.0028     3.7847  127 TI   0 0 0
  76 O    1     2.7397     5.1773   49 O    0 0 0
  76 O    1     2.7736     5.2414   82 O    1 0 0
  76 O    1     2.7840     5.2611    4 BA   1 0 0
  76 O    1     2.7938     5.2796   85 O    1 0 0

  77 O    1     1.9796     3.7410  131 TI   0 0 0
  77 O    1     2.0156     3.8089  128 TI   0 0 0
  77 O    1     2.7710     5.2364   47 O    0 0 0
  77 O    1     2.7805     5.2544   23 BA   0 0 0
  77 O    1     2.7849     5.2627  101 O    0 0 0
  77 O    1     2.7895     5.2714   50 O    0 0 0

  78 O    1     1.9837     3.7486  132 TI   0 0 0
  78 O    1     2.0236     3.8240  129 TI   0 0 0
  78 O    1     2.7732     5.2406   51 O    0 0 0
  78 O    1     2.7899     5.2722   84 O    1 0 0
  78 O    1     2.8012     5.2935  102 O    0 0 0
  78 O    1     2.8052     5.3011   24 BA   0 0 0

  79 O    1     1.9438     3.6732  133 TI   0 0 0
  79 O    1     2.0540     3.8814  130 TI   0 0 0
  79 O    1     2.7524     5.2012   88 O    1 0 0
  79 O    1     2.7560     5.2080   25 BA   0 0 0
  79 O    1     2.7804     5.2542    7 BA   1 0 0
  79 O    1     2.7948     5.2814   52 O    0 0 0

  80 O    1     1.9234     3.6347  134 TI   0 0 0
  80 O    1     2.0454     3.8653  131 TI   0 0 0
  80 O    1     2.7536     5.2036   26 BA   0 0 0
  80 O    1     2.7653     5.2257   89 O    1 0 0
  80 O    1     2.7775     5.2486  107 O    0 0 0
  80 O    1     2.7795     5.2524   53 O    0 0 0

  81 O    1     1.9922     3.7647  135 TI   0 0 0
  81 O    1     2.0187     3.8147  132 TI   0 0 0
  81 O    1     2.7821     5.2574    9 BA   1 0 0
  81 O    1     2.7822     5.2576  105 O    0 0 0
  81 O    1     2.7834     5.2598  108 O    0 0 0
  81 O    1     2.7838     5.2605   27 BA   0 0 0

  82 O    1     1.9867     3.7544  109 TI   0 0 0
  82 O    1     1.9955     3.7709  127 TI  -1 0 0
  82 O    1     2.7669     5.2287    4 BA   0 0 0
  82 O    1     2.7736     5.2414   76 O   -1 0 0
  82 O    1     2.7738     5.2418   28 O    0 0 0
  82 O    1     2.7847     5.2623   46 O   -1 0 0

  83 O    1     1.9700     3.7228  128 TI  -1 0 0
  83 O    1     2.0067     3.7921  110 TI   0 0 0
  83 O    1     2.7729     5.2400   47 O   -1 0 0
  83 O    1     2.7827     5.2585   74 O   -1 0 0
  83 O    1     2.7849     5.2627    2 BA   0 0 0
  83 O    1     2.7945     5.2808   77 O   -1 0 0

  84 O    1     1.9566     3.6974  129 TI  -1 0 0
  84 O    1     1.9989     3.7774  111 TI   0 0 0
  84 O    1     2.7387     5.1754    6 BA   0 0 0
  84 O    1     2.7605     5.2166   75 O   -1 0 0
  84 O    1     2.7899     5.2722   78 O   -1 0 0
  84 O    1     2.8083     5.3069   48 O   -1 0 0

  85 O    1     1.9492     3.6835  112 TI   0 0 0
  85 O    1     2.0049     3.7887  130 TI  -1 0 0
  85 O    1     2.7138     5.1284    4 BA   0 0 0
  85 O    1     2.7938     5.2796   76 O   -1 0 0
  85 O    1     2.7971     5.2858   58 O    0 0 0
  85 O    1     2.8118     5.3135    7 BA   0 0 0

  86 O    1     1.9839     3.7490  113 TI   0 0 0
  86 O    1     2.0233     3.8235  131 TI  -1 0 0
  86 O    1     2.7750     5.2440   32 O    0 0 0
  86 O    1     2.7774     5.2486    8 BA   0 0 0
  86 O    1     2.8076     5.3056   62 O    0 0 0
  86 O    1     2.8166     5.3225   50 O   -1 0 0

  87 O    1     1.9423     3.6703  132 TI  -1 0 0
  87 O    1     1.9957     3.7713  114 TI   0 0 0
  87 O    1     2.7479     5.1928    9 BA   0 0 0
  87 O    1     2.7666     5.2281    6 BA   0 0 0
  87 O    1     2.8036     5.2981   60 O    0 0 0
  87 O    1     2.8180     5.3253   51 O   -1 0 0

  88 O    1     1.9836     3.7485  115 TI   0 0 0
  88 O    1     2.0076     3.7939  133 TI  -1 0 0
  88 O    1     2.7477     5.1923    7 BA   0 0 0
  88 O    1     2.7524     5.2012   79 O   -1 0 0
  88 O    1     2.7776     5.2488   61 O    0 0 0
  88 O    1     2.7948     5.2814   73 O   -1 1 0

  89 O    1     1.9325     3.6519  134 TI  -1 0 0
  89 O    1     2.0441     3.8628  116 TI   0 0 0
  89 O    1     2.7653     5.2257   80 O   -1 0 0
  89 O    1     2.7693     5.2333   53 O   -1 0 0
  89 O    1     2.7707     5.2358    8 BA   0 0 0
  89 O    1     2.7941     5.2801   35 O    0 0 0

  90 O    1     2.0161     3.8098  135 TI  -1 0 0
  90 O    1     2.0419     3.8587  117 TI   0 0 0
  90 O    1     2.7517     5.1999    9 BA   0 0 0
  90 O    1     2.7660     5.2269   75 O   -1 1 0
  90 O    1     2.7786     5.2508    3 BA   0 1 0
  90 O    1     2.8159     5.3212   57 O    0 1 0

  91 O    1     1.9695     3.7218  109 TI   0 0 0
  91 O    1     2.0130     3.8040  118 TI   0 0 0
  91 O    1     2.7566     5.2091   58 O    0 0 0
  91 O    1     2.7777     5.2491   55 O    0 0 0
  91 O    1     2.7832     5.2594   10 BA   0 0 0
  91 O    1     2.7899     5.2722   28 O    0 0 0

  92 O    1     1.9970     3.7739  119 TI   0 0 0
  92 O    1     2.0393     3.8536  110 TI   0 0 0
  92 O    1     2.7441     5.1856   14 BA   0 0 0
  92 O    1     2.7463     5.1898   11 BA   0 0 0
  92 O    1     2.7588     5.2133   65 O    0 0 0
  92 O    1     2.7779     5.2494   38 O    0 0 0

  93 O    1     1.9774     3.7367  120 TI   0 0 0
  93 O    1     2.0349     3.8453  111 TI   0 0 0
  93 O    1     2.7324     5.1635   12 BA   0 0 0
  93 O    1     2.7598     5.2153   66 O    0 0 0
  93 O    1     2.7726     5.2395   57 O    0 0 0
  93 O    1     2.8115     5.3130   15 BA   0 0 0

  94 O    1     2.0170     3.8116  121 TI   0 0 0
  94 O    1     2.0344     3.8444  112 TI   0 0 0
  94 O    1     2.7558     5.2077   70 O    0 0 0
  94 O    1     2.7722     5.2387   16 BA   0 0 0
  94 O    1     2.7771     5.2480   40 O    0 0 0
  94 O    1     2.7880     5.2685   67 O    0 0 0

  95 O    1     1.9935     3.7671  113 TI   0 0 0
  95 O    1     2.0289     3.8340  122 TI   0 0 0
  95 O    1     2.7142     5.1292   17 BA   0 0 0
  95 O    1     2.7574     5.2108   71 O    0 0 0
  95 O    1     2.7904     5.2732   32 O    0 0 0
  95 O    1     2.7905     5.2734   41 O    0 0 0

  96 O    1     2.0044     3.7879  114 TI   0 0 0
  96 O    1     2.0052     3.7893  123 TI   0 0 0
  96 O    1     2.7497     5.1961   42 O    0 0 0
  96 O    1     2.7820     5.2572   63 O    0 0 0
  96 O    1     2.7843     5.2616   72 O    0 0 0
  96 O    1     2.7972     5.2860   33 O    0 0 0

  97 O    1     1.9457     3.6769  124 TI   0 0 0
  97 O    1     2.0403     3.8556  115 TI   0 0 0
  97 O    1     2.7368     5.1718   10 BA   0 1 0
  97 O    1     2.7670     5.2288   70 O    0 0 0
  97 O    1     2.7696     5.2337   16 BA   0 0 0
  97 O    1     2.7730     5.2403   43 O    0 0 0

  98 O    1     1.9740     3.7304  125 TI   0 0 0
  98 O    1     2.0205     3.8183  116 TI   0 0 0
  98 O    1     2.7691     5.2328   44 O    0 0 0
  98 O    1     2.7712     5.2368   17 BA   0 0 0
  98 O    1     2.7771     5.2479   71 O    0 0 0
  98 O    1     2.7839     5.2608   11 BA   0 1 0

  99 O    1     1.9128     3.6147  117 TI   0 0 0
  99 O    1     2.0412     3.8574  126 TI   0 0 0
  99 O    1     2.7494     5.1956   63 O    0 0 0
  99 O    1     2.7651     5.2253   36 O    0 0 0
  99 O    1     2.7795     5.2524   57 O    0 1 0
  99 O    1     2.7929     5.2779   66 O    0 1 0

 100 O    1     1.9800     3.7417  127 TI   0 0 0
 100 O    1     1.9893     3.7592  118 TI   0 0 0
 100 O    1     2.7833     5.2597   37 O    0 0 0
 100 O    1     2.7870     5.2667   22 BA   0 0 0
 100 O    1     2.8011     5.2933   64 O    0 0 0
 100 O    1     2.8039     5.2986   76 O    0 0 0

 101 O    1     1.9585     3.7010  119 TI   0 0 0
 101 O    1     1.9750     3.7323  128 TI   0 0 0
 101 O    1     2.7602     5.2161   74 O    0 0 0
 101 O    1     2.7849     5.2627   77 O    0 0 0
 101 O    1     2.7899     5.2722   47 O    0 0 0
 101 O    1     2.8010     5.2930   20 BA   0 0 0

 102 O    1     1.9918     3.7639  129 TI   0 0 0
 102 O    1     1.9931     3.7664  120 TI   0 0 0
 102 O    1     2.7577     5.2114   21 BA   0 0 0
 102 O    1     2.7893     5.2709   69 O    0 0 0
 102 O    1     2.7978     5.2871   48 O    0 0 0
 102 O    1     2.8012     5.2935   78 O    0 0 0

 103 O    1     1.9802     3.7420  130 TI   0 0 0
 103 O    1     1.9848     3.7507  121 TI   0 0 0
 103 O    1     2.7684     5.2315   49 O    0 0 0
 103 O    1     2.7731     5.2404   25 BA   0 0 0
 103 O    1     2.8014     5.2938   79 O    0 0 0
 103 O    1     2.8052     5.3011   40 O    0 0 0

 104 O    1     1.9259     3.6395  122 TI   0 0 0
 104 O    1     1.9958     3.7714  131 TI   0 0 0
 104 O    1     2.7416     5.1809   68 O    0 0 0
 104 O    1     2.7714     5.2371   41 O    0 0 0
 104 O    1     2.7750     5.2440   71 O    0 0 0
 104 O    1     2.8004     5.2919   26 BA   0 0 0

 105 O    1     1.9717     3.7261  123 TI   0 0 0
 105 O    1     2.0434     3.8615  132 TI   0 0 0
 105 O    1     2.7391     5.1762   27 BA   0 0 0
 105 O    1     2.7594     5.2145   72 O    0 0 0
 105 O    1     2.7822     5.2576   81 O    0 0 0
 105 O    1     2.7895     5.2714   51 O    0 0 0

 106 O    1     1.9696     3.7221  124 TI   0 0 0
 106 O    1     1.9972     3.7741  133 TI   0 0 0
 106 O    1     2.7486     5.1942   25 BA   0 0 0
 106 O    1     2.7503     5.1974   19 BA   0 1 0
 106 O    1     2.7962     5.2841   79 O    0 0 0
 106 O    1     2.7988     5.2890   70 O    0 0 0

 107 O    1     1.9916     3.7636  134 TI   0 0 0
 107 O    1     1.9980     3.7757  125 TI   0 0 0
 107 O    1     2.7330     5.1647   20 BA   0 1 0
 107 O    1     2.7535     5.2034   53 O    0 0 0
 107 O    1     2.7775     5.2486   80 O    0 0 0
 107 O    1     2.7885     5.2696   26 BA   0 0 0

 108 O    1     1.9568     3.6979  126 TI   0 0 0
 108 O    1     1.9929     3.7660  135 TI   0 0 0
 108 O    1     2.7590     5.2137   27 BA   0 0 0
 108 O    1     2.7834     5.2598   81 O    0 0 0
 108 O    1     2.7903     5.2729   21 BA   0 1 0
 108 O    1     2.7990     5.2893   72 O    0 0 0

 109 TI   1     1.8337     3.4651   28 O    0 0 0
 109 TI   1     1.9439     3.6734   58 O    0 0 0
 109 TI   1     1.9695     3.7218   91 O    0 0 0
 109 TI   1     1.9828     3.7469   55 O    0 0 0
 109 TI   1     1.9867     3.7544   82 O    0 0 0
 109 TI   1     2.2229     4.2006   30 O    0 0-1

 110 TI   1     1.8113     3.4229   29 O    0 0 0
 110 TI   1     2.0055     3.7899   59 O    0 0 0
 110 TI   1     2.0059     3.7906   56 O    0 0 0
 110 TI   1     2.0067     3.7921   83 O    0 0 0
 110 TI   1     2.0393     3.8536   92 O    0 0 0
 110 TI   1     2.3196     4.3835   28 O    0 0 0

 111 TI   1     1.8393     3.4758   30 O    0 0 0
 111 TI   1     1.9868     3.7545   60 O    0 0 0
 111 TI   1     1.9989     3.7774   84 O    0 0 0
 111 TI   1     2.0061     3.7911   57 O    0 0 0
 111 TI   1     2.0349     3.8453   93 O    0 0 0
 111 TI   1     2.2508     4.2534   29 O    0 0 0

 112 TI   1     1.8558     3.5069   31 O    0 0 0
 112 TI   1     1.9492     3.6835   85 O    0 0 0
 112 TI   1     1.9881     3.7570   61 O    0 0 0
 112 TI   1     2.0148     3.8073   58 O    0 0 0
 112 TI   1     2.0344     3.8444   94 O    0 0 0
 112 TI   1     2.2484     4.2489   33 O    0 0-1

 113 TI   1     1.8054     3.4117   32 O    0 0 0
 113 TI   1     1.9839     3.7490   86 O    0 0 0
 113 TI   1     1.9935     3.7671   95 O    0 0 0
 113 TI   1     2.0009     3.7811   62 O    0 0 0
 113 TI   1     2.0026     3.7843   59 O    0 0 0
 113 TI   1     2.2253     4.2053   31 O    0 0 0

 114 TI   1     1.7973     3.3964   33 O    0 0 0
 114 TI   1     1.9884     3.7576   63 O    0 0 0
 114 TI   1     1.9957     3.7713   87 O    0 0 0
 114 TI   1     1.9996     3.7787   60 O    0 0 0
 114 TI   1     2.0044     3.7879   96 O    0 0 0
 114 TI   1     2.3438     4.4292   32 O    0 0 0

 115 TI   1     1.8252     3.4491   34 O    0 0 0
 115 TI   1     1.9564     3.6971   61 O    0 0 0
 115 TI   1     1.9836     3.7485   88 O    0 0 0
 115 TI   1     2.0403     3.8556   97 O    0 0 0
 115 TI   1     2.0436     3.8618   55 O    0 1 0
 115 TI   1     2.2340     4.2216   36 O    0 0-1

 116 TI   1     1.7410     3.2900   35 O    0 0 0
 116 TI   1     1.9619     3.7075   62 O    0 0 0
 116 TI   1     1.9874     3.7557   56 O    0 1 0
 116 TI   1     2.0205     3.8183   98 O    0 0 0
 116 TI   1     2.0441     3.8628   89 O    0 0 0
 116 TI   1     2.3375     4.4172   34 O    0 0 0

 117 TI   1     1.8295     3.4572   36 O    0 0 0
 117 TI   1     1.9128     3.6147   99 O    0 0 0
 117 TI   1     1.9721     3.7266   63 O    0 0 0
 117 TI   1     2.0106     3.7995   57 O    0 1 0
 117 TI   1     2.0419     3.8587   90 O    0 0 0
 117 TI   1     2.3101     4.3654   35 O    0 0 0

 118 TI   1     1.8503     3.4965   37 O    0 0 0
 118 TI   1     1.9198     3.6279   64 O    0 0 0
 118 TI   1     1.9893     3.7592  100 O    0 0 0
 118 TI   1     2.0130     3.8040   91 O    0 0 0
 118 TI   1     2.0642     3.9007   67 O    0 0 0
 118 TI   1     2.2347     4.2229   39 O    0 0-1

 119 TI   1     1.8375     3.4725   38 O    0 0 0
 119 TI   1     1.9585     3.7010  101 O    0 0 0
 119 TI   1     1.9784     3.7386   65 O    0 0 0
 119 TI   1     1.9970     3.7739   92 O    0 0 0
 119 TI   1     2.0236     3.8241   68 O    0 0 0
 119 TI   1     2.2368     4.2270   37 O    0 0 0

 120 TI   1     1.8138     3.4276   39 O    0 0 0
 120 TI   1     1.9774     3.7367   93 O    0 0 0
 120 TI   1     1.9851     3.7514   69 O    0 0 0
 120 TI   1     1.9931     3.7664  102 O    0 0 0
 120 TI   1     2.0011     3.7815   66 O    0 0 0
 120 TI   1     2.3044     4.3547   38 O    0 0 0

 121 TI   1     1.7506     3.3081   40 O    0 0 0
 121 TI   1     1.9552     3.6949   67 O    0 0 0
 121 TI   1     1.9848     3.7507  103 O    0 0 0
 121 TI   1     2.0019     3.7830   70 O    0 0 0
 121 TI   1     2.0170     3.8116   94 O    0 0 0
 121 TI   1     2.3301     4.4032   42 O    0 0-1

 122 TI   1     1.7751     3.3544   41 O    0 0 0
 122 TI   1     1.9259     3.6395  104 O    0 0 0
 122 TI   1     1.9343     3.6554   71 O    0 0 0
 122 TI   1     1.9936     3.7673   68 O    0 0 0
 122 TI   1     2.0289     3.8340   95 O    0 0 0
 122 TI   1     2.3234     4.3906   40 O    0 0 0

 123 TI   1     1.7480     3.3032   42 O    0 0 0
 123 TI   1     1.9717     3.7261  105 O    0 0 0
 123 TI   1     1.9747     3.7317   72 O    0 0 0
 123 TI   1     2.0052     3.7893   96 O    0 0 0
 123 TI   1     2.0186     3.8145   69 O    0 0 0
 123 TI   1     2.3504     4.4416   41 O    0 0 0

 124 TI   1     1.8430     3.4827   43 O    0 0 0
 124 TI   1     1.9457     3.6769   97 O    0 0 0
 124 TI   1     1.9696     3.7221  106 O    0 0 0
 124 TI   1     1.9857     3.7524   64 O    0 1 0
 124 TI   1     2.0172     3.8120   70 O    0 0 0
 124 TI   1     2.2914     4.3301   45 O    0 0-1

 125 TI   1     1.7931     3.3885   44 O    0 0 0
 125 TI   1     1.9740     3.7304   98 O    0 0 0
 125 TI   1     1.9980     3.7757  107 O    0 0 0
 125 TI   1     2.0063     3.7913   71 O    0 0 0
 125 TI   1     2.0283     3.8329   65 O    0 1 0
 125 TI   1     2.2950     4.3370   43 O    0 0 0

 126 TI   1     1.8055     3.4120   45 O    0 0 0
 126 TI   1     1.9568     3.6979  108 O    0 0 0
 126 TI   1     1.9812     3.7439   72 O    0 0 0
 126 TI   1     2.0039     3.7868   66 O    0 1 0
 126 TI   1     2.0412     3.8574   99 O    0 0 0
 126 TI   1     2.2498     4.2514   44 O    0 0 0

 127 TI   1     1.8693     3.5325   46 O    0 0 0
 127 TI   1     1.9800     3.7417  100 O    0 0 0
 127 TI   1     1.9955     3.7709   82 O    1 0 0
 127 TI   1     1.9985     3.7766   73 O    0 0 0
 127 TI   1     2.0028     3.7847   76 O    0 0 0
 127 TI   1     2.2145     4.1848   48 O    0 0-1

 128 TI   1     1.8480     3.4922   47 O    0 0 0
 128 TI   1     1.9227     3.6335   74 O    0 0 0
 128 TI   1     1.9700     3.7228   83 O    1 0 0
 128 TI   1     1.9750     3.7323  101 O    0 0 0
 128 TI   1     2.0156     3.8089   77 O    0 0 0
 128 TI   1     2.2393     4.2316   46 O    0 0 0

 129 TI   1     1.8462     3.4888   48 O    0 0 0
 129 TI   1     1.9412     3.6684   75 O    0 0 0
 129 TI   1     1.9566     3.6974   84 O    1 0 0
 129 TI   1     1.9918     3.7639  102 O    0 0 0
 129 TI   1     2.0236     3.8240   78 O    0 0 0
 129 TI   1     2.2609     4.2724   47 O    0 0 0

 130 TI   1     1.7468     3.3009   49 O    0 0 0
 130 TI   1     1.9669     3.7169   76 O    0 0 0
 130 TI   1     1.9802     3.7420  103 O    0 0 0
 130 TI   1     2.0049     3.7887   85 O    1 0 0
 130 TI   1     2.0540     3.8814   79 O    0 0 0
 130 TI   1     2.3363     4.4149   51 O    0 0-1

 131 TI   1     1.8112     3.4227   50 O    0 0 0
 131 TI   1     1.9796     3.7410   77 O    0 0 0
 131 TI   1     1.9958     3.7714  104 O    0 0 0
 131 TI   1     2.0233     3.8235   86 O    1 0 0
 131 TI   1     2.0454     3.8653   80 O    0 0 0
 131 TI   1     2.3070     4.3595   49 O    0 0 0

 132 TI   1     1.8034     3.4079   51 O    0 0 0
 132 TI   1     1.9423     3.6703   87 O    1 0 0
 132 TI   1     1.9837     3.7486   78 O    0 0 0
 132 TI   1     2.0187     3.8147   81 O    0 0 0
 132 TI   1     2.0434     3.8615  105 O    0 0 0
 132 TI   1     2.2733     4.2959   50 O    0 0 0

 133 TI   1     1.8517     3.4992   52 O    0 0 0
 133 TI   1     1.9438     3.6732   79 O    0 0 0
 133 TI   1     1.9792     3.7402   73 O    0 1 0
 133 TI   1     1.9972     3.7741  106 O    0 0 0
 133 TI   1     2.0076     3.7939   88 O    1 0 0
 133 TI   1     2.2228     4.2005   54 O    0 0-1

 134 TI   1     1.7884     3.3796   53 O    0 0 0
 134 TI   1     1.9234     3.6347   80 O    0 0 0
 134 TI   1     1.9325     3.6519   89 O    1 0 0
 134 TI   1     1.9916     3.7636  107 O    0 0 0
 134 TI   1     2.0605     3.8938   74 O    0 1 0
 134 TI   1     2.2741     4.2974   52 O    0 0 0

 135 TI   1     1.8157     3.4312   54 O    0 0 0
 135 TI   1     1.9909     3.7623   75 O    0 1 0
 135 TI   1     1.9922     3.7647   81 O    0 0 0
 135 TI   1     1.9929     3.7660  108 O    0 0 0
 135 TI   1     2.0161     3.8098   90 O    1 0 0
 135 TI   1     2.3255     4.3946   53 O    0 0 0


 SYMMETRY ALLOWED INTERNAL DEGREE(S) OF FREEDOM: 402
 TTTTTTTTTTTTTTTTTTTTTTTTTTTTTT SYMM        TELAPSE        3.56 TCPU        3.47
 TTTTTTTTTTTTTTTTTTTTTTTTTTTTTT INT_SCREEN  TELAPSE        3.66 TCPU        3.57

 DFT PARAMETERS

     ATOM       ELECTRONS   NET CHARGE   R(ANGSTROM)
   1 256  BA     10.0000      0.0000     2.24000000
  28   8  O       8.0000      0.0000     0.74000000
 109  22  TI     22.0000      0.0000     1.47000000

 SIZE OF GRID=    2838127
 TTTTTTTTTTTTTTTTTTTTTTTTTTTTTT MAKE_GRID2  TELAPSE       45.68 TCPU       44.28
 BECKE WEIGHT FUNCTION
 RADSAFE =     2.00
 TOLERANCES - DENSITY:10**- 6; POTENTIAL:10**- 9; GRID WGT:10**-14

 RADIAL INTEGRATION  - INTERVALS (POINTS,UPPER LIMIT):            1( 75,  4.0*R)

 ANGULAR INTEGRATION - INTERVALS (ACCURACY LEVEL [N. POINTS] UPPER LIMIT):
  1(  4[  86]   0.2)  2(  8[ 194]   0.5)  3( 12[ 350]   0.9)  4( 16[ 974]   3.5)
  5( 12[ 350]9999.0)
 TTTTTTTTTTTTTTTTTTTTTTTTTTTTTT INT_CALC    TELAPSE       45.80 TCPU       44.39
 EEEEEEEEEE INT_CALC TERMINATION  DATE 25 03 2026 TIME 17:24:08.7

 *******************************************************************************
 converted and standardized from ase Atoms() object for Ba27Ti27O81 in space grou
 CRYSTAL - SCF - TYPE OF CALCULATION :  RESTRICTED CLOSED SHELL
 *******************************************************************************

 CAPPA:IS1  2;IS2  2;IS3  2; K PTS MONK NET   8; SYMMOPS:K SPACE   2;G SPACE   1

 TTTTTTTTTTTTTTTTTTTTTTTTTTTTTT SDIK        TELAPSE       48.12 TCPU       46.70

 AAAAAAAAAAAAAAAAAAAAAAAAAAAAAAAAAAAAAAAAAAAAAAAAAAAAAAAAAAAAAAAAAAAAAAAAAAAAAAA
         ATOMIC WAVEFUNCTION(S)


 NUCLEAR CHARGE 10.0  SYMMETRY SPECIES            S    P
 N. ELECTRONS   10.0  NUMBER OF PRIMITIVE GTOS    5    5
                      NUMBER OF CONTRACTED GTOS   3    2
                      NUMBER OF CLOSED SHELLS     2    1
                      OPEN SHELL OCCUPATION       0    0

  ZNUC  SCFIT    TOTAL HF ENERGY   KINETIC ENERGY   VIRIAL THEOREM             ACCURACY
  10.0     4    -2.474305552E+01  8.075374960E+00 -4.064013205E+00  1.0E-06

 NUCLEAR CHARGE  8.0  SYMMETRY SPECIES            S    P
 N. ELECTRONS    8.0  NUMBER OF PRIMITIVE GTOS   10    6
                      NUMBER OF CONTRACTED GTOS   4    3
                      NUMBER OF CLOSED SHELLS     2    0
                      OPEN SHELL OCCUPATION       0    4

  ZNUC  SCFIT    TOTAL HF ENERGY   KINETIC ENERGY   VIRIAL THEOREM             ACCURACY
   8.0    13    -7.480154908E+01  7.478929754E+01 -2.000163814E+00  2.2E-06

 NUCLEAR CHARGE 22.0  SYMMETRY SPECIES            S    P    D
 N. ELECTRONS   22.0  NUMBER OF PRIMITIVE GTOS   17   11    6
                      NUMBER OF CONTRACTED GTOS   6    4    3
                      NUMBER OF CLOSED SHELLS     4    2    0
                      OPEN SHELL OCCUPATION       0    0    2

  ZNUC  SCFIT    TOTAL HF ENERGY   KINETIC ENERGY   VIRIAL THEOREM             ACCURACY
  22.0    51    -8.483283897E+02  8.486954851E+02 -1.999567459E+00  4.0E-06

 AAAAAAAAAAAAAAAAAAAAAAAAAAAAAAAAAAAAAAAAAAAAAAAAAAAAAAAAAAAAAAAAAAAAAAAAAAAAAAA

 CHARGE NORMALIZATION FACTOR   1.00000000
 TOTAL ATOMIC CHARGES:
  10.0000000  10.0000000  10.0000000  10.0000000  10.0000000  10.0000000
  10.0000000  10.0000000  10.0000000  10.0000000  10.0000000  10.0000000
  10.0000000  10.0000000  10.0000000  10.0000000  10.0000000  10.0000000
  10.0000000  10.0000000  10.0000000  10.0000000  10.0000000  10.0000000
  10.0000000  10.0000000  10.0000000   8.0000000   8.0000000   8.0000000
   8.0000000   8.0000000   8.0000000   8.0000000   8.0000000   8.0000000
   8.0000000   8.0000000   8.0000000   8.0000000   8.0000000   8.0000000
   8.0000000   8.0000000   8.0000000   8.0000000   8.0000000   8.0000000
   8.0000000   8.0000000   8.0000000   8.0000000   8.0000000   8.0000000
   8.0000000   8.0000000   8.0000000   8.0000000   8.0000000   8.0000000
   8.0000000   8.0000000   8.0000000   8.0000000   8.0000000   8.0000000
   8.0000000   8.0000000   8.0000000   8.0000000   8.0000000   8.0000000
   8.0000000   8.0000000   8.0000000   8.0000000   8.0000000   8.0000000
   8.0000000   8.0000000   8.0000000   8.0000000   8.0000000   8.0000000
   8.0000000   8.0000000   8.0000000   8.0000000   8.0000000   8.0000000
   8.0000000   8.0000000   8.0000000   8.0000000   8.0000000   8.0000000
   8.0000000   8.0000000   8.0000000   8.0000000   8.0000000   8.0000000
   8.0000000   8.0000000   8.0000000   8.0000000   8.0000000   8.0000000
  22.0000000  22.0000000  22.0000000  22.0000000  22.0000000  22.0000000
  22.0000000  22.0000000  22.0000000  22.0000000  22.0000000  22.0000000
  22.0000000  22.0000000  22.0000000  22.0000000  22.0000000  22.0000000
  22.0000000  22.0000000  22.0000000  22.0000000  22.0000000  22.0000000
  22.0000000  22.0000000  22.0000000
 TTTTTTTTTTTTTTTTTTTTTTTTTTTTTT MOQGAD      TELAPSE       48.23 TCPU       46.81
 TTTTTTTTTTTTTTTTTTTTTTTTTTTTTT SHELLXN     TELAPSE      455.06 TCPU      453.61
 TTTTTTTTTTTTTTTTTTTTTTTTTTTTTT MONMO3      TELAPSE      467.49 TCPU      466.05
 NUMERICALLY INTEGRATED DENSITY   1511.9954120253
 TTTTTTTTTTTTTTTTTTTTTTTTTTTTTT NUMDFT      TELAPSE      485.36 TCPU      483.91
 CYC   0 ETOT(AU) -2.971202214637E+04 DETOT -2.97E+04 tst  0.00E+00 PX  1.00E+00
 TTTTTTTTTTTTTTTTTTTTTTTTTTTTTT DIIS        TELAPSE      485.64 TCPU      484.19
 TTTTTTTTTTTTTTTTTTTTTTTTTTTTTT FDIK        TELAPSE      501.16 TCPU      499.63
 INSULATING STATE
 TOP OF VALENCE BANDS -    BAND    756; K    8; EIG -3.4794364E-01 AU
 TOP OF VALENCE BANDS -    BAND    756; K    1; EIG -3.5233879E-01 AU
 BOTTOM OF VIRTUAL BANDS - BAND    757; K    1; EIG -8.3248583E-02 AU
 INDIRECT ENERGY BAND GAP:   7.2027 eV
 TTTTTTTTTTTTTTTTTTTTTTTTTTTTTT PDIG        TELAPSE      503.69 TCPU      502.16
 CHARGE NORMALIZATION FACTOR   1.00000000
 TOTAL ATOMIC CHARGES:
   8.1657424   8.1729751   8.1641347   8.1593190   8.1661922   8.1673393
   8.1600149   8.1639873   8.1620107   8.1670841   8.1733362   8.1670871
   8.1595987   8.1719591   8.1690944   8.1663135   8.1751577   8.1601584
   8.1571794   8.1673234   8.1608628   8.1637080   8.1618283   8.1680566
   8.1621822   8.1610908   8.1611492   9.4683118   9.4525482   9.4587344
   9.4678686   9.4601595   9.4447316   9.4693373   9.4243471   9.4564750
   9.4651365   9.4660809   9.4505810   9.4322150   9.4431501   9.4298237
   9.4682518   9.4464381   9.4515744   9.4710261   9.4649462   9.4595208
   9.4258336   9.4562483   9.4585202   9.4687449   9.4490740   9.4494936
   9.4849479   9.4804707   9.4879855   9.4742618   9.4840268   9.4807576
   9.4765564   9.4788879   9.4781208   9.4698495   9.4832868   9.4834787
   9.4815208   9.4831671   9.4773150   9.4857379   9.4737891   9.4783073
   9.4826701   9.4772916   9.4756362   9.4758311   9.4820136   9.4823651
   9.4792115   9.4742038   9.4798876   9.4805655   9.4781017   9.4782864
   9.4762580   9.4822633   9.4728385   9.4797308   9.4731489   9.4885665
   9.4780963   9.4854382   9.4837143   9.4898397   9.4847334   9.4804976
   9.4845208   9.4800985   9.4771654   9.4776198   9.4750981   9.4809630
   9.4772014   9.4726128   9.4867255   9.4771372   9.4825061   9.4739453
  19.4577674  19.3901364  19.3815472  19.3864121  19.4417323  19.3994089
  19.4085898  19.4451170  19.4144756  19.3925726  19.4294923  19.4251717
  19.4675946  19.4681802  19.4591305  19.4145782  19.4104050  19.4119565
  19.3934337  19.4406242  19.4146293  19.4344668  19.3782553  19.4284119
  19.4204412  19.4664229  19.3957365
 TTTTTTTTTTTTTTTTTTTTTTTTTTTTTT MOQGAD      TELAPSE      503.75 TCPU      502.22
 TTTTTTTTTTTTTTTTTTTTTTTTTTTTTT SHELLXN     TELAPSE      927.65 TCPU      926.00
 TTTTTTTTTTTTTTTTTTTTTTTTTTTTTT MONMO3      TELAPSE      940.05 TCPU      938.39
 NUMERICALLY INTEGRATED DENSITY   1511.9951595660
 TTTTTTTTTTTTTTTTTTTTTTTTTTTTTT NUMDFT      TELAPSE      957.66 TCPU      956.00
 CYC   1 ETOT(AU) -2.970521695328E+04 DETOT  6.81E+00 tst  0.00E+00 PX  1.00E+00
 TTTTTTTTTTTTTTTTTTTTTTTTTTTTTT DIIS        TELAPSE      961.77 TCPU      960.11
 DIIS TEST: 0.75895E+02 AT SCF   CYCLE   1 - MIX   80 %
 TTTTTTTTTTTTTTTTTTTTTTTTTTTTTT FDIK        TELAPSE      977.25 TCPU      975.54
 INSULATING STATE
 TOP OF VALENCE BANDS -    BAND    756; K    8; EIG -2.5875090E-01 AU
 TOP OF VALENCE BANDS -    BAND    756; K    1; EIG -2.6671214E-01 AU
 BOTTOM OF VIRTUAL BANDS - BAND    757; K    1; EIG -1.0260186E-01 AU
 INDIRECT ENERGY BAND GAP:   4.2490 eV
 TTTTTTTTTTTTTTTTTTTTTTTTTTTTTT PDIG        TELAPSE      979.74 TCPU      978.04
 CHARGE NORMALIZATION FACTOR   1.00000000
 TOTAL ATOMIC CHARGES:
   8.2559396   8.2576843   8.2521673   8.2528258   8.2550795   8.2539881
   8.2523899   8.2534335   8.2517307   8.2552701   8.2575832   8.2535683
   8.2523846   8.2574774   8.2557437   8.2527205   8.2561585   8.2489066
   8.2509534   8.2564065   8.2518491   8.2523994   8.2509700   8.2543618
   8.2519873   8.2503797   8.2498527   9.2017655   9.1892705   9.1943850
   9.2021950   9.1939662   9.1790025   9.1908226   9.1592736   9.1970440
   9.1984144   9.2020176   9.1959508   9.1566204   9.1822961   9.1582089
   9.1953678   9.1838163   9.1904406   9.2029552   9.2091059   9.2078921
   9.1565018   9.1821507   9.1870285   9.2007523   9.1889539   9.1914237
   9.2387722   9.2356528   9.2344912   9.2345423   9.2321659   9.2360501
   9.2269475   9.2390595   9.2320632   9.2319246   9.2374115   9.2345479
   9.2392239   9.2385381   9.2369440   9.2357286   9.2338605   9.2349180
   9.2358800   9.2317698   9.2302497   9.2319219   9.2311564   9.2317902
   9.2355157   9.2322021   9.2353969   9.2379516   9.2310823   9.2323964
   9.2395191   9.2356304   9.2359274   9.2330407   9.2316543   9.2397305
   9.2317291   9.2358890   9.2330671   9.2365824   9.2381549   9.2344419
   9.2336690   9.2309633   9.2261796   9.2324954   9.2355338   9.2353437
   9.2340766   9.2326982   9.2378230   9.2427327   9.2427128   9.2313617
  20.0991719  20.0858049  20.0682095  20.0695565  20.0981732  20.0723491
  20.0872318  20.1048794  20.0821706  20.0685638  20.0988129  20.0926254
  20.1235927  20.1067565  20.1229296  20.0882342  20.0836521  20.0728798
  20.0716040  20.0864010  20.0670375  20.0934982  20.0737433  20.0982037
  20.0857709  20.1045035  20.0806994
 TTTTTTTTTTTTTTTTTTTTTTTTTTTTTT MOQGAD      TELAPSE      979.80 TCPU      978.10
 TTTTTTTTTTTTTTTTTTTTTTTTTTTTTT SHELLXN     TELAPSE     1405.36 TCPU     1403.57
 TTTTTTTTTTTTTTTTTTTTTTTTTTTTTT MONMO3      TELAPSE     1417.80 TCPU     1416.01
 NUMERICALLY INTEGRATED DENSITY   1511.9943937945
 TTTTTTTTTTTTTTTTTTTTTTTTTTTTTT NUMDFT      TELAPSE     1435.72 TCPU     1433.93
 CYC   2 ETOT(AU) -2.971622517210E+04 DETOT -1.10E+01 tst  4.45E-03 PX  6.93E-02
 TTTTTTTTTTTTTTTTTTTTTTTTTTTTTT DIIS        TELAPSE     1439.94 TCPU     1438.15
 DIIS TEST: 0.14255E+02 AT SCF   CYCLE   2 - DIIS ACTIVE - HISTORY:     2 CYCLES
 TTTTTTTTTTTTTTTTTTTTTTTTTTTTTT FDIK        TELAPSE     1456.14 TCPU     1454.34
 INSULATING STATE
 TOP OF VALENCE BANDS -    BAND    756; K    8; EIG -1.5081114E-01 AU
 TOP OF VALENCE BANDS -    BAND    756; K    1; EIG -1.5984757E-01 AU
 BOTTOM OF VIRTUAL BANDS - BAND    757; K    1; EIG -2.4844682E-02 AU
 INDIRECT ENERGY BAND GAP:   3.4277 eV
 TTTTTTTTTTTTTTTTTTTTTTTTTTTTTT PDIG        TELAPSE     1458.75 TCPU     1456.95
 CHARGE NORMALIZATION FACTOR   1.00000000
 TOTAL ATOMIC CHARGES:
   8.3396544   8.3341233   8.3394614   8.3468959   8.3403227   8.3354183
   8.3444364   8.3416922   8.3429715   8.3390450   8.3338859   8.3372514
   8.3454224   8.3355587   8.3387569   8.3363221   8.3309166   8.3409944
   8.3455442   8.3403097   8.3419826   8.3387528   8.3395446   8.3357676
   8.3430643   8.3410206   8.3388029   9.0568295   9.0671494   9.0394004
   9.0563642   9.0460572   9.0519209   9.0678995   9.0496789   9.0444272
   9.0581530   9.0552923   9.0547173   9.0563174   9.0566393   9.0582604
   9.0656702   9.0532111   9.0486015   9.0527721   9.0476055   9.0411596
   9.0528120   9.0599948   9.0525586   9.0549798   9.0496531   9.0585675
   9.0214402   9.0505737   9.0353667   9.0316544   9.0318350   9.0416216
   9.0400005   9.0489302   9.0371997   9.0519011   9.0421929   9.0254498
   9.0366631   9.0349574   9.0471638   9.0308360   9.0524083   9.0483673
   9.0292507   9.0318933   9.0362022   9.0409414   9.0326730   9.0269485
   9.0415005   9.0378407   9.0396296   9.0324994   9.0387938   9.0380223
   9.0529280   9.0313606   9.0500729   9.0338316   9.0458462   9.0306282
   9.0292796   9.0376678   9.0353338   9.0322528   9.0373013   9.0384895
   9.0435366   9.0477573   9.0401402   9.0319228   9.0380080   9.0261273
   9.0418932   9.0470579   9.0389036   9.0429052   9.0355822   9.0437358
  20.4984663  20.5663881  20.5695244  20.5744134  20.5197348  20.5377140
  20.5252208  20.5261287  20.5318286  20.5608390  20.5309235  20.5295716
  20.4566888  20.4899611  20.4769003  20.5235782  20.5422209  20.5551257
  20.5623897  20.5364129  20.5553089  20.5049042  20.5591217  20.5202692
  20.5192277  20.4842502  20.5509565
 TTTTTTTTTTTTTTTTTTTTTTTTTTTTTT MOQGAD      TELAPSE     1458.81 TCPU     1457.01
 TTTTTTTTTTTTTTTTTTTTTTTTTTTTTT SHELLXN     TELAPSE     1873.16 TCPU     1871.17
 TTTTTTTTTTTTTTTTTTTTTTTTTTTTTT MONMO3      TELAPSE     1885.59 TCPU     1883.60
 NUMERICALLY INTEGRATED DENSITY   1511.9939140780
 TTTTTTTTTTTTTTTTTTTTTTTTTTTTTT NUMDFT      TELAPSE     1903.53 TCPU     1901.54
 CYC   3 ETOT(AU) -2.971860890611E+04 DETOT -2.38E+00 tst  2.40E-03 PX  5.99E-02
 TTTTTTTTTTTTTTTTTTTTTTTTTTTTTT DIIS        TELAPSE     1907.84 TCPU     1905.85
 DIIS TEST: 0.22615E+00 AT SCF   CYCLE   3 - DIIS ACTIVE - HISTORY:     3 CYCLES
 TTTTTTTTTTTTTTTTTTTTTTTTTTTTTT FDIK        TELAPSE     1923.49 TCPU     1921.45
 INSULATING STATE
 TOP OF VALENCE BANDS -    BAND    756; K    8; EIG -1.5242635E-01 AU
 TOP OF VALENCE BANDS -    BAND    756; K    1; EIG -1.6266457E-01 AU
 BOTTOM OF VIRTUAL BANDS - BAND    757; K    1; EIG -6.6210119E-03 AU
 INDIRECT ENERGY BAND GAP:   3.9676 eV
 TTTTTTTTTTTTTTTTTTTTTTTTTTTTTT PDIG        TELAPSE     1925.99 TCPU     1923.95
 CHARGE NORMALIZATION FACTOR   1.00000000
 TOTAL ATOMIC CHARGES:
   8.3446426   8.3424898   8.3403220   8.3477126   8.3442765   8.3398666
   8.3466643   8.3452184   8.3431495   8.3432832   8.3421000   8.3395629
   8.3476090   8.3425031   8.3436859   8.3399220   8.3369706   8.3408934
   8.3464450   8.3459987   8.3437020   8.3425879   8.3423511   8.3413165
   8.3448595   8.3431011   8.3403765   9.0050654   8.9992148   9.0501001
   9.0380640   9.0072479   8.9943394   8.9652863   8.9617128   9.0458938
   9.0251925   9.0218114   9.0317321   8.9087786   9.0038190   8.9342461
   8.9839947   9.0016096   9.0388089   9.0223227   9.0519990   9.0748687
   8.9443295   8.9897951   8.9903626   9.0151899   8.9985781   9.0317744
   9.1093131   9.0915054   9.0830664   9.1111381   9.0899522   9.1042307
   9.0779845   9.1054243   9.0945112   9.1061325   9.0952200   9.0941396
   9.1016901   9.1012512   9.1033659   9.0833877   9.0931433   9.0924058
   9.1067377   9.1007650   9.0988987   9.0947817   9.0850660   9.0906114
   9.0954972   9.0944595   9.0978658   9.1124658   9.0910775   9.0988914
   9.1101755   9.0944671   9.1059247   9.0954783   9.0899260   9.0986383
   9.0994600   9.0933135   9.0879715   9.0837533   9.0959525   9.0903698
   9.0798377   9.0744346   9.0733360   9.1035740   9.1141155   9.1106475
   9.0924942   9.0967166   9.0841288   9.1250472   9.1206324   9.1012363
  20.4891056  20.4704399  20.3898886  20.3742868  20.4707791  20.4310776
  20.4995356  20.4936644  20.4359058  20.3912632  20.4786804  20.4715128
  20.6094190  20.4835150  20.5939015  20.4793086  20.4392773  20.3732097
  20.4072772  20.4069769  20.3609292  20.4983292  20.4357216  20.4913262
  20.4545976  20.4986149  20.4470973
 TTTTTTTTTTTTTTTTTTTTTTTTTTTTTT MOQGAD      TELAPSE     1926.05 TCPU     1924.01
 TTTTTTTTTTTTTTTTTTTTTTTTTTTTTT SHELLXN     TELAPSE     2344.06 TCPU     2341.94
 TTTTTTTTTTTTTTTTTTTTTTTTTTTTTT MONMO3      TELAPSE     2356.45 TCPU     2354.33
 NUMERICALLY INTEGRATED DENSITY   1511.9938125496
 TTTTTTTTTTTTTTTTTTTTTTTTTTTTTT NUMDFT      TELAPSE     2374.22 TCPU     2372.10
 CYC   4 ETOT(AU) -2.971857744368E+04 DETOT  3.15E-02 tst  8.48E-05 PX  2.76E-02
 TTTTTTTTTTTTTTTTTTTTTTTTTTTTTT DIIS        TELAPSE     2378.65 TCPU     2376.53
 DIIS TEST: 0.45149E+00 AT SCF   CYCLE   4 - DIIS ACTIVE - HISTORY:     4 CYCLES
 TTTTTTTTTTTTTTTTTTTTTTTTTTTTTT FDIK        TELAPSE     2394.30 TCPU     2392.17
 INSULATING STATE
 TOP OF VALENCE BANDS -    BAND    756; K    8; EIG -1.4652544E-01 AU
 TOP OF VALENCE BANDS -    BAND    756; K    1; EIG -1.5540628E-01 AU
 BOTTOM OF VIRTUAL BANDS - BAND    757; K    1; EIG -8.8912089E-03 AU
 INDIRECT ENERGY BAND GAP:   3.7452 eV
 TTTTTTTTTTTTTTTTTTTTTTTTTTTTTT PDIG        TELAPSE     2396.81 TCPU     2394.67
 CHARGE NORMALIZATION FACTOR   1.00000000
 TOTAL ATOMIC CHARGES:
   8.3427297   8.3385114   8.3394892   8.3459289   8.3422503   8.3385462
   8.3440867   8.3420809   8.3414191   8.3409432   8.3386509   8.3388150
   8.3449552   8.3396795   8.3405737   8.3371341   8.3342384   8.3386027
   8.3446078   8.3425249   8.3423363   8.3390409   8.3398447   8.3378277
   8.3408817   8.3398849   8.3376499   9.0582412   9.0525165   9.0228976
   9.0404557   9.0420300   9.0344148   9.0486016   9.0283825   9.0368537
   9.0431102   9.0499150   9.0528253   9.0390077   9.0358237   9.0302730
   9.0517200   9.0397478   9.0288094   9.0460428   9.0549740   9.0477717
   9.0310371   9.0269858   9.0330498   9.0468439   9.0506375   9.0432711
   9.0684159   9.0799512   9.0658366   9.0757575   9.0641957   9.0748499
   9.0686695   9.0848860   9.0710444   9.0831588   9.0772252   9.0678160
   9.0786956   9.0735359   9.0808469   9.0689098   9.0837195   9.0787941
   9.0685534   9.0664765   9.0711617   9.0754146   9.0648090   9.0640429
   9.0763383   9.0757347   9.0742755   9.0749501   9.0714466   9.0723855
   9.0872342   9.0702938   9.0888334   9.0701537   9.0788655   9.0694323
   9.0674765   9.0711380   9.0684812   9.0644944   9.0737726   9.0733046
   9.0734544   9.0747952   9.0665129   9.0692922   9.0783939   9.0676126
   9.0757059   9.0795289   9.0740598   9.0875792   9.0793705   9.0740503
  20.4388049  20.4953638  20.5048605  20.5048621  20.4638353  20.4662166
  20.4562476  20.4714346  20.4812725  20.4825640  20.4762247  20.4722227
  20.4322537  20.4606710  20.4491119  20.4608944  20.4787695  20.4856698
  20.4779360  20.4691151  20.4713617  20.4463096  20.4950208  20.4732472
  20.4643375  20.4377762  20.4884091
 TTTTTTTTTTTTTTTTTTTTTTTTTTTTTT MOQGAD      TELAPSE     2396.87 TCPU     2394.73
 TTTTTTTTTTTTTTTTTTTTTTTTTTTTTT SHELLXN     TELAPSE     2819.42 TCPU     2816.90
 TTTTTTTTTTTTTTTTTTTTTTTTTTTTTT MONMO3      TELAPSE     2831.81 TCPU     2829.18
 NUMERICALLY INTEGRATED DENSITY   1511.9938289563
 TTTTTTTTTTTTTTTTTTTTTTTTTTTTTT NUMDFT      TELAPSE     2849.42 TCPU     2846.67
 CYC   5 ETOT(AU) -2.971864192896E+04 DETOT -6.45E-02 tst  2.50E-05 PX  1.63E-02
 TTTTTTTTTTTTTTTTTTTTTTTTTTTTTT DIIS        TELAPSE     2854.30 TCPU     2851.46
 DIIS TEST: 0.40179E-01 AT SCF   CYCLE   5 - DIIS ACTIVE - HISTORY:     5 CYCLES
 TTTTTTTTTTTTTTTTTTTTTTTTTTTTTT FDIK        TELAPSE     2870.10 TCPU     2867.13
 INSULATING STATE
 TOP OF VALENCE BANDS -    BAND    756; K    8; EIG -1.4611218E-01 AU
 TOP OF VALENCE BANDS -    BAND    756; K    1; EIG -1.5553640E-01 AU
 BOTTOM OF VIRTUAL BANDS - BAND    757; K    1; EIG -1.0124273E-02 AU
 INDIRECT ENERGY BAND GAP:   3.7004 eV
 TTTTTTTTTTTTTTTTTTTTTTTTTTTTTT PDIG        TELAPSE     2872.65 TCPU     2869.65
 CHARGE NORMALIZATION FACTOR   1.00000000
 TOTAL ATOMIC CHARGES:
   8.3405486   8.3365184   8.3371550   8.3441307   8.3399481   8.3358816
   8.3425304   8.3403707   8.3396780   8.3390600   8.3363755   8.3361883
   8.3434432   8.3372855   8.3385416   8.3357600   8.3320864   8.3371776
   8.3428695   8.3405657   8.3400549   8.3379173   8.3379055   8.3360208
   8.3402593   8.3384363   8.3361069   9.0408076   9.0450315   9.0506599
   9.0547626   9.0363448   9.0345947   9.0320330   9.0201232   9.0523482
   9.0494709   9.0474322   9.0513602   9.0045169   9.0449554   9.0175142
   9.0378092   9.0384724   9.0514358   9.0446948   9.0538145   9.0593839
   9.0140606   9.0393300   9.0356891   9.0445037   9.0352651   9.0541235
   9.0622937   9.0731391   9.0613570   9.0690765   9.0605228   9.0726872
   9.0619268   9.0778324   9.0665500   9.0791383   9.0700420   9.0591722
   9.0688718   9.0680239   9.0760076   9.0591784   9.0757332   9.0736818
   9.0656921   9.0654279   9.0662270   9.0680644   9.0599861   9.0589113
   9.0698150   9.0670491   9.0698083   9.0699562   9.0656155   9.0681969
   9.0822762   9.0634376   9.0780887   9.0639051   9.0702918   9.0641358
   9.0630219   9.0659702   9.0631465   9.0603242   9.0673623   9.0663287
   9.0647495   9.0659086   9.0609110   9.0658098   9.0737050   9.0654411
   9.0686871   9.0734594   9.0647539   9.0813245   9.0752062   9.0725178
  20.4819072  20.5123782  20.4783439  20.4785470  20.4867807  20.4797535
  20.5012199  20.4942345  20.4753981  20.4776425  20.4954042  20.4905159
  20.4984941  20.4636428  20.5007557  20.4934183  20.4856039  20.4650561
  20.4891055  20.4716041  20.4646299  20.4859421  20.4912377  20.4903925
  20.4780826  20.4741321  20.4916756
 TTTTTTTTTTTTTTTTTTTTTTTTTTTTTT MOQGAD      TELAPSE     2872.72 TCPU     2869.72
 TTTTTTTTTTTTTTTTTTTTTTTTTTTTTT SHELLXN     TELAPSE     3299.34 TCPU     3295.99
 TTTTTTTTTTTTTTTTTTTTTTTTTTTTTT MONMO3      TELAPSE     3311.95 TCPU     3308.39
 NUMERICALLY INTEGRATED DENSITY   1511.9938385792
 TTTTTTTTTTTTTTTTTTTTTTTTTTTTTT NUMDFT      TELAPSE     3329.82 TCPU     3326.08
 CYC   6 ETOT(AU) -2.971864781075E+04 DETOT -5.88E-03 tst  3.18E-06 PX  5.18E-03
 TTTTTTTTTTTTTTTTTTTTTTTTTTTTTT DIIS        TELAPSE     3335.32 TCPU     3331.52
 DIIS TEST: 0.61234E-02 AT SCF   CYCLE   6 - DIIS ACTIVE - HISTORY:     6 CYCLES
 TTTTTTTTTTTTTTTTTTTTTTTTTTTTTT FDIK        TELAPSE     3351.13 TCPU     3347.18
 INSULATING STATE
 TOP OF VALENCE BANDS -    BAND    756; K    8; EIG -1.4614233E-01 AU
 TOP OF VALENCE BANDS -    BAND    756; K    1; EIG -1.5518808E-01 AU
 BOTTOM OF VIRTUAL BANDS - BAND    757; K    1; EIG -1.1268042E-02 AU
 INDIRECT ENERGY BAND GAP:   3.6701 eV
 TTTTTTTTTTTTTTTTTTTTTTTTTTTTTT PDIG        TELAPSE     3353.66 TCPU     3349.69
 CHARGE NORMALIZATION FACTOR   1.00000000
 TOTAL ATOMIC CHARGES:
   8.3398743   8.3357954   8.3371385   8.3439212   8.3395752   8.3354680
   8.3422386   8.3401405   8.3397017   8.3384679   8.3355745   8.3359962
   8.3431141   8.3367399   8.3382649   8.3352455   8.3315761   8.3373399
   8.3426142   8.3401208   8.3399590   8.3374535   8.3377900   8.3357427
   8.3400368   8.3384307   8.3362588   9.0429332   9.0426263   9.0346928
   9.0454124   9.0331629   9.0285176   9.0328983   9.0164496   9.0399042
   9.0436491   9.0435039   9.0463159   9.0079036   9.0315265   9.0107968
   9.0386477   9.0334070   9.0370227   9.0424735   9.0513008   9.0523294
   9.0147540   9.0273380   9.0264635   9.0408542   9.0348311   9.0439541
   9.0629650   9.0722319   9.0592788   9.0696005   9.0597156   9.0709182
   9.0601467   9.0772969   9.0649780   9.0772542   9.0690421   9.0597037
   9.0698813   9.0672342   9.0747572   9.0589721   9.0742689   9.0708844
   9.0651316   9.0637317   9.0661937   9.0681549   9.0584554   9.0578172
   9.0687628   9.0669895   9.0680196   9.0701030   9.0647765   9.0669156
   9.0805550   9.0625042   9.0787731   9.0640558   9.0693982   9.0638232
   9.0624214   9.0651507   9.0614965   9.0580409   9.0667044   9.0653093
   9.0637339   9.0641289   9.0578235   9.0655710   9.0737369   9.0649108
   9.0679290   9.0721224   9.0636308   9.0819212   9.0754937   9.0705259
  20.4757053  20.5174723  20.5021748  20.4975062  20.4885355  20.4857146
  20.4954464  20.5016250  20.4920776  20.4890113  20.4997780  20.4963495
  20.4957051  20.4853234  20.5070216  20.4901274  20.4941723  20.4843821
  20.4905707  20.4780789  20.4732193  20.4849171  20.5074280  20.5003813
  20.4850217  20.4752496  20.5048152
 TTTTTTTTTTTTTTTTTTTTTTTTTTTTTT MOQGAD      TELAPSE     3353.73 TCPU     3349.75
 TTTTTTTTTTTTTTTTTTTTTTTTTTTTTT SHELLXN     TELAPSE     3776.92 TCPU     3772.68
 TTTTTTTTTTTTTTTTTTTTTTTTTTTTTT MONMO3      TELAPSE     3789.31 TCPU     3785.07
 NUMERICALLY INTEGRATED DENSITY   1511.9938394947
 TTTTTTTTTTTTTTTTTTTTTTTTTTTTTT NUMDFT      TELAPSE     3806.90 TCPU     3802.65
 CYC   7 ETOT(AU) -2.971864867562E+04 DETOT -8.65E-04 tst  5.35E-07 PX  2.09E-03
 TTTTTTTTTTTTTTTTTTTTTTTTTTTTTT DIIS        TELAPSE     3811.66 TCPU     3807.41
 DIIS TEST: 0.68591E-03 AT SCF   CYCLE   7 - DIIS ACTIVE - HISTORY:     7 CYCLES
 TTTTTTTTTTTTTTTTTTTTTTTTTTTTTT FDIK        TELAPSE     3827.58 TCPU     3823.12
 INSULATING STATE
 TOP OF VALENCE BANDS -    BAND    756; K    8; EIG -1.4572696E-01 AU
 TOP OF VALENCE BANDS -    BAND    756; K    1; EIG -1.5492646E-01 AU
 BOTTOM OF VIRTUAL BANDS - BAND    757; K    1; EIG -1.0667781E-02 AU
 INDIRECT ENERGY BAND GAP:   3.6751 eV
 TTTTTTTTTTTTTTTTTTTTTTTTTTTTTT PDIG        TELAPSE     3830.10 TCPU     3825.63
 CHARGE NORMALIZATION FACTOR   1.00000000
 TOTAL ATOMIC CHARGES:
   8.3409822   8.3368027   8.3380790   8.3450906   8.3406347   8.3364320
   8.3433316   8.3411277   8.3406468   8.3395885   8.3366226   8.3369272
   8.3441815   8.3376652   8.3391516   8.3362552   8.3324612   8.3382039
   8.3437991   8.3412320   8.3409673   8.3384656   8.3387232   8.3365912
   8.3410360   8.3393224   8.3370369   9.0406176   9.0417509   9.0382981
   9.0446957   9.0327562   9.0294617   9.0301246   9.0170848   9.0437339
   9.0419831   9.0431144   9.0476120   9.0083705   9.0370701   9.0161750
   9.0353333   9.0333840   9.0401646   9.0394125   9.0497960   9.0520982
   9.0127696   9.0297722   9.0297430   9.0395906   9.0350734   9.0465091
   9.0618691   9.0721703   9.0596563   9.0686533   9.0586467   9.0705983
   9.0606054   9.0771526   9.0650879   9.0778071   9.0693512   9.0593776
   9.0693106   9.0668947   9.0745383   9.0590128   9.0750602   9.0720067
   9.0640054   9.0626389   9.0650272   9.0674212   9.0586424   9.0576535
   9.0688500   9.0668265   9.0682960   9.0690372   9.0643923   9.0667124
   9.0811643   9.0629907   9.0790153   9.0629335   9.0698180   9.0631642
   9.0617654   9.0644996   9.0617581   9.0583446   9.0662780   9.0654449
   9.0641692   9.0651103   9.0593527   9.0641044   9.0725692   9.0635441
   9.0677877   9.0724306   9.0645747   9.0809071   9.0740515   9.0700144
  20.4805610  20.5182325  20.4953977  20.4968288  20.4913089  20.4860868
  20.4999161  20.4984884  20.4869406  20.4893001  20.5007906  20.4957954
  20.4915437  20.4732617  20.4966555  20.4958252  20.4943225  20.4806196
  20.4962274  20.4812022  20.4762346  20.4861750  20.5019352  20.4958046
  20.4849620  20.4741467  20.5004891
 TTTTTTTTTTTTTTTTTTTTTTTTTTTTTT MOQGAD      TELAPSE     3830.16 TCPU     3825.69
 TTTTTTTTTTTTTTTTTTTTTTTTTTTTTT SHELLXN     TELAPSE     4256.94 TCPU     4252.39
 TTTTTTTTTTTTTTTTTTTTTTTTTTTTTT MONMO3      TELAPSE     4269.37 TCPU     4264.82
 NUMERICALLY INTEGRATED DENSITY   1511.9938360080
 TTTTTTTTTTTTTTTTTTTTTTTTTTTTTT NUMDFT      TELAPSE     4287.09 TCPU     4282.53
 CYC   8 ETOT(AU) -2.971864874043E+04 DETOT -6.48E-05 tst  7.48E-08 PX  1.20E-03
 TTTTTTTTTTTTTTTTTTTTTTTTTTTTTT DIIS        TELAPSE     4291.94 TCPU     4287.39
 DIIS TEST: 0.25528E-03 AT SCF   CYCLE   8 - DIIS ACTIVE - HISTORY:     8 CYCLES
 TTTTTTTTTTTTTTTTTTTTTTTTTTTTTT FDIK        TELAPSE     4307.53 TCPU     4302.97
 INSULATING STATE
 TOP OF VALENCE BANDS -    BAND    756; K    8; EIG -1.4562984E-01 AU
 TOP OF VALENCE BANDS -    BAND    756; K    1; EIG -1.5476280E-01 AU
 BOTTOM OF VIRTUAL BANDS - BAND    757; K    1; EIG -1.0594321E-02 AU
 INDIRECT ENERGY BAND GAP:   3.6745 eV
 TTTTTTTTTTTTTTTTTTTTTTTTTTTTTT PDIG        TELAPSE     4310.03 TCPU     4305.47
 CHARGE NORMALIZATION FACTOR   1.00000000
 TOTAL ATOMIC CHARGES:
   8.3411573   8.3370045   8.3382766   8.3452302   8.3408209   8.3366588
   8.3434981   8.3413377   8.3408692   8.3397471   8.3368204   8.3371579
   8.3443758   8.3378944   8.3394178   8.3364246   8.3326728   8.3384291
   8.3439280   8.3413893   8.3411555   8.3386437   8.3389422   8.3368333
   8.3412170   8.3395507   8.3372984   9.0418833   9.0427302   9.0380310
   9.0469185   9.0335647   9.0295956   9.0322329   9.0171739   9.0429152
   9.0441096   9.0438792   9.0472710   9.0079129   9.0358648   9.0134630
   9.0377254   9.0342371   9.0401599   9.0418416   9.0508551   9.0529978
   9.0143285   9.0301272   9.0288564   9.0411559   9.0347993   9.0461472
   9.0618387   9.0719490   9.0592677   9.0686873   9.0589487   9.0706119
   9.0603560   9.0768789   9.0648077   9.0773732   9.0688678   9.0588235
   9.0689552   9.0667405   9.0744670   9.0585991   9.0744718   9.0714655
   9.0642566   9.0631853   9.0652494   9.0673844   9.0581910   9.0573700
   9.0685808   9.0665133   9.0679747   9.0691387   9.0643490   9.0665916
   9.0806896   9.0622803   9.0782716   9.0631313   9.0693315   9.0629905
   9.0617383   9.0646046   9.0614414   9.0580994   9.0661879   9.0650887
   9.0637457   9.0644799   9.0585386   9.0645886   9.0728042   9.0639128
   9.0675717   9.0720350   9.0636542   9.0809717   9.0743455   9.0702119
  20.4785347  20.5172649  20.4967197  20.4939624  20.4892894  20.4852124
  20.4976515  20.4996400  20.4881025  20.4872932  20.4997474  20.4956151
  20.4942283  20.4772919  20.5026540  20.4923134  20.4930311  20.4802450
  20.4924883  20.4785442  20.4733690  20.4851240  20.5033930  20.4976273
  20.4838149  20.4749824  20.5017225
 TTTTTTTTTTTTTTTTTTTTTTTTTTTTTT MOQGAD      TELAPSE     4310.11 TCPU     4305.54
 TTTTTTTTTTTTTTTTTTTTTTTTTTTTTT SHELLXN     TELAPSE     4735.82 TCPU     4731.15
 TTTTTTTTTTTTTTTTTTTTTTTTTTTTTT MONMO3      TELAPSE     4748.34 TCPU     4743.67
 NUMERICALLY INTEGRATED DENSITY   1511.9938356190
 TTTTTTTTTTTTTTTTTTTTTTTTTTTTTT NUMDFT      TELAPSE     4766.12 TCPU     4761.45
 CYC   9 ETOT(AU) -2.971864877286E+04 DETOT -3.24E-05 tst  1.93E-08 PX  4.01E-04
 TTTTTTTTTTTTTTTTTTTTTTTTTTTTTT DIIS        TELAPSE     4771.05 TCPU     4766.39
 DIIS TEST: 0.18599E-04 AT SCF   CYCLE   9 - DIIS ACTIVE - HISTORY:     9 CYCLES
 TTTTTTTTTTTTTTTTTTTTTTTTTTTTTT FDIK        TELAPSE     4786.61 TCPU     4781.93
 INSULATING STATE
 TOP OF VALENCE BANDS -    BAND    756; K    8; EIG -1.4561653E-01 AU
 TOP OF VALENCE BANDS -    BAND    756; K    1; EIG -1.5477874E-01 AU
 BOTTOM OF VIRTUAL BANDS - BAND    757; K    1; EIG -1.0649428E-02 AU
 INDIRECT ENERGY BAND GAP:   3.6726 eV
 TTTTTTTTTTTTTTTTTTTTTTTTTTTTTT PDIG        TELAPSE     4789.12 TCPU     4784.44
 CHARGE NORMALIZATION FACTOR   1.00000000
 TOTAL ATOMIC CHARGES:
   8.3411587   8.3369885   8.3382435   8.3452108   8.3408004   8.3366393
   8.3434901   8.3413134   8.3408209   8.3397413   8.3368136   8.3371290
   8.3443665   8.3378950   8.3393848   8.3364272   8.3326655   8.3383877
   8.3439160   8.3413684   8.3411266   8.3386386   8.3389218   8.3368085
   8.3411972   8.3395242   8.3372613   9.0415355   9.0426293   9.0381303
   9.0460352   9.0333084   9.0298077   9.0315140   9.0173280   9.0429029
   9.0435161   9.0437878   9.0474781   9.0075041   9.0351692   9.0139621
   9.0370529   9.0340741   9.0401185   9.0413467   9.0509162   9.0530145
   9.0138213   9.0298854   9.0290380   9.0405235   9.0349618   9.0462914
   9.0618158   9.0718488   9.0591742   9.0685866   9.0589077   9.0705129
   9.0600116   9.0767774   9.0646918   9.0771953   9.0687297   9.0589245
   9.0689689   9.0666479   9.0743346   9.0583924   9.0742487   9.0711290
   9.0642040   9.0630031   9.0652671   9.0673509   9.0582255   9.0573466
   9.0683935   9.0664053   9.0678136   9.0690804   9.0642347   9.0664845
   9.0804756   9.0622104   9.0782570   9.0630682   9.0691832   9.0630542
   9.0616735   9.0644835   9.0612608   9.0578554   9.0660644   9.0649449
   9.0634783   9.0642317   9.0582962   9.0645173   9.0727649   9.0639009
   9.0674636   9.0719142   9.0635873   9.0808866   9.0743448   9.0701174
  20.4785143  20.5175903  20.4970081  20.4958610  20.4895055  20.4854513
  20.4985305  20.4996431  20.4882774  20.4885737  20.4997516  20.4955284
  20.4946273  20.4784015  20.5020853  20.4933175  20.4935040  20.4810147
  20.4932438  20.4786726  20.4737647  20.4860498  20.5038527  20.4974411
  20.4846468  20.4746244  20.5018850
 TTTTTTTTTTTTTTTTTTTTTTTTTTTTTT MOQGAD      TELAPSE     4789.18 TCPU     4784.50
 TTTTTTTTTTTTTTTTTTTTTTTTTTTTTT SHELLXN     TELAPSE     5213.79 TCPU     5208.89
 TTTTTTTTTTTTTTTTTTTTTTTTTTTTTT MONMO3      TELAPSE     5226.42 TCPU     5221.27
 NUMERICALLY INTEGRATED DENSITY   1511.9938358640
 TTTTTTTTTTTTTTTTTTTTTTTTTTTTTT NUMDFT      TELAPSE     5244.04 TCPU     5238.77
 CYC  10 ETOT(AU) -2.971864877485E+04 DETOT -1.99E-06 tst  2.46E-09 PX  2.42E-04
 TTTTTTTTTTTTTTTTTTTTTTTTTTTTTT DIIS        TELAPSE     5249.33 TCPU     5243.91
 DIIS TEST: 0.63074E-05 AT SCF   CYCLE  10 - DIIS ACTIVE - HISTORY:    10 CYCLES
 TTTTTTTTTTTTTTTTTTTTTTTTTTTTTT FDIK        TELAPSE     5265.27 TCPU     5259.63
 INSULATING STATE
 TOP OF VALENCE BANDS -    BAND    756; K    8; EIG -1.4562820E-01 AU
 TOP OF VALENCE BANDS -    BAND    756; K    1; EIG -1.5477217E-01 AU
 BOTTOM OF VIRTUAL BANDS - BAND    757; K    1; EIG -1.0665013E-02 AU
 INDIRECT ENERGY BAND GAP:   3.6725 eV
 TTTTTTTTTTTTTTTTTTTTTTTTTTTTTT PDIG        TELAPSE     5267.84 TCPU     5262.12
 CHARGE NORMALIZATION FACTOR   1.00000000
 TOTAL ATOMIC CHARGES:
   8.3411453   8.3369886   8.3382402   8.3451950   8.3407932   8.3366365
   8.3434697   8.3413034   8.3408191   8.3397251   8.3368090   8.3371242
   8.3443470   8.3378817   8.3393798   8.3364085   8.3326582   8.3383829
   8.3438994   8.3413618   8.3411260   8.3386232   8.3389102   8.3368072
   8.3411801   8.3395111   8.3372552   9.0415303   9.0424550   9.0379522
   9.0463469   9.0332131   9.0294605   9.0317161   9.0170696   9.0428065
   9.0436690   9.0436182   9.0471917   9.0077155   9.0356232   9.0137085
   9.0371780   9.0339270   9.0399875   9.0413691   9.0506364   9.0527587
   9.0139440   9.0298870   9.0287853   9.0407374   9.0347121   9.0460879
   9.0617581   9.0718441   9.0591598   9.0685473   9.0588020   9.0704840
   9.0601362   9.0767778   9.0646921   9.0772636   9.0687621   9.0588329
   9.0689127   9.0666218   9.0743248   9.0584647   9.0743477   9.0712730
   9.0641335   9.0629587   9.0651424   9.0672928   9.0581625   9.0572921
   9.0684334   9.0663943   9.0678482   9.0690262   9.0642053   9.0664549
   9.0805583   9.0622435   9.0782411   9.0630013   9.0692071   9.0629563
   9.0616395   9.0644465   9.0612926   9.0579392   9.0660591   9.0649698
   9.0635855   9.0643305   9.0584095   9.0644221   9.0726641   9.0637764
   9.0674547   9.0719373   9.0636135   9.0808393   9.0742297   9.0700671
  20.4789600  20.5178083  20.4970782  20.4951597  20.4899569  20.4858264
  20.4984018  20.4999200  20.4884004  20.4881735  20.5002003  20.4959829
  20.4943410  20.4775527  20.5022900  20.4932692  20.4937276  20.4809820
  20.4933894  20.4792032  20.4741552  20.4858411  20.5037360  20.4977751
  20.4844343  20.4751115  20.5020217
 TTTTTTTTTTTTTTTTTTTTTTTTTTTTTT MOQGAD      TELAPSE     5267.93 TCPU     5262.18
 TTTTTTTTTTTTTTTTTTTTTTTTTTTTTT SHELLXN     TELAPSE     5692.81 TCPU     5686.90
 TTTTTTTTTTTTTTTTTTTTTTTTTTTTTT MONMO3      TELAPSE     5705.14 TCPU     5699.20
 NUMERICALLY INTEGRATED DENSITY   1511.9938358835
 TTTTTTTTTTTTTTTTTTTTTTTTTTTTTT NUMDFT      TELAPSE     5722.64 TCPU     5716.71
 CYC  11 ETOT(AU) -2.971864877553E+04 DETOT -6.83E-07 tst  4.72E-10 PX  1.16E-04
 TTTTTTTTTTTTTTTTTTTTTTTTTTTTTT DIIS        TELAPSE     5728.02 TCPU     5722.08
 DIIS TEST: 0.47762E-06 AT SCF   CYCLE  11 - DIIS ACTIVE - HISTORY:    11 CYCLES
 TTTTTTTTTTTTTTTTTTTTTTTTTTTTTT FDIK        TELAPSE     5743.74 TCPU     5737.69
 INSULATING STATE
 TOP OF VALENCE BANDS -    BAND    756; K    8; EIG -1.4563304E-01 AU
 TOP OF VALENCE BANDS -    BAND    756; K    1; EIG -1.5478353E-01 AU
 BOTTOM OF VIRTUAL BANDS - BAND    757; K    1; EIG -1.0664690E-02 AU
 INDIRECT ENERGY BAND GAP:   3.6727 eV
 TTTTTTTTTTTTTTTTTTTTTTTTTTTTTT PDIG        TELAPSE     5746.23 TCPU     5740.18
 CHARGE NORMALIZATION FACTOR   1.00000000
 TOTAL ATOMIC CHARGES:
   8.3411418   8.3369844   8.3382415   8.3451956   8.3407897   8.3366294
   8.3434713   8.3413035   8.3408212   8.3397241   8.3368023   8.3371209
   8.3443485   8.3378788   8.3393777   8.3364105   8.3326569   8.3383868
   8.3438997   8.3413590   8.3411234   8.3386254   8.3389119   8.3368059
   8.3411870   8.3395158   8.3372586   9.0415475   9.0425091   9.0379249
   9.0462626   9.0333119   9.0295713   9.0316798   9.0171134   9.0428379
   9.0435746   9.0436737   9.0472678   9.0076945   9.0355496   9.0137466
   9.0371828   9.0340031   9.0400068   9.0413425   9.0506813   9.0528152
   9.0139070   9.0298574   9.0288757   9.0406603   9.0347741   9.0460974
   9.0617365   9.0718437   9.0591708   9.0685587   9.0588121   9.0704831
   9.0601638   9.0767789   9.0646992   9.0772435   9.0687643   9.0588125
   9.0688954   9.0666260   9.0743367   9.0584729   9.0743516   9.0713054
   9.0641180   9.0629864   9.0651452   9.0672797   9.0581306   9.0572895
   9.0684475   9.0664124   9.0678558   9.0690169   9.0642191   9.0664714
   9.0805580   9.0622152   9.0782415   9.0629920   9.0692264   9.0629316
   9.0616218   9.0644629   9.0613150   9.0579337   9.0660655   9.0649839
   9.0635966   9.0643580   9.0584232   9.0644301   9.0726803   9.0637852
   9.0674584   9.0719300   9.0636146   9.0808488   9.0742322   9.0700659
  20.4789808  20.5177534  20.4970953  20.4952488  20.4897867  20.4856199
  20.4984432  20.4998386  20.4884237  20.4882723  20.5001174  20.4958961
  20.4944727  20.4777488  20.5022660  20.4932231  20.4935855  20.4808792
  20.4933699  20.4791020  20.4740419  20.4858318  20.5037874  20.4977088
  20.4845654  20.4750856  20.5020167
 TTTTTTTTTTTTTTTTTTTTTTTTTTTTTT MOQGAD      TELAPSE     5746.29 TCPU     5740.24
 TTTTTTTTTTTTTTTTTTTTTTTTTTTTTT SHELLXN     TELAPSE     6174.75 TCPU     6168.68
 +++ ENERGIES IN A.U. +++
 ::: EXT EL-POLE                                  -3.9299446767755E+04
 ::: EXT EL-SPHEROPOLE                             3.7457654925897E+02
 ::: BIELET ZONE E-E                               4.6926903744756E+04
 ::: TOTAL E-E                                     8.0020335262603E+03
 ::: TOTAL E-N + N-E                              -5.9836004936621E+04
 ::: TOTAL N-N                                    -5.6004803670121E+03
 ::: KINETIC ENERGY                                2.9177146655738E+04
 ::: PSEUDO TOTAL   ENERGY                        -2.8257305121634E+04
 ::: VIRIAL COEFFICIENT                            1.0160155012478E+00
 TTTTTTTTTTTTTTTTTTTTTTTTTTTTTT MONMO3      TELAPSE     6187.62 TCPU     6181.41
 NUMERICALLY INTEGRATED DENSITY   1511.9938358712
 EXCHANGE ENERGY: -0.140335443581E+04  CORRELATION ENERGY: -0.579892177338E+02
 TTTTTTTTTTTTTTTTTTTTTTTTTTTTTT NUMDFT      TELAPSE     6206.32 TCPU     6199.88
 CYC  12 ETOT(AU) -2.971864877518E+04 DETOT  3.58E-07 tst  1.97E-11 PX  1.16E-04

 == SCF ENDED - CONVERGENCE ON ENERGY      E(AU) -2.9718648775176E+04 CYCLES  12


 ENERGY EXPRESSION=HARTREE+FOCK EXCH*0.25000+(PBE        EXCH)*0.75000+PBE        CORR


 TOTAL ENERGY(DFT)(AU)( 12) -2.9718648775176E+04 DE 3.6E-07 tester 2.0E-11
 TTTTTTTTTTTTTTTTTTTTTTTTTTTTTT EDFT        TELAPSE     6206.37 TCPU     6199.92

 *******************************************************************************
 *                             FORCE CALCULATION                               *
 *******************************************************************************

 TTTTTTTTTTTTTTTTTTTTTTTTTTTTTT NUMDFG      TELAPSE     6337.72 TCPU     6331.00
 INFORMATION **** EXCPOG **** EXCH. BIPO BUFFER LENGTH (WORDS) =    90694440
 INFORMATION **** GENPOG **** BIPO BUFFER LENGTH (WORDS) =    12712300
 TTTTTTTTTTTTTTTTTTTTTTTTTTTTTT SHELXG      TELAPSE     8048.65 TCPU     8041.07

 CARTESIAN FORCES IN HARTREE/BOHR (ANALYTICAL)
   ATOM                     X                   Y                   Z
   1 256             6.026652521272E-03 -6.672925042525E-03  1.688151385607E-03
   2 256            -7.842951089795E-04 -5.128139698636E-03 -5.689196742592E-03
   3 256            -4.356388970422E-03 -1.410075877683E-04  5.932795801578E-03
   4 256            -4.406500449781E-03 -5.033145316048E-03 -2.969994235325E-03
   5 256             6.639975196914E-05 -1.045244923515E-02  8.099621397865E-03
   6 256            -4.988251236279E-03  3.866488899989E-03 -1.032026820645E-02
   7 256             2.460092383597E-03  1.027192896731E-03  3.018899797992E-03
   8 256            -5.170016031289E-03  5.081162184380E-03  7.343363039391E-04
   9 256             1.160409175125E-03 -2.062303474346E-03 -5.465121595034E-03
  10 256            -4.890077115449E-03  3.204792980032E-03 -6.031394275995E-03
  11 256            -9.292621496004E-03 -2.072969342638E-03 -2.176513581347E-03
  12 256             7.919918810467E-03 -3.002842353173E-04 -1.817342274946E-03
  13 256            -8.527719675075E-04 -2.643320796812E-03  9.003141472579E-03
  14 256            -6.172153832717E-04  7.154363963253E-03  1.068824890300E-03
  15 256            -8.592339024768E-04  8.831934147768E-04 -7.341660579135E-03
  16 256            -2.378010198670E-03 -5.364686799165E-03  5.649089885606E-03
  17 256             4.705722211562E-03  3.824960054045E-03 -9.590893442562E-03
  18 256             1.543554891522E-03 -8.212644277376E-03  3.557205739774E-03
  19 256             3.194867193553E-04  8.050035556100E-03 -2.065532577535E-04
  20 256             4.214975862572E-03  2.565572758108E-03  4.716553709403E-04
  21 256            -5.154997386368E-03 -2.139838477065E-03 -2.816263253106E-03
  22 256             5.654496494849E-03  5.660951314152E-03  1.577268997634E-03
  23 256            -5.137792679764E-03 -5.672217458338E-04  3.315016965460E-03
  24 256             1.054327271094E-03 -6.777797147300E-03  6.229773638967E-03
  25 256            -5.764005963182E-03 -1.097240110321E-02  1.922196229786E-03
  26 256            -7.716529767965E-03  1.156818136644E-04 -3.812237438458E-03
  27 256             7.804411477819E-03 -9.321465580532E-04 -2.757007687713E-04
  28   8             1.556001745225E-03  5.194103992106E-03  4.033887526127E-04
  29   8            -8.741882371305E-04  5.183202349801E-03 -2.269447691816E-03
  30   8            -5.221505291862E-04  6.244726799568E-03 -1.575487416217E-02
  31   8            -2.191283170411E-03 -7.106283502282E-04 -1.507960722862E-02
  32   8            -1.446366961800E-03  5.750111669454E-03  8.718778940897E-03
  33   8            -2.767321790142E-03 -3.835167709437E-03  1.380131867393E-03
  34   8            -4.886153802399E-03  2.360924645965E-03 -5.978318450065E-03
  35   8             1.596914670282E-03 -1.869621381248E-03  2.630532744161E-02
  36   8            -4.840217740036E-03  3.648002613766E-03 -4.463172693619E-03
  37   8             3.720526899466E-05  2.866042946200E-03 -1.410571211221E-02
  38   8             6.612585095725E-03 -3.599407109952E-03 -5.149007137264E-03
  39   8            -1.405492047695E-03 -8.572186397985E-04  2.384594051787E-03
  40   8             4.672211802122E-03 -1.124708904706E-03  1.837256437822E-02
  41   8             7.452803599329E-04  2.923988132276E-03  1.346083705851E-02
  42   8             4.322005032884E-03 -2.590508022643E-03  1.574702287374E-02
  43   8             7.556871452032E-03  4.967414076190E-03 -1.015077599190E-02
  44   8             2.167188828672E-03  3.581188551736E-03  6.302520192022E-03
  45   8             4.766236976282E-03 -2.669231677288E-03  3.450138419614E-03
  46   8            -4.442599241355E-03  3.164283002353E-03 -1.382345601593E-02
  47   8            -2.075709744445E-03 -7.322482671817E-03  4.742745994228E-04
  48   8             4.498119698925E-04  1.366732076816E-03 -1.721417750827E-03
  49   8             3.267648853013E-03  3.928121538373E-03  2.326991011728E-02
  50   8             3.386597923938E-03  2.351231986997E-03 -4.001284893886E-03
  51   8             7.489036372115E-03  1.384307186491E-03 -1.895827141229E-05
  52   8             2.407409168887E-03 -1.222754555585E-03 -1.332913481538E-02
  53   8             7.796873433334E-04 -1.466390385261E-03  1.491159336172E-02
  54   8            -3.033955196821E-03 -1.801875631833E-03 -7.293978874996E-03
  55   8            -1.711724431311E-03 -1.170616253024E-02 -3.354670548399E-03
  56   8             4.497451147001E-03  3.164540798365E-03  4.919702229056E-03
  57   8            -4.441142022257E-03  1.636773266740E-03  6.123486899845E-03
  58   8            -2.561015493330E-03  1.456477620941E-02 -7.472908188761E-03
  59   8            -3.631996025908E-03 -1.134541263790E-02  6.315377570636E-03
  60   8             7.843462611124E-04 -3.577121739983E-03  8.740261476007E-03
  61   8            -2.639651019687E-03 -5.449584868109E-03 -7.709767993855E-03
  62   8            -1.796777065819E-03 -1.171663101414E-03  2.591164150338E-03
  63   8            -7.889223761065E-03 -6.184818817522E-03 -4.261486547574E-03
  64   8             2.881447074233E-03 -1.695685460057E-03 -4.056611516971E-03
  65   8             6.532073045049E-03 -6.054964244987E-03  8.974401224667E-03
  66   8             5.646797297558E-03 -7.251252735586E-04 -6.602122877664E-04
  67   8             3.184706672913E-03 -1.063508932603E-02 -1.928317912784E-03
  68   8            -3.280836118613E-06 -8.807062010461E-03  1.442809216965E-04
  69   8            -4.919564140665E-03  8.168795543949E-04  6.485497570532E-03
  70   8             8.419211966664E-03  7.024071687761E-03 -6.519264328823E-03
  71   8             7.655052835835E-03  1.484795818163E-02  2.595555935966E-03
  72   8            -3.105136455107E-03  1.209936690211E-02  3.920522857987E-03
  73   8            -6.091791157938E-03  8.140174792330E-03  7.613067659618E-05
  74   8             7.234830619037E-04  8.117512576196E-04  5.514117554367E-03
  75   8            -7.834392327123E-03 -4.947121204785E-03  1.272232575924E-03
  76   8            -1.075048218287E-03  1.762564404512E-03 -5.162074579405E-03
  77   8             1.868118582013E-03  1.764885779561E-02 -4.872137092450E-03
  78   8             5.091362362667E-03  4.832110093371E-03  4.239893362097E-04
  79   8             1.131393522158E-03 -8.398788843325E-03 -2.963319904503E-05
  80   8            -5.755110229227E-04 -1.297282115738E-02 -1.377127327022E-04
  81   8             4.956418139313E-03  6.741437734856E-03  1.577177401493E-03
  82   8            -7.461232387326E-03 -5.735909542391E-04 -6.077397696314E-03
  83   8             1.260028358457E-02  6.084196992480E-04  1.235017098842E-03
  84   8             1.136806958491E-02 -8.508616088843E-04  3.890298633920E-03
  85   8            -2.574446055990E-03  4.701554144611E-03  2.465165495065E-03
  86   8            -1.135549494960E-02 -2.014019914776E-03 -2.315890194333E-03
  87   8             4.029131441275E-03  7.220848101879E-04  4.507571452232E-03
  88   8             4.069546403337E-03  4.106774160033E-03 -1.022533423244E-03
  89   8             1.072633225625E-02  1.145793007125E-03  1.314328412252E-03
  90   8            -5.226696304087E-03 -4.133738719796E-03  6.131623173389E-03
  91   8             1.558607102559E-02 -8.734509559736E-04 -1.736073457302E-03
  92   8            -1.534235988050E-02  4.207300542668E-04  6.280153579362E-03
  93   8            -7.045145712306E-03  9.195145046803E-03  5.704593240139E-03
  94   8            -1.356511073990E-02 -4.867154786737E-03 -1.697853597027E-03
  95   8            -4.104310232915E-03 -4.652525929901E-04  2.792628881228E-03
  96   8            -7.709804443544E-03 -3.894526822964E-03 -1.957130695081E-03
  97   8            -5.044823087735E-03  2.513895727871E-03 -3.475005275229E-03
  98   8            -8.932978630052E-03  2.878165168292E-03  6.093572890790E-03
  99   8             5.042959561851E-03 -2.225371589269E-03 -3.209401650903E-03
 100   8             2.312742243225E-03 -4.174726562199E-03 -4.275318213579E-03
 101   8            -4.244843479873E-03  1.599359802034E-03 -2.398452421697E-03
 102   8             5.316486119527E-04 -1.807056631222E-03  7.764304270179E-04
 103   8             4.693066882957E-03 -1.122132032051E-03  2.227500052310E-03
 104   8             1.852638341788E-02  4.405898426339E-03 -1.690656286898E-03
 105   8            -7.662904403273E-04 -2.485867802264E-03  2.725601555344E-03
 106   8             5.113171915877E-03  4.536331649708E-03 -1.224184300362E-03
 107   8            -1.506874824042E-02 -4.340437229331E-03  1.738677114755E-03
 108   8             5.740674753648E-03  3.714364845902E-03  6.324321293289E-03
 109  22             2.999135477016E-03 -1.486905077301E-02  1.637228955994E-02
 110  22             5.693584911196E-03  6.936969688241E-03 -1.935247966677E-02
 111  22             8.972632450387E-03 -1.253851396554E-02  3.638521803154E-03
 112  22             2.492302332421E-02  1.227689629391E-03  1.659564326514E-02
 113  22             7.657581717505E-03 -1.068834918636E-02  2.323389674713E-03
 114  22             1.574878022433E-02  3.090979415538E-03 -1.281151936011E-02
 115  22             1.712190201252E-03  1.144558185187E-02  1.567930669314E-02
 116  22             1.525410342111E-03 -5.635560154185E-04 -3.600421716160E-02
 117  22            -6.910893716320E-03  7.110572447330E-03  8.617798716934E-03
 118  22            -4.189260330761E-03  1.610050130413E-02  1.166411226928E-02
 119  22            -1.299973111912E-02  4.588411603944E-03  5.948658036169E-03
 120  22            -2.140602284589E-03 -1.581101467238E-03 -1.575561215618E-02
 121  22            -1.423612702428E-02  6.275638737131E-03 -1.276472281985E-02
 122  22            -1.849866543263E-02 -1.499742366966E-02 -1.307431301287E-02
 123  22             5.954108315376E-03 -3.641349635672E-04 -2.455947589893E-02
 124  22            -1.111762153461E-02 -2.883265428419E-02  2.188411107790E-02
 125  22            -4.091001372436E-03  8.789131454436E-03 -1.789583469374E-02
 126  22            -6.299302652204E-03  1.005856711272E-02 -3.066638252445E-03
 127  22             8.265670418867E-03 -3.623682475582E-03  1.948640908622E-02
 128  22             4.149897566537E-03  1.835567891985E-03  3.824043118002E-03
 129  22            -6.916088004492E-03  1.412918309099E-02 -1.917488797274E-03
 130  22            -1.278135431439E-02  2.501405534368E-03 -2.893093186918E-02
 131  22             1.106682601823E-02 -6.120877299792E-03  7.980181995092E-03
 132  22            -2.270859996742E-02 -6.247062937965E-03  3.503409793604E-03
 133  22             1.033281554304E-02  1.710333848062E-03  2.140764141827E-02
 134  22            -3.916970864474E-03  5.747538933103E-03 -1.129271957586E-02
 135  22             1.692216270108E-02 -6.067336836248E-03 -1.393302496448E-02

 RESULTANT FORCE    -1.264627291775E-12 -2.363616247170E-12  1.030409091385E-11

 SYMMETRY ALLOWED FORCES (ANALYTICAL) (DIRECTION, FORCE)

    1  6.0490982E-03    2 -6.6977777E-03    3  1.6944387E-03    4 -7.4209428E-04
    5 -5.1973671E-03    6 -5.6978992E-03    7 -4.3332941E-03    8 -2.3060597E-04
    9  5.9250293E-03   10 -4.4165497E-03   11 -5.1431342E-03   12 -2.9666183E-03
   13  3.9677192E-05   14 -1.0622653E-02   15  8.1227582E-03   16 -5.0342213E-03
   17  3.6696481E-03   18 -1.0305664E-02   19  2.4039834E-03   20  8.4784070E-04
   21  3.0053082E-03   22 -5.2372508E-03   23  4.9243890E-03   24  7.3533943E-04
   25  1.0768437E-03   26 -2.2084391E-03   27 -5.4828578E-03   28 -4.9892158E-03
   29  3.0620864E-03   30 -6.0950799E-03   31 -9.4495514E-03   32 -2.2123191E-03
   33 -2.2736438E-03   34  7.7563011E-03   35 -4.5035631E-04   36 -1.9314258E-03
   37 -9.8895215E-04   38 -2.8066523E-03   39  8.9175467E-03   40 -7.6056386E-04
   41  7.0083350E-03   42  1.0239079E-03   43 -1.0099005E-03   44  7.6925027E-04
   45 -7.4130513E-03   46 -2.5434961E-03   47 -5.4983893E-03   48  5.5701330E-03
   49  4.5487243E-03   50  3.6837139E-03   51 -9.6872841E-03   52  1.4117855E-03
   53 -8.3738724E-03   54  3.4344375E-03   55  1.9457101E-04   56  7.8868747E-03
   57 -3.1602909E-04   58  4.1086450E-03   59  2.4469039E-03   60  3.6238566E-04
   61 -5.2664508E-03   62 -2.2577293E-03   63 -2.9367572E-03   64  5.5443660E-03
   65  5.5576090E-03   66  1.4502977E-03   67 -5.2467118E-03   68 -6.4890470E-04
   69  3.2086780E-03   70  9.2618143E-04   71 -6.8932128E-03   72  6.1653127E-03
   73 -5.9146922E-03   74 -1.1169223E-02   75  1.8939955E-03   76 -7.9301687E-03
   77 -1.3239792E-04   78 -3.8493857E-03   79  7.5893726E-03   80 -1.1862865E-03
   81 -3.3199288E-04   82  1.3824329E-03   83  4.9574894E-03   84  3.4717421E-04
   85 -1.0462125E-03   86  4.9930867E-03   87 -2.3349804E-03   88 -7.0241929E-04
   89  6.1069829E-03   90 -1.5906604E-02   91 -2.3862793E-03   92 -8.2329008E-04
   93 -1.5380318E-02   94 -1.6608121E-03   95  5.6607823E-03   96  8.3847095E-03
   97 -3.0044298E-03   98 -3.9161407E-03   99  1.0919804E-03  100 -5.1633263E-03
  101  2.2719663E-03  102 -6.2920495E-03  103  1.3006993E-03  104 -1.9570727E-03
  105  2.6090004E-02  106 -5.1557895E-03  107  3.5686785E-03  108 -4.5712844E-03
  109 -3.0588926E-04  110  2.8189705E-03  111 -1.4309306E-02  112  6.3001600E-03
  113 -3.6508078E-03  114 -5.4533165E-03  115 -1.6942814E-03  116 -9.3220736E-04
  117  2.0629080E-03  118  4.3975849E-03  119 -1.2108634E-03  120  1.8156407E-02
  121  4.9635741E-04  122  2.8464986E-03  123  1.3410759E-02  124  4.0975692E-03
  125 -2.6671214E-03  126  1.5852638E-02  127  7.3942682E-03  128  4.9029307E-03
  129 -1.0014144E-02  130  2.0558669E-03  131  3.5626949E-03  132  6.4198601E-03
  133  4.6920318E-03  134 -2.6829859E-03  135  3.6226153E-03  136 -4.5159684E-03
  137  3.1532313E-03  138 -1.3707273E-02  139 -2.1866982E-03  140 -7.3573191E-03
  141  5.1657559E-04  142  3.2830492E-04  143  1.2976046E-03  144 -1.6857957E-03
  145  3.1662728E-03  146  3.8888446E-03  147  2.3430921E-02  148  3.3229532E-03
  149  2.3481914E-03  150 -3.7261685E-03  151  7.4890649E-03  152  1.4033184E-03
  153  2.3569406E-04  154  2.4666098E-03  155 -1.2025947E-03  156 -1.3151601E-02
  157  8.5889228E-04  158 -1.4622891E-03  159  1.5101385E-02  160 -2.9676801E-03
  161 -1.8177818E-03  162 -7.0555379E-03  163 -1.6740781E-03  164 -1.1806360E-02
  165 -3.1793351E-03  166  4.5532141E-03  167  3.0096520E-03  168  5.1072492E-03
  169 -4.3844902E-03  170  1.5104634E-03  171  6.3837890E-03  172 -2.5487708E-03
  173  1.4541634E-02  174 -7.2182347E-03  175 -3.6600930E-03  176 -1.1348365E-02
  177  6.5661070E-03  178  7.3711396E-04  179 -3.6787725E-03  180  9.0940754E-03
  181 -2.7000462E-03  182 -5.6132267E-03  183 -7.3446564E-03  184 -1.8881558E-03
  185 -1.3824777E-03  186  2.9266582E-03  187 -8.0488100E-03  188 -6.4493965E-03
  189 -3.9330466E-03  190  2.6848692E-03  191 -2.0189658E-03  192 -3.7817442E-03
  193  6.3995637E-03  194 -6.4379111E-03  195  9.2883727E-03  196  5.5999808E-03
  197 -1.1622256E-03  198 -2.8215316E-04  199  3.2016085E-03  200 -1.1161759E-02
  201 -1.5636683E-03  202  3.7351975E-05  203 -9.4855084E-03  204  5.0117368E-04
  205 -4.9154742E-03  206  6.8420459E-05  207  6.8977861E-03  208  8.4504665E-03
  209  6.3242226E-03  210 -6.1013148E-03  211  7.8113833E-03  212  1.4307052E-02
  213  2.9898393E-03  214 -2.9108466E-03  215  1.1762054E-02  216  4.3723674E-03
  217 -5.9680674E-03  218  7.9592657E-03  219  5.6705844E-04  220  8.0579457E-04
  221  7.0044479E-04  222  6.0586589E-03  223 -7.8097819E-03  224 -5.0946416E-03
  225  1.8817208E-03  226 -1.1246620E-03  227  1.5860366E-03  228 -4.5752575E-03
  229  1.8245421E-03  230  1.7635809E-02  231 -4.3610464E-03  232  5.1076706E-03
  233  5.0138555E-03  234  9.0548530E-04  235  1.2029096E-03  236 -8.2459061E-03
  237  4.6385802E-04  238 -4.9776654E-04  239 -1.3009920E-02  240  3.6315884E-04
  241  5.0760151E-03  242  6.6473069E-03  243  2.1005188E-03  244 -7.3633486E-03
  245 -6.1214951E-04  246 -5.5866664E-03  247  1.2749881E-02  248  5.6951147E-04
  249  1.6893030E-03  250  1.1753239E-02  251 -8.9294756E-04  252  4.4032954E-03
  253 -2.0952517E-03  254  4.6970336E-03  255  3.0511839E-03  256 -1.1007783E-02
  257 -1.9918214E-03  258 -1.7167654E-03  259  4.3092851E-03  260  7.3156465E-04
  261  5.1420067E-03  262  4.4408595E-03  263  4.1674749E-03  264 -3.3835483E-04
  265  1.1265126E-02  266  1.2641155E-03  267  2.0164938E-03  268 -4.6165697E-03
  269 -4.0459692E-03  270  6.9313438E-03  271  1.6327622E-02  272 -8.3977291E-04
  273 -8.6947617E-04  274 -1.4582979E-02  275  4.5006258E-04  276  7.2194365E-03
  277 -6.5307451E-03  278  9.3389116E-03  279  6.8069569E-03  280 -1.3287133E-02
  281 -4.6687803E-03  282 -5.2117323E-04  283 -4.0369291E-03  284 -3.2748988E-04
  285  4.0122234E-03  286 -7.7905720E-03  287 -3.8087431E-03  288 -6.9645379E-04
  289 -5.2931390E-03  290  2.5845084E-03  291 -2.2522634E-03  292 -9.3746620E-03
  293  3.0225999E-03  294  7.3846869E-03  295  4.5371692E-03  296 -2.0685075E-03
  297 -1.8442530E-03  298  1.8960561E-03  299 -4.1037935E-03  300 -2.9772506E-03
  301 -4.7022963E-03  302  1.6356154E-03  303 -1.1592989E-03  304  5.6288452E-06
  305 -1.7731932E-03  306  2.0287157E-03  307  4.2317423E-03  308 -1.1322215E-03
  309  3.5647205E-03  310  1.8420780E-02  311  4.4483106E-03  312 -3.0293654E-04
  313 -5.8668252E-04  314 -2.4114920E-03  315  4.1763873E-03  316  5.3733976E-03
  317  4.6489852E-03  318  3.0069128E-04  319 -1.4977155E-02  320 -4.2217352E-03
  321  3.3265506E-03  322  5.6693233E-03  323  3.8273062E-03  324  8.1173468E-03
  325  3.0895710E-03  326 -1.4965634E-02  327  1.8663144E-02  328  5.9585864E-03
  329  6.6851218E-03  330 -1.7036951E-02  331  9.5485573E-03  332 -1.2918987E-02
  333  5.7324721E-03  334  2.6248508E-02  335  5.9330994E-04  336  1.9212316E-02
  337  9.7621954E-03  338 -1.1564156E-02  339  5.4735916E-03  340  1.8498097E-02
  341  2.0012838E-03  342 -9.7627613E-03  343  5.0177430E-03  344  1.0659884E-02
  345  1.8955139E-02  346  5.0835963E-03  347 -1.1142198E-03  348 -3.3098356E-02
  349 -3.3088975E-03  350  6.7099267E-03  351  1.0956033E-02  352 -6.9759002E-04
  353  1.6344216E-02  354  1.4717221E-02  355 -9.8215314E-03  356  5.4692689E-03
  357  9.7186144E-03  358  7.5944145E-04  359 -5.4936436E-04  360 -1.2069819E-02
  361 -1.1708181E-02  362  7.5452035E-03  363 -9.8073145E-03  364 -1.7000048E-02
  365 -1.3971251E-02  366 -1.0856023E-02  367  7.0891029E-03  368  1.4013346E-04
  369 -2.3679981E-02  370 -1.0124173E-02  371 -2.9582058E-02  372  2.2765891E-02
  373 -3.7208944E-03  374  7.0525413E-03  375 -1.6782775E-02  376 -6.4413575E-03
  377  9.1349805E-03  378 -2.9227103E-03  379  8.2468302E-03  380 -4.2989985E-03
  381  2.0653430E-02  382  4.9510802E-03  383  9.6157801E-04  384  6.6750144E-03
  385 -6.2356155E-03  386  1.4388957E-02  387  1.5060795E-03  388 -1.3803157E-02
  389  4.2876510E-03  390 -2.7809727E-02  391  9.7577303E-03  392 -4.3887266E-03
  393  7.2080593E-03  394 -2.6403327E-02  395 -5.8115284E-03  396  4.1362333E-03
  397  3.1273612E-03  398  1.5270387E-03  399  2.7777633E-02  400 -1.4735493E-02
  401  8.3543788E-03  402  1.8669778E-03
 TTTTTTTTTTTTTTTTTTTTTTTTTTTTTT TOTGRA      TELAPSE     8077.40 TCPU     8069.65
 EIGENVECTORS IN FORTRAN UNIT  8
 TTTTTTTTTTTTTTTTTTTTTTTTTTTTTT END         TELAPSE     8081.66 TCPU     8073.65
 EEEEEEEEEE TERMINATION  DATE 25 03 2026 TIME 19:38:04.6
NODE    0 CPU TIME =      8073.647
NODE    1 CPU TIME =      8074.322
NODE    2 CPU TIME =      8074.461
NODE    3 CPU TIME =      8074.415
NODE    4 CPU TIME =      8074.110
NODE    5 CPU TIME =      8073.975
NODE    6 CPU TIME =      8074.418
NODE    7 CPU TIME =      8074.389
NODE    8 CPU TIME =      8074.957
NODE    9 CPU TIME =      8074.679
NODE   10 CPU TIME =      8075.289
NODE   11 CPU TIME =      8075.035
NODE   12 CPU TIME =      8075.047
NODE   13 CPU TIME =      8074.990
NODE   14 CPU TIME =      8074.943
NODE   15 CPU TIME =      8074.748
NODE   16 CPU TIME =      8075.014
NODE   17 CPU TIME =      8075.352
NODE   18 CPU TIME =      8075.024
NODE   19 CPU TIME =      8072.254
NODE   20 CPU TIME =      8075.277
NODE   21 CPU TIME =      8075.111
NODE   22 CPU TIME =      8074.861
NODE   23 CPU TIME =      8074.880
NODE   24 CPU TIME =      8073.792
NODE   25 CPU TIME =      8074.702
NODE   26 CPU TIME =      8074.340
NODE   27 CPU TIME =      8074.737
NODE   28 CPU TIME =      8073.470
NODE   29 CPU TIME =      8074.830
NODE   30 CPU TIME =      8073.827
NODE   31 CPU TIME =      8073.503
    TOTAL CPU TIME =    258384.400
------------------------------------------------------
Pcrystal finished normally
------------------------------------------------------
SCF wavefunction fort.9 saved as /users/zeitzsab/tetra_script_walkthrough/oldPyro_tetra/rdm/rdm_disp28.w
Date: 2026-03-25 19:38:04