Date: 2026-03-25 17:03:06
Running on: nid002413
Temporary directory: /scratch/project_462000878/zeitzsab/rdm_disp2_143347
Executable: /project/project_462000878/jchem/crystal/23-1.0.1-gnu/install/bin/Pcrystal
Output: /users/zeitzsab/tetra_script_walkthrough/oldPyro_tetra/rdm/rdm_disp2.out
Input data rdm_disp2.d12
converted and standardized from ase Atoms() object for Ba27Ti27O81 in space group 1
EXTERNAL
ENDGEOM 
256 6 
INPUT 
10. 0 2 2 2 1 0 
9.526986 427.845816 0 
4.487510 204.417530 0 
8.315930 293.605864 0 
4.292217 294.193316 0 
5.916108 112.550402 0 
2.874842 181.782621 0 
3.589465 -33.473174 0 
0 0 3 2.0 1.0 
2.3961900000 -5.9554766710 
2.2433050000 6.6805648241 
0.71740200000 -0.57055347037 
0 0 1 2.0 1.0 
0.27420073547 1.0000000000 
0 1 1 0.0 1.0 
0.13 1.0 1.0 
0 2 4 6.0 1.0 
2.9267420000 0.79815276764 
2.5207180000 -1.0707548832 
0.67578180854 0.34940781448 
0.31985844531 0.65041110673 
0 3 2 0.0 1.0 
0.966315 -0.908938 
0.893828 0.947240 
0 3 1 0.0 1.0 
0.273195 0.322057 
22 12 
0 0 8 2.0 1.0 
211575.69025 .23318151011E-03 
31714.945058 .18079690851E-02 
7217.5476543 .93984311352E-02 
2042.9394247 .38156853618E-01 
665.12896208 .12374757197 
238.74942264 .29208551143 
92.508691001 .41226800855 
36.403919209 .21090534061 
0 0 4 2.0 1.0 
232.72624607 -.24920140738E-01 
71.791209711 -.11746490087 
11.158534615 .56503342318 
4.6548135416 .56211101812 
0 0 2 2.0 1.0 
6.8034629174 -.23011425503 
1.1201076403 .72103186735 
0 0 1 2.0 1.0 
0.48080118839 1.0000000000 
0 0 1 0.0 1.0 
0.24 1.0 
0 1 1 0.0 1.0 
0.12 1.0 1.0 
0 2 6 6.0 1.0 
1063.1474732 .24690839320E-02 
251.56507061 .19773345523E-01 
80.408554854 .90987976672E-01 
29.768193269 .25559900413 
11.736830556 .40489386764 
4.7142375230 .23693402558 
0 2 3 6.0 1.0 
17.796803704 -.27878639615E-01 
2.4272698680 .55672914668 
0.96823445537 1.0055447350 
0 2 1 0.0 1.0 
0.37056694165 1.0000000000 
0 3 4 2.0 1.0 
37.713384723 .11513835092E-01 
10.692931184 .67246343996E-01 
3.6728446990 .21484207775 
1.3588590303 .38890892779 
0 3 1 0.0 1.0 
0.54 1.0 
0 3 1 0.0 1.0 
0.22 1.0 
8 7 
0 0 6 2.0 1.0 
27032.382631 0.21726302465E-03 
4052.3871392 0.16838662199E-02 
922.32722710 0.87395616265E-02 
261.24070989 0.35239968808E-01 
85.354641351 0.11153519115 
31.035035245 0.25588953961 
0 0 2 2.0 1.0 
12.271113873 0.39768730901 
4.9159842006 0.24627849430 
0 0 1 0.0 1.0 
0.90086482370 1.0000000000 
0 1 1 0.0 1.0 
0.25000000000 1.0 1.0 
0 2 4 4.0 1.0 
75.300554155 0.60685103418E-02 
17.743733858 0.41912575824E-01 
5.5355828651 0.16153841088 
2.0685535103 0.35706951311 
0 2 1 0.0 1.0 
0.78238772422 1.0000000000 
0 3 1 0.0 1.0 
1.2000000000 1.0000000000 
99 0 
ENDBAS 
DFT 
PBE0 
ENDDFT 
SHRINK 
0 2 
2 2 2 
TOLINTEG 
8 8 8 8 16 
MAXCYCLE 
100 
FMIXING 
80 
EXCHSIZE 
30000000 
BIPOSIZE 
30000000 
GRADCAL 
ENDEXTERNAL geometry rdm_disp2.ext is available as /scratch/project_462000878/zeitzsab/rdm_disp2_143347/fort.34
 PROCESS           25  OF           32  WORKING
 PROCESS            6  OF           32  WORKING
 PROCESS            8  OF           32  WORKING
 PROCESS            0  OF           32  WORKING
 PROCESS           26  OF           32  WORKING
 PROCESS            7  OF           32  WORKING
 PROCESS            9  OF           32  WORKING
 PROCESS            4  OF           32  WORKING
 PROCESS           14  OF           32  WORKING
 PROCESS           24  OF           32  WORKING
 PROCESS           13  OF           32  WORKING
 PROCESS           11  OF           32  WORKING
 PROCESS           10  OF           32  WORKING
 PROCESS           15  OF           32  WORKING
 PROCESS           30  OF           32  WORKING

         
 *******************************************************************************
 *                                                                             *
 *                               CRYSTAL23                                     *
 *                      public : 1.0.1 - October 2022                          *
 *                       HTTP://WWW.CRYSTAL.UNITO.IT                           *
 *                                                                             *
 *                              MAIN AUTHORS                                   *
 *                                                                             *
 *  R. DOVESI(1,11), V.R. SAUNDERS(2), C. ROETTI(1,11), R. ORLANDO(1,11),      *
 *  C.M. ZICOVICH-WILSON(1,3), F. PASCALE(4), B. CIVALLERI(1,11),              *
 *  K. DOLL(5), N.M. HARRISON(6), I.J. BUSH(7), Ph. D'ARCO(8),                 *
 *  M. LLUNELL(9), M. CAUSA'(10), Y. NOEL(8), L. MASCHIO(1,11), A. ERBA(1,11)  *
 *  M. RE'RAT(14), S. CASASSA(1,11), B.G. SEARLE(2), J.K. DESMARAIS(1)         *
 *                                                                             *
 *        CONTRIBUTIONS TO THE CODE HAVE ALSO BEEN GIVEN BY                    *
 *                                                                             *
 *  M. FERRABONE(1,11), M. DE LA PIERRE(1,11), M. FERRERO(1,11),               *
 *  J. BAIMA(1,11), E. ALBANESE(1,11), M.F. PEINTINGER(12), R. BAST(13),       *
 *  B. KIRTMAN(15), V. LACIVITA(1,11), R. DEMICHELIS(1,16)                     *
 *  G. BRANDEBURG(17), S. SALUSTRO(1,11), G. SANSONE(1,11)                     *
 *  M.T. RUGGIERO(18), L.E. DAGA(1), L. DONA'(1), A. COSSARD(1)                *
 *                                                                             *
 * (1) THEORETICAL CHEMISTRY GROUP - UNIVERSITA' DI TORINO - TORINO (ITALY)    *
 * (2) SCIENTIFIC COMPUTING DEPARTMENT - STFC DARESBURY (UK)                   *
 * (3) UNIVERSIDAD AUTONOMA DEL ESTADO DE MORELOS - CUERNAVACA (MEXICO)        *
 * (4) UNIVERSITE' DE LORRAINE - NANCY (FRANCE)                                *
 * (5) UNIVERSITAET STUTTGART- STUTTGART (GERMANY)                             *
 * (6) IMPERIAL COLLEGE - LONDON (UK)                                          *
 * (7) SCIENTIFIC COMPUTING DEPARTMENT - STFC RAL (UK)                         *
 * (8) UPMC - SORBONNE UNIVERSITES - PARIS (FRANCE)                            *
 * (9) UNIVERSIDAD DE BARCELONA - BARCELONA (SPAIN)                            *
 *(10) UNIVERSITA' DI NAPOLI "FEDERICO II" - NAPOLI (ITALY)                    *
 *(11) NIS - NANOSTRUCTURED INTERFACES AND SURFACES - TORINO (ITALY)           *
 *(12) MPI FUER CHEMISCHE ENERGIEKONVERSION - MUELHEIM AN DER RUHR (GERMANY)   *
 *(13) UNIVERSITY OF TROMSO - TROMSO (NORWAY)                                  *
 *(14) UNIVERSITE' DE PAU ET DES PAYS DE L'ADOUR - PAU (FRANCE)                *
 *(15) UNIVERSITY OF CALIFORNIA SANTA BARBARA - SANTA BARBARA (USA)            *
 *(16) CURTIN UNIVERSITY - PERTH (AUSTRALIA)                                   *
 *(17) UNIVERSITY COLLEGE LONDON - LONDON (UK)                                 *
 *(18) UNIVERSITY OF VERMONT - BURLINGTON (USA)                                *
 *                                                                             *
 *******************************************************************************
 EEEEEEEEEE STARTING  DATE 25 03 2026 TIME 17:03:09.3
 PROCESS           18  OF           32  WORKING
 converted and standardized from ase Atoms() object for Ba27Ti27O81 in space grou
 PROCESS           28  OF           32  WORKING
 PROCESS           27  OF           32  WORKING
 PROCESS            5  OF           32  WORKING
 PROCESS           19  OF           32  WORKING
 PROCESS           12  OF           32  WORKING
 PROCESS           17  OF           32  WORKING
 PROCESS           20  OF           32  WORKING
 PROCESS           31  OF           32  WORKING
 PROCESS           16  OF           32  WORKING
 PROCESS           21  OF           32  WORKING
 PROCESS           22  OF           32  WORKING
 PROCESS           23  OF           32  WORKING
 PROCESS           29  OF           32  WORKING
 PROCESS            3  OF           32  WORKING
 PROCESS            1  OF           32  WORKING
 PROCESS            2  OF           32  WORKING
 filename=fort.34                        0           0

 GEOMETRY INPUT FROM EXTERNAL FILE (FORTRAN UNIT 34)
 3D - CRYSTAL 

 *******************************************************************************
 LATTICE PARAMETERS  (ANGSTROMS AND DEGREES) - PRIMITIVE CELL
       A          B          C        ALPHA      BETA     GAMMA        VOLUME
   11.90773   11.90773   12.27480    90.00000  90.00000  90.00000   1740.493702
 INFORMATION **** CHKGRP **** SPGR WITH NO INVERSION

 NUMBER OF IRREDUCIBLE ATOMS IN THE CELL:  135

 CARTESIAN COORDINATES (ANGSTROM) - IRREDUCIBLE ATOMS AND SYMMETRY RELATED

 AT.IRR.  AT  AT.N.          X                   Y                   Z
     1     1   256   -1.192804996477E-02 -3.636045630530E-02  1.453982209526E-02
     2     2   256    1.508201606179E-02 -3.225679119243E-02  4.136006582149E+00
     3     3   256   -3.882266143865E-02 -4.151941696930E-03  8.218076091103E+00
     4     4   256    2.790798896581E-02  3.987501541887E+00  4.099603948130E-03
     5     5   256   -2.592361994732E-02  3.999672146774E+00  4.116330488464E+00
     6     6   256   -3.390887014664E-02  3.980747029227E+00  8.227212533541E+00
     7     7   256    1.421998830663E-02  7.904710376213E+00  1.016072715769E-02
     8     8   256    3.098778448353E-02  7.955388133699E+00  4.136604139036E+00
     9     9   256    1.192492144562E-02  7.962245200122E+00  8.239273646002E+00
    10    10   256    3.930362377927E+00  7.995247902183E-03  2.125994859627E-02
    11    11   256    3.949506616204E+00  3.327338299212E-02  4.107620980939E+00
    12    12   256    3.938485477232E+00  2.552912878878E-02  8.210851535036E+00
    13    13   256    3.931511141220E+00  3.968796279730E+00  3.945288805052E-02
    14    14   256    3.950738279863E+00  4.003829566404E+00  4.125619891626E+00
    15    15   256    4.006193236258E+00  3.963291457673E+00  8.195264547329E+00
    16    16   256    3.969668733826E+00  7.965977798378E+00  5.524082394269E-02
    17    17   256    3.934535484677E+00  7.925446991814E+00  4.132791779951E+00
    18    18   256    3.985801183780E+00  7.921056124579E+00  8.241351799303E+00
    19    19   256    7.918296975809E+00  3.446983503798E-02  2.415528380891E-02
    20    20   256    7.901332947898E+00 -5.308012462740E-03  4.103954607274E+00
    21    21   256    7.914447014031E+00  3.086109380809E-02  8.217725506605E+00
    22    22   256    7.932991866611E+00  3.957294155697E+00  6.396158912994E-02
    23    23   256    7.949763810025E+00  3.934178727087E+00  4.133382073862E+00
    24    24   256    7.902832205967E+00  3.953934730487E+00  8.199676218069E+00
    25    25   256    7.925756665576E+00  7.964152299750E+00  5.410172758350E-02
    26    26   256    7.968396452962E+00  7.964408594886E+00  4.111980921852E+00
    27    27   256    7.903758634736E+00  7.920809899327E+00  8.200367746178E+00
    28    28     8    2.017817553980E+00  2.003487142437E+00  3.972550446708E+00
    29    29     8    1.999811539422E+00  1.951603219667E+00  8.035520883930E+00
    30    30     8    1.992941493580E+00  1.994043070883E+00  1.210584958420E+01
    31    31     8    1.998774994192E+00  5.983338331976E+00  3.983672359294E+00
    32    32     8    1.980871087831E+00  5.972148804104E+00  8.087604326315E+00
    33    33     8    2.005611447692E+00  5.967932497444E+00  1.217483338620E+01
    34    34     8    1.978689254870E+00  9.962641873076E+00  3.959177166931E+00
    35    35     8    1.992189396853E+00  9.959465950805E+00  8.037357525893E+00
    36    36     8    1.998976548939E+00  9.942305070077E+00  1.211179975617E+01
    37    37     8    5.975423222835E+00  2.016759296737E+00  3.950501599928E+00
    38    38     8    5.941840130273E+00  2.020461279063E+00  8.065298936593E+00
    39    39     8    5.968921307347E+00  1.986214197197E+00  1.218084830165E+01
    40    40     8    5.926931445010E+00  5.924893339350E+00  3.954705719816E+00
    41    41     8    5.962812981826E+00  5.937346248082E+00  8.087538601609E+00
    42    42     8    5.983691679532E+00  5.930410056342E+00  1.213116457263E+01
    43    43     8    5.989946856427E+00  9.935583200590E+00  3.948682878680E+00
    44    44     8    5.949283890546E+00  9.962581280470E+00  8.056817138560E+00
    45    45     8    5.929246308666E+00  9.896746222194E+00  1.212653934193E+01
    46    46     8    9.924971045037E+00  1.959108550180E+00  3.929876004982E+00
    47    47     8    9.937551923542E+00  2.021864483238E+00  8.050111696983E+00
    48    48     8    9.950957103369E+00  1.981474995939E+00  1.217236637812E+01
    49    49     8    9.933368524740E+00  5.929664052396E+00  3.990776502971E+00
    50    50     8    9.925448521284E+00  5.959054680091E+00  8.091818290554E+00
    51    51     8    9.914223649542E+00  5.992665690098E+00  1.214777872709E+01
    52    52     8    9.918408383496E+00  9.959835375644E+00  3.975765803108E+00
    53    53     8    9.949970836846E+00  9.910726832990E+00  8.079154257154E+00
    54    54     8    9.926998516534E+00  9.951157324303E+00  1.217207762987E+01
    55    55     8    2.004458903066E+00 -3.134841276453E-02  1.970816229143E+00
    56    56     8    2.002174138052E+00  1.421232689651E-02  6.110388363010E+00
    57    57     8    1.961226910111E+00 -2.802620765893E-02  1.018531879592E+01
    58    58     8    1.946244085818E+00  3.963693663411E+00  1.995589423877E+00
    59    59     8    1.951524467473E+00  3.981267630803E+00  6.058400944402E+00
    60    60     8    1.989573597947E+00  3.965436831987E+00  1.012946343043E+01
    61    61     8    1.966687777031E+00  7.938814660297E+00  1.950022910602E+00
    62    62     8    1.970169775542E+00  7.965273221800E+00  6.051418079077E+00
    63    63     8    1.998614244777E+00  7.905922308517E+00  1.018751060519E+01
    64    64     8    5.973490470472E+00 -1.670563263025E-02  2.016366766273E+00
    65    65     8    5.975137509291E+00  1.548936683331E-02  6.047247337516E+00
    66    66     8    5.921688689677E+00 -2.295508821472E-02  1.016283672059E+01
    67    67     8    5.941608063692E+00  3.932906623945E+00  1.997146555158E+00
    68    68     8    5.984614014212E+00  3.948701384768E+00  6.062123624395E+00
    69    69     8    5.919561465402E+00  3.963569012095E+00  1.014920020632E+01
    70    70     8    5.953429941477E+00  7.973652066027E+00  1.966713883225E+00
    71    71     8    5.968277524339E+00  7.969930463933E+00  6.057280901443E+00
    72    72     8    5.992171241755E+00  7.937746131123E+00  1.018047045552E+01
    73    73     8    9.913541882391E+00 -2.146765046265E-02  2.018141802014E+00
    74    74     8    9.929614443148E+00 -3.709096067320E-02  6.090863560596E+00
    75    75     8    9.907549456190E+00 -3.082930433247E-02  1.018915680757E+01
    76    76     8    9.918409672771E+00  3.972567092224E+00  1.946191990313E+00
    77    77     8    9.944499004065E+00  3.992940956149E+00  6.053269817141E+00
    78    78     8    9.885229132723E+00  3.981102135820E+00  1.017390899382E+01
    79    79     8    9.961662105961E+00  7.929747196525E+00  1.979660917852E+00
    80    80     8    9.921690348540E+00  7.947150292153E+00  6.116399254892E+00
    81    81     8    9.899273491839E+00  7.909928926513E+00  1.018367371798E+01
    82    82     8   -2.558688989218E-02  1.954746550628E+00  1.978512069065E+00
    83    83     8    1.874212521761E-02  1.957005951397E+00  6.099421301103E+00
    84    84     8    3.398152972988E-02  1.964810802550E+00  1.017623671157E+01
    85    85     8    2.572574557714E-02  5.983374072518E+00  1.977560278975E+00
    86    86     8   -1.078561880830E-02  5.938855312809E+00  6.112847151448E+00
    87    87     8    3.129541048333E-02  5.962517990981E+00  1.019233402888E+01
    88    88     8   -3.993323348027E-02  9.924833089692E+00  1.984235795192E+00
    89    89     8    1.444151529623E-02  9.889002798149E+00  6.092476523499E+00
    90    90     8    1.773131781339E-03  9.893891820435E+00  1.019623266149E+01
    91    91     8    3.948188694928E+00  2.018420851271E+00  1.989558255482E+00
    92    92     8    3.943662406050E+00  1.962862009924E+00  6.099101075601E+00
    93    93     8    3.955570828652E+00  1.968033076974E+00  1.013524091431E+01
    94    94     8    3.963677734460E+00  5.977283508727E+00  2.017723281863E+00
    95    95     8    3.983962929926E+00  5.931860191592E+00  6.107358889573E+00
    96    96     8    3.972691537219E+00  5.927059472840E+00  1.019846001451E+01
    97    97     8    3.932045834176E+00  9.912530106602E+00  1.995989155179E+00
    98    98     8    3.944865461168E+00  9.916705530081E+00  6.108432824230E+00
    99    99     8    3.958681060857E+00  9.887783028140E+00  1.018447630164E+01
   100   100     8    7.907719324902E+00  1.998220837969E+00  2.007416295325E+00
   101   101     8    7.937632999492E+00  1.974165823777E+00  6.038774504813E+00
   102   102     8    7.935313615890E+00  1.947186089435E+00  1.015524473563E+01
   103   103     8    7.940603948472E+00  5.969767111111E+00  1.949132717244E+00
   104   104     8    7.912487899860E+00  5.931905187183E+00  6.098389810159E+00
   105   105     8    7.953869748554E+00  5.963740481224E+00  1.020455263519E+01
   106   106     8    7.916429581146E+00  9.950461749579E+00  1.966662073315E+00
   107   107     8    7.941188173723E+00  9.883336524166E+00  6.074100945616E+00
   108   108     8    7.917727051111E+00  9.890960307559E+00  1.015734111285E+01
   109   109    22    1.994178856720E+00  2.004974156385E+00  2.114351884303E+00
   110   110    22    2.022400398898E+00  1.974394444786E+00  6.230774920431E+00
   111   111    22    1.959903555015E+00  1.953938104680E+00  1.033752221230E+01
   112   112    22    1.951033467936E+00  5.945075596375E+00  2.127572123687E+00
   113   113    22    2.012747274660E+00  5.969131288298E+00  6.215033922348E+00
   114   114    22    1.980659484187E+00  5.976951888751E+00  1.029820708005E+01
   115   115    22    2.002639675185E+00  9.950798222517E+00  2.124878446551E+00
   116   116    22    1.974275594006E+00  9.905016991188E+00  6.273173502579E+00
   117   117    22    1.947335895695E+00  9.922622065904E+00  1.034510573202E+01
   118   118    22    5.966325608702E+00  1.972924095403E+00  2.111269347341E+00
   119   119    22    5.922377274678E+00  2.002919597862E+00  6.255575017794E+00
   120   120    22    5.926236078130E+00  1.967203621733E+00  1.035372190251E+01
   121   121    22    5.917638856282E+00  5.970801365671E+00  2.146558715009E+00
   122   122    22    5.921928775673E+00  5.932393377730E+00  6.228129810019E+00
   123   123    22    5.938331313594E+00  5.973920447868E+00  1.029970451733E+01
   124   124    22    5.919166474250E+00  9.904553829434E+00  2.140255296038E+00
   125   125    22    5.934890141986E+00  9.957608602015E+00  6.246090384188E+00
   126   126    22    5.950657728563E+00  9.936543685098E+00  1.029309165421E+01
   127   127    22    9.914187909150E+00  1.948475318938E+00  2.162056013988E+00
   128   128    22    9.893699940269E+00  2.001337421825E+00  6.260377937891E+00
   129   129    22    9.921653166029E+00  2.024501687317E+00  1.033337034567E+01
   130   130    22    9.913843111999E+00  5.952439369653E+00  2.186319976608E+00
   131   131    22    9.951593450010E+00  5.953709807288E+00  6.267117339269E+00
   132   132    22    9.947988283920E+00  5.967663392108E+00  1.030251133655E+01
   133   133    22    9.891821043351E+00  9.900240394550E+00  2.157328423420E+00
   134   134    22    9.892310051706E+00  9.939768649998E+00  6.258367836619E+00
   135   135    22    9.935146602406E+00  9.922603976918E+00  1.029248886335E+01
 NUMBER OF SYMMETRY OPERATORS         :    1
 *******************************************************************************
 LATTICE PARAMETERS (ANGSTROMS AND DEGREES) - BOHR = 0.5291772083 ANGSTROM
 PRIMITIVE CELL - CENTRING CODE 1/0 VOLUME=  1740.493702 - DENSITY  6.022 g/cm^3
         A              B              C           ALPHA      BETA       GAMMA 
    11.90773305    11.90773305    12.27479580    90.000000  90.000000  90.000000
 *******************************************************************************
 ATOMS IN THE ASYMMETRIC UNIT  135 - ATOMS IN THE UNIT CELL:  135
     ATOM                 X/A                 Y/B                 Z/C    
 *******************************************************************************
      1 T 256 BA   -1.001706195015E-03 -3.053516244664E-03  1.184526596789E-03
      2 T 256 BA    1.266573242653E-03 -2.708894384597E-03  3.369511517372E-01
      3 T 256 BA   -3.260289870090E-03 -3.486760812907E-04 -3.304918285400E-01
      4 T 256 BA    2.343686144846E-03  3.348665547962E-01  3.339855110364E-04
      5 T 256 BA   -2.177040738020E-03  3.358886305210E-01  3.353481846488E-01
      6 T 256 BA   -2.847634390548E-03  3.342993173018E-01 -3.297475031283E-01
      7 T 256 BA    1.194180978606E-03 -3.361700045658E-01  8.277715835962E-04
      8 T 256 BA    2.602324418377E-03 -3.319141351007E-01  3.369998333525E-01
      9 T 256 BA    1.001443464977E-03 -3.313382852396E-01 -3.287649114291E-01
     10 T 256 BA    3.300680626131E-01  6.714332500243E-04  1.732000184987E-03
     11 T 256 BA    3.316757773810E-01  2.794266788851E-03  3.346386406639E-01
     12 T 256 BA    3.307502327013E-01  2.143911748910E-03 -3.310803968701E-01
     13 T 256 BA    3.301645346526E-01  3.332957048219E-01  3.214138034828E-03
     14 T 256 BA    3.317792113137E-01  3.362377666338E-01  3.361049714266E-01
     15 T 256 BA    3.364362653610E-01  3.328334151455E-01 -3.323502336935E-01
     16 T 256 BA    3.333689726800E-01 -3.310248252183E-01  4.500345654849E-03
     17 T 256 BA    3.304185161152E-01 -3.344285634776E-01  3.366892490342E-01
     18 T 256 BA    3.347237603533E-01 -3.347973042964E-01 -3.285956089548E-01
     19 T 256 BA   -3.350290149636E-01  2.894743684062E-03  1.967876631309E-03
     20 T 256 BA   -3.364536377562E-01 -4.457617953352E-04  3.343399494495E-01
     21 T 256 BA   -3.353523310610E-01  2.591685056971E-03 -3.305203898704E-01
     22 T 256 BA   -3.337949521289E-01  3.323297674781E-01  5.210806776105E-03
     23 T 256 BA   -3.323864604082E-01  3.303885559550E-01  3.367373389513E-01
     24 T 256 BA   -3.363277315016E-01  3.320476461712E-01 -3.319908248031E-01
     25 T 256 BA   -3.344025573721E-01 -3.311781288421E-01  4.407546037018E-03
     26 T 256 BA   -3.308217089262E-01 -3.311566054224E-01  3.349938352418E-01
     27 T 256 BA   -3.362499309021E-01 -3.348179820569E-01 -3.319344875637E-01
     28 T   8 O     1.694543827534E-01  1.682509285373E-01  3.236347480997E-01
     29 T   8 O     1.679422549216E-01  1.638937664686E-01 -3.453641905856E-01
     30 T   8 O     1.673653150614E-01  1.674578244667E-01 -1.376366813365E-02
     31 T   8 O     1.678552068474E-01 -4.975249859186E-01  3.245408252978E-01
     32 T   8 O     1.663516539641E-01 -4.984646717367E-01 -3.411210697032E-01
     33 T   8 O     1.684293256550E-01 -4.988187531258E-01 -8.143712973351E-03
     34 T   8 O     1.661684257248E-01 -1.633468913652E-01  3.225452570813E-01
     35 T   8 O     1.673021546996E-01 -1.636136022712E-01 -3.452145634966E-01
     36 T   8 O     1.678721332218E-01 -1.650547565746E-01 -1.327892100931E-02
     37 T   8 O    -4.981896891924E-01  1.693655113252E-01  3.218384781544E-01
     38 T   8 O     4.989900349062E-01  1.696764002501E-01 -3.429382396249E-01
     39 T   8 O    -4.987357138186E-01  1.668003631637E-01 -7.653691342751E-03
     40 T   8 O     4.977380178177E-01  4.975668596593E-01  3.221809783440E-01
     41 T   8 O    -4.992486851370E-01  4.986126429902E-01 -3.411264241472E-01
     42 T   8 O    -4.974953121298E-01  4.980301482608E-01 -1.170131297557E-02
     43 T   8 O    -4.969700083740E-01 -1.656192527267E-01  3.216903110258E-01
     44 T   8 O     4.996151547541E-01 -1.633519798741E-01 -3.436292326297E-01
     45 T   8 O     4.979324178473E-01 -1.688807449211E-01 -1.207812011624E-02
     46 T   8 O    -1.665104513712E-01  1.645240569262E-01  3.201581573342E-01
     47 T   8 O    -1.654539212616E-01  1.697942399908E-01 -3.441755098701E-01
     48 T   8 O    -1.643281671175E-01  1.664023695878E-01 -8.344694571365E-03
     49 T   8 O    -1.658052390804E-01  4.979674995650E-01  3.251195839014E-01
     50 T   8 O    -1.664703533739E-01 -4.995643037118E-01 -3.407777675166E-01
     51 T   8 O    -1.674130073362E-01 -4.967416833301E-01 -1.034779518773E-02
     52 T   8 O    -1.670615773927E-01 -1.635825783277E-01  3.238966959522E-01
     53 T   8 O    -1.644109928341E-01 -1.677066666363E-01 -3.418094778282E-01
     54 T   8 O    -1.663401862595E-01 -1.643113527555E-01 -8.368218242111E-03
     55 T   8 O     1.683325360629E-01 -2.632609635511E-03  1.605579645685E-01
     56 T   8 O     1.681406636885E-01  1.193537580733E-03  4.977995937831E-01
     57 T   8 O     1.647019547613E-01 -2.353614037303E-03 -1.702249909591E-01
     58 T   8 O     1.634437115483E-01  3.328671919976E-01  1.625761810128E-01
     59 T   8 O     1.638871529349E-01  3.343430369228E-01  4.935642957418E-01
     60 T   8 O     1.670824824165E-01  3.330135816227E-01 -1.747754019314E-01
     61 T   8 O     1.651605531274E-01 -3.333059595003E-01  1.588639796845E-01
     62 T   8 O     1.654529680225E-01 -3.310839948835E-01  4.929954174127E-01
     63 T   8 O     1.678417072658E-01 -3.360682276534E-01 -1.700464291890E-01
     64 T   8 O    -4.983519998819E-01 -1.402923004748E-03  1.642688643564E-01
     65 T   8 O    -4.982136831417E-01  1.300782169727E-03  4.926556364804E-01
     66 T   8 O     4.972977362536E-01 -1.927746290442E-03 -1.720565550597E-01
     67 T   8 O     4.989705461773E-01  3.302817259533E-01  1.627030369954E-01
     68 T   8 O    -4.974178553480E-01  3.316081548173E-01  4.938675741062E-01
     69 T   8 O     4.971190939994E-01  3.328567238997E-01 -1.731674911999E-01
     70 T   8 O     4.999633361345E-01 -3.303803475821E-01  1.602237556754E-01
     71 T   8 O    -4.987897780981E-01 -3.306928841562E-01  4.934730483616E-01
     72 T   8 O    -4.967832066276E-01 -3.333956935554E-01 -1.706199743448E-01
     73 T   8 O    -1.674702614877E-01 -1.802832694730E-03  1.644134725250E-01
     74 T   8 O    -1.661205032516E-01 -3.114863300803E-03  4.962089520541E-01
     75 T   8 O    -1.679734996923E-01 -2.589015407300E-03 -1.699123167842E-01
     76 T   8 O    -1.670614691206E-01  3.336123740383E-01  1.585518832267E-01
     77 T   8 O    -1.648705121026E-01  3.353233515887E-01  4.931462743471E-01
     78 T   8 O    -1.698479390481E-01  3.343291388128E-01 -1.711545218682E-01
     79 T   8 O    -1.634291712678E-01 -3.340674364105E-01  1.612785214603E-01
     80 T   8 O    -1.667859611162E-01 -3.326059411322E-01  4.982892876224E-01
     81 T   8 O    -1.686685072404E-01 -3.357317557171E-01 -1.703590117584E-01
     82 T   8 O    -2.148762470971E-03  1.641577403877E-01  1.611849273342E-01
     83 T   8 O     1.573945698893E-03  1.643474826971E-01  4.969061319214E-01
     84 T   8 O     2.853736272655E-03  1.650029266108E-01 -1.709648879400E-01
     85 T   8 O     2.160423438207E-03 -4.975219844622E-01  1.611073871368E-01
     86 T   8 O    -9.057659222802E-04  4.987393727985E-01  4.979999057458E-01
     87 T   8 O     2.628158554775E-03 -4.992734581852E-01 -1.696534757119E-01
     88 T   8 O    -3.353554644918E-03 -1.665220367288E-01  1.616512264254E-01
     89 T   8 O     1.212784602711E-03 -1.695310302452E-01  4.963403565132E-01
     90 T   8 O     1.489059062622E-04 -1.691204548430E-01 -1.693358628835E-01
     91 T   8 O     3.315650996164E-01  1.695050470812E-01  1.620848352917E-01
     92 T   8 O     3.311849862179E-01  1.648392688752E-01  4.968800438701E-01
     93 T   8 O     3.321850441257E-01  1.652735301262E-01 -1.743047233171E-01
     94 T   8 O     3.328658542996E-01 -4.980334641675E-01  1.643793766298E-01
     95 T   8 O     3.345693855579E-01  4.981519292282E-01  4.975527893973E-01
     96 T   8 O     3.336228248095E-01  4.977487694721E-01 -1.691544054432E-01
     97 T   8 O     3.302094376542E-01 -1.675552294480E-01  1.626087462228E-01
     98 T   8 O     3.312860176327E-01 -1.672045813892E-01  4.976402804379E-01
     99 T   8 O     3.324462384431E-01 -1.696334653606E-01 -1.702936270730E-01
    100 T   8 O    -3.359173159410E-01  1.678086693394E-01  1.635396896236E-01
    101 T   8 O    -3.334051942413E-01  1.657885523203E-01  4.919653738608E-01
    102 T   8 O    -3.335999738514E-01  1.635228201085E-01 -1.726750569955E-01
    103 T   8 O    -3.331556967955E-01 -4.986646840297E-01  1.587914576342E-01
    104 T   8 O    -3.355168555899E-01  4.981557079148E-01  4.968220986747E-01
    105 T   8 O    -3.320416476288E-01 -4.991707946271E-01 -1.686580533433E-01
    106 T   8 O    -3.351858369763E-01 -1.643697664536E-01  1.602195348386E-01
    107 T   8 O    -3.331066341193E-01 -1.700068784993E-01  4.948433395215E-01
    108 T   8 O    -3.350768766931E-01 -1.693666404825E-01 -1.725042698589E-01
    109 T  22 TI    1.674692276310E-01  1.683758065423E-01  1.722514914914E-01
    110 T  22 TI    1.698392456739E-01  1.658077516934E-01 -4.923927842098E-01
    111 T  22 TI    1.645908206696E-01  1.640898478724E-01 -1.578253210287E-01
    112 T  22 TI    1.638459192647E-01  4.992617462461E-01  1.733285146533E-01
    113 T  22 TI    1.690285855594E-01 -4.987180798197E-01 -4.936751679121E-01
    114 T  22 TI    1.663338836931E-01 -4.980613132950E-01 -1.610282364086E-01
    115 T  22 TI    1.681797590504E-01 -1.643415097791E-01  1.731090668368E-01
    116 T  22 TI    1.657977707189E-01 -1.681861736741E-01 -4.889386671036E-01
    117 T  22 TI    1.635354006945E-01 -1.667077163857E-01 -1.572075087372E-01
    118 T  22 TI   -4.989536981011E-01  1.656842731625E-01  1.720003641398E-01
    119 T  22 TI    4.973555629615E-01  1.682032666883E-01 -4.903723760689E-01
    120 T  22 TI    4.976796215742E-01  1.652038732706E-01 -1.565055687112E-01
    121 T  22 TI    4.969576351295E-01 -4.985778283238E-01  1.748753095354E-01
    122 T  22 TI    4.973178984452E-01  4.981967056887E-01 -4.926082754046E-01
    123 T  22 TI    4.986953678470E-01 -4.983158907926E-01 -1.609062435625E-01
    124 T  22 TI    4.970859230213E-01 -1.682250695539E-01  1.743617841722E-01
    125 T  22 TI    4.984063815560E-01 -1.637695806411E-01 -4.911450678317E-01
    126 T  22 TI    4.997305283530E-01 -1.655385921590E-01 -1.614449786438E-01
    127 T  22 TI   -1.674160087801E-01  1.636310883655E-01  1.761378396199E-01
    128 T  22 TI   -1.691365687553E-01  1.680703970622E-01 -4.899810929734E-01
    129 T  22 TI   -1.667890836679E-01  1.700157098599E-01 -1.581635642629E-01
    130 T  22 TI   -1.674449645141E-01  4.998801488628E-01  1.781145700695E-01
    131 T  22 TI   -1.642747273370E-01  4.999868389969E-01 -4.894320491043E-01
    132 T  22 TI   -1.645774857272E-01 -4.988413523338E-01 -1.606775783146E-01
    133 T  22 TI   -1.692943567163E-01 -1.685873076782E-01  1.757526934517E-01
    134 T  22 TI   -1.692532902637E-01 -1.652677627000E-01 -4.901448514020E-01
    135 T  22 TI   -1.656559178234E-01 -1.667092354814E-01 -1.614940866595E-01

 T = ATOM BELONGING TO THE ASYMMETRIC UNIT
 *******************************************************************************
 * GEOMETRY EDITING - INPUT COORDINATES ARE GIVEN IN ANGSTROM         
 *******************************************************************************

 GCALCO - MAX INDICES DIRECT LATTICE VECTOR    15    15    14
 NO.OF VECTORS CREATED 6999 STARS  514 RMAX   270.02825 BOHR

 GEOMETRY FOR WAVE FUNCTION - DIMENSIONALITY OF THE SYSTEM    3
 (NON PERIODIC DIRECTION: LATTICE PARAMETER FORMALLY SET TO 500)
 *******************************************************************************
 LATTICE PARAMETERS (ANGSTROMS AND DEGREES) - BOHR = 0.5291772083 ANGSTROM
 PRIMITIVE CELL - CENTRING CODE 1/0 VOLUME=  1740.493702 - DENSITY  6.022 g/cm^3
         A              B              C           ALPHA      BETA       GAMMA 
    11.90773305    11.90773305    12.27479580    90.000000  90.000000  90.000000
 *******************************************************************************
 ATOMS IN THE ASYMMETRIC UNIT  135 - ATOMS IN THE UNIT CELL:  135
     ATOM                 X/A                 Y/B                 Z/C    
 *******************************************************************************
      1 T 256 BA   -1.001706195015E-03 -3.053516244664E-03  1.184526596789E-03
      2 T 256 BA    1.266573242653E-03 -2.708894384597E-03  3.369511517372E-01
      3 T 256 BA   -3.260289870090E-03 -3.486760812907E-04 -3.304918285400E-01
      4 T 256 BA    2.343686144846E-03  3.348665547962E-01  3.339855110364E-04
      5 T 256 BA   -2.177040738020E-03  3.358886305210E-01  3.353481846488E-01
      6 T 256 BA   -2.847634390548E-03  3.342993173018E-01 -3.297475031283E-01
      7 T 256 BA    1.194180978606E-03 -3.361700045658E-01  8.277715835962E-04
      8 T 256 BA    2.602324418377E-03 -3.319141351007E-01  3.369998333525E-01
      9 T 256 BA    1.001443464977E-03 -3.313382852396E-01 -3.287649114291E-01
     10 T 256 BA    3.300680626131E-01  6.714332500243E-04  1.732000184987E-03
     11 T 256 BA    3.316757773810E-01  2.794266788851E-03  3.346386406639E-01
     12 T 256 BA    3.307502327013E-01  2.143911748910E-03 -3.310803968701E-01
     13 T 256 BA    3.301645346526E-01  3.332957048219E-01  3.214138034828E-03
     14 T 256 BA    3.317792113137E-01  3.362377666338E-01  3.361049714266E-01
     15 T 256 BA    3.364362653610E-01  3.328334151455E-01 -3.323502336935E-01
     16 T 256 BA    3.333689726800E-01 -3.310248252183E-01  4.500345654849E-03
     17 T 256 BA    3.304185161152E-01 -3.344285634776E-01  3.366892490342E-01
     18 T 256 BA    3.347237603533E-01 -3.347973042964E-01 -3.285956089548E-01
     19 T 256 BA   -3.350290149636E-01  2.894743684062E-03  1.967876631309E-03
     20 T 256 BA   -3.364536377562E-01 -4.457617953352E-04  3.343399494495E-01
     21 T 256 BA   -3.353523310610E-01  2.591685056971E-03 -3.305203898704E-01
     22 T 256 BA   -3.337949521289E-01  3.323297674781E-01  5.210806776105E-03
     23 T 256 BA   -3.323864604082E-01  3.303885559550E-01  3.367373389513E-01
     24 T 256 BA   -3.363277315016E-01  3.320476461712E-01 -3.319908248031E-01
     25 T 256 BA   -3.344025573721E-01 -3.311781288421E-01  4.407546037018E-03
     26 T 256 BA   -3.308217089262E-01 -3.311566054224E-01  3.349938352418E-01
     27 T 256 BA   -3.362499309021E-01 -3.348179820569E-01 -3.319344875637E-01
     28 T   8 O     1.694543827534E-01  1.682509285373E-01  3.236347480997E-01
     29 T   8 O     1.679422549216E-01  1.638937664686E-01 -3.453641905856E-01
     30 T   8 O     1.673653150614E-01  1.674578244667E-01 -1.376366813365E-02
     31 T   8 O     1.678552068474E-01 -4.975249859186E-01  3.245408252978E-01
     32 T   8 O     1.663516539641E-01 -4.984646717367E-01 -3.411210697032E-01
     33 T   8 O     1.684293256550E-01 -4.988187531258E-01 -8.143712973351E-03
     34 T   8 O     1.661684257248E-01 -1.633468913652E-01  3.225452570813E-01
     35 T   8 O     1.673021546996E-01 -1.636136022712E-01 -3.452145634966E-01
     36 T   8 O     1.678721332218E-01 -1.650547565746E-01 -1.327892100931E-02
     37 T   8 O    -4.981896891924E-01  1.693655113252E-01  3.218384781544E-01
     38 T   8 O     4.989900349062E-01  1.696764002501E-01 -3.429382396249E-01
     39 T   8 O    -4.987357138186E-01  1.668003631637E-01 -7.653691342751E-03
     40 T   8 O     4.977380178177E-01  4.975668596593E-01  3.221809783440E-01
     41 T   8 O    -4.992486851370E-01  4.986126429902E-01 -3.411264241472E-01
     42 T   8 O    -4.974953121298E-01  4.980301482608E-01 -1.170131297557E-02
     43 T   8 O    -4.969700083740E-01 -1.656192527267E-01  3.216903110258E-01
     44 T   8 O     4.996151547541E-01 -1.633519798741E-01 -3.436292326297E-01
     45 T   8 O     4.979324178473E-01 -1.688807449211E-01 -1.207812011624E-02
     46 T   8 O    -1.665104513712E-01  1.645240569262E-01  3.201581573342E-01
     47 T   8 O    -1.654539212616E-01  1.697942399908E-01 -3.441755098701E-01
     48 T   8 O    -1.643281671175E-01  1.664023695878E-01 -8.344694571365E-03
     49 T   8 O    -1.658052390804E-01  4.979674995650E-01  3.251195839014E-01
     50 T   8 O    -1.664703533739E-01 -4.995643037118E-01 -3.407777675166E-01
     51 T   8 O    -1.674130073362E-01 -4.967416833301E-01 -1.034779518773E-02
     52 T   8 O    -1.670615773927E-01 -1.635825783277E-01  3.238966959522E-01
     53 T   8 O    -1.644109928341E-01 -1.677066666363E-01 -3.418094778282E-01
     54 T   8 O    -1.663401862595E-01 -1.643113527555E-01 -8.368218242111E-03
     55 T   8 O     1.683325360629E-01 -2.632609635511E-03  1.605579645685E-01
     56 T   8 O     1.681406636885E-01  1.193537580733E-03  4.977995937831E-01
     57 T   8 O     1.647019547613E-01 -2.353614037303E-03 -1.702249909591E-01
     58 T   8 O     1.634437115483E-01  3.328671919976E-01  1.625761810128E-01
     59 T   8 O     1.638871529349E-01  3.343430369228E-01  4.935642957418E-01
     60 T   8 O     1.670824824165E-01  3.330135816227E-01 -1.747754019314E-01
     61 T   8 O     1.651605531274E-01 -3.333059595003E-01  1.588639796845E-01
     62 T   8 O     1.654529680225E-01 -3.310839948835E-01  4.929954174127E-01
     63 T   8 O     1.678417072658E-01 -3.360682276534E-01 -1.700464291890E-01
     64 T   8 O    -4.983519998819E-01 -1.402923004748E-03  1.642688643564E-01
     65 T   8 O    -4.982136831417E-01  1.300782169727E-03  4.926556364804E-01
     66 T   8 O     4.972977362536E-01 -1.927746290442E-03 -1.720565550597E-01
     67 T   8 O     4.989705461773E-01  3.302817259533E-01  1.627030369954E-01
     68 T   8 O    -4.974178553480E-01  3.316081548173E-01  4.938675741062E-01
     69 T   8 O     4.971190939994E-01  3.328567238997E-01 -1.731674911999E-01
     70 T   8 O     4.999633361345E-01 -3.303803475821E-01  1.602237556754E-01
     71 T   8 O    -4.987897780981E-01 -3.306928841562E-01  4.934730483616E-01
     72 T   8 O    -4.967832066276E-01 -3.333956935554E-01 -1.706199743448E-01
     73 T   8 O    -1.674702614877E-01 -1.802832694730E-03  1.644134725250E-01
     74 T   8 O    -1.661205032516E-01 -3.114863300803E-03  4.962089520541E-01
     75 T   8 O    -1.679734996923E-01 -2.589015407300E-03 -1.699123167842E-01
     76 T   8 O    -1.670614691206E-01  3.336123740383E-01  1.585518832267E-01
     77 T   8 O    -1.648705121026E-01  3.353233515887E-01  4.931462743471E-01
     78 T   8 O    -1.698479390481E-01  3.343291388128E-01 -1.711545218682E-01
     79 T   8 O    -1.634291712678E-01 -3.340674364105E-01  1.612785214603E-01
     80 T   8 O    -1.667859611162E-01 -3.326059411322E-01  4.982892876224E-01
     81 T   8 O    -1.686685072404E-01 -3.357317557171E-01 -1.703590117584E-01
     82 T   8 O    -2.148762470971E-03  1.641577403877E-01  1.611849273342E-01
     83 T   8 O     1.573945698893E-03  1.643474826971E-01  4.969061319214E-01
     84 T   8 O     2.853736272655E-03  1.650029266108E-01 -1.709648879400E-01
     85 T   8 O     2.160423438207E-03 -4.975219844622E-01  1.611073871368E-01
     86 T   8 O    -9.057659222802E-04  4.987393727985E-01  4.979999057458E-01
     87 T   8 O     2.628158554775E-03 -4.992734581852E-01 -1.696534757119E-01
     88 T   8 O    -3.353554644918E-03 -1.665220367288E-01  1.616512264254E-01
     89 T   8 O     1.212784602711E-03 -1.695310302452E-01  4.963403565132E-01
     90 T   8 O     1.489059062622E-04 -1.691204548430E-01 -1.693358628835E-01
     91 T   8 O     3.315650996164E-01  1.695050470812E-01  1.620848352917E-01
     92 T   8 O     3.311849862179E-01  1.648392688752E-01  4.968800438701E-01
     93 T   8 O     3.321850441257E-01  1.652735301262E-01 -1.743047233171E-01
     94 T   8 O     3.328658542996E-01 -4.980334641675E-01  1.643793766298E-01
     95 T   8 O     3.345693855579E-01  4.981519292282E-01  4.975527893973E-01
     96 T   8 O     3.336228248095E-01  4.977487694721E-01 -1.691544054432E-01
     97 T   8 O     3.302094376542E-01 -1.675552294480E-01  1.626087462228E-01
     98 T   8 O     3.312860176327E-01 -1.672045813892E-01  4.976402804379E-01
     99 T   8 O     3.324462384431E-01 -1.696334653606E-01 -1.702936270730E-01
    100 T   8 O    -3.359173159410E-01  1.678086693394E-01  1.635396896236E-01
    101 T   8 O    -3.334051942413E-01  1.657885523203E-01  4.919653738608E-01
    102 T   8 O    -3.335999738514E-01  1.635228201085E-01 -1.726750569955E-01
    103 T   8 O    -3.331556967955E-01 -4.986646840297E-01  1.587914576342E-01
    104 T   8 O    -3.355168555899E-01  4.981557079148E-01  4.968220986747E-01
    105 T   8 O    -3.320416476288E-01 -4.991707946271E-01 -1.686580533433E-01
    106 T   8 O    -3.351858369763E-01 -1.643697664536E-01  1.602195348386E-01
    107 T   8 O    -3.331066341193E-01 -1.700068784993E-01  4.948433395215E-01
    108 T   8 O    -3.350768766931E-01 -1.693666404825E-01 -1.725042698589E-01
    109 T  22 TI    1.674692276310E-01  1.683758065423E-01  1.722514914914E-01
    110 T  22 TI    1.698392456739E-01  1.658077516934E-01 -4.923927842098E-01
    111 T  22 TI    1.645908206696E-01  1.640898478724E-01 -1.578253210287E-01
    112 T  22 TI    1.638459192647E-01  4.992617462461E-01  1.733285146533E-01
    113 T  22 TI    1.690285855594E-01 -4.987180798197E-01 -4.936751679121E-01
    114 T  22 TI    1.663338836931E-01 -4.980613132950E-01 -1.610282364086E-01
    115 T  22 TI    1.681797590504E-01 -1.643415097791E-01  1.731090668368E-01
    116 T  22 TI    1.657977707189E-01 -1.681861736741E-01 -4.889386671036E-01
    117 T  22 TI    1.635354006945E-01 -1.667077163857E-01 -1.572075087372E-01
    118 T  22 TI   -4.989536981011E-01  1.656842731625E-01  1.720003641398E-01
    119 T  22 TI    4.973555629615E-01  1.682032666883E-01 -4.903723760689E-01
    120 T  22 TI    4.976796215742E-01  1.652038732706E-01 -1.565055687112E-01
    121 T  22 TI    4.969576351295E-01 -4.985778283238E-01  1.748753095354E-01
    122 T  22 TI    4.973178984452E-01  4.981967056887E-01 -4.926082754046E-01
    123 T  22 TI    4.986953678470E-01 -4.983158907926E-01 -1.609062435625E-01
    124 T  22 TI    4.970859230213E-01 -1.682250695539E-01  1.743617841722E-01
    125 T  22 TI    4.984063815560E-01 -1.637695806411E-01 -4.911450678317E-01
    126 T  22 TI    4.997305283530E-01 -1.655385921590E-01 -1.614449786438E-01
    127 T  22 TI   -1.674160087801E-01  1.636310883655E-01  1.761378396199E-01
    128 T  22 TI   -1.691365687553E-01  1.680703970622E-01 -4.899810929734E-01
    129 T  22 TI   -1.667890836679E-01  1.700157098599E-01 -1.581635642629E-01
    130 T  22 TI   -1.674449645141E-01  4.998801488628E-01  1.781145700695E-01
    131 T  22 TI   -1.642747273370E-01  4.999868389969E-01 -4.894320491043E-01
    132 T  22 TI   -1.645774857272E-01 -4.988413523338E-01 -1.606775783146E-01
    133 T  22 TI   -1.692943567163E-01 -1.685873076782E-01  1.757526934517E-01
    134 T  22 TI   -1.692532902637E-01 -1.652677627000E-01 -4.901448514020E-01
    135 T  22 TI   -1.656559178234E-01 -1.667092354814E-01 -1.614940866595E-01

 T = ATOM BELONGING TO THE ASYMMETRIC UNIT

 ****    1 SYMMOPS - TRANSLATORS IN FRACTIONAL UNITS
 **** MATRICES AND TRANSLATORS IN THE CRYSTALLOGRAPHIC REFERENCE FRAME
   V INV                    ROTATION MATRICES                   TRANSLATORS
   1   1  1.00  0.00  0.00  0.00  1.00  0.00  0.00  0.00  1.00  0.00  0.00  0.00

 DIRECT LATTICE VECTORS CARTESIAN COMPONENTS (ANGSTROM)
          X                    Y                    Z
   0.119077330500E+02   0.000000000000E+00   0.000000000000E+00
   0.000000000000E+00   0.119077330500E+02   0.000000000000E+00
   0.000000000000E+00   0.000000000000E+00   0.122747958000E+02


 CARTESIAN COORDINATES - PRIMITIVE CELL
 *******************************************************************************
 *      ATOM          X(ANGSTROM)         Y(ANGSTROM)         Z(ANGSTROM)
 *******************************************************************************
    1   256 BA   -1.192804996477E-02 -3.636045630530E-02  1.453982209526E-02
    2   256 BA    1.508201606179E-02 -3.225679119243E-02  4.136006582149E+00
    3   256 BA   -3.882266143865E-02 -4.151941696930E-03  8.218076091103E+00
    4   256 BA    2.790798896581E-02  3.987501541887E+00  4.099603948130E-03
    5   256 BA   -2.592361994732E-02  3.999672146774E+00  4.116330488464E+00
    6   256 BA   -3.390887014664E-02  3.980747029227E+00  8.227212533541E+00
    7   256 BA    1.421998830663E-02  7.904710376213E+00  1.016072715769E-02
    8   256 BA    3.098778448353E-02  7.955388133699E+00  4.136604139036E+00
    9   256 BA    1.192492144562E-02  7.962245200122E+00  8.239273646002E+00
   10   256 BA    3.930362377927E+00  7.995247902183E-03  2.125994859627E-02
   11   256 BA    3.949506616204E+00  3.327338299212E-02  4.107620980939E+00
   12   256 BA    3.938485477232E+00  2.552912878878E-02  8.210851535036E+00
   13   256 BA    3.931511141220E+00  3.968796279730E+00  3.945288805052E-02
   14   256 BA    3.950738279863E+00  4.003829566404E+00  4.125619891626E+00
   15   256 BA    4.006193236258E+00  3.963291457673E+00  8.195264547329E+00
   16   256 BA    3.969668733826E+00  7.965977798378E+00  5.524082394269E-02
   17   256 BA    3.934535484677E+00  7.925446991814E+00  4.132791779951E+00
   18   256 BA    3.985801183780E+00  7.921056124579E+00  8.241351799303E+00
   19   256 BA    7.918296975809E+00  3.446983503798E-02  2.415528380891E-02
   20   256 BA    7.901332947898E+00 -5.308012462740E-03  4.103954607274E+00
   21   256 BA    7.914447014031E+00  3.086109380809E-02  8.217725506605E+00
   22   256 BA    7.932991866611E+00  3.957294155697E+00  6.396158912994E-02
   23   256 BA    7.949763810025E+00  3.934178727087E+00  4.133382073862E+00
   24   256 BA    7.902832205967E+00  3.953934730487E+00  8.199676218069E+00
   25   256 BA    7.925756665576E+00  7.964152299750E+00  5.410172758350E-02
   26   256 BA    7.968396452962E+00  7.964408594886E+00  4.111980921852E+00
   27   256 BA    7.903758634736E+00  7.920809899327E+00  8.200367746178E+00
   28     8 O     2.017817553980E+00  2.003487142437E+00  3.972550446708E+00
   29     8 O     1.999811539422E+00  1.951603219667E+00  8.035520883930E+00
   30     8 O     1.992941493580E+00  1.994043070883E+00  1.210584958420E+01
   31     8 O     1.998774994192E+00  5.983338331976E+00  3.983672359294E+00
   32     8 O     1.980871087831E+00  5.972148804104E+00  8.087604326315E+00
   33     8 O     2.005611447692E+00  5.967932497444E+00  1.217483338620E+01
   34     8 O     1.978689254870E+00  9.962641873076E+00  3.959177166931E+00
   35     8 O     1.992189396853E+00  9.959465950805E+00  8.037357525893E+00
   36     8 O     1.998976548939E+00  9.942305070077E+00  1.211179975617E+01
   37     8 O     5.975423222835E+00  2.016759296737E+00  3.950501599928E+00
   38     8 O     5.941840130273E+00  2.020461279063E+00  8.065298936593E+00
   39     8 O     5.968921307347E+00  1.986214197197E+00  1.218084830165E+01
   40     8 O     5.926931445010E+00  5.924893339350E+00  3.954705719816E+00
   41     8 O     5.962812981826E+00  5.937346248082E+00  8.087538601609E+00
   42     8 O     5.983691679532E+00  5.930410056342E+00  1.213116457263E+01
   43     8 O     5.989946856427E+00  9.935583200590E+00  3.948682878680E+00
   44     8 O     5.949283890546E+00  9.962581280470E+00  8.056817138560E+00
   45     8 O     5.929246308666E+00  9.896746222194E+00  1.212653934193E+01
   46     8 O     9.924971045037E+00  1.959108550180E+00  3.929876004982E+00
   47     8 O     9.937551923542E+00  2.021864483238E+00  8.050111696983E+00
   48     8 O     9.950957103369E+00  1.981474995939E+00  1.217236637812E+01
   49     8 O     9.933368524740E+00  5.929664052396E+00  3.990776502971E+00
   50     8 O     9.925448521284E+00  5.959054680091E+00  8.091818290554E+00
   51     8 O     9.914223649542E+00  5.992665690098E+00  1.214777872709E+01
   52     8 O     9.918408383496E+00  9.959835375644E+00  3.975765803108E+00
   53     8 O     9.949970836846E+00  9.910726832990E+00  8.079154257154E+00
   54     8 O     9.926998516534E+00  9.951157324303E+00  1.217207762987E+01
   55     8 O     2.004458903066E+00 -3.134841276453E-02  1.970816229143E+00
   56     8 O     2.002174138052E+00  1.421232689651E-02  6.110388363010E+00
   57     8 O     1.961226910111E+00 -2.802620765893E-02  1.018531879592E+01
   58     8 O     1.946244085818E+00  3.963693663411E+00  1.995589423877E+00
   59     8 O     1.951524467473E+00  3.981267630803E+00  6.058400944402E+00
   60     8 O     1.989573597947E+00  3.965436831987E+00  1.012946343043E+01
   61     8 O     1.966687777031E+00  7.938814660297E+00  1.950022910602E+00
   62     8 O     1.970169775542E+00  7.965273221800E+00  6.051418079077E+00
   63     8 O     1.998614244777E+00  7.905922308517E+00  1.018751060519E+01
   64     8 O     5.973490470472E+00 -1.670563263024E-02  2.016366766273E+00
   65     8 O     5.975137509291E+00  1.548936683331E-02  6.047247337516E+00
   66     8 O     5.921688689677E+00 -2.295508821472E-02  1.016283672059E+01
   67     8 O     5.941608063692E+00  3.932906623945E+00  1.997146555158E+00
   68     8 O     5.984614014212E+00  3.948701384768E+00  6.062123624395E+00
   69     8 O     5.919561465402E+00  3.963569012095E+00  1.014920020632E+01
   70     8 O     5.953429941477E+00  7.973652066027E+00  1.966713883225E+00
   71     8 O     5.968277524339E+00  7.969930463933E+00  6.057280901443E+00
   72     8 O     5.992171241755E+00  7.937746131123E+00  1.018047045552E+01
   73     8 O     9.913541882391E+00 -2.146765046265E-02  2.018141802014E+00
   74     8 O     9.929614443148E+00 -3.709096067320E-02  6.090863560596E+00
   75     8 O     9.907549456190E+00 -3.082930433247E-02  1.018915680757E+01
   76     8 O     9.918409672771E+00  3.972567092224E+00  1.946191990313E+00
   77     8 O     9.944499004065E+00  3.992940956149E+00  6.053269817141E+00
   78     8 O     9.885229132723E+00  3.981102135820E+00  1.017390899382E+01
   79     8 O     9.961662105961E+00  7.929747196525E+00  1.979660917852E+00
   80     8 O     9.921690348540E+00  7.947150292153E+00  6.116399254892E+00
   81     8 O     9.899273491839E+00  7.909928926513E+00  1.018367371798E+01
   82     8 O    -2.558688989218E-02  1.954746550628E+00  1.978512069065E+00
   83     8 O     1.874212521761E-02  1.957005951397E+00  6.099421301103E+00
   84     8 O     3.398152972988E-02  1.964810802550E+00  1.017623671157E+01
   85     8 O     2.572574557714E-02  5.983374072518E+00  1.977560278975E+00
   86     8 O    -1.078561880830E-02  5.938855312809E+00  6.112847151448E+00
   87     8 O     3.129541048333E-02  5.962517990981E+00  1.019233402888E+01
   88     8 O    -3.993323348027E-02  9.924833089692E+00  1.984235795192E+00
   89     8 O     1.444151529623E-02  9.889002798149E+00  6.092476523499E+00
   90     8 O     1.773131781339E-03  9.893891820435E+00  1.019623266149E+01
   91     8 O     3.948188694928E+00  2.018420851271E+00  1.989558255482E+00
   92     8 O     3.943662406050E+00  1.962862009924E+00  6.099101075601E+00
   93     8 O     3.955570828652E+00  1.968033076974E+00  1.013524091431E+01
   94     8 O     3.963677734460E+00  5.977283508727E+00  2.017723281863E+00
   95     8 O     3.983962929926E+00  5.931860191592E+00  6.107358889573E+00
   96     8 O     3.972691537219E+00  5.927059472840E+00  1.019846001451E+01
   97     8 O     3.932045834176E+00  9.912530106602E+00  1.995989155179E+00
   98     8 O     3.944865461168E+00  9.916705530081E+00  6.108432824230E+00
   99     8 O     3.958681060857E+00  9.887783028140E+00  1.018447630164E+01
  100     8 O     7.907719324902E+00  1.998220837969E+00  2.007416295325E+00
  101     8 O     7.937632999492E+00  1.974165823777E+00  6.038774504813E+00
  102     8 O     7.935313615890E+00  1.947186089435E+00  1.015524473563E+01
  103     8 O     7.940603948472E+00  5.969767111111E+00  1.949132717244E+00
  104     8 O     7.912487899860E+00  5.931905187183E+00  6.098389810159E+00
  105     8 O     7.953869748554E+00  5.963740481224E+00  1.020455263519E+01
  106     8 O     7.916429581146E+00  9.950461749579E+00  1.966662073315E+00
  107     8 O     7.941188173723E+00  9.883336524166E+00  6.074100945616E+00
  108     8 O     7.917727051111E+00  9.890960307559E+00  1.015734111285E+01
  109    22 TI    1.994178856720E+00  2.004974156385E+00  2.114351884303E+00
  110    22 TI    2.022400398898E+00  1.974394444786E+00  6.230774920431E+00
  111    22 TI    1.959903555015E+00  1.953938104680E+00  1.033752221230E+01
  112    22 TI    1.951033467936E+00  5.945075596375E+00  2.127572123687E+00
  113    22 TI    2.012747274660E+00  5.969131288298E+00  6.215033922348E+00
  114    22 TI    1.980659484187E+00  5.976951888751E+00  1.029820708005E+01
  115    22 TI    2.002639675185E+00  9.950798222517E+00  2.124878446551E+00
  116    22 TI    1.974275594006E+00  9.905016991188E+00  6.273173502579E+00
  117    22 TI    1.947335895695E+00  9.922622065904E+00  1.034510573202E+01
  118    22 TI    5.966325608702E+00  1.972924095403E+00  2.111269347341E+00
  119    22 TI    5.922377274678E+00  2.002919597862E+00  6.255575017794E+00
  120    22 TI    5.926236078130E+00  1.967203621733E+00  1.035372190251E+01
  121    22 TI    5.917638856282E+00  5.970801365671E+00  2.146558715009E+00
  122    22 TI    5.921928775673E+00  5.932393377730E+00  6.228129810019E+00
  123    22 TI    5.938331313594E+00  5.973920447868E+00  1.029970451733E+01
  124    22 TI    5.919166474250E+00  9.904553829434E+00  2.140255296038E+00
  125    22 TI    5.934890141986E+00  9.957608602015E+00  6.246090384188E+00
  126    22 TI    5.950657728563E+00  9.936543685098E+00  1.029309165421E+01
  127    22 TI    9.914187909150E+00  1.948475318938E+00  2.162056013988E+00
  128    22 TI    9.893699940269E+00  2.001337421825E+00  6.260377937891E+00
  129    22 TI    9.921653166029E+00  2.024501687317E+00  1.033337034567E+01
  130    22 TI    9.913843111999E+00  5.952439369653E+00  2.186319976608E+00
  131    22 TI    9.951593450010E+00  5.953709807288E+00  6.267117339269E+00
  132    22 TI    9.947988283920E+00  5.967663392108E+00  1.030251133655E+01
  133    22 TI    9.891821043351E+00  9.900240394550E+00  2.157328423420E+00
  134    22 TI    9.892310051706E+00  9.939768649998E+00  6.258367836619E+00
  135    22 TI    9.935146602406E+00  9.922603976918E+00  1.029248886335E+01

 *******************************************************************************
 *** PSEUDOPOTENTIAL INFORMATION ***
 *******************************************************************************

 ATOMIC NUMBER  56, NUCLEAR CHARGE 10.000, GIVEN IN INPUT       PSEUDOPOTENTIAL
   TYPE       EXPONENT      COEFF.    N      EXPONENT      COEFF.    N
  P0 TMS     9.5269860  427.8458160   0     4.4875100  204.4175300   0
  P1 TMS     8.3159300  293.6058640   0     4.2922170  294.1933160   0
  P2 TMS     5.9161080  112.5504020   0     2.8748420  181.7826210   0
  P3 TMS     3.5894650  -33.4731740   0

 *******************************************************************************
 LOCAL ATOMIC FUNCTIONS BASIS SET
 *******************************************************************************
   ATOM   X(AU)   Y(AU)   Z(AU)  N. TYPE  EXPONENT  S COEF   P COEF   D/F/G COEF
 *******************************************************************************
   1 BA  -0.023  -0.069   0.027
                                  1 S  
                                         2.396E+00-5.955E+00 0.000E+00 0.000E+00
                                         2.243E+00 6.681E+00 0.000E+00 0.000E+00
                                         7.174E-01-5.706E-01 0.000E+00 0.000E+00
                                  2 S  
                                         2.742E-01 1.000E+00 0.000E+00 0.000E+00
                           3-     6 SP 
                                         1.300E-01 1.000E+00 1.000E+00 0.000E+00
                           7-     9 P  
                                         2.927E+00 0.000E+00 7.982E-01 0.000E+00
                                         2.521E+00 0.000E+00-1.071E+00 0.000E+00
                                         6.758E-01 0.000E+00 3.494E-01 0.000E+00
                                         3.199E-01 0.000E+00 6.504E-01 0.000E+00
                          10-    14 D  
                                         9.663E-01 0.000E+00 0.000E+00-9.089E-01
                                         8.938E-01 0.000E+00 0.000E+00 9.472E-01
                          15-    19 D  
                                         2.732E-01 0.000E+00 0.000E+00 3.221E-01
   2 BA   0.029  -0.061   7.816
   3 BA  -0.073  -0.008  15.530
   4 BA   0.053   7.535   0.008
   5 BA  -0.049   7.558   7.779
   6 BA  -0.064   7.523  15.547
   7 BA   0.027  14.938   0.019
   8 BA   0.059  15.034   7.817
   9 BA   0.023  15.046  15.570
  10 BA   7.427   0.015   0.040
  11 BA   7.463   0.063   7.762
  12 BA   7.443   0.048  15.516
  13 BA   7.429   7.500   0.075
  14 BA   7.466   7.566   7.796
  15 BA   7.571   7.490  15.487
  16 BA   7.502  15.054   0.104
  17 BA   7.435  14.977   7.810
  18 BA   7.532  14.969  15.574
  19 BA  14.963   0.065   0.046
  20 BA  14.931  -0.010   7.755
  21 BA  14.956   0.058  15.529
  22 BA  14.991   7.478   0.121
  23 BA  15.023   7.435   7.811
  24 BA  14.934   7.472  15.495
  25 BA  14.978  15.050   0.102
  26 BA  15.058  15.051   7.771
  27 BA  14.936  14.968  15.496
  28 O    3.813   3.786   7.507
                                514 S  
                                         2.703E+04 2.173E-04 0.000E+00 0.000E+00
                                         4.052E+03 1.684E-03 0.000E+00 0.000E+00
                                         9.223E+02 8.740E-03 0.000E+00 0.000E+00
                                         2.612E+02 3.524E-02 0.000E+00 0.000E+00
                                         8.535E+01 1.115E-01 0.000E+00 0.000E+00
                                         3.104E+01 2.559E-01 0.000E+00 0.000E+00
                                515 S  
                                         1.227E+01 3.977E-01 0.000E+00 0.000E+00
                                         4.916E+00 2.463E-01 0.000E+00 0.000E+00
                                516 S  
                                         9.009E-01 1.000E+00 0.000E+00 0.000E+00
                         517-   520 SP 
                                         2.500E-01 1.000E+00 1.000E+00 0.000E+00
                         521-   523 P  
                                         7.530E+01 0.000E+00 6.069E-03 0.000E+00
                                         1.774E+01 0.000E+00 4.191E-02 0.000E+00
                                         5.536E+00 0.000E+00 1.615E-01 0.000E+00
                                         2.069E+00 0.000E+00 3.571E-01 0.000E+00
                         524-   526 P  
                                         7.824E-01 0.000E+00 1.000E+00 0.000E+00
                         527-   531 D  
                                         1.200E+00 0.000E+00 0.000E+00 1.000E+00
  29 O    3.779   3.688  15.185
  30 O    3.766   3.768  22.877
  31 O    3.777  11.307   7.528
  32 O    3.743  11.286  15.283
  33 O    3.790  11.278  23.007
  34 O    3.739  18.827   7.482
  35 O    3.765  18.821  15.188
  36 O    3.778  18.788  22.888
  37 O   11.292   3.811   7.465
  38 O   11.228   3.818  15.241
  39 O   11.280   3.753  23.018
  40 O   11.200  11.196   7.473
  41 O   11.268  11.220  15.283
  42 O   11.308  11.207  22.925
  43 O   11.319  18.776   7.462
  44 O   11.243  18.827  15.225
  45 O   11.205  18.702  22.916
  46 O   18.755   3.702   7.426
  47 O   18.779   3.821  15.213
  48 O   18.805   3.744  23.002
  49 O   18.771  11.205   7.541
  50 O   18.756  11.261  15.291
  51 O   18.735  11.324  22.956
  52 O   18.743  18.821   7.513
  53 O   18.803  18.729  15.267
  54 O   18.759  18.805  23.002
  55 O    3.788  -0.059   3.724
  56 O    3.784   0.027  11.547
  57 O    3.706  -0.053  19.247
  58 O    3.678   7.490   3.771
  59 O    3.688   7.524  11.449
  60 O    3.760   7.494  19.142
  61 O    3.717  15.002   3.685
  62 O    3.723  15.052  11.436
  63 O    3.777  14.940  19.252
  64 O   11.288  -0.032   3.810
  65 O   11.291   0.029  11.428
  66 O   11.190  -0.043  19.205
  67 O   11.228   7.432   3.774
  68 O   11.309   7.462  11.456
  69 O   11.186   7.490  19.179
  70 O   11.250  15.068   3.717
  71 O   11.278  15.061  11.447
  72 O   11.324  15.000  19.238
  73 O   18.734  -0.041   3.814
  74 O   18.764  -0.070  11.510
  75 O   18.723  -0.058  19.255
  76 O   18.743   7.507   3.678
  77 O   18.792   7.546  11.439
  78 O   18.680   7.523  19.226
  79 O   18.825  14.985   3.741
  80 O   18.749  15.018  11.558
  81 O   18.707  14.948  19.244
  82 O   -0.048   3.694   3.739
  83 O    0.035   3.698  11.526
  84 O    0.064   3.713  19.230
  85 O    0.049  11.307   3.737
  86 O   -0.020  11.223  11.552
  87 O    0.059  11.268  19.261
  88 O   -0.075  18.755   3.750
  89 O    0.027  18.688  11.513
  90 O    0.003  18.697  19.268
  91 O    7.461   3.814   3.760
  92 O    7.452   3.709  11.526
  93 O    7.475   3.719  19.153
  94 O    7.490  11.295   3.813
  95 O    7.529  11.210  11.541
  96 O    7.507  11.201  19.272
  97 O    7.430  18.732   3.772
  98 O    7.455  18.740  11.543
  99 O    7.481  18.685  19.246
 100 O   14.943   3.776   3.793
 101 O   15.000   3.731  11.412
 102 O   14.996   3.680  19.191
 103 O   15.006  11.281   3.683
 104 O   14.952  11.210  11.524
 105 O   15.031  11.270  19.284
 106 O   14.960  18.804   3.716
 107 O   15.007  18.677  11.478
 108 O   14.962  18.691  19.195
 109 TI   3.768   3.789   3.996
                               1972 S  
                                         2.116E+05 2.332E-04 0.000E+00 0.000E+00
                                         3.171E+04 1.808E-03 0.000E+00 0.000E+00
                                         7.218E+03 9.398E-03 0.000E+00 0.000E+00
                                         2.043E+03 3.816E-02 0.000E+00 0.000E+00
                                         6.651E+02 1.237E-01 0.000E+00 0.000E+00
                                         2.387E+02 2.921E-01 0.000E+00 0.000E+00
                                         9.251E+01 4.123E-01 0.000E+00 0.000E+00
                                         3.640E+01 2.109E-01 0.000E+00 0.000E+00
                               1973 S  
                                         2.327E+02-2.492E-02 0.000E+00 0.000E+00
                                         7.179E+01-1.175E-01 0.000E+00 0.000E+00
                                         1.116E+01 5.650E-01 0.000E+00 0.000E+00
                                         4.655E+00 5.621E-01 0.000E+00 0.000E+00
                               1974 S  
                                         6.803E+00-2.301E-01 0.000E+00 0.000E+00
                                         1.120E+00 7.210E-01 0.000E+00 0.000E+00
                               1975 S  
                                         4.808E-01 1.000E+00 0.000E+00 0.000E+00
                               1976 S  
                                         2.400E-01 1.000E+00 0.000E+00 0.000E+00
                        1977-  1980 SP 
                                         1.200E-01 1.000E+00 1.000E+00 0.000E+00
                        1981-  1983 P  
                                         1.063E+03 0.000E+00 2.469E-03 0.000E+00
                                         2.516E+02 0.000E+00 1.977E-02 0.000E+00
                                         8.041E+01 0.000E+00 9.099E-02 0.000E+00
                                         2.977E+01 0.000E+00 2.556E-01 0.000E+00
                                         1.174E+01 0.000E+00 4.049E-01 0.000E+00
                                         4.714E+00 0.000E+00 2.369E-01 0.000E+00
                        1984-  1986 P  
                                         1.780E+01 0.000E+00-2.788E-02 0.000E+00
                                         2.427E+00 0.000E+00 5.567E-01 0.000E+00
                                         9.682E-01 0.000E+00 1.006E+00 0.000E+00
                        1987-  1989 P  
                                         3.706E-01 0.000E+00 1.000E+00 0.000E+00
                        1990-  1994 D  
                                         3.771E+01 0.000E+00 0.000E+00 1.151E-02
                                         1.069E+01 0.000E+00 0.000E+00 6.725E-02
                                         3.673E+00 0.000E+00 0.000E+00 2.148E-01
                                         1.359E+00 0.000E+00 0.000E+00 3.889E-01
                        1995-  1999 D  
                                         5.400E-01 0.000E+00 0.000E+00 1.000E+00
                        2000-  2004 D  
                                         2.200E-01 0.000E+00 0.000E+00 1.000E+00
 110 TI   3.822   3.731  11.774
 111 TI   3.704   3.692  19.535
 112 TI   3.687  11.235   4.021
 113 TI   3.804  11.280  11.745
 114 TI   3.743  11.295  19.461
 115 TI   3.784  18.804   4.015
 116 TI   3.731  18.718  11.855
 117 TI   3.680  18.751  19.549
 118 TI  11.275   3.728   3.990
 119 TI  11.192   3.785  11.821
 120 TI  11.199   3.717  19.566
 121 TI  11.183  11.283   4.056
 122 TI  11.191  11.211  11.769
 123 TI  11.222  11.289  19.464
 124 TI  11.186  18.717   4.044
 125 TI  11.215  18.817  11.803
 126 TI  11.245  18.777  19.451
 127 TI  18.735   3.682   4.086
 128 TI  18.696   3.782  11.830
 129 TI  18.749   3.826  19.527
 130 TI  18.734  11.248   4.132
 131 TI  18.806  11.251  11.843
 132 TI  18.799  11.277  19.469
 133 TI  18.693  18.709   4.077
 134 TI  18.694  18.783  11.827
 135 TI  18.775  18.751  19.450
 INFORMATION **** SET_MPP **** PCRYSTAL CALCULATION
 INFORMATION **** READM2 **** NEW DEFAULT: FOCK/KS MATRIX MIXING SET TO 30 %
 INFORMATION **** READM2 **** NEW DEFAULT: FULL DIRECT SCF MODE
 INFORMATION **** READM2 **** NEW DEFAULT: COULOMB BIPOLAR BUFFER SET TO 32 Mb
 INFORMATION **** READM2 **** NEW DEFAULT: EXCHANGE BIPOLAR BUFFER SET TO 32 Mb

 *******************************************************************************
 NEW DEFAULT: DFT INTEGRATION GRID INCREASED TO XLGRID
 NEW DEFAULT: DIIS ACCELERATOR ACTIVE
 USE KEYWORD NODIIS TO TURN IT OFF
 *******************************************************************************

 INFORMATION **** TOLINTEG **** COULOMB AND EXCHANGE SERIES TOLERANCES MODIFIED
 INFORMATION **** MAXCYCLE **** MAX NUMBER OF SCF CYCLES SET TO         100
 INFORMATION **** EXCHSIZE **** EXCHANGE BIPOLAR BUFFER SIZE SET TO    30000000
 INFORMATION **** BIPOSIZE **** COULOMB BIPOLAR BUFFER SET TO    30000000
 INFORMATION **** GRADCAL **** ANALYTICAL GRADIENT AFTER SCF COMPLETED
 *******************************************************************************
 N. OF ATOMS PER CELL       135  COULOMB OVERLAP TOL         (T1) 10**   -8
 NUMBER OF SHELLS          1053  COULOMB PENETRATION TOL     (T2) 10**   -8
 NUMBER OF AO              2862  EXCHANGE OVERLAP TOL        (T3) 10**   -8
 N. OF ELECTRONS PER CELL  1512  EXCHANGE PSEUDO OVP (F(G))  (T4) 10**   -8
 CORE ELECTRONS PER CELL    648  EXCHANGE PSEUDO OVP (P(G))  (T5) 10**  -16
 N. OF SYMMETRY OPERATORS     1  POLE ORDER IN MONO ZONE                  4
 *******************************************************************************
 TYPE OF CALCULATION :  RESTRICTED CLOSED SHELL
 KOHN-SHAM HAMILTONIAN

 (EXCHANGE)[CORRELATION] FUNCTIONAL:(PERDEW-BURKE-ERNZERHOF)[PERDEW-BURKE-ERNZERHOF]


 HYBRID EXCHANGE - PERCENTAGE OF FOCK EXCHANGE    25.0000
 CORE  PSEUDO POTENTIAL         TOL. ON PSEUDO              (TP) 10**- 6

 CAPPA:IS1  2;IS2  2;IS3  2; K PTS MONK NET   8; SYMMOPS:K SPACE   2;G SPACE   1

 *******************************************************************************
 MAX NUMBER OF SCF CYCLES     100  CONVERGENCE ON DELTAP        10**-16
 WEIGHT OF F(I) IN F(I+1)      80% CONVERGENCE ON ENERGY        10**- 6
 SHRINK. FACT.(MONKH.)    2  2  2  NUMBER OF K POINTS IN THE IBZ      8
 SHRINKING FACTOR(GILAT NET)    2  NUMBER OF K POINTS(GILAT NET)      8
 *******************************************************************************
 *** K POINTS COORDINATES (OBLIQUE COORDINATES IN UNITS OF IS =  2)
   1-R(  0  0  0)   2-R(  1  0  0)   3-R(  0  1  0)   4-R(  1  1  0)
   5-R(  0  0  1)   6-R(  1  0  1)   7-R(  0  1  1)   8-R(  1  1  1)

 DIRECT LATTICE VECTORS COMPON. (A.U.)     RECIP. LATTICE VECTORS COMPON. (A.U.) 
        X            Y            Z              X            Y            Z
   22.5023543    0.0000000    0.0000000      0.2792235    0.0000000    0.0000000
    0.0000000   22.5023543    0.0000000      0.0000000    0.2792235    0.0000000
    0.0000000    0.0000000   23.1960024      0.0000000    0.0000000    0.2708736

 DISK SPACE FOR EIGENVECTORS (FTN 10)    65528352 REALS

 SYMMETRY ADAPTION OF THE BLOCH FUNCTIONS DISABLED
 TTTTTTTTTTTTTTTTTTTTTTTTTTTTTT gordsh1     TELAPSE        0.90 TCPU        0.44

 MATRIX SIZE: P(G) 7082934, F(G) 1249861, P(G) IRR 3549270, F(G) IRR 1253641
 MAX G-VECTOR INDEX FOR 1- AND 2-ELECTRON INTEGRALS  27

 TTTTTTTTTTTTTTTTTTTTTTTTTTTTTT INPUT       TELAPSE        4.43 TCPU        3.96

 NEIGHBORS OF THE NON-EQUIVALENT ATOMS

 N = NUMBER OF NEIGHBORS AT DISTANCE R
    ATOM  N     R/ANG      R/AU   NEIGHBORS (ATOM LABELS AND CELL INDICES)
   1 BA   1     2.7527     5.2018   54 O   -1-1-1
   1 BA   1     2.7694     5.2334   88 O    0-1 0
   1 BA   1     2.7922     5.2766   36 O    0-1-1
   1 BA   1     2.7968     5.2851   82 O    0 0 0
   1 BA   1     2.8050     5.3006   48 O   -1 0-1
   1 BA   1     2.8094     5.3090   55 O    0 0 0

   2 BA   1     2.7470     5.1911   34 O    0-1 0
   2 BA   1     2.7772     5.2482   52 O   -1-1 0
   2 BA   1     2.7882     5.2689   89 O    0-1 0
   2 BA   1     2.7918     5.2758   74 O   -1 0 0
   2 BA   1     2.7950     5.2818   83 O    0 0 0
   2 BA   1     2.8016     5.2942   56 O    0 0 0

   3 BA   1     2.7700     5.2346   53 O   -1-1 0
   3 BA   1     2.7779     5.2494   84 O    0 0 0
   3 BA   1     2.7808     5.2549   75 O   -1 0 0
   3 BA   1     2.8041     5.2990   47 O   -1 0 0
   3 BA   1     2.8055     5.3016   57 O    0 0 0
   3 BA   1     2.8173     5.3240   35 O    0-1 0

   4 BA   1     2.7653     5.2256   58 O    0 0 0
   4 BA   1     2.8002     5.2916   76 O   -1 0 0
   4 BA   1     2.8008     5.2927   33 O    0 0-1
   4 BA   1     2.8045     5.2997   30 O    0 0-1
   4 BA   1     2.8068     5.3041   85 O    0 0 0
   4 BA   1     2.8239     5.3364   48 O   -1 0-1

   5 BA   1     2.7395     5.1769   77 O   -1 0 0
   5 BA   1     2.7454     5.1880   49 O   -1 0 0
   5 BA   1     2.7717     5.2377   59 O    0 0 0
   5 BA   1     2.7833     5.2597   86 O    0 0 0
   5 BA   1     2.8334     5.3543   46 O   -1 0 0
   5 BA   1     2.8376     5.3623   31 O    0 0 0

   6 BA   1     2.7600     5.2157   47 O   -1 0 0
   6 BA   1     2.7773     5.2483   60 O    0 0 0
   6 BA   1     2.7800     5.2534   50 O   -1 0 0
   6 BA   1     2.7828     5.2588   78 O   -1 0 0
   6 BA   1     2.7917     5.2755   87 O    0 0 0
   6 BA   1     2.8049     5.3004   84 O    0 0 0

   7 BA   1     2.7500     5.1967   85 O    0 0 0
   7 BA   1     2.7525     5.2015   61 O    0 0 0
   7 BA   1     2.7759     5.2457   51 O   -1 0-1
   7 BA   1     2.7789     5.2514   79 O   -1 0 0
   7 BA   1     2.7801     5.2536   33 O    0 0-1
   7 BA   1     2.8250     5.3385   88 O    0 0 0

   8 BA   1     2.7253     5.1500   62 O    0 0 0
   8 BA   1     2.7504     5.1975   89 O    0 0 0
   8 BA   1     2.7901     5.2725   31 O    0 0 0
   8 BA   1     2.8025     5.2960   34 O    0 0 0
   8 BA   1     2.8238     5.3362   86 O    0 0 0
   8 BA   1     2.8263     5.3410   80 O   -1 0 0

   9 BA   1     2.7497     5.1962   90 O    0 0 0
   9 BA   1     2.7752     5.2444   53 O   -1 0 0
   9 BA   1     2.7831     5.2593   63 O    0 0 0
   9 BA   1     2.7953     5.2824   87 O    0 0 0
   9 BA   1     2.8036     5.2981   32 O    0 0 0
   9 BA   1     2.8045     5.2998   81 O   -1 0 0

  10 BA   1     2.7407     5.1792   55 O    0 0 0
  10 BA   1     2.7674     5.2297   36 O    0-1-1
  10 BA   1     2.7810     5.2554   30 O    0 0-1
  10 BA   1     2.8129     5.3156   97 O    0-1 0
  10 BA   1     2.8136     5.3169   91 O    0 0 0
  10 BA   1     2.8429     5.3724   39 O    0 0-1

  11 BA   1     2.7625     5.2204   28 O    0 0 0
  11 BA   1     2.7730     5.2401   92 O    0 0 0
  11 BA   1     2.7935     5.2789   56 O    0 0 0
  11 BA   1     2.7964     5.2845   34 O    0-1 0
  11 BA   1     2.8046     5.2999   65 O    0 0 0
  11 BA   1     2.8396     5.3660   37 O    0 0 0

  12 BA   1     2.7344     5.1672   93 O    0 0 0
  12 BA   1     2.7384     5.1749   29 O    0 0 0
  12 BA   1     2.7774     5.2486   35 O    0-1 0
  12 BA   1     2.7831     5.2593   66 O    0 0 0
  12 BA   1     2.7948     5.2814   57 O    0 0 0
  12 BA   1     2.8197     5.3284   44 O    0-1 0

  13 BA   1     2.7581     5.2121   91 O    0 0 0
  13 BA   1     2.7751     5.2442   30 O    0 0-1
  13 BA   1     2.7794     5.2523   33 O    0 0-1
  13 BA   1     2.7871     5.2668   58 O    0 0 0
  13 BA   1     2.8061     5.3028   67 O    0 0 0
  13 BA   1     2.8193     5.3278   94 O    0 0 0

  14 BA   1     2.7613     5.2182   40 O    0 0 0
  14 BA   1     2.7651     5.2253   95 O    0 0 0
  14 BA   1     2.7808     5.2550   59 O    0 0 0
  14 BA   1     2.7837     5.2604   31 O    0 0 0
  14 BA   1     2.7859     5.2645   28 O    0 0 0
  14 BA   1     2.8089     5.3080   68 O    0 0 0

  15 BA   1     2.7347     5.1679   69 O    0 0 0
  15 BA   1     2.7456     5.1884   38 O    0 0 0
  15 BA   1     2.7815     5.2563   41 O    0 0 0
  15 BA   1     2.7834     5.2598   93 O    0 0 0
  15 BA   1     2.7943     5.2804   60 O    0 0 0
  15 BA   1     2.8054     5.3014   96 O    0 0 0

  16 BA   1     2.7490     5.1949   97 O    0 0 0
  16 BA   1     2.7548     5.2059   70 O    0 0 0
  16 BA   1     2.7573     5.2106   61 O    0 0 0
  16 BA   1     2.7585     5.2128   45 O    0 0-1
  16 BA   1     2.7940     5.2798   94 O    0 0 0
  16 BA   1     2.7995     5.2903   36 O    0 0-1

  17 BA   1     2.7461     5.1894   31 O    0 0 0
  17 BA   1     2.7462     5.1895   62 O    0 0 0
  17 BA   1     2.8003     5.2918   71 O    0 0 0
  17 BA   1     2.8051     5.3008   98 O    0 0 0
  17 BA   1     2.8064     5.3033   95 O    0 0 0
  17 BA   1     2.8291     5.3461   40 O    0 0 0

  18 BA   1     2.7649     5.2248   99 O    0 0 0
  18 BA   1     2.7815     5.2563   63 O    0 0 0
  18 BA   1     2.7903     5.2730   72 O    0 0 0
  18 BA   1     2.7940     5.2799   96 O    0 0 0
  18 BA   1     2.8003     5.2918   32 O    0 0 0
  18 BA   1     2.8049     5.3005   41 O    0 0 0

  19 BA   1     2.7610     5.2176   39 O    0 0-1
  19 BA   1     2.7822     5.2575  106 O    0-1 0
  19 BA   1     2.7846     5.2621   64 O    0 0 0
  19 BA   1     2.7910     5.2743  100 O    0 0 0
  19 BA   1     2.8175     5.3244   48 O    0 0-1
  19 BA   1     2.8214     5.3316   73 O    0 0 0

  20 BA   1     2.7362     5.1708   65 O    0 0 0
  20 BA   1     2.7470     5.1911   43 O    0-1 0
  20 BA   1     2.7682     5.2312  101 O    0 0 0
  20 BA   1     2.7967     5.2850   37 O    0 0 0
  20 BA   1     2.8033     5.2975   52 O    0-1 0
  20 BA   1     2.8213     5.3315  107 O    0-1 0

  21 BA   1     2.7252     5.1499  102 O    0 0 0
  21 BA   1     2.7852     5.2633   66 O    0 0 0
  21 BA   1     2.7915     5.2751   44 O    0-1 0
  21 BA   1     2.8041     5.2989   75 O    0 0 0
  21 BA   1     2.8059     5.3023   38 O    0 0 0
  21 BA   1     2.8204     5.3299  108 O    0-1 0

  22 BA   1     2.7359     5.1700   76 O    0 0 0
  22 BA   1     2.7575     5.2110  103 O    0 0 0
  22 BA   1     2.7596     5.2150  100 O    0 0 0
  22 BA   1     2.7755     5.2449   67 O    0 0 0
  22 BA   1     2.7814     5.2560   42 O    0 0-1
  22 BA   1     2.7871     5.2668   39 O    0 0-1

  23 BA   1     2.7336     5.1657  101 O    0 0 0
  23 BA   1     2.7536     5.2035   68 O    0 0 0
  23 BA   1     2.7583     5.2123   37 O    0 0 0
  23 BA   1     2.7692     5.2330   77 O    0 0 0
  23 BA   1     2.8007     5.2925   46 O    0 0 0
  23 BA   1     2.8024     5.2958  104 O    0 0 0

  24 BA   1     2.7571     5.2103   38 O    0 0 0
  24 BA   1     2.7767     5.2472   41 O    0 0 0
  24 BA   1     2.7810     5.2554   69 O    0 0 0
  24 BA   1     2.7979     5.2873   78 O    0 0 0
  24 BA   1     2.8022     5.2954  102 O    0 0 0
  24 BA   1     2.8099     5.3099   47 O    0 0 0

  25 BA   1     2.7474     5.1918   70 O    0 0 0
  25 BA   1     2.7512     5.1990  103 O    0 0 0
  25 BA   1     2.7574     5.2108  106 O    0 0 0
  25 BA   1     2.7860     5.2648   45 O    0 0-1
  25 BA   1     2.8025     5.2959   79 O    0 0 0
  25 BA   1     2.8060     5.3025   51 O    0 0-1

  26 BA   1     2.7446     5.1866  107 O    0 0 0
  26 BA   1     2.7901     5.2725   71 O    0 0 0
  26 BA   1     2.7934     5.2787   52 O    0 0 0
  26 BA   1     2.7976     5.2867   43 O    0 0 0
  26 BA   1     2.7988     5.2890   80 O    0 0 0
  26 BA   1     2.8313     5.3503   49 O    0 0 0

  27 BA   1     2.7523     5.2011   72 O    0 0 0
  27 BA   1     2.7769     5.2477  108 O    0 0 0
  27 BA   1     2.7774     5.2486   41 O    0 0 0
  27 BA   1     2.8017     5.2944  105 O    0 0 0
  27 BA   1     2.8135     5.3167   81 O    0 0 0
  27 BA   1     2.8191     5.3274   50 O    0 0 0

  28 O    1     1.8583     3.5118  109 TI   0 0 0
  28 O    1     2.2584     4.2678  110 TI   0 0 0
  28 O    1     2.7625     5.2204   11 BA   0 0 0
  28 O    1     2.7675     5.2297   91 O    0 0 0
  28 O    1     2.7849     5.2628   58 O    0 0 0
  28 O    1     2.7859     5.2645   14 BA   0 0 0

  29 O    1     1.8050     3.4110  110 TI   0 0 0
  29 O    1     2.3023     4.3508  111 TI   0 0 0
  29 O    1     2.7312     5.1613   56 O    0 0 0
  29 O    1     2.7384     5.1749   12 BA   0 0 0
  29 O    1     2.7438     5.1850   92 O    0 0 0
  29 O    1     2.7700     5.2346   83 O    0 0 0

  30 O    1     1.7691     3.3431  111 TI   0 0 0
  30 O    1     2.2833     4.3149  109 TI   0 0 1
  30 O    1     2.7499     5.1965   84 O    0 0 0
  30 O    1     2.7751     5.2442   13 BA   0 0 1
  30 O    1     2.7810     5.2554   10 BA   0 0 1
  30 O    1     2.7813     5.2560   93 O    0 0 0

  31 O    1     1.8571     3.5094  112 TI   0 0 0
  31 O    1     2.2315     4.2168  113 TI   0 0 0
  31 O    1     2.7461     5.1894   17 BA   0 0 0
  31 O    1     2.7795     5.2526   94 O    0 0 0
  31 O    1     2.7837     5.2604   14 BA   0 0 0
  31 O    1     2.7901     5.2725    8 BA   0 0 0

  32 O    1     1.8728     3.5392  113 TI   0 0 0
  32 O    1     2.2106     4.1774  114 TI   0 0 0
  32 O    1     2.8003     5.2918   18 BA   0 0 0
  32 O    1     2.8036     5.2981    9 BA   0 0 0
  32 O    1     2.8049     5.3005   86 O    0 0 0
  32 O    1     2.8170     5.3233   95 O    0 0 0

  33 O    1     1.8768     3.5467  114 TI   0 0 0
  33 O    1     2.2283     4.2109  112 TI   0 0 1
  33 O    1     2.7758     5.2456   63 O    0 0 0
  33 O    1     2.7794     5.2523   13 BA   0 0 1
  33 O    1     2.7801     5.2536    7 BA   0 0 1
  33 O    1     2.7887     5.2700   96 O    0 0 0

  34 O    1     1.8345     3.4667  115 TI   0 0 0
  34 O    1     2.3147     4.3742  116 TI   0 0 0
  34 O    1     2.7470     5.1911    2 BA   0 1 0
  34 O    1     2.7598     5.2153   55 O    0 1 0
  34 O    1     2.7699     5.2343   97 O    0 0 0
  34 O    1     2.7964     5.2845   11 BA   0 1 0

  35 O    1     1.7651     3.3356  116 TI   0 0 0
  35 O    1     2.3085     4.3624  117 TI   0 0 0
  35 O    1     2.7451     5.1875   98 O    0 0 0
  35 O    1     2.7504     5.1975   56 O    0 1 0
  35 O    1     2.7747     5.2434   89 O    0 0 0
  35 O    1     2.7774     5.2486   12 BA   0 1 0

  36 O    1     1.7676     3.3402  117 TI   0 0 0
  36 O    1     2.2879     4.3235  115 TI   0 0 1
  36 O    1     2.7324     5.1636   57 O    0 1 0
  36 O    1     2.7492     5.1952   99 O    0 0 0
  36 O    1     2.7674     5.2297   10 BA   0 1 1
  36 O    1     2.7678     5.2303   90 O    0 0 0

  37 O    1     1.8398     3.4767  118 TI   0 0 0
  37 O    1     2.3057     4.3572  119 TI   0 0 0
  37 O    1     2.7365     5.1712   67 O    0 0 0
  37 O    1     2.7404     5.1786  100 O    0 0 0
  37 O    1     2.7583     5.2123   23 BA   0 0 0
  37 O    1     2.7967     5.2850   20 BA   0 0 0

  38 O    1     1.8099     3.4202  119 TI   0 0 0
  38 O    1     2.2891     4.3258  120 TI   0 0 0
  38 O    1     2.7456     5.1884   15 BA   0 0 0
  38 O    1     2.7571     5.2103   24 BA   0 0 0
  38 O    1     2.7808     5.2549   68 O    0 0 0
  38 O    1     2.8039     5.2986   92 O    0 0 0

  39 O    1     1.8277     3.4539  120 TI   0 0 0
  39 O    1     2.2053     4.1673  118 TI   0 0 1
  39 O    1     2.7610     5.2176   19 BA   0 0 1
  39 O    1     2.7871     5.2668   22 BA   0 0 1
  39 O    1     2.8233     5.3354  102 O    0 0 0
  39 O    1     2.8355     5.3583   69 O    0 0 0

  40 O    1     1.8088     3.4180  121 TI   0 0 0
  40 O    1     2.2734     4.2962  122 TI   0 0 0
  40 O    1     2.7584     5.2127   94 O    0 0 0
  40 O    1     2.7613     5.2182   14 BA   0 0 0
  40 O    1     2.7929     5.2778   67 O    0 0 0
  40 O    1     2.8291     5.3461   17 BA   0 0 0

  41 O    1     1.8599     3.5146  122 TI   0 0 0
  41 O    1     2.2126     4.1812  123 TI   0 0 0
  41 O    1     2.7767     5.2472   24 BA   0 0 0
  41 O    1     2.7774     5.2486   27 BA   0 0 0
  41 O    1     2.7815     5.2563   15 BA   0 0 0
  41 O    1     2.7853     5.2635  104 O    0 0 0

  42 O    1     1.8325     3.4630  123 TI   0 0 0
  42 O    1     2.2915     4.3303  121 TI   0 0 1
  42 O    1     2.7558     5.2077  105 O    0 0 0
  42 O    1     2.7814     5.2560   22 BA   0 0 1
  42 O    1     2.7892     5.2708   96 O    0 0 0
  42 O    1     2.7930     5.2780   69 O    0 0 0

  43 O    1     1.8101     3.4206  124 TI   0 0 0
  43 O    1     2.2982     4.3429  125 TI   0 0 0
  43 O    1     2.7470     5.1911   20 BA   0 1 0
  43 O    1     2.7492     5.1952   64 O    0 1 0
  43 O    1     2.7640     5.2233  106 O    0 0 0
  43 O    1     2.7890     5.2705   70 O    0 0 0

  44 O    1     1.8108     3.4219  125 TI   0 0 0
  44 O    1     2.2364     4.2262  126 TI   0 0 0
  44 O    1     2.7915     5.2751   21 BA   0 1 0
  44 O    1     2.7957     5.2831   98 O    0 0 0
  44 O    1     2.8077     5.3058   65 O    0 1 0
  44 O    1     2.8116     5.3132  107 O    0 0 0

  45 O    1     1.8340     3.4658  126 TI   0 0 0
  45 O    1     2.2885     4.3247  124 TI   0 0 1
  45 O    1     2.7585     5.2128   16 BA   0 0 1
  45 O    1     2.7620     5.2195   72 O    0 0 0
  45 O    1     2.7667     5.2284   99 O    0 0 0
  45 O    1     2.7860     5.2648   25 BA   0 0 1

  46 O    1     1.7679     3.3408  127 TI   0 0 0
  46 O    1     2.3311     4.4051  128 TI   0 0 0
  46 O    1     2.7527     5.2019   73 O    0 0 0
  46 O    1     2.7638     5.2228   82 O    1 0 0
  46 O    1     2.7869     5.2664  100 O    0 0 0
  46 O    1     2.8007     5.2925   23 BA   0 0 0

  47 O    1     1.7904     3.3833  128 TI   0 0 0
  47 O    1     2.2833     4.3148  129 TI   0 0 0
  47 O    1     2.7600     5.2157    6 BA   1 0 0
  47 O    1     2.7866     5.2659   83 O    1 0 0
  47 O    1     2.8041     5.2990    3 BA   1 0 0
  47 O    1     2.8058     5.3022   77 O    0 0 0

  48 O    1     1.8397     3.4766  129 TI   0 0 0
  48 O    1     2.2650     4.2803  127 TI   0 0 1
  48 O    1     2.8050     5.3006    1 BA   1 0 1
  48 O    1     2.8175     5.3244   19 BA   0 0 1
  48 O    1     2.8192     5.3275   84 O    1 0 0
  48 O    1     2.8239     5.3364    4 BA   1 0 1

  49 O    1     1.8047     3.4104  130 TI   0 0 0
  49 O    1     2.2765     4.3020  131 TI   0 0 0
  49 O    1     2.7454     5.1880    5 BA   1 0 0
  49 O    1     2.8173     5.3239   23 BA   0 0 0
  49 O    1     2.8293     5.3466   77 O    0 0 0
  49 O    1     2.8303     5.3486   76 O    0 0 0

  50 O    1     1.8249     3.4486  131 TI   0 0 0
  50 O    1     2.2108     4.1779  132 TI   0 0 0
  50 O    1     2.7800     5.2534    6 BA   1 0 0
  50 O    1     2.7935     5.2789   86 O    1 0 0
  50 O    1     2.8026     5.2962   80 O    0 0 0
  50 O    1     2.8191     5.3274   27 BA   0 0 0

  51 O    1     1.8457     3.4880  132 TI   0 0 0
  51 O    1     2.3137     4.3722  130 TI   0 0 1
  51 O    1     2.7448     5.1869   81 O    0 0 0
  51 O    1     2.7604     5.2164  105 O    0 0 0
  51 O    1     2.7759     5.2457    7 BA   1 0 1
  51 O    1     2.8060     5.3025   25 BA   0 0 1

  52 O    1     1.8196     3.4386  133 TI   0 0 0
  52 O    1     2.2828     4.3139  134 TI   0 0 0
  52 O    1     2.7465     5.1902   73 O    0 1 0
  52 O    1     2.7772     5.2482    2 BA   1 1 0
  52 O    1     2.7870     5.2667   88 O    1 0 0
  52 O    1     2.7934     5.2787   26 BA   0 0 0

  53 O    1     1.8219     3.4430  134 TI   0 0 0
  53 O    1     2.2134     4.1828  135 TI   0 0 0
  53 O    1     2.7700     5.2346    3 BA   1 1 0
  53 O    1     2.7752     5.2444    9 BA   1 0 0
  53 O    1     2.7765     5.2468   80 O    0 0 0
  53 O    1     2.7919     5.2760   74 O    0 1 0

  54 O    1     1.8798     3.5524  135 TI   0 0 0
  54 O    1     2.2609     4.2725  133 TI   0 0 1
  54 O    1     2.7527     5.2018    1 BA   1 1 1
  54 O    1     2.7642     5.2236   75 O    0 1 0
  54 O    1     2.7996     5.2904   90 O    1 0 0
  54 O    1     2.8245     5.3375   25 BA   0 0 1

  55 O    1     1.9317     3.6505  115 TI   0-1 0
  55 O    1     2.0414     3.8577  109 TI   0 0 0
  55 O    1     2.7407     5.1792   10 BA   0 0 0
  55 O    1     2.7519     5.2003   97 O    0-1 0
  55 O    1     2.7598     5.2153   34 O    0-1 0
  55 O    1     2.8094     5.3090    1 BA   0 0 0

  56 O    1     1.9640     3.7114  110 TI   0 0 0
  56 O    1     2.0237     3.8242  116 TI   0-1 0
  56 O    1     2.7312     5.1613   29 O    0 0 0
  56 O    1     2.7504     5.1975   35 O    0-1 0
  56 O    1     2.7508     5.1982   92 O    0 0 0
  56 O    1     2.7764     5.2467   83 O    0 0 0

  57 O    1     1.9636     3.7108  117 TI   0-1 0
  57 O    1     1.9878     3.7564  111 TI   0 0 0
  57 O    1     2.7324     5.1636   36 O    0-1 0
  57 O    1     2.7723     5.2389   84 O    0 0 0
  57 O    1     2.7889     5.2703   30 O    0 0 0
  57 O    1     2.7898     5.2720   90 O    0-1 0

  58 O    1     1.9629     3.7093  109 TI   0 0 0
  58 O    1     1.9858     3.7526  112 TI   0 0 0
  58 O    1     2.7653     5.2256    4 BA   0 0 0
  58 O    1     2.7849     5.2628   28 O    0 0 0
  58 O    1     2.7871     5.2668   13 BA   0 0 0
  58 O    1     2.7871     5.2668   85 O    0 0 0

  59 O    1     1.9950     3.7699  113 TI   0 0 0
  59 O    1     2.0155     3.8088  110 TI   0 0 0
  59 O    1     2.7717     5.2377    5 BA   0 0 0
  59 O    1     2.7723     5.2389   86 O    0 0 0
  59 O    1     2.7808     5.2550   14 BA   0 0 0
  59 O    1     2.7991     5.2895   83 O    0 0 0

  60 O    1     2.0186     3.8146  114 TI   0 0 0
  60 O    1     2.0224     3.8219  111 TI   0 0 0
  60 O    1     2.7773     5.2483    6 BA   0 0 0
  60 O    1     2.7902     5.2728   96 O    0 0 0
  60 O    1     2.7915     5.2752   30 O    0 0 0
  60 O    1     2.7943     5.2804   15 BA   0 0 0

  61 O    1     2.0017     3.7826  112 TI   0 0 0
  61 O    1     2.0199     3.8170  115 TI   0 0 0
  61 O    1     2.7525     5.2015    7 BA   0 0 0
  61 O    1     2.7553     5.2068   85 O    0 0 0
  61 O    1     2.7573     5.2106   16 BA   0 0 0
  61 O    1     2.7857     5.2643   97 O    0 0 0

  62 O    1     1.9524     3.6895  116 TI   0 0 0
  62 O    1     2.0033     3.7857  113 TI   0 0 0
  62 O    1     2.7253     5.1500    8 BA   0 0 0
  62 O    1     2.7436     5.1846   89 O    0 0 0
  62 O    1     2.7462     5.1895   17 BA   0 0 0
  62 O    1     2.7768     5.2474   98 O    0 0 0

  63 O    1     1.9322     3.6514  114 TI   0 0 0
  63 O    1     2.0235     3.8239  117 TI   0 0 0
  63 O    1     2.7654     5.2258   87 O    0 0 0
  63 O    1     2.7758     5.2456   33 O    0 0 0
  63 O    1     2.7815     5.2563   18 BA   0 0 0
  63 O    1     2.7831     5.2593    9 BA   0 0 0

  64 O    1     1.9911     3.7626  124 TI   0-1 0
  64 O    1     1.9919     3.7642  118 TI   0 0 0
  64 O    1     2.7465     5.1901  106 O    0-1 0
  64 O    1     2.7492     5.1952   43 O    0-1 0
  64 O    1     2.7846     5.2621   19 BA   0 0 0
  64 O    1     2.7931     5.2781  100 O    0 0 0

  65 O    1     1.9761     3.7342  125 TI   0-1 0
  65 O    1     1.9990     3.7776  119 TI   0 0 0
  65 O    1     2.7362     5.1708   20 BA   0 0 0
  65 O    1     2.7727     5.2396  101 O    0 0 0
  65 O    1     2.8046     5.2999   11 BA   0 0 0
  65 O    1     2.8077     5.3058   44 O    0-1 0

  66 O    1     1.9528     3.6903  126 TI   0-1 0
  66 O    1     1.9993     3.7781  120 TI   0 0 0
  66 O    1     2.7831     5.2593   12 BA   0 0 0
  66 O    1     2.7852     5.2633   21 BA   0 0 0
  66 O    1     2.7944     5.2806   45 O    0-1 0
  66 O    1     2.7983     5.2880   93 O    0 0 0

  67 O    1     1.9635     3.7104  118 TI   0 0 0
  67 O    1     2.0435     3.8617  121 TI   0 0 0
  67 O    1     2.7365     5.1712   37 O    0 0 0
  67 O    1     2.7584     5.2126  100 O    0 0 0
  67 O    1     2.7639     5.2230   91 O    0 0 0
  67 O    1     2.7755     5.2449   22 BA   0 0 0

  68 O    1     1.9564     3.6970  119 TI   0 0 0
  68 O    1     1.9916     3.7636  122 TI   0 0 0
  68 O    1     2.7536     5.2035   23 BA   0 0 0
  68 O    1     2.7661     5.2271  104 O    0 0 0
  68 O    1     2.7773     5.2484  101 O    0 0 0
  68 O    1     2.7808     5.2549   38 O    0 0 0

  69 O    1     2.0068     3.7924  120 TI   0 0 0
  69 O    1     2.0161     3.8098  123 TI   0 0 0
  69 O    1     2.7347     5.1679   15 BA   0 0 0
  69 O    1     2.7655     5.2260   96 O    0 0 0
  69 O    1     2.7810     5.2554   24 BA   0 0 0
  69 O    1     2.7930     5.2780   42 O    0 0 0

  70 O    1     1.9390     3.6642  124 TI   0 0 0
  70 O    1     2.0112     3.8007  121 TI   0 0 0
  70 O    1     2.7474     5.1918   25 BA   0 0 0
  70 O    1     2.7548     5.2059   16 BA   0 0 0
  70 O    1     2.7859     5.2646  106 O    0 0 0
  70 O    1     2.7890     5.2705   43 O    0 0 0

  71 O    1     1.9969     3.7736  125 TI   0 0 0
  71 O    1     2.0452     3.8649  122 TI   0 0 0
  71 O    1     2.7484     5.1938  107 O    0 0 0
  71 O    1     2.7901     5.2725   26 BA   0 0 0
  71 O    1     2.8003     5.2918   17 BA   0 0 0
  71 O    1     2.8083     5.3070   98 O    0 0 0

  72 O    1     1.9682     3.7193  123 TI   0 0 0
  72 O    1     2.0024     3.7840  126 TI   0 0 0
  72 O    1     2.7429     5.1833  108 O    0 0 0
  72 O    1     2.7523     5.2011   27 BA   0 0 0
  72 O    1     2.7620     5.2195   45 O    0 0 0
  72 O    1     2.7831     5.2593  105 O    0 0 0

  73 O    1     1.9752     3.7326  127 TI   0 0 0
  73 O    1     1.9910     3.7625  133 TI   0-1 0
  73 O    1     2.7465     5.1902   52 O    0-1 0
  73 O    1     2.7527     5.2019   46 O    0 0 0
  73 O    1     2.7690     5.2327   88 O    1-1 0
  73 O    1     2.7818     5.2569  106 O    0-1 0

  74 O    1     1.9385     3.6632  134 TI   0-1 0
  74 O    1     2.0458     3.8660  128 TI   0 0 0
  74 O    1     2.7918     5.2758    2 BA   1 0 0
  74 O    1     2.7919     5.2760   53 O    0-1 0
  74 O    1     2.8102     5.3105   89 O    1-1 0
  74 O    1     2.8113     5.3126  107 O    0-1 0

  75 O    1     1.9572     3.6986  135 TI   0-1 0
  75 O    1     2.0604     3.8937  129 TI   0 0 0
  75 O    1     2.7642     5.2236   54 O    0-1 0
  75 O    1     2.7808     5.2549    3 BA   1 0 0
  75 O    1     2.7935     5.2789  102 O    0 0 0
  75 O    1     2.8041     5.2989   21 BA   0 0 0

  76 O    1     1.9944     3.7688  130 TI   0 0 0
  76 O    1     2.0356     3.8467  127 TI   0 0 0
  76 O    1     2.7359     5.1700   22 BA   0 0 0
  76 O    1     2.8002     5.2916    4 BA   1 0 0
  76 O    1     2.8108     5.3116  103 O    0 0 0
  76 O    1     2.8158     5.3211   82 O    1 0 0

  77 O    1     1.9724     3.7273  131 TI   0 0 0
  77 O    1     2.0030     3.7851  128 TI   0 0 0
  77 O    1     2.7395     5.1769    5 BA   1 0 0
  77 O    1     2.7572     5.2104   86 O    1 0 0
  77 O    1     2.7692     5.2330   23 BA   0 0 0
  77 O    1     2.8058     5.3022   47 O    0 0 0

  78 O    1     1.9634     3.7103  129 TI   0 0 0
  78 O    1     1.9917     3.7638  132 TI   0 0 0
  78 O    1     2.7680     5.2308  105 O    0 0 0
  78 O    1     2.7828     5.2588    6 BA   1 0 0
  78 O    1     2.7979     5.2873   24 BA   0 0 0
  78 O    1     2.8177     5.3246  102 O    0 0 0

  79 O    1     1.9797     3.7411  133 TI   0 0 0
  79 O    1     1.9887     3.7580  130 TI   0 0 0
  79 O    1     2.7593     5.2143   88 O    1 0 0
  79 O    1     2.7706     5.2357   85 O    1 0 0
  79 O    1     2.7789     5.2514    7 BA   1 0 0
  79 O    1     2.8025     5.2959   25 BA   0 0 0

  80 O    1     1.9979     3.7755  134 TI   0 0 0
  80 O    1     1.9994     3.7782  131 TI   0 0 0
  80 O    1     2.7700     5.2346  107 O    0 0 0
  80 O    1     2.7765     5.2468   53 O    0 0 0
  80 O    1     2.7881     5.2687   89 O    1 0 0
  80 O    1     2.7988     5.2890   26 BA   0 0 0

  81 O    1     1.9465     3.6784  132 TI   0 0 0
  81 O    1     2.0159     3.8096  135 TI   0 0 0
  81 O    1     2.7448     5.1869   51 O    0 0 0
  81 O    1     2.7519     5.2002  105 O    0 0 0
  81 O    1     2.8021     5.2952  108 O    0 0 0
  81 O    1     2.8045     5.2998    9 BA   1 0 0

  82 O    1     1.9765     3.7351  127 TI  -1 0 0
  82 O    1     2.0250     3.8266  109 TI   0 0 0
  82 O    1     2.7638     5.2228   46 O   -1 0 0
  82 O    1     2.7897     5.2718   73 O   -1 0 0
  82 O    1     2.7968     5.2851    1 BA   0 0 0
  82 O    1     2.8150     5.3196   58 O    0 0 0

  83 O    1     2.0080     3.7946  110 TI   0 0 0
  83 O    1     2.0396     3.8543  128 TI  -1 0 0
  83 O    1     2.7700     5.2346   29 O    0 0 0
  83 O    1     2.7764     5.2467   56 O    0 0 0
  83 O    1     2.7866     5.2659   47 O   -1 0 0
  83 O    1     2.7950     5.2818    2 BA   0 0 0

  84 O    1     1.9327     3.6523  111 TI   0 0 0
  84 O    1     2.0270     3.8306  129 TI  -1 0 0
  84 O    1     2.7499     5.1965   30 O    0 0 0
  84 O    1     2.7723     5.2389   57 O    0 0 0
  84 O    1     2.7779     5.2494    3 BA   0 0 0
  84 O    1     2.7980     5.2875   60 O    0 0 0

  85 O    1     1.9315     3.6500  112 TI   0 0 0
  85 O    1     2.0306     3.8373  130 TI  -1 0 0
  85 O    1     2.7500     5.1967    7 BA   0 0 0
  85 O    1     2.7553     5.2068   61 O    0 0 0
  85 O    1     2.7706     5.2357   79 O   -1 0 0
  85 O    1     2.7871     5.2668   58 O    0 0 0

  86 O    1     1.9515     3.6878  131 TI  -1 0 0
  86 O    1     2.0263     3.8292  113 TI   0 0 0
  86 O    1     2.7572     5.2104   77 O   -1 0 0
  86 O    1     2.7723     5.2389   59 O    0 0 0
  86 O    1     2.7833     5.2597    5 BA   0 0 0
  86 O    1     2.7935     5.2789   50 O   -1 0 0

  87 O    1     1.9523     3.6893  114 TI   0 0 0
  87 O    1     1.9941     3.7683  132 TI  -1 0 0
  87 O    1     2.7654     5.2258   63 O    0 0 0
  87 O    1     2.7917     5.2755    6 BA   0 0 0
  87 O    1     2.7953     5.2824    9 BA   0 0 0
  87 O    1     2.7977     5.2869   60 O    0 0 0

  88 O    1     1.9837     3.7486  133 TI  -1 0 0
  88 O    1     2.0476     3.8694  115 TI   0 0 0
  88 O    1     2.7593     5.2143   79 O   -1 0 0
  88 O    1     2.7690     5.2327   73 O   -1 1 0
  88 O    1     2.7694     5.2334    1 BA   0 1 0
  88 O    1     2.7870     5.2667   52 O   -1 0 0

  89 O    1     1.9682     3.7194  116 TI   0 0 0
  89 O    1     2.0373     3.8499  134 TI  -1 0 0
  89 O    1     2.7436     5.1846   62 O    0 0 0
  89 O    1     2.7504     5.1975    8 BA   0 0 0
  89 O    1     2.7747     5.2434   35 O    0 0 0
  89 O    1     2.7881     5.2687   80 O   -1 0 0

  90 O    1     1.9515     3.6877  117 TI   0 0 0
  90 O    1     1.9769     3.7358  135 TI  -1 0 0
  90 O    1     2.7497     5.1962    9 BA   0 0 0
  90 O    1     2.7678     5.2303   36 O    0 0 0
  90 O    1     2.7898     5.2720   57 O    0 1 0
  90 O    1     2.7996     5.2904   54 O   -1 0 0

  91 O    1     1.9580     3.7002  109 TI   0 0 0
  91 O    1     2.0223     3.8216  118 TI   0 0 0
  91 O    1     2.7581     5.2121   13 BA   0 0 0
  91 O    1     2.7639     5.2230   67 O    0 0 0
  91 O    1     2.7675     5.2297   28 O    0 0 0
  91 O    1     2.7914     5.2750   58 O    0 0 0

  92 O    1     1.9258     3.6392  110 TI   0 0 0
  92 O    1     1.9853     3.7517  119 TI   0 0 0
  92 O    1     2.7438     5.1850   29 O    0 0 0
  92 O    1     2.7508     5.1982   56 O    0 0 0
  92 O    1     2.7730     5.2401   11 BA   0 0 0
  92 O    1     2.8039     5.2986   38 O    0 0 0

  93 O    1     1.9827     3.7468  120 TI   0 0 0
  93 O    1     2.0059     3.7907  111 TI   0 0 0
  93 O    1     2.7344     5.1672   12 BA   0 0 0
  93 O    1     2.7813     5.2560   30 O    0 0 0
  93 O    1     2.7834     5.2598   15 BA   0 0 0
  93 O    1     2.7983     5.2880   66 O    0 0 0

  94 O    1     1.9582     3.7005  121 TI   0 0 0
  94 O    1     2.0159     3.8095  112 TI   0 0 0
  94 O    1     2.7584     5.2127   40 O    0 0 0
  94 O    1     2.7795     5.2526   31 O    0 0 0
  94 O    1     2.7940     5.2798   16 BA   0 0 0
  94 O    1     2.8000     5.2913   61 O    0 0 0

  95 O    1     1.9417     3.6693  122 TI   0 0 0
  95 O    1     1.9745     3.7313  113 TI   0 0 0
  95 O    1     2.7651     5.2253   14 BA   0 0 0
  95 O    1     2.7995     5.2902   41 O    0 0 0
  95 O    1     2.8064     5.3033   17 BA   0 0 0
  95 O    1     2.8170     5.3233   32 O    0 0 0

  96 O    1     1.9688     3.7205  123 TI   0 0 0
  96 O    1     1.9952     3.7703  114 TI   0 0 0
  96 O    1     2.7655     5.2260   69 O    0 0 0
  96 O    1     2.7887     5.2700   33 O    0 0 0
  96 O    1     2.7892     5.2708   42 O    0 0 0
  96 O    1     2.7902     5.2728   60 O    0 0 0

  97 O    1     1.9341     3.6549  115 TI   0 0 0
  97 O    1     1.9924     3.7650  124 TI   0 0 0
  97 O    1     2.7490     5.1949   16 BA   0 0 0
  97 O    1     2.7519     5.2003   55 O    0 1 0
  97 O    1     2.7699     5.2343   34 O    0 0 0
  97 O    1     2.7857     5.2643   61 O    0 0 0

  98 O    1     1.9775     3.7369  116 TI   0 0 0
  98 O    1     1.9952     3.7704  125 TI   0 0 0
  98 O    1     2.7451     5.1875   35 O    0 0 0
  98 O    1     2.7768     5.2474   62 O    0 0 0
  98 O    1     2.7920     5.2760   56 O    0 1 0
  98 O    1     2.7957     5.2831   44 O    0 0 0

  99 O    1     1.9955     3.7710  126 TI   0 0 0
  99 O    1     2.0180     3.8136  117 TI   0 0 0
  99 O    1     2.7492     5.1952   36 O    0 0 0
  99 O    1     2.7649     5.2248   18 BA   0 0 0
  99 O    1     2.7667     5.2284   45 O    0 0 0
  99 O    1     2.7874     5.2674   63 O    0 0 0

 100 O    1     1.9443     3.6743  118 TI   0 0 0
 100 O    1     2.0130     3.8041  127 TI   0 0 0
 100 O    1     2.7404     5.1786   37 O    0 0 0
 100 O    1     2.7584     5.2126   67 O    0 0 0
 100 O    1     2.7596     5.2150   22 BA   0 0 0
 100 O    1     2.7869     5.2664   46 O    0 0 0

 101 O    1     1.9688     3.7204  128 TI   0 0 0
 101 O    1     2.0271     3.8306  119 TI   0 0 0
 101 O    1     2.7336     5.1657   23 BA   0 0 0
 101 O    1     2.7682     5.2312   20 BA   0 0 0
 101 O    1     2.7727     5.2396   65 O    0 0 0
 101 O    1     2.7773     5.2484   68 O    0 0 0

 102 O    1     1.9958     3.7715  129 TI   0 0 0
 102 O    1     2.0190     3.8153  120 TI   0 0 0
 102 O    1     2.7252     5.1499   21 BA   0 0 0
 102 O    1     2.7935     5.2789   75 O    0 0 0
 102 O    1     2.8022     5.2954   24 BA   0 0 0
 102 O    1     2.8171     5.3236   66 O    0 0 0

 103 O    1     1.9875     3.7559  130 TI   0 0 0
 103 O    1     2.0326     3.8410  121 TI   0 0 0
 103 O    1     2.7512     5.1990   25 BA   0 0 0
 103 O    1     2.7575     5.2110   22 BA   0 0 0
 103 O    1     2.8108     5.3116   76 O    0 0 0
 103 O    1     2.8155     5.3206   79 O    0 0 0

 104 O    1     1.9948     3.7696  122 TI   0 0 0
 104 O    1     2.0462     3.8667  131 TI   0 0 0
 104 O    1     2.7661     5.2271   68 O    0 0 0
 104 O    1     2.7853     5.2635   41 O    0 0 0
 104 O    1     2.8024     5.2958   23 BA   0 0 0
 104 O    1     2.8090     5.3083   77 O    0 0 0

 105 O    1     1.9965     3.7729  132 TI   0 0 0
 105 O    1     2.0178     3.8131  123 TI   0 0 0
 105 O    1     2.7519     5.2002   81 O    0 0 0
 105 O    1     2.7558     5.2077   42 O    0 0 0
 105 O    1     2.7604     5.2164   51 O    0 0 0
 105 O    1     2.7680     5.2308   78 O    0 0 0

 106 O    1     1.9852     3.7515  133 TI   0 0 0
 106 O    1     2.0053     3.7895  124 TI   0 0 0
 106 O    1     2.7465     5.1901   64 O    0 1 0
 106 O    1     2.7574     5.2108   25 BA   0 0 0
 106 O    1     2.7640     5.2233   43 O    0 0 0
 106 O    1     2.7818     5.2569   73 O    0 1 0

 107 O    1     1.9606     3.7050  134 TI   0 0 0
 107 O    1     2.0150     3.8078  125 TI   0 0 0
 107 O    1     2.7446     5.1866   26 BA   0 0 0
 107 O    1     2.7484     5.1938   71 O    0 0 0
 107 O    1     2.7700     5.2346   80 O    0 0 0
 107 O    1     2.8113     5.3126   74 O    0 1 0

 108 O    1     1.9723     3.7271  126 TI   0 0 0
 108 O    1     2.0222     3.8214  135 TI   0 0 0
 108 O    1     2.7429     5.1833   72 O    0 0 0
 108 O    1     2.7769     5.2477   27 BA   0 0 0
 108 O    1     2.7985     5.2885   45 O    0 0 0
 108 O    1     2.8021     5.2952   81 O    0 0 0

 109 TI   1     1.8583     3.5118   28 O    0 0 0
 109 TI   1     1.9580     3.7002   91 O    0 0 0
 109 TI   1     1.9629     3.7093   58 O    0 0 0
 109 TI   1     2.0250     3.8266   82 O    0 0 0
 109 TI   1     2.0414     3.8577   55 O    0 0 0
 109 TI   1     2.2833     4.3149   30 O    0 0-1

 110 TI   1     1.8050     3.4110   29 O    0 0 0
 110 TI   1     1.9258     3.6392   92 O    0 0 0
 110 TI   1     1.9640     3.7114   56 O    0 0 0
 110 TI   1     2.0080     3.7946   83 O    0 0 0
 110 TI   1     2.0155     3.8088   59 O    0 0 0
 110 TI   1     2.2584     4.2678   28 O    0 0 0

 111 TI   1     1.7691     3.3431   30 O    0 0 0
 111 TI   1     1.9327     3.6523   84 O    0 0 0
 111 TI   1     1.9878     3.7564   57 O    0 0 0
 111 TI   1     2.0059     3.7907   93 O    0 0 0
 111 TI   1     2.0224     3.8219   60 O    0 0 0
 111 TI   1     2.3023     4.3508   29 O    0 0 0

 112 TI   1     1.8571     3.5094   31 O    0 0 0
 112 TI   1     1.9315     3.6500   85 O    0 0 0
 112 TI   1     1.9858     3.7526   58 O    0 0 0
 112 TI   1     2.0017     3.7826   61 O    0 0 0
 112 TI   1     2.0159     3.8095   94 O    0 0 0
 112 TI   1     2.2283     4.2109   33 O    0 0-1

 113 TI   1     1.8728     3.5392   32 O    0 0 0
 113 TI   1     1.9745     3.7313   95 O    0 0 0
 113 TI   1     1.9950     3.7699   59 O    0 0 0
 113 TI   1     2.0033     3.7857   62 O    0 0 0
 113 TI   1     2.0263     3.8292   86 O    0 0 0
 113 TI   1     2.2315     4.2168   31 O    0 0 0

 114 TI   1     1.8768     3.5467   33 O    0 0 0
 114 TI   1     1.9322     3.6514   63 O    0 0 0
 114 TI   1     1.9523     3.6893   87 O    0 0 0
 114 TI   1     1.9952     3.7703   96 O    0 0 0
 114 TI   1     2.0186     3.8146   60 O    0 0 0
 114 TI   1     2.2106     4.1774   32 O    0 0 0

 115 TI   1     1.8345     3.4667   34 O    0 0 0
 115 TI   1     1.9317     3.6505   55 O    0 1 0
 115 TI   1     1.9341     3.6549   97 O    0 0 0
 115 TI   1     2.0199     3.8170   61 O    0 0 0
 115 TI   1     2.0476     3.8694   88 O    0 0 0
 115 TI   1     2.2879     4.3235   36 O    0 0-1

 116 TI   1     1.7651     3.3356   35 O    0 0 0
 116 TI   1     1.9524     3.6895   62 O    0 0 0
 116 TI   1     1.9682     3.7194   89 O    0 0 0
 116 TI   1     1.9775     3.7369   98 O    0 0 0
 116 TI   1     2.0237     3.8242   56 O    0 1 0
 116 TI   1     2.3147     4.3742   34 O    0 0 0

 117 TI   1     1.7676     3.3402   36 O    0 0 0
 117 TI   1     1.9515     3.6877   90 O    0 0 0
 117 TI   1     1.9636     3.7108   57 O    0 1 0
 117 TI   1     2.0180     3.8136   99 O    0 0 0
 117 TI   1     2.0235     3.8239   63 O    0 0 0
 117 TI   1     2.3085     4.3624   35 O    0 0 0

 118 TI   1     1.8398     3.4767   37 O    0 0 0
 118 TI   1     1.9443     3.6743  100 O    0 0 0
 118 TI   1     1.9635     3.7104   67 O    0 0 0
 118 TI   1     1.9919     3.7642   64 O    0 0 0
 118 TI   1     2.0223     3.8216   91 O    0 0 0
 118 TI   1     2.2053     4.1673   39 O    0 0-1

 119 TI   1     1.8099     3.4202   38 O    0 0 0
 119 TI   1     1.9564     3.6970   68 O    0 0 0
 119 TI   1     1.9853     3.7517   92 O    0 0 0
 119 TI   1     1.9990     3.7776   65 O    0 0 0
 119 TI   1     2.0271     3.8306  101 O    0 0 0
 119 TI   1     2.3057     4.3572   37 O    0 0 0

 120 TI   1     1.8277     3.4539   39 O    0 0 0
 120 TI   1     1.9827     3.7468   93 O    0 0 0
 120 TI   1     1.9993     3.7781   66 O    0 0 0
 120 TI   1     2.0068     3.7924   69 O    0 0 0
 120 TI   1     2.0190     3.8153  102 O    0 0 0
 120 TI   1     2.2891     4.3258   38 O    0 0 0

 121 TI   1     1.8088     3.4180   40 O    0 0 0
 121 TI   1     1.9582     3.7005   94 O    0 0 0
 121 TI   1     2.0112     3.8007   70 O    0 0 0
 121 TI   1     2.0326     3.8410  103 O    0 0 0
 121 TI   1     2.0435     3.8617   67 O    0 0 0
 121 TI   1     2.2915     4.3303   42 O    0 0-1

 122 TI   1     1.8599     3.5146   41 O    0 0 0
 122 TI   1     1.9417     3.6693   95 O    0 0 0
 122 TI   1     1.9916     3.7636   68 O    0 0 0
 122 TI   1     1.9948     3.7696  104 O    0 0 0
 122 TI   1     2.0452     3.8649   71 O    0 0 0
 122 TI   1     2.2734     4.2962   40 O    0 0 0

 123 TI   1     1.8325     3.4630   42 O    0 0 0
 123 TI   1     1.9682     3.7193   72 O    0 0 0
 123 TI   1     1.9688     3.7205   96 O    0 0 0
 123 TI   1     2.0161     3.8098   69 O    0 0 0
 123 TI   1     2.0178     3.8131  105 O    0 0 0
 123 TI   1     2.2126     4.1812   41 O    0 0 0

 124 TI   1     1.8101     3.4206   43 O    0 0 0
 124 TI   1     1.9390     3.6642   70 O    0 0 0
 124 TI   1     1.9911     3.7626   64 O    0 1 0
 124 TI   1     1.9924     3.7650   97 O    0 0 0
 124 TI   1     2.0053     3.7895  106 O    0 0 0
 124 TI   1     2.2885     4.3247   45 O    0 0-1

 125 TI   1     1.8108     3.4219   44 O    0 0 0
 125 TI   1     1.9761     3.7342   65 O    0 1 0
 125 TI   1     1.9952     3.7704   98 O    0 0 0
 125 TI   1     1.9969     3.7736   71 O    0 0 0
 125 TI   1     2.0150     3.8078  107 O    0 0 0
 125 TI   1     2.2982     4.3429   43 O    0 0 0

 126 TI   1     1.8340     3.4658   45 O    0 0 0
 126 TI   1     1.9528     3.6903   66 O    0 1 0
 126 TI   1     1.9723     3.7271  108 O    0 0 0
 126 TI   1     1.9955     3.7710   99 O    0 0 0
 126 TI   1     2.0024     3.7840   72 O    0 0 0
 126 TI   1     2.2364     4.2262   44 O    0 0 0

 127 TI   1     1.7679     3.3408   46 O    0 0 0
 127 TI   1     1.9752     3.7326   73 O    0 0 0
 127 TI   1     1.9765     3.7351   82 O    1 0 0
 127 TI   1     2.0130     3.8041  100 O    0 0 0
 127 TI   1     2.0356     3.8467   76 O    0 0 0
 127 TI   1     2.2650     4.2803   48 O    0 0-1

 128 TI   1     1.7904     3.3833   47 O    0 0 0
 128 TI   1     1.9688     3.7204  101 O    0 0 0
 128 TI   1     2.0030     3.7851   77 O    0 0 0
 128 TI   1     2.0396     3.8543   83 O    1 0 0
 128 TI   1     2.0458     3.8660   74 O    0 0 0
 128 TI   1     2.3311     4.4051   46 O    0 0 0

 129 TI   1     1.8397     3.4766   48 O    0 0 0
 129 TI   1     1.9634     3.7103   78 O    0 0 0
 129 TI   1     1.9958     3.7715  102 O    0 0 0
 129 TI   1     2.0270     3.8306   84 O    1 0 0
 129 TI   1     2.0604     3.8937   75 O    0 0 0
 129 TI   1     2.2833     4.3148   47 O    0 0 0

 130 TI   1     1.8047     3.4104   49 O    0 0 0
 130 TI   1     1.9875     3.7559  103 O    0 0 0
 130 TI   1     1.9887     3.7580   79 O    0 0 0
 130 TI   1     1.9944     3.7688   76 O    0 0 0
 130 TI   1     2.0306     3.8373   85 O    1 0 0
 130 TI   1     2.3137     4.3722   51 O    0 0-1

 131 TI   1     1.8249     3.4486   50 O    0 0 0
 131 TI   1     1.9515     3.6878   86 O    1 0 0
 131 TI   1     1.9724     3.7273   77 O    0 0 0
 131 TI   1     1.9994     3.7782   80 O    0 0 0
 131 TI   1     2.0462     3.8667  104 O    0 0 0
 131 TI   1     2.2765     4.3020   49 O    0 0 0

 132 TI   1     1.8457     3.4880   51 O    0 0 0
 132 TI   1     1.9465     3.6784   81 O    0 0 0
 132 TI   1     1.9917     3.7638   78 O    0 0 0
 132 TI   1     1.9941     3.7683   87 O    1 0 0
 132 TI   1     1.9965     3.7729  105 O    0 0 0
 132 TI   1     2.2108     4.1779   50 O    0 0 0

 133 TI   1     1.8196     3.4386   52 O    0 0 0
 133 TI   1     1.9797     3.7411   79 O    0 0 0
 133 TI   1     1.9837     3.7486   88 O    1 0 0
 133 TI   1     1.9852     3.7515  106 O    0 0 0
 133 TI   1     1.9910     3.7625   73 O    0 1 0
 133 TI   1     2.2609     4.2725   54 O    0 0-1

 134 TI   1     1.8219     3.4430   53 O    0 0 0
 134 TI   1     1.9385     3.6632   74 O    0 1 0
 134 TI   1     1.9606     3.7050  107 O    0 0 0
 134 TI   1     1.9979     3.7755   80 O    0 0 0
 134 TI   1     2.0373     3.8499   89 O    1 0 0
 134 TI   1     2.2828     4.3139   52 O    0 0 0

 135 TI   1     1.8798     3.5524   54 O    0 0 0
 135 TI   1     1.9572     3.6986   75 O    0 1 0
 135 TI   1     1.9769     3.7358   90 O    1 0 0
 135 TI   1     2.0159     3.8096   81 O    0 0 0
 135 TI   1     2.0222     3.8214  108 O    0 0 0
 135 TI   1     2.2134     4.1828   53 O    0 0 0


 SYMMETRY ALLOWED INTERNAL DEGREE(S) OF FREEDOM: 402
 TTTTTTTTTTTTTTTTTTTTTTTTTTTTTT SYMM        TELAPSE        4.47 TCPU        4.00
 TTTTTTTTTTTTTTTTTTTTTTTTTTTTTT INT_SCREEN  TELAPSE        4.60 TCPU        4.13

 DFT PARAMETERS

     ATOM       ELECTRONS   NET CHARGE   R(ANGSTROM)
   1 256  BA     10.0000      0.0000     2.24000000
  28   8  O       8.0000      0.0000     0.74000000
 109  22  TI     22.0000      0.0000     1.47000000

 SIZE OF GRID=    2838051
 TTTTTTTTTTTTTTTTTTTTTTTTTTTTTT MAKE_GRID2  TELAPSE       45.08 TCPU       44.62
 BECKE WEIGHT FUNCTION
 RADSAFE =     2.00
 TOLERANCES - DENSITY:10**- 6; POTENTIAL:10**- 9; GRID WGT:10**-14

 RADIAL INTEGRATION  - INTERVALS (POINTS,UPPER LIMIT):            1( 75,  4.0*R)

 ANGULAR INTEGRATION - INTERVALS (ACCURACY LEVEL [N. POINTS] UPPER LIMIT):
  1(  4[  86]   0.2)  2(  8[ 194]   0.5)  3( 12[ 350]   0.9)  4( 16[ 974]   3.5)
  5( 12[ 350]9999.0)
 TTTTTTTTTTTTTTTTTTTTTTTTTTTTTT INT_CALC    TELAPSE       45.21 TCPU       44.74
 EEEEEEEEEE INT_CALC TERMINATION  DATE 25 03 2026 TIME 17:03:54.0

 *******************************************************************************
 converted and standardized from ase Atoms() object for Ba27Ti27O81 in space grou
 CRYSTAL - SCF - TYPE OF CALCULATION :  RESTRICTED CLOSED SHELL
 *******************************************************************************

 CAPPA:IS1  2;IS2  2;IS3  2; K PTS MONK NET   8; SYMMOPS:K SPACE   2;G SPACE   1

 TTTTTTTTTTTTTTTTTTTTTTTTTTTTTT SDIK        TELAPSE       47.79 TCPU       47.31

 AAAAAAAAAAAAAAAAAAAAAAAAAAAAAAAAAAAAAAAAAAAAAAAAAAAAAAAAAAAAAAAAAAAAAAAAAAAAAAA
         ATOMIC WAVEFUNCTION(S)


 NUCLEAR CHARGE 10.0  SYMMETRY SPECIES            S    P
 N. ELECTRONS   10.0  NUMBER OF PRIMITIVE GTOS    5    5
                      NUMBER OF CONTRACTED GTOS   3    2
                      NUMBER OF CLOSED SHELLS     2    1
                      OPEN SHELL OCCUPATION       0    0

  ZNUC  SCFIT    TOTAL HF ENERGY   KINETIC ENERGY   VIRIAL THEOREM             ACCURACY
  10.0     4    -2.474305552E+01  8.075374960E+00 -4.064013205E+00  1.0E-06

 NUCLEAR CHARGE  8.0  SYMMETRY SPECIES            S    P
 N. ELECTRONS    8.0  NUMBER OF PRIMITIVE GTOS   10    6
                      NUMBER OF CONTRACTED GTOS   4    3
                      NUMBER OF CLOSED SHELLS     2    0
                      OPEN SHELL OCCUPATION       0    4

  ZNUC  SCFIT    TOTAL HF ENERGY   KINETIC ENERGY   VIRIAL THEOREM             ACCURACY
   8.0    13    -7.480154908E+01  7.478929754E+01 -2.000163814E+00  2.2E-06

 NUCLEAR CHARGE 22.0  SYMMETRY SPECIES            S    P    D
 N. ELECTRONS   22.0  NUMBER OF PRIMITIVE GTOS   17   11    6
                      NUMBER OF CONTRACTED GTOS   6    4    3
                      NUMBER OF CLOSED SHELLS     4    2    0
                      OPEN SHELL OCCUPATION       0    0    2

  ZNUC  SCFIT    TOTAL HF ENERGY   KINETIC ENERGY   VIRIAL THEOREM             ACCURACY
  22.0    51    -8.483283897E+02  8.486954851E+02 -1.999567459E+00  4.0E-06

 AAAAAAAAAAAAAAAAAAAAAAAAAAAAAAAAAAAAAAAAAAAAAAAAAAAAAAAAAAAAAAAAAAAAAAAAAAAAAAA

 CHARGE NORMALIZATION FACTOR   1.00000000
 TOTAL ATOMIC CHARGES:
  10.0000000  10.0000000  10.0000000  10.0000000  10.0000000  10.0000000
  10.0000000  10.0000000  10.0000000  10.0000000  10.0000000  10.0000000
  10.0000000  10.0000000  10.0000000  10.0000000  10.0000000  10.0000000
  10.0000000  10.0000000  10.0000000  10.0000000  10.0000000  10.0000000
  10.0000000  10.0000000  10.0000000   8.0000000   8.0000000   8.0000000
   8.0000000   8.0000000   8.0000000   8.0000000   8.0000000   8.0000000
   8.0000000   8.0000000   8.0000000   8.0000000   8.0000000   8.0000000
   8.0000000   8.0000000   8.0000000   8.0000000   8.0000000   8.0000000
   8.0000000   8.0000000   8.0000000   8.0000000   8.0000000   8.0000000
   8.0000000   8.0000000   8.0000000   8.0000000   8.0000000   8.0000000
   8.0000000   8.0000000   8.0000000   8.0000000   8.0000000   8.0000000
   8.0000000   8.0000000   8.0000000   8.0000000   8.0000000   8.0000000
   8.0000000   8.0000000   8.0000000   8.0000000   8.0000000   8.0000000
   8.0000000   8.0000000   8.0000000   8.0000000   8.0000000   8.0000000
   8.0000000   8.0000000   8.0000000   8.0000000   8.0000000   8.0000000
   8.0000000   8.0000000   8.0000000   8.0000000   8.0000000   8.0000000
   8.0000000   8.0000000   8.0000000   8.0000000   8.0000000   8.0000000
   8.0000000   8.0000000   8.0000000   8.0000000   8.0000000   8.0000000
  22.0000000  22.0000000  22.0000000  22.0000000  22.0000000  22.0000000
  22.0000000  22.0000000  22.0000000  22.0000000  22.0000000  22.0000000
  22.0000000  22.0000000  22.0000000  22.0000000  22.0000000  22.0000000
  22.0000000  22.0000000  22.0000000  22.0000000  22.0000000  22.0000000
  22.0000000  22.0000000  22.0000000
 TTTTTTTTTTTTTTTTTTTTTTTTTTTTTT MOQGAD      TELAPSE       47.89 TCPU       47.41
 TTTTTTTTTTTTTTTTTTTTTTTTTTTTTT SHELLXN     TELAPSE      405.63 TCPU      405.13
 TTTTTTTTTTTTTTTTTTTTTTTTTTTTTT MONMO3      TELAPSE      418.02 TCPU      417.51
 NUMERICALLY INTEGRATED DENSITY   1511.9955804411
 TTTTTTTTTTTTTTTTTTTTTTTTTTTTTT NUMDFT      TELAPSE      435.57 TCPU      435.06
 CYC   0 ETOT(AU) -2.971192371749E+04 DETOT -2.97E+04 tst  0.00E+00 PX  1.00E+00
 TTTTTTTTTTTTTTTTTTTTTTTTTTTTTT DIIS        TELAPSE      435.90 TCPU      435.39
 TTTTTTTTTTTTTTTTTTTTTTTTTTTTTT FDIK        TELAPSE      452.03 TCPU      451.47
 INSULATING STATE
 TOP OF VALENCE BANDS -    BAND    756; K    8; EIG -3.4797357E-01 AU
 TOP OF VALENCE BANDS -    BAND    756; K    1; EIG -3.5280649E-01 AU
 BOTTOM OF VIRTUAL BANDS - BAND    757; K    1; EIG -8.3154687E-02 AU
 INDIRECT ENERGY BAND GAP:   7.2061 eV
 TTTTTTTTTTTTTTTTTTTTTTTTTTTTTT PDIG        TELAPSE      454.58 TCPU      454.01
 CHARGE NORMALIZATION FACTOR   1.00000000
 TOTAL ATOMIC CHARGES:
   8.1662024   8.1709323   8.1633305   8.1637402   8.1662795   8.1658202
   8.1696318   8.1670623   8.1603767   8.1574799   8.1641994   8.1632709
   8.1659461   8.1662276   8.1651205   8.1684690   8.1627767   8.1591166
   8.1670902   8.1700981   8.1596118   8.1735492   8.1692351   8.1648617
   8.1769543   8.1621789   8.1690287   9.4697011   9.4587011   9.4343739
   9.4639225   9.4688673   9.4704985   9.4649992   9.4369338   9.4364920
   9.4707279   9.4526124   9.4523711   9.4537015   9.4636279   9.4679966
   9.4572570   9.4505523   9.4652925   9.4424033   9.4452451   9.4661333
   9.4494320   9.4535391   9.4742128   9.4571415   9.4528016   9.4776152
   9.4773932   9.4794008   9.4724261   9.4747040   9.4836703   9.4840030
   9.4852837   9.4773349   9.4750429   9.4784433   9.4809647   9.4759333
   9.4824772   9.4766461   9.4867183   9.4761168   9.4850120   9.4792120
   9.4812339   9.4776207   9.4807297   9.4834794   9.4791655   9.4766293
   9.4798507   9.4833794   9.4809268   9.4834251   9.4882223   9.4760430
   9.4776582   9.4795302   9.4714483   9.4858297   9.4807676   9.4718130
   9.4792504   9.4692826   9.4834046   9.4784826   9.4727646   9.4782711
   9.4725562   9.4776418   9.4822246   9.4747338   9.4799376   9.4832053
   9.4855964   9.4863239   9.4857235   9.4795599   9.4799973   9.4819298
  19.3817212  19.4579311  19.4494701  19.4155697  19.3713109  19.4254699
  19.4264585  19.4625856  19.4363778  19.4396690  19.4071834  19.3881163
  19.3938510  19.3907371  19.4277572  19.4263289  19.4078694  19.4312423
  19.4453579  19.3995466  19.3767994  19.4103558  19.4117355  19.4266074
  19.4374807  19.4242498  19.3930524
 TTTTTTTTTTTTTTTTTTTTTTTTTTTTTT MOQGAD      TELAPSE      454.64 TCPU      454.07
 TTTTTTTTTTTTTTTTTTTTTTTTTTTTTT SHELLXN     TELAPSE      832.40 TCPU      831.67
 TTTTTTTTTTTTTTTTTTTTTTTTTTTTTT MONMO3      TELAPSE      844.92 TCPU      844.19
 NUMERICALLY INTEGRATED DENSITY   1511.9954501161
 TTTTTTTTTTTTTTTTTTTTTTTTTTTTTT NUMDFT      TELAPSE      861.98 TCPU      861.25
 CYC   1 ETOT(AU) -2.970516891600E+04 DETOT  6.75E+00 tst  0.00E+00 PX  1.00E+00
 TTTTTTTTTTTTTTTTTTTTTTTTTTTTTT DIIS        TELAPSE      866.45 TCPU      865.72
 DIIS TEST: 0.75940E+02 AT SCF   CYCLE   1 - MIX   80 %
 TTTTTTTTTTTTTTTTTTTTTTTTTTTTTT FDIK        TELAPSE      882.81 TCPU      882.01
 INSULATING STATE
 TOP OF VALENCE BANDS -    BAND    756; K    8; EIG -2.5908665E-01 AU
 TOP OF VALENCE BANDS -    BAND    756; K    1; EIG -2.6744542E-01 AU
 BOTTOM OF VIRTUAL BANDS - BAND    757; K    1; EIG -1.0234448E-01 AU
 INDIRECT ENERGY BAND GAP:   4.2652 eV
 TTTTTTTTTTTTTTTTTTTTTTTTTTTTTT PDIG        TELAPSE      886.54 TCPU      885.73
 CHARGE NORMALIZATION FACTOR   1.00000000
 TOTAL ATOMIC CHARGES:
   8.2539275   8.2560875   8.2520611   8.2545831   8.2545948   8.2542852
   8.2557154   8.2559008   8.2517185   8.2501986   8.2538586   8.2510914
   8.2554317   8.2548220   8.2545702   8.2551825   8.2538471   8.2533456
   8.2561053   8.2539576   8.2525389   8.2581725   8.2545434   8.2552272
   8.2582839   8.2530370   8.2570295   9.1979446   9.1935339   9.1805191
   9.2147089   9.2027129   9.2166040   9.2001923   9.1761681   9.1698392
   9.2046926   9.1904045   9.1924626   9.1861549   9.2082860   9.1970856
   9.1894888   9.1902045   9.2006072   9.1727756   9.1825211   9.1853147
   9.1888879   9.1951163   9.1965288   9.1981128   9.2010308   9.2034700
   9.2340188   9.2354128   9.2327221   9.2325856   9.2333960   9.2361795
   9.2371018   9.2389960   9.2346681   9.2370295   9.2340430   9.2356154
   9.2314666   9.2308360   9.2360238   9.2327581   9.2333566   9.2353214
   9.2319902   9.2270721   9.2333924   9.2373446   9.2344729   9.2305765
   9.2325239   9.2356800   9.2292408   9.2304380   9.2341367   9.2324012
   9.2281097   9.2277583   9.2375487   9.2355786   9.2380934   9.2362100
   9.2366432   9.2330084   9.2362315   9.2345873   9.2347694   9.2346392
   9.2355027   9.2335546   9.2373171   9.2347116   9.2329109   9.2362195
   9.2310269   9.2314619   9.2292906   9.2349829   9.2323474   9.2301478
  20.0754982  20.1006198  20.0921470  20.0738767  20.0574934  20.0810960
  20.0994729  20.1060212  20.0917208  20.0921803  20.0755907  20.0752156
  20.0743002  20.0711610  20.0914233  20.0836297  20.0786814  20.0867638
  20.0981841  20.0888537  20.0795870  20.0871098  20.0785006  20.0843939
  20.0940202  20.0808894  20.0726328
 TTTTTTTTTTTTTTTTTTTTTTTTTTTTTT MOQGAD      TELAPSE      886.62 TCPU      885.82
 TTTTTTTTTTTTTTTTTTTTTTTTTTTTTT SHELLXN     TELAPSE     1275.97 TCPU     1275.07
 TTTTTTTTTTTTTTTTTTTTTTTTTTTTTT MONMO3      TELAPSE     1288.21 TCPU     1287.31
 NUMERICALLY INTEGRATED DENSITY   1511.9946702759
 TTTTTTTTTTTTTTTTTTTTTTTTTTTTTT NUMDFT      TELAPSE     1305.86 TCPU     1304.95
 CYC   2 ETOT(AU) -2.971620368755E+04 DETOT -1.10E+01 tst  4.48E-03 PX  6.98E-02
 TTTTTTTTTTTTTTTTTTTTTTTTTTTTTT DIIS        TELAPSE     1310.50 TCPU     1309.59
 DIIS TEST: 0.14319E+02 AT SCF   CYCLE   2 - DIIS ACTIVE - HISTORY:     2 CYCLES
 TTTTTTTTTTTTTTTTTTTTTTTTTTTTTT FDIK        TELAPSE     1326.62 TCPU     1325.69
 INSULATING STATE
 TOP OF VALENCE BANDS -    BAND    756; K    8; EIG -1.5304332E-01 AU
 TOP OF VALENCE BANDS -    BAND    756; K    1; EIG -1.6236412E-01 AU
 BOTTOM OF VIRTUAL BANDS - BAND    757; K    1; EIG -2.5537572E-02 AU
 INDIRECT ENERGY BAND GAP:   3.4696 eV
 TTTTTTTTTTTTTTTTTTTTTTTTTTTTTT PDIG        TELAPSE     1329.18 TCPU     1328.25
 CHARGE NORMALIZATION FACTOR   1.00000000
 TOTAL ATOMIC CHARGES:
   8.3376812   8.3352914   8.3410097   8.3424081   8.3377709   8.3376810
   8.3351924   8.3411743   8.3420828   8.3458954   8.3408401   8.3375276
   8.3403935   8.3396504   8.3388497   8.3376765   8.3429621   8.3471754
   8.3399753   8.3331783   8.3442599   8.3331015   8.3355218   8.3417705
   8.3282940   8.3407482   8.3369118   9.0592164   9.0473611   9.0475759
   9.0557318   9.0413095   9.0545761   9.0654353   9.0552238   9.0588458
   9.0548666   9.0559740   9.0571861   9.0483859   9.0519704   9.0570787
   9.0538171   9.0481403   9.0538613   9.0525420   9.0556379   9.0631487
   9.0541455   9.0476750   9.0533188   9.0572067   9.0452163   9.0536976
   9.0470482   9.0344501   9.0475609   9.0477483   9.0264778   9.0225391
   9.0279036   9.0435508   9.0398189   9.0286453   9.0413897   9.0388989
   9.0297680   9.0485229   9.0359736   9.0456795   9.0243233   9.0373923
   9.0357847   9.0387723   9.0323336   9.0401727   9.0485853   9.0413391
   9.0371430   9.0254143   9.0279285   9.0293150   9.0223786   9.0439394
   9.0370610   9.0311176   9.0384362   9.0298606   9.0405061   9.0507409
   9.0327016   9.0438597   9.0430877   9.0311706   9.0439499   9.0246966
   9.0483314   9.0271046   9.0275574   9.0482307   9.0489211   9.0469864
   9.0431607   9.0201068   9.0193194   9.0394826   9.0396920   9.0279194
  20.5534281  20.4986655  20.5132957  20.5655281  20.5872527  20.5403878
  20.5239391  20.4807213  20.5097887  20.5193622  20.5477187  20.5480294
  20.5620796  20.5836381  20.5185293  20.5125590  20.5316411  20.5167552
  20.5063782  20.5582394  20.5493534  20.5250690  20.5341279  20.5190304
  20.5247720  20.5329211  20.5578220
 TTTTTTTTTTTTTTTTTTTTTTTTTTTTTT MOQGAD      TELAPSE     1329.24 TCPU     1328.31
 TTTTTTTTTTTTTTTTTTTTTTTTTTTTTT SHELLXN     TELAPSE     1711.53 TCPU     1710.52
 TTTTTTTTTTTTTTTTTTTTTTTTTTTTTT MONMO3      TELAPSE     1723.96 TCPU     1722.95
 NUMERICALLY INTEGRATED DENSITY   1511.9941754789
 TTTTTTTTTTTTTTTTTTTTTTTTTTTTTT NUMDFT      TELAPSE     1741.17 TCPU     1740.16
 CYC   3 ETOT(AU) -2.971860684135E+04 DETOT -2.40E+00 tst  2.46E-03 PX  5.96E-02
 TTTTTTTTTTTTTTTTTTTTTTTTTTTTTT DIIS        TELAPSE     1746.02 TCPU     1745.01
 DIIS TEST: 0.20093E+00 AT SCF   CYCLE   3 - DIIS ACTIVE - HISTORY:     3 CYCLES
 TTTTTTTTTTTTTTTTTTTTTTTTTTTTTT FDIK        TELAPSE     1762.03 TCPU     1761.01
 INSULATING STATE
 TOP OF VALENCE BANDS -    BAND    756; K    8; EIG -1.5253026E-01 AU
 TOP OF VALENCE BANDS -    BAND    756; K    1; EIG -1.6186111E-01 AU
 BOTTOM OF VIRTUAL BANDS - BAND    757; K    1; EIG -6.4249927E-03 AU
 INDIRECT ENERGY BAND GAP:   3.9757 eV
 TTTTTTTTTTTTTTTTTTTTTTTTTTTTTT PDIG        TELAPSE     1764.58 TCPU     1763.56
 CHARGE NORMALIZATION FACTOR   1.00000000
 TOTAL ATOMIC CHARGES:
   8.3431154   8.3423093   8.3436968   8.3476010   8.3435708   8.3432703
   8.3425270   8.3457584   8.3453155   8.3469842   8.3464919   8.3403421
   8.3453846   8.3435417   8.3438965   8.3427561   8.3461357   8.3501933
   8.3471923   8.3378960   8.3476775   8.3425747   8.3398801   8.3467466
   8.3392328   8.3453838   8.3443502   9.0044356   9.0025686   9.0126265
   9.0708889   9.0454880   9.0574385   9.0153469   8.9771301   8.9670432
   9.0077922   9.0183757   9.0256428   8.9967595   9.0742388   8.9872361
   8.9894479   9.0234984   9.0153166   8.9637459   9.0067754   8.9610433
   9.0061124   9.0368169   8.9779620   9.0200538   9.0523718   9.0060525
   9.0921477   9.0974244   9.0944162   9.0996908   9.0924724   9.0984908
   9.1016635   9.1151626   9.1065911   9.1110893   9.0937742   9.1061720
   9.0824804   9.0873966   9.0869932   9.0959081   9.0934291   9.1023115
   9.0848952   9.0744144   9.0940610   9.0883611   9.0899891   9.0905026
   9.0906072   9.1040954   9.0885213   9.0758653   9.0850560   9.0939598
   9.0899559   9.0867366   9.1222744   9.0865554   9.0978492   9.1106089
   9.1075961   9.1122982   9.0939351   9.1102089   9.1190668   9.1076544
   9.1064663   9.1000441   9.1008320   9.0984721   9.0804917   9.0897707
   9.0708254   9.0864865   9.0740579   9.0942584   9.0856883   9.0835673
  20.4542309  20.4870884  20.4542537  20.3811108  20.3578902  20.4118357
  20.4982536  20.5261334  20.4845118  20.4654414  20.4242120  20.4396657
  20.4352162  20.3804783  20.4954093  20.4682397  20.4464220  20.4588138
  20.4968837  20.4713158  20.4981821  20.4913976  20.4409907  20.4714243
  20.4620893  20.4222419  20.4265924
 TTTTTTTTTTTTTTTTTTTTTTTTTTTTTT MOQGAD      TELAPSE     1764.65 TCPU     1763.62
 TTTTTTTTTTTTTTTTTTTTTTTTTTTTTT SHELLXN     TELAPSE     2140.62 TCPU     2139.48
 TTTTTTTTTTTTTTTTTTTTTTTTTTTTTT MONMO3      TELAPSE     2153.07 TCPU     2151.93
 NUMERICALLY INTEGRATED DENSITY   1511.9940765870
 TTTTTTTTTTTTTTTTTTTTTTTTTTTTTT NUMDFT      TELAPSE     2170.01 TCPU     2168.87
 CYC   4 ETOT(AU) -2.971858406651E+04 DETOT  2.28E-02 tst  9.57E-05 PX  2.99E-02
 TTTTTTTTTTTTTTTTTTTTTTTTTTTTTT DIIS        TELAPSE     2174.92 TCPU     2173.77
 DIIS TEST: 0.36893E+00 AT SCF   CYCLE   4 - DIIS ACTIVE - HISTORY:     4 CYCLES
 TTTTTTTTTTTTTTTTTTTTTTTTTTTTTT FDIK        TELAPSE     2190.92 TCPU     2189.75
 INSULATING STATE
 TOP OF VALENCE BANDS -    BAND    756; K    8; EIG -1.4757050E-01 AU
 TOP OF VALENCE BANDS -    BAND    756; K    1; EIG -1.5674561E-01 AU
 BOTTOM OF VIRTUAL BANDS - BAND    757; K    1; EIG -9.1908531E-03 AU
 INDIRECT ENERGY BAND GAP:   3.7655 eV
 TTTTTTTTTTTTTTTTTTTTTTTTTTTTTT PDIG        TELAPSE     2193.50 TCPU     2192.33
 CHARGE NORMALIZATION FACTOR   1.00000000
 TOTAL ATOMIC CHARGES:
   8.3392080   8.3383771   8.3399382   8.3439449   8.3409324   8.3399837
   8.3384569   8.3428227   8.3418151   8.3433912   8.3418468   8.3367974
   8.3426027   8.3417611   8.3411917   8.3391270   8.3437252   8.3469565
   8.3426999   8.3351434   8.3447539   8.3384600   8.3379667   8.3435596
   8.3348090   8.3431477   8.3407580   9.0434037   9.0449108   9.0469194
   9.0656504   9.0303985   9.0658432   9.0524124   9.0469206   9.0413896
   9.0579852   9.0414110   9.0472110   9.0408883   9.0424043   9.0566440
   9.0476711   9.0395543   9.0516082   9.0391236   9.0368052   9.0419325
   9.0507161   9.0414705   9.0475114   9.0542328   9.0493752   9.0445602
   9.0769250   9.0723430   9.0803845   9.0789085   9.0627272   9.0635843
   9.0652369   9.0812796   9.0748395   9.0706897   9.0713628   9.0770764
   9.0658941   9.0763165   9.0683294   9.0778693   9.0586022   9.0736536
   9.0682628   9.0658034   9.0684392   9.0756295   9.0790274   9.0721465
   9.0699082   9.0639177   9.0605462   9.0619678   9.0576756   9.0756754
   9.0638984   9.0598416   9.0827501   9.0659229   9.0781168   9.0863636
   9.0717316   9.0804716   9.0719186   9.0687425   9.0786674   9.0684050
   9.0830182   9.0670726   9.0675483   9.0835320   9.0776538   9.0769064
   9.0682019   9.0550973   9.0560315   9.0748036   9.0727370   9.0617197
  20.4868028  20.4504729  20.4543789  20.4815087  20.5033947  20.4708768
  20.4770413  20.4336027  20.4461420  20.4529246  20.4756170  20.4901802
  20.4847989  20.5135059  20.4500132  20.4457432  20.4743774  20.4564824
  20.4533554  20.5011791  20.4763512  20.4694576  20.4735410  20.4473167
  20.4709515  20.4718335  20.4788456
 TTTTTTTTTTTTTTTTTTTTTTTTTTTTTT MOQGAD      TELAPSE     2193.58 TCPU     2192.41
 TTTTTTTTTTTTTTTTTTTTTTTTTTTTTT SHELLXN     TELAPSE     2570.74 TCPU     2569.35
 TTTTTTTTTTTTTTTTTTTTTTTTTTTTTT MONMO3      TELAPSE     2583.25 TCPU     2581.87
 NUMERICALLY INTEGRATED DENSITY   1511.9940929323
 TTTTTTTTTTTTTTTTTTTTTTTTTTTTTT NUMDFT      TELAPSE     2600.19 TCPU     2598.80
 CYC   5 ETOT(AU) -2.971863765354E+04 DETOT -5.36E-02 tst  2.06E-05 PX  1.45E-02
 TTTTTTTTTTTTTTTTTTTTTTTTTTTTTT DIIS        TELAPSE     2605.17 TCPU     2603.77
 DIIS TEST: 0.34918E-01 AT SCF   CYCLE   5 - DIIS ACTIVE - HISTORY:     5 CYCLES
 TTTTTTTTTTTTTTTTTTTTTTTTTTTTTT FDIK        TELAPSE     2621.29 TCPU     2619.90
 INSULATING STATE
 TOP OF VALENCE BANDS -    BAND    756; K    8; EIG -1.4707297E-01 AU
 TOP OF VALENCE BANDS -    BAND    756; K    1; EIG -1.5677590E-01 AU
 BOTTOM OF VIRTUAL BANDS - BAND    757; K    1; EIG -1.0318713E-02 AU
 INDIRECT ENERGY BAND GAP:   3.7213 eV
 TTTTTTTTTTTTTTTTTTTTTTTTTTTTTT PDIG        TELAPSE     2623.85 TCPU     2622.45
 CHARGE NORMALIZATION FACTOR   1.00000000
 TOTAL ATOMIC CHARGES:
   8.3375207   8.3362935   8.3388427   8.3420240   8.3382357   8.3381278
   8.3364461   8.3404584   8.3404007   8.3422241   8.3402327   8.3356041
   8.3403473   8.3389350   8.3389369   8.3373828   8.3413181   8.3452592
   8.3408282   8.3328902   8.3427740   8.3362720   8.3352007   8.3416395
   8.3323720   8.3402932   8.3386990   9.0447087   9.0366127   9.0382531
   9.0659852   9.0512803   9.0600792   9.0527154   9.0310579   9.0273633
   9.0412108   9.0482903   9.0507098   9.0324650   9.0703398   9.0326771
   9.0330032   9.0459129   9.0442845   9.0226136   9.0454441   9.0277733
   9.0399075   9.0517577   9.0277915   9.0477970   9.0553224   9.0403500
   9.0718532   9.0664810   9.0727425   9.0737228   9.0594293   9.0593258
   9.0639432   9.0781664   9.0727412   9.0675568   9.0687254   9.0718505
   9.0567366   9.0702913   9.0634789   9.0712855   9.0587135   9.0688979
   9.0618965   9.0601877   9.0627257   9.0662300   9.0715760   9.0663495
   9.0647672   9.0629133   9.0574526   9.0547384   9.0548344   9.0701020
   9.0639807   9.0598152   9.0775843   9.0595880   9.0700648   9.0801790
   9.0686157   9.0767986   9.0699233   9.0679345   9.0794782   9.0630572
   9.0775835   9.0630858   9.0632398   9.0742105   9.0680356   9.0704727
   9.0606870   9.0537768   9.0475403   9.0676348   9.0643448   9.0562774
  20.4964181  20.4772409  20.4735221  20.4779872  20.4772622  20.4768491
  20.4948542  20.4820416  20.4827077  20.4854359  20.4797548  20.4868927
  20.4949524  20.4806393  20.4995023  20.4802030  20.4784497  20.4784970
  20.4857473  20.5020433  20.5148948  20.4947067  20.4778292  20.4867782
  20.4837700  20.4713277  20.4908048
 TTTTTTTTTTTTTTTTTTTTTTTTTTTTTT MOQGAD      TELAPSE     2623.91 TCPU     2622.51
 TTTTTTTTTTTTTTTTTTTTTTTTTTTTTT SHELLXN     TELAPSE     3001.07 TCPU     2999.59
 TTTTTTTTTTTTTTTTTTTTTTTTTTTTTT MONMO3      TELAPSE     3013.57 TCPU     3012.08
 NUMERICALLY INTEGRATED DENSITY   1511.9941023514
 TTTTTTTTTTTTTTTTTTTTTTTTTTTTTT NUMDFT      TELAPSE     3030.53 TCPU     3029.04
 CYC   6 ETOT(AU) -2.971864292250E+04 DETOT -5.27E-03 tst  1.87E-06 PX  4.30E-03
 TTTTTTTTTTTTTTTTTTTTTTTTTTTTTT DIIS        TELAPSE     3035.59 TCPU     3034.10
 DIIS TEST: 0.53749E-02 AT SCF   CYCLE   6 - DIIS ACTIVE - HISTORY:     6 CYCLES
 TTTTTTTTTTTTTTTTTTTTTTTTTTTTTT FDIK        TELAPSE     3051.64 TCPU     3050.12
 INSULATING STATE
 TOP OF VALENCE BANDS -    BAND    756; K    8; EIG -1.4721845E-01 AU
 TOP OF VALENCE BANDS -    BAND    756; K    1; EIG -1.5680805E-01 AU
 BOTTOM OF VIRTUAL BANDS - BAND    757; K    1; EIG -1.1359275E-02 AU
 INDIRECT ENERGY BAND GAP:   3.6969 eV
 TTTTTTTTTTTTTTTTTTTTTTTTTTTTTT PDIG        TELAPSE     3054.19 TCPU     3052.67
 CHARGE NORMALIZATION FACTOR   1.00000000
 TOTAL ATOMIC CHARGES:
   8.3373736   8.3361723   8.3387093   8.3417848   8.3381881   8.3377261
   8.3361762   8.3405653   8.3402657   8.3423909   8.3402743   8.3356251
   8.3401090   8.3390427   8.3387620   8.3371823   8.3415196   8.3452017
   8.3404880   8.3329606   8.3426965   8.3355845   8.3352789   8.3412933
   8.3317579   8.3403921   8.3382327   9.0367320   9.0316495   9.0363478
   9.0636663   9.0367988   9.0598112   9.0448979   9.0276500   9.0254944
   9.0425589   9.0378886   9.0435215   9.0304844   9.0521330   9.0375595
   9.0328945   9.0356103   9.0413389   9.0212900   9.0315836   9.0267319
   9.0382750   9.0396406   9.0299724   9.0447210   9.0469252   9.0366282
   9.0702162   9.0659559   9.0724916   9.0734253   9.0582354   9.0592349
   9.0630045   9.0776211   9.0715256   9.0678509   9.0671643   9.0717927
   9.0577392   9.0689606   9.0616237   9.0714495   9.0566305   9.0690790
   9.0611036   9.0581806   9.0631010   9.0662981   9.0706192   9.0662600
   9.0640747   9.0621770   9.0573962   9.0541798   9.0529795   9.0694151
   9.0617626   9.0570990   9.0782544   9.0589793   9.0702426   9.0803721
   9.0683854   9.0763885   9.0682146   9.0677863   9.0776281   9.0645469
   9.0770434   9.0624102   9.0633684   9.0748371   9.0677393   9.0695670
   9.0596445   9.0515428   9.0480184   9.0675969   9.0642369   9.0557262
  20.5059891  20.4821643  20.4788456  20.4845709  20.4965063  20.4797924
  20.5054524  20.4816946  20.4839762  20.4818613  20.4914160  20.5004124
  20.5012882  20.5064897  20.4872933  20.4788533  20.4922463  20.4820648
  20.4880632  20.5197138  20.5104759  20.4994075  20.4908793  20.4814258
  20.4907872  20.4834154  20.4951799
 TTTTTTTTTTTTTTTTTTTTTTTTTTTTTT MOQGAD      TELAPSE     3054.25 TCPU     3052.73
 TTTTTTTTTTTTTTTTTTTTTTTTTTTTTT SHELLXN     TELAPSE     3431.52 TCPU     3429.79
 TTTTTTTTTTTTTTTTTTTTTTTTTTTTTT MONMO3      TELAPSE     3444.01 TCPU     3442.28
 NUMERICALLY INTEGRATED DENSITY   1511.9941024677
 TTTTTTTTTTTTTTTTTTTTTTTTTTTTTT NUMDFT      TELAPSE     3460.97 TCPU     3459.24
 CYC   7 ETOT(AU) -2.971864365313E+04 DETOT -7.31E-04 tst  6.78E-07 PX  2.28E-03
 TTTTTTTTTTTTTTTTTTTTTTTTTTTTTT DIIS        TELAPSE     3466.17 TCPU     3464.44
 DIIS TEST: 0.74404E-03 AT SCF   CYCLE   7 - DIIS ACTIVE - HISTORY:     7 CYCLES
 TTTTTTTTTTTTTTTTTTTTTTTTTTTTTT FDIK        TELAPSE     3482.17 TCPU     3480.35
 INSULATING STATE
 TOP OF VALENCE BANDS -    BAND    756; K    8; EIG -1.4671755E-01 AU
 TOP OF VALENCE BANDS -    BAND    756; K    1; EIG -1.5637357E-01 AU
 BOTTOM OF VIRTUAL BANDS - BAND    757; K    1; EIG -1.0698371E-02 AU
 INDIRECT ENERGY BAND GAP:   3.7013 eV
 TTTTTTTTTTTTTTTTTTTTTTTTTTTTTT PDIG        TELAPSE     3484.74 TCPU     3482.91
 CHARGE NORMALIZATION FACTOR   1.00000000
 TOTAL ATOMIC CHARGES:
   8.3383348   8.3369951   8.3397537   8.3429179   8.3391236   8.3388341
   8.3371439   8.3414973   8.3413480   8.3434434   8.3411522   8.3365598
   8.3412451   8.3400230   8.3398301   8.3382140   8.3424701   8.3463055
   8.3415738   8.3338188   8.3438082   8.3366529   8.3361757   8.3424439
   8.3327208   8.3413582   8.3393064   9.0379504   9.0346386   9.0361668
   9.0613987   9.0392575   9.0571644   9.0468470   9.0314781   9.0258363
   9.0412412   9.0408918   9.0438981   9.0294953   9.0565441   9.0347226
   9.0321542   9.0390825   9.0412685   9.0220909   9.0374724   9.0250789
   9.0384074   9.0438382   9.0280685   9.0446380   9.0490585   9.0354595
   9.0708197   9.0658398   9.0725425   9.0730460   9.0580633   9.0585789
   9.0616430   9.0769190   9.0706674   9.0664636   9.0667842   9.0712144
   9.0572503   9.0695705   9.0623919   9.0708774   9.0559947   9.0678280
   9.0611332   9.0588649   9.0622644   9.0668288   9.0714640   9.0658908
   9.0636702   9.0609495   9.0557320   9.0542957   9.0531574   9.0693300
   9.0608003   9.0568524   9.0773442   9.0589366   9.0703597   9.0800960
   9.0675089   9.0757763   9.0675217   9.0659551   9.0770257   9.0626933
   9.0769704   9.0620496   9.0623369   9.0748081   9.0684847   9.0699578
   9.0600217   9.0516627   9.0475747   9.0674982   9.0644649   9.0555910
  20.5032551  20.4789123  20.4777479  20.4890605  20.4947339  20.4856044
  20.4995384  20.4760056  20.4808893  20.4850924  20.4878156  20.4989686
  20.5018852  20.5008833  20.4943723  20.4790208  20.4870012  20.4816690
  20.4859808  20.5113888  20.5136114  20.4972208  20.4862069  20.4843002
  20.4906419  20.4817522  20.4968754
 TTTTTTTTTTTTTTTTTTTTTTTTTTTTTT MOQGAD      TELAPSE     3484.80 TCPU     3482.98
 TTTTTTTTTTTTTTTTTTTTTTTTTTTTTT SHELLXN     TELAPSE     3860.38 TCPU     3858.38
 TTTTTTTTTTTTTTTTTTTTTTTTTTTTTT MONMO3      TELAPSE     3872.84 TCPU     3870.84
 NUMERICALLY INTEGRATED DENSITY   1511.9940989502
 TTTTTTTTTTTTTTTTTTTTTTTTTTTTTT NUMDFT      TELAPSE     3889.77 TCPU     3887.76
 CYC   8 ETOT(AU) -2.971864373332E+04 DETOT -8.02E-05 tst  7.23E-08 PX  1.20E-03
 TTTTTTTTTTTTTTTTTTTTTTTTTTTTTT DIIS        TELAPSE     3895.06 TCPU     3893.06
 DIIS TEST: 0.19342E-03 AT SCF   CYCLE   8 - DIIS ACTIVE - HISTORY:     8 CYCLES
 TTTTTTTTTTTTTTTTTTTTTTTTTTTTTT FDIK        TELAPSE     3911.05 TCPU     3909.03
 INSULATING STATE
 TOP OF VALENCE BANDS -    BAND    756; K    8; EIG -1.4665818E-01 AU
 TOP OF VALENCE BANDS -    BAND    756; K    1; EIG -1.5633537E-01 AU
 BOTTOM OF VIRTUAL BANDS - BAND    757; K    1; EIG -1.0672674E-02 AU
 INDIRECT ENERGY BAND GAP:   3.7004 eV
 TTTTTTTTTTTTTTTTTTTTTTTTTTTTTT PDIG        TELAPSE     3913.60 TCPU     3911.57
 CHARGE NORMALIZATION FACTOR   1.00000000
 TOTAL ATOMIC CHARGES:
   8.3384913   8.3372060   8.3398711   8.3430315   8.3393074   8.3389423
   8.3372855   8.3416601   8.3414592   8.3435658   8.3413538   8.3366845
   8.3413209   8.3401547   8.3399217   8.3383189   8.3426353   8.3464227
   8.3417108   8.3339714   8.3439320   8.3367921   8.3363461   8.3425566
   8.3328706   8.3415251   8.3394267   9.0387772   9.0331471   9.0367823
   9.0633136   9.0399502   9.0589621   9.0470441   9.0291818   9.0261211
   9.0418986   9.0405085   9.0451549   9.0306242   9.0566960   9.0358378
   9.0326509   9.0383647   9.0419172   9.0218858   9.0358716   9.0268562
   9.0385080   9.0429848   9.0290956   9.0452297   9.0489861   9.0371298
   9.0702767   9.0654476   9.0720893   9.0728000   9.0578087   9.0583254
   9.0621759   9.0769684   9.0711171   9.0667116   9.0668082   9.0711412
   9.0567904   9.0689408   9.0617263   9.0707379   9.0562142   9.0681436
   9.0607981   9.0584169   9.0621784   9.0659580   9.0706097   9.0655705
   9.0636105   9.0612298   9.0562604   9.0538466   9.0527286   9.0690423
   9.0614976   9.0570068   9.0773507   9.0585829   9.0696371   9.0796898
   9.0674714   9.0757357   9.0678178   9.0665529   9.0772694   9.0630504
   9.0766459   9.0618586   9.0623312   9.0742444   9.0675449   9.0694227
   9.0595018   9.0513866   9.0472625   9.0670175   9.0638615   9.0551893
  20.5036394  20.4806874  20.4774902  20.4849116  20.4930345  20.4811681
  20.5017963  20.4807059  20.4828077  20.4838744  20.4886280  20.4974582
  20.5005961  20.5003978  20.4921452  20.4794995  20.4885154  20.4814013
  20.4872801  20.5145105  20.5121213  20.4982998  20.4875569  20.4835391
  20.4895311  20.4808163  20.4949412
 TTTTTTTTTTTTTTTTTTTTTTTTTTTTTT MOQGAD      TELAPSE     3913.66 TCPU     3911.63
 TTTTTTTTTTTTTTTTTTTTTTTTTTTTTT SHELLXN     TELAPSE     4290.76 TCPU     4288.67
 TTTTTTTTTTTTTTTTTTTTTTTTTTTTTT MONMO3      TELAPSE     4303.25 TCPU     4301.15
 NUMERICALLY INTEGRATED DENSITY   1511.9940988160
 TTTTTTTTTTTTTTTTTTTTTTTTTTTTTT NUMDFT      TELAPSE     4320.30 TCPU     4318.21
 CYC   9 ETOT(AU) -2.971864375772E+04 DETOT -2.44E-05 tst  1.01E-08 PX  3.28E-04
 TTTTTTTTTTTTTTTTTTTTTTTTTTTTTT DIIS        TELAPSE     4325.71 TCPU     4323.62
 DIIS TEST: 0.17878E-04 AT SCF   CYCLE   9 - DIIS ACTIVE - HISTORY:     9 CYCLES
 TTTTTTTTTTTTTTTTTTTTTTTTTTTTTT FDIK        TELAPSE     4341.72 TCPU     4339.61
 INSULATING STATE
 TOP OF VALENCE BANDS -    BAND    756; K    8; EIG -1.4663778E-01 AU
 TOP OF VALENCE BANDS -    BAND    756; K    1; EIG -1.5630637E-01 AU
 BOTTOM OF VIRTUAL BANDS - BAND    757; K    1; EIG -1.0725736E-02 AU
 INDIRECT ENERGY BAND GAP:   3.6984 eV
 TTTTTTTTTTTTTTTTTTTTTTTTTTTTTT PDIG        TELAPSE     4344.27 TCPU     4342.16
 CHARGE NORMALIZATION FACTOR   1.00000000
 TOTAL ATOMIC CHARGES:
   8.3384727   8.3371761   8.3398504   8.3430091   8.3392795   8.3389334
   8.3372772   8.3416250   8.3414405   8.3435233   8.3413153   8.3366627
   8.3413094   8.3401319   8.3399133   8.3382995   8.3426005   8.3463993
   8.3416923   8.3339380   8.3439168   8.3367890   8.3363135   8.3425386
   8.3328755   8.3415045   8.3394238   9.0382429   9.0334709   9.0363356
   9.0629422   9.0399405   9.0586107   9.0466382   9.0296570   9.0257950
   9.0416490   9.0406601   9.0445593   9.0303293   9.0564472   9.0356190
   9.0325331   9.0384458   9.0415022   9.0217398   9.0360047   9.0260208
   9.0384879   9.0429633   9.0286525   9.0450312   9.0488533   9.0364734
   9.0701078   9.0653656   9.0719904   9.0727909   9.0577328   9.0583519
   9.0620316   9.0768651   9.0708227   9.0666711   9.0667327   9.0709905
   9.0567629   9.0688312   9.0615481   9.0706654   9.0561283   9.0680220
   9.0606367   9.0581637   9.0621112   9.0658388   9.0704848   9.0655437
   9.0634777   9.0612637   9.0562431   9.0536764   9.0526991   9.0689223
   9.0612103   9.0568942   9.0771722   9.0583960   9.0696453   9.0796548
   9.0675088   9.0756650   9.0677188   9.0665939   9.0771430   9.0630161
   9.0765427   9.0617471   9.0623361   9.0741094   9.0674926   9.0692387
   9.0593935   9.0512870   9.0471022   9.0669533   9.0637312   9.0551249
  20.5043792  20.4803383  20.4782372  20.4859215  20.4936303  20.4819365
  20.5022898  20.4797935  20.4834512  20.4840063  20.4888959  20.4986039
  20.5012963  20.5012078  20.4921241  20.4796477  20.4886709  20.4819638
  20.4873131  20.5144595  20.5133993  20.4982691  20.4876521  20.4839833
  20.4900307  20.4814644  20.4960688
 TTTTTTTTTTTTTTTTTTTTTTTTTTTTTT MOQGAD      TELAPSE     4344.33 TCPU     4342.22
 TTTTTTTTTTTTTTTTTTTTTTTTTTTTTT SHELLXN     TELAPSE     4721.53 TCPU     4719.26
 TTTTTTTTTTTTTTTTTTTTTTTTTTTTTT MONMO3      TELAPSE     4734.01 TCPU     4731.73
 NUMERICALLY INTEGRATED DENSITY   1511.9940990473
 TTTTTTTTTTTTTTTTTTTTTTTTTTTTTT NUMDFT      TELAPSE     4750.97 TCPU     4748.69
 CYC  10 ETOT(AU) -2.971864375989E+04 DETOT -2.18E-06 tst  2.79E-09 PX  2.94E-04
 TTTTTTTTTTTTTTTTTTTTTTTTTTTTTT DIIS        TELAPSE     4756.48 TCPU     4754.21
 DIIS TEST: 0.37617E-05 AT SCF   CYCLE  10 - DIIS ACTIVE - HISTORY:    10 CYCLES
 TTTTTTTTTTTTTTTTTTTTTTTTTTTTTT FDIK        TELAPSE     4772.51 TCPU     4770.22
 INSULATING STATE
 TOP OF VALENCE BANDS -    BAND    756; K    8; EIG -1.4665750E-01 AU
 TOP OF VALENCE BANDS -    BAND    756; K    1; EIG -1.5632948E-01 AU
 BOTTOM OF VIRTUAL BANDS - BAND    757; K    1; EIG -1.0734443E-02 AU
 INDIRECT ENERGY BAND GAP:   3.6987 eV
 TTTTTTTTTTTTTTTTTTTTTTTTTTTTTT PDIG        TELAPSE     4775.05 TCPU     4772.76
 CHARGE NORMALIZATION FACTOR   1.00000000
 TOTAL ATOMIC CHARGES:
   8.3384597   8.3371781   8.3398350   8.3430032   8.3392772   8.3389232
   8.3372690   8.3416238   8.3414301   8.3435162   8.3413157   8.3366518
   8.3413051   8.3401266   8.3399070   8.3382956   8.3425941   8.3463930
   8.3416854   8.3339399   8.3438980   8.3367847   8.3363097   8.3425276
   8.3328717   8.3414972   8.3394129   9.0384156   9.0332026   9.0364720
   9.0628337   9.0396993   9.0584874   9.0468128   9.0293912   9.0259248
   9.0415627   9.0404172   9.0447539   9.0302396   9.0564887   9.0354464
   9.0324079   9.0383107   9.0416159   9.0216975   9.0358801   9.0263647
   9.0383178   9.0429181   9.0287415   9.0449416   9.0487594   9.0366609
   9.0702140   9.0653684   9.0720162   9.0727533   9.0577156   9.0582858
   9.0619696   9.0768200   9.0708404   9.0665871   9.0666975   9.0709849
   9.0567502   9.0688992   9.0616616   9.0706342   9.0560610   9.0679493
   9.0606756   9.0582921   9.0620976   9.0659346   9.0705813   9.0655693
   9.0634524   9.0611069   9.0561167   9.0537572   9.0526821   9.0689558
   9.0612238   9.0568482   9.0771742   9.0584694   9.0696371   9.0796609
   9.0674071   9.0756208   9.0676527   9.0663980   9.0771048   9.0628777
   9.0765495   9.0617447   9.0622644   9.0741859   9.0675554   9.0693576
   9.0594453   9.0513057   9.0471425   9.0669719   9.0637847   9.0551477
  20.5040610  20.4807896  20.4780367  20.4861195  20.4938360  20.4823362
  20.5018967  20.4802210  20.4829994  20.4844356  20.4890336  20.4982353
  20.5013093  20.5010362  20.4927976  20.4798252  20.4887405  20.4818814
  20.4874804  20.5145024  20.5128491  20.4985258  20.4877705  20.4840183
  20.4902081  20.4815070  20.4957922
 TTTTTTTTTTTTTTTTTTTTTTTTTTTTTT MOQGAD      TELAPSE     4775.11 TCPU     4772.82
 TTTTTTTTTTTTTTTTTTTTTTTTTTTTTT SHELLXN     TELAPSE     5152.20 TCPU     5149.80
 TTTTTTTTTTTTTTTTTTTTTTTTTTTTTT MONMO3      TELAPSE     5164.67 TCPU     5162.26
 NUMERICALLY INTEGRATED DENSITY   1511.9940990468
 TTTTTTTTTTTTTTTTTTTTTTTTTTTTTT NUMDFT      TELAPSE     5181.56 TCPU     5179.16
 CYC  11 ETOT(AU) -2.971864376008E+04 DETOT -1.90E-07 tst  2.36E-10 PX  1.34E-04
 TTTTTTTTTTTTTTTTTTTTTTTTTTTTTT DIIS        TELAPSE     5187.19 TCPU     5184.77
 DIIS TEST: 0.62735E-06 AT SCF   CYCLE  11 - DIIS ACTIVE - HISTORY:    11 CYCLES
 TTTTTTTTTTTTTTTTTTTTTTTTTTTTTT FDIK        TELAPSE     5203.16 TCPU     5200.74
 INSULATING STATE
 TOP OF VALENCE BANDS -    BAND    756; K    8; EIG -1.4665884E-01 AU
 TOP OF VALENCE BANDS -    BAND    756; K    1; EIG -1.5633231E-01 AU
 BOTTOM OF VIRTUAL BANDS - BAND    757; K    1; EIG -1.0736889E-02 AU
 INDIRECT ENERGY BAND GAP:   3.6986 eV
 TTTTTTTTTTTTTTTTTTTTTTTTTTTTTT PDIG        TELAPSE     5205.71 TCPU     5203.29
 CHARGE NORMALIZATION FACTOR   1.00000000
 TOTAL ATOMIC CHARGES:
   8.3384624   8.3371771   8.3398423   8.3430009   8.3392721   8.3389223
   8.3372679   8.3416226   8.3414319   8.3435225   8.3413155   8.3366591
   8.3413013   8.3401224   8.3399043   8.3382960   8.3425932   8.3463924
   8.3416819   8.3339405   8.3438994   8.3367777   8.3363084   8.3425270
   8.3328648   8.3414929   8.3394100   9.0383636   9.0333102   9.0364441
   9.0628804   9.0397292   9.0585515   9.0467364   9.0294714   9.0258435
   9.0416475   9.0404774   9.0446716   9.0302924   9.0564362   9.0355538
   9.0324486   9.0383377   9.0415768   9.0217499   9.0359540   9.0262359
   9.0383794   9.0429321   9.0287128   9.0449942   9.0488363   9.0365912
   9.0701847   9.0653810   9.0720208   9.0727273   9.0577198   9.0582695
   9.0619881   9.0768446   9.0708882   9.0665881   9.0666935   9.0710155
   9.0567445   9.0688839   9.0616413   9.0706470   9.0560692   9.0679820
   9.0606885   9.0582950   9.0620798   9.0659273   9.0705714   9.0655010
   9.0634879   9.0611196   9.0561042   9.0537501   9.0526763   9.0689444
   9.0612386   9.0568574   9.0772167   9.0584734   9.0696325   9.0796386
   9.0673952   9.0756325   9.0676580   9.0664157   9.0771130   9.0629197
   9.0765564   9.0617557   9.0622470   9.0741785   9.0675455   9.0693249
   9.0594323   9.0512941   9.0471529   9.0669592   9.0637971   9.0551155
  20.5041796  20.4806632  20.4780884  20.4859754  20.4937277  20.4821840
  20.5020687  20.4801916  20.4831454  20.4843196  20.4889217  20.4983550
  20.5012593  20.5010795  20.4926092  20.4797760  20.4887279  20.4819451
  20.4874241  20.5144725  20.5130424  20.4984645  20.4877745  20.4840688
  20.4901017  20.4814350  20.4958471
 TTTTTTTTTTTTTTTTTTTTTTTTTTTTTT MOQGAD      TELAPSE     5205.77 TCPU     5203.35
 TTTTTTTTTTTTTTTTTTTTTTTTTTTTTT SHELLXN     TELAPSE     5577.96 TCPU     5575.50
 +++ ENERGIES IN A.U. +++
 ::: EXT EL-POLE                                  -3.9305384557658E+04
 ::: EXT EL-SPHEROPOLE                             3.7473620375189E+02
 ::: BIELET ZONE E-E                               4.6930055216774E+04
 ::: TOTAL E-E                                     7.9994068628679E+03
 ::: TOTAL E-N + N-E                              -5.9830949417071E+04
 ::: TOTAL N-N                                    -5.6025984392664E+03
 ::: KINETIC ENERGY                                2.9176778527739E+04
 ::: PSEUDO TOTAL   ENERGY                        -2.8257362465731E+04
 ::: VIRIAL COEFFICIENT                            1.0160081799101E+00
 TTTTTTTTTTTTTTTTTTTTTTTTTTTTTT MONMO3      TELAPSE     5589.73 TCPU     5587.27
 NUMERICALLY INTEGRATED DENSITY   1511.9940990358
 EXCHANGE ENERGY: -0.140329607215E+04  CORRELATION ENERGY: -0.579852219294E+02
 TTTTTTTTTTTTTTTTTTTTTTTTTTTTTT NUMDFT      TELAPSE     5606.26 TCPU     5603.80
 CYC  12 ETOT(AU) -2.971864375981E+04 DETOT  2.71E-07 tst  3.08E-11 PX  1.34E-04

 == SCF ENDED - CONVERGENCE ON ENERGY      E(AU) -2.9718643759813E+04 CYCLES  12


 ENERGY EXPRESSION=HARTREE+FOCK EXCH*0.25000+(PBE        EXCH)*0.75000+PBE        CORR


 TOTAL ENERGY(DFT)(AU)( 12) -2.9718643759813E+04 DE 2.7E-07 tester 3.1E-11
 TTTTTTTTTTTTTTTTTTTTTTTTTTTTTT EDFT        TELAPSE     5606.33 TCPU     5603.86

 *******************************************************************************
 *                             FORCE CALCULATION                               *
 *******************************************************************************

 TTTTTTTTTTTTTTTTTTTTTTTTTTTTTT NUMDFG      TELAPSE     5727.74 TCPU     5725.26
 INFORMATION **** EXCPOG **** EXCH. BIPO BUFFER LENGTH (WORDS) =    90691344
 INFORMATION **** GENPOG **** BIPO BUFFER LENGTH (WORDS) =    12711100
 TTTTTTTTTTTTTTTTTTTTTTTTTTTTTT SHELXG      TELAPSE     7375.64 TCPU     7372.91

 CARTESIAN FORCES IN HARTREE/BOHR (ANALYTICAL)
   ATOM                     X                   Y                   Z
   1 256            -7.402360899219E-03  2.573219942039E-03  7.509815294319E-03
   2 256            -2.293559644436E-03  4.549542571336E-03 -1.291961639660E-03
   3 256             7.842006766754E-03  3.816539877199E-03 -6.427122467537E-03
   4 256            -8.448672330771E-03 -2.943379079939E-06  4.329057410788E-03
   5 256             6.065007706270E-03 -1.065331440186E-02  2.097588586064E-03
   6 256             1.437266760814E-02 -2.710770954271E-03 -5.521425218216E-03
   7 256            -7.066719758161E-03  5.112208864626E-03  7.242630418945E-03
   8 256            -5.756065249445E-03  3.604321248261E-03 -4.285226922840E-03
   9 256            -3.392795676710E-03 -4.544465411620E-03 -6.918284078045E-03
  10 256             8.463739810224E-03 -5.018011463167E-03 -1.089926970393E-03
  11 256             2.094416018094E-03 -4.408337571948E-03  1.086193691382E-03
  12 256            -1.091234528276E-03 -6.668405809348E-03  1.027590877516E-03
  13 256             8.084375606921E-03  7.049232919436E-03 -6.697691892739E-03
  14 256             2.383572558155E-03 -1.010405046446E-02 -6.868152861154E-03
  15 256            -1.372271110075E-02  6.579695997108E-04  1.054786301612E-02
  16 256            -3.025680352793E-04 -6.628183258327E-03 -8.130839353238E-03
  17 256             4.305824827809E-03  8.644758563876E-03 -2.801196143944E-03
  18 256            -1.301119075879E-03  5.703967202107E-03 -5.102044732301E-04
  19 256             6.351566253271E-03 -1.244139625510E-02  1.412545447086E-03
  20 256             4.131752734803E-03 -3.833001504580E-04 -1.042735243867E-03
  21 256             2.665903396713E-03 -6.521637625088E-03  1.021037783952E-03
  22 256             1.384900066226E-03  1.139610434791E-02 -5.133280486472E-03
  23 256            -4.803266122937E-03  5.289240601596E-03 -5.801323021020E-03
  24 256             2.941980019163E-03  8.603165476480E-03  6.968986602214E-03
  25 256             4.596504911703E-03 -5.244054486833E-03 -9.453733378178E-03
  26 256            -6.031560672504E-03 -4.473877695825E-03  5.186373141805E-03
  27 256             5.508248187811E-03  5.274941952629E-04  1.412626736694E-03
  28   8            -3.447124427600E-03 -2.537891840562E-03 -1.648407574883E-02
  29   8            -8.080475856205E-04  5.209574551720E-03  6.422152354951E-03
  30   8             1.942881282662E-05 -1.709108758351E-03  2.322803301845E-02
  31   8            -1.966794512105E-03 -2.778213637228E-03  5.400564648728E-04
  32   8             3.550496733610E-03  1.968832840622E-03 -1.675333269547E-02
  33   8            -1.599915969554E-03 -5.359079727838E-03 -5.949664283937E-03
  34   8             2.052903963100E-03 -5.117753305631E-03 -7.687057894595E-03
  35   8            -3.072142210561E-03 -7.324192181825E-03  2.123989579513E-02
  36   8            -2.828334984356E-03 -2.472516208556E-03  1.623572549920E-02
  37   8            -7.970190434155E-03 -4.655211166398E-03  9.107371170947E-04
  38   8             2.065904028656E-03 -6.247031613693E-03 -4.596959144242E-03
  39   8            -5.839884519410E-03 -3.538261297174E-03 -9.323471222615E-03
  40   8             2.027310058555E-03  5.516486459313E-03  4.130287470317E-03
  41   8            -5.064875550029E-03  1.420458662954E-03 -1.447751420385E-02
  42   8            -8.445486955503E-03  2.452475353323E-03  3.147760730497E-03
  43   8            -9.102682464313E-03 -3.266271740648E-03  2.744171158039E-03
  44   8            -1.997720576267E-04 -1.756878895927E-03 -2.340277771706E-04
  45   8            -2.473055598532E-04  7.754554175282E-03 -1.700240061675E-04
  46   8            -1.187945154553E-03  4.616854816403E-03  1.848722524116E-02
  47   8            -5.414547078007E-03 -3.594764564127E-03  6.953839774559E-03
  48   8            -4.182686692968E-03  2.493048820528E-04 -2.095516762616E-02
  49   8            -7.438941502794E-04  4.640835982516E-03 -6.638787224311E-04
  50   8             1.429568546999E-03 -2.695545277641E-03 -4.176017768429E-03
  51   8             7.737716329759E-03 -6.826871521233E-03 -9.366675252125E-03
  52   8            -2.618090148241E-03 -8.654455121011E-03  3.099196076289E-03
  53   8            -4.130628782739E-03  2.706989461352E-03  5.474270558127E-03
  54   8            -1.696913315214E-03 -4.544656714018E-03 -2.042855165325E-02
  55   8            -1.436722793061E-03  1.100916109143E-02 -3.436166000307E-03
  56   8            -4.123726890434E-04 -2.910652228172E-03 -5.192975248246E-03
  57   8             1.351404220588E-03  2.143362881820E-03 -1.371524196502E-03
  58   8             3.038856150396E-03  1.239778180891E-04 -2.252591051910E-03
  59   8             7.342493411073E-03  1.125524478173E-02  2.754872362836E-03
  60   8            -1.750894440122E-03 -2.421211538355E-03  4.589469664471E-03
  61   8             2.905653130938E-03 -9.000243172873E-04  5.161770721381E-03
  62   8             5.271797037529E-03 -1.589307742367E-02  5.543177477157E-03
  63   8            -2.180688574404E-03  7.334874874052E-03 -4.154431399780E-03
  64   8            -9.311481863033E-03  5.128012868016E-03 -6.896431921889E-03
  65   8            -4.503685862436E-03  5.214288325822E-04  6.597069926318E-03
  66   8             2.517231693901E-03  1.204891096023E-02  8.882551752289E-04
  67   8            -1.858544610405E-03  1.424319165843E-02 -3.434181955763E-03
  68   8            -8.506101836354E-03  3.637830999042E-03  3.951404994391E-03
  69   8             4.217543060069E-03 -1.266099049492E-02  2.355230008784E-03
  70   8            -3.376519428462E-03 -1.199332795220E-02  5.341158154240E-03
  71   8            -6.534880360560E-03 -1.114166848718E-02  3.705915772650E-03
  72   8            -8.928983516302E-03 -3.924471080587E-03 -7.014657008622E-03
  73   8            -3.685789004482E-03  9.857417723788E-03 -4.363471215314E-03
  74   8            -3.261852060552E-03  1.011470006722E-02  4.649347063669E-03
  75   8             3.161304455064E-03  6.518167406690E-03 -6.149633391373E-03
  76   8             2.330098915880E-03  5.105199823189E-03  8.355190829736E-03
  77   8            -4.113159096398E-03 -1.085187209773E-02  5.756445606001E-03
  78   8             7.842172559739E-03 -1.711562129981E-02 -1.086222181840E-03
  79   8            -7.102695802024E-03 -1.877349973420E-03  8.281480436380E-03
  80   8             4.327457490122E-04 -8.303883920672E-03 -3.517435703116E-03
  81   8             7.429962578709E-03  9.756738055916E-03 -5.937728616425E-03
  82   8             1.195743907714E-02  2.199120215848E-03 -4.529746913493E-04
  83   8            -1.464703414131E-02  3.603841091965E-03 -2.431981064574E-03
  84   8            -1.522471276275E-02  2.144808795964E-03 -1.955622093969E-03
  85   8            -9.478301054850E-04 -6.712667851067E-03  5.353190328689E-03
  86   8             3.240527910358E-03  4.746179401693E-03 -1.386510628911E-03
  87   8            -5.199573144997E-03 -2.542676715658E-03 -3.372037021774E-03
  88   8             9.909537851333E-03  1.777280715664E-04 -3.471039542835E-05
  89   8            -2.312213213188E-03  3.718475810830E-03  1.673411190479E-03
  90   8            -5.581175038764E-04 -1.689505105826E-04 -4.962192549724E-03
  91   8            -7.027709749621E-03 -6.390385378554E-03 -4.835731156101E-03
  92   8             2.004606945828E-02  6.137579078176E-03 -2.394885140460E-03
  93   8             9.441310444568E-03 -2.606347044974E-03  7.592435559667E-03
  94   8             5.484856191473E-03 -3.594846112347E-03 -2.489081714485E-03
  95   8            -4.087885317224E-03  2.878124297493E-03 -1.895649642723E-03
  96   8             4.334437756109E-04  5.288008558108E-03 -5.621933323088E-03
  97   8             7.717879261777E-03  1.479226987156E-03 -1.739035979264E-03
  98   8             1.279274178195E-02  1.119197558851E-03 -3.483172982959E-03
  99   8            -1.989042284537E-03  2.437192737659E-03 -5.606265838346E-03
 100   8             5.747538036553E-03 -3.773924608397E-03 -4.407241477118E-03
 101   8             5.268705005723E-03  1.486257096324E-03  1.055002144042E-02
 102   8             2.387630705749E-03  2.526604494370E-03  2.438902310223E-03
 103   8            -2.790134173641E-04 -7.689235311744E-05  1.162416715774E-02
 104   8            -7.952975381749E-04  1.228761043407E-03 -1.073422503316E-03
 105   8            -2.426303601471E-03 -4.772114214954E-03 -9.405784315021E-03
 106   8             2.282683057774E-03 -5.952269796307E-03  2.979988318269E-03
 107   8            -1.948100739754E-04  7.290822709370E-03  4.565359354335E-03
 108   8             4.949968399366E-03  6.437301692965E-03 -2.668633864143E-03
 109  22            -6.759876925985E-03 -2.782841668361E-03  2.518106780944E-02
 110  22            -2.675954839180E-02 -4.856539963823E-03  2.896747255412E-03
 111  22             4.086273752679E-03  1.407935419757E-02 -2.529208012733E-02
 112  22            -1.819181451070E-03  1.648747974303E-02 -2.569309626417E-03
 113  22            -1.743128688714E-02 -1.243118331226E-02  1.674117551792E-02
 114  22             8.537961225307E-03 -1.093741802713E-02  1.184534933732E-02
 115  22            -1.664258818364E-02 -7.949228076949E-03  1.579271844166E-02
 116  22            -2.071941879567E-03  1.475688505083E-02 -1.984137537593E-02
 117  22             1.756245610713E-02  1.006661168952E-03 -1.170214671959E-02
 118  22             1.850406019946E-03  8.205301369204E-03  1.921352105865E-02
 119  22             5.255231984493E-03 -7.127559784182E-03 -1.503904880611E-02
 120  22            -2.721508365975E-03  1.463977273838E-02 -3.804654887566E-03
 121  22             8.434133944904E-03 -1.066656487293E-02 -6.816126149721E-03
 122  22             2.732630491304E-02  1.328610736563E-02  6.182287870322E-03
 123  22             1.210915248103E-02 -4.076262393344E-03  1.924449130184E-02
 124  22             1.366962047099E-02  9.274710380732E-03  1.604666499896E-03
 125  22            -1.801425898464E-03 -1.019892314835E-02 -6.008153008461E-03
 126  22            -4.810306027570E-04 -8.619547823053E-03  1.691278130768E-02
 127  22             9.706964086029E-03 -2.080036300287E-03 -1.528909822831E-02
 128  22             1.739353272030E-02 -3.972716240124E-03 -1.570423374762E-02
 129  22            -4.880281509310E-03 -4.113175053180E-03  1.678839010756E-02
 130  22            -7.640758446621E-03 -2.526032395246E-03 -2.177102251653E-02
 131  22            -6.294500622863E-03  9.234558346801E-03 -2.379808155472E-03
 132  22            -2.509724633971E-02  1.006430296310E-02  2.406727682166E-02
 133  22             1.245895828562E-02  8.928719643560E-03 -9.023038396533E-03
 134  22             3.951717200360E-03 -5.374222348660E-03 -7.450442150149E-03
 135  22            -1.668511611775E-02 -5.465057385417E-04  2.731997888168E-02

 RESULTANT FORCE    -3.370886902943E-12  1.500209678706E-12  1.029933083263E-11

 SYMMETRY ALLOWED FORCES (ANALYTICAL) (DIRECTION, FORCE)

    1 -7.4299303E-03    2  2.5828037E-03    3  7.5377849E-03    4 -2.3576147E-03
    5  4.5858893E-03    6 -1.2405559E-03    7  7.7984780E-03    8  3.8847263E-03
    9 -6.4044942E-03   10 -8.4949562E-03   11  8.0234621E-05   12  4.3439577E-03
   13  6.0093424E-03   14 -1.0610406E-02   15  2.1372103E-03   16  1.4395545E-02
   17 -2.7190718E-03   18 -5.4947738E-03   19 -7.0153975E-03   20  5.1132466E-03
   21  7.2762829E-03   22 -5.7546167E-03   23  3.6395386E-03   24 -4.2398009E-03
   25 -3.4274793E-03   26 -4.5127491E-03   27 -6.9168028E-03   28  8.4490768E-03
   29 -5.0241443E-03   30 -1.1202936E-03   31  2.1219870E-03   32 -4.4523722E-03
   33  1.0555857E-03   34 -1.0594048E-03   35 -6.7576613E-03   36  1.0052925E-03
   37  8.1450852E-03   38  6.9609170E-03   39 -6.7433800E-03   40  2.4878125E-03
   41 -1.0205809E-02   42 -6.9700459E-03   43 -1.3664795E-02   44  5.1626243E-04
   45  1.0460542E-02   46 -3.0273485E-04   47 -6.7961202E-03   48 -8.2089403E-03
   49  4.3225891E-03   50  8.4840487E-03   51 -2.9260365E-03   52 -1.2714764E-03
   53  5.6029226E-03   54 -6.5017794E-04   55  6.4032097E-03   56 -1.2572391E-02
   57  1.2752609E-03   58  4.2292058E-03   59 -5.7083596E-04   60 -1.1796304E-03
   61  2.7938783E-03   62 -6.7410227E-03   63  8.8287185E-04   64  1.5318354E-03
   65  1.1196433E-02   66 -5.2908392E-03   67 -4.6702785E-03   68  5.1618931E-03
   69 -6.0088880E-03   70  3.0678911E-03   71  8.5370080E-03   72  6.7649241E-03
   73  4.7576839E-03   74 -5.2957519E-03   75 -9.6710535E-03   76 -5.8755729E-03
   77 -4.5704143E-03   78  4.9477342E-03   79  5.6633840E-03   80  4.1193423E-04
   81  1.2021592E-03   82 -3.2810551E-03   83 -2.6639107E-03   84 -1.6766795E-02
   85 -6.6036768E-04   86  5.0950008E-03   87  6.0897895E-03   88  1.6478020E-04
   89 -1.8082557E-03   90  2.3033233E-02   91 -1.8293926E-03   92 -2.8997924E-03
   93  4.5685923E-04   94  3.6969413E-03   95  1.8422243E-03   96 -1.6915861E-02
   97 -1.4425884E-03   98 -5.5035484E-03   99 -6.2243997E-03  100  2.2140572E-03
  101 -5.3152537E-03  102 -8.0316987E-03  103 -2.9145195E-03  104 -7.5855868E-03
  105  2.0959611E-02  106 -2.6987764E-03  107 -2.7857079E-03  108  1.6140885E-02
  109 -7.8941987E-03  110 -5.0077928E-03  111  9.0177722E-04  112  2.1125273E-03
  113 -6.6591608E-03  114 -4.6249872E-03  115 -5.8124385E-03  116 -4.0053276E-03
  117 -9.4239814E-03  118  2.0351891E-03  119  5.0550103E-03  120  4.0017181E-03
  121 -5.0730841E-03  122  9.9074639E-04  123 -1.4662452E-02  124 -8.5260813E-03
  125  2.0388932E-03  126  2.9005070E-03  127 -9.2790154E-03  128 -3.6888073E-03
  129  2.5260877E-03  130 -4.2873462E-04  131 -2.2114597E-03  132 -4.4082195E-04
  133 -4.8126901E-04  134  7.3282319E-03  135 -3.8133469E-04  136 -1.4325558E-03
  137  4.2548365E-03  138  1.8376177E-02  139 -5.6992923E-03  140 -3.9552293E-03
  141  6.9850930E-03  142 -4.5255093E-03  143 -1.3433467E-04  144 -2.1004021E-02
  145 -1.1191014E-03  146  4.2811017E-03  147 -8.3792907E-04  148  1.0540197E-03
  149 -3.0482355E-03  150 -4.3804680E-03  151  7.4120789E-03  152 -7.2401552E-03
  153 -9.6537725E-03  154 -2.9171546E-03  155 -9.1654269E-03  156  2.7713514E-03
  157 -4.4742488E-03  158  2.1539847E-03  159  5.1944575E-03  160 -2.0804573E-03
  161 -5.1158572E-03  162 -2.0804030E-02  163 -1.8444908E-03  164  1.0471317E-02
  165 -3.9642169E-03  166 -8.3687993E-04  167 -3.4045999E-03  168 -5.7819766E-03
  169  9.2750591E-04  170  1.6383371E-03  171 -2.0097658E-03  172  2.6378483E-03
  173 -3.7297781E-04  174 -2.9224689E-03  175  7.0041896E-03  176  1.0826406E-02
  177  2.0796268E-03  178 -2.0568454E-03  179 -2.7975223E-03  180  3.9539602E-03
  181  2.6034499E-03  182 -1.3036436E-03  183  4.5831908E-03  184  5.0211678E-03
  185 -1.6416777E-02  186  5.0295603E-03  187 -2.4136319E-03  188  6.7454753E-03
  189 -4.6657843E-03  190 -9.6282252E-03  191  4.6174732E-03  192 -7.4922861E-03
  193 -4.9227870E-03  194  4.3601040E-05  195  5.9909772E-03  196  2.0779887E-03
  197  1.1654943E-02  198  3.2714862E-04  199 -2.2995078E-03  200  1.4035453E-02
  201 -4.0221790E-03  202 -9.0305586E-03  203  3.5591849E-03  204  3.3587291E-03
  205  3.6533097E-03  206 -1.2809124E-02  207  1.8010173E-03  208 -3.9431668E-03
  209 -1.2331915E-02  210  4.8373245E-03  211 -7.1872448E-03  212 -1.1664832E-02
  213  3.2643581E-03  214 -9.7134658E-03  215 -4.5742902E-03  216 -7.4895533E-03
  217 -4.5835820E-03  218  9.2451050E-03  219 -4.9369129E-03  220 -4.2307189E-03
  221  9.6548244E-03  222  4.0692003E-03  223  2.1758087E-03  224  6.1880391E-03
  225 -6.7521357E-03  226  1.3741595E-03  227  4.8671555E-03  228  7.7616051E-03
  229 -5.1009149E-03  230 -1.1143684E-02  231  5.2732392E-03  232  6.8701139E-03
  233 -1.7655957E-02  234 -1.5374756E-03  235 -8.0859960E-03  236 -2.5947512E-03
  237  7.8862831E-03  238 -6.2806434E-04  239 -9.1262011E-03  240 -3.8773062E-03
  241  6.4221193E-03  242  8.9334146E-03  243 -6.3910556E-03  244  1.1112158E-02
  245  1.4718258E-03  246 -9.7426978E-04  247 -1.5535230E-02  248  2.9180266E-03
  249 -2.9907736E-03  250 -1.6420228E-02  251  1.5014255E-03  252 -2.5678458E-03
  253 -2.3264676E-03  254 -7.4144534E-03  255  4.7628395E-03  256  1.8574089E-03
  257  4.0109283E-03  258 -1.9490579E-03  259 -6.6318556E-03  260 -3.2707538E-03
  261 -3.9953512E-03  262  8.4975113E-03  263 -5.9042636E-04  264 -7.0682985E-04
  265 -3.6736076E-03  266  2.9759020E-03  267  1.0045561E-03  268 -1.9808773E-03
  269 -8.8906831E-04  270 -5.6822907E-03  271 -8.5680942E-03  272 -7.2007857E-03
  273 -5.6821082E-03  274  1.8621694E-02  275  5.3064586E-03  276 -3.3436836E-03
  277  8.3296476E-03  278 -3.4160746E-03  279  6.6831487E-03  280  4.5259778E-03
  281 -4.4988827E-03  282 -3.3595104E-03  283 -5.0539150E-03  284  1.9434001E-03
  285 -2.8416696E-03  286 -6.0295448E-04  287  4.4331925E-03  288 -6.6873762E-03
  289  6.7610427E-03  290  6.8978787E-04  291 -2.9274469E-03  292  1.2084353E-02
  293  3.4332319E-04  294 -4.7730751E-03  295 -2.5701876E-03  296  1.6889063E-03
  297 -7.0562468E-03  298  5.2037231E-03  299 -4.5627322E-03  300 -6.0390205E-03
  301  4.8687633E-03  302  6.4196400E-04  303  8.9615278E-03  304  2.0897302E-03
  305  1.7171239E-03  306  9.9599715E-04  307 -5.5394529E-04  308 -8.7389273E-04
  309  1.0354331E-02  310 -1.0960804E-03  311  4.2490293E-04  312 -2.2176426E-03
  313 -2.7899936E-03  314 -5.6612321E-03  315 -1.0760468E-02  316  1.9048916E-03
  317 -7.0535232E-03  318  1.4721783E-03  319 -5.4959589E-04  320  6.1764116E-03
  321  3.1372822E-03  322  4.6695983E-03  323  5.5318981E-03  324 -4.1153359E-03
  325 -7.0870389E-03  326 -3.6550590E-03  327  2.4109534E-02  328 -2.7760810E-02
  329 -5.9132143E-03  330  2.3297256E-03  331  2.5875184E-03  332  1.3171697E-02
  333 -2.6345246E-02  334 -3.3347944E-03  335  1.6192363E-02  336 -4.2553297E-03
  337 -1.9446062E-02  338 -1.2656230E-02  339  1.5299936E-02  340  6.2293641E-03
  341 -1.1716286E-02  342  1.1000900E-02  343 -1.9268973E-02  344 -9.2261610E-03
  345  1.5582690E-02  346 -5.3085918E-03  347  1.3596379E-02  348 -2.0177493E-02
  349  1.4576679E-02  350  2.0483019E-04  351 -1.2906683E-02  352 -7.5727177E-04
  353  7.6238837E-03  354  1.8167166E-02  355  2.7064063E-03  356 -7.7184017E-03
  357 -1.6037552E-02  358 -5.3571525E-03  359  1.4264338E-02  360 -5.4704453E-03
  361  5.8201499E-03  362 -1.0945329E-02  363 -8.9653209E-03  364  2.5857176E-02
  365  1.3099693E-02  366  3.8587923E-03  367  1.2090428E-02  368 -3.9220414E-03
  369  1.7763544E-02  370  1.4773537E-02  371  9.6809278E-03  372  8.8681256E-04
  373 -4.2571879E-05  374 -9.8191941E-03  375 -7.0129380E-03  376  1.3447539E-03
  377 -9.1907198E-03  378  1.6407692E-02  379  1.2309481E-02  380 -3.3393377E-03
  381 -1.5810894E-02  382  2.2174927E-02  383 -5.8098130E-03  384 -1.8371668E-02
  385  1.5469307E-03  386 -6.8603070E-03  387  1.3882271E-02  388 -1.1935978E-03
  389 -6.3785970E-03  390 -2.5813996E-02  391  4.3309166E-05  392  5.3365862E-03
  393 -9.9355226E-03  394 -2.1655629E-02  395  7.8476097E-03  396  1.7711759E-02
  397  1.5371085E-02  398  9.7073962E-03  399 -1.5478984E-02  400  1.4592445E-02
  401 -3.4137112E-03  402 -2.4586400E-02
 TTTTTTTTTTTTTTTTTTTTTTTTTTTTTT TOTGRA      TELAPSE     7403.72 TCPU     7400.96
 EIGENVECTORS IN FORTRAN UNIT  8
 TTTTTTTTTTTTTTTTTTTTTTTTTTTTTT END         TELAPSE     7408.16 TCPU     7404.71
 EEEEEEEEEE TERMINATION  DATE 25 03 2026 TIME 19:06:37.0
NODE    0 CPU TIME =      7404.707
NODE    1 CPU TIME =      7404.529
NODE    2 CPU TIME =      7405.305
NODE    3 CPU TIME =      7404.757
NODE    4 CPU TIME =      7404.593
NODE    5 CPU TIME =      7404.806
NODE    6 CPU TIME =      7404.390
NODE    7 CPU TIME =      7405.414
NODE    8 CPU TIME =      7405.067
NODE    9 CPU TIME =      7404.420
NODE   10 CPU TIME =      7402.489
NODE   11 CPU TIME =      7404.366
NODE   12 CPU TIME =      7404.453
NODE   13 CPU TIME =      7403.135
NODE   14 CPU TIME =      7403.628
NODE   15 CPU TIME =      7403.642
NODE   16 CPU TIME =      7405.142
NODE   17 CPU TIME =      7404.198
NODE   18 CPU TIME =      7401.407
NODE   19 CPU TIME =      7403.668
NODE   20 CPU TIME =      7403.937
NODE   21 CPU TIME =      7402.545
NODE   22 CPU TIME =      7404.322
NODE   23 CPU TIME =      7404.364
NODE   24 CPU TIME =      7403.885
NODE   25 CPU TIME =      7401.909
NODE   26 CPU TIME =      7403.711
NODE   27 CPU TIME =      7404.006
NODE   28 CPU TIME =      7402.749
NODE   29 CPU TIME =      7403.677
NODE   30 CPU TIME =      7403.940
NODE   31 CPU TIME =      7402.398
    TOTAL CPU TIME =    236925.559
------------------------------------------------------
Pcrystal finished normally
------------------------------------------------------
SCF wavefunction fort.9 saved as /users/zeitzsab/tetra_script_walkthrough/oldPyro_tetra/rdm/rdm_disp2.w
Date: 2026-03-25 19:06:37